-0.144659,0.015140,-0.145033,-0.127822,0.115932,-0.118799,0.092030,0.251865,-0.023601,-0.095429,0.033399,0.298691,-0.063244,-0.147405,-0.263308,0.268629,-0.046275,-0.106228,0.066799,-0.113322,0.028444,0.108646,-0.160257,-0.038053,-0.328837,0.106760,0.040838,0.245053,-0.007876,0.006179,0.153723,-0.085368,-0.181730,-0.251661,-0.250734,0.276903,0.117043,-0.180054,-0.571819,-0.284457,0.114758,-0.138067,0.115155,0.629960,-0.372031,0.079417,-0.132995,-0.156375,0.005579,-0.048518,0.114856,0.229363,-0.258264,0.213594,0.163030,0.079480,0.041125,0.151204,-0.028768,0.000703,-0.058957,-0.053613,0.065596,-0.170674,0.017525,0.184688,0.127911,-0.189243,-0.349326,0.015847,-0.080266,-0.218034,0.107252,0.087391,0.206280,-0.106167,0.011914,-0.329440,-0.008526,0.116779,0.102616,-0.309382,0.095138,0.244998,-0.040406,0.207479,-0.023919,-0.032513,-0.251226,-0.067733,0.144468,0.117761,-0.380698,0.116032,0.323714,0.010188,0.604511,0.159946,-0.146190,0.131748,0.165489,-0.553664,0.094410,0.280471,0.197363,-0.113719,0.083643,0.197987,-0.117245,0.338877,-0.088752,-0.027575,-0.047998,-0.407884,-0.335324,0.217223,0.003972,0.053994,-0.006321,-0.173259,-0.118076,-0.036943,0.033729,0.367799,-0.014109,0.057982,0.105844,0.008400
-0.012166,-0.199526,0.649683,0.118403,0.105128,-0.096237,-0.132999,0.358815,-0.006953,0.324322,-0.115653,0.090623,-0.152322,0.100854,0.019644,-0.117209,-0.027700,0.229770,-0.124883,0.175719,0.064789,0.026447,0.086890,0.092578,-0.022872,0.251248,0.085496,0.150940,-0.117930,0.205568,0.146460,0.005350,0.116313,-0.107599,-0.076798,-0.102126,0.134658,0.225963,0.172205,-0.382143,-0.031323,-0.533706,-0.085826,-0.039132,0.218239,0.032472,0.209559,0.023243,-0.124549,0.105331,-0.302618,0.233623,-0.270121,0.126215,0.177174,0.364442,0.113824,-0.148273,-0.115613,-0.023151,0.042386,-0.063533,0.337669,0.364466,-0.288456,0.004534,0.086291,-0.270601,-0.138235,0.045232,-0.251346,0.009837,0.060457,0.500079,-0.150640,0.099205,-0.011314,0.043194,-0.037178,-0.189324,0.104461,-0.080063,-0.041173,0.076521,0.090124,-0.130299,-0.186581,0.109180,-0.195199,-0.074147,-0.061503,0.114189,-0.089749,-0.078291,0.205629,0.001881,-0.415337,-0.123257,-0.028033,-0.171081,0.115437,0.799424,0.084260,0.098594,-0.104042,0.155023,0.057199,0.007545,0.057816,0.086942,0.288532,0.075365,-0.174549,-0.160475,0.166257,0.149002,-0.071229,-0.216396,-0.201402,-0.088238,0.002316,-0.185152,0.058981,0.221529,0.004232,0.228915,-0.157714,-0.007994
-0.082618,-0.057892,-0.146717,0.045895,0.145873,-0.050989,0.031421,-0.219482,-0.007310,-0.126828,0.242387,0.250707,-0.309520,0.143110,0.321648,-0.030241,0.147017,0.025535,0.063313,-0.014496,0.738742,-0.006583,-0.026351,-0.002166,-0.039781,0.095608,-0.074106,0.089086,0.020826,0.016755,-0.055557,0.078873,-0.075798,-0.146580,0.051703,-0.119723,0.200515,0.203132,0.012497,-0.065059,0.804278,0.196633,0.120209,0.035409,-0.220997,-0.077125,-0.467653,0.648022,0.152931,-0.115470,0.218525,0.452324,-0.013964,-0.112680,-0.582302,0.148252,-0.097052,0.134230,-0.005395,-0.004921,0.009965,-0.101895,-0.019795,0.000191,0.037961,-0.017496,0.468917,-0.370053,0.695358,0.087327,-0.282953,0.265189,-0.345489,-0.013263,0.062236,0.007138,-0.028022,-0.164934,-0.297943,-0.015109,-0.098321,0.020254,-0.049175,0.046689,-0.052260,0.021384,-0.325993,-0.216060,-0.080723,0.028969,0.124074,-0.037566,0.055272,-0.135280,-0.072877,0.003416,-0.297245,0.084763,-0.056989,-0.000077,-0.063828,0.095430,0.248081,0.252913,0.150027,-0.192391,0.059474,0.094420,-0.107335,-0.000181,0.017640,0.056900,0.196771,-0.071115,-0.152130,-0.455620,0.039656,0.026009,0.131278,-0.088130,0.288221,0.099665,-0.006292,-0.067151,0.003863,-0.038299,0.040846,-0.003935
-0.293746,-0.009733,0.034444,-0.003796,-0.109479,-0.026410,0.168170,-0.031359,-0.015911,0.412502,0.238657,-0.244248,0.092923,0.041003,-0.215197,-0.277190,0.121415,-0.346950,0.057935,-0.244264,-0.023098,0.259445,0.110791,-0.035975,-0.356177,0.198580,-0.002287,0.081445,-0.010998,-0.038622,0.055826,0.123214,0.168284,0.581598,0.457424,0.198618,0.089932,-0.035387,0.224315,-0.455077,-0.179866,0.046498,-0.024491,-0.141287,0.309343,0.174577,-0.234859,-0.307712,-0.017296,0.083458,-0.021196,-0.022230,-0.076512,0.079768,-0.144924,0.101346,-0.167869,0.180338,-0.260471,-0.008117,0.049743,-0.202733,0.144483,-0.007980,0.271211,0.207140,0.466133,0.030924,-0.152882,0.135184,-0.078940,-0.153814,0.145113,0.225977,0.275698,-0.137847,0.002050,-0.040229,0.183175,0.169983,-0.063484,0.000175,-0.028807,-0.475040,0.293061,-0.365986,0.033172,-0.443151,-0.086216,0.032914,0.083542,0.278762,0.267113,0.354047,0.074699,0.002223,0.333362,0.208214,0.046975,-0.120893,0.012053,-0.055945,0.522827,0.138699,0.033254,-0.092674,-0.183232,-0.226997,-0.002933,-0.029549,0.233824,-0.334535,-0.017141,-0.042044,0.021769,0.091790,-0.129383,0.262586,0.027207,0.055585,0.174586,0.018093,-0.045361,-0.041402,-0.001401,0.662468,-0.011870,-0.014283
0.238096,-0.074219,0.164699,-0.093477,0.153072,0.152052,0.128927,0.138837,-0.007964,-0.063273,-0.194950,0.051257,0.309853,0.013340,-0.164846,0.003111,0.884680,-0.203038,0.002046,0.016877,-0.033222,-0.261350,-0.070468,-0.156158,-0.029485,-0.068920,0.072344,-0.220498,-0.013448,0.066064,0.285540,-0.217141,0.339971,-0.072961,-0.193714,0.112762,-0.077235,-0.120551,-0.009204,-0.153113,0.053103,-0.410818,0.184188,0.332835,0.238262,-0.083289,-0.417617,-0.055451,0.372441,-0.026359,0.093596,0.065258,-0.245730,0.037110,-0.117845,-0.088730,0.085128,-0.003623,0.142740,-0.025247,0.237062,0.084936,0.094555,0.223245,-0.063908,-0.123581,0.118037,0.173214,-0.073313,-0.177132,-0.005357,0.245541,0.003024,0.302062,-0.066503,-0.094778,-0.008233,-0.001563,0.026384,-0.138215,-0.058906,-0.056499,-0.016013,-0.310596,-0.072460,-0.069861,-0.064582,0.106411,0.393779,0.006571,-0.263851,0.037982,0.041160,-0.586415,-0.278320,-0.005354,0.237753,0.049712,-0.065976,0.061190,-0.246775,0.271814,-0.076586,0.126454,0.108490,0.258226,0.050815,-0.020534,-0.033695,-0.153931,-0.122159,0.039951,-0.179561,-0.195787,-0.032806,-0.027364,0.053423,0.025656,-0.176002,-0.032609,0.185728,0.169201,0.107892,-0.060400,-0.004768,-0.398322,0.024445,-0.023815
-0.108952,0.295430,0.121095,-0.012856,0.013288,-0.056131,0.205534,-0.051085,0.014474,-0.010453,-0.067428,-0.076766,-0.045271,-0.030782,0.007068,-0.084048,0.878920,0.040381,-0.031903,-0.050481,-0.077811,-0.001876,-0.038846,-0.138669,-0.023442,0.061049,-0.248782,0.210305,-0.036460,0.143050,-0.309908,-0.226758,-0.195219,0.242018,0.347860,0.093106,0.058430,0.005367,-0.169577,-0.086101,-0.048177,-0.137821,-0.225534,-0.342664,-0.219028,-0.013336,0.091115,-0.038132,0.759982,-0.048889,0.241828,0.030877,0.134446,-0.113011,-0.112507,-0.091965,0.076390,0.075970,-0.298207,-0.006980,0.156082,-0.287533,-0.024933,-0.221972,-0.053381,0.201469,0.080546,0.071416,0.017897,0.249223,0.010023,-0.123009,-0.029877,-0.176799,-0.124219,-0.206659,0.001113,-0.203477,-0.298066,0.125905,0.005794,0.137822,0.034956,0.099712,0.106389,0.016721,-0.046576,0.282528,0.051688,-0.037336,-0.086477,0.023448,0.218820,-0.013188,0.101628,-0.001051,-0.050586,0.035893,-0.082853,0.044131,0.203145,-0.241776,-0.022307,0.207587,-0.111038,-0.147087,-0.109891,-0.182018,-0.046419,0.080561,0.265248,-0.071428,-0.160732,0.256759,0.070900,-0.075144,0.120241,-0.009123,0.031382,-0.243971,-0.162300,-0.150133,-0.068804,0.185697,0.001791,-0.162284,-0.677716,-0.016600
0.323359,0.057799,0.169452,-0.239724,-0.264206,-0.197193,0.270640,-0.171948,0.001110,0.166231,1.101050,0.058412,0.194375,-0.005308,0.021705,-0.117589,0.056718,0.001907,-0.057526,-0.066569,0.281766,-0.354806,-0.135390,-0.035776,-0.174160,0.038945,0.101182,0.109546,-0.030718,-0.097046,-0.250231,0.000546,-0.336270,0.074074,-0.304295,0.046763,0.019180,0.011756,0.097027,0.099577,0.403933,0.085007,0.083052,-0.210011,0.038241,0.084109,-0.053491,-0.058280,0.049680,0.023743,-0.212049,-0.107085,0.035620,0.273789,0.678115,0.009538,-0.009220,0.053161,-0.011763,-0.007698,-0.321442,0.142505,0.243065,-0.090037,0.078162,-0.056869,-0.107354,0.206150,-0.150587,0.229875,-0.121671,0.284769,0.193942,0.016925,0.175982,0.237262,-0.019993,-0.019405,-0.087129,-0.092282,-0.047468,0.312164,-0.039788,-0.203969,0.079179,0.155520,0.089851,-0.100401,0.067984,0.295850,-0.120021,-0.111527,-0.130776,0.146633,-0.090805,-0.005785,-0.031295,-0.037936,0.060180,-0.100917,-0.236853,-0.116216,-0.234466,0.255288,-0.237011,-0.068245,-0.058116,0.327657,-0.165667,0.356284,0.070700,0.317651,-0.100597,0.036772,-0.143195,0.127085,-0.235581,-0.232866,0.116703,0.098030,-0.020348,-0.475979,0.259334,0.128199,-0.024365,0.016881,0.026045,-0.017106
-0.190874,0.025812,-0.050617,0.064337,-0.015152,0.037299,-0.196214,0.003834,0.001328,0.056786,0.112164,0.056816,-0.035881,0.240322,-0.058936,0.000874,-0.003670,0.028580,0.174871,-0.281334,-0.109399,-0.067516,0.077851,0.376552,0.060666,0.340880,-0.043385,1.527196,-0.014821,-0.056098,-0.260927,-0.058604,0.199296,0.001628,-0.083924,0.174501,-0.173888,0.053154,0.066509,-0.050541,-0.178198,0.079991,0.109483,-0.126464,-0.033225,0.138786,-0.050483,-0.131644,0.136893,-0.044041,-0.149954,0.312846,-0.072869,-0.129110,0.069458,-0.020651,-0.091925,0.153196,0.121576,0.005038,-0.197261,-0.100149,-0.210753,-0.086550,-0.217640,0.038796,0.216317,0.230397,0.015606,-0.246349,0.004930,-0.253601,-0.229028,0.200264,-0.049736,-0.047790,-0.002431,0.081242,-0.056493,0.573606,-0.005066,-0.160620,0.119916,-0.000926,0.075354,0.019563,0.242004,0.006443,0.138292,-0.011396,-0.211765,0.017998,0.022834,0.022094,-0.169126,0.011602,-0.360146,0.140585,-0.113116,-0.044362,0.094752,-0.016992,-0.141735,-0.244329,0.080965,0.078315,-0.247344,0.115376,0.030338,-0.296445,-0.312995,0.184300,0.157555,0.243724,0.062699,-0.009600,-0.148728,-0.087261,0.010929,0.022880,0.269080,-0.022606,0.649526,0.036782,0.001015,-0.054544,0.141931,-0.008539
-0.064627,-0.050803,-0.139300,0.303567,-0.115443,-0.018225,-0.085157,0.114007,0.016841,-0.373570,0.250567,0.168762,0.150515,0.231864,-0.369551,0.481998,0.046241,0.221386,-0.897829,0.243449,-0.108833,0.035478,0.104037,0.254522,-0.028745,0.025263,-0.049310,0.055617,0.062789,0.164353,0.035716,0.327630,0.161307,0.214074,-0.180422,-0.311608,0.047287,-0.095912,-0.251158,-0.361782,0.143343,0.243335,0.010909,0.068258,0.702582,0.011056,-0.053831,-0.426703,0.078429,-0.042696,0.184173,0.125897,-0.002587,-0.217556,0.149632,-0.341986,0.086048,0.566330,-0.442516,0.001719,0.088356,0.141391,-0.029536,-0.008358,-0.007939,-0.137682,-0.234946,-0.006183,0.068920,0.230907,-0.232297,-0.048082,-0.151903,0.123361,0.195650,0.141205,-0.013460,0.268668,0.044058,0.008755,-0.061666,-0.314778,0.026245,0.224120,0.086580,-0.322331,-0.244284,0.161093,-0.049269,-0.013060,0.072088,0.037694,0.059916,-0.320791,0.161321,0.003096,-0.260026,-0.009872,0.058239,-0.078136,0.072608,-0.127096,0.157355,0.238385,0.051285,-0.134176,-0.105813,-0.213040,-0.093374,0.066846,0.044631,0.212782,-0.107274,0.034669,-0.200751,-0.136368,-0.025213,0.171968,0.017930,0.085051,-0.096415,0.336741,-0.014043,-0.169197,0.007862,-0.198787,0.205822,0.002302
0.085648,0.154478,-0.103223,-0.125049,0.076583,0.797672,-0.070498,0.274208,-0.013769,-0.105085,-0.065856,0.209235,-0.063553,0.042478,0.002134,-0.254276,0.083664,-0.102823,0.190396,0.156475,0.008052,-0.090896,0.034564,-0.052954,-0.188213,-0.092302,-0.186216,0.199465,0.037561,-0.918326,-0.109532,-0.005221,-0.049857,0.161237,-0.141375,-0.128197,0.108389,-0.094466,0.422483,0.144505,-0.166936,-0.082904,0.013847,0.263648,-0.128351,0.115987,0.034506,0.017958,0.045784,-0.249811,0.364499,-0.200448,0.104059,0.033724,-0.068533,0.053437,0.007840,0.570459,0.192393,-0.007691,-0.247875,0.018899,0.012401,0.031546,0.004266,0.132004,-0.115401,-0.067046,0.027294,0.035025,0.076817,0.157975,0.056671,0.075600,-0.183194,0.259359,-0.006879,-0.060523,0.023751,-0.013206,-0.026405,0.046214,-0.011515,-0.048853,0.260375,-0.115846,0.012298,0.901605,0.056788,0.162694,0.089622,0.008048,0.103078,-0.030225,0.061400,0.000621,0.257399,-0.016710,0.149107,0.018102,0.040549,-0.046509,0.226003,0.129367,0.016104,-0.499640,0.010252,-0.301627,0.044234,-0.033530,0.213599,0.161161,-0.068117,0.040879,-0.143275,-0.443843,0.149878,0.037889,-0.214090,-0.029656,-0.109119,-0.071825,-0.217752,0.176212,0.013440,0.431670,0.339718,0.004196
0.311154,-0.190195,0.191462,-0.121019,0.159405,0.183781,-0.236487,0.141262,0.009287,-0.142823,-0.366783,-0.044753,0.156892,-0.189454,-0.105899,-0.090150,0.081844,0.017516,0.104990,-0.070700,-0.026331,-0.034724,0.002857,-0.094147,-0.085305,0.208785,0.084399,0.076192,0.003753,0.100565,0.145824,-0.021061,0.011623,-0.041126,-0.145761,0.008197,0.190193,-0.073157,0.195686,-0.106190,0.190589,0.025955,0.535670,-0.030295,-0.292939,-0.068929,0.595926,-0.013267,0.161610,-0.104226,-0.099900,-0.235057,-0.162379,0.047667,0.043191,0.207807,-0.012356,0.168923,0.031934,0.013427,0.176955,-0.314968,-0.060691,0.024280,0.151846,-0.016657,-0.604182,0.254500,-0.042848,-0.080724,-0.052385,0.252095,-0.105496,-0.104227,0.242671,0.005246,-0.021792,-0.175528,0.390672,0.395910,-0.121994,0.130911,-0.016355,-0.042580,-0.166441,-0.124539,0.027690,-0.009276,0.133688,0.065603,-0.040134,0.158872,0.222196,0.027944,-0.048964,0.005235,-0.227414,-0.116094,-0.118691,0.040471,0.968732,-0.187824,0.107283,0.010560,0.064367,-0.018430,-0.122221,0.169426,-0.162299,-0.036155,0.108602,0.247480,-0.077287,-0.774052,-0.046833,0.147570,-0.595444,0.090350,-0.062104,0.174575,0.045517,-0.149574,0.036382,-0.019430,0.000753,-0.083035,-0.130684,-0.005394
0.037491,-0.569596,-0.050700,0.219621,-0.216258,0.309936,0.367584,-0.086806,-0.005736,0.270950,0.042920,0.052757,0.169147,0.006502,0.000019,0.113434,-0.306151,0.047723,0.169263,-0.544127,0.042424,-0.228982,-0.160447,-0.052523,0.061952,-0.318637,0.089663,0.030229,-0.041193,0.427594,0.112993,0.088928,0.008719,0.169360,0.068843,0.194054,-0.058767,-0.070260,-0.362722,-0.215095,-0.036918,0.253280,0.005509,-0.004635,-0.040705,-0.107880,-0.071657,0.033790,-0.031287,-0.080137,0.175611,-0.018689,-0.005089,-0.139250,-0.277827,0.036684,0.167891,0.058243,0.609588,-0.007023,0.294878,-0.054096,0.141490,0.032943,0.122189,0.239873,-0.002420,-0.269444,0.032814,0.001549,-0.565959,-0.382109,-0.164626,-0.139265,-0.223440,0.307260,-0.000012,0.268670,0.108472,0.000763,-0.029717,0.082700,0.067578,0.218079,0.022235,-0.005042,0.075183,0.494304,0.445810,-0.071408,-0.578362,-0.006667,0.273981,-0.407862,-0.017530,-0.007369,0.177828,-0.295064,0.164266,0.032216,0.054138,-0.425800,-0.089173,0.027006,-0.198528,0.014464,0.163091,0.360935,0.003278,-0.186620,0.305777,0.144124,-0.431047,0.046962,0.055872,-0.011348,-0.040710,-0.205673,-0.071260,-0.041621,0.227736,0.045261,0.008347,0.006175,-0.018392,0.096343,0.087562,0.014035
0.059116,0.177962,-0.011665,0.089109,0.254300,-0.068105,0.112322,-0.057493,0.006305,0.424908,-0.034059,0.072202,-0.012024,-0.109785,0.193900,-0.283217,0.198122,-0.193287,-0.093271,0.024392,0.141613,0.123963,0.208472,0.088339,0.297634,0.048610,0.243579,0.227987,0.050747,0.606791,-0.024417,0.129745,0.187720,0.065023,0.036137,0.147483,0.096497,-0.039812,0.145714,0.234593,-0.227528,0.303636,-0.164560,0.055488,0.426012,0.487544,-0.184678,0.119564,-0.212298,-0.200020,-0.068056,-0.098297,-0.309259,-0.126989,0.017152,-0.259464,-0.002815,0.180236,-0.401250,-0.011895,0.011895,0.425773,-0.298648,-0.018343,0.350467,0.077125,0.003653,-0.021698,0.053869,-0.018436,-0.108136,0.319037,0.077445,-0.073725,0.157473,-0.201107,-0.008240,-0.061624,0.219207,-0.204140,0.117049,0.154319,-0.045329,0.284353,0.022064,-0.245048,0.096126,0.690317,-0.054009,-0.046528,0.095499,-0.036961,-0.011206,-0.161445,0.085423,0.000232,-0.052563,-0.017714,0.028556,-0.019929,0.200804,-0.119788,-0.429161,-0.057370,-0.006870,0.177056,0.215801,-0.125290,0.104158,0.074556,0.003135,-0.259486,-0.042594,-0.040679,-0.102510,0.087473,0.051319,-0.198612,-0.284690,0.038366,-0.083332,-0.212561,0.003615,-0.002520,-0.011605,-0.416239,0.156506,-0.005959
0.325613,0.079536,0.152947,0.014199,0.120280,-0.096813,0.254523,-0.127384,0.006994,-0.109384,0.157604,0.201487,0.418820,0.115756,-0.469373,0.300672,0.084484,0.203190,0.168871,-0.178777,0.316772,-0.210657,0.087234,0.023378,0.127151,0.126661,-0.161747,-0.001359,0.032338,0.062915,0.087985,0.014341,-0.086811,-0.246001,-0.109711,0.066050,0.007932,0.252906,-0.207736,0.155323,-1.235351,0.169482,0.074767,0.141345,0.037756,0.014410,0.053997,0.622461,0.133718,-0.008439,-0.220473,-0.180866,0.205524,0.084406,0.146272,0.059717,0.074613,0.153432,-0.095192,-0.000331,0.175972,0.027561,0.015580,0.176970,0.187938,-0.002637,0.290432,0.387218,0.587579,-0.258256,-0.264484,-0.257724,0.254717,-0.060960,0.092544,0.181661,-0.008379,-0.036945,-0.208749,-0.084063,0.031590,-0.073141,-0.067843,-0.042723,0.134936,0.099827,-0.047454,-0.264452,0.157215,0.070440,-0.152281,0.022210,-0.248404,0.166901,-0.169458,0.011016,-0.176833,-0.046175,-0.059188,-0.087908,-0.017735,-0.105295,-0.008322,0.574997,0.136912,-0.115173,0.244946,-0.221932,-0.045706,-0.020418,0.172869,-0.041412,0.232783,0.045383,-0.025533,0.091460,0.088506,-0.058746,0.048099,0.111506,-0.010108,0.105237,-0.149642,0.159631,0.014899,-0.043394,-0.204141,-0.003789
-0.206388,-0.081348,-0.241901,0.243372,0.119306,0.213831,0.056802,0.143353,0.000970,0.036333,0.007088,0.156875,0.133157,-0.344720,0.277175,0.268822,0.202287,-0.087105,-0.106592,0.102632,-0.156051,0.182778,-0.031014,-0.337780,-0.087294,0.277072,-0.177513,-0.004392,0.018880,-0.303939,0.193694,-0.040407,0.690900,0.172456,-0.277057,-0.009998,-0.256823,0.347145,0.101962,0.005245,-0.024322,-0.169111,0.152806,-0.185650,0.131794,-0.052594,-0.194409,0.121297,-0.098846,-0.208189,0.292953,0.052812,0.307952,0.288451,0.251914,0.586466,-0.035838,-0.231844,0.121956,-0.010074,0.056202,0.000024,-0.525788,-0.061222,-0.044553,-0.098065,-0.029633,-0.277725,-0.090168,0.132986,-0.146675,-0.130113,0.157794,0.216425,0.139016,-0.043426,-0.010961,-0.158739,0.011501,0.107347,0.012064,0.107903,0.008561,0.254745,0.062675,0.186028,0.248360,-0.005697,0.484156,0.007601,0.334283,-0.076383,0.000487,-0.151205,0.044967,-0.006948,0.352680,-0.000090,0.029730,0.001671,0.100594,-0.039007,-0.089832,0.269407,0.020920,0.213803,0.157259,0.344294,-0.012695,0.051771,-0.131958,0.049766,0.057056,-0.048087,0.503298,0.062321,0.233416,-0.292630,0.035564,-0.095804,-0.053897,-0.121766,-0.034465,-0.271311,-0.005788,0.051731,0.138983,-0.015052
-0.228682,-0.168433,-0.167581,0.165498,0.063867,-0.154506,-0.034151,0.223792,-0.007417,-0.180248,0.017164,0.273107,0.077985,0.018651,-0.154833,-0.097391,0.032832,0.546292,0.062626,0.046332,0.195764,0.611470,-1.319024,0.085588,-0.201606,0.274194,0.179755,0.089650,-0.046723,0.155704,0.230108,0.366632,0.047030,0.317993,-0.132757,0.286678,-0.029748,0.096098,0.440620,0.123420,-0.115434,-0.148301,-0.096619,0.137717,0.058236,-0.165308,0.194718,0.123995,0.024146,0.200550,0.141870,0.039947,0.014906,-0.143551,-0.126296,-0.061673,0.042877,0.170355,-0.083895,0.007824,-0.017189,0.026048,-0.088267,0.190645,0.075421,-0.142309,0.056746,-0.096696,0.037703,0.121687,-0.024919,0.099855,0.051523,-0.071284,-0.152336,0.047792,0.004523,-0.279963,-0.187641,0.129175,0.001108,-0.056592,0.005825,-0.156910,0.224918,0.017599,-0.193154,-0.036105,-0.113318,-0.017007,-0.099812,0.114093,0.232264,-0.075430,0.046930,-0.009934,-0.129950,-0.174645,0.001795,0.081072,-0.237552,0.126739,-0.018981,-0.027661,-0.109418,0.740361,-0.025693,0.113349,0.185784,0.100922,0.158900,0.096632,-0.137631,-0.044491,-0.317186,0.076593,-0.206487,-0.126564,-0.208921,-0.187504,-0.102223,0.000557,-0.065132,-0.143154,-0.007676,0.010674,-0.016655,0.008700
0.273762,0.027899,0.123600,0.275934,0.033956,-0.036492,-0.287027,-0.145840,-0.007631,0.161426,-0.170604,-0.147188,0.104251,0.225676,0.219735,0.144381,-0.021370,0.118072,0.432680,-0.122034,-0.226405,0.071282,0.006923,-0.027140,-0.079875,-0.291262,-0.012971,0.353843,0.034872,-0.137359,0.354465,0.347388,-0.292422,0.143165,-0.059426,0.079024,0.224979,0.088729,0.199094,0.066234,0.086520,-0.060947,-0.029494,-0.216673,0.237970,-0.011618,-0.007599,-0.156778,0.182407,-0.077944,0.191958,-0.001953,-0.116949,-0.073540,0.217867,-0.119708,-0.026100,-0.148055,-0.079688,-0.007567,0.019432,-0.284684,-0.830778,0.464433,0.047561,0.022783,0.105601,-0.110045,0.145525,-0.038198,0.233037,-0.160630,0.411433,-0.044494,0.270599,0.148578,0.020920,-0.002213,-0.280071,-0.000483,0.064151,-0.348503,-0.079217,-0.024560,-0.090723,0.619565,0.078535,0.106057,-0.005369,-0.231637,-0.017605,-0.541777,0.236847,-0.205025,0.115359,-0.009891,-0.117551,0.024674,0.132148,-0.242598,0.034102,-0.112855,0.044224,0.313391,0.465846,0.001279,0.028595,0.036084,0.025988,-0.054318,-0.329499,0.151711,0.142905,-0.122248,-0.215500,-0.346489,0.079976,0.058527,-0.295197,0.122775,-0.424333,0.099834,0.240055,-0.200732,-0.006274,0.258975,-0.346631,0.009026
-0.293009,-0.362433,-0.211892,0.107721,0.262560,0.152605,0.049401,-0.063146,0.004587,0.027140,-0.306813,-0.034756,0.128032,0.372287,0.379486,0.173350,-0.178132,0.082777,-0.187527,0.078047,0.193631,-0.028321,0.237090,0.050271,-0.227170,-0.156921,0.036985,0.018002,-0.010846,-0.023352,-0.226526,0.156872,-0.194866,-0.109166,0.077513,-0.036835,0.246986,-0.277988,-0.022023,0.429399,-0.123284,0.326808,0.080774,0.155664,0.077078,-0.102330,-0.107484,0.159450,-0.008163,-0.119347,-0.271958,0.047345,-0.453132,-0.121214,0.205118,0.140261,0.124266,-0.022539,0.094963,-0.000885,0.031872,0.248629,0.361970,-0.228463,-0.086627,-0.066087,0.213567,-0.095048,-0.134880,0.115010,0.493366,-0.039658,0.069753,0.410938,-0.005376,-0.015849,0.004703,-0.145664,-0.307671,0.149398,-0.087727,-0.260180,0.102835,-0.258540,0.361733,-0.193386,0.156176,-0.199031,0.276959,-0.235801,-0.211358,-0.212316,0.072517,-0.345593,0.082335,-0.006628,0.149538,-0.038017,0.107729,0.026143,0.097151,0.039535,0.263973,0.110954,-0.086697,0.052747,-0.042956,0.129861,0.099461,-0.046775,0.411037,-0.029797,0.387140,0.009661,-0.017476,0.320531,-0.034011,-0.009438,0.303174,0.267817,-0.594713,0.095176,-0.197474,-0.059841,-0.001706,0.010422,-0.034911,-0.000215
-0.443767,0.057084,-0.047368,0.201419,0.068689,-0.100228,-0.408271,0.274615,-0.002818,0.189179,0.011886,-0.129180,1.055430,0.030239,0.287559,-0.238672,-0.105704,-0.042970,-0.117923,0.273661,0.189019,-0.199920,-0.156233,-0.087183,-0.136501,-0.408666,-0.353505,-0.195139,-0.012408,-0.003280,-0.197138,-0.010421,-0.322608,-0.077672,-0.006494,0.228819,0.068346,-0.112613,0.117779,0.056390,-0.027176,0.209143,-0.050722,0.174510,-0.148438,-0.001818,0.127685,0.095175,-0.313969,-0.148965,0.256772,0.182244,0.185630,0.023604,-0.255053,0.250303,0.002412,-0.110137,-0.025482,0.002345,-0.073479,-0.308714,-0.080221,-0.123215,-0.018895,0.203032,0.075562,0.645283,0.074925,-0.113658,-0.090527,-0.163893,-0.170627,-0.038232,0.072272,-0.191289,-0.001189,0.042402,0.068112,-0.312820,0.009077,0.136124,0.015788,-0.025450,0.148326,0.097966,-0.073049,0.030619,0.322789,-0.049717,0.057623,0.333681,-0.469437,0.087323,0.048527,0.009701,-0.111175,0.053168,0.012247,-0.045743,0.189778,0.204123,-0.169539,0.098504,0.077141,0.187420,-0.006091,0.216298,0.161456,0.284818,-0.038070,0.344079,-0.298195,0.016256,-0.103655,0.016124,0.011765,0.425740,0.005958,0.132240,-0.113529,0.315166,0.107361,0.162198,-0.000461,0.068751,-0.169979,-0.007393
-0.236588,0.083193,0.055068,0.121610,-0.010854,0.588220,0.181976,-0.238602,0.004296,-0.189816,0.243567,-0.088122,0.141738,-0.126903,-0.018756,-0.025946,0.053544,0.094546,-0.092112,0.028600,0.044117,0.140301,0.381795,0.014089,0.194802,0.121915,0.293984,-0.157060,-0.039624,-0.337390,0.243431,0.304644,0.101809,-0.163768,0.304253,-0.085076,0.014019,0.075709,-0.479384,-0.084890,-0.062921,0.066560,0.115784,0.158001,-0.074796,0.016723,0.054333,-0.227736,0.007237,0.316584,-0.135487,0.164245,-0.255766,-0.030737,0.047788,-0.067054,0.046923,-0.076994,-0.065957,0.025541,0.487128,-0.169421,-0.008294,0.018048,-0.072164,0.156991,-0.008884,-0.101484,0.027860,-0.039674,0.162912,0.418436,-0.123607,0.059740,0.071024,0.077130,-0.007386,0.297997,-0.163224,0.086953,0.067817,0.121960,-0.001671,-0.308214,-0.290252,0.380496,0.209238,0.604207,-0.146489,0.360909,0.076483,0.271986,-0.064384,-0.030935,-0.163507,-0.001661,-0.095924,0.174151,-0.229048,-0.065769,-0.166926,-0.029986,-0.245279,0.168928,0.008603,0.388614,0.058822,-0.030037,0.080033,-0.069807,0.007704,-0.098673,0.034252,-0.037542,0.145935,0.167307,-0.003464,0.185821,0.400545,0.114854,-0.094153,0.083464,0.115594,-0.188493,-0.002256,0.801939,-0.241851,-0.002457
0.328640,-0.177534,-0.570916,-0.173043,-0.026246,-0.043960,0.076217,0.014305,-0.020224,-0.090086,-0.084121,0.194789,0.126929,0.087092,0.147446,-0.713000,-0.285018,0.106504,-0.045565,-0.087122,-0.150669,-0.071926,-0.109820,0.075088,-0.098907,0.094991,-0.167728,0.055049,-0.016121,-0.126818,-0.012201,0.063390,0.079320,0.120834,0.073838,0.061938,-0.134591,-0.026629,-0.191265,0.062876,0.155998,0.021667,0.039839,0.102051,0.438979,0.038520,-0.043858,0.352050,-0.342342,0.386348,0.313930,0.106275,-0.011651,0.074339,0.351410,0.195770,0.103437,0.025279,-0.126007,0.004507,-0.082847,0.175150,0.192971,0.359673,-0.065542,0.172116,0.117215,0.050946,0.065584,0.240473,-0.112492,0.145685,0.116601,-0.040608,0.240352,-0.164059,-0.014454,-0.128182,0.013996,0.139541,-0.185629,-0.206082,-0.000042,-0.049095,-0.071162,-0.086952,0.020985,0.074198,-0.053090,0.143743,-0.223434,0.134240,0.075778,-0.031420,-0.050177,-0.004621,-0.052596,0.258697,0.030462,-0.304849,-0.100957,-0.072612,0.030304,0.036064,-0.085449,0.127583,-0.092644,-0.006569,-0.100041,-0.130977,-0.030267,0.391914,-0.146110,0.008043,-0.140893,-0.051428,-0.245624,0.075163,-0.130432,-0.027523,0.031055,0.013656,-0.091010,-0.398102,0.008961,-0.176166,0.063299,-0.014775
-0.248494,0.115790,0.126564,-0.099549,-0.444226,-0.096087,0.544448,0.046157,0.008163,0.069248,-0.304490,0.231511,-0.050895,0.021686,-0.067084,-0.215979,-0.068089,-0.009372,-0.069843,0.076096,0.010664,0.030096,-0.011807,0.356529,0.155456,-0.189116,0.026680,0.119885,-0.023497,0.041231,0.327696,-0.480647,-0.004865,0.234781,0.038888,-0.019958,0.348332,-0.080729,0.012015,-0.050333,0.005172,0.094823,-0.134211,-0.094873,-0.212168,0.080644,-0.270804,-0.095045,0.146694,-0.034849,-0.052263,-0.059587,-0.383341,-0.136464,0.074207,0.273209,-0.080675,0.255337,0.130065,0.008315,-0.183610,-0.221120,0.074233,-0.394365,-0.011807,-0.269619,-0.101539,0.009757,0.223557,0.070165,-0.039843,0.026750,0.119772,-0.259516,0.365060,0.167801,-0.000086,-0.158893,0.226562,0.083385,0.076750,0.010801,-0.042968,0.237000,-0.000507,0.515088,-0.362603,0.258767,0.158561,-0.163117,0.088404,0.263456,0.131421,0.075691,-0.080024,0.016762,0.001249,0.099436,-0.195289,0.170031,0.137360,0.209049,-0.073123,-0.079523,-0.072479,0.192770,-0.064918,0.001017,0.034848,-0.179634,0.423230,-0.134114,0.138714,0.105574,-0.288625,0.000758,0.164403,-0.273502,0.082905,0.149072,-0.288495,0.008439,0.007886,-0.178960,-0.012388,0.025605,0.123544,-0.005455
-0.022873,0.112428,0.141610,-0.213809,-0.137633,-0.427977,0.357979,0.186002,-0.016887,0.019822,-0.060012,0.090091,-0.128194,0.128812,0.070756,0.124936,0.014195,0.200674,-0.231957,0.163957,0.046213,0.063082,0.077047,-0.175052,-0.201012,0.229679,-0.097385,-0.141532,0.023594,-0.640048,0.003509,0.091564,-0.058934,-0.297847,0.358162,0.089158,0.228673,0.114555,0.152304,0.132786,-0.730864,0.122568,0.115213,-0.110461,0.283874,-0.006732,-0.327365,0.117014,0.128698,0.378254,-0.161781,-0.166997,-0.185856,0.173475,-0.340989,-0.348100,-0.089079,-0.027125,-0.127859,-0.014345,-0.156945,-0.061614,0.282035,0.031961,0.053693,0.200091,-0.122633,-0.325030,0.025611,0.160248,0.201315,-0.207774,-0.057226,-0.275090,-0.126415,0.153052,-0.008979,0.077417,0.396039,-0.039252,0.010470,-0.025033,0.014077,-0.050176,-0.270451,0.302381,0.138880,0.080755,0.052725,0.170472,-0.080643,0.126130,0.197274,0.103451,0.152070,-0.004456,-0.136872,-0.060090,-0.128770,0.070018,0.097647,-0.109085,-0.057232,0.383996,-0.203969,0.094988,-0.529870,0.436546,-0.020326,-0.416351,-0.107727,0.198167,-0.018491,-0.123553,-0.173426,0.129599,0.170681,-0.163122,-0.068284,0.030441,-0.230833,-0.062468,-0.027979,-0.269446,-0.007618,-0.211270,0.153081,-0.002385
0.462856,-0.024508,-0.038417,0.347074,0.008811,0.119695,-0.100378,-0.041686,0.015798,-0.468657,0.082539,0.113928,0.083214,0.130869,-0.041973,-0.048238,0.098364,-0.149920,0.099598,0.116194,-0.038665,-0.046122,-0.013496,0.074085,0.088436,0.185912,0.006478,-0.202490,0.043056,-0.194106,0.060524,0.025377,0.150279,-0.014714,-0.192825,0.366308,-0.153545,-0.081742,0.088741,0.015582,-0.000600,0.535258,-0.268907,0.031087,0.208760,0.085068,-0.038713,0.006241,0.090960,0.166583,-0.074704,-0.168512,-0.085593,0.085770,-0.003387,-0.111433,-0.036610,-0.079227,-0.108950,0.010032,-0.110694,-0.227658,0.079447,0.214377,0.309519,-0.253192,0.135960,-0.012509,-0.020157,-0.099078,0.466651,0.040665,0.040722,-0.018330,-0.470560,-0.239273,-0.000149,-0.311103,-0.000334,0.015637,-0.071989,0.330237,-0.044530,0.147156,0.086899,0.021494,-0.168387,0.018545,0.171217,-1.387543,-0.021862,-0.093486,-0.165164,-0.069957,0.002863,0.004447,0.162264,0.008998,-0.092246,0.127405,0.054334,0.155916,0.039269,0.041513,-0.321858,-0.055350,-0.107972,-0.017840,0.105254,-0.011657,0.303742,0.342117,-0.017828,0.075535,-0.156566,0.115675,-0.172781,-0.154257,0.575036,-0.015771,0.661947,0.047029,0.262184,-0.006296,-0.015954,0.422640,0.027074,0.001825
0.127657,0.044239,0.022401,0.248208,0.114765,-0.005490,-0.148732,-0.113559,0.011300,0.071093,-0.157292,0.095581,0.136021,0.084035,-0.501894,-0.025493,0.217863,0.227560,-0.240561,-0.266421,0.303271,0.315835,-0.134747,-0.302687,0.013783,-0.278264,-0.093374,0.161283,-0.013454,0.324389,-0.167343,0.375521,0.051235,-0.231060,0.226652,-0.148944,0.034655,-0.157656,0.141457,0.054578,0.069690,-0.083116,0.612974,0.075237,0.267873,-0.042912,0.064577,0.125704,-0.429365,-0.237177,-0.038382,0.111642,-0.251071,-0.079581,0.193132,0.112332,0.002874,-0.379496,0.031836,-0.001039,-0.099973,0.235166,-0.031229,-0.072072,-0.034401,-0.392984,0.291483,0.383655,0.011717,0.182731,0.338706,-0.024207,0.229853,0.028633,-0.166992,0.087801,0.000368,0.044437,0.567774,0.017084,0.246621,-0.076727,0.101279,-0.064040,-0.035518,0.466693,0.175516,0.106945,-0.359468,-0.032825,0.212232,0.011054,-0.163553,-0.067051,0.143674,0.003285,0.149230,-0.162790,-0.029132,0.016782,0.262877,-0.136112,-0.003995,0.041625,-0.343623,-0.124570,0.119729,0.005712,-0.152809,-0.127139,0.179896,-0.050973,-0.089306,0.286637,-0.049184,-0.513520,0.409750,0.651337,0.112694,0.112591,0.295860,-0.546111,0.161997,-0.069027,-0.002191,0.149047,-0.017583,-0.002991
0.229560,0.415403,-0.132440,-0.263385,-0.063803,0.032282,-0.177397,0.312116,0.018041,0.124612,0.438666,0.270997,-0.117372,0.334884,-0.007270,-0.145662,-0.263564,0.180905,-0.061483,0.545662,-0.060211,0.187959,0.008620,-0.040317,0.190836,-0.018295,0.106928,-0.152777,0.032498,0.010471,0.204169,-0.147899,-0.099821,-0.056263,0.120426,-0.115963,-0.063004,-0.507596,0.074335,0.046229,0.068679,0.246378,0.099293,0.064436,-0.044355,0.022692,-0.098375,0.003513,-0.040072,-0.112679,0.021241,0.174487,-0.038193,-0.030005,0.030357,0.077075,-0.019985,-0.090666,0.057009,-0.004926,-0.127955,-0.447174,0.104964,-0.100241,-0.175947,0.256587,-0.018560,0.126490,-0.163069,-0.372110,-0.456113,-0.092449,0.445015,-0.309240,-0.064280,-0.271803,0.005384,0.031430,-0.242948,-0.010590,-0.004781,-0.189882,0.030683,0.123498,0.091344,-0.136849,0.511837,0.155288,-0.291179,-0.307803,-0.121837,0.139833,0.344644,-0.168438,-0.178329,-0.011866,0.005534,-0.020423,-0.064908,0.043588,-0.041583,-0.026773,-0.028449,0.002636,-0.071969,0.008750,0.258901,0.282980,0.038142,-1.044985,0.104479,-0.086724,0.293659,-0.395416,-0.101410,0.037130,0.172283,0.503204,-0.037471,-0.218455,0.002787,0.179713,0.068870,0.002046,0.002499,-0.190062,0.097177,-0.021643
0.027561,-0.002474,-0.257960,-0.307119,0.025013,-0.175246,-0.059781,0.117126,0.017470,-0.178863,0.017953,-0.004216,0.114263,0.325351,0.169336,0.380524,0.120636,-0.056770,0.326169,-0.142451,0.369589,-0.045216,-0.177668,0.056801,0.058845,0.129383,0.146100,-0.103330,0.073685,-0.144637,0.172888,0.204837,-0.183731,-0.079386,-0.000805,0.295310,-0.016337,0.396167,-0.170847,-0.113728,0.137292,-0.009774,-0.620059,-0.039939,0.453281,0.035342,0.054178,-0.401447,-0.161825,0.145921,-0.003957,-0.004502,-0.029031,0.061310,0.025918,0.208994,0.068598,0.038796,-0.239309,0.015711,-0.028984,-0.077554,0.126494,-0.180670,0.006880,0.036875,-0.069759,0.244713,0.039266,-0.086583,-0.143714,-0.493126,-0.279416,-0.119626,0.077758,-0.039355,0.004863,-0.501247,0.141943,0.046098,-0.003137,0.202337,0.051452,-0.101674,-0.003853,0.104611,0.160263,0.192471,0.319721,0.666592,-0.064957,-0.466242,-0.346200,-0.154761,0.118908,-0.003582,0.011311,0.087167,-0.025787,0.056903,0.154352,0.101889,0.126784,0.006672,-0.300947,0.089446,-0.040251,-0.048669,0.143018,-0.359346,0.068632,-0.675018,-0.265895,0.048677,0.014922,-0.238703,-0.217149,0.224140,-0.342205,0.037796,0.279039,-0.108710,-0.138212,0.074029,0.000982,0.070961,0.136193,-0.010309
-0.347686,-0.124094,0.033588,-0.052219,-0.025782,0.235380,0.207909,0.087526,-0.003514,0.438533,-0.188830,0.008251,-0.052028,0.171956,-0.284954,-0.006644,0.214104,-0.126028,0.001356,0.275483,0.164403,0.070951,-0.119358,-0.013860,0.005056,0.034660,0.012985,-0.248945,0.054013,-0.018025,-0.084527,0.467224,0.015047,-0.124740,-0.225611,0.568215,0.028328,-0.204781,0.099777,0.027339,0.065066,-0.261215,-0.144416,-0.386596,0.234256,-0.002079,-0.085966,0.067522,-0.060165,-0.182250,-0.458638,-0.247367,-0.310252,-0.037749,0.006788,0.452778,-0.167180,-0.200145,0.140811,-0.015997,0.031135,-0.292904,-0.002637,-0.081500,0.030558,0.125127,0.079543,0.101566,0.243024,-0.390971,0.046496,-0.043623,-0.132696,0.175224,-0.060300,0.047289,-0.003491,0.196200,0.095621,0.112000,-0.129399,0.154614,-0.037893,0.795280,0.120898,-0.118535,-0.157132,0.142480,-0.174031,0.220617,-0.141988,-0.229026,-0.032144,0.441176,-0.325413,-0.006395,0.035505,0.177884,-0.013726,0.126076,-0.176892,-0.209814,0.349552,0.031643,-0.009616,0.047704,0.107044,0.348616,-0.250984,0.019659,-0.109333,0.421005,-0.211657,0.106789,-0.076317,0.356488,0.029571,0.241900,0.059396,0.100612,-0.186327,0.079950,0.059814,0.141824,0.013162,0.043818,0.074226,0.015466
0.016956,-0.121616,-0.271403,0.063144,0.035113,0.052497,0.392258,-0.158258,-0.011478,-0.110585,-0.047361,-0.144983,-0.155080,-0.155215,-0.047840,0.116639,-0.013023,0.191436,0.084159,0.381796,0.320242,0.090896,-0.065281,0.017513,-0.013973,-0.320118,0.076994,0.044042,-0.077842,0.147465,0.161817,0.015343,0.066382,-0.075159,0.071421,0.099170,0.269792,-0.060041,-0.019399,0.003386,0.018226,0.389607,0.043252,-0.203235,0.015880,-0.059607,-0.121473,-0.133756,-0.073826,-0.038278,0.076245,0.048057,-0.025525,-0.084752,-0.014317,0.145201,-0.144751,-0.200657,-0.204601,-0.013031,0.402975,-0.174536,0.019475,0.055423,-0.268564,0.408913,-0.125147,0.035525,-0.391833,0.077933,0.261379,-0.144203,0.006236,-0.041843,0.135605,-0.282274,-0.004801,-0.302690,0.010885,0.222591,-0.042897,0.367201,0.001741,-0.396548,0.560275,-0.140656,0.117909,0.282292,0.139595,0.166284,0.015154,0.257035,-0.082029,-0.036571,0.299297,-0.002995,-0.185309,-0.020075,0.289138,-0.312342,0.203315,0.102646,0.043498,-0.015893,0.137503,0.111224,0.053480,-0.033540,0.132288,0.342343,-0.331380,0.018342,0.318971,0.050099,0.038441,0.041966,0.034889,-0.118538,0.590633,0.017439,0.207443,-0.134068,0.130666,0.044541,0.007429,-0.896647,-0.202130,0.014205
0.201574,-0.025542,0.155935,0.416904,-0.393262,0.088550,0.249401,-0.315878,-0.026266,0.261466,0.009532,0.098696,0.059968,0.008126,0.098346,0.091301,0.371789,-0.031874,-0.643608,-0.139307,0.225593,-0.052567,-0.106876,0.050196,-0.018133,0.060432,0.144179,-0.150264,0.135633,-0.094499,0.079644,-0.151081,0.174427,0.145393,-0.040101,-0.306864,0.242878,0.436454,0.166090,0.049936,0.022611,-0.099367,-0.006740,0.135900,-0.120517,0.062519,0.470675,0.057292,-0.359067,-0.255037,-0.071174,0.187330,0.610527,0.069578,-0.095234,-0.130239,-0.048109,-0.207199,0.412310,0.007542,0.033252,0.137823,0.047009,0.293492,-0.098980,-0.023413,0.219382,0.116341,-0.005878,0.106395,0.196336,-0.106046,0.131616,0.158621,0.533433,0.078993,-0.009044,-0.079705,-0.207245,0.232303,-0.111763,0.178876,-0.039103,0.234371,0.096382,0.401675,0.014645,0.250909,-0.095227,-0.074235,-0.119825,0.372424,0.215355,-0.012045,0.168375,0.007762,-0.196076,0.118973,-0.074670,0.018347,0.002804,-0.125136,-0.019918,-0.144073,-0.182730,-0.404507,-0.167758,0.347166,0.177627,-0.382098,-0.078482,-0.189576,-0.063896,0.072560,-0.165610,0.341930,-0.192110,-0.072896,0.005002,0.148050,-0.144514,0.242828,-0.156338,0.181363,0.017235,-0.109757,0.250955,0.003020
0.328212,0.094854,0.192977,0.501358,-0.135183,-0.008581,-0.006451,0.066756,-0.018043,-0.178634,-0.274816,0.040782,-0.084017,-0.061206,0.523424,0.076268,0.205479,-0.280784,-0.045366,0.135612,-0.128837,0.089645,-0.044256,-0.322520,0.065952,0.091374,-0.056369,0.102707,-0.054766,-0.244563,-0.015299,-0.122582,0.216382,0.142070,0.499512,0.127586,-0.061257,-0.222754,-0.175368,0.035648,-0.244888,0.190408,0.012940,-0.114946,-0.046043,0.049760,-0.047514,0.223132,-0.337575,0.342257,-0.080466,0.367100,-0.326060,0.054904,-0.076904,-0.088074,0.133536,0.083465,-0.045450,0.004084,-0.071133,0.160622,0.068911,-0.053050,0.040164,-0.386038,-0.405062,0.020606,-0.030731,-0.096683,-0.081410,-0.277562,0.296020,-0.251115,-0.297432,0.064420,-0.009186,-0.304951,-0.300741,-0.072027,0.008296,0.115802,0.009180,-0.085142,0.025304,-0.178279,-0.153807,0.016033,-0.088289,0.450162,-0.450990,0.021467,0.177722,0.102895,0.004246,0.004476,0.036652,-0.213074,-0.009024,-0.155741,-0.090277,0.493291,0.317287,-0.195429,0.070854,-0.063770,0.123211,0.339590,-0.180992,0.011668,-0.019659,-0.058676,-0.224278,0.269346,-0.072130,-0.045811,0.077650,0.302964,-0.159780,-0.002744,0.262820,-0.242146,0.305159,0.388515,-0.006450,0.158888,0.158538,0.006078
-0.022395,0.061951,-0.143781,0.157763,0.230970,-0.184001,0.386186,-0.021859,-0.006643,-0.259530,0.054612,0.015562,-0.182270,0.123727,-0.061474,0.021410,0.001591,-0.129767,0.044622,0.094536,-0.093427,0.049538,-0.205831,0.141634,0.170233,-0.290295,0.054922,-0.185957,-0.087604,-0.032342,0.153908,0.024899,-0.241294,-0.186025,0.015668,-0.417868,-0.130436,-0.043495,-0.171920,-0.388883,-0.240141,-0.113569,0.224801,-0.001825,-0.024642,0.142345,0.235072,0.403737,0.222217,-0.197503,0.220583,-0.032209,-0.164605,-0.157098,-0.030764,-0.069296,-0.083734,-0.020640,-0.086406,-0.016813,-0.191073,0.397365,0.004660,-0.090963,0.093635,-0.072652,0.035567,-0.318555,-0.094025,-0.029171,0.032602,0.223497,0.126591,-0.114448,0.187492,0.029432,0.001209,-0.150742,0.659067,0.080091,0.068248,0.059491,0.026460,0.193014,0.105959,-0.048188,-0.229385,-0.121349,-0.096972,0.014916,-0.000099,-0.269810,-0.173905,-0.034093,-0.161367,-0.017384,-0.403210,0.050647,0.101598,0.020950,0.705237,0.099642,0.144484,0.259640,0.134909,-0.226232,0.170863,0.205738,0.115259,-0.031220,-0.079014,-0.344598,-0.095932,-0.329387,0.034119,0.135721,-0.487665,0.080389,-0.006797,-0.106107,0.130385,0.183723,0.318967,0.113095,-0.003831,0.405122,0.034448,-0.018527
-0.026035,0.435353,0.064128,0.038469,0.206182,0.052306,-0.043914,-0.109040,0.036024,0.314318,0.303676,-0.207583,0.077846,-0.393795,-0.102351,0.237584,0.018740,-0.255204,-0.077628,0.118730,0.109607,0.088965,0.165874,0.251763,-0.014423,0.210075,0.082657,0.046537,-0.018805,-0.110529,0.141539,0.161836,0.129863,0.012419,0.306806,0.341908,-0.325999,0.189491,-0.048390,-0.241623,0.219279,-0.156832,0.336026,-0.199063,-0.089325,0.046632,0.001399,0.354038,-0.112313,0.271315,0.255652,-0.061637,-0.059441,0.194728,0.153014,0.060766,-0.209114,-0.032777,0.512526,0.003181,0.010492,-0.054512,0.079734,0.041837,0.057849,0.093860,-0.067873,0.025163,-0.011534,0.165858,0.148325,0.141396,-0.187633,0.013772,-0.141753,-0.189033,0.006656,0.141193,-0.030367,0.198712,-0.010674,-0.030650,0.021361,0.078868,0.101799,0.093719,0.009141,0.095159,-0.103032,-0.082976,-0.208668,-0.213390,0.146970,-0.684120,0.109528,-0.007039,0.109365,-0.028689,0.047291,0.010457,0.026288,0.189167,-0.154593,0.304725,0.013999,0.205600,-0.080874,-0.092835,0.038591,0.262072,-0.092589,-0.375453,0.169667,0.145086,-1.252238,0.031992,0.159116,0.005907,0.022264,0.009180,-0.023202,0.111125,-0.213444,0.700786,0.001606,-0.017788,0.090421,-0.009415
-0.132749,0.005079,0.084185,-0.013353,0.277644,0.087017,-0.332544,0.051333,-0.015151,-0.033773,0.159361,0.174305,-0.028397,-0.132127,-0.054480,0.193094,-0.098020,0.116691,-0.002780,-0.382364,-0.374021,0.050812,-0.097821,0.476970,0.053894,0.226594,-0.016690,-1.111336,-0.019323,0.059913,0.113935,0.045351,0.280572,-0.070379,-0.026136,0.320644,0.056481,0.102886,0.194958,-0.082910,0.036941,0.237885,0.176074,-0.291488,-0.364151,-0.014211,0.122481,0.060113,-0.062651,-0.026295,-0.105561,0.186157,-0.279719,-0.250940,-0.030083,0.000932,0.004061,0.469313,-0.278362,-0.008987,-0.081021,0.002430,0.014009,0.125842,-0.069407,-0.033424,0.140217,0.288855,-0.163188,0.122193,0.145081,-0.123574,-0.306756,-0.038211,-0.032597,-0.091601,-0.000483,0.047242,0.122404,0.094087,-0.082023,-0.244306,-0.066188,-0.028139,0.300604,0.060342,0.011776,0.063227,0.215236,0.377082,0.095899,0.183911,0.034753,-0.097407,0.020471,-0.000158,-0.066467,0.147193,0.008837,0.117405,-0.000416,-0.219026,-0.090349,0.040284,0.092823,-0.242153,-0.170619,0.097285,0.144684,-0.098377,-0.028567,0.054517,0.461472,0.802323,0.086631,-0.064841,-0.232888,-0.108475,-0.490985,-0.270613,-0.068350,0.124006,0.478380,-0.005171,0.000150,0.148355,-0.068599,0.003428
-0.100810,0.037443,0.189341,-0.050983,-0.045755,0.148950,-0.424396,0.104509,0.010009,0.205127,-0.404684,0.401206,0.018584,0.209397,0.120755,0.150848,0.203756,0.087165,0.010092,-0.094917,0.099564,0.125593,-0.043315,0.347455,-0.043329,-0.422472,0.121077,-0.152046,0.006541,0.108429,0.058381,0.133874,-0.064526,0.007595,-0.051553,0.317126,0.148623,-0.444755,-0.157710,0.052054,0.004340,0.017723,0.077307,0.115365,0.194779,0.014468,-0.410466,0.147954,-0.004173,0.426750,-0.122997,-0.047989,0.456961,0.144112,-0.007720,-0.119722,0.047479,-0.070849,0.034297,-0.007989,-0.104215,-0.259967,-0.105260,-0.165707,0.028677,-0.119487,0.102085,-0.071457,-0.002519,-0.064255,0.279538,-0.041854,-0.306806,0.266087,0.114281,0.253539,-0.028752,0.049049,0.072519,0.072653,0.066137,0.042831,-0.024402,-0.141346,-0.536555,-0.066688,0.153517,-0.315964,-0.051966,0.159516,0.231785,0.251882,0.053967,0.008117,-0.067880,-0.012034,-0.005925,0.142590,-0.058762,0.050333,-0.097084,-0.078743,0.064829,-0.281259,0.076605,-0.003826,0.060341,0.083939,0.018748,-0.018909,0.055710,0.003512,0.153694,-0.149522,-0.028607,0.010173,0.219595,-0.356161,0.117861,-0.187928,-0.019441,-0.119387,-0.008609,0.044965,0.004686,0.075326,0.043220,-0.034322
0.072572,-0.087678,0.021038,0.068861,-0.000322,-0.135898,-0.022277,0.157363,0.016436,-0.199224,-0.087760,0.479400,-0.001225,-0.043027,-0.005774,-0.133117,0.191557,0.508180,-0.064701,0.070633,0.379916,0.004459,0.639169,0.265040,-0.002199,0.000891,0.069418,0.220333,0.025153,-0.120343,0.020198,0.203877,0.090931,-0.015320,0.000353,-0.086990,-0.165216,0.084980,-0.109970,-0.107935,0.466663,-0.119188,-0.046718,-0.004697,0.030119,0.008250,-0.017420,0.521740,-0.025682,0.003084,-0.329818,-0.113569,-0.144422,0.122615,-1.315339,0.174809,0.058230,0.050842,-0.144459,0.004425,-0.047294,0.059808,0.031794,0.006465,-0.079268,0.198067,-0.183738,0.216004,-0.014716,-0.205804,-0.263861,-0.017270,0.378134,0.227239,-0.049360,-0.231445,0.021218,0.213739,0.074995,0.042578,-0.027748,0.159857,0.048304,0.002188,-0.096488,0.393361,0.317992,-0.215169,0.001802,-0.157502,-0.129868,0.231257,0.101796,0.180470,0.237673,-0.000162,0.295827,0.027856,0.161368,-0.107519,0.063958,-0.243137,-0.074051,-0.036536,-0.204773,-0.052708,0.209997,-0.527735,-0.010969,0.178472,-0.118173,-0.003165,-0.199465,0.228083,-0.066288,0.108714,-0.279794,-0.119385,-0.379970,0.119680,-0.112278,-0.122474,-0.000529,-0.077092,-0.003476,0.094206,-0.005712,0.012869
-0.056884,-0.107752,-0.075417,-0.066043,0.335034,-0.143805,-0.098481,0.068184,-0.007662,0.000280,0.107889,-0.010763,-0.001362,0.115914,0.129398,0.140724,-0.297716,0.092979,0.025245,-0.325756,0.050144,0.215808,0.036257,-0.274620,0.048692,-0.133684,0.034904,-0.207708,-0.030084,-0.068837,-1.171615,0.171428,0.069713,0.349719,0.242122,0.082218,-0.239622,0.200524,-0.024090,-0.009025,-0.026198,-0.203419,-0.023706,0.207246,0.249722,0.168887,-0.008246,0.006452,1.168911,-0.008219,-0.077586,-0.103788,-0.282920,0.014774,0.079229,0.084755,0.129536,0.104896,-0.049938,0.008585,-0.052599,-0.106780,0.195474,0.047607,-0.062126,-0.242251,-0.219576,0.067838,0.048841,0.055388,0.096973,-0.194445,0.281724,0.116391,0.162935,0.045930,-0.003743,0.050586,-0.077677,0.071637,0.105404,0.067080,-0.055961,0.342853,-0.138296,0.070309,-0.312294,0.107694,-0.022442,0.040880,0.094274,0.106397,-0.010626,-0.183245,0.258353,-0.008863,0.325238,0.207966,-0.033211,-0.180794,0.296699,0.093081,-0.511723,-0.139422,-0.189950,0.227585,0.206419,0.043888,-0.052430,-0.112691,-0.278074,0.105507,0.038578,0.020766,-0.082522,0.138432,0.005479,-0.000541,0.213249,0.061575,0.043728,-0.011693,-0.000121,-0.047017,0.015148,-0.027435,0.244087,0.012571
0.237884,0.061442,-0.102747,-0.027098,0.001245,0.139487,0.082393,-0.136757,-0.000439,0.059424,-0.121893,-0.229442,0.058191,-0.203978,-0.118928,-0.192803,0.074439,-0.175171,0.045698,-0.178745,0.003879,-0.254030,-0.102900,0.184186,-0.018155,0.066005,-0.052074,-0.130283,0.017420,0.546276,0.261777,-0.089627,-0.077059,0.062664,0.336843,-0.190424,-0.014244,0.112858,-0.380073,0.143831,0.066934,-0.102168,-0.106763,-0.120048,0.290755,-0.141998,-0.009258,-0.115217,0.037879,-0.084614,-0.360416,0.095757,0.148367,-0.102947,-0.119203,-0.083870,0.093141,0.023656,0.279879,0.003031,-1.506559,-0.180294,0.036891,-0.060321,-0.081005,0.150116,0.017834,-0.087883,-0.105340,-0.036317,0.723881,-0.246515,-0.010420,-0.036508,-0.166956,-0.159644,-0.018321,-0.159896,-0.155133,0.233614,-0.077667,0.048836,0.011595,0.071901,0.101133,-0.046382,-0.038003,0.029679,0.269992,0.120569,-0.106155,0.092023,0.044946,0.029001,0.270929,-0.000212,-0.220452,0.007013,0.229328,-0.020586,0.073896,0.051287,-0.159702,0.503829,0.089347,-0.023527,0.401231,-0.157549,0.020061,-0.020438,0.026458,0.088054,-0.205814,-0.112760,0.012140,-0.209381,-0.104155,0.116735,-0.017377,-0.032264,-0.232247,0.105693,-0.111577,-0.176122,-0.007126,0.132152,-0.048336,0.008443
0.001451,0.617859,-0.036850,0.102215,0.135938,-0.104477,0.110976,-0.079759,-0.007555,0.082141,0.036890,0.131499,0.129877,-0.099963,0.030745,-0.056837,-0.031286,-0.037862,-0.073613,0.065298,0.168510,-0.084665,-0.078583,-0.000837,0.034974,0.350372,-0.130236,0.200640,0.091888,-0.030840,-0.219339,-0.094610,-0.068301,0.025764,-0.149134,0.105997,-0.124689,-0.086590,0.096976,-0.109030,-0.095241,-0.172429,0.106338,0.256938,0.047782,-0.055135,0.043355,0.324306,-0.146394,0.195717,-0.076593,-0.436024,-0.092715,-0.622262,-0.003043,-0.112916,0.019443,0.078849,0.099223,-0.010110,-0.095412,-0.219640,-0.237486,-0.265388,-0.001626,0.023719,0.006203,0.033521,-0.158147,-0.020245,0.060015,0.127003,-0.090290,-0.190699,0.100339,-0.142675,-0.003237,-0.070714,-0.270020,0.087841,-0.016427,-0.108989,0.132133,-0.200440,-0.074718,0.026737,0.036145,0.000629,0.247877,0.063418,0.083046,0.217943,0.064542,-0.265968,-0.034939,-0.006049,0.054945,0.117401,-0.106846,0.229886,0.089282,-0.073108,-0.034699,0.140450,0.081350,0.025047,0.161619,0.178392,-0.185296,0.139528,0.101092,-0.412533,0.136148,0.165355,0.624702,0.287142,-0.163961,0.072955,-0.039534,0.038147,0.046926,0.184490,-0.035338,-0.080753,-0.005232,0.103779,0.100001,0.020192
-0.324959,0.145736,0.125078,-0.282372,-0.153956,0.074913,-0.078623,0.363114,0.008139,-0.426345,-0.071945,0.210949,0.352683,0.387232,-0.027561,-0.270580,0.026676,0.247451,-0.097625,0.324070,-0.207729,0.029359,0.117227,-0.150610,0.053916,0.318269,-0.236615,0.190698,0.072903,0.383634,-0.126625,0.178686,-0.100920,-0.112222,-0.033400,-0.168472,0.057674,0.009226,-0.214787,-0.236067,-0.095995,-0.014325,-0.025543,0.043179,0.188278,0.033242,-0.213692,0.170186,-0.077616,-0.163666,0.140044,-0.113676,0.119794,-0.051752,0.151039,0.294855,0.008372,0.259319,0.139784,0.015673,0.141559,-0.171744,0.058084,-0.013715,0.113736,0.531027,-0.400826,-0.441782,0.195953,0.215929,0.526509,0.007930,0.292721,0.108803,0.036665,0.050770,-0.000926,-0.322956,0.071180,-0.129919,0.099188,0.031387,-0.059523,-0.025461,-0.096353,-0.107986,0.122714,-0.100207,0.210605,0.157815,0.045155,-0.111276,0.251416,-0.109438,-0.316052,-0.007677,-0.100007,-0.319533,-0.054235,0.339665,-0.174746,0.124234,0.043940,-0.150140,0.069271,-0.595330,0.064943,0.315254,-0.334797,0.433881,-0.040289,-0.044772,0.175388,0.386054,-0.234095,0.195843,0.181126,-0.166658,-0.157067,-0.019710,0.073016,-0.044539,0.435840,0.127080,-0.011969,-0.137987,-0.280454,0.010078
-0.216729,-0.002574,-0.593733,0.000650,0.111612,-0.080680,0.076840,0.128029,0.005227,0.264181,0.333475,-0.227243,-0.135060,0.182945,0.031359,0.134733,0.097078,0.062231,-0.111805,0.270904,0.070838,0.306363,0.172453,0.211472,0.131165,0.057774,0.183001,-0.101400,-0.048114,-0.015628,0.105317,-0.477340,-0.139509,-0.142021,-0.241411,-0.085119,0.456990,0.166461,-0.124851,0.557970,-0.149814,-0.181010,-0.238747,-0.028632,0.049622,-0.071659,0.059853,-0.046916,0.258725,0.295088,-0.077103,-0.072985,-0.458548,-0.003300,-0.056239,-0.039313,-0.056555,0.031898,0.106285,-0.005346,0.060472,0.119085,-0.311994,0.583863,0.042948,0.618828,0.060425,-0.092066,0.398452,-0.239466,0.089364,-0.114697,-0.063833,0.065085,0.027200,0.116385,0.008543,-0.205836,-0.147604,-0.005195,0.006739,0.467422,0.030352,-0.049039,-0.196182,0.110622,-0.076012,-0.051174,-0.088521,0.036877,0.254370,0.053460,0.339685,-0.171724,0.165452,0.004456,0.050456,0.000542,0.287519,0.104661,0.010943,0.001004,-0.006263,-0.013117,0.010248,-0.014714,-0.273097,0.107474,-0.004332,0.259094,-0.005200,0.131521,-0.305267,-0.151492,0.091734,0.039658,-0.067178,0.383929,0.214674,0.030492,0.230738,-0.082744,0.225481,0.163365,-0.004191,0.244930,0.279192,-0.006306
-0.103534,0.088256,-0.449087,-0.211463,-0.064508,-0.097376,0.010408,-0.085057,0.025122,-0.186233,-0.054721,-0.018185,-0.056340,-0.375820,0.025549,-0.080193,-0.043514,-0.052824,-0.150012,0.011912,0.214628,-0.062571,0.076576,0.138606,0.402077,-0.189987,-0.125439,0.088268,0.000820,-0.018704,-0.124009,-0.125004,-0.104945,0.656744,0.056529,0.267145,-0.168206,-0.096958,-0.000559,-0.241409,0.081261,-0.223150,0.197815,0.587979,0.281343,-0.114501,0.028656,0.117695,-0.155472,0.120615,-0.077409,0.031511,-0.056182,-0.396880,0.274892,0.077966,0.189525,-0.278464,0.017603,-0.008870,0.162339,-0.178683,0.384391,0.964238,-0.015191,-0.121949,-0.031963,-0.150468,-0.025473,-0.245265,0.078134,-0.005641,-0.047041,-0.014386,-0.007967,0.035411,0.010764,-0.100364,-0.005316,-0.052166,-0.038018,-0.121658,-0.015280,0.038689,0.055476,0.470564,-0.086214,-0.046075,0.317540,-0.070810,0.056587,0.192690,-0.048885,0.066424,-0.317990,-0.002610,-0.263929,0.236403,0.009840,0.187945,0.046872,-0.018885,-0.089799,0.099660,0.043197,-0.258383,-0.077233,-0.062005,0.045480,-0.070331,-0.011196,-0.107948,0.239959,0.101212,0.543742,0.079486,0.043215,0.015141,-0.094269,0.113611,-0.163094,-0.012676,0.077757,0.618898,-0.009210,0.092072,0.179642,-0.001660
-0.001374,-0.133324,-0.124845,0.887733,0.069550,-0.102746,-0.042348,0.257801,-0.003486,-0.075972,0.002847,-0.192623,0.132267,0.241033,0.026449,0.105123,0.050700,-0.067645,-0.195815,-0.027240,-0.166286,-0.018778,0.226765,0.353716,-0.070028,-0.113400,-0.003101,0.122054,0.046889,-0.038591,0.076291,-0.166432,-0.139630,-0.122334,0.240713,0.146158,0.451399,0.255562,0.433330,0.069479,0.132433,-0.093484,-0.060507,0.058422,-0.030266,-0.021421,0.227294,0.318510,0.218650,-0.089543,0.162996,-0.082808,0.166091,0.120996,0.110215,0.092567,-0.057516,-0.210945,0.101476,-0.009014,-0.098740,-0.083029,0.702206,-0.119704,-0.089847,0.152283,-0.796508,0.075259,-0.026263,-0.373632,0.180734,-0.000688,-0.024783,0.203887,-0.115000,0.005944,-0.001448,-0.007115,-0.034237,-0.166978,-0.039378,-0.268027,-0.040252,-0.003636,-0.146751,0.111677,-0.039333,-0.045106,0.224648,0.185308,0.065232,-0.250160,0.236456,0.189939,-0.515473,-0.000061,0.012012,0.128239,0.009297,-0.158257,0.070613,-0.215715,-0.144934,-0.157120,0.023925,0.639724,0.050969,0.001087,-0.210133,0.115144,0.071466,-0.413565,0.293418,0.016931,-0.073286,-0.232091,-0.183720,0.064736,-0.039198,-0.082769,0.212809,0.306657,-0.092311,-0.126101,-0.002826,-0.018528,0.160815,-0.007533
0.335082,0.076409,-0.120696,-0.256981,-0.151261,0.139576,0.356622,0.080360,-0.021326,-0.069061,0.363092,0.278026,-0.054444,0.245682,0.045153,-0.063889,0.098475,0.005681,-0.036312,-0.207978,-0.135162,0.175025,-0.137062,-0.154282,0.731277,-0.417178,0.124884,-0.046384,-0.010399,-0.079318,-0.015927,0.116476,0.025564,0.075244,0.080029,0.072944,-0.110455,-0.104173,0.059927,0.273884,0.123973,-0.068292,0.102650,0.038421,0.144107,-0.025449,0.203814,-0.172196,0.065731,0.045012,0.450236,0.089405,-0.259675,-0.138186,-0.163764,-0.270954,0.091411,-0.089063,0.235953,-0.003013,-0.050459,-0.162088,0.000725,-0.401718,-0.147606,0.164045,0.015196,0.202403,0.001334,0.244738,0.154209,-0.051559,-0.153921,1.332454,-0.034668,-0.080272,0.002594,-0.218342,-0.062471,-0.184327,-0.046545,0.134161,0.044191,0.056882,0.018636,0.044345,-0.037481,0.032917,-0.051998,-0.084967,-0.156206,-0.254964,0.158191,0.749896,-0.099307,0.009488,-0.147046,-0.212647,-0.064927,-0.006664,0.133135,0.267898,-0.154385,0.113268,0.194391,-0.053694,-0.016277,-0.175693,-0.075402,0.103825,-0.044996,-0.086882,0.085562,0.057277,0.064659,0.131512,0.052068,-0.162486,-0.145316,-0.191691,0.071961,0.132561,0.011590,0.015671,0.004049,0.017803,0.003461,-0.006343
0.176461,-0.054092,-0.046782,0.391278,0.372832,-0.252862,0.098943,0.118142,0.001032,-0.007342,-0.116349,-0.177706,-0.186178,0.038277,0.234598,0.048455,-0.077818,-0.126345,0.037139,0.167566,0.133279,-0.300421,-0.081170,0.076292,0.076333,0.175141,0.024438,0.043077,-0.019772,-0.156511,-0.070861,0.054561,-0.002223,0.068683,-0.036876,0.015696,0.283379,-0.070700,-0.228160,-0.097618,0.194620,0.161678,0.187234,0.128275,0.165483,0.026782,0.891328,0.130521,0.208550,-0.272226,0.021277,0.070619,-0.301015,-0.190122,0.104671,0.007384,-0.052651,0.243416,0.249528,0.001876,0.016417,-0.429186,-0.213509,-0.187433,0.108531,0.034206,0.091610,0.144701,-0.108222,-0.051045,-0.065165,-0.025097,0.113036,0.002959,0.280417,-0.120451,-0.006784,0.101894,1.006118,0.055689,0.053967,0.142447,-0.005854,-0.019548,-0.062331,-0.114569,0.031445,-0.139752,0.246770,-0.044094,-0.173137,-0.236370,0.324586,0.013383,0.328370,-0.003414,-0.170644,-0.046591,-0.042896,0.079564,-1.449831,-0.142415,0.034274,0.127501,0.020880,-0.010661,-0.084798,-0.198345,-0.042770,-0.008986,0.085075,-0.062452,-0.032806,-0.019853,0.181521,0.113475,0.390336,-0.005833,0.100341,-0.027821,0.048244,-0.053935,-0.078862,0.185980,0.010591,0.000499,-0.018611,-0.006089
0.122170,-0.009276,0.491862,0.136749,0.022339,0.046316,0.076146,0.193945,-0.003406,-0.154123,-0.275133,-0.004961,0.202631,0.220240,-0.085322,-0.166946,0.130669,0.397882,0.029429,-0.164498,-0.081000,-0.314310,0.113855,-0.034504,0.221379,0.161525,0.243421,-0.019382,0.019728,-0.179300,0.060008,-0.150221,-0.058362,-0.129219,0.205401,-0.120457,-0.112689,0.070987,0.138936,0.350211,0.683706,-0.038468,-0.140567,0.469911,0.064086,0.134021,-0.198296,0.073415,-0.072588,-0.009967,0.106722,-0.232746,-0.460762,0.116462,0.229942,0.015030,-0.007270,-0.009335,-0.072350,0.001708,0.087834,0.389297,0.059559,-0.104883,-0.073601,0.163713,0.217024,-0.054668,0.082332,0.413250,0.044100,-0.503263,0.124647,-0.336676,0.052758,-0.208635,0.002233,0.144405,0.223605,-0.047501,0.054338,0.002259,-0.038760,-0.066294,0.130420,-0.164146,0.362436,-0.356637,0.189492,0.020330,0.137108,0.018758,0.065978,-0.016433,0.012995,0.004359,-0.148439,0.249639,-0.014532,0.049785,-0.069686,0.018658,-0.251133,0.108934,-0.104589,0.218641,-0.185912,0.187989,0.055898,0.041420,-0.083063,-0.066099,0.165000,-0.014040,0.173314,-0.035671,0.063965,-0.036124,-0.269925,-0.185447,-0.212888,0.043006,-0.264916,0.297531,-0.018305,0.148581,-0.152451,0.017055
0.154098,-0.099177,-0.184528,0.247448,0.205368,0.113924,0.146191,0.037952,0.008859,-0.028735,-0.146866,0.109389,0.090763,0.197154,-0.368883,-0.193618,0.114491,-0.147260,0.691964,0.019461,-0.127953,-0.105668,-0.035517,0.448920,0.021029,0.531445,-0.062124,0.052991,-0.017727,-0.013638,-0.212596,-0.039260,0.174003,0.124334,0.019062,-0.820232,-0.006670,-0.207807,0.435982,0.421036,0.158507,0.118725,-0.176930,0.023973,-0.343057,-0.134360,-0.147357,-0.306218,0.026450,-0.116233,-0.013979,-0.097706,-0.065242,-0.125650,0.057485,-0.287199,0.005175,-0.435042,-0.144026,-0.011584,0.088891,0.217292,-0.028246,-0.005738,0.109093,0.048313,0.002422,-0.233099,-0.111785,-0.048045,-0.475576,0.095064,-0.048405,0.269745,-0.058798,0.063495,-0.006767,-0.201303,0.129282,0.061220,-0.056694,-0.243649,0.023571,0.163743,0.069624,0.225232,-0.109163,-0.138718,0.190757,0.323723,0.074315,0.027109,-0.077232,-0.096133,-0.091743,-0.003384,0.151705,0.212340,0.048305,0.041915,-0.013734,0.095249,-0.027820,0.327169,-0.103494,-0.112584,-0.113248,0.269015,-0.069405,0.100759,-0.027070,0.150410,-0.058745,0.384443,-0.240831,0.575569,0.165672,0.587555,0.067711,0.188958,0.209208,0.051630,-0.527731,-0.169701,-0.002322,0.034224,-0.188225,-0.008741
0.014669,-0.057633,0.096312,-0.012068,-0.114662,-0.072507,0.100417,-0.071925,-0.021191,-0.025793,-0.027345,0.191400,0.241071,0.353309,0.156662,0.153721,-0.220167,-0.081103,-0.485585,-0.136653,-0.064372,0.079544,0.197928,0.536363,0.063127,-0.009280,-0.257861,0.122153,-0.014794,-0.182148,-0.053890,-0.290812,-0.101899,-0.027015,-0.068537,0.016039,-0.102031,-0.115785,-0.282688,-0.325098,0.203969,0.045728,0.051447,-0.305657,-0.163352,0.132421,0.098510,-0.419611,-0.087247,0.033300,-0.158917,-0.045383,-0.046147,0.085503,0.096882,0.292624,-0.039348,0.147325,-0.215517,-0.036408,0.119919,0.008507,-0.048817,0.138291,0.038729,0.118457,0.112579,0.108339,-0.012925,0.516088,0.225518,0.170662,-0.332790,-0.104857,0.016044,-0.117765,0.008490,-0.494594,0.060249,-0.128119,0.078897,-0.270213,-0.016288,-0.020754,-0.244380,0.603497,0.118185,-0.109361,0.253702,-0.152638,-0.142843,-0.111824,-0.023412,-0.011932,-0.040836,0.003033,0.209084,-0.093629,0.058078,-0.039568,-0.097391,0.000803,0.295962,0.131394,-0.210551,0.267616,0.125815,-0.025830,-0.125216,-0.368545,-0.118851,0.257203,-0.035014,-0.063153,-0.018644,-0.183108,-0.167891,-0.027818,0.122617,-0.106495,0.408387,-0.183673,-0.338521,0.014618,0.022022,-0.126895,-0.168301,0.005230
-0.030348,-0.424382,0.121232,0.120732,0.168161,-0.133042,0.101977,-0.329725,0.031055,-0.111983,0.191195,-0.114424,0.130244,-0.059182,-0.086595,0.189731,0.080860,-0.057516,0.516864,0.130407,-0.110897,0.248982,0.072714,-0.019643,-0.418709,0.051711,0.138775,0.029354,-0.039350,-0.247204,0.149865,0.320494,0.073308,-0.351263,0.034716,-0.144396,0.275978,-0.121520,-0.163217,-0.304951,0.036858,0.025787,0.112893,0.086256,0.162674,0.148970,0.093119,-0.135025,0.025705,-0.088267,-0.387375,0.017714,-0.097471,-0.030250,-0.148572,-0.004493,-0.035471,0.097081,0.271115,0.002956,-0.229337,-0.036399,-0.126090,0.401404,-0.093330,0.023513,-0.095226,0.384998,0.236219,0.530194,-0.084795,0.479380,0.116720,-0.086896,0.123314,-0.029999,-0.012067,-0.116378,-0.426417,0.051723,0.003157,-0.275664,0.072693,0.203469,-0.087189,0.075769,0.039588,0.161479,0.261200,0.203664,-0.075448,0.001303,0.040964,0.342580,-0.122438,-0.001661,0.123080,0.170385,0.120398,0.040970,-0.081120,0.253185,0.039735,-0.334785,-0.382840,-0.201622,0.073025,-0.192120,0.103995,0.191727,0.269546,-0.115566,0.292473,-0.172250,0.283451,-0.020164,0.284941,-0.131343,-0.104654,-0.050362,0.003948,0.235220,0.324570,-0.148657,-0.030170,-0.181986,0.156391,-0.014311
-0.139529,-0.035595,0.023917,-0.078081,0.145390,-0.085675,0.618654,0.140697,-0.022945,0.043042,-0.161446,-0.034184,0.044831,-0.141704,0.211577,0.097560,-0.116251,0.230861,0.022234,-0.065514,-0.308587,0.041463,0.123741,-0.041346,-0.165328,0.686986,-0.139347,0.083917,0.002165,0.268943,0.053949,-0.225770,-0.036852,-0.033928,0.023551,0.413210,0.159019,-0.055460,0.105414,0.079449,0.155029,0.043634,0.171743,0.261622,0.076266,-0.155595,0.366637,0.050981,0.054580,0.330292,0.137812,-0.010512,0.101923,0.003245,-0.109015,-0.471478,-0.061033,0.137185,0.048813,-0.009258,-0.055731,0.018963,-0.384727,0.108903,0.069420,0.060247,-0.199402,0.658510,0.122903,-0.121510,-0.064663,-0.192993,-0.060569,0.280079,0.090663,-0.092147,0.007868,0.343658,-0.064433,-0.226095,0.063663,-0.037296,-0.012248,0.314724,0.034341,-0.009512,-0.091488,-0.007476,-0.115264,-0.071568,0.131761,0.042869,-0.079579,0.119485,0.004509,-0.003673,0.020445,-0.210754,0.030212,0.106001,0.257601,0.243603,0.191454,0.058355,-0.175849,-0.293874,0.029808,0.214142,0.028121,0.121195,-0.134323,0.186225,0.498171,-0.136928,-0.257846,-0.399109,0.255202,0.077138,0.163438,-0.200220,0.121552,-0.153390,-0.242068,-0.036678,0.005285,0.194609,0.077294,0.010808
-0.133124,-0.056486,-0.065570,-0.385426,0.178659,-0.166571,0.247701,-0.045715,-0.018322,-0.060705,0.276447,0.171902,-0.057763,0.075937,0.183847,-0.040547,-0.250797,-0.071991,0.247716,0.090617,0.092162,-0.283329,0.080494,0.506891,-0.051698,0.068811,-0.123245,-0.029478,0.004964,0.095955,-0.123420,-0.226794,-0.020812,-0.052063,0.171171,-0.097851,-0.066914,-0.152364,0.064527,0.233337,-0.228324,0.178500,0.143350,0.069138,-0.185623,0.097086,-0.063987,-0.064496,-0.312442,0.356378,0.040501,-0.122562,0.040346,0.199612,-0.181422,0.146053,0.050688,-0.225598,0.077497,0.000641,-0.015791,-0.012025,-0.309678,-0.045937,0.257203,-0.264160,-0.218178,0.085063,0.068951,0.275302,-0.069965,-0.025415,-0.042776,0.469131,0.317831,-0.019353,0.001175,0.313424,0.266483,0.335383,0.072327,-0.084688,-0.002932,-0.256066,0.007473,-0.121430,-0.371677,0.235432,-0.025823,-0.200166,-0.004625,0.159992,-0.040792,-0.455726,0.074641,-0.003209,-0.226066,0.091761,-0.035230,0.018735,0.135079,0.313216,-0.109685,-0.247161,0.045122,0.328825,0.141739,0.045513,0.037957,0.085754,0.102690,-0.132593,-0.067079,0.136861,-0.024470,-0.086697,0.158342,-0.046301,-0.127090,-0.209024,-0.153809,-0.154866,-0.081568,0.383362,-0.000714,0.162745,-0.290271,-0.002373
-0.070554,0.037609,0.137705,0.131970,0.712090,-0.296071,0.235376,0.080835,0.016650,0.026509,0.075158,0.015041,-0.292893,0.104175,0.177249,0.045337,-0.089292,-0.041255,-0.228390,0.023397,-0.160253,-0.179548,-0.189156,0.049323,0.157796,0.076369,-0.018314,0.071449,-0.010074,0.136608,-0.060226,0.048731,-0.113076,0.475455,-0.049714,0.100051,0.101381,-0.043501,-0.085863,0.139042,0.068731,-0.076759,0.149567,-0.451236,-0.557938,0.073866,-0.222882,-0.101766,-0.313597,0.092383,-0.051330,-0.008756,0.219465,0.057286,-0.003398,0.167403,-0.129222,-0.203145,-0.082793,0.021814,0.163514,-0.201835,0.222864,0.236790,0.001139,0.114696,0.271248,-0.084678,0.037307,0.031977,0.022974,-0.126045,0.159232,0.008374,-0.031440,0.004078,0.003923,-0.003639,-0.070145,-0.227102,0.029011,-0.012715,0.079792,-0.198468,-0.163394,-0.001823,-0.095140,0.251464,0.202015,0.006241,0.059399,-0.211507,-0.169239,0.272104,0.204266,0.000265,-0.104720,0.177292,-0.224968,0.092432,-0.000203,-0.149037,0.082030,0.096329,0.135529,-0.008915,0.864606,0.070758,-0.144651,0.014648,0.027691,0.132261,-0.021946,-0.125610,-0.089203,0.014289,0.107323,-0.022003,-0.201385,-0.209236,0.077493,0.046035,-0.095229,-0.373463,-0.007832,0.027946,0.429462,0.012769
-0.106344,-0.146955,-0.041212,0.003829,-0.001670,-1.194827,-0.195059,0.013560,0.000063,-0.052237,-0.100266,-0.013963,0.212457,0.058111,0.007907,-0.086744,0.067397,-0.201520,0.245831,0.021369,0.164263,0.298769,0.133042,-0.079767,0.216572,-0.129337,0.119886,0.012847,0.004719,0.645620,-0.248067,-0.220898,-0.157870,-0.168618,-0.134397,-0.170503,-0.152471,0.034792,0.066725,-0.151140,-0.240033,0.182578,0.124864,0.225150,-0.226954,-0.056582,-0.038789,-0.253139,0.061293,-0.064425,-0.057177,0.104764,0.133396,0.219570,-0.065715,0.111510,0.098895,-0.004129,0.209095,-0.002707,0.257838,0.289639,-0.197579,-0.115458,0.062947,0.167019,0.208946,0.075566,-0.311402,0.098116,0.390487,0.204106,-0.057235,0.034225,-0.486816,0.377932,-0.019059,-0.068996,-0.038038,-0.013388,-0.118654,0.250681,-0.042895,-0.027195,0.316463,0.034828,0.235859,0.323544,-0.081152,0.101780,0.247939,-0.003947,0.691098,-0.101716,-0.023793,0.002675,0.087246,0.065590,-0.019916,-0.012435,-0.148494,0.063575,0.181529,0.126121,0.091247,-0.004711,-0.055891,-0.135717,-0.056337,-0.106027,-0.133193,0.190636,0.214984,-0.068252,0.070577,-0.080537,-0.144178,-0.106316,-0.305556,-0.133757,-0.053077,0.309144,-0.264227,0.062872,0.002067,0.503620,0.589331,-0.005307
0.178717,0.040358,-0.149900,0.180771,0.329055,0.357629,0.275110,0.086665,-0.002905,-0.077030,0.128828,0.368888,0.232801,-0.225923,0.080889,-0.201648,0.083965,0.242871,-0.156285,-0.264529,-0.305018,0.654555,0.267233,0.157027,-0.140098,0.054675,0.146640,0.042424,0.038770,0.242199,-0.006058,-0.245585,0.058683,-0.226343,0.135975,-0.114560,-0.133333,0.205809,0.044056,-0.038533,0.174986,0.332489,0.060226,-0.047162,-0.218274,-0.117262,-0.525977,-0.111441,-0.046417,0.207753,0.067348,-0.043411,-0.065729,-0.155364,0.271284,0.191019,-0.076014,0.018390,0.183117,-0.029777,0.048777,-0.402832,0.013541,-0.174023,0.059147,0.092195,0.355297,0.102065,-0.566882,-0.515578,-0.021195,-0.385373,0.212170,-0.166362,0.143705,0.733463,-0.015342,-0.001219,0.020359,-0.097166,-0.015517,-0.065670,-0.073167,0.125201,-0.355659,-0.010707,-0.092436,0.019708,-0.104839,0.091070,0.049802,-0.262922,0.091339,0.102208,0.162744,-0.008860,-0.221689,-0.400197,0.054281,-0.049864,-0.054754,0.101021,-0.040589,-0.155470,-0.221408,-0.039251,-0.051537,-0.419520,0.228096,0.190502,0.010006,-0.145386,-0.180282,0.043738,0.082007,0.076968,-0.282040,-0.004563,0.037604,0.265064,0.051557,0.293129,0.114840,0.143824,-0.001080,0.002910,-0.298769,-0.000570
-0.192841,0.127657,0.015534,0.032767,-0.376711,0.370850,0.370552,0.222179,-0.028692,0.081885,0.176937,-0.138582,0.168544,0.103943,0.029036,-0.034877,0.043373,-0.108840,0.323342,0.443380,-0.037348,-0.053279,-0.132168,0.279987,-0.008324,0.013167,-0.275187,-0.153494,0.039472,-0.224823,-0.242789,0.096399,-0.363567,-0.062146,0.008825,0.324858,0.164899,0.213662,0.044010,0.111564,0.143111,-0.289760,0.178555,0.298125,-0.009320,-0.084503,-0.189464,-0.158267,-0.236195,-0.276479,-0.266172,0.203321,-0.418710,-0.168825,0.006110,-0.032210,0.064681,-0.144641,0.121699,-0.003262,0.138853,0.206616,-0.020223,0.066762,-0.178642,-0.051318,0.140217,0.098615,-0.309487,0.118354,0.064763,0.129045,0.115864,-0.423201,-0.348520,0.156950,-0.016375,0.670126,-0.057695,-0.077185,-0.035281,0.068927,-0.005418,-0.146203,-0.176061,-0.276064,-0.087902,0.193491,-0.034775,-0.204310,0.194222,-0.227441,-0.027508,0.194147,0.054023,-0.001038,-0.161193,-0.106483,-0.095006,0.024870,0.131359,-0.219310,-0.181139,0.532284,-0.014539,0.168972,-0.004447,-0.423599,-0.107686,0.182015,-0.117068,0.035972,0.105561,0.056546,0.022827,-0.219891,-0.338807,-0.161619,-0.221775,-0.243276,0.418897,0.102743,0.061290,-0.264886,0.004035,-0.258993,0.093170,-0.018377
0.216239,-0.774389,-0.279461,-0.310457,0.110819,0.182419,-0.003820,0.049714,0.006876,-0.047895,0.001621,-0.107349,-0.069290,0.133479,-0.071105,-0.133740,0.117709,-0.004142,-0.093947,0.128708,0.073892,0.041346,-0.094448,-0.022385,-0.066949,0.031751,0.091127,-0.015668,-0.025371,0.054428,-0.069566,0.076360,0.598042,0.000324,-0.299391,-0.006654,-0.115483,-0.274025,0.169418,-0.108385,0.097636,-0.189730,-0.119247,-0.136458,0.241852,0.013142,0.180673,-0.019704,-0.003322,0.404995,-0.116583,-0.069112,-0.041966,0.301904,0.084699,-0.158760,0.087332,-0.105808,0.255244,0.000280,-0.022662,0.292427,0.024550,-0.318664,-0.040408,0.462364,0.041686,0.466199,0.025500,-0.183456,0.182924,-0.024237,-0.038943,-0.797062,0.072702,0.019987,-0.009260,0.046399,-0.117058,-0.130924,0.134094,-0.047219,0.015921,0.171967,-0.176376,0.023536,0.276169,-0.059784,0.014991,-0.078772,0.159109,-0.075457,0.196781,0.093456,-0.114178,0.001747,-0.098586,0.276707,0.001762,-0.273361,0.136769,0.256506,0.288258,0.251764,0.049877,-0.183604,0.159257,-0.093450,0.093727,0.184581,-0.132220,-0.245386,0.245801,0.263462,-0.314218,0.048106,-0.021668,-0.172266,0.083242,-0.036576,-0.259212,0.242313,-0.012693,0.343151,0.005108,0.049623,0.067210,0.000302
0.199053,0.010461,0.158405,-0.144784,0.054315,0.514069,0.035140,-0.211945,0.024673,-0.058203,0.089952,-0.194858,-0.141046,-0.066635,0.059165,0.084332,-0.013589,0.097943,-0.131791,0.620119,0.132902,-0.024110,0.094563,-0.109141,-0.059518,0.205903,0.188354,-0.123282,-0.019256,0.389172,-0.363052,-0.432838,-0.419980,-0.104483,-0.016267,0.080351,0.065629,-0.340140,0.237809,-0.252473,-0.048757,-0.030502,0.072801,-0.019224,0.021744,0.047311,0.035616,0.098392,-0.039806,-0.241895,0.153802,0.060464,0.107082,-0.201185,0.014358,0.035157,0.314480,0.026770,-0.298178,-0.005522,0.056359,0.244386,-0.099339,0.162077,0.136603,-0.714567,-0.005313,-0.017761,0.159805,0.098616,-0.074999,-0.666827,-0.139899,0.182750,0.097527,0.021419,-0.012941,-0.133213,-0.071470,0.074602,-0.079835,0.157606,0.048621,0.159757,-0.204769,-0.041751,0.609488,0.137812,0.056487,0.027939,-0.209063,-0.054710,0.048025,0.211662,-0.101315,0.003807,-0.029757,0.185692,0.224287,0.039138,-0.064203,-0.354612,0.337446,-0.108019,0.254395,0.524829,-0.213288,0.002464,-0.126908,0.114272,-0.129478,-0.233185,0.041909,0.117891,-0.447425,0.073434,-0.115931,-0.454320,0.026851,0.077132,-0.038048,-0.005816,0.018014,-0.352069,-0.000693,0.630903,-0.002914,-0.000120
-0.288134,0.182947,0.228171,0.362035,-0.179262,-0.010175,0.103631,0.047736,0.006678,0.194483,-0.333398,-0.033390,0.055886,0.234230,0.001564,-0.007414,-0.029041,0.152438,0.230765,0.284529,0.036193,-0.009092,0.185127,0.191411,0.051894,-0.375360,-0.073630,-0.035248,0.066901,0.051408,0.200061,0.005409,-0.051409,-0.069758,-0.175191,0.221003,-1.702124,0.255240,0.009589,0.635704,0.032924,0.111993,0.090548,-0.073863,0.067379,0.046421,0.078651,-0.216533,0.112293,-0.106869,0.020746,0.406386,0.053671,-0.065029,0.096154,-0.130445,-0.062497,0.046119,-0.149024,0.003099,0.150988,-0.221723,0.233085,0.146602,-0.065047,0.174741,-0.072783,0.240422,0.314122,0.070452,0.137343,0.323312,0.114270,-0.140529,0.365089,0.157411,0.002303,-0.142199,0.067802,0.291533,0.077165,-0.132370,0.057012,-0.008560,-0.160170,-0.164400,-0.031742,0.004308,0.034509,0.135077,0.013175,0.111041,0.162590,0.123771,0.286472,-0.001446,-0.129595,-0.012178,-0.047862,0.028846,-0.028915,-0.087378,0.117385,0.131821,-0.057079,-0.178479,-0.080420,0.113786,-0.031824,0.199224,0.277214,-0.095379,-0.014205,-0.207068,-0.223200,0.212734,-0.022228,-0.296592,-0.094739,0.075373,0.263512,-0.086338,-0.199164,-0.174105,-0.001192,0.207464,0.132965,0.004856
-0.014402,-0.193217,-0.339177,0.264561,-0.353913,0.225804,0.080208,0.119349,0.047456,0.073373,-0.015528,0.357848,-0.062019,0.199916,-0.093360,0.333809,0.337603,0.139264,0.225501,-0.135875,0.015904,-0.012673,0.116337,-0.152042,0.289963,0.133952,0.073044,-0.154994,0.028749,-0.047755,-0.174266,0.268352,-0.150620,0.128258,0.151385,0.107363,0.072360,-0.077892,0.129116,0.357448,0.232448,-0.118920,0.131467,-0.213767,-0.383924,-0.082170,-0.083674,0.008856,0.009435,0.087507,-0.137754,-0.166919,0.185056,-0.070116,0.256706,0.243939,0.049974,0.406986,-0.176890,0.000204,-0.080363,0.129307,-0.281363,0.060123,-0.082156,0.078096,-0.265576,0.198010,-0.278100,0.411159,0.177980,0.039461,0.048820,-0.204832,0.204382,-0.173489,-0.001033,0.130146,0.043914,-0.154601,0.115768,0.386777,0.039730,-0.138627,0.207381,0.178595,0.082905,-0.072165,0.037423,-0.259798,0.081277,0.201381,0.085249,-0.106708,-0.261945,0.009485,-0.081359,0.049170,0.091242,-0.088009,0.174097,0.128551,0.099510,0.168726,0.291204,0.094728,0.181661,0.063026,-0.101570,-0.262025,0.028081,-0.316579,-0.225636,-0.006211,0.171060,0.077520,0.319999,-0.275293,-0.109522,-0.194451,0.058275,-0.225245,0.003491,-0.021730,0.005995,0.031535,0.305607,0.003393
0.041355,0.101383,0.058032,0.022576,0.310393,-0.078797,0.267022,-0.240818,-0.024406,-0.102863,0.030261,0.059739,0.024074,0.135952,0.260144,-0.085445,-0.320544,0.189532,0.192604,0.287479,0.216772,0.297199,0.230925,0.107423,-0.319437,0.053794,-0.025676,-0.016092,0.014923,-0.211449,0.249793,0.053077,0.140904,0.514877,-0.112486,-0.301771,-0.173368,-0.141875,0.054527,0.021893,-0.086869,-0.087365,0.129559,0.024057,0.076789,-0.055266,0.180507,-0.173181,0.052421,-0.161752,0.055681,-0.080401,-0.094137,0.087712,0.093115,0.274784,0.021068,0.004982,0.066955,-0.006272,0.145667,0.301473,0.214889,-0.416777,-0.206109,-0.488016,0.232783,-0.152753,0.015576,0.142908,0.197525,-0.235887,0.076900,-0.169773,0.039199,-0.026708,-0.003020,0.042713,-0.142993,-0.096060,0.116180,0.419181,-0.039753,0.164163,-0.089674,0.130434,0.157648,-0.018922,0.116951,-0.070371,-0.333003,0.136445,-0.181429,0.158813,0.135985,-0.013819,-0.155915,0.166732,0.023847,0.132122,0.137143,0.008854,0.069394,-0.039773,0.030407,0.024485,0.188678,-0.146477,-0.111335,0.093539,0.027886,-0.111356,0.235230,-0.145756,0.004819,-0.024444,0.186232,0.068116,-0.185397,-0.090912,0.290955,0.664520,0.320800,0.130810,-0.006681,-0.141888,0.035457,0.007541
-0.415039,0.179542,-0.337496,0.009372,0.247891,0.188631,0.027857,-0.061361,-0.032228,-0.157983,-0.402677,0.077153,0.300647,-0.007503,-0.138543,-0.178568,0.163524,0.007386,-0.099438,0.100369,0.055466,-0.122117,0.019063,-0.007955,0.186369,-0.297627,0.139621,0.169815,-0.017938,0.031793,0.025980,-0.063508,-0.083038,0.589834,-0.008394,0.102457,0.034960,-0.156076,0.410275,-0.398626,0.164219,-0.117887,0.080355,-0.268555,-0.350337,0.066563,0.064383,0.091882,0.360990,-0.014730,-0.269681,0.243046,0.085677,0.060797,-0.007750,-0.600301,0.006527,-0.095280,-0.349439,-0.013377,-0.194888,0.318265,0.381185,0.336473,0.002074,0.126261,0.252052,0.119756,-0.044987,-0.061714,-0.151361,0.020197,-0.028806,-0.383639,0.227222,-0.086299,-0.016908,-0.148961,0.050870,-0.230464,0.110389,-0.010334,-0.007217,-0.046074,0.034805,-0.147348,0.052962,0.139584,0.017948,-0.040887,0.012771,-0.063893,0.162350,0.264653,-0.097419,-0.018795,0.011921,0.124268,-0.117464,0.123895,-0.195558,0.009703,0.056426,-0.125836,-0.074466,0.038274,0.091989,-0.067021,0.042158,-0.027222,-0.082910,0.154109,-0.085888,-0.048756,-0.136626,-0.090321,0.122700,-0.111268,0.213815,0.115000,-0.189956,-0.133058,-0.017901,0.248042,-0.019909,0.066789,-0.155806,-0.007428
-0.170022,-0.096843,-0.487423,-0.284837,-0.215460,0.064159,0.007646,-0.007883,-0.027147,0.008230,0.156594,-0.018874,0.110022,-0.143450,-0.126737,-0.010106,0.058157,0.253766,0.074293,-0.121583,0.110609,-0.025675,-0.015940,0.068368,0.075751,0.376655,0.062083,-0.020732,0.001561,0.105052,0.071856,0.165200,0.181014,0.143350,0.094000,-0.047705,-0.081026,0.054611,0.167913,-0.061147,0.019263,-0.015160,-0.062582,0.174344,0.154579,0.250515,0.079571,0.054679,0.111111,0.047996,0.330978,0.277817,0.125143,0.147122,-0.022662,0.095030,-0.508000,-0.242091,-0.090284,0.001711,0.155207,-0.179078,-0.071739,0.052934,-0.027721,-0.327685,-0.004470,0.167351,-0.046145,-0.119186,0.337786,-0.291942,-0.183617,-0.178886,-0.047622,0.218087,-0.005931,0.419436,0.182045,0.015926,-0.197144,0.023940,-0.018197,0.121379,-0.187514,-0.116982,0.145668,-0.111878,0.009539,-0.328175,-0.133864,0.017090,0.108679,0.070885,-0.040829,-0.005309,0.044790,-0.106433,0.133304,0.234485,0.031759,0.351570,0.178084,0.255447,-0.139916,-0.381747,0.293559,0.063552,-0.219125,-0.156510,-0.120341,-0.257239,0.059707,0.009265,0.281573,0.399781,-0.028713,-0.092480,-0.004703,-0.159757,-0.152079,-0.396377,-0.126001,-0.247803,-0.004124,-0.177568,-0.046260,-0.011873
-0.094501,-0.126200,0.098018,0.162181,-0.027592,0.238583,-0.253460,-0.166651,0.000303,0.158280,-0.138866,0.427542,-0.166520,-0.008607,-0.124792,-0.163857,-0.547593,0.067376,0.113576,-0.352510,-0.048080,0.105348,0.033138,-0.362870,0.032738,-0.064560,0.198582,-0.158298,-0.018449,-0.074042,-0.141092,0.110637,-0.549753,0.196559,0.248593,-0.206630,-0.013013,0.469156,0.041488,0.064972,-0.023132,0.349343,-0.221230,-0.164399,-0.129218,-0.023689,0.419267,0.058744,-0.208451,0.212697,0.025787,-0.150990,0.032082,-0.090356,0.137551,0.012591,-0.010816,0.189053,-0.015651,-0.039214,0.038879,0.062955,-0.007021,0.062348,0.102215,0.277062,-0.201405,0.043508,-0.052022,-0.044518,-0.200873,0.278505,-0.058205,-0.053738,0.224945,0.106964,-0.019247,-0.051181,-0.039002,0.122930,-0.036270,0.134065,0.045647,0.055309,-0.372468,-0.099429,0.105933,-0.062436,-0.142362,-0.256741,0.059196,-0.022229,0.018835,0.112139,0.082961,-0.014380,0.172360,0.034446,0.008150,0.003061,-0.053272,0.299799,0.065085,0.121342,0.139587,-0.024657,-0.056968,-0.093343,-0.126412,0.064315,0.135501,0.006332,0.167546,0.268850,0.008650,-0.127723,-0.057412,0.033078,0.164741,-0.174691,-0.143736,-0.047015,0.104651,0.316017,-0.028520,-0.330508,0.373090,-0.022641
-0.088386,-0.179833,0.119410,-0.134517,-0.105701,-0.060653,0.153370,0.079242,-0.019102,0.084241,0.036706,-0.056934,-0.235400,0.084809,0.080653,0.185229,-0.166574,-0.154648,0.301651,-0.024992,0.078111,0.267558,-0.172868,-0.084236,0.126435,-0.132604,0.235980,0.145790,-0.017029,-0.059561,-0.260401,-0.051702,0.197295,-0.019712,-0.037338,0.174103,-0.045080,-0.137530,0.098340,0.044043,0.116644,0.126795,0.126936,-0.194590,0.081644,0.019731,0.056784,0.089055,-0.239453,-0.003385,0.164852,-0.000531,0.165124,0.063377,-0.279475,-0.049930,0.191310,0.259898,0.016617,-0.008769,-0.223473,-0.057163,-0.053827,0.186051,-0.267238,0.031866,-0.139141,-0.246505,-0.081923,0.143322,0.164020,-0.085789,0.078542,-0.149280,0.204514,0.027034,0.012186,0.268476,0.063314,-0.169364,0.014429,-0.088816,-0.051820,-0.032039,0.088396,-0.304074,-0.126658,-0.090759,0.144159,0.094114,0.067268,0.291979,-0.124050,-0.103837,-0.356009,0.007172,0.052290,-0.078687,-0.134236,0.198417,0.039655,0.057777,-0.019296,0.298174,0.376865,0.077059,0.007328,-0.119955,0.104032,-0.089739,0.039320,0.003445,0.217509,0.008206,-0.016516,-0.093382,0.104522,-0.001078,-0.100726,1.732649,0.449359,0.076088,-0.077468,0.088980,0.005889,-0.008898,-0.132743,-0.004371
-0.210193,-0.077926,-0.007873,0.110428,-0.083283,-0.196671,0.240300,0.123117,-0.003977,-0.117146,-0.053598,-0.094956,-0.050163,-0.050360,0.157402,-0.342554,0.137968,0.016521,-0.072462,0.065659,-0.307746,0.063336,0.177012,0.801416,-0.095194,-0.042382,-0.136886,-0.310498,-0.044055,0.092085,0.092264,0.290520,-0.102807,0.138593,-0.217240,0.198854,0.266088,0.221076,-0.218703,-0.130639,-0.039429,0.081469,0.580610,0.024171,0.081828,0.063553,0.152111,-0.397703,0.187942,-0.022445,-0.066605,-0.164468,0.278147,0.118891,-0.018979,-0.170849,-0.028053,-0.051888,-0.010016,-0.007721,-0.208786,0.248835,0.146002,0.127747,0.311632,-0.110990,-0.098787,-0.058441,0.376240,-0.221849,-0.284262,-0.104275,-0.040217,0.223042,-0.031852,0.126263,0.005109,0.041927,-0.199737,0.266477,0.207904,0.229903,0.004652,-0.226767,0.026483,-0.178891,0.474900,0.010303,0.164547,-0.209189,0.144677,-0.081054,-0.178473,0.002033,-0.436577,-0.010062,0.232341,-0.230026,0.034783,-0.267526,0.150630,0.126897,-0.042888,-0.120129,0.115782,-0.254850,0.073068,0.040259,0.084192,-0.026509,0.217172,-0.136259,-0.140464,0.107350,-0.037375,0.031721,0.436937,0.104298,-0.124205,0.038144,0.187371,-0.125191,-0.290136,-0.153743,-0.011289,-0.175490,0.066725,0.001821
-0.075494,0.187388,0.439539,-0.055215,0.024517,-0.182192,0.008112,-0.000813,0.007658,0.121739,0.031605,0.110525,0.133482,0.206235,-0.750314,0.500287,0.037949,-0.008908,0.318489,0.020540,0.179999,0.073761,-0.139980,0.381061,0.075822,0.171909,-0.095934,0.048311,0.001236,-0.228013,-0.290040,-0.153819,-0.027492,-0.051239,0.214027,0.049610,0.573750,0.015174,0.162038,0.121014,0.153393,0.041057,-0.014659,0.122316,-0.038891,0.059706,0.040190,-0.127648,-0.100818,0.033353,0.637319,0.715878,0.276554,0.074121,0.120975,-0.087428,0.104200,-0.235401,-0.085482,-0.000682,0.086637,0.236915,0.178805,0.045579,0.096145,0.153038,-0.164045,0.113143,0.068504,-0.115687,0.284687,0.406519,-0.081538,-0.137882,0.049812,0.276052,0.018117,0.289387,-0.218831,-0.039654,0.031480,0.073133,0.000553,0.133920,0.049398,-0.250160,0.106666,-0.171908,0.224696,-0.186784,-0.303868,0.106203,0.213600,-0.004286,0.435429,-0.004965,0.245822,-0.121932,-0.008668,0.111907,0.017762,-0.098136,0.073899,-0.105646,0.010761,0.135645,0.209272,-0.209267,-0.186632,-0.294382,0.205799,-0.164253,-0.305591,-0.121428,0.206166,0.210801,-0.043241,-0.054371,0.057204,0.033452,-0.137488,-0.122499,0.543625,0.151378,0.005360,0.001887,-0.079908,0.029022
-0.113117,-0.057260,0.329754,-0.126349,0.558533,0.050243,-0.116725,-0.187511,-0.013372,0.073797,0.179700,0.008851,0.114014,0.082841,0.040225,0.225066,0.206261,-0.014231,-0.293472,-0.109492,-0.182985,0.078286,-0.060322,-0.094782,-0.023597,-0.092658,-0.157814,-0.146333,0.006334,-0.177971,-0.062508,-0.011453,-0.080599,-0.133764,0.057461,0.071217,0.007139,-0.179730,0.100088,0.293010,-0.026868,0.068453,-0.421789,0.137285,-0.011475,-0.230259,-0.030272,-0.129604,0.275883,0.120351,0.445490,-0.273098,-0.140493,0.170240,-0.146932,0.023577,0.044770,-0.036473,0.113866,-0.005069,-0.101584,0.070565,0.214492,0.534588,0.050692,0.090221,0.000802,-0.164841,-0.199535,0.072128,-0.135359,0.149058,0.288402,-0.109653,0.153921,-0.006629,0.001373,0.053225,0.218073,1.104026,-0.011244,-0.017104,-0.036549,0.075146,0.015189,-0.065374,0.263910,-0.098685,-0.129895,0.068658,0.034588,0.009268,-0.122903,0.187489,-0.066565,0.020026,-0.424867,-0.205482,0.070019,0.112058,-0.064718,0.015370,0.278830,-0.087810,0.065736,0.081176,1.085837,-0.044005,-0.065532,-0.012217,0.086349,0.039364,-0.072143,0.367950,-0.047665,-0.053380,0.090464,-0.088745,0.008470,0.068922,0.007318,0.075222,0.042793,-0.019856,0.001186,-0.035337,0.054009,-0.021652
-0.207015,0.022458,0.101617,-0.064011,0.104094,0.091975,-0.184909,-0.145422,0.028463,0.306748,-0.059205,-0.088869,0.201446,-0.045382,-0.033804,-0.200275,-0.115355,0.028800,-0.116459,-0.035724,0.018281,0.279812,0.113069,-0.174075,0.830660,0.422346,-0.052260,0.082514,0.082452,-0.167549,0.003202,0.285807,-0.211811,-0.217140,0.152466,-0.099238,0.110972,-0.087587,-0.095002,-0.122134,0.022409,0.192596,0.169657,0.087509,-0.029478,-0.010489,-0.040821,-0.145449,0.327689,-0.047972,-0.126024,-0.097998,-0.058832,0.342065,0.043737,0.190078,0.017210,0.012058,0.274618,0.003175,-0.013010,-0.252963,-0.166428,0.345296,0.029050,-0.513167,0.064530,-0.252137,-0.120324,0.050539,-0.015543,-0.074330,-0.116449,0.079928,-0.013899,-0.265699,-0.003049,0.219584,-0.059663,0.043107,0.101938,-0.105538,-0.028168,-0.565463,0.342284,-0.050760,-0.010608,-0.095850,0.097912,0.067384,-0.192277,-0.052315,0.203671,0.547039,0.027078,-0.007636,-0.050293,0.022860,0.046449,0.058574,0.146351,-0.136102,0.073504,0.137925,-0.010081,-0.115165,-0.215268,-0.128868,0.432327,-0.087176,-0.071421,0.097580,-0.226411,-0.064122,-0.402801,0.214948,-0.148420,0.085151,-0.195240,-0.026053,0.083697,0.173128,-0.390410,0.086441,-0.014876,-0.624220,0.325240,0.014519
-0.360999,-0.244781,0.270345,0.117396,0.136656,-0.081038,-0.042205,-0.204846,0.017613,0.013531,0.089969,0.063508,0.312960,-0.211477,0.247032,-0.217783,0.213814,-0.021860,0.663875,-0.006971,0.106124,-0.017688,0.055098,0.232477,0.283819,0.127408,-0.021627,-0.263226,0.168010,-0.092872,-0.038040,-0.240160,0.227516,0.041933,-0.107297,-0.343268,0.243200,-0.240448,-0.235815,-0.001250,0.265619,-0.040737,0.089461,-0.199009,0.205778,-0.025249,0.023850,0.036520,-0.170605,0.054624,0.315862,0.079508,-0.062579,-0.154926,0.098162,0.085865,0.028521,0.240134,-0.180022,0.003604,0.176578,-0.080101,0.321415,-0.161662,0.188036,-0.171651,0.175930,-0.070361,0.162191,-0.726118,0.326378,-0.027899,0.206892,0.116596,0.073149,0.203571,0.021098,-0.071885,0.049170,0.126554,0.058730,0.077756,0.108257,-0.029890,-0.033675,-0.226134,0.041965,0.183461,0.051128,0.070604,0.033977,-0.081773,-0.107817,0.157354,0.369072,-0.004685,0.139326,0.123457,0.016450,-0.122154,0.054132,0.174562,-0.118317,0.124812,-0.345280,-0.189191,-0.070334,0.203820,0.102680,-0.150322,-0.051051,0.024868,0.069557,-0.240825,-0.190883,-0.326379,0.048198,-0.386518,0.085877,0.178313,-0.392187,-0.276733,0.121387,-0.199428,0.012572,-0.142993,0.107508,-0.002094
0.224605,-0.156363,0.298837,0.011745,-0.041474,0.027991,-0.447811,0.162724,0.029233,-0.033589,0.343871,0.033630,-0.007814,-0.085772,0.187293,0.052665,-0.094600,0.201726,0.228007,-0.289961,-0.181550,0.065546,0.058691,0.225287,0.022899,0.108931,-0.115778,0.641109,-0.000853,-0.236170,0.544647,0.086517,0.006395,0.054792,-0.138915,0.217428,-0.029949,-0.191708,0.015999,-0.221701,-0.136728,0.088396,0.082771,0.220637,-0.031740,-0.047620,0.047494,0.151114,-0.002742,0.086101,-0.036095,0.261073,-0.202688,-0.042186,-0.030146,-0.114421,0.170996,-0.003894,0.004604,-0.000269,0.053424,0.118303,0.171206,0.054252,0.007471,-0.087133,0.179787,-0.030279,-0.127688,0.091407,0.208861,0.107194,0.007771,-0.034036,0.083858,0.040592,0.005636,-0.107028,-0.050493,0.010323,0.137304,1.258593,-0.065571,0.287873,-0.140487,-0.398824,-0.224471,0.020271,0.181951,0.182890,0.278313,0.054504,0.010849,0.071977,0.090937,-0.001023,0.075984,0.165035,-0.131683,0.138273,0.133054,-0.226494,-0.038844,-0.104233,0.100450,0.078803,0.079874,0.233921,-0.198071,-0.065375,0.075486,-0.019470,0.211344,0.436006,0.070390,-0.056322,-0.245793,0.381865,0.218658,-0.030153,-0.214324,0.102562,-0.684392,-0.149501,0.012474,-0.178375,0.060665,0.006416
0.221674,-0.047087,-0.110905,-0.280235,-0.328817,-0.085174,0.208499,0.008825,-0.008415,0.093418,0.256778,0.098499,-0.163579,0.419827,-0.099426,0.277678,0.122592,0.050673,-0.158110,-0.215423,-0.239040,0.246440,0.277854,-0.218025,-0.414334,-0.199785,-0.312278,-0.031317,0.167376,0.068235,-0.006248,0.490146,-0.174048,0.134143,0.213811,0.022135,-0.265855,-0.059564,-0.082375,-0.101806,0.015249,-0.085336,-0.070246,-0.132368,-0.321097,-0.043284,0.285395,-0.022612,-0.343881,-0.172738,0.280667,0.109644,-0.586361,-0.136896,-0.065156,-0.089198,-0.032991,-0.160924,0.042792,0.005779,-0.099078,0.365549,-0.005056,0.213406,0.090808,-0.115362,-0.070717,-0.070510,-0.051134,-0.712413,0.053250,0.181179,-0.227242,0.245742,-0.084818,-0.149974,-0.006678,-0.176326,-0.020914,-0.041520,-0.054021,-0.051113,-0.035237,-0.165752,-0.030456,-0.161801,0.041241,0.023085,0.488756,0.050966,0.071376,0.169447,0.145034,-0.138819,0.075789,-0.010647,0.003132,0.522803,-0.073429,0.071195,-0.072712,0.049682,0.037630,-0.091979,0.189347,-0.085865,-0.066257,0.050013,0.090728,0.162105,-0.132521,0.072802,-0.222666,-0.235357,-0.012807,0.150926,0.168767,-0.180790,-0.155301,0.085449,-0.145890,-0.014781,0.128526,0.096316,0.001661,-0.064285,-0.164408,0.003348
0.121437,-0.069424,-0.119349,-0.073606,-0.095398,-0.264989,0.306802,-0.143464,0.013410,-0.251137,-0.008069,-0.029317,0.603541,-0.092995,0.508436,0.291325,-0.070812,0.034199,0.030716,0.392062,-0.472187,-0.024293,-0.012912,-0.029047,0.159398,-0.315125,0.281475,0.237543,-0.057100,0.014875,-0.259853,-0.049827,0.218848,-0.002248,0.012287,0.131449,0.134476,0.263297,0.304176,-0.325175,0.063495,0.111680,-0.330582,0.274588,-0.107715,-0.063908,-0.362192,0.043149,0.018050,0.144833,-0.324741,0.345641,-0.068374,0.071910,-0.078007,-0.118602,0.009485,0.128047,0.378639,0.001203,-0.098447,-0.096096,-0.229849,0.210372,-0.073560,-0.092384,0.116381,0.038433,0.081628,0.133019,-0.120017,0.287876,0.370970,0.020553,0.179304,0.032510,-0.014752,0.218626,0.379993,-0.139950,-0.080227,-0.192190,0.012598,-0.029765,-0.013735,-0.334431,0.190485,-0.153302,0.316037,0.001047,0.251189,-0.262662,0.003643,0.104720,0.228884,-0.004925,0.040721,-0.088337,-0.045633,-0.047259,0.320516,-0.202462,0.051419,-0.054390,0.153298,-0.050182,0.001663,0.227937,0.025008,-0.170531,0.177271,-0.108145,-0.415030,0.315083,-0.004986,0.025271,0.045929,0.050461,0.163484,-0.014886,-0.145266,-0.151742,-0.064689,0.106639,-0.000199,0.097442,-0.053375,-0.011748
0.233252,0.219290,-0.237592,0.081469,0.267612,0.200243,0.139940,-0.000381,0.000749,0.191615,0.015216,0.347004,-0.060746,-0.016731,-0.188527,0.212373,-0.170394,0.011817,0.260610,0.375391,-0.099157,-0.456503,-0.219939,-0.083667,0.057898,-0.195255,-0.143133,0.033968,-0.066195,0.408925,-0.039514,0.502284,0.154456,-0.005666,0.025909,0.080114,0.013312,-0.119274,0.205991,-0.162372,0.036580,0.415238,0.123187,-0.225173,-0.089269,0.042711,0.028536,-0.145846,0.330416,0.103453,0.165620,-0.059941,-0.239106,0.176299,-0.296611,0.096403,-0.151847,-0.175117,-0.097944,0.003597,-0.009985,0.291905,-0.109216,0.102550,0.023614,-0.138358,0.150460,0.071536,0.217066,0.266069,0.118668,-0.249040,-0.098133,-0.085035,-0.019078,0.344750,0.024602,-0.060629,0.071402,-0.194502,0.016157,0.145987,-0.034210,-0.477814,-0.615321,0.201770,-0.079935,0.262730,0.241980,0.268805,0.048244,0.176165,0.063170,0.243342,0.018228,0.010519,0.045834,-0.234953,0.147081,-0.181166,0.013101,-0.077033,0.166259,-0.196119,-0.183340,-0.088673,-0.168537,0.242752,-0.054339,0.069758,0.116045,0.018266,0.233120,-0.168323,0.143397,0.125695,0.036972,0.178867,-0.157082,-0.042055,0.029245,0.212048,0.088342,0.502490,0.008514,-0.072468,0.172800,-0.005048
-0.033832,-0.078132,0.495609,-0.135966,0.098240,0.127634,0.257681,0.085147,0.004254,0.003779,-0.142901,-0.025246,-0.110490,0.071097,0.014831,0.170503,-0.875205,0.006085,-0.441280,-0.221913,-0.052656,-0.425117,-0.253300,0.129104,0.289467,-0.087930,-0.074351,0.040562,-0.044348,-0.007206,-0.011098,0.050352,0.196507,-0.031703,0.016055,0.067547,0.007956,-0.104844,-0.059481,0.073465,0.053165,-0.303102,0.019888,0.237852,0.048296,-0.091963,-0.129877,-0.165595,-0.045427,-0.082210,0.379667,-0.338103,0.085770,-0.249100,-0.429570,-0.003220,-0.129127,-0.138650,-0.009766,-0.031107,0.036108,-0.036173,-0.110033,-0.089893,0.008295,0.171138,0.168189,0.026396,0.137862,-0.188675,0.200492,0.143656,0.132544,-0.184739,-0.063710,-0.336653,-0.039060,0.072056,-0.262848,0.143482,-0.034101,0.145096,-0.095610,-0.098376,0.118127,-0.103402,0.007746,-0.290536,0.335580,0.052903,0.124874,-0.209231,0.131660,-0.026836,0.308698,-0.016367,0.148599,0.226485,0.015294,-0.229478,0.322783,0.036320,0.158566,0.047294,-0.305560,-0.036787,-0.394142,0.036190,0.103786,0.076617,-0.116312,-0.107274,-0.162342,-0.001583,-0.040981,-0.071685,0.229664,0.079650,0.030930,0.026188,-0.018194,-0.129474,0.397084,-0.084043,-0.012952,0.258637,0.321363,-0.028684
0.158549,-0.000569,-0.045014,-0.031163,0.220013,0.116459,0.137214,-0.225604,0.008967,0.083868,0.350460,0.158495,0.225749,0.040696,-0.028914,0.003800,0.125002,-0.032517,0.146748,0.406126,0.009811,0.092613,-0.025766,0.382349,-0.014532,-0.322981,0.175112,0.163258,0.049942,0.047563,-0.127229,0.213817,0.485168,-0.111229,-0.015049,0.245793,0.055399,-0.098667,-0.294460,0.468415,-0.553265,-0.288902,0.167854,-0.187995,-0.121382,0.003485,0.406100,0.187912,0.222765,0.161062,0.006456,0.182075,-0.002661,0.090996,-0.145674,0.025807,0.064860,0.175555,0.134797,-0.030362,0.070842,0.021460,-0.074735,-0.336817,-0.319409,-0.016109,-0.125183,-0.318334,-0.257901,0.061019,0.070772,0.048991,-0.087825,-0.144947,0.294912,-0.274942,-0.016800,0.048470,0.182166,-0.183519,0.030483,-0.103010,-0.058069,-0.032062,0.329802,0.077266,0.001999,-0.142472,-0.145355,-0.240816,0.044187,0.250923,-0.100920,0.071317,0.003877,-0.011938,0.082588,0.325656,0.071951,-0.009141,-0.253243,0.051253,0.072867,-0.311154,0.138452,-0.118416,-0.082358,0.169085,0.034429,-0.098545,-0.108156,0.117900,-0.221504,-0.035976,0.140132,-0.384023,-0.450236,-0.007692,-0.165476,-0.230080,-0.067980,-0.010717,-0.205383,-0.293991,-0.034312,0.125467,-0.273083,-0.011456
0.151488,0.040520,0.078031,-0.092347,0.024481,0.098412,-0.005026,0.098849,0.025847,0.205366,-0.191234,0.032111,-0.262669,-0.068893,0.079546,-0.163613,0.048239,0.091941,-0.284223,-0.021976,-0.132483,-0.055873,-0.243571,-0.066348,-0.089689,0.276783,-0.028739,0.131001,-0.031755,-0.155358,-0.097715,0.097650,-0.048514,-0.033778,-0.133874,-0.180945,-0.082468,0.053868,-0.229308,-0.176288,0.267721,0.166132,-0.292377,0.032473,0.087997,-0.025623,0.160605,0.010498,0.176539,0.112878,0.055535,-0.085577,-0.059500,0.028798,-0.185162,0.092797,0.002969,0.188206,0.103534,-0.007711,-0.089239,0.233022,-0.024718,-0.234204,0.149130,-0.013448,-0.006872,0.191642,0.358294,-0.248488,0.224180,0.056905,0.066299,0.023023,-0.120920,0.538541,0.001264,0.308312,-0.110325,-0.285843,0.170407,-0.410237,0.002974,-0.848091,0.825637,0.311521,-0.017324,0.530299,0.083269,-0.212711,0.330228,0.067150,-0.087592,0.117325,0.095580,-0.003821,-0.063046,-0.075219,-0.136984,0.102443,-0.132849,-0.104830,0.193855,-0.173890,-0.121779,0.225552,0.399517,0.419636,-0.107312,0.143860,-0.016392,0.017851,0.174837,-0.074849,0.182943,0.241022,-0.560109,-0.136576,0.166918,0.205368,-0.033788,-0.119802,-0.121217,0.138540,0.001635,0.116908,-0.092844,-0.013648
-0.251836,0.187825,0.117539,-0.096498,-0.289696,-0.331112,0.381168,-0.001166,-0.015794,-0.179203,-0.262409,-0.059156,-0.341340,-0.114368,-0.340159,0.351629,0.099143,-0.001502,-0.027116,0.424285,-0.021747,0.047421,0.061315,-0.069796,0.172604,0.050687,0.076914,-0.064648,-0.049312,-0.103985,-0.178345,0.112622,0.123596,0.011814,-0.304528,-0.089845,-0.054958,0.213244,0.060758,-0.158272,0.238993,0.234880,-0.251453,0.163949,0.096681,-0.008663,0.180722,0.029448,0.020092,0.025981,-0.130781,-0.137462,0.053692,0.021120,0.042216,0.284760,0.008612,0.024829,0.126745,-0.016776,-0.067124,-0.137551,0.044057,0.111058,0.027585,-0.164821,-0.061238,0.118301,-0.534399,-0.336726,-0.039040,0.097417,0.099304,0.225405,0.152023,-0.130039,-0.029299,-0.244179,-0.241924,-0.045272,-0.046918,0.371701,0.011050,-0.032698,0.147076,0.092863,0.064145,-0.038200,-0.107540,0.257143,0.371199,0.029937,-0.221944,0.023663,0.175694,-0.020642,-0.078907,-0.390300,-0.048773,-0.092316,-0.137667,-0.239319,0.003179,0.049833,-0.061917,0.075651,0.229052,0.110328,0.148306,-0.318428,0.025659,0.140046,0.398078,0.164401,-0.240488,-0.317641,0.105367,0.113516,-0.186394,0.134165,0.311555,-0.124333,0.043003,-0.106824,-0.028356,0.175672,-0.202247,-0.010330
0.559951,0.219244,-0.141059,-0.336670,0.142727,-0.144357,-0.220156,0.082604,0.015803,0.195213,0.059152,0.101077,0.380748,0.174611,0.208913,0.249230,0.199968,0.126292,-0.334475,0.541560,-0.643221,0.040816,-0.198705,0.194800,0.119556,-0.129893,0.012419,-0.054343,0.002455,-0.153103,0.284545,-0.016671,-0.094759,0.292328,0.333384,0.018718,0.162643,0.037255,0.124780,0.182922,0.133087,-0.008844,-0.077967,0.074738,0.133875,0.019261,0.013331,0.289957,-0.242145,-0.264444,-0.051364,0.041427,0.026530,0.067730,0.076736,-0.102301,0.072734,0.025841,0.057796,0.004417,-0.042239,-0.044811,-0.190662,-0.130989,-0.106093,-0.065205,0.104631,0.081582,0.059307,-0.148310,-0.269746,0.063879,-0.401059,-0.015934,0.177881,0.273104,0.005233,-0.093378,0.062338,0.088318,-0.049337,0.332165,0.057664,-0.255696,0.132965,0.295389,-0.115419,-0.332716,-0.207039,0.300173,0.068510,-0.143653,0.045640,-0.096786,0.346187,-0.007884,0.298346,0.108659,0.213265,0.094398,0.292068,0.037063,-0.121829,-0.180290,-0.071005,-0.148847,0.159233,-0.464876,0.006475,0.043274,0.158217,0.291264,0.135304,-0.016276,-0.060525,0.407832,0.095427,-0.311122,0.137959,0.281193,0.050035,-0.009198,-0.013816,-0.049631,-0.004531,0.129726,0.080272,0.017089
-0.061737,-0.200946,0.274729,0.291410,0.195158,0.047568,0.272782,-0.115499,0.008146,-0.216771,-0.188647,0.077779,0.184508,-0.191128,-0.161794,0.116879,-0.230570,0.232282,0.007699,0.209766,0.289896,-0.044460,0.412343,-0.214009,0.018960,0.277354,-0.054245,-0.079069,0.064479,-0.095958,0.071055,-0.081253,-0.735748,0.259932,-0.304776,0.453393,0.032735,-0.051708,-0.245096,0.018213,0.329061,-0.260285,0.115939,-0.164347,0.116550,0.079962,0.061023,0.202895,0.016964,0.327316,0.072278,0.376077,-0.038109,-0.021615,0.036440,-0.602771,-0.184624,-0.246103,-0.169289,-0.010485,-0.020942,-0.052499,-0.730328,-0.311699,0.032014,0.042131,0.091766,-0.212421,-0.214598,0.023542,0.211839,0.046198,0.071925,-0.040864,-0.131267,-0.029241,-0.020391,-0.260573,0.056151,0.161393,-0.021394,-0.128354,-0.089432,-0.115557,0.132076,-0.018424,-0.024335,0.180274,-0.106154,0.430576,-0.229027,0.141202,-0.082514,-0.136721,-0.353997,-0.009774,0.076359,-0.098710,0.039366,0.012147,0.136971,0.424021,-0.218256,-0.240509,-0.025176,-0.101972,0.136240,-0.127558,0.088906,-0.229893,0.222692,0.279454,-0.228810,0.239703,0.148988,0.356416,-0.066238,0.251508,0.026001,0.095609,-0.044280,0.108456,-0.001750,-0.171718,-0.000099,0.033859,0.291747,-0.013046
0.056128,0.068327,0.157856,-0.391013,-0.124397,0.176109,0.069738,0.285222,0.002200,0.097954,0.428718,0.175814,0.133554,0.198980,0.034644,0.115130,0.141016,0.012931,0.154969,-0.427756,0.337326,0.101519,0.111160,0.434316,0.330475,-0.077113,0.052163,-0.079248,0.003419,0.380887,0.085238,0.014165,-0.038333,0.225342,0.141987,0.003976,0.060386,0.118503,0.203578,-0.229027,-0.019150,0.000224,0.051829,-0.228194,-0.073763,0.117735,0.144117,0.127513,-0.124748,-0.055106,-0.014813,-0.195045,-0.354116,0.165468,0.032041,0.040853,-0.068492,0.023044,-0.014978,0.000569,0.032193,-0.308583,0.026538,0.359732,-0.084930,-0.274442,-0.181145,0.145222,-0.036469,-0.026737,0.045326,0.173997,0.477295,-0.191251,-0.115569,-0.131293,-0.028291,-0.293305,0.005595,-0.068959,-0.039229,-0.154414,0.019691,-0.256385,0.051950,-0.172005,0.007836,-0.089635,-0.394689,-0.041017,0.044411,-0.103402,0.101428,-0.243359,-0.132712,0.010644,0.283217,0.011660,0.120420,-0.072765,-0.174406,-0.202511,-0.234999,-0.187255,-0.046345,-0.115147,0.023330,0.592414,0.083751,0.397238,0.169202,0.027759,0.073733,0.003605,0.135026,-0.197356,0.248279,0.174103,0.125149,0.119626,-0.188745,0.414184,-0.032181,-0.482925,0.008505,0.197246,-0.023427,0.014994
0.419236,0.211333,0.023675,0.049171,0.187004,0.285512,0.224190,0.409186,0.022958,-0.083814,0.069413,0.094486,0.328355,0.029240,-0.043053,-0.124834,-0.705602,-0.083120,0.129296,0.035852,0.023691,0.264625,0.302149,0.054880,-0.149575,0.020821,-0.169846,-0.063147,-0.078610,0.080360,0.057372,0.294594,0.148691,-0.127517,-0.011144,-0.097106,0.141882,-0.091404,0.064499,-0.139652,0.051963,-0.445807,0.063657,-0.062800,-0.259089,-0.001061,0.256084,0.077087,0.126254,0.051027,-0.255281,0.007878,0.781298,0.035154,-0.081457,-0.193255,-0.045047,0.209195,-0.285664,0.014845,0.166907,-0.014898,0.087766,0.237400,-0.088803,0.262867,0.303367,-0.172251,0.005246,0.072367,0.224946,-0.339812,-0.001912,0.247195,0.051502,0.277126,-0.002383,-0.310170,0.074202,-0.240934,0.086540,0.085649,0.028470,-0.001234,0.198247,-0.190327,-0.037377,-0.035423,-0.236864,-0.106230,-0.014349,-0.153592,0.135381,0.027622,0.092054,0.009634,-0.009207,0.055255,-0.012110,0.069945,-0.133997,0.024824,-0.214934,0.447840,-0.072351,0.405128,-0.004510,0.070228,0.016710,0.045649,-0.149244,-0.339506,-0.262047,0.022898,0.101490,0.000987,0.098745,-0.048324,-0.068469,0.349867,-0.006895,-0.305416,0.204595,-0.046816,-0.011001,-0.167219,0.261422,-0.009624
-0.001569,-0.013233,-0.244172,0.076198,0.165839,-0.071547,-0.305310,0.340717,-0.024308,0.267016,0.349790,0.162583,-0.353306,0.055371,0.106379,-0.062046,0.272284,-0.098921,-0.178570,-0.463279,0.012406,-0.215145,0.107394,-0.055521,0.005495,0.079025,0.052767,0.125045,-0.024427,-0.099353,0.400722,-0.004223,-0.324532,-0.397391,0.087267,0.011810,0.083786,-0.301717,0.130431,0.225484,0.225953,0.090631,0.254322,0.237665,0.382431,-0.060398,-0.314951,-0.163709,0.283895,0.074496,-0.164388,0.125865,0.544777,-0.174736,0.161331,0.017523,-0.082779,-0.186955,0.067573,-0.026004,0.104580,0.157334,-0.008043,-0.068934,0.028449,-0.015617,-0.137263,0.208174,0.303398,0.131113,0.071258,-0.222002,0.175886,-0.234377,0.029652,-0.159400,-0.022797,0.025034,0.198427,0.057775,-0.016904,0.102703,-0.028190,0.059553,0.278848,-0.138873,-0.377712,0.194179,-0.089038,0.182046,0.052532,0.179359,0.023740,0.025673,0.049828,-0.029604,-0.154786,0.206111,0.045799,-0.036334,-0.003444,-0.265864,0.034094,-0.308901,-0.194673,0.115165,0.024066,-0.083567,0.126709,0.228833,0.014892,-0.066966,0.034600,-0.319916,0.158426,0.153187,0.359241,-0.234838,-0.044007,0.235318,0.327580,0.119195,0.081362,0.044869,-0.027351,0.251070,-0.097892,-0.008291
-0.144488,0.459616,-0.139085,0.090781,0.054190,0.054279,-0.372975,-0.170953,0.009836,0.037301,0.029795,0.006126,-0.075438,-0.089417,-0.312592,-0.109077,-0.349479,-0.086755,0.257133,0.182727,0.086403,0.191332,0.048679,-0.498462,0.081854,-0.171098,-0.078679,0.300797,-0.014552,0.301538,0.349385,-0.136445,0.395815,0.213533,-0.073913,0.140783,0.650607,0.534313,-0.410827,0.274286,0.029860,0.118053,-0.358607,0.367596,-0.088517,0.010421,0.094201,0.051747,-0.396324,-0.118659,0.129484,-0.123449,-0.528770,0.154082,-0.094961,-0.163930,0.037971,-0.231516,-0.462406,-0.014160,-0.082060,-0.044665,0.315417,-0.164686,0.115405,-0.133815,-0.216316,0.234927,0.025256,0.233788,0.184510,-0.158934,-0.118404,0.015594,0.243907,0.191545,-0.006632,0.141407,0.026006,0.365307,0.045646,-0.172912,-0.007615,0.102671,0.002674,0.164180,-0.080974,0.015116,0.130056,-0.145284,0.256338,0.095673,0.112739,0.085575,-0.422464,-0.019352,0.053664,0.018214,-0.079389,-0.013854,-0.107458,-0.016453,0.080410,0.076258,-0.159004,-0.124275,0.000546,0.056848,0.013527,0.138467,-0.233717,0.061057,-0.423585,0.158875,-0.163995,0.055082,0.134798,-0.448022,-0.111382,0.092400,0.229209,0.223634,-0.179168,-0.243352,0.002658,0.041567,0.107105,-0.015367
-0.004594,-0.264448,0.170432,-0.019254,-0.055706,-0.020004,-0.099095,-0.183106,-0.007637,-0.060668,0.304334,0.100745,0.149755,-0.171573,-0.235703,-0.049926,-0.086828,-0.012618,-0.197109,0.367005,-0.034796,0.315940,0.001489,-0.089735,-0.861115,-0.005584,0.224068,0.024183,0.053840,0.142327,0.000367,-0.116899,-0.152924,-0.134170,-0.111714,0.325909,-0.086075,-0.002025,0.018883,0.262937,0.146846,-0.057719,-0.013878,-0.461981,-0.159971,0.195773,-0.273986,0.230384,0.157958,-0.165078,0.130034,-0.211029,-0.041766,-0.325981,0.040683,-0.200013,0.060880,0.078134,-0.024905,0.012471,-0.016581,-0.321373,0.503278,-0.241797,0.115393,-0.282770,-0.059967,0.135177,0.082629,0.096806,-0.216384,0.009871,0.029366,0.294970,0.050206,-0.033587,0.010297,0.102118,0.095640,0.063640,0.017896,0.036386,-0.003057,-0.060277,0.148909,0.079333,0.063395,-0.012356,0.075055,-0.081858,0.114876,-0.074221,0.420972,-0.373456,0.111969,-0.003811,-0.182016,-0.121427,-0.036243,-0.219554,0.148220,-0.011184,0.125632,0.337664,-0.071574,-0.075756,-0.086055,-0.148548,0.119399,-0.100004,-0.194592,0.172000,0.036819,0.130655,0.829402,-0.104181,0.206827,0.255617,-0.010429,0.063952,-0.043811,-0.054771,-0.335053,0.313801,-0.008095,0.006735,0.441634,0.000152
-0.042381,0.093440,-0.041436,-0.072939,-0.021199,-0.111071,-0.121715,0.511170,0.043083,-0.319133,0.113796,0.042963,-0.183240,0.105977,-0.068280,-0.259472,0.046367,-0.347873,0.139801,-0.024696,-0.359476,0.004211,0.212016,-0.550639,-0.000402,0.249733,0.065140,-0.267247,0.013638,0.077350,-0.049204,-0.244708,-0.368069,0.450331,-0.703410,-0.016578,0.104561,0.367598,0.136291,0.145313,-0.176303,0.095210,0.459612,-0.338760,0.511299,-0.024111,0.121689,-0.161805,-0.266873,0.016888,0.185507,0.199123,-0.314365,0.040339,-0.188894,0.035763,0.011132,-0.043583,0.220727,0.002710,-0.115355,-0.002326,0.159744,0.112549,-0.072713,0.206243,0.391977,-0.087490,0.151870,0.064387,-0.271725,-0.078499,-0.180566,-0.024102,0.108433,-0.158727,-0.003756,0.253219,0.045006,0.116315,0.252769,0.082230,0.001593,-0.066055,-0.097478,0.112657,0.132358,-0.135225,0.185573,0.037399,-0.266344,0.360381,0.264470,-0.036044,0.299139,0.021768,0.041011,-0.084844,0.059854,0.020623,0.182062,-0.003599,-0.198706,0.002565,-0.128545,0.292088,0.176970,-0.010178,-0.016508,-0.029738,-0.024201,-0.055875,0.226727,-0.143138,0.020150,-0.264213,-0.021820,-0.111545,0.240448,0.066548,-0.097387,0.031820,0.061146,0.008826,0.000444,0.104364,-0.408013,0.012089
-0.075649,-0.098317,0.215975,0.084763,-0.109712,0.917093,0.201073,-0.025557,-0.006129,-0.049491,0.039763,0.195828,-0.239707,-0.194561,0.285759,-0.016372,0.250952,-0.220305,0.143477,0.500281,-0.077152,-0.170412,-0.025112,0.034302,0.077884,0.261113,-0.047885,0.084524,0.023000,0.651546,-0.075794,0.227994,-0.059487,0.049390,0.110025,0.056853,0.033749,-0.092218,-0.068451,-0.169226,-0.291347,0.232183,0.028721,0.386566,0.043169,0.044801,0.045407,-0.290485,0.036516,-0.157460,0.211626,0.036012,0.010704,0.258267,-0.096306,0.201083,-0.050684,-0.009987,-0.063754,0.002654,-0.308803,0.082901,0.050018,0.000245,0.117513,0.150654,0.012736,0.007720,-0.013007,-0.096623,0.207659,0.317393,0.032459,-0.067433,0.057133,0.237372,0.021669,-0.247875,-0.089209,-0.066320,0.038296,-0.210332,-0.034273,0.199811,0.082414,0.240364,-0.079375,-0.910694,-0.134123,0.378265,-0.023855,0.191868,0.271355,-0.121692,0.262844,0.001820,-0.168538,0.226889,-0.167672,-0.079347,-0.009325,-0.143050,-0.449399,-0.019094,-0.116368,0.353347,0.024323,-0.097903,0.102955,-0.109724,0.110053,0.370677,0.104675,0.002588,0.199056,-0.216451,0.073399,0.026829,0.031651,-0.111351,0.120233,-0.173622,-0.125710,0.238452,0.005429,-0.057433,0.521781,-0.000091
-0.018989,-0.198738,-0.073920,-0.114470,-0.090900,0.131064,-0.264039,0.100064,0.001643,0.152096,0.033749,-0.246244,0.013289,-0.098080,-0.189988,0.019912,-0.066265,0.069032,0.017369,-0.162342,-0.129596,0.238859,0.520251,0.054778,-0.032786,-0.029322,0.118252,-0.011211,-0.021586,-0.086242,-0.192271,-0.209774,0.129208,0.120737,-0.077177,-0.031563,-0.002602,-0.139763,0.186949,-0.159989,0.041746,0.331770,-0.090152,0.029737,-0.121196,-0.067193,0.034640,0.273479,-0.282724,0.030817,-0.031948,0.060560,-0.048500,0.050424,-0.103250,0.002135,0.062765,-0.033105,0.221838,-0.007680,-0.177255,-0.056769,0.103832,-0.008689,-0.124500,-0.235550,0.014568,0.009480,0.919655,0.057885,0.245218,-0.035574,0.330029,-0.040851,0.172479,0.103673,0.003132,-0.263692,0.316690,-0.017780,-0.018231,-0.194943,-0.021817,-0.010438,0.374889,-0.129836,0.027963,0.124763,-0.066191,0.477412,0.281527,0.083406,-0.027242,0.056892,0.022378,-0.015400,0.170778,-0.101147,-0.026891,0.014576,0.007997,0.150801,-0.041359,0.590580,0.650695,0.283136,0.026947,-0.165667,0.160367,-0.272232,0.009079,0.076355,-0.283276,-0.120056,0.084253,0.258472,-0.007092,-0.174902,0.304793,-0.875065,0.607113,-0.017975,0.257892,0.022702,-0.002675,-0.164677,-0.083792,0.009663
0.683281,-0.086763,0.331801,0.220494,-0.004485,-0.264706,-0.254565,-0.036515,-0.028204,0.184723,0.188277,-0.245974,-0.004008,0.170943,0.266643,0.086806,0.182612,-0.038116,-0.058893,0.319625,-0.001834,0.397652,-0.087372,0.093306,0.017892,0.266954,-0.114000,-0.000146,-0.098433,-0.066641,-0.152611,0.434714,-0.281226,0.255998,0.026126,0.208461,-0.071825,-0.172409,-0.101308,-0.301712,0.060889,0.181387,-0.197485,0.072780,-0.122983,-0.232129,-0.044026,-0.159383,-0.180073,0.011762,0.025299,-0.123929,-0.026567,-0.049640,-0.156325,0.219050,0.028806,-0.173706,-0.128516,-0.008228,0.124707,0.092530,-0.137661,-0.030187,0.342158,0.353365,0.033926,-0.410364,0.079139,-0.165099,0.152304,-0.143992,-0.329182,-0.255123,-0.024703,-0.174803,-0.014630,0.281482,0.088636,0.047888,0.021384,-0.529297,0.020136,0.453153,-0.067670,-0.029562,-0.080714,0.164054,-0.083186,-0.074164,0.075043,0.214373,-0.044645,0.308857,-0.015443,-0.006368,0.025532,0.024775,0.137606,-0.199896,0.122987,0.023030,-0.609805,0.118993,0.207814,-0.239633,-0.064059,0.081633,-0.151013,0.104111,0.385127,-0.256530,0.100651,0.020206,0.296665,-0.022536,0.010169,-0.290086,0.204754,0.027759,0.093687,-0.161930,-0.430500,0.058480,-0.010534,0.042576,-0.083999,-0.012389
0.210093,0.085937,0.230346,-0.478018,-0.214050,-0.054601,-0.262288,0.137327,-0.027280,0.173918,-0.417520,0.228793,-0.174891,0.071327,-0.226995,0.537942,-0.002673,-0.062857,0.112739,0.215035,0.320571,-0.577910,0.163383,0.168127,-0.318645,-0.006949,0.235960,-0.109978,-0.010998,-0.105229,-0.370047,-0.231246,0.165430,0.260459,0.071466,-0.299393,-0.130525,-0.151538,-0.035620,-0.289143,-0.072629,-0.051036,0.160211,-0.156471,0.102816,-0.193745,0.090663,0.037496,-0.065786,-0.061642,-0.073004,0.079318,-0.162133,0.100143,0.330810,0.124102,-0.054551,-0.097581,0.085824,-0.004640,-0.110555,-0.325832,-0.340594,0.088167,-0.078552,0.312265,0.067294,-0.077573,0.243356,0.170176,-0.096452,-0.237061,-0.232704,0.051106,-0.042690,0.347502,-0.000445,-0.025495,0.102501,0.139855,0.118956,0.158096,-0.033943,0.087973,0.162320,0.016350,0.180005,0.135647,-0.158507,-0.251600,0.248297,-0.113138,0.309323,0.090102,-0.170231,-0.008523,-0.051089,0.178334,-0.148847,0.063362,0.161681,0.231334,-0.066808,-0.200667,-0.218510,0.243815,0.118266,-0.162543,0.267075,0.422038,0.121456,-0.022065,-0.362568,0.350647,0.003176,-0.108243,-0.119390,0.217309,0.041712,0.071137,0.127774,0.447539,-0.093377,-0.249082,-0.025438,-0.259092,0.124446,-0.007259
0.076544,0.423305,0.237428,0.192452,-0.064565,-0.072486,-0.156671,-0.250634,-0.012425,0.014813,-0.057281,0.056230,-0.241782,-0.072451,0.609578,0.084237,0.071456,0.243467,0.641249,-0.192075,-0.368231,0.182969,-0.031291,0.078039,-0.084598,0.027008,-0.201095,-0.266174,-0.016977,0.084946,-0.569348,0.246294,0.028646,-0.004593,-0.218050,0.017193,0.215688,-0.419332,-0.116151,-0.161532,0.136839,-0.205352,0.072082,-0.202568,0.362744,0.018957,-0.030223,0.174099,-0.156600,-0.084494,0.110073,-0.234854,-0.001642,0.300889,-0.034069,0.108777,-0.059738,-0.057842,-0.265979,-0.003479,-0.009268,0.005383,0.327599,0.018846,-0.329473,0.340269,0.041400,0.409062,-0.060594,-0.038289,-0.068795,-0.026009,0.148182,0.031405,0.022882,0.232545,-0.023119,-0.141571,-0.146304,-0.004392,-0.099909,-0.013305,-0.002730,0.046245,0.133988,0.321565,-0.291844,0.155707,0.288439,-0.197990,0.200816,0.307064,-0.018189,-0.386621,0.149361,0.007764,-0.442239,-0.081378,-0.008326,0.119874,-0.054160,-0.197118,0.003977,-0.129096,0.226537,-0.187228,-0.355662,-0.256764,0.017273,-0.257003,-0.159448,-0.215515,-0.248625,-0.123131,-0.269488,0.515318,0.071259,0.237592,0.114883,-0.141344,0.070914,0.037681,-0.105283,-0.135034,-0.017734,-0.007873,0.056560,-0.007285
-0.107349,0.133269,-0.171105,-0.223558,0.343520,0.034827,-0.085869,0.470467,-0.036473,0.031004,0.084395,0.041109,-0.230796,0.277371,0.207090,-0.010624,0.325460,0.192665,0.236469,0.002298,-0.202079,0.003764,0.162045,-0.043366,0.134212,-0.029256,0.085961,-0.002696,-0.046782,0.181759,-0.313694,0.088124,-0.080691,0.043268,-0.284027,-0.152331,-0.040393,0.090726,-0.932732,0.045008,0.062176,-0.117131,-0.106143,0.185233,-0.018898,-0.041817,0.202272,-0.036943,-0.426509,0.032775,0.119594,-0.184362,0.520714,0.067315,-0.152148,-0.389774,-0.008896,0.307683,0.197301,-0.023310,0.027850,-0.206150,0.118224,0.011047,-0.006166,-0.726966,0.125178,0.205396,0.005574,0.121954,0.054224,0.471601,-0.025320,-0.330088,-0.085367,-0.039652,0.014052,0.049930,-0.140554,0.042781,0.006059,0.101337,-0.025857,0.134033,-0.114072,0.076190,0.170779,0.041771,0.009524,0.010873,-0.090771,-0.184671,0.384878,0.160327,-0.069074,-0.012949,-0.085927,-0.052302,0.050922,-0.280740,0.138671,-0.046902,0.246252,0.233056,-0.019517,0.538158,-0.118296,0.201661,-0.030618,0.125013,0.016663,-0.042002,-0.146027,0.291160,0.082146,0.288368,-0.052816,0.356399,0.156794,0.129816,-0.161149,0.008998,0.018507,0.038393,-0.007151,-0.069720,-0.195222,-0.011327
-0.082560,-0.212616,0.205582,-0.030802,0.151276,0.210925,-0.325353,-0.060759,-0.014850,-0.033494,0.259044,0.100599,0.290905,0.299238,-0.144024,0.149345,-0.237740,0.142222,0.156419,0.357214,0.121211,0.140155,-0.197830,-0.377424,0.874013,0.325777,0.112451,-0.017147,-0.077631,-0.172074,-0.045880,-0.151485,0.206493,0.043193,-0.017223,-0.013300,0.100982,0.115598,-0.079140,-0.145567,-0.036166,0.281389,-0.092438,-0.222289,0.200503,0.054179,-0.366834,0.055919,0.140572,0.070848,-0.165626,-0.054317,0.461496,-0.125897,0.022225,-0.076732,-0.059599,-0.264966,0.194051,-0.002004,-0.097189,0.024284,0.312652,-0.178574,0.063831,0.095167,-0.046798,0.167646,-0.250673,0.154040,-0.163992,0.298969,-0.345641,0.189598,0.101687,-0.137778,0.010350,-0.151951,0.157571,-0.172683,0.015629,-0.270202,-0.022990,0.280330,0.062475,0.182817,0.038523,0.197075,0.290604,0.029227,-0.210825,0.209883,0.142166,-0.072561,0.090630,-0.004392,-0.176892,0.143345,-0.056774,-0.066470,0.096527,0.021752,0.147478,-0.017824,0.083883,-0.204180,0.038677,-0.087191,0.056720,0.415586,0.117618,-0.157957,-0.000257,-0.331245,0.061556,-0.237611,0.087076,0.219674,-0.090137,-0.047254,-0.008365,0.007623,-0.124453,-0.143196,0.000946,0.319735,-0.136291,0.012411
-0.007297,-0.007478,0.126005,-0.053779,-0.041555,0.135146,0.136253,0.313568,-0.016598,-0.020272,0.154774,0.312165,0.091376,0.023869,0.458887,0.570909,-0.204502,-1.380593,0.061647,-0.106408,0.271804,0.030326,0.511378,-0.082940,0.027883,-0.200919,-0.253856,0.088100,-0.064031,0.257117,0.258902,0.153576,-0.018738,-0.187187,-0.240280,0.053547,0.108784,0.168727,0.199308,0.219511,0.415183,0.138704,-0.224067,-0.047749,0.365251,-0.018862,0.061831,0.315188,0.336122,-0.035586,0.035668,-0.122952,0.059740,-0.074630,0.004007,-0.113733,0.012765,0.020784,-0.086676,0.009493,0.212856,0.086253,0.027577,0.229613,0.006571,-0.224695,0.008327,0.058483,-0.333531,0.036380,-0.066051,-0.140900,-0.014615,-0.283224,-0.060393,0.375369,0.004904,-0.018885,-0.018515,0.067965,0.050998,-0.212368,0.100857,-0.051517,0.231101,0.044842,0.074729,-0.122371,-0.172508,-0.060152,-0.104858,0.413673,0.077100,0.173264,0.040551,-0.011962,-0.008777,-0.035319,-0.082007,0.189014,0.100628,0.317834,0.173380,0.004319,0.024164,-0.136186,-0.069482,-0.009965,-0.187845,-0.039103,-0.076176,0.135757,0.011989,0.041826,-0.073254,0.158278,-0.216012,0.100302,-0.170088,-0.340970,-0.210493,-0.084288,-0.155182,-0.168418,-0.003375,-0.025506,-0.295458,0.004415
-0.470390,-0.212006,0.143232,0.177265,0.141321,-0.240228,0.130821,0.164368,0.019361,0.022298,0.366350,0.132064,-0.210113,0.010524,0.138765,0.035304,0.137515,-0.215001,-0.293351,-0.011685,-0.116681,0.058741,-0.056583,0.067120,0.184701,0.036851,0.247063,-0.112093,0.031351,0.075619,0.272705,0.036069,-0.263550,0.168694,0.293874,-0.070094,-0.172753,-0.261456,0.464856,-0.224857,-0.060976,-0.103819,-0.127406,0.100701,0.239801,0.063576,0.368597,0.042013,-0.137571,0.133951,0.039646,-0.088217,0.215111,0.190229,-0.070338,-0.009121,-0.128246,-0.276438,-0.081084,0.013259,0.015574,-0.157919,0.057873,-0.734823,-0.050170,-0.204002,0.050296,-0.317380,0.142744,-0.033206,0.049121,0.256288,0.337868,-0.287566,0.077062,0.193043,0.014548,0.057092,-0.131535,0.159821,0.059444,0.044490,0.036320,0.067758,0.104726,0.353106,0.034466,0.166543,0.259174,-0.147545,0.044343,-0.098278,0.114270,0.135639,-0.007409,0.009981,0.254425,0.147444,0.137885,0.069571,0.164674,-0.028065,-0.072269,0.238408,0.189118,-0.078510,-0.464906,0.021863,-0.146667,0.193535,-0.085548,0.459356,-0.238083,0.358646,0.123586,-0.141835,0.106047,0.097790,-0.234487,0.116861,0.163964,0.040713,0.252794,0.061268,0.004915,-0.247980,-0.297157,-0.005477
0.188052,0.104633,-0.064014,0.039572,-0.053209,0.280617,0.410346,-0.130539,0.030992,0.183419,-0.041164,0.105129,0.140137,0.191809,0.322882,0.152672,-0.231098,0.074911,-0.172793,-0.193838,-0.036726,-0.117213,-0.534646,-0.216640,-0.179863,0.008202,0.126650,0.194066,0.076087,0.052195,-0.036918,-0.385685,-0.243306,0.013983,-0.780408,-0.067937,0.147213,-0.062470,0.079956,-0.307747,-0.077692,0.108855,-0.108819,-0.207604,0.148410,-0.133540,0.024704,-0.264603,0.218809,0.015271,0.020274,0.165296,-0.041411,0.065159,-0.215875,0.248939,0.097223,-0.152646,-0.123277,0.007387,0.114939,0.054805,0.163577,-0.072105,-0.017267,0.087604,0.024387,0.325385,0.210315,-0.283582,0.462686,0.453829,0.346544,0.058898,0.274450,-0.197683,0.016381,0.270593,0.015179,0.068510,-0.031195,-0.149188,0.032680,-0.135227,-0.092609,-0.117489,0.030586,-0.022442,-0.640034,0.174686,-0.209243,0.028450,-0.230527,-0.097100,-0.085318,-0.000030,0.142753,0.074453,-0.018163,0.205718,0.044093,0.209510,-0.195387,0.028485,0.051411,-0.094536,-0.210623,-0.075643,0.016100,-0.128917,-0.196760,-0.382413,-0.166168,0.381576,0.063389,0.121144,0.237177,0.012286,-0.236862,-0.207633,0.236944,0.414723,-0.378178,-0.054291,-0.014110,0.046542,-0.055900,0.017913
-0.022240,0.012681,-0.100152,0.108883,0.130721,0.026801,-0.059440,-0.150400,-0.005982,0.101673,-0.090201,0.070515,0.015118,-0.245978,-0.134245,-0.060136,-0.088497,0.004161,-0.090243,0.035755,0.137734,-0.029759,-0.088046,0.030129,0.041073,-0.169321,-0.259711,0.002164,0.033519,0.009690,-0.033529,-0.149003,-0.142512,0.184453,-0.131276,0.252141,-0.123200,-0.104542,0.129827,-0.073872,0.152441,0.010069,0.090297,0.036488,0.012635,-0.017403,-0.070779,0.088998,-0.071759,-0.000161,0.087647,-0.028583,-0.216996,1.858399,0.087818,-0.336747,0.113453,0.140301,0.145382,-0.012821,0.000605,-0.020201,0.010277,-0.199663,0.131412,0.070985,-0.121467,-0.138359,0.036865,0.003688,-0.152968,-0.010119,-0.027053,0.131688,-0.146696,-0.105707,0.000488,-0.094690,-0.008362,0.034113,0.081098,-0.062052,0.064135,-0.093052,-0.008803,-0.014372,-0.229148,0.010333,0.021659,0.062009,-0.231537,-0.127936,0.144081,-0.123242,0.002690,-0.006875,-0.337306,-0.107578,-0.068795,0.037209,-0.007202,-0.290204,0.031865,0.132385,-0.058327,-0.248540,-0.151804,-0.140264,0.024859,0.042793,-0.035293,-0.437423,0.217766,0.090385,0.456816,0.057623,-0.071093,0.055592,0.166166,0.094947,-0.093173,-0.011040,0.308478,-0.521437,0.002089,0.091119,-0.001695,0.004451
0.218360,0.054435,-0.019379,0.082621,-0.158371,0.089908,-0.185092,0.044591,-0.002045,-0.163250,0.024302,-0.177692,-0.260986,0.192812,0.219343,-0.100836,0.020527,-0.101023,0.045757,0.376956,0.148526,0.178574,-0.101412,0.239809,-0.078394,0.174329,0.034112,0.131075,0.008769,0.367391,0.173650,-0.226661,0.056739,0.031667,0.143595,0.020622,-0.409816,-0.183290,0.047855,0.290564,0.073179,0.223638,-0.115175,0.055596,-0.132658,0.029221,0.293837,-0.110202,0.264486,0.070742,0.049531,-0.069767,0.066076,-0.015764,0.046174,0.164877,-0.005028,-0.003439,-0.270306,-0.002019,-0.028926,-0.137989,0.206632,0.289887,0.164510,0.050829,0.182115,-0.094968,0.108794,0.221685,0.046689,-0.025156,0.043904,0.178279,-0.094778,-0.243328,-0.018056,1.068063,0.061369,-0.230078,0.005049,0.144381,-0.012861,0.034065,0.246178,0.567529,-0.126044,-0.206847,0.202581,0.564252,0.081372,-0.178903,0.004849,-0.158356,-0.203994,-0.001644,0.405491,-0.284507,-0.022486,0.078907,0.056705,0.104576,0.249508,-0.065981,-0.024301,-0.325488,0.154942,0.035882,0.015800,-0.016924,-0.093020,-0.417529,-0.339742,-0.067969,-0.072992,-0.070074,-0.286419,0.247884,0.359672,0.008241,-0.372185,-0.016960,0.550986,-0.245622,-0.010664,-0.184537,0.157431,0.004830
0.002815,-0.181493,0.177999,-0.046166,-0.118464,0.094644,-0.023091,0.207300,0.023610,-0.094386,-0.070244,0.195802,-0.065076,0.209824,0.088139,0.152987,-0.241427,-0.157436,0.179690,0.125766,-0.223630,-0.174708,-0.130455,0.195121,-0.040736,0.124041,0.244972,0.053463,0.028569,0.335774,0.055458,-0.097356,-0.259715,-0.173798,0.309656,0.081794,-0.151752,0.236949,0.355364,-0.036274,-0.097185,-0.206136,-0.263599,0.325939,0.055844,0.042049,0.121246,0.144961,-0.143975,-0.141113,-0.140030,0.020624,0.061552,0.316092,-0.198558,-0.233777,0.061271,-0.000209,0.017700,0.001144,0.087479,-0.062140,0.176920,0.052260,-0.014490,-0.134208,0.139913,0.040031,-0.069061,0.023698,0.261522,-0.188828,-0.162285,0.316759,0.181934,-0.442011,-0.003717,-0.172627,-0.028188,0.111308,-0.123395,-0.229175,-0.052374,0.066295,-0.389094,0.041682,-0.043335,0.944988,-0.264836,0.106465,0.204595,-0.047163,0.059553,-0.155360,0.151045,0.004693,0.301222,0.400341,0.035451,-0.076714,-0.198131,-0.080379,0.286623,0.313143,-0.131268,-0.179107,0.345388,-0.047403,0.087418,-0.126249,-0.026355,0.087600,0.340732,-0.068058,0.282142,0.112927,-0.122339,0.126493,0.276241,0.111352,0.094290,-0.211217,0.080939,0.098435,-0.013169,-0.439843,-0.362087,-0.002290
0.013596,0.068423,-0.089669,-0.159718,0.052544,0.026369,0.094165,0.126758,0.007981,-0.030583,-0.152713,-0.044124,-0.060769,-0.026803,0.199876,0.047789,0.025067,0.105282,-0.052430,0.056899,0.034981,-0.229454,-0.116829,-0.105555,0.002635,-0.010288,-0.281903,0.184069,-0.036748,-0.028284,0.004150,0.378538,-0.340326,-0.060044,0.105270,0.120390,0.031619,0.099878,0.122621,0.171482,0.086192,0.152889,0.288844,0.047373,-0.135918,0.084620,-0.031867,-0.203410,-0.129590,0.042163,-0.073419,-0.046740,-0.078365,0.001183,-0.026200,-0.132150,-0.036643,0.178706,0.064500,0.007168,0.272292,0.189086,0.279595,-0.062886,0.058112,0.048441,-0.098947,-0.018067,0.056649,0.020654,-0.005068,0.059821,0.013775,0.002505,-0.044439,0.221329,-0.010131,-0.187072,-0.128026,0.138994,0.045342,0.083919,-0.009394,0.790812,0.492611,0.092361,0.183323,-0.202350,-0.108668,-0.101585,-0.035191,-0.080503,0.086077,-0.020933,-0.091217,0.007449,0.212252,-0.162851,-0.095164,0.025199,-0.146033,-0.023191,0.031781,-0.045848,0.072441,-0.039997,0.068109,0.034658,1.632471,0.010752,-0.118617,-0.231303,-0.026335,-0.022779,0.225207,0.134249,-0.063327,0.005276,-0.151137,-0.073532,0.112820,-0.111659,0.074907,-0.088422,0.007850,0.138674,-0.367545,-0.008901
0.441365,-0.297967,0.361934,-0.020545,0.371202,-0.089556,0.100180,-0.009387,-0.003797,0.201868,-0.180201,-0.178584,-0.081672,0.018859,-0.037472,0.211696,0.260529,0.079433,-0.194750,0.146772,0.105176,-0.034984,-0.135874,-0.158199,0.210487,-0.045952,-0.127129,0.092041,-0.079389,0.233244,0.097832,0.133664,-0.179135,0.054796,-0.041877,-0.042269,-0.056675,0.176713,-0.187077,0.198584,-0.102448,-0.071501,0.105779,0.225389,-0.431139,0.156312,-0.255930,-0.020011,-0.142796,0.078740,0.369867,-0.009042,0.200589,0.028040,-0.062201,0.579416,-0.290059,0.293362,-0.132392,0.005842,-0.374975,0.032927,0.196155,0.518332,-0.070480,0.053347,-0.049799,0.190231,-0.279638,-0.036178,-0.134159,-0.096368,0.413118,0.013052,0.095329,-0.055250,0.006810,0.097404,0.066756,0.090361,0.208734,0.168919,0.067619,-0.061327,-0.181405,-0.171902,-0.126333,0.345046,0.025053,0.015233,0.015808,0.053616,0.067588,-0.001559,-0.207591,-0.016250,0.146913,0.117854,-0.050997,0.101399,0.039888,0.287277,0.363244,0.123174,-0.115726,0.038174,-0.960324,-0.340236,-0.090556,0.000446,-0.078402,0.192107,0.120733,0.193973,0.193391,0.051514,0.131341,-0.009640,0.359789,-0.175459,0.002514,0.211821,-0.033109,-0.206623,-0.002823,0.072914,-0.302723,0.002761
-0.160461,0.066746,-0.014971,0.025979,0.155397,0.162138,0.073139,0.199043,-0.035380,-0.245684,-0.085942,0.335664,-0.004942,0.317371,-0.004471,0.099597,0.169036,-0.141636,0.079303,-0.368223,0.013584,0.104998,-0.120108,-0.234037,0.009203,0.055114,-0.061581,-0.010525,-0.041969,-0.143453,0.331756,-0.191744,-0.057137,-0.222594,-0.355501,0.311966,-0.278186,0.267111,0.325401,-0.489470,-0.181974,0.087417,-0.092378,0.034344,-0.110337,0.026691,-0.103822,-0.123324,-0.183809,-0.243127,-0.326318,-0.142754,0.070044,-0.074194,-0.282140,0.188692,0.078874,0.080315,-0.268074,-0.006240,-0.088198,0.243904,0.016919,-0.168628,0.201547,-0.073419,-0.170723,-0.154171,-0.073348,0.177139,0.162749,0.049163,-0.081140,0.117823,-0.092170,0.200424,-0.004020,0.341012,0.161919,0.112752,-0.129191,0.305891,0.000324,-0.245147,0.038556,0.187019,0.128233,-0.088278,0.089910,-0.155862,0.013544,-0.192110,0.019495,-0.051074,0.035763,-0.000829,-0.379149,0.238320,-0.042459,-0.104984,-0.252824,0.122804,-0.371122,-0.119527,0.466453,-0.080099,0.097324,-0.283860,0.155131,-0.035619,0.043750,-0.068086,-0.211489,-0.195279,-0.245594,0.103332,0.248793,0.431870,0.663851,0.016094,-0.511431,0.027204,0.105147,-0.012458,-0.004051,-0.205388,0.216038,-0.001374
0.025910,1.174596,-0.067515,0.020260,0.373337,-0.013282,-0.081272,-0.084155,-0.013835,0.028782,-0.114378,0.050519,0.105969,0.051118,-0.178233,-0.076483,-0.075981,-0.031084,0.073454,0.049764,0.048706,-0.050864,-0.162534,0.235368,0.008408,-0.189223,0.124057,-0.087180,-0.021038,-0.076302,0.299023,0.041668,-0.012373,-0.153864,0.010246,-0.076101,-0.073075,0.136466,0.036289,-0.364608,0.157717,0.057277,0.181473,-0.274853,0.244394,-0.013979,-0.110921,0.097769,0.177983,0.169023,0.058316,-0.037461,-0.101561,-0.108520,-0.182322,0.265440,0.411243,-0.026925,0.203812,0.007353,-0.171470,-0.044723,-0.032265,0.102443,0.051540,-0.075741,-0.169900,0.068379,0.013726,-0.006854,-0.018628,0.109618,-0.051463,-0.170186,0.062831,0.148440,0.002890,0.105015,-0.117841,0.182929,-0.085860,-0.143316,-0.015644,0.274738,0.209382,-0.176400,0.148106,0.115057,-0.017230,-0.014528,-0.067654,-0.305069,0.041283,0.172837,0.108512,0.022964,0.278748,0.131252,0.138051,-0.165393,0.039840,0.417781,0.224967,-0.013164,-0.028719,0.141352,-0.368350,0.252302,-0.007189,0.213456,-0.049560,-0.070251,0.133475,-0.058250,0.592871,0.057952,0.090932,-0.101788,0.166424,-0.003397,0.008573,-0.367097,-0.261592,-0.122216,0.011826,-0.204122,0.237284,0.015011
-0.552363,0.074675,0.245146,-0.018506,0.062414,0.453750,-0.646187,-0.208526,-0.011500,0.482122,-0.024461,0.017138,0.075092,0.236185,0.060237,-0.090735,0.048070,-0.008753,-0.397652,0.081726,-0.216915,-0.158555,-0.054647,0.104720,-0.148560,0.067898,0.111215,-0.097924,-0.028698,0.077423,-0.201346,-0.367804,0.242455,-0.202769,0.041648,0.122071,-0.066899,-0.002007,-0.236164,-0.183483,0.026601,0.444604,0.032114,-0.142414,0.053081,0.058320,0.232549,0.102364,0.164322,0.210101,0.154842,-0.090366,-0.170658,-0.056902,-0.096179,-0.162164,-0.037240,-0.120758,0.094837,0.025564,0.282579,0.596029,-0.272027,0.143240,0.159598,0.221586,0.113938,0.028126,-0.184082,-0.084463,0.013269,-0.063073,0.286092,0.179902,0.018820,-0.130503,-0.016195,-0.268604,-0.066339,-0.171344,0.137359,0.472756,0.061667,-0.030831,0.008462,0.238303,-0.150146,-0.123167,-0.047865,-0.145857,-0.006460,-0.162877,0.050826,0.133626,-0.079308,-0.010517,0.011756,-0.034257,-0.088014,0.063019,0.018811,0.070685,-0.110749,0.480303,0.046580,-0.050048,-0.002563,0.107090,-0.128187,-0.202878,0.070941,-0.137069,-0.073083,-0.192766,0.261878,-0.214683,-0.024056,0.028267,-0.369723,0.256552,0.159734,0.060686,-0.093682,-0.100058,-0.017461,-0.209023,-0.198672,0.001503
-0.005299,-0.257314,-0.008757,-0.213411,0.209697,-0.230329,0.133557,-0.098024,0.000347,-0.022557,-0.309202,0.192641,0.140103,-0.059034,-0.047154,-0.056988,-0.266676,0.069290,0.008174,0.048778,-0.427586,-0.261217,-0.010292,-0.149388,0.108528,0.052494,0.018737,-0.066534,0.006528,0.004621,0.238552,0.102268,-0.011086,-0.024181,0.137447,0.212581,-0.104188,-0.006241,0.026388,0.171330,0.125562,0.134539,0.292312,-0.005580,-0.183406,0.013885,-0.310460,-0.313373,-0.037868,0.140152,0.003583,-0.103824,-0.252328,0.090375,-0.151618,-0.158807,-0.058430,0.117051,0.067882,0.001973,0.032606,-0.108924,0.067011,0.221138,-0.014576,-0.258021,-0.041211,0.079910,0.156304,-0.073386,0.073737,0.034748,-0.112593,0.047846,0.097971,0.350134,-0.008382,-0.140287,-0.255381,0.023958,-0.055547,0.223081,0.018268,0.610870,1.040613,0.269587,0.232023,-0.013407,-0.343661,0.047111,-0.040771,0.061937,-0.158416,-0.056046,-0.120182,0.002931,-0.058187,0.212516,0.085739,-0.134863,-0.351418,-0.020931,-0.272928,0.009871,0.015115,0.056348,-0.195074,-0.265632,-1.287602,-0.088865,0.004230,-0.371698,-0.179036,-0.207560,0.079042,-0.155603,-0.116218,0.072584,0.031007,0.169933,-0.019272,0.112488,0.071190,0.091095,0.002851,-0.140035,-0.241855,-0.010460
0.039205,-0.340578,0.131664,-0.146778,0.210590,-0.280226,0.264559,0.081459,-0.016257,0.152735,-0.158816,0.120965,0.058857,-0.052057,-0.175119,-0.109999,-0.344504,-0.215206,-0.074330,0.135104,-0.125970,0.790140,0.044086,0.009170,0.306550,0.137864,-0.078257,-0.058726,0.015955,-0.054039,-0.045054,-0.201367,0.439199,0.019619,0.013244,0.464076,-0.095914,-0.084244,-0.159727,0.107493,0.232389,-0.087098,0.055443,-0.015342,0.080325,-0.097617,-0.112413,0.090966,0.015994,-1.086979,0.174109,-0.227230,0.122433,-0.117584,0.287246,-0.096805,0.098423,0.194858,0.100760,-0.002411,-0.019426,0.146960,-0.157443,0.016032,-0.018845,0.014155,-0.253523,0.051550,0.523099,-0.000134,0.120933,-0.123150,-0.030465,-0.248712,-0.062923,-0.077085,-0.008831,-0.004348,-0.282250,0.047497,-0.083963,0.134871,0.032276,-0.428705,-0.333733,0.169992,-0.111912,0.011008,-0.209313,0.114329,-0.178294,0.081356,-0.023161,0.093232,-0.019978,0.016235,0.015716,0.188588,-0.100583,0.179956,-0.164037,0.042505,-0.145029,-0.259769,-0.111180,0.008527,-0.034540,-0.054839,0.296371,0.017507,0.207039,-0.129633,-0.169674,0.038237,0.076859,-0.029877,-0.132135,0.311018,0.165745,-0.197543,-0.090729,-0.230530,-0.147096,0.116670,-0.002255,-0.004468,-0.327293,-0.010840
0.256963,0.123043,-0.001487,0.068870,-0.214113,-0.008628,-0.089641,0.080357,-0.000823,0.102942,-0.161274,-0.074547,0.272870,0.139566,0.142609,-0.155500,-0.161869,0.079912,0.058110,-0.259954,0.030339,0.206267,0.066899,0.355941,-0.088636,0.076489,0.255895,0.053799,-0.095291,-0.068298,-0.021523,-0.262950,-0.098318,-0.184303,-0.065538,0.076694,-0.003221,0.198388,0.167804,0.060105,-0.199972,0.034433,0.047850,-0.312542,0.160916,-0.056392,0.342788,-0.026984,0.092515,-0.139676,0.216244,0.000450,-0.369322,0.068054,-0.286401,0.071828,-0.094466,0.174781,0.199551,0.006951,-0.017300,0.229066,-0.055417,-0.134816,-0.059390,-0.426257,0.393105,-0.067689,-0.498464,0.098077,-0.113147,0.180194,-0.206437,-0.180720,-0.108650,-0.125961,-0.019805,-0.044840,-0.547918,-0.184930,0.046759,-0.223097,-0.014221,0.140674,-0.004847,0.076976,-0.129968,-0.132511,0.149163,0.283677,0.176521,0.053440,0.071190,0.103005,-0.346536,-0.012753,-0.247460,-0.072191,-0.048745,0.058752,0.214580,-0.196811,0.380491,0.127509,-0.303302,0.110887,0.268888,-0.177548,-0.045904,0.142861,-0.121447,0.095255,-0.292510,-0.228722,0.050713,0.335819,0.870591,-0.251289,0.239761,-0.017554,0.008501,-0.192881,0.009100,0.290968,-0.008015,-0.057815,-0.075735,-0.009545
-0.167483,0.035948,-0.072419,-0.023870,0.176866,-0.135467,-0.263843,-0.112357,-0.018401,0.158346,0.007324,-0.027652,-0.161253,-0.103962,-0.084551,0.138006,-0.002266,-0.052189,0.097541,-0.084220,0.049898,-0.019779,-0.123948,-0.081782,0.022996,0.041560,0.016021,0.056458,0.028878,-0.098880,0.700715,-0.022358,-0.197023,-0.244203,-0.069959,-0.217399,-0.114664,-0.090740,-0.216312,0.182969,0.020722,-0.034976,0.332880,0.055173,0.069050,-0.018434,0.151493,-0.324112,0.358375,-0.249453,0.142210,-0.124372,-0.270462,0.202780,-0.060516,0.092586,0.029040,-0.138883,0.035785,0.002181,-0.008850,-0.311187,0.080862,0.087011,0.153544,-0.028860,-0.154753,-0.061487,0.095326,0.003570,-0.065323,-0.076415,0.078364,0.028051,0.306723,-0.036869,-0.014044,-0.118617,-0.129671,-1.384461,-0.135362,-0.206857,0.015066,0.138243,-0.072642,-0.292395,0.178996,0.001607,0.065539,-0.070525,0.017019,0.248616,0.013607,-0.122803,0.234344,0.004314,-0.153427,0.164792,0.061572,0.082211,0.277698,0.000307,0.030939,0.000471,0.114966,0.144080,0.187923,-0.178651,0.122923,-0.282721,0.135364,0.175841,-0.104191,1.109608,-0.115956,0.194471,-0.130659,-0.224449,0.193608,0.069321,-0.041399,-0.246988,0.100350,0.026890,0.001860,0.112429,0.124924,-0.009669
0.096316,-0.283214,0.203696,-0.093696,0.082686,-0.056476,-0.247686,0.168873,0.018285,0.009619,0.329481,0.151841,0.240528,-0.038242,0.046113,0.505433,0.073998,0.160438,0.357920,0.073696,0.202316,0.026113,-0.153759,-0.060612,-0.329568,0.180377,-0.161393,-0.309021,0.032583,-0.017809,0.180495,-0.608339,-0.040638,0.436600,0.117512,-0.157646,-0.394576,0.071200,-0.173945,-0.155921,0.022736,-0.006593,0.229521,0.241333,-0.057905,0.118470,-0.113622,-0.061399,0.086699,0.121725,0.158369,-0.077360,-0.214392,-0.211011,-0.213652,-0.478260,-0.159277,-0.086826,0.073997,0.001321,-0.077730,0.086372,-0.037276,-0.007258,-0.075555,0.049049,-0.212301,-0.005817,-0.238797,-0.078935,0.152995,-0.299236,0.437719,0.077015,0.031026,0.013572,0.007081,0.019157,-0.040461,-0.092707,-0.063287,-0.264595,0.072680,-0.134375,0.169453,0.302350,0.130750,0.038221,-0.054375,-0.096293,0.153986,0.029650,0.052548,0.569687,-0.178729,0.002497,-0.224833,0.129936,0.121376,-0.005965,-0.170304,-0.193808,0.031323,-0.192681,0.039783,-0.011930,-0.146337,0.256548,0.323273,0.211638,0.102940,-0.135419,-0.289211,-0.165318,-0.072831,-0.259761,0.122486,-0.109444,0.205817,0.088981,0.238992,-0.073654,-0.060936,0.066936,0.025341,-0.408856,0.215944,0.001838
-0.316468,0.233594,0.064430,0.028184,0.177037,-0.049505,0.107400,-0.005132,0.005905,-0.004397,-0.163173,0.073338,0.141446,0.384386,0.020264,0.157990,-0.242331,0.050883,0.004913,-0.082284,-0.134236,-0.021624,0.010490,-0.375806,-1.142399,0.057324,0.183011,-0.025053,-0.009047,0.382303,0.040583,0.076797,0.217034,0.155140,0.518762,-0.138413,0.123486,-0.036245,-0.114625,0.279506,0.180567,0.129320,-0.037294,0.372433,0.228503,0.002251,-0.128097,-0.065456,0.174079,0.121939,-0.037261,0.040242,0.276044,0.121921,0.089661,0.278530,0.079102,0.051967,0.116110,-0.013439,-0.118769,-0.136076,-0.166719,0.168415,-0.058975,-0.210053,0.130025,-0.062332,-0.086584,-0.215375,-0.207372,0.566862,-0.285577,-0.094307,-0.077086,-0.130671,0.004916,-0.056873,0.227459,-0.218707,-0.097642,0.385257,0.019562,-0.216751,-0.008918,0.146668,-0.022947,0.202784,0.104578,-0.079095,-0.394869,-0.053749,0.180288,0.472321,-0.315805,0.012827,-0.037590,0.273916,-0.034431,0.201600,0.035049,0.102722,-0.554750,0.148374,0.189162,-0.246752,-0.011038,-0.001267,0.196073,-0.082580,-0.014342,-0.194042,0.186413,0.061270,-0.264544,0.119540,-0.145084,-0.038434,-0.028466,-0.079972,0.235109,-0.183768,-0.013812,-0.145304,0.014596,0.143863,-0.151518,0.014209
-0.042419,0.176769,0.174916,-0.008524,-0.137057,-0.171654,0.388289,-0.005768,0.012180,0.208027,-0.139850,0.084300,-0.058689,0.254128,-0.045543,-0.174690,-0.100468,0.014683,0.158810,-0.032593,-0.139282,0.214085,0.068056,-0.427386,0.161964,-0.068486,-0.083674,-0.071048,-0.028171,-0.425631,-0.004234,-0.079874,0.166146,-0.078795,0.385080,-0.073822,0.106551,-0.099220,0.082795,-0.220165,0.067595,0.309805,-0.168192,0.003853,-0.071392,0.065282,0.180741,-0.255300,0.099721,0.025930,-0.165802,0.269115,0.186347,0.060425,-0.055609,-0.095870,-0.044670,0.060855,0.021433,-0.000334,-0.058311,0.083169,0.005892,0.156136,0.034156,-0.222929,0.145815,0.209144,0.036048,-0.599142,0.118491,-0.262823,0.030939,-0.071308,0.125072,-0.217803,0.009569,0.077921,0.043980,-0.097319,0.032909,0.119983,0.004562,0.055886,-0.018044,0.187500,0.256625,-0.190596,-0.205596,0.053330,-0.342650,-0.018572,0.053411,-1.047624,-0.117299,0.007776,-0.283145,0.240632,-0.077983,0.162880,0.123439,-0.280392,0.257676,0.034018,0.129267,-0.014385,0.140578,-0.024193,-0.009655,1.065629,0.207356,0.328051,0.031745,0.078504,0.277931,0.011078,-0.196496,-0.102829,-0.089280,-0.233920,0.165615,-0.104422,-0.139485,-0.392485,0.006361,-0.181450,0.306386,-0.017694
-0.143849,0.025265,-0.435159,0.443838,-0.336263,-0.189228,-0.097226,-0.047400,0.005882,-0.122388,-0.298755,0.258318,-0.109814,-0.144763,0.158533,0.530433,0.092697,0.035026,-0.160263,-0.258344,-0.120818,-0.111535,0.003554,0.045711,0.255617,0.064770,-0.010527,-0.208301,0.082953,-0.171333,-0.021958,-0.235569,-0.006167,0.018399,-0.107762,0.093876,0.103332,-0.598127,-0.014529,0.263895,-0.368266,0.070724,0.162085,0.033809,-0.022384,0.170404,0.054842,0.142357,-0.143170,-0.040722,0.042101,0.057945,-0.052537,0.036570,0.026457,0.377075,0.067443,0.383975,-0.098736,0.015704,-0.119224,0.063227,0.023829,0.070826,-0.070981,0.149390,0.496899,-0.028639,-0.135303,0.017522,-0.212072,0.142937,0.006544,0.079610,0.002223,0.098184,0.000188,0.185233,0.048823,0.050684,-0.187678,-0.334904,-0.005818,0.137325,0.018415,-0.043101,0.052845,0.129501,-0.151920,0.111169,-0.350286,0.023177,0.357110,0.398524,0.027463,-0.016497,0.261493,0.129264,-0.102226,-0.098086,0.127080,0.173796,-0.272785,0.081009,-0.223136,0.152832,0.102717,0.015624,0.021509,0.718026,-0.236940,-0.171429,0.073382,0.058957,-0.058998,-0.197561,-0.166542,0.230559,0.258897,0.084295,0.143929,-0.263026,0.002020,-0.131688,-0.006222,-0.097513,-0.030567,-0.009427
0.042787,-0.154392,0.008116,-0.100352,-0.143604,-0.286227,-0.222148,0.098460,-0.007465,-0.033392,0.066824,0.120692,0.229748,-0.100810,-0.066862,-0.440267,0.093408,0.066980,-0.011442,0.136923,-0.219101,-0.305658,-0.266223,-0.040768,0.034771,-0.160606,-0.050046,0.190258,0.079316,0.017262,0.114414,-0.105051,-0.059749,0.042971,0.067842,0.311466,0.186644,-0.172485,-0.370732,0.038037,0.357007,0.219456,-0.067139,-0.106876,-0.099685,-0.011088,0.460130,0.094946,0.366130,0.154812,-0.356315,-0.233376,0.036414,-0.093742,-0.028671,0.152245,0.007225,0.106248,0.143394,-0.002065,0.055566,0.186766,0.203441,0.043624,-0.011926,-0.026983,0.090724,-0.194873,-0.477012,0.202282,0.075813,-0.227385,0.109669,0.066461,0.152897,0.321799,0.003703,0.278736,-0.144923,0.052771,-0.098983,-0.086282,-0.006915,0.113596,-0.258757,0.012285,0.197131,0.121779,-0.173441,0.200402,0.018735,0.320021,-0.172472,-0.321411,0.076418,0.009688,0.319599,0.245887,-0.199173,0.132357,0.030033,0.400072,0.011057,0.270035,0.361111,-0.064664,-0.058421,-0.046617,0.151604,0.124475,0.146806,-0.100872,-0.120702,-0.113604,-0.172771,0.194410,0.445871,-0.010748,-0.011239,-0.047346,0.287526,-0.012185,0.344858,-0.292783,0.018560,0.157552,0.114814,0.009101
-0.155709,-0.086778,0.185758,-0.324106,-0.263835,-0.219723,0.227633,0.249833,0.034157,0.320393,-0.200551,-0.186813,0.231620,0.266713,0.627228,-0.214690,0.066684,-0.080082,-0.361526,-0.102953,0.349710,-0.054015,-0.336977,0.034565,0.013568,0.375623,-0.053907,-0.105837,0.136981,0.075006,0.221442,0.338923,0.405561,0.032701,-0.069231,-0.404305,0.102540,0.033143,0.061568,0.015879,0.039915,0.019123,0.144919,-0.031444,-0.498384,0.084363,-0.065151,0.232983,0.194876,0.106985,0.290669,0.119214,-0.463876,-0.062303,0.111253,-0.180231,-0.037757,-0.013789,0.009881,0.004967,-0.091319,-0.154368,0.043535,0.093883,0.022764,0.000227,-0.378977,0.172924,0.060761,0.344533,0.174550,0.015861,-0.358464,-0.152500,-0.155173,0.316265,0.018260,-0.248180,-0.015158,0.052122,-0.100798,-0.047361,-0.016212,0.116003,-0.332186,-0.116963,0.251833,0.050625,-0.099852,-0.156922,-0.161763,0.141967,-0.096060,0.094488,0.104002,-0.010820,-0.150374,-0.113048,-0.019285,-0.062122,0.012045,-0.204206,-0.114451,0.115785,0.240418,0.010351,0.236566,-0.400769,0.028000,0.035193,-0.408566,-0.157836,-0.040425,0.004968,0.299655,-0.028000,0.109483,0.294025,0.388238,0.233063,0.195681,-0.040723,0.016205,-0.176122,-0.007237,0.239840,0.047656,-0.000917
0.485239,-0.111975,0.062704,0.038558,0.277337,0.120701,-0.122217,-0.088152,0.011718,0.003582,-0.078955,0.233407,-0.271338,0.092866,0.204680,-0.167635,-0.041162,-0.056439,-0.133929,0.152339,0.016819,0.158178,-0.215369,0.199567,0.002904,-0.207122,0.091749,0.014523,0.065897,-0.126941,-0.466027,-0.187842,-0.088634,-0.058324,0.041755,0.099537,0.059675,1.198423,-0.010190,-0.024105,0.041901,0.080808,0.848604,0.282760,0.106990,0.015031,-0.212093,-0.229903,0.270128,0.025183,-0.174217,0.028827,0.038922,0.044540,0.071075,0.126022,-0.057900,-0.210984,-0.034620,0.020240,0.005353,0.111925,-0.028979,-0.269413,-0.010387,0.083754,0.070733,-0.147737,0.040482,-0.363578,0.096695,0.006236,-0.357713,-0.189366,0.037610,-0.007755,0.022672,-0.077284,0.153895,-0.020104,-0.210206,0.004263,0.115649,-0.018896,0.158179,-0.192555,0.091090,0.026520,-0.014637,0.034042,0.025291,0.479936,0.083058,0.045862,-0.185928,0.002104,0.147401,0.149863,0.001961,-0.063452,-0.114539,0.023908,0.257852,0.120980,0.076818,-0.131399,0.147122,0.272651,-0.029413,0.077342,-0.004493,0.075699,-0.171841,0.320176,-0.214107,-0.057877,0.164722,0.195186,-0.050735,-0.024392,-0.083704,-0.055157,0.326241,-0.205812,-0.000768,-0.080986,-0.204536,0.000771
0.190956,0.144422,-0.132191,0.175533,-0.433234,-0.128783,-0.045496,0.063330,0.011388,0.008548,-0.118007,0.062549,0.037372,0.124345,0.020401,0.122478,-0.037967,0.065387,-0.024842,-0.140303,0.215995,-0.145779,-0.112256,0.261382,-0.295391,0.051866,0.023756,0.023600,-0.003663,-0.098833,-0.373699,-0.088869,0.544953,0.067610,-0.088505,0.109551,-0.036505,0.108134,-0.101295,-0.057458,0.172834,0.694031,0.149413,-0.056132,0.177790,-0.064507,0.023935,-0.047775,-0.050858,-0.175190,0.230582,-0.003277,0.061532,-0.012322,-0.157263,-0.223921,-0.090224,-0.406024,0.167754,-0.021905,0.020596,-0.283867,0.140690,0.205681,0.300168,-0.034576,-0.123987,-0.383596,-0.081605,0.149465,0.111863,-0.086871,0.328218,-0.018300,0.131468,-0.211640,0.005551,-0.094635,-0.137899,-0.187056,0.127670,0.193287,0.008585,0.169927,0.069068,-0.127017,0.101183,0.268942,-0.191992,0.295931,-0.089547,0.059522,-0.397022,0.273385,-0.150333,-0.007410,-0.103112,-0.223637,0.039931,0.064462,0.059206,-0.061583,-0.057112,0.117718,0.203278,0.305446,-0.201116,-0.421539,0.037257,0.317014,0.155418,0.259078,0.246881,-0.232226,0.036767,0.124574,-0.034383,0.303629,-0.257866,-0.339605,-0.846065,-0.172207,0.100733,0.012966,-0.002232,0.229128,0.071255,-0.022390
0.160495,0.369821,-0.028152,-0.224577,0.078287,-0.104012,0.166184,-0.044708,0.009843,-0.038210,-0.674870,0.102886,0.259799,0.098257,0.041290,0.021222,0.118448,-0.177985,-0.019177,-0.041233,0.073662,0.476924,0.419995,-0.081206,-0.071308,0.180385,0.195814,0.109212,0.022554,0.006880,0.067086,0.272192,-0.206462,0.170857,-0.056266,-0.031718,0.027633,-0.076354,-0.124001,-0.047325,0.161008,0.055491,-0.109682,-0.222918,-0.116163,-0.018617,-0.048349,0.165521,-0.021575,0.248885,0.169160,-0.159425,0.041621,0.107976,0.409268,-0.089866,-0.206827,-0.079019,0.135065,0.007758,-0.089741,0.341955,0.156503,-0.015525,0.061143,0.105663,0.042243,0.137717,0.015249,0.214467,0.004337,0.121140,0.046629,0.419583,0.088123,-0.059302,0.016957,0.548077,-0.115492,-0.194738,-0.044245,0.164275,-0.020519,0.282760,0.028827,-0.203242,-0.203286,0.006907,0.089001,0.078556,0.007422,0.131235,-0.170649,0.066864,0.166207,0.008012,-0.232524,0.382629,0.163257,-0.102009,-0.075139,-0.283351,0.124900,0.085229,-0.107033,0.083601,-0.072392,0.678478,0.295380,-0.144624,0.219890,0.071773,-0.228669,0.074799,0.155240,-0.622549,-0.124421,-0.104882,0.182376,-0.102086,0.038401,0.410605,0.221577,0.062221,0.006730,-0.082587,-0.098353,-0.005690
-0.229343,0.557409,0.061170,0.011401,0.009676,-0.106251,0.260657,-0.019134,0.029389,-0.084143,0.592292,0.267144,-0.268496,-0.063103,0.054169,-0.030567,0.172933,0.470927,-0.041686,-0.235325,-0.134608,-0.026994,0.146773,-0.139938,-0.086235,-0.028450,0.234442,0.120332,-0.042470,0.066341,-0.110980,-0.153665,0.090431,-0.226778,0.076400,0.392338,-0.097496,-0.224438,-0.023167,-0.073453,0.138011,0.136643,-0.028909,0.135320,-0.279740,-0.048226,0.114884,-0.003008,0.029581,-0.752911,0.001348,-0.035538,0.094407,0.252698,0.087376,0.052914,-0.091905,-0.070118,0.198131,0.009080,-0.057392,0.535501,-0.088845,0.245204,0.241036,0.289398,-0.136958,0.080243,0.026698,-0.036536,0.065002,-0.207513,-0.197988,-0.178031,-0.201169,-0.028350,0.005411,-0.168549,0.226055,0.019278,0.013883,-0.261956,-0.017685,0.197666,-0.020217,-0.019616,0.073810,-0.004913,0.273980,0.109065,-0.077064,0.044384,-0.166620,0.190218,0.112471,-0.011789,0.115641,0.054871,0.086992,-0.100429,-0.076340,0.950461,0.141189,0.125427,-0.075639,0.161793,-0.036675,-0.033121,0.003961,-0.250089,-0.001130,0.282723,-0.047805,0.018837,0.058562,-0.101831,-0.157724,-0.010176,0.124520,0.316029,-0.236193,0.311585,-0.080452,-0.349637,0.007074,0.061088,0.042194,-0.002954
-0.025370,0.201738,0.166136,0.074559,0.062201,-0.233818,0.276954,0.066342,0.012392,-0.115630,0.267086,-0.177298,-0.072820,0.029095,-0.139049,-0.152514,-0.201216,0.070727,0.207569,0.059877,-0.061108,-0.171381,0.194634,-0.084355,-0.013069,-0.118448,-0.038284,-0.107543,0.008090,0.054705,0.132815,-0.308313,0.423253,-0.024908,-0.149793,0.355591,-0.079515,-0.162594,0.231867,0.149866,0.283298,0.042362,0.077129,0.138829,0.160937,-0.039495,0.163520,0.159572,0.070185,0.903853,0.137104,-0.006653,0.166249,-0.199929,0.121331,0.887644,0.049273,0.013318,-0.088568,0.005127,-0.119560,0.609415,-0.237467,0.030252,0.083306,-0.099470,-0.252315,-0.077680,0.035819,-0.091768,0.181552,0.081568,-0.195976,0.169288,-0.207763,-0.031740,0.006975,-0.286329,-0.031255,-0.026269,0.026161,-0.338140,0.011169,0.044595,-0.104122,-0.059107,0.059544,0.167265,-0.244641,0.034651,-0.052542,-0.078483,0.295158,0.168863,-0.024861,0.005518,-0.241991,0.024177,-0.060363,-0.042125,0.022270,-0.813648,0.075703,0.038776,0.027262,-0.222554,0.013445,-0.380268,0.238632,-0.195941,0.133353,0.263796,-0.476749,0.236058,0.116477,0.076026,0.095483,0.179063,0.193792,0.142183,-0.252527,0.086245,-0.055049,0.046590,-0.002161,-0.199828,-0.112723,0.003381
0.137000,-0.230128,0.108182,0.084815,0.033595,-0.126761,-0.055526,-0.109815,-0.012210,-0.407939,0.264945,-0.110628,0.173450,-0.037595,-0.356808,-0.063356,-0.172649,-0.115640,-0.225737,-0.031243,-0.305833,-0.482190,0.032843,-0.078998,0.225905,0.022241,0.052912,0.084787,-0.018914,0.041268,-0.100787,-0.057732,-0.010901,0.040979,0.072304,-0.006269,0.033261,-0.113671,0.105306,0.021783,-0.004910,-0.047273,-0.002502,-0.275491,-0.051626,0.001022,-0.220413,0.121390,0.129034,0.097348,0.227907,-0.018781,-0.266572,0.191057,-0.007239,0.142961,0.065931,0.127897,-0.260100,-0.007076,-0.006488,-0.213124,-0.047862,0.026687,-0.033821,-0.224395,0.147390,-0.073731,0.228678,-0.186120,0.346233,0.264828,-0.052429,-0.093018,-0.031032,0.390211,-0.005508,0.297960,-0.139708,-0.010343,-0.077294,0.337576,0.141430,0.313225,-0.334663,0.369261,-0.194397,0.004812,-0.026828,0.126118,0.075317,0.119652,-0.074046,-0.036161,-0.030381,-0.006369,0.060564,0.111997,0.174017,0.097803,-0.257243,0.161658,0.225831,0.069729,0.230944,0.203919,0.000224,-0.012727,0.752030,0.037636,0.020675,-0.013123,0.159966,-0.231769,0.032852,0.012526,-0.127531,0.152618,-0.440175,0.085157,-0.020488,-0.231944,-0.241553,0.033528,-0.003563,-0.270903,-0.141183,-0.001666
0.230854,0.061303,-0.071087,-0.105152,0.056552,0.094717,0.236757,-0.122122,0.010635,0.273641,-0.592698,0.299898,-0.266285,0.116729,-0.123437,0.151306,0.258097,-0.141999,0.197578,-0.185895,0.053691,0.520754,-0.411836,0.093546,0.110561,0.050045,-0.045449,-0.086111,0.000412,-0.002556,0.016446,-0.314830,-0.179617,-0.013551,-0.045328,0.204669,0.012938,-0.193823,-0.167993,-0.046276,0.127949,0.145413,0.001020,0.069770,0.070238,0.170936,0.098648,0.253169,0.105369,0.370911,-0.075141,-0.020409,0.100721,-0.187210,0.074686,-0.075348,-0.119153,-0.341547,0.166613,0.010920,-0.049752,0.057869,0.218736,-0.134574,0.051443,-0.078608,-0.159349,-0.047594,0.168399,0.321683,-0.194153,-0.004906,-0.013372,0.106311,0.099784,0.115226,-0.016464,0.099611,-0.052875,0.033672,0.049516,0.029773,0.034576,-0.152032,-0.231242,-0.104598,0.287088,-0.264483,0.161382,-0.007474,0.093639,-0.225527,-0.113875,-0.092970,0.126126,-0.000165,0.495093,-0.065992,0.104002,-0.240883,-0.120013,0.014519,-0.219251,0.291907,0.239012,-0.113494,-0.079920,-0.228519,0.042045,-0.090175,-0.081425,0.354357,0.257658,-0.019320,0.078345,0.085376,-0.384317,-0.016483,-0.239156,0.205180,0.020565,0.229813,0.076058,0.018918,-0.007704,-0.058213,-0.111790,-0.007890
0.151111,-0.220415,-0.010369,0.222958,-0.074261,-0.122896,-0.047409,-0.013122,-0.012315,-0.161122,-0.007691,-0.076313,-0.400435,0.241340,-0.245475,-0.178056,-0.088384,-0.083333,0.112366,0.134700,0.206139,-0.270748,-0.284902,0.075360,0.036273,-0.080773,-0.062027,-0.194555,-0.058815,-0.023787,0.177169,0.054149,0.241702,-0.047702,0.037670,0.061658,-0.067358,0.092147,-0.260439,-0.071992,0.451319,0.146761,-0.267392,-0.051408,-0.121512,0.139505,-0.241913,0.298078,0.091302,-0.233454,-0.361876,0.245431,-0.030378,0.206141,0.398042,-0.154641,0.237873,0.560345,-0.135012,0.003888,0.004954,0.025187,-0.332963,0.014527,0.162328,0.063876,0.086480,0.096217,-0.145235,-0.522407,-0.092285,0.013344,0.026695,0.258197,0.014794,-0.020108,0.007114,0.177170,-0.106596,0.192942,-0.063154,0.011365,-0.059456,-0.200253,-0.000937,0.079448,-0.048921,-0.038183,-0.109280,-0.120147,-0.118943,0.070896,0.227511,0.386627,0.148797,0.005686,-0.097495,-0.041283,0.027764,0.077791,0.620725,-0.029874,-0.116901,0.228054,0.194924,0.359059,-0.133468,0.381069,-0.049756,-0.115580,-0.034647,-0.168370,0.015504,0.186078,0.185168,0.151055,0.652817,-0.020090,-0.012783,-0.050565,-0.090566,0.306235,0.011191,0.165923,0.004894,0.037479,-0.144610,-0.005006
0.070461,0.032763,-0.233519,-0.088988,0.078576,0.025652,-0.303786,0.273295,-0.009150,-0.359163,-0.034689,0.320152,-0.271361,0.032471,0.019883,-0.050031,-0.030436,0.074021,-0.078205,-0.129847,0.208363,-0.060801,0.147570,-0.003492,-0.198714,-0.224554,-0.209106,-0.241744,0.000596,0.072610,-0.019042,-0.048315,0.332888,0.052084,-0.144750,0.228198,0.297114,0.220869,0.132844,-0.223816,-0.178904,0.102086,-0.093112,-0.007996,-0.551365,0.101622,0.039952,0.157842,0.085585,-0.041360,0.070991,-0.062053,-0.058003,-0.084125,0.417153,-0.204267,-0.065533,-0.163768,-0.017100,-0.007545,0.001336,-0.352768,-0.140612,0.046619,0.121249,0.054480,0.178159,-0.149025,0.086745,0.103297,0.591296,0.342354,0.291210,0.070363,-0.339709,-0.341701,0.012268,0.505721,-0.035612,-0.160582,0.059534,0.007682,0.120680,0.194161,0.160088,-0.011125,0.253921,0.005450,-0.015936,0.590985,-0.419541,-0.118566,0.009410,-0.042698,0.442228,0.007475,-0.181587,0.134543,0.124105,-0.122836,0.172151,-0.060292,0.040855,-0.275883,-0.338844,-0.183083,-0.080435,-0.077079,-0.112553,-0.154944,0.053805,0.162943,-0.077396,-0.126067,-0.121994,0.274004,0.095249,-0.386064,-0.211641,0.301543,0.547195,0.027865,-0.537601,-0.002897,-0.011432,0.086934,-0.264430,-0.013025
-0.257491,-0.064311,0.332013,-0.012597,0.107483,-0.017547,0.058895,0.087379,-0.007305,0.014705,-0.003360,0.400393,-0.155705,-0.003949,0.518585,-0.070236,-0.058825,0.226245,0.218676,0.101597,0.233932,-0.361939,-0.131491,0.091023,0.007236,-0.085060,0.124720,0.163745,-0.053645,0.034646,0.231227,0.229579,0.007359,0.072728,0.031769,0.171645,0.033035,0.047811,-0.129210,-0.208352,-0.339939,0.135807,-0.165800,-0.001308,0.041695,-0.224604,0.111749,0.297477,0.079949,-0.042370,0.050917,-0.189785,-0.057285,-0.196514,1.083772,-0.225728,-0.109400,-0.166089,0.165183,-0.002090,0.060888,0.167535,0.164738,-0.049223,-0.145919,0.079823,0.015604,-0.065801,0.194993,-0.281695,-0.319615,0.010933,-0.002565,0.104595,-0.174776,-0.133510,-0.009345,0.109812,-0.088159,0.029083,-0.139774,-0.055512,-0.021360,-0.208614,0.140594,0.248994,0.161267,0.020018,0.023826,-0.018605,0.155316,0.249719,0.160952,0.113447,0.104761,0.006729,0.236239,-0.095987,0.090065,0.095552,0.235834,-0.026098,0.268558,0.079318,0.026087,-0.064213,0.013887,-0.700040,-0.033152,0.042455,-0.205218,-0.101829,-0.203636,0.032364,-0.013167,-0.217637,-0.011919,0.044185,-0.025897,-0.051481,0.080615,-0.164973,-0.033468,-0.138078,0.013222,0.006260,0.009258,0.001612
0.032169,-0.137522,-0.033774,-0.135442,-0.032666,0.125248,0.084096,0.032644,-0.000109,-0.213122,0.061699,0.252093,0.154230,0.185258,0.052521,-0.060384,0.260871,0.037903,-0.185897,0.081662,0.135317,-0.030251,0.208084,-0.426827,0.134231,0.039437,-0.013276,-0.105886,0.060433,0.260848,0.061504,-0.157448,0.077924,-0.121669,0.402119,-0.054618,-0.240421,0.435154,-0.046709,-0.210239,-0.028026,0.011402,-0.148982,-0.093514,-0.294560,-0.029433,0.588263,0.111251,0.037444,0.348919,0.033197,0.071852,-0.117397,0.137595,0.174087,0.243092,0.078739,-0.124838,-0.127535,-0.021319,-0.039964,-0.011933,-0.265789,-0.173314,-0.050227,0.012262,0.102203,0.063973,0.227915,-0.015358,-0.156983,-0.063111,-0.079613,-0.143336,0.177464,0.123671,0.001599,0.142467,-0.443016,0.064358,0.104225,-0.228773,0.003429,0.118353,0.300698,-0.563122,-0.390230,0.044744,0.452020,-0.119563,0.220714,-0.149755,-0.227661,0.075363,0.160500,-0.003142,0.209532,0.104108,0.073820,0.058141,-0.121946,-0.264408,-0.210174,-0.286962,0.041257,0.195358,-0.132617,-0.263945,-0.013375,-0.189152,0.030105,-0.011001,0.332413,-0.264613,-0.153635,0.213364,0.299384,0.405249,-0.043219,0.049519,0.022690,-0.140743,0.107362,-0.385017,-0.012426,0.092043,0.277272,-0.013307
-0.181964,-0.009037,0.047175,0.346578,-0.070531,-0.228164,0.063841,0.009247,-0.014186,0.116708,0.235057,0.088721,0.054612,0.299406,0.303569,-0.203675,0.259204,0.404301,0.381818,0.167506,0.046016,-0.550826,0.094333,-0.469124,0.000823,0.031185,-0.341698,-0.208063,-0.035420,-0.029269,0.193722,0.020034,0.284530,0.196125,0.096653,0.248255,0.269142,0.397743,-0.115504,-0.004857,0.046917,-0.043327,0.120678,-0.399200,-0.035733,-0.004054,-0.089835,-0.292172,-0.054161,-0.207697,0.061237,-0.133587,0.072241,-0.121662,-0.108124,0.021836,0.001108,-0.029631,0.165607,-0.002911,-0.021935,0.116294,-0.011735,0.010611,-0.128076,-0.193597,0.189759,-0.069839,0.128106,0.234141,0.148979,-0.087303,0.068967,0.187821,0.164317,-0.031775,-0.023903,-0.007524,0.088240,0.059192,0.160296,-0.320429,0.009580,0.032616,-0.129638,-0.186123,-0.019061,-0.201288,-0.571420,-0.030230,0.137475,-0.346054,0.196653,-0.177606,-0.305127,-0.016417,0.368997,0.186384,-0.006830,0.099077,0.283256,-0.149105,0.042141,-0.156448,-0.050157,0.014473,0.025198,-0.092676,0.038798,-0.244006,0.157491,-0.085366,0.201728,0.042655,0.020193,0.091315,-0.683183,0.069486,0.289301,0.154182,-0.054063,-0.027129,0.085065,0.530036,-0.008852,-0.111711,0.001872,-0.004779
0.148599,0.136495,0.015473,-0.099194,0.257682,-0.174551,-0.024979,-0.122630,-0.016599,-0.174290,-0.064516,0.025986,-0.050056,-0.155616,0.102140,0.499927,0.061783,0.018975,-0.146480,0.079284,-0.048588,-0.087869,0.100382,-0.340109,0.112154,0.092213,0.018774,0.181554,0.074582,0.010216,-0.017788,0.039289,0.512335,-0.328217,0.009133,-0.030496,0.009754,-0.231521,0.275257,0.204398,0.232735,-0.003853,0.281206,0.200162,-0.026251,-0.012555,0.593218,-0.219501,-0.063882,-0.047587,-0.139253,0.061557,-0.124203,-0.058990,0.018978,-0.001224,0.019683,0.021182,-0.252905,-0.009498,0.028442,-0.372518,0.661888,-0.228531,0.207962,0.297412,0.650024,0.021683,0.172006,0.143165,-0.077495,-0.072443,-0.169256,-0.134420,-0.015680,0.051300,0.002518,-0.100118,-0.504181,0.285273,-0.016695,0.016651,-0.063494,-0.425539,-0.139565,-0.221698,0.034361,0.127715,-0.183800,-0.002164,0.052168,-0.242663,0.050773,-0.112741,-0.543252,0.000012,0.047166,-0.171663,0.163457,-0.035650,0.212772,-0.020822,-0.508738,0.160697,0.167985,-0.153381,-0.009601,0.237664,0.030698,-0.011205,0.250409,0.162718,-0.367327,-0.024050,0.072503,-0.143266,0.082001,-0.289332,-0.096866,-0.027222,-0.155978,-0.011179,-0.075943,0.003188,0.004672,0.087700,0.036808,0.005341
0.473696,0.215549,-0.120980,-0.212680,0.309645,-0.105862,0.106423,0.094483,0.004820,0.049202,-0.193377,-0.118513,-0.141625,-0.038296,-0.170869,-0.175703,0.269877,-0.144070,0.014981,-0.166676,-0.203490,-0.337955,-0.128551,0.089494,-0.185557,0.116521,0.081589,0.097540,0.013912,0.186348,-0.054138,-0.153493,0.004345,-0.045962,0.212178,0.044959,0.073953,0.116217,-0.074537,0.022762,0.013024,-0.032792,-0.156535,-0.383567,0.218644,-0.010239,-0.195369,-0.024338,-0.374482,-0.045199,-0.113152,-0.027145,0.079577,-0.004025,-0.076282,-0.089240,0.030958,0.239194,0.102787,0.003474,1.368471,-0.092819,0.126073,-0.056611,-0.225750,-0.124858,-0.367807,0.018312,-0.018588,0.017940,0.343297,0.009965,0.136760,-0.033285,0.159127,-0.186853,-0.004988,-0.015341,0.019115,0.045992,0.002768,-0.212470,0.010785,-0.009662,0.105652,0.069545,-0.175080,-0.204394,0.213723,0.005089,-0.163333,0.126022,0.071419,0.378466,-0.000715,-0.000628,-0.019665,0.097713,0.068121,0.068423,0.141906,0.040569,-0.188146,0.185530,0.057015,-0.112653,0.218999,-0.178084,0.128683,-0.015606,0.044312,0.422472,0.000449,0.069013,-0.131809,-0.265445,0.061672,0.177184,0.171337,0.009967,-0.074651,0.052877,0.100164,-0.075856,-0.003240,0.249330,0.630563,-0.003917
-0.022397,0.074523,-0.109093,0.191505,-0.021466,0.102968,0.218080,0.093294,0.008175,0.031508,0.118212,-0.207057,0.299427,-0.029084,-0.280916,-0.114257,0.072546,-0.261905,0.157434,0.002856,0.044978,-0.089551,-0.126835,-0.035423,-0.100619,0.546345,0.156529,-0.086420,-0.049475,-0.135962,-0.199344,0.089239,-0.171280,-0.125275,0.052300,0.063817,-0.360894,0.030261,-0.306104,0.026179,0.067104,-0.017009,-0.262836,0.136920,0.009613,-0.017113,0.193743,0.306989,-0.064962,0.014324,0.081568,0.014276,-0.054841,0.042497,-0.022665,-0.057059,-0.151886,0.177532,0.465275,-0.005719,0.069259,0.067891,0.586156,0.243208,0.187711,0.180543,0.529783,-0.200164,0.064358,0.060620,0.328302,-0.099099,-0.317913,-0.096803,0.211554,0.149102,-0.005906,-0.154971,0.431650,-0.211151,-0.105174,0.012772,0.014176,-0.091054,0.122502,0.292828,-0.061159,0.035750,-0.344783,-0.130775,0.060054,-0.212001,0.038613,-0.010747,0.098247,-0.002540,0.086001,-0.153189,0.031633,-0.148496,0.565769,-0.066694,0.138482,-1.094777,0.476553,0.142661,-0.165756,-0.150255,-0.120171,-0.184024,-0.178038,0.181358,0.093907,0.141444,0.133012,-0.154571,0.578430,-0.037599,-0.256594,0.073373,-0.054635,0.104536,0.008314,-0.415185,0.001314,-0.264469,-0.133679,-0.003315
