-0.131944,-0.010113,-0.067523,-0.075678,0.066297,0.135106,0.020325,-0.004717,-0.004644,0.007908,0.003802,-0.018510,-0.000955,0.005429,0.123839,-0.028093,0.097007,0.155413,0.027218,0.048167,-0.054450,-0.005515,0.043847,0.167481,-0.022675,-0.025795,-0.004235,0.052864,0.042637,-0.025883,0.006048,-0.002562,-0.015851,-0.308758,-0.041439,0.126761,0.053278,0.050739,-0.016875,0.108558,0.023015,0.062116,-0.005796,0.096386,-0.154384,0.022823,-0.048636,-0.053541,0.000391,0.025659,-0.005289,0.169373,-0.006182,-0.011417,-0.060271,-0.026430,-0.136713,-0.023638,-0.006807,-0.013235,0.040906,0.008690,-0.005413,0.019038,0.011315,-0.002324,-0.042553,-0.068949,0.023114,-0.079530,-0.079230,0.016201,-0.015620,-0.107072,-0.071210,-0.136742,-0.024771,-0.168644,-0.010248,-0.039261,-0.023819,0.035572,-0.032522,-0.032460,0.010035,0.021999,-0.115890,-0.033831,0.013824,-0.148943,0.016755,0.087333,-0.024295,0.064728,0.001919,-0.028710,0.099588,-0.042459,0.015909,-0.077298,-0.007463,0.100364,-0.017248,0.041208,0.146916,0.058425,0.073079,-0.010187,0.154580,0.024118,-0.021823,0.005575,0.005537,-0.036717,-0.003016,0.057215,0.088968,0.028421,0.169005,0.024783,-0.044799,0.024081,-0.025515,0.025148,-0.063834,-0.004949,-0.034920,0.142167
0.006038,0.083647,-0.077652,0.030911,-0.003911,-0.123439,-0.005516,0.013663,-0.118065,0.054970,0.045640,0.021990,0.063071,0.129536,0.006265,-0.108708,-0.101092,-0.001043,-0.003870,0.067715,-0.062151,0.029112,-0.033055,0.038112,-0.093607,-0.076579,-0.012176,0.301910,-0.088691,0.054250,0.237180,-0.011472,0.013456,0.033981,-0.039106,-0.016151,0.000373,0.053310,-0.004355,0.097697,0.077461,0.033742,0.040604,0.025731,0.156168,-0.034509,0.036909,-0.002102,0.235244,-0.006919,0.018443,0.091901,-0.015544,0.000374,0.022562,0.061765,-0.321247,-0.014894,0.021532,0.060964,0.052188,0.077695,0.031876,-0.129245,0.028214,-0.074783,-0.026661,-0.020723,-0.028073,-0.169771,-0.230927,0.010067,0.034764,0.035083,0.075852,0.026657,-0.190179,0.008466,-0.047166,0.152902,0.085925,0.059225,0.093136,0.028460,0.164315,-0.029742,-0.001696,0.071018,-0.019152,0.072644,-0.013535,-0.140952,0.019107,-0.022383,-0.013102,0.035685,-0.045009,-0.096441,0.040060,-0.024254,0.030751,-0.074540,0.096250,-0.045138,-0.266376,0.102935,0.038783,0.007544,-0.209431,0.062304,-0.196061,0.074706,-0.034873,-0.021842,0.054352,-0.036048,0.046921,-0.030143,0.126094,0.019108,0.046788,-0.014696,-0.106573,-0.166226,-0.038448,-0.037499,0.104812,0.055334
0.071889,-0.031696,-0.417245,-0.013897,0.032021,-0.138938,-0.085040,0.024233,0.049037,0.027561,-0.259662,0.070038,-0.010369,0.004796,0.007613,-0.044939,0.003870,-0.033496,-0.060591,0.008685,-0.064216,0.077854,-0.203926,0.029264,0.045325,0.095364,0.055042,0.045954,-0.138704,-0.256237,-0.086212,0.145552,-0.093653,0.077910,-0.181609,0.095480,0.044329,0.032211,-0.003254,-0.059264,-0.023566,-0.061558,0.087304,-0.024868,0.067191,0.095058,-0.051705,-0.019837,-0.016744,0.080934,0.253722,-0.029126,0.144232,-0.021472,-0.010291,-0.046893,-0.010981,-0.033578,0.017524,0.040753,-0.046696,-0.005005,-0.006461,-0.010674,-0.064573,0.004781,0.031255,0.023918,0.085733,0.029911,-0.043743,0.105727,0.178600,-0.014126,0.061643,-0.001882,0.055170,0.128165,0.151612,0.118936,0.000263,-0.001007,-0.099925,-0.064854,0.191939,0.053193,-0.025622,0.036230,0.163030,-0.013543,0.159074,0.238058,-0.025376,0.066617,0.251700,0.037745,-0.040611,0.110934,0.012741,-0.016140,0.060588,0.067290,0.063498,-0.076385,0.034250,0.024995,-0.022009,0.008502,0.055581,-0.036669,-0.014171,0.013779,0.037799,-0.147871,-0.036608,-0.223033,-0.010588,-0.031620,0.044505,0.086145,0.017550,0.020083,0.015750,-0.046486,0.010990,0.161562,0.080236,0.006344
-0.040894,0.025503,0.097047,0.000822,-0.240339,0.122796,0.173885,-0.009079,-0.027343,0.069022,-0.034369,-0.033182,0.022041,-0.032831,-0.005498,-0.027228,-0.043145,-0.007147,0.009394,-0.011494,-0.036141,-0.009218,-0.112532,0.051946,0.003728,0.015054,0.024204,0.048100,0.027865,0.013283,-0.016063,0.053867,0.007804,-0.017155,0.021047,-0.031288,0.021741,0.078788,0.078277,0.057574,-0.025866,0.107154,-0.014726,-0.073015,0.034244,0.071057,0.024473,-0.017062,0.023080,0.027676,0.119918,-0.029370,0.008453,0.012533,-0.011381,0.046063,0.057312,-0.045565,0.078542,0.062160,-0.139098,0.021175,-0.014381,-0.046009,0.015467,0.033894,0.005339,0.005824,0.018980,-0.111616,-0.052701,-0.014044,0.002921,-0.134402,0.003396,-0.061142,-0.065774,-0.116674,-0.018086,-0.003283,0.021432,0.013686,-0.011053,0.076568,-0.151988,0.072419,0.011250,0.136041,-0.019294,0.055140,0.011002,-0.062320,0.013245,-0.011421,-0.008217,-0.032543,-0.027121,-0.052241,-0.000622,-0.037662,-0.042592,0.032062,-0.000263,0.002823,0.002258,-0.000501,0.010591,0.000939,0.024344,0.032921,-0.017064,0.064163,0.098032,-0.037849,0.023950,0.196559,0.041076,-0.005661,-0.059263,0.074341,0.002773,0.010539,-0.069984,-0.018283,0.077358,0.000949,0.208564,0.001226
-0.026027,-0.016965,-0.026752,0.010019,0.066810,0.034226,0.271762,0.040052,0.047990,0.119778,0.011211,0.060128,0.099968,0.009281,0.034236,-0.035186,0.023198,0.033015,-0.003844,-0.012250,0.055335,-0.028239,-0.018985,-0.096676,0.028629,0.171228,0.009902,-0.005270,-0.016262,0.099106,-0.010197,0.104428,0.127448,-0.172771,-0.098409,0.044204,0.023937,0.061789,0.158124,-0.049110,0.020462,0.058713,0.053526,0.035749,-0.004103,0.073472,0.140389,0.114963,0.132577,0.019895,0.033607,0.122744,0.026907,-0.033260,0.012401,-0.019859,-0.135024,0.135965,0.070616,0.149459,-0.061304,-0.033808,0.101341,0.107657,0.063387,-0.075037,-0.049001,0.049014,0.019803,0.062768,0.055593,-0.053255,0.003717,0.211699,0.032282,-0.048209,0.195957,-0.678039,0.065134,0.049021,-0.083383,0.019877,-0.063492,0.062205,0.052144,0.022268,-0.003646,-0.131924,0.001325,0.218841,-0.025268,0.200829,-0.012371,-0.058742,-0.085748,0.036468,0.106344,0.047327,-0.054069,-0.068384,0.005492,0.050492,-0.063991,-0.023287,-0.319631,0.111413,-0.076649,0.006860,0.106179,-0.022347,0.064732,-0.045663,-0.053325,0.046579,0.106125,-0.068222,-0.063345,0.035096,0.080024,0.043252,0.074621,-0.043959,0.054115,-0.081022,0.084001,0.039897,0.052996,-0.049945
0.026938,0.060219,0.027104,0.004921,-0.028472,0.079335,-0.100113,0.030663,0.010942,-0.003845,-0.240053,-0.023989,0.247689,0.051057,-0.021317,-0.141250,-0.005618,-0.012228,-1.098793,0.030411,0.048825,-0.005208,0.015569,-0.026116,-0.006317,-0.009303,-0.045577,-0.006806,0.024007,-0.021336,0.001455,-0.082666,-0.046514,-0.127347,0.026350,0.064154,-0.034468,-0.047484,0.054542,-0.017840,-0.002430,-0.031940,0.096319,-0.004452,0.046211,0.003986,0.003369,0.022984,-0.073943,0.008028,-0.001272,-0.009881,0.328545,0.015684,-0.029961,-0.081364,0.037716,-0.004399,-0.023719,0.223415,-0.032729,-0.067741,-0.002752,0.021927,-0.012423,-0.090951,-0.048097,-0.031377,0.129185,0.047005,-0.064995,-0.054099,-0.189057,-0.004871,-0.032423,0.052642,-0.072643,-0.073278,0.041314,-0.040662,0.008140,-0.176025,-0.047678,-0.013584,0.003025,0.005972,-0.018374,-0.054014,-0.208365,0.027013,-0.152612,0.010026,0.089501,-0.008681,-0.003253,0.002544,-0.025578,0.005675,0.193323,-0.007835,0.003001,-0.034816,0.049291,-0.010283,-0.029060,-0.007051,-0.020549,-0.008177,-0.052643,-0.107638,-0.024756,-0.000124,0.065578,0.010349,0.017348,-0.005737,-0.004545,0.028247,-0.003122,0.003961,0.045590,-0.016346,0.003851,0.083532,-0.018778,0.030677,0.023400,0.040227
-0.057749,0.063175,-0.110630,0.047645,0.085973,0.015993,-0.112699,-0.100511,-0.082086,0.003694,0.345863,-0.107545,-0.010534,-0.032181,-0.007945,0.064193,-0.002055,0.065081,-0.103421,0.108412,-0.003079,-0.018971,-0.040459,0.025021,-0.013918,0.073342,0.058300,0.003243,0.140542,-0.040103,0.063974,0.298964,-0.088544,0.043716,0.108561,0.149381,0.000795,-0.030452,0.008368,0.077300,-0.048080,-0.033797,-0.318629,-0.028093,0.055879,-0.030296,-0.002383,-0.030997,-0.023023,0.038176,-0.017595,-0.041579,0.177443,-0.057081,-0.162723,0.085378,-0.056575,0.005210,-0.018931,0.188300,0.048103,0.045066,-0.041898,0.107897,-0.015640,0.123605,0.024717,-0.001936,0.010750,0.049424,-0.002815,0.011647,-0.157149,0.036513,-0.006154,0.025377,0.077355,0.060864,-0.084907,0.028253,0.291731,-0.189480,-0.114001,0.020689,-0.047009,-0.069123,0.136418,-0.024455,0.112769,-0.005457,0.153305,0.107013,-0.186858,0.197806,-0.024206,0.035877,-0.055380,0.010874,-0.127766,0.015368,0.055765,-0.043586,0.082056,0.118463,-0.098316,0.052658,0.007052,0.011638,0.044276,-0.287558,0.047636,0.014480,-0.040019,-0.048908,0.006719,-0.022641,0.020763,0.026071,-0.028462,0.055017,-0.139826,0.002400,-0.020644,0.155566,0.230079,0.522311,0.022241,-0.011815
-0.011818,-1.116036,0.041769,-0.052973,-0.044600,-0.085510,-0.113304,-0.075277,0.047100,0.001107,0.060736,-0.030599,-0.046655,0.027379,-0.030848,-0.000846,-0.031278,-0.057011,0.013689,-0.008669,0.019365,0.026298,0.066994,-0.036403,-0.033203,0.062680,-0.001853,-0.064704,-0.056989,-0.000605,-0.051957,0.033773,-0.068791,-0.042691,0.081994,0.047349,0.008657,0.003449,0.058048,-0.065341,0.055600,-0.016845,0.088108,0.000606,-0.030980,0.103987,-0.001476,-0.023651,-0.010095,0.051119,0.000005,-0.038003,0.201309,0.013687,-0.015379,0.589237,-0.039446,0.007543,0.112184,-0.007981,0.057705,0.046338,-0.013386,-0.022494,-0.012519,0.170480,-0.017113,0.056769,-0.006711,-0.050819,0.005903,0.033894,-0.064223,0.005050,0.021357,0.026027,0.015221,-0.065549,0.022802,-0.023717,0.076907,-0.000189,-0.013794,0.049349,-0.002143,-0.066120,-0.062753,0.021033,0.068061,0.092421,-0.143322,0.008652,0.038609,-0.094292,-0.032716,0.039338,-0.029675,0.082677,0.108781,0.038891,0.055519,0.023035,0.124293,-0.066357,0.062541,0.050690,-0.074799,-0.005310,0.031015,0.092231,-0.008553,0.025727,0.027836,0.056841,-0.017884,-0.034464,-0.005771,0.030872,0.021207,-0.000459,0.039275,-0.034695,-0.000686,-0.080790,-0.107147,0.028926,0.128323,0.028400
0.013658,-0.047612,0.015392,0.005464,0.024222,-0.005112,-0.075918,-0.185950,0.019256,0.111766,0.106540,-0.860628,0.146282,-0.000360,0.016582,-0.094053,0.013512,0.064234,0.052498,-0.030924,-0.002944,0.007390,0.027223,-0.025815,-0.025454,-0.026392,0.030065,0.015390,0.186776,0.048929,0.048041,-0.190449,0.134189,0.019412,0.067835,-0.064436,0.001025,0.028404,0.016886,0.046846,0.044032,0.050268,0.185551,-0.030285,0.005680,-0.030410,0.000998,-0.002761,0.053536,0.021998,0.004847,0.047793,-0.023090,-0.008480,0.027655,0.008389,-0.104911,-0.025983,-0.034119,-0.089452,-0.026640,0.017412,-0.257060,-0.052942,0.000954,-0.308033,-0.032559,0.011522,0.692635,-0.002281,-0.001301,0.040031,0.146189,0.026269,0.022647,-0.018996,-0.058836,0.067447,0.097591,-0.006135,0.053709,-0.038437,-0.091025,-0.061109,0.027113,0.019016,-0.008237,-0.046713,0.213378,0.002087,0.033371,0.062648,-0.056342,-0.072176,0.005762,-0.015035,0.002832,-0.024114,-0.040296,0.035464,0.038674,-0.031425,-0.004755,-0.000436,0.013905,0.059763,-0.030207,-0.007497,-0.103503,-0.086757,-0.042702,0.026224,0.029626,0.024109,-0.004878,0.028363,-0.005194,-0.033647,0.033836,0.006136,-0.062564,0.010568,0.117202,0.031152,0.076989,-0.074707,0.035321,0.000403
-0.021510,0.010979,-0.039407,0.004395,0.035172,0.032324,-0.023564,0.363587,0.003653,0.177907,-0.241044,-0.217085,-0.080379,0.002599,-0.000799,0.142440,-0.021803,0.010465,-0.092305,0.154749,-0.025754,0.000623,0.043537,-0.026156,0.022263,0.015865,0.025176,0.034208,-0.069939,0.017524,0.074046,0.127431,0.076512,-0.025025,0.020084,0.032309,0.131416,-0.005101,0.007805,0.001683,-0.021878,-0.002805,0.039876,0.018982,0.062910,0.008686,0.001142,-0.027924,0.004185,0.007058,0.038500,0.041754,-0.125039,-0.074101,0.232665,0.098678,-0.007862,0.019099,0.014520,-0.099149,-0.020116,0.118154,0.132167,-0.021510,-0.032218,0.144131,-0.032481,-0.041978,-0.019272,-0.037957,-0.018590,0.108175,0.266070,0.012041,-0.021437,-0.002280,-0.024397,0.048048,-0.014756,-0.040772,0.029678,-0.195879,0.001265,0.018552,-0.115906,0.003274,0.051231,-0.009440,0.288148,-0.035980,0.205627,0.072618,0.029598,0.127665,-0.122347,-0.010902,-0.022475,0.038151,-0.287687,-0.033803,0.035803,0.011856,0.042979,0.041244,0.016156,-0.012361,-0.043038,0.000150,0.070271,0.226489,0.019773,-0.003015,0.028389,0.025342,-0.029306,0.053059,0.000952,0.137444,0.041841,0.033362,0.306677,0.124180,0.011511,0.128998,0.095876,-0.228522,-0.058663,0.028111
-0.068590,-0.001012,0.057319,-0.027126,0.082147,-0.061827,-0.010078,0.004488,-0.023384,0.020216,-0.042061,-0.016161,0.010767,0.130505,0.077641,0.012180,0.056189,-0.113296,0.020345,-0.031900,0.047031,-0.039880,0.010249,0.009758,-0.145370,-0.011865,0.104210,-0.114682,-0.041467,0.070993,0.001097,0.053215,-0.007161,-0.052554,0.005159,0.000843,0.005338,0.070571,-0.034931,-0.037828,-0.019299,-0.020735,-0.032095,0.043647,-0.023116,-0.072936,0.042960,-0.073360,0.019754,0.004103,-0.075110,-0.035036,0.006422,-0.011479,-0.014760,-0.008041,-0.085374,0.009040,0.021554,-0.013834,0.070684,0.004894,0.017390,-0.036879,0.002067,-0.003722,0.080357,-0.073714,0.034850,-0.096299,-0.001583,0.009616,-0.000797,-0.090657,0.117889,-0.026532,-0.004622,-0.048330,0.014078,-0.160306,0.002824,0.036094,0.043000,0.119987,0.070906,0.166573,0.160329,0.122705,-0.000957,-0.043461,0.025190,-0.119234,-0.019121,0.174017,0.035955,-0.011411,-0.084282,0.057130,-0.023813,0.035809,0.039001,-0.012414,0.020343,0.026623,-0.051408,-0.022763,0.038936,0.013839,-0.030152,-0.008352,-0.062916,-0.044692,-0.063076,0.117967,0.039621,0.090464,-0.079381,-0.024455,0.011807,0.050880,0.000807,-0.016552,0.113877,0.110063,-0.027087,0.034142,0.129557,-0.133812
-0.019863,0.057646,0.033756,0.007092,-0.072433,0.031544,-0.005428,0.228158,0.137244,-0.029576,0.024740,-0.089623,0.143442,0.040143,0.015841,0.019563,0.012134,-0.006068,-0.183425,0.017853,-0.017504,-0.038028,0.006080,0.131554,0.138291,-0.084911,0.001092,-0.111815,-0.078624,-0.012578,0.035641,0.047836,0.255392,0.029974,0.029193,-0.048452,0.095364,0.091497,-0.110748,-0.056911,0.064933,-0.059711,-0.147958,-0.047585,-0.013379,0.047229,-0.024426,0.047702,-0.291934,0.081473,-0.018892,0.029203,0.022765,0.016353,0.132032,0.159416,0.153830,0.004273,0.003601,-0.013040,0.021209,-0.034223,0.083254,-0.000096,0.009466,-0.096418,-0.031384,0.041896,-0.019917,0.055492,0.069208,0.056164,-0.038399,0.094842,-0.097058,0.030589,0.054821,-0.023193,0.108461,-0.043685,-0.138324,0.075168,0.148277,-0.016818,-0.089813,-0.120280,-0.001274,0.035655,0.115913,-0.025045,0.015357,-0.124175,-0.012070,0.047622,-0.009058,-0.034282,-0.006973,-0.057635,0.018868,-0.016466,0.015249,-0.039264,-0.058260,0.067747,0.144096,-0.009465,-0.054738,0.001743,0.064097,0.065633,0.073125,0.038977,0.154021,0.003908,-0.005121,0.102781,0.117847,0.099653,-0.083216,-0.016334,-0.131058,0.001563,-0.068040,-0.060513,-0.055539,0.188732,-0.097749,-0.049377
-0.003893,-0.004645,0.005196,-0.014838,0.001894,-0.001991,0.004833,0.010054,0.000250,0.001724,0.008004,0.000348,-0.002497,0.002387,0.006539,-0.001063,0.012976,-0.003963,-0.000092,-0.000806,-0.003176,0.008669,0.012465,-0.000954,0.008302,0.006929,-0.010107,-0.001288,0.003652,0.001660,0.001246,-0.018118,-0.002294,0.008854,-0.003378,0.001847,-0.001616,0.000679,0.004812,-0.005010,0.004505,-0.012815,0.010115,-0.003832,0.007675,0.006615,0.004691,-0.018527,-0.003572,-0.003625,0.007538,-0.000529,-0.005387,-0.012398,0.008169,-0.006219,0.007571,-0.010253,-0.011102,0.008556,0.007204,-0.000787,-0.001927,-0.003521,-0.014715,-0.005435,0.005481,-0.004877,0.002115,-0.008892,0.004538,0.005992,-0.009361,-0.011081,-0.003597,-0.000257,0.003380,0.004212,-0.000094,0.018837,0.003916,0.005074,0.005675,-0.009209,-0.000161,0.005479,0.000644,-0.005028,-0.006324,-0.004023,-0.011919,-0.001415,-0.017180,0.016451,0.000457,-0.010409,0.003376,-0.014243,0.004144,-0.003365,0.005989,-0.001967,0.006239,0.000755,-0.010788,0.003816,-0.004190,0.009492,-0.001726,0.012249,0.002406,-0.019475,0.001430,0.001482,-0.003197,-0.006239,-0.019754,0.000163,0.006136,-0.019165,0.012429,-0.000748,0.015783,0.002655,0.000681,0.017728,-0.002401,0.019526
0.013411,0.021786,-0.035206,-0.023989,0.036260,0.029781,-0.074602,-0.002208,-0.124354,-0.029507,-0.168810,0.053755,0.267405,-0.028220,0.029286,0.059801,0.066890,0.043756,0.318170,-0.135847,0.089238,0.080535,-0.022618,-0.354762,0.031222,-0.030747,-0.023221,0.032425,0.165926,-0.026758,0.102058,0.057969,0.086026,-0.043018,-0.130980,-0.006980,0.031269,-0.016385,-0.006146,-0.048736,-0.170898,0.032780,0.066041,0.071996,-0.032983,0.047347,-0.383246,0.073175,0.149162,0.039233,-0.020469,0.075878,0.067207,-0.001594,0.011413,-0.014223,0.047080,0.023262,0.028482,-0.021437,-0.051156,-0.044786,-0.008555,0.016964,-0.600492,-0.063411,0.059949,-0.000912,0.000447,0.107571,-0.074708,-0.042423,-0.057706,0.014027,0.092125,-0.032306,0.054589,-0.062926,-0.127088,0.077220,-0.006297,-0.189154,-0.001547,0.058325,-0.035435,0.046704,0.060738,-0.068109,-0.120076,-0.034405,-0.027070,0.025694,0.058903,0.014758,-0.107804,0.097392,-0.422841,-0.030256,0.226707,-0.022549,0.005642,0.000610,0.010793,0.026273,-0.007193,-0.053505,0.010722,-0.001425,0.028447,-0.057184,-0.024469,0.011507,-0.083098,-0.016171,-0.491693,0.040489,0.013033,0.035180,0.004035,0.066658,-0.032776,0.039808,0.007369,-0.069523,-0.047456,-0.063129,0.016568,0.096169
0.076730,-0.077419,0.111860,-0.031461,0.063289,-0.157654,0.247262,0.037447,0.093860,-0.283920,0.033975,0.048377,0.012785,0.082139,0.035929,0.032178,-0.002947,0.032277,-0.088170,-0.040912,0.015520,0.025217,0.260985,-0.047323,-0.017720,0.041636,0.177064,-0.031966,-0.032767,0.372127,0.108552,0.087702,-0.129226,-0.044737,-0.099898,-0.698972,-0.032834,-0.039047,0.040060,-0.093839,0.011051,-0.035122,0.107123,-0.018845,-0.017412,0.064738,0.019461,0.007685,-0.053211,-0.006534,0.121325,-0.018183,-0.041405,0.040955,-0.084079,-0.068610,-0.051644,0.002558,0.085113,-0.092998,-0.031788,0.046767,-0.017802,0.070382,-0.040731,-0.093912,0.047090,0.043441,0.013929,-0.038956,0.005265,-0.007457,0.003549,0.075992,0.029514,0.024565,-0.084910,0.019770,-0.008364,0.014582,-0.016580,-0.014218,0.065476,0.008991,-0.063758,0.081243,0.046141,0.061579,0.149837,0.083663,0.065927,-0.009377,0.039021,-0.004446,-0.023749,0.005991,0.003987,0.070217,-0.032622,-0.040457,0.247718,0.104559,0.010951,0.105166,-0.068402,0.064124,0.024482,-0.020699,-0.034069,-0.064490,0.038193,0.014703,-0.024257,0.310866,0.011455,-0.034304,0.064198,0.039170,-0.032829,0.007232,0.002423,0.014248,-0.101166,0.014831,0.240064,0.083040,0.053611,-0.027043
-0.136886,0.135269,0.058137,0.073978,0.028299,-0.114396,0.023906,-0.020656,-0.027851,0.083081,0.000099,-0.010600,0.093172,0.062405,0.078721,-0.029459,0.139827,0.018520,0.004472,-0.045895,0.064035,0.072290,0.024377,-0.113458,-0.024917,0.024098,0.054567,0.079618,-0.094439,0.139725,0.024841,0.006829,0.032391,0.148686,0.099120,-0.128561,-0.041156,-0.027198,0.057343,0.115957,-0.027394,-0.033897,-0.001676,0.033707,0.170268,0.032965,0.143933,0.024418,0.051016,0.049788,0.035991,-0.406750,-0.049431,-0.086668,0.049384,0.224129,-0.122538,-0.080383,0.051608,0.088093,-0.079334,-0.088110,0.035664,-0.244542,0.023125,0.168732,0.149989,-0.040410,-0.011564,-0.024478,-0.168568,0.050468,0.043110,-0.029656,-0.018859,-0.044451,0.032564,0.088699,0.017292,0.072044,0.146587,-0.051663,-0.084912,-0.021380,-0.014437,-0.068680,0.074337,-0.056988,-0.197675,0.077898,0.015541,0.240503,-0.052026,-0.157960,0.062285,0.000612,-0.064269,0.006106,0.024810,-0.041327,0.102546,0.050035,-0.005287,0.021554,0.168376,0.059454,0.091813,0.006283,0.106472,0.077182,-0.042441,0.019027,0.098581,0.043435,0.066640,-0.103492,0.061880,-0.046756,-0.020700,0.078252,-0.024189,0.049987,-0.052507,0.017569,0.061251,-0.082649,-0.152364,-0.000033
0.033281,0.043215,-0.021624,-0.039330,-0.072321,0.001064,-0.174863,0.084500,-0.005212,-0.014468,0.223019,-0.005927,0.122760,0.126353,0.103310,0.070553,-0.102157,-0.032284,-0.067305,0.083859,-0.092502,-0.018336,0.027457,0.117585,-0.046086,-0.029692,0.041294,-0.041259,-0.020188,-0.070997,-0.019890,-0.027952,0.071870,0.450034,0.052033,0.058154,0.036155,-0.053090,-0.150849,-0.012777,0.032426,0.037569,0.019981,0.074640,-0.115825,-0.010274,-0.023526,-0.063345,-0.031793,-0.028898,0.427001,-0.374220,-0.057778,0.023189,-0.063116,-0.028265,0.017160,-0.059967,0.036961,-0.309348,0.071758,0.089642,0.183519,0.113636,0.054537,-0.015309,-0.003490,0.003108,0.111398,-0.059405,-0.032055,0.039890,-0.033288,-0.086647,0.047934,-0.027691,0.571657,-0.404527,-0.090000,-0.017698,-0.058632,0.084812,-0.071265,0.023945,-0.085301,0.060650,-0.052122,0.303807,-0.065072,-0.136347,0.030084,-0.088190,-0.032971,0.037086,-0.090796,-0.011214,0.086346,0.016338,0.117655,0.083176,0.006381,0.029587,0.030419,0.046662,-0.154362,-0.009156,0.056012,-0.007874,0.014952,-0.093795,-0.048494,0.024577,-0.099536,-0.039617,0.009734,-0.000437,-0.031015,0.027885,-0.071974,0.020497,0.004189,0.001580,-0.059602,-0.213253,-0.006712,-0.147434,0.015178,0.070269
-0.002987,0.004730,-0.000346,0.005444,-0.001853,-0.003539,0.002935,-0.000423,-0.004864,0.001118,0.001962,0.000662,-0.000765,0.006120,-0.009574,0.002627,0.014405,-0.011330,-0.000066,-0.000508,-0.005401,0.002739,0.007775,0.002407,-0.000324,-0.010037,0.003154,0.012055,-0.003601,0.003865,0.015731,0.001764,0.001056,-0.006422,0.002510,0.019470,-0.001141,-0.000904,0.006863,0.006168,-0.004128,0.004289,-0.004371,0.012156,0.002208,0.007685,-0.002985,-0.000671,-0.008235,0.003861,0.008907,-0.006656,-0.000634,-0.005328,-0.001303,0.002705,0.008776,-0.009096,-0.003677,0.001475,-0.000849,0.000992,-0.000202,-0.007085,-0.004387,-0.000969,-0.005742,-0.013737,0.001034,-0.003270,-0.001265,0.003190,-0.011563,0.006283,0.013512,0.004471,-0.010201,0.002305,-0.002708,-0.003267,0.002198,0.000190,0.010072,-0.001875,0.003196,0.000208,0.013928,0.005114,0.005021,0.013808,-0.000636,0.007231,0.004150,-0.011641,0.000043,-0.017292,-0.002284,-0.003290,-0.001888,0.010519,-0.005177,0.016014,0.001762,0.000083,0.001066,-0.009035,0.005151,-0.000429,0.011645,0.000512,0.001550,-0.007071,-0.009284,0.000765,0.006183,0.005360,0.002924,-0.002166,0.015307,-0.000140,0.004406,-0.001615,0.000235,-0.011950,0.001241,-0.004364,0.013863,-0.005301
0.066675,0.103851,0.089356,0.030390,0.026389,-0.047122,0.164835,0.097064,-0.005185,0.038232,0.166120,-0.045689,0.049481,0.125343,0.095777,0.167773,-0.044040,-0.047543,-0.092451,-0.106759,0.038312,-0.034173,-0.015437,0.114360,-0.079893,0.072103,0.040979,-0.036993,-0.085609,0.004985,-0.145466,0.024841,0.047557,-0.068353,-0.056002,0.032325,0.024952,0.211132,0.087913,-0.012102,0.036859,0.015719,0.067404,0.021609,0.081192,0.089038,-0.040251,0.005177,-0.155473,0.042746,-0.221433,0.098944,0.033537,0.005918,0.062212,0.065489,0.001287,-0.025011,0.033564,-0.384977,0.067383,0.022048,0.139064,-0.016116,-0.079344,-0.061665,0.075292,0.067370,0.086089,-0.011482,0.130197,0.067540,0.066468,0.063800,-0.058141,0.030795,-0.102382,0.101420,-0.035866,-0.007334,0.187580,0.032326,-0.071934,-0.017833,-0.047929,0.051841,-0.032025,-0.105328,-0.012678,0.096351,0.066976,0.040630,0.010324,-0.051762,0.134921,0.026337,-0.072837,0.065547,0.163968,-0.038410,-0.089517,-0.078316,0.087496,-0.097302,0.100983,0.077395,-0.120223,0.012765,0.010989,0.119890,0.165417,-0.001703,-0.037430,-0.011616,-0.022876,0.183723,0.015476,-0.055481,-0.103597,-0.023482,0.068160,0.011540,-0.026510,-0.195933,-0.029377,-0.070929,0.030088,-0.059135
0.245098,-0.036702,0.069491,0.017993,-0.092209,-0.043609,0.199291,0.005767,-0.081489,-0.023196,0.052442,-0.007742,-0.006395,0.072849,-0.039483,-0.048839,0.054959,-0.056915,-0.052182,-0.023015,0.014012,0.014154,-0.024601,-0.126139,-0.018287,0.145158,-0.000750,-0.010162,-0.139284,-0.122131,0.038442,0.038828,0.036594,0.091659,0.048333,0.173965,-0.054764,-0.017563,-0.167656,-0.018649,-0.009711,-0.117548,0.020998,-0.022489,0.015682,0.112905,-0.036538,0.029924,0.028793,-0.031302,-0.107039,-0.034130,0.027714,0.006464,0.040753,-0.066800,-0.015908,-0.155823,0.107586,-0.021054,0.032971,-0.032303,-0.042668,-0.088111,-0.007139,-0.095415,0.080174,0.091421,0.004419,-0.001866,-0.085631,-0.026507,0.024179,-0.062886,-0.024262,-0.108925,0.057114,0.094180,0.216820,-0.090366,0.029768,0.019643,0.035938,0.117787,0.021671,-0.021563,-0.007000,-0.039937,-0.049052,-0.036511,-0.022885,0.003545,0.023657,-0.031427,0.047615,0.024633,-0.045572,0.104341,0.017977,0.004961,-0.057992,0.090626,0.094138,-0.055294,-0.218942,0.016645,-0.022585,-0.012230,-0.044649,0.037647,-0.111138,0.045683,0.055751,-0.080500,-0.103679,0.069925,0.006776,0.039443,0.074911,0.024692,0.055255,0.023080,0.041993,0.131218,0.065119,0.008299,-0.057075,0.053203
0.041446,0.241916,-0.038743,0.040830,-0.041036,0.000374,-0.059098,-0.243323,0.087447,0.274350,0.199189,-0.030194,-0.056404,-0.063441,0.074680,-0.112993,0.012923,-0.031632,0.116320,-0.085088,-0.018816,-0.033910,0.009140,0.032750,0.041174,-0.008783,0.069109,0.035105,0.049506,-0.022816,0.009170,-0.083271,-0.158599,0.075911,-0.294376,-0.008997,0.082984,0.018978,-0.065172,0.052343,0.054455,0.013520,0.346541,-0.006933,0.090623,0.006680,0.059572,0.026232,-0.001763,-0.004533,0.032891,0.083634,0.667518,-0.014087,-0.053781,0.061238,0.001148,0.013308,0.055761,-0.122984,-0.014903,0.050752,0.054261,-0.005184,0.055008,0.194829,0.014069,0.034700,-0.032989,-0.003117,0.018668,0.144809,-0.009620,0.035364,-0.037389,0.011363,0.027659,-0.004608,0.001191,0.007558,0.073689,0.128799,0.146203,0.088338,0.029680,-0.000388,0.008745,0.012812,0.144201,-0.048198,-0.133428,-0.029343,0.323262,0.020337,-0.069660,-0.062505,0.057741,-0.019152,0.203041,0.018955,0.020856,0.031258,-0.080500,0.100045,0.027262,0.003914,-0.020931,0.005821,0.060683,0.263246,0.009892,0.022222,0.028712,-0.000633,0.053650,0.053710,0.018531,-0.017038,0.023120,0.043434,-0.009933,0.019467,0.002777,0.150598,-0.217149,0.015928,-0.067301,-0.063521
0.090460,0.017725,0.123015,-0.016415,0.109019,0.071226,-0.104948,0.044266,0.038694,-0.057113,0.009636,-0.016065,0.025459,0.081767,0.019455,0.002925,-0.003499,0.035468,0.039657,-0.039583,0.012639,-0.006105,0.104316,-0.019472,0.030008,0.048475,-0.051625,-0.072514,0.125052,-0.108195,-0.105737,0.007454,-0.030901,-0.106804,0.060913,0.155584,-0.012470,0.090563,0.207231,-0.108391,-0.126003,0.034190,0.048595,-0.023413,-0.053789,0.099070,0.159118,-0.089654,-0.031301,0.017895,-0.050437,0.076033,0.007157,-0.059666,-0.009859,-0.143857,0.149093,-0.043796,0.054477,-0.133935,-0.027521,0.023631,-0.014380,0.170777,0.128723,-0.041258,-0.013716,-0.011018,0.034942,-0.179610,0.020868,0.003354,0.039841,-0.051729,-0.141240,-0.000931,0.105542,0.026386,-0.075308,-0.017319,-0.008425,0.103403,-0.017578,0.119622,0.047497,0.075460,0.035532,-0.155115,0.033106,0.176810,0.008717,0.239999,0.039733,-0.001067,-0.035540,-0.076253,-0.006047,0.158463,0.056146,-0.054209,-0.049019,-0.021236,-0.182348,-0.013173,-0.131402,-0.108656,0.034392,-0.001178,0.146967,0.001075,0.074211,-0.008912,-0.041026,-0.041524,0.075202,0.073429,0.032969,-0.034085,0.108831,-0.130449,0.016580,0.023215,0.051607,0.046580,0.014409,-0.011723,-0.076042,-0.040646
-0.057192,-0.018398,-0.004466,-0.008795,-0.018990,0.055193,0.013027,-0.167902,-0.069518,-0.103006,-0.294679,-0.073029,-0.143783,-0.080421,0.054860,0.183131,0.008358,0.015417,-0.139844,-0.077926,0.011708,0.018816,-0.031681,-0.019719,0.011327,-0.010108,-0.086800,-0.018818,0.138766,-0.028120,-0.000544,0.100297,0.224554,0.027523,-0.055779,-0.006511,0.066140,-0.017648,0.034019,0.021920,-0.079887,0.007088,0.089987,0.049385,0.052720,0.012699,0.048815,-0.000093,0.059687,0.035572,0.004487,-0.001649,-0.032761,-0.005435,0.007506,0.042117,-0.015407,0.025942,-0.007432,-0.189842,0.054855,-0.027220,0.005041,-0.022477,0.067848,-0.171406,-0.007008,0.031148,-0.163758,0.053949,0.026385,-0.160619,0.110967,0.003677,0.050168,0.030898,0.042915,0.073706,0.055785,0.037609,-0.004648,0.006823,0.528722,-0.071440,-0.010707,-0.011242,0.002364,0.060551,-0.109061,0.017973,0.002927,-0.017865,-0.112519,-0.012343,-0.169593,0.019560,0.047951,-0.029840,0.404265,0.044501,-0.010874,-0.007676,0.015483,-0.253477,-0.012245,0.026133,0.014690,0.001415,-0.004548,-0.008381,0.035162,0.011358,-0.060332,-0.045567,0.053695,0.018894,0.003735,-0.220760,0.024423,0.028393,0.034440,0.004180,-0.021842,0.049308,-0.159981,0.189424,0.075239,0.021425
-0.013793,-0.029435,-0.092211,0.027369,0.008037,-0.085964,-0.104045,0.037138,0.034977,-0.051892,0.082374,0.065291,-0.021286,-0.052119,0.053012,-0.059399,-0.049317,0.032776,0.004899,0.035316,0.048433,0.047220,0.086140,-0.074032,-0.066035,-0.136071,0.018917,0.071562,0.049329,-0.001406,-0.024217,-0.024487,-0.011723,0.115478,0.072076,-0.074878,0.030736,-0.012703,0.022888,-0.024461,0.102713,0.035561,0.044478,0.093118,0.019765,-0.000412,0.027895,0.037503,-0.166334,-0.005950,0.086938,0.056969,-0.008952,0.088379,0.010401,-0.063627,0.003459,0.107968,0.040787,0.008648,-0.142724,-0.025527,-0.018230,0.081792,0.088405,-0.092087,0.001469,-0.098787,-0.015083,0.096764,-0.178679,0.082187,-0.033949,0.020575,0.101860,0.125384,-0.042469,-0.031161,0.060387,0.025687,-0.029268,0.025872,0.037285,0.057261,0.003215,0.199064,0.064173,-0.071593,-0.023444,-0.065187,-0.009376,0.073797,0.007657,0.017156,0.065767,0.040287,0.012378,0.015045,0.037321,0.033405,0.179553,-0.260659,0.000322,-0.014940,0.043038,-0.103067,-0.066930,0.006610,0.083730,0.011878,-0.118503,-0.049063,-0.033307,0.048521,0.118194,-0.190384,0.066820,0.001155,0.075538,-0.030758,0.036852,-0.007003,-0.033105,0.112065,-0.001235,-0.046390,-0.042621,-0.116129
-0.000892,0.022019,0.058825,-0.014271,0.003108,0.034118,-0.191451,0.057222,0.093646,0.168034,-0.036564,0.726422,0.016822,0.100932,0.083069,-0.005355,-0.038747,0.012311,0.023993,0.040969,0.011578,0.058926,0.027027,0.046944,-0.169221,0.032976,0.092575,-0.000089,0.009425,0.043244,0.030588,-0.075128,0.030581,0.017467,-0.054987,-0.085675,0.047766,-0.040254,0.050163,0.071045,0.057473,0.040675,0.017970,0.056743,0.080432,-0.008090,-0.023472,-0.013606,-0.040570,0.021071,-0.035649,0.165020,-0.119190,-0.052754,-0.039186,-0.082697,-0.160454,-0.068487,-0.023937,0.076711,0.003420,-0.093191,-0.028808,-0.054847,-0.012922,0.340744,0.025337,0.051330,0.179455,-0.100029,0.041516,0.005980,-0.010940,0.033424,0.027593,-0.025979,-0.083693,0.088942,0.102034,-0.010434,-0.011423,-0.005230,0.001452,-0.016117,-0.055488,0.181860,-0.128760,-0.032129,0.022592,-0.001687,0.116081,0.147180,-0.131359,-0.165738,0.018119,0.023082,0.008999,0.014323,0.142437,0.057276,0.057359,-0.025019,0.004190,0.142549,0.029348,0.152974,0.024387,-0.010433,-0.065072,-0.045536,-0.003430,0.023177,0.089792,0.030853,-0.010829,0.093424,0.027744,-0.011565,-0.019209,0.014786,-0.078288,-0.057412,0.171444,0.071071,0.004289,-0.003239,0.053359,0.039781
-0.025921,-0.067133,-0.000201,0.002042,0.015699,-0.046728,-0.090509,-0.415622,-0.127283,-0.065907,0.142550,0.064443,0.035777,0.010883,-0.066475,0.093097,-0.121189,-0.078690,0.167111,0.082777,-0.002530,-0.122596,-0.015065,0.027168,0.008045,0.026327,-0.019572,-0.016344,0.274206,-0.027583,0.007741,0.032261,0.039156,-0.080689,-0.057823,-0.031086,-0.069033,0.028779,0.001720,-0.002838,-0.059018,-0.053627,-0.145033,-0.088440,0.020552,-0.015736,0.037549,-0.012231,-0.075564,-0.007002,0.002288,-0.019374,0.042974,0.005301,0.275500,-0.072950,0.041691,-0.015215,-0.032874,0.050247,0.017400,-0.102774,-0.109920,-0.028864,0.031348,-0.014224,0.022371,-0.019450,0.169005,-0.022259,0.025763,-0.027447,-0.182506,-0.002617,-0.085120,0.024297,0.005225,-0.040553,-0.048329,-0.043243,0.047663,0.016805,0.007525,-0.032645,0.055770,-0.138438,-0.062735,-0.016385,-0.264289,-0.000312,0.646723,-0.043739,0.134182,-0.053249,-0.059819,-0.087257,0.025925,-0.005132,0.054933,-0.076925,-0.029831,-0.008022,-0.055088,0.108480,-0.016440,-0.023193,-0.025954,-0.016599,-0.000520,0.320083,0.010887,-0.006625,-0.012608,-0.014038,0.035126,-0.053970,-0.019810,0.232395,-0.030664,-0.060874,0.129792,-0.057942,-0.060180,-0.080737,-0.097592,0.117411,-0.015459,-0.096286
0.060404,-0.054517,-0.069954,-0.024792,-0.050927,0.194347,-0.073184,0.029706,0.061486,-0.107876,-0.091896,-0.035433,0.005970,-0.051523,-0.124316,0.000460,-0.128238,-0.106326,0.095602,-0.051227,-0.080159,0.051050,-0.006979,0.037764,0.162655,0.004769,0.095979,-0.023017,0.104009,0.037078,-0.095093,0.019324,-0.021334,0.032219,0.066047,0.054812,0.004529,-0.065073,-0.238590,0.023274,-0.017939,0.102360,0.031765,0.007861,-0.009559,0.070048,0.038271,0.011275,-0.076713,-0.059225,0.158539,0.141918,0.020289,-0.113527,0.019896,-0.120801,0.006900,-0.044549,0.062175,0.265514,-0.095857,-0.063457,0.003169,0.037362,-0.028052,0.031846,-0.005304,-0.014784,0.037952,-0.096411,-0.119817,0.106580,-0.018732,-0.081752,0.084936,-0.022924,-0.024075,-0.049620,0.024598,-0.072997,0.077642,0.043442,0.043024,0.170354,-0.012109,0.003177,-0.018417,-0.130768,0.029801,-0.022022,0.042967,0.062134,0.041439,-0.205356,0.053889,-0.153065,0.020503,0.017176,-0.050545,0.031466,0.130484,0.129387,0.028307,-0.023550,0.077085,0.029981,-0.112806,0.010116,0.045793,0.072576,-0.029997,-0.042950,0.009695,0.037305,0.026989,-0.099931,-0.031083,0.039967,-0.086859,0.136760,0.017923,0.006421,-0.054193,-0.006685,0.064298,0.000027,0.017468,0.093968
-0.102644,-0.030014,-0.118945,-0.062334,0.040340,0.251825,0.010855,-0.015739,0.043572,0.043844,0.020682,0.003935,0.011705,-0.040076,0.040017,0.005423,0.019861,-0.045346,0.030342,-0.022864,0.043494,0.101179,0.029605,-0.032239,-0.030856,0.024623,-0.041062,-0.060684,0.061458,0.028058,0.156497,0.001674,0.012513,-0.011878,0.000863,0.053559,0.005515,-0.004482,0.084199,-0.021631,-0.007091,-0.062914,0.012260,0.009803,-0.118289,-0.017964,0.112561,0.136796,-0.128743,0.145808,0.113365,-0.190849,0.006209,0.003266,-0.037581,-0.133741,0.011368,0.069809,0.025452,0.033420,0.132744,-0.019919,0.022377,0.035338,0.108719,-0.005412,0.075074,-0.011755,-0.002543,-0.008295,-0.053204,-0.053770,-0.021399,0.092142,0.064765,-0.029229,-0.143626,0.109035,-0.031866,0.003476,0.006743,0.045963,0.010097,0.139121,0.042597,-0.040844,0.051609,0.119097,0.017204,0.044675,0.003760,-0.011830,0.008386,-0.085953,-0.049106,0.097403,-0.005085,0.035181,0.007667,-0.035924,0.060418,0.013906,0.010630,0.057635,0.065063,-0.107414,-0.054560,-0.002573,0.033694,0.038433,-0.138659,-0.008592,-0.066521,0.052567,0.037348,-0.015458,0.002210,-0.018217,0.079337,0.100443,-0.008805,0.024199,-0.044116,0.005271,0.012917,-0.000893,-0.115821,0.037357
-0.003338,0.003311,-0.008012,-0.007470,0.005799,0.005171,0.001312,0.004035,-0.004827,-0.001106,0.003506,0.003348,-0.000583,0.001594,0.012092,-0.001304,0.005919,0.003757,-0.000394,0.001582,0.002229,-0.000078,0.016755,-0.010449,0.019765,0.000625,-0.008367,-0.012732,-0.008234,-0.000451,0.003502,0.006407,-0.009313,-0.003522,-0.001330,-0.003702,0.000642,-0.000554,-0.002928,0.013844,-0.010193,-0.006680,-0.006123,-0.005747,-0.002202,0.002656,0.010859,0.004928,0.010027,0.007208,-0.021981,-0.003785,-0.005951,-0.004118,-0.002278,-0.000955,-0.009613,0.001412,0.008106,-0.002631,0.011620,0.001257,0.001777,0.011225,-0.001097,-0.011174,0.001555,-0.011683,0.006423,0.001635,-0.006239,0.000796,-0.006182,0.012029,-0.011420,0.007838,0.004917,0.003035,-0.002254,0.000845,0.007824,0.001376,0.007294,0.006138,-0.002132,0.001414,-0.009822,-0.005328,0.004351,-0.012559,-0.005005,-0.000914,0.001846,0.001723,-0.000197,0.004088,0.005567,-0.011990,0.007435,-0.000562,-0.003467,-0.001450,0.003517,0.000468,-0.001902,0.005518,-0.008365,0.003473,-0.002988,0.011469,-0.007866,0.002807,0.009064,-0.002300,0.009236,-0.009762,-0.003598,-0.000046,-0.005770,0.004477,-0.003858,-0.000480,0.004173,-0.006190,0.000368,-0.002980,-0.000565,-0.006286
0.005287,-0.071798,-0.038608,0.022605,-0.113762,0.059703,0.069565,0.025079,0.000646,0.007866,-0.058542,-0.026415,-0.057372,0.060457,0.006132,0.010960,-0.016544,0.010050,-0.023376,-0.004592,0.010247,-0.115535,-0.061380,0.010711,0.033686,-0.026920,-0.001186,-0.014117,0.010364,0.089184,-0.035042,0.031181,0.002598,0.132360,-0.002048,-0.026752,-0.018133,0.023584,0.105592,-0.009414,0.028536,-0.004174,-0.011337,-0.057190,0.064521,-0.051532,-0.106462,-0.056167,-0.090210,0.072162,-0.001295,-0.001331,0.037454,-0.101538,0.006186,-0.051758,0.078405,0.026117,0.018604,-0.018738,0.101429,-0.036260,-0.006089,-0.054070,-0.174652,0.007811,-0.014102,0.110389,0.036496,-0.006100,0.005209,0.044981,-0.002976,0.090491,0.047300,-0.084224,0.037163,-0.059164,0.049696,0.106493,0.015642,0.039644,0.064652,-0.089158,0.129132,0.108146,-0.099474,-0.020176,-0.013208,-0.031338,0.012360,-0.050814,-0.001728,0.074678,0.027317,-0.060355,-0.106988,-0.045205,-0.013496,0.084574,0.002169,0.039710,0.023072,0.036594,-0.079987,0.050176,-0.018586,0.016598,-0.131222,0.021347,0.031353,-0.025258,0.099588,0.076075,-0.186350,-0.019512,0.004873,0.007765,-0.063196,0.012928,0.008721,-0.017639,0.035225,0.081360,0.008184,0.025567,-0.111484,0.009202
-0.089358,0.034871,0.023442,0.038424,0.027320,-0.009328,0.116526,0.014088,0.007342,0.012404,-0.031717,-0.060302,0.041392,0.024199,0.022918,0.072934,-0.029682,0.012837,0.025109,0.006751,0.032894,-0.122961,0.015391,0.023472,0.117471,-0.170840,0.074268,0.044328,0.010205,0.074298,-0.022494,0.089344,-0.013869,-0.083993,-0.020890,-0.140477,0.043710,0.104799,-0.013836,0.123580,0.018200,0.024551,0.016771,0.061277,0.038681,0.180959,0.010646,-0.052153,-0.025324,0.048350,0.023577,0.122553,0.011190,0.093147,-0.030495,0.152646,0.080338,0.104735,0.210545,0.181034,0.001543,0.035736,0.014102,-0.077788,0.025998,0.064615,-0.022286,0.081501,0.016108,0.003562,-0.066053,0.012170,-0.002449,0.004197,-0.020084,0.129781,0.072429,0.103830,-0.021038,0.052795,0.025947,0.010800,-0.021505,0.145734,0.073147,0.008178,0.008609,0.134916,-0.009141,0.047499,0.030049,-0.295448,0.002186,-0.072064,-0.026279,-0.090389,-0.005836,0.091310,0.020951,0.062890,-0.032469,-0.147146,-0.042348,-0.017851,-0.130488,-0.167270,0.115697,0.005724,0.112958,-0.010719,-0.000546,0.032455,-0.011269,0.031905,0.090180,-0.178996,0.006259,-0.012308,0.033442,-0.011871,0.007412,-0.046696,-0.008533,-0.010669,0.011994,0.009457,-0.022103,0.068403
0.061729,0.006101,0.029930,0.029834,-0.005602,-0.032230,0.027439,-0.072626,0.107521,0.061621,-0.019276,-0.022203,0.055882,0.017617,0.189050,0.007118,-0.061177,0.141912,0.076319,-0.056890,0.069755,0.145194,0.058190,-0.063389,0.295829,0.046005,0.002374,0.080774,0.081851,0.031531,0.196203,-0.022876,0.028361,-0.086572,0.030521,0.040385,0.030837,0.025345,0.001570,-0.048105,-0.053002,-0.216298,0.013960,0.047629,0.004027,-0.168793,0.034903,-0.119481,-0.087720,0.097460,0.054585,0.007392,-0.042420,0.034917,-0.077642,-0.065822,0.214790,0.051519,-0.100747,-0.103057,-0.119741,-0.008776,0.016603,-0.061913,0.071258,0.046976,0.037741,-0.061358,-0.053127,0.052336,-0.115035,-0.066216,0.025951,-0.061830,-0.014007,0.056857,-0.189583,0.041236,-0.043122,-0.013512,-0.013072,-0.022250,-0.045281,0.094937,-0.006190,0.007387,0.003833,-0.035776,-0.000674,-0.028778,-0.009331,0.228749,-0.011135,0.156613,-0.001880,0.040236,0.074354,-0.009192,-0.070245,0.002100,0.103226,-0.014023,-0.051154,0.079095,-0.016062,-0.062997,-0.001277,0.004023,0.121909,-0.064670,-0.086076,-0.015563,0.037156,0.003387,0.166357,-0.030053,0.005983,-0.038524,0.002281,0.040724,0.031551,-0.008214,-0.110455,-0.082084,-0.041731,-0.054887,0.074058,0.065251
0.018083,0.027088,-0.046245,-0.045014,0.013571,-0.091961,-0.039790,-0.243401,0.018405,0.132506,0.073450,-0.039797,-0.211743,-0.043177,-0.078985,0.327125,0.102283,0.105739,-0.253556,-0.051631,-0.011226,0.034829,0.094864,0.120476,-0.005865,0.047776,0.050614,-0.011021,0.166825,0.045907,0.039541,0.141264,0.186005,-0.003845,-0.059323,-0.114776,0.005668,-0.040358,-0.021628,-0.020906,0.086458,0.065326,-0.200024,-0.029743,-0.001233,0.046810,-0.023725,0.065824,0.121970,-0.125508,0.129143,-0.047779,-0.144553,0.028281,0.224793,-0.079502,-0.002124,0.021199,0.035566,-0.103985,-0.049040,-0.038550,0.083134,0.046385,-0.005773,0.046344,-0.011625,0.004308,-0.078174,-0.002692,-0.029132,0.004554,0.446062,0.018878,0.049668,-0.090021,0.067567,-0.021339,-0.018316,-0.016608,0.228069,-0.073385,0.167229,0.034468,0.049832,0.121729,0.012697,0.020103,-0.016192,0.002675,-0.097997,0.040880,-0.025997,-0.021371,0.073568,-0.009322,0.031506,0.043142,0.216611,0.003985,0.020716,0.039640,0.028974,0.304009,-0.039494,-0.006707,-0.020459,-0.002536,-0.034956,0.008810,-0.078633,-0.022297,-0.028652,0.066883,-0.039498,-0.094268,-0.021242,0.000292,-0.031797,-0.003782,0.307950,0.009206,0.015848,0.041444,-0.151456,0.035967,0.083373,-0.060247
-0.012396,0.058589,0.014551,0.012102,0.033460,-0.014117,0.119591,0.051113,-0.039355,0.194639,-0.066991,-0.015219,0.074735,0.023632,-0.027582,-0.004463,-0.024106,0.098499,0.150580,0.093909,0.005912,-0.024783,0.022485,-0.004782,-0.013886,-0.017380,0.014748,0.005033,0.107704,0.033212,-0.006557,-0.056661,0.199455,-0.014849,0.587212,-0.051097,-0.006354,0.062966,-0.016307,0.000458,-0.024208,0.023575,-0.113488,-0.054088,0.026997,-0.035236,0.005240,-0.038957,-0.010436,-0.001857,-0.047568,-0.072033,0.196904,0.006529,0.186288,0.129605,0.032700,-0.028156,-0.046423,0.231356,0.020770,-0.081984,0.204075,0.010535,0.015252,0.102503,-0.040628,-0.039239,-0.259510,0.027267,0.001921,-0.044852,0.155120,-0.026047,0.001054,0.014978,-0.037822,-0.010215,0.043996,-0.002560,-0.055345,0.022935,0.120937,-0.043055,-0.027222,-0.020137,0.018912,-0.018584,0.314951,-0.041885,-0.164145,-0.027168,0.138973,0.026953,-0.055731,0.003147,0.011763,-0.014641,0.345717,0.012383,-0.006517,-0.004588,-0.094806,0.352137,-0.114719,0.031898,0.017522,-0.008080,-0.028319,-0.125067,0.024081,-0.014778,-0.032103,-0.018067,0.021792,0.021219,0.013335,0.403604,-0.045175,-0.000712,0.114319,0.021231,0.094290,0.039890,0.022744,0.212677,-0.047211,0.007173
-0.004031,-0.004638,-0.004238,-0.009721,0.003338,-0.005286,-0.010311,-0.006083,0.003164,-0.000467,-0.010169,0.000807,0.001321,-0.003875,-0.003925,0.000066,0.003017,0.007304,0.000209,-0.000071,0.010107,-0.004065,-0.017327,0.014269,0.009844,-0.008145,0.006268,-0.004371,-0.004098,0.000080,0.002943,0.010679,-0.002711,-0.006046,-0.001428,-0.001312,0.003546,0.003037,0.006175,0.005997,-0.008992,0.004897,-0.001841,0.004953,-0.007582,-0.002731,0.003245,-0.001196,0.005346,-0.020136,-0.003600,-0.000263,0.001648,-0.012412,-0.005247,-0.003901,0.005689,0.010490,0.005126,0.002429,0.009147,0.002297,0.002721,-0.010237,0.001571,-0.004015,-0.001531,0.007445,-0.001999,0.009148,0.008849,-0.003260,0.004534,0.006069,0.001661,0.008396,0.002941,-0.009151,-0.001077,-0.000040,0.010590,-0.002176,-0.012235,0.001382,0.002251,-0.004363,0.008872,-0.006850,0.011612,-0.000075,0.004273,0.006725,0.001786,-0.006526,-0.002176,0.007391,-0.000828,-0.010658,0.002475,0.010881,0.001502,-0.004583,-0.002097,-0.000240,0.005683,0.003676,0.013320,-0.002939,-0.001709,-0.003799,0.007976,-0.010584,-0.008576,0.009364,0.005031,0.007165,0.004432,-0.000998,-0.000964,0.011105,-0.010326,0.002639,-0.005806,0.001628,-0.001343,-0.005931,-0.013677,-0.007295
0.031972,-0.018806,-0.144923,0.024344,0.062403,0.084441,0.204042,0.182157,-0.156110,-0.075593,0.169048,0.291293,0.039321,-0.088994,-0.088648,-0.051646,0.136589,0.169651,-0.033297,0.134944,0.060901,-0.004429,-0.031744,0.042018,-0.004376,-0.062653,0.047946,0.017542,0.128800,-0.044288,-0.003298,0.092481,0.016795,0.002673,-0.173714,0.042087,-0.067624,-0.006894,0.003899,-0.047943,-0.052398,0.011358,0.129904,0.057782,-0.030859,-0.064246,0.035244,0.038089,0.066411,-0.020168,-0.019316,-0.049497,-0.162247,-0.003299,0.155748,0.367462,-0.009464,0.028714,-0.031951,-0.104465,0.002488,0.005633,-0.113238,0.004492,0.039364,-0.153905,0.054669,-0.024780,0.150826,0.015445,-0.098819,0.098993,-0.016804,-0.061206,0.019700,-0.038821,-0.022830,0.128673,0.033463,0.011747,-0.213169,-0.055076,0.083601,0.039049,0.022483,0.046496,0.158413,-0.061400,0.322782,-0.010145,-0.023342,0.096308,-0.030105,0.350349,-0.097167,-0.041955,0.012163,-0.009073,0.122664,0.058871,-0.011536,0.191643,-0.031565,-0.075351,0.065782,-0.103815,0.077976,0.008021,-0.016998,-0.065954,-0.028797,0.003023,0.017042,-0.029924,0.043569,-0.102877,-0.020905,0.115935,-0.048914,0.023988,-0.179111,-0.061829,-0.048992,-0.007712,-0.077121,0.161893,-0.132614,0.074010
0.153556,-0.116887,-0.065136,-0.025031,-0.009711,-0.021233,0.034276,0.045680,-0.001448,0.019993,0.087466,0.029089,-0.025495,0.146068,0.077641,-0.068407,-0.047968,0.010873,-0.014682,0.053151,-0.024077,0.023953,0.031657,-0.010027,-0.032395,0.043887,0.019219,-0.166239,-0.056881,-0.131569,0.023052,0.012133,0.002790,0.082254,0.037849,0.074174,0.010168,-0.029824,0.064983,-0.069614,-0.016013,-0.104116,-0.024839,0.095748,0.048165,0.039104,0.065679,0.027675,0.052595,-0.009450,0.023890,-0.025609,-0.010775,-0.007339,-0.008749,-0.032641,0.070937,-0.016249,-0.014193,-0.075146,-0.050340,-0.073834,-0.018467,-0.068929,-0.014286,-0.081279,-0.005537,-0.001437,0.029275,0.012762,-0.050392,0.079207,-0.048330,0.032806,0.055315,-0.083288,-0.118197,0.027433,0.134342,-0.076863,-0.025770,0.048051,0.117393,-0.054068,-0.118862,0.024433,0.062829,-0.046965,-0.027531,0.055597,0.029463,-0.094510,0.023336,0.142094,0.065061,0.079659,0.011046,0.077361,-0.004268,-0.086995,0.028043,0.003322,0.071595,0.046605,-0.129545,-0.048256,-0.055213,-0.006400,-0.092320,0.027967,0.019662,-0.080564,-0.063685,-0.068725,0.031631,-0.034077,-0.044050,0.045089,-0.080229,0.066238,0.031665,-0.051235,0.058081,0.157541,0.021398,-0.023184,0.026349,-0.080273
-0.108898,-0.093448,-0.016767,-0.014051,0.015534,0.086337,0.231319,0.004138,0.063877,0.157353,0.027720,0.005562,0.046042,-0.030870,0.124943,-0.024052,-0.024134,0.014104,-0.012539,-0.024812,0.039982,0.048422,-0.085027,0.022135,-0.174036,0.130602,0.046714,0.080982,0.041546,-0.153163,0.037205,-0.007501,0.009228,0.073625,-0.058966,0.138462,-0.042818,-0.000977,0.050411,-0.029508,0.108858,0.076688,-0.012380,-0.088547,-0.030763,0.005985,0.001386,0.007830,0.227581,-0.009014,-0.103699,0.017065,-0.027114,-0.010948,-0.041553,0.041908,-0.166626,-0.021233,-0.013841,0.004905,-0.052748,0.012357,-0.059023,0.048713,-0.004260,-0.015900,0.058568,0.012809,-0.008072,-0.022007,-0.010932,-0.022695,0.004974,0.039512,0.038576,0.006475,-0.058592,0.002084,0.012279,0.123047,-0.023579,-0.022432,0.006141,0.110703,-0.218839,-0.031709,0.063281,-0.045846,-0.045773,-0.075968,0.016765,-0.090243,-0.034065,0.221800,-0.033047,-0.097771,0.036418,-0.005258,-0.018997,0.014395,0.005128,-0.101347,0.108115,0.006987,-0.090072,0.091640,-0.021725,-0.005746,0.065280,0.029311,0.023757,-0.000374,-0.126573,-0.121013,-0.026423,0.066154,0.012499,0.049304,-0.036752,0.050471,-0.015272,0.005835,-0.007807,0.081449,0.036541,-0.039182,-0.040220,-0.257056
0.028979,0.023283,-0.020607,0.027891,0.083076,-0.063401,0.043684,0.019540,0.025575,0.028256,0.016804,-0.010349,-0.029724,0.044596,0.144366,-0.000244,-0.093336,0.004728,-0.041355,0.020263,0.060171,0.028691,0.039091,-0.026625,0.064385,-0.114272,0.105949,-0.039342,-0.012901,-0.054775,-0.021274,0.017052,-0.002337,-0.042982,-0.011539,-0.171907,0.049823,-0.064391,0.042197,0.087604,-0.000939,0.060569,-0.018165,0.098697,0.122978,-0.044461,-0.076473,0.020692,-0.122886,0.065707,-0.022800,-0.020755,0.013688,0.003778,-0.026901,0.073752,0.094249,-0.072512,0.023916,0.042833,-0.211913,0.052893,0.033668,-0.088881,-0.047976,-0.002319,-0.210824,0.003364,0.010094,-0.081230,0.096376,0.091746,-0.009803,0.054143,-0.134025,0.008408,-0.001472,-0.056003,0.005112,-0.045279,0.001972,-0.017496,0.030629,-0.060238,0.060010,0.113552,0.013871,0.009544,-0.050011,-0.060907,0.003577,-0.133535,-0.025770,0.144668,0.050037,-0.059831,-0.020012,0.005016,0.064700,0.019215,0.041627,-0.053075,0.014446,0.026729,-0.014221,-0.293943,0.021889,0.002732,-0.007881,0.020536,0.047788,-0.019688,0.004056,0.013326,-0.122110,0.071426,0.036578,-0.016310,0.078080,-0.054815,-0.036633,-0.018237,0.008904,0.029804,0.004029,-0.013537,-0.199647,0.050909
-0.171642,-0.070710,0.043494,0.002243,0.266214,0.279386,0.178838,-0.117100,0.003144,-0.021994,-0.058219,0.015707,0.039998,0.046049,-0.011957,-0.011639,-0.042312,-0.002982,-0.045910,-0.003879,-0.012681,-0.011107,-0.042584,0.021230,-0.006960,0.162492,-0.094714,-0.047161,0.001267,0.108889,-0.019644,0.002567,0.077293,0.106989,0.112384,0.065173,-0.008429,0.108817,0.018307,-0.112029,0.103845,-0.075027,-0.000054,0.064032,-0.080856,0.059791,0.011741,0.019753,0.017207,-0.088763,-0.018896,-0.082325,0.030907,-0.039221,-0.082739,-0.136078,0.150223,0.089727,0.113575,0.036907,0.317756,0.046460,-0.044624,0.085642,-0.066241,0.016769,0.058829,0.164767,-0.106647,-0.149194,0.056624,-0.074711,0.013751,0.070936,0.061755,-0.128086,-0.017030,0.244738,0.015526,0.095017,0.101752,-0.023899,-0.061698,-0.176320,-0.047856,0.028471,0.021817,0.080565,-0.023059,0.088159,0.006087,0.213363,0.049014,0.084308,0.052957,-0.056657,0.014332,0.053588,-0.071645,0.165684,0.006370,0.107057,-0.032338,0.032421,0.168287,0.087799,-0.111651,0.007822,-0.169456,-0.014863,0.034011,0.037031,0.060482,0.058779,-0.062406,0.036445,-0.097068,-0.031332,-0.202723,-0.001638,0.033805,0.050411,-0.146277,-0.145510,0.026835,0.008726,0.301434,0.104780
0.083105,-0.068166,-0.041908,0.043021,-0.050242,-0.019536,0.136274,0.094493,0.088373,-0.019747,0.009032,0.030398,0.099936,-0.897840,0.026826,-0.048636,-0.013185,-0.009367,-0.061327,0.119010,0.028336,0.038258,0.024292,-0.049263,0.059753,0.038344,-0.001026,0.014315,-0.141519,0.008073,-0.047038,-0.003925,0.080423,0.216644,0.125197,-0.045349,-0.067693,0.026362,0.075705,0.023571,0.016703,0.035207,-0.126804,-0.006828,0.045711,0.011211,-0.013356,-0.000125,0.114236,0.005081,0.065512,0.280804,-0.000970,-0.010739,-0.030942,-0.077105,0.001456,0.086576,0.024545,-0.102006,0.051540,0.002827,-0.022953,0.007923,0.020825,-0.127984,-0.110184,-0.005099,-0.005518,0.038858,0.021223,-0.043011,-0.051768,0.089812,0.010470,0.026871,0.205515,0.399584,-0.045943,-0.067365,0.006550,0.093377,0.039283,0.072872,0.026652,-0.065884,-0.054016,0.049375,0.013570,0.057649,0.011310,0.068117,-0.047874,-0.093898,0.107515,0.057714,0.035881,-0.007042,0.043332,0.142178,0.010283,-0.046830,-0.008171,0.091120,-0.159961,0.098682,0.089211,0.005974,0.056030,0.059664,0.018186,-0.005919,-0.300264,0.029005,-0.007441,-0.013217,0.002889,0.067421,0.169796,-0.044456,-0.020022,0.019663,-0.001791,-0.062818,-0.022726,-0.049423,0.099833,0.069070
0.011804,-0.009142,0.000217,0.009796,-0.000446,0.011675,-0.001166,0.009393,0.010056,0.004040,-0.001737,0.001525,-0.001794,-0.004136,-0.005179,0.000333,-0.000043,-0.008542,0.000336,-0.000282,-0.005385,-0.003643,-0.004809,-0.000284,-0.004750,0.010987,0.002615,-0.003584,0.001287,0.015661,-0.007235,-0.013006,-0.003095,0.007541,-0.011294,-0.004478,-0.001030,0.000553,0.000404,-0.000437,-0.008928,0.002645,-0.000479,0.007505,0.003028,-0.001870,0.008714,-0.007134,0.000191,0.009362,-0.011758,-0.012901,-0.002402,-0.003830,0.005299,-0.004870,0.007344,-0.025595,-0.017709,0.001543,0.010353,0.002003,0.001410,-0.000395,0.007210,-0.002424,0.011997,0.009329,0.002458,-0.004681,-0.002035,0.001437,0.002869,0.002953,-0.004694,-0.018631,-0.000809,-0.005581,-0.001724,-0.009694,0.010488,0.004163,0.006897,-0.005818,0.008332,-0.001971,0.010222,-0.007290,0.000278,-0.002275,0.000872,-0.008110,0.001093,0.006415,-0.005221,-0.000955,-0.004865,0.010967,0.002748,-0.002565,0.020014,-0.001832,0.004435,0.001939,-0.000772,-0.005951,-0.003190,-0.009833,-0.015354,-0.004037,-0.016353,-0.017204,-0.010962,-0.002229,-0.003505,0.008944,-0.009729,-0.000108,0.011867,-0.001686,-0.011090,-0.000011,0.015876,-0.007571,-0.003490,0.009589,-0.014115,0.006907
0.051648,-0.001824,-0.002040,0.024538,0.095791,-0.018662,0.036651,0.043883,-0.015618,-0.066587,-0.104756,-0.073893,0.106802,0.054731,-0.120049,-0.074647,0.004888,0.035238,0.283775,0.111086,0.002219,-0.019886,-0.015174,0.012883,-0.008412,0.051582,0.003337,-0.006945,0.015145,-0.037118,-0.065525,0.033713,0.108020,-0.061213,0.194354,0.032498,-0.086394,-0.004302,-0.023137,-0.064461,0.019998,-0.061530,0.184639,0.017316,-0.070675,0.032328,0.101076,-0.039398,0.006291,-0.033142,0.036228,-0.153451,0.210074,0.046799,0.107953,-0.037654,0.067365,0.023159,0.004206,0.286410,-0.007151,0.070013,0.015292,0.036435,0.132779,-0.117111,-0.009623,-0.009142,0.000023,-0.006874,0.059255,-0.130361,-0.017791,0.026412,-0.041713,0.016335,-0.065091,-0.022716,0.062544,-0.016553,-0.023583,-0.038077,0.139229,0.017226,-0.035230,0.063297,0.023006,0.087035,-0.053488,0.004505,0.083730,-0.009865,0.004210,0.164476,0.025478,0.015448,0.074047,0.073297,0.080036,-0.032513,-0.034508,-0.024346,0.041269,0.025422,-0.086465,-0.029706,-0.002662,0.019229,-0.012584,-0.087583,-0.002162,-0.004935,-0.003144,0.005179,0.113991,-0.077908,-0.005325,-0.095531,-0.148129,-0.105872,-0.189749,0.019701,-0.153604,-0.082586,0.068413,-0.103104,0.039147,0.114785
-0.001802,0.001456,-0.000715,-0.000833,-0.002767,-0.000926,0.000161,0.001052,-0.000970,-0.006037,0.002159,0.000408,-0.000060,0.001606,0.008482,0.000790,-0.007444,0.001198,-0.002075,-0.001257,0.006203,0.005669,-0.006991,-0.001176,-0.001194,0.010244,0.006105,0.015203,-0.001235,-0.009133,-0.009898,0.005159,-0.007421,-0.002707,0.003300,-0.008761,-0.001738,-0.006274,0.012279,0.002181,0.000292,0.000748,-0.000756,0.000718,-0.006786,-0.004653,0.003585,-0.015714,0.002159,0.008153,0.005941,-0.001889,0.003934,-0.001421,0.001837,0.002781,0.008327,0.006561,-0.007680,-0.002137,0.006466,-0.002014,-0.003184,-0.000390,-0.016422,-0.000021,-0.010780,0.011078,0.004739,0.011372,0.000842,0.000978,-0.002077,-0.004533,0.003423,0.007875,-0.002733,0.000908,-0.003939,-0.018598,-0.007309,-0.002074,0.004917,-0.003218,-0.018191,0.003281,-0.003007,0.006765,-0.001337,-0.000047,-0.008208,0.007849,-0.003454,-0.003076,0.004892,0.004200,0.006835,0.003815,-0.003489,-0.008060,-0.006033,0.008132,-0.005377,0.002138,-0.003340,0.006420,-0.001931,-0.022458,-0.001904,0.019522,0.009203,-0.000318,0.006575,-0.017587,0.003419,-0.003375,-0.000857,0.001367,0.005128,-0.009837,0.006423,-0.001044,0.001116,-0.017153,0.004403,0.009749,0.007576,-0.008860
-0.095567,0.103728,-0.040954,-0.038619,0.033003,-0.017586,0.023579,-0.061337,-0.043329,-0.075909,-0.046668,0.046258,-0.019044,-0.028782,-0.038637,-0.008801,-0.013630,0.029266,-0.182541,-0.038334,0.001424,-0.019806,-0.038704,-0.006987,-0.080815,0.021552,0.039677,-0.027256,0.022629,-0.001149,0.088352,0.070160,0.097094,-0.045431,0.069296,0.005378,-0.008513,-0.024447,0.049134,-0.002313,-0.036791,0.006373,0.132296,-0.005650,0.007413,-0.079198,-0.104041,-0.058077,0.043201,-0.024732,-0.016029,0.014647,0.082648,-0.044729,0.202068,0.095793,0.015192,-0.008775,-0.069028,-0.001132,0.006591,0.096680,-0.101793,-0.053103,-0.140853,-0.061758,-0.006125,-0.105987,-0.059654,-0.005892,0.002283,0.000672,0.173881,-0.010170,0.041837,-0.066316,0.019974,0.066497,0.059215,0.029669,-0.017664,1.019586,-0.127173,-0.032890,-0.106535,0.092547,0.068265,-0.037322,0.122712,-0.045349,-0.095420,-0.036232,0.045940,0.112929,-0.120533,0.034789,-0.085044,-0.021744,-0.293358,-0.033041,0.025334,0.080244,-0.107146,-0.025927,0.033091,-0.042389,-0.087673,-0.005203,0.045249,-0.059402,0.001523,-0.046239,-0.051630,-0.030669,-0.128795,-0.039797,-0.030196,0.082503,0.017156,0.053621,-0.025397,0.009799,0.007726,-0.106842,0.077221,-0.009741,0.021876,0.004794
-0.034361,0.007723,-0.067744,-0.030508,0.104863,0.363831,0.082255,-0.004593,-0.095351,-0.029912,-0.047690,-0.064507,0.047924,0.110719,-0.158995,-0.008560,0.024443,-0.011775,0.071086,0.047642,-0.001975,-0.092455,-0.023556,-0.000690,0.107528,-0.250267,0.069898,-0.062864,-0.054082,-0.037436,0.089523,0.041242,-0.006304,0.006518,-0.074270,-0.171321,0.095185,0.067166,-0.028766,0.102495,0.024632,0.040693,-0.023733,0.015799,-0.110679,0.052188,-0.009638,0.038960,-0.178527,0.108094,0.049015,0.279625,-0.003420,-0.022402,-0.025575,0.053975,0.144038,0.106680,0.039941,0.013827,0.072317,-0.000656,-0.015941,-0.094896,0.097644,0.028106,0.017844,0.091891,0.015743,0.028754,0.025701,0.108146,0.017477,0.020782,0.034273,0.015978,-0.049265,-0.004690,0.001381,0.106725,0.069588,0.026112,-0.016637,-0.050345,0.049191,0.007962,-0.087443,-0.033986,0.013741,-0.094275,0.038211,0.002492,-0.038082,0.023155,0.009678,-0.126992,0.142846,0.063995,0.009442,0.153039,0.082996,-0.043119,0.046370,0.002574,-0.068200,-0.023484,-0.001534,0.013391,0.023877,-0.000515,0.031599,0.002828,0.132929,-0.016315,0.095799,-0.036534,-0.018100,-0.043822,-0.062703,0.008855,-0.016386,-0.030775,-0.082927,0.099214,-0.066457,0.015655,-0.089539,0.159927
-0.030952,0.044844,-0.027066,0.000181,0.042493,-0.005372,0.042956,0.201343,0.046599,0.091376,-0.109075,-0.218591,-0.038170,0.194305,0.059127,-0.063048,-0.095728,-0.169182,-0.041507,-0.010346,0.001416,-0.006161,0.047260,-0.130181,0.016286,-0.003861,-0.031043,0.046912,0.044411,-0.029842,-0.024925,0.040502,-0.017893,-0.017812,0.076608,0.121056,-0.119698,-0.015119,-0.004755,0.086300,-0.011189,-0.032245,0.048733,-0.001720,0.018969,0.088461,-0.035825,0.074377,0.025365,-0.036217,0.113339,-0.072869,-0.310065,0.032781,0.102972,-0.292623,0.004811,0.098347,0.083226,-0.186995,0.003037,0.066344,-0.054417,0.000883,-0.059421,0.477591,-0.055129,0.078013,0.134328,-0.015157,-0.044192,-0.070594,-0.069777,0.022370,-0.053470,0.067111,-0.044494,0.070252,0.019487,-0.014482,-0.091421,0.026051,-0.003973,0.102865,0.078157,-0.035500,-0.085232,0.069967,0.289993,0.122844,-0.028454,0.086720,-0.120164,-0.019807,0.263889,-0.039261,-0.071471,0.024771,0.347377,-0.034226,-0.001720,-0.161748,0.047495,0.122824,0.059611,-0.023281,0.003751,-0.004652,0.021319,-0.009825,-0.064654,0.016451,0.014053,0.036459,-0.048885,-0.101230,-0.047519,0.129528,-0.104805,0.022713,-0.339460,0.021828,0.007080,-0.188904,-0.080948,0.166700,0.128807,-0.119750
0.134973,0.093003,0.126107,0.008853,0.037957,0.125666,0.095289,0.014541,0.089979,0.124292,-0.049269,-0.028157,-0.008128,-0.196091,0.099242,0.083553,-0.013421,-0.026398,0.021061,-0.007138,-0.075586,-0.072879,-0.123303,0.085641,-0.050457,0.026192,-0.020563,0.122433,0.062958,0.032943,0.068840,0.046046,0.009012,-0.215846,0.006746,-0.020470,0.031135,0.034037,0.007205,0.047158,0.027565,-0.030046,-0.034230,0.009536,-0.014524,-0.084118,-0.002705,0.043031,0.117413,0.127985,0.022901,-0.029188,-0.029823,-0.043425,-0.009371,0.139099,0.023524,-0.008523,-0.071383,0.005209,0.086678,0.004965,0.033285,0.012628,0.038387,0.022296,0.082338,0.085111,0.007023,0.041255,0.043740,-0.034686,-0.010878,0.007083,0.208134,0.009343,0.084856,-0.106828,0.068235,0.293883,0.007313,0.040096,0.022604,-0.253881,0.275142,0.009840,-0.002173,-0.015255,0.024254,0.048246,0.026875,-0.056978,-0.023052,-0.066209,-0.023052,0.037250,0.080316,0.010095,0.010056,-0.074950,-0.002165,0.033049,0.087530,0.102918,0.098039,-0.048641,-0.108651,0.000281,-0.142321,0.074874,0.016606,-0.038698,0.025660,0.022942,0.041527,-0.035395,-0.008064,-0.005098,0.046070,0.052572,0.019067,0.025097,0.171864,0.089641,0.004095,0.035591,0.040239,-0.042976
-0.048513,-0.083069,0.015959,0.020469,0.037780,0.038682,0.044120,-0.024154,0.023049,-0.073159,-0.160459,0.017509,-0.086799,0.019691,0.033514,-0.076389,0.133515,0.003860,-0.247507,0.430490,0.008040,-0.011080,-0.008074,-0.108583,-0.003900,0.037458,-0.014936,0.025134,0.042775,0.025483,0.030609,-0.205728,-0.060575,0.037123,0.018356,0.022246,-0.059144,-0.095760,-0.012014,0.053514,-0.005117,0.000750,0.185798,-0.056637,0.097155,-0.001810,-0.004418,0.008746,0.022519,0.009956,0.000068,-0.048809,0.072373,0.008165,0.288021,0.043196,-0.028233,-0.000775,0.005515,-0.147658,-0.011100,0.099415,0.024475,0.051302,-0.003527,-0.062186,0.023467,0.023864,-0.298078,0.021723,-0.013249,0.003842,-0.148637,-0.017835,0.009440,0.051154,0.004357,-0.072408,0.065211,0.093332,0.081676,0.015486,-0.111444,0.019844,0.032562,-0.010312,0.115264,-0.011165,-0.091415,0.026053,0.506674,0.129877,-0.141520,0.101747,0.000229,-0.017666,-0.058659,0.001205,-0.158367,0.018908,0.011087,-0.060067,-0.020990,0.129411,-0.003138,-0.016299,0.112635,0.007379,-0.015440,0.399263,-0.005775,0.038495,-0.033231,-0.001304,0.012357,0.024198,0.009014,0.148988,-0.049627,0.029292,-0.117746,-0.025134,-0.018981,0.147830,-0.014611,-0.253766,0.011084,-0.033858
0.022190,0.003187,-0.017906,0.007193,-0.000517,-0.007276,0.000648,0.006015,-0.022835,-0.007040,0.013031,0.002496,-0.005340,0.010400,0.011243,-0.002029,-0.004324,-0.001848,0.001253,0.003676,0.003306,-0.010998,-0.018866,0.009052,-0.006595,-0.004818,-0.004961,-0.000988,-0.009726,-0.004430,0.008287,0.010837,-0.003347,-0.013477,0.011087,-0.016022,-0.001304,-0.003608,0.002971,0.005263,-0.006448,0.005841,0.009951,0.006229,-0.004647,-0.030237,-0.006745,0.005286,0.002214,-0.000687,0.016334,-0.004400,0.000560,0.022674,0.010359,0.006219,0.010121,-0.004200,0.002164,-0.005114,0.011845,-0.006964,-0.001395,-0.000564,-0.006011,-0.010449,-0.013121,0.011599,0.008973,0.019535,0.002938,0.006789,-0.014281,-0.003261,0.004374,-0.012019,-0.001460,-0.008565,0.001358,-0.002279,0.000720,0.007493,0.010089,-0.001635,-0.009819,0.004546,0.009922,-0.005737,-0.002438,-0.005186,-0.006148,0.011118,-0.011893,-0.007399,0.005424,0.012568,-0.006980,-0.008938,0.013100,-0.008232,0.024157,-0.034768,-0.015748,0.002335,0.000939,-0.006969,0.000595,0.000959,0.023270,0.014054,0.002884,0.015217,0.016757,0.002748,-0.001994,0.018248,0.021931,0.001224,-0.008455,0.003517,0.006595,0.000079,-0.001075,-0.003902,0.002089,-0.007522,-0.007147,0.001035
0.112252,-0.011852,-0.039913,-0.034495,0.031266,0.050817,-0.124607,0.022535,-0.038749,0.018930,0.003280,0.003222,0.018452,-0.053475,-0.033479,-0.006980,-0.092430,0.025830,0.048085,0.016317,0.088421,0.044485,0.133639,-0.053329,-0.051255,-0.080556,0.050817,0.012553,0.011527,0.079124,-0.070300,-0.003668,-0.020642,0.140934,-0.009940,0.022700,0.021034,0.023111,0.026653,-0.082897,0.036498,-0.089503,0.004378,-0.097717,-0.149048,0.017056,0.014087,0.175113,-0.149890,0.060249,0.032490,-0.105605,-0.007171,0.133509,0.024090,-0.000306,-0.064858,-0.016061,-0.032278,0.098455,0.123750,-0.008335,0.019438,0.042691,0.053612,-0.017485,0.093084,0.086585,0.003677,0.026350,-0.072714,-0.025951,0.012188,-0.018577,0.111126,0.051021,0.033379,0.064981,-0.001990,0.020533,0.003637,0.031147,0.011123,-0.103503,-0.080518,-0.016742,-0.082810,-0.198746,-0.010276,-0.013603,0.004271,0.087493,0.012462,0.058779,-0.015902,0.052097,-0.058729,-0.155918,0.000813,0.011709,0.058435,0.002228,0.029006,-0.042242,-0.002487,0.049027,-0.012161,0.015312,-0.101610,0.015471,-0.005443,0.042197,-0.050174,0.043567,0.086572,-0.131077,0.063473,0.011468,0.116330,-0.019766,-0.012124,0.035764,-0.022655,0.012322,0.017732,0.009411,-0.135642,-0.171284
0.062757,-0.141511,-0.023812,0.133515,0.107251,0.089732,0.095434,-0.014247,0.030151,-0.049802,-0.028579,0.052793,-0.016031,0.072218,-0.102141,-0.016594,0.089798,-0.062613,0.057868,-0.025872,-0.008089,0.017915,0.092123,0.018551,0.309896,0.078609,0.159445,-0.015041,-0.009211,-0.021675,0.024370,0.039087,0.008403,-0.088049,0.060478,0.020604,-0.044157,-0.083034,-0.059434,0.030030,-0.046251,0.014620,0.017270,0.071019,0.141885,0.053541,-0.035108,-0.043340,0.152008,-0.053557,0.090823,-0.100760,0.082145,0.002488,-0.020211,-0.071853,0.148064,-0.078551,0.084229,-0.005730,-0.126925,-0.001723,-0.027755,-0.004888,-0.067817,-0.069774,0.073059,-0.015493,0.021227,-0.032723,0.028128,-0.012282,0.006573,0.026680,-0.070341,0.129209,-0.033254,-0.016598,-0.037193,-0.121662,-0.006744,0.020650,0.053417,0.192122,-0.002498,0.122133,-0.034301,-0.076216,0.022225,-0.015986,-0.022903,0.004871,0.018222,0.139951,-0.016419,0.038892,-0.118755,0.018979,0.006597,0.037843,0.099613,0.029986,-0.065526,0.019068,-0.006532,0.124171,-0.115757,-0.002582,0.111295,0.029878,0.044473,0.050261,0.058609,0.036616,-0.089232,0.029125,0.075865,0.060423,0.068003,-0.045758,-0.016391,0.025938,-0.112767,-0.025371,-0.038159,0.019827,-0.019695,0.034952
-0.117542,-0.062207,-0.129845,0.010729,-0.029547,0.115366,-0.094433,0.004156,-0.152273,0.154904,0.077453,0.034251,0.037451,-0.080292,0.093673,-0.025219,-0.134346,-0.059891,0.141639,0.001740,0.024646,-0.074077,-0.012714,0.037337,-0.072580,0.040166,0.020742,0.118891,0.009307,0.104291,-0.029506,-0.029739,-0.034990,0.076566,0.200060,-0.146153,-0.050527,0.012778,-0.060573,-0.063375,0.050073,-0.073218,-0.045732,0.100147,0.331481,0.020347,0.036289,0.048988,-0.252066,-0.090576,-0.089841,0.146737,0.035822,-0.073636,0.094836,-0.044554,-0.194266,0.007746,0.033188,-0.009093,-0.031078,0.052849,-0.099381,-0.083817,0.086562,-0.041692,-0.069743,0.005083,0.053506,-0.055840,0.111579,0.040799,0.074727,0.047243,-0.035259,0.163243,-0.069982,-0.045796,0.112306,0.016699,-0.071802,0.040979,0.162742,-0.041038,0.004134,0.038417,0.087224,-0.087075,-0.221730,0.090006,-0.117585,0.058049,0.025252,0.202274,-0.009603,0.053514,-0.066441,-0.007017,0.046719,0.035942,-0.117489,0.100200,-0.130936,-0.037740,0.040359,-0.029671,0.073608,0.002486,-0.059245,0.056043,0.094082,-0.030241,-0.019319,0.069237,0.134059,0.069692,-0.031315,-0.047993,-0.000139,0.124871,0.063543,0.038466,0.092071,-0.020143,0.104044,-0.052063,0.080728,-0.139419
0.039979,0.209702,-0.005304,0.013828,-0.023589,-0.022935,-0.117744,-0.075166,-0.035079,-0.021400,-0.147112,-0.005942,0.014077,-0.046821,-0.031105,0.046615,-0.047541,0.092447,0.097052,-0.052367,0.068516,-0.013391,0.034109,-0.058230,-0.064021,0.010676,-0.033637,-0.038401,0.003089,0.014264,-0.047299,0.035076,-0.056376,-0.053754,0.058304,-0.050928,-0.050252,-0.031084,0.069045,-0.078154,-0.076012,-0.009367,0.089709,0.008864,-0.026859,0.011975,0.035062,-0.052339,-0.054674,0.004535,-0.023611,0.084063,0.156749,-0.009883,0.072639,0.014805,-0.015058,0.019839,-0.010135,-0.002363,0.016377,-0.027108,-0.010288,0.108689,0.078109,0.041404,-0.012346,0.026104,-0.030642,0.020417,0.071138,-0.011555,-0.012572,-0.008705,-0.022608,-0.008820,0.052807,-0.037107,-0.138232,0.019887,-0.012578,0.142846,-0.012387,-0.048378,-0.092168,-0.061968,0.004721,-0.002264,-0.007136,0.075967,-0.075894,0.019002,-0.079073,0.019156,-0.084012,-0.018456,0.029894,0.019857,-0.138750,0.039922,0.033411,-0.103825,1.183038,-0.006766,0.086915,-0.001202,0.080615,-0.009071,0.084165,0.008508,0.083500,0.019257,0.048200,0.046629,0.051752,-0.024981,0.037632,0.045470,0.040422,-0.021309,0.044956,0.010163,0.033871,-0.230282,-0.040040,0.118524,-0.058002,0.043114
0.034714,0.075792,0.049977,-0.033355,-0.061216,0.146369,-0.101494,-0.003257,0.029363,-0.001336,0.003279,-0.096689,-0.038392,0.023658,0.469540,0.022657,0.041921,0.061963,0.000248,0.058449,-0.024835,0.072232,-0.020920,-0.002425,0.047739,0.024266,-0.050361,-0.036461,0.039424,0.027228,-0.056364,-0.041501,-0.026614,0.034123,0.103752,0.010444,-0.071933,-0.157574,-0.026434,-0.063544,0.037839,0.013016,-0.199768,0.708376,-0.067449,-0.005131,0.022986,0.156749,0.045503,-0.130853,-0.057282,0.004859,0.029156,0.142845,0.063369,0.164856,0.050762,0.050804,0.049314,0.088846,0.011238,-0.067532,-0.134859,-0.040223,0.036665,0.130754,0.010460,0.008515,0.046439,0.026257,0.019571,-0.013526,-0.034931,0.043723,0.034838,-0.007774,0.005157,0.035059,0.091417,-0.014891,0.112120,0.040127,-0.012749,0.036514,-0.043386,0.548650,-0.011586,0.049930,0.007985,0.003319,0.113985,-0.009497,0.127325,-0.120070,0.020935,0.181341,0.059657,-0.005792,0.005055,0.045759,-0.142018,-0.026448,0.066667,-0.339250,-0.057045,0.026518,0.003803,-0.003680,0.008817,0.070595,0.037162,-0.075528,-0.050147,-0.018497,0.006561,0.169707,-0.022324,0.156612,-0.058346,0.030918,0.007637,0.031247,-0.040900,0.081381,0.133048,0.075298,-0.022976,0.391393
0.007264,0.026967,-0.018124,0.011083,0.017744,-0.009913,0.026077,0.178717,-0.009860,0.017296,-0.137065,0.046993,-1.083300,-0.011299,-0.026978,-0.080616,0.023027,-0.012595,0.030697,0.029307,0.028898,0.008336,-0.034190,-0.066301,0.011670,-0.018221,-0.008613,0.000444,0.033231,0.006443,0.032438,-0.125038,0.545824,-0.001188,-0.009089,-0.056841,0.035854,-0.008501,0.004490,-0.026140,-0.027044,0.011131,-0.043420,0.007652,-0.055869,0.016057,0.004146,0.020118,0.003945,-0.001172,-0.020709,-0.019511,0.328232,-0.001534,-0.143415,-0.001317,-0.042656,0.001846,-0.002372,0.076557,0.007127,-0.058882,0.058574,-0.058983,0.015614,-0.101259,0.039870,0.015976,0.274902,-0.003855,-0.009931,0.007362,-0.155072,-0.008233,0.012765,-0.000926,0.022871,0.036517,-0.013761,0.032880,-0.140051,-0.074510,-0.246745,0.008544,-0.043497,0.004889,0.021392,-0.021111,-0.096794,0.038035,-0.105417,-0.026971,0.045387,-0.007061,0.115596,0.014427,-0.003306,-0.036823,-0.015104,0.011735,-0.016832,0.011689,-0.009611,0.089493,-0.018562,-0.018909,0.050923,-0.003596,-0.001993,-0.000473,0.014247,0.013931,-0.022431,-0.002013,0.025514,-0.047994,-0.002943,0.059500,-0.030439,-0.004954,-0.106786,0.009154,-0.033091,-0.151998,0.091940,-0.058328,0.004757,0.003780
-0.003986,0.000988,-0.006483,0.033333,-0.006922,-0.003514,-0.000547,-0.002346,-0.014389,0.003615,-0.007358,0.002415,-0.001794,-0.003920,0.001925,0.000652,-0.007341,0.003903,-0.001879,-0.002127,-0.020689,0.008274,0.010307,0.001858,-0.007781,-0.003900,-0.008897,0.012300,-0.005484,0.003953,0.011294,-0.002901,0.001805,-0.001644,0.004935,0.011837,0.001350,0.001524,0.003561,-0.017148,0.011668,-0.010528,-0.011398,-0.010702,0.015585,-0.009027,0.007323,0.015657,0.009112,-0.001210,-0.000894,0.000973,-0.002486,0.006907,-0.012686,-0.001331,0.006338,0.011904,0.004153,0.000703,-0.009110,0.003552,0.000700,-0.003711,-0.004542,-0.005663,-0.019795,-0.003158,0.000099,0.004433,-0.001324,0.001556,-0.003973,-0.008010,0.001350,-0.024226,0.003810,-0.011546,-0.006739,0.002760,0.013691,-0.000915,0.006081,0.004417,-0.001837,0.004997,-0.008547,-0.003429,0.011390,0.004189,0.008216,0.004748,0.017251,0.002766,-0.000078,-0.011239,0.000106,0.008234,-0.000926,0.006252,0.002376,0.007031,-0.001855,0.000488,0.013854,-0.005271,0.007461,0.002885,-0.008695,0.001597,0.008823,0.015814,0.003708,0.010784,-0.002141,0.004235,-0.018654,-0.003140,0.005931,-0.001974,-0.009840,0.000615,-0.011581,-0.006868,0.000909,-0.001678,-0.002522,0.007032
0.105588,0.097254,0.039705,-0.013340,-0.005651,0.222630,-0.107029,0.000226,0.136569,-0.051415,0.002819,-0.051229,-0.033884,-0.013125,0.174874,-0.016956,-0.004627,-0.036654,0.020558,-0.077797,-0.040509,-0.033969,0.065862,-0.445372,-0.011507,0.001521,0.073513,-0.109486,-0.045472,0.041010,-0.132309,0.060512,0.034946,-0.008920,0.002505,0.052504,-0.048818,-0.207788,-0.025312,-0.028603,0.057538,0.101711,-0.055244,-0.107165,0.078706,-0.084706,-0.030952,-0.064562,0.069718,-0.054763,0.091454,0.110262,-0.001534,-0.084001,0.010600,0.065495,-0.076549,-0.003409,-0.089258,0.120350,0.079618,0.012910,0.006447,-0.370088,0.010025,-0.026868,-0.039414,0.029939,-0.021652,-0.085768,0.021067,0.019480,0.034348,-0.008757,0.078181,-0.024247,0.051157,-0.044192,-0.004930,-0.014780,0.041595,0.034568,0.051405,0.137549,-0.157666,-0.064412,-0.050255,0.010001,-0.065898,-0.028221,0.047310,-0.006154,0.054447,0.060923,0.039980,-0.010357,0.086978,-0.068635,0.000361,-0.067953,0.091369,-0.050242,-0.094472,-0.088658,0.277413,0.097898,-0.024411,0.004238,-0.016082,0.013106,-0.007430,0.013663,0.015154,0.044338,-0.028006,-0.018664,0.036451,0.071805,-0.012705,0.041677,0.054440,-0.032393,0.114528,0.059657,-0.052146,0.025329,0.211973,-0.130190
-0.038308,-0.059054,0.015803,0.015157,-0.052588,0.014391,-0.012097,0.041056,-0.001193,-0.001335,0.112419,0.039261,0.013639,0.042133,-0.002009,0.062300,-0.002696,-0.019164,-0.013089,0.018907,0.023093,0.010713,0.026799,0.014215,-0.018110,0.003446,-0.003014,0.016394,0.016308,-0.024761,0.014477,0.012760,0.024683,-0.038735,-0.058216,0.022005,-0.030235,-0.007142,0.023534,0.038076,0.002952,-0.028075,0.090377,-0.005980,0.042096,-0.027726,0.022745,0.000439,-0.039684,0.010188,-0.043616,0.040414,0.027855,-0.006802,-0.080022,0.009211,0.047214,0.025430,-0.041477,-0.001002,0.021787,-0.081615,0.048020,-0.072746,0.010180,-0.023947,0.070900,-0.022717,-0.023407,0.037183,-0.002447,0.068112,-0.050233,-0.004965,-0.005227,0.002659,0.091635,0.005101,0.019287,0.005365,-0.088579,-0.009759,0.138100,0.005773,0.001108,0.011005,-0.030780,0.007410,-0.026125,-0.019270,0.070450,0.024923,0.020457,-0.016593,0.026666,0.002338,0.020800,0.005729,-0.014453,-0.009511,0.000498,-0.034353,0.004032,-0.019398,-0.002432,0.043301,-0.017558,-0.000846,0.000281,-0.044575,-0.000224,0.003102,0.012446,0.001881,0.033041,0.011467,0.019622,0.015205,-0.023936,-0.005141,-0.015837,1.379792,0.012897,-0.035196,0.054353,0.005202,0.008977,-0.022866
-0.033869,-0.008963,0.096606,0.035276,0.076275,-0.017357,0.060950,-0.177193,-0.042688,0.095603,0.108979,-0.014016,-0.009641,0.019337,0.095862,-0.065737,0.019122,0.056655,-0.054406,0.088964,0.013234,0.015289,0.096815,-0.117522,0.062731,0.004997,-0.070630,0.039824,0.038730,0.004703,0.033191,-0.093025,0.047472,-0.051433,-0.244744,0.042890,-0.004774,0.078841,-0.034503,0.058529,0.020821,0.002952,-0.140517,0.019853,0.142360,0.087096,-0.027479,0.034606,-0.046020,0.066630,0.024738,-0.150021,-0.163914,0.048286,-0.206412,0.089487,0.196012,0.073794,-0.016360,0.150588,-0.008707,-0.497288,0.034410,0.093616,-0.078241,0.094513,0.048173,0.033859,-0.023082,0.118773,0.096577,0.280461,0.247136,0.062020,0.013963,0.171065,0.251330,0.075216,0.069066,-0.026952,-0.077303,0.355121,-0.048617,-0.028307,0.180787,-0.097581,-0.008269,0.085326,0.019535,-0.021272,-0.045927,0.154703,0.249357,0.063349,0.215366,0.061434,-0.092180,0.091510,-0.038074,-0.018991,0.036013,-0.080407,0.087571,-0.062383,-0.118681,0.062125,0.045097,-0.004114,-0.047305,0.156637,0.034198,0.031612,0.000157,0.051760,-0.033139,0.064342,0.056401,-0.005404,-0.096628,0.003504,-0.255690,-0.095148,-0.024291,0.093310,0.134454,-0.111504,0.050408,-0.040577
0.105058,0.065460,0.049336,0.060617,-0.001213,0.068297,-0.017483,-0.006279,0.059093,0.002255,-0.093603,-0.004349,-0.054351,-0.000161,-0.046712,-0.022365,0.018886,0.022748,0.020713,0.035844,-0.003931,0.031147,0.158876,0.084892,0.078301,0.032311,0.071130,0.059520,0.052081,0.136525,-0.063941,-0.014378,-0.039101,0.159682,0.007085,0.118265,0.019656,0.067326,0.129689,0.075645,0.082407,-0.079658,-0.013260,-0.044714,-0.111349,-0.107496,-0.047384,-0.040646,0.128665,0.011404,-0.002026,0.090911,-0.033109,0.104369,-0.090908,0.096248,-0.107430,0.035467,-0.031069,-0.004497,-0.059533,0.004971,0.020623,0.167836,0.026625,0.077119,-0.095941,-0.016670,-0.002920,-0.088483,0.070780,-0.010111,-0.005870,0.056484,-0.049157,0.007261,-0.001450,0.039879,-0.015761,-0.028929,0.035888,0.016476,-0.014213,0.093405,-0.236099,0.101380,-0.038186,0.011754,-0.043919,0.015431,0.000338,0.017072,0.005159,-0.073833,0.032394,-0.023435,0.014086,-0.081337,-0.060229,-0.165898,0.022243,-0.084579,-0.003521,0.001575,0.065360,-0.002665,-0.058033,0.018365,0.020289,-0.034605,0.065670,-0.058501,0.074832,0.163801,0.017235,-0.065890,-0.044917,-0.014704,-0.000209,-0.124183,-0.026928,0.018032,-0.011944,0.126809,-0.053770,-0.018867,-0.062941,-0.100329
-0.014411,-0.055112,-0.074068,0.023346,0.008470,0.024060,0.036454,0.145207,-0.077235,0.067213,0.046653,-0.018631,-0.063860,-0.060127,-0.042049,-0.132035,0.053234,0.130622,-0.115061,-1.194018,-0.012503,0.026168,-0.010505,0.029538,-0.034538,-0.013522,-0.004806,-0.041437,0.100256,-0.011228,0.073475,-0.043574,-0.088265,0.084103,-0.089517,-0.023231,0.057595,0.074375,0.034263,-0.001540,-0.054559,0.010837,0.024922,0.013028,0.032169,0.007626,0.019239,0.028997,0.037374,-0.009843,0.025808,-0.067401,-0.024966,0.111216,0.187022,0.039230,0.002574,0.096417,0.012125,0.196500,0.051107,0.033336,-0.000131,0.054146,0.098804,0.017687,-0.036794,0.046151,-0.119402,0.041736,0.010221,0.046530,-0.125826,0.042294,0.000446,-0.017427,0.117259,0.005829,0.000594,0.006991,-0.057516,-0.033799,-0.024503,0.009185,0.031516,0.055084,0.083675,0.088761,0.022246,0.005457,0.252248,-0.016155,-0.082272,0.123760,0.070390,0.057938,0.018308,-0.026371,-0.060292,0.012806,-0.031657,0.023842,-0.025963,0.077572,-0.047409,-0.037743,-0.002095,-0.001269,0.030169,0.138590,-0.000007,-0.036218,-0.036641,-0.036733,0.037549,-0.036796,0.042655,0.085252,-0.037288,-0.035018,-0.073752,-0.001051,0.003263,0.040695,0.039984,-0.091365,-0.010292,0.017777
0.011825,0.020011,-0.021939,-0.009159,-0.034525,-0.130735,0.104977,0.104238,-0.090931,0.133027,-0.023854,-0.007728,-0.022925,-0.010738,-0.045901,-0.041554,-0.005704,-0.017924,0.030630,-0.033922,0.017389,0.012197,0.045737,0.018694,-0.041856,-0.010573,0.007940,0.025922,0.060777,-0.001733,0.046199,-0.127259,-0.085764,0.015959,0.181555,-0.117290,-0.030896,0.039544,0.011504,0.014416,-0.050463,-0.002947,-0.207154,-0.077647,-0.017944,-0.017097,-0.005197,-0.048097,-0.050781,0.055295,0.038986,0.003384,0.111308,-0.056782,0.361562,-0.212973,-0.032306,0.001003,-0.030515,-0.107295,0.021993,-0.000537,0.195396,0.027293,0.006396,0.084837,0.003260,0.010228,-0.175941,0.002361,0.023366,-0.071813,-0.051106,-0.010318,0.017771,-0.030283,-0.005340,-0.016732,-0.024985,0.017150,-0.030075,-0.068520,-0.172962,-0.019306,0.042172,-0.119422,-0.060866,-0.004453,0.244922,-0.033815,0.056267,-0.059437,0.110578,-0.102418,0.070993,-0.038472,0.026448,-0.018362,0.068770,0.014660,0.078074,0.063970,-0.052191,-1.008904,-0.049322,0.049197,-0.038852,-0.004431,-0.045324,-0.029674,-0.036373,0.063084,0.031570,0.023808,0.033329,-0.067551,0.029980,0.190281,0.069908,0.002300,-0.047303,-0.000492,0.032038,0.055387,-0.018586,0.027993,0.054295,-0.044970
0.058861,-0.073013,-0.003169,0.003753,-0.041588,0.004858,-0.013810,0.093357,0.004600,0.027896,0.054785,-0.008071,-0.324772,0.020206,0.060615,0.170954,-0.047170,-0.049334,0.010062,0.052478,0.032439,-0.010007,0.011381,-0.011407,0.027465,-0.025325,0.012986,-0.004889,0.033528,-0.056910,0.002369,0.284839,-0.102724,-0.037549,-0.033048,0.097998,0.046805,0.062063,-0.024111,0.037183,0.000693,-0.011686,0.149854,0.011284,0.036028,-0.007134,-0.033802,-0.016393,-0.061388,0.070182,0.032096,-0.035648,-0.230460,0.032906,0.081128,0.002688,0.024347,-0.030961,-0.017423,0.186723,0.000606,-0.069457,-0.025632,-0.036282,-0.020623,-0.276715,-0.009844,-0.019973,-0.065845,0.037389,-0.005460,-0.116566,0.245968,-0.031339,-0.035814,0.013775,0.004271,-0.008120,0.032917,-0.076204,0.040329,-0.026575,0.006972,0.062634,0.021750,-0.039731,-0.060834,0.006793,-0.135045,-0.023146,0.366773,0.001264,0.010555,0.023530,-0.040194,-0.001014,-0.008282,-0.037923,-0.044899,0.015040,0.006020,-0.026423,0.009340,-0.129292,0.021798,0.017137,-0.027318,-0.007403,0.037531,-0.053632,-0.012880,0.029762,0.070330,-0.016298,-0.029649,0.010521,0.005950,-0.181129,-0.017386,0.033579,0.116147,-0.041286,0.022499,-0.112707,0.268317,0.289649,-0.030476,0.017368
0.004784,-0.055055,-0.001325,0.002607,-0.017940,-0.039977,-0.008390,0.141226,-0.030179,-0.251849,-0.193400,0.341919,0.456790,-0.008709,0.002622,-0.115682,0.005788,0.025438,0.084639,-0.112570,-0.023809,-0.048221,0.011710,0.064217,-0.019073,0.021050,-0.020275,0.021300,0.008571,-0.005379,0.010598,0.051944,0.630285,-0.010136,0.035091,-0.001423,0.063479,-0.004690,-0.005056,-0.008174,0.018491,-0.022639,-0.088887,-0.027756,-0.030973,-0.042404,0.066369,-0.010181,0.030956,0.007846,0.006233,-0.008578,0.159277,0.011148,0.097396,-0.039529,0.017169,0.005496,-0.011390,-0.018028,0.007381,-0.066760,0.128536,0.009050,0.073784,0.142742,0.036571,-0.027507,0.572517,-0.001225,0.014047,0.050527,0.093248,-0.015886,0.010334,-0.002295,0.003352,0.026467,0.023766,0.015285,0.270770,0.002408,-0.020447,-0.015481,-0.017239,-0.031061,0.054613,0.022406,0.020112,-0.005530,0.022071,-0.000868,-0.164293,0.083053,0.071862,-0.024036,0.058460,-0.017197,-0.166019,-0.050308,-0.014889,0.016883,-0.025312,-0.075882,0.007335,-0.031163,0.013084,-0.007578,0.022438,0.203968,0.023710,-0.004908,-0.025031,-0.006966,0.059360,0.005541,-0.005448,-0.089080,-0.014456,-0.000192,0.023377,0.044483,-0.019267,0.082918,-0.115664,0.048012,-0.025810,-0.035509
0.023320,0.042572,0.052009,-0.014533,-0.045789,-0.012060,-0.059927,-0.098432,0.045258,-0.022006,0.017143,-0.048940,-0.129479,0.006951,-0.005228,-1.220956,0.006153,-0.008490,-0.039037,0.053873,0.012505,0.003021,0.021258,0.095353,0.000426,-0.013644,0.001697,-0.012407,0.007242,0.013688,-0.026242,0.258321,0.008440,-0.019200,-0.095804,0.021942,0.015713,-0.075599,-0.002595,0.002156,0.030191,0.022692,0.038244,0.029514,-0.049031,0.008778,-0.023091,0.002399,-0.042328,-0.020760,-0.044361,-0.006638,-0.269707,-0.009638,0.040622,0.071154,0.034949,-0.004972,0.011433,0.004684,-0.003796,0.021360,0.075903,0.000786,-0.042875,0.086516,-0.029883,0.004660,-0.060551,0.034011,0.042369,0.011311,0.258541,-0.004103,-0.015560,0.019980,0.028660,0.007899,-0.103983,0.010332,0.102018,-0.014045,0.192788,-0.009362,-0.034048,-0.017608,-0.024706,-0.019127,-0.039784,0.029379,0.114598,-0.031185,-0.025374,-0.042954,-0.057353,0.025367,-0.035688,0.007989,0.028433,0.019264,0.012740,0.013244,0.025715,-0.014724,0.023731,-0.010442,0.032367,0.001053,0.005641,-0.104559,0.063640,0.013401,-0.008667,0.024165,-0.012154,0.043617,0.009518,0.095022,-0.006915,0.001812,0.248913,0.054324,0.004775,-0.157418,-0.115829,0.079601,-0.023368,0.036165
-0.012231,-0.039448,0.025983,0.018501,-0.061263,0.036296,0.093196,0.127468,-0.016466,-0.055096,-0.022856,0.004134,-0.005591,-0.002041,0.088887,-0.152959,-0.018964,0.037986,-0.003687,0.056217,-0.029371,-0.017163,0.021285,-0.004955,0.035320,0.000441,0.009068,-0.017350,0.050433,-0.027822,-0.010140,-0.131837,-0.068085,0.041169,0.114241,0.016599,-0.009835,-0.028773,-0.038636,0.009266,-0.018480,-0.003738,-0.206894,0.043295,-0.050370,0.012156,-0.011320,0.043721,-0.021246,-0.005680,-0.023097,0.009343,0.029807,-0.014714,0.504941,0.082512,-0.027604,0.006370,0.011800,0.029885,-0.018892,-0.075078,-0.044219,-0.004137,-0.030643,0.038471,-0.037250,0.004602,-0.084058,-0.013208,0.008015,0.000021,-0.083640,0.023939,0.007700,0.001189,0.029473,-0.036003,-0.041419,-0.005805,-0.142667,0.075622,-0.265710,0.027353,-0.010154,0.019780,-0.016996,-0.020227,0.217401,-0.025375,0.072322,-0.021883,0.173753,-0.007092,0.003148,0.012894,-0.006764,0.010689,0.171986,0.009763,-0.002482,-0.022754,0.058538,0.236798,-0.003057,0.031143,-0.013839,-0.005359,-0.006577,0.010057,-0.002356,0.006257,0.026788,-0.014531,-0.019254,0.047362,0.028098,-1.141581,0.032930,-0.010280,0.054494,0.061126,-0.023723,0.009990,0.020861,0.046869,0.016180,-0.067282
-0.071402,0.009407,-0.037107,0.033952,0.050831,-0.038636,-0.269438,0.360945,-0.038797,0.013109,0.202218,-0.029801,-0.047050,-0.015542,-0.005790,-0.019594,0.041353,0.053277,-0.009378,-0.007271,-0.032574,0.003525,0.000702,-0.018713,0.028940,0.001518,-0.009712,-0.006339,0.007717,-0.029942,-0.006083,-0.034134,-0.094316,-0.037647,-0.152655,0.014644,-0.012280,0.035761,-0.044817,0.044190,-0.043957,-0.007762,-0.024833,-0.007635,0.076049,0.078921,-0.035985,0.036711,-0.009418,0.015844,0.069980,0.056171,0.037249,0.034365,-0.078717,0.178273,0.070953,0.034496,0.033931,-0.046552,0.002833,-0.055131,0.120290,0.038903,-0.045562,0.122089,-0.005898,0.009963,0.174410,-0.000761,0.013743,-1.126339,0.003651,0.003929,0.005457,0.034410,-0.126966,0.033858,0.107958,-0.036587,0.139349,0.200948,0.090596,-0.022315,0.057425,-0.019847,0.009164,0.043331,0.059189,-0.050002,0.029484,0.070601,0.021545,0.048527,-0.175481,-0.036359,-0.001809,0.037450,-0.002327,-0.056613,0.024044,-0.011321,0.045818,0.058219,0.003557,0.027564,0.058411,0.004324,-0.015040,0.120002,0.046554,0.012643,-0.006104,0.008465,-0.014293,0.041111,0.006907,0.014165,-0.050634,0.017198,-0.000571,0.003660,-0.013996,0.099267,0.031542,-0.118388,-0.040815,-0.045038
-0.079387,0.023079,0.005642,-0.013302,0.088329,0.025158,0.161511,-0.170423,-0.018483,0.023350,0.322769,0.156773,-0.041821,-0.060295,0.009165,-0.120912,0.038267,-0.023181,-0.019117,0.020906,-0.033940,0.005829,0.015031,-0.047584,0.026938,-0.035981,-0.001562,-0.028596,0.095691,0.055234,0.026504,0.078619,0.055585,0.019924,0.217025,-0.010810,-0.093140,-0.058337,-0.022651,-0.009544,-0.034798,0.003784,0.199841,-0.038289,-0.029602,-0.044468,-0.064305,-0.006650,0.011399,-0.011871,0.021455,0.050433,0.254525,0.003707,-0.157459,-0.050631,0.017788,-0.008699,-0.054643,-0.200148,0.009802,0.028411,-0.188066,-0.014644,-0.009583,0.271304,0.046366,-0.049869,0.084538,-0.004532,-0.042136,0.064873,-0.023112,-0.056028,-0.009385,-0.038142,0.007994,-0.020022,0.042797,-0.061155,0.046004,-0.003294,0.192113,-0.051190,-0.028246,-0.053932,0.021343,-0.019862,0.102246,-0.033889,0.102873,0.008382,-0.076200,0.057478,-0.027936,-0.004295,-0.002457,-0.026166,0.010513,-0.057871,0.016087,-0.002632,-0.034197,-0.217645,0.059433,-0.090667,0.058295,-0.003399,-0.043692,-0.054971,-0.042929,-0.017500,-0.033242,0.003301,-0.034224,-0.007697,-0.034726,-0.215249,0.008600,-0.035527,-0.092006,-0.074814,-0.086027,0.068578,0.236825,0.142551,-0.008748,-0.055104
0.005074,-0.022551,-0.007294,0.025496,-0.065132,-0.027911,0.064331,0.029119,0.019739,-0.129186,0.169950,0.007373,0.183389,-0.101954,0.065073,0.068110,-0.077834,-0.034884,-0.045379,-0.106116,-0.038822,-0.117547,0.048468,0.173035,0.047800,-0.047715,0.069869,0.050726,-0.024358,-0.008575,-0.058017,0.111357,0.167093,-0.059877,0.001487,0.070947,-0.004217,-0.048518,-0.129266,-0.002168,0.032388,0.046480,-0.185270,0.060441,0.065961,0.010721,-0.015678,-0.001382,0.000536,0.002462,0.011912,0.031387,-0.018877,-0.053363,0.014155,0.026375,0.076211,-0.015353,-0.031885,-0.009769,-0.054405,-0.050161,0.080093,-0.068979,0.013020,-0.059018,0.036015,0.032963,-0.007113,0.016702,0.012605,0.034468,0.005115,-0.043710,-0.053824,-0.008023,-0.105709,0.090227,-0.129598,0.001141,-0.182566,-0.029743,0.061803,-0.001098,0.013033,0.022974,-0.047026,0.019792,-0.107697,-0.091606,0.042248,-0.054872,0.051983,-0.153036,0.145142,-0.117188,-0.002968,-0.022610,-0.148715,0.156087,0.039863,-0.101201,0.117792,0.088187,0.168149,0.089731,-0.265943,0.007975,0.001914,0.125727,0.001771,0.034643,0.086400,0.019597,0.008199,0.061195,0.066986,0.052919,-0.019880,0.068348,0.009553,-0.114279,-0.071000,0.018265,0.029700,0.008765,-0.019554,0.136734
-0.061148,-0.028366,0.107371,-0.014541,-0.046179,-0.056809,0.129726,0.029449,0.072034,-0.027343,0.054324,-0.065207,0.057507,-0.119068,0.036966,0.038512,0.093394,-0.016021,-0.031735,0.059777,0.061248,0.058620,-0.316976,0.027521,-0.058058,-0.083640,-0.035715,0.000884,0.006766,-0.057221,0.043324,0.018457,-0.047733,0.161758,-0.022290,0.001419,0.046554,-0.063682,0.089542,0.056518,0.007720,-0.012453,0.010690,-0.014391,-0.081299,-0.091640,-0.007631,0.038758,-0.066664,-0.055568,0.081625,-0.032604,-0.011644,0.019748,-0.016891,0.085581,0.064388,0.022700,-0.104991,0.106346,-0.011403,-0.026484,0.000897,-0.066812,-0.027304,0.015663,0.072227,0.060064,0.024585,-0.036802,0.037157,0.004554,0.000980,0.105706,0.062105,0.074419,-0.016794,-0.057792,-0.040565,0.319763,0.026716,-0.011026,0.029505,0.056826,0.119065,0.176076,0.041717,-0.001428,0.015533,0.131191,0.048866,-0.028963,-0.025877,-0.091037,0.015671,-0.104871,-0.023397,0.027477,0.045707,0.066056,-0.003568,-0.130422,-0.071694,-0.010845,0.182500,0.002823,0.032156,-0.000261,-0.000206,0.034764,0.007230,-0.043864,0.024502,-0.142767,-0.072045,-0.029060,0.001503,0.069624,-0.015992,-0.178279,-0.086247,0.023829,-0.111811,-0.048815,0.002206,-0.019333,-0.114368,-0.283906
-0.006459,-0.006331,-0.000508,0.008686,0.013341,0.000614,-0.019353,-0.003258,0.018323,0.001989,0.002482,0.002773,0.003274,0.016643,-0.018932,-0.000515,0.008436,0.019016,-0.000378,-0.002360,-0.004857,0.003191,-0.010042,0.014784,-0.001735,-0.015833,0.001013,-0.003154,0.003139,0.013174,0.014603,-0.012190,0.012370,-0.010611,0.007499,0.008248,0.000069,-0.001319,0.000887,0.002098,-0.012836,0.005786,-0.000191,0.002987,-0.001692,0.011571,0.001506,0.008943,-0.002209,-0.005502,0.002325,-0.000480,0.002613,-0.004763,-0.005519,-0.007520,-0.010328,-0.013413,0.003832,0.000879,-0.014667,0.002606,-0.001444,-0.019240,-0.006573,-0.002038,-0.012320,0.009121,-0.006612,-0.001342,-0.000168,0.002180,0.002463,0.000518,-0.003847,0.007423,0.004155,0.004031,-0.001118,0.006077,-0.005894,0.003008,0.000932,-0.002088,0.012290,-0.000467,0.005287,0.009716,0.006830,-0.004700,0.011830,0.011031,0.010985,-0.002127,0.006002,-0.010054,-0.001573,-0.005325,-0.003061,0.002262,-0.012470,0.001519,0.005611,-0.005309,-0.006893,0.016475,0.002503,0.010040,0.006644,-0.006031,0.001170,-0.019907,-0.031451,0.005077,-0.004467,0.000665,-0.008270,-0.003064,0.005451,-0.003775,0.010995,-0.000320,-0.015684,0.008033,-0.001009,0.003283,0.004266,-0.002866
0.010021,0.101401,-0.073185,0.036683,0.077668,-0.180653,0.203580,-0.110810,0.035384,-0.051836,0.015611,-0.041208,0.054389,0.114489,-0.244024,-0.001302,0.103207,-0.195156,-0.053396,-0.017944,0.052022,0.653663,-0.116856,-0.066598,-0.080084,-0.039275,0.023573,0.041072,0.081265,-0.032482,-0.115091,0.066345,-0.019025,0.006758,0.117844,0.048521,-0.091037,0.357361,0.032201,0.060214,-0.278644,0.007707,-0.137587,-0.070099,0.068725,-0.005725,0.030927,-0.128703,-0.102578,-0.028247,-0.172124,0.036644,0.076944,-0.001387,0.071900,0.134164,-0.041582,-0.018566,-0.012794,-0.084763,0.118783,-0.065475,-0.089287,0.039227,0.044476,0.045815,-0.016549,0.062478,0.069022,0.010331,-0.025633,-0.021988,0.096180,-0.126998,0.114144,-0.037876,-0.012122,-0.034437,-0.026203,0.072468,-0.001697,-0.035203,0.015525,0.060212,-0.055983,0.173435,-0.062211,0.003525,-0.149153,-0.021125,0.030478,-0.048527,0.090914,-0.066782,0.042761,0.542729,0.074131,-0.021370,-0.066318,0.009325,0.079398,0.055379,-0.021458,0.125682,-0.056719,0.065690,0.084490,0.003899,-0.034530,0.034234,-0.025763,0.036025,-0.032776,-0.021864,0.106200,-0.034986,0.034582,-0.015341,-0.064509,0.048333,0.041850,0.003939,0.020478,-0.018780,-0.002712,-0.093487,-0.101266,0.225697
-0.010787,-0.008962,-0.018194,0.112652,0.087066,0.153019,-0.049146,0.006621,0.046408,-0.048284,0.005037,-0.016235,-0.088875,-0.040257,-0.073605,0.068668,-0.108600,0.047974,0.032446,0.085955,0.198884,0.102758,0.075125,0.308527,-0.298688,-0.160922,-0.012811,0.018647,0.083038,-0.027527,0.085354,0.013461,-0.004540,0.020349,-0.110175,0.042139,-0.023782,-0.070689,0.108198,-0.072968,-0.045796,-0.009799,0.025447,0.017209,0.220726,0.030172,-0.053646,0.103602,-0.295861,-0.008298,0.011444,0.014752,0.003252,0.001874,-0.006940,-0.032803,0.000901,0.031159,0.063087,-0.004232,-0.142401,0.079989,0.028304,0.357648,-0.095882,-0.081995,-0.038734,-0.082045,0.044872,0.099306,-0.032479,0.022023,-0.002216,0.035740,-0.087722,0.036407,-0.075668,-0.059393,0.036286,-0.019206,-0.059830,-0.014765,0.049954,0.242484,-0.020156,-0.005131,0.060779,0.005424,0.059607,0.083983,-0.009868,0.007403,0.003087,-0.074530,-0.007962,0.082279,-0.178818,0.125934,0.029148,-0.074216,0.019756,-0.082906,-0.073193,-0.058889,0.065349,0.018993,-0.006261,0.001128,0.035293,-0.009741,-0.104501,0.024138,0.050601,0.054820,-0.039834,-0.056894,0.010540,-0.018996,0.072216,0.117410,0.047111,-0.024632,0.063105,0.037171,-0.075997,-0.025402,-0.001748,0.287347
0.053488,0.077854,-0.031284,-0.113662,-0.126036,-0.183285,0.005965,0.076484,0.076807,0.024568,-0.040472,-0.182464,0.008620,0.106424,0.037853,0.038883,0.017643,-0.024377,0.020751,-0.036740,-0.033251,-0.006234,-0.026295,0.221556,0.015392,0.189867,0.018497,-0.027486,0.049831,0.005546,0.050613,0.017025,0.167409,0.093252,-0.088681,0.039105,-0.962442,-0.058905,-0.008783,0.021158,-0.004449,0.028136,0.087278,0.037939,0.062781,-0.033128,-0.048331,-0.025760,-0.021502,0.042014,0.074770,0.120290,0.124788,0.005790,-0.095730,0.040760,-0.011105,0.001728,-0.007919,0.149633,-0.046600,-0.052870,0.169486,0.076665,0.033797,-0.003774,0.039513,0.008223,-0.126015,-0.019051,0.008256,0.029159,-0.015205,0.020289,0.008527,-0.045837,0.060136,0.142875,0.025873,-0.037660,0.008225,0.013392,0.179981,-0.048867,-0.021431,0.082752,-0.023059,0.061815,0.006028,-0.031917,0.188697,0.094578,-0.043650,-0.011248,-0.136675,0.014982,0.069868,-0.038123,0.045938,0.005050,0.034708,0.140344,-0.086048,0.022440,0.151727,0.153346,-0.066368,-0.008932,0.140610,0.002910,0.020062,-0.025407,0.136000,-0.022042,0.014213,-0.041537,-0.063762,-0.094466,0.077560,0.081071,-0.149375,-0.096821,0.081222,-0.007320,-0.068302,-0.038563,-0.035169,-0.035491
0.034893,0.081088,-0.052577,-0.043347,-0.081349,-0.191273,0.099419,0.039290,0.075653,-0.009239,0.053504,-0.092655,0.010105,0.051188,0.027819,0.025780,0.001174,-0.110017,-0.066771,0.014119,0.007361,-0.006113,0.019380,0.111604,-0.039675,0.229099,0.009173,0.004770,0.100861,-0.020762,-0.017931,-0.117692,0.032123,0.053345,0.084772,0.071907,0.926911,-0.108996,0.025708,-0.016710,-0.031257,-0.126105,0.058910,0.004020,0.014744,0.011512,-0.017814,-0.058079,-0.058299,0.015015,0.003125,-0.014255,0.074158,-0.054892,-0.058208,0.036963,-0.054689,0.010320,-0.005072,0.116943,-0.023918,-0.125909,-0.026617,0.066906,0.001553,0.030035,0.178386,0.031025,0.004964,-0.052088,0.018117,-0.006643,-0.013004,-0.033429,-0.006769,-0.070391,0.041633,0.162793,-0.077273,-0.026511,-0.008247,0.086962,0.193457,0.004723,-0.044237,0.035325,-0.015788,0.039468,-0.002241,-0.008003,0.186395,0.150576,0.000524,-0.138319,-0.209809,0.007557,0.011569,-0.024769,0.149540,-0.029779,0.023894,0.077807,-0.062954,-0.043182,0.092228,0.200054,-0.000120,0.001950,0.132738,-0.039196,0.031087,0.010015,0.079519,-0.009754,0.030943,-0.040745,-0.009182,0.000818,0.004759,0.017526,-0.089748,-0.112042,0.094240,-0.100178,0.118052,-0.077013,0.032922,0.029951
-0.284556,0.081630,-0.060815,0.034471,0.069916,-0.030178,-0.036682,0.031944,-0.074501,-0.064952,0.047432,-0.015228,-0.031238,-0.062615,0.103741,-0.011312,-0.157205,-0.040748,-0.024912,0.011200,-0.003971,-0.085511,-0.021526,-0.031565,-0.017135,-0.031326,0.047986,-0.025982,-0.015875,-0.054031,0.046383,0.036794,0.021019,-0.080783,0.008791,0.057974,-0.025083,0.065125,-0.075410,-0.020344,0.080328,0.039736,-0.012083,0.065227,-0.153596,0.125166,-0.045118,-0.043450,0.052676,-0.049875,-0.061446,-0.068975,0.002496,0.023592,0.025019,0.018703,-0.144826,-0.059792,0.118136,-0.067964,0.014657,-0.054709,0.023003,0.035823,-0.022881,0.036354,0.131180,-0.087476,0.050180,0.017591,0.042107,0.032333,-0.009721,-0.002622,-0.061529,-0.000923,-0.078074,-0.190251,0.039862,-0.006271,-0.032256,-0.002019,0.035891,-0.047962,0.137050,0.160589,0.019786,-0.034290,-0.088660,-0.127372,-0.000049,-0.097845,-0.032391,-0.087351,0.068169,0.012231,0.039948,0.170840,0.003371,0.133528,0.084572,-0.045377,-0.007731,0.061468,0.017409,-0.066270,-0.041476,0.005582,0.081114,0.014463,0.006642,-0.032406,-0.028436,-0.001605,-0.060101,-0.084303,0.001862,0.027447,0.168490,0.079664,0.001014,0.044330,0.171881,-0.019335,0.016690,0.025980,-0.043208,-0.154025
-0.047894,-0.037271,0.010716,-0.023529,-0.081536,0.152802,0.027989,0.033450,0.241424,-0.180922,0.117284,-0.033973,0.049986,0.111775,-0.003547,0.044450,-0.061628,0.030589,-0.024801,-0.044737,-0.037497,-0.067904,-0.037510,-0.324722,0.071048,0.026640,0.025220,-0.007251,-0.021755,0.013128,0.094526,-0.001273,0.110861,0.014312,0.005871,0.006264,-0.020919,0.088776,-0.037771,0.012711,0.037804,0.018488,-0.048238,-0.031905,0.064340,-0.041162,0.009423,0.023679,0.033486,-0.032044,0.011666,-0.024248,0.043541,-0.044770,-0.014623,0.053748,-0.022465,-0.020877,-0.036248,0.072362,-0.045856,-0.014970,-0.051038,0.508680,-0.019937,-0.054750,-0.018393,0.019092,-0.008161,-0.003990,-0.010730,0.043581,0.082119,0.023108,-0.070042,-0.009192,-0.071216,0.044575,0.066913,-0.044299,-0.044669,0.036967,0.020985,-0.059796,0.028511,0.012990,-0.020453,-0.011323,-0.005864,-0.058641,0.070041,-0.052397,0.038703,-0.010480,0.102995,-0.096736,0.028873,-0.028805,0.106118,0.032906,-0.010337,0.034094,0.016292,-0.113971,0.053868,0.022382,1.072137,0.007038,-0.014232,0.119968,-0.026433,-0.059400,0.088848,-0.028173,-0.017116,0.036686,-0.002678,0.014957,0.019941,0.069772,0.132670,0.028077,0.064019,-0.107228,-0.019552,0.046565,0.062212,-0.050070
0.118708,0.018805,0.025851,-0.010420,-0.020106,-0.034766,0.038604,-0.136368,-0.027147,-0.077383,0.089674,0.168473,0.051755,0.065240,-0.040412,-0.005241,0.001079,0.087817,0.062229,0.022894,0.033746,-0.013748,-0.077441,0.008912,0.177385,-0.033571,-0.084741,-0.001631,-0.011593,-0.025029,0.016376,-0.050948,0.159776,0.057674,0.063901,-0.025246,0.084063,-0.029687,-0.040902,-0.027262,-0.043852,0.143125,0.136226,-0.031255,0.068442,0.052551,0.029389,0.010758,0.005124,-0.037640,0.041166,-0.282445,0.032468,0.066585,-0.133800,0.005629,0.056503,0.049952,0.029574,0.021793,0.014371,0.189168,-0.089605,0.083524,0.059642,0.002245,-0.639193,0.016811,-0.105731,0.085279,-0.003559,-0.085164,0.181348,0.035411,0.016067,0.046899,-0.151791,0.075127,0.002071,0.033689,0.157400,-0.082903,-0.153608,0.064066,0.058490,-0.019351,-0.023157,0.019777,0.046434,0.004591,0.086415,-0.081604,-0.008714,0.031599,0.064108,-0.007825,0.010275,-0.003695,-0.055339,0.172465,-0.060564,0.023562,0.029537,-0.043794,0.019901,0.070549,-0.128035,-0.002365,0.063746,0.024028,0.007647,-0.007404,0.108342,-0.044263,0.030942,-0.063517,0.045137,-0.083533,0.002211,0.047740,-0.076900,0.081055,0.875499,0.015633,0.027694,-0.131883,0.066366,0.080894
-0.071015,0.110410,-0.003204,-0.052882,-0.013609,0.041028,0.026202,-0.174036,0.100532,-0.011110,0.026801,0.325594,-0.002444,0.109309,0.056261,-0.073448,-0.086902,-0.152002,0.022096,-0.098537,-0.157559,-0.069396,-0.125304,-0.059316,0.102116,0.061351,-0.099718,-0.057933,0.035826,-0.139455,0.000615,-0.093720,-0.043346,-0.164829,0.006423,0.044028,-0.002086,0.054889,-0.114879,0.086607,0.078509,-0.024128,0.104376,0.033770,0.022061,-0.024156,-0.023000,-0.033449,-0.045638,-0.023906,0.114437,-0.034904,0.064484,0.034991,0.095679,0.228859,0.071352,-0.062807,-0.108512,-0.096190,-0.049025,0.163541,0.036057,0.076039,-0.025294,-0.487902,0.110376,0.008706,-0.062881,-0.027730,-0.023089,-0.129501,0.098615,-0.059756,0.017931,0.071624,0.022792,0.022284,-0.050720,-0.002227,0.058011,-0.235380,0.030542,-0.147274,0.125317,0.057335,-0.089272,0.037186,0.302424,-0.058121,-0.137398,0.012588,0.089179,-0.177498,0.057643,0.042124,0.029345,0.036141,-0.250097,-0.032694,0.011486,-0.225314,-0.115219,0.049781,-0.011007,0.020041,-0.027601,-0.013332,-0.097108,-0.119773,-0.025247,0.001445,0.152403,-0.105228,-0.027519,0.065249,0.029427,0.055020,-0.015319,0.024572,-0.100402,-0.003245,-0.090886,0.029135,0.001281,0.042804,0.130847,-0.037686
0.004716,-0.065380,0.048899,0.041328,-0.021637,-0.150522,-0.017427,-0.035122,0.081802,-0.016896,-0.066392,0.025566,0.007505,0.109859,-0.010616,0.000862,0.149504,0.015411,0.004343,-0.078039,-0.174056,0.132263,0.041562,0.054335,0.265668,-0.106113,0.008214,-0.022354,0.140798,0.108003,-0.087184,-0.031386,0.052474,0.037941,0.053310,0.001266,-0.006610,0.074114,0.001038,0.028524,0.233866,-0.010834,0.014436,0.173622,-0.098127,0.036917,-0.091101,0.129202,0.028907,-0.010788,-0.110513,-0.020931,-0.005301,0.012778,-0.054669,-0.127102,0.350545,0.114741,0.039805,-0.083855,0.156908,0.039969,0.011436,-0.199309,0.063494,0.021500,0.029917,-0.087480,-0.046005,0.288533,-0.000350,-0.051411,0.002450,-0.064746,0.060993,0.007413,-0.167472,-0.083335,0.057526,-0.053748,-0.016330,0.040735,0.029126,-0.148745,0.006210,-0.022069,0.047622,0.033207,-0.007530,0.098153,0.029619,0.059187,0.043280,0.021706,-0.061492,0.013782,-0.032606,0.064529,-0.106121,-0.027951,0.051317,-0.089874,0.047458,0.020335,-0.088818,-0.080932,0.153060,0.013492,-0.142948,-0.051609,-0.050432,-0.033418,-0.029297,0.019762,0.005948,0.032221,0.049381,-0.011235,0.082839,-0.218814,0.077467,-0.004860,0.052205,0.076154,0.037232,0.003695,0.133199,-0.180985
-0.165739,0.027610,0.031030,0.069910,0.007421,0.043468,0.093173,-0.003105,0.089042,-0.049779,0.004305,-0.012144,-0.016300,-0.065951,0.087882,-0.010344,-0.085656,-0.104268,0.027301,-0.068348,-0.045128,0.056460,0.034765,0.004734,0.091052,-0.014599,0.007532,-0.146240,0.009814,-0.012489,-0.047359,0.021688,0.020560,-0.188257,0.031979,0.145465,-0.020827,-0.028435,0.060628,-0.007466,0.026299,0.033119,0.002473,0.054829,-0.044015,-0.011503,0.117052,-0.065131,-0.120237,0.031184,0.105275,0.008119,-0.015331,0.015526,0.012845,0.019154,-0.125918,-0.061683,0.008498,0.011361,-0.118101,0.015916,0.018082,-0.098370,-0.056763,0.020109,-0.072511,0.118979,-0.003947,-0.085439,0.010801,0.019324,0.003262,-0.002927,-0.059398,-0.090044,-0.032486,0.047958,-0.008066,-0.164209,-0.032805,-0.014347,0.023042,0.017673,-0.002602,-0.058235,-0.057168,0.162157,-0.070972,0.035994,-0.006657,0.092653,-0.018980,-0.070185,-0.035419,0.071013,-0.178151,0.077663,0.012177,-0.031430,0.013509,-0.068084,0.007635,0.022226,-0.069714,-0.164059,-0.013022,-0.009474,0.174585,0.051522,0.069769,-0.022938,-0.008087,-0.041760,-0.099854,-0.118173,0.008730,0.036047,0.035866,-0.005368,0.006434,0.039597,0.091734,-0.007018,0.034631,-0.031943,-0.063920,-0.078683
-0.064905,0.034474,-0.017218,-0.060097,-0.100409,-0.094939,-0.162101,0.035256,-0.108650,-0.164685,-0.061131,0.011878,0.008200,0.040981,-0.164845,-0.001410,0.073116,0.005922,0.047160,0.066206,-0.024867,0.118260,0.137748,0.179796,-0.042102,0.049658,0.034872,-0.203833,0.128140,0.032448,-0.081269,0.033095,-0.047062,0.094635,-0.084147,0.152664,0.065873,0.104832,-0.018567,-0.087227,0.130729,-0.025147,0.005522,0.019706,-0.064798,-0.010488,-0.145905,0.090571,-0.050326,-0.024231,-0.023297,0.256371,-0.033298,-0.033077,0.043341,0.008050,-0.048520,0.047950,0.089375,0.103212,0.070976,-0.094805,0.064055,0.076727,-0.033634,-0.043780,0.044697,0.070457,0.037455,0.019958,0.071620,0.098034,-0.015873,0.082902,0.041416,-0.065774,0.059571,-0.113413,-0.050003,-0.184335,0.003056,0.077082,0.054282,-0.025382,-0.221923,-0.062751,0.045414,-0.049964,0.011957,0.104192,0.049822,-0.027067,0.042162,0.065087,0.022108,0.072670,0.030264,-0.031828,-0.053451,0.144504,-0.036309,0.091134,-0.155743,-0.008855,-0.132782,0.090930,0.084912,0.003432,-0.126001,-0.020317,0.000703,0.027677,0.108273,0.071154,-0.049397,0.092965,-0.095010,0.002765,0.058629,-0.066700,-0.045135,0.003874,0.170239,0.047412,-0.078270,0.030314,0.076754,-0.096266
0.081412,0.071093,0.035919,0.006003,-0.099019,-0.046787,-0.035317,-0.064328,0.034692,0.038283,0.116821,-0.003975,0.051167,0.009127,-0.069410,-0.003249,0.024502,0.010922,0.062616,-0.017191,0.033717,-0.000595,0.058910,0.031745,0.020852,-0.010267,-0.054535,0.027414,-0.068634,0.049897,-0.052620,0.016522,-0.049160,-0.046932,-0.095731,0.019996,0.112442,0.015147,0.020670,-0.038143,-0.011906,0.038235,-0.055972,-0.029651,-0.035169,-0.005647,-0.004258,-0.040257,0.117627,-0.057610,0.010330,0.077197,0.090579,0.027746,0.025914,-0.128931,0.012090,0.009643,0.012801,-0.044717,-0.046051,0.079382,-0.023374,-0.050019,-0.001549,0.014985,0.051786,-0.018112,-0.122470,0.007488,0.005559,0.010622,-0.030816,-0.021102,0.007603,-0.029910,-0.005363,-0.006857,1.161582,0.031486,-0.022285,-0.105145,-0.066620,-0.010870,-0.094641,0.031650,0.005049,-0.042396,0.097905,0.007207,0.109765,-0.049504,-0.050460,-0.100923,0.033745,-0.006216,0.006174,-0.024826,-0.043075,-0.015921,-0.003851,0.001362,0.031706,0.122243,-0.022030,-0.025769,-0.006326,-0.000939,-0.010541,0.025914,0.041800,-0.031456,0.028779,0.063767,-0.035330,-0.029771,0.031207,-0.000835,0.061435,-0.015617,-0.030244,-0.014648,-0.079905,-0.430128,-0.078125,0.099386,-0.051240,0.100415
0.092169,0.285304,0.093485,0.004278,-0.113027,-0.067511,-0.288590,0.050146,-0.036933,-0.065901,0.104273,-0.015848,-0.022884,0.012128,-0.041347,0.039488,-0.024152,0.145549,0.023239,-0.004715,0.065392,0.053612,0.043231,-0.261054,0.062788,0.073385,-0.135392,0.062735,-0.100104,-0.024012,0.003961,0.076151,0.038504,0.087439,-0.027177,0.142697,-0.046259,-0.019405,0.073142,-0.270930,-0.000184,-0.006233,0.042835,-0.048974,-0.134048,0.144386,0.024751,0.087919,-0.094797,0.081734,-0.163306,-0.081631,-0.038750,-0.094182,0.025283,0.249440,0.078944,0.090696,0.171511,-0.030943,-0.016092,0.001144,0.014336,-0.132425,0.048373,0.039870,0.002509,0.102772,0.019526,-0.028420,0.070423,0.038653,-0.042886,0.162133,0.065680,-0.046719,-0.103737,-0.014197,0.001911,0.060796,0.020099,0.025432,-0.027212,0.151546,0.077519,-0.012095,-0.084885,0.088713,-0.021476,0.097434,0.068559,-0.259923,-0.047815,0.126531,0.011262,-0.097284,0.032254,0.090292,0.104218,-0.018799,-0.090344,0.123613,-0.120691,0.057515,-0.120457,0.042067,-0.092090,-0.007909,-0.078720,0.021968,-0.080803,0.017499,-0.015057,0.027148,0.054765,-0.026838,0.040996,0.023706,0.100652,-0.066542,-0.024686,-0.048312,-0.023486,0.068604,0.023284,0.068822,0.170727,0.067048
0.024969,-0.048416,0.058607,0.025574,0.011440,0.073831,-0.022111,0.276147,-0.018787,-0.118412,0.180143,-0.050265,0.018615,0.026586,-0.070501,-0.111613,0.028459,-0.001709,0.036088,-0.139271,0.012270,0.031112,-0.063679,-0.003280,0.009715,0.021667,-0.026252,0.056828,-0.071379,0.079273,0.068175,0.100084,0.046190,-0.078500,0.289990,0.037353,-0.046479,-0.105521,-0.016606,0.063970,-0.005500,-0.089650,0.024433,-0.016325,0.116533,-0.015553,0.013953,0.064547,-0.117715,-0.179842,0.035914,0.055132,0.038827,0.019767,-0.256278,0.121293,-0.062993,-0.003378,-0.025942,-0.612689,-0.030915,-0.031975,0.275342,-0.052858,0.010925,-0.141364,0.026116,-0.024970,-0.192781,0.056397,-0.024440,0.126731,0.038217,-0.009056,0.013230,0.043092,-0.000101,-0.021561,-0.012694,0.047794,0.024937,0.033744,-0.327474,-0.017009,0.126506,0.045594,-0.045807,-0.123348,-0.257187,0.001264,0.028194,0.169017,-0.013717,-0.111805,-0.063581,-0.008366,0.001176,-0.051166,0.000771,-0.111531,-0.020517,0.034066,0.003066,0.100831,0.004178,0.043955,0.024679,0.006275,-0.053371,0.048444,-0.061181,-0.005957,0.062967,0.015374,0.056558,0.114068,-0.048733,0.033445,0.017606,0.023469,-0.064686,-0.096486,0.048395,-0.018834,-0.062413,0.224216,0.009514,0.076512
0.004875,-0.010644,-0.014651,0.028143,0.004079,0.028114,-0.012549,-0.000506,0.009408,0.006967,0.021942,-0.001424,-0.008358,0.008817,0.026921,0.004040,0.015003,-0.041099,0.005640,-0.008425,0.050252,0.007123,-0.028749,0.014601,-0.009558,-0.037326,0.020061,0.022534,0.002771,-0.027823,0.023605,-0.007207,0.007251,-0.016321,0.018130,-0.010001,-0.016825,0.014737,-0.027297,0.017835,0.008308,-0.017782,0.017460,-0.000703,0.003661,0.020091,-0.010026,0.056348,0.013458,-0.026490,0.019721,-0.008904,0.001848,-0.035151,0.000495,-0.032462,0.022883,0.015210,0.066582,-0.000651,-0.065206,-0.011661,0.006014,-0.006766,0.000454,-0.004745,0.008553,0.032923,0.000660,0.014534,-0.036783,-0.004352,-0.012398,0.030651,0.028938,-0.062093,0.009004,-0.004110,-0.002521,0.046179,0.006124,0.001334,0.003452,0.062584,-0.009142,0.009212,0.025678,-0.024684,0.002142,0.014068,0.002119,-0.016828,-0.006547,-0.034396,-0.001941,-0.023849,0.008545,0.018098,0.009692,-0.007841,-0.003039,-0.002843,0.001158,0.005835,-0.020332,-0.011277,0.005002,0.017054,0.035058,0.021624,-0.036909,0.055677,0.008780,-0.031894,-0.005344,0.041156,-0.027633,-0.009354,0.006428,0.110284,0.021401,-0.007419,0.005098,0.000817,0.026142,0.000033,-0.005772,-0.033966
-0.019232,0.104961,0.117682,0.011198,-0.040985,0.042074,0.020074,0.092820,-0.061293,-1.028801,-0.027097,-0.046276,-0.147158,-0.083368,0.116422,0.127586,-0.008007,0.036690,-0.014051,-0.050081,-0.027162,-0.008001,-0.099860,0.034402,-0.045624,0.051892,-0.016449,0.085324,0.080334,0.022861,0.018245,-0.100706,-0.211202,0.032950,0.179521,0.150224,0.007170,0.102459,-0.037019,0.082703,-0.024733,0.054472,0.318997,-0.027171,0.020759,-0.029844,0.057342,0.034934,0.070933,0.039817,-0.061806,0.007475,-0.048291,0.024886,-0.074430,0.022216,-0.137050,-0.039332,-0.026111,0.099799,-0.031491,-0.001755,-0.028202,-0.119278,0.037333,0.245591,0.010765,-0.015795,0.003819,0.016173,0.023049,0.122546,0.142510,0.040085,0.030987,-0.001828,0.008004,-0.070333,0.072287,0.077999,0.007379,-0.060217,0.031933,-0.026826,0.077757,-0.026174,-0.029258,-0.032895,0.197059,-0.026535,0.043438,0.025377,0.214372,0.079246,0.015267,0.026497,0.012865,-0.007674,0.183642,-0.017508,-0.043364,0.002346,0.057798,0.068459,0.044911,-0.003717,-0.105566,0.000300,0.003973,-0.070739,-0.001923,-0.003400,-0.018533,-0.029354,0.051479,0.113843,-0.032946,0.138043,0.032262,0.046918,0.070836,-0.030383,-0.028471,0.017702,-0.037325,-0.089388,-0.039815,-0.066270
0.009980,-0.016578,-0.001994,0.013906,-0.020433,-0.038323,-0.151274,0.408149,-0.025432,0.082659,-0.079728,-0.044283,0.080069,0.087911,-0.024568,-0.003115,-0.042567,-0.042954,0.033187,-0.027092,-0.041787,-0.016888,0.022543,0.112006,-0.008591,0.028861,0.005133,0.002239,-0.031929,-0.014707,-0.001785,0.168749,0.277179,0.022619,-0.079865,0.013752,0.010902,0.015379,-0.031800,0.036612,-0.010660,0.008853,-0.015926,-0.050390,-0.017111,-0.000068,0.036375,0.021367,-0.063667,-0.013462,0.000514,0.005408,0.067066,-0.030659,-0.073641,0.004657,-0.012005,-0.014669,0.003006,-0.095901,-0.004236,0.021928,-1.119669,-0.000700,0.057733,-0.006317,0.065235,-0.016561,-0.427009,-0.026494,0.007212,-0.003917,0.036156,0.023085,0.019143,-0.007147,0.027421,-0.102200,-0.087991,-0.005110,0.048993,0.029634,0.042375,-0.016897,-0.002474,-0.031349,-0.025688,-0.026845,-0.032600,-0.039855,-0.046145,-0.004247,-0.018804,-0.093688,0.193216,0.001904,0.056524,0.010346,0.067689,-0.044562,0.000733,-0.018879,-0.010220,0.036944,-0.030895,0.019767,0.002926,-0.010048,-0.044820,0.032641,0.005668,0.013327,0.067313,-0.000195,0.075649,0.040178,0.010488,0.091045,0.041101,-0.009352,-0.025540,-0.013845,-0.054679,0.053717,-0.046836,-0.053417,-0.049397,-0.052160
-0.052983,0.129452,0.038397,-0.029039,0.043471,-0.087754,0.228044,0.183715,0.091356,0.101631,0.123831,0.013047,-0.094575,-0.003471,0.131868,0.014038,0.035859,0.030494,-0.026284,-0.000208,-0.067713,0.044167,0.091322,0.042638,-0.018369,0.004852,0.072681,0.004360,-0.067554,0.102921,0.022927,0.174608,-0.140874,0.031172,0.315658,-0.079364,0.132558,0.036187,-0.018399,-0.015861,0.043544,0.101095,0.053896,0.035401,-0.003696,0.091832,-0.042791,0.057225,0.106848,0.050304,0.008860,-0.048588,0.098275,0.000543,-0.073094,0.030550,0.038587,0.036885,0.075703,0.060480,-0.060413,-0.011000,-0.124326,0.012203,-0.084170,-0.162310,-0.066403,-0.019322,0.172877,-0.029774,0.003728,-0.032697,-0.139785,0.049561,0.077619,-0.016574,0.026752,0.146802,-0.039401,0.031566,-0.143371,-0.014095,-0.115557,-0.016875,-0.013412,0.067055,0.076543,0.105536,-0.156405,-0.023604,0.320708,0.017598,0.084556,0.036829,-0.033893,0.033412,-0.036094,0.104712,-0.109109,0.013122,0.094168,0.024447,0.015943,-0.052943,0.024242,0.002920,-0.009645,-0.008628,0.006907,-0.134203,0.017605,-0.017059,-0.028512,0.086946,-0.089169,0.030228,-0.003433,-0.033117,0.011481,0.037037,-0.019026,0.055220,0.119734,0.087106,-0.882663,0.212596,0.005691,-0.123172
0.022736,0.047076,-0.004558,0.086123,0.007457,0.051577,-0.042127,-0.061531,0.022405,0.056244,0.003680,-0.009471,0.026246,0.000294,-0.035911,0.025512,0.085172,-0.011684,-0.093167,0.011296,0.010423,-0.065148,0.020112,-0.111375,0.009696,-0.016354,0.095851,0.109396,0.005486,0.037507,-0.015605,0.023356,-0.003263,0.016199,0.062940,-0.052584,-0.045191,-0.201720,-0.051614,-0.028726,-0.062477,0.017870,-0.050589,0.046454,-0.751011,0.012870,0.041886,-0.041253,0.341088,0.139145,0.024615,0.007836,0.012822,-0.015538,-0.038939,0.064578,-0.025335,-0.065696,-0.038958,-0.094686,-0.099658,0.012653,-0.016584,0.200986,-0.015397,-0.000174,-0.068152,0.018635,-0.073273,-0.070741,0.002320,-0.001190,0.009908,0.003806,0.048496,-0.012457,-0.047469,0.020777,0.094012,0.074163,0.089620,0.096426,-0.021978,-0.010945,-0.071124,-0.112445,-0.008435,0.016973,-0.104747,0.055099,-0.001283,0.063477,0.035978,-0.044488,0.061894,0.003367,-0.052255,-0.018552,0.059993,0.064772,0.099112,0.084213,-0.153101,-0.021472,0.194978,-0.042199,-0.019926,0.009728,0.036123,0.083591,0.081041,0.072780,0.074976,0.036443,0.033931,-0.100409,0.008611,-0.053539,-0.054577,-0.092858,0.077189,0.062806,0.048447,0.111787,-0.005759,-0.099820,-0.207908,0.177145
0.046969,-0.022899,0.041883,-0.082297,-0.025228,-0.036161,0.158744,0.022337,-0.122784,-0.055475,0.173137,0.064269,-0.000652,-0.009771,-0.194515,0.016043,-0.036312,-0.067336,-0.245588,-0.081197,-0.014278,-0.032611,0.049762,-0.051767,-0.106351,-0.077986,-0.025699,0.003508,0.026908,0.069214,-0.009085,0.151456,-0.026963,-0.035884,-0.066325,-0.008838,-0.079568,0.038282,-0.010933,-0.027891,-0.073573,0.063028,0.009718,-0.032302,0.028823,0.063902,-0.006667,-0.042771,0.061997,-0.027812,0.066380,0.059066,0.060871,0.009660,-0.014487,-0.129430,-0.056931,-0.009485,0.054998,-0.103593,-0.052256,0.024275,-0.050341,-0.087941,-0.008791,0.171439,-0.089000,0.050617,0.103306,-0.076511,-0.003822,-0.088887,-0.008824,-0.031120,0.000388,0.005144,-0.083674,-0.021848,-0.091951,0.029143,-0.136384,0.157280,-0.081107,-0.035677,-0.028752,-0.085346,-0.078834,0.048938,0.060486,0.047457,0.083944,-0.101888,0.005834,-0.176203,-0.104098,-0.017807,0.028923,-0.024451,-0.018929,0.041769,-0.042985,-0.101670,-0.110718,0.040911,0.048286,0.014613,0.062807,0.006201,0.011793,0.016404,-0.034074,-0.013515,-0.030341,0.044591,-0.037747,0.027472,-0.006487,0.013609,0.053989,0.018470,-0.059362,0.095464,0.098897,0.095549,0.401733,0.149084,-0.001333,0.121133
-0.061736,0.029883,0.074948,0.032914,0.053933,0.213684,0.129469,-0.120906,0.041497,0.013471,-0.050786,0.024198,0.025200,0.126897,-0.032275,0.013228,-0.098638,0.003938,0.055124,-0.041566,-0.052858,-0.007355,0.044021,0.106235,-0.265692,0.051824,0.043864,0.026280,-0.037324,0.014354,-0.100363,-0.059854,0.015210,0.089991,-0.009393,0.050733,-0.005664,0.040351,0.144215,0.023284,0.075723,0.078200,-0.004353,-0.072282,-0.261615,0.033396,0.165869,-0.073190,0.073674,0.112292,0.046407,-0.022146,-0.033970,-0.001103,-0.067453,0.049482,-0.035480,0.033228,0.010919,-0.066078,-0.120546,0.001732,0.029058,-0.010105,0.045321,0.021053,-0.058841,-0.056977,-0.048801,-0.103939,0.109318,-0.046528,0.007594,0.003069,0.019476,-0.026355,-0.136318,0.279917,-0.002708,-0.062506,0.029419,-0.033197,-0.021231,0.114000,0.062215,0.146618,0.024529,0.071173,-0.041776,0.016661,-0.023603,-0.046223,-0.011781,0.195989,-0.092474,0.029184,-0.062214,0.070463,-0.056053,-0.107989,-0.115887,-0.082878,-0.001174,-0.052922,-0.327426,-0.043172,0.082516,-0.025574,0.090839,-0.032857,0.054594,0.044026,0.154540,0.027583,0.012658,0.029858,0.034928,0.026733,-0.069437,-0.124246,0.045248,0.010388,-0.130953,-0.079680,-0.002620,-0.054582,-0.075510,0.005104
0.079456,0.230133,0.046581,0.069348,0.037629,0.041500,-0.187073,0.001108,-0.027480,0.053801,0.069459,0.030871,0.013871,-0.073708,-0.136933,0.006649,0.201733,0.017964,0.024459,0.026162,0.111649,0.025493,-0.009309,0.016853,0.007625,-0.070141,-0.066131,-0.079158,0.043311,0.020935,0.005247,-0.016852,0.022289,0.126773,0.096143,-0.079244,0.032071,0.021106,0.134949,0.134150,-0.201087,-0.106636,0.037987,-0.110016,-0.001154,0.028477,0.065398,0.065346,-0.000671,-0.054966,-0.048290,-0.025891,-0.071816,-0.010221,0.026320,0.324300,0.160194,-0.005382,0.007157,0.099583,0.024906,0.015108,0.008155,0.151086,-0.026664,0.019439,-0.000754,0.107831,-0.010326,-0.098445,-0.069627,0.122203,-0.005163,0.045637,-0.079328,-0.014461,-0.108382,0.032214,-0.024811,-0.052969,0.115152,0.022711,-0.115275,0.001990,0.131008,-0.152019,0.161998,0.049387,-0.085638,0.163929,0.005875,-0.071244,-0.079387,0.002479,0.088038,-0.055356,0.038039,0.078884,0.178230,-0.030762,-0.106186,0.014889,-0.074048,-0.104151,0.129028,-0.042436,-0.120104,-0.016433,0.047536,0.032970,0.024051,-0.050368,-0.014061,0.030324,-0.018477,0.009060,-0.001668,-0.022009,0.156765,0.039734,-0.022694,0.092623,-0.170837,-0.123529,0.064479,-0.068102,0.100964,0.065806
0.074093,-0.193648,-0.035801,0.006764,0.011907,0.053400,0.098891,-0.018724,-0.081302,0.038227,0.024657,-0.002528,0.045221,-0.005962,0.041744,0.054051,0.043720,0.099394,-0.051404,-0.084655,-0.026433,-0.014245,-0.018916,0.016800,0.011620,-0.151560,-0.001553,0.032070,-0.022217,-0.016567,-0.022576,-0.007491,-0.031283,0.188350,-0.066843,0.082423,0.027521,-0.056417,-0.047253,-0.021196,0.124890,0.114496,0.018122,0.019413,0.039982,-0.095191,-0.031050,0.003022,-0.065980,-0.091281,-0.018954,-0.044131,-0.015315,0.022588,0.000826,-0.025195,-0.063999,-0.098448,-0.012991,0.108620,-0.150898,0.038058,0.021563,-0.124113,-0.022016,-0.037907,-0.123847,-0.030324,-0.034428,-0.071244,-0.041093,0.000800,0.009710,0.040491,-0.115958,-0.048317,0.055649,0.122067,0.036746,-0.031547,-0.021140,0.009142,0.078209,0.114528,-0.144936,0.001104,-0.027636,0.077555,0.002818,-0.015012,-0.036199,0.025942,-0.013168,0.091391,-0.067680,0.033089,0.053263,-0.112436,-0.028661,0.026207,0.024985,0.054592,0.088274,0.010429,0.060973,-0.110152,0.062165,-0.001407,-0.017043,-0.036487,0.005188,0.024609,-0.081820,0.019026,0.053029,-0.075905,-0.049012,0.021583,-0.085458,-0.022737,-0.030473,0.001136,0.116816,-0.029696,0.077797,-0.018287,-0.062086,-0.023939
0.152502,-0.050209,-0.060243,0.031113,-0.015305,-0.014419,-0.007192,0.008923,-0.174669,-0.003173,-0.038658,0.030468,-0.038338,0.018912,-0.021441,-0.012150,-0.037657,0.008198,-0.007163,-0.021553,0.054614,-0.148156,0.057250,-0.010602,0.125471,0.002489,0.061393,0.067387,-0.022308,0.067086,-0.019345,0.031038,-0.011266,0.049484,0.008188,-0.107710,-0.020153,0.112702,-0.137362,-0.033614,-0.090870,-0.126116,-0.017602,-0.009056,0.061726,0.051422,-0.011500,0.018585,0.024610,0.095579,-0.094984,-0.005002,0.036399,-0.148117,0.001980,-0.056150,0.016954,-0.051761,-0.031629,-0.063460,-0.045272,-0.025726,-0.007868,-0.017560,0.013036,-0.059451,0.000973,0.034499,0.046791,0.110716,0.098431,-0.003089,-0.026608,-0.074205,0.034049,-0.013473,0.058918,-0.050465,0.005901,0.195676,0.040021,0.029107,0.058255,0.029670,0.036256,0.077032,0.013807,-0.038374,0.043853,0.010614,0.028535,0.013797,0.004174,-0.005645,-0.025094,-0.251545,0.064598,0.053636,0.030222,0.048672,-0.010316,0.120728,0.059878,0.031969,-0.115672,0.088880,0.029591,0.008712,-0.061848,0.041058,0.006485,-0.032526,0.154245,0.063597,0.015506,0.032424,0.009777,0.023251,0.030216,0.065590,-0.003950,0.054849,0.015976,0.094534,-0.039687,-0.027494,-0.027177,0.304813
-0.057577,-0.121088,-0.008121,0.016086,-0.009443,0.144599,0.173295,-0.067957,0.043915,0.068025,0.117492,-0.008873,0.046802,0.429854,0.199882,0.058043,-0.011748,0.052149,-0.061838,0.018607,-0.004569,0.170508,-0.033950,0.007477,0.111774,-0.079053,-0.000424,0.033012,-0.021536,-0.046017,0.103282,-0.062810,0.258675,0.255158,-0.029917,-0.089846,0.052973,-0.042203,0.000055,-0.062757,-0.095723,0.094561,0.140885,-0.028738,-0.059287,-0.064347,0.049135,-0.024296,0.038075,0.008305,-0.097655,0.501252,-0.119161,-0.016938,-0.019305,0.023615,-0.000173,-0.053869,-0.025112,0.080521,-0.081961,-0.032887,0.087700,0.071848,0.062776,0.123383,0.027138,-0.082850,-0.096796,0.101647,-0.026570,-0.169938,-0.107126,0.008096,0.006710,0.000151,0.345984,0.152733,-0.107025,0.008083,0.048739,-0.018179,-0.114671,-0.055153,0.073238,-0.108174,0.088398,-0.059577,0.052152,-0.042023,0.129236,-0.073087,0.029212,0.013164,0.037676,0.194575,0.008003,-0.006805,0.035836,0.086455,0.023095,0.025104,0.030301,0.081222,0.146250,-0.116160,-0.118701,0.003292,-0.127881,-0.136623,-0.041746,-0.018302,0.238511,-0.043662,0.016677,0.012619,0.032709,0.091007,0.650468,-0.024391,0.053054,-0.049565,-0.017799,-0.147365,0.052854,-0.055880,0.093935,-0.027164
0.008620,0.014077,0.064514,0.057567,-0.003999,-0.040895,0.094753,-0.062464,0.073449,0.081122,-0.072463,0.266722,-0.068635,-0.025172,0.049759,0.197080,0.066705,-0.038971,-0.123852,-0.004779,0.017677,-0.012519,-0.030799,-0.044431,0.082734,-0.039185,-0.039137,0.028289,0.041171,0.001232,-0.005078,0.179266,0.215223,0.056948,-0.119171,0.049692,-0.133308,0.007933,0.017098,0.066510,0.063682,-0.042838,0.185143,-0.023408,0.002083,0.058138,0.061525,0.028014,0.022167,-0.012643,0.012549,-0.018561,-0.088726,0.064166,0.019202,0.048871,0.067916,0.039635,0.048143,-0.079075,0.020813,0.082953,-0.160130,-0.085420,0.086291,0.048059,0.034388,0.028714,0.253685,0.038582,-0.018194,0.047320,0.177423,0.015732,-0.022735,0.096850,0.008713,-0.057244,0.015185,0.032412,0.050200,-0.025112,-0.019397,0.076796,0.018127,-0.044070,0.026318,0.000334,0.009558,0.050040,0.028404,0.032845,0.172954,0.022975,-0.227244,-0.020953,0.007177,-0.015551,0.084700,-0.013067,0.008485,-0.064004,0.046337,-0.295159,-0.006257,-0.019140,-0.060242,0.011328,0.048832,-0.057838,-0.002590,0.035398,-0.014124,0.009641,0.068371,0.033764,0.009136,-0.072532,-0.021314,-0.043129,0.183323,-0.075902,-0.059076,-0.112373,0.029189,0.099094,-0.099108,-0.092052
-0.002816,-0.016025,0.013373,-0.004798,-0.047416,-0.006018,-0.062300,0.287072,-0.027798,0.444629,-0.213334,0.125845,0.121168,-0.102999,-0.075039,0.071655,0.019996,0.023232,0.015942,-0.040005,-0.003032,-0.080184,0.008112,-0.053348,0.008215,-0.010631,-0.074729,-0.015015,-0.050604,-0.014333,0.047154,0.028457,-0.298174,0.000710,0.372475,0.026340,-0.088406,-0.000282,-0.064689,0.008570,-0.028767,0.044840,0.390074,-0.016939,-0.046352,-0.043736,0.009367,-0.006806,0.016312,-0.012224,-0.050032,0.016154,-0.146066,-0.013044,-0.279306,0.100441,0.052541,0.004171,-0.062626,0.094264,0.027861,-0.074057,-0.017056,0.107845,0.018957,-0.001301,0.029534,0.000401,0.245590,0.061540,0.078033,0.109241,0.160282,-0.011275,-0.000932,-0.009227,0.077561,0.003978,0.080609,0.030604,-0.148137,0.011396,-0.016796,-0.035801,0.051508,-0.022904,-0.045496,0.012833,-0.151705,-0.045838,0.179993,-0.108424,0.244994,-0.067844,-0.089904,-0.019861,0.032131,-0.051228,0.002926,0.050830,-0.068323,0.022479,-0.099900,0.078609,0.043173,-0.003770,0.040115,-0.000652,0.011249,-0.069530,0.021822,0.000026,-0.020704,-0.029573,0.012674,0.025373,0.029826,-0.041104,-0.010876,-0.037293,0.202871,-0.075632,-0.026053,-0.084273,0.228804,0.069186,-0.011697,0.047821
-0.028267,0.023242,-0.019676,0.016647,0.037569,-0.034892,-0.035396,0.173437,0.023443,-0.016022,0.159301,-0.173126,0.049305,-0.030092,0.041591,0.072838,0.043974,-0.027433,0.058296,0.019125,0.004186,0.053326,-0.011466,-0.006740,-0.028546,-0.019579,-0.011650,0.003168,-0.066437,-0.003260,-0.006998,0.250820,0.134244,-0.001612,-0.110610,-0.022784,0.170477,-0.025789,0.015593,0.015928,0.033693,0.009363,0.185185,0.016963,-0.035245,-0.031417,-0.008319,0.003955,0.063397,-0.005576,-0.043509,-0.001870,0.246526,0.008761,-0.189670,-0.190804,0.000796,-0.025811,-0.027857,0.032299,-0.006840,0.080545,0.293216,0.010975,-0.016324,0.071025,0.008660,-0.017030,-0.326958,-0.021857,-0.030927,0.043807,0.061899,-0.046789,0.000928,-0.044981,-0.072020,0.045128,-0.031034,-0.001867,0.192576,0.041677,0.201985,-0.002628,-0.026398,0.057424,0.006469,-0.044229,-0.054922,-0.012829,-0.004027,0.000178,-0.018779,-0.039810,0.217560,0.041478,-0.031536,-0.003629,-0.137362,0.005394,-0.013929,-0.024404,-0.017490,-0.106215,-0.009330,-0.039423,0.039858,-0.022155,-0.051942,0.046050,-0.035946,-0.024159,-0.060335,-0.009292,-0.045433,-0.034791,-0.015634,-0.266831,-0.019621,-0.036805,-0.011811,-0.073280,-0.012974,0.104497,0.139189,0.128968,-0.025175,-0.044952
0.016055,-0.023176,-0.027709,-0.017403,-0.129419,0.094120,0.078790,0.105261,-0.043549,0.123875,0.243925,0.073541,-0.053074,0.105284,-0.092999,0.180713,-0.049354,-0.013884,-0.047481,0.097673,0.052536,0.046100,-0.009946,0.024480,0.051694,-0.013512,-0.075211,-0.041582,-0.071758,-0.074241,-0.116390,0.070644,-0.207087,0.016462,0.047534,-0.009068,-0.093531,-0.031216,0.052948,-0.072258,-0.033967,-0.087511,0.290656,0.024458,-0.068468,-0.008567,-0.010578,0.056823,-0.063429,-0.038597,-0.020424,-0.049893,0.024045,0.026184,0.057366,-0.207823,-0.034936,0.006548,0.029749,0.267909,0.035984,0.015459,0.010371,-0.028915,-0.011350,0.066185,0.045777,0.053600,0.120017,0.059973,-0.046776,-0.030575,0.240889,-0.014316,-0.048110,-0.006270,-0.060362,-0.021569,-0.234173,-0.053011,0.133967,0.168996,0.015064,-0.056291,-0.022426,-0.029676,0.021806,-0.026342,0.104394,0.113785,-0.022637,0.010700,0.086501,-0.143497,0.296491,-0.021978,-0.013725,-0.074452,-0.184748,0.031525,-0.065152,-0.000547,0.011162,0.057799,-0.150240,-0.002880,0.053721,-0.004123,-0.089954,0.047807,0.005361,0.030172,0.025776,-0.017720,-0.007580,-0.050380,-0.001155,0.026829,-0.013370,-0.033441,-0.033149,0.001367,-0.138703,-0.047566,-0.440823,-0.076835,0.074596,0.123882
0.038349,-0.078209,0.028389,-0.026239,-0.000818,0.011616,-0.108690,0.065056,0.013275,0.097940,0.096262,-0.046553,0.058675,-0.011910,-0.093128,0.062803,0.000632,0.031033,-0.133758,0.199360,-0.006534,0.037174,-0.037919,-0.168988,-0.031600,-0.067021,-0.096454,-0.016031,-0.043073,-0.051974,-0.083467,0.102773,0.018684,-0.086787,-0.247267,-0.018924,0.078571,-0.002883,0.009191,-0.069035,0.014215,0.024786,-0.006150,0.116340,-0.097285,0.045459,0.016230,0.037787,0.144615,0.013888,-0.099335,0.063972,0.045073,0.131948,0.103383,-0.050139,-0.061160,0.024943,0.045161,-0.057214,0.061299,0.051355,0.130218,-0.059820,-0.011894,-0.022166,-0.071675,0.067933,-0.033648,-0.039347,0.045999,0.226904,-0.110784,0.034541,0.100481,0.039583,-0.137810,0.078218,-0.123896,-0.006243,-0.089758,-0.027159,-0.021360,-0.017390,0.031725,0.096302,-0.009846,0.013520,0.211676,0.022891,0.121793,-0.108134,-0.077850,0.060234,0.092227,0.095326,0.026462,0.007660,-0.012103,0.046952,-0.098181,0.041876,-0.004159,0.170967,0.019179,-0.062756,0.032310,-0.009000,0.042086,0.014126,0.042743,0.002822,-0.071280,-0.051331,-0.001559,0.104284,-0.045517,0.102787,0.008220,-0.044678,-0.074267,-0.044185,0.083854,0.039528,0.067734,0.093681,0.052447,0.028679
-0.004035,-0.002965,-0.007473,0.004042,-0.007532,0.007581,-0.004326,0.004597,0.004072,-0.002576,-0.000253,0.001933,-0.000836,0.001093,0.008636,-0.001142,0.000003,-0.014104,0.003226,0.001355,-0.006614,0.006094,0.005116,-0.011139,-0.012923,0.004042,-0.002136,-0.005475,-0.005236,-0.010774,-0.006083,-0.004650,0.000695,-0.006060,0.000621,-0.018921,-0.002565,0.002977,-0.000666,0.013911,-0.012692,0.001252,0.004488,-0.006478,-0.003456,0.000326,0.010630,0.004039,-0.002095,-0.005553,-0.005280,-0.006788,-0.002549,-0.011581,-0.003723,-0.004500,-0.001553,0.008548,0.002586,0.000575,-0.005573,0.002348,0.000156,0.010350,0.011173,-0.007126,-0.015036,0.015966,0.002755,0.001777,0.003548,0.003682,-0.002608,-0.007626,0.001467,0.002725,0.008861,0.000978,0.001733,-0.000129,0.007517,0.005256,0.004409,-0.008514,-0.015412,0.005500,-0.000104,0.003426,0.007195,-0.015094,0.002343,-0.002533,-0.001916,-0.001276,-0.002760,0.006484,-0.002467,0.006209,0.004822,-0.015475,0.010000,-0.011769,-0.003494,0.002282,-0.003524,-0.003832,-0.012594,0.008497,-0.004296,0.007922,0.008916,0.012957,-0.006211,-0.008685,-0.010478,-0.006571,0.005189,0.000026,0.004490,-0.002111,0.004650,-0.000584,-0.005070,0.004900,0.000318,0.009166,-0.007308,0.001114
0.002004,-0.002734,0.009107,-0.013327,0.006886,0.009745,-0.016840,0.002547,-0.001429,-0.000842,0.012765,0.002944,-0.000833,0.011923,-0.003845,-0.002462,0.010090,0.011013,-0.000949,0.001518,0.007671,-0.002376,-0.000948,-0.008115,-0.004052,-0.003646,-0.001991,0.001671,-0.001350,0.001157,0.004194,0.003720,0.007792,0.017025,0.004005,-0.008355,0.001373,0.002092,-0.007772,0.006709,-0.004678,-0.001170,-0.001821,-0.007706,0.015115,0.009251,-0.005580,-0.002322,0.019220,-0.009855,0.001049,0.004519,-0.003188,0.008481,0.003770,-0.003088,0.001230,-0.000745,-0.000463,0.000127,0.004034,0.001485,-0.001032,0.011921,0.003498,-0.003724,-0.007116,-0.015204,0.002246,-0.002860,-0.009969,0.006939,-0.009401,-0.016980,-0.012232,-0.008607,-0.002500,0.005159,0.005023,-0.005567,-0.017667,0.001593,0.011921,0.004286,0.008061,0.005436,0.010180,-0.001703,0.002717,-0.002622,0.003617,0.006302,0.010304,-0.011925,0.007092,-0.005797,-0.005116,0.006361,-0.000524,-0.016240,-0.001436,-0.005955,0.009733,-0.002703,-0.008966,0.000717,-0.016562,0.000870,0.018956,-0.007011,-0.002312,0.005688,-0.007431,-0.007713,0.007511,0.008479,-0.011041,-0.002146,-0.008245,-0.013057,0.010404,-0.001710,-0.005255,0.015175,-0.001924,-0.008185,0.012599,-0.002804
0.068785,0.160705,0.020922,0.099180,0.017926,0.040140,0.110881,-0.035002,0.015393,0.071739,0.127891,-0.064819,0.050867,0.036504,0.077334,-0.029345,0.064766,0.035859,0.051810,0.079597,0.024026,-0.012637,0.040402,-0.119781,-0.070339,0.095419,0.054573,-0.011856,-0.008886,0.027688,0.006555,0.100765,0.138863,0.035224,0.011459,-0.022175,-0.012395,0.034074,0.065618,-0.039683,-0.005835,0.072991,0.118560,-0.030981,0.006255,0.084360,-0.017566,0.090509,0.060369,-0.065697,-0.024163,-0.063083,0.133116,-0.053173,0.110622,0.049153,0.004002,0.050698,0.033056,0.081410,-0.065583,0.028577,-0.081435,-0.071908,-0.032539,0.059670,-0.003720,0.015688,-0.064629,0.036960,0.023407,-0.060798,-0.043687,0.043049,-0.056161,-0.057636,0.020740,-0.354180,-0.152795,-0.000811,-0.117873,-0.031887,-0.090521,-0.019969,-0.054192,0.006524,-0.007207,-0.065096,0.035133,0.019601,0.023774,0.060971,-0.152469,-0.057949,0.044327,-0.046711,-0.046132,0.085872,-0.054864,-0.074699,0.005400,0.109093,0.059120,-0.079540,0.110772,-0.070197,-0.071532,0.014611,-0.096238,0.009187,0.020349,-0.033285,0.101746,0.072494,-0.070823,0.075301,-0.002720,0.041075,-0.078814,-0.072513,0.044411,0.002881,0.023269,-0.032291,0.067722,0.057090,0.055753,-0.068569
-0.008119,-0.063290,0.053293,-0.022747,-0.084384,-0.049643,0.312980,0.084488,-0.112654,-0.013479,0.079004,0.007330,0.045144,0.066847,-0.135591,0.021022,-0.005029,-0.097910,0.101072,-0.076696,0.046486,0.029275,-0.082911,-0.028143,-0.085509,0.000227,-0.063631,-0.035393,0.088218,0.005994,-0.001453,-0.004594,-0.017606,-0.088648,-0.084655,0.059419,-0.012008,-1.015283,0.147843,0.006345,-0.019977,-0.094931,-0.118133,0.040028,0.074364,-0.018353,0.075065,-0.068318,-0.051957,-0.176504,-0.166113,-0.024159,0.020604,0.040947,0.023646,-0.171399,0.009314,0.049344,0.009515,0.029872,0.065940,0.017356,-0.010066,0.012469,0.056525,-0.185726,0.101825,0.026901,0.078304,0.015437,0.100800,-0.078723,0.133139,-0.067408,0.058223,0.057717,0.010746,-0.051986,-0.004863,0.029211,0.061700,0.096030,-0.085196,0.024244,0.053156,-0.046743,-0.015278,0.029963,0.065683,0.086586,0.022134,-0.049582,0.127908,0.000499,0.080831,0.013445,0.009672,-0.026484,0.182024,0.003947,-0.052737,-0.084020,0.044638,0.126271,0.039233,0.044613,0.094259,0.013221,0.079517,-0.074543,0.086781,0.047316,0.055052,-0.022248,0.093680,0.030663,0.028005,0.057436,0.041770,-0.030253,0.038425,0.000385,0.006826,0.091390,-0.049853,-0.029216,-0.082442,0.056543
-0.002083,-0.006407,0.010937,-0.008609,0.003458,-0.002489,-0.008335,0.000768,-0.009989,0.001428,-0.009160,-0.003305,-0.002869,0.002145,-0.004754,-0.001224,0.012787,-0.004705,0.001707,-0.002480,0.021955,0.004100,0.001214,0.007281,0.001776,-0.015278,-0.006092,-0.003530,-0.000417,0.000207,-0.012988,-0.001336,0.003041,0.002293,0.001041,-0.008882,-0.000883,-0.002136,-0.000811,-0.017955,0.001680,-0.003830,-0.008289,-0.019326,-0.002225,-0.001591,0.017717,0.007408,0.007540,-0.001925,0.002596,-0.005384,-0.001519,0.002823,-0.005767,-0.004544,0.007347,-0.013867,-0.024709,-0.004175,0.005486,-0.001545,0.000187,-0.007148,-0.011939,0.005702,0.009795,0.005476,0.001594,-0.010180,0.000076,0.001092,-0.009000,0.020007,-0.005289,0.010436,0.004788,-0.001500,0.006455,0.018806,-0.003151,0.005321,0.013445,0.001304,-0.000765,0.005143,0.006564,-0.000338,0.008868,-0.011220,0.008109,0.005498,0.017788,-0.005664,-0.000573,-0.001156,-0.005208,-0.012427,-0.011933,-0.011831,0.009726,-0.004385,0.007323,0.000829,-0.007375,-0.011067,0.007084,-0.004255,0.014426,-0.007216,-0.015553,-0.000589,0.007787,-0.013505,0.004967,0.016142,-0.013657,-0.002399,0.009205,0.002780,0.004437,-0.002413,0.013456,0.012229,-0.003996,0.006776,0.011534,0.009370
-0.026902,-0.039045,0.003720,0.009617,0.069960,-0.093363,-0.037848,0.340450,0.029296,-0.061217,-0.036280,-0.174976,0.170895,0.078612,-0.024007,0.003938,0.028800,-0.073773,0.135736,0.050460,-0.001588,0.003295,0.015018,0.020271,-0.060130,0.030536,0.028956,0.044882,-0.089661,-0.007100,-0.064141,0.104767,0.165942,-0.074744,-0.155885,-0.028729,0.029218,-0.010281,0.023234,0.040515,0.045918,0.044645,0.029592,-0.017630,-0.012696,-0.025223,0.028010,-0.050229,0.093686,-0.033902,-0.077279,-0.031786,0.045984,0.007815,-0.115734,0.119275,-0.057021,-0.051454,-0.018728,0.314640,0.001830,0.053521,0.311715,0.033246,0.012337,-0.075508,0.035607,-0.012050,-0.022216,-0.024653,-0.014217,0.071470,0.037785,-0.063672,-0.002359,-0.012778,-0.086308,0.005591,-0.002517,0.066818,-0.087844,0.016045,0.083148,-0.003671,0.032917,0.016009,0.000755,-0.043353,-0.087579,0.024087,0.029121,0.015008,-0.010217,-0.037905,0.244232,0.025859,0.006016,0.031405,0.031609,-0.043528,0.022046,-0.006134,-0.020485,-0.105682,-0.082762,-0.048625,0.007733,-0.008061,-0.069522,0.029751,-0.014460,0.009948,-0.032867,0.007814,0.008263,0.013868,-0.004160,-0.105769,-0.045836,0.006845,0.025469,-0.077835,-0.002751,0.042219,0.001860,0.009799,-0.018972,-0.021344
-0.013772,0.029831,-0.045010,-0.022194,0.000763,-0.019360,-0.025092,0.290048,-0.022782,-0.019193,0.150611,-0.037556,0.032520,0.139742,0.015815,-0.046473,-0.031070,0.002679,0.007911,0.049320,0.036211,0.035803,-0.037726,-0.032924,-0.020366,0.009296,-0.074577,-0.027319,-0.065183,-0.058526,-0.068731,-0.048647,0.089061,-0.046516,-0.032857,-0.062471,-0.027537,-0.003534,0.050862,0.004793,-0.062959,-0.010423,-0.156939,0.002247,-0.014128,0.070488,-0.030664,0.045432,0.062730,-0.008611,0.104603,0.029817,0.090653,0.106388,-0.040222,-0.208544,-0.007004,0.010368,0.030514,0.120444,0.076400,-0.105916,-0.092446,0.013600,-0.037966,0.010729,0.012036,0.049688,-0.095128,0.040116,-0.001352,0.327197,0.151044,-0.039549,-0.011268,0.032329,-0.059716,0.111847,0.027439,-0.064949,0.075150,-0.149509,-0.063978,0.030487,0.143444,-0.015037,-0.074809,0.153104,0.052389,0.146552,-0.094263,0.024896,0.098918,-0.032699,-1.012642,0.061986,-0.037299,0.034524,-0.132021,0.048454,-0.041000,-0.072674,0.044741,0.022148,0.099185,-0.001752,0.018004,0.002917,-0.068531,0.183740,-0.062978,0.013154,0.017047,-0.016417,-0.035836,-0.163483,-0.027512,-0.011144,-0.027331,-0.038522,-0.129609,0.007781,-0.005155,0.001882,-0.058124,-0.069053,0.142515,-0.068349
-0.018158,-0.044612,-0.057656,0.075928,0.036450,-0.117358,0.023852,0.011533,0.105063,0.048770,0.029881,0.105209,0.007706,-0.056168,0.111788,-0.088585,0.190441,-0.022464,-0.005168,0.051443,-0.020785,0.099536,-0.070056,0.020362,0.122203,0.090194,0.020047,-0.011727,0.094883,-0.042666,0.029554,-0.034171,-0.019920,-0.013985,0.214319,0.053445,0.014125,-0.103948,-0.121999,-0.020308,-0.036903,-0.002780,0.026211,-0.176412,-0.017010,0.061911,-0.068052,0.070233,-0.119257,-0.140950,0.059881,0.116603,-0.018597,-0.016768,-0.077443,-0.162339,0.148164,0.010336,0.124207,0.016144,0.032764,-0.064032,0.008152,0.114714,0.054881,-0.060832,-0.053155,0.034967,0.065042,0.036417,-0.020539,0.061838,-0.045156,0.105852,0.043537,-0.198867,-0.246246,0.051576,0.023843,-0.006598,0.069795,0.029848,0.009923,0.082937,-0.023372,0.042397,0.106975,0.143356,-0.040003,-0.227380,0.005934,-0.527902,-0.022655,-0.003658,0.055577,-0.031254,-0.043581,0.054185,0.039974,-0.135252,0.012491,0.137993,0.188813,0.013095,0.032036,-0.013820,-0.067721,-0.004650,-0.013260,0.107325,-0.083551,-0.009540,0.035970,-0.066915,-0.065794,0.126395,-0.058064,0.033120,0.039309,0.214239,0.089675,0.034893,-0.193228,-0.040073,0.211625,-0.139116,0.083867,-0.256045
0.013363,-0.180246,0.126580,-0.025273,-0.071356,-0.038559,0.027000,0.073478,0.019249,0.081259,0.205901,0.085587,-0.022483,0.044676,-0.024179,-0.123272,0.018565,-0.003047,0.016222,0.045888,0.035033,-0.001038,-0.053520,-0.072027,-0.020595,0.039391,-0.022792,-0.093555,0.034274,0.000232,0.096606,-0.077253,0.026684,0.096541,0.085083,0.073051,-0.049837,0.441543,0.045968,-0.061730,0.035209,-0.037770,0.031464,0.035192,0.007041,-0.025834,0.000756,-0.043837,0.126120,0.465488,-0.222611,-0.123948,0.006104,0.072143,0.060467,-0.452180,-0.033886,0.086678,0.057300,0.026850,-0.080001,-0.009969,0.034929,-0.080105,-0.007720,-0.200077,0.046746,0.063950,-0.023340,-0.035287,0.159401,-0.033024,0.082648,0.051083,0.098008,0.115990,0.088662,-0.057059,0.004634,-0.000291,-0.005799,0.003326,0.065570,0.139734,0.064074,0.054230,0.072441,0.067140,0.018211,0.027484,-0.088954,-0.028585,-0.025130,-0.040487,0.063667,-0.028519,-0.020021,-0.008678,0.063038,0.022985,-0.099429,-0.067792,0.078113,0.054753,0.509443,0.051176,0.042908,-0.000153,0.290114,-0.014546,0.137240,0.031372,0.020931,-0.034847,0.008185,0.119213,-0.031727,0.069270,-0.001467,0.018435,0.118744,-0.086393,0.017597,0.129746,0.068723,0.021017,-0.236056,0.071401
0.021742,0.033440,0.050667,-0.028742,-0.062942,-0.030551,0.045809,-0.005096,-0.046410,0.041696,-0.030256,0.015760,-0.029423,-0.005000,0.023891,-0.006955,-0.010977,0.039635,-0.014812,0.029359,0.029196,0.033127,0.042897,-0.019765,0.079978,0.048416,-0.020917,-0.032001,0.057654,-0.026182,0.013106,-0.053264,0.036242,-0.026607,0.016456,0.019821,0.023735,0.010755,-0.032516,0.000248,-0.024746,-0.033961,-0.136993,0.061052,0.044381,0.023693,-0.037618,0.044433,-0.043236,0.029120,-0.051683,-0.031110,-0.004015,0.017826,-0.043954,0.019890,0.053894,0.017882,-0.032238,0.110452,-0.000176,1.184900,0.013467,0.031304,-0.080762,0.193922,0.223585,0.027030,0.131705,0.194657,0.014668,0.110402,-0.059501,0.052808,0.018620,0.002908,0.155626,0.075927,-0.029133,-0.026849,-0.116935,0.073780,0.138814,-0.017095,0.064150,-0.032779,-0.093549,0.006365,-0.102644,0.021363,0.041322,0.036432,0.033218,-0.049961,-0.026859,0.096891,-0.024168,0.020260,-0.013202,-0.000356,-0.006070,0.014508,0.028243,0.048207,-0.009592,0.167295,0.067347,-0.002497,0.020810,0.037064,0.024222,-0.005883,0.040180,-0.002942,-0.009474,0.014969,0.019853,-0.050410,-0.025546,0.036538,0.062189,-0.016867,-0.083497,0.068517,0.064732,-0.068540,-0.036134,-0.032286
0.138913,0.036087,0.119621,-0.132464,-0.317170,0.006752,-0.029288,0.032061,0.022710,-0.021902,0.089782,0.029906,-0.066048,0.028997,-0.179566,-0.012699,-0.147637,0.057353,0.037604,-0.032101,-0.029958,0.057722,-0.006007,-0.017230,0.098787,-0.024976,-0.132140,0.028095,-0.055253,0.004225,0.003867,0.039511,0.019351,0.110493,-0.026579,0.195227,0.014048,-0.001604,0.128711,0.016433,-0.069894,0.092499,-0.038026,0.035550,-0.054700,-0.000490,-0.000291,-0.012782,-0.034308,0.098274,-0.053065,0.102248,-0.008204,-0.185415,-0.016721,0.012170,0.033013,0.088081,0.029307,-0.037804,-0.091778,0.014013,0.037752,-0.099648,-0.072030,-0.082011,0.030913,-0.076995,0.049946,0.033984,-0.019821,0.092241,-0.063382,-0.000817,0.017539,0.018081,-0.011818,0.027745,0.077690,-0.007722,0.050951,0.045095,-0.004640,0.044868,-0.038758,-0.119900,0.002822,0.061193,0.012483,0.080867,0.032866,0.022144,-0.017326,-0.024997,-0.041806,-0.013935,-0.080729,0.018743,0.070004,-0.031482,-0.088188,-0.089964,0.041639,-0.018711,-0.148331,0.066602,0.002299,-0.004234,-0.037455,-0.018655,-0.052784,0.046785,0.022464,0.077351,-0.013965,-0.017640,0.062280,0.018127,0.079263,-0.043409,0.005283,0.019328,-0.051584,0.211778,0.026598,0.055009,-0.152132,0.037576
-0.144203,0.074594,0.055405,-0.024773,0.099099,0.034423,-0.063349,0.076177,0.035289,0.124216,0.113039,0.021324,-0.144993,-0.133726,-0.047844,0.062342,-0.027287,0.005568,-0.048804,-0.176237,0.022903,-0.023212,0.042121,-0.054062,-0.004596,-0.028362,-0.007550,-0.082936,-0.111593,0.020296,0.139910,-0.053963,-0.066040,-0.006788,0.040952,0.121577,-0.045024,-0.211157,-0.027672,-0.096072,0.030428,-0.019648,0.193185,-0.013437,-0.100570,0.003300,-0.040547,-0.029652,-0.083659,-0.005677,-0.014289,0.072836,0.087852,-0.011123,0.238573,0.055485,0.035684,0.032327,0.008804,-0.184560,0.025898,-0.133556,-0.005378,0.104782,-0.016416,0.213508,0.056740,-0.040291,0.081742,0.012982,0.049961,0.163785,0.161026,0.007268,-0.026191,-0.015447,0.003262,-0.010626,0.010980,-0.028985,0.188550,-0.417469,0.125077,-0.042446,-0.172006,-0.110049,0.073843,-0.024603,0.083451,-0.065356,-0.041824,0.046985,0.058056,0.097759,0.076606,0.032736,0.012955,0.028444,-0.188835,0.023841,0.054119,0.015481,0.030185,0.019085,-0.050293,0.019371,0.084102,0.001370,-0.070808,0.009930,0.061723,-0.003848,-0.060984,-0.002949,-0.029298,0.129274,0.018579,-0.038768,0.034927,0.028519,0.077922,-0.067163,-0.007158,0.065131,0.054542,-0.106409,0.018044,0.076676
0.105952,0.183216,0.035048,-0.038455,0.026162,-0.064166,-0.113823,-0.039102,0.165721,0.008282,-0.119597,0.167222,0.031886,0.141272,0.146783,0.023309,-0.042552,-0.209671,0.002865,-0.059152,0.074780,0.070773,0.042576,-0.009723,-0.094142,0.021445,0.017928,0.041324,0.162160,0.031733,-0.050073,-0.142607,-0.031816,0.273750,0.127840,0.042778,-0.030295,-0.079697,0.067365,0.118469,0.072608,0.025707,-0.067495,0.002001,-0.023846,0.150103,-0.033513,0.080989,0.000163,-0.004365,0.009641,0.050636,0.016889,0.001387,0.144105,0.291244,-0.131324,0.029063,0.202205,-0.086114,0.004403,-0.024959,-0.021873,-0.036794,-0.034306,-0.339821,0.058989,0.185593,-0.010038,-0.012704,0.007076,-0.021253,-0.046271,0.049417,-0.078257,-0.040824,0.003047,-0.015282,0.018395,0.021951,0.034509,-0.029159,0.243130,0.206125,0.140032,-0.082684,-0.089695,0.023120,0.197775,0.112918,-0.115822,0.040727,0.001285,-0.212239,0.109639,-0.123295,-0.068924,0.013830,-0.403681,0.018179,-0.038379,0.077428,0.046762,0.108466,0.129207,0.006701,0.130114,0.001327,0.135580,-0.102192,-0.028360,0.078012,-0.033590,0.090256,-0.047179,-0.139860,-0.098251,0.025743,0.052134,-0.069704,-0.051217,0.008979,0.030949,0.082585,0.128900,0.125927,-0.020041,-0.040357
-0.268125,0.016882,0.013457,-0.051875,0.058332,0.053302,0.074503,0.046468,-0.023818,0.053055,0.024599,-0.011796,-0.032176,-0.030688,-0.077405,-0.009353,0.083078,0.056537,-0.004044,0.015530,-0.052946,-0.039235,-0.022167,-0.052356,-0.103697,-0.069847,-0.044849,-0.032999,0.061281,-0.044185,0.034725,0.030713,0.004557,-0.097535,-0.007603,-0.012757,0.014039,0.112636,-0.021737,0.061828,0.073998,0.116990,-0.036823,0.077170,0.040183,-0.075105,0.028636,-0.108137,0.027102,-0.021378,0.044078,-0.000862,0.020984,0.037687,0.017563,0.009852,-0.188481,-0.034413,-0.091743,-0.032208,0.043439,0.008498,-0.031381,-0.022012,-0.037892,0.006910,-0.024320,-0.107189,0.028278,-0.023340,-0.068191,0.036067,-0.017144,-0.002295,-0.007490,-0.023648,-0.033179,-0.093165,0.030762,-0.258796,-0.035495,0.030271,0.049752,-0.002757,-0.031136,0.010304,-0.025988,0.013196,0.022946,-0.010030,0.028367,-0.054159,-0.007958,-0.081290,0.015045,-0.066911,-0.040498,-0.092900,0.026187,0.155739,-0.001566,0.135738,0.056817,0.013478,0.069777,0.048790,-0.080287,0.001413,0.084756,0.053408,-0.028899,0.063297,-0.053104,-0.082451,0.018277,0.023170,0.038468,0.001220,0.094844,0.037630,-0.039903,0.020345,-0.013557,-0.033073,-0.006706,0.007316,0.048360,0.129125
0.002568,0.007902,-0.074939,0.002175,0.046557,-0.011536,0.003572,0.201123,0.084411,-0.104507,0.070310,-0.019858,0.042404,-0.010511,0.117523,-0.005556,0.089696,-0.055972,0.138707,-0.005352,0.006757,-0.029236,-0.012002,0.065770,0.023426,0.012214,-0.016332,0.015298,-0.085016,-0.040037,0.017149,0.010219,-0.085669,0.071466,-0.341173,0.016029,-0.040588,0.127370,-0.014322,0.026674,0.046964,-0.028452,-0.182854,-0.014506,0.030408,-0.006504,0.002418,0.012660,0.002047,0.092719,0.140891,0.005438,0.094630,-0.018349,0.266530,-0.009228,-0.028701,0.000497,-0.028061,0.002750,-0.010424,0.131766,-0.049564,0.035181,0.062378,-0.023768,-0.088106,0.010729,0.077308,-0.011924,-0.018277,0.050669,-0.091129,0.000560,-0.023414,-0.051395,-0.095935,0.117400,0.045634,0.005263,0.346416,0.094770,-0.390102,-0.033548,-0.034845,-0.010215,0.018791,0.041925,-0.246441,-0.024797,-0.172254,0.077618,0.506673,0.038401,0.017188,-0.052299,0.024394,-0.014336,0.153921,-0.012147,0.074595,0.043572,-0.041573,0.071096,0.084227,-0.025293,0.019041,-0.004889,0.015430,-0.332824,-0.005726,0.004011,0.032642,-0.020349,0.010249,-0.065026,-0.023384,0.197894,-0.024906,-0.022426,0.413572,0.065586,0.010692,0.043058,0.101391,0.154528,0.082146,-0.086363
0.126034,-0.124090,0.054757,0.030121,0.011290,-0.082770,0.064857,0.003837,0.077900,0.021488,0.034905,0.017248,0.061931,-0.025506,0.059034,-0.015468,0.080904,0.015092,-0.002556,0.016426,0.036484,0.008985,-0.127604,0.017694,0.088998,-0.024076,0.006842,0.252307,0.137136,-0.133429,0.050706,0.019910,-0.022643,0.017896,-0.032154,0.131276,0.061443,-0.047105,0.074184,0.006333,0.187274,0.015698,0.028704,0.048299,0.024519,-0.003143,0.039823,0.054645,0.078994,0.034726,-0.065793,0.037886,-0.022632,0.019178,-0.008589,-0.101957,-0.064788,0.084318,0.112869,0.040337,-0.018310,0.001105,0.025322,0.050348,0.124201,-0.029799,-0.108561,0.055499,-0.039379,-0.069819,-0.041124,0.005794,-0.007000,0.105424,-0.040002,-0.014522,0.018545,-0.001804,0.017145,0.202572,-0.067742,0.013238,-0.003821,0.084466,0.061328,0.090566,0.056381,-0.007128,-0.004465,-0.001381,0.010908,0.034026,0.013563,0.079137,-0.050667,-0.063955,0.018803,0.065136,-0.027511,-0.238830,-0.011343,-0.005761,0.096854,-0.005353,0.119558,-0.013218,-0.018931,-0.009855,-0.095990,-0.010682,-0.106074,0.022361,-0.068200,-0.082820,0.079758,0.046516,0.030170,0.026280,0.035188,-0.182447,0.004236,0.048546,-0.085207,0.023185,-0.008473,-0.000126,0.110386,-0.023808
0.101141,0.057842,-0.061367,0.025030,-0.058288,-0.028240,0.004959,-0.280793,0.467451,-0.084328,0.013914,-0.058587,-0.081521,0.022702,-0.144138,0.049805,0.161081,0.010705,0.095491,-0.112082,0.054674,0.026181,-0.047528,0.072444,0.048953,0.039121,-0.071856,0.029080,-0.933391,-0.042926,-0.039609,0.005754,0.013681,-0.088566,0.111316,0.025116,-0.000981,-0.002272,0.014575,0.001289,0.393166,-0.037116,-0.066362,-0.001578,0.052301,-0.030564,-0.030501,-0.023703,-0.003002,-0.026352,-0.024439,0.006481,-0.022497,0.015105,0.164839,-0.044170,0.002929,-0.039499,-0.046150,0.018625,-0.018952,-0.064471,-0.129561,0.092143,-0.052474,0.102223,0.051148,-0.028929,0.143824,0.032816,-0.026843,-0.097089,-0.063151,-0.046045,0.030086,-0.012964,0.000471,-0.091511,-0.197791,0.060787,-0.107596,0.040342,0.088694,-0.020934,0.058263,0.020776,0.057341,-0.061502,0.093497,0.008215,0.143310,-0.013653,-0.058219,-0.014862,-0.176529,0.032924,-0.050423,-0.052578,0.152620,-0.053904,-0.037610,0.050538,-0.032042,0.027116,-0.021690,-0.033691,0.010346,-0.000951,0.001491,0.006139,0.000217,-0.013283,0.011346,-0.037875,-0.037433,-0.073959,-0.021598,0.018484,0.031472,0.000620,-0.034742,0.039291,-0.030057,0.178247,0.104410,0.024775,-0.059980,0.125104
0.083783,0.038500,-0.084763,-0.061885,0.196185,0.538941,-0.006874,-0.052757,0.109285,-0.027000,0.017147,-0.033893,0.041401,0.049300,-0.021153,-0.043201,0.019703,0.017369,0.001626,-0.031991,0.092458,0.022225,-0.074879,-0.338420,-0.236839,-0.122700,-0.039961,0.013658,-0.070153,-0.034454,-0.049793,0.054812,0.069499,0.131041,0.059583,-0.000163,0.040442,0.045674,0.043641,-0.040640,0.034658,-0.103809,0.050878,-0.072207,0.182653,0.004896,0.035441,0.013030,-0.134991,-0.070879,0.136071,0.081400,-0.026242,0.076558,-0.027632,-0.108263,-0.055421,0.005694,-0.002518,0.020135,0.224809,0.057683,0.071734,-0.339154,0.035192,-0.082302,0.057779,0.078646,-0.059873,-0.037676,0.094452,-0.109695,-0.002312,0.062681,-0.007424,0.022987,0.029488,-0.056688,0.037710,-0.079865,0.027215,0.018204,0.013039,0.086013,0.002279,-0.017841,0.036762,0.099049,-0.015939,-0.003148,0.016091,0.012655,0.022816,0.004014,-0.029128,-0.012461,0.015213,0.026190,-0.004269,0.101762,-0.016730,0.062163,-0.061050,0.014500,0.006137,-0.055135,0.004824,-0.013339,0.012400,0.056810,0.061968,0.033162,0.053313,-0.009488,0.058369,-0.094491,-0.002733,-0.085963,0.040510,0.057614,0.048116,-0.021962,-0.009821,0.000845,-0.093990,0.024417,0.015186,0.106720
-0.034697,0.004932,0.003732,0.014928,-0.030092,0.027678,0.001285,0.002080,-0.066711,0.027117,0.013364,0.012986,0.004987,0.026544,-0.016862,-0.012432,-0.060180,-0.038078,-0.002223,0.016213,0.004067,-0.076718,0.044555,-0.047146,-0.116137,-0.044018,0.029478,-0.011140,-0.014739,-0.002176,-0.016027,0.003551,0.004491,0.001781,0.003604,-0.013594,-0.007336,0.035735,0.051965,-0.004202,0.021308,-0.034344,-0.005879,0.068080,0.004779,-0.022224,-0.003881,-0.014437,0.022624,0.006429,-0.000898,-0.034810,0.004996,0.034675,0.004283,0.001246,-0.053198,-0.008060,0.029984,-0.000114,-0.078294,0.030759,-0.003247,0.005064,-0.013500,-0.017224,0.090855,-0.087504,0.019552,0.028498,-0.038033,0.016351,-0.003780,-0.077100,0.070630,0.122936,-0.065230,0.074003,-0.027679,-0.026792,0.027081,0.016353,0.028957,0.089054,0.048671,0.009552,0.028970,-0.021458,-0.004214,0.051139,-0.011179,0.020561,-0.005909,-0.009478,0.016419,-0.035170,0.038719,0.045489,0.015585,-0.031046,0.005018,-0.065077,-0.007781,0.016336,-0.039912,-0.037898,-0.024961,-0.015010,0.007776,0.024040,-0.078163,-0.015641,-0.045972,0.048170,-0.005285,-0.011466,0.040259,-0.010829,0.105509,0.068979,0.017306,0.001524,0.002451,-0.039657,0.005079,-0.022022,-0.010318,-0.026022
-0.105024,0.104774,0.072744,-0.058432,-0.007974,0.002679,0.127724,0.093444,0.009141,0.039024,-0.364491,-0.002171,0.147105,0.064322,-0.064339,-0.126644,-0.036241,0.095003,0.240411,0.130572,-0.027487,0.045285,0.042545,0.124841,-0.018892,-0.049740,0.020582,-0.072052,-0.036221,0.074687,0.017423,0.011178,-0.128608,0.090081,-0.256141,-0.010647,0.042222,0.005182,0.048801,-0.008013,0.075049,0.078359,0.222058,0.034007,-0.021586,-0.023440,0.015529,0.006462,0.030844,-0.066315,0.030508,-0.109102,0.270576,0.026113,0.060598,-0.027098,0.043745,0.028402,0.009986,-0.249531,0.063549,-0.094889,-0.009722,-0.063055,0.057773,-0.145803,-0.041170,-0.018692,0.012011,0.025113,0.010734,-0.086140,-0.152177,0.007554,-0.004312,-0.014315,0.148200,0.186798,-0.138486,-0.091812,-0.159932,-0.115079,0.023392,-0.030129,-0.024960,0.004171,0.021700,0.065671,-0.050749,0.082446,0.190164,0.081487,0.225392,0.025643,0.095933,0.030201,0.059387,0.026600,0.200575,0.108194,-0.002686,0.006965,0.080392,0.118101,-0.016533,0.031471,-0.033495,-0.002698,-0.038119,0.058942,-0.027928,-0.021400,-0.011517,0.066756,0.021379,-0.025711,-0.001180,0.107247,-0.011885,0.035544,0.033460,-0.061288,0.086111,0.027877,0.355204,0.110465,0.072822,0.016628
0.000690,-0.012502,-0.019010,0.019710,0.072064,-0.008925,-0.009773,-0.072635,-0.014736,-0.048779,-0.024894,-0.012676,0.022679,0.017519,-0.058993,-0.024572,0.109489,0.027648,-0.093843,-0.000887,-0.069446,-0.019642,-0.042399,0.015425,0.119027,-0.077981,0.169519,0.068229,-0.097027,0.049877,0.012609,0.053735,0.024110,-0.043962,0.068447,-0.085353,0.012491,-0.123276,-0.174033,-0.000526,-0.074883,0.112315,0.063482,-0.008901,0.007289,0.088975,-0.008446,0.055940,0.117512,0.073258,-0.064339,-0.009918,0.053215,-0.066394,0.004406,-0.098554,-0.051291,-0.014704,0.212323,-0.047571,0.009634,-0.028970,-0.028810,-0.029982,0.004272,-0.006562,0.112316,0.040401,-0.021778,0.005487,0.030418,-0.063983,0.019595,-0.016008,-0.006133,-0.073641,0.050992,0.039169,-0.008845,-0.023434,-0.019099,0.039998,-0.057303,0.249383,0.045762,-0.085118,-0.021336,0.036995,-0.010512,-0.026899,-0.045606,-0.034555,0.026266,-0.030316,-0.026443,0.010311,0.021625,0.174723,-0.019264,0.023653,0.027520,0.312242,-0.004509,-0.007130,-0.038819,-0.056044,-0.022859,-0.001529,0.273548,0.037526,0.025453,0.056802,0.062012,-0.024421,-0.039909,0.019364,-0.009422,-0.008929,-0.030663,0.058354,0.026183,0.027015,-0.089515,-0.037865,-0.021081,0.045753,0.023143,0.056005
-0.230701,0.035866,0.034773,0.005448,0.238094,0.047762,0.032368,-0.009886,0.158702,-0.024771,0.106142,0.037981,-0.017158,-0.054924,-0.043228,-0.005253,-0.039365,0.070737,-0.001780,0.005133,0.072381,0.043743,-0.027505,0.272805,-0.102091,-0.125046,-0.051172,0.076228,-0.171223,-0.029004,0.088378,-0.006733,0.062524,0.051614,-0.034797,0.061184,-0.056425,-0.081775,0.036647,0.002036,0.084694,0.030402,-0.027310,-0.020352,-0.006360,0.009051,-0.082202,0.069509,-0.097472,0.073429,-0.071403,-0.152723,0.018463,-0.056819,-0.009362,-0.011739,-0.035582,0.119384,0.017334,0.047479,0.080173,0.073837,-0.042317,0.314118,-0.077232,-0.121822,0.019663,-0.000522,-0.005980,-0.057065,-0.065241,-0.017086,-0.007630,0.025255,0.015516,0.066706,-0.011326,-0.050180,0.114338,0.132807,0.033029,0.004359,0.014824,0.016979,-0.021107,0.003284,0.027960,0.023228,0.010617,0.039283,-0.007974,-0.021148,-0.001515,0.088794,0.015574,-0.034062,-0.156569,0.016890,0.091598,0.035805,-0.008757,0.050754,0.022914,-0.056036,0.082712,-0.032981,-0.208304,0.003617,-0.027597,0.068123,-0.069164,0.086425,-0.004462,-0.043777,-0.005486,0.169823,0.059939,0.013445,-0.064184,0.066331,0.042293,-0.005406,0.048752,-0.145058,0.062896,-0.025839,0.098795,0.073214
0.095189,0.065724,0.039694,-0.016156,-0.032300,0.008093,0.199101,0.189810,-0.070914,-0.142706,0.275344,0.008645,0.016583,-0.102835,-0.049944,-0.119751,-0.001951,0.030000,-0.009988,0.200780,0.035997,-0.021757,-0.038383,0.000070,-0.020674,-0.009024,0.031096,0.001433,-0.012698,0.074019,-0.003284,-0.154389,-0.040795,-0.077783,-0.078437,-0.051604,-0.019369,0.046983,0.087739,-0.015248,-0.074073,-0.022854,-0.072402,0.000105,0.034744,-0.063163,-0.029829,-0.070909,-0.028372,-0.006925,-0.006270,-0.022420,0.088208,-0.036170,-0.041414,0.014542,0.101420,-0.002942,-0.085723,0.089323,-0.029576,-0.108196,-0.200430,-0.042422,-0.047767,0.123474,0.081183,-0.006741,0.029569,0.005609,0.105101,-0.212124,0.069351,0.043501,0.003559,-0.030992,0.422037,-0.057457,0.049681,0.040262,0.117222,-0.351274,0.167021,-0.017723,0.105450,0.052507,0.006101,0.153487,0.068290,0.056126,-0.099948,-0.142056,0.094088,0.018423,0.142439,-0.006642,-0.068812,-0.079557,-0.229167,0.016668,-0.019689,0.068228,-0.020908,-0.037585,-0.026873,-0.021744,-0.063109,-0.006190,0.129612,0.092868,0.028041,-0.037930,-0.088018,0.006358,-0.048884,-0.148471,0.003719,-0.082754,0.026414,-0.030583,0.184710,-0.038404,-0.023834,-0.004680,-0.020825,-0.135327,0.117374,0.022461
0.140092,-0.027815,0.038564,0.053956,0.195038,0.004194,-0.025788,0.079206,-0.103883,-0.008363,0.037808,-0.002928,-0.148209,-0.001829,0.127292,-0.101489,-0.116075,-0.038393,0.001715,-0.123182,-0.095216,-0.139580,0.009272,0.115413,-0.063678,0.039285,0.051817,0.136066,0.101761,-0.047094,-0.247424,0.035794,-0.031466,0.078108,0.004695,-0.052873,-0.057980,0.046894,0.027571,-0.059251,-0.094822,-0.045358,0.013370,0.079604,-0.114051,-0.012835,0.016481,-0.055117,0.118372,0.012760,-0.000485,0.128657,0.000164,-0.080937,0.008472,-0.086070,0.015569,-0.096431,-0.024976,0.028071,-0.005600,-0.002052,0.011467,0.258638,-0.050770,-0.045426,0.029662,0.082542,0.026499,-0.104514,-0.118149,0.087026,-0.056829,0.034318,0.139040,0.055285,-0.147542,-0.035308,-0.137386,0.205888,0.049507,0.047640,0.081220,-0.128416,0.135248,0.027781,-0.132870,-0.041058,0.077115,0.049043,0.074102,-0.126990,-0.049729,-0.153146,-0.091946,-0.117414,-0.008854,0.038181,0.050105,0.057713,0.007213,-0.060389,-0.060397,0.096831,-0.017557,0.047040,0.034938,-0.001129,-0.037221,0.093917,0.002184,-0.052266,-0.019116,-0.004353,-0.001314,0.003061,0.048884,0.008853,-0.035479,-0.040655,0.040648,0.029079,-0.003522,0.027283,0.062257,0.005883,0.254176,0.157274
-0.079806,0.089400,0.181941,-0.006463,0.215426,-0.009194,-0.078150,0.021166,0.161571,-0.067037,0.002444,0.027722,-0.009217,0.023325,0.120162,0.017859,-0.082281,-0.047879,-0.025645,-0.049642,0.025855,0.108796,0.140686,0.137828,0.004605,-0.073909,0.102128,-0.019470,-0.154106,0.164993,-0.016186,-0.013519,-0.020597,0.007016,0.068572,0.020534,-0.114704,-0.109444,0.043565,0.110251,0.064166,-0.098577,-0.004675,-0.056422,-0.063074,0.011985,-0.039835,-0.098920,-0.023623,0.052967,-0.145267,0.071804,0.029090,0.029565,-0.005579,0.044021,0.045304,0.105402,-0.019739,0.217344,0.095991,0.078142,-0.053124,0.047069,-0.161785,-0.092845,-0.036610,0.083115,-0.002451,-0.029410,0.035748,0.035426,0.008623,-0.081051,0.005768,0.099323,0.148709,-0.091352,0.189264,-0.076459,0.058803,0.028677,0.021706,0.037908,0.009383,-0.253243,0.039884,-0.030989,-0.025907,0.086579,0.044675,0.058337,0.014005,0.036755,0.000350,-0.002170,-0.058537,-0.091733,0.088665,0.074519,0.096365,-0.162168,-0.020962,-0.087138,-0.055835,-0.055978,-0.107165,0.001318,-0.052505,0.049958,-0.008984,0.088991,-0.151243,0.079368,-0.100983,0.100228,0.044074,0.024136,-0.001078,0.022241,-0.010928,-0.022862,0.189378,-0.084291,0.054729,-0.036982,0.065011,-0.096847
-0.005052,0.060557,0.071258,-0.058607,-0.030153,0.107033,0.090023,0.055317,0.021397,0.012170,0.056165,0.003634,0.000084,-0.015079,-0.067792,0.027273,0.077967,0.033523,-0.011407,-0.021016,-0.136253,0.003488,0.067319,0.019099,-0.037754,-0.133097,0.029208,-0.061623,-0.001213,-0.130409,0.097407,0.004569,0.027746,-0.016400,-0.036337,0.060254,0.001833,0.065764,-0.049362,0.134240,0.109089,0.049165,-0.029170,0.030325,0.036759,0.106461,0.002920,0.032940,0.188183,-0.047014,-0.042968,-0.104839,0.026688,0.018747,-0.008566,0.062434,-0.025716,-0.033696,-0.061786,0.043132,0.014169,-0.028089,-0.002215,-0.039325,0.060515,-0.017383,0.011446,-0.036917,-0.000602,0.063035,-0.074423,-0.001328,-0.036025,-0.010046,0.069654,0.147906,-0.029771,-0.051529,0.029262,-0.183253,-0.005836,0.015080,0.015258,-0.117906,-0.019064,-0.080586,-0.066209,-0.047682,-0.014973,-0.007051,0.032387,0.039635,0.030725,-0.029612,0.014471,-0.043724,0.033353,-0.006739,0.036098,0.283258,0.036308,-0.066111,0.081677,0.040115,-0.095197,0.002102,-0.016658,-0.002054,0.037971,0.053290,-0.008779,0.111682,-0.122622,-0.062468,0.026940,0.053884,0.078251,0.038173,0.026023,-0.030378,-0.005611,-0.014062,-0.034638,-0.042435,0.001094,-0.013560,0.079836,0.052540
