0.023562,-0.169668,0.002659,0.004719,-0.022641,-0.004677,0.001040,0.002108,0.003196,-0.029322,0.009667,0.008962,-0.026401,0.007579,-0.002568,0.005846,-0.016120,-0.011335,0.040741,0.009689,0.002252,0.007473,-0.001821,0.012652,0.000068,0.009334,-0.071981,-0.019812,-0.006651,0.101337,0.002797,0.026281,0.023911,0.002895,0.008004,0.050773,0.023206,0.001984,-0.016747,-0.026896,0.008894,0.029832,-0.011644,-0.005019,0.007314,-0.004647,-0.000863,-0.085272,0.043114,-0.035704,-0.016160,0.032419,-0.006969,0.006204,0.037569,0.002081,-0.161523,0.000454,0.018213,0.010254,0.002121,0.017298,0.010373,-0.018230,0.004173,-0.022035,-0.016389,-0.021552,0.011233,-0.023142,-0.000458,0.020775,0.006045,0.025542,-0.002225,0.016141,0.009139,0.024672,0.007044,0.010468,0.022992,0.009917,0.020382,0.018113,0.008018,0.001774,-0.026979,-0.000562,0.003120,-0.005183,0.019773,-0.019542,0.042320,0.019581,-0.042511,-0.010095,0.007283,-0.004094,0.035471,0.054790,0.008687,0.003033,-0.018677,0.003833,-0.010462,-0.003275,0.021947,-0.025332,-0.017875,-0.001337,-0.006931,-0.002347,-0.026374,-0.035609,0.005292,0.015079,0.008921,0.027687,0.009908,0.013120,-0.002804,0.007612,0.002872,0.001220,-0.002026,0.017470,0.009847,-0.036612
0.026129,0.058506,0.000665,0.007035,0.019257,-0.004596,0.013184,0.003607,0.021436,-0.027827,-0.018441,0.029413,-0.009468,0.017886,-0.007646,0.041151,-0.014682,0.001011,0.004793,0.005522,-0.005851,0.021649,-0.001138,0.015084,-0.006517,0.011949,-0.009994,-0.012446,-0.007521,0.004026,0.011682,-0.020953,0.002605,-0.026943,0.025423,-0.053534,0.033432,0.043674,0.014612,-0.007731,-0.002390,0.011539,0.022722,-0.005298,0.028900,-0.007048,0.008268,-0.019719,0.011590,-0.000855,0.002727,0.013137,-0.013640,0.004382,0.002811,-0.028656,0.008176,0.003086,0.029210,0.014029,0.026034,-0.023960,0.014728,0.002821,0.005982,-0.017875,-0.038071,0.026635,0.009581,-0.019458,0.009892,0.004796,0.001275,-0.005388,0.011008,-0.005825,0.024890,0.014602,0.004279,-0.012227,0.035417,-0.022386,0.001065,0.021965,0.017029,0.039677,-0.003381,0.011324,0.002100,0.008028,-0.007678,-0.010507,-0.021683,0.024307,-0.013163,0.005634,0.026573,0.015278,0.027443,-0.009179,0.003255,0.015350,-0.006016,0.027607,0.005917,-0.008053,0.013606,-0.035226,0.001946,-0.003531,-0.017742,0.004043,-0.016154,0.023365,-0.000163,-0.014356,0.014162,0.014273,0.013150,-0.004842,0.001826,0.002930,0.035635,0.019841,-0.000078,-0.015954,0.007318,0.000082
0.017663,-0.001070,0.011825,0.027540,-0.008188,0.011125,0.029611,-0.003473,0.020352,0.025198,-0.074126,0.036342,0.005242,0.004603,0.015618,-0.027250,0.078295,-0.001473,-0.015412,0.015069,0.011186,0.017813,0.030043,0.001010,-0.003705,0.021071,0.015096,-0.007615,0.008588,-0.046193,0.019933,-0.004584,-0.046840,-0.018900,0.027030,-0.032767,0.006786,0.015129,0.014779,-0.000400,-0.029033,0.005572,0.049073,0.009275,-0.029873,-0.023715,0.013800,0.008029,-0.052543,0.041504,0.011588,0.007933,0.017917,0.014514,-0.011929,-0.031720,-0.009920,-0.002184,0.009719,0.011415,-0.003590,0.010216,0.028946,-0.004732,0.017456,-0.002528,0.009494,0.041063,0.016765,0.010784,0.014196,0.006473,-0.006397,-0.001199,-0.001532,0.008425,-0.010779,0.008599,-0.010928,-0.046830,0.015118,0.024408,0.009606,0.020604,0.009022,0.033882,0.009046,0.007738,-0.001846,0.017517,-0.033125,0.046531,0.003338,0.014648,0.036786,0.040777,0.007571,0.025574,-0.035380,0.006766,0.002181,-0.013631,0.004176,-0.007939,0.014936,0.008003,0.021464,0.023801,0.001001,-0.019255,-0.002908,0.023565,0.055514,0.021792,-0.003193,-0.006744,0.000769,-0.081188,0.012297,0.012338,0.004818,0.001541,0.011217,0.022482,0.001010,0.001886,0.002079,0.012756
0.021755,-0.000297,0.010834,0.026111,0.011681,0.008825,-0.015526,0.027258,-0.035545,-0.005089,0.006301,-0.000030,0.024468,0.022860,0.009787,-0.624465,0.002026,-0.001188,0.008059,0.018973,-0.011223,0.001290,-0.041498,-0.009219,-0.019575,0.010030,0.007113,0.006449,-0.002309,0.002633,0.000547,-0.003470,0.018884,0.021146,-0.008715,0.000701,0.002650,0.014881,-0.037589,-0.008757,0.036197,-0.002288,0.038389,0.006663,-0.010780,-0.054963,0.001350,0.016079,0.007921,-0.016234,0.006002,0.000390,-0.005706,0.024859,0.010685,-0.055971,-0.004026,0.017178,0.005579,0.021079,0.013774,0.012446,-0.005411,0.000860,0.012682,-0.012939,0.015230,-0.003693,-0.001835,0.006970,0.001165,-0.001503,-0.007393,0.002003,-0.000944,0.003717,0.022961,0.002571,0.000515,0.007835,0.002826,-0.008431,0.030266,0.003656,0.000414,-0.001191,0.028049,0.036794,0.066629,-0.005914,0.002162,0.005547,0.051863,0.003722,0.026158,-0.001402,-0.000437,0.010920,0.016099,0.004253,-0.006716,-0.006419,0.006695,0.731591,-0.011285,-0.011562,0.005688,0.019422,-0.000896,0.018484,0.001985,0.010000,0.011291,0.028847,-0.039566,0.015424,0.010854,0.005945,-0.047088,0.008887,0.003534,-0.014512,-0.016853,-0.039133,0.039033,0.002507,0.018852,0.026892
-0.001236,0.025857,0.044836,0.205510,0.012195,0.013142,0.008255,-0.196676,0.010136,0.014866,-0.002655,0.011726,0.040272,0.032055,0.026313,0.025884,0.017521,-0.004373,-0.000532,0.000607,0.014047,0.003109,-0.094675,0.008262,0.045208,0.007084,-0.009384,0.081292,0.004967,0.029178,0.005586,-0.001915,-0.007242,-0.107858,0.064011,0.000291,0.005103,-0.014702,-0.071670,-0.028790,0.190772,0.008478,-0.323095,0.002072,0.005033,-0.203785,0.002995,-0.000282,-0.019320,-0.061633,-0.001198,0.011265,0.010812,0.010636,0.005796,0.206600,-0.004050,-0.002760,-0.001906,0.002064,0.009983,0.005386,0.007735,0.035846,0.007663,0.015878,0.039523,0.000358,0.002887,0.012618,0.001764,0.027405,0.005447,0.012937,-0.000414,0.010627,-0.010583,-0.001493,-0.007156,0.001290,0.005967,-0.000267,-0.011019,-0.004642,0.040085,0.009792,-0.096571,0.302283,0.215022,0.002974,-0.000390,0.015630,0.020782,0.008250,-0.008494,0.013783,0.002898,0.007101,0.001331,0.038043,0.014007,0.014250,0.001023,0.052486,0.125798,0.009428,0.009633,-0.005805,0.014870,-0.003166,0.128674,0.001800,0.000844,0.014877,-0.028013,0.013888,-0.002093,-0.003560,0.005469,0.010493,0.052264,0.008925,0.011805,0.018103,0.256479,0.004934,0.000782,0.032207
0.010921,0.016402,0.011234,-0.017845,-0.185826,-0.000313,0.002616,-0.015083,-0.007004,0.006010,0.020345,0.000696,0.010941,-0.000711,0.002836,0.003074,-0.010016,0.025868,-0.004294,0.001500,-0.008777,-0.014025,0.015256,0.025393,-0.003741,0.004813,0.028039,-0.013877,-0.001124,-0.009575,-0.009948,0.004283,-0.007224,-0.005754,0.010348,-0.024395,-0.000896,0.003266,-0.006720,-0.030650,0.013253,-0.001944,0.035679,-0.012998,-0.008143,-0.013200,-0.018091,0.032872,-0.010114,0.007510,-0.008818,-0.009130,-0.002571,0.004761,-0.001916,-0.031836,0.023873,0.018567,-0.026012,0.011210,-0.009292,-0.021154,0.006995,-0.013878,0.004084,0.002008,0.019123,0.009472,-0.000654,0.020722,-0.005991,-0.022445,0.015830,-0.007554,0.000363,0.002487,0.000640,0.099153,-0.000494,0.014194,-0.010485,0.023972,0.003586,-0.017799,-0.008311,-0.418138,0.010527,-0.001245,0.021659,0.003342,-0.004348,0.006430,0.009906,0.001968,-0.008677,0.024008,-0.008542,-0.005706,-0.010452,-0.006185,-0.005566,0.103487,0.020863,-0.002248,-0.020951,0.014529,-0.010142,0.018890,-0.015027,0.002347,0.008943,0.006888,0.001299,-0.035119,0.000617,-0.018025,0.000971,-0.015889,0.031067,-0.006081,-0.001671,0.001494,-0.005717,0.005854,0.005930,-0.007271,-0.002475,0.008457
0.005614,-0.033037,0.050802,-0.024150,0.015053,-0.005942,-0.005708,-0.062561,-0.004064,-0.025828,-0.003207,0.007197,0.042541,-0.041554,0.071045,0.028797,-0.007065,0.001677,-0.003215,-0.002109,0.008996,-0.003826,-0.098744,0.002250,-0.004658,-0.003048,-0.009057,0.132351,0.008126,-0.029236,-0.005740,0.002871,-0.009267,-0.121244,0.197101,0.014908,0.007155,0.002539,0.009953,0.001315,0.149123,0.002229,0.216360,-0.001606,-0.006812,-0.043065,-0.000858,-0.012260,-0.003394,0.010854,0.009163,-0.020547,-0.005227,0.001895,-0.018436,0.076487,0.002039,0.012025,0.014223,0.010410,0.000800,-0.022641,0.005560,0.022092,0.006345,0.001508,0.015871,0.006641,0.007590,-0.009047,-0.004017,-0.033288,-0.037799,-0.022422,-0.000148,-0.015135,0.014925,0.023012,0.199996,-0.013814,0.001107,-0.010693,0.009350,0.002258,-0.188068,0.012555,0.037479,0.099101,0.512515,-0.007973,-0.005825,-0.009708,0.008250,0.001695,0.002775,0.000393,0.004991,-0.012122,-0.014741,-0.010619,0.048951,0.012286,0.002799,-0.076978,-0.047721,-0.007411,-0.013732,0.005762,-0.017977,-0.006615,0.268715,0.006356,-0.009675,-0.037092,-0.204377,-0.032236,-0.015725,0.000682,0.110291,0.004379,-0.060507,-0.000551,-0.014814,-0.002705,0.054784,-0.000082,-0.007199,-0.000871
-0.019813,0.084548,-0.025458,0.011409,-0.027434,-0.028901,-0.019162,-0.001939,0.000186,-0.044789,0.000106,-0.009554,0.009839,0.007944,0.000994,0.031187,0.054617,-0.025794,0.010194,-0.014168,0.000440,-0.032313,0.000430,-0.007694,-0.004819,-0.048225,-0.027290,-0.010282,0.007771,-0.052920,0.007956,-0.006498,0.007223,-0.000127,0.002629,0.007838,-0.012933,0.008173,-0.002082,0.001493,0.007104,-0.030677,-0.009171,-0.002001,0.000345,-0.006045,-0.023338,0.004343,-0.003961,-0.004164,-0.000353,0.002793,-0.020426,-0.008376,0.019438,-0.004108,0.032450,-0.003823,-0.010497,-0.027550,0.023254,-0.001650,-0.044924,-0.003155,-0.065504,0.017178,-0.002610,-0.028754,-0.054174,-0.014836,0.021100,0.016455,-0.021317,0.001850,0.030664,0.012173,-0.014865,-0.028687,-0.001289,0.001047,-0.008176,-0.043408,-0.052893,-0.017734,0.025290,-0.007722,0.006041,0.008427,0.009310,-0.000560,0.025913,0.048090,-0.009477,-0.011440,-0.018004,-0.011530,-0.055189,-0.015931,0.018741,0.004757,-0.000897,-0.020030,-0.045385,0.012061,-0.024469,-0.019341,-0.010890,0.020762,0.012690,0.006665,-0.009650,-0.007079,0.052760,0.018052,0.005057,0.013155,0.000189,0.009938,0.033641,0.000101,-0.001922,0.020633,-0.035731,0.006652,-0.010467,-0.005652,0.007071,-0.008722
0.011292,0.006168,0.015786,-0.000862,0.004196,0.002157,0.017435,-0.016019,0.002072,-0.033492,0.014349,0.007319,0.024545,-0.005519,-0.018139,0.025706,0.013755,-0.006386,0.010480,0.024201,-0.000589,0.008406,0.011669,-0.004564,0.017758,0.000038,-0.000487,-0.023497,0.002474,-0.014451,-0.004010,-0.007794,0.009213,-0.041441,0.021897,-0.027469,0.025238,0.026984,-0.012459,0.053822,-0.007954,0.012102,0.014348,0.004041,0.044068,0.029961,0.009989,-0.015168,-0.008751,0.030576,0.004431,0.002922,-0.011076,0.004093,0.000247,-0.049008,-0.011347,0.002210,0.003745,-0.010028,-0.007375,0.020304,0.011872,0.011576,0.003030,-0.015984,-0.014931,-0.010805,0.000708,0.002847,0.005784,-0.004563,0.019084,-0.000803,-0.002447,-0.005064,0.017942,-0.014723,-0.027830,0.007471,0.012217,0.020166,-0.005828,0.000920,-0.004756,-0.003881,0.032593,0.009588,0.010757,-0.002649,0.008215,0.020000,-0.047817,0.007088,0.003027,-0.001609,0.005486,0.013784,0.005577,-0.046433,-0.003898,-0.002228,-0.007039,0.030127,0.018747,-0.014268,0.010271,-0.011821,-0.007124,0.007579,-0.006722,0.002765,0.004469,0.002527,-0.005358,-0.001158,0.031900,-0.002032,0.013839,-0.006173,-0.014949,0.003366,0.013308,-0.024437,-0.004417,-0.004042,-0.000176,-0.001575
0.001433,-0.039429,-0.009429,0.016908,0.003334,0.013995,-0.016501,-0.017831,-0.019406,-0.024772,-0.227926,0.009502,0.001677,0.006677,-0.011968,-0.022527,0.046188,-0.003735,-0.013054,0.022232,0.014962,0.016643,-0.013372,0.000189,0.010142,0.017901,-0.028617,-0.017126,-0.001677,0.016158,0.010178,-0.026111,-0.157301,-0.017546,0.004057,0.036272,0.012876,-0.027239,-0.007591,0.013387,-0.030664,-0.011654,0.034801,0.022634,-0.006416,0.006800,0.006388,-0.032635,-0.157814,0.035615,-0.014836,0.019335,0.008887,0.020145,0.001520,-0.025168,-0.052160,0.002580,0.024775,0.006585,0.034386,-0.007262,0.003326,-0.011224,0.021513,-0.017371,-0.020825,-0.025270,0.002893,-0.023244,-0.003248,0.000899,-0.005139,0.008594,-0.004674,0.002909,-0.017292,0.013207,0.024400,-0.137800,0.010622,-0.017944,0.017171,0.013652,-0.006036,-0.029617,0.017899,0.012815,0.004642,-0.018946,-0.026391,0.043658,0.019085,0.015006,0.006035,-0.013369,0.011911,0.014815,-0.017678,-0.003209,-0.011586,0.001775,0.016363,-0.013076,-0.004477,-0.009284,0.001222,0.026181,0.003229,-0.007977,-0.017840,0.002357,0.081680,0.020969,0.014796,0.003246,0.024999,-0.256144,0.017918,0.022924,-0.022911,0.002124,0.008848,-0.036079,0.008000,0.008966,0.021108,0.006699
-0.005950,-0.002267,0.002406,0.012559,-0.001043,-0.004928,-0.008286,-0.023396,-0.018948,-0.009369,0.003622,-0.001152,-0.001390,-0.002624,0.004265,-0.045221,0.037628,0.001382,-0.027342,-0.005578,0.014759,-0.007914,0.026981,-0.014719,0.017489,-0.016686,0.023784,0.010013,0.009851,-0.012998,-0.004270,-0.017601,0.018373,-0.002553,0.007159,-0.080183,0.005872,0.009440,0.017016,0.012827,-0.015814,-0.009535,0.011044,-0.009155,-0.022920,-0.010296,0.007387,0.025135,0.000598,0.014409,0.019719,-0.012305,-0.008561,0.010539,-0.027582,0.006765,-0.012315,0.008401,0.004499,0.016367,0.003831,0.005265,0.000118,0.009277,0.002324,0.003727,-0.029813,0.013970,0.005867,0.063599,-0.021239,-0.010778,-0.020336,-0.000686,0.003421,0.008418,-0.019537,-0.019428,-0.000618,0.005767,0.001955,0.003902,0.001096,-0.014481,0.022320,-0.003394,-0.001864,0.004099,-0.006558,0.017159,-0.080320,0.058704,-0.049486,0.012790,0.044811,0.011753,-0.013096,0.008554,-0.040505,-0.050115,0.000554,-0.003057,0.020960,-0.005481,-0.011550,-0.014475,-0.011224,0.019235,0.028100,0.032065,-0.012667,-0.019130,0.052930,0.024732,-0.012835,0.018776,-0.012320,-0.005349,0.017271,0.004872,0.017581,0.005578,-0.017679,-0.025497,-0.002219,-0.032435,-0.006438,0.022561
-0.000620,0.008851,0.035589,0.173407,-0.003825,-0.006421,0.002616,-0.159438,0.010974,0.035167,0.007264,0.004340,0.031303,0.010532,-0.054387,-0.014174,-0.010190,0.002670,0.002267,0.023263,-0.046593,0.009098,0.096279,0.006286,-0.035426,0.004544,0.007435,-0.077536,-0.026767,0.011420,0.015620,-0.004074,0.015117,0.009807,-0.123472,0.006521,0.008331,0.008890,0.009231,-0.001425,-0.073986,0.000204,0.048708,0.003465,0.003943,0.020153,0.003200,-0.005381,0.026012,-0.030912,-0.020379,-0.000506,-0.004805,-0.005282,-0.006491,0.209205,-0.007591,0.008162,0.008536,-0.008899,-0.003030,0.039753,0.000983,0.022676,-0.008974,-0.015066,-0.010740,-0.013824,-0.002451,-0.007358,0.012479,0.004119,-0.024342,0.000449,0.019233,0.011481,0.014967,-0.001209,0.217841,0.012947,0.005139,0.032299,0.006099,0.008539,-0.075850,0.000044,-0.012547,0.209686,0.172507,0.003636,0.006829,-0.013444,0.042853,-0.004607,-0.022892,-0.007472,0.002128,0.001305,0.004662,0.051444,-0.047874,-0.009995,-0.001877,-0.010401,0.170425,-0.000607,0.014619,-0.000999,0.002025,-0.002999,-0.062899,0.000841,-0.016570,0.055955,0.159263,0.037558,-0.002132,0.006939,0.120616,-0.001729,-0.013221,0.002291,0.015241,0.011758,-0.154114,0.008199,0.002836,-0.012826
0.004143,0.004500,0.005810,0.018903,-0.008391,0.004136,-0.007631,-0.020417,-0.003759,0.008626,0.006798,0.009250,-0.014227,0.024761,0.012023,-0.023536,-0.004130,-0.007166,-0.007440,0.002534,0.194213,0.001835,0.020979,0.000510,0.172946,0.000497,-0.003337,-0.009678,0.091277,0.031230,0.002165,-0.009212,0.010754,-0.000909,0.006561,0.015071,-0.006239,0.009501,-0.009090,0.004253,-0.020676,-0.000879,0.019924,0.003292,-0.005632,-0.001931,-0.014650,-0.008222,0.011386,-0.015087,0.057109,-0.006626,-0.007626,0.011328,0.006657,-0.005429,0.016471,0.009740,0.003455,0.007399,0.007963,-0.207723,0.010128,-0.009848,0.004127,-0.008757,-0.000556,0.009087,0.001576,0.002206,0.009002,0.018614,0.002074,0.003678,-0.009332,0.007872,0.007916,-0.018163,-0.031790,0.006989,0.001025,-0.003241,0.007382,-0.011898,-0.006576,-0.015007,-0.015480,0.008517,0.013454,-0.007003,0.007141,-0.024611,0.017207,-0.004054,0.002560,-0.020116,-0.012285,0.002699,-0.000439,0.015490,0.003827,-0.014264,0.009744,-0.007161,0.001400,0.000305,0.013109,0.004729,0.007853,0.007783,-0.017161,-0.002540,-0.008780,0.031057,-0.005905,-0.330374,0.005656,0.020741,0.013380,-0.000190,-0.005609,-0.005666,0.002257,-0.014879,0.054250,0.003634,0.011787,-0.003971
0.007804,-0.005025,-0.003657,-0.013621,0.006182,0.001155,0.008592,0.012057,0.025348,0.007141,-0.013956,0.016947,0.018453,0.006834,-0.025586,0.002166,-0.008933,0.035078,0.016849,0.011289,-0.007437,0.016111,0.018512,-0.002440,-0.001527,-0.012809,0.017845,-0.021605,0.006737,-0.036688,0.001131,0.019505,-0.005353,-0.029589,0.025491,-0.039185,0.010216,0.029547,0.015317,-0.025104,0.001163,0.003591,0.021426,-0.011197,-0.007230,-0.008147,0.009573,0.004062,-0.018924,0.014681,0.008321,-0.016121,0.010810,0.004100,-0.000619,-0.017032,0.005821,0.024933,0.016898,0.023970,-0.017114,0.002082,0.006446,0.006745,0.001500,0.004562,-0.007822,0.026508,0.019599,-0.009625,0.001256,-0.001870,-0.004279,-0.018855,-0.004788,-0.010286,0.008514,0.021059,-0.012009,-0.022876,0.002625,-0.010087,0.007389,0.006568,0.035418,0.010884,-0.009028,0.003116,0.002373,-0.000598,0.002509,-0.003665,0.007442,0.003264,-0.003514,0.021859,-0.009368,0.004626,0.006022,-0.010438,0.012392,0.010372,0.002270,-0.014910,0.011652,0.023876,-0.001719,-0.000694,-0.010683,-0.009749,-0.003855,0.014573,0.004000,0.026841,-0.008168,0.016194,-0.001807,-0.019958,0.004979,0.005165,0.002938,0.024768,0.017486,0.007844,-0.009820,0.019603,-0.016835,0.027372
0.004735,-0.010727,-0.622740,0.038058,0.010391,0.005117,0.009282,0.006722,0.017330,0.029546,-0.003959,0.012547,-0.559634,-0.016541,0.006606,-0.021691,-0.004140,0.000691,0.002595,0.010969,0.005474,-0.002587,-0.036047,-0.005069,0.000613,0.003068,0.013972,-0.007870,0.004654,0.011579,0.006938,-0.001348,0.007319,-0.032371,0.044211,-0.035406,0.007668,0.019794,0.011348,-0.021836,0.024568,0.003404,0.004165,0.003673,0.003242,0.049125,0.007781,0.026797,0.011350,-0.025762,0.009902,0.006423,0.000834,0.006032,-0.003300,0.040188,0.005492,0.005874,0.002593,0.004528,0.001566,0.010933,0.006303,-0.366776,0.016357,0.000302,0.052216,-0.001784,0.001987,0.000890,0.005107,0.023157,-0.006183,0.025312,0.007119,0.024190,-0.022968,-0.000200,-0.011803,-0.001880,0.001260,0.005702,0.012827,0.008191,-0.050423,-0.051691,-0.001186,0.130437,0.023247,0.002551,0.002283,0.002445,0.001022,0.002202,0.033031,0.006767,-0.015831,0.024171,0.006178,0.008009,0.015928,-0.007829,0.009638,-0.035716,0.021648,0.005006,0.003299,0.004107,0.003434,0.010538,0.044949,0.015380,0.006411,0.017685,-0.078530,0.006810,-0.000056,0.001576,-0.006952,0.004150,-0.006119,0.003413,0.005862,0.011135,-0.074058,0.001054,0.006121,0.037871
-0.016755,0.063906,0.009048,0.029347,-0.003968,0.003895,-0.004094,-0.000459,0.014387,0.043791,-0.018132,-0.001680,-0.006762,0.009034,0.003093,-0.007401,0.004335,-0.022329,0.007991,0.000080,0.008124,0.005505,0.012915,0.009783,0.010728,-0.000661,0.053246,0.001361,0.008853,-0.019284,-0.012086,0.001580,-0.013341,-0.002896,0.002951,-0.036255,0.005361,0.012927,0.024497,0.013221,-0.023544,0.005385,0.028952,0.004753,0.010974,-0.020646,0.010474,0.058676,-0.010300,-0.004760,-0.009851,0.010920,-0.001916,0.002940,0.019777,-0.021186,0.036276,-0.016258,0.007348,0.004193,-0.002866,0.021110,0.007179,0.004612,-0.007683,-0.022463,0.004783,0.002000,-0.026804,-0.011933,0.009954,-0.008941,-0.003921,0.000359,0.008667,-0.017605,-0.019783,-0.015692,0.000914,-0.008072,0.009224,-0.025196,-0.009592,0.006842,-0.022360,-0.015086,0.009040,0.013548,-0.010842,-0.006990,-0.021126,-0.008533,-0.039572,-0.009319,0.022300,-0.011176,0.002013,0.016538,0.013468,-0.054887,-0.000752,0.003676,-0.007699,-0.017785,-0.005632,-0.020325,0.002340,-0.006765,-0.000883,-0.009067,0.015811,-0.001670,0.010032,0.028500,-0.012064,0.028167,0.010597,-0.010756,0.018503,-0.000637,-0.004745,-0.002835,-0.005947,0.004807,0.008404,-0.000782,0.008344,0.013467
0.003783,0.207663,-0.022365,0.009973,0.003129,0.011867,0.014630,-0.029219,0.003446,0.001752,0.095563,0.012283,-0.014856,0.026390,-0.016825,-0.023707,0.009969,0.003879,0.060104,-0.007826,0.005596,0.010049,0.034369,0.004157,0.009846,0.002372,0.010150,-0.026740,0.005921,-0.676394,0.009641,0.078931,0.001295,-0.006226,0.003940,0.109144,0.004623,-0.008126,0.005343,-0.003675,-0.042909,-0.000455,-0.003283,0.009022,0.005225,-0.004730,0.012060,-0.001899,0.009447,-0.010464,0.003924,0.006210,0.015210,0.001894,0.086817,0.037554,0.230546,0.005338,0.009398,0.022742,0.010964,0.027250,0.014230,0.000213,0.014796,0.006128,-0.038126,0.011728,0.006835,-0.025473,0.006047,0.031250,0.055650,0.046237,0.006057,0.032504,-0.004127,0.001012,0.010187,0.063286,0.002356,0.019546,0.010910,0.005183,-0.009756,0.010482,-0.015174,-0.007716,-0.008465,0.003837,0.151605,0.025295,-0.004582,0.008770,-0.006848,0.004584,0.016248,-0.003685,0.023793,-0.002743,0.027032,0.003431,0.027719,0.052278,-0.013640,0.008643,-0.000420,0.004439,-0.009668,-0.002313,-0.000383,0.000230,0.006951,-0.009488,0.024160,0.019375,0.028568,0.083842,0.027829,0.009519,-0.011690,-0.002053,0.000050,0.004336,0.025170,0.082227,-0.001094,-0.008184
-0.001327,0.010161,0.048969,-0.000260,-0.019904,-0.000743,0.007938,0.000986,0.014010,0.049738,0.003209,0.012278,0.027518,0.011332,-0.000963,0.008885,-0.013492,-0.002252,0.030916,-0.002312,-0.017259,0.002698,0.013465,-0.007139,0.010671,0.001176,0.001561,-0.018225,-0.006001,0.034759,-0.008984,-0.004536,0.019099,-0.005542,-0.009029,0.042901,0.007229,0.009493,0.000713,-0.013641,-0.020486,0.021178,0.007613,-0.009767,0.029598,-0.002664,0.006903,-0.004465,0.018864,-0.010135,-0.003847,0.025036,-0.004170,-0.016862,0.016831,-0.020869,-0.003735,-0.005752,0.013164,-0.018894,-0.004871,-0.003339,0.003181,0.037175,0.013573,-0.025450,0.029548,-0.009868,-0.000440,-0.037644,-0.003063,-0.000192,0.012530,0.004175,-0.003136,0.003428,-0.004956,0.005124,0.007137,0.004115,0.011264,0.027532,-0.008990,0.017162,-0.004191,-0.026881,-0.004480,0.017976,-0.004021,-0.012964,0.052035,0.005567,0.051316,0.002097,-0.030323,-0.004430,0.000788,0.000468,0.034022,0.034376,-0.002117,0.002691,0.002365,0.002559,-0.020850,-0.009311,0.002104,-0.025957,-0.006761,0.006735,0.001381,0.000803,0.008228,-0.003420,-0.011641,-0.007928,-0.000278,0.015650,0.012373,-0.005810,0.006802,-0.011951,0.006428,0.015166,0.001737,-0.004450,-0.001317,0.008129
-0.006121,-0.005804,-0.296988,0.035833,-0.038561,-0.010148,-0.009055,-0.022696,-0.015447,-0.003594,-0.002962,-0.021352,-0.218465,-0.005997,-0.006582,0.002328,0.017100,-0.006213,-0.008621,-0.019667,0.021697,0.001204,-0.006564,0.008735,0.023064,-0.001005,0.006285,-0.012200,0.007111,0.032259,-0.021027,-0.006181,-0.000382,-0.015280,0.046832,-0.006168,-0.013607,-0.006322,-0.000557,0.036745,-0.012536,-0.012078,0.035157,-0.013157,-0.001301,0.024017,-0.013227,-0.016800,-0.017336,0.050457,-0.005092,-0.008874,0.002709,-0.020284,-0.000649,-0.000344,-0.044475,-0.013472,-0.008087,-0.014747,-0.006581,0.007319,-0.000727,-0.072696,-0.024299,0.003604,0.029635,-0.002860,-0.019725,0.010733,-0.010911,0.014243,-0.001213,-0.001548,-0.018696,0.007652,0.060569,-0.010227,0.014050,-0.002267,-0.007785,0.002531,-0.023727,-0.025728,0.008934,0.111900,0.028742,0.074937,0.004445,0.006006,-0.026212,0.006901,0.006826,-0.008297,-0.030642,-0.011222,0.034351,-0.007427,-0.009156,-0.017140,0.000799,0.014287,-0.016921,0.074987,0.039038,-0.006059,-0.007037,-0.007281,0.008320,-0.008406,0.017775,-0.040400,-0.007272,0.017698,-0.036732,0.016321,-0.008618,-0.016567,0.008516,-0.010229,-0.005004,-0.006257,-0.002924,-0.007821,-0.003664,-0.014333,-0.019186,-0.010133
0.000761,0.034023,0.004440,0.015206,0.015126,-0.013438,-0.004683,-0.007917,-0.035521,-0.025324,0.011020,-0.001134,0.006968,0.001960,0.000453,0.005205,-0.074920,-0.047209,0.019389,-0.018066,-0.001205,0.002583,0.005061,0.008647,-0.001228,0.016533,-0.005179,0.016497,-0.003217,-0.016251,-0.021075,-0.000341,0.023377,0.009426,0.004619,-0.000786,-0.004079,0.032035,0.007462,0.030742,-0.006880,-0.007777,0.015792,-0.001291,-0.019491,-0.011132,-0.003355,-0.003775,0.016098,0.007631,-0.006185,-0.010025,-0.005666,0.011061,0.025952,-0.001443,0.048515,-0.015355,0.002371,-0.010924,0.001590,0.004456,-0.010921,-0.005508,-0.005176,-0.035442,-0.039674,-0.065013,0.004629,-0.018047,-0.065596,-0.011165,-0.005406,-0.000888,-0.017315,-0.004872,0.031643,0.018550,0.014207,0.023367,-0.009288,-0.014189,-0.001376,-0.018647,0.015724,0.011642,0.021700,-0.002665,-0.014692,-0.061997,0.001113,-0.017160,-0.039857,-0.018579,-0.014996,-0.042342,0.000435,0.011110,0.046506,-0.049429,0.008359,0.014043,-0.011792,0.023644,0.003570,-0.031002,-0.024232,-0.071104,0.000131,0.006163,-0.001260,-0.032432,-0.021178,-0.004322,-0.019358,-0.000569,0.003378,0.015473,0.007919,-0.003454,0.002220,-0.039511,0.007404,-0.033686,-0.000742,0.007302,-0.012613,-0.008322
-0.019349,-0.041237,0.006175,0.006325,0.009915,-0.005416,-0.021420,-0.006603,-0.002654,-0.006322,-0.000951,-0.014531,-0.002199,-0.001993,-0.007088,-0.025298,0.022869,-0.013240,-0.003463,-0.002626,0.016730,0.010859,0.003479,-0.012595,0.020768,0.006831,0.015577,0.011330,0.000470,-0.011996,-0.024963,-0.016912,-0.021416,-0.012725,0.008148,-0.019205,-0.002205,0.012741,-0.006454,0.045457,-0.008478,0.005702,0.003539,-0.025259,0.019141,-0.002525,-0.009828,0.018558,-0.007964,0.047476,0.005179,-0.014254,-0.024556,0.001712,-0.001562,-0.017426,-0.017013,-0.001925,0.013063,0.004549,-0.015051,0.015654,-0.010345,0.014540,-0.005893,0.004376,-0.011763,-0.035777,-0.011383,0.020324,-0.011414,-0.014415,-0.002175,-0.005757,-0.019523,0.000591,0.004995,-0.004731,-0.023596,-0.001762,0.011041,-0.013571,-0.006242,0.012136,0.002876,-0.008082,0.035333,0.013847,0.008713,-0.006017,0.028327,0.042108,0.006429,-0.008865,-0.005650,-0.031897,-0.006555,0.007861,-0.016709,0.009255,0.002058,-0.017388,-0.007912,-0.009791,-0.002843,-0.028306,-0.012300,-0.011098,0.014137,-0.000515,-0.016325,-0.001980,0.022164,0.014095,-0.002239,0.021193,-0.016144,0.005471,0.019685,-0.016996,0.006357,-0.026423,0.007696,0.007845,-0.008509,-0.004749,-0.009833,-0.023863
-0.019841,-0.015510,0.007939,-0.004235,0.000832,-0.011678,-0.004352,-0.049687,0.005560,-0.015965,-0.007741,-0.015937,0.017778,0.030887,-0.630988,0.010858,-0.004208,0.004484,-0.001811,-0.010559,0.018403,-0.004672,-0.065527,-0.004899,0.012784,-0.012573,-0.009689,0.037251,0.001302,0.023216,-0.000289,-0.010231,0.001247,0.007576,0.052181,0.003144,-0.011330,0.000631,-0.020151,0.014600,-0.040929,-0.015768,0.108644,0.002144,-0.013011,-0.053957,-0.009543,0.000115,0.004053,-0.030353,0.000038,-0.009592,-0.006271,-0.004791,-0.012940,0.025417,-0.004396,-0.005954,-0.007857,-0.006833,0.005008,-0.003629,-0.018002,0.006372,-0.003729,0.004606,0.008519,-0.001040,-0.000583,-0.002242,0.004118,-0.011250,-0.005613,-0.008332,0.000674,-0.017472,-0.000723,-0.007626,-0.030906,-0.003138,-0.007005,0.034825,-0.017778,-0.001247,-0.018022,0.013747,0.017786,-0.024900,0.010026,0.004688,-0.015957,-0.018866,0.004532,-0.007120,0.001642,0.005715,-0.003024,-0.002640,-0.006583,-0.017495,0.011142,0.001714,-0.013839,0.000679,-0.015468,-0.004572,-0.010664,-0.006763,0.006676,-0.001609,-0.002714,-0.004293,-0.007809,0.061809,0.037667,0.000684,0.019558,-0.000726,0.077275,0.001638,0.012046,0.007022,-0.000659,0.003440,-0.001415,-0.000618,-0.006023,0.003999
-0.009206,0.002845,-0.024605,0.010633,-0.013021,-0.006690,0.002506,0.000998,0.003500,0.004121,0.013807,-0.007654,-0.001225,0.036836,0.018452,-0.002703,0.001399,-0.004355,0.011332,0.009737,0.231799,-0.006451,0.034396,-0.003094,0.198849,-0.009511,-0.017125,-0.024300,0.176159,0.022882,0.006406,0.011813,-0.000406,-0.001533,0.013338,0.033109,-0.001061,-0.007745,-0.010756,-0.020866,-0.003317,-0.001257,0.015138,-0.002903,-0.000992,-0.033552,0.005049,-0.028091,0.020276,-0.026831,0.140920,0.006285,0.000140,-0.012655,-0.008119,0.003198,0.030483,-0.005096,0.006375,0.021901,-0.005870,-0.335242,-0.005539,0.006515,-0.011752,-0.003270,0.004420,0.033364,0.004506,-0.011113,-0.010377,0.000755,0.011119,0.016592,0.003194,0.015114,0.004592,-0.004440,-0.035959,0.008683,0.000778,0.006020,0.001502,0.017027,-0.011942,0.011364,-0.007632,0.004633,0.007777,-0.004902,0.014206,-0.003454,0.008986,0.001244,-0.016255,0.009504,0.016808,-0.001957,0.005044,0.006163,0.001009,-0.002265,0.034707,0.026856,0.011263,-0.002748,-0.012641,-0.011791,-0.010644,-0.004800,-0.031477,-0.005340,-0.002355,-0.009741,-0.002769,-0.484305,0.003249,0.008988,0.016363,-0.004635,-0.008126,0.004803,0.004720,0.016077,0.062578,-0.001139,-0.004223,-0.004662
-0.002009,0.016588,-0.008254,-0.128027,0.000825,0.001333,-0.002243,-0.038536,0.009166,-0.000516,0.014651,0.008102,-0.002427,0.348385,0.039654,0.036210,-0.006048,-0.006163,0.001626,0.005065,0.001639,0.011956,-0.052102,0.013561,0.009855,-0.005525,0.013607,-0.053202,-0.001186,-0.001355,0.003946,0.000582,0.003183,0.105638,0.265703,0.002059,-0.004503,0.009451,-0.124155,0.014007,0.048602,0.002123,0.325425,0.009835,-0.006191,0.195903,-0.000903,0.017876,0.001485,0.050982,0.011512,0.007267,0.000812,0.008031,0.002940,0.064908,-0.006639,0.002187,0.014113,0.005231,-0.001229,0.000222,0.004584,-0.017432,-0.005293,0.015136,-0.008988,-0.001101,0.003115,0.015691,0.014406,-0.017329,-0.015744,-0.011370,0.015125,-0.029484,-0.015868,0.006383,-0.070339,0.008254,0.011563,-0.014471,-0.001120,-0.002458,0.090728,0.014741,0.020139,0.011505,0.049517,0.011012,-0.000610,-0.002152,-0.032868,0.004101,-0.000053,-0.002642,0.013167,0.005725,-0.003145,-0.020829,-0.017673,0.018079,-0.011592,0.040139,-0.100953,-0.006488,0.007974,-0.001939,0.012938,0.005767,-0.141825,0.008418,-0.004092,-0.039970,0.056714,0.001424,-0.061611,0.009255,-0.108400,-0.001066,0.009213,0.000257,0.004404,0.018687,0.022391,-0.001228,0.007537,0.000932
-0.013131,0.026084,0.016467,0.012839,-0.003440,-0.005005,-0.011428,-0.025347,0.016545,0.027623,-0.024295,0.009466,0.010050,0.004435,0.000955,0.010749,0.039678,-0.012489,-0.031844,0.017894,0.016805,-0.013006,0.019517,-0.013703,0.004298,-0.004865,0.016448,0.010399,0.009993,-0.009347,-0.026587,0.010206,-0.014658,-0.009355,0.006029,-0.027729,0.005394,0.010983,0.012762,-0.009997,-0.045477,-0.008367,0.040165,-0.002132,0.013886,-0.022961,-0.003546,0.002308,-0.006321,0.014018,0.013339,0.022753,-0.026040,-0.006681,-0.016892,-0.029728,-0.008467,-0.023550,-0.000522,-0.017423,-0.005953,-0.014128,0.001702,-0.015355,0.009081,-0.026047,0.011469,-0.025161,-0.007351,0.026060,0.014900,0.015283,-0.023163,0.011403,-0.009268,0.015422,-0.024903,-0.011084,-0.008743,-0.021213,0.021620,0.022344,-0.019490,0.006641,0.003587,-0.000703,0.010817,0.021177,0.002917,0.020458,-0.028210,0.053450,-0.031393,-0.005187,0.001875,-0.013407,0.014400,0.009570,-0.020005,-0.029478,-0.007584,0.004479,0.006287,0.013414,-0.005093,-0.002690,0.004287,-0.007848,0.024309,0.005261,-0.014526,-0.011416,0.045169,0.009512,-0.011848,0.007723,0.013034,-0.015314,0.028801,-0.016801,0.005726,-0.003916,0.007343,-0.003626,0.010750,-0.004157,0.002550,-0.019931
-0.018225,0.107554,-0.004079,0.015221,-0.012099,-0.016533,-0.031445,-0.002945,-0.005411,-0.025835,-0.001104,-0.016031,-0.007637,0.009422,0.006968,0.012177,0.005541,-0.021025,0.047313,-0.016390,-0.018375,-0.016579,0.000244,-0.010195,-0.018511,-0.008189,-0.074031,-0.007688,-0.009854,-0.094145,0.003421,0.036491,-0.038297,0.010689,0.010028,-0.042543,-0.005444,-0.042492,-0.004690,-0.009213,0.003907,-0.021952,0.001170,-0.018592,-0.016227,-0.020889,-0.031653,-0.069062,-0.033723,-0.029986,-0.010949,-0.024720,-0.026970,0.005845,0.043200,-0.014037,0.083741,-0.004245,0.013197,-0.009824,-0.004913,-0.022078,-0.030602,0.016213,-0.032626,0.003096,0.017906,-0.015647,-0.018387,-0.037348,0.008504,0.012520,0.001586,-0.022062,0.000738,-0.017813,-0.013287,0.007406,-0.001472,-0.004135,0.001448,-0.020461,-0.034029,-0.025347,0.004014,-0.024378,-0.007341,0.004861,-0.002444,-0.020523,-0.022438,0.016740,0.038357,-0.022997,-0.055651,-0.028931,-0.032835,-0.039921,0.040856,0.069781,-0.001202,0.008796,-0.022188,-0.021082,-0.002053,-0.012538,-0.021665,-0.010263,0.016529,-0.002961,0.001011,-0.012300,0.000112,-0.000271,-0.001305,-0.014934,-0.011776,-0.004350,0.020634,-0.014139,0.001690,0.011895,-0.024134,-0.001337,-0.005752,0.021296,-0.023954,-0.019241
0.038863,0.030304,-0.013120,0.019870,0.009350,0.018197,0.000566,0.000118,0.005861,-0.016871,0.079966,0.013126,0.006455,0.019281,0.002821,-0.034716,-0.020712,0.002575,0.008728,0.027750,0.009668,0.017601,-0.014778,-0.000949,0.002122,0.031287,-0.043534,0.002392,-0.013598,0.009252,-0.017418,-0.023233,0.054240,0.005075,0.003327,0.011198,0.035840,0.009962,0.000248,-0.001597,-0.004714,0.027489,0.004946,0.004682,0.033803,0.003920,0.011674,-0.039797,0.052115,-0.000430,0.008572,0.044347,-0.004522,0.032209,-0.002841,-0.013306,0.014194,0.007075,0.014846,-0.008766,0.016017,-0.016144,0.021032,-0.020453,0.029843,-0.009538,-0.030789,-0.019106,0.014793,0.018682,0.023460,0.014103,0.007602,-0.002126,-0.004473,0.024145,0.044818,0.005525,0.010949,0.084493,0.040245,-0.003462,0.034940,0.011153,-0.001261,-0.012868,0.017727,0.002119,-0.003361,-0.002324,0.074025,-0.061924,0.006188,0.022895,-0.005119,-0.022157,0.032993,0.012202,0.021628,0.011458,0.008357,0.007500,-0.016646,-0.031626,-0.008560,-0.008670,0.046933,-0.005448,0.025956,0.041581,0.002753,0.014332,-0.004014,0.023117,0.005205,-0.000150,0.006376,0.067046,0.011703,-0.004146,-0.006043,-0.019420,0.037808,-0.012422,0.004135,0.012603,0.026906,-0.009130
-0.005211,0.057670,-0.001253,0.009437,0.012744,0.009736,-0.017994,-0.023728,-0.028932,-0.008845,-0.034252,0.012440,-0.007212,0.012721,0.006263,-0.002113,-0.081119,-0.028806,0.002288,-0.030055,0.024522,0.041574,-0.005663,0.007003,0.023588,0.013934,-0.009071,-0.000720,0.005515,0.019054,-0.004160,-0.008926,-0.115220,-0.013757,0.003653,0.003012,0.024523,-0.085973,-0.014663,0.027547,-0.032246,0.028747,0.050397,0.014557,0.020680,0.003842,0.024870,-0.012154,-0.077193,-0.013969,0.005884,0.029678,-0.008654,0.041536,0.007168,-0.051917,0.046269,-0.004599,0.001346,0.001612,0.020603,0.004244,-0.002709,-0.012002,0.012019,-0.033619,-0.035897,-0.025968,0.020850,-0.134314,-0.055479,-0.003602,-0.010884,-0.012331,-0.022028,0.002641,-0.040094,0.032199,0.015099,-0.039209,0.019271,-0.040489,0.019309,-0.001549,-0.012577,-0.005475,0.031916,0.024892,0.011505,-0.063222,0.058815,-0.036602,-0.001691,0.004511,-0.003492,-0.056768,-0.002814,-0.006018,0.015051,-0.025384,-0.007673,-0.008492,-0.001521,-0.029692,-0.008529,-0.007702,0.007276,0.025092,-0.110250,-0.053166,-0.015993,-0.026866,-0.065646,0.060616,0.011656,-0.003665,0.004043,-0.043023,0.021448,0.015440,-0.038621,-0.032952,0.047353,-0.049997,0.005847,0.027592,-0.006544,-0.001337
0.000790,-0.010534,-0.009233,-0.025716,0.003450,-0.001303,0.008799,0.147942,0.007235,-0.000842,0.000548,0.001888,-0.011370,0.003143,0.011072,0.026747,-0.002395,0.003944,-0.016501,-0.003317,0.002688,-0.001344,-0.117374,0.001074,0.005794,-0.001320,0.010434,-0.029379,0.008887,0.004432,0.006548,-0.008900,0.002541,0.187271,0.099302,-0.022583,-0.002772,0.004556,-0.042205,0.006854,-0.845977,-0.002743,-0.249122,0.004453,-0.000269,0.014563,-0.002748,0.026890,-0.002534,0.014632,0.021201,-0.000139,0.007890,0.001840,-0.015706,0.115733,-0.005121,0.002185,0.003010,0.003184,0.005896,-0.009188,-0.004567,-0.006135,-0.006007,0.007241,-0.003210,0.004851,-0.003408,0.008913,-0.001950,-0.001525,-0.032488,-0.002009,0.005969,-0.001082,-0.003564,0.004131,0.139958,0.000589,-0.004359,-0.031289,-0.006356,0.000736,0.005325,-0.004936,-0.002907,-0.075186,0.260213,0.008768,0.001092,-0.003471,0.006451,-0.000868,0.011412,0.006960,-0.002916,0.010957,-0.015237,-0.014511,-0.015418,0.002846,-0.000867,0.051675,-0.130544,0.006535,0.000106,0.002812,0.005689,0.004318,0.067071,0.002855,-0.000794,-0.056233,-0.056293,-0.007998,-0.051130,0.000764,-0.031209,0.004653,0.022226,0.009864,0.001191,0.012029,-0.008108,-0.008852,0.000877,0.009907
-0.006083,0.015863,0.018298,0.013330,-0.008647,0.003232,0.008775,-0.004968,0.013577,-0.014574,0.007213,0.001492,-0.017209,0.013305,0.005332,0.022095,-0.004274,0.005958,-0.014221,0.003037,0.017725,0.000071,0.004882,-0.007665,0.011892,0.004159,-0.012892,0.013737,-0.005142,0.007798,0.005836,0.009514,-0.001182,-0.004250,-0.012280,-0.188228,0.000755,-0.009004,-0.001725,-0.001553,-0.017754,0.004127,-0.011881,0.009183,0.008730,-0.005565,-0.002084,-0.034929,0.007425,0.000777,-0.001556,0.013239,0.012744,-0.002581,-0.005729,-0.009284,-0.016268,0.013359,0.000847,0.009771,0.004265,-0.003831,-0.003060,-0.008778,0.006077,0.003408,-0.026716,0.008554,-0.003015,-0.001767,0.002694,0.030226,0.014335,0.036651,0.002707,0.012585,-0.008802,-0.015873,-0.005412,0.016124,0.010941,0.015103,0.001471,-0.004737,-0.005728,-0.004200,-0.007708,0.011252,-0.008269,-0.010561,-0.025597,-0.004532,-0.026406,-0.000867,0.005472,-0.007350,0.001836,-0.001454,-0.018983,-0.010547,-0.013432,0.000066,-0.002220,0.021669,-0.021596,-0.000507,0.004733,0.003066,-0.000923,-0.002199,-0.006179,-0.005511,0.002384,-0.006730,0.006861,0.012254,0.001179,0.021825,0.011391,0.006483,0.005539,-0.009646,-0.001765,0.014028,0.004190,-0.000493,0.004255,-0.003630
0.008907,-0.025050,-0.019017,0.059374,0.007928,0.001117,0.000825,-0.043848,-0.009737,0.005655,0.008851,-0.000866,-0.010868,0.002540,-0.020238,-0.063863,-0.002216,0.001206,-0.004206,0.000163,0.008527,-0.002043,-0.083222,-0.005677,0.008402,-0.000486,0.005295,-0.100339,0.008109,0.029008,0.001112,-0.004852,0.005954,-0.270600,0.093574,0.007920,-0.007446,-0.001761,0.030211,-0.006070,-0.153378,-0.002890,-0.033440,0.004031,-0.005656,0.117003,-0.000655,-0.001926,0.002211,-0.050229,0.013393,-0.003393,0.007650,0.004451,-0.009007,0.282268,-0.008909,0.010256,0.008071,0.012373,0.003984,0.007015,0.001866,-0.017378,0.006755,0.014829,-0.014609,0.009565,-0.002578,0.006254,0.000412,0.000606,-0.026005,0.011572,0.004049,0.005760,0.001897,-0.003085,-0.141926,0.000015,0.001997,-0.012465,0.011759,-0.000825,-0.150403,-0.001015,0.005585,-0.126230,-0.183842,0.000675,-0.011945,-0.002064,0.004077,0.008492,0.003746,-0.000474,0.011838,-0.002349,-0.008782,0.003518,0.040922,0.002612,0.005763,-0.002666,0.188790,0.000652,-0.000530,0.004013,-0.000660,0.007152,-0.007689,0.007005,-0.000089,-0.050091,0.380490,0.010693,-0.071611,0.006559,0.475666,0.008792,-0.005119,0.003364,-0.013055,-0.006654,0.266411,-0.013498,0.004866,-0.011701
-0.003786,-0.005483,0.012125,-0.018406,0.036400,-0.004574,0.002310,0.010281,0.018068,0.000532,0.002118,-0.011712,0.012059,-0.015762,-0.002995,0.008429,0.210670,0.025294,0.028229,-0.022440,-0.011561,-0.015536,0.006480,0.022027,-0.018742,-0.014900,0.010426,-0.007259,-0.011385,-0.013534,0.011118,0.007262,0.020301,0.011186,-0.000766,0.014316,-0.000374,0.013016,-0.007361,-0.008527,0.042706,-0.031162,-0.019401,-0.008498,-0.017804,0.024326,-0.014955,0.048321,-0.001192,0.024028,-0.000129,-0.010898,0.012460,-0.007842,0.034256,0.046210,0.009211,0.014744,-0.005889,0.012670,-0.020606,-0.001820,0.014718,-0.007026,0.003363,0.055338,0.019748,0.019817,-0.020066,0.121318,0.037855,0.000635,0.024952,0.010759,0.009518,-0.007228,0.004646,0.027802,-0.001943,-0.005813,-0.010886,0.027750,-0.008568,-0.014208,0.016846,0.050350,-0.015845,-0.026069,0.008558,0.076336,0.003668,0.169071,0.019508,-0.006186,0.053560,0.007533,-0.022675,-0.002070,0.025952,0.036628,0.004307,0.025734,0.004438,-0.004374,-0.036848,0.003275,-0.010593,0.031328,0.100833,0.044126,0.021602,-0.005460,0.243456,-0.047078,0.010077,-0.003239,-0.015593,0.008168,0.008858,0.013159,-0.009055,0.050083,0.000715,0.024400,-0.032049,-0.006893,-0.008558,0.026343
0.009735,0.002956,-0.000220,0.009688,-0.002922,0.007350,0.038692,0.022553,0.034243,0.028410,0.015979,0.023881,-0.006710,0.011989,-0.003897,0.045339,0.038165,0.048689,0.013456,-0.007889,-0.000052,-0.000333,0.006621,0.014247,-0.000006,-0.005978,0.001396,-0.013372,0.017253,-0.008863,0.023383,-0.005613,-0.018177,-0.007982,-0.017507,0.021968,-0.005263,-0.007024,0.010530,0.010163,0.012282,-0.010200,0.015952,0.024601,0.032680,-0.008410,0.010879,-0.011388,-0.023244,-0.004224,0.029784,0.019502,0.044561,0.004012,-0.010978,-0.021182,-0.000410,0.028571,0.005480,0.024952,0.005863,-0.004146,0.018576,-0.001837,-0.002687,0.040989,0.020133,0.072881,0.012149,-0.006228,0.010843,0.004705,-0.007339,0.017386,0.033114,0.009649,-0.022007,0.015061,-0.002806,0.012752,0.003472,0.002406,-0.004371,0.016139,0.020424,0.018838,0.023411,-0.008685,0.006551,0.033812,0.003077,-0.010880,0.032659,0.039019,0.017167,0.046047,-0.003088,-0.008155,0.038188,0.047473,-0.005493,0.009974,0.034913,-0.036122,-0.010901,0.052847,0.015249,0.046641,-0.035895,-0.020284,0.005533,0.036288,0.008316,-0.011380,-0.011358,-0.003189,0.003944,0.003468,0.013953,0.020619,0.008953,0.052288,0.023014,0.044310,0.008387,0.006330,0.021401,0.027270
-0.010585,0.064569,-0.002395,0.019520,-0.033349,-0.017878,-0.002335,-0.010641,0.000118,-0.035767,-0.019068,-0.019039,0.008647,-0.008035,0.000638,0.006489,0.026999,-0.011319,-0.033139,-0.009846,0.020616,-0.002469,0.030580,-0.015490,0.012863,-0.003313,-0.036347,-0.007130,0.013171,-0.013911,0.022529,-0.011283,0.004049,-0.008395,0.004759,-0.221734,-0.019095,0.002863,-0.001427,-0.010939,-0.021028,-0.021713,-0.007753,0.012920,-0.014940,-0.013797,-0.011186,0.016837,0.016106,-0.017240,-0.006390,-0.019011,0.018112,0.011061,-0.006058,0.002366,0.010985,0.025892,0.005645,0.003999,-0.004185,0.029726,-0.034417,0.004782,-0.046343,0.027597,-0.030560,-0.002894,-0.011433,0.021393,-0.004133,0.033609,-0.010729,0.005336,0.014971,0.010788,0.002144,-0.023829,-0.001678,0.000973,-0.009396,0.017345,-0.023100,-0.006458,0.026978,-0.021781,-0.025275,0.008385,-0.012778,0.016020,-0.039505,0.011026,0.009126,-0.005286,-0.042674,-0.000502,-0.015256,-0.022051,-0.027348,0.022574,-0.018308,-0.014477,-0.011893,0.007535,-0.003653,-0.010722,-0.017556,-0.011784,0.024615,0.019591,0.007276,-0.002172,0.022299,0.023013,-0.009159,0.007544,-0.018350,0.003049,0.003664,0.010162,0.008087,0.020365,-0.032026,0.009497,0.007932,-0.017019,0.008486,-0.032001
0.001635,-0.003852,-0.006620,0.059631,-0.004089,0.015315,0.066772,-0.025541,0.040981,0.161723,-0.003797,0.006675,-0.008392,-0.005589,0.011163,0.153138,0.024160,-0.009257,0.006439,0.013396,0.020233,0.020171,-0.009162,0.023802,0.014348,0.010533,0.273886,0.000237,-0.002596,-0.012772,0.016775,0.021138,0.010614,-0.053762,0.013885,-0.015476,-0.004812,0.038312,-0.012859,0.021904,0.036223,-0.012568,-0.009322,0.047069,0.013355,-0.072519,0.021360,0.251915,0.016710,-0.034171,0.008305,0.040675,0.034196,-0.007862,0.009889,-0.057415,-0.005327,-0.001906,0.013790,-0.000379,0.026096,-0.007021,0.005395,-0.023063,0.002801,0.017402,-0.640060,0.008422,-0.012285,0.034242,0.022697,-0.006124,-0.005346,-0.000657,0.028388,-0.001033,0.004844,0.035444,0.000959,0.006108,-0.003580,-0.002459,-0.004642,0.034493,0.004112,-0.013317,-0.007481,0.026960,0.052322,0.024923,0.011026,0.007459,0.032318,0.015132,0.026813,0.016243,0.035466,0.061164,0.013878,0.036674,0.013965,0.031439,0.012362,0.077000,0.057398,-0.005322,0.031203,0.011069,0.005179,0.006836,0.023691,0.023414,0.025569,-0.035699,-0.014316,-0.011434,-0.028290,0.001939,-0.026096,0.023495,-0.000771,-0.000441,0.011270,0.013992,-0.009868,0.015984,0.043063,-0.205012
0.008356,-0.022320,-0.004449,0.027841,0.011902,0.009963,-0.018776,-0.042312,-0.006867,-0.031157,-0.006924,0.002025,0.015073,0.002779,0.000629,-0.013413,-0.030804,-0.006539,-0.007270,-0.003768,0.021700,0.001427,0.026596,0.011550,0.013485,0.005743,-0.047069,0.004610,0.011606,0.013863,-0.020598,-0.019505,-0.006466,-0.004396,0.001578,-0.003742,-0.006992,-0.007603,-0.001273,0.009221,-0.037852,-0.002233,0.042071,-0.003219,-0.007453,0.000711,0.003772,-0.052226,-0.026987,-0.007010,0.001600,0.006893,-0.013480,-0.001620,-0.002376,-0.030224,-0.021643,-0.019840,0.010376,-0.020109,-0.007559,-0.012104,0.017717,-0.011319,-0.000287,-0.024876,-0.015011,-0.019251,0.014344,0.003585,-0.021009,0.023213,-0.004508,0.022152,-0.029045,0.039063,-0.000110,0.001846,0.000565,-0.003125,0.003467,0.015002,0.008115,-0.005820,-0.022536,0.020651,-0.008792,0.007009,0.006029,-0.006684,-0.028136,0.002070,0.011451,-0.017286,-0.016029,-0.018258,0.000938,-0.005984,-0.000692,0.010919,-0.011805,0.011902,-0.001492,0.015879,0.006939,-0.017208,-0.001238,-0.020690,-0.000520,-0.013333,-0.015542,-0.017856,0.018923,-0.015971,0.000622,-0.009671,0.022638,-0.006888,-0.004684,-0.014712,-0.004382,-0.016758,-0.000059,-0.025416,0.012725,-0.017975,-0.018784,-0.009752
0.003576,0.017188,-0.032114,-0.080248,-0.023956,0.001153,-0.005252,-0.124926,-0.009260,-0.014907,-0.003253,-0.007513,-0.030208,-0.162786,0.018210,-0.010614,-0.011801,-0.012408,-0.029106,-0.004210,-0.004806,-0.010116,0.113171,0.001082,-0.015191,-0.001493,0.003343,0.284751,-0.003718,-0.017194,-0.010265,-0.016357,-0.003694,0.153538,0.047232,0.005956,-0.008615,-0.002873,-0.076518,-0.005431,0.059268,0.000162,0.102888,-0.008899,-0.006144,0.062794,-0.004940,0.028018,-0.010904,-0.041190,-0.003002,-0.005979,-0.000678,0.000993,-0.018089,-0.054192,-0.015732,-0.010092,-0.009691,0.005699,0.000705,-0.034505,-0.010445,-0.022779,-0.004053,-0.006208,0.006279,-0.005128,-0.006266,-0.017344,-0.014422,-0.000478,0.007249,0.001491,-0.014697,0.000069,-0.014355,0.001028,0.281833,-0.014417,-0.016066,-0.018263,-0.006169,-0.009615,0.262626,-0.005890,0.002771,0.043577,0.008235,-0.007517,-0.009558,-0.018645,-0.020199,-0.013448,0.004223,-0.003460,-0.015362,0.008982,-0.020378,-0.005522,-0.055665,-0.008843,-0.012461,-0.047884,0.060195,-0.000182,-0.006849,-0.015404,-0.011271,-0.000481,0.122487,-0.003828,-0.023422,-0.038345,0.453926,-0.033592,0.062191,-0.006413,0.085626,-0.013158,-0.031853,-0.012304,-0.000863,-0.008787,-0.086063,-0.017850,-0.001583,0.012563
-0.008614,0.020981,-0.001436,0.006659,-0.016500,0.008971,-0.023170,-0.027918,-0.027930,0.008268,-0.130648,0.000005,-0.009986,0.023425,-0.000466,-0.042994,0.041827,-0.018474,-0.015620,-0.008591,0.011429,0.014014,0.023857,-0.006017,0.032174,0.001670,0.003016,0.007830,0.005558,-0.008532,-0.012218,-0.022627,-0.113778,-0.012545,-0.006506,-0.039467,0.008961,-0.029514,-0.003004,-0.001664,-0.046499,-0.008342,0.051130,0.000800,0.003022,-0.026425,0.023522,-0.010738,-0.113718,0.020446,0.016291,0.018816,-0.021315,0.008837,0.003440,-0.032102,0.016597,-0.002204,-0.000887,0.006626,0.010261,-0.007728,0.009602,-0.008781,0.020771,-0.027753,-0.005249,-0.001915,0.017542,-0.012239,-0.008714,0.001730,-0.017469,0.006591,-0.024341,-0.004902,0.002728,0.001806,0.006568,-0.112078,0.004908,0.025529,0.021504,-0.002149,-0.003744,-0.005292,0.006028,0.016739,0.003267,-0.012611,-0.055547,0.012646,-0.000505,0.000713,-0.002361,0.005886,0.011402,-0.007439,-0.006413,0.005546,-0.013651,-0.008900,0.005121,-0.007873,0.012475,-0.002140,0.000039,0.006536,-0.034025,-0.033242,-0.019447,-0.000399,0.047120,0.005718,-0.000490,-0.014486,0.026578,-0.153514,0.034931,-0.006927,0.000281,-0.042436,0.004760,-0.034174,0.003986,-0.033194,0.009731,-0.006610
-0.015277,-0.022216,0.008137,0.012741,0.000820,-0.020542,-0.013599,0.014572,-0.009519,0.016270,0.019197,-0.012666,0.002108,-0.005355,0.023184,-0.001594,0.207797,0.018303,0.017164,0.017649,-0.003249,-0.009736,-0.008665,-0.001470,-0.006828,-0.001064,0.005221,-0.017678,0.007394,-0.010878,-0.011009,0.003591,0.035186,0.020124,0.003156,0.022858,-0.017517,0.026140,-0.008653,-0.008501,0.029558,-0.024627,-0.020275,-0.004248,-0.011352,0.017347,-0.010035,0.026626,0.032508,0.015137,-0.021961,-0.005830,-0.021375,0.009811,0.033766,0.002211,-0.017964,0.001676,0.005737,-0.004728,0.003688,0.002214,-0.020132,0.018557,-0.012960,0.019591,0.025650,-0.001276,-0.014488,0.134864,0.036248,0.002617,0.017145,0.006147,-0.000651,0.003462,0.010720,0.015870,-0.000409,0.000682,0.001618,0.014796,0.002388,-0.009988,0.009320,0.010006,0.003706,-0.005991,0.008805,0.079810,0.000618,0.159509,0.026843,-0.000593,0.046650,-0.005391,0.000250,-0.000329,0.046403,0.015832,0.018532,0.019926,0.016236,-0.021097,-0.050951,0.003539,-0.011160,0.056116,0.108955,0.059107,0.012856,0.002654,0.238830,0.023349,0.021894,-0.009955,0.002367,0.009494,0.016607,-0.019597,-0.017251,0.012647,-0.025412,0.009722,-0.018290,-0.032728,0.005513,0.036905
0.009757,-0.007656,-0.002345,-0.005541,0.000296,0.003470,0.004475,-0.000784,0.007821,0.003052,-0.023681,0.015446,-0.012390,-0.012894,-0.014260,0.004705,-0.001118,-0.003770,-0.025352,0.025137,-0.026771,0.011863,-0.025784,-0.011121,-0.041390,0.004234,-0.018176,0.019503,-0.040443,-0.020399,-0.008910,-0.009353,-0.005106,-0.017601,0.002796,0.008139,0.020568,-0.006078,0.004294,0.003733,-0.014311,0.012469,0.007062,0.007945,0.012479,-0.030214,0.009588,-0.031959,0.000531,-0.019563,-0.018212,0.003585,-0.003823,-0.006196,-0.000228,-0.064834,-0.003486,-0.014708,0.015773,-0.027609,-0.010163,0.004378,0.002506,-0.018408,-0.000868,-0.045241,0.034394,-0.029678,0.007943,-0.019865,0.007076,-0.018291,-0.024874,-0.007704,0.005531,-0.013068,-0.005230,-0.017624,-0.017037,-0.007070,0.011466,0.005861,-0.010818,0.023383,0.041215,-0.005975,0.004477,0.017309,0.001305,-0.009736,-0.024314,0.010659,0.002883,-0.008892,-0.038032,-0.027647,0.003940,-0.013877,-0.004940,0.022753,-0.013959,-0.013562,-0.027563,0.061119,0.007130,-0.007345,0.019730,-0.027560,-0.008580,-0.007013,0.035454,0.000724,-0.006031,-0.034123,-0.005958,-0.019463,0.006138,-0.019041,-0.016600,-0.019892,0.009985,-0.029539,0.024623,0.018103,0.027387,-0.000228,0.016067,-0.021624
-0.006920,-0.018113,0.027668,-0.122905,-0.014231,-0.004910,0.004832,-0.113020,0.005402,-0.011960,-0.016489,-0.002159,0.015563,0.496513,0.056291,-0.038113,0.002484,0.002997,-0.004853,-0.003695,-0.007550,-0.005863,0.223204,-0.005886,-0.020045,-0.003850,-0.006823,-0.063873,-0.011977,0.044223,-0.001731,0.006031,-0.006885,-0.068090,0.449982,-0.021852,0.004855,-0.003896,0.018602,-0.031686,-0.005582,-0.000602,-0.189610,-0.007308,-0.004496,0.112230,-0.001409,-0.007019,-0.001646,-0.107888,-0.013310,-0.015269,-0.004119,-0.012253,-0.003279,0.111456,-0.013135,-0.004700,-0.012438,-0.008289,-0.004778,0.032618,-0.005987,0.022472,-0.004473,-0.008525,-0.002632,-0.008398,-0.001062,-0.015827,-0.010104,0.032951,-0.047961,0.023392,-0.005587,0.041994,-0.002406,-0.011258,-0.192535,-0.012398,-0.015445,0.013018,-0.006952,-0.000885,0.037217,-0.015695,-0.011519,-0.008436,0.024401,-0.004396,-0.005161,-0.005033,0.001636,-0.005000,-0.001227,-0.001185,-0.011579,-0.002517,0.000597,-0.004042,-0.005230,-0.024330,-0.002400,0.031065,0.113722,0.008320,-0.009287,-0.003844,-0.016911,-0.007835,0.011560,-0.008677,-0.006027,0.041967,0.049394,0.063183,-0.034156,-0.016371,-0.047081,-0.006239,0.030340,-0.002293,0.005105,-0.001020,-0.070236,0.002861,-0.008703,0.004051
0.002761,-0.019091,-0.004836,0.028593,0.010685,0.020000,-0.024638,-0.023794,-0.036398,-0.030776,-0.155724,0.005310,-0.009342,0.009703,-0.002209,-0.025187,0.062553,-0.004820,-0.041616,0.012372,0.022229,0.026327,0.007024,-0.000808,0.007152,0.014434,0.001096,-0.005302,0.016429,-0.015268,-0.001430,-0.024252,-0.097785,-0.023944,0.005234,-0.003118,0.013780,-0.033418,-0.003905,0.027048,-0.048413,-0.016458,0.053487,0.025223,-0.000256,-0.003811,0.015825,0.012075,-0.108443,0.075552,0.002296,0.010908,-0.023478,0.025252,-0.015252,-0.036126,-0.021697,0.001807,0.003661,0.004362,0.024859,-0.011640,-0.005168,0.000669,0.022135,-0.006493,-0.001228,-0.017595,0.009349,0.025624,0.009691,0.001299,0.002818,0.010210,-0.000714,0.010106,-0.022191,-0.007927,0.012913,-0.103621,0.017402,-0.011539,0.021952,-0.003971,-0.009238,-0.023688,0.030021,0.017710,0.004312,-0.003808,-0.034603,0.070972,0.025386,0.006482,-0.009477,-0.004621,0.015073,-0.000061,-0.028539,-0.002538,-0.012552,-0.015563,-0.005357,0.000631,0.003607,-0.016501,-0.003418,0.042018,-0.002917,-0.019496,-0.011388,0.008518,0.099049,0.041338,0.008188,-0.012155,0.010771,-0.162065,0.022594,0.009546,-0.015010,-0.030879,-0.010757,-0.043119,0.012821,-0.019676,0.023843,0.004928
0.002902,0.005863,0.029178,0.003522,0.020032,0.012609,0.013262,0.052848,0.013381,0.000501,0.015163,0.009820,0.024096,-0.182738,0.053844,-0.010303,0.002912,0.015614,0.021740,0.002221,0.019043,0.014037,0.066641,0.010677,0.012899,0.004706,0.016924,-0.077651,0.017773,0.041742,0.007934,0.017654,0.017086,-0.033761,0.084404,0.009825,0.014416,0.007512,0.032042,-0.016774,-0.014442,0.012837,0.171924,0.012610,0.007926,0.037528,0.010801,0.007404,0.017437,0.039944,0.015491,0.017245,0.011026,0.010419,0.029484,0.256156,0.013789,0.000709,-0.003089,0.010642,0.008980,-0.023051,0.008780,0.030986,0.008655,0.009439,-0.011816,0.013064,0.015891,0.019116,0.010352,-0.000644,0.037907,-0.016259,0.007613,-0.016753,0.006771,0.007905,0.308096,0.028126,0.013933,-0.010487,0.002723,0.009762,-0.113003,0.028663,-0.022733,0.010019,0.034198,0.005929,0.005646,0.010409,0.016904,0.016857,0.002422,0.011302,0.010802,0.006076,0.025693,-0.001129,-0.050767,0.025487,0.020023,0.061500,0.018702,0.010862,0.011222,0.014882,0.022288,0.014332,-0.011032,0.004598,0.005317,0.002270,0.222194,-0.030666,0.005086,0.015885,0.110225,0.012902,-0.070702,0.007484,0.013544,0.015714,-0.315383,0.010450,0.014078,-0.003297
0.005527,0.005471,-0.001420,0.015951,0.014476,0.007271,-0.005640,-0.011133,-0.005162,0.017479,-0.001594,-0.004438,-0.000830,0.005887,0.002123,-0.026894,0.004120,0.000470,-0.000577,0.007415,0.009305,-0.005631,0.011735,-0.006361,-0.003277,0.004533,0.000788,0.008239,-0.014429,-0.006400,-0.011537,-0.009271,0.003678,0.000273,-0.012835,0.005001,0.016459,0.001255,0.005912,0.007074,-0.019781,-0.003518,0.039936,-0.001935,-0.007256,-0.018621,-0.002634,0.006829,0.005555,0.018147,-0.000704,0.002003,-0.016101,-0.018268,0.001226,-0.034283,-0.003272,-0.001952,-0.007063,0.004662,-0.008246,-0.000115,0.013206,0.012630,0.014670,-0.012066,0.024266,-0.019906,0.000667,-0.014934,-0.015831,0.005759,-0.055245,0.013850,-0.012439,0.000638,-0.002626,0.000192,0.002977,0.002041,-0.004110,0.021564,0.007474,0.003192,0.009569,-0.003599,0.011305,0.026635,-0.016564,-0.000608,0.002416,-0.012726,0.012962,-0.004115,-0.010476,-0.006180,-0.008511,-0.000222,0.009116,0.007883,-0.004139,0.004013,-0.008072,-0.016641,0.010024,0.000388,-0.003359,-0.018204,-0.001769,0.003310,0.033969,-0.009330,0.001928,-0.023330,0.004420,0.003980,-0.185689,-0.006217,0.013154,-0.015213,-0.021364,-0.008303,0.003712,-0.002875,0.005271,-0.000644,-0.023600,-0.002756
0.023865,0.022177,0.034650,0.059720,-0.004655,0.028362,0.045267,-0.063348,0.014680,-0.105955,0.003527,0.021347,0.024936,-0.002610,-0.031966,0.034545,0.023259,-0.013643,0.027870,0.032671,0.010215,0.030787,-0.036179,0.019842,0.004177,0.022634,-0.037006,-0.010429,0.002139,-0.018240,0.015108,0.020810,0.022621,0.003899,-0.060421,-0.053006,0.010064,0.105177,-0.058673,-0.011371,0.021724,-0.001853,-0.043671,0.051222,0.005631,0.035830,0.033577,-0.059420,0.022171,-0.069413,0.015578,0.042525,0.023833,0.019839,0.027340,0.041136,0.021092,0.014497,0.031202,0.024064,0.034826,0.003655,0.015777,0.025477,0.018807,-0.008056,0.392721,0.010099,-0.006482,0.011689,0.022830,0.004949,0.012515,0.014269,0.022734,0.006403,0.045213,0.042609,0.014639,0.012696,0.010126,0.003375,0.027794,0.043283,0.034157,-0.013427,-0.013677,0.007033,0.042748,0.007120,0.030062,0.014367,-0.356672,0.019751,0.197216,0.017819,0.034262,0.101413,0.038977,-0.408984,0.048312,0.029258,0.022978,-0.053424,0.075901,-0.011638,0.037090,0.018057,-0.012892,0.015795,-0.022380,0.033520,0.025381,0.003196,-0.043805,0.000085,-0.024165,0.013813,-0.032938,0.027655,0.004419,-0.013033,0.004033,-0.020612,-0.055565,0.030115,0.046198,0.282818
-0.005916,0.069701,0.001439,0.009715,0.019464,0.009263,0.010262,-0.009348,0.005261,0.014593,-0.017384,-0.015793,-0.018494,0.009279,0.001144,0.019990,-0.014092,-0.008976,0.026302,-0.007847,0.069127,0.009497,0.011245,-0.013524,0.049499,-0.005030,0.039562,-0.008982,0.007260,-0.075680,-0.016811,0.022081,-0.019909,0.005235,-0.001828,-0.010402,0.005712,0.007721,0.029777,0.009960,-0.001417,-0.029464,0.012668,-0.001776,0.007974,-0.004286,-0.003599,0.040123,-0.016604,0.020094,-0.013805,0.011899,-0.023780,-0.015900,0.033947,0.003823,0.032728,-0.022589,-0.021806,-0.031043,-0.007214,0.020874,-0.024339,-0.030232,-0.006404,-0.010119,-0.001812,-0.056711,-0.022515,-0.005024,0.006420,0.016091,0.039671,-0.009231,-0.010068,-0.000475,-0.022594,0.002425,-0.004090,-0.012771,-0.012664,0.015325,-0.003124,-0.004790,-0.017921,-0.003721,0.017277,0.019154,0.000012,-0.005548,0.010276,0.008351,-0.081339,-0.012535,0.005353,-0.024172,0.009194,0.010559,0.024876,-0.082916,0.001648,0.018311,-0.048515,0.003865,-0.011141,-0.022586,0.009207,0.004399,-0.007663,-0.005004,0.018881,0.015435,-0.012124,0.013890,-0.003858,-0.002568,-0.002692,-0.004017,0.021675,-0.013165,-0.002923,-0.021589,-0.008894,0.002570,0.015012,-0.000618,0.024338,-0.000220
-0.017225,0.040913,-0.002312,0.014712,-0.024011,-0.006230,-0.001374,-0.025735,-0.007262,-0.003064,-0.075654,-0.002115,0.008907,0.009739,-0.005770,-0.012669,-0.034534,-0.003421,0.019837,-0.009532,0.011170,0.003426,-0.007431,-0.023516,0.005281,0.000278,-0.014472,-0.010058,0.001390,0.009510,0.002366,0.016470,-0.019666,0.008997,0.000010,0.009085,-0.008601,0.011011,-0.002415,0.005277,-0.021920,-0.009754,0.033936,0.015738,-0.026712,0.000985,0.012657,-0.000612,-0.028505,-0.000959,0.004776,0.001720,-0.003129,0.008771,0.005444,-0.038684,-0.022989,0.003265,0.003440,-0.022103,0.006106,0.003863,-0.023539,-0.014264,-0.018943,0.010997,-0.021493,-0.021578,-0.011493,-0.039273,-0.033602,0.000860,0.036697,-0.010478,-0.006220,-0.013433,-0.008006,-0.017683,0.009436,-0.065477,-0.012528,0.029625,-0.013843,-0.011407,0.002426,-0.006855,-0.020625,0.015688,-0.004942,-0.016047,-0.026508,-0.016484,-0.022786,0.000589,0.018935,-0.006912,-0.021151,0.013825,0.012324,-0.033203,0.009297,0.009146,-0.025180,-0.007854,-0.008615,0.000937,-0.004152,-0.004497,-0.042245,-0.002424,0.000491,0.011336,-0.050567,-0.023517,0.005364,0.002484,-0.033972,-0.080208,0.019372,-0.000011,-0.018556,0.003661,-0.010995,-0.007049,0.011435,0.009674,-0.001643,0.005656
-0.020626,-0.034060,-0.017122,0.011566,-0.009849,-0.005054,-0.024182,-0.003261,-0.029043,-0.018013,0.016890,-0.017872,-0.008709,-0.005719,0.019916,-0.040653,0.082688,0.001400,0.054462,-0.015702,-0.003254,-0.005676,0.000387,-0.015876,-0.001833,0.002999,0.005192,0.007796,0.014267,-0.033361,-0.019508,0.029163,0.000930,0.009558,-0.003428,0.018252,-0.027233,0.022209,-0.004162,0.037410,-0.000759,-0.025676,-0.000394,-0.010919,-0.023088,0.010934,-0.007064,0.042615,0.002023,0.023260,0.009092,-0.016011,0.005097,-0.008557,0.055221,0.016056,0.003365,0.003823,-0.029084,-0.007899,-0.015145,0.003461,-0.021955,0.023127,-0.012906,-0.002152,-0.026168,-0.004376,-0.011176,0.055632,-0.018383,0.028857,0.014586,0.006124,-0.022705,-0.002739,-0.041896,-0.018512,-0.011528,0.006629,-0.014329,-0.020551,-0.025922,-0.026637,0.027997,-0.018054,0.023797,-0.018393,0.004452,0.003173,-0.013159,0.140442,-0.033264,-0.018597,0.004432,-0.026312,-0.032815,-0.005089,0.062402,-0.022113,0.009932,-0.008595,0.004184,-0.014363,-0.007348,-0.004975,-0.016945,0.019343,0.003845,-0.010911,0.006550,-0.029654,0.076242,0.010620,-0.007130,0.009972,-0.016497,-0.002368,0.017231,0.002781,-0.006689,-0.008411,-0.015601,-0.026687,-0.002036,0.012997,-0.000612,0.000598
-0.001818,0.026777,0.007542,0.002115,0.002239,0.009052,0.009002,-0.009298,0.013194,-0.011182,-0.000828,0.010737,0.004865,-0.001473,-0.001564,0.038476,0.013182,-0.000869,-0.015640,-0.001359,-0.001579,-0.004833,0.010334,0.021511,-0.015984,-0.004438,-0.029714,-0.012721,-0.003602,0.008944,0.006401,-0.023002,-0.004477,0.004590,0.010913,-0.023364,0.009354,-0.014718,0.005742,-0.010096,-0.001059,-0.002072,0.004561,-0.008900,0.007436,-0.012044,0.005640,-0.056868,-0.010076,-0.022496,-0.023060,0.012227,0.009487,-0.015147,-0.026845,-0.014615,0.009682,-0.012167,-0.006193,-0.016987,-0.002361,-0.009305,0.009502,-0.003419,0.001670,-0.000096,-0.002641,-0.011592,-0.000120,-0.013779,-0.001881,-0.010257,0.020910,-0.010463,-0.006076,-0.010663,-0.012702,0.028792,-0.000549,-0.010645,0.011207,-0.011869,-0.008890,-0.001362,0.005797,0.009324,-0.025443,-0.006579,0.001610,-0.003191,-0.009360,0.022450,-0.023989,-0.002254,0.003430,-0.011083,-0.007469,-0.001199,-0.031454,0.025596,-0.005763,0.019704,-0.012044,0.017378,-0.002160,0.014569,0.012654,-0.011838,-0.002647,-0.013158,0.002326,-0.006544,-0.000720,-0.109198,-0.004649,0.001399,0.004454,0.002136,0.006961,-0.002334,-0.001006,0.012916,-0.001630,0.017696,-0.003558,-0.010376,-0.003402,0.006264
0.002926,-0.011010,-0.002069,-0.003981,0.004353,0.010757,-0.026130,0.001614,0.009626,-0.041381,0.028598,0.023651,0.005671,-0.022369,-0.003060,0.024640,-0.002456,0.020746,0.039817,0.005690,0.009036,-0.002115,0.026035,0.001782,-0.015385,-0.009166,-0.042956,-0.004311,-0.008284,-0.024825,0.015414,-0.006533,0.034597,-0.011176,0.016228,0.027121,0.009368,0.032451,-0.010781,0.030162,0.008282,0.024156,-0.002268,-0.003552,-0.023153,-0.003082,-0.001315,-0.021756,0.000402,0.026056,0.008474,-0.023505,0.016640,-0.009750,0.017155,0.010333,-0.022242,-0.001559,0.002144,0.012391,-0.006069,-0.021238,0.020628,0.014830,-0.004594,0.006350,-0.012591,0.006526,0.033808,0.030488,0.001805,0.024975,0.003754,0.011942,0.002140,0.013101,0.015209,0.007983,-0.024839,0.006418,-0.001900,-0.012507,0.015433,-0.000788,0.021182,0.012589,0.023421,0.012921,0.022808,0.020870,0.019489,0.003782,0.028403,-0.003021,-0.020273,0.020688,-0.009474,-0.006728,0.012998,0.044514,-0.007210,0.005098,0.000253,-0.000365,-0.013648,0.042687,-0.012865,0.015352,-0.007513,-0.020257,-0.014695,-0.015738,0.030090,0.003443,0.000507,0.000796,-0.005911,0.021882,0.009153,-0.000490,-0.009207,0.031657,0.015680,0.023632,-0.018869,0.000576,-0.034642,-0.015586
-0.000797,-0.000685,0.001383,0.010320,-0.026351,-0.002090,-0.009046,0.031240,-0.007418,0.004758,-0.004090,-0.004319,-0.002547,0.035882,-0.047593,-0.013083,-0.011556,-0.012801,0.004812,-0.001411,-0.025054,-0.006081,0.210651,-0.008852,-0.029024,-0.007750,-0.013842,-0.102678,-0.026074,0.022276,-0.012133,0.004448,-0.007201,0.193010,0.022021,-0.014610,-0.013021,-0.006059,0.016569,0.010370,-0.080887,0.001240,0.155609,-0.011245,0.006949,-0.142658,-0.003870,-0.025616,-0.007952,0.038793,-0.032010,-0.003010,-0.011802,-0.003206,0.003873,0.227056,-0.021801,-0.012800,-0.004648,-0.018966,-0.017703,0.037949,0.000998,0.005297,-0.002585,-0.021229,-0.037287,-0.019732,-0.005178,-0.013805,-0.015181,0.021543,-0.000155,0.019385,-0.018452,0.013204,0.002886,-0.007561,0.133933,-0.015854,-0.008196,0.015418,-0.004947,-0.003226,-0.097697,-0.004741,-0.015547,0.212375,-0.161959,-0.014487,-0.009061,-0.015180,-0.035146,-0.008772,-0.012097,-0.003785,-0.015807,-0.005095,-0.001013,-0.005995,0.015348,-0.003745,-0.023855,-0.049499,-0.262450,-0.012490,-0.001301,-0.023715,-0.017718,-0.011587,0.023292,-0.015630,-0.019808,0.025602,-0.044846,0.048612,0.002762,-0.004789,-0.027707,-0.017922,-0.022033,-0.008485,-0.005563,-0.012615,0.298634,-0.002750,-0.009377,-0.006389
-0.018182,-0.040004,0.007786,0.000537,-0.012153,-0.013831,-0.003008,-0.045684,0.006624,0.004613,-0.020806,0.002074,-0.008734,-0.015632,-0.012883,0.001351,0.003497,-0.010456,0.022484,-0.024460,0.016851,-0.017298,0.035091,0.019335,-0.002869,-0.024409,-0.018711,-0.017292,-0.015472,0.024200,-0.012496,-0.003472,-0.026233,0.001234,0.028636,0.036870,-0.020575,-0.010568,0.004643,-0.000792,-0.007575,-0.018442,0.029087,-0.002753,0.008748,-0.000282,-0.002679,-0.023785,-0.010131,0.004740,-0.020686,0.001275,-0.017270,-0.012555,-0.005970,-0.023193,-0.040624,-0.014217,-0.022093,-0.008556,-0.012683,0.018711,0.003174,-0.015288,-0.001524,-0.013188,0.049306,-0.005447,-0.009509,-0.009821,0.007455,0.004076,0.030343,-0.000299,-0.011660,-0.022691,-0.023201,0.007154,-0.008566,0.000212,-0.005189,-0.063186,-0.011216,-0.007647,0.031379,-0.008615,-0.008932,-0.002612,0.009123,-0.000979,-0.035514,0.003612,0.002586,-0.001445,-0.019948,-0.007211,-0.014846,-0.012476,0.024721,0.032793,-0.008628,0.018270,-0.014068,0.034566,-0.000363,0.000871,-0.000904,-0.025299,0.004841,-0.018549,0.004505,-0.005618,-0.005345,-0.149490,-0.023780,-0.001578,0.005688,-0.028779,0.023970,-0.016641,-0.001996,-0.011328,-0.012663,-0.001280,0.003409,0.001232,-0.004141,-0.024856
0.002054,-0.050106,-0.012608,0.100508,0.032519,0.000482,0.006994,0.024425,0.007044,-0.008064,-0.000914,0.014243,-0.008148,0.095227,0.053528,-0.015427,0.002790,0.000125,0.006092,-0.002103,0.017149,0.005901,0.491198,-0.007216,0.033420,0.002896,-0.006493,0.074936,0.012572,0.037809,0.007072,0.004568,0.001910,0.212380,-0.093950,-0.005356,0.010081,0.004776,0.003759,0.012422,0.026524,0.000898,-0.212183,0.007274,-0.008158,0.283325,0.004543,-0.011157,-0.002085,-0.004677,0.016285,-0.006795,0.003378,0.005057,-0.008000,-0.190007,0.000059,0.014303,0.017189,0.009098,0.010418,-0.011043,0.010191,-0.012764,0.010448,0.013176,-0.006938,0.007815,0.007567,0.010249,0.003804,0.037118,0.002314,0.037636,0.011301,0.045576,0.011860,-0.001326,0.312314,-0.000177,0.010697,-0.005547,0.007122,0.004978,-0.018879,-0.003527,0.022848,0.188784,-0.104858,-0.002052,-0.003128,0.006858,0.016641,0.015400,0.005824,0.008076,0.017134,-0.007473,-0.004951,-0.012220,0.016879,0.000659,0.010834,0.079645,-0.036865,-0.002362,-0.002515,0.008051,-0.001899,-0.003114,-0.161109,0.009727,0.001287,-0.004251,0.105024,-0.013042,0.021000,0.005700,0.015642,0.019951,-0.006502,0.005969,-0.005590,0.005578,0.123417,0.008141,-0.004100,0.000778
-0.008168,0.014822,-0.001584,0.009482,-0.008098,-0.003266,0.001780,0.004685,-0.013807,0.002624,0.003457,-0.030199,-0.016664,-0.001156,0.037096,-0.025088,0.083997,0.003814,0.081457,-0.002633,0.021614,-0.003605,-0.003070,-0.008676,-0.001400,-0.008613,0.007140,0.012370,0.010300,0.006774,-0.008414,0.046929,0.005030,0.011283,-0.013546,-0.020677,0.001362,-0.017070,-0.007447,0.027480,-0.000051,0.002733,0.005503,-0.005025,0.011755,0.013784,-0.011482,0.016697,0.002738,0.007547,-0.004957,0.000750,0.012959,-0.006712,0.091015,0.006621,0.001526,0.015766,-0.023468,0.011286,0.007932,0.002023,-0.013047,-0.020458,-0.015736,0.000037,-0.008931,0.007308,0.009253,0.034729,-0.016346,-0.006546,0.001154,-0.007821,0.001067,-0.006578,-0.031833,0.007584,-0.021660,-0.003237,-0.013676,-0.000407,-0.007240,0.013526,0.017767,0.008513,0.028560,-0.024480,0.011410,0.015888,0.000872,0.155304,-0.007825,0.003586,-0.002187,-0.016505,0.001347,-0.003814,0.086097,0.015896,0.017836,0.016369,0.013519,0.001221,-0.007928,0.015077,-0.013475,0.031721,-0.009711,-0.001244,0.006683,-0.003909,0.060888,0.007582,0.007411,0.026224,-0.010673,0.014200,0.018798,-0.002670,-0.015804,-0.009893,-0.010492,-0.018980,0.003057,0.041982,0.003716,0.001076
-0.021757,-0.008655,0.005881,0.006404,-0.034748,-0.008587,-0.004537,-0.002173,0.003532,-0.004568,-0.087704,-0.008043,0.008451,-0.004565,0.004294,0.030073,0.210688,0.016343,0.030423,-0.013268,-0.015816,-0.009147,-0.001601,0.016334,0.000638,-0.016146,-0.032801,-0.021048,-0.009483,-0.010127,0.002810,-0.002714,-0.007271,0.007455,0.009176,0.029277,-0.022502,-0.011459,-0.012758,-0.013911,0.006360,-0.028718,0.010436,0.002389,-0.007911,0.007146,-0.016269,-0.032856,-0.026268,0.016040,0.006503,-0.013560,0.001791,-0.007870,0.028222,-0.016592,-0.018832,0.013217,-0.012191,-0.003939,-0.001025,-0.009737,-0.023503,0.014955,-0.027427,0.053043,0.018781,-0.005148,-0.017442,0.114135,0.036229,-0.010308,0.004356,-0.011794,0.007725,0.008900,-0.042651,0.004514,0.009784,-0.036623,-0.008773,0.020756,-0.018687,-0.008132,0.003986,-0.044571,-0.002227,-0.009743,0.006055,0.064527,-0.026117,0.176372,0.025828,-0.003515,0.015247,0.003425,-0.003524,-0.010388,0.027373,0.031835,0.000456,0.036546,-0.024917,-0.013847,-0.011410,0.001498,-0.009943,0.038941,0.108339,0.037916,0.009598,-0.010127,0.222138,0.058098,0.017840,-0.009469,0.017333,-0.067485,0.014124,0.003380,-0.018537,0.024975,-0.013268,-0.000026,0.001648,-0.032972,-0.001219,0.020514
0.002908,-0.019803,-0.002424,0.013354,-0.009200,0.007282,0.017935,-0.013776,0.035425,0.009547,0.001271,0.004579,0.000322,0.008038,-0.007905,-0.005737,0.020118,0.015027,-0.119478,-0.001943,0.001542,-0.006299,0.008316,0.011063,-0.026847,-0.007889,0.042190,0.008903,0.001620,-0.042071,0.026286,-0.088572,0.020225,-0.010017,-0.001905,0.025775,0.004135,0.003121,0.018857,0.016693,-0.015020,0.012936,0.011656,0.009066,-0.006050,-0.006860,-0.010081,0.067773,0.014388,0.061353,0.004361,0.010748,0.011796,0.001106,-0.116858,-0.003813,-0.021273,0.009875,0.001776,-0.012557,-0.001193,-0.002289,0.013555,0.002723,0.000750,0.026037,0.005348,0.016810,0.010325,0.042419,0.025260,0.011833,0.021669,0.014244,0.012736,0.010790,-0.015028,-0.026487,-0.012550,-0.004728,-0.002270,-0.004462,-0.026587,0.013964,0.019486,0.002878,0.036397,-0.011687,-0.005416,0.035217,0.018675,0.033240,-0.010371,0.010269,0.038664,0.018320,-0.019388,0.007832,-0.108609,-0.031161,-0.002373,-0.000703,-0.001334,0.003943,-0.000198,0.010223,0.008219,0.017727,0.033825,0.001859,0.010591,-0.009062,0.037463,0.031635,0.003756,0.007556,0.009258,0.004454,0.007752,0.006405,0.005227,0.034271,0.014830,0.035483,-0.000326,-0.112770,0.009443,0.036857
-0.015511,0.003248,0.010347,-0.012182,-0.005527,-0.006706,-0.014966,-0.003287,-0.015547,-0.009159,0.000742,-0.017305,0.033885,-0.001365,0.734540,0.011936,-0.013777,-0.023468,-0.009539,-0.010741,0.006812,0.006845,-0.029565,-0.015608,0.001813,-0.007202,-0.009053,0.000765,-0.007576,0.006110,-0.005326,-0.015790,-0.000624,-0.007729,0.016757,-0.000398,-0.013475,0.002512,-0.011611,0.004670,-0.037335,-0.019291,0.045081,0.000125,-0.006121,-0.029623,-0.003437,-0.003641,0.000461,-0.020802,-0.002395,0.004114,-0.012992,-0.000365,-0.006409,0.021294,-0.003403,-0.016744,-0.004655,-0.013551,0.005117,0.018048,-0.020860,-0.003756,0.007210,-0.028401,0.019770,-0.023922,-0.001067,-0.001986,-0.009448,0.000634,0.003003,0.008716,-0.014595,-0.010110,-0.005696,-0.022189,-0.027557,0.001027,-0.000929,0.031346,-0.005156,0.000605,-0.011964,-0.004435,-0.006814,-0.013557,-0.001237,-0.019898,-0.005711,-0.021121,-0.006009,-0.017725,0.013469,-0.008295,-0.004711,-0.002226,-0.011178,-0.024755,0.026444,-0.007663,-0.021023,-0.051836,-0.005231,-0.022382,-0.004594,-0.007084,0.008234,-0.001500,0.015235,-0.013975,-0.021116,0.068842,0.015552,0.017557,0.009987,-0.000216,0.022667,-0.008084,0.020815,-0.031469,0.000766,-0.025821,-0.007284,-0.013355,0.002000,0.010999
0.006150,0.072173,-0.022690,0.014461,-0.015299,0.020456,0.006057,-0.027214,0.001674,0.010990,-0.004156,0.028363,-0.003977,0.036766,-0.010654,-0.015431,0.022844,0.005553,-0.029084,0.015146,0.004455,0.020891,0.004739,-0.010049,-0.001169,0.011092,0.005719,0.016172,0.011956,-0.059489,-0.010282,-0.003260,-0.011230,-0.007635,-0.009628,-0.116170,0.018407,0.018355,0.015825,-0.000637,-0.043697,0.015971,0.028741,0.005431,0.014898,-0.032009,0.010870,0.010635,-0.018500,-0.005788,0.015770,0.018050,0.008005,0.007679,-0.011183,-0.017948,0.072453,-0.013491,0.006407,0.003938,-0.002082,-0.006263,0.019826,-0.000918,0.039919,-0.004272,-0.003980,0.002955,0.026552,0.009144,-0.002947,0.017354,0.070576,0.029204,-0.017304,0.027995,0.023720,0.003353,0.015679,-0.014142,0.021282,-0.025477,0.019540,0.018622,0.004870,-0.004984,0.003663,0.001958,-0.027622,-0.003637,0.077624,0.002285,-0.005632,-0.009269,0.013842,0.005343,0.021779,0.022349,-0.034474,-0.015996,-0.010077,-0.018819,0.017670,-0.018037,0.003498,-0.001477,0.025658,-0.001520,-0.003883,-0.007139,0.002896,0.019593,0.009973,-0.030029,0.007397,0.008565,0.030543,-0.008082,0.011557,0.013418,-0.024292,0.000086,0.031716,-0.024669,0.010302,-0.005589,0.007217,-0.007253
0.007579,0.008657,0.002829,-0.002223,0.007191,0.004858,0.000667,-0.012334,-0.006849,0.015640,0.009233,0.004020,0.004948,-0.002728,0.002939,0.009427,0.011327,0.006105,0.009677,0.005767,0.009475,-0.002391,0.002962,0.007228,0.001401,0.003022,-0.012597,0.019257,-0.001628,-0.024609,-0.001615,0.006852,0.007026,0.000209,-0.020597,-0.016933,-0.001912,-0.002234,0.003131,0.016524,-0.014460,0.009403,0.047090,-0.000588,0.003928,-0.033627,0.009712,-0.005805,-0.001022,0.030758,-0.007636,-0.004067,-0.004937,-0.006590,0.006678,-0.058494,0.003064,-0.004446,-0.002029,0.002584,0.003025,-0.010099,0.006995,0.002559,-0.001486,0.011843,-0.003876,-0.011366,0.005974,-0.008116,0.009404,0.011452,-0.188434,0.006120,-0.001868,0.008714,-0.017729,-0.005594,-0.007556,0.007315,-0.005250,0.000837,-0.004357,0.001583,0.014712,0.008492,0.023922,0.053776,-0.034099,-0.007759,0.003218,0.007067,-0.018257,-0.011262,0.007109,-0.004867,0.001974,0.002486,0.006620,-0.013437,-0.004565,-0.000844,-0.002768,0.008120,0.014810,-0.001177,-0.011114,0.003062,0.001400,-0.009636,0.027501,0.000654,0.006951,-0.007938,0.018756,-0.010250,-0.350208,0.006319,0.006836,0.006292,-0.004760,-0.002387,-0.000573,0.010061,0.007066,0.013338,0.006235,0.011079
0.002696,0.058661,-0.016976,-0.001063,-0.012859,0.002217,0.007283,-0.015482,-0.001401,0.009304,0.019853,0.008086,-0.032600,0.024918,-0.021169,-0.012726,0.011548,0.006351,-0.016326,0.008513,0.018873,0.022598,0.005103,0.002302,0.016257,0.011907,0.002089,0.001240,0.000900,-0.050606,0.013464,-0.004398,-0.006728,-0.004891,-0.001340,-0.139255,0.015356,0.011471,0.010330,0.014856,-0.036509,0.027370,0.015990,0.009802,0.012136,-0.035869,0.023398,-0.001083,-0.024833,0.012228,-0.001335,0.006889,-0.001002,0.006373,-0.018166,-0.012940,0.079758,-0.003356,0.008563,0.006923,0.010673,0.019682,0.013136,-0.015178,0.018655,-0.012622,-0.008299,0.003573,0.026818,-0.014184,-0.002971,0.042831,0.103872,0.032819,-0.008053,0.049235,0.004307,-0.006112,0.008649,-0.012438,0.010293,-0.012210,0.012816,0.031924,0.015174,-0.013365,0.019764,0.006711,-0.025995,-0.007482,0.081361,0.004850,0.012156,0.008456,0.012684,0.009142,0.015870,0.010189,-0.040807,-0.025297,-0.012651,-0.015820,0.005529,-0.001091,-0.004132,0.002063,0.003015,0.005948,-0.008772,-0.011586,-0.008028,-0.002777,0.013122,-0.082240,0.031753,0.007353,0.048056,0.008860,0.010047,0.004508,-0.036343,-0.001992,0.017344,-0.016098,-0.001559,0.001985,-0.005637,0.001239
0.016104,-0.020405,0.005977,0.019125,0.018162,0.010733,-0.005120,-0.017646,0.017377,-0.022574,-0.008639,0.004399,0.010669,0.015968,-0.009316,-0.003818,0.021627,0.021093,-0.036429,0.005912,0.000924,0.013278,0.008792,-0.006429,-0.004731,0.013037,-0.094765,-0.000670,0.012211,0.000296,0.005023,0.012299,0.008751,-0.026539,0.013455,0.006440,0.020920,0.007040,0.017249,0.019610,-0.028216,0.018508,0.037629,-0.004340,0.030874,-0.009048,-0.007231,-0.060940,0.003113,0.013167,0.022185,0.001565,0.003214,0.005113,-0.019681,-0.057907,-0.009764,-0.003200,0.008087,0.016431,0.004084,0.009394,-0.003015,-0.011257,0.008603,-0.007678,0.068376,0.006123,0.009428,0.009487,0.013837,0.000364,-0.000472,0.000038,0.011739,0.024041,0.008141,-0.002728,-0.012811,0.002547,0.007826,0.020442,0.021997,-0.003139,-0.006254,-0.011417,0.014954,0.009174,0.003546,0.007341,0.010232,0.011611,0.054329,0.004353,-0.033326,0.006210,0.003572,-0.018204,-0.026899,0.080128,-0.005932,-0.016233,0.000146,0.002224,0.015545,-0.000515,0.016783,0.009074,0.023957,0.001511,0.010033,0.016306,0.031466,0.000615,-0.009536,0.029235,0.005757,0.007695,0.021791,-0.001048,-0.001360,-0.010665,0.017610,0.009323,0.008224,-0.020087,0.002049,-0.007746
0.004837,-0.045165,-0.014407,0.008199,0.020548,-0.000752,-0.016288,-0.008326,-0.013797,0.004267,0.098955,-0.002672,0.000709,-0.008235,0.022047,-0.005505,0.078192,-0.004841,-0.016165,0.014515,0.017659,-0.009027,-0.014465,-0.018434,0.008263,0.018371,0.023902,0.007374,0.008684,0.017790,-0.020630,-0.024255,0.109314,0.026173,0.003328,0.005598,0.000573,0.042392,0.002300,0.008629,0.011115,0.024390,-0.024343,-0.000199,0.009333,0.022749,0.008240,0.043869,0.111024,0.025592,0.000655,0.034662,-0.025570,0.003867,-0.009013,0.027328,-0.055544,-0.015494,0.000608,-0.015946,0.003678,0.019441,-0.005646,0.008936,0.000319,0.015878,-0.001990,-0.004049,-0.018083,0.097572,0.056390,-0.001325,0.003353,0.011452,-0.002874,0.010991,0.062295,0.002501,0.008496,0.097890,0.006205,0.000177,0.011817,-0.023908,0.015746,-0.031653,0.015535,-0.003297,-0.006086,0.036654,0.068717,0.069488,-0.008108,-0.013014,0.008400,-0.011436,0.005013,-0.010659,0.019812,0.003153,0.020535,-0.004725,-0.006753,-0.013707,-0.019664,-0.025979,0.011795,0.005750,0.116404,0.086433,-0.004380,-0.006051,0.115349,0.023885,0.002589,0.011451,0.004569,0.104548,0.007580,-0.009089,-0.011631,-0.013628,-0.010465,-0.010657,-0.016000,-0.030368,0.012418,0.002956
0.015012,0.037055,0.014029,-0.000515,0.015117,0.004442,0.019996,0.003061,0.034617,0.002536,-0.011621,0.008682,-0.010842,0.002869,-0.005327,0.045963,0.003337,0.012012,0.001950,-0.003828,0.018728,0.014605,-0.010435,0.010270,0.005507,-0.004242,-0.008747,-0.016313,-0.000365,0.018173,0.013243,-0.004563,-0.011536,-0.009360,0.038796,-0.060678,0.013583,0.025682,0.006063,-0.006940,0.008020,0.010685,0.002665,0.002122,0.039479,-0.009879,0.000230,-0.029741,0.005421,0.003543,0.001023,0.017148,-0.008315,-0.005360,0.005641,-0.013317,-0.011622,-0.022200,0.013143,0.028232,0.018722,0.021505,0.024535,-0.023231,-0.002447,0.003056,0.000514,0.027299,-0.006928,-0.018279,0.014800,-0.001207,-0.005862,-0.012593,0.025021,-0.005909,-0.000751,0.006156,0.006863,0.004372,0.024531,0.001121,-0.000852,0.011606,0.037487,-0.003122,-0.001090,0.012052,-0.001868,-0.006769,-0.018689,0.002412,0.014749,0.024426,-0.047277,-0.006998,0.011787,0.011123,0.012816,0.026099,0.009723,0.004369,0.003469,0.033482,-0.003848,-0.019665,0.014212,-0.029647,0.009813,0.010102,-0.029907,0.017204,0.015329,0.016093,-0.002861,0.012468,0.003161,-0.008191,0.019532,0.014863,0.016132,0.010828,0.008933,0.028396,-0.003886,-0.019613,0.013648,-0.026883
0.027498,0.017578,0.008573,0.011869,-0.000746,0.015009,0.015608,-0.015732,0.012202,0.042004,0.013258,0.015903,0.003505,0.011117,0.001834,-0.027197,0.024402,0.018322,-0.012428,0.015604,0.006405,0.015973,0.012093,-0.001598,-0.003957,0.017585,0.023503,0.011960,0.007537,0.000214,0.009249,-0.015592,0.017437,-0.011525,-0.001161,-0.010583,0.018867,0.015998,0.000367,0.006076,-0.026317,0.007864,0.033654,-0.009554,0.010255,-0.006499,0.015172,0.013459,0.010086,0.027393,0.007784,0.000217,0.003317,0.025211,-0.011862,-0.021419,0.034211,0.002564,-0.004130,-0.001110,0.001217,-0.025130,0.032751,-0.006696,0.044115,-0.015595,0.013397,0.004241,0.035737,0.030880,-0.003753,0.015979,-0.016779,0.017424,-0.009447,0.012884,0.004184,-0.009035,0.000007,0.012186,0.000621,-0.026689,0.023151,0.013291,-0.003531,-0.004149,0.022047,0.014782,0.002275,0.011563,0.008350,0.028660,0.013414,0.017865,0.032828,0.006662,0.010307,0.001302,-0.005187,-0.002414,0.000266,-0.008203,0.009819,-0.020161,0.004975,0.019949,-0.002118,0.000993,0.031325,0.017771,0.001939,-0.001616,0.042320,0.032902,-0.002337,0.006846,0.008160,0.016773,0.005964,0.018306,-0.005005,-0.011931,0.021707,0.006163,0.015260,0.004649,-0.004617,0.005909
-0.024778,0.138474,-0.000268,0.001269,0.008576,-0.029665,-0.015727,-0.022489,-0.016755,-0.020993,0.042768,-0.031145,-0.013137,0.023268,-0.005031,0.012134,-0.009034,-0.011188,0.090740,-0.003904,0.072439,-0.011574,0.018399,0.010966,0.047170,-0.011118,-0.016263,-0.011998,0.026623,-0.296669,-0.019932,0.042579,-0.037565,-0.016651,-0.005084,0.016235,-0.020794,-0.019569,-0.003585,-0.015502,-0.015634,-0.018212,0.014665,-0.007728,-0.032513,0.000843,-0.004535,-0.012979,-0.031161,-0.002581,-0.000812,-0.021532,-0.003186,-0.025259,0.094205,-0.005129,0.162797,-0.013675,-0.027809,-0.005861,-0.023697,-0.022861,-0.022556,-0.009897,-0.016986,-0.002480,-0.022714,-0.034509,-0.007911,-0.015465,-0.040121,0.031936,0.032555,0.008225,-0.023322,0.020998,-0.035092,0.006612,0.002884,0.013630,-0.028605,0.001679,-0.005206,-0.007204,-0.007733,0.013466,-0.000805,0.012182,0.006770,-0.043797,0.086701,0.018677,-0.013394,-0.015069,0.006578,-0.006578,-0.015597,-0.020386,0.064431,-0.006665,0.003913,0.002340,-0.021606,0.005262,-0.010105,-0.010320,-0.013240,-0.019891,-0.026842,-0.026247,-0.004234,-0.009002,-0.012748,-0.001312,0.010053,-0.022254,-0.005955,0.025329,0.018821,-0.004102,-0.005200,-0.016462,-0.001022,-0.021198,0.030022,0.054330,-0.004459,-0.002938
-0.005844,0.103760,0.008957,0.012956,0.000789,-0.023246,-0.016043,-0.013275,-0.008013,0.008909,0.004288,-0.021181,0.001399,0.004037,0.001544,0.016011,-0.015111,-0.020095,0.024426,-0.020316,0.000568,-0.015800,0.015046,-0.013620,0.010803,-0.014785,0.018658,-0.004889,-0.000446,-0.046500,0.005394,0.018671,-0.012686,0.000331,0.015766,-0.055986,-0.030132,0.008630,-0.005958,0.025307,0.002138,-0.024713,0.018441,-0.009741,-0.020675,-0.022301,-0.021205,0.008010,-0.008601,-0.003248,0.012349,-0.017830,-0.018289,0.009876,0.027222,-0.016990,0.055688,-0.008329,-0.000218,0.010971,0.003314,-0.010328,-0.021051,-0.011058,-0.020575,0.004344,0.004501,-0.014145,-0.026917,-0.016646,-0.030142,-0.003953,0.000993,-0.017126,-0.004572,-0.020031,0.006559,-0.009952,0.003440,-0.005164,-0.002264,-0.009057,-0.014535,-0.026167,0.012073,-0.015050,-0.017489,0.004541,-0.006566,-0.019684,-0.031701,-0.024595,-0.013551,0.011369,-0.038248,-0.010775,-0.023202,-0.017928,0.032668,-0.011995,-0.004985,0.013853,-0.009409,0.022125,0.009620,-0.017714,-0.027808,-0.008856,0.016877,-0.002858,0.001174,-0.020483,-0.007029,0.007692,-0.011459,0.007128,-0.006800,0.008389,0.016708,0.006354,0.006293,0.001620,-0.043002,-0.002604,0.002247,-0.015843,0.000307,0.001778
-0.000128,0.005228,0.001777,0.056784,-0.008528,-0.002378,0.003680,-0.010169,0.004354,-0.009628,0.001262,-0.002715,0.002640,-0.047553,0.003901,-0.004920,0.004528,0.004394,0.000860,-0.000330,-0.001731,-0.003265,0.014942,0.001027,-0.009812,-0.005378,0.005612,0.002495,-0.001509,-0.007373,0.000287,0.005739,-0.002245,-0.045866,-0.008587,-0.013249,-0.003609,-0.003505,-0.000148,0.010931,-0.024668,-0.002520,0.083751,-0.000101,-0.001146,0.005337,-0.005152,0.007219,0.002077,0.007798,0.003214,-0.003558,0.005200,-0.000144,0.003405,-0.040489,0.011665,0.007249,0.002596,0.007379,-0.001657,-0.004189,-0.000364,0.001294,-0.001368,0.006213,-0.007895,0.004168,-0.000011,0.003156,-0.002391,0.013660,0.006933,0.013753,0.001557,0.014646,-0.001672,0.005434,0.060573,-0.003596,-0.001968,0.006430,0.000259,0.003414,-0.042093,-0.000790,0.014753,0.016369,-0.038090,0.004265,0.015352,0.003629,-0.002173,0.000456,0.002568,0.000325,0.005768,-0.006132,0.001580,-0.005092,-0.015897,0.000240,0.006342,-0.027284,0.010586,0.000737,-0.004418,0.009572,-0.000204,0.003578,0.031954,0.003348,0.005728,0.004728,0.052913,-0.004305,-0.006697,-0.001374,-0.062237,0.001714,0.971097,0.004370,-0.003514,0.008855,-0.001807,0.001375,0.001854,-0.006380
0.017294,0.021144,0.004545,0.013179,0.002813,0.013523,0.043008,-0.005322,0.027019,0.047091,0.009253,0.022385,-0.002229,0.007485,0.004045,-0.000200,0.073855,0.064729,-0.041020,0.011003,0.004256,0.005313,0.028177,0.003077,0.022076,0.015566,0.005805,0.000258,0.009271,-0.040971,0.032452,-0.029501,-0.000596,-0.025121,0.003011,-0.040101,0.013378,-0.006225,0.018087,0.009433,-0.020496,0.006018,0.045274,0.038717,0.029617,-0.017525,0.025977,0.028375,-0.004199,0.034741,0.001186,0.012283,0.051977,0.003627,-0.065415,-0.033654,0.013723,0.010735,0.016108,0.030868,0.001584,0.007247,0.031293,-0.005279,0.024542,0.019229,0.040111,0.057943,0.039814,0.048193,0.031531,0.008434,-0.022792,-0.009229,0.023276,-0.006923,-0.022833,-0.002147,-0.006308,0.019314,0.004909,0.002873,0.006690,0.030023,0.018893,0.026101,0.022861,0.004560,-0.000746,0.041494,-0.037319,0.030870,0.004478,0.010599,0.026389,0.052450,0.030314,0.024409,-0.055030,0.056804,-0.008492,0.000748,0.035859,-0.010675,0.004502,0.047451,0.029096,0.051327,0.010691,-0.010862,0.001837,0.029663,0.057916,0.022573,0.001139,0.016207,0.007801,-0.008889,0.002375,0.016570,0.000419,0.022215,0.027880,0.032537,0.018457,-0.052069,0.009888,-0.006243
-0.004602,0.038903,-0.006077,0.022894,-0.009538,0.012927,0.007407,-0.015069,0.013516,-0.008265,-0.011632,0.008711,-0.035665,0.015499,0.008053,-0.008785,0.008771,0.002934,0.002945,0.016229,0.009550,0.012457,0.050024,-0.005950,-0.008654,0.004334,-0.002902,-0.008887,0.014759,-0.008724,0.012741,-0.022843,-0.010520,0.005008,-0.006862,0.416347,0.011025,0.005911,-0.001518,0.013663,-0.020005,0.003036,-0.041442,-0.001526,0.003644,-0.003565,0.013785,0.003451,0.004011,0.012811,0.000661,0.002170,0.014164,0.001870,-0.001161,-0.001903,0.020934,0.022570,0.008162,0.007756,0.014570,0.002308,0.006850,-0.031293,0.019652,-0.009047,0.014956,0.013930,0.008925,0.003992,0.002170,-0.268196,-0.006720,-0.237647,-0.008360,-0.255322,-0.000756,-0.019862,-0.021633,0.006544,-0.000071,0.014051,-0.001269,-0.001597,0.010375,-0.015725,0.018445,0.032472,-0.011666,0.006000,-0.008027,0.008155,-0.026880,0.007908,-0.005931,-0.004685,0.021510,0.014956,0.007404,-0.003196,-0.012509,-0.024273,0.004867,0.003831,-0.004550,0.011063,0.000164,0.000171,0.012425,-0.008888,0.013240,0.013128,0.023470,0.008843,0.017311,0.013264,-0.006574,0.010381,0.009072,-0.004421,0.021233,-0.003852,0.011824,0.001537,0.023594,-0.000229,0.009920,0.007321
0.006772,0.030770,0.027763,-0.027783,-0.007787,0.008204,0.005393,0.474632,0.006427,-0.000436,0.001628,0.001959,0.024975,-0.080442,-0.021412,0.019603,-0.005143,-0.001084,-0.000656,0.009558,0.008284,0.003678,0.155382,0.012727,-0.006231,0.005570,0.016575,-0.030676,0.002650,-0.003895,0.003673,0.000049,0.002313,0.030402,0.078722,-0.008430,0.003782,0.004529,-0.037851,0.011536,0.103935,0.001838,-0.049510,0.006595,-0.001450,0.330572,0.004703,0.030232,0.002300,0.068027,-0.001120,0.009454,0.008037,0.007969,0.008145,-0.062991,0.002472,0.000497,-0.003885,0.007348,0.005763,0.013610,-0.000100,0.020055,0.002335,-0.004409,0.001639,-0.002797,0.005253,-0.002295,-0.002631,0.014553,-0.005587,0.006808,0.004310,0.006604,-0.003482,0.011544,0.019078,0.006563,-0.000927,-0.007112,0.003073,0.005270,-0.097772,0.014086,0.014761,0.054317,0.019560,0.003875,0.005870,-0.008095,-0.009863,-0.005709,0.005527,0.004342,-0.004842,0.020213,0.012781,-0.020133,-0.048161,0.007766,0.004145,-0.045607,0.186359,0.007299,0.009571,0.005013,0.006632,0.007407,0.042633,0.002261,-0.004614,-0.006725,-0.333570,0.024134,0.000003,-0.002485,0.383037,-0.001011,0.031239,-0.001383,0.011191,0.010548,0.318679,0.006261,0.011991,0.007396
-0.001342,-0.025080,-0.008744,-0.010708,0.008619,-0.006510,0.003521,0.018077,0.015158,-0.022363,-0.006810,0.003379,-0.018299,0.085709,0.047837,0.021156,-0.011185,0.005208,-0.008077,-0.004852,0.005605,-0.001026,-0.100535,-0.009469,-0.010202,-0.003894,0.004887,0.125517,0.010083,-0.012096,-0.001451,-0.008154,-0.002630,-0.075727,-0.082718,-0.021137,0.006627,0.013729,-0.013340,-0.010179,-0.080907,-0.003604,-0.083328,0.007044,0.002709,-0.149288,0.003843,0.006210,0.001519,0.169939,0.001294,0.004568,-0.001444,-0.003590,-0.018315,0.059283,-0.005772,0.003091,0.002689,-0.012182,-0.006042,0.002068,0.005234,-0.012758,-0.008529,-0.010942,0.026150,0.006266,0.003298,-0.001392,0.009719,0.025775,0.046573,0.021727,0.013996,0.027590,0.006254,-0.001272,-0.181961,0.001658,0.002180,-0.015617,-0.004251,0.008355,0.086373,0.000995,0.002172,0.230786,-0.186276,0.008168,0.006779,-0.007775,-0.019803,-0.003566,0.014230,-0.001115,-0.009048,0.001792,-0.009900,-0.048518,0.054091,-0.016684,0.001606,0.019762,0.033106,-0.004164,-0.001533,0.008774,0.001122,-0.008497,0.129611,-0.000625,0.009894,0.005674,0.309771,-0.003190,0.132645,-0.001715,-0.058556,-0.003523,0.013031,0.004627,-0.003123,0.010844,0.225873,0.001094,0.001147,0.009197
-0.006233,-0.002954,0.019333,-0.083579,-0.020513,-0.000149,0.032003,-0.008729,0.059605,0.008563,0.015158,0.007441,-0.000280,0.042019,-0.024753,0.042396,-0.002029,-0.002356,-0.003547,0.003758,-0.002043,-0.014446,-0.004544,0.022197,0.003068,-0.005523,-0.017676,-0.005616,-0.004320,-0.005910,-0.004454,0.001493,-0.004141,-0.006482,0.035839,0.002337,0.001013,-0.009526,-0.013763,0.002564,-0.009563,0.018639,-0.024697,-0.019101,0.021952,0.016718,0.003914,-0.056049,-0.000316,0.022146,-0.008269,0.014308,0.025823,-0.044882,-0.011630,-0.014179,-0.004515,-0.014601,-0.013778,-0.040148,-0.041191,-0.010992,0.034559,-0.012087,0.013003,0.010877,-0.004818,0.003556,-0.001336,-0.040069,0.003533,-0.005601,0.011142,0.003491,0.001456,-0.012705,-0.028835,0.013671,0.090242,-0.002782,-0.005086,0.279907,-0.016764,0.012675,-0.022351,0.009204,0.009357,-0.032401,0.029437,-0.001462,0.019042,0.001881,-0.013746,-0.001048,-0.013646,0.003516,0.003912,-0.019571,-0.009863,0.013531,-0.000065,0.018169,0.002520,0.048513,-0.036038,0.025831,0.004093,-0.035783,-0.030333,-0.047888,0.021779,-0.009412,-0.012084,0.793100,-0.009554,-0.027517,-0.020230,0.019082,0.027011,-0.022065,-0.001093,0.014052,0.028134,0.052932,-0.026175,0.004774,-0.021987,-0.027914
0.010467,0.063062,-0.009367,0.015349,0.011537,-0.002377,0.015244,-0.014801,-0.004026,0.004147,-0.113533,-0.005444,0.002601,0.004334,0.013374,-0.036788,-0.034992,0.003969,-0.013771,0.011653,0.003832,-0.008763,-0.001005,0.004671,-0.007786,0.011851,-0.000715,-0.007032,0.009028,-0.006346,0.015873,-0.013941,-0.190115,-0.001721,-0.004920,-0.009649,-0.002444,-0.056162,-0.007005,-0.020879,-0.014248,-0.015094,0.029811,0.004093,0.008847,0.007317,-0.009996,0.027978,-0.109624,-0.005827,-0.001936,0.010064,-0.009106,0.006982,-0.004288,-0.024339,0.032030,0.004872,0.013800,0.018605,0.017994,-0.017361,-0.003853,0.006348,0.000323,0.009843,-0.001643,0.032347,-0.021472,-0.116325,0.006053,-0.002583,0.004120,0.001658,0.026077,0.000928,-0.049353,0.002507,0.005385,-0.058560,0.015224,0.005378,-0.003021,0.010575,-0.007351,0.014123,0.004436,0.009610,0.002733,-0.027636,-0.049555,-0.001437,-0.023852,0.010086,0.005355,-0.003082,0.007770,-0.016888,0.008670,-0.008946,-0.009709,0.006071,0.014659,-0.008558,-0.015944,-0.011943,0.008224,0.034085,-0.104816,-0.077799,-0.007963,0.004699,-0.029238,0.000752,0.010257,-0.006359,-0.002378,-0.106887,0.015629,0.010335,-0.017465,0.000698,-0.031860,-0.005090,-0.000560,-0.019792,0.028847,0.001591
0.003969,-0.018111,0.021027,0.025474,-0.028082,0.001140,0.015602,0.034173,0.016796,-0.019225,0.006362,-0.002809,0.024022,-0.015043,0.012260,-0.011179,-0.007416,0.009250,-0.008733,-0.000885,-0.029518,0.009186,0.005792,0.022223,-0.032272,0.006961,-0.013668,0.012585,-0.035364,0.031715,0.013751,0.016389,0.014203,-0.043517,0.084031,-0.024441,-0.005113,0.005614,0.014337,-0.030515,0.048338,0.012823,0.097928,0.008206,0.010641,-0.027020,-0.002624,-0.007785,0.010167,-0.030662,-0.018757,0.022672,0.010405,-0.005919,-0.007854,0.075869,-0.005063,-0.002754,0.017796,-0.011502,-0.002355,0.012915,0.002886,0.003393,-0.008299,0.011257,0.003936,0.014865,-0.002388,-0.005047,-0.004190,-0.006372,-0.001394,0.001292,-0.001370,-0.003438,-0.022235,0.033506,0.111797,-0.000617,0.004954,-0.006506,-0.009556,0.017102,-0.079021,-0.000313,-0.059506,0.045808,-0.093028,0.016856,0.004047,-0.006609,-0.062124,-0.004472,0.031750,0.002132,0.015556,-0.001666,-0.002696,-0.053170,-0.006963,0.023956,0.004190,0.123451,-0.002524,-0.000473,0.004682,0.000604,-0.001147,-0.001373,0.038439,0.011205,-0.000320,0.016250,0.007119,0.036090,-0.001456,0.011387,0.011950,-0.000665,-0.131662,0.013640,0.003427,0.011245,0.034614,0.004961,-0.000265,0.002504
-0.004404,-0.018052,0.058770,0.034433,-0.013531,-0.010380,-0.011272,0.069689,-0.013667,0.007005,0.005549,-0.015438,0.049366,0.035446,-0.054623,0.041465,-0.006613,-0.002511,0.012925,-0.018119,-0.002120,-0.009971,-0.093436,-0.014983,-0.001575,-0.005425,-0.011644,-0.128826,0.004469,0.002120,-0.007475,0.002245,0.002096,0.130683,-0.017490,-0.027537,-0.014891,-0.011004,-0.097506,-0.010829,0.028878,-0.009907,0.043876,-0.006455,-0.006522,0.121449,-0.005669,-0.000313,-0.003036,0.014842,-0.002585,-0.001934,-0.005185,-0.006674,0.012889,0.097877,0.005272,-0.008578,-0.013511,-0.006516,-0.006398,-0.014902,-0.008978,0.021809,-0.010643,0.007154,0.023666,0.003942,-0.006825,-0.000468,-0.011412,-0.001664,0.027877,0.005411,-0.006115,-0.001573,-0.019176,-0.030781,-0.038918,0.001280,-0.006859,-0.028641,-0.001250,-0.015136,-0.064780,-0.012107,-0.002554,0.441374,0.162740,0.000502,0.002560,0.009073,0.002746,-0.007212,-0.005890,-0.012740,-0.019271,-0.010032,0.008345,0.015059,0.042058,-0.026600,-0.004144,0.063181,0.104981,0.003590,-0.009454,-0.002757,0.000412,-0.000825,0.001993,-0.014206,0.005961,-0.067440,-0.032846,-0.013514,0.018596,0.002131,-0.016136,-0.008291,0.162978,-0.002302,-0.009270,-0.021154,-0.151037,-0.001927,-0.009327,-0.008052
0.005172,-0.003084,0.070851,-0.149194,0.007414,0.004273,0.008918,0.233168,0.005128,-0.000395,0.001229,0.005350,0.068918,-0.061950,-0.022594,0.014127,0.010841,0.010678,0.003553,0.012834,0.002216,0.006596,-0.080928,0.004580,0.004480,0.004573,0.009282,0.139705,0.007419,-0.008373,0.010955,0.003315,0.001652,-0.027323,0.055175,0.030844,0.007884,0.000668,0.012615,0.027816,-0.120245,0.005660,0.074576,0.003019,0.000700,0.079113,0.001980,-0.002050,0.008181,-0.079972,0.017665,-0.003941,0.009077,0.001070,0.004699,0.037223,0.003143,0.011709,0.007718,0.017151,0.006561,-0.018452,0.002984,0.044730,0.009173,0.017431,-0.015486,0.010465,0.005755,0.006665,0.010799,0.006134,0.063527,0.007206,0.009260,0.010858,0.002997,0.002963,-0.150424,0.004043,0.007368,0.022261,0.011194,0.006078,0.145537,-0.001961,0.038715,0.522724,-0.294623,0.003625,-0.003668,0.005587,0.023648,0.011442,0.001050,0.005284,0.019839,-0.001452,0.005761,0.002226,-0.030397,0.008341,0.015754,-0.044588,-0.090129,0.009061,0.004212,0.010929,0.004628,0.008642,0.381343,0.008904,0.006856,0.028668,-0.033312,-0.024181,0.077826,-0.001100,-0.128382,0.011836,-0.103393,0.007147,0.007234,0.013251,-0.093159,-0.002518,0.007138,-0.003209
0.026915,0.031875,-0.050444,0.036414,-0.009951,0.005279,0.005593,-0.036677,-0.009860,-0.012261,0.003668,0.011545,-0.018380,0.020607,0.010799,-0.003194,0.006204,0.008680,-0.006242,0.002728,0.028418,0.010539,0.045346,-0.015939,0.028587,0.017032,-0.001419,0.001255,-0.002013,-0.012016,0.006898,0.010971,0.013865,0.014223,-0.000276,0.454592,0.009701,0.012382,-0.002343,0.011882,-0.035499,0.010679,-0.044323,0.021226,0.015930,-0.004466,0.006344,-0.002618,-0.002410,0.007984,0.004195,0.010370,-0.000959,0.019483,-0.008451,-0.014629,0.016782,-0.003697,0.011251,0.012797,0.001520,0.015815,0.008671,-0.004741,0.000664,0.001218,-0.005811,-0.006824,0.015892,0.004816,0.002871,-0.331845,-0.005367,-0.309247,0.009236,-0.318535,0.003861,-0.013764,-0.019733,-0.006708,0.021742,-0.009317,0.018791,0.016894,0.020248,-0.004354,0.021788,0.046476,-0.020367,0.004827,-0.027349,0.015862,-0.030525,0.007357,0.014443,0.015227,-0.006403,0.014926,-0.011336,-0.031330,-0.011355,-0.012631,0.006026,-0.004248,-0.004890,-0.014245,0.020035,0.005779,-0.005572,0.011564,0.002807,0.007309,0.006105,0.026531,0.012171,0.017934,-0.017771,-0.008541,0.019091,0.021899,0.028386,-0.000518,-0.006904,-0.009790,0.036273,-0.010757,0.005288,-0.004955
-0.008612,0.018903,0.016967,0.024573,0.000771,0.009305,0.007225,-0.010733,0.024819,-0.026252,-0.017533,0.004091,-0.000448,0.005999,0.000424,-0.003386,0.010433,-0.007365,-0.002106,-0.002128,-0.008004,0.010187,0.026873,0.029848,-0.004444,0.004384,-0.030530,-0.008964,-0.009246,-0.007577,-0.003465,0.004212,-0.012776,-0.002059,0.020691,0.060891,0.000913,-0.006668,0.001239,-0.001810,-0.000057,-0.001257,0.017246,-0.006423,0.021910,-0.002337,0.002610,-0.012227,-0.019980,-0.010962,-0.017069,0.007884,0.006294,-0.005199,0.000580,-0.033899,-0.004415,-0.007280,0.010201,-0.019482,-0.015454,-0.000433,0.005684,-0.005329,0.009334,-0.009167,0.011863,0.007501,0.005912,0.009545,-0.012431,-0.011236,-0.010558,-0.010164,-0.001658,-0.012186,-0.024526,0.033880,0.000764,-0.011802,0.008038,-0.061283,0.008480,0.005032,-0.021586,0.022155,-0.019214,-0.010904,0.012222,0.001893,-0.000397,0.012664,0.000698,-0.003107,-0.018011,-0.002499,-0.002895,0.000096,0.005967,0.016891,-0.007235,0.019881,-0.004312,0.042311,-0.012990,0.004082,-0.006502,0.005256,0.016204,-0.012348,0.017500,-0.006361,-0.002805,-0.300898,0.000276,0.007633,0.007039,-0.012579,0.005444,-0.003572,-0.021597,0.008165,0.021006,0.001208,-0.006359,0.002892,-0.008286,0.005175
0.012699,0.016723,0.013877,-0.034052,0.189470,0.002841,0.012640,-0.004138,0.000805,0.008398,-0.002675,-0.001811,0.007477,-0.030702,-0.011594,-0.014848,-0.053553,0.025673,0.015686,0.001446,-0.013399,-0.004788,0.001728,-0.304818,-0.007417,0.003808,0.016937,0.011956,-0.007068,-0.016522,0.002172,-0.004166,-0.002672,0.017585,0.021089,-0.050200,-0.011306,-0.004477,-0.018598,-0.017776,0.049289,-0.009769,0.005911,0.001108,0.000795,0.013999,-0.003001,0.000437,-0.009981,0.005902,-0.010386,0.007541,0.015235,0.004891,0.028070,0.019834,0.018047,0.013224,-0.013087,0.000361,-0.008673,-0.022132,0.008465,-0.006499,0.015201,-0.007243,0.022370,0.013057,0.008681,0.013494,0.004702,-0.016897,0.023365,-0.010188,0.001551,-0.010231,-0.008405,-0.480211,0.007415,0.010044,-0.006897,0.010049,0.010897,-0.001303,-0.012162,0.253829,-0.015073,-0.035472,0.031210,0.009992,-0.006778,0.008457,0.033034,0.005795,-0.023405,0.011832,0.001556,-0.001138,0.027035,0.003828,0.015391,-0.546897,0.016522,-0.044707,-0.047421,0.011766,0.005183,0.012211,0.000424,0.003339,0.019055,0.004869,0.042386,-0.038182,-0.012317,-0.019561,-0.007063,-0.020895,0.016927,0.004974,-0.006512,0.002935,-0.006512,-0.002758,-0.010469,-0.003174,0.001106,-0.014236
-0.002889,-0.014976,0.021386,0.020076,-0.000253,0.010680,0.001682,-0.019158,0.003352,-0.033364,0.003478,0.007536,0.010893,0.008661,-0.006246,0.021650,0.026157,0.009255,-0.006101,0.004989,0.006016,0.016458,0.007632,-0.008584,-0.005848,0.024806,-0.019773,0.003002,0.007920,-0.005778,0.008911,-0.010482,-0.001358,-0.030907,0.020068,-0.011093,0.007374,0.024955,0.001195,0.055772,-0.020417,0.013107,0.026477,0.000407,0.029708,0.009518,0.007428,-0.033905,0.005905,0.032471,0.008222,0.017954,0.007305,0.005957,0.014611,-0.050482,-0.012111,0.017908,0.006095,-0.004300,-0.009417,0.014371,0.012886,-0.012059,-0.012492,-0.008202,0.026180,-0.009913,0.010670,0.010365,0.011537,-0.001183,0.001125,0.001656,0.004276,-0.009240,0.007486,-0.021534,-0.022453,0.007503,0.010402,0.016161,0.003530,0.000050,-0.009591,-0.012075,0.026301,0.011122,0.001791,-0.011933,0.010748,0.026643,0.011084,0.011742,-0.012700,0.011688,0.006153,0.006570,-0.000033,0.030930,-0.000779,-0.003713,0.007732,0.021468,0.012263,-0.007663,0.003709,-0.016956,0.014438,-0.008941,-0.005126,0.021212,0.005975,0.013314,-0.009524,0.006549,0.020411,0.008185,0.023354,0.004656,-0.006337,-0.007066,0.027816,-0.000390,-0.000272,-0.029708,0.009410,0.002431
0.002686,-0.009825,0.006647,0.020450,-0.012784,-0.006036,0.003156,-0.022602,0.009972,-0.005576,0.010412,0.007646,-0.000198,-0.013213,0.003892,0.017136,-0.007982,0.003087,-0.001390,0.014480,-0.000957,0.020615,-0.008902,-0.010008,0.018004,0.004538,0.000593,0.018826,-0.015075,-0.002476,-0.006674,0.008277,0.005891,0.008386,-0.027370,-0.000331,0.003431,0.005259,0.002452,-0.021250,-0.008669,0.013910,0.044137,0.000132,0.006253,-0.007863,-0.002722,-0.012071,-0.001547,0.019503,0.009792,-0.004767,0.003625,0.004889,0.020250,-0.061253,0.005747,-0.006353,0.006710,-0.019195,0.000342,-0.004667,0.001337,0.015256,-0.002554,0.005448,0.007729,0.009782,0.003489,0.004463,-0.001958,0.016115,-0.241695,0.020679,0.000236,0.010845,0.015184,-0.002726,-0.013624,-0.001727,-0.002457,-0.011264,0.005418,0.002101,0.016589,0.009101,0.035178,0.056029,-0.043044,0.005118,0.018763,0.000513,-0.014783,0.006826,-0.003555,0.003318,-0.003194,0.007892,-0.002892,-0.013756,-0.009377,0.002369,0.005717,0.011035,0.000260,0.007554,0.010799,-0.002326,0.010661,0.003147,0.043401,-0.003890,0.003597,0.003670,0.023879,-0.011012,-0.410664,0.014727,-0.003775,0.007947,-0.008956,-0.002444,0.022297,0.003580,0.007129,-0.000679,-0.003978,-0.006461
-0.002325,0.012437,-0.005256,-0.010391,-0.008240,0.013587,-0.008360,-0.012469,-0.000532,0.018615,0.026055,0.011014,0.024023,0.011683,0.003763,-0.008914,0.000380,0.019903,-0.019836,-0.000814,0.034920,-0.002454,0.011953,0.016245,0.004089,0.005737,-0.019313,-0.007544,0.012637,-0.064829,0.005132,-0.007664,0.007644,-0.012536,0.003072,-0.032872,0.023061,0.006401,0.013208,-0.015090,-0.025737,0.005418,0.029749,0.005588,-0.008905,-0.035082,-0.002388,-0.019920,0.005753,-0.001570,-0.012896,-0.007439,0.004405,-0.003516,-0.033155,-0.037025,0.032911,0.010516,-0.004301,0.008064,-0.016403,0.006297,0.017983,0.000005,0.017831,-0.029183,0.021607,-0.000395,0.013451,-0.002592,-0.027447,0.012042,-0.008808,0.021093,-0.017753,0.020234,0.000630,0.002900,-0.002850,0.005121,0.007330,0.015608,0.009738,-0.004126,0.023211,0.003795,0.008180,0.021115,0.012456,-0.003481,-0.009969,0.029039,0.030512,-0.002231,-0.006163,0.008479,-0.008969,0.007012,-0.049169,0.053984,0.008458,-0.015798,0.005588,-0.065756,0.006451,0.016426,0.003003,0.011754,-0.004014,-0.009867,-0.008610,0.007041,-0.002743,0.078113,0.000458,0.026910,0.017629,-0.003450,0.019664,-0.004681,0.009455,0.007431,0.019296,0.017140,0.015116,0.001574,-0.010299,0.006344
-0.001379,-0.013113,-0.010239,0.020561,-0.022232,0.007603,-0.010174,-0.010209,-0.018939,0.006653,0.029250,-0.000158,0.009046,0.012273,0.003039,-0.028106,-0.052742,0.007194,0.006903,0.008544,0.027102,0.003056,0.006209,-0.004214,0.004524,-0.006532,0.009443,-0.001372,-0.003996,0.021105,0.004266,0.001015,0.035964,-0.001750,0.000431,0.036317,0.001686,0.006594,0.010113,0.011370,-0.013499,0.017612,0.028112,0.005714,-0.021101,-0.015684,-0.013340,0.023995,0.043018,0.003310,-0.007955,-0.004214,-0.007053,0.006003,-0.009668,-0.029066,-0.034663,0.011247,0.005077,-0.006900,0.013028,0.040398,-0.019211,-0.015052,-0.015567,0.002742,0.036628,0.011522,-0.012217,-0.012128,-0.019256,0.005452,0.066869,0.012740,0.013867,0.015691,0.043576,-0.001533,0.003439,0.023154,0.006671,0.013530,0.016521,-0.014009,0.005975,-0.008274,-0.017864,0.003896,-0.003999,-0.014136,-0.031665,-0.090171,0.015502,-0.006552,-0.010333,0.025335,-0.025058,-0.013894,0.028549,-0.012889,-0.002085,-0.006655,0.002419,-0.006354,-0.006792,-0.013560,-0.006729,-0.016025,-0.004921,0.024560,0.015200,-0.000744,-0.067039,0.013146,0.001185,0.035923,-0.024925,0.013788,0.018925,0.002713,-0.005662,0.002297,-0.013692,-0.017551,0.004438,-0.005989,0.000709,0.006576
0.036974,0.032859,0.000355,0.028390,0.019841,0.004336,0.011839,0.002860,0.012795,-0.033975,-0.029729,-0.001684,0.003483,-0.001500,0.031275,0.020396,0.014903,0.025685,-0.013520,0.019438,0.006440,0.005156,0.036101,-0.001901,0.000528,0.012855,-0.001101,-0.024368,0.020239,-0.077284,0.002118,0.002002,-0.044092,-0.008777,-0.004014,-0.028851,-0.001450,0.012924,0.020764,0.029714,-0.019745,0.011845,0.055713,0.020561,0.003965,-0.018714,-0.001519,0.019667,-0.040482,0.040932,0.016846,0.007846,0.034635,0.034118,-0.020597,-0.034131,0.006710,0.047076,0.014290,0.048453,0.016229,0.009974,-0.000173,-0.003389,0.005655,0.050263,0.032346,0.082273,-0.002390,0.019457,0.026974,-0.005431,0.002086,0.010874,0.032588,0.000433,-0.016102,-0.012862,-0.007018,-0.015291,0.017776,0.015882,0.005084,0.007104,-0.002648,0.050084,0.032723,0.001799,0.010962,0.036841,-0.021369,0.001823,-0.016848,0.024395,0.041977,0.047807,0.024255,0.010923,-0.026826,-0.025593,0.002698,-0.012521,0.011335,0.057918,-0.015867,-0.005653,0.015434,0.072100,-0.014111,-0.029105,0.004725,0.044369,0.009363,-0.052258,0.012963,0.001659,-0.021114,-0.018981,0.005512,0.027714,-0.006149,0.030540,-0.001963,0.018986,0.010895,-0.014570,0.040455,0.028706
0.019438,0.021469,0.000855,0.002680,-0.010220,0.020194,-0.011978,0.004314,0.011349,-0.055983,0.088924,0.006221,-0.018867,-0.006793,0.013257,-0.001583,0.006701,-0.009540,0.009664,0.011370,0.006046,0.011844,0.005480,-0.024286,0.002774,0.016805,-0.045688,-0.018763,0.001642,0.012885,0.005161,0.002850,0.074843,0.000263,-0.002081,-0.004090,0.017368,0.015795,-0.001173,0.020485,0.006696,0.029553,-0.008984,0.010432,0.037180,0.005821,0.005159,-0.023945,0.079076,0.008010,-0.009756,0.036296,0.000989,0.025454,-0.005841,0.012674,-0.015141,0.012320,0.022827,0.008000,0.018938,-0.006137,0.006122,-0.007958,-0.018631,0.022618,-0.034488,0.020519,-0.012341,0.056802,0.053498,0.009973,0.007084,-0.007616,0.008802,0.008714,0.044517,-0.001649,0.000714,0.074540,0.024156,-0.017263,-0.000246,-0.002370,0.020187,-0.019340,0.010596,0.003226,0.010326,0.035301,0.049441,-0.039963,-0.024285,0.025197,0.015920,0.007076,-0.001733,-0.006543,0.007493,0.017793,0.001526,0.001110,-0.024643,-0.000382,-0.017072,-0.008933,0.011046,0.029281,0.062880,0.053298,0.001508,0.016713,0.001706,0.020596,0.010577,0.010061,-0.004380,0.101795,0.006190,0.011484,-0.006726,0.016947,0.001636,-0.020143,-0.008810,0.015457,0.012697,0.008458
0.005134,0.013449,0.028020,0.008261,-0.016645,0.000623,0.013123,0.011906,-0.009152,-0.031983,-0.006435,0.003873,0.012327,0.019485,-0.016405,0.010544,-0.005139,-0.003361,-0.002320,0.014847,0.002949,0.004294,-0.004496,-0.004023,0.004840,0.010385,0.007530,-0.007163,0.008165,-0.013545,-0.003626,-0.003733,0.004111,-0.031522,0.022028,-0.048792,0.006437,0.012367,-0.002533,0.041246,-0.005031,0.008217,0.007351,-0.006611,0.048047,0.001047,0.005783,0.008857,0.003781,0.027050,0.005001,0.013600,0.002650,-0.002897,0.015365,-0.046543,-0.013092,0.005594,0.012897,0.000883,0.003706,0.002687,0.004662,0.008568,0.007860,-0.013888,0.002789,-0.002396,0.005869,0.005394,-0.000114,-0.024423,0.003163,-0.015769,0.004215,-0.007070,0.006969,0.007180,-0.005749,-0.014986,0.013416,0.012104,0.009361,-0.001338,-0.016244,0.004877,0.032104,0.003888,-0.009822,-0.002341,0.004802,0.015304,-0.035848,0.010948,0.006749,-0.003407,0.009555,0.007821,0.001369,-0.029090,0.004179,-0.017824,-0.004031,0.014918,0.017534,-0.037048,0.004706,-0.005740,-0.005851,-0.012024,-0.007255,0.010699,0.007377,0.007950,-0.006593,0.014409,0.031556,0.004569,0.025229,-0.002523,-0.010079,-0.019374,0.011122,-0.004319,-0.015114,-0.004174,0.000400,0.005460
-0.001375,0.006505,0.005577,0.005420,-0.081479,-0.004817,-0.013180,-0.010941,-0.002001,-0.020602,-0.006296,-0.013207,0.003633,0.006171,-0.016233,-0.010178,-0.010785,0.011810,0.002836,-0.022827,-0.006675,-0.009711,-0.003214,-0.008027,-0.011393,-0.004915,0.003051,-0.008976,-0.010285,-0.020061,-0.009285,-0.004677,0.009469,0.002013,0.010895,-0.019532,-0.012858,0.000494,-0.000940,-0.016043,0.006379,-0.021472,0.021029,-0.001901,-0.020080,-0.011595,0.006134,-0.012093,-0.014904,-0.020224,-0.001087,-0.008959,-0.007369,-0.002616,0.007449,-0.028378,-0.017144,-0.001449,-0.003841,-0.006843,-0.008116,-0.005344,-0.002131,0.008483,0.008537,-0.005766,0.001876,-0.002779,0.004878,0.024310,-0.008763,0.001786,0.007230,-0.009595,-0.004347,-0.012603,0.001064,0.051699,0.010980,0.002176,0.000076,-0.004434,0.002917,0.000777,-0.000860,-0.271503,-0.021002,-0.002683,0.004383,0.001454,-0.022471,0.027793,0.030790,-0.006829,-0.000539,-0.014237,-0.007212,-0.017323,-0.012400,0.003919,-0.004555,0.067149,0.002708,-0.018029,-0.015833,0.002497,0.001195,-0.000599,0.001869,0.001958,0.006196,-0.020689,0.028059,-0.030019,-0.007668,-0.020012,0.004877,0.000701,0.025559,-0.000253,-0.004412,-0.006152,-0.011849,-0.013114,0.003844,-0.007478,-0.010776,0.005842
-0.009242,0.008362,0.000144,0.012031,-0.017276,-0.006187,-0.011915,-0.014127,-0.009581,-0.017167,-0.006362,0.000117,-0.005374,0.006857,-0.003636,-0.050675,-0.047659,-0.006848,0.034574,-0.008577,0.019730,-0.001143,-0.002313,-0.002861,0.001226,0.009396,-0.007593,-0.012024,-0.011768,0.001939,-0.005131,0.013020,-0.002457,0.008852,-0.004128,0.024070,-0.013849,-0.008234,-0.003537,0.005592,-0.020178,-0.005513,0.031829,-0.006184,-0.022231,-0.001311,-0.009522,-0.005937,0.018322,-0.012538,-0.011783,0.012264,0.005319,0.010206,0.005075,-0.043816,-0.014532,0.012063,0.013240,-0.008176,0.002410,0.005693,-0.001749,-0.001883,-0.017263,-0.008020,0.027149,-0.031827,0.004860,-0.046759,-0.049925,-0.000026,0.066352,0.006825,0.000023,0.009604,0.019620,0.000307,-0.002372,-0.003358,-0.000800,0.011471,0.006291,-0.008322,-0.012630,-0.022043,-0.027936,0.013490,0.009265,-0.060666,-0.014187,-0.040702,0.017997,-0.014259,0.002411,-0.030027,-0.023510,0.008860,0.028112,-0.005425,-0.004619,-0.008004,-0.007513,-0.039009,-0.003285,-0.001304,-0.011955,-0.045618,-0.065144,0.004036,0.008058,-0.007406,-0.088835,0.001951,0.015541,-0.009175,-0.030390,-0.005796,0.005234,-0.003703,-0.023681,-0.012542,-0.007256,0.000121,0.009888,0.017932,0.008636,0.000204
-0.012247,0.061619,-0.008271,-0.003506,0.016497,-0.006321,0.002029,-0.006170,0.012891,0.004946,0.032702,-0.022626,-0.003268,0.015687,-0.000908,-0.015977,-0.055466,-0.019940,0.018336,-0.020927,0.004609,-0.013019,-0.002722,-0.010005,0.023659,-0.010690,0.054052,-0.004025,-0.007828,-0.001722,-0.013881,-0.005014,-0.009407,0.011240,-0.006717,-0.019516,-0.023413,0.003194,0.008352,0.028213,0.000745,-0.026134,0.003200,-0.005439,-0.003129,-0.005148,-0.005595,0.064326,0.018165,0.002730,-0.011293,0.009472,0.000937,-0.016339,0.020761,-0.005361,0.035317,-0.001226,-0.018644,-0.021402,0.002920,0.007218,-0.004849,0.013919,0.002445,0.004662,-0.024288,-0.029606,-0.005163,-0.014495,0.005266,-0.012658,-0.013603,-0.001119,0.000011,-0.008214,-0.009916,-0.010994,0.011060,0.025058,-0.011683,-0.050941,-0.016012,-0.005699,0.014099,-0.012539,0.007569,0.004391,-0.004270,-0.009107,0.000525,-0.069868,-0.056866,-0.000374,0.033101,-0.015254,-0.008419,0.016421,0.021301,-0.066316,0.006491,0.017949,-0.004541,-0.015257,-0.006632,-0.006581,-0.015602,-0.013342,0.004860,0.002786,0.010958,-0.009721,-0.059682,0.010236,-0.007412,0.005263,0.006869,0.014525,0.027384,-0.000233,-0.000524,-0.028256,-0.013431,0.001765,-0.003237,0.004307,0.010909,0.000210
0.005489,0.071788,0.003479,0.012423,0.011273,0.013724,0.010942,-0.017636,-0.005917,0.023116,-0.004703,-0.000531,0.007519,0.003135,0.000990,0.023315,0.023556,-0.003869,0.005459,0.003025,0.032995,0.006066,0.028849,0.000259,0.014136,0.001721,0.030506,0.000361,0.001104,-0.028262,-0.006962,-0.006161,-0.005250,-0.024523,-0.012145,-0.060697,-0.002123,0.027869,0.030143,0.000887,-0.039958,-0.002563,0.041034,0.007718,0.010273,-0.009848,0.019190,0.031410,-0.029735,-0.017744,-0.006170,0.003392,0.013531,0.000217,-0.010733,-0.018696,0.053992,-0.007446,-0.004620,-0.005057,0.005973,0.023887,0.018961,-0.017958,0.001844,-0.019686,-0.013670,0.010257,0.006889,0.016258,0.009873,-0.000696,-0.012709,0.015425,-0.003242,-0.007316,-0.000966,0.014584,-0.000851,0.000418,-0.014092,0.002576,0.000835,0.013712,-0.011231,-0.011877,-0.015025,0.020110,0.000112,0.022963,-0.054277,0.026251,-0.051699,0.006072,0.050419,0.001615,-0.012172,0.037753,-0.009508,-0.057864,-0.015823,-0.002745,0.001878,0.008457,-0.008065,-0.003056,0.014240,0.020672,0.019454,0.003415,0.012496,0.007841,0.030548,0.020539,-0.013657,0.036154,0.001508,-0.008941,0.009048,0.012337,-0.008438,-0.014481,0.011709,-0.006666,0.018141,0.006682,0.015087,0.009587
0.004244,0.012571,-0.006704,0.023059,0.006275,0.013954,-0.013319,0.000355,-0.002440,-0.000760,-0.015637,0.005261,-0.001037,0.000486,0.023881,0.017048,0.043889,0.020944,0.027723,0.009573,-0.003376,-0.010867,0.018961,-0.020644,0.025255,-0.015045,0.016762,-0.004730,0.012834,-0.026387,0.024374,-0.003099,-0.027718,0.007531,-0.001320,-0.007108,0.000595,0.003151,0.008502,0.044860,-0.002475,-0.008892,0.030255,-0.007334,-0.013437,-0.002715,0.012105,0.051603,-0.017570,0.020594,0.002956,-0.009941,0.002553,0.023631,-0.001682,-0.009807,0.020180,0.028210,-0.002596,0.041016,0.015099,0.015273,0.010790,0.002164,-0.003153,0.055072,0.013112,0.066335,-0.021208,0.014503,0.047049,-0.000424,-0.009247,0.001715,0.026901,0.001805,0.010772,-0.038405,-0.001614,-0.021380,-0.001602,-0.016543,-0.010275,-0.010632,0.014426,0.022526,0.036252,0.002892,0.002690,0.041815,-0.011519,0.015814,-0.008515,0.014193,0.026348,0.052260,-0.005955,-0.003984,0.031696,-0.014060,0.003017,0.002079,0.027207,0.041774,-0.019965,0.011548,-0.000700,0.058226,0.025435,-0.003041,0.003498,0.017342,0.017819,0.006848,-0.004815,0.002549,-0.013732,-0.022930,0.012904,0.035358,-0.004531,0.022884,-0.030948,-0.003884,0.001285,-0.000623,0.007415,0.003305
0.012497,0.022065,-0.006035,0.022157,-0.010465,0.003798,0.019740,-0.011018,0.019529,0.004769,-0.013567,0.009509,0.011331,0.009257,-0.018800,0.017768,0.023606,-0.006028,0.285566,-0.008965,-0.005316,0.000187,-0.019024,0.001980,-0.004480,0.012303,0.022404,0.004163,-0.002369,0.259905,0.004568,0.165551,-0.032315,0.000262,0.000494,-0.030631,0.007696,0.005693,0.022543,0.016169,-0.056081,0.004884,0.013814,0.000901,0.013343,-0.001947,0.016345,0.032456,-0.005817,0.034809,0.008268,0.010285,0.027486,-0.003100,0.236390,-0.039489,0.002080,0.013967,0.005954,0.007156,-0.002950,0.010257,0.005852,0.006937,0.001539,0.008478,-0.020966,-0.011400,0.018733,-0.000998,-0.004286,0.001275,-0.004435,-0.008318,0.007908,-0.013983,-0.005135,0.008127,-0.013083,-0.011088,0.001802,-0.004242,0.010178,0.001704,0.027485,-0.019925,-0.032141,-0.008491,0.004695,-0.006043,-0.004117,0.094597,-0.024871,0.002169,0.006661,0.011583,-0.013552,0.016620,0.337220,-0.042384,-0.010951,0.001586,0.018092,0.010036,-0.002758,-0.001760,0.007243,0.014348,-0.014666,-0.006424,-0.000317,0.008384,0.028981,0.021752,0.031485,0.002334,0.032353,-0.015676,0.005376,0.005543,-0.001278,0.005002,-0.010196,0.021762,0.011543,0.186385,-0.008633,0.017725
-0.004812,-0.006484,0.011166,0.016273,0.002926,-0.001215,-0.002430,-0.001412,0.005718,0.001549,0.008895,0.008330,0.003702,-0.023172,0.001556,0.008103,0.009253,0.002649,0.011887,0.003072,0.002516,-0.000763,-0.016855,0.003037,-0.006826,0.010306,-0.001339,0.025594,0.010891,-0.014843,0.013871,0.010758,0.014024,0.016472,-0.013786,-0.003234,0.022759,-0.005705,-0.001560,-0.007344,0.001432,0.006190,0.028957,0.000742,0.010542,-0.009227,-0.008688,0.001473,0.014695,0.012313,-0.007282,0.005737,0.008346,0.009464,0.002491,-0.040372,0.002091,-0.001287,0.000077,-0.001325,0.007985,-0.005064,0.008977,-0.001697,-0.000600,-0.008340,0.013019,-0.002666,0.012370,0.013376,0.000998,0.026950,-0.243282,0.002502,0.006737,0.015696,0.002067,-0.002473,-0.004364,0.011557,0.008759,0.000646,0.003986,-0.001168,0.003657,-0.008254,0.019901,0.045813,-0.049327,0.003488,0.012502,0.003635,-0.019232,0.004073,-0.000519,-0.000897,0.001006,0.002698,-0.005555,-0.003268,-0.009585,-0.010212,0.002157,0.004067,0.015398,0.000895,0.003498,-0.006124,0.006657,-0.006964,0.034527,0.002948,0.002905,0.003370,0.027027,-0.014931,-0.385072,0.012565,-0.025530,0.007446,-0.010713,0.002231,0.012306,0.005719,0.006877,0.016193,-0.007435,-0.010737
-0.009355,0.001136,0.023199,-0.059504,-0.008071,-0.004620,-0.008211,-0.051530,-0.006083,-0.015328,-0.000759,-0.007732,0.017297,-0.019558,0.002480,-0.033117,0.001873,-0.008117,0.001822,-0.006420,-0.014130,-0.005181,-0.066708,-0.003672,-0.007028,-0.006089,-0.004204,0.004131,-0.004797,-0.003047,-0.008262,-0.002290,-0.003592,0.005536,0.005997,0.004257,-0.009053,-0.014633,0.979466,-0.003090,-0.003453,-0.001685,-0.028476,-0.005445,-0.009271,0.117743,-0.006508,0.000137,-0.004705,0.045459,-0.001740,-0.002037,-0.006727,-0.002888,0.003543,0.014029,-0.002366,-0.005767,-0.006042,-0.005474,-0.004513,-0.010938,-0.007189,0.002774,-0.008664,-0.004245,0.017245,-0.002759,-0.006007,0.003000,-0.006831,-0.004270,0.005414,-0.001799,-0.005049,-0.008189,-0.009638,-0.006516,-0.007264,-0.003538,-0.005707,-0.003337,-0.009680,-0.003988,-0.009951,-0.008560,-0.003455,0.102586,0.060373,-0.000863,0.009054,0.003351,-0.012931,-0.006381,-0.009264,-0.005977,-0.006455,-0.010930,0.004676,0.005769,0.004410,-0.009036,-0.006960,0.020654,0.028944,-0.003364,-0.006291,-0.007160,-0.000858,-0.005569,-0.061733,-0.006234,0.001708,0.000557,0.000941,-0.014131,-0.007246,-0.002256,-0.049781,-0.009900,0.014583,-0.007026,-0.004578,-0.006275,0.005385,-0.000490,-0.004913,0.004632
-0.003499,0.032829,0.033349,0.014905,-0.003954,-0.008668,-0.015195,-0.003309,-0.009964,0.044648,0.023405,-0.013246,0.047818,0.006754,0.000384,0.012634,0.015798,-0.015087,0.013599,-0.001849,0.010734,0.003107,0.001545,-0.007349,0.002822,-0.002710,0.039098,-0.002708,0.004048,0.018848,-0.005500,0.003010,0.019713,0.013218,0.004313,0.000619,0.002629,-0.010227,-0.002636,-0.002092,-0.016092,-0.007245,0.007522,0.009183,0.006108,0.005010,0.003946,0.042546,0.006879,0.011859,0.003961,-0.012816,-0.014846,-0.004941,0.018141,-0.018015,0.010162,-0.008600,-0.004085,0.008964,0.001362,0.014648,-0.022187,0.021936,-0.017591,-0.006729,0.036570,-0.011198,-0.018356,0.016082,-0.002086,-0.003836,-0.004014,-0.021837,-0.011978,-0.009524,0.001425,-0.016082,0.005449,0.010867,0.000775,-0.030589,-0.015929,-0.014946,-0.020508,-0.042708,0.001655,0.017590,-0.013023,-0.012335,0.015510,-0.000408,0.020143,-0.010511,-0.018362,-0.000055,0.005069,-0.008398,0.025138,0.025815,0.004160,-0.008416,-0.017850,0.005515,-0.010053,-0.008952,-0.008420,0.000625,0.013149,0.020971,0.001623,0.006377,0.029603,0.033249,-0.006416,-0.005394,-0.003771,0.019541,0.006912,-0.007841,0.001323,-0.010090,-0.012625,0.017692,0.006868,-0.000257,0.018991,0.005346
-0.010749,0.043781,-0.027501,-0.060761,0.002286,-0.001786,-0.007584,-0.084466,-0.015870,0.002468,0.006791,-0.014064,-0.032068,0.038945,0.007384,0.005582,-0.005483,-0.004868,0.015315,0.004589,-0.389475,0.005953,-0.002586,-0.018523,-0.287020,-0.001906,-0.000976,-0.011313,-0.127603,0.022863,-0.001580,-0.011183,-0.007242,-0.026145,-0.028230,0.039626,-0.007658,0.013640,-0.071182,-0.004232,-0.052382,-0.007318,0.071475,0.006328,0.004201,0.078638,-0.000540,-0.013235,0.013612,0.014611,-0.044033,0.003516,-0.007587,0.010072,0.010618,-0.090386,0.085853,0.004063,-0.002418,0.037828,0.000989,0.094042,-0.007352,-0.008189,-0.003942,-0.020812,-0.060399,0.033510,0.010769,-0.005218,0.000053,0.010383,0.031716,0.017006,-0.008734,0.003220,0.010091,-0.010855,-0.058269,0.014938,0.006341,0.022400,0.006734,0.020654,-0.087839,-0.006709,0.021797,0.085375,0.095962,-0.018395,0.030425,0.000039,0.008644,0.001014,0.003939,-0.020607,0.005727,0.010096,0.018568,-0.002589,-0.023366,-0.016850,0.050159,-0.038841,0.002234,-0.012135,0.006566,0.003451,-0.005756,-0.005212,-0.075652,-0.005320,0.008850,0.017039,0.048639,0.103512,-0.023185,0.014991,-0.013800,-0.002635,-0.034426,-0.013195,-0.002341,-0.019683,0.140741,-0.008693,0.010998,-0.036438
0.017020,0.008560,-0.006786,-0.002906,-0.000270,0.013734,-0.004936,0.008466,-0.004419,0.000274,0.153308,0.014216,-0.013374,-0.002595,0.006494,-0.060754,-0.033303,0.015127,-0.059871,0.031259,0.001700,0.023430,-0.005914,0.009637,0.011137,0.037671,-0.002967,-0.000145,-0.006950,0.034589,-0.012236,-0.032259,0.128674,0.003921,-0.007053,-0.014872,0.027807,0.052938,-0.001047,-0.010918,-0.001622,0.062129,-0.013695,0.006615,0.035044,0.019577,0.003492,-0.013664,0.137344,-0.008354,-0.006162,0.024493,-0.007722,0.016878,-0.035332,0.034293,0.002089,0.003896,0.015926,-0.002785,0.016376,0.011291,0.008023,-0.005235,0.008642,-0.014617,-0.014634,-0.005701,0.013498,0.094875,0.049054,0.010488,-0.005810,0.015656,0.013289,0.011877,0.085638,0.013715,0.012187,0.116078,0.038566,0.008141,0.022605,0.008480,0.008035,-0.006088,0.002816,-0.021527,-0.008382,0.019552,0.121032,-0.078346,0.002890,0.014037,-0.016517,0.005429,0.025110,-0.001499,-0.057830,-0.008011,-0.000365,-0.015626,0.005455,-0.000730,-0.005448,-0.008781,0.010829,-0.014713,0.077099,0.088232,0.001194,0.021113,-0.027769,0.029734,0.007541,0.004316,0.025098,0.163496,-0.002833,0.000606,-0.008974,-0.011412,0.023053,0.006992,-0.010426,-0.018275,0.036547,-0.010499
0.005177,0.089122,-0.015021,0.029396,-0.014172,0.002605,0.015929,0.003864,0.017718,-0.025899,0.021206,-0.001633,-0.002720,0.014732,0.005703,0.016891,-0.004782,-0.006632,0.005576,0.004759,0.011913,-0.010465,0.004527,-0.024918,-0.004807,-0.004551,-0.002651,-0.003728,0.002601,-0.030708,0.008463,-0.001944,0.025961,-0.007543,0.007990,-0.032178,-0.015037,0.023200,0.008185,-0.019027,-0.001977,-0.008476,0.010687,0.020477,-0.007257,-0.019041,0.014691,0.040395,0.021833,-0.031267,0.007562,0.012679,-0.006936,0.025607,0.016971,-0.008407,0.050365,0.027961,0.017446,0.022263,0.021291,0.011407,-0.012967,-0.009430,-0.016404,0.027329,-0.013534,0.001864,-0.013608,0.003092,0.025707,-0.006510,-0.017590,-0.007854,0.024010,0.003944,0.012563,-0.013616,0.016551,0.029298,0.012278,-0.009496,0.002968,-0.009254,0.008443,0.003842,-0.005735,0.003196,-0.005875,-0.010594,0.005328,-0.003911,-0.001575,0.025420,0.028385,0.001644,-0.005021,0.002542,0.025854,0.006494,-0.001853,0.001187,-0.020139,0.014071,0.011044,-0.006066,0.010772,0.023068,0.004558,0.016253,0.005616,0.013405,0.006441,0.026397,-0.002508,0.012984,-0.009442,0.010020,0.012208,0.015156,-0.005086,0.017885,-0.021370,0.007755,0.000441,-0.001532,0.013282,0.013152
0.008535,0.017922,0.018016,0.101270,0.028738,0.005825,0.000715,0.134252,-0.017272,0.028179,0.005388,-0.001690,0.021742,0.281778,-0.071179,-0.035227,-0.002252,-0.003158,0.003206,-0.001637,0.007118,-0.003342,0.071021,-0.000647,0.023103,0.011585,-0.000704,0.067908,0.011641,-0.030963,0.003420,-0.007239,0.011193,-0.132265,0.282537,0.024536,-0.000980,-0.009088,0.027810,0.009375,0.027665,-0.003739,0.125073,0.008433,0.011578,0.169257,0.002494,0.014576,-0.001176,0.094838,-0.004652,0.015517,0.008992,0.015482,0.001395,-0.004428,0.017191,0.001946,0.001721,0.005477,0.015164,-0.016955,-0.000665,0.021156,0.003634,-0.002905,-0.000612,0.007842,-0.000906,0.010739,-0.002991,-0.017458,0.004672,-0.016465,-0.002252,-0.021297,0.019915,0.017566,0.075282,0.012542,0.006863,-0.027842,-0.000642,0.003519,-0.069666,0.013937,-0.041753,-0.057056,-0.077362,-0.004519,0.000288,-0.001512,0.009098,-0.000802,0.007473,0.007956,-0.005770,0.004889,0.007697,0.003685,0.064833,0.021026,0.008104,-0.085136,-0.002766,-0.001654,0.009901,0.012677,0.015304,0.017532,0.140335,0.000122,-0.002382,-0.078143,0.039462,-0.047142,0.015489,0.010710,-0.118838,0.014218,0.024189,0.004182,-0.011182,-0.014718,-0.269872,0.009870,0.009618,0.005868
0.007767,0.036936,-0.000609,0.033450,0.007015,-0.007145,0.012149,-0.003177,-0.005809,-0.015725,-0.049127,-0.020210,-0.002776,0.012341,0.026019,0.004551,0.037823,0.018816,-0.023217,0.005982,0.009689,-0.014271,0.022044,-0.026594,-0.000451,-0.003963,0.003787,-0.012134,-0.006154,-0.060380,0.018405,-0.025818,-0.073345,0.000868,-0.009357,-0.009012,-0.016394,0.003137,0.016587,0.012256,-0.022955,-0.032655,0.051896,0.027053,-0.013448,-0.008560,-0.020742,0.052690,-0.026555,0.012197,0.006850,0.012841,-0.003294,0.022022,-0.026512,-0.026258,-0.013165,0.048718,0.005816,0.029139,0.028840,-0.003167,-0.009974,0.029432,-0.016076,0.043483,0.026894,0.050113,-0.025994,0.021616,0.045616,0.016137,-0.013132,0.009990,0.040127,0.013361,-0.014535,-0.043442,0.004574,-0.032498,-0.002044,-0.022332,-0.005934,-0.004270,-0.000958,0.013764,0.007419,0.000601,-0.005704,0.057188,-0.068942,0.029180,-0.013697,0.017881,0.045730,0.046808,0.003396,-0.000820,-0.021365,-0.013012,0.001240,-0.015936,0.010612,0.027506,-0.007996,-0.008467,0.016041,0.079209,-0.003551,-0.011349,0.015363,0.056081,0.042401,0.014920,0.001246,-0.003277,-0.000091,-0.044050,0.009134,0.021647,-0.002118,0.016028,-0.043007,-0.001705,0.012905,-0.023870,0.035392,0.033434
-0.005451,-0.003539,0.004773,0.005260,0.026799,0.006341,0.007990,-0.025434,-0.004461,0.011219,-0.027246,0.005031,0.009000,-0.001233,-0.002021,-0.032282,0.049443,0.000722,-0.049890,0.020212,0.009722,0.010300,0.009488,0.000210,-0.005386,0.011287,0.020561,0.015370,0.018929,0.005769,-0.003912,-0.021610,-0.015206,-0.000068,0.011708,-0.012201,0.014799,-0.003447,0.004663,-0.015156,-0.036013,-0.008561,0.038501,0.000879,0.001683,-0.003517,0.009633,0.034411,0.001075,-0.002212,0.013472,0.006355,-0.013391,0.000889,-0.031328,-0.024113,-0.011631,0.005424,-0.007036,0.013206,0.016004,-0.002942,0.011081,-0.000538,-0.000362,-0.017228,0.032775,-0.025718,-0.003008,0.025636,0.019082,0.003085,-0.021911,0.011179,0.001764,0.006123,-0.004355,0.003324,-0.007884,-0.021705,-0.004217,-0.044044,0.014788,0.009496,-0.001012,-0.005203,-0.011978,0.017345,-0.000219,0.018883,-0.019053,0.073190,0.019185,-0.001666,-0.020572,-0.015267,0.025095,-0.008065,-0.037288,0.002257,-0.004334,-0.004042,0.010528,-0.018089,0.016314,-0.003196,0.004371,0.001849,0.038748,0.008725,-0.012248,0.009929,0.061867,0.053055,-0.005717,-0.019528,0.009961,-0.020897,0.009011,0.004543,0.003425,-0.012883,0.012529,0.013141,0.020098,-0.041788,0.003936,-0.011755
-0.010176,-0.021501,-0.023464,-0.063587,0.010415,-0.001485,0.010625,0.229581,0.015451,0.011157,-0.003279,0.012028,-0.030279,-0.012934,0.050098,-0.001917,-0.003023,-0.004057,0.007987,-0.000411,-0.017770,0.003301,-0.218127,0.007539,0.018646,0.004185,-0.025528,0.117613,-0.012717,0.015139,0.006597,0.005267,0.005082,0.164635,-0.075756,-0.001902,0.010482,-0.004025,0.033446,0.023304,0.029447,0.005315,0.338194,-0.004535,0.001596,0.184698,0.004643,-0.040702,-0.000468,-0.011467,-0.018039,-0.004461,-0.003670,-0.010774,-0.002568,0.039818,-0.002700,-0.002673,0.000111,-0.018533,-0.002865,0.017734,0.008042,-0.006086,-0.000535,-0.002538,-0.006382,-0.008832,-0.002467,-0.012161,-0.004387,-0.004433,0.015117,-0.012266,0.002205,0.002199,0.013395,0.005629,-0.059613,0.001029,0.000792,0.014178,-0.007531,0.002136,0.269284,-0.007540,0.007063,-0.235783,0.122887,-0.009055,0.005439,-0.006781,-0.004499,0.005275,-0.018961,0.005509,-0.002652,-0.006219,-0.000599,0.002175,0.063212,0.006976,-0.002936,0.124873,0.093529,0.004709,0.003482,-0.016062,-0.011077,-0.016698,0.202390,-0.007358,-0.015040,0.056038,0.158874,0.023155,0.053362,0.005509,0.087769,0.004384,0.073423,0.010155,0.011025,0.005657,0.186940,0.015733,-0.015513,0.007090
0.011539,0.005566,0.014980,0.013907,0.005248,0.002768,0.004785,-0.005206,0.008301,-0.012567,0.012641,0.023570,-0.009188,0.009837,0.010685,-0.000889,0.002755,0.006616,-0.022191,0.019615,0.007215,0.013111,-0.008011,-0.006948,0.010891,0.008570,-0.020096,-0.006499,-0.005213,-0.062801,0.017242,0.012796,0.017198,-0.005645,0.012217,0.021991,0.012817,-0.000360,0.009077,0.013502,-0.012229,0.012160,0.015787,0.010987,-0.005163,-0.014130,-0.004077,0.003519,0.008335,0.022388,-0.034376,0.008738,0.005980,0.017005,-0.004756,-0.026752,0.026730,0.013419,0.018075,0.004851,0.010776,0.011145,0.005486,-0.001134,0.021999,-0.018479,0.016401,-0.015757,0.013167,-0.012533,0.001007,0.029890,0.005981,0.028881,0.000183,0.019585,0.022177,0.009343,0.001315,0.026138,0.002623,-0.012322,0.016647,0.017518,0.015759,-0.006036,0.019873,0.015708,0.008497,0.008318,0.029348,0.036354,0.048450,0.004688,-0.015804,0.002973,-0.022708,0.010980,-0.029681,0.052720,0.009257,-0.004260,-0.005749,-0.071913,-0.005568,0.020236,0.007677,0.020882,-0.000594,0.017213,-0.005023,0.007588,0.017216,0.084594,0.004729,0.008179,0.004327,0.011086,0.011850,0.006267,0.003892,0.001313,0.015450,0.008938,0.012342,0.023707,0.005295,0.006149
0.009557,-0.001931,0.038170,-0.000151,0.000749,0.010014,0.000169,-0.008268,0.008584,0.005085,0.013220,0.016630,0.021289,0.006543,-0.022156,-0.015300,0.000650,-0.005340,0.004693,0.002277,0.015126,0.005869,0.004742,-0.000903,0.001674,0.012712,0.026925,-0.007476,0.019784,-0.005988,-0.009903,-0.008162,-0.000082,-0.044414,0.025281,-0.029973,0.028303,0.029492,-0.007164,0.042679,-0.017312,0.013075,0.018587,0.005007,0.030381,0.020975,0.010886,0.016963,0.014752,0.015392,0.007506,0.006691,-0.008895,0.004489,0.007612,-0.052404,-0.011707,-0.008288,0.012362,0.001970,0.010178,0.026931,0.013914,0.005877,0.008536,0.006980,0.000161,-0.014854,-0.017549,0.018749,-0.009323,-0.012211,0.018196,-0.010314,-0.001558,-0.003147,0.022960,-0.012519,-0.015435,0.013056,0.011977,-0.001335,0.009391,0.002593,-0.001012,-0.002729,0.025862,0.008894,-0.001017,0.002441,0.014338,0.007558,-0.028714,-0.000196,0.018803,0.004898,0.018544,0.028260,0.006384,-0.044735,0.002443,-0.015225,-0.006351,-0.015739,0.024256,-0.025268,0.008791,-0.018533,0.004312,0.000785,-0.012781,0.004606,0.003008,0.030655,-0.016679,0.009399,0.029891,0.002761,0.020047,0.011877,-0.013693,-0.015478,0.008327,-0.025322,-0.005849,-0.004595,0.004417,0.007839
0.000690,-0.001883,0.021073,0.375215,-0.018089,-0.005036,-0.006435,0.209813,-0.003345,0.013092,0.004567,-0.011152,0.021084,0.183229,-0.010451,0.027740,-0.020265,0.001884,-0.014262,-0.007173,-0.011576,-0.008201,-0.059956,-0.019780,-0.023176,-0.012815,0.006593,0.063407,-0.009402,-0.038913,-0.006283,-0.003440,-0.007240,-0.005652,-0.159006,-0.001536,-0.016064,-0.010656,-0.003787,0.032559,-0.077003,-0.003062,-0.045307,-0.007637,-0.003889,0.058970,-0.008919,0.001855,-0.003093,0.075330,-0.009338,-0.007018,-0.000848,-0.000354,-0.012525,-0.120883,0.002996,0.000288,-0.003403,-0.001014,-0.012766,-0.002383,-0.000510,0.010523,0.001878,-0.001400,0.003426,-0.002434,-0.000590,-0.012112,-0.008483,0.001176,0.019083,0.005973,-0.009217,-0.004463,-0.007050,-0.022630,-0.074347,-0.006554,-0.006896,0.022864,0.000148,-0.003283,0.326469,-0.012113,0.054648,0.054847,0.219239,-0.008480,-0.010751,-0.018595,0.038084,-0.001822,-0.005246,-0.002142,0.000407,-0.020209,-0.025797,0.048762,-0.046052,-0.016976,-0.004806,-0.065884,0.465355,-0.005073,-0.009268,-0.004813,-0.006553,0.000628,-0.120918,-0.005094,-0.010826,0.037564,0.035909,-0.002018,-0.002176,0.001964,-0.072173,-0.006249,-0.100757,-0.000040,-0.013364,0.002292,-0.130978,-0.017912,-0.003903,-0.008204
-0.027657,0.006486,0.019563,-0.004762,-0.012397,-0.011800,0.014484,-0.008338,0.014888,0.027600,0.002049,0.005523,-0.013940,0.014313,-0.008063,0.033678,0.017190,-0.001180,-0.018760,-0.008777,-0.005721,0.004050,0.003790,0.006664,-0.014009,-0.006790,-0.007243,0.005376,-0.004882,0.004747,0.000223,-0.013987,-0.000556,-0.010326,0.004208,-0.018653,0.010388,-0.007127,-0.007154,-0.019285,-0.005006,-0.005004,0.000785,-0.009892,0.014819,0.005436,-0.002742,-0.039567,0.019956,-0.011223,-0.007213,0.024602,0.007745,-0.021603,-0.023582,-0.011982,0.004891,-0.003708,-0.006485,-0.018536,-0.016841,-0.009023,-0.008250,0.013804,-0.008434,-0.000121,0.021505,-0.018213,0.005504,-0.012882,-0.016577,-0.009462,0.004973,-0.015794,0.000699,-0.019438,-0.007209,0.000806,0.016396,-0.002101,0.000206,-0.056301,-0.031799,0.000674,-0.006576,-0.007497,-0.010456,-0.014561,-0.004609,-0.005843,-0.006011,0.003770,0.007617,-0.006648,0.006800,-0.018118,-0.003538,0.000046,-0.020498,0.020114,-0.006317,0.028392,-0.004935,0.036186,-0.005860,0.031946,0.006586,-0.013077,0.007385,-0.012584,0.005428,-0.000305,-0.008579,-0.169566,-0.010846,-0.014346,0.007034,0.015362,-0.003729,-0.008466,-0.007182,0.015598,0.014634,0.017411,-0.006243,-0.017220,-0.019633,-0.020585
0.017046,0.082567,-0.000140,0.012169,0.004982,0.016075,-0.000724,0.003891,0.005961,0.021096,0.016294,0.024763,-0.011812,0.013128,0.010428,-0.035256,-0.017470,0.015575,0.289415,0.030811,0.015446,0.009582,-0.004148,0.012201,-0.003338,0.004293,0.048880,0.023683,0.012203,0.220082,0.012553,0.189091,0.002890,0.006310,-0.018403,-0.028413,0.017665,-0.011061,0.019810,-0.070447,-0.038267,0.019968,0.005998,0.019006,0.005258,-0.004916,-0.002989,0.056024,-0.015122,-0.055673,-0.007769,-0.003002,-0.005717,0.023034,0.262100,-0.022202,0.078787,0.002041,0.014034,0.018377,0.011114,-0.004238,0.029242,-0.003315,0.034999,0.003519,0.004308,0.035628,0.009547,0.007062,0.000133,-0.000012,0.017381,-0.002459,0.004549,-0.004284,0.016391,-0.000019,-0.012895,0.015334,0.013176,0.020007,0.007026,0.013622,0.024491,0.013223,-0.039159,-0.009458,0.002495,0.017193,0.007205,0.047751,0.012481,0.007238,0.003316,0.025543,0.027160,0.008675,0.334610,0.005339,-0.007283,-0.009272,0.004305,-0.037262,0.011873,0.013783,0.013915,0.015383,-0.011217,-0.015813,0.017786,0.013876,-0.017357,0.017737,0.014958,-0.006586,0.016685,0.014127,-0.005800,0.010424,0.001031,0.003677,0.034535,0.011349,0.000933,0.195944,0.017026,-0.016242
0.002734,-0.004796,0.000842,-0.002089,-0.005380,0.012522,-0.004632,-0.019369,-0.005880,-0.037159,-0.002836,0.003920,0.027171,-0.001815,-0.015046,-0.010404,0.003885,0.009903,-0.004514,-0.004827,0.021703,0.004901,0.007466,-0.016833,-0.001372,0.012093,-0.000062,-0.006530,-0.005512,-0.011664,-0.017661,-0.002474,0.003537,-0.019107,0.006796,-0.018636,-0.006298,0.023216,-0.011350,0.039771,-0.011529,-0.000399,0.014520,0.001513,0.019045,0.018941,0.013157,0.008057,-0.005421,0.037033,0.013790,0.022568,0.001013,-0.002350,0.008048,-0.030100,-0.009046,-0.011810,-0.005724,0.001583,-0.000506,0.005238,0.003004,0.011246,0.007557,-0.002064,0.002538,-0.017563,0.002029,0.005922,0.004276,-0.007092,0.014293,-0.010740,0.004512,0.008725,0.013161,-0.006444,-0.018488,-0.002134,-0.001492,0.030172,0.003752,-0.000039,-0.015811,0.001730,0.032069,0.003477,0.003847,-0.000085,0.011564,0.032499,-0.044611,0.000850,0.009729,-0.013119,-0.005318,0.013104,0.016830,0.007168,-0.003937,0.006484,-0.004030,-0.004571,0.020897,-0.005644,0.004926,-0.010255,-0.003384,-0.000531,0.001125,-0.022060,-0.005110,-0.007638,-0.008101,0.009678,0.016605,-0.000490,0.001351,-0.010772,-0.007241,-0.012857,-0.011022,-0.005249,0.000459,-0.020485,0.004843,-0.019528
0.007798,-0.007126,0.011670,0.015386,0.031027,0.005059,-0.004356,-0.014487,0.002987,0.016513,-0.002076,0.004208,-0.010561,-0.008476,-0.003513,-0.038170,0.005071,-0.012276,0.010706,0.010055,-0.000268,-0.008090,0.013152,0.009388,0.002115,-0.009570,0.010341,-0.006239,0.001748,-0.017545,-0.007226,-0.022452,0.001851,-0.004382,-0.000825,0.008034,-0.011441,-0.004617,0.001776,0.015425,-0.021599,0.009501,0.041322,-0.006468,-0.006388,-0.006796,0.011807,-0.001627,0.002296,0.011111,-0.003082,0.011490,-0.024040,-0.001090,-0.006555,-0.037068,-0.001584,-0.000568,-0.012838,0.012811,0.001369,0.009370,0.011127,0.010882,0.007407,-0.004922,0.025879,-0.019425,-0.009007,-0.003665,-0.011467,-0.010856,-0.035833,0.015950,-0.006554,0.012774,0.002073,0.023596,-0.003594,-0.007235,-0.007927,0.009368,0.009552,-0.010202,0.016191,0.005153,-0.010431,0.027915,-0.005913,0.000715,0.006958,-0.001681,0.040517,-0.011099,-0.011843,-0.013095,0.015778,0.009687,0.008946,0.025972,-0.002206,-0.006266,-0.003618,-0.032373,0.007551,-0.004049,0.000150,-0.014885,-0.002317,0.002127,0.025276,-0.017382,0.006901,-0.014065,0.009126,-0.006544,-0.157542,-0.008193,0.004700,-0.010102,-0.022754,-0.008870,0.015393,0.002712,0.013217,-0.011916,0.000379,0.005020
0.025599,-0.019783,-0.024827,0.009305,0.019869,0.017145,0.022480,0.002141,0.012350,0.029720,0.032354,0.009954,0.001966,0.004509,0.003667,0.017305,0.056647,0.031180,0.018159,0.002247,0.004951,0.008727,0.013717,0.001793,0.005213,0.012961,0.018837,-0.006229,-0.011381,-0.020415,0.008871,0.020963,0.004096,-0.015857,-0.005615,0.003791,0.013011,-0.002371,0.014629,0.043103,0.001655,0.021460,0.013262,0.027433,0.029479,0.001997,0.003437,0.007059,0.028169,0.022124,-0.003590,-0.002442,0.026992,0.007787,0.012286,-0.014796,-0.001097,0.006648,-0.000696,0.020132,-0.003566,0.002894,0.024840,0.003774,0.006119,0.033464,0.010410,0.043142,0.035734,0.061858,0.010235,0.034369,-0.000855,0.015053,0.012956,0.021685,0.004078,0.001379,-0.001061,0.029578,0.019989,0.006645,0.009608,-0.004739,0.013541,0.022812,0.046421,-0.011568,0.007050,0.033327,0.010268,0.070836,0.009610,0.021728,0.019247,0.026590,0.028220,-0.004931,-0.011753,0.029208,0.022650,0.006050,0.017122,0.019879,-0.010589,0.025594,0.021907,0.058991,0.011853,0.007564,0.010874,0.029852,0.046864,-0.027244,0.009290,0.011887,-0.002833,0.028250,0.009603,0.008020,-0.017004,0.021356,0.009251,-0.001558,0.015008,0.023510,0.003291,0.011455
0.014363,0.048424,-0.001301,0.022081,0.000947,0.022150,0.009529,-0.000499,0.014444,-0.010738,0.012041,0.034376,-0.007286,-0.006243,0.002083,0.006727,-0.020214,-0.002635,0.043749,0.019357,-0.011766,0.019339,-0.005286,0.014980,-0.003319,0.015197,-0.045813,-0.002876,-0.020456,0.020564,0.007119,0.025265,-0.002178,0.000261,0.019581,0.022941,0.012018,0.014037,-0.005963,-0.025871,-0.003684,0.005243,0.006898,0.015173,0.018282,-0.004319,0.007985,-0.044925,-0.017732,-0.031860,0.015575,0.027341,0.007950,0.014555,0.035144,-0.024317,0.053409,0.005362,0.031839,0.002491,0.010279,-0.002938,0.017041,-0.016230,0.010418,-0.025536,-0.005218,-0.005672,0.013649,-0.039631,-0.003952,0.000464,-0.014779,0.006066,0.006906,0.030362,-0.007258,0.013954,-0.010418,-0.010370,0.018046,0.031789,0.018746,0.011892,0.012053,0.016218,-0.008551,0.010816,0.015125,-0.023918,0.052628,-0.014129,0.045433,0.005660,-0.045369,-0.004458,0.010836,-0.008833,0.052403,0.059902,0.005335,-0.006883,-0.018064,0.020660,-0.002113,0.003984,0.034831,-0.032436,-0.032353,-0.015509,-0.000686,0.013747,-0.036247,-0.003919,0.001222,0.013590,0.002412,0.015423,0.000602,-0.002465,-0.000467,0.003186,0.020512,0.020407,0.003379,0.043466,0.003935,-0.017945
0.021862,0.032923,0.022979,0.019081,-0.003945,0.008447,0.018065,-0.013697,0.035448,0.012654,0.018303,0.043194,0.007128,-0.001615,0.002251,-0.005116,0.011285,0.001423,-0.038966,0.009389,0.010376,0.009480,0.022721,0.038828,0.017672,-0.003350,-0.024800,-0.003881,0.012407,0.004297,-0.000016,-0.012985,0.006787,-0.017331,0.015696,-0.037948,0.023484,-0.016011,0.008174,-0.018993,-0.018938,0.018010,0.031671,0.003924,0.027592,-0.027355,0.011623,-0.020399,0.006373,-0.010047,-0.010793,0.024068,0.024300,-0.000925,-0.043584,-0.034242,0.006882,-0.005097,-0.002811,-0.007731,-0.012298,0.011677,0.048211,-0.021775,0.030927,0.011409,0.030676,0.009069,0.027765,-0.003791,0.009790,0.005165,-0.013967,0.001526,-0.001574,-0.009746,0.006679,0.050926,0.000445,-0.000777,0.012198,0.012762,0.007284,0.031859,0.001935,0.037569,-0.003494,0.000339,0.001198,0.029672,0.013393,0.014664,0.032829,0.006606,-0.036921,0.017219,0.000595,-0.003449,-0.054972,0.060672,-0.007294,0.022008,0.005132,0.002211,0.005424,0.018255,0.032491,-0.015443,-0.005638,-0.021409,-0.002435,0.008855,0.015621,-0.097132,-0.005619,0.012550,0.014395,0.013987,0.003562,-0.009396,-0.009034,-0.004493,0.022523,0.045282,0.013445,-0.019772,-0.013747,-0.041869
0.003975,-0.017841,-0.009350,0.004761,0.001963,0.000890,0.002122,-0.003899,-0.004110,0.006251,0.037288,-0.001400,0.004700,0.009068,0.001791,-0.032458,0.051043,0.010695,0.018967,-0.005420,-0.001481,-0.000515,-0.002977,-0.003047,-0.005473,0.004053,0.021595,0.008397,-0.007838,-0.013307,-0.002080,0.022252,0.010404,-0.004682,-0.016614,0.006194,0.004313,-0.016205,0.004626,0.005382,0.007377,0.021941,-0.005043,-0.004032,0.015173,0.017191,0.014245,-0.000952,0.019312,0.012831,0.009832,0.006429,-0.008718,0.004385,0.024969,0.003532,-0.031504,0.012963,-0.004414,0.008379,-0.011275,-0.000810,0.013258,-0.007767,0.007125,0.005746,-0.003343,-0.014482,-0.012535,0.048815,0.002512,0.024731,-0.007505,0.014716,-0.013590,0.019070,-0.023050,-0.010821,-0.004472,0.026367,-0.002209,-0.018027,0.015446,-0.007488,0.021016,0.002217,0.033234,-0.005430,0.011973,0.021993,0.027751,0.056317,-0.005335,-0.006937,-0.022189,-0.016339,-0.009697,-0.002918,0.029114,0.005849,0.017237,-0.002019,0.000830,-0.019156,-0.022029,0.008771,0.010107,0.032598,0.006257,0.005047,0.001939,0.012745,0.038566,0.006206,0.001893,-0.002617,0.004980,0.025067,0.015803,-0.005254,-0.010960,-0.012284,-0.004713,-0.002177,0.002410,0.019886,-0.003948,-0.020598
0.004348,-0.021893,0.006985,0.012206,0.010546,-0.006452,-0.008367,-0.004898,-0.005668,-0.022695,0.008031,-0.005565,-0.015436,0.008087,0.004494,-0.010246,-0.007091,0.015885,-0.009740,-0.013803,0.136374,0.007332,0.029623,-0.005909,0.108250,0.013349,0.012012,-0.010803,0.057882,0.028807,-0.020765,-0.021089,0.029627,-0.001295,0.006966,0.013638,0.004782,0.016975,-0.004698,-0.001050,-0.010635,0.019213,0.012404,-0.008065,0.010341,-0.000520,-0.005362,0.013751,0.020578,0.015876,0.023270,-0.002210,-0.002865,0.017345,-0.000151,0.005951,-0.025500,0.000971,-0.002014,-0.011203,-0.005894,-0.131877,-0.008961,-0.015584,0.004832,0.002722,0.000535,-0.019154,-0.008698,0.010200,0.009980,0.007167,0.007827,0.015787,0.006220,-0.002048,0.003044,0.023479,-0.029483,0.010842,0.014955,-0.000468,-0.003068,0.004789,-0.011671,0.003480,0.009868,0.004608,0.014650,0.002743,0.012783,0.010246,0.014057,-0.001035,0.003462,-0.010959,-0.011596,0.006994,-0.008951,-0.013766,0.000331,-0.004867,-0.018976,0.011375,0.012782,-0.005468,0.007936,0.009058,0.010464,0.000495,-0.001602,0.005245,0.006873,0.007289,0.004375,-0.218104,-0.003797,0.008879,-0.002086,-0.003030,-0.004104,-0.003348,-0.019610,-0.009827,0.033820,-0.014268,-0.009073,-0.012769
-0.008551,0.009661,0.009124,0.026675,-0.022369,-0.008848,0.002823,0.008665,0.025815,-0.008735,-0.016697,0.003506,0.004944,-0.001161,0.233457,0.019631,-0.017349,-0.011368,-0.001006,0.016210,-0.004563,-0.025162,-0.006703,0.009340,-0.001522,-0.002466,0.004373,0.011309,0.007735,0.001796,-0.004341,-0.001044,-0.011626,0.002070,0.019598,0.012596,0.004604,0.004111,-0.001544,-0.004110,-0.011420,0.001987,0.018464,-0.008629,0.002582,-0.027236,-0.001872,-0.010613,0.002993,-0.024505,-0.004472,-0.010596,-0.009488,-0.024214,-0.001315,-0.000494,0.007208,-0.010644,-0.001832,-0.016111,-0.019736,0.002982,0.005693,-0.000523,-0.036370,-0.016160,0.014237,-0.012723,-0.002398,-0.029886,-0.005672,0.003926,0.009938,-0.013696,0.007710,0.010019,0.002804,0.005524,-0.011555,-0.009632,-0.005834,0.006119,-0.022331,0.007690,-0.011015,0.016134,-0.011606,-0.009828,-0.010348,-0.001758,0.018260,-0.000653,-0.034691,0.008648,0.000043,-0.000994,-0.002523,0.000261,0.004835,-0.005569,0.003268,-0.007808,-0.000163,0.013066,-0.011375,0.010942,0.000911,-0.024678,-0.009274,-0.002895,0.000231,0.001360,-0.001361,-0.021252,0.001360,0.014026,0.003933,-0.002112,0.020085,-0.014305,0.003122,-0.006098,0.001029,0.037246,-0.014971,0.007606,-0.021081,0.001947
0.008744,-0.008027,-0.024133,0.187055,0.011905,0.005132,0.013019,0.133569,0.002133,-0.005058,-0.002102,-0.000707,-0.017943,0.200211,-0.003171,0.053387,0.005676,0.010951,-0.008840,0.003228,0.036722,-0.000508,0.078613,0.006018,0.018645,0.008024,0.015822,-0.075363,0.024096,0.024539,0.004746,-0.004908,0.009558,0.262038,-0.164438,0.010075,0.010102,0.000104,0.065817,0.016732,0.096088,0.002933,0.258930,0.004174,0.006374,-0.163370,0.002257,0.022250,0.006673,-0.014954,0.021010,0.003254,0.016130,0.001344,-0.000014,0.400238,-0.000199,0.006780,-0.002706,0.017478,0.015125,0.014178,-0.002032,-0.011110,0.010181,0.011806,-0.001689,0.008950,0.002496,0.002219,0.002110,-0.004061,-0.009396,-0.003310,0.004424,0.005778,0.005954,0.010784,-0.050048,0.004950,0.000585,0.000756,0.008812,0.004021,0.109103,-0.003648,0.037277,-0.052090,0.125638,0.002821,0.002262,0.008973,0.023696,0.004325,0.009165,0.003683,0.010512,0.006263,0.005472,0.005031,-0.041231,0.004877,0.020476,-0.096426,-0.111185,0.010663,0.000467,0.011327,0.005853,0.012563,-0.217214,0.006476,0.007752,-0.004039,0.029077,0.024127,-0.015162,-0.002357,-0.190250,0.012515,-0.020764,0.002483,0.007163,0.005600,0.266425,-0.005418,0.010641,-0.008597
-0.009698,0.017359,-0.007747,-0.004732,-0.013278,0.006350,0.010480,-0.021719,0.016539,-0.005550,0.008550,-0.003778,0.001211,0.001570,0.000620,0.002298,-0.011303,0.008929,0.005883,-0.010109,0.019126,-0.012132,0.021078,0.002081,0.021381,-0.000693,-0.033533,-0.005089,-0.005295,0.015125,-0.000351,-0.023013,0.009515,-0.005858,-0.004590,-0.159036,-0.006485,-0.017535,0.000091,-0.011868,-0.021444,-0.006367,-0.002294,-0.011541,-0.007688,-0.009065,0.001821,-0.034053,0.014107,-0.000891,-0.004624,-0.000806,0.009866,-0.019718,0.002310,-0.008802,0.003290,-0.003760,-0.010315,-0.014929,-0.004385,0.014545,0.006198,-0.000257,0.000989,-0.001071,-0.019272,-0.003133,-0.002401,-0.019603,0.008907,0.013720,0.006491,0.034095,-0.008292,0.020856,-0.014912,-0.005680,-0.001374,0.017655,-0.004127,0.047633,-0.010416,-0.003076,0.022107,-0.005059,0.000692,0.010282,-0.003581,-0.000621,-0.022193,-0.019871,-0.033628,0.015453,0.002325,0.006308,-0.002427,0.000199,0.006276,-0.005160,-0.019977,-0.007494,0.019069,0.011112,-0.001823,0.017247,-0.000532,0.012096,-0.004851,-0.011997,-0.000587,0.006096,-0.002444,-0.045791,-0.008143,0.004887,0.006691,0.005183,0.010266,-0.010068,0.005739,-0.001316,-0.010046,0.020563,0.008125,0.001401,-0.002020,-0.024751
-0.001022,0.088770,0.002932,0.012647,0.005271,-0.000400,-0.003067,-0.006552,-0.000830,0.006819,-0.018055,0.015070,-0.001417,0.008896,0.006267,-0.005486,0.008049,0.007783,0.045160,0.007424,-0.011386,-0.017509,0.013646,0.009431,-0.010498,-0.000876,-0.009752,-0.009226,0.010601,-0.065505,0.009069,0.015525,-0.039793,-0.017137,0.011556,-0.013610,0.003143,-0.019433,-0.002988,0.008900,-0.008715,-0.017547,0.026926,0.002200,-0.023336,-0.020972,-0.016496,0.000791,-0.014405,0.006348,0.004936,-0.017154,-0.006811,0.002644,0.028728,-0.028817,0.097662,0.001575,0.008723,0.014108,0.009452,-0.017008,-0.003124,-0.001864,0.011718,0.004677,0.058846,0.017079,0.022001,-0.030216,-0.004749,0.009095,-0.004647,0.012255,0.011744,0.007187,-0.003896,-0.008168,-0.001163,-0.009889,-0.009600,-0.016779,0.009485,-0.019091,0.000832,-0.006263,0.013586,0.013208,0.001483,0.000787,-0.005867,-0.005629,0.040888,0.002149,-0.025966,0.019739,-0.012040,-0.018758,0.052149,0.046408,-0.002823,0.008700,0.001856,0.000448,-0.000425,-0.002731,-0.020730,-0.008209,-0.016261,-0.009716,-0.007030,0.018427,0.002656,0.017410,0.003976,0.002180,-0.003333,-0.010834,0.017769,-0.004708,0.005675,0.010425,-0.017836,0.020569,0.008718,-0.000851,-0.011233,-0.001476
0.005225,-0.008039,-0.013397,-0.015159,-0.007456,0.006381,0.005754,0.070047,0.011447,-0.019291,0.002522,0.014752,-0.017113,-0.009409,-0.030745,0.043175,-0.003266,-0.007938,-0.021420,0.020345,-0.004151,0.009461,-0.001491,0.012253,-0.000790,0.015331,-0.010682,-0.000282,-0.010019,-0.067601,0.003017,-0.005652,0.012099,0.054736,-0.034426,0.043177,0.022021,-0.001546,0.017323,-0.400948,-0.015467,0.028003,0.063034,0.008814,0.016498,0.047336,0.010334,-0.031871,0.012456,0.264960,-0.007041,0.014658,-0.002127,0.002202,-0.014949,-0.046137,-0.016432,-0.008858,0.018492,-0.014308,0.009266,-0.000261,-0.001098,-0.008720,-0.009114,-0.008325,-0.048204,-0.003570,0.002566,0.005472,0.014179,-0.019795,-0.035998,-0.017235,0.013671,-0.016653,0.016650,0.014869,-0.026988,-0.005356,0.015681,-0.003746,-0.007640,0.014585,0.070256,0.005273,-0.597193,-0.001941,0.000927,0.000111,0.015814,-0.013515,-0.041573,0.009340,-0.001405,-0.002312,0.010846,0.007461,-0.032221,-0.032448,0.031263,0.007548,-0.011954,0.046495,0.015663,0.001263,0.017445,-0.015331,0.014887,-0.003672,-0.022480,0.012396,-0.018434,-0.004572,-0.024793,0.004620,-0.030081,0.001620,0.002180,0.000440,0.014706,-0.003844,0.017665,0.011355,0.001867,-0.008334,0.008736,-0.018742
0.000199,0.007561,-0.045947,-0.016409,-0.001147,-0.002102,-0.003954,0.049982,-0.008069,0.007269,0.003515,-0.009204,-0.030436,0.049525,-0.093674,0.033896,-0.006394,0.005369,0.005551,0.006233,-0.007009,0.009991,0.151857,0.009362,-0.014190,0.000112,0.007309,0.252721,0.002479,-0.001694,0.004493,-0.001223,0.005639,0.083984,0.193286,-0.010706,-0.004304,0.000771,0.084094,0.001459,0.089182,-0.003160,-0.228648,0.007420,0.003061,-0.133398,0.001985,0.000434,0.013730,-0.001881,0.004712,0.012730,-0.002201,0.002547,0.012797,-0.197666,0.006317,-0.002100,0.002102,0.005201,0.002817,0.016720,-0.004411,-0.018468,-0.004298,0.000588,0.037876,0.002503,-0.000781,0.011887,0.008712,0.014543,0.028105,0.015371,0.007458,0.006474,0.000427,0.007034,0.080134,0.011463,0.010803,0.003821,0.010177,0.004089,0.043277,0.017918,0.001140,-0.194650,0.265572,0.006852,0.005576,-0.002874,-0.021071,0.001478,0.003156,-0.011437,0.009004,0.001131,0.004617,-0.021082,-0.055368,0.020164,0.006226,-0.044506,-0.122727,-0.004095,0.008788,0.013002,0.020216,0.016538,0.293293,-0.003056,0.005368,-0.024208,0.208073,0.014709,-0.032933,-0.002853,-0.109734,0.000224,0.015050,-0.003814,0.002410,-0.008543,0.257432,-0.009121,0.013575,-0.000249
0.003052,0.060929,-0.007978,0.013884,-0.021602,-0.000914,-0.026835,-0.009622,-0.023436,-0.011820,0.006731,-0.013661,0.001072,0.002969,0.000020,-0.027413,0.017637,0.011279,0.016339,0.009521,-0.005264,-0.017560,-0.003809,-0.005864,-0.018133,0.000179,-0.046017,-0.011782,0.002792,-0.036215,-0.004780,-0.012967,-0.009302,0.012437,0.006156,-0.001916,-0.005066,-0.007709,0.002768,-0.021016,-0.000342,-0.003082,0.003120,-0.002663,-0.005727,-0.003056,-0.018443,-0.040424,-0.008134,-0.025823,0.021696,-0.008505,-0.011211,0.017630,0.026043,-0.017739,0.031795,0.023779,-0.007759,0.013268,0.002327,-0.005640,-0.023890,-0.002741,-0.003429,0.002569,0.026278,-0.004975,-0.001369,-0.009290,-0.007728,0.008352,-0.010499,0.000035,-0.000065,0.002925,-0.001605,0.014943,-0.008557,0.021091,-0.002870,-0.045585,-0.004210,-0.016515,0.016417,-0.013284,-0.014691,0.010563,0.008061,-0.007603,-0.009067,0.022974,0.045067,0.001213,-0.034840,-0.017948,-0.014413,-0.038437,0.029524,0.065389,-0.000843,-0.003966,-0.007145,-0.053621,-0.017328,-0.007003,0.003973,0.023229,-0.013298,0.017432,0.001407,-0.003832,-0.004121,0.023925,0.002656,0.003580,0.001595,0.003953,0.024260,-0.003984,-0.000935,-0.001215,-0.025253,-0.010289,-0.001721,-0.005379,0.000758,0.018938
0.011521,0.000239,0.004270,0.015421,0.010581,0.009343,-0.001552,-0.007340,0.001680,-0.001822,0.015040,-0.003322,-0.001861,0.002522,0.002915,-0.012048,-0.003492,0.000876,-0.005423,-0.004737,-0.009551,-0.003860,0.005101,-0.000555,0.000332,-0.009324,-0.017596,0.028553,0.001092,-0.009692,-0.012114,-0.016797,0.019707,-0.001933,-0.009503,-0.016323,0.002871,-0.009900,0.004436,0.010497,-0.019740,0.004306,0.042435,-0.000424,-0.005528,-0.022850,0.001400,0.020961,-0.003533,0.023808,0.009194,0.007523,-0.003525,-0.013780,0.000615,-0.037576,0.015816,-0.007584,-0.006132,-0.003386,0.000915,-0.010077,0.008547,0.005821,0.020394,-0.007927,0.011122,-0.004289,-0.003650,0.008164,-0.025165,0.007197,-0.100577,-0.000683,-0.016121,-0.003271,0.005618,0.003966,0.004701,0.010799,-0.001513,0.013821,-0.001609,-0.007237,0.003739,-0.002862,0.014221,0.033999,-0.030085,-0.010806,0.003740,0.004773,0.005370,-0.001709,0.007244,-0.002049,0.009533,0.005033,0.019636,0.003403,-0.003603,-0.004354,-0.013340,-0.004093,0.018451,-0.007387,0.009491,-0.002103,-0.009695,0.010620,0.024647,-0.003083,0.011661,-0.014524,0.006672,-0.010340,-0.240267,0.001252,0.001671,-0.007565,-0.015769,0.004804,0.004767,-0.005168,0.010728,0.009678,0.002530,0.007573
0.001300,0.013059,-0.005655,-0.009551,-0.012818,0.001397,0.009670,0.068779,0.015619,-0.000123,-0.000976,0.007785,-0.015579,-0.002693,-0.020086,0.052918,0.010906,0.001005,-0.022089,0.009454,-0.004281,-0.002884,-0.002258,0.006205,-0.009035,0.005858,-0.013585,-0.008198,-0.004683,-0.032961,0.003432,0.001990,-0.006522,0.042776,-0.052187,0.005115,0.003269,-0.005740,0.056614,0.178720,-0.005912,0.005408,0.035102,0.016348,0.012353,0.063354,0.004302,-0.031732,-0.001505,-0.655168,-0.005721,0.021770,0.006946,0.002622,-0.016985,-0.008557,-0.003503,-0.004610,0.011326,-0.015195,0.004463,-0.000488,-0.001608,0.001520,-0.017846,0.006609,-0.015252,0.011489,-0.001507,0.010452,0.020248,-0.022221,-0.021092,-0.023591,0.017414,-0.030767,-0.002785,0.006621,-0.012051,-0.002032,0.009606,-0.007938,-0.016937,0.009172,0.045540,-0.000574,0.293839,-0.006243,-0.008361,0.018025,0.004608,0.006391,-0.006613,0.008765,-0.006709,0.010857,0.002757,0.004428,-0.032606,0.006938,0.017434,0.000089,-0.009004,0.037331,0.002438,0.003727,0.016933,-0.001624,0.017321,-0.010067,-0.001310,0.015695,-0.001777,-0.020610,-0.021420,-0.005504,-0.032905,0.001320,-0.000017,0.003458,0.022448,0.010583,-0.002479,0.017264,-0.004586,-0.004467,0.012410,-0.019150
0.009083,0.011791,-0.004070,0.000074,-0.157658,-0.000842,0.003431,-0.021084,-0.011704,0.001227,0.001224,-0.007448,0.002828,0.002557,0.009890,0.036507,-0.011345,0.012086,-0.019619,0.004720,0.006008,0.006032,-0.000432,0.023327,-0.010347,-0.003727,0.013786,0.007145,0.007827,-0.003678,0.014534,-0.005607,-0.012874,0.008860,0.021744,-0.034155,-0.015674,-0.011640,-0.000605,-0.001022,0.011395,0.004167,0.036672,-0.000547,0.012137,-0.010451,0.002753,0.031830,-0.009592,-0.002163,0.006773,0.004495,0.019764,0.002843,0.014565,-0.034402,0.029162,0.005826,-0.003228,0.005087,-0.013489,-0.019172,0.004223,0.022025,0.015322,-0.004541,0.013164,0.020928,0.019189,0.025205,-0.012648,-0.015846,0.032082,-0.002727,-0.003280,-0.012096,-0.008372,0.081040,0.002439,0.018261,-0.004185,0.002165,0.006844,-0.000031,-0.019977,-0.404296,-0.013475,-0.001609,0.008844,0.001481,-0.005605,-0.003627,0.015015,0.004346,-0.005246,0.008440,0.007944,-0.005084,-0.010093,-0.049418,-0.003181,0.089527,0.003914,0.023867,-0.015004,0.003614,0.006250,0.007987,-0.008291,-0.008456,-0.000056,-0.000348,0.011387,-0.017197,-0.002052,-0.004635,-0.008939,-0.002501,0.032414,0.006495,-0.000380,0.002733,-0.002868,-0.008441,0.006709,0.006791,-0.004410,0.005012
-0.007204,0.001612,-0.000459,0.003536,0.004392,0.005583,0.008747,-0.012417,0.015553,-0.003371,0.006925,0.004737,0.015548,-0.008650,0.002474,0.021073,-0.010459,-0.004650,0.009489,-0.007289,-0.006794,0.001243,-0.005628,0.002043,-0.003835,0.006013,-0.013830,0.022334,0.014063,-0.006497,0.005303,0.019450,-0.012521,0.011821,-0.025534,0.009476,0.006300,0.015341,0.001357,-0.007123,-0.008594,0.013537,0.043523,-0.006286,0.002916,-0.025135,0.011980,-0.025754,0.002895,0.009889,-0.003406,0.002264,0.010830,0.000532,0.009558,-0.056497,-0.007840,0.003603,0.005631,0.000057,-0.011055,-0.003914,-0.007396,-0.003078,0.009349,-0.003251,0.015224,0.007336,-0.001710,-0.001894,0.008721,0.008528,-0.249777,0.020900,0.002224,0.025720,0.006519,-0.004551,-0.007725,0.014526,0.011848,-0.015008,-0.001167,0.006988,0.012297,-0.000331,0.013486,0.053258,-0.044610,0.003188,0.000390,0.005860,0.003102,-0.006078,-0.000271,0.011815,-0.012785,0.001686,0.005816,-0.003256,-0.009328,-0.003659,0.006285,0.015412,0.015939,0.009145,0.001875,0.010180,-0.001611,0.009946,0.037657,-0.000779,-0.011341,-0.004674,0.021626,-0.019407,-0.392635,0.008955,-0.002947,-0.014752,-0.006612,-0.000439,0.002298,0.011081,0.004156,0.004162,0.004930,-0.002024
-0.006300,-0.008412,-0.013316,-0.030097,0.002063,-0.004763,-0.001614,0.015045,0.017298,0.020414,0.019206,-0.000981,-0.000241,-0.002913,-0.005176,0.016231,0.006026,0.006724,0.007858,0.008515,-0.010487,0.006768,0.026005,0.032557,-0.000726,0.003801,0.000953,-0.036542,-0.011369,0.019623,0.009266,0.001455,0.001117,-0.009043,0.003093,0.035117,0.001683,0.003642,0.012322,0.014719,0.023437,0.020990,-0.017861,-0.002707,0.013762,-0.003679,-0.003078,-0.026165,0.013005,0.014274,-0.005450,0.012898,-0.003783,-0.012490,0.009101,-0.000854,0.013000,-0.017172,0.000242,-0.026235,-0.007669,0.023124,0.024373,-0.011126,0.008670,0.006180,0.047741,-0.002582,0.000995,0.022248,0.012333,0.002899,0.012509,-0.001493,-0.004840,-0.007852,-0.007641,0.009280,0.004299,0.000990,0.013412,-0.070425,-0.012581,0.011974,0.015030,0.000145,0.000813,-0.011746,0.019636,0.001315,0.035006,-0.004699,-0.015377,-0.000877,-0.003588,0.008071,0.004026,-0.012795,0.013960,-0.020826,-0.011568,0.025940,-0.013248,0.069578,-0.019254,0.016843,-0.002396,0.004342,0.020010,-0.001658,0.017437,-0.020717,0.000821,-0.204652,0.009475,0.007625,0.002265,0.020860,0.007601,-0.006121,-0.007400,0.006073,0.030860,0.012396,-0.016845,0.004255,-0.016109,0.025476
0.013926,0.030299,-0.001099,0.033285,-0.023595,0.003294,0.015591,-0.005013,0.024792,0.017915,-0.015951,0.015458,0.010344,-0.005577,0.003754,-0.015096,0.004393,-0.024277,0.011447,0.024098,-0.000513,0.013158,-0.006380,0.010801,0.004440,0.024213,-0.001236,-0.011302,0.005337,-0.028292,-0.026881,0.006124,-0.002802,0.004853,0.009167,0.009810,0.031963,0.016479,0.019437,-0.014760,-0.016374,0.016760,0.018105,-0.008918,0.022591,-0.000065,0.004686,0.039755,-0.009355,-0.031747,-0.009514,0.009512,-0.012098,0.015261,0.026345,-0.017562,-0.000238,-0.023168,0.012367,-0.005949,0.012853,0.022444,-0.012683,0.004580,-0.029011,-0.023300,-0.004461,0.013115,-0.012888,-0.008816,0.008791,-0.002390,0.021937,-0.000023,-0.007074,0.011128,0.021112,0.018574,-0.000896,-0.006236,0.024606,-0.004684,-0.013983,0.006251,-0.014932,0.017846,-0.001046,0.011572,-0.010716,-0.009415,0.035083,0.001546,0.010570,-0.001704,0.040311,0.009312,0.009372,0.034485,0.005182,0.003900,-0.001432,0.010891,-0.015248,-0.066933,-0.020513,-0.031547,0.041419,0.007212,-0.017475,0.005350,0.016108,0.007203,-0.010691,0.019229,-0.014671,0.040844,0.006777,-0.014647,0.008923,-0.014635,-0.008135,-0.024940,0.011582,-0.010397,0.009611,0.015576,0.023350,0.011752
-0.009970,0.007129,0.007262,-0.027302,-0.013154,-0.006772,-0.003655,0.012549,0.007954,0.001918,-0.007439,-0.003187,0.004503,-0.048798,-0.017813,0.006437,-0.002144,0.004415,-0.001836,-0.002379,-0.011258,-0.005587,0.122940,0.006510,-0.012702,-0.008820,-0.000440,0.013680,-0.005566,0.025868,-0.006143,-0.000922,-0.009926,-0.050588,-0.033305,-0.002009,-0.000526,-0.010214,-0.010579,0.006513,-0.053438,0.001110,0.032446,-0.013677,0.000995,-0.004638,-0.008070,-0.001743,-0.007962,-0.008883,-0.003590,-0.010109,-0.003893,-0.013318,-0.000419,-0.019308,-0.006233,-0.009279,-0.008872,-0.008724,-0.011169,-0.001275,-0.001501,0.003182,-0.003950,0.003925,-0.004539,-0.000987,-0.001046,-0.007733,0.001273,-0.005016,-0.005314,-0.005376,-0.005273,-0.008666,-0.014507,0.003088,0.018144,-0.006925,-0.005324,0.006199,-0.011177,-0.002264,0.014651,-0.004520,0.018523,0.006106,0.050995,0.002337,-0.010060,-0.011233,0.006433,-0.009409,-0.009805,-0.004933,-0.007231,-0.003669,0.002587,0.021970,0.990602,0.004631,-0.005742,0.005820,0.041226,0.004162,-0.007443,-0.007647,-0.004137,-0.008273,-0.032104,-0.009664,-0.005502,-0.007565,0.018131,0.000388,-0.009968,-0.008005,-0.069324,-0.012003,-0.017914,0.006164,0.010342,0.015861,0.017558,-0.000942,-0.008819,-0.004195
