-0.378308,-0.055748,0.079901,-0.149341,-0.074305,0.055606,0.019017,-0.126290,0.248990,-0.006235,0.069967,0.191062,-0.575821,-0.084766,-0.001497,0.098723,-0.024265,0.516772,0.309081,-0.068705,-0.009175,0.108029,-0.168014,0.121823,-0.017075,-0.254531,0.081296,-0.004382,-0.134518,-0.097125,0.151016,-0.111200,-0.054901,-0.355289,0.275194,-0.054176,0.397200,0.047026,0.758703,0.092235,0.104689,-0.016585,-0.252527,0.165365,-0.022024,-0.297563,-0.162390,-0.038413,-0.345702,-0.075680,0.187390,0.097823,-0.036362,0.039984,-0.063376,0.218411,0.008424,-0.224235,0.035020,0.039668,0.022760,0.147617,0.423533,-0.526374,0.164131,-0.252142,-0.013236,-0.033145,-0.143790,-0.197354,0.213299,-0.541991,0.030005,-0.012676,0.131387,0.309082,-0.791896,-0.453855,0.120060,0.417756,0.410841,-0.048256,0.238822,0.357504,-0.410249,-0.024028,0.041242,0.229042,0.390530,-0.083306,0.125424,0.152698,0.395150,0.008970,-0.266125,1.123771,-0.470417,0.427505,0.899823,-0.229633,-0.425032,0.233683,-0.097595,-0.033317,-0.264497,-0.259061,0.019330,0.124689,0.068026,-0.352924,0.377763,-0.140882,0.697888,-0.187225,-0.187765,0.128892,-0.149268,-0.058112,-0.025321,0.026200,0.024080,0.377943,-0.044868,-0.038827,0.080732,0.429294,0.093868,-0.164971
-0.093568,-0.014007,-0.078054,-0.091725,-0.069345,0.037577,-0.068791,0.251483,0.156904,0.098826,0.036050,-0.021688,0.202027,0.047597,-0.046190,-0.022514,0.016442,0.057536,-0.203338,-0.417333,-0.036217,0.026736,-0.050717,-0.118007,-0.107040,0.194420,0.076549,0.035744,-0.008907,-0.053239,-0.290814,0.173420,0.094210,0.095094,0.110253,-0.120562,0.181112,0.010120,0.023710,0.020374,0.046105,-0.172398,-0.084529,-0.087652,-0.012606,0.037011,0.011840,0.147526,0.053786,-0.025305,0.134087,-0.202046,-0.014172,0.022880,-0.016743,0.011760,0.072331,0.110988,0.095905,0.042382,0.033158,-0.105429,-0.034487,0.042444,-0.068280,-0.147021,-0.028008,-0.182737,0.070800,-0.064378,-0.048766,-0.109262,0.006409,-0.045329,0.039144,0.027330,-0.079025,0.066624,0.118739,0.049637,0.133656,-0.111336,0.175279,-0.002330,-0.101679,-0.054694,-0.958575,-0.213824,-0.213462,-0.024743,-0.059423,0.165099,-0.155490,0.257846,0.137167,0.177335,0.005352,-0.121465,-0.021012,-0.061148,0.215624,0.221999,0.115818,-0.161006,0.015974,0.021539,0.155465,-0.032896,-0.157756,0.142503,0.424701,-0.193197,0.051059,0.117518,0.136429,-0.044316,-0.003970,0.026545,-0.019350,0.100288,0.089548,0.023253,0.039823,-0.000010,-0.024499,0.065428,-0.224249,-0.054599
0.187002,-0.054801,-0.032153,0.123514,-0.588528,-0.092621,0.095790,0.047958,0.019541,-0.729259,0.210014,-0.258440,0.300647,0.033147,-0.204020,0.007966,-0.042813,0.094383,-0.052981,0.040425,0.080807,0.000804,0.086706,0.094577,0.133771,0.064486,-0.005408,-0.117252,0.072751,-0.078566,0.021886,0.000729,0.025339,0.043802,-0.134595,-0.006896,0.048840,-0.016631,0.074363,0.018973,0.120300,0.126040,0.386734,-0.332625,-0.001409,0.176731,-0.307334,0.058368,0.057282,-0.001377,0.925586,-0.073523,-0.027833,-0.049310,0.047138,0.179806,-0.047530,-0.000684,-0.116813,0.124464,-0.004294,-0.058516,-0.031145,-0.158280,-0.012495,-0.066984,-0.067294,0.015740,-0.452805,0.150687,0.293685,-0.379781,-0.004493,0.184069,-0.171585,0.219634,0.288088,0.107586,0.119027,0.826470,-0.119221,0.051694,-0.061763,-0.000290,0.018093,0.146561,0.119715,0.136461,-0.089235,0.063110,0.015558,-0.132722,-0.017489,0.047699,0.092120,-0.028593,-0.022628,0.049446,-0.105345,0.109044,-0.258825,0.006636,0.073045,0.069107,-0.019079,-0.037531,0.040278,-0.112861,-0.053194,0.108559,0.078981,-0.006384,0.079587,0.223334,0.360895,-0.013058,-0.468440,0.061925,0.083872,0.015877,-0.065905,0.822580,-0.096934,-0.005455,-0.012243,0.028354,-0.031575,0.088148
-0.230142,-0.013672,0.124797,0.042416,0.047897,-0.059650,-0.045593,0.183451,-0.111588,0.033786,0.064902,0.033548,-0.210773,-0.002004,-0.067003,-0.005723,0.102832,0.065462,-0.093453,0.162157,0.095862,0.089178,0.109046,0.056732,-0.057816,-0.449831,0.155587,-0.095421,0.466492,0.164535,-0.015048,0.155408,-0.105511,-0.088719,0.003513,-0.044524,0.122217,-0.061926,0.191676,0.041633,0.480392,0.009815,0.033154,0.048524,0.034708,-0.078155,0.153605,-0.145074,-0.056985,0.003518,0.123269,-0.134227,0.073662,0.087372,0.004023,-0.041520,0.052377,-0.063455,0.049444,-0.055533,-0.061376,0.101178,0.070393,0.022864,-0.061116,0.014959,0.665475,0.181753,0.011106,-0.074963,-0.065772,0.058815,-0.096324,-0.036422,-0.032864,-0.091382,0.035005,-0.061649,-0.010053,-0.002753,-0.296329,0.110672,0.100206,-0.277581,-0.086985,-0.039885,-0.082659,0.175256,-0.050737,0.012519,0.116585,0.179578,0.071025,-0.040452,-0.055561,-0.319082,-0.075405,0.156163,-0.056055,-0.022633,0.044630,-0.065896,0.229212,0.137973,0.000666,0.046643,0.129764,0.029612,0.246096,0.054741,0.063187,0.057332,-0.005975,0.078029,-0.094792,0.090783,-0.041912,0.184087,-0.045389,0.007535,0.055226,0.001016,0.017121,-0.012823,0.033669,0.028007,0.172886,-0.071663
-0.159610,0.074104,-0.025913,0.041648,-0.020336,0.006363,-0.021199,0.011951,0.084934,0.156756,0.120700,0.019300,-0.124545,0.016132,-0.052530,-0.020702,0.155288,0.069867,0.004962,0.054945,0.066275,0.077590,-0.066262,-0.010568,0.008369,0.211852,0.037038,0.069845,0.032584,-0.062309,0.098679,0.339259,-0.054038,0.027879,0.031396,0.064435,0.093783,0.015595,0.007317,-0.024350,-0.096133,-0.037473,-0.004683,-0.068083,0.059618,-0.143381,-0.019489,-0.019552,0.013277,0.023642,0.113325,-0.061488,0.016965,0.074163,0.010050,0.018179,0.090452,-0.061638,-0.023398,0.132461,-0.012769,-0.274566,0.155953,0.047711,0.007085,-0.175783,0.497586,0.137434,-0.011823,0.041569,-0.066226,0.024611,0.207123,-0.010555,-0.104130,-0.006801,0.024008,-0.050262,-0.011998,0.010258,0.011261,0.043825,0.132742,-0.062436,-0.008721,-0.021154,0.150126,-0.067223,0.037658,0.011815,0.088214,0.036600,-0.074392,0.048830,-0.024129,-0.112533,0.045649,0.093074,0.059074,0.059883,0.073576,0.036115,0.235809,0.206234,-0.014787,0.029182,-0.230298,-0.058325,-0.027950,0.051682,-0.352793,0.041992,-0.078322,-0.074680,-0.138273,-0.064484,0.014957,0.030294,0.004356,-0.015322,0.215258,0.046978,0.037728,0.022889,0.016474,-0.008830,-0.046482,0.005221
0.077844,-0.144275,0.226715,0.062582,0.458375,-0.216267,-0.187317,0.068344,-0.242831,0.023538,0.077524,-0.116200,0.428780,0.048615,0.149837,0.126549,-0.029870,-0.283732,-0.157635,0.415358,-0.058218,0.090124,0.461254,0.159250,0.274377,0.144272,-0.252896,-0.085744,0.171178,0.346123,-0.072995,-0.886147,0.029009,-0.561743,-0.146978,-0.030682,0.086433,-0.023509,-0.127532,0.113888,-0.176795,-0.078890,-0.568191,0.003851,-0.640119,0.116075,0.149703,0.130211,-0.305920,-0.056399,-0.058145,0.387572,-0.110399,0.174146,-0.054392,0.273479,-0.048244,0.151025,0.100513,0.141650,0.037975,0.036342,-0.069871,0.278301,-0.098305,0.333762,-0.001153,0.208468,-0.330089,0.273601,0.100376,-0.302758,0.272775,-0.153564,0.350120,0.237534,0.217527,0.370585,0.311174,-0.372493,0.128679,-0.053212,0.001812,0.101845,-0.269089,0.485195,0.355082,0.281571,-0.068176,-0.075888,0.036761,0.245080,0.206258,0.158021,0.057232,0.311608,-0.105648,0.463487,-0.168162,0.170269,0.010224,0.140102,0.128818,-0.040524,-0.361481,0.205704,-0.108973,-0.441333,-0.307603,0.039928,-0.311243,-0.214153,0.344401,0.391729,0.375382,-0.320100,-0.265903,0.006854,0.136722,0.127246,0.312392,0.296428,0.337762,-0.356930,-0.130221,0.168813,-0.089128,-0.033323
0.055402,-0.213454,0.269050,0.005726,-0.199082,0.379868,-0.036650,-0.175692,-0.246774,-0.075804,-0.082608,-0.125803,-0.052064,-0.138609,-0.072788,-0.555830,-0.709579,0.098780,-0.426554,-0.425662,0.095242,-0.368212,0.045980,-0.528557,-0.044323,0.112275,0.248850,0.054918,0.065238,-0.099782,0.251556,0.646325,-0.046406,-0.550133,0.095703,0.186536,0.229920,0.125555,-0.320810,0.252409,-0.074002,0.120710,0.171907,-0.646978,0.142216,0.486474,0.111061,-0.043481,0.609364,-0.084503,0.229234,0.501409,-0.490033,0.142063,-0.072168,0.112276,-0.306012,0.037241,0.105617,-0.047470,-0.183485,0.005930,0.096113,0.008200,0.153733,0.333804,-0.062200,-0.161000,-0.109686,-0.450074,-0.126247,0.282436,0.187615,0.280592,0.322042,-0.045293,-0.066802,-0.141791,-0.021145,0.094578,0.227891,-0.059822,-0.118827,0.041328,0.304456,0.187211,0.055538,0.202912,0.538006,-0.088276,0.268868,0.151656,0.449755,-0.112157,-0.090491,-0.055826,-0.213762,-0.245848,0.072512,0.691455,-0.111298,0.048478,0.033100,0.203338,0.249761,-0.471576,-0.268470,0.364241,0.288309,-0.192973,0.120955,0.329138,-0.076149,0.003874,0.623261,-0.266168,0.134600,0.192976,0.526540,-0.151660,-0.388148,0.016732,0.285866,0.085345,-0.242555,0.087486,0.191964,0.255604
0.075179,0.032829,-0.111580,0.071629,0.241464,-0.197161,-0.126916,0.164721,-0.452710,-0.248735,0.293432,0.043661,0.029423,0.361126,-0.177273,0.742742,0.004001,0.179321,-0.062758,0.404202,-0.074010,-0.037697,-0.410928,-0.510174,-0.159450,0.119139,-0.655568,0.262618,0.100189,0.309293,-0.113226,0.032392,0.053043,0.382015,0.142400,0.126502,-0.204541,-0.037081,-0.090868,-0.056689,0.427242,-0.138475,-0.208605,-0.232468,0.073975,0.495563,-0.434929,0.096422,-0.147651,-0.034231,-0.200527,0.388683,0.103790,0.133722,-0.022788,-0.136953,0.126427,0.458460,0.028764,0.110867,-0.045753,0.099001,0.109801,-0.111169,0.027897,0.772249,-0.173519,0.331931,0.006722,-0.141606,-1.017567,-0.174074,-0.089561,0.020053,-0.116906,0.019609,-0.029819,-0.040149,-0.215385,0.177575,0.218986,-0.131944,-0.020006,0.040269,-0.068736,-0.423606,0.051170,0.380256,0.006559,-0.027754,-0.014915,-0.057997,-0.052617,0.036400,-0.159660,-0.187168,-0.178079,0.165713,0.041486,0.295563,-0.078934,0.026193,0.244818,0.044372,-0.460718,0.234248,0.583076,0.215326,0.085785,-0.364155,0.044458,-0.615453,-0.074241,-0.054826,-0.162265,-0.011179,-0.099887,0.107569,0.131647,-0.337120,-0.412572,-0.260064,0.266817,0.061915,0.127462,0.366762,0.116936,-0.085797
-0.184626,0.165092,0.031997,0.051027,0.036660,0.206601,0.377308,-0.035601,-0.003311,0.119037,-0.021668,-0.196292,0.422675,0.006695,-0.059236,-0.126515,-0.100534,-0.460557,0.264793,-0.254569,-0.018338,0.057629,0.178225,-0.246379,-0.071803,-0.004882,0.258900,0.040708,0.224985,0.271741,-0.034082,0.003036,0.250797,-0.079838,0.236728,0.042577,0.519001,-0.047935,0.122214,-0.063090,0.430475,-0.181354,-0.126017,-0.205921,-0.032093,-0.297282,-0.074698,-0.226636,-0.063561,-0.009411,-0.052497,-0.005837,-0.055405,-0.065485,-0.009945,-0.052965,-0.010349,0.080939,0.006614,-0.015723,0.020040,-0.216359,0.150009,0.700676,-0.085929,-0.020166,0.012017,0.105786,-0.128313,0.192981,-0.034764,-0.022014,-0.097816,0.096454,0.232036,0.218761,-0.326742,0.237738,0.138044,-0.062679,0.110318,-0.003350,0.084713,0.000232,0.056101,0.330206,0.109036,-0.339473,0.083046,-0.018206,0.039449,-0.024964,0.081296,-0.132715,-0.165272,0.363995,0.270259,0.717767,0.197710,-0.194444,0.191033,0.058925,-0.040737,0.075817,0.092172,-0.110631,-0.001665,-0.048723,-0.038633,0.137907,-0.265155,-0.214881,-0.200651,0.543789,0.121036,0.068935,0.095654,0.087252,-0.004988,-0.124218,0.045271,-0.087248,0.014010,-0.052222,-0.033516,-0.263867,-0.069750,-0.076419
0.014266,-0.051550,-0.048770,0.003922,0.082854,-0.040856,-0.026987,0.091243,0.146626,0.065436,-0.002351,0.086903,-0.034036,-0.151610,0.039830,-0.141627,0.150362,0.094618,0.178256,0.088406,0.055486,0.080964,0.028912,-0.016706,-0.026837,-0.062303,0.114052,-0.022340,0.059606,0.027083,-0.049531,0.284626,-0.158745,0.126699,0.023888,0.063980,-0.010586,-0.017392,0.096590,0.003818,-0.158622,0.018674,0.103697,0.093533,0.062094,0.049713,0.020500,-0.013290,0.012316,0.030211,0.038914,0.012808,0.101107,0.016877,0.028319,0.006718,0.099866,-0.078230,0.224473,0.328698,0.002937,0.273220,0.069070,0.054005,0.013870,-0.088042,-0.098158,0.209416,-0.014376,0.108891,0.027876,0.161302,0.182019,0.002074,0.056603,-0.014661,-0.004164,0.031729,-0.110544,0.064362,0.074551,-0.048332,0.080241,-0.018799,-0.007881,0.016287,0.008585,-0.024581,0.148218,0.034131,0.094602,0.023343,-0.065827,0.023830,-0.043011,-0.149047,0.018733,0.010196,0.035561,0.013846,0.018610,0.040948,0.072919,0.115729,0.052518,0.049726,0.105815,-0.021768,0.020110,0.048862,-0.176787,0.016529,-0.013694,-0.042432,0.109420,-0.152826,0.028381,0.179061,-0.046451,0.034892,0.100627,0.046275,-0.000021,0.037697,-0.043904,0.018916,0.231443,0.104859
-0.095582,-0.708384,0.251107,0.013568,0.173422,-0.149123,-0.223383,-0.084492,-0.203291,0.076077,0.281856,-0.158172,-0.267843,-0.002087,-0.658382,-0.013996,-0.021913,-0.090238,-0.059825,-0.222094,-0.381686,-0.390819,0.312945,0.122735,0.334498,0.252053,0.213305,-0.182817,-0.143488,-0.041941,-0.063166,0.279819,-0.001620,-0.135434,0.451106,0.224299,0.289352,-0.073958,-0.006001,0.016944,0.024546,-0.527458,-0.139489,-0.121209,-0.226392,0.295996,0.201962,0.067468,0.309699,0.605380,-0.101640,-0.134458,-0.029760,-0.303408,0.524537,-0.931399,-0.021943,0.139356,0.111439,0.051944,-0.622815,0.038392,0.003297,-0.131095,-0.189075,-0.171623,0.083672,-0.107487,0.340227,0.032881,-0.122988,-0.335613,-0.042270,-0.067487,0.399324,0.157955,-0.211168,-0.409219,0.247545,0.470889,0.012451,-0.130340,0.046281,-0.142962,-0.057098,0.279814,-0.038941,-0.157769,0.444724,0.820174,0.418852,-0.019053,-0.071742,-0.088410,1.079124,-0.207608,0.196588,-0.070541,-0.022690,0.420357,-0.038066,-0.137633,-0.117316,-0.189877,-0.206600,-0.088239,-0.220024,0.181388,-0.281088,0.276691,0.144598,0.167534,-0.223311,-0.245948,-0.746927,0.190043,0.272074,0.038995,-0.075206,0.046375,-0.271654,-0.009643,0.030281,-0.173580,-0.071476,0.006569,-0.267942,0.398530
0.115251,-0.025486,-0.009222,-0.152861,0.195049,0.028952,0.187244,0.560621,0.204959,-0.058801,0.208314,-0.090896,0.040068,-0.086219,0.152984,-0.000797,0.083514,0.054335,-0.244332,0.197029,-0.040085,0.036182,-0.177669,0.033951,0.024886,0.449946,0.014773,0.263160,0.152435,0.343021,0.146569,0.086245,-0.032344,-0.171525,0.090242,0.012861,-0.014355,-0.027897,0.037951,0.073085,0.078421,0.035147,0.052646,-0.084452,0.197576,0.206048,0.204743,0.132644,-0.106091,-0.006371,0.164987,0.033192,0.076004,0.170903,-0.005142,0.096738,0.071258,0.110296,0.329547,0.099043,-0.029115,0.583935,-0.082087,-0.071268,-0.063303,0.189589,-0.226204,0.117390,-0.148506,-0.078235,-0.083812,-0.028833,-0.025705,0.064169,-0.230330,-0.046896,0.167118,-0.240074,-0.110702,-0.172911,0.031669,-0.494406,0.134766,0.051977,-0.050940,-0.153897,0.302817,-0.049352,-0.011661,0.002810,0.052851,0.143222,0.097748,-0.073371,-0.068910,0.057872,0.044195,0.147234,-0.041917,0.015397,0.085895,0.004805,-0.196051,0.923804,0.042297,0.158283,0.009075,-0.055446,0.073998,0.022612,-0.109008,0.006658,-0.018146,-0.049722,-0.082975,0.188672,-0.040469,-1.874415,-0.293709,0.208719,0.043889,-0.129297,0.151068,0.092006,0.059386,-0.034112,-0.784956,-0.148128
0.092948,-0.303453,0.155082,0.010131,-0.067196,0.091511,0.041397,-0.050243,-0.088537,0.088516,0.139600,-0.058718,-0.085367,0.474490,0.140816,0.044783,0.132101,0.205165,0.011319,-0.021929,0.012910,-0.068994,0.072976,0.079778,0.074854,-0.043897,-0.284838,0.170042,-0.120889,0.032786,-0.039352,0.042893,-0.101791,0.025635,0.085082,-0.054951,-0.039725,-0.052721,0.020512,0.024540,-0.030734,0.080795,0.014211,0.181757,0.071756,-0.046742,-0.104662,-0.053437,-0.135267,0.029058,-0.047951,-0.015512,0.120304,0.111804,0.022467,-0.057066,0.023929,-0.136612,-0.011352,0.039551,0.070639,0.289296,0.112987,-0.027373,0.002224,0.113655,-0.144170,-0.048660,0.027403,0.327676,-0.095624,0.093664,0.214406,0.099702,0.283799,-0.039144,-0.183332,0.091024,-0.317737,-0.127191,-0.016499,0.129345,-0.616631,0.062941,0.167988,0.184567,0.109129,-0.047173,-0.009087,0.037226,0.044516,0.134835,0.039095,-0.018185,-0.159679,-0.054939,0.073428,0.092927,-0.045080,0.104203,0.078642,0.109232,-0.304569,-0.012261,0.154614,-0.045938,0.211513,-0.000476,0.062745,0.134768,0.069635,0.107207,0.102218,0.210660,0.189317,-0.262213,-0.149719,0.302766,0.092857,0.037114,-0.066217,0.014008,0.014078,0.035022,-0.125761,-0.115568,0.113385,0.138726
0.126230,-0.131638,-0.064986,0.113069,-0.033236,-0.021046,0.038728,-0.149985,0.131409,-0.226486,0.191306,-0.099941,-0.023796,-0.121162,0.351919,-0.033952,0.077716,-0.054262,-0.035439,-0.313034,-0.058324,0.225309,-0.329334,-0.050872,0.028739,0.140013,0.262317,-0.031319,0.347456,-0.541836,-0.394892,0.186992,-0.191189,0.147855,0.151533,-0.034635,0.132907,-0.004416,-0.102977,0.989132,0.359040,0.145481,-0.057523,-0.004853,-0.049832,-0.045419,-0.357148,-0.034374,-0.028313,0.028400,0.258265,-0.002078,0.108255,-0.008912,0.034140,-0.172043,0.135008,-0.268508,0.117899,0.070232,-0.002414,-0.000590,0.032061,0.582384,-0.004869,-0.058619,-0.208584,-0.142063,-0.337912,-0.158829,0.090516,-0.027047,-0.006444,0.222422,0.098221,0.149774,0.007330,-0.089111,-0.020881,-0.065395,-0.335299,-0.123300,0.189458,0.102170,0.033942,-0.003687,-0.485017,-0.041619,0.242791,0.052539,0.258856,0.197234,-0.088128,0.189352,-0.004447,0.141628,0.040841,-0.012247,-0.447758,-0.011836,0.129078,0.012556,-0.031023,-0.134704,-0.025629,0.134976,0.186939,0.085321,-0.299155,0.172304,0.094264,-0.304588,-0.072100,-0.064848,0.208023,-0.099059,0.268288,-0.157837,-0.004936,-0.253855,0.000935,-0.402663,0.102128,-0.049738,0.130151,-0.190890,0.058831,-0.018522
-0.009400,-0.219553,-0.201718,-0.180260,-0.031563,0.140070,0.579353,0.024811,0.017655,0.025605,0.108238,-0.654056,-0.017554,0.328135,-0.177041,-0.069080,-0.314533,0.194702,-0.443137,0.113614,0.215251,0.394550,-0.019538,-0.156355,-0.377700,-0.088253,0.208417,0.193283,0.065584,-0.031398,0.197833,-0.834332,0.021433,0.387826,0.122340,-0.056376,0.123895,-0.020686,0.033144,-0.068173,-0.305356,-0.172585,0.248663,-0.146454,-1.284390,-0.079818,-0.058449,-0.044432,0.464625,0.061253,0.157290,1.086689,-0.256473,0.557250,0.047695,0.044784,-0.273305,-0.204645,-0.058381,-0.101232,-0.108505,-0.127082,0.165768,-0.186037,-0.056353,-0.268499,-0.070186,-0.137666,0.005615,-0.179803,0.346156,0.366400,-0.107730,-0.983524,-0.238609,-0.486749,-0.331277,0.097454,0.291162,0.039134,-0.003972,0.047480,0.158498,0.408356,0.269453,-0.304408,-0.155117,0.123414,-0.205032,0.089462,0.249906,0.049489,-0.098381,0.119667,0.430512,-0.066779,0.332281,-0.026576,0.093085,0.088116,-0.132553,0.073180,0.030471,0.240358,0.287793,0.588887,-0.041174,-0.001790,0.204863,0.562282,-0.267624,0.181091,0.074338,0.495938,0.117310,-0.029365,-0.143931,0.224811,-0.301306,-0.121472,-0.302873,-0.263658,0.256069,-1.008963,-0.240281,0.527958,-0.077161,-0.020007
-0.053720,0.047783,-0.051531,-0.187342,-0.107907,0.044878,0.033891,0.112647,0.214921,0.334812,0.131666,0.131461,0.063907,-0.034677,0.028616,-0.695527,0.065136,0.062772,-0.230949,-0.019406,-0.046734,0.076021,0.141786,-0.048715,-0.127068,0.055353,0.002784,-0.014796,-0.098618,0.430665,0.200526,-0.024405,0.019949,0.303219,-0.036861,0.173467,0.251322,-0.047948,-0.422099,-0.028284,-0.503398,-0.212161,-0.018441,-0.145545,0.090913,0.040360,0.078629,-0.364157,0.027548,0.036629,0.230922,-0.153370,0.073752,0.034708,0.033736,0.012869,0.050891,-0.042107,0.054892,-0.025368,0.015854,-0.137722,-0.068636,0.061131,-0.068385,0.001935,-0.107726,-0.019966,-0.042942,-0.074675,0.219307,-0.064676,0.051181,0.007995,0.197780,0.012719,-0.131924,0.214885,0.051871,0.111188,0.185399,-0.311195,0.201757,-0.133393,-0.031837,-0.091127,0.982162,0.026917,-0.129507,0.035168,-0.053980,0.237504,-0.172275,0.108519,0.082758,0.103165,0.149604,0.156967,0.125253,0.032562,0.101526,-0.076644,0.173912,-0.254420,0.127099,0.098457,0.171920,0.093597,0.377675,0.197370,0.148878,-0.570380,-0.082973,0.113943,-0.058900,0.006944,-0.094488,-0.153511,-0.258393,0.129847,0.046116,-0.097466,-0.237978,0.061646,-0.023660,0.150396,-0.206646,-0.060967
0.075557,-0.043651,-0.105074,0.000917,-0.557165,-0.077120,0.172427,0.100328,-0.035006,-1.144432,0.127736,-0.192068,-0.146877,-0.053954,-0.332992,0.035116,-0.112456,0.051468,-0.207981,0.064893,-0.124226,-0.034962,0.192028,-0.019199,0.089469,-0.098187,-0.034823,0.055298,-0.023910,0.045201,-0.002328,-0.051288,0.074645,0.012222,-0.246520,0.060598,-0.107830,0.012193,-0.089699,-0.182420,0.040098,0.088037,-0.479158,-0.298121,-0.072133,0.222641,-0.237595,0.178068,-0.006808,0.037762,0.710348,-0.102957,-0.097543,-0.076012,0.036318,0.196284,-0.021401,0.053960,0.000520,0.035106,0.055134,-0.181896,-0.146441,0.773954,-0.055027,0.029892,-0.104253,0.062615,0.639331,0.128855,0.262252,0.405069,0.027092,0.179848,-0.056934,0.154283,0.311574,0.189582,0.112347,-0.510857,-0.041055,0.011352,-0.148281,-0.070431,0.014361,0.161781,0.042862,-0.006610,-0.095466,-0.001765,-0.033660,-0.098347,-0.118465,0.117050,0.112332,0.164032,-0.015117,-0.090507,-0.036602,0.064313,-0.281791,0.001269,0.087349,0.024780,-0.055259,-0.082989,-0.004330,0.121687,0.146888,-0.008148,0.179278,-0.029013,0.108564,0.061635,0.052316,-0.150784,0.848569,-0.063293,0.041027,0.077076,0.069857,-0.219247,-0.168132,-0.027825,-0.038391,0.045268,-0.050720,0.133286
-0.046785,-0.082345,0.030711,-0.120711,0.120641,-0.006613,0.143460,-0.047283,-0.451827,-0.167119,0.011267,-0.053672,0.402794,0.097862,0.170993,0.078594,0.056441,-0.118039,0.554039,0.174019,0.176288,0.001031,0.042060,-0.132123,0.022331,0.107626,0.284090,-0.101542,-0.471592,-0.264054,-0.089204,0.062619,0.156925,-0.038434,0.012250,0.691833,0.005068,0.015341,-0.066250,-0.070713,-0.476090,0.032718,0.104695,0.052540,-0.005942,-0.281009,-0.018862,0.013570,0.029479,-0.034107,-0.010748,0.092026,0.042737,0.002778,-0.025052,-0.050398,0.095418,0.225279,0.047659,-0.112167,-0.018975,-0.005110,0.317788,-0.285917,0.038556,0.061795,0.112826,0.313442,-0.046385,0.417869,-0.019805,-0.225200,-0.354338,0.030448,-0.012606,0.174091,0.094507,0.284540,0.054745,-0.140680,-0.211390,-0.055045,0.164644,-0.216897,-0.022813,-0.182369,-0.091062,-0.222232,0.189026,-0.024547,0.231115,-0.587844,0.053482,0.025328,-0.155181,-0.106240,0.193171,0.151357,-0.024574,0.053162,0.143648,-0.252218,-0.058693,0.054282,0.145722,-0.052972,-0.138551,0.141460,0.114393,-0.031137,0.145616,0.069260,-0.364577,0.214256,-0.040504,0.034584,-0.109747,0.052845,0.024643,0.100935,0.072905,0.607580,-0.129058,0.036475,0.074854,-0.144667,-0.116798,0.034424
-0.000155,-0.087836,-0.101921,0.009607,-0.505611,-0.066180,0.141835,0.089860,-0.181590,-0.972440,0.189419,-0.041681,0.212947,-0.006903,-0.138902,0.152404,-0.008801,0.057877,0.015973,0.008392,0.058751,0.037201,0.157470,-0.162224,0.048428,0.024609,-0.094416,0.077295,-0.008892,0.127398,-0.035079,-0.049259,0.020564,0.216839,-0.097687,0.159059,0.027022,0.033976,0.047960,0.016208,0.043149,0.202173,0.471051,-0.211485,-0.070873,0.122582,-0.188466,0.022627,-0.045306,0.053786,0.878199,-0.022549,0.026680,-0.072458,0.013706,0.139131,0.068431,-0.044424,0.015885,0.084037,-0.007681,0.055563,-0.150204,-0.626034,-0.009166,-0.067277,0.009476,-0.059165,-0.330347,0.145872,0.210611,-0.438674,0.208926,0.249811,0.017132,0.262755,0.212115,0.210874,0.107698,0.726945,0.120421,-0.021952,0.089012,-0.032964,0.092967,0.065623,0.000834,0.047595,-0.048138,0.026312,0.040196,-0.152504,-0.152894,0.029772,0.040298,-0.201692,0.062522,-0.115893,0.173686,0.000032,-0.242709,-0.068957,0.134572,0.007502,-0.147341,0.000763,0.028398,0.142632,-0.025356,-0.037299,0.240892,0.097350,-0.079949,0.106339,0.112836,-0.109540,-0.398999,-0.037443,0.047755,-0.024284,0.084559,0.868860,-0.140487,-0.034732,0.064894,-0.019284,-0.014752,0.214536
-0.114785,-0.067418,-0.026541,0.150563,0.053918,0.032670,0.030703,0.013844,0.008767,0.059682,0.169202,-0.140125,-0.124590,0.045759,0.122334,-0.132053,0.026151,-0.130957,-0.085542,0.068737,-0.002599,-0.070736,-0.005202,0.120104,-0.016115,0.052172,0.082315,0.051121,0.451828,-0.005841,0.149286,0.085152,0.144159,-0.020923,0.040707,-0.053328,0.184313,-0.028579,0.085371,0.081587,-0.072683,-0.008241,0.036718,-0.125616,0.072912,0.117643,-0.045340,0.111741,0.014789,-0.015290,0.002965,-0.093848,0.070664,0.006763,-0.006535,-0.057683,0.021113,0.026093,-0.115957,0.153881,-0.031954,-0.379007,-0.031693,-0.071849,-0.073931,0.025255,0.621950,0.018690,0.011445,0.125629,-0.054046,-0.034552,0.148768,0.056102,-0.041094,-0.029324,0.034942,-0.017783,-0.077493,-0.025335,-0.111066,-0.022610,0.027240,0.056159,-0.092858,0.010410,-0.040916,0.024488,-0.101473,-0.004976,0.039497,0.089930,-0.203331,0.111477,-0.015283,-0.083556,0.004544,0.286806,-0.064969,0.024672,0.029626,-0.056229,0.306876,0.172354,0.006846,0.008120,-0.313806,-0.018631,0.092153,0.025947,-0.263973,0.065241,-0.086214,-0.019242,-0.404696,0.035676,-0.006113,0.020350,0.044832,0.051232,0.340206,-0.071665,0.029204,0.029146,0.063567,-0.130839,-0.090446,-0.045407
-0.005584,-0.178878,-0.017766,-0.020293,0.003111,0.031618,-0.115272,0.092818,-0.060389,-0.058077,0.121368,-0.261253,0.088571,-0.068472,-0.005653,0.044667,0.160195,0.041713,0.023201,0.081820,0.030314,-0.066246,0.066081,0.089933,0.003966,-0.044756,-0.105494,-0.093949,-0.049230,0.116831,0.010878,0.004138,-0.012522,-0.050290,0.100664,-0.121231,-0.110260,-0.009915,-0.099967,-0.075474,0.010984,0.004879,0.118421,-0.060430,0.062807,0.152592,0.014184,0.052413,-0.039938,-0.014761,-0.213258,-0.107056,0.083167,0.027002,-0.009798,0.038157,0.037337,-0.056651,0.137707,-0.003944,-0.007197,-0.001891,0.071547,0.028978,-0.031829,0.007234,0.076302,0.083695,-0.175535,-0.139438,-0.088661,0.020878,-0.013450,0.014801,0.026429,-0.069927,0.045238,-0.081618,0.001855,0.117723,-0.116389,0.050800,-0.186688,-0.030364,0.007603,-0.079329,-0.067535,0.004118,0.025469,-0.015878,-0.040849,-0.053837,-0.080243,0.068660,-0.087180,0.084631,-0.043512,0.096678,-0.209786,0.041014,-0.071770,0.022723,0.186700,0.076806,-0.033443,0.006056,-0.004195,-0.070401,-0.012268,-0.040246,0.024483,0.085667,0.090548,0.027954,0.011125,0.052570,-0.017781,-0.068289,-0.022577,-0.107627,-0.048072,-0.094667,0.023802,0.031722,-0.034803,-0.041805,-0.032569,0.082633
0.100292,-0.233694,-0.142868,0.006547,-0.008903,-0.003173,0.156875,0.020171,-0.170745,0.178598,0.099225,0.274309,-0.204876,-0.082792,0.338648,0.004372,0.136918,-0.146044,-0.079662,0.140420,0.247171,0.104895,-0.267413,-0.173475,0.333291,0.276686,0.278833,0.008588,0.097632,-0.040119,0.019546,-0.020635,-0.080040,0.002568,-0.346592,0.327045,-0.028373,0.108580,0.143277,0.168826,0.050781,0.340102,0.517777,0.372254,-0.097835,-0.148692,-0.020588,-0.065434,0.010749,0.066351,0.543201,0.259094,0.184710,-0.177537,0.075243,-0.212345,0.159865,-0.040658,-0.090207,0.089890,0.025009,0.134234,0.182961,-0.767233,0.269261,0.117084,0.100926,0.139718,0.399180,0.001269,0.034037,-0.362178,-0.019141,0.182624,0.224457,0.110996,0.139873,0.340327,0.123406,-0.281520,-0.327868,0.120269,0.135782,0.017125,-0.082563,-0.074424,-0.078201,-0.025138,-0.061914,0.106173,0.188975,-0.203893,-0.132681,-0.093313,-0.068991,-0.090394,0.147056,-0.171290,0.400187,-0.116405,-0.089457,0.030825,-0.145413,-0.197808,0.086877,0.083153,0.031036,0.001236,-0.033718,0.011373,0.034907,-0.182842,-0.095850,0.011684,-0.192257,0.269644,-0.161962,-0.110156,-0.165612,0.211779,0.320843,0.574585,0.032387,-0.107268,0.144236,0.054320,-0.053630,-0.108313
0.104023,0.478724,0.009114,0.123180,-0.034266,-0.026967,-0.277412,-0.176668,-0.236988,-0.313870,0.049935,0.480627,0.052879,0.145342,-0.379491,0.159687,-0.244143,-0.218540,-0.185537,-0.115773,-0.115253,-0.096662,-0.193882,-0.051403,-0.230865,0.259766,0.099492,-0.032652,0.054922,0.119658,0.111332,-0.371178,0.168845,-0.001909,-0.122160,0.062747,-0.037041,-0.053169,-0.063899,-0.107822,0.042005,-0.145476,0.222913,-0.019499,0.006837,-0.132402,0.002846,0.038209,-0.103254,0.015905,-0.592822,0.068672,-0.194306,-0.028946,0.002260,0.120616,0.078384,0.267974,-0.211063,0.103335,-0.045292,-0.092479,-0.066669,0.071532,-0.093750,0.061348,-0.160149,-0.213280,-0.054766,-0.227664,-0.123143,0.011152,-0.225420,0.116916,-0.221877,0.051691,0.113322,-0.101026,0.197441,0.123219,0.155572,-0.025707,0.089714,0.045079,0.280260,0.038199,-0.004342,0.015568,-0.121654,-0.012412,-0.195205,-0.136404,0.045133,0.131638,0.002668,0.016898,0.045062,0.045383,0.067588,0.014639,-0.276107,0.124073,-0.110106,-0.014927,-0.079996,0.007058,0.205458,-0.114603,0.077274,0.129918,0.081703,-0.088688,-0.077971,-0.322656,-0.068771,-0.067753,0.275420,0.072945,-0.063165,-0.018114,0.143514,0.084087,-0.049834,-0.042273,0.028371,0.089708,-0.086115,-0.067546
0.431192,0.043892,0.593738,-0.048559,-0.066216,-0.265849,-0.609458,-0.125554,0.050351,0.542021,0.210133,-0.039388,-0.001304,0.022234,0.369754,0.429165,-0.670820,-0.140632,0.041503,-0.281320,0.158274,0.330203,0.101752,0.406420,0.205655,0.149174,-0.286813,0.108125,-0.065698,0.111072,-0.069803,-0.045770,0.001547,0.696228,-0.266500,-0.003809,0.532643,-0.236627,0.438139,-0.199635,-0.012378,0.178178,-0.130026,0.374499,-0.121106,0.147904,-0.192366,0.175079,0.133917,-0.134525,0.268378,-0.715320,-0.741998,0.519567,-0.136729,0.063374,-0.649158,-0.229608,-0.179952,-0.063509,0.103295,-0.209775,0.253736,0.092053,-0.268684,0.167646,-0.157650,0.811332,-0.031053,-0.054302,0.461994,-0.207254,-0.019482,-0.023743,0.084072,0.043795,0.175382,-0.396653,-0.381096,-0.024470,0.188083,-0.044171,0.168902,-0.285338,0.144031,-0.333083,0.044216,-0.117912,0.136829,-0.175963,-0.006057,-0.118136,-0.375031,0.077594,-0.334868,-0.178175,-0.018620,-0.326234,0.070617,-0.202908,0.687877,0.022914,-0.058687,-0.164898,0.432121,0.349425,0.317431,0.471838,-0.383084,0.276924,0.169785,-0.210293,0.074823,0.169751,-0.266778,0.209122,-0.108480,-0.184422,1.308753,0.020002,-0.141832,-0.041147,-0.683835,-0.224413,-0.378349,-0.189589,-0.096329,0.550870
0.064210,0.041540,-0.098813,-0.011059,0.152601,-0.196531,0.059672,0.190711,0.056525,-0.095235,0.109089,0.007496,-0.049420,0.060136,0.234044,0.250950,-0.058753,-0.381591,0.219870,-0.198750,0.009504,0.135518,0.071533,0.144267,-0.062757,-0.206660,-0.086891,0.456110,0.110347,-0.177514,0.053397,-0.154346,0.038191,-0.286775,0.140240,0.002259,-0.056269,0.016635,0.150476,-0.567903,-0.193199,0.005176,-0.071629,-0.249238,0.088852,0.179715,-0.067119,0.597990,0.008490,0.024298,-0.052456,0.169956,-0.038000,0.004902,0.034107,-0.001174,-0.049516,0.030344,0.033172,-0.007280,-0.097278,-0.143222,0.056520,-0.160314,0.058810,-0.044027,-0.279254,-0.314051,0.107273,0.143128,0.262631,-0.057346,-0.001750,-0.012051,0.165579,-0.121643,0.216100,-0.053824,-0.110998,0.124891,-0.007301,-0.009587,-0.271738,-0.018300,0.049322,-0.188912,-0.640951,-0.210708,-0.070407,0.036129,0.077126,0.066339,-0.077034,-1.083263,-0.059847,-0.015548,-0.004801,0.098356,-0.283914,0.136188,-0.023749,-0.064456,0.166352,-0.091360,0.096434,-0.425734,0.189936,-0.227741,-0.263875,0.194407,-0.119241,0.231158,0.157549,0.046565,0.052265,0.263273,0.011471,-0.088512,-0.031232,0.049677,0.037195,0.047021,0.138195,0.074055,-0.008629,0.067961,-0.036697,-0.088791
-0.031268,0.294339,-0.134311,-0.094656,0.156933,-0.023525,0.097658,0.070267,0.058903,0.145497,-0.061449,-0.219429,-0.156809,0.066087,-0.017131,-0.030395,0.033376,-0.125810,0.184668,-0.110129,-0.009832,0.038889,0.156962,-0.195133,-0.029180,-0.223381,0.234458,-0.295673,-0.568147,-0.053964,0.162803,-0.087608,0.113933,0.199994,0.045349,-0.243898,0.321090,-0.028676,-0.496487,-0.025107,0.867319,-0.052689,0.154308,0.061221,0.045252,-0.095618,0.081792,0.087788,0.122548,0.018245,-0.003062,0.024136,-0.051509,0.012580,0.008552,0.183209,-0.073787,0.049705,0.196503,-0.143225,0.034986,-0.395414,-0.129168,-0.123780,-0.037091,0.000195,-0.089833,0.021302,0.049090,0.159867,-0.001198,-0.150924,0.027826,0.129593,0.019321,0.166979,-0.111483,0.220290,0.146758,0.167678,0.128326,-0.002569,0.112321,-0.089717,0.231807,0.048002,-0.200693,0.077027,0.008880,0.010529,-0.025253,0.215849,-0.080455,0.191710,-0.120905,0.443107,0.054071,0.309436,-0.668888,-0.017124,0.199606,-0.045663,0.196023,0.299784,0.000908,-0.045179,0.172666,-0.031988,-0.087226,0.023382,0.013513,-0.032041,-0.567917,0.199918,-0.145951,-0.060910,-0.188514,0.085713,-0.210936,-0.124735,0.012648,0.564327,0.132560,0.033586,-0.036281,-0.085578,0.280018,-0.202939
-0.005060,0.035674,0.066631,-0.019228,0.124129,-0.021384,0.121707,-0.127021,0.029352,0.013417,0.076056,0.195981,-0.095742,0.052894,0.100278,-0.179769,0.016356,0.046097,0.061754,0.229385,0.042217,0.036066,0.127017,0.159142,0.028366,-0.277322,-0.249438,-1.165200,-0.250823,-0.252520,0.348607,-0.058296,0.229043,0.639404,0.170741,0.092730,0.328824,0.055329,-0.051680,0.278678,0.034538,-0.001763,0.013057,0.079911,0.287209,-0.145011,-0.007623,0.194530,0.066490,0.038809,-0.048718,0.157149,0.082164,0.176209,0.043481,-0.021789,0.082250,0.161351,0.253761,0.152750,-0.042822,0.016764,0.066198,-0.055272,0.019695,-0.174633,-0.034533,0.040013,-0.062312,-0.168896,-0.002328,0.093283,0.273887,0.049367,0.151554,0.079071,0.390985,-0.237160,-0.080121,0.000179,0.013761,0.226055,0.119051,-0.026547,-0.070410,-0.051554,-0.357659,0.134265,0.106303,0.060447,0.068585,-0.158234,0.130771,0.195955,-0.025089,-0.045644,0.024072,-0.129918,0.294867,-0.049952,-0.144209,-0.024924,0.033960,0.248813,0.116344,0.207534,0.217728,-0.021564,0.043371,0.157661,-0.409912,0.118666,-0.055601,-0.070173,-0.093436,0.084923,0.138432,0.013021,-0.057141,0.122540,0.034686,-0.036530,0.176426,0.155591,0.136538,-0.051265,0.341679,0.051028
-0.160173,0.151523,-0.046128,-0.036815,0.090783,0.136605,0.201030,-0.039547,-0.062828,0.280679,0.134345,0.041483,0.110929,0.048431,-0.020906,-0.134654,-0.023609,0.266735,0.065372,-0.016544,0.102105,-0.134604,0.467054,-0.061859,0.226767,0.047666,0.152411,0.017418,0.230255,-0.081611,0.013215,0.055644,-0.223155,-0.083392,-0.201222,0.084556,0.029967,0.053213,0.137760,0.008174,-0.011135,0.145800,-0.053437,-0.101002,0.019314,-0.072752,0.094644,-0.049038,-0.006846,0.078641,0.328346,0.049542,-0.081124,0.035937,0.062219,0.036153,0.144143,0.142856,-0.107289,-0.020106,0.056288,0.007372,0.020233,-0.190260,0.027136,0.096923,0.049945,-0.114758,1.127663,-0.058301,-0.045201,0.114325,-0.105799,0.228351,0.130882,0.088577,0.083669,0.148476,-0.054176,-0.077439,-0.482123,0.080763,0.080728,0.402778,-0.301933,-0.034227,-0.114296,0.289599,-0.146352,0.061215,-0.192489,-0.158771,0.041142,-0.064609,-0.025838,-0.089384,-0.156940,0.291730,0.483736,0.038779,0.085324,0.149770,-0.117994,-0.162739,0.088717,-0.085695,0.211272,0.042177,-0.075099,0.013507,-0.226131,-0.146548,-0.346842,0.040295,0.054768,0.027027,0.261095,-0.191949,0.163582,-0.010655,-0.196859,-0.200941,-0.004715,0.055923,0.037488,0.342634,-0.021838,-0.032464
0.447436,-0.112903,0.120697,0.047630,0.034339,-0.245069,0.026674,0.101965,0.686810,-0.020497,-0.119439,0.215168,0.034629,-0.049362,-0.067862,-0.895016,0.145968,-0.095694,-0.062053,-0.060716,-0.013590,0.003570,0.124222,0.099997,0.000948,-0.118560,0.142277,-0.516752,-0.020476,0.350947,-0.089612,0.234629,-0.031136,0.238937,0.135198,0.158742,-0.024218,-0.035441,-0.184610,-0.208367,0.262133,-0.098151,-0.186869,-0.208148,-0.067415,0.058071,0.219895,0.152379,0.115644,-0.070968,0.035003,-0.207094,0.117617,-0.084077,-0.069238,0.116137,0.096398,0.116231,-0.012823,0.006817,-0.002767,-0.029289,0.100710,0.076630,-0.076355,-0.181731,0.022762,-0.186785,0.029493,-0.020602,0.155877,-0.222757,0.081172,0.017097,-0.034369,0.008661,-0.066011,-0.019591,0.108246,-0.023631,-0.150484,-0.220274,-0.460486,-0.078441,0.057802,0.031168,0.339252,-0.409225,0.083756,-0.086121,-0.057072,0.317915,-0.120248,-0.159892,0.020236,0.214222,0.047874,0.012367,0.207869,-0.176018,0.272306,-0.079455,0.246353,-0.069187,0.296842,0.107682,-0.665872,0.138554,0.175976,0.086092,0.190500,-0.191516,-0.206160,0.302268,0.374834,-0.143147,-0.059503,-0.102325,0.059784,-0.211016,0.177243,0.057348,-0.297430,-0.048326,-0.017229,0.062372,-0.093518,-0.152498
0.277214,0.220533,-0.075039,0.143911,0.125769,0.035519,0.025693,-0.133408,0.108508,-0.006657,0.271761,-0.000660,-0.091804,-0.016795,-0.143736,0.171278,0.002117,-0.192957,0.098379,-0.164233,0.093452,-0.019177,-0.034437,0.138265,-0.022438,0.069440,-0.414550,0.036039,-0.007205,0.127453,-0.054026,-0.213003,0.368699,0.123546,-0.005249,-0.037935,0.258623,-0.057318,0.246633,0.217430,-1.007879,0.058071,-0.017607,-0.091037,0.085955,-0.059861,-0.405613,0.124883,0.119213,0.117554,-0.004643,0.159612,0.113852,0.235537,0.094418,-0.053630,0.126733,0.247594,0.276357,0.128833,-0.014352,0.062249,-0.175016,0.178371,-0.055933,0.142925,0.293500,-0.075047,-0.120713,0.112716,-0.104519,-0.013649,-0.179661,0.069629,0.050724,0.142291,0.361740,-0.239713,-0.014643,-0.226068,-0.043714,0.258638,0.141108,0.836121,0.019669,0.292023,0.012254,-0.695910,0.252186,0.132640,0.068400,0.375864,0.094623,-0.046167,-0.012337,-0.065111,-0.162874,-0.169399,0.080936,-0.136247,0.213046,0.624356,-0.107313,0.240484,0.189062,0.217831,0.142575,0.183640,0.072745,0.006130,0.675110,0.059332,0.064500,0.079064,-0.128467,0.077745,0.073685,0.086484,0.082462,0.051207,0.209352,0.143980,0.137629,0.081350,0.148180,-0.062941,-0.139029,0.014240
0.023436,-0.113293,-0.040249,0.081580,0.202881,-0.115684,0.144819,-0.055278,0.111841,0.000208,0.105002,-0.112286,0.065713,0.036488,-0.025134,0.311574,0.147528,-0.106496,0.238699,-0.076636,0.049617,0.049384,0.165122,-0.125823,-0.014746,0.053438,-0.026722,0.352789,0.247807,0.070449,0.154456,0.182768,0.059073,-0.226532,0.080071,-0.086403,-0.038081,0.010577,0.647133,-0.138771,-0.287513,0.018823,-0.110919,-0.090231,0.022527,-0.028301,-0.037388,0.445533,-0.093632,0.012015,-0.068011,0.106531,0.058853,-0.007696,0.016092,-0.066078,-0.027745,-0.094625,0.095308,0.047644,-0.013561,0.015857,-0.006543,0.419602,0.018676,0.030875,0.106903,0.013976,-0.069745,0.008366,-0.125220,0.062080,0.286140,0.057298,-0.072617,0.090862,-0.086356,0.082407,-0.042596,-0.082822,0.164267,-0.111123,-0.141914,0.063217,-0.029266,0.047066,-0.426225,-0.041879,0.083685,0.021895,0.108654,0.091798,0.091432,-1.131706,-0.036816,-0.107899,0.168923,0.221881,0.464095,-0.000209,0.098293,0.078286,0.110049,-0.041680,-0.001709,0.091472,0.061981,-0.071052,-0.427837,0.088792,-0.152559,0.226551,-0.093572,0.018079,0.159958,-0.083146,0.276446,-0.017222,-0.059280,-0.126279,-0.009986,-0.059855,0.147627,0.050188,-0.077497,-0.140885,-0.041898,0.080167
0.086471,0.028011,0.002480,0.036006,-0.402514,-0.118679,0.062588,0.072193,-0.117527,-0.538860,0.102259,-0.033813,-0.219416,0.124825,-0.219517,0.212943,0.007571,0.026804,0.014472,-0.113797,-0.080596,0.121849,0.217946,-0.016090,-0.017996,-0.083032,-0.102388,0.057777,-0.003487,0.099857,0.066845,0.069809,-0.025242,0.193445,-0.085689,-0.139645,0.134312,-0.047932,-0.037600,0.118344,0.029030,0.134284,-0.609279,-0.199308,-0.001796,0.138169,-0.191669,0.067613,0.004048,0.008646,0.851234,-0.044783,0.050359,-0.019316,0.013683,0.025476,0.015297,-0.072547,-0.063982,0.083344,-0.109625,-0.127754,-0.080273,0.438898,-0.074211,-0.115133,-0.060735,0.007202,0.710635,0.182263,0.096850,0.492344,0.197485,0.066250,-0.105903,0.225899,0.212150,0.106056,0.001472,-0.389608,-0.199681,-0.017981,-0.080540,0.005823,0.091780,0.151438,0.165640,0.096514,-0.039882,0.065918,0.113675,-0.047240,0.017361,0.080116,0.099357,0.076760,0.031873,-0.026621,0.051682,0.036308,-0.188121,-0.035975,0.078278,0.068844,-0.146427,-0.052062,0.068745,0.024600,-0.100309,0.097524,0.091031,0.009501,0.140223,0.166861,0.309612,0.113830,0.561170,0.046438,0.141416,0.128271,0.115802,-0.208725,-0.097854,0.010853,0.065507,0.041511,-0.058099,0.063849
0.083866,-0.036163,-0.066672,-0.151345,0.146550,-0.264876,-0.076957,0.129458,0.171382,0.005214,0.145748,-0.282450,0.033054,0.034145,-0.025736,-0.045076,0.139572,-0.145238,-0.146710,-0.097698,-0.001369,0.136113,-0.017165,0.054314,0.135031,-0.173310,-0.135860,0.281932,0.211723,0.160094,-1.033893,-0.022627,0.178189,-0.186977,0.053539,-0.043098,-0.052399,0.054097,-0.374992,0.273503,0.231887,0.043998,-0.126725,-0.230524,0.034632,0.028294,-0.007615,-1.353492,-0.085341,0.019958,-0.075925,0.173409,0.034541,0.044673,0.023389,-0.021254,0.052463,0.079442,0.219052,-0.068410,-0.040341,-0.082367,0.012677,-0.007598,0.071015,-0.156479,-0.123315,-0.101954,-0.003628,0.086916,0.061986,-0.147324,-0.036286,0.170527,-0.008732,0.147145,0.210320,-0.032158,0.029094,-0.109606,-0.040511,-0.050029,-0.061297,0.086475,-0.019864,0.032226,0.355693,-0.187006,0.175768,0.028944,0.040582,0.119325,0.472896,0.347392,-0.164981,0.040300,0.076389,0.162241,0.181096,-0.063489,0.157612,-0.013605,0.103416,-0.041812,0.081809,0.022341,0.014954,0.036373,0.370038,0.079742,-0.240210,0.420393,0.063498,0.003247,0.118942,0.252469,0.031826,-0.059412,-0.051581,-0.030337,-0.312359,0.091442,0.066131,0.073082,0.113257,-0.130637,-0.032306,0.005205
-0.173578,-0.279831,-0.337326,-0.101874,-0.398141,0.069505,-0.100344,0.034632,-0.288767,0.402513,0.114477,0.159490,0.083778,0.078944,0.313214,-0.052413,-0.152230,0.079824,0.102313,-0.451857,0.151306,-0.552695,0.083963,0.137057,0.186936,0.263584,0.066502,-0.011500,0.438174,0.298864,-0.075362,0.142252,0.057687,0.068266,0.204750,0.329036,0.262592,-0.056441,0.335707,0.285163,0.083326,0.215299,0.137328,0.266889,0.036966,0.050904,-0.249855,0.091133,0.602796,0.048572,0.234131,0.522621,-0.284534,-0.286704,0.076349,-0.094681,-0.277176,0.055609,-0.016229,-0.012466,-0.022667,0.194108,0.179633,-0.036800,-0.131119,-0.011512,0.156214,0.199292,-0.066360,0.208433,-0.543999,0.287450,0.148296,0.079389,0.379849,-0.292183,-0.477859,0.041804,-0.448727,-0.298780,-0.025547,-0.013655,-0.180326,0.041750,0.408516,0.125611,0.086682,-0.025788,0.248098,0.083039,0.229315,0.185381,0.074885,0.026688,-0.784990,0.174311,0.338192,-0.050789,-0.134961,0.464058,-0.195183,0.116400,-0.128785,0.205727,0.096161,-0.350294,-0.245175,0.021218,-0.200544,0.631392,0.244951,0.167067,0.003938,0.022977,0.166482,0.054664,-0.300491,0.471344,-0.269510,0.106882,-0.028876,-0.110612,0.071342,0.041976,-0.145755,0.176112,-0.046242,0.098959
-0.055433,0.062474,0.029319,0.019071,0.064190,0.021031,0.153309,0.031116,0.146768,-0.130236,0.176263,-0.032569,0.226712,-0.074552,0.151033,-0.176194,0.003401,-0.099020,-0.127095,-0.259317,0.142030,0.220988,-0.102026,-0.175151,-0.029259,-0.054552,0.349972,-0.017386,0.076464,-0.294811,-0.348366,0.085817,0.046472,0.009353,0.250559,-0.137974,0.037926,-0.008314,0.401675,0.755691,0.219011,-0.033092,-0.023567,-0.307591,-0.045648,0.142393,-0.042038,0.258896,-0.212311,0.015362,0.059694,0.032244,0.033345,-0.065007,0.013835,-0.020278,0.055963,-0.261575,0.076691,-0.041669,0.027321,-0.118285,-0.031521,-0.100544,-0.035704,0.031882,-0.070234,-0.009889,0.072086,-0.318152,-0.068250,0.042634,-0.078338,0.088296,0.173837,0.097971,0.097486,-0.074645,0.082316,-0.117447,-0.053992,-0.031231,-0.087611,-0.019202,-0.015578,0.041777,-0.386874,-0.127700,0.097074,0.016143,0.094695,0.091761,0.048702,-0.051815,-0.054465,0.177542,0.158967,0.235941,0.331088,-0.034077,0.170073,-0.008022,0.008394,-0.051971,0.037587,0.005955,0.302556,-0.132592,-0.139143,0.086911,0.120412,-0.259542,-0.087663,-0.018888,0.285982,-0.096338,0.050947,-0.030805,0.039951,0.032549,-0.427455,0.403571,0.086709,-0.007723,0.035131,-0.208768,-0.097719,-0.057098
-0.010287,-0.107472,0.020633,0.012721,0.020354,0.070747,0.038558,0.017823,-0.024921,-0.040488,0.012051,-0.122082,0.205786,-0.032385,-0.002743,0.003352,0.082615,-0.020196,0.065710,0.026282,0.006267,-0.011172,0.002807,-0.056774,0.008328,0.064509,-0.032566,-0.071554,-0.148002,-0.078805,0.046815,0.048098,-0.036353,-0.107384,0.121158,-0.043755,-0.137748,-0.009982,0.151006,-0.106202,-0.041451,-0.003695,0.081866,-0.021339,0.059008,0.099728,0.095249,0.020257,-0.059625,-0.029660,-0.107706,-0.066722,0.084633,0.025364,-0.028494,-0.018024,0.043010,0.066935,0.073159,0.283471,-0.013397,-0.107571,0.018010,-0.127438,-0.070914,0.167994,0.031155,0.089760,0.036685,-0.132139,-0.102119,0.033647,0.078243,0.022564,-0.036821,-0.054092,0.155407,0.024861,0.060627,-0.063561,0.002577,0.021651,-0.156980,-0.034229,-0.056778,0.000153,-0.055114,0.002175,-0.110310,-0.033692,-0.051738,-0.010558,0.008767,0.110253,-0.022854,0.054881,0.030262,0.010507,0.383300,0.062630,0.002223,0.033253,0.089714,-0.049303,0.017139,-0.008625,-0.042831,-0.055007,0.028262,-0.061383,-0.024812,0.034254,-0.142722,0.013626,-0.036400,0.083577,0.090725,-0.044186,0.020356,-0.023651,0.004638,0.001521,-0.037761,0.024353,0.003618,0.027058,-0.166436,-0.007925
0.187552,-0.177355,-0.023269,0.070555,0.071938,-0.217629,0.030822,0.122265,0.311599,-0.046686,0.253906,-0.185603,0.031258,-0.050466,0.029363,0.126300,0.106340,-0.307710,-0.068776,-0.101927,-0.121828,0.016129,0.159604,0.185580,0.093769,-0.114392,-0.007981,0.130107,-0.192907,-0.264367,-0.338528,0.298312,-0.089118,-0.330733,-0.040687,0.042533,0.004409,0.032667,-0.250504,-0.277391,-0.645283,-0.073887,-0.251652,0.137612,-0.077021,0.291549,-0.058804,-0.808893,-0.105291,0.001739,-0.170127,0.008587,-0.020143,-0.078376,0.016658,-0.075237,-0.013288,-0.063800,0.034603,-0.037584,-0.012893,-0.371785,-0.025143,0.024520,0.019944,-0.021681,-0.263070,-0.422603,-0.006893,0.403188,0.009884,-0.323501,0.183126,0.150991,-0.064152,0.072028,0.101333,0.092205,-0.081021,-0.084920,0.076728,0.032309,-0.349522,0.031378,0.013741,0.139848,0.079717,0.115845,-0.057566,0.019483,-0.096817,0.117777,-0.146647,-0.127458,-0.115057,0.094593,0.073869,0.053724,0.076992,-0.249103,-0.081108,0.117990,0.195186,0.216365,-0.225930,-0.018710,-0.055858,0.019730,0.061995,-0.074863,-0.238252,0.388170,-0.024980,0.005554,0.034400,-0.133770,-0.001860,0.064763,-0.017567,-0.082002,-0.104452,0.168385,0.161808,0.006353,0.006324,-0.335899,0.024074,0.080001
0.334920,0.144531,-0.050793,0.077396,-0.215076,-0.079112,0.336401,0.200482,0.290430,0.073305,-0.033037,-0.099200,-0.188102,-0.070791,-0.268825,0.415788,-0.008565,-0.188057,0.156007,0.189935,0.144740,0.033731,0.404747,0.005399,-0.115970,0.054629,0.220554,-0.215116,-0.004012,-0.025677,0.007376,0.519565,0.063077,-0.046601,-0.195317,-0.188939,-0.169508,-0.009735,0.054609,-0.132632,-0.047907,-0.335756,0.075130,0.210241,0.190875,-0.348826,-0.101694,0.087097,-0.084526,-0.002840,0.152475,0.358464,0.049603,0.196926,0.005949,0.090419,0.064507,-0.250629,0.007040,0.010137,0.038915,0.057399,-0.195487,0.163581,0.062165,-0.120287,0.100551,0.364355,-0.301158,0.145991,0.250060,0.164596,-1.206418,0.080907,0.003754,-0.009881,0.540059,-0.103287,-0.216221,-0.324669,-0.530230,0.231389,0.297038,0.024746,-0.058785,0.351081,-0.165482,-0.400973,0.514117,-0.015408,0.210347,0.583597,0.465580,0.088866,0.179275,-0.237044,0.027658,-0.164598,0.171625,-0.381618,-0.463313,-0.058226,0.037105,0.029363,-0.491833,0.261065,0.094864,0.144139,0.086012,0.241739,0.361179,0.214531,0.049906,-0.166559,-0.072386,-0.257610,-0.259493,0.156539,0.162723,0.107030,-0.219231,-0.022438,0.376169,0.131203,0.028191,-0.050593,-0.108785,0.184272
-0.066849,-0.010697,0.102997,-0.238218,-0.043534,-0.094164,0.064932,0.221599,0.024567,0.213758,0.293437,-0.137021,-0.082948,0.028413,-0.035506,0.011509,-0.003768,0.006247,-0.210539,0.087827,-0.020955,-0.024453,-0.065356,-0.075936,0.011009,-0.127710,0.068692,0.156839,-0.042591,-0.083307,0.228849,0.095730,-0.018182,0.016060,-0.017188,0.104376,-0.159790,0.022452,0.037040,-0.024732,-0.501790,0.085628,0.091929,0.051749,0.076684,0.153976,0.194005,0.079743,-0.062360,0.019294,-0.151839,0.040291,0.024190,0.081901,0.015577,0.127148,0.027189,-0.204603,0.044255,0.393333,0.000847,0.201081,-0.037305,0.123778,0.053224,-0.064079,0.423402,0.136843,0.098150,-0.153407,0.049827,0.086117,0.155274,0.068842,0.015232,-0.012436,0.104711,-0.012676,-0.055340,0.124783,-0.008412,-0.190547,0.016557,0.022696,-0.074450,-0.187222,0.071304,0.008400,-0.040167,0.021225,0.079184,-0.102748,0.025599,0.142372,-0.032605,-0.065819,-0.028056,0.125023,-0.032396,-0.002431,-0.060042,0.024290,0.095993,0.164537,-0.004387,0.084845,-0.140737,-0.024488,0.027628,0.027837,0.309806,0.087225,-0.041485,0.021540,-0.004630,0.146745,0.076342,0.391539,-0.048202,0.058584,0.165817,0.152476,0.055518,0.014620,0.010072,-0.093375,0.465650,0.010838
0.000326,0.102341,0.163857,-0.053590,0.059045,0.205265,-0.140022,0.021059,0.013673,-0.097434,0.051801,0.124128,0.094267,-0.156471,0.006037,0.085291,-0.020757,0.188415,-0.049207,0.136414,-0.106867,0.106660,0.038614,0.039431,0.137490,-0.169534,0.215666,0.101139,-0.039193,0.024062,-0.026062,0.207285,-0.002670,0.018460,0.089008,-0.082641,0.214133,0.463084,-0.039027,-0.056189,-0.032815,0.063339,0.143218,-0.147986,0.219284,0.032312,0.139955,-0.011968,0.090727,0.124651,0.041693,0.037606,0.013351,-1.008655,-0.004805,0.079008,-0.175037,-0.018478,0.026584,0.070603,-0.059671,-0.041674,0.157514,-0.097273,1.180200,-0.185191,-0.046330,-0.013571,-0.038767,-0.031414,0.046159,0.128793,-0.179554,-0.668368,-0.102972,-0.043772,0.150083,0.065974,-0.215043,-0.055148,0.020530,-0.062890,0.216764,-0.020212,-0.047033,0.111001,-0.035314,0.037561,-0.112618,0.061052,-0.061434,0.223671,0.136139,0.014832,0.225250,0.121146,-0.226409,0.052736,-0.011657,-0.032029,0.169198,-0.087132,0.046094,0.087401,0.153170,0.236455,0.084417,0.186266,0.112364,0.276801,-0.105214,0.072317,0.000880,0.195839,-0.124771,0.004419,0.031528,0.114060,0.157902,0.098154,0.090101,-0.059716,0.088521,0.247298,-0.185131,0.044595,-0.058725,0.046080
0.168729,-0.606663,-0.121021,0.011432,0.141470,0.013794,-0.468154,0.064818,-0.032902,0.140024,0.176920,0.306142,0.018855,-0.359332,0.112316,-0.033066,0.211290,0.070320,-0.203777,0.048985,-0.051502,-0.000951,-0.283063,0.097990,0.684400,-0.076341,0.071610,-0.160322,-0.035505,-0.043980,0.037297,-0.265587,-0.134443,-0.256617,0.208101,0.003642,0.392719,-0.281044,0.077268,-0.248932,-0.178705,0.680461,-0.223988,0.312423,0.106808,0.119985,0.040914,-0.173088,-0.134378,0.206753,0.230120,-0.134999,0.035994,0.199844,0.409990,0.045983,0.181434,-0.261652,0.120115,-0.061228,0.084637,-0.037378,0.103991,-0.210660,-0.504505,-0.249744,-0.119491,0.408603,0.077128,-0.014511,-0.388659,-0.066449,-0.113306,-0.828927,0.222392,0.226873,-0.236983,-0.147078,-0.192960,0.173662,-0.178678,0.030035,-0.249818,-0.359924,-0.099626,-0.000124,0.038807,-0.127072,-0.015476,0.513015,-0.352754,-0.038594,0.019165,-0.032764,1.349395,0.036886,-0.037347,0.209024,-0.087975,0.104297,-0.067693,-0.138738,0.009353,0.104115,-0.212845,0.025138,-0.116887,-0.213407,-0.016602,0.378677,0.455156,-0.009438,0.035611,0.149273,0.309564,-0.438414,0.262532,0.139526,-0.098154,-0.206165,-0.077651,0.084545,0.013543,0.136043,0.180679,-0.041745,0.042740,0.034509
0.211886,-0.013570,-0.120404,0.236864,0.072407,0.130632,0.156918,0.357504,-0.042564,-0.044324,0.245968,0.007236,0.161201,0.037552,0.288405,-0.046729,-0.005574,0.138677,-0.129417,0.121283,-0.065575,0.024350,-0.103872,0.063894,-0.047113,0.468778,0.075810,0.128827,-0.052362,-0.428163,0.228018,0.068929,-0.016693,-0.078858,0.078548,0.173743,-0.200966,0.010670,-0.037346,-0.090386,-0.559261,0.054757,0.032117,-0.024213,0.161208,0.148806,0.017788,0.122293,-0.073562,0.017587,0.053612,0.085313,0.084942,0.100737,0.012358,0.076119,0.108192,0.259594,-0.005261,0.329686,0.038946,-1.845750,0.022383,-0.088447,-0.014655,0.009327,0.263176,0.016890,-0.102767,-0.069676,-0.036821,-0.003099,0.128454,0.043073,-0.191053,-0.040147,-0.010020,-0.066902,0.004216,-0.189568,0.244282,-0.370674,-0.172958,0.074180,-0.030700,-0.030819,-0.303521,0.245879,0.161622,0.017303,-0.036531,-0.004312,0.014549,0.507330,-0.001727,0.177210,-0.031738,-0.486726,0.034167,0.161533,0.016086,0.045405,-0.126238,0.580794,0.048355,0.108193,-0.177206,-0.136177,-0.038000,-0.055843,0.339306,0.149633,0.096597,-0.078785,0.040401,0.118551,-0.011690,-0.278130,-0.160896,0.153339,0.110529,-0.009492,0.187435,0.121831,0.068456,0.044065,-0.422340,-0.009517
0.104116,0.017228,-0.052372,-0.012144,0.083269,-0.024210,0.052044,0.107479,0.034323,-0.047264,0.220228,0.164883,0.078938,0.013935,0.058459,0.023136,-0.054199,-0.022992,-0.051198,0.229652,-0.007292,-0.028865,0.002904,0.093963,-0.048554,0.140639,-0.018615,0.060069,0.087741,-0.020243,0.161841,0.048940,0.024186,0.020192,0.035814,0.053559,0.111824,-0.016885,-0.020144,-0.024529,-0.075792,-0.022370,-0.012316,-0.056480,0.147378,0.105821,0.006698,0.112920,0.090884,0.015425,0.125109,-0.015798,0.043685,0.039681,0.013720,0.005705,0.047866,0.183213,0.173650,-2.248283,-0.019049,0.119868,0.057841,-0.032980,-0.071224,0.083620,-0.092263,-0.071176,-0.045585,0.007996,-0.008349,-0.035450,0.045964,0.090080,0.040327,0.002691,0.086191,-0.061538,-0.006317,-0.071155,0.066828,0.192082,0.140519,0.059920,0.027746,-0.006286,-0.093773,0.032201,0.001733,0.019517,-0.027710,0.191061,0.054403,0.251984,-0.006018,0.044477,0.004638,-0.042649,0.104703,0.027951,-0.011936,0.063773,0.180162,-0.031719,0.051514,0.032684,-0.006094,-0.042418,0.078658,0.094539,0.120274,0.143380,0.077260,0.016745,0.044588,0.098000,0.016283,0.106042,-0.163626,-0.019971,0.134297,-0.039153,0.087252,0.034613,0.005829,0.007595,0.027686,-0.030782
0.020368,0.040717,-0.099685,0.052009,0.079230,0.210214,0.147135,-0.005731,-0.009473,0.008401,0.418922,-0.017874,0.022903,-0.083460,0.213035,0.089524,-0.041523,-0.024260,-0.063891,-0.092393,0.104993,-0.083937,0.153450,0.218285,-0.129541,0.083442,0.080346,0.301933,-0.295224,0.142093,0.857110,0.164489,0.101757,0.062689,0.120420,0.146716,0.223265,-0.010718,0.075317,-0.586251,0.446776,0.078132,0.186271,0.309913,0.187223,-0.166220,0.046088,0.186713,0.017052,0.084235,0.071900,-0.084032,-0.021086,0.261516,0.079663,-0.032771,0.016655,0.098100,0.292693,0.188409,0.043531,-0.040390,0.113740,0.018463,-0.039482,-0.124367,-0.194838,-0.044221,-0.148638,0.154194,-0.154655,0.202335,0.050460,0.139204,0.256048,-0.003753,-0.007471,0.022746,-0.060853,-0.147667,-0.037785,0.158535,0.100771,-0.009342,0.217254,0.271802,-0.040336,0.360614,-0.082173,0.094729,0.026510,0.068488,0.106537,-0.089763,0.077829,-0.017368,0.012747,-0.232631,0.017230,-0.152600,0.037779,0.112164,0.014219,0.139393,0.018143,0.005543,0.168376,0.158609,-0.636989,0.237166,-0.205828,0.094601,0.110626,0.032428,-0.256412,0.120586,-0.065258,0.093895,-0.288593,0.191139,0.407571,0.020103,-0.002533,0.153116,0.045006,-0.148457,0.034071,0.060816
0.080316,0.156265,-0.057069,-0.098203,0.171765,0.263194,-0.113688,-0.003122,-0.142289,-0.217798,0.150939,0.251515,-0.147307,-0.438549,0.126663,-0.019583,0.126395,0.031158,0.162835,-0.122842,0.083612,0.302651,-0.397079,0.105346,0.407716,0.081092,-0.253617,0.133700,-0.133905,0.110501,-0.035583,0.224399,-0.011759,-0.254099,0.211178,0.151326,0.201379,-0.042397,0.070967,0.014017,0.040287,0.671274,0.179047,0.455764,0.109295,-0.235323,-0.079788,-0.182703,0.027252,0.132733,0.010027,0.240746,0.290427,0.135442,0.070584,0.533998,0.231264,0.196356,-0.045975,-0.126356,0.166984,-0.117376,0.251644,0.044472,-0.073870,0.000456,-0.055942,0.296454,0.144883,-0.089403,-0.367680,0.179168,0.054427,-0.479437,0.081468,-0.180465,0.170105,-0.053975,0.028611,0.135769,0.216876,-0.073885,0.130665,-0.442352,0.313336,-0.190721,0.066563,0.006597,0.052977,0.113871,-0.612878,-0.261352,0.344289,-0.013464,0.970995,-0.061423,0.014739,-0.168852,-0.101383,-0.021313,-0.159244,-0.160543,0.061152,-0.122589,0.142511,0.167790,0.289793,-0.076978,-0.045063,-0.061813,0.226441,-0.054453,-0.060184,-0.142307,-0.016146,-0.106826,0.131401,-0.219868,0.214306,-0.162186,-0.509562,0.087154,0.105242,0.037609,0.253532,-0.069296,-0.018946,-0.088126
0.158459,0.169156,-0.097901,0.035601,-0.069431,0.083372,0.174433,0.123555,0.060764,0.116674,0.326280,0.079649,0.156651,0.088617,-0.153129,-0.423489,0.051401,0.103884,-0.320449,-0.026803,0.026221,0.058549,-0.080520,0.066426,-0.169925,0.085941,0.123161,0.426500,-0.030832,0.377403,0.548505,0.053442,0.260188,0.212291,-0.074326,0.198549,0.068576,-0.017059,-0.322277,0.118653,-0.276197,-0.200375,0.130697,-0.189973,0.167578,0.038336,-0.108591,0.019215,-0.038242,0.032392,0.057412,-0.107721,0.010949,0.177880,0.029008,0.153540,0.090252,0.183412,0.164494,0.149038,0.038768,0.035706,0.167466,-0.031212,-0.066378,0.176581,-0.197180,0.025654,0.071779,0.115907,-0.019811,0.115552,-0.391537,0.030316,0.045076,0.023116,-0.013751,0.124590,-0.097049,-0.030618,0.118326,0.047242,0.229688,0.081644,0.042366,0.079974,0.992812,-0.010477,0.023166,0.032527,-0.008610,0.064892,0.073710,-1.399668,-0.037194,0.145573,0.111237,-0.110495,0.224004,-0.084208,0.100928,0.123743,0.120085,0.022058,0.141394,0.201498,0.063061,0.058235,0.197372,0.035977,0.413614,-0.561856,0.005806,0.009463,-0.275656,0.016420,-0.086995,0.055591,-0.193112,0.326847,0.157794,-0.138222,-0.079902,0.098292,0.138826,-0.039695,0.060045,-0.062688
-0.127792,0.044620,-0.066083,-0.147263,0.038652,-0.009478,0.119185,-0.039595,0.156860,0.029208,0.160209,0.041902,-0.059431,-0.010182,-0.111937,0.238841,0.099613,-0.081963,-0.067302,0.037138,0.055645,0.034185,0.142718,0.145554,0.004231,-0.028176,0.060074,-0.100413,0.394880,0.372516,-0.232340,-0.007937,-0.045788,-0.062471,0.025401,0.041694,0.106274,0.010158,0.110462,0.165009,0.645817,-0.030635,0.024828,0.107916,0.075132,0.030501,-0.061052,0.022600,-0.089025,0.031531,0.140756,-0.078288,0.008524,0.063342,0.030981,0.036415,-0.022522,-0.085533,-0.102474,-0.028169,-0.001298,-0.586782,0.056987,0.052819,0.009436,-0.108885,0.787614,0.065853,0.098623,-0.154096,-0.009915,0.012892,-0.059614,0.001767,0.216044,-0.038533,0.016716,-0.063580,-0.058160,0.096653,-0.079390,0.053388,-0.056453,-0.073119,-0.056636,-0.148092,0.127897,-0.226059,-0.215173,0.041247,0.019073,0.163489,0.028093,-0.042323,-0.033515,-0.088499,0.046044,0.383362,-0.116158,-0.194736,0.114068,0.074750,0.040936,0.023052,0.047287,0.021541,-0.319329,0.004783,0.012938,0.140190,-0.254637,-0.050374,0.003782,-0.052554,-0.124082,0.075525,-0.063863,0.560796,-0.071605,-0.035577,0.162887,-0.012650,0.017385,0.049998,-0.047382,-0.280348,0.344560,-0.013015
0.044433,0.092434,-0.116039,-0.009321,0.043432,-0.044414,0.135219,-0.029707,-0.013981,0.004347,0.101053,-0.109948,-0.282898,0.020188,0.076669,0.411538,0.167285,0.101703,0.189569,-0.053484,0.009048,-0.058980,-0.116761,-0.014588,0.000939,0.123595,-0.013690,0.474146,0.159311,-0.097674,0.089953,0.023270,0.209325,-0.276295,-0.045335,-0.044152,-0.045540,0.026112,-0.183169,-0.562545,0.283122,0.028308,-0.044865,-0.163667,0.059715,0.068576,-0.054504,0.238632,0.186770,0.029973,-0.042665,0.204700,0.122439,0.118742,0.018391,-0.094793,0.123234,0.085986,0.112657,-0.010132,-0.021278,-0.145406,-0.130096,-0.064383,0.015995,-0.091196,-0.148114,-0.028074,-0.029595,0.074140,0.083513,0.031749,0.192703,0.059230,-0.123034,0.008569,-0.111915,-0.055474,-0.057464,0.053591,0.036983,0.081088,0.217824,0.091745,-0.015023,0.095015,-0.151927,0.088857,0.040314,0.027322,-0.029365,0.164947,0.001669,-1.009319,-0.037244,-0.059500,-0.170139,0.001816,-0.305027,-0.016948,0.229437,-0.013076,0.049754,0.043269,0.147934,0.070781,-0.034191,-0.043312,-0.246693,-0.092280,0.074890,0.316271,-0.156931,0.046400,0.141301,-0.137052,-0.119833,-0.032070,0.065494,-0.262817,-0.007859,0.250540,0.084504,0.034514,0.080560,-0.170414,0.044397,-0.056549
0.001446,-0.078295,0.043593,1.603683,0.238812,0.140340,0.174692,0.226119,0.150305,0.032196,0.298031,-0.300785,-0.010591,0.090309,-0.023269,-0.065724,0.079306,-0.079720,0.166833,0.132036,0.010183,0.032743,0.072589,0.062748,-0.046484,-0.282231,-0.018441,0.024867,0.157647,-0.164504,-0.024797,0.165968,-0.031106,-0.163538,0.102441,0.049619,-0.054427,-0.018653,0.154636,-0.014433,-0.062486,-0.040821,0.007007,0.031584,0.108901,0.018741,0.073310,-0.127081,-0.067970,0.001966,-0.062905,-0.010692,0.097853,0.122731,0.001736,0.076966,0.079687,-0.011027,-1.621775,-0.196778,0.032377,0.299945,0.057545,-0.015955,-0.038496,-0.010604,-0.042999,0.347152,-0.092157,-0.090594,-0.102836,-0.008229,-0.042809,0.010154,0.001162,-0.071200,0.246133,-0.077898,-0.098290,-0.147649,-0.036937,-0.415410,-0.208425,-0.006945,-0.075764,-0.181615,-0.192944,-0.072732,0.113161,0.003458,0.013508,0.189302,0.027876,-0.044365,-0.057040,-0.024753,-0.010592,-0.027608,-0.103020,0.108808,0.166959,-0.011417,-0.551345,-0.002438,0.114146,0.063594,-0.367848,-0.076713,0.039938,-0.209692,-0.073080,0.074984,-0.001303,0.022322,-0.088091,0.015706,-0.075367,0.169256,-0.052667,0.157797,0.198872,-0.016568,0.165918,0.054666,0.055511,-0.095817,0.676201,0.000975
0.164414,-0.245357,-0.020483,-0.017352,-0.438266,-0.313723,0.233657,0.066136,0.020714,0.417834,0.233587,-0.311109,0.035954,-0.032277,0.294883,0.208665,0.045804,0.153699,-0.482870,0.033720,0.245919,0.055504,-0.450013,0.036619,0.093412,0.000001,0.090738,0.001522,0.096559,-0.064291,-0.048141,-0.152730,-0.099166,0.280061,-0.116790,0.203145,0.173480,0.061041,-0.037693,-0.115621,0.153658,0.290580,0.607965,-0.174741,-0.097957,0.139604,-0.274653,0.089082,0.127799,0.026121,-1.984959,-0.149446,0.100645,-0.003830,0.049586,0.041239,0.007236,0.008491,0.023962,-0.084453,-0.026871,-0.152087,0.072205,0.314132,-0.002080,-0.005022,-0.170263,-0.036058,0.341538,-0.018316,0.373350,0.695383,0.179917,0.184649,-0.036810,0.167930,0.186158,-0.013274,0.093642,0.467189,-0.045866,-0.013496,0.198854,0.007207,-0.102807,0.099333,-0.040099,0.044790,0.113856,0.077523,0.212005,0.043871,-0.011914,0.102072,-0.007026,-0.044847,-0.119165,0.181238,0.082622,0.082231,-0.265557,-0.005280,0.049304,-0.048553,-0.168313,-0.004481,-0.169983,0.240453,0.028667,0.127364,0.233031,-0.000604,0.156537,0.114294,0.286718,0.096238,0.526846,-0.034930,0.217508,0.134143,0.252421,0.594642,-0.253183,-0.044122,0.077216,0.025794,-0.125199,0.316000
0.051320,-0.114425,-0.104091,-0.024819,0.314374,-0.072975,0.032438,0.024586,-0.014046,-0.166993,0.213910,-0.140551,-0.077053,0.053385,0.166903,-0.215854,0.211123,-0.101750,0.180617,-0.031295,0.014702,-0.008942,0.134213,-0.051252,-0.010922,-0.038319,0.022646,-0.366842,-1.364466,-0.292094,0.297090,0.080208,0.043408,0.477653,0.086240,0.026193,-0.107706,-0.004379,-0.061047,-0.445881,1.133834,0.104157,-0.039601,0.205612,0.113377,0.184585,-0.142626,0.237775,0.106363,0.053982,-0.013160,0.215536,0.120650,0.098624,0.059076,-0.069830,0.122432,0.011313,0.058891,-0.021564,-0.084608,-0.409710,-0.011315,0.094916,0.020601,0.000546,-0.339053,0.313313,0.038001,0.197613,-0.179328,0.092951,0.057102,0.088276,-0.110255,-0.102986,0.111868,0.117205,-0.112604,0.024679,0.164628,0.022277,0.045780,-0.239132,-0.101619,-0.214777,0.204375,0.279370,0.070753,0.071338,0.165078,0.478915,-0.107346,0.443722,-0.046782,-0.303771,-0.162260,0.128527,0.385116,0.199650,0.044746,-0.049413,0.169093,0.318568,0.150184,-0.173448,-0.019049,-0.139399,0.018328,-0.105317,0.224155,-0.035448,0.229006,0.032157,0.302345,-0.141526,0.102739,0.156561,0.086421,-0.036982,0.210662,-0.047470,0.273996,0.060480,0.080113,0.007970,0.278785,0.080866
-0.060034,0.063145,0.157541,0.081439,0.422973,-0.195429,0.231560,-0.062692,0.114167,-0.526830,-0.280239,0.374722,0.040814,0.224614,0.173697,0.192094,0.051262,0.020327,0.302589,0.577884,0.023996,-0.046543,0.131687,0.242756,-0.114526,0.083967,0.004256,0.218671,-0.258880,0.023629,-0.310909,1.354909,-0.089631,0.672555,-0.165385,0.124769,-0.366772,-0.003183,0.199899,0.169259,0.084458,0.214220,-0.014200,0.631628,-1.234373,0.055281,0.424723,-0.033933,0.551185,0.048964,-0.314913,0.001074,0.149427,0.477787,0.031308,0.162403,0.028796,0.071708,-0.031158,0.174863,-0.128906,0.050663,0.059696,-0.325619,0.145031,-0.141496,-0.027523,-0.146397,-0.050075,0.102265,0.392174,-0.040723,-0.049958,-0.202712,0.234252,-0.137884,-0.279053,0.193469,0.345409,-0.113476,-0.286559,-0.077087,-0.167452,-0.249247,0.313420,0.222672,0.043628,0.035417,0.260013,0.004329,-0.159021,0.251458,0.389471,-0.147891,-0.099448,0.152423,-0.085601,-0.173478,0.242027,-0.198204,0.094075,0.128429,0.023104,0.015847,0.381518,0.316064,0.403285,0.320038,-0.267959,0.033193,-0.104756,0.178929,-0.040412,-0.386789,-0.185686,-0.251805,0.015472,0.172796,-0.100813,-0.062864,0.052707,-0.232947,0.195150,-0.705757,0.044977,0.324905,-0.107888,-0.316101
-0.143285,-0.045877,-0.154824,0.040315,-0.041742,0.111963,-0.006367,0.008030,0.252187,0.162242,0.043997,-0.029066,-0.118650,0.028218,0.302673,0.061885,-0.094926,0.312945,0.304002,-0.247012,-0.082871,0.140216,0.215886,0.114112,-0.008111,-0.024021,0.130936,-0.041819,0.067633,0.195969,-0.059490,0.035478,-0.057143,-0.231954,0.307372,0.137670,0.266314,0.022404,0.902461,-0.055641,-0.105655,-0.070095,-0.381097,0.154771,0.083387,-0.078802,-0.018624,0.104208,-0.130161,0.015077,-0.180537,0.087360,0.000833,-0.065667,0.007494,-0.014905,0.016283,-0.066837,-0.038912,-0.026009,0.048699,0.020542,0.017816,0.314649,0.043451,-0.188739,-0.011355,-0.012434,-0.516375,0.212064,0.254464,-0.196504,0.218312,0.110531,0.092908,0.318258,0.126901,0.060989,0.005535,0.337583,-0.030892,0.041390,-0.080728,0.146116,-0.168554,0.089988,0.220618,-0.023862,-0.132665,0.011211,-0.017023,0.027662,0.137484,0.091313,0.114888,0.880099,-0.073578,-0.496946,0.989345,0.014563,-0.159639,0.077761,0.009376,0.171396,-0.036794,-0.265776,-0.135735,0.035555,-0.069297,-0.111198,0.038223,0.105377,0.599687,0.224095,0.176410,0.079288,0.401320,0.177852,-0.109367,-0.025989,0.073024,-0.234949,0.062019,0.073962,0.014126,0.355008,-0.027383,0.010984
-0.184764,0.095409,-0.005457,0.026235,0.342538,-0.052949,0.264762,0.069569,-0.011473,-0.022402,0.171569,-0.157044,0.170208,-0.029103,-0.142267,-0.090898,0.031461,-0.287111,0.200911,-0.161414,-0.000088,0.125362,0.262407,-0.270395,0.013880,-0.096784,0.270999,0.225586,-0.092362,0.113077,0.138514,0.012238,0.208397,-0.104835,0.219260,-0.172011,0.027442,-0.014387,0.139591,0.183533,-0.252853,-0.057796,-0.031152,0.039245,-0.005251,0.112728,0.024613,0.276988,-0.155628,-0.032273,-0.200546,-0.002615,0.001554,-0.036554,-0.035170,0.138278,0.011549,-0.294847,0.018195,0.041048,0.025215,-0.119339,-0.070525,0.371506,-0.021812,0.174681,-0.003198,0.293416,0.171534,-0.312751,-0.212116,0.005924,-0.153412,0.046634,0.162430,0.061052,-0.171382,0.138594,0.138898,0.119005,0.192974,0.022062,0.029423,-0.107477,0.062499,0.025676,0.003036,-0.102234,0.009863,-0.056903,-0.023867,-0.025360,-0.008497,0.029248,-0.145981,0.035640,0.144767,0.341182,0.034309,0.034636,0.212442,-0.072203,-0.065547,-0.184780,0.093238,-0.033879,0.565997,-0.227563,-0.190727,-0.123729,0.312049,0.032869,-0.028025,0.051469,0.354479,-0.099112,-0.009339,-0.189210,0.029398,-0.053235,-0.442691,0.408663,0.094741,-0.004397,-0.056250,-0.141115,-0.135445,-0.065856
0.152133,-0.023382,-0.049324,0.381026,-0.096018,0.008325,0.046061,0.146731,0.227043,-0.014536,0.277224,-0.018010,-0.018621,0.025188,0.147136,0.048307,0.082561,0.037525,-0.098661,-0.051702,-0.030864,-0.009034,-0.089800,0.063561,-0.016097,-0.027950,0.114970,0.054413,0.173378,0.816586,0.255951,0.057455,-0.052208,0.032670,0.042085,0.016592,-0.005728,-0.035595,0.040343,0.063182,0.291898,-0.024929,-0.059073,0.138357,-0.005120,0.318687,-0.116525,-0.041438,-0.079666,0.028901,0.014384,-0.065927,0.034800,-0.020851,0.024371,-0.129342,0.013694,-0.282400,-0.457704,0.166170,0.014194,0.341395,-0.061173,0.058492,-0.092063,-0.242110,-0.730691,-0.033456,0.019409,-0.042305,0.019989,-0.061818,-0.038521,0.033380,0.113371,0.052125,0.110884,-0.117868,-0.030452,0.040250,0.184759,-0.525523,-0.077193,-0.114093,-0.003217,-0.015602,0.514148,-0.075945,-0.062817,0.035717,0.010521,0.220477,-0.044352,0.126647,-0.013301,-0.019232,-0.066872,-0.083981,-0.017930,0.049094,0.096515,0.047182,0.060341,0.175392,-0.005270,0.103726,-0.435671,-0.056658,0.146041,0.118323,-0.097674,-0.104408,-0.039643,-0.202893,0.284953,0.164103,0.127105,0.203260,0.016706,0.185133,0.156778,0.146375,-0.012932,-0.008398,0.072616,-0.116780,0.339449,0.040676
0.197610,0.138217,-0.103102,-0.011240,0.221529,0.016264,0.021350,0.071837,-0.097833,-0.066714,0.035461,-0.036308,-1.276023,0.119451,0.309007,-0.038393,-0.036923,0.633642,0.346795,-0.000761,-0.015214,0.076645,-0.134850,-0.394891,-0.140115,0.245451,0.248535,-0.347620,0.431054,0.283294,-0.114116,0.126148,-0.274077,0.192527,0.156575,-0.145171,0.109384,-0.032308,-0.611409,-0.027676,-0.054595,-0.258507,-0.046104,0.087567,0.094704,0.305666,0.265225,0.086980,0.148518,-0.019848,-0.276997,0.029089,-0.008697,0.073244,-0.023263,-0.025293,0.003180,-0.201783,0.103189,-0.043237,0.002894,-0.048523,-0.110446,0.112028,-0.093936,0.083489,-0.029840,0.367314,0.080977,-0.074243,0.072330,-0.299410,0.171223,0.157785,-0.130035,0.358294,0.537199,0.180080,0.032564,-0.006363,-0.227339,-0.048102,-0.025473,-0.001345,0.212904,0.021346,-0.119265,0.268519,-0.186528,-0.031195,0.173147,-0.085742,0.088133,-0.195661,-0.056068,1.106672,-0.008306,-0.795853,-0.670999,0.257880,0.231128,-0.269767,0.133388,0.129306,0.033913,-0.015156,0.237001,0.185743,0.087578,-0.297449,0.199602,-0.024231,0.776851,-0.102406,-0.270002,-0.014284,0.043322,0.188879,-0.328868,0.022032,-0.337360,-0.032455,-0.078697,0.069034,0.056538,0.637352,-0.104696,-0.267613
0.062067,-0.123507,-0.040926,-0.265554,0.105498,0.022962,-0.025619,0.233096,0.086639,0.032482,0.152840,-0.031084,-0.076008,0.072870,-0.077243,-0.009526,0.101493,0.049635,0.043557,0.086344,0.001737,-0.004812,-0.039538,0.072806,-0.060163,0.298032,-0.019267,0.057122,0.052881,0.142786,0.147267,0.162923,-0.178819,0.018678,0.027045,0.071718,-0.037633,-0.019993,0.048327,-0.002027,0.137914,-0.051541,0.095698,0.092676,0.059974,0.179129,-0.028385,-0.000011,0.040968,0.004992,-0.114809,-0.001451,0.046510,0.022026,0.005360,-0.091052,0.038529,-0.073032,0.279493,-0.860874,0.005024,-0.315865,-0.034084,0.011984,-0.024635,-0.138346,0.391761,0.126195,-0.007677,0.005952,-0.047633,0.046900,0.077058,0.065088,0.116180,-0.033046,0.100158,-0.147376,-0.129887,0.041630,-0.017080,0.170249,0.200105,0.002835,0.023962,0.075171,0.091148,-0.108058,-0.024303,0.006580,0.023985,0.011891,0.071350,0.189113,-0.095552,-0.154694,0.001566,-0.002714,0.076023,-0.028570,0.128828,0.021503,0.159949,0.236947,0.099417,0.115745,-0.049626,-0.015093,0.062552,0.036585,-0.164751,-0.001347,-0.027257,-0.055079,0.045219,0.053143,0.091601,-0.050552,0.008174,0.070732,-0.005961,0.058722,-0.025831,0.038878,0.012657,-0.062832,-0.348534,0.159220
0.057349,-0.336827,-0.103644,-0.040596,0.149667,0.023919,-0.193211,0.029395,0.004872,0.036216,0.220206,-0.089717,-0.341344,0.026682,0.056432,-0.034791,0.102627,-0.018753,-0.120074,0.254174,0.060197,0.087820,-0.036519,-0.120671,0.141795,-0.124248,0.182884,-0.012429,0.135950,0.524908,0.106554,-0.054669,0.007360,-0.026231,0.028763,0.083870,0.165199,0.024679,-0.259741,0.145863,0.190248,0.319817,0.106227,0.058632,-0.092885,-0.221297,0.004119,0.023441,0.029146,0.037436,0.124394,0.079405,0.147794,0.029851,0.040912,-0.055264,0.113438,-0.293243,0.114986,-0.026940,0.018554,-0.013095,0.127765,0.464314,0.150080,0.022423,0.155879,-0.220533,-0.218434,-0.218779,0.133657,0.005304,-0.080057,0.225774,0.155773,0.224750,0.227075,-0.060182,-0.119648,-0.105942,-0.376966,0.075868,0.059772,0.013600,0.204719,-0.027446,0.093898,0.136377,0.264806,0.045285,0.298227,-0.015654,-0.016618,-0.427997,-0.141086,-0.042890,-0.084650,-0.161055,-0.522370,-0.073147,-0.105750,-0.108812,0.034162,-0.006600,-0.031483,0.168837,0.215994,0.044170,-0.085056,0.135685,0.189527,0.017411,0.104098,-0.238802,-0.345649,-0.049965,0.333645,-0.133168,-0.166532,0.034717,0.003080,-0.575654,0.135654,0.023778,0.199555,-0.243564,0.039110,0.313104
-0.157371,-0.452160,0.011790,0.006289,0.160311,0.071918,0.041053,0.017902,-0.037287,-0.422885,-0.115715,-0.023749,-0.176547,-0.225404,0.025455,0.136137,0.360265,0.080014,-0.069258,0.104707,0.189499,0.146373,0.144626,0.066386,-0.015919,0.144930,-0.170329,-0.094387,-0.102610,0.185116,-0.024211,0.462502,-0.137445,0.005008,0.058027,-0.122204,-0.451339,0.013049,0.192652,0.134157,-0.260280,0.068538,0.159472,0.115349,0.020144,0.475102,0.154745,-0.077771,-0.364989,0.004333,0.126413,0.048716,0.241582,-0.125185,-0.008447,-0.033505,0.002872,-0.090283,0.244728,0.199184,0.054721,0.199931,0.013311,-0.072585,0.084531,0.006413,0.106234,0.299909,0.128107,0.004669,0.103752,0.278654,0.657599,-0.026522,0.263402,-0.077808,-0.492774,-0.031936,-0.359881,0.096552,0.130209,-0.015601,0.449668,-0.085733,-0.120225,0.067112,0.195329,-0.284945,0.067476,-0.004537,0.187908,-0.066641,-0.049913,-0.091141,-0.320428,-0.160401,-0.007689,0.213165,-0.349176,0.021786,-0.089354,0.118753,0.059200,0.103332,-0.071526,0.173105,0.189516,-0.018622,-0.230803,-0.005850,-0.210998,-0.140440,0.090473,-0.073013,0.511561,-0.522111,0.038468,0.111349,-0.253174,0.055361,-0.150487,-0.013822,-0.076016,0.054125,-0.278107,-0.053142,0.159467,-0.223745
0.053904,-0.031268,0.012184,0.019211,0.533786,-0.528388,-0.419770,0.015274,-0.061017,0.182924,0.103158,0.166024,-0.003188,-0.189501,-0.609278,0.118498,-0.042663,0.068567,-0.014985,0.429521,-0.188699,-0.061992,0.243733,-0.133939,-0.057241,-0.075713,-0.077221,-0.039162,0.276055,-0.422374,-0.069359,0.480169,-0.326121,0.070664,0.110215,-0.074213,0.157471,-0.177181,-0.311782,0.111843,-0.104806,-0.510372,-0.466087,-0.053004,-0.141570,0.204643,-0.282714,0.230188,0.538266,-0.083974,-0.255250,-0.194641,-0.018038,0.128252,-0.079217,-0.082958,-0.053741,0.521349,-0.079050,0.163812,0.079056,0.116725,0.057245,0.108200,-0.304202,0.353087,-0.043142,0.036160,-0.085989,0.342201,0.031799,-0.520888,-0.212062,-0.021740,0.473573,0.235201,0.210416,0.185701,0.189658,-0.176435,0.129002,0.019873,0.725649,0.289851,-0.177307,0.021108,0.044731,0.185092,-0.223332,-0.106487,-0.279937,0.079142,-0.325245,-0.041682,0.569613,0.096982,-0.041716,-0.026678,0.183835,-0.210657,0.152952,0.287128,0.021846,-0.009325,-0.478148,-0.041020,-0.198159,-0.431354,-0.091447,0.243955,-0.031552,0.149549,-0.107828,0.091609,0.029155,0.088449,-0.207481,0.016998,0.041463,-0.215628,0.217643,0.077400,0.267339,-0.086913,0.078666,-0.051318,0.064871,0.352850
0.114724,0.729908,0.408693,0.288115,0.453211,0.760828,0.753802,-0.009295,0.030493,-0.028887,0.217916,0.037918,-0.074362,-0.292620,-0.244828,-0.136417,0.471451,0.267192,0.351123,-0.608692,0.128390,0.187340,0.532618,0.057377,0.305514,-0.029824,0.064463,-0.034441,0.102422,-0.126361,-0.001729,-0.447817,-0.376538,-0.619245,0.796076,0.241441,0.080914,-0.096153,-0.094605,0.193145,0.264228,0.174485,0.327184,-0.130213,-0.212323,0.020941,-0.352361,-0.082072,-0.105346,-0.231662,-0.154774,0.286633,0.291057,0.071862,-0.272201,0.254952,0.448994,-0.203433,0.107997,0.105999,0.056517,0.254297,0.016216,-0.033710,-0.162655,-0.014561,0.215866,0.088476,0.055188,0.475712,-0.525786,0.367582,0.256438,-0.200354,0.155215,-0.268724,-0.074475,0.207182,0.208443,0.094168,-0.237618,-0.052747,0.196015,0.147065,0.256568,0.159500,-0.003910,-0.024676,0.190122,-0.375125,-0.399678,-0.029895,0.047602,0.080647,0.568646,-0.062865,0.112060,-0.801165,-0.272519,0.204981,0.253525,0.186784,0.097582,0.077273,0.193558,0.212683,-0.051386,-0.136892,0.192718,-0.244065,-0.129778,-0.307744,-0.027734,0.048031,-0.016916,0.213232,-0.176392,-0.053344,0.936520,0.266327,0.463563,-0.189723,0.209493,-0.160826,0.076614,-0.007144,0.028160,0.243541
-0.115265,0.037792,0.012467,-0.012000,-0.005819,-0.261836,0.082105,-0.087710,-0.145012,0.255516,0.139036,-0.190030,0.360358,0.040993,-0.179279,0.042600,0.056829,0.513023,0.329711,0.033430,0.042871,-0.003167,0.444975,-0.076889,0.102761,0.086379,-0.220425,0.066229,0.120216,0.102084,-0.055911,0.207670,-0.372148,-0.292726,-0.373327,0.039153,-0.087220,-0.104334,0.240083,0.071686,-0.021905,0.081840,0.254072,0.105504,0.015018,-0.026494,0.158296,-0.047099,-0.050884,0.008605,0.216804,0.188773,-0.020734,-0.005167,0.022348,-0.090404,-0.155119,0.044575,-0.134108,-0.111813,-0.023184,-0.077784,0.205528,0.071225,-0.143718,0.127074,0.014890,-0.103520,1.447670,0.039562,-0.290503,0.647773,-0.256285,0.146640,0.042357,0.217155,0.192949,0.145970,-0.057617,0.129599,-0.112524,-0.091792,-0.072690,0.528188,-0.183915,0.181297,-0.052617,0.319343,0.134098,0.037766,-0.021233,-0.083692,-0.115952,0.081392,-0.003786,-0.067052,-0.286082,0.192899,0.597392,-0.370093,0.182317,0.268407,-0.108862,-0.110899,0.266760,-0.245281,-0.067688,-0.103333,-0.106773,-0.126275,-0.261820,-0.332271,-0.383730,-0.112514,-0.406910,0.042297,0.353764,-0.013063,0.126842,-0.120487,-0.112891,-0.074751,-0.027915,0.028783,-0.091325,0.295206,-0.154875,0.237656
-0.180979,0.132317,0.032643,-0.016187,0.038381,-0.051291,0.289574,0.353732,0.150603,0.075673,0.249949,-0.076527,-0.201421,0.093807,-0.081521,0.111492,0.049937,-0.083501,-0.197407,0.300161,0.027828,0.037880,-0.088958,0.120468,-0.000132,0.223504,0.138619,0.032446,0.291251,0.020739,0.094203,0.142753,0.458754,0.002731,-0.044390,0.049926,0.220823,-0.052467,0.075167,-0.050036,0.419414,0.041598,0.068186,-0.080136,0.135811,0.167262,0.085443,0.256914,0.073046,0.012988,0.132998,0.002978,0.004893,0.221240,0.007825,0.131084,0.060308,0.043163,0.277379,-0.049906,-0.023696,-0.051282,0.072390,-0.062748,-0.088978,0.320105,0.224999,-0.005274,0.013271,0.048906,0.117342,0.034140,0.001730,0.063109,-0.057139,0.021541,0.022882,0.046308,-0.059997,0.026088,-0.020366,-0.681123,0.146969,-0.014616,-0.031566,0.013689,0.062681,0.098340,-0.003674,0.010673,0.048668,0.350521,0.088654,0.255275,-0.033050,-0.147032,0.097660,0.529931,0.068328,-0.024950,-0.129314,-0.060165,-2.146533,0.509723,-0.036432,-0.091427,0.165986,-0.031427,-0.012048,0.208715,-0.064383,0.268769,-0.018926,0.021983,-0.259298,0.149261,-0.055946,-0.107109,-0.110543,0.140794,0.080254,-0.141319,0.135621,0.083347,0.038601,-0.100382,0.167486,-0.121296
-0.288666,-0.207500,-0.216911,0.167329,-0.023826,-0.047702,-0.605000,0.216137,-0.065570,0.625964,0.140246,0.599484,0.138213,-0.909839,-0.384814,-0.100080,0.040034,-0.028331,0.113123,-0.492219,-0.095798,-0.470418,0.259374,0.071502,-0.377666,0.419734,0.057071,-0.054194,-0.048833,-0.315184,0.026738,0.072545,-0.013807,-0.154492,0.044275,0.071522,-0.493507,0.068916,0.059067,0.073310,0.024915,-0.318346,-0.096052,0.147134,0.103206,0.192153,0.008466,0.094866,0.251060,0.075118,0.150442,0.046335,-0.217888,0.062462,0.107633,-0.029705,-0.092564,0.067365,-0.278701,0.046391,0.061520,-0.004188,0.178460,0.088781,-0.007722,-0.056741,0.059628,-0.014722,0.079214,0.080930,-0.037214,-0.021812,-0.262183,0.189529,-0.044744,-0.168774,0.203450,0.006752,0.063605,-0.003703,-0.021717,-0.087848,0.278868,-0.270421,0.178493,0.145077,-0.140889,0.118399,0.123248,0.150362,0.081704,0.326507,0.019707,0.084974,-0.456009,0.105554,0.276388,0.144085,-0.086999,0.512374,-0.164295,-0.079566,0.111506,-0.074205,0.236121,0.128537,-0.143513,-0.097640,-0.208348,-0.179916,-0.025654,0.014073,0.206366,0.219702,0.028434,-0.035271,-0.304615,0.077924,-0.393129,0.141233,-0.099437,-0.072093,0.125965,0.038918,-0.032878,0.237397,-0.366012,-0.106957
0.204867,-0.079708,-0.232556,0.053775,0.025991,0.356620,-0.282294,-0.081490,0.110918,0.015652,0.611673,0.272594,-0.317142,-0.054836,0.351211,0.123077,0.005763,-0.009430,0.253947,-0.125657,-0.046790,-0.233597,0.606758,0.333515,0.034000,0.038415,-0.061496,0.173663,-0.269267,-0.346509,0.333055,-1.011721,0.246204,0.054591,0.117476,0.264091,-0.059374,-0.123072,-0.105091,-0.025365,-0.098117,-0.026497,0.113214,0.050950,0.160226,-0.192641,-0.144449,-0.050117,-0.278704,0.109532,0.212256,0.194546,-0.231628,0.159137,0.104807,-0.409476,-0.304691,-0.204708,0.229168,0.076937,-0.157103,0.072470,0.086421,0.180640,-0.153530,0.066269,-0.021170,-0.118982,-0.221887,0.131881,0.135868,0.131515,-0.050399,0.168574,0.142818,0.009734,0.450044,0.127840,0.284838,-0.234224,0.158029,-0.131281,-0.078593,0.205005,0.161358,0.226253,-0.109022,-0.073707,-0.220699,0.161205,0.105757,0.423583,0.317847,0.281483,-0.035026,-0.299206,-0.282969,-0.403143,0.110702,-0.382916,0.065060,0.189189,0.024981,0.093935,-0.142354,0.212616,0.454482,-0.053337,0.275872,-0.081019,-0.376773,0.089294,-0.036570,-0.003478,0.109389,-0.140014,-0.133497,0.177322,-0.122074,0.182766,-0.334347,0.052059,0.040984,0.150186,-0.199772,0.012907,-0.037537,0.253090
0.260792,-0.442703,0.186458,-0.007862,0.180397,-0.207526,0.277123,-0.070448,0.016545,-0.259470,-0.341283,-0.249235,-0.114858,-0.017246,-0.068078,0.372026,0.231303,-0.133160,-0.225400,0.256920,0.277610,-0.049586,-0.089907,0.134612,-0.078976,-0.044344,-0.049645,0.250012,0.119005,0.119876,0.007527,-0.817881,-0.293667,-0.043669,0.311687,-0.041554,-0.056963,-0.069331,-0.101215,0.066330,-0.050057,-0.028311,-0.098929,0.745537,1.149775,-0.009848,0.172580,-0.190733,1.117412,-0.142948,-0.021136,-0.701260,-0.051958,-0.055645,-0.141560,0.067651,-0.217014,0.130795,-0.021494,0.055454,-0.133839,-0.036466,-0.250586,-0.298206,0.199058,0.001425,-0.034338,0.097078,-0.082595,0.046190,-0.152687,0.125595,-0.021095,-0.158003,0.306134,-0.252871,-0.329535,0.067538,1.988433,-0.038036,-0.452479,-0.056788,0.171247,0.155752,0.318091,-0.012417,0.011402,0.045096,-0.078217,-0.190885,0.601966,-0.057875,0.078007,-0.009258,-0.217232,-0.217233,0.248901,-0.101983,0.462779,0.054407,0.104727,0.260532,-0.004637,0.034817,0.275830,-0.183139,0.091569,-0.060796,-0.065850,0.318446,-0.031216,-0.074865,0.097418,-0.440972,0.407057,-0.442807,-0.079637,0.041945,0.075722,-0.255061,0.179490,-0.187286,-0.065859,1.032215,-0.098223,0.261868,-0.054374,0.048843
0.148891,0.586180,0.227206,-0.000906,-0.022072,0.466559,-0.225297,-0.068821,0.026650,0.438006,-0.274370,0.148136,-0.049589,0.182102,0.003332,0.002955,0.175440,-0.020456,0.065599,0.624885,0.460769,0.056324,-0.096255,0.135747,-0.705434,-0.095497,0.208008,-0.126883,0.045513,-0.043858,-0.078321,-0.039930,-0.108021,0.070253,0.718717,-0.125068,-0.085007,0.037224,-0.023535,-0.362593,-0.110794,-0.615597,0.070916,0.089842,-0.362529,0.176009,0.140108,-0.051991,-0.093231,1.002690,0.498143,-0.004695,0.381074,-0.316278,0.928026,0.250827,0.270391,0.335018,0.022605,-0.036910,0.203654,-0.048980,0.244280,0.324863,0.134015,0.167747,-0.077314,0.202683,0.013508,-0.035143,-0.271573,0.513507,-0.157113,0.703987,0.398967,0.092174,-0.438384,-0.139544,-0.019893,0.022456,0.044301,-0.066077,-0.107324,0.191518,-0.638295,-0.371823,-0.100956,0.079351,-0.101124,1.067694,0.962040,-0.207676,-0.194493,0.112981,-0.293637,-0.059729,-0.278074,-0.531901,-0.007585,-0.403654,-0.220485,-0.099679,-0.119798,-0.261290,0.007216,0.384572,-0.182913,-0.254552,0.217784,-0.111595,-0.126465,-0.050789,-0.094837,0.003867,0.820619,-0.409348,-0.341640,-0.369710,0.715895,-0.096314,-0.078776,0.131138,-0.121154,-0.147417,0.138729,-0.013857,-0.105839,0.052727
-0.471733,0.080759,0.162384,-0.136023,0.290422,-0.009250,0.106028,-0.170172,-0.241123,-0.010002,0.210232,-0.049919,-0.125714,-0.059840,-0.078605,-0.355727,0.058188,-0.194792,-0.060017,-0.063069,-0.091774,0.091733,-0.052890,-0.005019,-0.088613,0.086174,-0.094185,-0.275761,-0.186626,0.157410,0.103427,0.210157,0.514464,0.162356,-0.229898,-0.152488,0.089065,0.085105,0.053163,0.249386,-0.148797,-0.246468,0.052985,0.013467,0.066516,0.033761,-0.093682,0.102315,0.232627,-0.003075,-0.092868,-0.094587,0.162133,0.185699,-0.006035,0.014158,0.249502,0.090660,0.073695,-0.048593,0.042290,0.149856,0.128625,0.135227,0.177371,-0.234824,-0.002951,-0.603389,0.270223,-0.041948,-0.082134,0.064264,-0.186672,0.008294,0.133047,0.058366,-0.219455,-0.042945,-0.284951,0.193635,0.374186,0.000007,0.213586,-0.032502,-0.062672,0.168222,0.257162,0.189057,-0.025576,-0.036211,-0.132764,-0.219320,-0.026586,-0.010750,0.036377,-0.166441,-0.044761,-0.391884,-0.007753,-0.014728,0.161241,0.013240,-0.193464,-0.014181,0.016097,-0.052041,0.330933,0.069500,-0.252991,-0.059808,-0.003016,0.336858,0.132781,-0.114830,0.559599,-0.146326,0.089985,0.055764,0.273992,-0.001783,-0.082684,0.248080,0.216091,0.130268,0.148724,0.071232,0.018679,-0.006893
0.100276,-0.025706,-0.008252,0.057373,-0.055874,-0.014284,0.088043,0.041371,0.021628,0.059485,0.165267,0.080852,0.111971,-0.112653,-0.124384,0.039667,-0.010440,0.020020,-0.027827,-0.134325,-0.001010,0.197129,-0.029053,-0.306164,-0.065823,-0.061969,-0.046500,0.088213,-0.041403,-0.284346,0.350349,0.039260,0.016847,-0.156855,0.092357,-0.072997,-0.013033,-0.125515,0.190692,0.097026,0.081842,-0.078690,0.116357,0.162391,0.167109,0.251433,-0.138376,-0.079552,0.012493,0.021743,0.159788,-0.094087,-0.025907,-0.114899,0.020028,-0.005867,-0.023646,-0.130167,-0.115191,0.122008,-0.000844,-0.171640,-0.182994,0.074630,-0.111411,0.008407,-0.309041,-0.039517,0.017499,-0.309098,0.254338,0.027301,0.001018,-0.019487,0.175009,-0.015062,0.065160,-0.096321,0.143494,0.000164,0.100164,-0.011391,0.055790,-0.118155,0.185866,-0.152599,-0.092066,0.058289,-0.088897,0.021523,-0.002691,-0.140733,0.021483,0.031943,0.096282,0.265661,0.065645,-0.088353,-0.171713,0.041500,-0.027650,-0.005757,-0.027618,-0.168179,-0.033428,0.190434,0.265075,-0.030467,-0.017999,-0.017414,-0.247247,0.038558,-0.088170,0.232065,0.014258,0.096540,-0.007136,-0.105262,-0.229360,0.035448,-0.177474,0.080623,-0.099390,0.075142,-0.073715,0.167752,-0.137010,-0.097397
0.207341,-0.029055,0.246003,0.254797,0.126221,0.512640,0.133167,-0.139558,0.003097,0.204410,0.090019,-0.020969,0.097418,0.064985,-0.021092,-0.155168,0.001954,-0.008639,-0.332439,0.115542,-0.191280,-0.003813,0.257060,-0.118535,0.317826,0.149315,-0.345316,0.030849,-0.012884,-0.143652,-0.040832,-0.082765,-0.010102,-0.035365,-0.008472,0.010113,0.029620,-0.011030,-0.259262,0.326371,0.076911,-0.063541,-0.221860,-0.053379,0.074641,0.136033,0.347776,0.203239,0.116938,-0.024204,-0.001770,-0.086099,-0.011038,0.110914,-0.041094,0.188213,-0.112673,0.029901,-0.123842,-0.019499,0.444307,-0.066900,0.368185,-0.005900,0.115729,0.074075,0.113923,-0.147125,0.132269,0.045738,0.066673,0.008832,-0.329823,0.072360,-0.072958,0.327742,0.196314,0.221015,0.207147,0.305065,0.408338,-0.073510,-0.261297,-0.098564,-0.064407,-0.195378,-0.024304,0.184522,0.098883,-0.033133,-0.343748,-0.238313,-0.018545,-0.125572,-0.229060,0.155141,-0.201486,-0.043113,0.061474,0.073305,-0.134483,0.096274,0.026347,0.156297,-0.093416,0.365831,-0.029041,0.167949,-0.111503,-0.082080,-0.230343,0.074958,0.031335,-0.277225,0.170339,0.026546,0.261768,0.123861,-0.091408,-0.174515,0.005903,0.205721,0.173926,0.069272,-0.076994,0.095840,-0.197812,-0.092048
0.400151,-0.086529,0.061300,0.033347,0.078362,0.003533,-0.019865,0.085044,0.091971,-0.039776,-0.129071,0.091132,-0.060650,0.192184,-0.031169,-0.068613,0.051942,-0.037140,0.120138,0.250869,-0.023454,-0.092690,0.078395,-0.098466,-0.021619,0.108024,-1.059106,-0.511345,0.451295,0.046989,0.450322,-0.153266,-0.107922,0.177917,0.150275,-0.027790,0.253579,-0.003868,0.009339,-0.045501,-0.331138,-0.010697,-0.050203,0.032092,0.070459,-0.328781,-0.072276,0.256438,0.210060,0.028185,-0.099521,0.079760,0.105924,0.051615,0.031871,0.022724,0.106884,0.168924,0.136066,0.351647,-0.022322,0.056943,0.063415,0.004684,-0.073173,0.087983,-0.041143,-0.117413,-0.005255,0.101294,-0.055443,-0.204459,-0.003457,0.133757,0.077575,0.047633,-0.145034,-0.020344,-0.160105,-0.094632,0.050825,-0.073501,0.084016,0.324090,0.135023,-0.084335,-0.136361,0.035350,0.084431,0.043226,0.012176,0.140189,0.032613,0.456656,-0.051404,0.012410,-0.059105,0.111433,0.105146,0.049480,0.119853,0.381305,0.131332,0.022556,0.116222,-0.050671,0.120723,0.127820,0.566118,0.104524,0.360715,0.094408,-0.151921,0.121462,-0.022369,0.127663,0.039506,0.002373,0.002782,-0.152153,-0.320992,-0.007381,0.094659,-0.002331,0.051922,-0.227309,0.063976,0.024068
-0.141937,0.262380,0.371510,0.021279,-0.207198,-0.283430,0.244648,0.166912,0.192927,0.236681,0.167361,-0.090645,-0.183673,-0.135439,0.096611,0.301801,0.026142,-0.132174,-0.088678,-0.155667,0.097927,-0.083653,-0.211968,-0.187526,-0.084837,-0.009973,-0.207246,-0.127339,0.086829,0.054655,0.035400,0.096031,0.267469,-0.058326,-0.572704,0.202056,0.301838,0.017568,0.185353,-0.021656,0.079133,-0.247881,0.003834,-0.061496,0.316970,0.053340,0.062514,0.141002,-0.182524,-0.055602,-0.005356,0.231483,0.221248,0.128094,-0.089765,-0.118920,0.127429,-0.022511,0.133158,0.171625,0.041961,0.163187,-0.156011,-0.042833,-0.021979,-0.123742,0.134737,0.603594,0.325209,0.140443,0.489885,-0.011820,0.115620,0.062519,-0.022111,-0.154269,-0.735820,0.500355,0.134862,0.265363,-0.251516,0.142110,0.107670,-0.351446,-0.098578,0.133274,-0.186156,-0.257966,-0.647336,-0.112869,-0.285451,0.532473,0.006373,0.194254,-0.108719,0.065726,0.396975,-0.542914,0.258802,0.420369,-1.011480,-0.248723,0.053016,-0.170116,-0.710480,0.320533,0.016644,0.335784,0.321145,0.106036,0.185072,-0.116454,-0.073221,0.250580,-0.249230,-0.001989,-0.173835,-0.205225,0.646577,-0.005960,-0.136526,-0.173477,0.549379,0.272403,-0.014346,0.003104,-0.075437,0.204187
-1.092046,-0.013205,0.161168,-0.009957,0.329384,-0.381352,0.166425,-0.152219,-0.089383,0.018886,-0.021351,-0.102777,-0.127369,0.294128,0.559935,-0.022397,0.096122,-0.508971,-0.272099,0.033563,-0.055560,0.004975,-0.000873,-0.141648,0.133084,0.151141,-0.050199,-0.154952,0.194509,0.023037,0.120836,0.144586,0.174422,0.106733,-0.094209,0.092315,0.079083,-0.028990,0.185330,-0.116762,-0.206567,0.003681,-0.295018,-0.221809,0.148791,0.202076,0.186043,0.195188,-0.017502,-0.032878,-0.079975,-0.154042,0.038752,0.077699,-0.032258,0.380548,-0.012670,-0.056888,-0.015365,0.004372,0.042699,0.393709,-0.041116,0.001629,0.000081,-0.820311,0.419160,-1.164987,0.126736,0.165617,-0.223529,-0.139523,-0.396792,0.143508,-0.134902,0.132179,-0.113031,0.321680,0.029022,0.300904,0.216804,0.374543,0.076216,-0.309108,-0.104519,-0.001361,-0.182039,-0.363076,-0.360612,-0.036474,-0.119322,-0.231513,-0.057054,0.270456,0.038177,-0.121722,0.141943,-0.920479,-0.136658,-0.162723,0.300958,-0.222445,-0.487991,-0.073957,0.137752,-0.067352,0.206129,-0.076704,0.117472,0.096343,0.025661,-0.211099,-0.107555,0.200030,0.700524,-0.010694,0.293723,0.070538,0.211190,0.087087,0.241621,0.218095,0.149735,0.023966,0.012225,-0.175655,-0.354693,0.037625
0.025302,-0.034029,0.016684,0.272549,0.207680,-0.054944,0.198543,-0.169113,0.085167,-0.001516,0.211486,-0.184895,-0.051934,-0.090214,0.166063,-0.044600,0.087841,-0.021922,-0.221767,0.193121,-0.057018,0.057746,-0.243018,-0.105275,-0.023414,0.361426,-0.026692,0.154394,0.245495,-0.029692,0.102854,-0.011675,-0.037913,-0.085162,0.040259,0.082183,0.055088,0.009746,-0.013265,0.125876,-0.341541,-0.009504,0.045843,-0.148658,0.203947,0.255892,0.278970,0.112711,-0.104852,-0.041447,0.153210,0.013825,0.078593,0.175315,-0.033045,0.114149,0.075362,0.115024,0.290477,0.212151,-0.005268,-0.470663,-0.108068,-0.152142,-0.045579,0.182750,0.335918,0.136571,-0.063740,-0.079234,-0.045349,0.028055,0.106350,0.045153,-0.328340,-0.080631,0.160914,-0.245080,-0.146294,-0.145458,0.047923,0.314279,0.143984,0.129047,-0.103657,-0.262213,-0.072756,-0.148113,-0.011735,-0.030467,0.100503,0.085942,0.003439,0.040431,-0.052265,0.038394,0.050065,0.338158,-0.046137,0.159110,0.096699,-0.078144,0.387981,-1.768563,0.091754,0.082728,0.020334,-0.023683,0.118311,-0.095172,0.004666,-0.031576,-0.032077,0.011530,-0.063114,0.055751,-0.065813,0.523065,-0.231736,0.228275,0.015766,-0.145816,0.117427,0.068525,0.057684,0.062249,-0.000719,-0.151066
-0.002025,-0.020359,0.022517,0.207016,0.090331,-0.042664,0.124182,0.039935,0.108622,-0.087738,0.024677,0.033567,0.002392,0.093015,-0.059565,0.020626,0.092833,0.031540,-0.146766,-0.046043,-0.029974,0.046885,-0.113892,0.110062,-0.040539,0.095415,0.013423,0.027273,-0.018561,-0.071620,0.096869,0.012492,0.063730,-0.039106,0.018260,0.056520,-0.049896,0.018296,0.068316,-0.015995,-0.079570,-0.111495,-0.109376,0.003505,0.085108,0.031514,-0.067174,0.109451,-0.089729,0.009194,0.218250,0.027522,0.031752,0.135879,0.006035,0.059455,0.003278,0.042243,-0.208611,-2.295451,0.050589,0.139015,-0.110891,-0.049533,0.057807,0.010650,0.110760,0.096999,0.012785,-0.084208,-0.051137,-0.108063,-0.015151,-0.002597,0.059581,-0.015474,0.006012,-0.046019,-0.056206,0.020815,0.069206,-0.069680,-0.414078,-0.027248,0.078020,-0.023465,0.002834,-0.024327,-0.106749,0.010934,0.021862,0.086179,0.000523,0.166329,-0.030678,0.007932,0.049610,-0.033120,-0.050467,-0.029687,0.164763,-0.023243,-0.108114,-0.008761,0.059677,0.101430,0.063577,-0.008276,-0.044143,0.006876,-0.065871,-0.020535,-0.034813,-0.014720,-0.021813,0.000887,-0.086182,0.131282,-0.037600,0.194663,0.095444,-0.108445,0.075970,0.088747,0.028373,-0.007611,0.046588,-0.111045
-0.214326,0.010231,-0.012427,0.362901,0.147585,0.068671,0.148209,-0.054122,0.013029,0.042667,0.231529,-0.053745,-0.065007,0.057114,-0.014274,-0.007558,0.064352,-0.106172,-0.152520,0.106747,0.027722,-0.021649,0.066676,0.144290,-0.020266,-0.218726,0.165444,-0.033498,0.425112,-0.513791,0.084109,0.117148,0.102822,-0.042810,0.000865,0.104954,0.084289,0.006924,0.046516,0.094931,-0.295109,0.052722,0.135729,-0.070144,0.155076,-0.039134,0.056621,-0.028060,-0.061171,0.008875,0.122034,-0.038540,0.084404,0.120017,0.008976,0.080482,0.076076,0.187140,0.157858,0.057655,-0.022603,0.938035,0.162974,-0.017940,-0.007472,0.101095,-1.807833,0.090789,0.019590,-0.106700,-0.072178,0.095975,0.128961,0.071710,-0.129763,-0.059072,-0.096469,-0.024446,-0.035970,-0.011013,-0.106151,0.283156,-0.031637,0.093161,-0.107821,-0.180807,-0.382065,0.008869,-0.104123,0.015561,0.066867,0.032310,-0.040800,0.356312,-0.064404,-0.075724,0.026043,0.306481,-0.033371,-0.041166,0.075580,0.023335,0.297588,0.407137,0.099994,-0.003653,-0.138289,-0.087047,0.006725,0.005963,0.078222,0.148041,0.010367,-0.006514,-0.502901,0.128781,-0.029481,0.323394,-0.040102,0.031306,0.293784,-0.056636,0.143860,0.106505,0.014577,-0.251510,-0.498610,-0.021272
0.131469,-0.003596,-0.054396,0.212069,-0.032382,-0.067608,0.106285,-0.071014,0.112559,0.149926,0.208515,-0.122492,-0.080787,0.054264,-0.010933,0.151993,0.032418,-0.013789,-0.324885,0.033142,-0.021971,0.035534,-0.228877,0.139791,-0.029034,-0.151143,0.068129,0.028650,0.022138,0.114357,0.372208,0.056518,-0.039186,-0.033764,-0.005309,0.051778,-0.082968,-0.008974,-0.008390,-0.099949,-0.096391,0.024356,0.079170,0.109676,0.004931,0.208896,-0.103201,0.163869,-0.078825,0.017714,-0.148092,-0.004065,0.003813,0.069573,0.015299,0.027280,0.012217,-0.194608,-0.203013,0.275837,0.003280,0.061326,-0.051779,0.127241,-0.041027,-0.025230,0.338668,-0.035629,0.091459,-0.169470,0.031964,0.035980,0.038739,0.125877,0.035117,0.014575,0.087615,-0.159398,-0.035813,0.119166,-0.001250,0.168640,-0.070651,0.015182,-0.065694,-0.051891,0.255615,0.000944,-0.043117,0.023876,0.035855,0.056256,0.121226,0.139814,-0.016525,-0.089834,0.002081,-0.008662,0.020941,0.016735,-0.007756,-0.006240,0.348176,0.356279,0.053520,0.044124,-0.107290,-0.019726,0.014784,0.127704,0.238501,0.061724,-0.019379,-0.087969,0.262943,0.278836,0.132923,0.137448,-0.028870,0.107552,-0.093148,0.165907,-0.003284,-0.003158,0.015443,-0.267594,-0.259465,0.074503
-0.150184,0.147798,0.173710,-0.051182,0.025641,-0.061123,0.120364,0.150328,0.156899,0.509889,0.052432,-0.161439,0.282394,0.067001,0.157564,0.041590,0.027663,-0.195784,0.318152,0.219113,-0.066476,0.168718,0.081847,-0.189707,-0.063512,0.059351,0.228334,-0.149796,0.018719,0.134076,-0.041728,0.112574,-0.149994,-0.027987,-0.480927,0.076091,-0.087280,0.001906,-0.397167,0.216699,-0.183574,-0.176885,0.022103,0.743902,0.464723,0.008180,0.138169,0.234275,0.103772,-0.057224,-0.014712,0.549475,-0.048490,0.150205,-0.024318,-0.474740,0.002600,0.495727,-0.215089,-0.014249,0.140605,-0.037697,0.051309,0.028655,-0.034444,0.270008,0.005232,-0.213291,0.257678,0.105829,0.645329,-0.102974,0.130698,-0.024361,0.345010,0.241443,-0.328583,0.259838,-0.198726,0.383269,0.284321,-0.122735,-0.418990,-0.098230,0.300368,-0.000832,0.166544,0.125860,-0.023276,-0.048239,-0.376280,0.377074,0.314020,0.028856,0.108605,-0.046112,0.068368,-0.479235,-0.250634,0.183091,-1.026784,-0.103773,0.290114,-0.113862,-0.611997,0.045072,0.020706,0.006697,-0.147388,0.431679,-0.496294,0.101964,-0.181803,0.105588,-0.022976,-0.020147,0.094109,-0.161560,0.298553,0.113328,-0.085453,0.019253,0.354346,0.412142,0.044182,-0.267135,-0.030040,-0.133383
-0.257179,0.057410,0.048178,-0.072460,0.078776,-0.359130,0.227607,-0.050985,-0.002821,0.256286,0.195311,-0.104535,-0.264055,0.188490,-0.094671,0.118267,-0.000312,0.396379,0.042962,0.072608,0.027215,-0.110557,0.516890,0.183155,0.175384,-0.022813,0.106506,0.023737,-0.165992,0.047537,-0.242874,0.095713,-0.331515,-0.064742,-0.451973,-0.051042,0.098623,-0.064421,-0.292490,-0.192201,-0.159311,0.207046,0.823557,0.086658,0.061859,-0.196005,0.077407,-0.002105,-0.033136,0.049501,0.246486,0.058081,-0.006664,0.042488,0.047899,-0.149856,0.008667,0.284290,-0.136272,-0.040887,-0.008742,-0.223654,0.235479,0.244359,-0.151188,0.184748,-0.020970,-0.174441,-0.278460,0.256416,-0.199685,0.118201,-0.230638,0.276284,0.108438,0.240238,0.085336,0.029374,0.062926,1.474367,-0.256674,-0.124708,-0.258979,0.629492,0.247561,0.214965,-0.127645,0.428016,-0.049642,0.056100,-0.129327,-0.047268,0.000731,0.028759,0.009387,0.076061,-0.316845,0.315346,-0.772117,-0.498363,0.255831,0.396949,-0.027313,-0.174690,0.138945,-0.409983,-0.096790,0.027667,0.159373,-0.015622,-0.397350,-0.316563,0.627110,-0.008042,-0.216792,0.091248,-0.168646,-0.166029,0.206370,-0.135080,0.049578,0.095652,-0.105349,0.041895,-0.049022,0.471884,-0.141101,0.251228
0.207774,-0.259094,0.080088,-0.078538,-0.185830,-0.043855,0.199410,0.121711,0.179892,0.339466,0.078892,-0.220596,0.018775,-0.138615,-0.012740,-0.208197,0.034782,0.127772,-0.079471,0.210168,-0.000738,0.225325,0.191881,0.032858,0.223985,0.114086,-0.092723,0.079846,0.192141,0.001213,-0.073996,0.223717,-0.203659,0.158475,0.017690,-0.161289,-0.273323,-0.016033,-0.056798,0.094184,0.010058,0.280828,0.346977,-0.057208,0.037803,-0.124562,-0.100933,0.081625,-0.112407,0.083870,-0.694578,0.013800,-0.036921,-0.048244,0.037172,0.304670,0.010943,-0.068777,0.020812,-0.118798,-0.013456,0.056718,-0.001334,0.155501,0.131716,-0.116172,0.050655,0.005305,0.117422,0.156969,0.338928,0.504485,0.177050,0.158206,0.014609,0.121308,0.320981,0.209815,0.050865,0.221295,-0.283604,-0.076090,0.028689,0.130271,0.134146,0.012677,-0.031911,0.044829,0.275318,0.043089,0.219414,0.049307,-0.066715,-0.018232,-0.189022,0.035635,-0.020977,0.125170,0.091403,0.131487,-0.124434,0.108498,0.143702,0.054281,0.025523,0.144688,-0.107500,-0.053617,-0.100421,0.105152,0.081518,-0.047737,0.081521,0.075367,0.101133,-0.254722,0.518263,0.101122,0.008976,0.002128,0.248269,0.534188,-0.054037,0.028227,-0.073150,0.084627,0.111321,0.116839
-0.170201,0.522106,0.450661,-0.120640,-0.142741,-0.043058,-0.439274,-0.033614,0.089191,0.404106,0.241968,0.063057,0.013796,0.175691,-0.158981,0.144001,0.575414,-0.035192,-0.101430,0.052752,-0.161525,-0.287358,-0.345162,-0.130835,0.357286,0.210251,0.311456,0.042862,-0.015471,-0.186449,0.004295,-1.043715,-0.104350,0.318888,0.297888,0.255922,-0.333522,0.090750,0.084915,-0.026589,-0.021702,-0.079457,0.133637,-0.308261,-0.467096,0.781100,0.813378,0.000581,0.017334,-0.727360,0.202830,-0.149426,0.452833,-0.070568,-0.688742,-0.020699,0.575760,-0.225869,0.352034,-0.056603,0.033050,-0.085789,0.189764,0.115018,0.074759,-0.219571,-0.116989,-0.053503,0.037570,0.184467,0.505259,0.231471,0.104384,0.342754,0.446077,0.218713,0.016885,-0.096109,0.127678,0.001472,-0.371975,0.075880,-0.200301,-0.296352,-0.651455,-0.043030,-0.051605,-0.091018,0.648523,-0.983508,0.334012,0.271487,-0.126760,-0.014164,0.091118,-0.035447,-0.041320,0.163872,0.046309,0.353153,0.025508,-0.196939,-0.045225,0.112511,0.034113,-0.034786,-0.198324,0.052345,-0.182316,-0.110590,0.209098,0.363394,-0.047455,-0.249411,-0.494799,-0.194796,-0.226767,0.079508,0.470209,0.036498,-0.482099,-0.104121,-0.092031,-0.242310,0.400686,0.048749,0.118928,-0.076437
-0.156917,0.047765,-0.016901,0.052723,0.186704,0.005945,0.172670,-0.071464,-0.114188,0.093560,0.179975,0.138505,0.109994,0.111179,-0.062796,0.034250,-0.074410,-0.027983,0.066304,-0.006483,0.006881,0.061777,0.114252,0.024389,-0.059015,-0.101482,0.083414,-0.117320,0.020545,0.108067,-0.164283,-0.040617,0.177556,0.191252,0.145064,0.050138,0.070656,0.033062,-0.315947,0.043394,-0.341063,-0.052333,-0.039548,-0.052250,0.060177,-0.084824,0.136436,0.139033,0.090628,-0.001576,-0.003937,0.026789,-0.005686,0.054450,-0.007600,0.032266,-0.081197,0.054426,0.075817,0.053358,-0.034624,0.030128,0.135907,-0.140902,0.051093,-0.183818,0.172358,0.136868,-0.035177,-0.048318,0.017834,0.005806,-0.279869,0.060578,0.100361,0.103097,-0.001684,0.058942,0.106270,-0.053452,-0.037458,0.123639,-0.089950,-0.059273,0.169300,0.022105,0.182530,-0.193718,0.077991,-0.015778,-0.044907,-0.118697,0.036858,0.000522,-0.029587,0.080407,0.101338,0.325915,-0.495545,-0.105478,0.061315,0.014523,-0.125521,0.135839,0.000450,-0.097042,-0.118562,0.039251,0.025152,0.175429,0.099266,-0.143415,-0.271233,-0.054081,-0.053484,0.050350,-0.313556,0.184831,-0.013081,0.283669,-0.182356,0.560046,-0.004685,0.067668,-0.023523,-0.136973,-0.252316,0.068868
-0.149459,-0.154241,0.022662,0.033056,0.249542,0.063418,0.390133,-0.100963,-0.786714,-0.090267,0.029538,-0.123013,-0.468922,0.163028,0.175970,0.201585,-0.043036,-0.320540,0.640076,0.120111,-0.033677,-0.004292,0.073942,-0.234452,0.002093,0.248987,0.472041,-0.159749,-0.243806,-0.137415,-0.087459,0.032454,0.110369,-0.068455,0.146956,0.723503,0.096678,0.038937,-0.268046,-0.341966,-0.313454,-0.040749,-0.333455,0.045482,-0.013328,-0.373543,-0.055516,-0.069666,0.060872,-0.058597,-0.027022,0.176710,0.017984,-0.022784,-0.051977,-0.113690,0.001598,0.130988,-0.033823,0.039779,-0.043169,0.103040,0.425731,0.527871,0.071556,0.031150,0.029757,0.529173,-0.255513,0.501927,-0.020499,-0.064924,-0.465834,0.167291,-0.063748,0.262787,-0.059869,0.447185,0.130458,-0.217709,-0.262838,0.030131,0.164853,-0.455039,-0.050290,-0.051403,0.306774,0.003251,0.137894,-0.072398,0.213653,-0.918527,0.026747,0.260647,-0.264719,0.557733,0.259989,0.352099,-0.059393,-0.013466,0.154324,-0.298742,-0.062752,0.091646,0.133936,-0.173524,-0.285353,0.109914,0.197328,0.042852,0.205815,-0.044141,0.229450,0.407096,-0.035198,0.031769,0.472073,0.196881,0.041902,0.135399,-0.311844,-0.316243,-0.194793,-0.003427,-0.000647,-0.258325,-0.145456,0.048004
-0.008800,0.117782,-0.053900,-0.094944,0.148125,-0.063819,0.132559,0.081222,-0.052124,0.186037,0.017094,-0.130837,0.303912,0.182985,-0.263703,-0.080458,-0.028121,-0.095249,-0.099474,-0.035947,0.028860,0.018167,0.209436,-0.271485,0.005677,-0.174478,0.273206,-0.289271,-0.869120,-0.071074,0.141003,-0.132940,0.059379,-0.039652,0.102484,-0.078129,0.068767,-0.001334,0.419922,0.040084,0.298291,-0.023870,0.006678,0.003101,0.048954,-0.161081,0.078228,0.149751,-0.125855,0.008204,0.044283,0.001512,-0.088443,0.021053,-0.005609,0.078016,-0.157473,0.061105,0.211901,0.027308,0.037609,-0.132688,0.006828,0.357416,-0.003573,0.125923,-0.229948,-0.053189,0.000852,0.013336,-0.130422,0.027484,0.028835,0.107220,-0.129828,0.133537,0.084511,0.290842,0.180348,-0.013823,0.252737,-0.136046,0.023991,-0.282701,-0.007012,-0.053170,-0.145667,0.174346,-0.050715,0.004117,-0.061224,-0.007421,0.055825,0.116393,0.029098,-0.205097,0.017800,0.184934,0.792959,-0.066036,0.083382,-0.264500,0.253567,0.189848,-0.055917,-0.010328,0.186877,-0.083788,0.125343,0.074094,-0.073652,0.000008,0.101186,0.089152,-0.246811,-0.029380,0.359944,0.202501,-0.154725,-0.050521,0.082457,-0.296423,0.063656,0.033460,-0.138790,-0.184615,0.199674,-0.126597
0.109364,0.013593,0.014703,0.178876,-0.008050,0.118439,0.080669,0.014916,0.115464,0.046175,0.057549,0.012019,0.097634,0.009753,0.116816,-0.161440,0.008067,-0.049455,-0.188966,-0.102113,-0.083475,0.048243,0.049258,-0.038836,-0.107726,0.212147,0.014107,0.252523,-0.255659,-0.334778,-0.413667,0.142714,0.203130,0.042446,0.101428,-0.086225,0.029605,-0.040004,0.085028,0.005033,0.244898,-0.042642,0.049199,-0.002188,0.021552,0.082902,0.072828,-0.067580,0.059446,0.015099,0.057124,-0.062184,0.076659,0.127619,-0.005354,-0.037803,0.031002,-0.040888,0.040636,0.111067,0.038708,0.142905,0.050208,0.007905,-0.117138,0.148136,-0.145963,-0.153232,0.053104,0.098079,0.072280,0.056665,-0.166783,0.061412,-0.007490,-0.003419,0.036145,0.023297,0.040414,-0.050194,0.107978,-0.047806,0.099822,0.025876,0.057132,0.099597,-0.446233,0.042129,0.052113,0.008410,-0.052844,0.194533,0.065348,0.420171,0.037238,0.104678,-0.066910,-0.176312,0.052529,0.035783,0.133449,-0.012394,0.158070,-0.045849,0.011777,0.004391,-0.006282,0.122525,-0.102674,0.071947,0.252952,-0.281127,0.112474,0.076736,-0.009769,0.023261,-0.036751,-0.011108,-0.102795,0.083036,-0.158017,-0.050021,-0.098398,0.011034,0.039911,0.051492,-0.064086,0.065464
0.167334,-0.016275,-0.072911,-0.041149,-0.019970,-0.086058,-0.075416,0.073266,0.296521,0.020360,-0.216675,0.140827,0.214463,0.122499,0.061980,0.070835,0.005283,0.070376,0.203761,-0.010497,-0.040807,0.013981,-0.103294,-0.117420,0.084004,-0.131531,-0.004381,0.019695,0.373869,-0.529388,0.439625,0.005084,0.013778,-0.036288,0.136957,0.054257,0.007744,-0.021273,0.011136,-0.457562,-0.112766,-0.023065,-0.039295,-0.120429,-0.050652,-0.086595,-0.215783,0.453804,0.085477,-0.021962,0.026392,-0.015817,-0.004465,-0.041128,-0.018320,0.001230,0.022866,0.129899,0.060464,-0.100734,0.043021,-0.130180,-0.074999,-0.006966,-0.037334,-0.113977,0.043252,-0.061197,0.076862,-0.088756,-0.087806,-0.149397,-0.013310,0.168439,0.082720,0.092824,-0.005902,0.102623,0.195189,0.101476,0.006992,-0.175833,-0.228530,-0.079779,0.119247,-0.089342,-0.631959,-0.165222,-0.100008,-0.025134,-0.214634,0.228330,0.302846,-0.648348,0.003250,0.208025,0.071214,0.069043,0.094197,-0.294756,0.147008,-0.203271,0.220200,-0.045386,0.050026,0.110682,-0.010952,0.111296,0.261497,0.033102,-0.155541,0.250829,-0.001058,0.154722,0.027803,0.013751,-0.071029,-0.141937,-0.044982,-0.112777,-0.110897,-0.092005,-0.043267,-0.081380,0.015912,-0.062286,-0.265780,-0.077629
-0.001255,0.189010,0.127845,0.032429,-0.025106,0.117852,-0.128740,-0.111468,-0.041235,-0.031488,0.074682,-0.023028,0.127460,0.153855,-0.097557,0.215007,-0.109565,-0.120065,-0.134482,0.323848,-0.031574,0.203463,0.216106,-0.127373,-0.135036,0.142828,-0.106029,-0.085090,-0.082371,-0.051900,-0.063477,0.203282,0.010719,0.092427,0.165051,0.099270,0.185506,0.726905,-0.023378,-0.000553,-0.130232,0.026886,0.047983,-0.070866,0.471948,0.060798,-0.050898,0.147091,-0.302373,-0.084044,-0.062005,0.144259,-0.237761,-1.784097,-0.020257,-0.010967,-0.160335,-0.180740,0.119204,0.074849,-0.014247,-0.031834,0.144848,-0.081740,1.496313,0.151050,-0.019315,-0.003681,-0.029322,0.088946,-0.036849,0.018932,-0.031260,-0.607409,0.032344,-0.270865,0.030800,0.170677,-0.175666,-0.087720,0.051456,-0.093143,0.071922,0.039770,0.123968,0.184048,0.099660,-0.002489,0.005642,-0.071964,-0.265090,0.400143,0.153116,0.066031,0.197417,0.128060,-0.547507,-0.041988,-0.138054,0.067211,0.467567,0.017004,-0.056949,0.047975,0.262445,0.449410,0.131083,0.047731,-0.023160,0.308203,0.000984,0.116689,0.086787,0.468229,-0.392224,0.095888,-0.193696,0.136593,0.313094,0.043559,-0.042865,-0.182559,-0.014227,0.262899,-0.251592,0.187862,-0.174363,0.226062
0.076800,0.108828,0.132754,-0.101721,0.013498,-0.053178,-0.088986,0.181755,0.186750,-0.173768,0.198581,0.210877,0.009621,-0.226065,-0.325764,0.023399,0.085363,-0.241517,0.316699,0.250730,0.042985,0.078999,0.315103,0.197162,0.159087,0.143925,0.229090,-0.014951,-0.106594,-0.000927,0.174288,-0.331788,0.352973,-0.104787,-0.035824,0.117284,-0.296229,0.108996,0.026938,0.006790,-0.083803,-0.035898,0.065844,0.239946,0.095300,0.183476,0.247643,-0.476900,-0.016010,-0.080333,-0.050072,-0.153243,-0.035525,-0.098442,-0.078808,0.171863,0.041492,-0.343661,-0.092228,-0.127879,-0.115816,-0.321636,-0.094822,0.141123,0.130648,-0.230290,-0.120434,0.093991,0.258900,-0.068777,0.048102,0.040234,-0.122052,0.101537,-0.427415,0.046049,0.065779,-0.160324,0.021619,0.272068,0.023155,-0.015137,-0.034798,0.089464,-0.055374,0.195450,-0.228213,-0.128246,-0.143925,-0.097798,0.090219,0.013162,0.103687,-0.118253,-0.028155,-0.101846,-0.077734,0.089236,0.071910,0.018243,0.050585,-0.044040,0.123527,0.014593,-0.201109,0.137636,0.061101,-0.105312,-0.210310,-0.017473,-0.221608,0.440558,0.127550,-0.177310,-0.260611,-0.178160,0.138011,0.058476,-0.043194,0.149929,-0.635690,0.196089,-0.017618,0.058502,-0.022385,0.050200,-0.156752,-0.009398
-0.122651,-0.028518,0.061674,0.010618,0.060560,-0.027693,-0.012990,0.078959,0.007042,-0.015331,-0.089522,0.033544,-0.090853,0.362493,0.037213,-0.018674,0.074958,-0.009094,-0.117854,-0.043910,-0.016134,0.018355,-0.016686,0.062498,0.000924,-0.005380,-0.019122,0.309854,-0.295605,0.012535,-0.016619,-0.067328,-0.028236,-0.005303,0.011306,0.027074,-0.073185,0.021882,0.054958,0.121396,0.066042,-0.059991,-0.086833,-0.119460,0.134948,-0.187482,0.013226,-0.005622,-0.073867,0.008152,0.182759,-0.063187,0.028062,0.137937,0.005043,0.034724,-0.001237,0.002715,0.048209,0.531322,0.047659,-0.052370,-0.112082,-0.096819,0.094073,-0.168864,0.065178,0.081519,0.077836,-0.157932,-0.049942,-0.097025,-0.002554,0.002515,0.186009,-0.045956,0.038839,-0.063637,-0.174893,0.037006,-0.000903,0.044176,-1.274637,-0.054940,0.102231,-0.030716,-0.056694,-0.027822,-0.036387,0.010453,0.029940,0.082071,0.047808,0.069154,-0.021228,-0.054156,0.018471,0.040379,-0.071648,0.022600,0.196643,-0.033045,0.035886,0.162006,0.090743,0.121134,0.174307,-0.122956,-0.118313,-0.050408,-0.159419,-0.013390,-0.027038,0.093583,-0.004061,-0.025572,-0.024735,0.065677,-0.005681,0.112520,0.050740,-0.088969,0.041432,0.060612,0.003074,-0.010620,-0.117141,-0.136413
0.183497,-0.006992,-0.123338,0.118139,0.050638,0.276808,0.114668,-0.160155,0.356888,-0.051293,0.389733,-0.108731,0.102554,0.108492,0.288704,-0.019878,0.057429,0.187965,-0.025539,0.128193,-0.024506,0.003773,-0.005451,0.279930,0.023972,-0.041015,0.096937,0.096072,0.012174,0.299926,0.279612,0.163299,0.079265,-0.167393,0.201432,-0.008517,-0.086277,-0.056855,0.020777,-0.092332,0.619351,0.038324,-0.008614,0.023839,0.110364,0.218766,-0.043157,0.116087,0.050874,0.057328,0.056110,0.070206,0.033814,0.089798,0.046133,0.031053,0.022612,-0.029928,0.224493,-0.067812,0.015598,-0.366960,0.061584,-0.063697,-0.084583,0.021246,0.090383,-0.103715,-0.216162,0.168894,-0.020214,-0.056070,-0.058221,0.075549,0.063828,0.048177,0.195478,0.033250,-0.040096,-0.257226,0.122784,0.326031,-0.049260,-0.011116,0.022739,0.161453,0.199001,0.191634,0.168767,0.057056,-0.016239,0.336274,0.119405,0.275320,0.005701,0.132488,0.036853,-0.350993,0.019851,-0.117858,0.002934,0.048396,0.382126,-1.752968,0.120630,0.146168,-0.062247,-0.131706,-0.031295,0.123447,-0.358486,0.052681,0.081916,-0.085474,-0.003572,0.238475,0.014898,0.098185,-0.248166,0.326903,0.111864,-0.070886,0.124162,0.117032,0.065451,-0.088947,0.227372,-0.050516
0.050598,0.822913,-0.105259,-0.059416,-0.208750,-0.726409,0.160812,0.052755,0.192280,0.108864,0.019934,0.433165,-0.181590,0.167449,0.584367,0.055138,-0.047394,0.184997,-0.402479,0.175063,0.202337,0.078980,-0.152838,0.341135,0.408126,0.480662,-0.112890,0.123790,0.316250,0.161108,-0.368720,-0.494274,0.116684,0.127981,-0.195406,0.584009,0.079261,0.167933,-0.045313,-0.069017,0.222342,0.368850,-0.208112,0.131118,0.161231,0.065159,0.288986,0.298892,0.076240,0.125168,0.233518,0.276324,-0.252073,-0.114651,0.065196,-0.123831,-0.281988,-0.115010,-0.308385,0.011943,-0.052580,0.164842,0.327444,0.084877,0.279741,0.241793,-0.009179,-0.074271,0.179612,0.422392,-0.284548,-0.288253,-0.265295,-0.249124,-0.031106,0.223848,0.226926,-0.121960,-0.068530,-0.005760,0.201554,-0.043778,-0.217947,0.036071,-0.134759,-0.059673,-0.267704,0.114894,0.921462,0.087248,0.375497,-0.106411,0.065337,-0.126127,0.409228,0.028871,0.203795,0.269381,0.014098,0.047171,-0.205556,0.052474,0.050089,0.175291,-0.126324,0.457119,-0.069568,-0.092800,0.029051,-0.018716,-0.128345,-0.065956,-0.096404,0.428680,0.606973,-0.179473,0.262807,0.313477,-0.388531,-0.083162,0.165437,0.298581,-0.056029,0.122542,-0.210127,-0.010646,0.290937,-0.485212
0.116018,0.014837,-0.120580,0.111742,0.010801,-0.071089,0.053722,0.421528,-0.383609,-0.015421,0.241035,0.245810,0.136088,-0.030812,0.088786,0.041326,0.013727,-0.020593,-0.192898,-0.033371,-0.007896,0.058329,-0.194292,0.049369,-0.084181,-1.031354,0.104547,0.281335,-0.152144,-0.482841,0.351770,-0.014926,0.104307,0.052510,-0.082544,0.123498,-0.116977,0.015219,-0.032759,-0.053909,-0.899305,0.039290,0.139230,-0.024470,0.058214,0.017073,-0.090221,-0.013621,-0.152799,0.012022,0.052164,0.019757,0.067989,0.068197,0.010500,0.078129,0.114416,0.312948,-0.035748,0.036681,0.009892,-0.036507,0.072062,-0.006886,0.013871,0.051905,0.589078,0.087213,0.036505,-0.171915,-0.015604,0.083978,0.103653,0.098688,-0.055789,-0.031121,-0.220705,-0.106153,0.016463,0.058581,0.059710,-0.561061,-0.006729,0.144005,-0.044814,-0.191751,0.155906,0.188967,-0.090837,0.017358,0.001103,-0.423892,0.013168,0.260066,-0.098271,0.013219,0.050984,-0.243315,0.000000,0.149456,0.113609,0.044410,-0.106788,-0.061353,0.030569,0.004018,0.095843,-0.015444,-0.103371,-0.037131,0.612205,0.252621,0.137370,-0.059837,-0.145157,0.146818,0.040750,0.608847,-0.013498,-0.061808,-0.012365,0.012822,0.007372,0.070868,0.038813,-0.099412,1.243403,0.009070
0.508914,-0.057670,-0.021448,-0.007655,-0.320269,-0.044538,0.182992,-0.097687,-0.515814,0.499666,0.188012,0.109050,0.091188,0.062004,-0.213489,0.212679,0.083899,0.310578,-0.367499,0.135169,-0.125158,0.174565,0.095958,-0.044370,-0.168377,-0.115063,-0.178019,-0.039931,-0.014118,0.041917,0.091037,0.151516,0.383216,-0.405699,-0.138953,-0.007170,0.338566,-0.078828,0.116379,0.224337,0.197325,-0.510157,-0.237478,-0.084906,0.141478,0.274899,-0.009509,-0.067802,-0.239230,-0.032087,0.125227,-0.192445,0.051368,0.172412,-0.033093,0.076151,0.030103,-0.114881,0.372792,0.157970,0.039958,0.272042,-0.161922,-0.061866,-0.181207,0.193982,0.083131,-0.091482,0.049675,-0.302712,0.043132,-0.149586,0.705882,-0.001858,0.351406,0.177490,0.118947,0.076704,-0.172817,-0.021572,-0.150569,-0.039527,0.333315,-0.097461,-0.196861,0.389547,-0.509058,0.392592,0.255497,-0.035056,-0.159826,-0.867015,-0.044766,0.164035,0.094987,0.193532,0.255187,-0.137995,-0.088801,-0.063946,0.346211,-0.108372,0.127725,0.238186,0.099554,0.304101,0.002947,0.445032,0.208523,0.339348,-1.064551,0.527108,-0.077066,0.032184,0.055681,-0.180265,-0.193776,0.059268,-0.274933,0.097777,-0.031085,-0.173204,-0.645993,0.107170,0.029493,-0.026448,0.240971,-0.081477
0.068299,-0.046698,-0.090932,-0.055108,-0.135250,0.027941,-0.041076,0.059177,-0.110296,0.062776,0.218875,0.037970,-0.029624,-0.017594,0.106795,0.032001,0.043107,0.211598,0.006878,0.029868,-0.016173,0.065894,-0.010100,0.157397,-0.030269,-0.051075,0.084528,0.181719,-0.290989,-0.445100,0.320406,0.155642,-0.035816,0.052782,0.020934,0.108929,-0.128540,-0.013248,0.124632,-0.074655,-0.156886,0.030925,0.030235,-0.047591,0.047071,-0.098732,-0.049752,0.059549,-0.070831,0.033241,-0.008632,-0.035815,0.030136,0.033796,0.025298,0.019690,0.040627,-0.028505,-0.068431,-0.344743,0.037393,0.124560,0.021607,0.004666,-0.001652,-0.254875,0.109597,0.090450,0.022675,-0.002869,0.056293,0.019512,0.299147,-0.006070,0.040168,-0.020982,-0.012256,-0.014003,-0.101212,-0.012290,0.144142,0.081943,-0.122693,0.028066,-0.057910,-0.130372,0.010357,0.219276,0.117263,0.033068,0.032079,-0.141647,-0.009747,0.194862,-0.070001,-0.029996,0.068078,-0.217026,-0.068168,0.057156,0.061993,0.030941,0.676215,0.498811,0.135415,-0.087297,-0.224244,0.005677,-0.108085,0.109611,0.064046,0.136165,0.023405,-0.013236,0.091726,0.055024,0.066657,-0.276131,-0.032881,0.032495,0.235589,0.080781,0.005059,0.034506,0.087919,0.009476,-1.055235,-0.071330
-0.681191,-0.009201,-0.218450,0.282959,0.137598,0.054952,-0.138032,-0.350370,0.136783,-0.181043,0.292020,0.046319,0.520611,-0.270123,-0.045351,0.163673,-0.014864,-0.508355,-0.097035,-0.085922,0.049296,0.087993,-0.185032,0.244234,0.150271,0.146824,0.050975,-0.153519,-0.104775,0.265408,0.200412,-0.120313,0.174924,-0.047427,0.005206,0.025098,-0.330562,-0.009723,-0.162494,-0.247036,0.151173,0.214263,0.195043,0.081850,-0.126998,0.340089,-0.086004,0.166161,-0.089001,0.034626,-0.083697,-0.029562,-0.022129,0.055293,0.061387,-0.097978,-0.034811,0.150609,0.285578,0.336235,-0.009026,0.345764,-0.017274,0.073024,-0.087807,-0.507725,0.101087,-0.659391,0.145722,0.062136,-0.283818,-0.009233,0.009593,0.079825,-0.042809,0.087136,0.190207,-0.271145,-0.040261,0.027156,-0.260504,0.181823,0.109100,0.129820,-0.014529,0.289501,0.166113,0.042693,0.311813,0.077555,0.021487,-0.091503,-0.127583,0.391119,-0.122207,0.132506,0.002649,-0.500106,-0.038349,-0.380342,0.487757,0.355951,-0.311453,-0.009087,0.370410,-0.020962,0.082087,-0.048904,0.263866,0.161988,0.007404,0.004680,0.703483,-0.116495,-0.488929,-0.158362,-0.056497,0.007643,-0.259807,0.181721,-0.110681,-0.061138,-0.058668,-0.066851,-0.059708,0.095997,-0.027477,-0.104880
-0.079333,-0.025363,0.142640,-0.433399,0.122458,0.031742,0.028956,0.275709,0.049955,-0.049317,0.081555,0.089192,0.110590,-0.040709,0.010665,-0.087826,0.033772,0.007584,0.008176,0.167877,-0.012164,-0.020896,0.120657,0.072040,-0.021607,0.037915,0.133841,0.091051,0.111623,-0.234879,0.007237,0.126280,0.111941,0.058943,0.005019,-0.045660,0.067959,-0.042562,0.091942,-0.011304,-0.067517,-0.016922,0.074487,-0.028485,0.083107,0.264094,0.202539,-0.030886,0.068170,0.008547,0.059565,0.005020,0.082453,0.059818,0.008187,-0.006496,0.044177,0.099678,0.312433,0.271608,0.006047,-1.081496,0.108194,-0.007034,-0.074314,0.127241,0.375594,-0.004514,-0.122649,-0.060973,0.001989,0.070200,-0.002723,-0.029989,-0.002190,0.008179,0.089060,0.009563,-0.092095,-0.045134,-0.079050,-0.167992,0.029416,0.015843,0.056098,-0.083105,-0.197126,-0.053169,-0.085882,0.014479,0.001109,0.000113,0.052267,0.329809,0.010785,-0.006913,0.024971,0.128659,0.088908,0.034676,0.080319,-0.075616,-0.461666,0.198739,0.039684,0.045644,-0.000182,0.072707,0.047335,0.018721,0.079221,0.116836,0.140834,0.070767,-0.122078,-0.009677,0.005198,0.005428,-0.112608,0.036109,0.146148,-0.092453,-0.004936,0.045801,0.065147,0.159071,0.309308,-0.045789
-0.044707,0.264958,-0.339525,-0.048282,-0.400282,0.126145,-0.954863,-0.161157,0.035729,0.069783,0.198915,1.247822,-0.094030,-0.223318,-0.631264,0.216973,-0.073829,0.154106,-0.011593,-0.375699,0.107065,-0.287343,-0.083706,0.211127,-0.238857,0.052645,0.268571,0.251237,-0.174580,0.059671,0.097763,-0.040753,0.112312,-0.078757,0.012750,0.083940,-0.133587,-0.050653,0.051345,0.023994,0.294542,-0.083426,0.003358,-0.245381,-0.127387,-0.050540,-0.249415,-0.025247,0.014827,0.081183,-0.676774,0.302754,-0.076373,-0.173692,0.058599,0.261900,-0.075095,-0.200266,0.099923,0.123059,0.073861,-0.071929,-0.124627,0.353287,-0.019814,0.124503,-0.087086,-0.129851,0.129353,0.315888,0.083914,0.211416,-0.013482,0.024594,-0.005447,-0.139920,0.107796,0.063924,0.113692,-0.004574,-0.514845,0.263923,0.350935,-0.014299,0.278877,-0.012373,0.116969,0.104184,-0.369019,0.072312,0.139280,-0.202472,0.016365,0.030482,-0.068865,0.006428,0.150199,0.028161,0.021243,-0.076952,-0.214154,0.173904,-0.244483,-0.008958,-0.182102,0.218082,0.186662,-0.055561,0.086196,0.174790,0.216193,0.022826,-0.121009,0.021507,0.262663,0.100607,-0.119371,-0.069986,-0.302508,-0.121166,0.246426,0.457125,-0.024869,-0.079217,-0.052863,-0.121560,0.134836,-0.414209
0.211151,-0.103036,-0.110411,0.072972,0.062619,-0.333495,-0.028144,0.222370,0.191981,-0.197207,-0.166832,-0.016571,0.142910,0.073805,0.125004,-0.111193,0.067327,-0.080099,0.338314,0.266629,0.017335,-0.119120,0.047529,0.151979,0.278196,-0.002996,-1.011100,-0.839040,0.470523,-0.018887,0.235822,-0.079959,-0.079417,0.523014,0.106030,0.086735,-0.369563,0.014808,0.073059,-0.158370,0.031276,0.061888,-0.227466,-0.600139,-0.029294,-0.113567,0.191898,0.394500,0.166803,0.040735,-0.087875,0.094729,-0.095024,-0.031771,0.036303,-0.005988,-0.043525,0.202638,0.026320,0.071959,-0.021785,0.092969,-0.083589,0.030782,0.075549,0.128701,0.158770,-0.058404,0.059265,0.244698,-0.013229,-0.029549,-0.191388,0.102727,0.358749,0.151414,0.016057,-0.225273,-0.247957,0.183346,-0.356989,-0.028283,0.108388,0.215699,-0.071540,-0.103217,-0.106452,-0.104147,0.111140,0.043465,-0.116023,0.227119,0.293204,0.422433,0.134882,0.139885,-0.087644,0.046787,-0.027015,0.192339,0.311229,-0.095951,0.166337,-0.184158,0.260706,-0.069424,-0.291545,0.067860,0.522272,0.162442,0.283278,0.401138,-0.041533,0.067565,0.117479,0.084305,0.061711,-0.203408,-0.243913,-0.140479,-0.330561,0.084112,0.036002,0.090044,0.011906,0.111351,-0.162124,-0.207807
-0.109295,0.092005,0.081619,0.188527,0.060442,-0.081921,0.309886,-2.014069,-0.009436,-0.011551,0.128488,0.093112,-0.044914,0.014353,-0.104769,-0.012848,0.016923,-0.103542,-0.233462,0.267605,-0.021176,-0.002112,-0.043511,-0.034000,-0.004327,-0.031866,0.112030,0.175767,0.209011,-0.109988,0.140485,0.111015,0.360724,0.029586,-0.065959,-0.032750,0.050581,-0.039953,0.086140,-0.119213,-0.059187,0.097349,0.134395,-0.056613,0.165231,0.167134,0.133434,0.139682,-0.023048,-0.001825,0.185467,0.051752,0.053291,0.160624,-0.006698,0.117468,0.125286,0.135805,0.115947,0.052510,-0.024944,0.083314,0.024961,0.057559,-0.063677,0.275783,0.016585,0.160022,0.025977,-0.133755,0.067057,0.042802,0.097477,0.045728,-0.142895,-0.026393,-0.047670,-0.075191,-0.025529,0.045799,0.117888,0.829831,0.069113,0.047133,0.003401,-0.142485,0.115157,0.090217,0.033008,-0.005085,0.004404,0.085525,-0.015746,0.272529,-0.082766,-0.037346,0.040149,0.472419,0.081305,0.070221,-0.137080,-0.040353,0.605353,0.146357,-0.188114,0.088390,0.020751,-0.025237,-0.020225,0.057750,0.308351,0.276627,-0.059564,-0.028930,-0.228774,0.068068,-0.044670,0.533025,-0.057621,0.040138,0.106299,-0.058825,0.193084,0.080546,0.079634,-0.034825,-0.504595,-0.105006
0.032481,-0.244797,0.164763,0.072169,-0.076591,0.175603,0.270029,0.123578,-0.011151,-0.417233,0.153013,-0.435475,-0.028299,0.414932,-0.318188,0.243768,-0.013680,-0.253069,0.179428,0.168199,-0.047491,0.015071,-0.017667,-0.015274,0.089141,0.189373,0.087428,-0.118230,0.004936,0.034769,0.014198,0.017177,-0.057934,0.055155,0.282792,-0.026647,-0.052633,-0.151921,-0.047252,0.228582,0.248743,0.120627,0.127461,0.238315,-0.072604,-0.142484,0.015577,0.081718,-0.040004,-0.068096,0.022661,0.050897,-0.151496,0.095843,-0.065867,0.010119,-0.128291,0.008975,0.057919,0.146396,0.011776,-0.042054,-0.142133,-0.225260,-0.303449,-0.041160,-0.081754,0.123773,0.045177,0.002702,-0.109451,0.011549,-0.264593,0.041656,0.175774,-0.057545,0.142732,-0.026518,0.019228,-0.193294,0.224881,-0.180195,-0.017256,0.233163,-0.011453,0.069743,-0.031771,-0.243550,-0.133069,-0.065654,-0.092781,-0.142956,0.073630,0.090968,-0.267536,0.102013,-0.131870,0.091675,-0.153140,-0.034518,-0.169880,0.042809,0.097421,-0.058516,-0.118617,-0.181725,0.145672,0.045081,0.044388,-0.072322,-0.040185,0.026163,-0.016736,-0.370545,-0.060220,0.099029,0.172613,0.090249,-0.023755,0.034575,0.111022,-0.115059,-0.189596,-0.018586,0.024166,-0.072713,-0.186871,0.169533
0.127884,-0.036054,-0.082380,0.140610,0.070302,0.007817,0.106595,0.154538,0.184714,0.042375,0.144661,0.032222,-0.058568,0.019169,-0.021275,0.119085,0.045044,0.027775,-0.103129,0.132750,-0.023831,0.044475,-0.062650,0.210747,-0.044503,-0.145576,0.067642,-0.246494,0.296453,-0.145087,0.153188,0.084437,-0.158874,-0.089011,0.072706,0.085715,-0.047640,-0.021755,0.053733,-0.048352,0.314549,-0.032167,0.037257,0.069741,0.049692,0.099295,-0.114092,0.146808,0.005005,0.016472,0.017455,-0.024627,0.046371,0.057803,0.015266,0.010232,0.028776,-0.109358,-0.172492,0.454662,0.022901,0.169655,-0.025582,0.065000,-0.047425,-0.207264,-0.818009,0.012612,0.026836,-0.144254,0.024424,-0.018337,-0.034106,0.073273,0.043221,-0.048138,0.150335,-0.101579,-0.020283,-0.013910,0.085491,-0.091681,-0.162339,-0.020708,0.004487,0.018209,-0.052934,-0.146689,0.016047,0.022362,-0.031336,0.201200,0.178331,0.093971,-0.008716,-0.055961,0.054826,-0.118969,0.059379,-0.073604,0.026809,-0.006284,0.184485,0.117523,0.082892,0.071020,-0.168958,0.008353,-0.042219,0.105812,0.041880,-0.036777,-0.041194,-0.041586,0.178955,0.127693,0.021726,0.196340,-0.102559,0.115541,-0.004629,0.049753,0.045374,0.011365,0.044839,-0.201917,0.146737,0.066267
-0.068136,0.038611,0.062957,0.014992,0.065301,-0.043730,0.078235,-0.057230,-0.084569,-0.042426,0.199176,0.017073,0.024131,0.007099,0.002892,0.026291,0.072493,0.020246,-0.090563,0.212326,0.006075,-0.000213,0.040184,-0.053992,0.024108,-0.192993,0.123949,0.129044,-0.000366,0.107601,-0.112019,-0.000252,0.099834,-0.007295,-0.026546,0.030633,-0.062241,0.010965,-0.012103,0.174585,-0.046612,0.090590,0.130048,-0.011320,0.103765,0.029369,0.251944,-0.099031,-0.124721,0.009649,-0.002945,0.063693,0.063901,0.115860,0.006861,0.105380,0.073184,0.195033,0.268489,-0.264367,0.007723,0.544023,0.027552,-0.067024,0.024032,0.145821,-0.127383,0.142314,0.001832,-0.180955,-0.082409,0.150664,0.041484,0.020523,-0.105700,-0.019850,-0.075495,-0.048913,-0.082483,-0.009773,-0.115886,0.356162,0.127081,-0.054134,-0.114259,-0.189546,0.290130,0.164765,-0.029133,0.008120,0.057594,-0.142929,0.020539,0.382379,-0.080170,-0.076019,-0.006556,0.097709,-0.042793,0.110261,0.062423,-0.010006,0.347135,0.271530,0.028112,0.052178,-0.157498,-0.101872,0.037035,-0.070603,0.230070,0.238589,0.156706,-0.025212,-0.266218,0.102996,0.033059,0.179251,-0.095234,-0.028851,0.259400,-0.007456,0.039725,0.113191,0.012992,0.006622,-0.491806,-0.039844
-0.008013,0.436107,0.632097,-0.041984,-0.058455,0.007746,0.558678,-0.117975,-0.101772,-0.009880,-0.328657,-0.466643,0.236991,-0.176076,0.361812,0.012348,-0.000774,-0.151529,-0.292600,0.012683,-0.231507,0.055447,-0.312481,-0.024335,-0.151290,-0.086895,-0.651921,0.278262,-0.062070,-0.104219,0.090816,-0.453224,-0.006480,-0.138627,0.432345,0.090618,-0.153600,0.001438,-0.014935,0.388851,0.163047,-0.039789,0.213181,0.236457,-0.321759,-0.070671,0.477779,-0.162010,0.185681,0.924704,-0.176151,-0.249073,-0.317635,-0.397376,0.793568,0.143665,-0.244321,-0.357366,-0.034024,-0.056847,0.331974,-0.025196,-0.480383,-0.029917,0.058378,-0.181304,-0.025849,-0.146611,-0.152229,0.155991,-0.108396,-0.124806,0.304874,0.698060,-0.173845,0.367178,0.430787,0.180637,0.058309,-0.264999,0.046505,0.025254,-0.132070,-0.447857,0.270859,0.137508,0.063699,-0.200758,-0.083069,1.192150,-0.183687,-0.026332,0.060830,-0.222142,-0.057399,0.163527,0.039005,0.302638,-0.100488,0.183583,-0.294269,0.033468,-0.031570,0.088177,-0.351835,-0.160791,0.053406,-0.077246,-0.245341,0.093199,0.398906,0.199318,0.207686,0.059478,-1.040497,0.302692,0.117577,0.023010,0.333453,-0.008414,0.213684,-0.028184,-0.051164,-0.247316,-0.113158,0.261479,0.136385,-0.213553
-0.033597,-0.164317,0.444231,-0.126581,0.603418,0.261588,-0.679399,0.310060,0.014244,-0.407028,0.106625,0.636213,-0.223766,-0.323502,0.391268,-0.266083,-0.630819,-0.122093,-0.020163,0.277727,-0.138349,-0.223361,-0.119847,-0.067315,0.362048,-0.204618,0.040587,-0.369094,0.283031,-0.164938,-0.165868,0.236022,0.074407,-0.375239,0.358185,0.107642,-0.091193,-0.007757,-0.273210,-0.118134,0.092596,0.494707,0.058966,-0.133803,-0.161196,0.108697,0.281046,-0.149968,-0.322491,-0.038328,0.199207,0.443049,-0.745586,0.213476,-0.033572,0.178615,-0.841088,0.177140,0.183240,0.119127,0.043629,-0.101370,-0.050017,-0.110242,-0.328823,-0.045946,-0.117686,-0.262082,-0.001753,0.120827,0.057220,-0.005522,0.135156,0.184578,-0.282745,-0.098741,-0.010183,0.221790,0.272990,-0.037630,-0.091957,-0.102386,0.220767,0.037780,-0.083593,-0.042377,-0.094140,-0.227161,0.167185,-0.038673,0.027869,-0.202291,0.114428,-0.139513,-0.572794,-0.135212,-0.039234,0.103182,0.083063,0.089610,-0.132965,-0.099754,0.234209,-0.061646,-0.105168,0.225924,-0.129805,-0.024899,0.352361,-0.266902,-0.173800,-0.011005,-0.225821,-0.541534,-0.078672,0.308308,0.141410,-0.049967,0.693131,0.194010,0.672565,0.022501,0.490990,-0.045241,-0.647308,-0.064993,-0.054411,0.091780
0.110162,-0.018306,-0.061451,-2.625892,0.262059,0.112214,0.168043,-0.429936,0.125600,-0.020381,0.236017,-0.202781,0.018917,0.067571,-0.041612,-0.019341,0.122668,-0.098108,0.025594,0.053128,0.010296,0.095686,-0.010925,0.170980,-0.075313,0.088111,0.057396,0.122561,0.128534,-0.121321,0.186421,0.123539,-0.033551,-0.213640,0.171072,-0.004148,0.038562,-0.037751,0.098971,0.012240,0.125938,-0.081535,-0.030496,-0.034849,0.121385,0.119526,-0.107957,-0.040309,-0.110108,0.015464,-0.009483,-0.046861,0.093626,0.119478,0.014683,0.097679,0.075504,0.086027,-1.635921,0.410155,0.028134,0.198854,0.029984,-0.062201,-0.094389,0.151922,0.202043,0.226883,-0.092311,-0.090646,-0.173891,-0.033825,-0.138777,0.038446,0.084337,-0.041203,0.239971,-0.146116,-0.087392,-0.116913,-0.033082,0.332488,-0.429779,-0.017733,-0.082525,-0.148250,-0.085610,0.001902,0.041646,0.023216,-0.006533,0.244091,0.071724,0.106920,-0.022749,-0.020214,0.011329,-0.120562,-0.111328,0.113789,0.215569,-0.033301,0.260175,0.254091,0.160288,0.011723,-0.183019,-0.124511,0.022974,-0.158341,-0.032113,0.061021,0.075962,-0.038165,0.059893,0.139639,-0.043313,0.032997,-0.069782,0.280146,0.120504,-0.052629,0.158408,0.080336,0.030697,-0.174268,-0.130513,0.008764
0.124177,0.303334,-0.223166,-0.061719,0.231269,-0.054560,0.186190,0.681778,-0.085247,0.073036,-0.000117,0.340540,-0.167729,0.107290,0.025821,0.018046,0.020840,-0.194087,0.460836,-0.310570,-0.034997,0.129798,0.509668,0.153507,0.005764,0.075952,0.001442,-0.378219,0.277916,-0.046134,0.071067,-0.321977,-0.556923,0.110916,-0.013561,-0.171163,-0.065732,0.057099,0.032815,-0.023207,0.161813,0.123047,0.029414,-0.002740,-0.020827,-0.037917,-0.180366,0.127115,0.256121,0.110491,0.020985,-0.066676,0.063064,0.068360,0.108088,-0.130947,0.101475,-0.190679,-0.106637,0.025510,-0.123779,0.131577,-0.121075,0.204892,0.114436,0.196394,-0.021257,-0.199736,0.388306,0.167380,0.058856,0.085647,0.068046,0.154102,-0.288903,-0.048756,-0.906045,0.266532,0.123206,0.531338,0.558196,-0.324717,-0.099360,-0.228982,0.324266,0.115884,-0.116692,-0.016713,-0.002280,0.140275,0.113309,-0.066758,0.009302,0.157684,-0.140017,-0.204859,0.113038,0.735385,0.109181,0.471461,0.369876,-0.080528,0.612263,-0.325727,0.452247,0.408703,0.203423,0.122825,0.318018,-0.086780,0.620519,0.163869,-0.306137,-0.087885,-0.455593,0.263467,0.151635,-0.166323,-0.194664,0.417065,0.158211,0.180378,0.035488,0.006324,0.194040,-0.053831,0.026578,-0.211116
0.271826,-0.207901,0.018508,0.055193,0.167293,-0.010260,0.083742,0.108726,-0.011380,-0.078410,-0.142471,-0.107955,-0.143212,-0.105978,-0.066326,0.286325,0.307845,0.024910,-0.086110,-0.011261,0.073400,0.012609,0.410549,0.344490,0.081996,0.019329,-0.352218,-0.253917,0.079007,0.011343,0.149480,0.310381,0.159023,-0.050848,0.039851,-0.279388,-0.082931,0.028281,0.190757,-0.255581,0.016210,0.167765,0.018662,0.210521,-0.104433,0.247967,0.209334,0.178140,-0.073466,0.057622,-0.007211,0.000899,0.168262,-0.159486,0.036490,0.034870,0.020314,-0.262360,0.275048,0.005368,0.090342,-0.029190,0.021016,0.016775,0.122130,-0.004224,-0.004302,0.243864,0.046922,0.331140,0.165211,0.085971,0.647544,0.148437,-0.147524,-0.069439,-0.664082,0.174315,-0.283518,-0.001723,-0.109363,0.249883,0.027957,-0.020014,0.093142,0.215942,0.090524,-0.157030,0.092292,0.042710,0.021867,0.097301,-0.210151,0.048907,-0.175295,-0.257195,-0.015900,0.256744,-0.160563,0.068544,0.180806,0.251909,0.126866,0.143126,0.120401,0.003890,0.190837,-0.005810,0.259056,-0.089236,0.069658,-0.034904,0.139866,-0.018372,0.329030,-0.074875,-0.046970,-0.028719,-0.184643,-0.144713,-0.111478,0.075851,-0.010813,-0.065981,-0.338107,0.185341,0.075937,-0.136169
-0.029631,-0.000971,-0.050143,-0.041990,0.072242,0.041599,0.162244,0.185814,0.080702,0.049116,0.276350,-0.040370,-0.000611,0.031222,0.069672,-0.019676,0.053580,-0.057788,-0.112656,0.192809,-0.028179,-0.025095,-0.041213,0.117405,0.011257,0.054728,0.090202,0.006262,0.267627,-0.036588,0.084192,0.087556,0.102236,-0.056978,0.058477,0.042906,0.044555,0.001457,0.023160,0.069779,-0.031192,0.006310,0.059563,-0.089748,0.126166,0.103192,0.001013,0.180094,-0.006923,0.006998,0.033406,-0.025251,0.071981,0.081094,0.005522,0.070562,0.070502,0.145657,-0.037326,0.224011,0.013667,0.319512,0.014347,-0.047153,-0.035242,-0.000519,0.314302,0.009516,-0.024449,0.005571,-0.043463,-0.006794,0.083490,0.066856,-0.088426,-0.018562,0.037120,-0.041533,-0.052832,-0.064112,0.027549,-0.140028,0.001797,0.075266,-0.048351,-0.047027,0.162426,-0.026058,-0.056787,0.007927,-0.007815,0.064808,-0.084163,0.240865,-0.023666,0.037645,0.061193,0.128691,0.010143,0.056876,0.053411,-0.016791,-0.090380,0.124318,0.036415,0.043856,-0.425933,-0.056261,-0.037480,0.021281,-0.100362,0.092049,0.012490,-0.050968,-0.318629,0.022134,-0.012274,0.123226,-0.086462,0.076539,0.373689,-0.043110,0.070187,0.083279,0.066140,-0.109389,0.278054,-0.042615
-0.098128,0.034441,-0.217268,0.022641,0.212186,0.038214,0.141130,-0.010855,-0.018567,0.006245,0.047541,-0.108642,1.835368,0.125127,0.409564,0.212731,-0.121217,0.789504,0.339456,-0.181413,-0.007816,0.139264,0.018858,-0.073913,-0.105037,0.075552,0.224589,-0.304749,0.207582,0.285842,-0.114836,0.072952,-0.216983,-0.150817,0.486365,-0.006591,0.410960,0.002954,0.011045,-0.101123,-0.056570,-0.219148,-0.538853,0.046989,0.089914,0.060323,0.044655,0.056448,-0.132466,-0.029998,-0.513382,0.115643,-0.065099,-0.029408,-0.023991,-0.007522,-0.066732,-0.365334,0.018414,-0.002356,0.016009,0.064647,0.039145,-0.305860,-0.005320,-0.120388,-0.081668,0.421585,0.151395,0.131078,0.273942,-0.399173,0.186264,0.195355,-0.119808,0.495860,0.286351,0.119369,0.052979,-0.461771,-0.371085,0.013834,-0.062195,0.017335,0.069461,0.049060,0.121615,0.197216,-0.136319,-0.044288,0.212890,-0.097708,0.222518,-0.007238,-0.074526,-1.110345,-0.167266,-0.788339,-0.194955,0.067446,0.015909,-0.213918,0.030010,0.155944,-0.105110,-0.343663,0.117196,0.321191,0.132193,-0.326667,0.266192,-0.109364,-0.259474,0.041755,-0.075703,0.029265,0.119379,0.193506,-0.507305,0.021051,-0.222640,0.434198,-0.057381,0.031591,-0.046599,0.780284,-0.006272,-0.265777
0.280821,0.194339,0.172621,-0.133804,-0.202729,0.061216,0.102264,0.475951,-0.701106,0.219824,-0.141315,-0.067884,0.280197,-0.281206,-0.095819,0.641233,0.035246,-0.322782,-0.173761,0.205817,-0.043488,0.010016,0.040650,0.564677,-0.153218,0.157486,0.196767,-0.107518,-0.091568,0.183889,-0.101784,0.151380,-0.690179,-0.462555,-0.409830,-0.301359,-0.089417,0.073304,0.248671,0.176998,0.351022,-0.202629,0.033823,-0.033227,0.198803,-0.329261,0.156950,0.117897,-0.199397,-0.028995,0.085771,0.306618,0.193510,0.245712,-0.029874,-0.004158,0.213315,0.142665,-0.004076,-0.034463,0.013899,-0.088224,0.019778,0.095321,0.055955,-0.047757,-0.307440,-0.774236,-0.249535,0.153877,0.581869,-0.033940,-0.183542,-0.088027,0.189783,-0.144247,-0.088545,-0.223487,-0.078787,-0.227756,0.265680,-0.198687,-0.219221,0.184000,-0.226445,0.280385,0.095615,0.428983,0.024324,-0.050398,-0.101478,-1.108648,0.557028,-0.108153,-0.001104,0.277427,0.367106,-0.114943,-0.125504,-0.010174,0.342505,0.069616,0.488328,-0.179099,0.233232,0.597684,-0.375707,0.250959,-0.088268,0.439824,0.893518,0.508908,-0.171603,-0.237481,0.061682,-0.084263,-0.225830,-0.103160,0.125349,0.283211,0.061877,-0.184634,-0.049819,0.190789,0.100393,0.021027,0.250914,-0.019394
0.048190,-0.189241,0.117073,-0.006572,-0.016898,0.201255,-0.079444,-0.031957,-0.049157,-0.277958,0.040321,0.181110,0.185937,0.051789,0.204960,-0.104360,0.171741,-0.113789,0.144438,0.075537,-0.071277,0.062784,-0.009299,-0.447425,0.022566,0.068396,0.272501,0.068057,0.310054,0.577131,0.122435,0.032465,-0.149205,-0.044082,0.221091,-0.093727,0.067688,0.020548,0.044096,-0.121073,0.202103,0.177420,0.000361,0.047545,-0.104206,-0.184167,0.005844,-0.101532,0.019274,0.015544,0.337798,0.083667,0.194909,0.164723,0.009450,-0.418001,0.205020,0.002304,0.179911,-0.016144,-0.049188,-0.216069,0.337605,-0.674898,0.056810,0.253001,-0.043702,-0.329034,-0.557064,-0.200853,0.111752,0.182930,0.104878,0.250719,0.089146,0.230078,0.189303,0.088427,-0.103135,-0.008045,-0.123556,-0.135934,0.352027,0.002204,-0.112046,0.175387,0.143786,0.088152,0.321465,0.029475,0.224931,0.039215,0.003438,-0.339296,-0.103127,-0.491218,0.043228,-0.129838,0.650053,0.054078,0.043414,-0.086664,0.000200,-0.047622,0.142670,0.153399,0.098532,0.027396,-0.039338,0.192302,-0.005507,-0.113536,-0.104778,-0.045496,-0.523835,0.027525,0.233335,0.041106,0.064668,-0.009437,-0.274596,0.458728,0.107934,-0.007652,0.336697,-0.409257,-0.203392,0.307024
-0.041093,-0.713343,-0.219862,-0.010883,0.226876,-0.373702,-0.126821,-0.157786,-0.198479,0.282913,0.349935,-0.049372,-0.102202,-0.062156,-0.004348,-0.063587,0.295306,-0.024116,-0.053124,-0.573344,-0.030813,-0.070771,-0.043309,-0.101164,0.274501,-0.144444,-0.097593,0.147940,0.047295,-0.149460,0.102492,-0.444597,-0.311323,-0.106199,-0.480451,-0.058829,0.188263,0.334024,-0.013518,0.057946,0.065789,0.020611,-0.376651,0.532440,-0.935887,0.063625,-0.482125,0.129759,0.307260,0.015650,0.149199,0.133803,0.700905,-0.848033,0.091377,0.045229,0.612271,0.327851,0.033171,-0.062825,0.086072,-0.002656,0.119790,0.144019,0.773831,0.299704,-0.007970,0.215478,-0.003958,-0.155700,0.183569,-0.434886,-0.110521,0.366415,0.012941,-0.069483,0.431600,-0.376108,0.511615,0.049182,0.034960,-0.137001,0.035054,-0.082551,0.236037,-0.056633,-0.022970,0.082485,-0.110057,0.138406,-0.483793,0.147675,-0.174081,0.086927,-0.731835,-0.056245,-0.137511,-0.306247,0.143806,0.368312,0.098324,0.028421,-0.041900,0.062937,-0.054932,0.162678,-0.137644,0.266376,0.108446,-0.113255,-0.312825,-0.079961,-0.164756,-0.477465,0.460268,0.704584,0.072627,0.049127,-0.134725,0.160618,0.150370,0.148078,0.040839,-0.767016,0.342585,-0.585617,-0.009548,0.309214
-0.306394,-0.130906,0.181545,-0.114283,-0.207194,-0.063949,-0.069810,-0.133963,0.499990,0.023141,0.149800,0.252716,0.827781,-0.134306,0.127619,0.018615,0.011065,0.364868,0.373009,0.227460,-0.129951,0.037747,-0.483758,0.326952,0.010228,-0.139463,0.280220,0.050837,-0.285726,-0.250629,0.071334,-0.193703,0.150112,0.024761,0.068925,-0.113597,0.444564,0.046316,-0.431939,-0.174734,-0.026820,0.010240,-0.383552,0.305768,0.042111,-0.212057,-0.125103,0.002115,-0.125588,-0.061291,0.469303,-0.016962,0.150719,0.146758,-0.071341,0.331710,0.182673,-0.055601,0.110545,0.110436,0.016393,0.102767,0.430574,0.192999,0.138168,-0.214925,0.085059,-0.167412,0.437453,-0.066015,0.379942,-0.141731,0.068765,0.017438,0.254696,0.248426,-0.697762,-0.658292,0.299023,-0.333248,0.557108,0.059671,0.289532,0.411749,0.655244,0.033316,-0.090156,0.218894,0.328034,-0.077446,0.120908,0.252119,0.225381,0.042787,-0.212968,-0.252706,-0.378763,0.417325,-1.164740,-0.325860,-0.341325,0.377411,-0.127726,0.010623,-0.225714,-0.155794,-0.344473,0.032576,0.027079,-0.295618,0.363315,0.177285,-0.301446,-0.009348,-0.088357,0.126787,0.471718,-0.056158,0.215116,-0.141667,0.072017,-0.493070,-0.071484,0.007646,0.188251,0.369941,0.020343,-0.014130
-0.698820,0.266835,-0.197629,-0.087417,-0.694277,0.509679,0.163918,0.156039,-0.021664,0.103288,0.272813,-0.080498,-0.018970,0.530785,-0.044914,0.003483,-0.044499,-0.199973,0.575433,-0.488882,-0.060888,0.310733,0.614179,-0.344755,-0.019329,-0.018256,-0.369773,-0.303347,0.229162,0.168938,-0.201570,0.046648,-0.012782,0.389834,0.164560,-0.096436,-0.217040,-0.012386,-0.098044,-0.167573,-0.093309,0.109210,0.322614,-0.170248,0.092965,0.326249,-0.238277,0.051517,0.276571,0.167749,0.119128,-0.834871,-0.066799,-0.016065,0.162558,-0.283116,-0.078787,0.299361,-0.175613,-0.047657,-0.019487,0.050783,0.135733,-0.049966,-0.096665,-0.038514,-0.000840,-0.355018,-0.537891,0.344685,0.529327,0.315911,-0.223988,-0.433051,0.135509,-0.320976,-0.002149,0.001188,0.242169,-0.548913,0.163617,-0.050244,-0.098735,0.187865,-0.206421,0.044832,-0.099478,0.167564,0.303033,0.199466,-0.325159,-0.021669,-0.540392,-0.092182,0.372348,-0.155427,-0.013285,0.012302,0.048852,0.379607,-0.449398,0.220692,0.083045,0.234202,-0.414004,0.376545,-0.156735,0.226402,-0.275487,-1.190748,0.040127,0.082015,0.021475,-0.403673,0.002900,0.264822,-0.239318,0.345190,-0.297240,-0.115427,-0.097194,-0.294609,-0.490524,0.114339,-0.062445,-0.187268,-0.110742,-0.311437
0.240527,0.160726,0.181328,-0.163786,-0.089107,-0.317501,-0.162905,-0.045454,-0.128624,0.309052,-0.200657,0.071618,0.054079,-0.114509,0.338143,-0.158281,0.372577,-0.195588,-0.349052,-0.029473,0.257116,-0.618716,0.874928,-0.053466,0.394993,0.101853,0.243819,-0.048802,-0.064474,0.011929,-0.145210,-0.169427,-0.185041,0.241226,-0.734039,-0.190380,-0.067780,-0.269804,0.160578,-0.016619,-0.149471,0.148818,-0.179901,-0.476371,0.116809,-0.162523,0.258515,0.206434,0.332644,0.383103,0.061026,-0.088149,0.657188,-0.213348,0.322595,0.683266,0.669185,-0.481960,0.165044,0.035519,0.194393,-0.143457,0.184939,-0.351340,-0.591868,-0.017219,-0.295828,0.189563,-0.477514,-0.223799,-0.247711,-0.091666,-0.167877,0.163332,-0.655638,-0.204455,0.089629,0.187160,-0.194878,-0.417051,-0.051980,-0.115541,0.364151,0.180493,0.477166,0.061301,-0.100651,-0.219946,0.384303,0.432918,-0.969825,-0.090616,0.224646,-0.144036,-0.313980,-0.003390,-0.136349,0.030931,0.007577,0.260932,-0.252732,0.163911,-0.052597,0.158425,0.098283,-0.627355,0.154849,-0.063354,-0.020535,0.297592,-0.247585,-0.034777,-0.011137,0.058853,0.173639,-0.119234,-0.200700,0.439684,0.374552,0.040403,-0.058863,-0.469878,-0.223943,0.160427,0.551650,0.655178,-0.040604,-0.211580
0.038557,0.132769,-0.026689,0.086853,-0.000941,0.079247,0.152426,-0.072768,0.142202,0.165957,0.105170,0.018305,-0.199944,-0.064366,0.038632,-0.095311,-0.050505,-0.007583,0.173437,-0.009945,0.117579,0.114394,0.072265,0.018065,-0.064636,-0.213830,0.038265,0.145825,0.155322,-0.246095,-0.030981,0.165231,0.291070,0.205740,0.043930,-0.028102,0.272414,-0.052847,-0.484048,0.156878,0.058320,-0.091734,0.061236,0.009038,0.124037,0.002610,-0.073485,0.174375,0.093059,0.027276,0.074865,-0.127643,0.013570,0.070435,0.030355,0.024865,0.018262,-0.202085,0.118698,0.180719,0.037551,0.186197,-0.015371,-0.241053,-0.098816,-0.186072,-0.113929,0.104187,-0.012201,-0.064156,0.110237,0.050061,0.232136,0.094947,0.272192,0.087516,-0.004964,0.033338,0.007132,-0.241540,-0.039178,0.068977,0.024285,-0.059862,0.328634,0.180427,-0.204576,0.134054,0.084504,0.045176,0.069565,0.025746,-0.048525,0.362534,0.036764,0.465307,0.122720,0.166618,-0.484305,-0.148856,0.071277,0.046753,-0.038399,0.029564,-0.020985,0.055284,0.022417,0.079297,-0.130094,0.174060,-0.334157,-0.060007,-0.601470,0.137245,-0.042613,0.061167,-0.357263,0.040612,-0.114276,0.167361,-0.133807,0.613889,-0.053610,0.059980,-0.025416,0.030723,0.083370,0.020575
0.180751,-0.044701,-0.063962,-0.031436,-0.027598,-0.014950,0.177422,0.046744,0.073478,0.142299,0.181191,0.151430,0.225530,-0.304188,0.108574,-0.051439,0.012944,0.131957,0.108066,-0.058058,0.145233,0.139502,-0.209664,-0.252766,0.048967,-0.067714,-0.317193,0.170912,0.076468,-0.622167,0.053516,0.033294,0.319419,-0.099446,-0.027661,0.260619,0.126059,-0.045603,0.102741,0.018966,0.108296,-0.111847,-0.014536,-0.004192,0.029676,0.236327,-0.036598,0.197948,0.049242,0.041031,0.086228,-0.173080,0.024691,-0.011101,0.060326,0.102410,-0.053132,-0.100919,0.090033,0.043891,0.031198,0.225816,-0.180844,0.066416,-0.023562,0.073384,0.251452,-0.002751,0.020535,0.204732,0.214725,0.017860,0.308516,0.030687,0.272556,0.099116,-0.146392,0.232491,-0.163575,0.009767,-0.108874,0.122524,0.124380,-0.151859,0.022273,-0.064389,-0.127343,-0.080788,-0.008596,0.041393,0.047349,-0.365932,-0.110020,0.021328,0.096856,0.164352,0.306174,0.014191,0.238436,0.178355,0.083412,0.052239,-0.033100,-0.061199,0.081255,0.234218,0.167672,0.160199,0.239929,-0.020145,-0.834232,0.079692,0.002420,-0.185881,-0.186807,-0.041529,-0.062064,-0.111346,-0.219328,-0.086520,-0.019070,-0.207491,-0.362795,0.105196,-0.019965,0.259407,-0.123399,0.053378
0.045289,-0.159337,-0.051411,-0.070772,-0.254882,-0.083316,0.167935,0.143457,-0.096511,-0.257732,0.190859,0.502826,-0.236342,-0.014733,0.350646,0.079458,0.191928,0.050665,0.061890,0.183639,-0.117335,0.029111,-0.268542,-0.077388,0.245012,0.004427,0.147015,-0.044843,0.096933,0.091185,-0.024834,-0.133071,-0.025382,0.211263,-0.348412,0.161225,-0.045554,0.161438,-0.265000,-0.053047,-0.054578,0.263190,-0.269346,0.110551,-0.055005,-0.045786,0.095635,-0.071723,0.055619,0.069789,0.509702,0.160120,0.131576,-0.156355,0.077985,-0.145974,0.081102,0.035472,-0.074606,0.082583,-0.003505,0.165137,0.052253,0.680574,0.302798,-0.064609,0.083837,0.081992,0.028728,-0.107690,0.175165,0.224900,0.211208,0.156315,0.230637,0.096239,-0.035193,0.285352,0.299088,0.204392,0.157172,0.010287,0.285989,-0.057933,0.140007,-0.164809,-0.223948,-0.024099,-0.249926,0.136378,0.018759,-0.116389,-0.223759,-0.216582,-0.021500,-0.352222,0.158230,-0.326197,-0.076692,-0.128134,-0.058014,-0.046763,-0.011553,-0.161920,0.046048,-0.081189,0.251124,-0.119321,-0.017891,0.054706,0.023641,-0.040736,0.185503,0.005929,-0.163424,0.177100,0.296116,-0.048962,-0.269930,0.131059,0.313671,-0.519150,0.068902,-0.120426,0.031153,0.001288,-0.071237,-0.049041
0.075196,-0.026955,-0.069699,0.089026,-0.206968,0.138476,0.145653,-0.040500,0.064232,0.232095,0.093274,-0.140655,0.288939,0.026934,-0.090779,-0.288885,-0.138383,-0.141044,-0.306490,-0.039395,-0.055153,0.094425,-0.146963,-0.192535,-0.123414,0.006281,-0.020797,-0.076481,-0.160183,0.076110,0.347554,-0.011629,0.143349,-0.041863,-0.038023,0.228412,-0.025139,-0.015816,-0.006088,-0.164518,0.193408,-0.271607,-0.087363,0.051088,-0.036939,0.088967,-0.130232,-0.125387,-0.021241,-0.046168,0.054072,-0.019541,0.137191,-0.050566,-0.038284,0.054306,0.039090,0.103153,0.027215,0.106062,0.084155,-0.235490,0.059426,0.035191,-0.106511,0.298712,-0.332583,-0.230082,0.004475,-0.048107,0.058176,-0.018416,-0.324257,-0.078140,0.169452,-0.053995,-0.213410,0.110112,-0.110234,-0.027177,-0.044821,-0.205421,-0.104426,0.069829,-0.018092,0.041223,0.374014,-0.026773,-0.031728,-0.035200,-0.072475,0.015908,0.201625,0.004122,0.071028,0.211968,0.026376,-0.034296,0.087412,0.018088,0.200265,-0.030030,0.051337,-0.267241,0.030930,-0.219452,0.206439,0.065319,0.105107,0.250680,0.273016,-0.544906,0.060351,-0.134304,-0.116338,0.010319,-0.158347,-0.170034,-0.087765,-0.026695,-0.231700,-0.090313,-0.147566,-0.019282,-0.051019,0.081090,-0.167695,-0.004940
-0.255550,-0.600167,-0.087548,-0.047673,-0.431580,0.601551,0.132684,-0.150128,-0.079450,0.828305,0.205464,-0.040675,-0.058961,0.085079,0.666263,0.064846,0.106834,-0.291207,0.146957,0.401214,0.124338,-0.071960,0.360383,-0.247078,0.532052,0.126207,0.029130,-0.225523,0.035515,-0.084101,0.026606,0.314908,-0.069795,0.058184,0.241258,-0.020973,-0.086493,0.037502,-0.174114,0.096212,-0.029820,0.572003,0.189259,0.298851,-0.096820,0.103728,0.142261,0.039210,-0.194229,-0.027979,-0.156111,-0.427008,-0.066185,-0.098099,-0.023882,0.573398,-0.214816,0.269393,0.327147,-0.135935,-0.129020,-0.076971,0.179527,0.331977,-0.005452,0.510830,-0.066260,-0.098135,-0.181172,0.010390,0.197748,0.063705,0.085284,-0.259665,-0.026913,-0.254887,0.072676,0.181995,0.168912,-0.421709,-0.312541,-0.042758,0.003897,0.232852,-0.335139,0.047606,-0.054705,0.190184,-0.127980,0.032797,-0.137596,-0.122521,-0.063847,-0.142843,0.475047,-0.018955,-0.202884,0.470210,0.034317,-0.383426,-0.412719,-0.148028,-0.116146,-0.177164,-0.357685,0.165666,0.170957,0.050976,0.069005,-0.279133,0.283030,-0.081283,0.013654,-0.392372,0.661900,0.367137,-0.248934,-0.234873,-0.297390,0.392770,-0.214695,0.113586,-0.159169,-0.074155,-0.395175,-0.047620,-0.058618,-0.086953
0.237721,0.770099,-0.141694,-0.095168,-0.111422,0.440330,-0.201850,0.047824,-0.262420,0.352444,0.041045,-0.170159,0.029732,-0.204515,0.182278,-0.045006,0.440314,-0.181047,-0.414183,0.256610,0.240129,-0.514975,0.125332,0.225079,0.564905,-0.153501,-0.780708,-0.097048,-0.160317,-0.026952,-0.186794,0.590222,-0.010041,0.037166,0.656712,-0.264367,0.192443,-0.140305,0.034325,-0.162709,-0.218506,0.217066,0.286699,0.429390,-0.535167,-0.199786,-0.197914,-0.018335,0.385066,-0.743004,0.357149,-0.006379,0.076438,-0.692933,-0.723491,-0.400050,-0.191721,0.190477,-0.339581,-0.066973,-0.148537,-0.030554,-0.541531,0.266993,-0.138353,-0.094811,-0.043242,-0.099113,-0.206786,-0.231147,-0.450112,0.270444,-0.189261,0.805139,-0.097089,0.350564,-0.156291,-0.174646,-0.137655,-0.205321,0.478067,-0.154895,-0.033981,-0.161306,0.373399,-0.087555,-0.094498,-0.118891,-0.430490,-0.973107,0.710280,-0.292739,-0.050002,-0.113686,0.462660,0.008424,-0.095120,-0.098050,0.114156,-0.118686,-0.531702,0.027874,0.022030,-0.110719,-0.342234,-0.434361,0.119608,-0.080004,-0.036096,0.600929,-0.019527,-0.033084,-0.019913,0.289096,-0.193454,-0.174167,-0.010155,0.006723,-0.443834,0.212564,0.231232,0.137796,-0.145935,-0.409078,0.140873,0.297850,-0.185359,-0.173972
0.190248,0.061391,-0.257358,0.071174,-0.037346,0.033215,0.167742,0.044195,0.097564,0.085292,0.246740,0.116421,0.103839,0.073239,0.182223,-0.156794,-0.010895,0.000727,-0.088557,-0.102383,0.043628,0.077550,-0.035684,0.081881,-0.182243,0.387074,0.111493,0.491387,-0.034455,-0.282664,-1.845960,-0.012774,0.060685,-0.027935,0.055248,0.035483,0.015517,-0.047020,0.158116,0.321678,-0.041507,-0.016855,0.069836,-0.064459,0.199796,0.095631,-0.248558,-0.322255,0.037458,0.081421,0.053828,-0.018745,0.005909,0.156728,0.086002,0.015601,0.026089,0.102986,0.096236,0.164453,-0.007412,0.164248,-0.047141,0.098872,-0.078493,0.188003,0.299855,0.003677,-0.029929,0.010301,0.066646,0.105583,0.026560,0.042879,-0.031254,-0.036874,-0.160772,0.080670,-0.113926,0.117746,0.230106,-0.098373,0.196330,0.026386,0.112119,-0.066987,-0.478577,0.051485,-0.128080,0.102405,0.021295,0.310118,0.013431,0.477488,0.038390,-0.061118,0.151328,-0.124807,0.190252,-0.084576,0.091402,0.023266,0.269275,-0.002921,0.178987,0.112138,0.286887,0.000367,-0.119874,0.107883,0.601840,-0.317718,0.034831,-0.066129,-0.119601,0.135549,0.030408,-0.116593,-0.267058,0.190556,0.109230,-0.093068,0.005993,0.126317,0.078639,-0.032790,-0.063788,-0.077794
0.033611,-0.063165,0.059216,0.018671,0.360541,-0.184244,-0.041371,0.192805,-0.563862,-0.164979,0.099333,-0.055680,0.237289,0.024560,0.000104,-0.924158,-0.111385,0.124088,-0.210570,0.402454,-0.014247,0.035747,0.012084,0.437544,0.160556,-0.151676,0.335378,0.618348,-0.257975,-0.019920,-0.128558,-0.001250,-0.495814,0.853209,0.224511,0.048115,-0.060423,0.112463,0.547380,0.103445,0.138304,-0.090361,-0.096705,-0.089672,0.389508,-0.115159,-0.151328,-0.098910,-0.021081,-0.081155,-0.045448,0.200122,-0.087504,0.115636,-0.076249,0.216322,-0.115678,0.312964,0.214265,0.074362,-0.013464,0.029546,0.016363,0.037477,0.198117,0.090135,-0.165695,-0.180425,-0.165371,0.317318,-0.040378,-0.059475,-0.160131,0.018484,0.021618,0.227974,-0.042573,-0.029502,-0.221240,-0.226655,-0.221862,0.053569,-0.046402,-0.031221,-0.278077,0.195255,-0.270179,0.534828,0.210344,-0.098684,-0.116713,0.251799,-1.740960,-0.330695,-0.047390,0.246120,0.266636,-0.193817,-0.225904,0.064720,0.022658,0.027866,0.052891,-0.025791,-0.386132,0.059731,-0.221090,-0.335723,-0.459577,0.091956,0.146180,-0.032882,0.075558,0.084944,-0.016756,0.004832,-0.042215,0.064296,0.128620,0.067043,0.063071,0.060416,0.637720,0.342453,-0.087335,0.474424,0.050644,0.112620
0.283630,-0.031636,-0.040083,0.027446,0.045726,-0.151322,0.036385,0.023139,0.136979,-0.055276,0.223995,-0.036387,-0.113831,0.045112,-0.207430,0.057457,0.175162,-0.043647,0.046721,0.052868,-0.002525,0.098238,0.189704,0.250257,0.122293,-0.325338,-0.147729,0.361096,-0.170238,-0.161574,-0.032650,0.350718,0.190260,0.041212,-0.096590,0.204926,-0.086601,-0.005942,0.130219,-0.108355,-0.386260,-0.087462,-0.077712,0.265628,0.136254,0.223342,-0.094327,-1.300997,0.101753,0.041698,-0.163252,0.084376,0.100261,0.015101,0.034919,-0.022502,0.023631,0.060602,0.019058,0.037585,0.022130,-0.156720,0.046049,0.103784,0.044856,0.155043,-0.170360,-0.247845,-0.112564,0.390381,0.043986,-0.011830,0.206822,0.212573,0.244676,-0.036840,-0.061993,-0.105139,-0.153728,0.061153,0.041052,0.047308,-0.257862,-0.049815,0.199449,-0.021319,0.231217,-0.193459,0.170613,0.048619,-0.143935,0.022259,-0.005781,0.264638,-0.160129,-0.109583,-0.177607,-0.024630,0.107333,-0.239785,-0.067069,-0.055702,0.094745,0.128979,0.029989,-0.170781,0.341740,-0.082622,0.098069,0.034258,-0.185938,0.152076,-0.015765,0.206341,0.001820,0.008871,0.074810,-0.023759,-0.082759,-0.021245,-0.657499,0.023425,0.129716,-0.010973,-0.085492,-0.157496,0.101667,-0.106164
0.109871,-0.119205,-0.084091,0.026351,-0.017496,-0.176706,0.175613,0.096648,0.106071,-0.257624,-0.162431,-0.277103,0.090098,-0.294906,0.056571,-0.111568,0.148971,0.036826,-0.065883,-0.032844,-0.114002,0.117447,-0.176798,0.046088,-0.015653,0.138419,0.006987,-0.062377,0.198153,-0.193061,0.010867,-0.051801,-0.068228,0.101582,0.123728,0.076283,-0.201015,0.108693,-0.012557,-0.106594,0.041541,-0.047546,-0.097608,0.033253,0.081954,0.089782,0.070615,0.111227,0.027436,0.009630,0.130381,-0.265048,0.192223,-0.011864,0.024484,-0.098756,0.137234,-0.039511,-0.058144,0.270817,0.043501,-0.004514,0.074821,-0.134137,0.230046,-0.194207,-0.079276,-0.109828,0.090063,0.187719,-0.136814,-0.069343,-0.100488,-0.074820,0.133006,0.027578,-0.016988,-0.013484,-0.146524,0.243882,0.269226,0.038671,0.638902,-0.027219,0.011611,-0.044192,-0.143184,0.177069,-0.157859,0.025883,0.026515,0.003203,0.006025,0.092588,0.012468,0.025152,0.040664,0.115290,0.097880,-0.145912,0.196575,-0.115646,0.012528,-0.080651,0.051300,0.085950,0.004300,0.018644,0.093744,0.021485,-0.123631,-0.047861,-0.007406,0.006005,0.156608,-0.016267,0.083611,-0.042672,-0.054431,-0.072246,0.134333,-0.144170,-0.030531,0.039897,0.042210,-0.012844,-0.017920,-0.358762
0.101194,0.197612,0.078758,0.074056,0.043657,0.004868,-0.107490,-0.017918,0.411566,0.234403,0.074118,0.399818,-0.034971,0.093513,0.035407,-0.191823,0.061765,0.117920,0.163500,-0.095975,-0.068973,-0.011192,0.184312,-0.255605,-0.046439,-0.213488,0.080452,-0.193205,-0.184114,0.378492,-0.244565,-0.082309,0.021897,0.410566,-0.006797,-0.142345,0.017787,-0.047581,0.032938,0.219354,-0.687650,-0.234626,0.037903,0.261048,0.113351,0.060310,0.247330,-0.244193,-0.052360,0.044692,0.208037,0.081963,0.054378,0.068209,0.056288,0.041233,0.030215,-0.011809,-0.038236,0.000407,0.049470,0.021241,-0.099292,0.003095,-0.080264,-0.061307,0.263228,0.033262,0.255297,-0.218309,0.004046,0.068642,0.331275,0.015370,0.341160,0.188103,0.213819,0.206332,0.110626,0.232435,0.101832,0.170528,-0.115617,-0.015349,0.170952,-0.277322,0.214640,-0.243416,-0.079797,0.053938,-0.020274,0.173782,-0.363984,-0.434757,0.155888,0.181475,0.031367,0.059745,0.136448,0.136589,0.191509,-0.171213,0.190185,0.510262,0.132738,0.323468,-0.021121,0.181830,0.051168,0.100758,-0.021721,-0.279791,-0.256457,-0.058379,-0.130292,-0.149727,0.031190,0.195565,-0.214058,0.301276,0.351378,0.013405,-0.121559,0.126037,-0.004780,0.069438,0.014041,-0.003746
-0.144953,0.117896,0.022399,0.032822,0.237304,-0.005171,-0.473155,0.152680,-0.029353,0.059339,0.149884,0.442434,0.118199,0.180857,-0.077358,0.164876,0.003812,-0.113594,0.135010,-0.185018,0.035781,-0.095699,0.394329,-0.100209,0.039115,0.179811,0.074889,0.104044,-0.118239,0.220269,0.065382,-0.488764,-0.147334,-0.100853,-0.182609,-0.154047,-0.208476,-0.121183,0.042838,-0.185638,-0.197986,0.033002,0.068724,0.137245,0.026952,-0.126770,0.184534,-0.129740,-0.323930,0.124853,0.082018,0.084167,-0.165503,0.068823,0.106466,-0.019197,-0.283764,0.162936,-0.011420,0.029029,-0.045198,0.360272,-0.228677,0.148904,-0.134574,-0.047878,0.362952,-0.021153,0.036655,-0.061821,0.083022,0.088348,0.055149,0.178462,-0.106512,0.031287,-0.051255,-0.041544,0.005617,0.220558,-0.135781,0.118217,-0.061004,-0.410206,0.159274,-0.098201,-0.064912,0.073923,0.191385,0.135924,0.000605,0.165282,-0.092786,0.150102,-0.165079,-0.064200,-0.091526,-0.132783,-0.026558,0.114494,0.035202,-0.037335,0.132898,0.052878,0.098150,0.246081,0.297140,-0.241943,-0.087569,0.016501,-0.116167,0.007188,0.190950,0.132453,-0.107450,-0.112703,-0.028796,-0.115358,-0.307007,0.070219,-0.003786,0.000141,0.114800,-0.048568,-0.262114,0.086144,0.087539,-0.427392
-0.074551,-0.038499,-0.001803,0.062596,0.371585,-0.115363,0.178362,-0.063451,0.054741,-0.059379,0.176825,-0.160162,-0.105204,-0.022845,-0.049969,0.026047,0.082263,-0.173464,0.317615,-0.115972,-0.015492,0.119028,0.224488,-0.159205,0.018190,-0.088904,0.165043,0.259935,0.143230,0.161264,0.333317,0.135980,0.050740,0.018484,0.182275,-0.237197,-0.025123,-0.005385,-0.210008,0.129040,-0.400990,0.024258,-0.037192,0.167551,0.014944,0.095823,-0.090861,0.246243,-0.068922,-0.041179,-0.142891,-0.083290,0.058690,0.040528,-0.038655,0.088382,0.022725,-0.436684,0.078049,-0.034885,0.009557,-0.017231,0.021624,0.321376,-0.023261,0.131784,-0.031472,0.234298,-0.043296,-0.380101,-0.179701,-0.063687,-0.055227,0.115894,0.080813,0.097692,-0.122432,0.124716,0.042415,0.085232,0.065820,-0.062692,0.041957,-0.021474,0.112481,0.005293,-0.064419,-0.010821,0.075941,-0.048415,0.120801,0.063974,-0.050771,-0.168115,-0.085393,0.091710,0.084009,0.195362,-0.329664,0.070356,0.211334,-0.020876,-0.083354,-0.191733,0.023995,0.079263,0.483566,-0.100910,-0.303356,-0.005192,0.308548,0.068473,-0.147617,-0.113164,0.275720,-0.122333,0.049433,-0.231937,0.043392,-0.005647,-0.622530,0.456220,0.114625,0.009145,-0.034945,-0.099831,-0.064022,0.049839
