-0.171823,0.005379,0.130605,0.018261,-0.002863,-0.061673,0.148786,0.228055,0.185440,0.001711,0.137212,-0.052416,0.249364,0.030721,-0.026009,-0.069400,-0.227556,0.230921,0.147506,-0.013766,0.084374,-0.161845,-0.018594,0.010130,0.118764,0.090801,0.027356,0.119260,-0.102742,0.117900,0.253542,0.008118,0.009580,-0.228390,0.007385,-0.038897,-0.101360,0.011406,0.047273,-0.084789,0.019593,-0.029110,0.047202,0.072277,-1.451098,0.030806,-0.013493,0.023141,-0.116089,-0.121222,-0.008546,0.076584,-0.010590,-0.039157,-0.091676,-0.180200,-0.033145,-0.042872,-0.116254,-0.046363,-0.031427,0.062940,-0.151644,0.075078,0.056338,0.113659,0.043316,-0.051696,0.094975,0.071340,0.075325,-0.049346,0.055482,-0.032358,0.016643,-0.141169,-0.061502,-0.108161,-0.035917,0.074251,0.069342,0.146287,-0.101310,-0.079364,-0.026800,0.141909,-0.068073,0.116224,0.094198,0.121344,-0.165217,-0.065339,0.067830,-0.004152,0.074309,-0.060429,0.008255,0.000575,0.049036,-0.258986,-0.063884,-0.189779,0.056391,0.067938,-0.046962,-0.074782,-0.010584,0.017548,-0.107009,-0.040997,0.128400,-0.002756,0.029452,0.041388,0.463673,0.126431,0.038156,0.516909,0.219025,0.007046,-0.130728,-0.068098,0.079177,-0.034541,0.023055,-0.139663,0.124866,0.250441
-0.186379,0.004134,-0.178206,0.038813,-0.031115,0.051141,0.004673,-0.024130,0.029212,-0.003230,-0.052926,-0.074336,-0.096279,-0.117842,-0.152631,-0.111546,0.728757,0.137938,0.056040,0.175511,-0.016305,-0.105426,0.038409,0.085866,0.009111,-0.246360,-0.483241,-0.034697,-0.010623,-0.008126,-0.070308,-0.172463,0.028393,-0.081099,-0.001123,-0.025743,-0.070604,0.092107,0.092887,0.122040,-0.023158,-0.016749,0.068774,0.019578,0.182719,-0.011402,-0.103235,0.030071,-0.131810,-0.329017,-0.003369,-0.007818,0.023036,-0.297132,0.109609,0.036011,-0.025942,0.040231,0.027274,0.051069,0.001532,0.033432,0.050897,0.533663,0.056289,0.102073,-0.087508,0.019770,0.011480,0.146401,-0.071511,0.161249,0.054826,-0.031608,0.030803,0.009252,0.028272,-0.089129,-0.029464,0.396903,-0.002595,0.025182,0.083360,-0.253551,0.017385,-0.078821,-0.019349,0.083075,0.073584,0.007429,-0.091382,-0.116286,0.206676,0.057129,0.039168,-0.035271,-0.010769,0.012746,0.159887,-0.083006,0.156054,0.064694,-0.246187,-0.045970,-1.217811,0.026968,0.008989,0.020216,0.224707,-0.000824,-0.107144,-0.031372,-0.104194,-0.289791,0.223139,-0.011570,-0.011266,0.201928,-0.159700,0.192575,-0.044553,-0.170812,0.051870,-0.113481,0.125712,0.249972,0.367459,0.053483
-0.065553,0.043131,-0.028115,-0.163195,0.153640,-0.383088,0.230955,-0.013204,0.038172,0.013243,-0.025129,0.687551,0.029130,0.141439,0.046050,0.077171,-0.018877,-0.152770,-0.065367,-0.135643,-0.112257,-0.220487,-0.081754,-0.032892,0.081422,-0.055809,-0.061686,0.109552,0.176324,0.096954,-0.049140,0.005890,-0.030255,-0.316540,-0.014175,-0.070072,0.070419,-0.107436,-0.023837,0.030489,0.028988,0.289476,-0.077194,-0.045111,-0.208770,0.092092,0.049575,0.037722,-0.515358,0.245609,-0.025470,-0.079689,0.112435,-0.130373,0.187109,0.062211,0.011753,-0.001726,-0.089854,0.017654,-0.184626,0.525622,-0.197722,-0.081876,0.015943,0.060649,0.103854,-0.023252,0.207185,-0.000515,0.019905,0.066605,0.323059,-0.078485,0.135075,-0.041035,-0.104030,-0.043002,-0.172100,0.134762,0.126300,0.004908,0.058368,0.104138,0.081098,-0.049578,-0.037786,0.072090,-0.050322,-0.052901,-0.131638,-0.116776,0.023251,0.274698,0.016915,0.156740,0.025326,-0.004844,-0.069588,0.211514,0.009400,0.269520,0.062324,-0.019252,0.189082,-0.075613,0.007825,-0.041704,-0.066330,0.033398,0.066970,0.090420,0.261143,0.031792,0.045048,-0.052067,-0.062307,-0.044632,-0.204173,0.367743,0.061678,-0.004724,0.052091,-0.132863,0.012782,0.158661,0.024664,-0.202332
-0.020815,-0.059980,0.114495,-0.205823,-0.054938,-0.113916,0.007837,-0.053361,-0.097503,0.005282,0.032990,-0.120063,0.278523,0.154666,-0.153731,0.081734,0.116967,0.037993,0.035056,-0.057349,-0.045849,-0.145818,-0.116986,-0.202488,-0.038977,0.086390,-0.259766,0.237675,-0.045933,-0.101874,-0.214554,0.022058,0.040205,-0.038334,0.008172,-0.004791,0.099314,-0.021814,0.017075,0.326789,-0.154955,-0.382727,-0.124310,-0.017544,0.036474,-0.078648,0.049906,0.015429,0.440033,-0.002049,0.004772,0.108236,-0.018691,-0.014140,0.048062,-0.033278,0.037378,-0.108776,-0.191724,0.035781,-0.291694,0.236945,-0.297750,0.288875,0.173899,0.178485,0.230941,0.055126,-0.004196,-0.048087,-0.040069,0.068009,-0.184854,0.104201,-0.219005,0.103996,0.116299,-0.309567,-0.100958,0.103597,0.098105,-0.249519,0.191330,0.093879,0.174832,0.129103,-0.139755,-0.016245,0.095145,0.099406,-0.044161,-0.058398,-0.002424,-0.123815,-0.049660,0.124045,0.062332,-0.000668,-0.214192,-0.294535,-0.129632,0.005147,0.033848,-0.103648,0.199384,0.163880,0.000903,-0.178844,-0.191291,-0.030281,0.204309,-0.173843,-0.065995,-0.196389,-0.017468,0.291097,0.107035,-0.286570,-0.175103,0.179122,-0.013441,0.124324,-0.230131,0.044954,-0.142328,0.084520,-0.225227,0.055952
0.379171,-0.022820,-0.057177,0.232467,-0.093614,0.095534,0.024154,-0.072634,-0.078494,0.007824,-0.098706,-0.144307,-0.086636,0.141606,0.008104,0.193246,0.091111,-0.010571,-0.044323,-0.067155,0.005596,0.137075,-0.139773,-0.017622,0.062842,-0.185527,-0.098783,0.035991,0.130851,-0.109828,-0.053994,-0.392804,0.025419,-0.392611,-0.013117,0.029744,-0.132906,-0.036376,0.085617,0.194056,-0.219599,0.033590,0.011990,0.159060,0.139174,-0.167038,0.009748,-0.092011,-0.228662,-0.078383,-0.032091,-0.132275,0.007461,0.195186,-0.186863,0.092008,-0.155810,-0.053301,0.035131,0.068006,0.121755,-0.220807,-0.082341,0.137108,-0.055784,0.132860,-0.173002,-0.084250,-0.057809,0.078791,0.145547,-0.009274,0.143300,-0.139808,-0.132251,0.064144,-0.063694,0.118053,-0.026048,-0.134002,0.061798,0.035786,0.104516,-0.020386,-0.086887,0.048179,-0.159628,-0.012072,0.032455,-0.050943,-0.204093,-0.039340,0.093538,0.012336,-0.145899,-0.042059,-0.006415,-0.015802,0.660960,-0.348196,-0.156742,-0.175185,0.121930,-0.007806,0.533244,0.154849,-0.092976,0.013030,0.055267,0.047075,0.111221,0.017130,-0.181155,-0.088540,0.162755,-0.053639,-0.086258,0.033828,0.088523,0.018685,-0.315113,-0.144686,0.022420,-0.062840,0.245627,-0.016927,0.072312,0.158090
0.030491,0.028017,0.071084,-0.341215,-0.023679,0.137243,-0.024815,-0.032585,0.301562,0.007902,0.107466,-0.121010,-0.208794,0.179861,-0.170995,-0.048234,-0.024972,0.047647,0.006767,0.159854,0.245081,-0.007570,-0.118009,-0.009900,-0.097145,0.050547,-0.023287,-0.125024,-0.116459,-0.071563,-0.045811,-0.051476,-0.000841,-0.214875,-0.018926,0.021462,0.019248,0.092072,0.053322,0.073068,0.064224,0.130129,-0.025436,0.023144,0.061226,0.041382,-0.022941,-0.003722,-0.101256,0.200407,-0.016697,0.037934,0.047796,0.062330,0.096559,-0.322687,-0.007318,0.010866,0.032264,-0.127411,0.196098,-0.264013,-0.015106,-0.006419,-0.006705,-0.078102,0.112209,-0.026119,-0.048648,0.042859,-0.050643,-0.080263,-0.033330,0.071701,-0.041583,0.292277,0.071890,0.016437,-0.051415,-0.000430,-0.029628,0.046030,-0.000031,0.176300,-0.111220,-0.188814,0.006873,0.084626,0.052923,0.033101,0.114004,-0.023862,0.145382,-0.033057,-0.068140,-0.064518,0.052183,-0.003917,-0.220009,0.182816,0.019073,-0.178567,0.017971,0.026992,0.017672,0.093479,0.052963,0.042250,0.103208,-0.033743,0.015519,0.019353,0.026680,-0.013178,0.138892,-0.032684,0.068910,-0.148233,-0.224175,0.167062,0.088553,0.013658,0.033256,0.371128,0.077305,0.142180,0.021524,0.252141
0.008065,0.021858,0.003209,0.002090,-0.009257,-0.002327,0.001976,-0.017914,0.009786,0.000421,0.008200,0.001622,0.009250,0.000203,-0.005909,0.007184,0.000846,-0.010646,0.015872,0.000159,-0.000643,0.000613,-0.002885,-0.009344,0.004221,-0.008764,-0.001464,0.005212,-0.006529,0.004042,0.005435,-0.002475,-0.006304,-0.000107,-0.007659,-0.000673,0.015203,0.002051,-0.026784,0.005723,0.020104,-0.000296,0.002703,0.012072,-0.003898,0.015431,-0.002749,-0.032795,-0.011831,-0.000781,0.003005,-0.002969,0.000423,0.002270,0.011496,0.007776,0.002029,0.033512,0.002539,-0.000390,0.000326,-0.004768,0.006739,-0.002152,-0.003268,0.006459,-0.005884,0.000389,-0.019974,-0.025869,-0.008766,-0.001676,0.000141,-0.002056,-0.019346,0.003971,-0.009579,0.008748,0.010582,-0.000267,-0.015913,-0.000955,0.002970,-0.003280,-0.000308,0.000341,0.005849,0.000449,-0.026479,-0.001774,0.004678,-0.007015,0.000074,-0.001769,-0.005849,0.004164,0.020266,0.000777,-0.002696,0.002819,0.016106,0.007174,0.019719,-0.023882,-0.006495,0.008942,-0.006218,-0.030703,-0.017035,0.001880,0.009843,0.007123,-0.020221,-0.000890,-0.001816,0.010007,0.012322,-0.010265,0.022844,-0.009308,-0.002053,-0.009562,0.002598,-0.002254,0.003130,0.005192,0.012007,-0.003229
0.027285,0.033088,-0.107712,0.268180,-0.005498,0.118742,-0.021305,0.019140,-0.150226,0.023849,0.156509,-0.108899,0.216248,0.178028,0.056520,0.031502,0.055757,0.005419,-0.181862,0.017826,0.195383,-0.094353,-0.018840,0.061014,-0.041592,0.207984,-0.311218,0.274562,0.022237,-0.040841,-0.034287,0.048015,0.015580,-0.204253,0.009668,0.142757,0.075483,0.041267,-0.134503,-0.132575,0.119663,0.021742,0.021787,0.195039,0.093444,-0.017552,0.107161,0.012449,0.332300,-0.203771,0.001243,0.114160,-0.064419,-0.076658,-0.182937,0.056169,0.051913,-0.001157,-0.049297,-0.086041,-0.099329,0.145812,-0.059960,0.118413,0.116481,0.117988,-0.083386,0.098139,0.108015,0.011328,-0.036119,0.148549,0.055449,-0.109831,0.029894,-0.112881,-0.017683,0.009021,0.034849,0.296168,0.042187,-0.023836,0.103189,0.031931,-0.004388,0.176909,0.081339,-0.102359,0.038423,-0.033883,0.018672,0.076281,0.104409,-0.225888,0.028318,-0.062525,-0.016695,-0.003103,-0.057616,-0.050794,-0.074067,0.081456,-0.223290,0.067487,0.313446,0.031558,0.117296,-0.001358,0.216777,0.088316,0.134834,0.004622,0.048193,-0.147919,-0.155675,0.378078,0.159624,0.076312,-0.154188,0.167975,0.107120,-0.083595,0.019446,-0.161796,-0.175542,0.350954,0.392900,0.186233
0.034270,0.008052,-0.034197,0.183534,-0.107344,0.036283,-0.009048,-0.064532,0.226973,0.024253,-0.113701,-0.193846,-0.143902,-0.008202,0.000141,0.008279,0.194519,-0.128559,-0.034670,0.185842,-0.134253,0.261421,0.241597,0.030178,-0.010499,-0.182047,-0.027708,-0.011710,0.303721,0.109973,0.258078,-0.032561,-0.061037,0.278765,0.013673,-0.136520,-0.033729,-0.016757,0.105955,0.001832,0.034145,-0.101944,-0.011542,-0.055427,0.096831,0.036414,0.037093,0.040004,0.043170,0.085153,-0.024105,0.046575,0.118751,0.063865,0.131877,-0.122857,0.045939,0.002900,-0.022108,0.067273,-0.001221,-0.004594,0.083219,0.163708,0.033206,-0.059419,-0.109977,0.117025,-0.026098,0.075671,0.167836,0.083161,0.106656,0.258396,-0.059127,-0.099503,-0.032960,-0.044142,0.011041,0.216957,0.035846,-0.113936,-0.024933,0.043032,-0.014160,-0.284973,-0.105095,0.010272,-0.020087,0.018554,0.012209,-0.060290,0.206323,0.016221,0.066315,-0.032470,-0.019574,0.007760,0.058339,0.067230,0.092948,-0.111372,-0.086723,-0.011790,0.476324,-0.274199,0.000535,-0.023795,-0.080805,0.022360,-0.251117,0.028187,0.121874,0.015714,0.095508,0.124287,0.054609,0.180084,-0.266557,-0.039013,0.073781,0.025900,0.202043,-0.070726,-0.044219,0.014802,0.154782,-0.258323
-0.091846,-0.008564,-0.155549,0.084325,0.011285,-0.068209,0.156078,0.026655,0.093979,0.013035,-0.155516,0.035664,0.418628,0.297406,0.067032,0.169344,0.085573,0.066575,-0.050077,0.096134,0.510360,0.315155,-0.052001,0.083897,0.046620,-0.069037,0.084996,0.082646,-0.173083,0.085539,0.258062,0.225898,0.103561,-0.182141,-0.013178,-0.050586,-0.119855,0.102791,0.304582,-0.149384,-0.041937,0.035139,0.062353,-0.041197,-0.109931,0.097659,0.019478,0.167821,-0.013153,0.135932,0.002080,0.026037,0.091991,-0.061279,0.106421,-0.216358,0.085844,-0.025430,-0.025642,0.114846,0.149320,-0.014444,0.060334,0.067399,0.161105,0.068105,0.043598,0.029387,0.003141,-0.009655,0.084438,-0.134344,-0.095187,0.080403,0.167419,-0.011051,0.013703,0.110187,-0.078703,0.041591,0.029980,-0.076055,0.085942,0.061826,0.180730,0.164219,-0.140837,0.122140,0.015421,0.037911,-0.355470,-0.030974,-0.000641,0.044492,0.112934,0.133319,0.001077,0.006475,0.162132,0.134656,0.228155,0.088953,-0.128741,-0.086278,-0.123154,-0.271790,-0.045423,0.030866,-0.015587,0.101557,-0.107886,0.015361,0.109096,0.043857,0.077796,-0.081796,-0.072508,-0.357270,-0.247527,0.069921,0.131302,0.271720,-0.038603,0.026792,-0.029419,-0.114390,0.088002,0.101701
0.049372,0.011822,-0.313159,0.153867,-0.324401,-0.022594,-0.000692,-0.070869,0.058461,-0.010637,0.089867,-0.033156,-0.163685,0.333285,0.234821,0.080633,0.099295,0.108654,-0.048283,-0.135448,0.008396,-0.299132,0.044185,0.020029,0.273645,0.062416,0.049716,0.051040,-0.136140,0.248852,-0.024371,-0.044253,-0.024438,0.130134,-0.008054,-0.197176,-0.072102,0.011717,0.003755,-0.116288,-0.113236,0.036407,0.124384,-0.080656,-0.038824,-0.056740,0.031737,-0.029771,-0.635780,-0.004350,0.004353,-0.040659,0.147236,-0.209012,0.087522,0.078598,-0.029392,0.063516,0.083368,-0.009642,0.061668,-0.007806,-0.054775,-0.006459,0.073046,0.140252,0.190616,0.086552,0.239095,-0.027199,-0.221299,-0.082287,-0.127934,0.210614,-0.019657,-0.036921,-0.060240,-0.009541,-0.006406,0.021151,-0.120122,-0.094863,0.007306,0.161756,0.163554,-0.010331,0.025762,0.068977,0.029430,-0.024666,0.269356,0.087580,-0.144685,0.054534,0.043681,-0.182829,0.221903,-0.005791,0.059982,-0.398520,0.129244,0.112829,-0.284596,0.034790,0.211860,0.075939,-0.057513,-0.107079,0.204686,0.131160,-0.103420,0.051696,0.172654,0.175738,-0.160763,0.075503,-0.067889,0.191095,0.042955,-0.066165,-0.183172,-0.037346,-0.102212,-0.164015,-0.010979,0.032876,0.065812,0.004665
0.167742,-0.021479,0.216706,-0.025363,0.102279,0.133316,0.078783,0.046023,0.004752,0.012475,-0.086459,0.383098,0.024922,-0.055650,-0.171088,-0.173893,-0.072284,0.149910,0.066736,-0.090892,-0.110348,0.239172,0.325426,-0.103867,0.079425,0.218794,-0.124133,0.053291,0.047459,0.096017,0.147417,-0.010338,-0.104975,0.965864,0.013919,-0.193448,-0.057195,-0.018246,-0.123642,0.001158,-0.354940,0.148497,0.078449,0.021400,-0.067306,0.085795,0.077895,-0.032550,0.057638,0.078945,-0.012103,0.039259,0.112318,-0.020945,0.109890,-0.162594,0.067319,0.061822,-0.009536,0.386528,-0.012682,-0.246600,-0.247917,-0.115778,-0.181022,-0.010625,-0.182619,-0.127044,0.223080,-0.209392,-0.043778,-0.017064,0.132707,0.081819,-0.110387,-0.056134,0.090620,0.091434,0.000392,0.143020,0.114982,-0.394697,0.256866,-0.066101,0.306232,-0.053490,-0.167552,0.012724,0.037848,0.037488,0.004902,0.118636,-0.035742,0.075098,0.097536,-0.077922,0.062781,0.012443,0.118250,0.003923,0.158869,-0.127097,-0.180637,-0.113908,-0.030968,0.289095,-0.008087,0.064193,0.230462,0.016358,0.000513,0.151119,-0.023614,-0.114212,0.012550,-0.000660,-0.169927,-0.039785,0.410855,0.257321,0.024096,0.185448,0.072200,-0.059529,0.000399,0.196237,-0.072231,0.062639
-0.076118,-0.010045,0.223885,-0.088809,-0.118112,-0.059754,-0.038726,-0.124202,0.259985,-0.013776,0.185645,0.052019,0.258373,0.042401,-0.088919,0.011481,-0.078979,0.128651,0.037826,-0.006007,0.047955,-0.098879,0.020859,-0.229087,-0.183436,-0.221408,-0.062836,0.028024,-0.040152,0.119209,-0.314025,-0.157835,-0.019552,0.123969,-0.000795,-0.116468,-0.118334,0.208925,0.047229,-1.081252,-0.185629,-0.073887,-0.017250,0.009675,-0.058415,-0.143748,0.066029,-0.020523,0.130309,0.154560,0.004312,0.151814,0.157206,-0.115450,-0.060997,-0.259514,-0.143386,0.063789,0.036355,0.060650,0.153573,0.096316,0.006069,0.112267,-0.030778,0.531268,0.004593,0.049994,-0.153738,0.048878,-0.005245,0.101170,0.152147,0.131647,-0.080102,0.140512,0.178141,-0.009135,-0.034005,-0.013627,0.091138,-0.119028,0.197844,0.294738,-0.076286,0.002541,-0.009994,0.050187,0.079957,-0.015301,-0.020701,-0.076588,0.045596,0.103106,0.076589,0.024190,0.067232,-0.018554,0.142406,0.171307,-0.042733,0.183294,0.109813,0.124186,-0.262227,-0.011002,-0.171991,-0.091108,-0.072357,-0.100884,-0.038134,-0.019777,-0.132467,0.294994,-0.108951,-0.043699,-0.027474,-0.092862,-0.106196,-0.002149,0.222976,-0.126016,0.065057,-0.361393,0.124998,-0.051230,-0.198852,-0.154396
0.117256,0.069682,-0.028226,0.331001,-0.161684,0.004050,-0.169752,0.129066,-0.077662,-0.003730,0.151584,0.047958,0.101541,-0.304654,-0.039867,0.011525,-0.059295,0.095007,-0.204132,0.188085,0.052234,0.055226,-0.045093,0.136556,0.181110,0.030933,-0.411712,0.294664,-0.111544,0.187619,-0.239741,0.191911,-0.142879,-0.020907,-0.001987,0.083745,0.208535,-0.034984,-0.071229,-0.167429,-0.097501,0.035524,-0.125614,-0.061692,-0.055857,0.008442,0.038222,0.030368,-0.108619,0.201534,0.012545,-0.008823,0.255530,0.066081,-0.013973,-0.030378,0.151224,0.204384,0.084463,0.129771,-0.002027,-0.053589,0.212668,0.240914,0.073956,-0.487640,-0.132009,0.152084,0.203060,0.095427,0.040753,0.013268,0.081305,-0.036568,-0.041269,0.236992,0.110563,-0.007094,0.187128,-0.111697,-0.066422,0.148399,0.055582,-0.108396,0.126227,-0.086547,-0.246272,0.104584,-0.054257,0.058517,0.055201,-0.044927,-0.139346,0.154205,-0.063837,0.067119,-0.022906,0.010191,-0.064547,-0.016993,0.012798,0.188660,0.186727,-0.052435,-0.088517,0.158068,-0.069464,0.026740,-0.096358,0.016626,0.056431,-0.103111,-0.066767,-0.039466,0.068220,0.159901,-0.181706,-0.107361,-0.100824,-0.237499,0.257730,0.155069,-0.087513,-0.133400,-0.026888,0.078247,0.013887,0.344468
-0.029893,0.045125,-0.001362,0.152277,0.141518,-0.194951,0.043060,0.101900,-0.059935,-0.013405,0.073751,0.293495,0.104606,-0.059006,-0.107626,0.005211,-0.151812,0.134034,-0.057517,-0.237953,0.585809,-0.055737,0.014309,-0.020450,-0.050722,-0.154585,-0.004527,-0.008434,0.054552,0.080805,0.164867,-0.034715,0.015022,-0.012284,-0.003402,0.048548,-0.220541,-0.097292,-0.032035,0.047845,0.044706,0.092644,0.009324,0.011064,0.942806,0.038754,-0.086740,0.029793,-0.148448,0.205389,-0.003427,0.093282,0.266794,-0.042097,0.074430,-0.282829,-0.092938,-0.119912,-0.048856,0.099365,-0.470667,-0.063690,-0.036778,0.099607,0.110993,0.356113,0.074791,0.020497,0.286155,0.005762,-0.075357,0.101591,-0.073118,-0.034942,0.065854,-0.087934,-0.128839,-0.006752,-0.025055,0.127816,0.039615,0.122420,-0.092453,0.101190,0.022794,0.198618,0.028892,-0.099009,0.060264,-0.023269,-0.159976,-0.029767,0.114347,-0.032947,-0.039866,0.032646,-0.021524,0.025769,0.044806,-0.037648,-0.044054,-0.012444,0.119448,-0.064224,-0.016003,-0.042801,-0.067653,0.056271,-0.043945,-0.081630,0.078322,0.025166,-0.030983,0.041957,0.302979,-0.102607,0.037650,-0.427432,0.190623,-0.129653,-0.129732,-0.007154,0.042654,-0.112189,-0.002278,-0.147443,0.009414,0.191941
-0.295005,0.014228,0.196736,0.131046,0.121709,-0.083414,0.142912,-0.030502,-0.168905,0.008350,0.086354,0.031819,-0.144661,0.071271,-0.136244,-0.032383,0.068287,0.181781,-0.054433,0.028292,-0.009213,0.883088,0.047005,0.021768,0.062828,-0.034954,-0.104465,-0.346586,0.362636,-0.040932,-0.105587,0.045288,0.210551,-0.227099,-0.005488,-0.061740,0.109347,0.162894,-0.033229,-0.040645,-0.018463,-0.985751,0.140374,-0.002677,-0.001794,0.015464,0.107593,0.005491,-0.089037,0.050599,-0.005667,0.013112,-0.117909,-0.119016,0.320536,-0.015925,-0.056582,0.084403,0.009589,0.053773,0.030314,-0.117979,0.004419,-0.021153,-0.156339,-0.024670,0.415620,-0.107877,0.155028,0.147203,-0.028704,-0.126468,0.008968,0.094717,0.101305,-0.269422,0.207357,-0.183387,0.004171,0.095794,0.029022,0.109485,0.101132,0.137016,0.025403,0.043893,0.201690,-0.207842,-0.055710,-0.025877,0.050788,0.026624,-0.113949,0.141591,0.075704,-0.056013,0.024042,-0.014743,0.072934,0.008831,-0.043480,-0.392751,-0.095207,0.033709,0.040285,0.117657,-0.075832,0.012269,0.066797,0.016329,0.099828,0.065221,-0.123765,0.175373,0.125777,0.195651,-0.073152,0.090624,0.025832,-0.162880,0.012329,0.101063,-0.112070,-0.062351,-0.126039,0.022466,-0.082106,0.073292
0.004289,-0.014816,-0.015965,-0.002468,-0.008190,-0.000674,0.037321,0.025907,-0.006433,0.016893,0.011449,0.001780,0.003364,0.003914,0.001112,-0.001342,0.003625,0.006790,0.001869,0.001123,-0.001103,0.006993,-0.002184,0.009554,0.001011,-0.001291,0.003508,-0.001890,-0.000969,-0.008960,0.006448,-0.013390,0.003719,0.009759,-0.014764,0.028874,0.030964,0.005990,-0.000844,0.001044,-0.021747,0.005896,0.023378,0.039924,0.000402,-0.018334,-0.006919,0.003634,-0.001690,0.013173,0.016732,0.016375,-0.001215,-0.000752,-0.030323,0.009521,-0.016411,-0.005808,0.020095,0.016083,-0.005161,-0.003842,-0.019630,0.004630,-0.000470,0.001360,0.001801,-0.004512,-0.003954,-0.019465,0.003639,-0.017763,0.004433,0.002440,-0.007961,-0.017179,0.025700,0.000629,0.018421,0.014787,-0.010737,0.020561,-0.020280,-0.006066,-0.017173,-0.003019,0.002158,0.005047,-0.004265,-0.001389,-0.007495,-0.026898,0.000962,0.003390,-0.003329,-0.002337,0.005873,-0.001968,-0.005702,0.002177,0.005980,0.000571,-0.002096,-0.009181,-0.000090,0.005214,-0.024454,0.002389,-0.000924,-0.004541,-0.012922,-0.011853,0.010272,0.000755,-0.010323,0.011982,-0.002507,-0.006048,0.006410,0.002022,0.001592,-0.009854,0.005024,0.002420,-0.000251,-0.003549,0.000408,0.001646
-0.169632,-0.020892,-0.013627,-0.141205,0.132202,0.046800,0.071512,-0.010653,0.235883,0.008164,0.067081,0.000402,-0.135814,-0.022088,-0.154963,-0.078972,0.065903,0.143875,-0.195978,-0.002695,0.015677,-0.008826,-0.064473,-0.035031,-0.063780,-0.288892,-0.254942,0.067492,-0.068920,0.121853,0.093526,-0.096711,0.187258,0.169465,-0.012618,0.109104,0.074504,-0.050112,-0.345391,-0.134397,-0.084935,0.591666,-0.017740,0.065085,-0.107446,-0.030853,0.044849,-0.078194,-0.218827,-0.048968,-0.007315,-0.021015,-0.069148,-0.074132,0.177867,0.027900,-0.037606,-0.031853,-0.034001,0.057308,0.505734,-0.074592,0.163516,0.028232,0.054464,-0.187289,-0.098472,-0.096945,-0.126995,0.086440,-0.026209,-0.076613,-0.108982,-0.064311,0.003587,-0.195168,0.110222,-0.163752,0.044506,-0.008541,-0.005988,-0.188991,0.015371,0.163574,-0.029051,0.045925,0.080914,-0.081354,0.052879,-0.013035,-0.022443,0.007985,-0.047018,0.068826,-0.001944,-0.008904,-0.070023,-0.011795,0.001731,0.240193,-0.253208,0.017115,0.037934,-0.060153,0.221673,0.039193,-0.077771,-0.014540,0.031683,0.013154,0.186548,-0.019362,-0.057687,-0.133218,0.120529,-0.089480,-0.026530,-0.071161,-0.424212,0.042744,-0.101285,0.167541,-0.111337,-0.064710,-0.167245,-0.272314,0.070751,0.084200
0.158509,0.023327,0.070113,-0.076295,0.094834,-0.109298,-0.095359,0.006451,-0.039698,-0.012374,0.105740,-0.136955,0.206319,0.020343,-0.032296,0.028366,-0.072551,-0.160954,0.099059,-0.183607,0.063792,-0.003608,0.043740,0.056064,0.009692,0.006279,-0.080567,-0.015069,-0.094437,0.063441,-0.042224,0.250502,-0.087021,0.085138,-0.009021,0.007150,0.062212,0.025304,-0.162247,0.103732,0.065261,-0.011045,0.017867,0.014102,0.050275,0.028838,0.031050,0.010886,-0.140605,0.024768,-0.013479,0.018653,0.006118,-0.028703,-0.104418,-0.241716,0.093819,0.033092,0.009455,-0.182736,0.167951,0.198181,-0.059443,0.007189,-0.022342,-0.196247,0.264558,-0.045682,-0.026117,0.011524,-0.005755,0.082381,-0.068765,0.063343,0.023709,0.185622,-0.083518,-0.067079,0.089750,0.016699,-0.018549,0.083436,-0.078322,-0.071374,0.008051,0.091773,0.162899,-0.006753,0.024119,0.071156,0.173610,0.053532,0.292426,0.055799,-0.039571,-0.042616,-0.010959,-0.000877,1.664780,0.066710,-0.087564,-0.016820,-0.044174,0.017611,-0.028972,-0.137351,-0.001127,-0.010025,-0.016255,0.049071,0.035676,0.024587,0.037910,0.040417,-0.121087,0.073666,0.097635,-0.147347,0.030324,0.107271,0.345004,0.045838,0.074085,0.072990,-0.139287,0.002533,0.004757,0.004493
-0.109249,-0.007541,-0.063730,-0.003539,0.028282,0.530413,-0.012851,-0.030017,-0.001842,0.007970,0.101612,0.112387,0.024534,0.077131,-0.036149,0.086380,0.183578,-0.002698,-0.363760,0.044942,-0.005980,0.083913,0.303513,-0.012041,0.026370,0.150029,0.224341,-0.204231,0.310335,0.070640,-0.167559,-0.028035,0.118766,0.034254,-0.008730,0.189586,-0.071659,0.158965,-0.104569,-0.387358,0.120134,0.034508,-0.005062,-0.003836,-0.084710,-0.025659,0.048644,-0.017522,0.045289,-0.184543,-0.012765,-0.114726,-0.138599,-0.204621,-0.009087,-0.136097,-0.041651,-0.056076,-0.017249,-0.192469,-0.252461,0.375720,-0.076755,0.045564,0.085411,-0.179386,0.130789,0.394553,0.060993,-0.019708,0.047221,0.138196,-0.035308,0.110624,-0.015223,0.145050,-0.102446,0.201757,0.123997,0.031765,0.039793,0.007984,0.087512,0.017952,0.032762,-0.016549,0.242987,0.242072,-0.026978,-0.003937,-0.241077,0.123581,-0.010815,-0.094993,0.016945,0.044234,0.096546,0.003598,0.063973,0.138163,-0.235026,-0.048443,-0.035203,0.012549,-0.056864,0.268223,-0.064427,-0.136944,-0.004454,0.036388,0.125296,0.047776,-0.065173,-0.129515,-0.191067,-0.461649,-0.114920,-0.206584,0.548116,0.089523,0.277546,-0.118293,-0.060648,-0.011894,0.115979,-0.056271,0.008785,-0.202037
0.120320,0.016617,0.004147,0.027747,0.117894,-0.035538,0.079842,0.061328,-0.075890,0.027283,-0.101823,-0.004620,0.036149,0.036981,0.015679,0.219985,-0.017773,0.054925,-0.043569,-0.096217,-0.013678,-0.036846,-0.030121,-0.028823,0.127422,-0.026241,0.030682,-0.059419,-0.050762,0.067596,-0.052749,0.096379,-0.069918,0.015021,0.013423,-0.135673,-0.085884,0.058632,0.150102,0.190964,-0.040291,0.027339,-0.219727,0.075097,0.020012,-0.069805,-0.095794,0.026630,0.019267,0.030443,-0.035155,-0.013475,-0.051373,0.001776,0.050857,0.063174,0.040381,0.084377,-0.085767,0.072870,0.018454,0.021588,-0.027186,0.063854,-0.032170,-0.040499,-0.145690,0.011443,-0.145795,-0.138044,0.051209,0.009216,0.019863,0.050308,-0.067570,-0.057734,-0.164836,0.086145,0.034330,0.014299,0.016282,0.177501,0.093708,0.080191,0.206826,-0.111150,0.011990,0.068541,0.311864,0.168302,0.017198,0.125161,-0.034308,0.014271,0.051521,0.101027,0.004187,-0.011291,0.045241,0.056814,0.010573,-0.051113,-0.028513,0.102749,-0.084907,-0.089524,-0.040856,0.058273,-0.001260,-0.171428,-0.074528,0.014618,-0.056840,-0.051666,0.036628,-0.063589,-0.181982,-0.055157,0.128953,-0.021494,-0.029007,-0.164915,-0.079706,-0.030580,-0.178190,-0.057650,0.031415,-0.003128
0.146662,0.007980,0.453751,-0.068532,-0.119414,0.021604,0.013683,-0.102842,-0.225592,-0.005747,0.068487,-0.049742,-0.227801,-0.101540,-0.358865,0.224031,0.019618,0.207061,-0.206438,-0.087471,0.119548,-0.317227,0.248362,-0.070673,-0.022557,-0.104434,-0.347923,-0.201041,-0.067533,0.043060,0.161434,-0.159026,0.005376,-0.029142,0.009782,-0.011823,-0.036174,0.257376,0.001038,0.313789,-0.057933,-0.213777,-0.068906,0.079483,-0.154435,0.044304,-0.024281,-0.017983,-0.077654,0.233019,-0.009269,0.025656,0.301090,-0.063154,0.083690,0.213539,0.014477,-0.055174,-0.001162,0.072486,-0.166776,0.068250,-0.136839,-0.247192,0.045327,-0.042311,-0.324018,0.018997,0.197779,-0.087955,-0.121163,0.021822,0.014819,-0.113029,0.129161,-0.211604,0.192099,0.248717,-0.022909,-0.121524,-0.015855,0.014977,-0.176609,0.128970,-0.002030,0.220830,0.111744,0.337289,-0.120590,0.079474,0.054600,0.161731,0.127396,0.214043,-0.050567,0.013415,0.037280,0.006909,-0.041258,0.141625,0.187298,-0.042217,0.500611,0.094116,-0.068929,-0.051640,0.066913,-0.141647,-0.063579,-0.160444,0.040270,-0.010586,0.039942,-0.235244,0.108978,-0.151469,-0.000294,-0.169307,-0.288325,-0.112879,0.033991,-0.121423,-0.008137,-0.185299,-0.064525,0.029363,-0.105765,0.258603
0.054402,0.030555,-0.222763,0.003973,0.183620,-0.083687,0.081699,-0.045391,0.130282,0.001846,-0.043602,0.052069,0.353565,-0.067053,-0.118283,-0.048426,0.031820,0.332240,0.111953,-0.134573,-0.030392,-0.024694,0.190913,0.225544,-0.024555,-0.086553,0.069101,0.084993,-0.119239,0.424631,-0.074588,-0.227870,-0.101697,0.229212,0.003653,0.044157,0.076322,0.053239,0.027645,0.478300,-0.077450,-0.309626,0.057511,0.103465,-0.036218,-0.057796,-0.064580,-0.045718,0.206587,-0.123408,-0.002928,-0.151521,-0.156133,0.008279,-0.035381,-0.035132,0.137536,-0.062185,0.030979,0.019757,-0.122691,0.229189,0.075615,0.096773,0.118798,0.089811,-0.242317,-0.187412,-0.220822,-0.017562,-0.126831,0.228465,0.153532,0.105003,0.019546,-0.084644,-0.129567,-0.203065,0.039265,-0.003941,-0.059864,-0.063753,-0.153175,0.238254,-0.322908,-0.105475,0.316019,-0.127832,-0.027698,0.092424,0.177620,-0.103310,0.015016,-0.052178,-0.000432,-0.123607,-0.035743,0.000893,0.038185,0.374495,-0.012346,-0.225920,0.213117,-0.044265,-0.071214,0.031994,0.007524,0.317615,-0.043990,0.005371,0.126722,0.072641,0.051489,0.384482,-0.104924,-0.031304,-0.015868,-0.076564,-0.005684,0.075302,-0.131912,0.213670,0.073480,-0.135960,-0.121966,-0.083283,-0.096551,0.289776
-0.114361,0.006636,0.123525,0.012330,-0.090360,-1.112226,0.017925,-0.021405,0.104616,-0.009625,0.027947,0.030839,-0.177753,-0.126561,0.078806,-0.030218,-0.141949,0.265568,0.148411,0.474122,0.017009,0.126564,0.292541,0.009815,-0.039679,-0.062656,0.054163,0.064134,0.090075,-0.341714,-0.407133,0.034835,0.045368,0.140987,-0.009417,0.117037,-0.031537,0.047570,0.101985,0.339550,-0.000768,0.010071,0.057891,0.065184,-0.092153,-0.071043,-0.085801,-0.020620,0.075925,0.005428,0.016581,-0.103000,-0.294645,-0.086396,-0.166376,-0.046612,0.003145,-0.027046,0.029424,-0.010039,0.058994,-0.186791,-0.112594,-0.041294,-0.099313,-0.108473,-0.138583,0.081960,-0.055979,-0.043448,-0.039018,0.303474,0.135072,-0.023876,0.049053,0.055348,0.027218,0.131096,0.029320,0.055901,-0.064903,-0.136952,0.116345,0.357881,-0.016360,0.082660,-0.119246,0.236400,0.027979,-0.020237,0.002686,0.016375,-0.086914,-0.028684,0.026623,-0.015559,0.032898,-0.007468,0.105647,-0.130122,-0.190774,0.294673,0.077013,0.075156,-0.024188,0.040335,-0.001600,-0.006581,-0.059265,0.040690,0.038795,0.020930,-0.219945,-0.069643,-0.134859,0.140790,-0.180371,-0.286444,-0.093629,0.008221,-0.117373,-0.085923,0.310560,0.006655,-0.025446,0.098585,-0.062600,-0.197607
0.068630,-0.003870,0.183082,0.032069,0.044926,0.206670,0.006212,0.088229,0.066875,0.001032,0.016304,0.074902,0.062064,0.216970,0.018255,0.033524,0.079229,0.317220,-0.001550,0.269595,0.045876,-0.181865,-0.084999,0.143043,-0.033847,0.120698,0.033261,0.286936,-0.127919,0.073674,0.127088,0.015581,-0.126044,0.059379,0.009953,-0.059430,0.052247,0.034419,0.054545,-0.046896,-0.009536,-0.067487,0.037124,0.046213,-0.023905,0.016371,-0.064412,-0.049439,-0.036369,-0.015282,-0.003299,0.020132,0.014900,-0.056069,-0.002216,0.051506,0.044830,0.000873,-0.001171,-0.060732,0.142245,-0.217000,0.113819,0.110202,-0.146141,-0.040298,0.023520,-0.369099,-0.019664,-0.074469,-0.047766,0.092828,0.083897,0.042699,0.057541,-0.030424,-0.004192,0.235572,-0.020579,0.204665,-0.058798,0.019053,-0.021284,0.165673,-0.100692,0.037861,-0.035781,0.010806,-0.070986,0.010212,-0.020772,-0.052497,-0.255036,-0.203512,0.066107,0.047438,-0.074940,0.015406,0.038738,-0.308370,0.008471,0.094138,-0.086440,-0.033285,0.017503,-0.086012,-0.043461,0.064361,0.012337,0.025920,0.091901,0.081201,0.157398,-0.200911,0.047226,0.055626,0.038068,-0.201365,0.111994,0.024409,0.102940,-0.006064,0.120995,0.173925,-0.066079,0.237960,0.033966,-0.060529
-0.088641,0.030063,0.173148,-0.192173,0.135995,-0.098155,0.019043,0.097529,0.038474,-0.004441,-0.335821,0.051925,-0.030679,-0.124056,-0.033662,-0.498296,0.334782,0.004772,0.006409,-0.393210,-0.009517,0.035171,0.002221,0.067353,0.056152,-0.090443,-0.063464,0.195001,-0.163347,-0.133532,-0.249315,-0.092388,0.101597,0.051170,-0.000534,-0.012491,-0.022342,-0.228906,-0.010620,-0.013885,0.074591,-0.301903,0.036855,0.090328,-0.162276,-0.012415,-0.075509,0.054499,0.260537,0.107411,-0.005219,-0.058398,0.103894,0.434959,0.017187,0.072204,0.038977,0.007847,0.014923,-0.065126,0.262688,0.566856,0.229985,0.018369,0.077560,-0.134590,0.132778,0.073400,-0.021873,-0.140193,0.060573,0.068786,-0.271064,-0.071878,0.023052,-0.178928,0.021260,0.779109,0.004927,-0.084296,0.031846,0.041791,0.076633,-0.075186,0.150830,-0.241306,0.089185,0.137558,0.079643,0.047082,-0.006166,-0.071604,-0.025392,0.176135,0.122156,-0.086442,-0.035518,0.006138,0.068262,-0.040164,0.242639,-0.090291,0.140878,-0.102950,0.277618,0.103161,-0.032568,0.076224,0.060606,-0.033428,-0.335435,0.134878,0.016864,-0.099890,0.145659,0.081289,-0.038418,-0.093806,-0.023758,-0.428620,0.018624,-0.377694,0.084910,-0.082627,0.179792,0.095555,0.186751,-0.151300
0.366239,0.016937,0.029600,-0.113553,-0.012720,0.092266,0.102814,-0.083144,0.222756,0.009334,0.159763,-0.294939,0.233331,-0.119037,0.123344,0.185782,-0.020734,-0.031271,0.188431,-0.023011,0.110974,-0.221669,0.045764,-0.151130,0.142839,-0.270166,0.076292,0.400763,-0.380885,-0.261431,-0.270331,0.003107,-0.023854,-0.045564,0.012220,0.028872,0.004054,-0.183926,-0.128790,-0.253966,-0.039132,-0.395042,0.131101,-0.070686,0.145156,0.004737,-0.032653,-0.052479,-0.169150,0.183770,0.004813,0.220722,0.136251,0.231420,0.207374,0.246777,-0.043128,-0.042281,0.173522,0.070681,-0.215776,0.139726,-0.137179,-0.119555,-0.022529,-0.226618,0.113674,0.049727,0.059213,-0.085034,-0.098443,0.187222,-0.009115,0.097251,-0.032950,0.010706,0.139571,-0.100700,0.086368,0.012229,-0.031499,-0.311863,0.176025,0.098520,-0.025931,0.043013,-0.021471,0.333745,-0.010943,-0.012004,-0.245038,-0.184082,-0.050863,-0.121512,-0.104654,0.124133,-0.025858,-0.015778,-0.050613,0.153322,-0.082178,-0.126239,-0.203368,0.044219,-0.041326,-0.281454,-0.129201,-0.175380,0.049687,-0.007686,0.020716,-0.058236,-0.125262,-0.111754,-0.051655,0.091106,0.111827,0.183571,-0.088866,-0.008749,-0.249550,0.037688,0.157762,0.145745,-0.036331,-0.152998,0.046800,0.150021
0.216756,-0.021549,-0.001384,-0.060623,-0.076024,-0.023538,-0.003918,0.007588,0.249248,0.010159,0.043425,0.319480,-0.261549,-0.175356,0.038548,0.043528,0.034527,0.007264,-0.104213,-0.068382,0.020149,-0.114804,0.002190,-0.003820,-0.197316,0.005086,-0.058974,0.253719,-0.135664,0.152603,0.025733,-0.381797,-0.204318,-0.468874,0.025708,0.196021,-0.042089,-0.005400,0.113146,0.018312,-0.012423,0.109793,0.141832,0.013798,-0.074369,-0.009528,0.014372,-0.025186,0.229565,0.075403,0.023520,0.059771,0.140907,0.020166,0.011552,0.067105,0.031836,0.062916,0.064618,-0.005149,-0.002615,-0.026589,-0.069490,-0.151278,-0.096509,-0.114911,-0.089997,-0.145316,-0.069952,-0.029439,0.233524,0.080118,0.162713,1.339094,0.088085,0.145150,0.012938,0.127251,-0.013333,0.099014,-0.057276,0.053452,0.183138,0.134928,-0.024635,0.163426,0.162322,-0.048882,-0.055533,-0.084343,0.044054,-0.065192,0.000429,0.038863,0.069677,0.013888,0.032718,-0.001254,0.116404,-0.227220,0.061110,0.049972,0.003785,0.013166,0.033002,-0.042321,-0.078286,-0.037088,0.117402,-0.009949,-0.096997,-0.021560,-0.162348,-0.106892,-0.107682,0.071921,0.054255,-0.093470,0.172302,0.145832,-0.084479,0.059695,-0.294171,0.066429,0.032880,-0.119534,0.027692,-0.098533
0.440146,0.015313,-0.035869,-0.089479,0.027666,-0.332454,-0.058850,-0.017211,-0.013497,-0.010090,-0.200155,0.031200,-0.050290,-0.006844,-0.020410,-0.022260,0.168754,0.209086,0.037708,0.017457,0.187498,0.034472,0.174976,0.032924,0.095167,0.140535,0.404902,-0.072497,0.204205,0.219430,-0.004625,-0.066719,-0.073195,-0.069649,0.020077,-0.031940,-0.034766,-0.045509,-0.013355,-0.076380,0.060610,0.035483,-0.056214,-0.037146,-0.143767,0.111535,-0.060851,0.002637,0.216558,-0.281157,-0.004824,-0.027452,0.015483,0.196161,-0.059636,0.246913,-0.010881,0.023524,0.146896,-0.100731,-0.210692,-0.298742,0.074678,0.057307,0.300878,0.177555,0.026921,-0.321273,-0.182970,-0.012350,-0.123543,-0.021272,0.061570,-0.263487,-0.066142,0.245217,0.145954,-0.028211,0.121809,0.023441,-0.138002,-0.048521,-0.005497,0.060052,0.105917,0.078227,-0.057037,0.198554,-0.070354,-0.073148,-0.065280,0.137946,0.127838,-0.251015,-0.070055,0.020596,0.203676,0.003501,0.063238,0.235942,-0.113133,0.080153,-0.160714,0.141258,0.039370,0.055501,0.011117,0.031497,0.105423,-0.046629,-0.074505,-0.187895,-0.070876,0.280107,-0.044832,-0.068922,0.052680,0.159312,0.109220,0.072498,0.143103,0.028371,-0.085000,-0.081227,0.070361,0.300265,0.127104,0.099917
0.059705,0.014177,0.322573,-0.018792,-0.035392,0.144145,-0.051071,0.008061,0.018866,0.002349,0.000947,-0.024738,-0.102289,-0.094042,0.437098,0.011386,-0.288306,0.387378,-0.029407,0.277116,0.073849,0.033489,-0.162986,0.014416,-0.101845,-0.158764,-0.185716,0.321147,0.283840,-0.090621,-0.052030,-0.072501,-0.156177,0.279284,-0.014562,0.020197,-0.091249,-0.114670,0.108603,-0.112323,0.110903,-0.121610,-0.015838,0.029370,0.122450,0.013979,-0.065606,-0.008111,0.066654,-0.073860,-0.009018,0.020346,-0.125536,-0.108661,0.149801,0.099949,-0.063885,-0.069480,-0.008014,-0.146475,0.099376,-0.220640,0.090736,-0.002427,0.106046,-0.010297,0.094689,0.117485,0.075767,-0.062597,0.146670,-0.024839,0.069869,0.009000,-0.024719,-0.051857,0.030123,0.101893,-0.048106,-0.004481,-0.000829,0.143396,0.069628,0.105915,-0.045639,-0.072483,0.163031,0.249674,0.003723,0.003050,0.135583,0.083990,-0.303441,0.127983,-0.085158,-0.078426,-0.015251,-0.009082,-0.184464,-0.180320,0.039981,0.040453,0.220846,-0.030688,-0.112742,-0.134688,0.049532,-0.005717,-0.024962,0.052435,-0.151498,-0.036950,0.161671,0.003800,0.335135,0.079330,0.060177,0.079265,0.073141,0.066691,0.280703,0.073101,0.100839,-0.057613,-0.007027,0.046875,0.216206,-0.036260
-0.246506,0.019426,-0.040093,-0.120061,-0.045953,0.044036,0.195922,-0.031215,0.041553,-0.008788,-0.183125,-0.021645,-0.069874,0.144675,-0.050854,0.216938,0.028377,0.111075,0.059103,-0.015739,-0.044858,-0.015088,-0.065875,-0.237108,0.066287,0.113612,-0.055894,0.001984,0.130710,0.108609,-0.484104,0.023130,-0.094812,0.025765,0.007934,-0.021504,0.128514,0.091747,0.022679,0.091237,-0.040728,0.035359,-0.022734,0.123356,0.068366,0.014014,-0.054275,-0.035214,-0.248710,-0.102506,0.017335,0.010479,-0.080390,0.384345,-0.010826,-0.202567,-0.056309,-0.010742,0.047082,0.120745,0.389491,0.373887,0.012346,0.072500,-0.063371,0.077403,-0.199750,-0.162665,0.099437,-0.592207,-0.096300,-0.048250,-0.099929,0.096478,0.013192,-0.093454,0.132047,-0.010850,0.065255,-0.028877,0.007364,0.198462,0.023442,0.057582,-0.178990,-0.120969,-0.346299,-0.035660,-0.080252,0.051781,-0.286982,0.057118,0.160608,0.326249,0.034225,0.081044,-0.087560,0.010183,0.053199,0.018654,0.003754,-0.017137,0.008366,0.031311,-0.060193,0.016082,0.006777,-0.074139,0.186986,-0.059787,0.137892,0.093920,-0.147019,0.015370,0.136984,-0.036579,-0.066071,-0.020009,0.203300,-0.038598,-0.000061,0.401188,-0.140273,0.027039,-0.256102,0.049724,-0.256635,0.013581
-0.180413,0.009857,-0.112495,0.103151,0.052320,-0.023418,-0.098594,-0.034467,0.109583,-0.004168,-0.046782,0.014707,0.173647,-0.171640,-0.096135,0.069938,0.187026,0.055417,0.004710,-0.017055,-0.020725,0.066549,-0.044090,-0.000649,0.013691,-0.075777,-0.029194,0.025649,-0.009192,-0.146887,-0.187758,0.052157,0.017353,0.135192,-0.009238,0.016482,0.097365,-0.045622,-0.055887,-0.020831,0.050646,-0.029904,0.029677,-0.253958,-0.113017,0.045991,0.032489,0.007684,-0.124553,0.055947,-0.008446,-0.038386,-0.186131,0.141588,-0.058004,-0.003682,0.087670,0.054520,0.021384,-0.004283,0.236507,-0.007697,0.060809,0.052964,0.035159,0.093786,0.131907,-0.047637,-0.020986,-0.027837,0.282630,0.043964,0.114656,-0.069021,-0.078774,0.088963,0.010371,0.044799,0.049112,0.007374,-0.000657,-0.067568,-0.075516,-0.061219,-0.044601,1.734522,-0.048776,-0.145998,0.022033,0.079610,0.174936,0.043035,0.095652,0.093620,-0.077530,-0.015825,0.006359,0.006730,-0.222369,0.084701,-0.037660,-0.066391,-0.063045,0.013475,0.138696,0.118959,0.161667,-0.002824,-0.055281,-0.009086,-0.552830,0.058925,0.002051,-0.093426,0.117305,0.011411,-0.024756,-0.081140,0.099226,0.095636,-0.010685,0.041381,-0.012526,-0.004283,0.012151,-0.056617,0.071536,-0.127015
-0.011642,0.013192,0.265319,0.344499,-0.099756,0.119652,-0.014873,0.048957,0.196517,-0.002809,-0.118794,0.026284,0.042350,-0.117874,-0.074097,-0.004121,0.097599,0.143797,0.308655,-0.052642,0.064860,0.813530,-0.027803,0.034628,-0.214259,0.060754,0.139291,0.035991,0.062600,0.112466,0.116892,-0.159501,-0.128984,-0.066563,-0.011716,0.068884,-0.157118,-0.002121,0.061177,0.127912,-0.083996,0.101769,-0.018388,0.048007,0.076131,-0.031946,-0.094918,-0.040028,-0.055878,-0.094311,0.017106,0.187132,0.108840,-0.083828,0.007080,0.001433,-0.003807,-0.104786,0.066731,-0.009414,-0.017197,0.481383,-0.160636,-0.147910,0.078797,0.025979,0.052138,-0.119112,-0.172613,0.100445,0.005292,0.014475,-0.232562,0.014065,0.051312,-0.044724,0.049930,-0.206783,-0.083864,0.096631,-0.011360,-0.191548,-0.029383,0.122482,-0.091614,0.067632,-0.130959,0.238764,0.038146,-0.026886,-0.003965,-0.122643,-0.091225,0.052439,-0.092337,0.024675,-0.056379,0.011371,-0.055713,0.179016,0.073010,0.935056,0.036095,0.048118,0.267961,0.078682,0.029546,0.149642,0.097634,-0.098098,-0.053593,-0.178900,0.093592,-0.048136,0.054162,-0.081466,0.193377,0.079447,0.103882,-0.299970,-0.114311,0.047373,-0.195915,0.098550,0.077468,-0.029918,-0.007612,0.260028
0.049414,0.004793,0.034161,0.096874,-0.070285,-0.172219,0.024738,0.084141,0.110115,0.008933,0.062015,0.227559,0.007725,-0.000378,-0.117409,0.060810,-0.233770,0.320614,-0.129645,0.122908,-1.284557,0.009969,0.186442,0.043972,0.110741,-0.050715,0.162311,0.149657,-0.158948,-0.050916,0.274236,-0.032814,0.123213,-0.168322,0.005324,0.124746,0.052087,-0.109203,-0.050520,-0.209860,0.078327,-0.073607,0.041663,-0.014687,0.434333,0.062350,0.097920,-0.003306,0.091020,-0.069942,-0.009828,-0.007524,0.169028,0.020085,-0.206048,-0.025807,0.071909,0.055921,-0.057855,-0.062627,0.169299,0.002199,-0.058670,0.014918,0.163457,0.210979,0.122182,-0.065722,0.116681,0.039756,-0.018909,-0.040858,0.113278,0.013093,0.108280,0.112826,0.036288,0.004690,-0.068597,-0.265191,-0.031982,0.045438,0.041128,0.038388,0.057043,0.032646,-0.147656,0.182445,-0.026670,0.008376,-0.123201,-0.090441,0.059656,-0.056144,0.027159,0.132552,-0.012701,-0.001063,0.065538,0.206278,0.202641,0.089059,0.009926,-0.052757,-0.086010,-0.153635,0.017648,0.214341,-0.130767,0.000699,0.101195,0.041473,0.092257,-0.007864,0.499759,-0.040075,0.023636,0.204250,0.106541,0.118781,-0.035731,0.046114,-0.592852,-0.096329,-0.024089,0.202760,0.052586,0.038981
0.257809,-0.012165,0.077825,-0.012469,0.131601,-0.249520,0.003794,0.099120,-0.055049,0.010445,0.143284,-0.285659,0.039513,0.222488,-0.088621,0.064511,-0.095712,0.113863,0.120593,-0.259548,0.131718,0.092067,0.180621,0.157781,-0.067255,-0.253308,-0.131440,-0.379459,0.062203,0.188332,0.035830,0.056305,0.028275,-0.016604,0.028607,0.054116,0.119428,0.134928,-0.040738,-0.562832,-0.033275,0.001729,-0.048386,-0.015555,0.087752,-0.071913,0.040918,0.103106,-0.271920,0.092193,-0.016871,-0.120325,-0.080871,-0.004579,0.024029,0.533598,0.105471,0.158008,-0.131747,-0.073443,0.045830,0.149170,0.091449,0.048584,-0.306529,-0.428576,-0.089613,-0.205706,0.040693,0.061048,0.001891,0.102078,0.094190,0.041428,0.069424,0.001158,0.017903,-0.168596,0.016341,0.022462,0.001755,0.231078,0.144648,0.107815,0.072034,0.058733,-0.257733,-0.142577,0.024501,0.032338,-0.040704,-0.128891,-0.046342,-0.097251,0.219555,0.076188,-0.265816,-0.002054,-0.243831,-0.137634,0.021464,0.134209,0.197562,-0.072076,-0.162892,0.136669,0.199110,-0.049548,-0.027598,0.105023,0.029360,0.053028,0.064636,0.272802,0.050579,0.161586,0.042023,-0.138647,0.126510,-0.008260,0.039822,0.040155,0.278497,0.628435,-0.157861,0.018578,-0.138466,-0.065134
-0.002700,-0.002510,-0.007879,0.004393,-0.010082,-0.001032,0.006832,-0.003935,0.003370,-0.002498,-0.011190,-0.003775,0.012785,-0.006021,0.001910,-0.016065,-0.000954,-0.007166,0.004434,0.000369,0.004921,0.007690,0.003491,0.010881,0.002194,-0.010991,-0.000862,0.005835,-0.003346,-0.001436,-0.000928,0.013873,0.004145,0.000150,0.001768,0.021847,-0.007664,-0.001146,-0.003442,-0.007418,-0.006475,-0.005807,0.021965,0.025485,-0.008358,-0.028077,-0.007909,0.009660,0.025513,-0.008892,-0.026030,-0.025589,0.027957,-0.000715,-0.017206,0.007916,0.014964,-0.005495,0.020190,0.016205,-0.006118,-0.000625,-0.010769,-0.009165,0.001500,0.003673,-0.014591,0.001755,0.020099,0.025716,-0.000956,-0.007836,-0.003336,-0.003683,0.016465,0.000559,-0.005478,0.006156,0.007168,-0.003870,-0.009263,0.022238,-0.017052,0.015845,-0.003766,-0.003558,-0.006222,0.011429,0.027290,0.005198,-0.006033,0.008311,-0.006412,0.000861,-0.008113,0.007683,-0.012501,0.037733,-0.002326,-0.007503,-0.008171,-0.004638,-0.004075,-0.009099,-0.002722,-0.003257,-0.001996,0.020951,0.017916,0.001972,-0.004120,0.020010,0.005965,-0.013473,-0.002443,-0.016283,0.015480,-0.008036,-0.000371,0.006284,-0.003444,0.030336,0.003241,0.008316,0.006757,-0.000663,-0.002369,0.004837
-0.214698,0.002455,0.187159,-0.007712,-0.073388,0.190991,0.033151,-0.061542,-0.209632,0.009816,-0.056396,0.112512,0.117307,-0.132386,-0.126614,0.143329,-0.183793,-0.197761,0.052590,0.039922,0.102940,-0.163043,-0.032642,-0.062006,-0.137065,0.397900,-0.673958,0.156033,-0.060288,0.037407,0.114684,-0.279842,0.106170,0.714608,-0.011508,0.044927,-0.108189,-0.213936,0.116586,0.076158,0.336381,-0.075510,0.095067,0.000302,-0.131105,-0.045299,-0.022620,-0.038809,0.050126,0.093554,-0.001069,0.176918,0.076866,0.222643,-0.055137,-0.009820,-0.006072,-0.017374,0.008461,0.048054,0.042997,0.123161,-0.004547,-0.185340,-0.093214,-0.082231,0.338609,-0.050359,-0.035277,0.073238,0.011912,0.192719,0.543715,0.014964,0.022883,0.216122,0.195819,-0.181325,0.000448,-0.056691,-0.037864,0.098179,0.052817,0.165026,0.030370,-0.093027,0.126989,-0.412666,0.005100,-0.051207,-0.136746,-0.009320,-0.016092,-0.047078,-0.149830,0.005171,0.071571,-0.006363,0.020056,0.143972,-0.162588,0.054158,-0.104403,0.050849,-0.136317,-0.270211,0.083668,0.045098,0.179712,-0.041778,-0.041373,0.003046,-0.025633,0.062552,-0.095647,-0.131218,0.140933,-0.006169,0.275927,-0.048512,-0.234941,-0.055800,-0.000821,0.142583,0.083049,0.124047,0.103294,0.158821
0.037022,-0.015864,0.002973,-0.087762,-0.011581,0.150414,0.002923,-0.021899,0.366051,-0.026496,-0.057827,0.012320,-0.017762,-0.141288,-0.080962,-0.117007,0.057586,0.305041,-0.031262,-0.013641,0.114951,-0.021606,-0.209594,-0.033279,0.048554,-0.038197,-0.077300,-0.100189,0.028910,0.006849,0.092249,-0.035410,-0.002198,0.046458,-0.017649,0.067024,0.049611,0.114237,0.053684,-0.142330,0.087314,-0.094284,-0.048695,-0.034337,0.117831,0.023337,0.005475,0.032017,0.057715,-0.179609,-0.017695,-0.028854,-0.026707,0.051699,-0.067082,0.076336,0.024310,0.043102,0.049684,-0.023122,0.257570,0.205330,0.031152,0.028317,0.046069,-0.112755,0.024465,0.390917,-0.018165,0.001483,0.040433,0.017572,0.082819,0.068319,0.002665,0.046464,-0.034838,-0.083177,0.062898,0.078923,-0.012508,0.043415,-0.011353,0.154958,0.002857,0.011106,-0.015342,-0.106707,-0.019461,-0.018429,0.034855,0.131908,0.000411,-0.302301,-0.016215,0.060223,0.074261,-0.019833,-0.019593,-0.031482,0.070917,0.051688,-0.227132,0.035149,0.326681,0.025920,0.055140,-0.090345,-0.258136,0.045371,-0.000602,-0.016483,0.051112,-0.049133,0.180323,-0.166256,-0.005910,-0.215853,0.036088,-0.012363,0.184378,-0.096672,0.060597,0.105234,0.059180,-0.235802,0.104135,0.232992
0.071298,-0.002667,0.269041,0.052427,0.081418,-0.071969,0.006297,0.023947,-0.121018,-0.015941,0.017051,0.230055,0.061813,0.040181,0.091185,-0.197674,0.017362,-0.114287,0.156454,-0.024146,-0.067808,-0.010236,-0.035879,0.280446,0.051491,-0.060498,0.096786,-0.139364,-0.130363,0.092762,-0.237235,-0.057090,0.022077,-0.173929,-0.011175,0.046279,0.025313,-0.025201,0.066242,-0.160749,0.093205,0.244518,-0.059256,0.046661,-0.114295,0.145554,-0.092356,0.012630,0.070450,0.085856,-0.005513,0.053381,-0.124451,-0.067187,0.047776,0.125508,0.035631,-0.053812,0.045885,0.374035,-0.102645,-0.000200,1.127549,-0.094365,0.011008,0.065569,-0.063582,0.021495,0.136644,0.076861,-0.103456,0.379179,-0.203633,-0.089962,-0.055074,-0.058502,0.775334,-0.031168,-0.023793,0.156182,-0.055915,0.014725,-0.061875,-0.147696,-0.133976,-0.122096,-0.003894,-0.117962,0.096536,0.059810,0.025111,0.005547,-0.017878,-0.114346,-0.101240,0.052265,0.101952,-0.005158,0.046074,-0.013329,0.080261,-0.098881,0.006034,0.087086,0.120027,-0.122393,0.042695,0.123922,0.083545,0.213330,0.042544,-0.085725,0.190278,0.073941,-0.103111,-0.148281,0.235346,-0.139391,0.274249,0.147943,-0.163954,0.017204,-0.396322,-0.023659,-0.167186,-0.267275,0.123877,-0.105124
0.130549,-0.008690,-0.066298,0.104498,-0.207526,0.204046,0.150529,-0.017659,-0.214031,-0.001500,-0.168029,0.062685,-0.226224,0.029231,0.029722,0.185539,0.099041,0.028563,0.134899,0.235627,-0.094300,0.085324,0.331412,-0.388719,-0.137666,0.052362,0.006303,-0.131609,-0.077845,0.081826,-0.000805,0.508475,-0.051137,-0.061788,0.025257,0.132354,0.033463,0.063992,0.113629,-0.014559,0.017571,0.160735,0.067519,-0.065931,-0.012703,0.149211,-0.065712,0.035582,-0.109259,0.166007,0.000026,0.049041,-0.062928,-0.139963,-0.037481,-0.001948,0.035162,0.049206,0.042842,0.262636,-0.028835,0.038449,-0.376132,0.094515,-0.081605,-0.163268,0.034217,-0.090372,0.002373,0.011099,-0.073718,0.289440,-0.112776,0.063802,0.067516,-0.011205,0.157512,0.701719,-0.041023,0.106828,0.011126,-0.127293,-0.023568,-0.070991,-0.139979,0.110018,0.193348,0.094746,-0.023291,-0.014028,0.020746,0.161852,-0.104971,-0.246777,-0.260934,0.124496,0.290386,0.004156,0.071142,-0.114665,0.032891,-0.126750,0.197069,0.493183,0.036134,-0.167701,0.080938,0.020362,-0.088305,-0.186321,-0.115144,-0.333140,0.155915,0.125255,-0.015512,0.066167,0.147010,0.004295,-0.355279,0.142386,-0.032868,0.246967,0.100680,-0.078693,0.124165,-0.091072,0.016373,0.068827
0.249190,0.015759,-0.189242,-0.185674,0.030141,-0.173798,0.118749,-0.040888,-0.103898,-0.007863,-0.046464,-0.025975,0.157817,0.077058,0.187346,-0.032199,0.451852,-0.005485,-0.017224,-0.000091,0.100716,0.110554,0.258968,0.003957,-0.138191,0.020637,0.201757,0.262484,-0.153395,-0.005144,0.212451,-0.357742,-0.056298,0.066066,0.010052,-0.033703,0.012659,0.029913,-0.045306,-0.061739,-0.002189,0.124353,0.005335,0.142657,-0.148992,0.052417,0.066023,-0.027388,0.120959,0.107060,-0.004617,0.148268,0.119968,0.054880,0.098493,0.014316,-0.002945,0.034990,-0.101550,-0.021715,-0.361659,-0.290397,-0.068774,-0.023296,0.095893,-0.385821,-0.170051,0.211419,-0.111418,0.097325,0.071527,-0.087094,-0.060307,-0.192703,0.082982,0.269218,0.053266,-0.534651,-0.080632,-0.114413,0.091436,-0.021050,0.357550,-0.308329,-0.006395,0.133995,0.126572,0.129275,-0.054772,0.011309,0.002832,0.232052,0.112090,0.679057,0.018024,0.014374,0.025700,0.005028,0.019282,-0.112000,-0.124783,0.113886,0.235540,-0.212110,0.095581,-0.009397,-0.030288,0.042978,0.180085,-0.016211,0.185782,0.009319,-0.127821,0.113143,0.236896,-0.101899,-0.041420,-0.126433,-0.034530,-0.199217,0.150016,0.056177,-0.160562,0.119695,-0.005632,-0.082604,0.075838,-0.171937
-0.065286,0.010736,0.072802,0.016195,-0.012479,-0.042849,-0.125687,-0.004458,0.068171,-0.012319,-0.005074,0.016151,0.133421,1.349879,-0.189313,-0.171507,0.062001,0.067012,-0.246618,0.031198,-0.397836,0.109496,-0.121944,-0.019470,-0.082312,-0.044560,-0.281546,-0.073597,-0.369769,-0.026309,-0.119992,0.016685,-0.006725,0.087745,-0.005357,0.055059,-0.097232,-0.090036,-0.075607,0.320915,0.008654,-0.103384,-0.103583,-0.023091,-0.131045,0.074525,0.038392,0.009440,0.228759,0.148878,-0.010571,-0.017358,0.065633,-0.054312,0.004445,0.135909,-0.040757,0.026542,0.143413,0.153801,-0.237263,-0.069220,0.025081,-0.141907,-0.144388,-0.026217,-0.157507,0.256507,-0.182352,0.063673,-0.034269,0.147134,-0.339579,0.063675,-0.011778,-0.000180,-0.041670,-0.121914,0.277024,-0.012868,-0.071744,0.090547,0.153887,0.079227,0.061797,0.139953,0.133401,-0.209987,-0.004041,0.003995,0.040625,0.075008,-0.054469,0.049563,-0.205101,0.026682,0.003144,0.000039,0.087547,-0.002392,0.066318,0.217622,0.119345,0.087290,-0.050137,0.033642,0.034549,0.107980,-0.002159,-0.044301,-0.021410,-0.056401,0.081486,-0.179343,0.044758,0.023485,0.071468,0.245826,0.053003,-0.104745,0.276267,0.019671,0.187783,0.019878,-0.047810,-0.137288,0.041127,0.022373
-0.477354,-0.007312,0.116410,-0.193131,-0.009790,0.210800,0.041595,0.038987,-0.072897,0.003986,-0.058016,0.227637,-0.133420,0.226131,0.077566,0.212214,0.013262,0.284806,-0.071277,0.040449,0.170319,-0.013086,0.151192,-0.057516,0.035782,-0.772498,0.210734,-0.208821,0.396226,0.035119,0.064104,0.001049,-0.164404,0.198883,0.008177,0.003625,0.028490,-0.004252,0.015782,0.035184,-0.083647,-0.069522,-0.008744,0.002907,-0.104962,-0.052165,-0.099613,0.029490,-0.126082,-0.147425,0.021600,0.092301,-0.032994,0.352609,-0.263345,0.085510,-0.007768,0.074718,0.034031,0.003647,-0.225504,0.001657,0.068669,-0.463836,0.037159,0.099711,0.023592,0.021555,0.085972,0.030007,-0.167911,-0.003299,-0.136821,0.054948,0.087991,0.461579,0.078047,-0.106019,0.076948,-0.154877,0.083902,-0.005975,0.015631,-0.106417,0.109448,0.003804,0.212365,-0.150214,0.086586,0.004722,0.177199,-0.259216,0.379578,-0.175398,0.046132,0.062225,-0.162818,0.000526,-0.015069,-0.226721,0.305061,-0.133700,0.330034,-0.149159,0.066652,-0.036256,-0.087348,-0.141380,0.388604,-0.011710,0.001346,0.117312,-0.154179,0.071338,-0.035737,0.254210,-0.097733,-0.133197,-0.432354,0.286725,0.011840,-0.070056,-0.238956,-0.075169,0.109534,-0.001559,0.466550,0.063874
0.126490,-0.006577,-0.100539,-0.048726,-0.057948,0.151897,-0.023342,0.029090,0.119234,-0.000014,0.124859,0.189413,-0.253459,-0.011096,-0.128485,-0.033590,0.028728,-0.044127,-0.102568,-0.142399,-0.118503,-0.083703,0.144594,0.049297,-0.066197,-0.287642,-0.060655,0.297078,0.125610,0.177058,0.022339,-0.129376,-0.080805,0.106725,0.012720,0.208502,0.084215,0.289187,0.111476,-0.052641,-0.006617,-0.039910,0.019925,0.133703,-0.032995,-0.041778,-0.032766,0.054949,0.172352,0.288547,0.015785,-0.021817,-0.006807,-0.160453,0.365482,-0.144259,-0.006740,-0.033214,0.040582,-0.035596,0.081146,0.048182,-0.095221,0.049463,-0.136943,-0.109900,0.203231,-0.264075,-0.010551,0.063662,0.157437,-0.059184,0.210615,-1.291914,0.067044,0.243913,-0.111087,0.087767,-0.026099,0.168677,-0.029184,-0.070359,-0.093078,0.287715,0.049455,0.092863,0.032750,0.107202,0.035740,0.005327,0.053723,-0.078238,-0.124234,-0.079011,0.075045,0.249375,-0.008080,-0.009767,0.137595,-0.292521,0.070013,0.028293,-0.124142,0.016307,0.036074,-0.007597,-0.083759,-0.083210,0.241582,-0.018986,0.063797,-0.065074,-0.009792,-0.008275,-0.286902,0.056397,0.015113,0.018631,0.094896,-0.003595,-0.324788,-0.070181,-0.221378,0.137798,0.012102,-0.263160,-0.135083,-0.140609
-0.002184,0.014195,0.011005,-0.003793,0.009585,0.004416,-0.011581,0.001057,0.003918,-0.021717,-0.013880,-0.007075,0.001401,-0.000010,0.003376,-0.019662,-0.005106,0.001809,0.007439,0.004536,0.003559,-0.008400,-0.005558,0.008133,0.022752,-0.008281,0.000117,0.005401,-0.008441,-0.002878,-0.002379,-0.012038,0.012262,-0.001694,0.011956,-0.004425,-0.006079,-0.000973,0.006294,-0.003213,-0.000393,-0.000956,0.004597,-0.014805,0.003391,0.018088,0.017423,0.008408,-0.003586,-0.003278,0.006491,-0.016662,-0.013034,0.001194,0.022245,-0.006054,0.004363,0.015549,-0.007188,0.015172,0.005031,0.002663,-0.016552,-0.020208,0.000537,0.011203,0.001265,0.004289,0.006968,0.004608,0.001794,0.010538,-0.003805,0.002901,-0.005184,0.010742,-0.009798,-0.006840,-0.029135,0.014331,0.001146,0.010382,0.007035,-0.015354,-0.028001,-0.002854,-0.001361,-0.002018,-0.006128,0.008937,0.022853,-0.001210,0.000351,-0.000494,0.016353,0.009439,-0.009947,0.014971,0.004463,0.009219,-0.008426,-0.003885,0.004300,0.001816,0.002119,0.003774,0.023650,-0.011572,-0.008611,-0.008163,0.003584,-0.015555,-0.011626,-0.003048,-0.012594,-0.015182,-0.011262,0.012104,-0.002552,0.009331,-0.004741,0.013913,0.004042,0.000639,0.004599,0.003127,0.005114,-0.000312
-0.020599,-0.010389,0.206774,0.157355,0.284572,0.053035,0.012365,-0.068732,-0.169853,0.003862,0.024264,0.081472,-0.229894,-0.065403,0.107859,0.305786,0.051708,0.053984,-0.154701,-0.058799,-0.095208,-0.154198,0.611120,0.178845,-0.023419,-0.065149,0.078502,0.090766,-0.272615,0.094609,-0.117760,-0.061969,-0.023445,-0.156931,-0.009529,0.016338,0.091744,0.155969,0.098110,0.329460,-0.043306,0.110901,0.010980,-0.117281,-0.191698,0.067484,0.127804,0.028761,0.176739,0.097341,-0.017651,0.187307,0.021249,-0.143132,0.039326,0.015929,0.013352,-0.005912,-0.056416,-0.180849,0.114337,0.150015,0.276537,0.037839,0.129907,0.209329,0.285058,0.021758,0.328459,-0.246969,0.253408,-0.091236,-0.124495,0.103369,-0.039483,0.016366,0.123706,-0.573812,0.052196,0.031597,0.057167,0.008677,-0.072672,0.029433,0.201547,0.021915,-0.261062,0.240803,-0.043896,-0.023627,-0.003347,-0.001601,0.020508,-0.352615,0.158067,0.049690,-0.279289,0.010658,0.016764,0.335516,-0.089630,-0.050901,-0.008393,-0.389135,0.141295,-0.002890,-0.015623,-0.067901,0.074206,-0.092446,-0.144985,0.329259,-0.031224,-0.155015,-0.181054,-0.256862,0.029433,0.067472,-0.121280,-0.010219,-0.137545,-0.060156,0.556549,0.173790,0.148119,0.180168,-0.023446,0.116597
0.016105,0.009278,-0.242509,-0.093014,-0.070502,0.180309,-0.052913,-0.012684,0.187567,-0.004820,0.030732,0.172082,-0.184834,0.107220,0.273301,-0.086264,0.005678,0.042182,-0.014388,-0.080154,0.112889,-0.102897,-0.028607,-0.020585,0.068580,0.066029,-0.023043,-0.063220,0.250542,-0.062840,0.036768,-0.073287,0.006744,0.100194,0.017668,0.063830,0.029866,0.066734,-0.047903,-0.010375,0.071049,-0.077826,-0.030481,-0.036079,-0.036087,0.055546,0.021282,0.034554,0.114093,0.112297,-0.015458,0.022173,-0.034499,-0.064501,-0.033882,-0.120602,0.018022,0.051576,0.028100,-0.125691,0.154656,0.008803,-0.046357,0.149916,0.271887,-0.277392,0.056833,0.280963,-0.056292,0.039249,-0.047102,0.137953,0.051457,0.121101,0.003644,-0.058063,-0.084725,0.120819,0.073421,0.067307,-0.026634,-0.027262,-0.012930,-0.004547,0.099084,-0.158556,-0.231301,-0.219328,0.042232,0.033411,0.116133,0.071807,0.112713,0.002784,0.012903,0.050351,0.011677,-0.024539,-0.146408,0.247291,0.130749,0.011684,-0.124344,-0.014913,0.207124,-0.044808,0.066792,-0.007091,0.019672,-0.039733,0.029740,-0.095457,-0.124930,0.032692,0.106840,-0.023230,-0.002096,-0.080571,-0.132007,-0.112806,0.181161,-0.043601,0.202625,-0.025924,0.011129,-0.027263,-0.030648,0.249432
0.002200,0.009269,0.003174,-0.002877,-0.011319,0.000018,0.027267,-0.021079,0.011008,0.008162,-0.009709,0.001098,-0.003434,-0.003020,-0.001944,0.026365,0.015921,-0.023781,0.008507,-0.000590,-0.000383,0.008418,0.001152,-0.015392,0.014021,0.008538,-0.001874,0.000443,-0.006600,-0.001248,-0.000657,0.003405,0.005643,0.007474,-0.010040,0.005062,0.014618,0.011963,0.001960,0.002363,0.024049,-0.000549,-0.000012,0.013457,-0.006086,-0.004707,0.004089,-0.007581,0.003167,0.003303,0.025096,0.013011,0.007067,-0.008460,-0.006729,0.007370,0.024497,0.005338,-0.021458,-0.007524,0.002608,-0.000221,0.011066,-0.007434,0.000705,-0.001538,-0.003400,-0.000998,0.023963,0.012255,0.004300,-0.002571,-0.001041,-0.004294,-0.002219,-0.000197,-0.014352,0.006298,0.012462,-0.019372,-0.018224,-0.014588,-0.009801,0.021525,-0.006040,0.003785,0.008480,-0.005649,0.011903,-0.031172,-0.012537,-0.010450,-0.002155,-0.009872,-0.006888,-0.016171,-0.003902,0.001400,-0.003057,-0.008597,0.020074,0.002420,0.002941,-0.013710,-0.006488,0.035769,-0.006353,0.006149,-0.013516,0.015603,0.025663,0.001759,-0.003718,0.001305,0.016415,0.007845,0.005672,-0.001699,-0.002513,0.000887,0.010621,0.000035,0.002574,-0.002903,0.001585,0.000137,0.005650,-0.009109
-0.007028,-0.000289,0.015203,0.157330,-0.021479,0.036840,-0.050703,0.031435,0.056642,0.014913,0.075847,0.224762,-0.022432,0.043763,-0.065041,0.139384,0.006405,-0.010206,0.115609,-0.100808,-0.323418,0.041234,-0.001324,-0.118129,-0.038930,-0.050750,-0.023983,-0.001082,0.041157,-0.535370,-0.006626,0.052445,0.027991,-0.171485,0.012258,-0.228151,-0.088123,0.061585,0.014088,0.016991,0.083385,0.030512,0.831938,-0.043630,-0.133289,-0.001910,0.008808,-0.001480,-0.024139,0.184173,0.012171,0.152044,0.096940,-0.083298,0.028278,-0.098251,0.008830,-0.045848,0.000134,-0.077021,-0.014166,0.092620,0.121499,0.154035,-0.193642,0.221750,-0.342543,-0.146212,0.092903,-0.035455,-0.102786,0.232801,-0.244837,-0.285945,0.009313,0.196622,0.036266,0.007403,-0.039160,0.056781,0.056650,0.100837,0.439663,-0.028771,-0.002627,-0.144894,0.008635,0.142320,-0.085152,-0.087153,0.531565,-0.041958,0.126083,-0.099694,0.086795,-0.878387,-0.016861,-0.010337,0.008025,0.075513,-0.132847,0.142517,-0.028195,0.045799,-0.008900,0.028385,0.089366,-0.033268,0.140664,-0.066937,-0.031009,-0.064323,-0.016268,-0.055573,0.158385,-0.055751,0.133040,-0.181157,0.057636,0.021837,0.123623,0.245285,0.317166,0.001517,0.095177,-0.324411,-0.065227,-0.070842
0.344160,0.010960,-0.195375,0.235560,-0.111002,0.277044,-0.020267,-0.001570,-0.264242,0.013149,0.015072,-0.160788,-0.109433,-0.214522,0.202537,-0.080438,-0.150341,0.175775,0.073867,0.398513,-0.033353,0.159624,-0.270393,-0.104817,0.089553,-0.323430,0.086008,0.135816,-0.100084,0.073445,0.258488,0.158924,0.065282,0.302957,-0.016713,-0.043449,-0.123321,-0.116261,0.118657,-0.017441,0.056184,-0.107813,-0.252649,0.130027,-0.104534,0.006396,-0.073243,-0.046735,0.058020,0.021877,0.004902,-0.092493,0.299001,-0.363810,0.019733,0.334227,-0.084359,-0.045772,0.182113,0.076758,0.137968,0.194423,-0.113414,-0.061748,-0.294802,0.043952,-0.032936,-0.198647,0.140656,-0.199212,-0.062372,0.232500,-0.263893,0.093949,0.048704,0.108370,-0.065497,-0.325509,-0.020244,0.025938,-0.046628,0.207723,0.136037,-0.187603,0.254687,0.170998,0.022018,-0.084615,0.040116,-0.005175,-0.083575,-0.078262,0.054917,-0.173851,-0.103332,0.086047,0.107920,0.007048,-0.003654,0.276205,-0.012610,-0.206358,0.032170,0.019673,0.058489,0.277690,-0.120355,0.057696,0.152832,-0.067973,0.144998,-0.061202,-0.224234,0.246603,0.194001,-0.186470,-0.021502,-0.136922,-0.123044,-0.185462,-0.029418,-0.018291,0.125713,0.057009,0.244611,-0.089414,0.016221,0.028525
0.016405,0.007744,-0.144484,0.194347,-0.056760,0.009044,-0.158258,-0.011889,-0.019148,0.016665,-0.021405,0.209202,-0.142411,0.145216,0.082401,0.031923,0.001303,-0.098620,-0.035641,0.140251,0.028750,-0.229964,0.003388,0.065817,0.115704,-0.102539,-0.206761,0.330144,0.003715,0.027557,-0.020556,0.339577,-0.067970,-0.372370,0.005083,0.008922,0.115915,0.218210,-0.054867,0.046310,-0.321458,0.210639,-0.090132,-0.102228,0.033507,0.030974,-0.092293,-0.057699,0.256719,0.017977,-0.019979,-0.152294,-0.463017,0.024501,0.093797,0.010772,0.059652,0.117647,-0.002831,0.298885,0.206057,0.174478,0.146506,-0.255390,-0.202952,0.296509,0.029194,-0.258568,-0.298848,0.041804,-0.132281,-0.259642,0.126426,-0.017949,-0.088657,-0.008604,-0.130442,-0.122740,0.022877,-0.272103,-0.052216,-0.184758,-0.215397,-0.004564,-0.114900,-0.031938,-0.000715,-0.089372,0.012219,0.019305,-0.050858,0.005704,0.035325,0.136170,0.010924,0.041856,-0.016920,-0.014985,-0.064665,-0.153844,-0.130538,0.043939,-0.086089,-0.056199,-0.106802,0.296135,0.044412,0.085525,0.288345,-0.001845,-0.098863,-0.030691,0.064771,0.022359,0.036882,0.241797,-0.176616,-0.380459,0.156973,-0.346083,0.264233,0.035008,-0.044929,-0.089992,0.120930,0.330512,0.136970,0.365694
0.148557,0.007798,0.278966,-0.115436,0.114679,0.040209,0.032613,0.071243,0.105957,-0.020541,-0.015281,0.024099,-0.125496,0.254437,-0.068151,0.098286,0.180233,0.260667,0.125625,0.505997,-0.091321,-0.393605,0.107598,0.073763,0.088961,-0.029102,-0.175146,-0.237341,-0.275822,-0.015423,0.203811,0.037829,-0.093959,0.228973,-0.013185,0.005369,0.011370,0.076857,0.185413,-0.021215,0.033152,-0.063946,-0.061385,-0.040542,0.066099,-0.101948,-0.037212,0.021898,-0.109667,-0.140761,0.017395,-0.083205,-0.013670,0.226115,0.080862,0.122672,-0.057484,-0.030672,-0.047762,0.075800,-0.173487,0.015208,0.025295,-0.127561,-0.150972,0.053240,0.182547,-0.071278,0.046829,-0.047485,-0.093663,-0.006158,-0.261666,-0.005492,0.020493,-0.065297,-0.167844,0.066403,-0.047968,0.234946,0.028057,0.003783,-0.137187,0.129299,0.102350,0.135097,0.219554,-0.052567,0.000566,-0.027999,-0.091515,-0.038629,-0.394623,-0.073652,0.100248,0.069008,0.006563,-0.038006,0.097912,0.062238,0.001949,0.238879,-0.145552,-0.032859,0.238852,-0.057507,-0.052188,0.014184,0.242053,0.084241,-0.006322,0.033613,0.142876,-0.101510,0.046937,-0.107394,-0.096883,0.009484,0.214933,-0.191812,0.141346,-0.040954,0.078585,-0.067244,0.043782,-0.032340,-0.005435,-0.060522
-0.441690,0.008121,-0.019131,0.101194,-0.031457,-0.114296,-0.151591,0.105461,-0.006945,-0.009431,-0.034847,0.079780,0.143442,-0.108514,-0.031856,-0.108018,0.146820,0.063157,-0.032484,-0.198231,-0.117219,-0.017553,-0.085665,-0.094455,0.099240,0.108443,0.074818,0.035788,0.130078,-0.343077,0.120627,-0.391747,-0.193001,-0.095486,0.007896,0.289925,-0.107518,0.268126,-0.112483,0.043741,-0.101051,0.151738,-0.527150,-0.062422,0.025276,0.068698,0.027028,-0.089814,0.065376,0.138751,0.001532,0.051631,0.108162,-0.271784,0.165425,-0.092050,0.028989,0.078070,0.068607,0.140782,0.206898,-0.074897,0.061337,0.087896,-0.028006,0.210101,-0.168743,-0.184492,-0.040096,0.009459,-0.115755,0.016652,-0.093118,-0.054554,-0.044863,0.199464,0.104095,-0.012135,0.055190,0.055670,-0.024185,0.178833,0.496467,0.156355,-0.146158,-0.044492,0.135354,-0.259247,0.049802,0.051550,-0.466161,0.129153,0.013515,-0.074193,-0.093238,0.457265,0.184543,-0.002868,-0.012565,-0.023298,0.265165,-0.003094,0.032067,0.138615,0.156608,0.048854,0.031546,0.004811,0.126908,0.042343,-0.022042,-0.071142,0.051213,0.204874,-0.027661,0.059462,-0.014361,0.211447,-0.062603,-0.020910,-0.012431,-0.027299,0.883633,0.013901,0.087451,-0.181333,0.020559,-0.149011
-0.064179,-0.023902,-0.116451,-0.071065,-0.113496,0.033880,-0.085824,-0.005534,0.191403,-0.003624,0.109083,-0.073743,0.087348,-0.131361,-0.249942,-0.106115,0.017306,0.181554,-0.090250,-0.357563,0.049446,-0.159679,0.160257,-0.195103,-0.092291,0.091794,0.230107,-0.324043,-0.038953,-0.052419,-0.196949,-0.234681,-0.021462,-0.044249,-0.011238,-0.009812,-0.023626,-0.375814,-0.117656,0.009789,0.151279,0.019785,-0.016495,0.027049,0.128674,0.091124,-0.071187,-0.023680,0.034805,-0.026720,-0.000954,0.101732,0.053327,0.092671,-0.070792,-0.123865,-0.009628,-0.011927,0.077565,0.063069,0.084775,-0.133163,0.126323,-0.021668,-0.288761,-0.332346,0.127953,-0.305721,0.121589,-0.000324,0.059882,0.031558,-0.141088,-0.075632,-0.010007,-0.200031,0.099024,-0.332318,0.090061,0.038896,-0.069393,0.027174,-0.083585,-0.017851,-0.073300,0.013925,0.051049,0.280264,0.042506,-0.055067,0.016042,0.075847,0.028470,0.007132,-0.173917,-0.092779,0.090667,-0.031266,0.017335,0.011664,-0.118908,0.075684,0.223274,0.118784,-0.082949,-0.053348,0.019169,-0.153207,-0.118159,-0.119580,-0.022768,-0.176438,0.121479,0.080805,0.187073,-0.035281,0.040650,0.135242,-0.013850,-0.031892,0.107115,0.076628,0.051968,0.134049,0.027044,0.880269,0.180363,-0.071593
-0.138476,-0.013833,0.005798,0.006602,-0.023592,-0.174802,-0.165060,-0.056185,0.124604,0.015168,-0.067061,-0.131219,-0.002262,-0.153401,0.076090,-0.127410,-0.033896,0.035931,0.004976,0.305341,0.207247,-0.035756,-0.217956,-0.149291,0.159123,-0.057367,-0.072443,-0.072092,0.034846,0.051318,-0.082128,0.062443,-0.023974,-0.098748,0.023524,-0.189024,0.054325,0.255954,-0.281423,0.535295,0.076841,0.134225,0.081386,-0.075893,-0.029585,0.008944,0.042564,0.104826,0.263697,0.221435,-0.026559,0.112344,0.209897,-0.138396,0.075148,-0.098121,-0.098589,-0.011141,-0.023672,0.021644,0.132203,0.062012,-0.144573,0.045012,0.042563,-0.016388,0.052143,0.043415,0.465636,-0.041988,-0.036858,0.048801,-0.064325,-0.066471,-0.150552,-0.013904,0.321289,-0.129942,0.003047,0.051217,0.080234,0.295639,-0.038376,0.047628,0.215271,0.024490,-0.168874,-0.286193,-0.047931,-0.120907,0.003397,0.052854,-0.256817,-0.257601,0.097925,0.090295,0.036704,-0.014398,0.111240,0.141757,0.249235,0.214523,0.123654,0.122233,-0.045936,-0.162814,0.080748,-0.053389,0.221158,-0.070386,-0.136925,0.018335,-0.180903,0.370132,-0.044949,0.098032,0.105849,0.161662,0.041430,-0.077983,0.194654,-0.190223,-0.722476,0.114226,0.189271,0.043941,-0.116495,-0.267170
0.098977,0.015556,-0.035871,0.072250,0.126027,0.004620,0.091705,0.071946,0.139813,-0.010414,0.013588,-0.199580,-0.095048,-0.481451,-0.260455,0.065673,0.238254,0.261869,0.211714,0.011297,-0.043426,0.155279,0.068529,0.062724,0.035302,0.033819,-0.342310,-0.034342,-0.057605,-0.051233,-0.203064,0.211338,0.009196,-0.063289,-0.018549,-0.136195,-0.012856,0.125766,-0.180408,-0.271090,-0.183283,0.284523,0.178970,-0.012547,-0.178728,0.113208,-0.082795,0.049937,-0.020687,-0.252599,-0.031438,-0.015019,-0.000201,-0.273335,-0.070976,-0.005583,0.055483,-0.056328,-0.071400,0.026093,-0.350707,-0.208341,-0.018044,0.048937,-0.096012,-0.059892,-0.161157,0.122834,-0.006971,-0.058695,-0.177877,0.114456,-0.120459,0.069739,-0.040543,0.183524,-0.078850,0.144885,-0.036049,0.143809,0.048616,0.092197,0.014136,0.109537,-0.030186,0.127340,0.250952,-0.337753,0.046462,0.107134,0.143994,-0.000143,0.099911,-0.024740,0.039246,-0.063887,-0.118892,0.008207,-0.010277,0.126301,-0.008981,0.224694,-0.075073,-0.111190,0.448211,-0.042281,-0.013199,0.049184,0.230192,0.039877,0.091095,0.120617,-0.194600,0.193843,-0.054236,-0.044653,-0.038628,0.178716,0.055885,-0.145092,-0.068153,-0.108067,-0.255265,-0.246962,-0.064409,0.182761,0.097016,-0.092538
0.054119,0.010888,0.165858,0.011880,0.189963,0.146406,-0.002090,0.090787,-0.375524,-0.006663,0.018255,-0.002318,-0.212994,0.015419,-0.019888,0.156633,0.034557,0.104870,-0.024988,0.002011,-0.084444,0.090809,-1.440239,0.026133,-0.016408,0.110723,0.055080,-0.091724,-0.061007,-0.052227,-0.101635,-0.122815,-0.076716,0.131619,0.000342,-0.042139,0.016854,0.098485,-0.024574,-0.052587,-0.127593,0.008020,0.035643,-0.034467,-0.072610,0.013856,0.077633,-0.012260,0.040150,0.036455,-0.022338,0.103638,0.056413,-0.105911,-0.188680,0.052942,-0.022206,0.064172,-0.083631,0.025496,-0.065109,0.035629,0.085385,0.037200,0.117551,-0.058282,-0.015865,0.255845,-0.024880,-0.024643,-0.027442,0.223914,0.126158,-0.084335,-0.009109,0.095662,-0.061425,-0.123935,0.021617,0.074888,0.088041,-0.124143,0.045717,0.235814,0.024203,0.032535,-0.092205,0.542799,-0.008207,-0.007718,0.028472,0.062939,-0.018193,-0.015220,0.176526,-0.020081,-0.097054,0.007337,0.081113,-0.110909,0.060933,0.083868,0.148820,-0.128321,-0.097938,-0.040473,-0.013098,0.071487,0.014216,-0.104197,-0.028028,0.064933,0.003200,0.042008,-0.230940,0.110908,-0.065986,-0.094777,0.018366,0.201514,-0.099196,0.070860,-0.051884,0.092127,-0.076885,0.080484,0.079940,-0.062142
-0.042584,-0.004143,-0.145488,0.216240,0.054658,0.002797,-0.029900,0.034585,-0.253753,-0.017317,0.046372,-0.130969,-0.043999,0.297055,-0.089585,-0.083330,-0.204953,-0.276983,0.052379,0.051385,-0.101493,0.227579,0.223447,0.021006,-0.017377,0.254441,-0.278328,-0.057955,-0.023279,0.005245,0.127369,-0.007135,-0.073267,-0.058969,-0.007292,-0.027618,-0.005003,0.013089,0.087011,-0.161527,0.123272,0.069387,-0.108162,-0.036098,-0.146979,-0.022820,0.011605,-0.026007,0.141339,0.279246,0.023490,0.127657,0.124000,0.140468,-0.154892,0.156274,-0.101529,-0.098855,-0.031843,-0.017984,0.235514,-0.173178,-0.003064,0.038720,-0.222856,0.112812,-0.055891,-0.077821,0.044597,0.050585,-0.005416,0.198430,0.182761,-0.000840,-0.061658,0.321348,-0.033511,0.127428,-0.084634,-0.007234,-0.011010,-0.035878,-0.090646,-0.025538,-0.120336,0.012622,-0.028048,0.137687,0.013358,-0.074280,-0.152219,-0.051773,0.825697,-0.061646,0.108865,0.154436,-0.031957,-0.011055,-0.124287,0.031569,0.253365,-0.115419,-0.033102,0.017228,0.089015,-0.182303,0.004133,-0.100360,0.088010,-0.003859,0.037118,0.010036,-0.132151,0.276858,0.067624,-0.053906,0.097337,-0.073586,0.129013,0.176698,-0.055093,-0.068272,-0.035163,-0.050432,-0.126790,0.108877,0.176521,0.263832
-0.018920,-0.004408,-0.151578,-0.019142,-0.022102,0.381797,-0.002235,0.002376,-0.145282,-0.008162,-0.055123,0.045165,0.105238,-0.090155,0.129962,-0.038894,0.107259,-0.320150,-0.033188,-0.156750,-0.090744,0.079627,0.060133,0.037389,-0.015577,0.159313,0.091307,-0.038972,0.007764,0.023852,-0.033891,0.062251,0.050967,-0.054747,-0.034194,-0.022814,-0.064051,0.224920,-0.061098,0.131204,-0.018536,-0.144501,0.034716,0.056441,-0.032742,-0.029557,-0.049379,-0.052520,0.067901,0.424375,-0.021062,-0.098657,-0.002745,0.166160,0.439933,-0.114058,-0.012101,0.003709,-0.009472,0.019189,-0.152896,-0.193734,0.061262,0.049212,-0.088503,0.186547,-0.155778,-0.291705,0.053439,0.037058,0.034054,0.142123,0.130472,0.286016,0.002720,0.025958,-0.050974,0.002484,0.000077,0.083183,-0.017380,0.013645,-0.058239,0.273739,0.025561,0.058123,-0.082862,0.291707,0.039504,0.014183,-0.037439,-0.019902,-0.139408,0.234552,-0.035069,-0.068981,-0.008708,-0.000650,0.104346,-0.132466,0.008224,0.067014,0.152479,-0.052822,0.142832,0.021389,-0.042439,0.010373,0.263527,0.006914,0.026874,-0.034024,0.035678,0.110243,-0.194512,0.146518,-0.077933,0.143978,-0.250127,-0.205464,-0.023212,-0.017649,-0.117082,0.274392,0.044692,-0.041792,0.057920,-0.127990
-0.041350,-0.021027,-0.021662,0.007543,-0.080626,-0.245232,0.081488,0.020587,-0.058121,0.024909,0.024274,0.281805,-0.547696,0.015198,0.047981,-0.070904,-0.196310,-0.107919,0.055588,0.051938,0.530536,-0.042325,-0.100668,0.104127,0.115037,-0.005487,0.033426,0.045226,-0.295686,0.153996,-0.367928,0.065620,0.200039,-0.096956,0.010608,0.038686,0.130657,0.071844,0.112955,0.065751,0.069575,0.223865,0.020742,0.064478,0.363750,-0.022435,0.070664,-0.089708,0.197310,-0.064126,0.006206,-0.025787,0.176730,0.046678,-0.187345,-0.149835,0.002259,0.235242,0.047880,0.098645,-0.127452,0.033916,-0.133102,0.069954,0.119923,-0.153251,0.060108,0.064714,0.035185,0.084334,0.117540,0.182302,-0.121330,-0.089920,0.174401,-0.046071,0.193511,-0.044400,-0.054786,0.095628,-0.025823,-0.163492,0.048521,-0.010687,0.204065,0.173708,0.106630,0.009559,-0.123017,-0.136486,-0.008266,-0.070848,0.262158,-0.002657,0.017095,-0.055953,-0.110907,-0.011527,0.016200,-0.072112,0.605621,-0.143428,0.037591,-0.111569,0.068502,0.028158,0.001670,0.196397,-0.110996,0.057091,0.047659,0.081089,0.011672,-0.052272,0.206852,-0.049480,0.006605,0.756352,0.553741,-0.021483,0.155228,0.135116,0.345135,0.044854,0.040302,-0.180717,-0.103746,0.026341
-0.038658,-0.007698,0.153808,0.101497,0.028503,0.030019,-0.045793,0.022075,0.118242,-0.009028,-0.004152,0.085110,-0.253560,0.005028,0.135593,-0.118157,-0.251018,-0.144086,0.054091,0.147360,-0.035009,0.223722,0.109742,0.002104,0.022737,0.202099,-0.058670,-0.435123,-0.317453,0.204075,-0.192068,0.057868,-0.004221,-0.103705,0.005060,-0.116228,0.006956,-0.235779,-0.060895,-0.097334,0.040142,-0.327066,-0.042110,0.058179,0.136063,-0.001025,0.112266,0.024746,0.056990,0.167759,0.006491,-0.045186,0.078545,-0.096430,0.260610,0.038098,0.000378,-0.010809,0.040366,-0.058436,0.144027,0.024140,-0.151099,-0.074257,0.236072,0.179490,0.024854,-0.048940,-0.120426,-0.117425,0.103281,-0.011140,0.307649,-0.147241,-0.081578,-0.030938,-0.096464,-0.039910,0.074287,0.144679,-0.003177,0.018524,0.020858,-0.151973,-0.102787,-0.098144,-0.202797,0.157143,0.021708,0.073182,-0.153417,0.055707,0.170738,0.050065,0.107278,0.047543,0.013639,0.014761,0.005520,-0.026655,-0.360380,0.350226,-0.019310,0.051375,0.176373,0.227953,-0.051182,0.003272,0.205934,0.039506,-0.038317,0.046589,0.027958,-0.162922,0.054322,0.304732,0.051509,-0.026983,0.076812,0.204155,0.191237,-0.073593,0.147480,-0.116294,0.123134,-0.189249,0.344369,0.505665
0.165968,-0.001933,-0.028662,-0.033095,-0.011221,-0.029860,0.105383,0.005142,-0.016888,0.001134,-0.035322,-0.108960,-0.252540,0.179234,-0.054808,-0.060179,0.010858,0.251882,0.259262,0.013692,-0.216417,0.088350,-0.124784,-0.129128,0.164913,-0.020033,-0.011887,0.065566,0.193421,0.913686,-0.056951,0.047683,0.026539,-0.264951,-0.001312,-0.266337,-0.068213,-0.004273,-0.102924,-0.073757,0.051537,0.073061,0.319676,0.053819,0.044405,0.026546,-0.075251,-0.026050,0.277710,0.190982,0.011671,0.123155,0.248751,0.160212,0.113221,0.008997,-0.070090,-0.097680,-0.045961,0.009136,-0.059317,-0.049539,0.123258,0.187242,0.049227,-0.027875,0.200462,0.032785,0.064474,-0.033650,0.336500,-0.063897,0.196433,0.035453,-0.046696,0.237775,0.053263,-0.025290,-0.081472,-0.010639,0.134242,0.122331,-0.306373,0.142058,0.079873,0.052460,0.054515,-0.254040,0.080501,0.060367,0.475183,0.000767,-0.028229,0.071455,0.066134,-0.005744,-0.001360,-0.000204,-0.017739,-0.238358,-0.085105,0.025973,-0.001340,0.023442,-0.046756,-0.124502,0.053774,0.038334,-0.042345,-0.100039,0.046963,0.033395,0.010100,0.053260,0.011700,0.016188,-0.024072,-0.137314,-0.092839,0.021407,0.098210,-0.217675,0.598003,-0.004712,0.024962,0.123498,-0.061341,-0.138961
0.571082,-0.004912,0.104651,-0.069392,0.014125,-0.113086,-0.025843,0.034691,-0.226469,0.029993,0.177325,0.149066,0.376739,-0.132494,-0.094041,0.038155,-0.002782,0.168437,0.003713,-0.044106,0.084696,0.101529,0.067661,-0.141827,0.154190,0.247839,-0.152430,-0.283190,0.161804,0.132371,-0.065130,-0.120604,0.100485,0.010237,-0.002534,0.213409,0.137161,-0.338213,0.022174,-0.006683,0.004381,0.138572,-0.211936,0.180167,-0.043927,-0.016030,0.171556,0.070093,0.054146,-0.112177,0.016812,0.013995,-0.098710,-0.013738,0.210238,0.114369,0.013470,0.006191,-0.047007,-0.014304,0.197015,-0.003642,0.132430,0.074305,0.015277,0.278139,-0.304178,0.114012,0.174597,0.226351,0.013208,0.030364,-0.047231,0.040971,0.019749,0.156117,0.098783,0.200186,-0.005603,-0.036796,0.095368,0.181343,-0.093525,0.184197,-0.146824,-0.005652,0.022282,-0.083388,-0.083305,0.020582,-0.051640,0.148534,-0.015041,0.002273,0.033276,0.024518,0.011343,0.006161,0.035417,0.289062,0.083616,-0.001536,-0.067181,-0.022768,0.009526,-0.038036,-0.018192,0.013426,0.028816,-0.061426,0.255634,-0.018739,0.138947,-0.105548,-0.025149,0.618203,-0.028024,0.173696,-0.238670,-0.017922,0.056814,0.102238,-0.028392,0.079608,0.089453,0.031215,-0.059199,-0.371739
-0.019444,0.015883,-0.120536,0.203421,-0.178315,-0.105213,0.095224,0.014505,-0.282598,0.006849,0.120187,-0.049820,0.117993,0.171363,0.120402,-0.121524,0.470078,-0.004681,0.093797,0.089270,-0.126625,-0.117108,-0.180013,0.049028,0.025434,0.018998,0.197181,-0.134742,0.166130,-0.128292,-0.335662,-0.050961,0.059847,0.223434,-0.004505,0.046585,0.022424,0.074824,-0.092762,-0.178685,-0.088259,0.313735,0.112672,0.115281,-0.136932,0.129598,-0.011146,0.037292,0.076751,0.137270,0.012707,0.014058,-0.072465,0.167414,0.351586,-0.162017,0.059641,0.006018,-0.080828,-0.151648,-0.029678,-0.008566,-0.264345,-0.012577,-0.037535,0.069283,0.145319,-0.002556,0.048208,0.255873,0.019863,-0.402435,0.071920,0.167098,0.006184,-0.089870,-0.054321,0.012041,-0.055399,-0.100869,0.067521,-0.094555,0.131854,-0.126815,0.014239,-0.055421,-0.172971,0.067733,0.118397,0.119658,0.019831,0.149132,-0.051975,-0.912578,-0.063045,-0.003263,0.100915,-0.008081,0.158267,0.185586,0.170118,-0.027699,0.691706,-0.013343,-0.026040,0.047170,0.071244,-0.003842,0.152176,0.163653,-0.004858,-0.054570,0.032096,-0.062839,0.288694,-0.162493,-0.021145,-0.115186,0.090435,-0.129940,0.004420,-0.175756,-0.084803,0.016787,-0.106528,0.027989,-0.417342,0.432224
0.423964,-0.011882,-0.177679,0.096013,-0.009021,-0.343894,0.000266,0.044501,-0.001796,-0.009062,-0.108202,-0.038171,-0.098478,0.094782,-0.068710,0.169221,0.061665,-0.012244,-0.023211,-0.131895,0.032038,0.074230,-0.027429,0.036644,-0.022812,-0.321814,0.040835,0.018058,-0.183163,-0.176392,0.094528,0.332197,0.094414,0.183369,-0.040939,0.059023,0.003287,-0.043496,-0.076583,-0.025884,-0.241906,-0.190928,-0.175949,-0.327307,-0.180913,0.004190,0.106509,-0.110618,0.145003,0.084354,-0.009698,0.111473,-0.122280,-0.267472,0.006663,0.187598,0.006470,-0.124525,-0.027417,-0.048083,0.150827,0.115983,-0.129006,0.251586,0.033658,0.126746,-0.098288,-0.056816,0.015671,-0.079885,0.843267,0.182073,0.016254,0.012690,-0.034854,0.028308,-0.088808,0.007252,0.103300,0.158008,0.031537,-0.116015,-0.046388,-0.069086,0.010659,-0.536975,0.247736,-0.165326,0.149034,-0.037458,0.200560,0.082806,0.427983,0.169479,-0.166072,0.196950,0.137483,-0.001275,-0.226286,-0.029810,0.096028,0.009901,0.161196,0.069480,-0.244420,0.085214,0.232504,-0.059083,-0.071441,0.022968,-0.381363,0.194442,0.143952,-0.035638,-0.092424,-0.064120,-0.008143,-0.069814,0.201668,-0.004910,-0.157216,-0.004760,-0.326905,0.083520,0.066316,-0.065541,-0.097184,-0.034064
0.359058,-0.016686,-0.023937,0.023849,-0.038996,0.207253,0.098198,0.155449,0.016418,-0.004211,-0.002037,0.012806,-0.211616,-0.055812,-0.194104,-0.288580,-0.085849,0.117708,-0.030264,0.008711,-0.042237,-0.085083,-0.162246,0.099575,-0.117343,-0.003680,-0.163201,-0.057089,0.088440,0.000043,0.063822,0.277902,0.187775,-0.033200,-0.009646,0.037930,0.100513,-0.132473,-0.081060,-0.039174,-0.092884,0.017222,0.057561,0.081359,-0.203964,0.020476,-0.240695,0.043483,0.047316,0.192016,0.012698,-0.002715,0.094968,0.060540,0.094784,-0.109400,0.092977,0.009849,0.032908,0.012862,0.136772,-0.055323,-0.095679,0.092209,0.324709,0.067025,-0.163643,0.219841,-0.050187,-0.080066,-0.498295,-0.319824,-0.036723,-0.023729,0.034651,0.055278,-0.038842,-0.157218,-0.093160,-0.117044,-0.041897,-0.006812,-0.059311,0.092515,-0.047858,0.106729,-0.087968,-0.391510,-0.192800,-0.153242,-0.163211,-0.044793,0.121290,0.002507,0.007616,0.029790,-0.019743,0.019895,0.112579,-0.103333,0.254198,-0.133027,0.107759,-0.031421,-0.034577,-0.016176,-0.033423,-0.005588,-0.151481,0.036242,-0.237403,0.130043,0.092932,0.071635,0.249873,-0.042050,0.083422,-0.261545,0.137518,-0.096532,-0.211185,0.183455,0.308953,-0.121309,-0.363793,0.224577,-0.141175,-0.321916
0.058663,-0.018002,-0.087780,-0.272795,0.121133,0.283730,0.011335,0.011378,0.117178,-0.000679,-0.004076,-0.005534,0.401500,0.092974,-0.004365,0.012732,-0.405723,0.251631,0.098741,-0.084913,0.095113,0.008634,0.021681,0.045851,-0.055741,0.183881,0.221288,0.102789,0.147373,-0.154077,-0.189978,0.090074,0.114343,0.009254,0.003552,0.109768,0.041223,0.134120,0.029746,0.291166,0.125137,0.134192,0.084327,-0.065473,0.134006,0.003462,0.017076,0.051194,-0.026669,0.355214,-0.002793,-0.008989,-0.071408,-0.141274,0.100593,0.220768,0.042356,0.052770,-0.003990,0.040998,0.191371,-0.067546,0.028401,0.103933,-0.024587,-0.452882,0.057606,-0.077886,0.120224,0.115782,0.041763,0.004210,-0.086086,0.015133,0.064344,0.366413,0.017893,-0.297004,-0.039297,-0.071043,-0.001835,0.025061,-0.060669,0.260343,0.043933,-0.148362,0.041386,0.006200,0.072942,0.009935,0.133755,-0.051480,0.074131,0.053075,-0.002770,0.061525,-0.046304,0.002339,-0.110677,-0.223622,-0.063158,-0.052775,0.061375,-0.014550,0.023573,0.061214,0.097552,0.008509,0.005805,0.038114,-0.159396,0.028815,0.079717,-0.098535,-0.071755,-0.042113,0.013437,0.232085,0.028127,-0.098454,-0.015539,-0.083525,-0.041076,-1.376560,0.061861,-0.073654,-0.077344,0.180823
-0.122540,0.013275,0.241022,-0.000344,0.040525,0.103352,0.005331,0.064359,0.186518,-0.012381,0.132158,-0.204305,-0.286464,0.293024,-0.257300,-0.201144,0.100993,-0.018533,0.001994,0.042453,0.089111,0.022453,0.265957,0.181344,0.227170,0.296613,-0.055689,0.024893,0.052968,-0.165031,0.083527,0.274066,-0.007869,-0.107042,0.012271,0.009784,0.070657,0.011368,0.005007,-0.038898,-0.104093,0.082423,0.002425,0.044667,0.193732,-0.074674,0.090085,0.032303,-0.048411,0.100863,-0.007109,-0.037381,0.064315,0.237433,0.072184,-0.193902,0.048406,0.052991,0.051384,-0.001448,0.086545,0.004485,-0.031178,-0.010463,-0.084469,0.050834,-0.015705,-0.059084,-0.044314,-0.054130,0.106374,0.034049,0.140133,0.088988,0.044888,0.175015,-0.081324,-0.054615,0.009680,0.120910,0.091147,0.217306,-0.004301,0.108371,-0.124973,0.073862,0.071904,0.157050,0.041901,0.083203,0.015429,-0.003879,-0.066429,-0.065412,-0.052824,0.038785,0.028986,0.013813,-0.098862,-0.127526,0.146475,0.107113,0.164758,-0.036320,0.004749,0.155070,-0.003619,0.082017,-0.132548,0.201337,-0.018464,0.088725,0.031073,-0.001307,-0.112373,-0.173229,0.044096,0.107868,0.000604,0.116030,-0.191936,-0.121806,-0.348719,0.090479,0.029451,0.054939,0.042350,-0.103486
0.004522,0.003204,0.202638,0.142392,-0.082074,-0.137969,-0.277447,0.116878,0.014642,0.022285,0.292698,-0.015754,0.272953,0.150938,-0.040509,-0.011162,0.007425,-0.015792,0.025300,-0.045600,-0.059699,0.021476,-0.006714,-0.039934,0.172500,-0.225699,0.146997,0.032398,-0.098203,-0.007525,-0.068267,0.158952,0.066306,0.183237,0.010827,0.046036,0.197370,-0.017634,0.169246,0.168338,-0.011375,0.016043,-0.113794,0.057787,-0.051480,0.144300,0.043130,-0.053332,-0.313660,0.071977,0.023256,-0.047635,-0.037564,-0.104239,0.229357,-0.118319,0.071699,0.152457,0.077496,-0.243595,0.080361,-0.007918,-0.398697,0.148154,0.239429,-0.070417,0.102883,0.117754,-0.061840,-0.005680,-0.035880,0.022369,-0.202304,0.020141,0.080515,0.228532,0.113115,-0.029166,-0.018528,0.145748,-0.300915,0.017237,-0.226625,-0.000012,-0.068456,-0.117739,0.038206,-0.157466,-0.201677,-0.169885,-0.013666,0.166051,-0.067498,0.156656,0.133859,0.084796,0.175941,0.015634,0.005038,-0.041846,0.060861,0.006625,-0.044067,0.056134,0.124106,0.095530,0.093521,-0.024093,0.140672,-0.041703,0.197635,-0.123769,0.148109,0.022207,-0.000055,-0.175219,-0.026912,-0.116596,0.108597,0.137058,0.011162,-0.106811,-0.188625,0.171911,-0.224237,0.064972,0.376160,-0.176312
0.188518,0.003658,0.090651,0.081762,-0.103865,0.141862,0.039580,0.045128,0.257829,-0.009337,0.028246,-0.125338,-0.312693,0.179983,-0.039492,-0.745701,0.000522,-0.025637,0.013830,-0.265077,0.006674,-0.162255,0.054751,-0.021201,0.248420,-0.326837,0.172458,0.182529,0.135592,-0.021664,-0.003047,0.215951,0.166762,0.387969,-0.017000,-0.130286,-0.053843,-0.078105,-0.011380,0.115072,-0.057819,0.009802,-0.086486,0.249253,0.034737,-0.006226,0.189510,0.016737,-0.077109,0.094585,-0.007191,0.068139,-0.267714,0.076834,-0.112971,0.038000,-0.154292,-0.012711,0.049008,0.011087,-0.148210,0.172572,0.244753,0.077303,0.198125,-0.004409,0.015655,0.035885,0.193110,0.230883,0.246672,0.084210,0.221081,0.163348,0.072243,0.146332,0.359930,0.044017,0.051894,-0.069291,0.021919,-0.064108,0.152881,-0.033476,-0.052262,0.263791,-0.470409,0.211050,0.066083,-0.005839,-0.107871,0.337265,0.112231,0.026274,-0.076342,-0.036380,0.160000,-0.005170,-0.016013,0.039849,-0.151013,-0.021291,0.074429,0.229916,0.003039,0.107551,-0.146154,0.115864,0.079659,0.126606,0.362982,-0.058340,-0.115668,-0.153641,-0.010652,0.108850,0.030019,-0.050961,-0.144249,0.049125,-0.036759,-0.067966,0.073606,-0.116284,0.142753,0.283780,-0.007028,-0.023751
0.005402,0.012907,-0.002316,-0.001325,-0.021255,-0.001531,-0.005396,0.000647,0.007572,-0.012505,0.007209,0.005460,0.003256,-0.003080,0.005773,0.008666,0.009905,-0.004063,-0.003117,0.002281,-0.001454,-0.002621,-0.000833,0.022788,0.003740,0.011602,0.001227,0.002511,0.003205,-0.001165,-0.002981,0.000335,0.007171,0.010922,-0.008734,0.003453,0.008815,0.011741,-0.000471,0.006264,-0.008474,-0.007030,0.006054,0.016290,-0.002572,0.002853,-0.011971,-0.003760,0.011551,0.003243,0.008611,0.001148,0.004476,-0.001658,-0.014687,0.005221,-0.021958,-0.027642,-0.004942,0.001903,-0.003617,0.000354,-0.000035,-0.006346,0.001835,-0.006795,-0.007686,-0.003001,0.014506,-0.012255,0.008561,-0.007656,-0.007465,-0.000489,-0.000994,-0.007875,0.009329,0.004661,-0.012393,-0.003248,0.011293,0.003408,-0.008087,0.000846,-0.009282,-0.000299,0.002299,0.000760,-0.019067,-0.014890,-0.006899,0.006776,-0.001266,-0.000070,0.012835,-0.001455,0.020628,0.041195,-0.001329,-0.004307,-0.004830,-0.005992,-0.012206,0.010686,-0.000989,0.001791,-0.006596,0.004365,-0.002685,0.011669,-0.005953,0.001909,-0.006121,0.004649,0.007562,0.000508,-0.006770,0.000346,-0.011958,0.003547,0.002760,-0.001374,0.006429,0.003402,-0.016865,-0.003709,0.000901,0.005234
-0.047050,0.008827,-0.041322,0.086001,-0.025518,0.309233,0.018468,0.027542,0.164178,-0.020129,-0.091169,-0.016245,0.116100,0.168076,-0.025680,-0.072724,-0.024059,-0.006120,-0.127758,-0.139309,0.048597,0.207133,-0.115367,0.040375,0.052456,-0.111165,0.103594,0.472907,0.296669,0.014982,0.029732,0.022084,-0.023460,0.103344,0.008247,-0.110484,-0.067129,0.071842,0.041811,0.094513,0.085308,-0.067967,0.004453,0.061989,-0.126276,-0.015127,-0.023760,-0.002587,-0.062027,0.119188,0.013167,-0.027300,0.024247,-0.027605,0.045773,-0.205742,-0.068238,0.017312,0.011619,-0.209378,-0.110512,-0.123731,0.110627,0.062691,-0.041400,0.151017,-0.039180,-0.443505,-0.000435,-0.014463,0.131872,0.217555,0.107779,0.129818,0.093320,0.134509,0.030091,-0.085597,0.058393,0.136144,-0.034394,0.110202,0.007499,0.201182,0.018083,-0.072887,0.111051,-0.103600,-0.087188,-0.056132,-0.039235,0.035241,-0.021812,-0.143476,-0.000720,0.006940,0.034071,0.009167,-0.043412,0.100703,0.211294,0.063999,0.014657,-0.009620,0.090802,-0.193321,-0.099686,-0.036648,-0.265884,-0.018879,-0.028267,0.009101,0.102640,-0.337438,0.152781,0.040472,-0.037216,0.029557,0.030877,-0.186360,0.008665,-0.081328,-0.122488,0.301784,0.068063,0.178636,-0.040126,-0.066441
-0.073829,0.005935,0.069557,0.053694,0.113794,-0.237124,0.038239,0.072724,0.002807,0.009981,-0.137814,-1.407489,-0.164515,-0.034761,-0.062534,-0.008191,-0.311351,-0.186935,-0.060912,-0.139942,-0.043875,-0.216759,0.103985,0.087207,-0.107942,0.144617,0.275051,0.132170,0.237179,0.044083,-0.074160,-0.128380,-0.094184,0.124884,-0.002488,0.117878,0.084651,0.175425,-0.018957,-0.119178,-0.073427,-0.014758,-0.081445,0.064424,0.006725,-0.026516,-0.028168,-0.009754,-0.098945,0.185960,-0.004542,-0.062844,0.041012,-0.074443,0.090501,-0.143816,0.080395,0.026587,-0.024231,0.233198,-0.180979,0.080080,0.065333,-0.096414,-0.047309,0.366196,0.138685,0.016095,0.107873,-0.082950,-0.019807,0.121977,-0.085384,0.049482,0.050969,-0.068804,0.072938,0.106233,-0.027895,0.061737,0.077679,-0.097303,0.053538,0.127584,0.165156,0.076643,0.200791,0.086476,-0.119632,-0.026721,0.012003,-0.034723,0.052142,0.021951,0.027188,0.125464,0.021232,-0.008500,0.054944,0.017817,0.212601,-0.009389,-0.160870,-0.135267,-0.139735,0.083974,0.084917,0.120850,-0.011130,-0.047134,0.062023,0.074568,0.086536,-0.093189,0.138215,0.190055,0.087164,-0.060569,0.081460,0.027743,0.117075,0.119001,-0.142125,-0.200659,-0.020678,-0.117312,0.096995,0.054378
0.171719,-0.016524,0.147223,0.532299,0.132547,0.095013,-0.129488,0.075980,-0.047459,-0.012208,0.261619,-0.050086,-0.119485,-0.116782,0.100922,0.166848,0.297725,-0.110412,-0.066425,0.063501,-0.000970,0.067921,-0.204432,0.019550,-0.114289,-0.134492,0.088398,-0.077740,-0.065028,0.106835,-0.012527,-0.001920,-0.013235,-0.005733,-0.007536,0.088297,0.003621,0.039808,0.013261,0.061605,0.007139,-0.056584,0.031855,0.077566,-0.003538,0.025300,0.134624,0.021295,0.015138,0.085182,0.017835,-0.112235,-0.034880,0.224939,0.121904,0.135025,-0.039067,-0.012714,0.016110,-0.131728,0.058255,0.078442,0.034184,-0.055206,-0.099025,0.100458,-0.058687,-0.001422,-0.062096,-0.103630,-0.055903,-0.010831,0.059039,0.081907,0.073955,-0.055492,0.070684,-0.080711,0.041182,-0.083677,-0.109286,-0.021213,-0.115346,0.046172,0.018392,-0.008311,-0.154006,0.010135,-0.093705,0.003069,0.238935,-0.025473,-0.087885,0.049759,0.128837,-0.080056,0.030450,-0.017227,0.041742,0.078342,-0.064634,-0.104733,0.152134,-0.015338,-0.045425,-0.028957,0.039706,-0.048072,-0.103009,0.023665,0.168821,0.065875,0.062057,0.022738,0.035349,0.038960,0.004592,-0.020820,0.128086,0.409602,-0.037423,0.184599,0.141401,-0.458707,-0.085748,0.086800,-0.193092,-0.031766
0.364516,0.002187,-0.042771,0.043678,0.399770,-0.062792,-0.169046,0.088500,-0.165189,-0.020059,0.037183,0.117808,0.185729,-0.031902,-0.018938,-0.087226,0.035596,0.033721,0.066582,-0.134998,-0.100713,-0.125323,-0.059534,0.217062,0.060447,0.021081,0.024526,-0.040716,-0.082991,-0.014813,-0.167822,0.036172,0.015019,0.136360,-0.001554,-0.146172,-0.219330,0.025694,-0.088008,0.060123,-0.063223,0.046132,0.207069,0.257387,0.124448,-0.108112,0.229764,0.057818,-0.063004,0.069167,0.000326,-0.005258,0.032884,-0.317138,-0.083339,-0.377400,-0.180976,-0.017067,0.080659,-0.094280,0.320771,0.189404,-0.046661,0.040367,-0.160984,0.142067,0.242414,-0.135803,-0.092648,0.177809,-0.460133,0.113683,-0.419250,0.153306,0.009929,0.143371,-0.177690,0.094173,0.128592,0.023245,-0.003274,-0.169539,-0.081854,-0.060536,0.319673,0.085656,0.302598,0.054404,-0.006734,-0.070639,-0.127705,0.085594,0.169585,0.149503,0.241502,0.029724,-0.078764,-0.012038,-0.436678,0.011086,-0.089587,-0.286069,0.038198,-0.056254,0.091379,-0.177070,-0.174212,0.037591,-0.144574,0.183338,0.236114,0.100493,0.093030,-0.146675,0.090901,0.257335,-0.016303,0.044271,-0.121199,0.259014,-0.224658,-0.275268,-0.063561,0.179506,0.165642,-0.044064,-0.046091,0.051077
0.005803,0.013169,-0.202143,-0.027863,-0.084509,0.198932,0.086312,0.033642,0.083234,-0.021382,0.007449,0.069541,-0.006334,-0.095554,0.153727,-0.081479,0.112963,0.158258,-0.030527,0.137480,0.081041,0.064388,0.012537,0.181327,0.118017,0.233943,0.103462,-0.027698,-0.002495,-0.042804,-0.006499,0.089697,0.104575,-0.181169,-0.000761,0.126108,0.059976,0.387535,0.046502,0.041049,-0.042451,0.009651,-0.021705,-0.005049,-0.074611,0.039952,0.009828,0.002941,0.109081,0.201503,0.013509,-0.098437,-0.057288,0.053403,0.074398,0.033500,0.021007,0.064259,-0.009327,-0.052087,0.005217,-0.056920,-0.067859,0.185285,-0.163426,-0.086808,0.039152,0.020237,-0.137142,0.020518,-0.036437,0.320298,-0.196280,0.115438,0.021486,0.133136,-0.269785,-0.112925,-0.098874,0.081359,0.007471,-0.103993,-0.039589,0.248400,0.123623,-0.012882,0.072294,0.265398,0.081582,0.052789,-0.129368,-0.046162,0.019119,-0.160113,0.018228,0.007459,0.032225,-0.007176,-0.020721,0.257291,0.099678,-0.089539,0.054822,-0.071575,-0.102430,0.052039,0.047948,0.056503,0.003734,0.173380,-0.105375,0.080058,0.080208,0.187667,-0.208066,-0.041705,-0.017459,0.020076,-0.113929,-0.074861,-0.096181,0.005199,0.068487,-0.003928,-0.065536,0.540665,-0.011481,-0.159134
0.023020,0.035954,0.060260,-0.326832,-0.501753,0.048971,0.020191,-0.022108,-0.452497,0.003739,-0.008036,-0.070185,0.129160,-0.008396,-0.111510,0.273910,0.062048,-0.026958,0.094085,-0.053843,0.045380,-0.017441,0.087905,0.043651,-0.001267,-0.348168,0.130580,-0.101705,0.005192,-0.057339,0.021174,0.054476,-0.379909,0.031470,-0.002523,0.002814,-0.074150,0.172196,-0.021153,-0.254641,0.125049,0.170884,0.062759,0.146317,0.040792,0.128564,-0.268352,0.048875,0.387182,-0.003540,-0.011518,-0.147531,0.081440,0.081976,0.091146,-0.133742,0.078181,-0.064606,-0.033175,-0.322283,0.539677,0.041080,-0.093630,-0.113958,0.250282,0.066779,0.024115,0.017840,0.145878,-0.240747,0.105104,0.138889,-0.468191,0.045319,-0.021259,-0.002563,0.062867,-0.090300,-0.082403,0.113146,0.016229,0.156145,0.108227,0.279532,-0.000161,0.062778,-0.323707,-0.016121,-0.011353,0.097497,0.164662,-0.000101,0.204381,0.501143,-0.007692,-0.121125,0.136404,-0.003621,-0.194886,-0.128529,0.093813,-0.091539,-0.194109,0.143892,0.083883,0.140366,0.016532,0.084854,0.002112,-0.038192,0.055314,-0.230629,0.116276,-0.072042,-0.115191,-0.063549,-0.051064,0.055448,0.345860,0.100252,-0.046065,0.032501,-0.034264,0.080035,-0.100993,0.125583,0.017933,0.276835
0.000313,-0.008679,0.007984,0.001511,-0.021064,-0.006909,-0.001318,0.001319,0.002270,0.027597,-0.004159,0.002475,-0.004474,-0.005573,0.002850,-0.009546,0.004150,-0.000080,0.006246,-0.002709,0.001461,-0.008334,0.001991,0.005745,-0.019585,0.009488,-0.001924,0.005828,0.005048,-0.008122,-0.010644,0.013154,-0.017487,0.000365,-0.006501,-0.013979,-0.011687,-0.003362,0.004233,-0.008320,0.001091,-0.009180,0.009502,0.014486,-0.000517,-0.005335,-0.002979,-0.009824,0.006426,-0.013157,0.043925,-0.016949,-0.002991,0.003552,0.005310,-0.001718,0.006546,-0.009029,-0.008890,-0.007186,-0.001138,0.001473,0.008458,-0.002690,0.002603,-0.003289,-0.005601,0.004892,-0.002501,-0.002811,0.003092,-0.002276,-0.005364,-0.002328,-0.005440,0.010937,-0.002047,-0.008976,0.027351,0.007033,-0.027155,0.008270,-0.002519,0.013815,0.010883,0.001337,0.002659,-0.007211,0.010608,-0.010204,-0.009233,0.000916,0.001975,0.001863,-0.010804,-0.000767,0.002293,0.002346,0.002736,-0.006031,-0.001147,-0.003653,0.008025,0.007833,0.000047,-0.003401,0.003416,-0.000992,0.003072,-0.006148,0.008357,-0.001927,0.014607,-0.000156,0.006388,-0.016479,-0.004484,0.001912,-0.011755,0.002133,-0.009097,0.001168,0.000057,0.000520,-0.006092,-0.001291,-0.004918,0.002211
-0.073055,-0.005086,0.173807,0.064260,0.279233,-0.090822,-0.075089,-0.048753,0.147666,-0.004842,0.052072,0.036854,-0.051763,0.071287,-0.040184,0.167874,0.047272,-0.027404,-0.041601,-0.262028,-0.130290,-0.035026,-0.160308,-0.403229,-0.167460,-0.016604,0.046456,0.143505,0.046920,-0.050081,0.269008,0.148892,0.052012,-0.090521,-0.002465,0.014685,0.077868,0.251449,0.022408,-0.145197,-0.052964,0.039067,0.002383,0.031507,0.014927,-0.420378,0.078889,0.005820,0.086388,-0.008144,0.022989,-0.314865,-0.243434,-0.139319,0.126446,-0.074911,-0.047923,-0.154607,0.016583,0.351236,0.120546,-0.241079,0.032217,-0.217848,0.751730,-0.227639,-0.147215,0.176088,0.317072,0.071316,0.253950,-0.073188,0.015857,0.046784,-0.113878,-0.054549,0.167677,0.044907,-0.080017,-0.134076,0.122484,0.181406,0.079803,-0.074053,0.102484,0.073776,0.852184,0.166955,-0.004179,-0.003993,0.039106,-0.118030,-0.029192,0.049954,0.073839,0.036732,-0.055758,0.001963,0.112344,0.326739,0.056521,0.074454,0.009229,0.107815,-0.011158,0.048246,-0.083390,-0.218159,0.215587,-0.025546,0.026758,0.000840,0.113025,0.019601,-0.058864,0.190518,-0.172522,0.081531,0.242760,-0.064905,-0.106963,0.075437,0.162046,0.154746,0.026165,0.471940,-0.236441,0.326807
-0.077768,-0.013141,0.266317,0.046095,-0.173848,-0.004026,-0.029557,-0.085750,-0.173275,0.000603,0.025615,0.208182,-0.181522,-0.273943,-0.114389,-0.159842,-0.143516,0.039299,0.008949,-0.031223,-0.120042,0.097066,-0.202661,0.074512,0.007408,0.409555,0.702429,0.045227,-0.138476,0.064122,0.236885,-0.081440,0.066630,-0.186103,0.003098,0.022621,0.045770,0.040313,0.054645,-0.057543,0.046063,-0.169368,-0.060831,0.010207,-0.138951,0.014099,0.016011,-0.000778,-0.248245,0.044787,-0.005996,0.124929,0.173224,-0.072064,-0.036713,-0.211618,0.010527,-0.022620,0.002552,0.031268,-0.032656,0.001556,-0.073454,-0.283926,-0.094358,-0.513071,0.060765,0.131567,-0.143934,0.071915,0.133839,0.091103,-0.149726,-0.146826,-0.114856,0.106429,0.035370,0.126158,0.015190,0.117928,0.043670,0.034299,0.059770,0.186464,-0.118694,0.094294,-0.126096,-0.298547,0.056381,0.022871,-0.010176,0.103582,0.132494,0.049750,-0.031655,-0.015793,-0.026030,-0.019644,0.099675,0.095003,0.104375,-0.062922,0.022160,-0.051709,-0.463642,0.139345,0.012725,0.024434,0.252770,0.070073,-0.120168,0.049129,-0.046040,-0.380076,-0.075160,0.186589,0.188283,-0.211545,-0.275719,0.094761,-0.065338,-0.002036,0.003852,0.017467,-0.161038,0.045724,0.233336,0.271676
0.062436,-0.017621,-0.107994,-0.087773,0.044587,-0.175062,-0.204419,-0.044280,0.104038,0.003851,-0.245981,0.308007,0.044571,0.309280,0.049996,0.163361,-0.165779,-0.144510,0.203540,0.097311,0.019535,0.268126,-0.009969,-0.044657,-0.021658,-0.229657,-0.000673,0.239301,-0.008232,0.065900,-0.051384,-0.199717,0.204573,0.250600,-0.020533,0.089980,0.229402,0.217722,0.043789,-0.339618,0.201495,0.024996,-0.266622,0.063760,0.076374,0.020066,-0.068415,-0.015340,0.322741,0.076052,-0.024912,-0.028025,-0.233112,-0.013429,0.139373,-0.063221,0.102927,-0.017342,-0.003715,-0.673700,-0.606767,0.116124,0.082424,0.154396,-0.131741,-0.109882,-0.109261,-0.000409,0.351167,0.070829,-0.221657,-0.115477,0.010779,0.111869,-0.110902,-0.154513,0.002201,0.190770,-0.034727,0.083717,-0.084301,0.479717,-0.156932,-0.091340,-0.360610,0.122153,-0.050784,0.075607,-0.158936,-0.045590,0.003959,0.063026,-0.067109,-0.052788,0.096126,0.010583,0.040493,-0.012311,0.067784,-0.101359,-0.003027,-0.073597,-0.099704,0.064441,-0.100210,-0.142641,0.111060,-0.060593,-0.043772,-0.070551,-0.094341,0.008817,0.087947,-0.027743,0.082415,0.035515,-0.057628,-0.011853,-0.120808,0.115209,-0.363118,0.102122,0.030208,-0.131006,-0.005121,0.060560,0.067382,0.282356
-0.162217,0.013646,0.002229,-0.267603,0.039637,-0.137967,0.042953,-0.017602,0.087176,-0.000796,0.046517,0.003402,0.223913,-0.442301,0.049320,-0.082117,0.255439,0.327976,-0.028329,-0.013435,-0.303693,0.045078,-0.144178,-0.068235,0.012427,-0.083398,-0.020816,-0.016434,-0.040481,-0.060984,0.290608,0.393138,0.159211,0.015699,-0.021465,-0.090985,0.078426,0.383306,-0.134439,0.178742,0.185989,0.000123,-0.119094,0.027919,0.131460,-0.069319,0.103147,0.016169,-0.132848,-0.081291,-0.010472,-0.062949,-0.059845,0.183417,0.080175,-0.029132,-0.055257,-0.053381,0.011955,0.144992,-0.376877,0.196986,0.051028,0.166951,-0.135098,-0.194231,0.214392,-0.358865,-0.038336,-0.030481,0.077783,-0.241319,0.001639,0.260535,-0.073155,0.553405,0.010824,0.161011,0.093603,-0.121030,0.002732,-0.017456,-0.174377,0.080432,0.068907,-0.093528,-0.102609,0.080202,-0.079832,-0.033026,0.005156,0.047640,0.202370,-0.041456,-0.083630,0.067893,-0.068526,-0.007382,-0.107001,-0.164540,-0.089506,-0.097638,0.050579,0.067988,-0.033582,-0.001917,0.007414,0.076986,0.217812,-0.123094,0.084283,-0.036723,0.219897,-0.151506,0.015365,0.174047,0.021914,0.072705,0.404208,0.106039,0.053944,0.134271,0.258540,0.221035,-0.300363,-0.298580,0.146678,-0.085650
0.003566,0.006768,-0.006484,0.002451,0.008781,-0.001924,-0.003545,-0.011633,0.005427,-0.005719,0.001428,-0.001814,0.004613,-0.003600,-0.004652,-0.014134,-0.004142,-0.005653,-0.008427,0.002374,0.000918,0.002208,0.006562,-0.009314,-0.001524,-0.002399,-0.001818,0.008690,-0.004799,0.001598,0.007380,-0.004669,-0.010416,-0.004503,0.007455,0.005044,-0.005751,-0.002302,-0.001961,-0.004516,0.019762,0.001535,0.011730,0.008685,-0.000224,-0.002704,-0.003623,0.046242,0.008246,-0.017349,-0.003845,-0.007568,0.005821,-0.001462,0.008453,-0.006346,0.009517,0.005630,0.001926,-0.001452,0.002714,-0.003920,0.012661,-0.013414,0.001544,0.006839,0.013891,0.000897,0.020629,-0.005757,-0.006355,0.006541,0.000434,-0.003279,0.011984,0.003343,-0.024035,0.003432,0.013315,0.004753,-0.001505,-0.008541,0.012243,-0.008085,0.011345,-0.000229,-0.001396,0.001560,0.013115,0.021003,0.000824,-0.004246,-0.000947,-0.000444,0.007209,-0.001598,-0.012755,0.015529,-0.001543,-0.007311,0.005839,-0.000142,0.018593,0.020333,-0.001866,0.008307,0.031208,0.013822,-0.001463,0.001968,0.005540,-0.017013,-0.004558,-0.006990,-0.011177,0.004240,-0.008793,0.001083,-0.001593,0.000342,0.003559,0.009040,0.002349,0.002088,-0.020231,-0.001713,-0.004187,0.001274
-0.122831,-0.010242,0.062927,-1.243999,0.081363,-0.060532,-0.069518,0.015554,-0.290164,0.004084,0.172619,-0.075892,-0.065965,0.123227,0.019504,0.026324,0.554083,-0.168751,0.054641,0.237156,0.042347,0.191365,-0.059069,0.066719,-0.137900,0.020824,0.027200,0.208933,-0.194900,0.031671,0.289109,0.106876,0.028247,-0.107981,-0.002531,0.077658,-0.009571,-0.194207,0.067502,-0.160828,-0.043359,-0.045057,0.044837,-0.057210,0.118447,0.041336,0.113766,-0.029888,-0.072220,0.043843,0.019441,0.072771,0.041168,-0.185592,-0.009777,-0.069968,0.055303,0.018352,0.061999,0.166603,0.200493,0.180020,0.028755,0.220237,-0.055671,0.102350,-0.079606,0.007805,0.075637,-0.017738,-0.067173,0.242045,0.379945,-0.016535,0.016569,-0.025109,0.037789,-0.036945,-0.011502,0.120535,0.003180,-0.050628,-0.083945,-0.236225,-0.032460,0.060887,-0.089970,0.118887,-0.068026,-0.047723,-0.002165,0.023510,-0.035097,-0.169888,0.093050,-0.074199,-0.023141,-0.000301,0.073081,-0.093334,-0.037744,-0.157738,0.073194,0.111606,0.246489,0.000440,0.126560,0.031979,0.123335,-0.047176,0.167384,0.166852,-0.002354,0.171454,0.128152,0.097985,0.092579,0.077154,0.065660,-0.568992,-0.159432,0.262541,-0.060746,-0.204511,0.022154,0.220090,-0.068187,0.112089
-0.003384,-0.037159,0.002676,-0.000141,-0.010646,-0.003220,0.003963,-0.008064,-0.007998,-0.017269,-0.002804,0.003745,-0.000959,0.004765,-0.001827,-0.003443,0.012127,-0.003922,0.013870,-0.004672,0.000726,0.000341,-0.002793,-0.011615,-0.004914,0.002479,-0.002614,-0.001946,-0.000287,-0.007600,-0.000645,0.025970,-0.014358,-0.000462,0.007252,-0.002710,0.006266,0.016745,0.013105,0.004437,0.011374,0.003461,0.008086,-0.004413,0.004982,-0.030025,0.015245,0.010009,-0.005675,-0.001806,0.018491,0.017509,-0.003601,-0.007442,-0.005722,0.006774,-0.013221,0.005651,0.016665,-0.008704,0.003409,0.001165,-0.002367,-0.007603,-0.002327,0.003390,-0.017883,-0.000491,0.007411,0.015725,0.002493,0.006903,0.004969,-0.000834,-0.011675,-0.003859,0.010395,0.005747,-0.011039,-0.012923,0.008341,-0.003474,-0.006648,0.015497,0.003495,0.001322,0.001764,-0.012580,-0.005373,-0.001648,-0.007341,-0.009862,0.001772,0.001513,-0.009497,0.006754,-0.010826,0.003930,-0.000861,0.005411,-0.011790,0.001197,-0.001570,-0.033250,0.001700,0.011638,-0.013763,-0.016359,-0.005732,0.014482,0.009181,0.013003,0.003470,0.002777,0.002354,-0.015188,0.024649,0.010166,-0.002287,0.001223,0.002725,-0.004675,-0.004308,0.000740,-0.000619,0.002402,0.001320,0.007851
0.221250,-0.010527,-0.102633,0.099254,0.054857,-0.118510,0.121992,0.038818,0.151937,-0.004337,0.040722,0.003873,-0.007504,0.210202,0.139407,0.197993,0.311557,0.033449,-0.089957,-0.014807,0.073898,-0.003012,-0.204999,0.172324,-0.076261,0.174532,0.210618,-0.050332,0.200599,-0.058370,-0.324396,0.126769,0.085214,0.411756,0.038393,0.337362,0.044954,-0.261404,0.155931,0.139297,0.183421,-0.053630,0.022439,-0.018050,-0.029277,-0.005143,-0.083117,0.087910,-0.042319,-0.270376,-0.001245,0.039842,0.085755,-0.039851,0.046921,0.023255,0.078749,-0.013110,0.010453,-0.236106,0.305361,-0.020258,-0.128063,-0.132061,-0.140484,0.321942,0.174264,0.018824,0.106073,0.317514,-0.058143,-0.103211,0.398576,0.014095,0.069959,0.239789,-0.056226,0.224840,0.017577,0.014068,0.115922,0.222373,-0.172843,-0.071162,0.128336,0.039893,0.035180,0.042041,0.120223,-0.020555,0.146656,-0.226561,0.020383,0.649000,-0.082538,-0.003544,-0.168626,-0.006244,-0.049903,0.257903,0.218053,0.130662,0.159233,0.003117,-0.003200,-0.175237,-0.006887,-0.053792,0.082950,0.187789,-0.039594,-0.033737,-0.221110,0.023410,-0.066183,-0.107755,0.166671,0.145008,-0.113475,-0.169773,-0.030951,0.015967,0.080954,0.050466,-0.031728,0.032728,-0.119617,0.030121
-0.009633,0.003365,0.067425,0.030922,-0.019944,-0.048109,-0.077061,-0.040564,-0.019352,-0.026440,0.080833,0.020485,-0.008575,-0.051426,-0.034956,0.010417,-0.029745,0.013603,-0.026838,-0.090772,-0.017351,-0.045196,-0.043525,0.088185,0.246937,0.017151,0.016511,-0.004140,0.025488,-0.116441,-0.003768,0.184998,0.004041,0.055111,0.011100,-0.106578,0.067197,0.055261,0.021207,0.045266,0.119825,-0.027710,-0.124284,-0.143911,0.039270,-0.051142,0.141927,0.109076,0.014848,0.002976,0.007696,0.074800,0.012485,-0.039656,0.005641,-0.002473,0.152063,0.075339,0.072275,0.113426,0.019769,0.063927,0.019522,0.012408,0.003376,-0.010452,-0.134866,-0.029698,-0.097237,-0.079989,0.072934,0.046878,-0.042602,0.010657,0.045887,-0.010874,-0.125488,-0.015428,0.143775,0.056882,0.073497,0.050776,-0.092867,0.022195,-0.334149,-0.019921,-0.164277,-0.069664,-0.091711,0.127510,0.041385,0.130557,0.043683,0.009367,-0.001133,0.060365,-0.194130,0.005153,-0.007391,0.030777,0.001846,-0.016068,-0.022341,0.171317,0.080053,-0.182789,-0.261349,-0.104729,0.010150,0.066939,0.099571,0.198583,0.013078,0.019981,0.021559,0.005572,0.045921,-0.064220,-0.014612,-0.001049,0.011380,0.216386,0.003442,0.047006,0.009488,0.011570,0.009063,0.026131
0.049002,-0.003787,0.188310,0.459760,-0.097491,-0.255521,0.054899,-0.022457,0.423819,-0.014504,-0.038267,0.161194,0.126348,0.112517,-0.456758,0.003413,0.102424,0.090265,0.015920,0.215365,-0.043793,0.127013,-0.070349,-0.016284,-0.072048,0.069985,0.075213,0.215913,-0.172531,0.010678,-0.054634,-0.057441,-0.211804,-0.277527,0.001500,-0.010343,-0.057568,-0.134437,-0.036852,-0.086476,0.100596,0.045984,-0.005765,0.085817,0.013277,-0.019910,-0.069206,0.045127,-0.241604,0.040071,0.006282,0.001884,-0.011658,0.038002,0.132546,0.004283,0.001267,0.071017,-0.009915,0.014697,-0.190134,0.057920,-0.066994,-0.102275,0.138578,0.019430,0.194043,0.237257,0.016331,-0.124374,-0.042266,0.116110,0.071279,-0.139115,0.002152,-0.075871,-0.091645,0.045397,0.088234,0.267197,0.102483,-0.009305,0.061173,0.258091,0.103619,-0.182354,-0.166189,0.075073,-0.007271,0.058591,-0.049742,0.060457,-0.080231,0.128616,-0.077139,0.024420,-0.015262,0.010492,-0.168646,-0.165020,-0.156668,-1.063897,-0.073603,-0.095863,0.008936,0.043676,-0.007734,-0.104672,0.153104,0.046619,0.046468,0.033438,-0.159317,0.346960,-0.058798,-0.245579,0.035464,0.006852,-0.035444,-0.287258,0.278874,-0.013035,-0.099360,-0.008287,0.037995,0.204874,0.012913,-0.042983
-0.204135,0.001758,0.285076,0.084913,0.047023,0.139407,-0.013888,0.002486,-0.519293,-0.022557,-0.020215,0.004066,-0.059042,-0.021736,-0.130138,0.029164,-0.137931,0.179671,-0.020457,0.209809,0.212041,0.171851,0.204924,-0.040329,-0.148534,0.035684,-0.047720,0.497819,-0.525754,0.095931,-0.500254,-0.084443,0.094756,0.016005,-0.014618,0.039475,0.009698,0.063449,-0.088095,-0.041706,0.132267,-0.075092,-0.109029,-0.034782,0.152971,-0.062798,0.067149,0.037117,-0.003161,-0.054808,-0.018223,-0.097446,-0.073068,-0.570489,-0.121734,-0.249293,-0.019594,-0.062899,0.025844,-0.129078,0.182136,-0.129894,-0.001524,-0.138307,-0.164138,-0.130241,-0.058597,-0.177647,-0.104403,0.154612,0.005732,-0.155268,0.000960,0.094172,-0.040530,0.025558,-0.188455,0.104718,0.053428,-0.287219,0.033564,0.092889,-0.038848,-0.254005,-0.071390,-0.061121,-0.053058,0.057400,0.048284,0.020388,0.131792,0.047297,0.036094,0.121330,0.047468,0.078671,0.068307,-0.019229,-0.042435,-0.025694,-0.017036,-0.173359,0.211118,0.094192,0.256252,0.078865,-0.051287,-0.030555,0.219200,-0.089340,-0.016289,-0.032088,0.047977,0.153007,0.285814,-0.087194,0.001725,0.082180,-0.081194,0.291297,-0.066564,-0.103592,-0.017000,0.082646,0.003908,0.177248,-0.007242,-0.388201
-0.002735,-0.002293,-0.008355,0.006705,-0.016886,-0.006271,0.017575,-0.000855,-0.003039,-0.016425,0.001654,-0.005226,0.005226,-0.003150,0.004932,-0.019022,-0.005405,-0.000947,-0.007831,0.006942,0.007439,0.004148,-0.002641,-0.015356,-0.013022,-0.009840,0.000916,0.003607,-0.005456,0.005603,0.002668,-0.009452,0.005082,0.000435,0.012066,0.002935,0.000063,0.003359,-0.002397,0.000833,-0.007435,0.000353,0.018629,-0.006628,-0.001174,-0.015443,0.012546,-0.003670,0.008771,-0.019214,-0.023562,-0.019837,-0.001927,-0.005344,0.029081,-0.000328,0.011227,0.001244,0.008943,0.014911,0.001529,0.007265,0.006909,-0.010867,0.004144,0.008179,0.017219,-0.000914,-0.002651,-0.002713,-0.001898,0.018877,-0.007103,-0.003485,0.016905,0.013368,-0.013723,0.011807,0.013034,-0.017966,-0.026076,0.018425,0.000718,-0.001184,-0.005529,0.003308,-0.017111,0.004696,0.027658,-0.010831,0.010419,0.009287,-0.001113,0.001329,-0.022804,-0.004281,0.013937,-0.017056,-0.002099,0.000867,0.001244,0.001272,0.000749,-0.015317,-0.000787,-0.020356,0.002246,0.005796,-0.003188,-0.010340,0.018928,0.022776,0.003340,-0.001827,-0.008372,-0.011839,-0.012063,0.006416,0.001331,-0.002062,-0.001784,0.011253,0.004122,0.002204,-0.006427,0.005454,0.013072,0.007666
0.116049,-0.022345,-0.032499,-0.029405,-0.088674,0.087802,0.118376,0.037816,0.170333,0.016304,-0.037805,-0.015592,0.079877,-0.184041,0.085011,-0.014447,-0.099624,-0.085745,-0.014359,0.040294,0.112286,0.076440,0.063087,0.098994,0.051307,-0.195492,-0.272217,-0.026561,-0.005802,-0.034734,0.143065,-0.007470,0.181110,0.040572,0.001055,0.038015,-0.040300,0.129747,0.001106,0.239203,0.069904,0.039456,0.017014,-0.029306,0.009388,0.107082,0.125409,0.011279,-0.221430,0.055491,-0.019195,0.479121,0.311331,-0.093913,0.146472,-0.011879,0.004740,0.027042,-0.010582,-0.460516,0.055535,-0.096657,0.073482,-0.109586,0.147092,0.441273,0.239248,0.111607,-0.599204,-0.011187,0.079285,-0.294444,-0.430317,-0.014298,-0.070565,0.025461,0.324479,0.138398,0.078023,-0.133673,0.131614,0.038456,0.095157,-0.075155,-0.460591,0.050099,0.296668,0.234784,0.025789,0.054166,-0.018075,-0.028183,-0.154777,0.097285,-0.036719,0.078339,0.026204,-0.001789,-0.068257,-0.185713,-0.005592,-0.027511,0.098443,-0.002447,-0.156575,-0.038471,0.186422,0.188981,0.232210,0.128808,0.014012,0.106540,0.151888,0.046236,-0.132807,0.083354,0.510170,-0.127801,0.231434,-0.051482,0.091148,0.165784,0.149988,-0.149421,0.010305,0.405638,-0.206165,-0.040439
-0.007031,0.021833,-0.058726,0.170345,0.027963,0.596801,0.053570,0.007630,0.231113,-0.001035,-0.208193,0.003997,0.425843,0.072004,0.412622,-0.005938,-0.036561,0.078775,0.146501,0.143198,-0.058339,-0.050406,0.366365,-0.031806,-0.121114,0.017625,-0.131026,-0.232842,-0.067955,-0.143341,-0.108364,-0.093362,-0.041458,-0.126216,-0.000834,-0.011835,-0.049136,0.110381,0.015552,0.267038,-0.058246,-0.051398,0.038237,-0.005247,0.123402,-0.067410,-0.081802,-0.068459,-0.115875,0.159879,0.010934,-0.084289,-0.045603,-0.119236,0.024460,0.007258,0.072271,0.033721,0.056363,0.240347,0.037247,-0.081806,0.208427,0.224842,0.125512,-0.053616,-0.047645,0.782031,0.042765,-0.085886,0.057871,0.067497,0.233292,-0.182776,0.049267,0.093571,0.085588,0.066495,-0.030288,-0.115172,-0.014942,-0.043542,0.072739,0.058782,-0.032065,0.111305,-0.155684,0.020569,-0.037810,-0.005856,0.047024,-0.125023,0.064259,0.120253,0.022322,-0.106055,-0.035314,-0.008931,0.050390,-0.219337,0.100034,-0.105881,0.132387,0.085880,-0.006323,0.038951,0.034165,0.053539,-0.166344,-0.070125,-0.021213,0.068643,0.011193,0.219495,0.045212,0.179583,-0.090583,0.093588,0.093577,0.319462,-0.262846,0.126975,-0.174219,0.513123,0.067113,0.190216,-0.297358,0.001840
0.002026,-0.013714,0.116216,-0.011081,0.203075,0.050248,0.163245,0.023228,0.081385,-0.018643,-0.409043,0.141685,0.194154,0.105774,0.119088,-0.233664,-0.110489,0.017179,-0.018663,0.163508,0.024597,-0.253224,0.095814,-0.076632,-0.092775,-0.056099,-0.075031,0.014918,0.279716,0.216747,-0.272229,0.051748,0.145057,-0.098381,-0.019623,-0.034312,-0.004714,-0.006214,0.182349,-0.191307,0.068303,0.054927,0.129338,0.127544,0.037414,-0.105808,0.111846,-0.130126,0.318659,-0.228360,-0.011652,-0.004754,0.190341,0.092869,0.291485,0.083807,-0.016160,-0.165812,-0.000228,-0.039507,0.439335,0.008509,-0.096537,-0.114719,-0.125816,-0.248081,-0.095075,-0.164737,-0.099650,-0.207443,0.083820,-0.101503,-0.263807,-0.058363,0.057427,-0.204774,-0.073983,-0.176624,-0.021755,0.084227,0.007521,-0.283154,-0.178252,0.018158,-0.011683,0.080272,-0.004699,0.070973,-0.270759,-0.217037,-0.069321,0.026370,-0.069088,-0.086073,0.006445,0.068070,0.062581,0.011534,0.171508,0.037548,0.105138,-0.042865,-0.008223,-0.053479,-0.248295,-0.043000,-0.148267,0.015511,0.203474,-0.062697,-0.024036,0.097420,-0.163911,-0.056193,-0.122165,0.203863,0.116675,0.239837,-0.313358,0.144425,0.322458,0.177372,-0.204684,0.133140,0.058141,-0.244960,-0.036966,-0.023946
-0.085774,-0.031846,-0.074031,0.037293,0.139862,0.216848,0.050398,-0.057268,0.157409,0.011286,-0.072990,-0.020103,0.200087,-0.054919,0.314720,0.069141,-0.043434,-0.035501,-0.064719,0.186537,-0.037729,0.193472,-0.109403,0.088429,0.024360,-0.056358,-0.047456,-0.301572,-0.290642,-0.100315,-0.269618,-0.021712,0.028855,0.044145,0.005158,-0.044319,-0.029069,-0.263086,0.014933,-0.106165,-0.070194,0.100218,-0.099861,-0.008858,-0.024127,0.063335,0.092680,-0.010676,-0.166579,0.132187,-0.009376,0.020380,0.031705,0.312664,-0.166004,0.114849,-0.051013,0.002672,-0.023696,0.067818,-0.015329,0.118704,-0.121522,0.099328,0.794393,-0.076063,-0.118357,-0.948668,0.066124,-0.040111,-0.017319,0.421332,-0.095980,-0.249422,0.050653,-0.026435,-0.120645,0.134371,-0.038289,0.189580,0.071783,0.055486,0.082630,0.130489,0.115769,0.006788,0.358757,-0.273662,-0.079248,-0.030697,0.066362,0.033595,0.023094,-0.010400,0.035625,-0.041636,0.021980,-0.016526,-0.021025,-0.217231,-0.011863,-0.001278,0.203726,-0.024072,-0.032888,0.009110,-0.086928,0.113598,-0.315450,-0.008959,0.131493,0.048664,-0.025717,0.035387,-0.072351,-0.211915,-0.097646,-0.094650,-0.116473,-0.005548,0.109622,-0.032606,0.007120,0.072477,-0.016403,0.357592,0.053040,0.159883
0.074153,0.022245,0.117187,0.103047,0.003953,-0.097435,-0.000295,-0.072493,-0.016550,-0.010044,0.099586,0.008600,-0.014308,0.096147,-0.174546,0.120062,-0.015289,0.025587,-0.010556,0.059543,0.253681,0.194207,0.035550,-0.061859,-0.069256,0.023743,-0.061613,0.152523,-0.165770,-0.016632,0.859165,-0.023672,0.047019,0.120146,0.023895,0.170031,0.119496,-0.237854,-0.152254,0.073575,-0.072331,0.167801,-0.014467,-0.079643,0.151489,0.007441,-0.036433,0.035216,0.014070,0.019730,-0.011092,-0.010692,-0.257332,0.275677,-0.006420,-0.177760,0.029422,0.108407,-0.041201,0.075769,0.496114,0.009840,0.135977,-0.015257,0.032899,0.065273,-0.002475,0.003970,0.185544,0.256467,0.037968,0.045114,-0.206071,0.157689,-0.087694,-0.102306,0.147173,-0.020966,0.033715,0.044586,0.053439,-0.021734,-0.018605,0.208632,0.105366,-0.008819,-0.048374,0.185926,0.145668,-0.013256,0.183640,-0.045474,-0.130070,-0.149384,0.028630,-0.067575,-0.042380,0.000340,0.097213,-0.213891,-0.281229,-0.075861,-0.063801,0.010520,-0.271946,0.339950,0.138680,-0.007332,-0.256410,-0.046521,0.074208,-0.000103,0.120247,0.110223,-0.029208,-0.136013,-0.015555,0.090327,-0.269616,0.105287,-0.045168,-0.257492,-0.013059,-0.006768,0.156959,-0.174314,-0.079218,-0.154108
-0.143956,-0.005190,0.039985,0.036271,-0.262586,-0.002922,-0.296093,0.031466,-0.088848,-0.003416,0.065420,-0.139082,0.151340,-0.072221,-0.031331,0.011795,-0.000258,-0.007034,0.002816,-0.013814,0.082725,-0.130368,0.023001,-0.059501,0.186862,-0.012979,0.001788,0.008987,0.077951,0.080230,0.035630,0.182267,0.043112,0.053991,-0.000568,0.073496,0.027598,-0.011945,0.020160,0.047092,0.029215,0.036409,0.252666,-0.103288,-0.066440,-0.038704,0.097833,0.061902,0.095579,0.020372,-0.006642,0.122286,0.013935,-0.045150,-0.028885,-0.138217,0.087848,0.163463,0.197547,0.078582,-0.059628,0.120797,0.001901,-0.006712,0.107931,-0.030632,0.029327,-0.076685,0.052129,0.302026,0.048939,0.007786,-0.047658,0.047052,0.136127,0.058522,0.051040,0.156220,0.055008,-0.026672,-0.136017,-0.106527,-0.044147,0.051440,-0.181099,-0.025891,-0.110015,-0.080134,-0.255011,0.017145,0.086094,-0.209997,-0.001002,0.028280,0.094575,-0.095352,-0.225223,0.019352,-0.026239,-0.016687,-0.161161,0.061251,0.041470,0.150942,0.032066,-0.038939,0.044603,-0.011484,-0.026724,0.011718,0.189456,0.083579,0.238672,0.075244,-0.032612,-0.146771,0.137519,0.079631,-0.122076,-0.076131,0.003344,-0.146034,0.116552,0.120263,0.062435,0.060102,-0.104714,0.064313
0.097704,-0.001582,0.094200,0.077943,0.113071,-0.004354,0.283403,0.119033,0.083556,0.006321,0.140553,-0.105356,0.068185,-0.040097,-0.153423,0.455917,0.127824,0.019615,0.080066,-0.034468,-0.229723,0.176931,-0.084236,0.041207,0.137317,0.060730,0.076988,0.209052,-0.010521,-0.211783,-0.361414,-0.100550,0.192407,0.235644,0.036557,0.121040,-0.156166,0.232951,0.432116,-0.010233,0.123144,0.048331,0.057568,-0.185210,0.039202,0.129040,-0.057273,0.071326,0.038503,-0.097119,0.007773,0.014108,-0.105448,0.233383,-0.098466,-0.153634,-0.104172,0.024920,-0.044650,0.170795,0.119229,-0.058773,0.287990,0.089525,-0.026064,-0.042222,0.191488,0.046931,0.247693,-0.006988,-0.073045,-0.061886,-0.043105,0.099822,0.285874,0.071132,0.115131,-0.180901,-0.359394,-0.135437,0.042884,-0.244372,-0.254635,-0.184380,-0.113751,-0.187556,0.122508,-0.207973,0.080218,-0.043903,-0.242556,-0.054944,0.101173,0.061048,-0.029401,0.154575,0.153110,0.013843,-0.008689,-0.464968,-0.253002,0.142134,0.166148,0.015150,0.062516,0.203278,0.254384,0.061741,0.090368,0.034490,0.037449,-0.103576,-0.028452,0.035900,-0.054557,-0.113125,-0.011309,-0.089714,-0.054054,0.032511,0.344254,-0.185086,0.156144,0.156187,0.128362,0.001984,0.132760,0.080482
-0.091678,-0.024992,-0.110296,0.007703,0.083784,-0.143549,0.106348,0.022370,-0.060988,-0.013510,-0.209248,0.193709,-0.026860,0.039544,-0.001664,0.216886,0.147087,-0.097914,0.294220,-0.009274,-0.033132,-0.143425,-0.043267,-0.081642,-0.104500,0.055008,0.184177,0.160752,0.127697,0.053429,0.110044,0.165174,-0.070258,0.202421,-0.016243,0.155978,-0.065567,-0.236329,0.014796,0.192577,0.023650,-0.134425,-0.034227,-0.056774,-0.206262,-0.035762,-0.069745,0.019830,-0.132576,0.037365,-0.007551,-0.085432,0.122837,-0.151553,0.096730,0.039634,-0.044737,-0.036546,-0.034179,0.147385,0.008265,-0.451135,0.078764,-0.023999,0.261960,0.138169,0.204922,0.334003,-0.007608,-0.046651,-0.050453,0.268296,-0.290381,0.056790,0.102311,-0.043149,-0.031452,0.043611,-0.056435,0.133305,-0.000577,0.083677,-0.210856,0.212988,-0.009373,-0.070135,-0.481855,-0.174806,-0.051765,-0.086581,-0.059985,-0.185650,0.265822,-0.082054,-0.019436,0.090748,-0.217374,-0.043476,0.030091,0.216127,-0.136395,0.013184,-0.100095,0.131360,0.060902,0.112809,-0.032514,0.103439,0.078620,-0.191144,0.076639,-0.168107,-0.094642,-0.121058,-0.131152,0.095814,-0.002172,-0.241547,0.088514,-0.094253,0.131695,0.148930,-0.006777,-0.022055,0.113463,0.204949,0.165013,-0.184369
-0.017918,-0.009574,0.177786,-0.063211,0.064056,-0.430378,-0.004951,0.059708,-0.163122,-0.001469,-0.047200,0.019799,0.116959,0.124479,0.895146,-0.085937,-0.156303,0.107119,0.027147,0.005713,-0.020052,0.012013,0.142561,0.096594,0.025541,0.109969,-0.518134,-0.048337,0.277653,0.014470,0.279105,0.063647,0.035611,-0.052794,-0.026363,-0.057183,-0.069739,0.282430,-0.123209,-0.054244,-0.055036,-0.140379,-0.017016,-0.016981,0.013072,0.032096,-0.043171,0.028690,-0.184205,0.016855,-0.020838,0.027687,0.104708,0.326814,-0.282938,-0.229722,-0.003203,-0.094667,-0.014128,0.001211,0.185985,0.122866,-0.097357,-0.253202,-0.033173,-0.068966,-0.009012,0.161932,-0.033978,0.079925,-0.116164,0.236833,-0.035977,-0.055221,-0.005802,0.287908,-0.061174,-0.042336,-0.026335,-0.029399,0.051034,-0.116037,-0.013500,0.026218,0.043539,-0.027131,-0.019454,0.376988,0.022418,0.019530,-0.116607,0.002784,-0.065463,-0.126195,-0.058658,-0.082090,0.019468,0.010037,-0.088137,-0.008771,-0.020764,-0.033919,0.233167,-0.030589,-0.054845,0.065118,-0.012653,0.027821,-0.191648,0.045819,-0.120494,-0.035542,-0.092117,0.271940,-0.125990,-0.150384,0.057488,0.024432,0.160501,-0.076007,-0.069695,0.070401,-0.009756,-0.062265,-0.073704,0.133214,0.254360,-0.108976
-0.173705,-0.028381,0.197164,0.002968,-0.080861,0.265780,-0.008702,-0.062833,-0.214636,-0.005220,0.088417,-0.089947,-0.170689,-0.049988,0.624947,0.114979,0.080830,0.272035,0.045892,-1.231627,-0.249581,0.273448,0.118852,0.024358,0.069743,-0.014163,-0.169941,0.379899,-0.265778,0.060659,-0.010036,0.121480,-0.016125,-0.075554,0.010590,-0.005006,0.088732,-0.073914,0.051375,-0.014008,0.048608,0.200327,-0.028230,-0.022298,0.069023,0.005724,0.027436,-0.021001,0.053877,-0.159096,0.007195,-0.085877,-0.025427,0.056366,0.018428,0.179212,-0.011584,0.014410,0.033509,-0.012150,-0.067560,-0.106061,-0.312170,-0.069368,-0.125942,0.116204,0.074221,0.248137,0.026892,-0.058200,-0.078853,0.101113,-0.110169,-0.080562,-0.013128,-0.253640,-0.068789,0.091544,0.038382,0.338956,-0.048797,0.045365,-0.221660,0.053575,-0.021692,0.049987,-0.133840,-0.179291,0.004827,-0.035943,0.013055,0.124059,-0.050115,-0.096949,0.008063,0.117015,0.033600,-0.008058,-0.063546,-0.020037,-0.121862,0.164031,0.067864,0.013905,-0.234764,-0.017884,-0.009174,0.060275,0.095700,0.073696,0.086808,0.043542,-0.072629,0.325689,0.136702,0.035947,-0.042647,-0.005450,-0.143306,-0.011617,0.192825,0.039886,0.041223,-0.100787,-0.075641,0.054957,0.042063,-0.163310
-0.049507,-0.009863,0.128330,0.013314,0.097403,0.072103,0.012441,0.026598,-0.354472,-0.028137,0.272668,0.032644,-0.013222,0.063034,-0.066140,0.147250,0.150966,-0.051792,0.217024,0.168532,0.060015,-0.370587,0.180694,0.068433,-0.035197,-0.201714,0.078416,0.104500,0.657678,-0.118371,0.031023,-0.004646,0.090189,-0.114539,-0.020716,-0.025542,0.045231,-0.032503,0.016461,0.022113,0.027024,-0.055580,-0.026962,-0.041619,0.061701,0.050968,0.283184,0.012826,-0.066588,0.101562,0.000923,0.060019,0.120242,-0.011812,0.181920,0.139947,-0.020233,0.015701,0.011421,0.013890,0.040636,-0.344596,-0.135676,0.124276,0.190396,-0.172746,0.021766,-0.123697,-0.124700,0.196778,0.010837,0.145151,-0.054523,0.090555,-0.031096,-0.308328,-0.034404,-0.034655,-0.048165,0.241696,0.015048,-0.234420,-0.027146,-0.018195,-0.082468,-0.021360,-0.121259,-0.139218,0.188098,0.164657,0.049517,0.035951,-0.123356,0.239935,0.007236,-0.035501,-0.048353,-0.019606,0.021667,-0.012520,-0.165967,0.151776,0.037821,0.036139,-0.000507,-0.216224,-0.094390,0.136099,-0.176158,0.144811,0.040385,0.080999,0.055996,-0.028513,0.374335,-0.140650,0.061094,0.146681,0.360164,0.035510,0.064787,-0.033031,-0.041316,0.113944,-0.137699,-0.035953,0.086353,0.108717
0.250694,0.031269,0.196521,-0.173088,-0.009453,-0.074189,-0.063470,0.049587,-0.033765,-0.014497,0.108084,-0.037885,0.047465,0.030117,0.748899,0.153756,-0.062798,0.199823,-0.102777,0.206580,0.113530,0.142298,0.178815,-0.074214,-0.011656,0.128273,0.230315,-0.048559,-0.175020,0.071725,0.014377,-0.230124,-0.032708,-0.199649,-0.000979,0.046132,0.002554,0.091204,-0.082193,-0.161775,-0.130487,-0.017795,0.060372,0.016965,-0.008395,-0.048011,0.052108,-0.004290,-0.008746,0.125182,-0.012305,0.075516,0.023546,0.133339,0.058099,-0.081896,-0.011703,0.051367,0.000456,0.075818,-0.059567,0.018086,0.027717,0.024507,-0.046041,0.265383,0.065939,0.085047,-0.072804,0.014243,0.071638,0.043625,0.061495,-0.148547,0.039825,0.072831,0.022175,0.213865,0.012582,-0.067891,0.077584,-0.055907,0.141929,0.112475,0.010910,-0.009629,-0.038145,-0.944674,0.026124,0.011557,-0.003072,-0.032220,0.038489,-0.028986,0.120147,-0.094417,0.016077,0.011357,0.019219,0.169868,-0.159055,-0.161475,0.183499,-0.003855,-0.211687,0.169047,-0.053505,0.015696,0.100961,-0.019021,0.047438,-0.020965,-0.001258,-0.877731,0.041071,-0.061247,-0.001896,0.087555,0.005231,-0.201466,-0.169445,-0.084532,-0.120971,0.012366,0.044207,0.170906,-0.152838,-0.090654
-0.098464,0.010784,0.168348,-0.070674,-0.113747,0.035153,0.021312,-0.090149,0.203821,-0.007157,-0.095407,-0.159299,-0.014519,0.127231,-0.028486,-0.057611,-0.101302,0.148668,-0.158076,0.171480,-0.016478,0.172984,-0.073708,-0.007287,0.082800,0.052854,-0.081310,-0.025121,0.206296,-0.065403,-0.214548,0.067994,0.069048,-0.115510,0.003834,-0.023050,-0.004108,-0.167957,-0.058520,-0.018029,0.141192,0.316659,-0.002105,-0.072920,-0.055366,0.139644,0.074854,0.028441,0.176190,-0.087467,-0.006032,0.108511,-0.027158,-0.018795,0.082810,0.023379,-0.016399,0.105253,-0.064449,-0.017076,-0.070614,-0.092448,0.061066,-0.114533,0.054039,0.008298,0.217320,0.003091,0.284361,-0.115423,-0.069810,-0.176024,-0.234647,0.102215,0.042826,-0.111622,-0.140229,0.168508,0.128581,-0.014234,0.027209,-0.231274,0.083900,-0.018371,0.250368,-0.188562,-0.013347,-0.107560,-0.108065,0.034015,0.028372,0.108595,0.048746,0.210523,0.034272,0.012827,0.037610,-0.009546,0.206472,-0.043165,-0.070266,0.303967,-0.131329,-0.066933,-0.145844,0.096221,-0.052421,-0.098480,0.013176,0.003258,-0.007766,0.029638,-0.028013,0.254414,0.035948,0.063282,0.050087,-0.175222,-0.051270,-0.033049,-1.339955,0.035247,0.206054,0.074320,-0.096885,0.145203,0.171057,0.150215
0.003930,-0.025169,0.060482,0.017930,0.052756,-0.062382,-0.018871,-0.002060,0.163289,-0.003499,0.044607,-0.098101,0.176872,-0.165973,-0.024570,0.006718,0.180765,0.043832,0.017483,0.053128,-0.028363,-0.187866,0.054387,-0.033278,0.001628,0.202415,0.021146,-0.527427,-0.359951,0.067890,-0.104056,0.089183,0.069553,0.038332,-0.008751,-0.018242,0.010602,-0.028106,-0.008179,0.022112,-0.000528,0.134525,0.055434,0.056173,0.078192,-0.009488,-0.040776,-0.019876,-0.014157,0.297403,-0.025840,-0.017547,-0.034291,0.118151,0.323136,0.114970,-0.030096,-0.007367,0.017873,0.091692,-0.067319,0.054731,-0.043540,0.054962,0.034822,0.048251,0.086233,0.190658,0.072672,0.115417,-0.053582,-0.152166,0.121540,0.115934,-0.003090,0.211683,-0.034904,0.108753,0.003746,0.121593,0.009606,-0.087746,-0.161173,-0.042101,0.001788,-0.041184,0.032764,-0.016622,0.075625,-0.026591,0.032900,0.010845,0.088273,0.229880,0.006522,-0.038266,0.031600,-0.009820,-0.258495,0.055022,-0.027216,0.149577,0.012964,0.086212,-0.023138,0.013910,0.038530,0.046206,0.407569,-0.030758,0.046085,0.017687,-0.004496,0.198218,0.145217,0.055116,-0.021667,0.072623,-0.077152,-0.023368,-0.041386,-0.028336,0.048997,0.081973,0.101774,-0.281589,0.137552,0.328514
0.105111,-0.050446,-0.099294,0.202905,0.127277,0.182673,0.091586,0.045263,-0.244243,-0.000970,0.048308,0.015235,-0.035915,-0.020109,-0.244810,0.041934,-0.026040,-0.021207,0.078211,0.550799,-0.047256,0.015592,0.223568,0.050071,0.052835,0.099460,0.350420,0.364919,0.198672,0.051362,0.121658,-0.029562,-0.126502,-0.007322,0.014565,-0.181759,-0.016388,0.047991,0.007880,-0.058130,-0.030066,0.069113,-0.088446,0.028428,0.068407,0.009678,-0.010601,-0.013659,-0.060016,0.132855,-0.000355,-0.035571,-0.028171,0.170098,-0.139442,0.090359,-0.098347,0.024242,0.035722,0.010969,0.070721,0.951015,-0.012879,0.024022,-0.079269,-0.045172,-0.014187,0.537797,-0.078057,0.003760,0.029437,0.043927,-0.108695,-0.127906,-0.005155,-0.054015,0.110534,-0.114705,0.049718,0.017215,-0.072272,-0.021844,-0.141990,-0.078943,-0.063240,0.080461,0.388783,-0.153685,0.027885,-0.048818,0.030777,0.025922,0.029028,0.110421,0.004506,0.017119,0.051026,-0.011413,0.056811,-0.031973,-0.111050,0.196694,0.182167,0.081715,-0.107555,-0.075977,-0.074415,0.119603,-0.010750,-0.001112,0.050570,-0.014335,0.054943,0.126666,0.050853,0.183987,-0.024524,0.090491,-0.053418,-0.152412,-0.172590,0.082282,0.186684,0.096388,-0.052308,0.166112,0.082605,-0.084936
0.161342,0.013563,-0.037795,-0.097925,-0.074869,-0.394395,0.047880,-0.044199,-0.088404,-0.011324,-0.052803,0.166333,0.194189,-0.120714,-0.024696,-0.065929,0.116975,-0.290083,-0.131736,-0.121024,-0.023571,0.333798,0.025745,0.008225,0.030044,0.112430,0.019348,0.466548,0.228888,0.109799,-0.242560,-0.067463,-0.212156,0.108237,0.002530,-0.080587,-0.037023,-0.345524,-0.058758,0.053693,0.027914,-0.182748,0.049606,-0.003804,0.028132,-0.044792,-0.149342,0.034336,-0.394443,0.298647,-0.016585,-0.035772,0.015745,0.153638,0.287817,0.145540,0.009281,0.036685,-0.019457,0.109353,0.417032,-0.185023,0.136733,0.123982,0.075157,-0.063346,-0.020509,0.319923,-0.184912,-0.170167,-0.050448,-0.099237,-0.140802,0.046032,0.065766,-0.087811,-0.067898,0.079522,0.003539,0.071735,-0.005557,0.219678,-0.047097,-0.100177,0.065722,0.127739,0.428041,0.070220,-0.087367,0.039169,0.134905,-0.020151,0.181878,-0.803833,0.039414,-0.024329,-0.037703,0.000329,-0.208907,-0.211865,-0.044251,0.121845,-0.017799,-0.110548,-0.116103,-0.109175,-0.086140,-0.119097,0.298869,0.000944,0.059567,0.044496,0.089298,0.018772,0.040839,-0.151319,-0.111094,0.140302,0.042827,0.284800,-0.039484,0.043100,-0.027250,0.054157,-0.013796,-0.096391,-0.015158,0.288285
-0.342794,0.018426,0.009768,-0.037227,-0.105992,0.079193,-0.019053,0.041859,0.061018,-0.001919,0.169218,0.229420,0.257934,-0.057999,-0.111275,-0.055528,-0.158994,0.055110,0.024790,0.021221,0.206069,0.046542,0.062533,0.148228,0.016562,0.071745,0.107039,-0.014402,-0.025754,-0.322496,-0.002180,0.069936,-0.037826,0.034814,0.000245,0.017481,0.012660,0.041554,-0.002413,-0.137226,-0.119149,0.020699,-0.004128,-0.012483,0.090812,-0.057515,-0.052507,0.052413,-0.023524,0.057584,0.002443,0.064584,-0.011490,-0.107493,0.062985,1.297855,-0.015963,-0.043263,-0.103435,-0.077661,0.129516,-0.033547,-0.002164,-0.000849,0.008844,0.082965,0.256547,-0.027184,-0.004069,0.031302,0.136226,-0.047983,-0.034608,0.129154,0.063254,0.039110,-0.062106,0.093808,-0.068589,0.036068,0.048348,-0.120023,0.117427,-0.070776,0.185248,0.009562,-0.139229,0.041485,0.018379,-0.017443,-0.046406,0.011766,-0.023260,0.057730,0.093794,0.046994,-0.053583,0.022869,0.446679,0.003107,0.134871,-0.089464,0.092155,-0.100162,0.013884,0.042603,0.135140,0.082956,0.078758,-0.000996,0.075977,-0.081479,0.092140,-0.108433,-0.031980,0.070668,0.042282,0.163060,0.033438,0.040351,-0.099829,-0.076223,0.020214,-0.064376,-0.126541,0.104840,-0.185015,-0.110115
-0.112542,0.009192,0.000527,-0.014453,0.043298,0.176055,-0.006487,0.002261,-0.143204,0.033402,-0.062262,-0.160005,0.114323,0.064221,-0.281687,0.111809,0.022803,0.051347,-0.125178,0.097812,-0.045186,-0.360507,-0.044079,0.160117,-0.041401,-0.297358,0.437772,0.309467,-0.126818,0.010409,-0.014788,0.030558,0.248571,-0.134558,-0.025682,-0.003636,-0.019819,-0.147718,0.014272,0.070249,-0.090648,-0.062690,-0.028022,-0.019097,-0.013926,0.019679,0.194458,-0.028708,0.181810,0.036979,-0.007891,0.257513,0.024815,0.193926,-0.004961,-0.016068,0.047695,-0.063393,-0.087158,0.027135,0.000997,-0.392352,-0.014450,-0.123278,0.015705,-0.119973,0.090625,0.101889,-0.178943,-0.036783,-0.030279,0.253770,0.133843,-0.068025,-0.007350,-0.050102,-0.022857,0.623026,0.040431,0.124442,0.103263,0.032829,0.009449,0.126897,0.070334,-0.079138,-0.076596,-0.204276,0.051398,-0.019109,-0.185659,-0.155445,-0.166598,0.012411,0.101827,-0.071646,-0.106671,0.043071,0.008301,0.177345,-0.276021,0.290794,0.225091,-0.089873,-0.016124,0.153821,0.061947,0.176522,0.151977,-0.029892,-0.081767,0.277596,-0.074075,0.668624,0.119746,0.088412,0.071944,-0.004585,0.137918,0.299226,0.062364,-0.006742,0.106332,0.022423,0.085256,-0.091052,-0.112855,0.073931
-0.001578,-0.006782,0.024431,0.154423,-0.043572,0.039575,-0.080508,-0.076172,-0.099653,-0.012921,0.079282,0.119911,0.221774,-0.071659,0.055634,-0.082575,-0.054114,-0.092594,0.003111,0.106195,-0.072720,-0.217529,-0.128569,-0.057615,0.069473,-0.083219,-0.145503,0.340225,0.763438,0.062882,-0.103557,0.074586,0.120338,-0.365579,-0.000870,0.104673,-0.012401,-0.100133,-0.091554,0.115045,-0.015385,0.001624,0.072048,0.124689,0.030316,0.006576,0.011277,0.037666,0.053555,0.189334,-0.009517,0.065827,0.036293,0.166490,0.043022,0.104563,0.107241,-0.006326,-0.001456,0.169548,0.005850,0.075722,-0.123297,0.045292,-0.191158,-0.096758,0.130012,-0.167015,0.128638,0.082952,-0.125986,0.220884,0.026949,0.114371,-0.132684,-0.148834,0.025611,0.046035,0.036165,-0.078863,0.022797,-0.009088,0.101164,-0.085577,0.011093,0.002440,0.212152,-0.046465,0.103956,0.055342,-0.025477,0.094091,0.176726,0.248839,-0.071217,-0.026580,0.050642,-0.001083,-0.048959,0.258785,-0.054919,0.041081,-0.070850,0.020643,-0.097476,0.494810,0.207120,-0.016949,-0.052373,-0.090956,0.114763,-0.077321,-0.008075,0.005099,0.097248,-0.122976,0.005151,0.071357,0.106428,-0.095930,-0.004113,0.104269,0.055756,0.107270,0.140697,-0.188235,0.206185,-0.074054
0.164592,0.018020,0.312848,-0.031920,0.010867,-0.047842,-0.162071,-0.041798,0.163942,-0.006632,0.055842,-0.249508,-0.057137,0.159800,0.102696,0.159133,0.003265,0.164511,0.073970,-0.146541,-0.030020,0.411605,0.008327,-0.133384,-0.124644,-0.100442,0.052924,-0.113914,0.237184,-0.101933,-0.146766,0.022529,0.011847,0.050997,-0.020951,0.021294,-0.054898,-0.068752,0.128192,0.333964,-0.092272,1.037097,-0.085774,-0.057480,-0.044200,-0.077459,0.105410,-0.014332,0.210073,-0.102658,0.004989,0.126925,0.225650,0.028375,0.126082,0.110852,0.036250,-0.062774,0.036353,-0.057468,0.012663,0.311040,-0.131746,-0.082696,-0.013300,-0.126056,0.098494,0.060420,-0.237401,0.077163,-0.057701,0.155702,0.404401,-0.018365,-0.009038,-0.203443,-0.128067,-0.041616,-0.057568,0.084340,0.014906,0.009322,0.125986,0.054319,-0.043635,0.044302,0.120993,0.105674,0.025753,-0.027996,-0.004685,-0.120043,-0.126966,-0.042209,-0.035102,-0.050662,-0.041537,0.002951,-0.089786,-0.038085,-0.160383,-0.690004,-0.034400,0.055607,-0.114820,-0.062402,-0.082820,0.037767,0.161526,-0.085956,-0.096288,-0.089627,0.015173,-0.052479,0.029892,0.234922,0.151074,0.002390,0.204546,0.034497,0.073966,0.087617,-0.063980,0.093818,-0.006109,-0.093710,0.196299,0.085821
0.165026,-0.000653,0.260018,0.073015,0.064399,0.206305,0.073807,0.015275,0.100236,0.013118,-0.093143,0.047604,-0.149905,-0.081878,0.187313,0.056840,0.312826,0.075576,-0.067459,0.050144,0.023010,-0.256550,0.052313,0.002213,0.142326,0.317795,0.190883,-0.190625,0.235472,-0.114695,0.181817,-0.009140,0.157650,-0.181309,-0.003681,-0.048637,0.197074,-0.271856,-0.069333,0.069715,0.002059,-0.171202,-0.155410,-0.115657,0.034769,0.091142,-0.090882,-0.043537,0.228424,-0.120148,0.006336,0.138634,-0.157670,-0.306320,0.022210,0.116585,0.136743,0.026422,0.020324,-0.140187,0.281315,0.009956,0.055441,-0.056432,-0.064067,0.313011,-0.069369,-0.058451,0.256283,-0.074794,-0.307770,0.225378,0.117966,-0.068431,-0.046261,0.124531,0.184213,0.002382,0.077158,0.172880,-0.066313,0.429311,-0.034966,0.084346,0.085250,0.068964,0.175968,0.363262,-0.003303,0.112519,0.005428,0.028484,0.031713,0.103007,-0.051564,0.207836,0.031478,0.006558,0.042334,-0.239366,-0.102284,-0.085987,0.141241,-0.077224,0.107847,-0.122123,0.046977,-0.093342,0.078766,0.024662,0.061445,0.116604,-0.067874,-0.148131,0.066220,-0.004206,-0.104597,-0.218787,0.176440,-0.006541,0.114403,0.044796,0.073335,-0.020728,-0.128709,-0.242032,0.051837,0.083072
0.204840,-0.009517,-0.007388,0.235067,0.123655,0.053789,-0.102637,0.067973,0.129936,0.001147,-0.025294,0.145793,-0.461310,0.168819,0.040301,0.111885,0.068429,0.159508,-0.083685,-0.210981,0.810049,0.069344,0.042894,-0.206535,-0.105099,0.055459,-0.137935,0.150155,0.001884,-0.189120,-0.028418,0.003707,0.010519,-0.011268,-0.002187,0.081546,0.039380,0.097613,-0.004119,0.035604,0.226396,-0.178649,-0.050925,0.090760,-0.408469,0.081777,0.064194,0.044625,-0.086263,0.053757,0.017207,-0.059962,0.007097,0.067190,-0.086110,0.045529,0.102170,0.012123,0.016063,0.239630,-0.063539,0.077775,0.069531,0.281885,-0.087145,0.077173,0.213193,-0.149812,-0.030792,-0.201058,-0.188865,-0.188930,-0.116753,-0.021817,-0.057940,0.212088,0.099874,0.194560,-0.013581,-0.119169,0.019353,-0.034998,0.072707,-0.108849,-0.030579,-0.195184,0.005750,0.095619,0.023625,0.094679,0.011859,0.023739,0.107219,-0.044373,0.115333,0.045392,0.022906,-0.002182,-0.033852,0.191329,-0.399527,0.210570,-0.007286,0.070214,-0.080669,0.124161,0.072363,0.145463,-0.058567,-0.142416,0.140553,0.112708,0.213823,0.028821,0.171105,-0.023641,-0.054336,0.160905,0.069783,0.165065,0.042323,0.054691,-0.350958,0.041121,-0.177187,-0.033953,-0.071457,-0.081745
-0.082337,0.004229,-0.036862,0.152046,0.004271,-0.121699,-0.199953,-0.049069,-0.117920,-0.021403,0.050785,-0.072378,0.131608,-0.265239,-0.103095,0.090265,0.080746,0.135041,0.057808,0.148089,0.041035,-0.243584,-0.020578,-0.038952,-0.122615,-0.051776,-0.235946,0.052881,0.084125,0.134941,-0.003559,0.029394,0.198884,0.054650,0.002189,0.063722,-0.005158,-0.066980,-0.065202,-0.241885,-0.010058,0.055085,0.111195,-0.105881,0.030026,-0.053508,0.046107,-0.044287,-0.108864,-0.074689,-0.005256,0.108075,0.058470,0.104432,0.039475,0.057605,0.067902,0.046974,0.084047,0.002410,-0.150198,0.020076,-0.152496,-0.198351,0.135301,0.105232,0.093485,0.094209,-0.093506,0.141563,0.248170,-0.058062,-0.078567,-0.199386,-0.079422,-0.082240,0.007123,-0.144064,-0.034099,-0.073618,-0.073734,0.155824,0.158222,0.044329,-0.073687,-0.471055,0.019831,0.039780,0.060142,0.027753,-0.000268,-0.014241,0.188001,-0.177845,0.047786,-0.084171,-0.011304,0.023993,-0.001204,-0.144848,0.240540,-0.045087,-0.027682,0.076442,0.664306,0.144368,0.081311,-0.034205,0.086815,0.012707,-0.174895,0.042394,0.040667,-0.345774,0.018959,0.313899,0.020064,0.097486,-0.136941,0.169396,0.104175,0.228391,-0.021045,0.148482,-0.125548,0.236072,0.085305,-0.121045
-0.376210,-0.023203,-0.105954,-0.090158,-0.017608,0.024338,0.023901,-0.010904,-0.015253,-0.004752,-0.005414,0.073888,-0.062354,-0.300488,0.182347,-0.013010,-0.228893,-0.004005,-0.024999,0.102623,-0.032529,0.100725,-0.059269,-0.023468,0.071563,0.242869,-0.098964,0.285232,0.011172,-0.106375,-0.067036,0.153965,-0.009833,0.180086,0.010034,-0.048289,0.061415,-0.296363,0.027856,-0.082916,-0.130921,0.291002,0.092570,-0.139924,-0.017221,0.008926,-0.073107,0.051690,0.009607,0.236178,0.009127,0.009047,-0.239319,-0.174226,0.164528,0.162819,-0.019096,0.025917,0.014700,-0.018373,-0.461836,0.063563,0.181222,0.053535,0.008590,0.517372,-0.198277,-0.015309,-0.017889,-0.055848,0.122849,-0.084672,-0.111257,-0.004738,0.005003,0.039451,0.075533,-0.016844,0.061987,-0.012757,-0.100316,-0.235419,-0.268942,0.125270,0.084235,-0.044850,-0.032932,0.106506,0.032688,0.004890,0.149276,-0.140029,-0.127237,0.267630,0.102682,0.044056,-0.052355,-0.023346,0.342070,0.121733,0.094157,-0.377884,0.174556,0.065042,-0.012699,0.077570,0.082431,-0.173258,-0.121073,0.005732,-0.193892,-0.072101,0.140629,0.070301,0.312932,-0.069303,0.021243,-0.023761,-0.124074,-0.071938,0.281630,-0.240694,-0.059375,0.385244,-0.042677,-0.063244,0.087756,0.264923
-0.295440,-0.007383,0.066805,0.522356,-0.023762,-0.069533,-0.040449,-0.014426,-0.094981,-0.004149,0.025090,-0.076470,0.116187,-0.126089,-0.074616,0.023850,0.458473,-0.089493,0.002589,-0.030934,0.179197,0.032119,-0.041083,-0.057122,-0.096310,-0.126139,0.047931,-0.096261,-0.225413,-0.130819,0.352635,-0.053334,0.022333,0.043685,-0.008592,0.002817,-0.007807,0.138184,0.012310,-0.008141,0.046123,-0.010615,0.009683,-0.117065,-0.006432,-0.070656,-0.036748,-0.026977,0.199738,0.039183,-0.008402,-0.006583,0.009365,0.518322,0.197403,-0.101327,0.004147,-0.020862,-0.005662,-0.112279,0.064662,0.268133,0.005341,-0.007497,-0.014326,-0.119097,-0.089617,-0.050606,-0.018579,-0.028737,-0.071029,0.153212,0.277767,-0.016079,-0.008814,-0.136532,-0.032092,0.024901,0.009103,0.071896,-0.035836,-0.078407,-0.008595,-0.071402,0.032365,-0.118122,-0.161436,-0.156143,-0.151627,-0.062134,-0.025807,-0.083949,-0.052719,0.021256,0.024216,0.089936,-0.064194,-0.029626,-0.027893,-0.069284,0.076925,-0.001275,0.069875,-0.030316,0.105318,-0.147367,-0.032841,-0.063226,0.082890,-0.074443,-0.018733,-0.044798,0.027197,-0.128877,0.093442,0.030879,-0.006860,0.079194,0.076151,0.436964,-0.100341,0.050333,-0.031620,-0.479783,-0.030474,0.156577,-0.228542,-0.278026
-0.166628,0.001747,-0.106310,0.010424,0.133487,-0.159374,0.041505,-0.002650,0.395877,0.010160,0.062162,0.110728,0.160513,-0.065512,0.136592,0.092094,-0.056422,-0.051094,-0.009278,-0.121904,0.139930,-0.151007,-0.269714,-0.058077,0.013190,-0.175869,0.290585,-0.174649,-0.022887,0.100084,0.142810,0.075997,-0.024138,0.041479,-0.007716,-0.107618,-0.054057,-0.125164,0.095590,0.015234,-0.005787,-0.001675,-0.039596,0.022562,0.044864,0.040783,0.113395,-0.034316,0.140523,-0.015415,-0.001902,0.054466,0.094444,-0.000175,0.039613,-0.008609,-0.037336,-0.070489,-0.034432,0.200970,0.060878,-0.059875,-0.065740,0.129079,-1.282514,0.049823,-0.132677,0.288614,0.137631,-0.065307,0.157262,0.022680,-0.106099,-0.191921,0.023753,-0.099191,0.106469,0.111879,-0.085486,0.008244,0.016799,0.015988,0.107623,0.025756,0.002837,0.041176,0.222363,-0.054631,-0.014771,0.004830,0.010742,-0.005201,0.056616,0.071324,0.032548,-0.033582,0.003411,0.018484,0.016974,-0.094893,0.005623,0.042380,-0.056743,-0.015003,0.231643,-0.002664,-0.074728,0.042269,-0.117290,-0.080251,0.057129,-0.052198,0.200694,-0.081953,0.065675,-0.100569,-0.002910,-0.010270,0.037894,0.094772,0.079730,0.021437,-0.063562,0.021843,0.006460,0.667022,-0.001548,0.389540
0.200033,-0.012808,0.048350,-0.595212,-0.233731,0.000041,-0.063114,-0.022939,-0.021259,-0.010530,-0.058952,-0.192755,0.024663,-0.125198,0.109337,-0.102382,0.051506,-0.107603,-0.071019,0.247490,0.028410,0.393474,-0.057287,0.102862,0.228277,-0.015199,0.000694,-0.008255,0.104652,-0.057328,0.098954,0.069187,-0.232289,-0.082252,0.016372,0.058101,-0.091870,-0.049913,0.016873,0.058057,-0.069914,0.013083,-0.027005,-0.108734,-0.145721,-0.144458,-0.100030,0.081004,0.175443,0.223098,0.010752,-0.068519,0.071238,-0.035700,0.229261,-0.006855,-0.046580,0.053932,0.124242,0.257566,-0.276026,0.165691,0.236843,-0.071886,0.029963,0.050518,0.058380,-0.025231,-0.087889,-0.142446,-0.239658,-0.176945,0.079789,-0.077098,0.046078,-0.247117,-0.272970,-0.064863,0.193272,-0.046186,-0.091295,0.122559,-0.014780,-0.000739,0.193707,0.000441,0.064156,-0.018123,0.034027,-0.123023,0.024130,0.021028,-0.048290,0.234235,-0.161119,0.090367,0.006836,-0.002534,0.017158,0.089195,-0.062529,0.196275,-0.060545,-0.054828,0.122962,0.127558,-0.011751,-0.000634,-0.080264,0.143893,-0.059327,-0.026249,0.001273,-0.000756,0.241590,-0.174821,0.065638,0.063542,0.008399,1.106251,0.248199,-0.211235,0.131607,-0.088399,0.121065,0.231733,-0.158215,-0.092053
-0.033391,0.013415,0.134421,0.360906,-0.108167,-0.193964,0.179406,-0.080892,-0.020352,-0.001736,-0.173969,-0.123668,0.348514,0.265850,0.398373,-0.059049,0.008840,0.061009,0.131628,-0.160284,0.090598,-0.254449,-0.082862,-0.161695,0.043718,0.047380,0.351576,-0.066226,-0.037806,0.161847,0.115356,0.154955,-0.120040,0.049728,-0.011980,-0.065143,0.010310,-0.060168,0.098153,-0.032214,-0.063148,-0.204791,0.021324,-0.060196,0.137976,0.065139,-0.232197,0.016607,-0.013694,-0.161753,-0.010482,0.198546,0.148809,-0.654421,0.087191,-0.145243,0.062841,-0.008835,-0.012738,0.220599,0.110349,0.313024,0.187257,-0.054242,0.231382,-0.322869,-0.179084,-0.363997,-0.004761,-0.050657,-0.169142,-0.254113,0.396829,0.101438,-0.056812,0.010674,0.123526,0.000881,-0.003219,-0.050842,0.149535,-0.133792,-0.103167,-0.270929,-0.044129,0.003362,0.061977,-0.013731,0.050698,0.065013,0.001657,-0.059165,-0.067550,-0.024653,-0.062079,-0.114892,-0.131986,-0.002214,-0.037371,-0.324738,0.068964,0.000121,-0.065300,0.036244,0.109877,0.045749,0.202185,-0.187486,0.230203,-0.007277,-0.069606,-0.110954,-0.159229,-0.056494,0.143178,-0.139550,0.139869,-0.023147,0.032845,0.015428,-0.126485,0.069741,0.072213,-0.006202,0.166560,0.150470,-0.057459,-0.234985
0.032750,0.004784,0.091471,0.268509,-0.071826,-0.211062,-0.016029,-0.001021,0.030583,-0.008505,0.099207,0.132821,-0.085738,-0.087097,0.317241,-0.102450,0.137703,0.008634,0.083973,0.030309,0.100585,-0.226009,-0.115826,-0.014873,0.152300,0.328875,0.024015,-0.029259,-0.196522,-0.077744,0.357534,0.080451,0.057615,0.085874,-0.004372,-0.040097,0.005982,-0.161978,0.033538,-0.178817,-0.022051,-0.068617,0.139461,0.047475,0.123750,0.001720,0.134214,-0.035877,0.492699,0.171893,0.007443,-0.030674,-0.213758,0.442310,0.120745,0.013068,-0.055138,0.035805,0.038650,-0.121267,-0.033387,-0.074048,-0.035680,0.010052,0.043206,-0.040490,0.151319,-0.048065,0.001803,0.077708,-0.069235,-0.113935,-0.273543,-0.050840,0.004292,-0.079637,-0.129615,-0.266191,0.016716,-0.049552,-0.063930,-0.038381,0.197114,0.037678,-0.086820,0.106002,0.230018,-0.036695,0.010567,0.005310,0.013252,0.072277,0.103817,0.298572,-0.007453,-0.008034,0.084720,-0.001776,0.081710,-0.146819,0.081186,-0.079839,-0.017029,0.102997,-0.088051,-0.065450,-0.060288,-0.026313,0.229659,0.039628,0.033677,-0.036124,-0.050314,0.382502,0.097171,0.143554,-0.055472,0.052149,-0.085829,0.039571,-0.062903,-0.173486,-0.058948,0.003973,0.105385,-0.118652,-0.011587,-0.050338
0.097931,-0.025422,0.097370,-0.214940,-0.049012,0.039893,0.016198,-0.002543,0.326816,-0.016183,0.005943,0.001164,0.211323,-0.238478,-0.040125,-0.048266,-0.083936,0.499544,-0.029264,-0.117979,0.112689,-0.012215,0.046842,0.057210,0.016891,-0.139321,0.058078,0.098361,-0.117779,-0.078592,0.122443,-0.045772,-0.078795,-0.126760,-0.002139,-0.075468,0.041350,0.127540,0.067133,0.278493,-0.050963,-0.140560,0.007113,0.045143,0.075629,0.062011,0.065978,-0.020327,0.198890,-0.168255,0.010662,-0.033023,-0.051831,-0.124061,-0.080288,-0.012090,-0.038230,0.015335,0.001101,-0.119365,0.230580,0.079185,-0.051619,0.081679,0.051546,0.063296,0.060117,0.211607,0.033688,0.020492,-0.013915,-0.056730,0.270261,-0.128918,-0.057307,0.073010,-0.020514,0.131633,0.003837,0.024141,0.010796,-0.031286,0.070428,-0.060226,-0.006437,-0.171952,-0.030082,-0.147295,0.012776,-0.019549,0.009057,0.097928,0.154845,-0.156781,-0.035270,-0.025051,0.095572,-0.027470,0.188545,-0.092692,0.135523,0.149624,0.018504,-0.041183,0.106842,0.009877,0.001405,-0.055907,-0.201406,0.057843,0.055243,-0.028815,-0.010884,0.229404,0.297826,0.025787,-0.017731,-0.039079,0.018657,0.072318,0.068556,-0.088490,-0.034234,0.166554,0.019480,-0.262762,0.021178,0.224519
0.430054,-0.015859,-0.001595,0.022815,-0.050261,0.109140,0.016467,-0.133498,0.088852,-0.008175,-0.130594,0.015563,0.052197,-0.050250,-0.044744,0.183206,0.128466,0.100755,-0.072922,-0.032635,-0.105856,0.064529,-0.265964,-0.053388,-0.257959,-0.141774,-0.121097,0.001504,0.108371,0.051500,-0.066459,0.150213,-0.198789,-0.033609,-0.016526,0.130436,-0.013307,-0.170043,0.056618,-0.066887,-0.079831,-0.123308,-0.196962,-0.249044,0.144209,0.014026,-0.139575,0.160972,-0.056391,0.067768,-0.006661,0.063814,-0.156308,0.266051,-0.042728,-0.234938,0.138528,-0.052568,-0.102641,0.105796,-0.208608,-0.067028,0.035790,-0.208060,-0.053954,0.085104,-0.050768,-0.014104,0.101218,-0.213292,-0.143777,-0.146221,-0.208756,-0.087036,0.015966,0.318259,0.061044,0.104241,-0.087631,-0.190419,0.105863,0.006770,0.001312,0.063634,-0.041185,0.036981,-0.232976,0.034670,-0.024951,0.059042,-0.024910,-0.060673,0.072764,-0.035591,0.082172,0.299914,-0.069468,-0.009285,0.135680,0.080487,-0.220210,-0.015740,-0.005285,0.011403,-0.137496,0.075868,0.030632,-0.099562,0.015457,-0.051653,-0.120324,0.046065,0.145390,-0.083883,0.005849,-0.155564,0.049199,0.945598,-0.115050,-0.135936,-0.027534,0.064597,0.153450,0.032542,0.071295,-0.047823,0.010145,-0.003036
-0.059147,0.002504,-0.290233,0.046046,0.026497,-0.253585,0.085341,-0.001352,-0.081073,-0.013303,-0.106911,-0.018577,-0.218397,0.010677,-0.213499,0.019546,0.040699,-0.175760,0.089454,-0.341076,0.041357,-0.006137,0.121878,-0.046656,-0.075276,0.050365,-0.014018,-0.103254,0.139868,0.019908,0.034642,-0.006073,0.006743,-0.040278,-0.007480,-0.060876,-0.036424,-0.031124,0.029343,-0.120368,0.043037,-0.091719,-0.054082,0.008259,-0.009171,0.031414,-0.070198,-0.003771,0.131698,0.145366,-0.002203,0.073707,0.084370,-0.009001,-0.265360,0.071593,-0.019577,0.008163,0.004740,0.063580,0.233555,0.081135,-0.094813,0.344008,0.090927,0.114832,-0.077982,0.084023,0.011130,-0.117291,0.117900,0.118411,-0.206057,0.020262,0.063255,0.742830,-0.067135,-0.070476,-0.041221,-0.137117,0.021142,-0.007504,0.042167,-0.260100,-0.009397,-0.074721,-0.026001,-0.210192,-0.103773,-0.018157,-0.061149,-0.087965,-1.438003,0.116184,0.016157,-0.034098,-0.077305,-0.001774,0.072079,0.155953,0.021502,-0.252408,0.138818,0.028774,0.089953,0.028786,-0.036771,0.013123,0.050089,-0.041608,-0.010622,-0.016273,-0.111914,-0.095293,0.111405,0.064185,0.036537,0.027853,0.031074,0.376531,-0.118696,0.049154,0.000538,-0.016236,-0.028116,0.066708,0.390632,0.384053
0.021965,-0.020805,-0.047338,0.039162,0.189255,-0.102183,0.102540,0.041842,0.196822,-0.016581,-0.069838,-0.251104,-0.131560,0.020835,0.066749,0.177719,-0.074939,-0.067823,0.077248,0.043731,-0.110479,-0.277071,0.104080,0.062086,-0.098722,0.291410,-0.161480,0.058053,0.116585,-0.358900,0.184370,-0.217919,0.074459,0.111022,-0.015550,0.075940,0.021254,-0.227340,0.200279,0.008848,0.124486,0.183512,0.021031,-0.041527,0.067000,-0.057500,0.008533,-0.002635,0.040416,0.235154,0.012719,-0.139597,0.182348,-0.251816,0.115843,-0.003460,-0.059048,-0.054578,0.008865,-0.145724,-0.144575,0.394305,0.074223,-0.015404,0.056209,-0.236868,0.046650,-0.179193,-0.128373,-0.093753,0.092660,-0.166099,-0.221094,0.035952,0.051933,0.083531,-0.019152,0.197129,-0.097161,0.012129,0.047053,0.820282,0.319746,-0.037746,0.162008,0.105388,-0.277322,-0.197667,-0.100738,0.042758,0.148288,-0.131112,0.182689,-0.123602,-0.061818,-0.013945,-0.175963,-0.002920,0.018449,-0.225351,-0.163879,0.066353,-0.008568,-0.037500,-0.076266,0.208700,-0.249240,0.061350,0.162801,0.028050,0.013815,0.093564,-0.030642,0.216781,0.052381,-0.020799,-0.229770,-0.000700,-0.181909,-0.023659,0.174841,0.054435,-0.165373,-0.017846,-0.108178,0.136508,-0.138338,0.042657
-0.052174,-0.017570,0.033208,-0.057589,-0.094430,0.066611,0.041387,-0.083280,-0.004597,0.007845,-0.062239,-0.238171,0.203254,0.472726,-0.085610,0.035610,0.131783,0.334629,0.070520,0.025245,0.207373,0.021903,-0.071967,-0.059740,0.075963,0.608253,-0.022315,0.404798,-0.030779,-0.004756,0.034035,0.010855,-0.107989,-0.198711,-0.003665,-0.090804,-0.108629,0.103806,0.074795,0.002464,-0.040319,0.025784,0.141862,-0.066009,0.295519,0.020598,0.007673,-0.016028,-0.181592,-0.231452,-0.013449,-0.049885,0.023964,0.300823,-0.067620,0.273083,-0.007201,-0.014656,-0.054236,-0.011265,-0.013412,-0.025634,-0.020268,0.009857,-0.045515,-0.043124,-0.009500,-0.220021,0.151497,-0.039052,0.224017,-0.208985,-0.055129,-0.288972,0.045955,0.200140,0.119571,0.059590,-0.092712,-0.055387,-0.049229,0.002000,0.030947,-0.143759,-0.120656,-0.094304,-0.032673,0.126922,-0.018056,-0.001664,0.234337,-0.006870,0.068535,-0.003158,-0.015687,-0.115274,0.069719,-0.006058,-0.145653,0.786133,0.203845,-0.178206,-0.142069,0.050148,0.041485,-0.059352,-0.078588,-0.104271,0.094110,0.068943,-0.109674,0.002823,0.087204,0.000786,0.195598,0.137652,-0.091213,-0.404461,0.104123,0.217200,-0.096265,0.006444,0.087784,-0.023922,0.105010,-0.169222,0.068845,-0.293114
-0.337978,-0.002105,-0.093559,0.010777,0.161437,-0.210467,-0.033093,-0.048618,0.186142,0.013472,-0.077112,-0.018463,-0.396846,0.044472,-0.106487,-0.005741,-0.145544,-0.044496,0.061188,-0.138925,-0.032116,0.003230,-0.071312,-0.078997,-0.029936,0.087135,0.211871,0.199765,-0.017696,0.187539,0.141550,-0.160911,0.004591,0.217197,-0.016767,-0.050803,-0.066748,0.489183,0.061906,-0.139555,-0.053075,-0.065504,0.113585,-0.071562,0.105593,0.129071,-0.055075,0.031401,0.220647,0.174322,-0.011911,0.125075,0.021065,-0.026981,0.068184,0.649560,0.043635,-0.005757,-0.043319,0.076908,0.216205,0.051174,-0.172365,0.205477,0.272297,-0.034950,-0.072644,0.078494,-0.061481,0.028695,-1.026859,-0.097565,0.037272,0.022173,-0.075592,0.140659,-0.027929,0.085476,-0.037826,-0.059017,0.028568,-0.076426,-0.032973,0.038409,-0.166081,0.035087,0.005900,-0.040836,0.033460,0.023090,0.106616,0.070614,0.299835,0.082751,-0.154327,-0.110752,0.083484,0.004468,0.039869,-0.023881,-0.351923,-0.084901,0.047367,0.007790,0.080460,-0.130951,0.116756,0.145771,-0.151532,0.013656,-0.086772,0.069966,0.041001,-0.302991,-0.008922,-0.068344,0.115903,0.198783,-0.080264,-0.039258,0.057213,0.029349,-0.198909,0.384560,0.193465,0.170904,-0.126680,-0.061139
-0.636552,0.031089,-0.004693,-0.046560,0.010187,-0.046320,-0.096698,-0.098132,0.158949,0.004945,0.045739,-0.074753,0.037078,-0.022687,-0.056477,0.033611,0.132200,0.183594,-0.051157,0.113954,0.030664,-0.099818,-0.150690,-0.014255,-0.068496,0.293012,-0.010330,-0.136140,0.083788,0.738238,0.029133,-0.063294,-0.101761,0.132197,0.013434,0.025061,-0.086401,-0.160042,0.062351,0.057200,0.045908,0.011894,-0.085979,0.259702,0.065758,0.009350,0.140516,-0.006709,0.024566,0.095508,-0.005384,-0.048572,0.113895,-0.058750,-0.034323,0.209017,0.014886,-0.085149,0.202096,-0.092551,-0.013561,-0.007663,-0.037663,0.153498,0.065272,0.302916,-0.125640,0.057446,-0.069126,-0.092270,0.494524,0.039366,-0.329471,-0.031055,0.013286,0.087105,-0.119874,0.139854,-0.001458,-0.150612,-0.079411,0.061456,-0.113205,-0.129435,0.075936,0.003545,0.026721,0.146113,-0.025041,-0.074412,-0.045783,0.149848,0.216366,-0.109101,0.038538,0.008669,-0.031749,-0.011662,-0.043152,-0.277746,-0.483456,-0.020917,0.374294,0.019714,-0.040366,0.140407,-0.201337,-0.018669,-0.088267,0.145025,0.090983,-0.352132,-0.082180,0.004780,-0.015656,-0.060125,-0.065005,0.120461,0.135034,0.016731,-0.232106,0.254166,-0.033597,-0.043859,0.116549,-0.144752,-0.125483,-0.268348
-0.182113,0.014825,0.015598,0.142199,0.196269,0.121803,-0.094896,-0.065632,0.004982,0.002056,0.073785,-0.148165,0.001396,-0.094453,0.151810,-0.142705,0.194356,0.083660,-0.051063,0.249714,0.079953,0.207664,0.240195,-0.109204,-0.085719,0.067705,0.502103,0.316654,-0.233060,0.074626,-0.111512,0.217448,0.129925,0.118086,-0.021422,-0.176658,-0.016882,0.004940,-0.228533,0.027257,0.169802,0.296326,-0.073320,0.001348,-0.043081,-0.102725,-0.013624,0.044162,-0.171625,0.177152,-0.014901,-0.152516,-0.076051,0.312582,-0.267804,0.050951,0.030025,-0.015540,0.023385,-0.090390,0.137743,-0.264358,-0.085708,0.178663,-0.093240,0.281960,-0.128351,0.078539,0.090552,-0.000517,-0.198778,0.147035,0.112245,-0.034878,-0.139457,-0.063493,0.083385,-0.229237,0.099216,-0.022159,0.061061,0.283854,0.003477,0.110465,0.014164,-0.202306,0.150037,0.025298,-0.094408,0.075840,-0.076593,0.023424,-0.107958,0.197419,-0.058964,0.003883,-0.071803,0.004181,-0.025739,-0.247999,0.216853,0.293523,-0.023742,0.079138,-0.091714,-0.248400,0.005179,-0.373227,-0.109140,-0.074506,0.083447,0.205451,-0.126200,-0.291391,-0.029401,0.106061,-0.127617,0.069477,-0.031806,-0.030536,0.106917,0.160783,0.071816,0.002825,-0.227599,-0.226198,0.010406,0.115405
0.268537,0.016663,0.193805,-0.211798,-0.059279,0.213070,-0.054561,-0.039407,-0.242446,-0.007694,-0.063624,0.264183,0.080474,0.063436,-0.540150,-0.010541,-0.273988,0.094868,0.025276,-0.169615,0.346415,-0.010963,0.111972,-0.053907,0.015377,0.203096,0.403639,-0.086576,0.144794,-0.207434,-0.033882,0.063687,0.100773,0.045831,-0.030657,0.034836,-0.009400,-0.033777,-0.101499,0.082799,-0.143857,-0.045949,0.172724,-0.104962,0.045396,-0.018286,0.057015,-0.030858,-0.052688,-0.007000,-0.020296,-0.189214,-0.030653,0.046997,-0.101078,0.006263,0.043083,-0.011894,0.022384,0.042919,-0.105106,0.342334,-0.057029,-0.167162,0.120497,0.457274,-0.292790,0.019104,-0.024831,0.079792,0.066541,-0.004425,0.147835,0.051393,-0.002044,0.008705,-0.209555,-0.103061,-0.038389,-0.146357,-0.073199,-0.069685,0.193977,-0.008278,0.001901,0.007437,-0.129266,-0.155829,-0.070493,0.008316,0.087729,0.014445,-0.100644,-0.251702,0.037616,-0.119463,-0.005904,-0.010561,-0.123961,-0.446224,0.043951,0.189887,-0.069609,-0.015030,-0.304755,-0.144908,-0.008136,-0.068837,0.150737,0.118405,-0.151857,-0.063238,-0.108082,0.297992,0.017886,0.182370,-0.160646,0.237158,-0.011621,-0.119069,0.170507,-0.014129,0.031217,0.154517,-0.068333,0.148739,0.169118,-0.096804
