0.030677,-0.038417,-0.007517,0.004858,-0.019523,0.000417,0.043508,0.055418,0.067657,0.000288,-0.039866,0.077954,0.010565,-0.047636,-0.029395,0.037714,0.010255,-0.075467,0.007160,-0.051399,0.004258,0.017340,-0.002821,0.028850,-0.051311,-0.034807,-0.028479,-0.006518,0.018022,0.036497,0.008789,-0.022674,0.003388,-0.011857,0.034061,-0.002173,-0.012532,-0.033491,-0.009469,-0.001308,-0.006239,-0.062112,0.023663,0.040707,-0.000486,-0.035891,0.056731,-0.018286,-0.025565,0.002590,-0.018297,0.050678,-0.007132,-0.039641,-0.004596,0.024318,0.031659,0.026488,0.060356,0.031266,-0.068694,0.001802,-0.040798,-0.026945,-0.004085,-0.006763,0.030206,0.006202,-0.044244,0.007785,0.001089,-0.014582,0.047679,0.023498,0.070150,0.053305,-0.010768,0.003649,0.030924,-0.001468,-0.034474,0.007944,0.057279,0.067414,0.023873,-0.047710,-0.026709,-0.044737,-0.057994,-0.021127,-0.027859,0.038341,0.003988,-0.004959,0.017831,0.083277,-0.004474,-0.024838,0.041863,0.065290,0.009949,-0.028483,-0.038312,0.090916,0.038473,-0.012873,0.053862,-0.031383,0.015239,0.107225,0.027740,-0.026103,-0.048466,0.007154,-0.032728,-0.012051,-0.004675,-0.009882,0.013096,-0.030034,-0.003605,0.008597,-0.001533,0.014343,0.015838,0.037240,0.043641,0.041336
0.027234,0.006047,-0.081259,0.148679,-0.002800,-0.079605,0.000077,-0.006417,0.010023,-0.001155,0.002355,0.030535,0.124300,-0.002565,-0.017324,0.020359,-0.043047,0.010689,-0.021348,0.019581,0.068511,-0.002040,0.018833,0.037213,-0.039100,-0.000759,0.041589,0.180534,-0.028717,-0.046084,-0.041391,-0.033385,-0.093277,0.022026,-0.047564,0.007753,0.003049,-0.088019,0.026886,-0.017319,-0.034336,-0.070241,-0.010790,-0.079235,-0.015828,0.007656,0.049079,-0.035280,0.036531,-0.085642,0.055600,-0.024765,-0.022098,0.054614,-0.059477,-0.074874,-0.018641,-0.033198,-0.029841,-0.029772,-0.064522,-0.018371,-0.002309,-0.006976,0.136474,-0.064021,0.015347,-0.041879,0.001415,0.119500,-0.050842,-0.042622,-0.000807,0.007154,-0.025987,0.008537,0.062344,0.017219,-0.000385,0.018716,0.006905,0.147225,-0.012837,-0.008082,0.028411,-0.038798,0.006890,-0.008234,-0.006717,0.031242,0.054223,-0.010413,0.050606,0.013881,0.002694,0.003268,0.017646,-0.036150,-0.017870,0.016471,0.001461,0.009146,0.064935,-0.038363,0.057858,0.005627,0.003203,-0.043553,0.057993,-0.023914,0.054261,0.118898,-0.015994,-0.010442,0.016573,-0.014691,0.078260,0.093496,-0.019061,0.023430,-0.259323,0.018238,-0.071035,0.123563,-0.005146,0.026627,0.000123,0.034172
-0.018388,-0.070190,0.027883,0.004508,-0.016078,0.019470,-0.266443,-0.029834,-0.038481,0.005514,0.010272,0.000545,0.005556,0.019135,0.037532,-0.035079,0.005078,-0.059507,-0.023521,-0.016586,0.001487,0.028380,0.018678,0.013448,0.008856,-0.004771,-0.004002,-0.009411,-0.048951,0.036031,-0.007780,-0.018788,0.017707,0.012054,0.005730,-0.018567,0.031663,-0.034612,0.000207,0.119539,-0.005030,-0.039181,-0.030285,0.033092,-0.028627,-0.049276,-0.023387,0.006275,0.128942,0.079197,0.020364,0.030904,0.001321,-0.012808,0.006261,0.002009,0.033256,0.026139,-0.003818,0.034429,-0.001820,-0.023485,-0.045106,-0.030853,-0.012688,-0.024707,0.046927,-0.011531,0.014667,0.001654,0.012580,-0.011555,-0.028572,0.018000,0.018845,-0.028482,-0.013103,0.051563,-0.059867,0.044860,0.052107,-0.017662,-0.032717,-0.032225,-0.049347,-0.061049,0.008680,0.020340,-0.030445,0.012030,0.017462,0.057770,-0.027599,-0.004699,-0.000939,0.029300,0.020991,-0.000162,0.031395,0.012428,-0.009462,-0.073714,-0.013800,0.009173,-0.021414,0.028346,-0.037441,-0.012180,-0.083192,0.066420,-0.018354,-0.053321,0.026019,-0.016357,-0.023764,-0.003561,0.047316,-0.014843,-0.071747,-0.045965,-0.002283,0.047773,0.003619,0.055743,-0.014403,-0.186110,-0.044684,0.024036
0.057563,0.031770,0.028309,0.008367,0.007727,0.013798,0.031578,0.009745,0.054645,-0.003454,-0.040370,0.024878,0.036465,-0.008879,-0.019393,0.007225,0.030844,0.000265,-0.023262,-0.035489,-0.131250,-0.019745,0.068890,-0.020482,-0.087035,0.014196,0.091201,-0.037450,0.010295,-0.003239,0.023128,-0.017685,-0.000404,0.027145,-0.026474,-0.016242,0.003058,0.014407,0.006445,-0.027887,-0.038312,0.011206,-0.038604,0.038664,-0.011714,0.046312,0.022513,-0.045590,0.036485,0.004545,-0.021424,-0.010483,-0.045549,0.010250,-0.036409,-0.001190,-0.004500,0.048753,-0.057893,-0.007358,-0.024803,0.052805,-0.012175,0.014541,-0.016785,0.083505,-0.014401,-0.038430,-0.014958,-0.040498,-0.013950,0.006783,0.002014,0.012562,-0.022824,-0.006163,0.011071,0.023568,-0.001714,0.024771,0.064896,0.004578,-0.027929,-0.030874,0.007346,-0.010808,0.027998,0.019980,-0.012105,0.032041,0.037741,-0.016385,-0.027095,-0.013884,0.027792,-0.020533,0.097672,-0.008212,0.024703,0.039954,0.016514,0.056087,-0.043351,-0.024732,-0.009811,-0.023196,0.013274,-0.065624,0.016033,-0.066983,0.017637,0.016945,-0.002892,-0.009337,0.011170,0.008589,-0.009624,-0.101929,0.017035,0.007600,-0.016350,-0.023123,-0.017400,-0.023230,0.014255,0.042531,0.017341,0.010586
-0.013035,0.068146,-0.005905,0.015502,0.003902,-0.007186,0.148663,0.021508,-0.049278,0.014095,0.071630,-0.064128,-0.048560,0.006256,0.003357,-0.067944,0.020395,0.036162,-0.000397,-0.013904,-0.044705,0.057279,-0.031554,0.031467,0.140512,-0.028358,0.056679,0.027511,-0.020260,-0.019091,0.001081,0.130743,0.010964,0.036455,-0.016180,0.003511,0.085195,-0.031315,0.029243,-0.014054,0.113420,0.037606,-0.018540,-0.006801,-0.009192,0.043562,-0.026817,0.109070,0.043592,0.041302,-0.006277,-0.029743,0.081084,-0.021875,-0.040068,0.062348,0.031859,0.043402,-0.029507,-0.024545,-0.098165,0.083123,-0.031076,0.019594,-0.021529,0.018582,0.039429,-0.028037,0.017798,-0.005572,0.025558,0.038232,-0.018340,0.026156,0.029749,-0.006305,-0.012464,-0.027069,-0.003816,-0.073694,-0.078730,0.023968,-0.080139,0.000644,0.008344,-0.019659,0.056851,0.086081,0.003174,0.027813,0.060484,-0.006685,-0.036644,0.039216,-0.028017,-0.130682,0.019091,0.030695,0.005603,-0.003356,0.021973,-0.025608,-0.005345,-0.019744,0.037168,-0.003907,-0.060253,0.017565,0.004687,0.018888,0.014220,-0.020940,0.040362,-0.013473,-0.036832,0.019110,0.017228,-0.031003,0.002131,0.013754,-0.028446,0.012701,0.021727,0.032837,-0.051499,0.081092,-0.005900,-0.007391
0.003899,-0.023921,0.017605,0.013986,0.024538,-0.029120,-0.000425,-0.035367,0.006060,-0.011961,-0.014938,0.015746,-0.033484,0.015670,-0.020551,0.069503,0.000981,-0.006294,0.049074,0.014914,-0.031612,-0.019109,-0.002901,0.018491,0.051090,0.014483,-0.018928,0.020415,-0.012983,0.002857,-0.031061,0.016713,-0.017693,-0.012243,0.033717,0.015384,-0.000982,0.020134,-0.001358,0.029533,0.030948,-0.080618,0.094270,-0.020212,0.050652,0.005160,0.006099,0.024241,0.050231,0.033020,0.006910,0.004796,0.031697,-0.002364,0.028893,0.008745,0.008722,0.041270,0.018566,-0.013046,0.058793,0.069064,0.026413,0.019305,0.004416,-0.011793,-0.018102,0.057439,0.023563,0.013261,-0.017896,0.040817,-0.026371,-0.044753,-0.108609,0.020756,-0.010113,-0.021719,0.025920,0.022216,0.090865,-0.020719,-0.015635,0.020183,-0.017709,-0.006134,0.056852,0.027382,-0.026515,0.030829,0.034113,0.004788,0.014165,0.030560,0.024261,-0.018552,0.040405,0.056045,-0.069285,-0.036791,0.060155,0.028728,0.040415,-0.024272,0.011316,0.017226,0.033190,0.021940,0.014591,0.008375,-0.017045,-0.013830,-0.006451,0.056715,0.026394,0.026099,-0.015804,-0.025595,0.003607,-0.005429,0.007052,-0.004884,-0.012505,-0.027464,-0.011047,0.014936,0.001332,0.011923
-0.003840,-0.014634,-0.112111,0.021489,0.190291,0.045118,0.000532,-0.003973,-0.005209,-0.068055,0.001668,0.001922,-0.039217,-0.007230,0.007940,0.012040,0.015440,-0.001366,0.007548,0.017692,-0.004773,0.018196,-0.008586,0.147528,0.030523,-0.027406,-0.012892,-0.254832,0.099532,-0.004376,-0.011415,0.022527,-0.026901,0.006213,-0.000485,0.005670,0.003263,0.244375,0.006957,-0.011295,0.011250,-0.020084,0.005953,-0.079696,0.009735,-0.004286,-0.011749,0.028261,-0.009853,0.071550,0.253851,-0.018884,0.003970,0.066603,-0.027521,-0.058515,0.012345,0.018975,0.011197,0.011412,-0.017728,-0.041728,-0.009959,0.004736,-0.015515,0.049094,0.007549,0.014382,-0.010550,0.174383,-0.079337,-0.008992,-0.005568,-0.006890,-0.004198,0.004793,-0.008254,-0.000023,0.001473,-0.008107,-0.042936,-0.004916,-0.011126,0.007260,0.002117,-0.046713,-0.010982,0.012189,0.028759,-0.004081,-0.001402,-0.005366,-0.104935,-0.006234,0.002650,-0.004485,-0.002022,-0.022602,0.003960,-0.004525,0.005402,0.013407,0.002729,0.016833,-0.017526,-0.198862,0.009449,-0.001341,0.096893,0.003247,0.290304,-0.051487,0.002769,0.006316,0.004443,0.000301,0.340578,-0.015595,-0.003639,-0.001792,-0.053135,-0.007690,0.161299,-0.052426,-0.013555,-0.006823,0.003150,0.004770
0.017035,0.000202,-0.015803,-0.001924,0.001411,-0.012328,-0.097289,-0.029314,0.105553,0.030695,-0.024096,-0.024953,0.018263,0.003271,-0.030263,0.026786,0.004464,0.017769,0.005240,0.027458,-0.032083,-0.011452,-0.029094,-0.003807,0.105907,0.018416,-0.000122,-0.008591,0.019328,0.064036,0.003756,0.024809,-0.018772,0.037076,-0.041021,-0.026946,-0.025705,0.012127,0.026129,0.050746,0.025800,-0.036307,0.007722,0.000200,0.025011,-0.016213,-0.004709,0.066850,0.003769,-0.001989,-0.003721,0.018315,0.088169,0.002585,-0.011352,0.008149,-0.008984,-0.014041,0.077172,-0.019887,-0.059776,-0.009801,0.024737,-0.025912,-0.014748,-0.013307,-0.007296,-0.016837,-0.029531,-0.011014,0.001974,-0.092417,-0.005359,0.032088,-0.039939,-0.009077,0.066356,-0.002015,0.002855,0.057945,-0.030488,0.005919,-0.007089,-0.034581,0.025314,0.013267,0.027345,0.003877,-0.004542,-0.010851,0.069850,0.034139,0.023883,0.021903,0.025025,0.010978,-0.053655,-0.044834,0.051349,0.044760,0.062080,-0.002095,-0.014305,-0.008124,0.013482,0.010654,-0.025432,0.021943,0.021580,0.013734,-0.000688,0.038422,-0.043593,-0.047389,0.021292,0.026713,-0.000979,0.021327,-0.008554,0.005987,-0.002401,0.030115,0.010542,-0.008614,-0.013617,0.023583,0.031148,-0.007277
-0.035908,-0.028448,0.011300,-0.005995,-0.002556,-0.012573,-0.036328,-0.051910,0.022805,0.003257,0.023472,0.038767,-0.024738,0.033676,0.021716,0.026762,-0.013265,0.100419,0.017013,0.014817,-0.037207,0.052355,-0.010212,0.011232,0.012934,-0.003590,0.007723,0.019146,-0.001106,0.031996,0.008755,-0.000453,-0.005542,-0.019459,0.052044,-0.000621,0.018812,0.008034,-0.024922,0.035104,-0.027235,-0.002589,0.020186,-0.029108,-0.034446,-0.040105,0.003215,0.022852,0.012398,0.024299,0.007304,-0.013068,0.008614,-0.009027,-0.059316,-0.135280,0.014903,0.022942,0.021764,0.044999,-0.094387,0.020183,-0.018026,-0.015898,-0.017022,-0.028901,-0.002602,0.016809,-0.025950,0.012095,-0.017779,-0.015159,-0.000269,0.028302,0.013921,0.011668,-0.030214,0.081595,-0.013560,-0.007366,-0.017813,0.010471,0.002574,-0.005891,-0.016834,0.114754,-0.036036,0.026875,0.156009,-0.069526,0.045968,0.024336,0.052143,-0.040747,0.028026,0.023870,-0.002524,-0.000129,-0.015206,0.059566,-0.027691,-0.005171,-0.000100,-0.010915,-0.011282,0.015421,-0.004792,-0.004474,0.002006,-0.025195,0.006384,0.006671,-0.007060,0.041874,-0.011289,-0.013220,0.004995,-0.026797,0.008663,-0.035298,0.005619,0.025122,0.042041,-0.010169,-0.038948,-0.022619,0.009763,0.027843
-0.022747,0.065570,0.057311,-0.096538,-0.086865,-0.046076,-0.012232,0.042671,0.022269,-0.066124,0.031865,-0.008955,-0.019102,-0.015893,0.007350,0.029376,0.078823,0.005103,0.029664,0.024629,0.023610,-0.024205,0.024233,0.010485,-0.008055,0.018107,0.015913,-0.026450,0.033012,0.062880,-0.028935,0.011561,0.108063,0.006498,0.031041,0.031791,-0.009512,-0.044195,0.024573,0.021130,0.018339,-0.015878,-0.002420,-0.043386,0.013462,-0.004994,0.008439,-0.004665,0.005502,0.022707,0.036564,-0.412688,0.015780,-0.046042,0.014824,0.117229,-0.006024,-0.057468,-0.001632,-0.024235,-0.014713,0.064140,-0.004020,0.000662,-0.031884,0.073035,0.021477,0.037377,0.016307,0.064099,-0.069743,-0.041856,0.013052,0.019389,0.004658,0.004839,-0.019635,0.045035,-0.016246,0.041495,0.058928,0.020000,0.038293,0.010992,0.025691,-0.026361,0.028119,0.003067,0.323020,-0.016834,-0.033229,0.060882,-0.026156,-0.006446,0.033738,0.028588,0.003270,0.365960,0.131199,0.021709,0.015016,-0.013795,0.000681,0.036230,0.016207,-0.013821,-0.013491,0.009875,-0.029576,0.042658,0.002174,-0.038686,-0.008919,0.021344,0.028591,-0.003142,-0.081319,0.024691,-0.005515,0.009227,0.009721,0.046189,-0.034648,0.023811,0.008926,0.010016,-0.006348,-0.026832
0.000252,0.025088,0.045898,-0.015823,0.023721,0.030305,-0.021872,-0.021677,0.039845,0.041653,0.041865,0.002939,-0.008307,0.044019,0.055462,0.026683,0.051209,0.047339,-0.006488,-0.045923,0.006186,0.000227,0.003689,0.000498,-0.009673,0.023213,0.019921,0.027372,0.000371,-0.032123,0.034914,0.007016,-0.041474,0.021486,-0.003087,0.028368,0.009384,0.123766,0.030336,-0.029393,0.012193,0.118159,0.073553,-0.115448,0.016170,-0.024417,0.048005,0.003645,0.003288,0.006129,0.032066,0.088226,-0.005392,0.008514,-0.012876,0.094144,-0.008741,0.008780,0.136860,-0.010642,0.040753,0.034275,0.073854,0.015171,0.044538,-0.076920,0.077841,0.006258,0.002990,-0.028027,-0.033043,-0.005757,0.032272,0.073843,0.019040,0.043943,0.006154,0.057150,0.008154,0.002256,-0.019188,0.022860,0.015795,0.026547,0.044482,0.104410,0.009873,-0.029222,-0.118025,0.040090,0.067247,0.006603,-0.059157,0.006254,0.005404,0.022621,-0.031558,-0.024571,-0.009559,0.103348,-0.032525,0.015350,0.007067,-0.021427,0.089750,0.071190,0.042807,0.056802,-0.039402,0.106347,-0.015863,0.015920,-0.037798,0.009782,0.028301,-0.039221,-0.020429,0.020904,-0.012305,0.009764,-0.041470,0.043781,0.032138,-0.035113,-0.030765,-0.005457,-0.042743,-0.017426
0.045058,-0.027720,-0.006408,0.008084,0.014035,-0.013789,-0.054839,-0.035634,0.090578,0.007989,0.001032,-0.038236,0.001738,-0.020134,-0.022049,-0.016498,-0.009619,0.131791,-0.025356,-0.007531,0.007285,0.009234,-0.009280,-0.009465,-0.000594,-0.006172,-0.040645,-0.013818,0.007998,0.035554,-0.004252,0.020287,-0.019718,0.020240,-0.049956,-0.014171,-0.017918,0.005039,0.035055,0.025436,0.017544,-0.028643,-0.025849,0.030720,0.032682,0.019953,-0.018509,0.002602,-0.000248,0.002343,0.001141,0.001631,0.010175,0.029668,0.017565,0.037859,0.014544,0.058779,-0.008682,-0.006123,0.025890,-0.023671,0.081784,-0.004750,-0.038566,-0.034266,0.014247,-0.026838,-0.038003,-0.031495,0.002437,-0.014356,0.000461,0.065999,0.093307,-0.023563,0.011150,-0.007471,-0.033720,0.011921,-0.005671,0.024923,0.006615,-0.000723,0.041598,-0.049980,-0.029134,-0.022906,0.036666,0.031396,0.057194,0.016836,0.037692,0.022778,-0.002634,0.013135,-0.053755,0.001064,0.017218,0.072687,-0.000829,-0.016750,-0.015682,-0.019298,-0.007654,-0.037344,0.001963,-0.008429,0.025418,0.062267,-0.005342,-0.004746,0.001050,-0.018343,-0.037890,-0.029596,-0.011100,0.041666,-0.073543,0.014033,0.009531,0.022548,-0.017705,0.002899,-0.027429,-0.035805,0.013598,-0.029617
-0.026183,-0.034069,-0.022803,0.001235,0.037175,-0.015419,-0.035698,-0.023080,0.003444,0.004947,0.042146,0.025785,-0.011146,0.022443,0.127536,0.001802,0.016263,0.097058,-0.021465,0.036690,0.003567,0.010369,-0.004631,-0.005487,-0.037835,-0.011205,0.050805,0.030179,-0.007325,-0.015928,-0.006113,0.050822,-0.002584,0.032925,0.032442,0.015279,0.037329,0.008774,0.011659,0.010836,-0.014424,0.031212,0.057063,-0.014812,-0.038283,-0.016741,-0.044111,-0.020382,0.033258,-0.002570,-0.010794,-0.042657,-0.040843,0.015364,-0.045001,-0.055737,-0.033395,-0.038362,-0.001419,0.036524,-0.018043,0.021712,-0.020877,0.013642,0.006466,-0.010927,-0.003717,-0.021155,0.041844,0.003282,0.012910,0.001677,0.027034,0.054697,0.041921,-0.018034,-0.021192,0.126333,-0.031807,0.003664,-0.037353,0.007178,-0.005939,-0.050928,-0.012124,-0.027182,-0.010717,0.028249,-0.045153,-0.036447,-0.053961,-0.010913,-0.000867,0.015254,0.069635,-0.007336,0.017150,0.081500,0.008758,0.044813,-0.079153,-0.038471,-0.001347,-0.009142,-0.025083,-0.017911,-0.043615,-0.012257,-0.024743,-0.039286,-0.010103,-0.018378,0.031560,0.020447,0.085056,-0.012071,0.011661,-0.016996,0.006488,-0.022146,-0.014181,0.032090,0.009014,0.001805,0.010599,-0.038504,-0.024645,-0.005557
-0.013713,-0.016053,0.213166,-0.109449,0.070214,0.011254,0.012591,-0.012841,-0.032383,0.277306,-0.007940,0.013968,0.060220,0.002425,-0.014060,-0.010751,-0.091959,0.037701,-0.009218,0.016479,0.016026,-0.009167,0.005989,0.118923,-0.010347,0.016403,0.034865,-0.043587,0.051177,0.019825,0.016372,-0.022365,0.170431,-0.019711,-0.002776,-0.001252,0.004929,-0.024455,-0.011349,-0.044565,-0.029882,-0.026320,-0.002806,0.199472,-0.032599,-0.011138,0.028565,-0.006486,-0.011826,0.010739,-0.000349,0.025253,0.000829,-0.000789,0.039423,0.057362,-0.010652,0.041027,-0.005786,-0.006526,0.037746,0.004723,0.019697,-0.012806,-0.047254,-0.041249,-0.031288,0.007356,-0.006033,0.181719,0.084163,-0.007011,-0.009770,0.002073,-0.049433,0.001620,0.004894,0.011400,-0.008339,-0.013556,0.014044,-0.039706,-0.008439,-0.009148,-0.018940,0.058075,-0.020998,-0.002397,-0.028712,-0.028995,0.014232,0.009745,0.080238,-0.030619,-0.000664,-0.000632,0.023687,0.000167,-0.026779,0.004233,-0.031920,-0.010402,0.045245,-0.026561,-0.001154,0.048562,-0.024202,-0.015317,0.139286,-0.041797,-0.256666,-0.173174,0.002817,0.021065,0.008354,-0.009511,0.048641,0.004056,0.015972,-0.009789,-0.033264,0.013595,0.029414,-0.031359,0.002668,0.000025,-0.004329,0.006965
-0.010708,0.002138,-0.121224,-0.012664,-0.008057,-0.073178,0.008909,-0.026236,0.009792,0.089617,0.005593,-0.019695,0.011893,0.028103,0.029128,-0.013659,-0.057735,-0.041525,0.023975,-0.016810,-0.025852,0.011331,-0.012310,0.078200,-0.000078,-0.015831,0.001941,0.128405,0.032478,-0.007159,0.009892,0.010618,-0.139075,-0.010425,0.027472,0.011038,0.009969,-0.214823,-0.000854,0.006990,0.020240,-0.012846,0.008082,0.225524,0.020087,0.016414,-0.010926,-0.006443,0.005083,-0.076243,0.237839,-0.046209,0.012708,0.006449,0.036441,0.087185,0.011421,0.008179,0.005431,-0.002719,0.008756,0.024734,-0.029155,0.000531,0.012252,-0.064584,0.010379,0.000100,0.018658,0.045907,-0.055596,0.024951,0.016267,-0.002881,-0.024349,-0.014447,-0.027256,-0.007212,0.027207,0.025307,0.015814,0.111130,0.018348,-0.008455,0.007604,0.085585,0.004787,0.002345,-0.010343,0.008451,-0.012724,0.013001,-0.012159,-0.004269,-0.009435,-0.007517,0.025171,0.032839,-0.028291,-0.014446,0.005856,0.038535,0.198893,-0.011190,-0.026515,0.096243,0.008049,0.040467,0.120807,-0.004878,0.199915,0.065900,0.026066,0.007722,-0.014835,0.013457,0.082719,-0.040457,0.010543,0.011575,-0.134012,0.009850,-0.149427,-0.009422,0.002705,-0.013367,-0.006815,-0.005819
-0.009408,-0.027004,0.035897,0.043795,-0.046970,0.030366,-0.068748,-0.016963,-0.054605,-0.003212,-0.025444,0.024428,-0.025165,-0.012515,-0.012602,-0.036611,0.009284,0.039304,-0.024435,0.040040,-0.046559,-0.037844,0.040103,0.030776,0.039365,-0.008458,-0.006777,0.024682,-0.045552,0.080749,-0.056204,0.064253,-0.019442,-0.005798,0.005107,-0.005727,-0.035542,-0.014238,-0.013122,0.050596,0.068013,0.019227,0.062904,-0.020024,-0.052635,-0.060009,0.000944,0.067697,-0.004577,0.022628,0.031237,-0.056836,0.032358,0.016703,0.057130,0.019569,-0.036886,0.007917,-0.032373,0.023147,0.115731,0.084249,0.004704,-0.024122,-0.004264,-0.030643,-0.074424,-0.009346,0.034522,0.003077,-0.028603,-0.041715,-0.005025,-0.005656,0.143091,0.013899,-0.045741,-0.003931,0.065302,-0.045686,-0.169889,-0.015968,0.003177,0.038085,-0.033663,-0.004211,-0.062381,-0.008675,-0.043424,-0.047717,-0.072671,0.030301,0.019954,0.031017,0.025323,0.022479,0.020968,0.011438,-0.027880,-0.003253,-0.064409,0.100367,-0.002216,0.152358,-0.065544,-0.003325,-0.067412,-0.006287,0.028057,0.070485,0.001360,-0.042220,0.035002,-0.010779,0.033509,0.004076,-0.014513,-0.114858,0.008505,-0.041119,0.004332,-0.037999,-0.006131,0.063709,0.063607,-0.116255,0.011647,-0.030771
0.011251,0.002919,0.052537,-0.153523,0.052330,-0.066945,0.011194,0.003077,0.031996,0.086758,0.013430,-0.000405,-0.009464,0.007978,0.009480,0.015451,0.077106,-0.017445,0.013197,0.000060,-0.003950,-0.012598,0.003536,-0.040599,0.007784,0.056351,0.006793,-0.179271,-0.049235,-0.026970,0.001384,0.011462,-0.103914,0.014785,0.007983,0.011432,-0.006407,0.010763,0.020084,0.036169,0.009097,-0.004840,0.004387,0.054341,0.020019,0.020543,-0.003111,0.000951,0.014982,0.047712,-0.089127,0.006865,0.005407,-0.018620,-0.021709,0.047654,0.004662,-0.025899,-0.008604,-0.002078,-0.006226,-0.004495,-0.007503,0.019714,0.105877,0.060922,0.014568,-0.003126,0.014708,-0.053644,-0.000776,0.012007,0.009669,-0.002944,0.044073,-0.001731,0.006430,-0.002878,0.045088,0.013037,0.057962,0.088859,0.006215,-0.007909,0.013949,0.082644,0.031454,-0.005160,-0.007926,0.013757,-0.007583,0.000397,0.034010,0.018105,0.009539,0.023451,0.007280,0.013954,0.004598,-0.000635,0.025272,0.054733,0.028536,0.001486,0.004095,0.390991,0.016548,0.019107,0.019694,0.026954,0.013915,-0.118975,-0.004689,0.014007,0.013454,0.011911,0.396927,0.014284,-0.006407,0.016293,0.179124,-0.000338,-0.015459,0.137624,0.015351,-0.011071,0.007522,-0.007585
0.028136,0.011771,0.021411,-0.122989,0.081257,0.116279,0.018178,-0.017798,-0.018439,0.040077,0.010862,-0.037075,0.012674,-0.014226,0.002834,-0.004222,0.002489,-0.009622,0.004870,0.008421,-0.032612,0.007142,0.010102,-0.127608,0.004873,-0.002202,-0.053830,0.023705,0.094331,-0.018595,0.028610,-0.011284,-0.087997,-0.018733,0.008787,0.003646,-0.006418,-0.034554,-0.019210,-0.031568,0.005835,0.012925,0.029424,-0.000409,0.009005,-0.011207,-0.023856,0.001899,0.000006,-0.026165,0.026298,0.035113,0.004655,-0.001222,0.043777,0.019142,0.005560,-0.001999,-0.000048,-0.000714,0.036905,-0.005913,0.034077,-0.047381,0.123293,-0.076762,-0.000189,-0.015637,-0.011641,0.055464,-0.031141,-0.001528,0.007856,0.009847,0.038743,-0.010671,0.016766,-0.007723,0.004720,0.013236,-0.065561,-0.047638,0.005628,-0.012120,0.007565,-0.646775,-0.034668,0.015508,0.254798,0.017652,-0.024971,-0.000761,0.027263,0.002604,-0.011515,-0.009757,-0.042820,-0.010757,-0.032816,-0.006095,0.003432,0.004871,0.141970,0.002139,0.021122,0.111708,-0.002116,0.014807,-0.025585,-0.004392,0.006877,0.034815,-0.015412,-0.031538,-0.008797,0.004795,0.003820,-0.025321,0.012155,-0.008115,0.051347,0.007640,0.037857,-0.019148,0.009753,0.025800,0.011112,0.000719
-0.001575,-0.018824,-0.038544,-0.044286,-0.061158,0.238695,0.006393,0.006264,0.004829,0.155019,0.029206,-0.018685,0.069359,0.007823,0.050814,0.009317,0.064848,0.005131,0.018942,-0.028895,0.023597,0.004696,0.007273,-0.036921,0.008461,0.016360,-0.023461,0.213587,-0.110000,0.019272,-0.081466,0.000755,0.376986,0.008939,0.009740,0.002628,-0.003344,0.046793,-0.004794,0.016833,0.006283,0.019356,0.011376,0.137790,0.031504,0.008813,-0.013551,0.002638,-0.028395,0.052974,0.164040,0.036092,0.008641,-0.078819,0.001630,0.044191,0.023533,0.015338,0.023253,0.005222,0.002342,0.011801,0.000791,-0.012828,0.089456,0.028769,0.036176,0.012790,-0.005826,0.059495,-0.102824,-0.001407,0.010527,0.011856,0.049776,-0.005251,-0.011314,0.028433,0.012485,0.009344,0.080503,0.010733,0.017537,0.016745,0.002775,-0.026236,0.006107,-0.018433,0.007969,0.011612,-0.010936,-0.005929,0.106867,0.015357,-0.003628,0.009997,-0.002543,-0.001857,0.019321,0.006602,0.020235,0.020279,-0.247361,0.003254,0.020847,-0.102647,0.006473,0.030009,0.124470,0.023926,0.050560,0.063892,-0.006608,-0.015470,-0.008357,0.003272,0.099691,0.015850,0.003730,0.013371,-0.164129,-0.001515,-0.015178,-0.143542,-0.017958,0.002952,-0.009876,0.012833
0.020054,0.076174,0.036272,0.027600,-0.016535,-0.019540,0.032409,0.047254,-0.052535,-0.031401,-0.010559,0.038631,-0.024524,0.000357,-0.020292,0.037973,0.032224,-0.009587,0.002743,0.004796,-0.217572,0.023969,0.009699,0.037736,-0.030700,-0.020650,-0.042659,0.057643,-0.020310,0.029024,0.024251,-0.006131,-0.004926,0.018362,-0.000147,0.004802,0.007375,0.035595,0.012515,-0.015868,0.013794,0.204111,0.037654,-0.014681,-0.010308,-0.016073,0.028357,-0.012327,-0.010706,0.033641,0.003604,0.008642,-0.041146,-0.036079,-0.006001,0.003502,0.008779,-0.033113,-0.017087,0.030272,-0.005502,-0.005552,-0.013710,0.011282,0.008612,-0.004557,-0.020779,0.029703,-0.008379,-0.017471,-0.014337,0.025255,0.000229,-0.010787,0.018989,0.036225,-0.008269,-0.016326,-0.005997,-0.027949,0.043570,0.020897,0.017141,-0.038047,0.002668,0.000684,0.025035,-0.020131,0.043300,-0.009489,0.030838,-0.005357,0.050939,0.009608,0.030817,0.010681,-0.034097,-0.027995,0.021144,-0.000742,0.012366,-0.031164,0.008527,0.037369,0.017033,0.037684,0.031154,-0.030072,-0.023776,0.036073,0.008983,0.019641,-0.035763,-0.002045,0.012741,0.027674,0.014314,-0.252188,0.030388,-0.018141,-0.041871,-0.034543,0.043556,0.015475,-0.002686,0.024403,0.037802,0.011778
-0.011290,0.023246,-0.035095,0.009062,0.021652,0.080513,-0.013583,0.005417,-0.013701,-0.014065,-0.026377,0.054746,0.053254,-0.001245,0.049742,-0.051341,-0.001191,0.032648,-0.021395,-0.001931,-0.015325,0.023812,0.006155,-0.032418,-0.034961,-0.020338,0.000852,0.030831,0.017563,-0.014695,0.034067,0.047937,-0.004474,-0.027593,-0.011640,-0.025833,0.035044,0.038151,-0.026371,0.064505,0.032350,0.088310,0.015634,-0.009331,-0.008098,-0.017675,0.007339,0.015659,0.029552,0.006168,-0.027723,-0.000287,-0.007165,-0.006347,0.027324,0.047308,-0.001762,-0.086764,0.127305,0.034813,-0.000552,-0.106397,0.006288,0.001216,0.002331,0.057936,0.070109,-0.003916,0.024132,-0.008323,0.049461,-0.003985,0.031349,0.030739,-0.165793,0.015514,0.013884,0.038602,0.120074,-0.013148,0.037318,0.023882,0.041929,0.000601,-0.018405,-0.022597,0.046264,0.004282,-0.058811,-0.013836,-0.038111,0.025088,-0.004982,-0.007137,-0.042555,0.034632,-0.035429,0.064035,-0.046592,0.018488,-0.018905,0.135383,-0.017966,0.071761,-0.031625,0.041759,-0.010537,-0.030199,-0.056613,0.116139,-0.002337,0.048452,0.039842,0.017630,-0.053008,-0.002401,0.023222,-0.001993,0.005975,-0.029871,-0.015577,-0.007971,0.041073,-0.056908,0.055626,-0.018389,0.050149,0.015508
-0.005585,0.000550,0.075021,-0.152980,-0.218801,0.310496,-0.023412,-0.007480,-0.027985,-0.254811,-0.004843,-0.002030,0.024533,-0.014922,-0.017012,-0.019499,0.147169,-0.002450,-0.012040,-0.009325,0.023273,0.001823,0.019362,-0.086272,0.012058,-0.022421,-0.003633,0.006642,0.019068,0.021612,0.048562,0.001787,0.014799,0.021084,-0.016163,-0.018111,0.002538,0.013105,0.000893,-0.009633,-0.009697,-0.002074,-0.029230,0.015919,-0.017634,-0.004168,-0.029855,0.004776,0.012946,0.055066,-0.088097,-0.020078,0.000256,-0.020607,-0.011131,0.066504,0.007124,0.030093,0.054212,-0.009280,0.003704,-0.009934,0.008966,-0.017183,0.255334,-0.110400,-0.005095,0.000361,0.003106,-0.103181,-0.022281,0.004525,-0.024333,-0.015261,-0.121814,-0.000933,-0.023119,-0.008022,-0.042341,-0.013935,-0.014096,0.261164,-0.024419,0.002231,-0.014468,0.108930,-0.029787,0.002212,-0.030958,-0.018780,-0.000561,-0.034510,0.027601,-0.002856,-0.009092,-0.021286,0.000201,0.022694,-0.012304,-0.012095,-0.002621,-0.046596,0.144566,-0.038782,-0.032353,-0.113164,-0.021918,-0.021620,0.034111,-0.041817,0.019084,0.076194,0.000937,-0.007309,-0.008839,0.000385,0.199112,0.025775,-0.018550,-0.007502,0.139632,-0.024551,-0.045685,-0.008812,-0.004691,-0.012290,0.014880,0.016620
0.010736,0.001539,0.040259,-0.027172,-0.028209,-0.088326,0.006518,0.004696,0.002883,-0.066771,0.010585,-0.018298,0.042095,0.011990,0.013076,0.014440,-0.218546,0.027404,0.004765,-0.005120,0.007293,-0.008899,-0.012515,-0.053906,0.000022,0.018728,-0.021426,-0.020694,-0.098342,0.024459,-0.047075,0.010329,0.230308,0.014303,0.001522,0.012208,-0.005601,0.003818,0.015075,0.004889,0.009951,-0.003938,0.026904,0.047562,0.014477,0.008284,0.009935,-0.004013,0.004934,0.014062,-0.045504,0.001646,-0.004676,-0.003852,0.004421,0.001499,-0.003474,0.041026,-0.022526,-0.011340,-0.004075,-0.009116,0.014925,0.005981,0.126663,0.016933,0.026135,0.000835,-0.004733,0.071290,0.085760,0.011118,-0.000365,0.007594,-0.047456,0.002751,0.006499,0.005079,0.018246,0.007115,-0.068255,-0.068291,0.001982,-0.000970,0.013929,0.012977,0.006769,-0.015567,-0.006134,0.022964,-0.000465,0.000551,0.198614,0.013855,0.000813,0.006730,-0.011753,0.002057,0.012860,0.006568,0.010013,0.015821,0.182570,0.023998,0.017123,-0.008846,0.024429,0.015338,0.051417,0.018179,-0.017909,0.043578,0.001920,-0.000450,0.006677,-0.007377,0.076314,0.012477,-0.004549,0.014612,0.113068,0.009127,0.105292,-0.091077,-0.000001,0.003266,-0.003627,-0.013239
0.003423,0.061857,0.070819,-0.012041,0.044803,-0.060074,0.013558,-0.022245,-0.005824,-0.023725,-0.015816,-0.002785,0.029447,0.000835,-0.011467,-0.021549,0.079422,-0.072766,-0.009082,0.011092,-0.045737,0.003808,-0.010341,-0.200802,0.001384,0.019945,-0.029066,0.092004,-0.135745,-0.011439,-0.009365,-0.015745,0.216194,-0.017461,0.007991,0.004508,-0.014414,0.070048,0.006515,0.032804,-0.016314,0.057292,-0.010756,-0.047417,-0.006170,0.010516,0.007058,0.003109,0.009814,0.073936,0.050244,-0.033322,-0.028743,0.016576,-0.003418,0.000762,-0.018506,0.058516,0.011039,0.000088,-0.006661,0.057563,-0.044873,0.011934,-0.112504,-0.116356,-0.001038,-0.042335,0.019679,0.099981,0.153230,-0.003059,0.014737,0.006760,0.065063,0.006819,-0.000830,0.005245,0.002007,0.009389,-0.011937,0.168266,0.019216,-0.005370,0.010077,-0.005832,0.040756,0.002174,0.011008,0.009137,-0.013094,-0.002094,-0.502552,-0.013575,0.010313,0.007291,-0.032923,-0.001300,-0.023077,0.005669,-0.015024,-0.006421,0.032184,-0.036147,-0.037245,0.122513,0.005764,0.015471,-0.007955,-0.019172,-0.127158,0.075542,0.018974,-0.014609,0.006271,-0.003521,0.066862,-0.024082,0.006793,0.014336,-0.133457,0.017090,0.092532,0.010406,0.016396,-0.000129,-0.027420,-0.003200
-0.011272,-0.001758,-0.063015,0.271188,-0.008516,-0.059603,-0.016475,-0.013414,0.017904,-0.103940,-0.015895,-0.018289,-0.039992,-0.012477,0.026965,-0.011897,-0.030570,0.023394,-0.015489,-0.007031,0.011310,-0.013095,0.005875,-0.103764,0.001866,-0.040061,0.002919,-0.037649,0.152607,0.036762,0.049335,-0.027059,0.062500,-0.003886,-0.008799,-0.024969,-0.011437,0.024794,-0.012499,0.011903,-0.035902,0.024569,0.002006,0.081422,-0.018140,-0.023451,-0.003787,-0.007228,0.010806,0.098290,-0.109867,-0.014303,-0.012074,-0.065391,0.020468,-0.029217,-0.007440,-0.016283,-0.037645,0.010063,0.049855,0.043396,0.008439,-0.023389,-0.046231,0.070808,-0.011213,0.026235,-0.012212,0.175320,0.172376,-0.005955,-0.024885,-0.004779,0.045406,-0.023469,0.007153,0.009833,-0.043324,0.030550,0.032446,0.259669,-0.017287,0.004923,-0.031554,-0.046738,-0.022921,-0.009464,0.013084,-0.023515,-0.012586,0.008513,0.178397,-0.001311,-0.021959,-0.008670,-0.002902,-0.001553,0.023478,-0.006141,-0.009097,-0.049841,0.002562,0.040728,-0.017285,0.226650,-0.021838,-0.017589,0.036740,-0.017977,-0.018735,-0.057953,-0.004129,-0.017100,-0.025005,-0.002763,0.137798,-0.006699,-0.020770,-0.022142,-0.193177,0.000527,0.016721,0.097902,-0.004746,-0.027100,0.007427,-0.026142
-0.009635,-0.025653,0.078170,0.023151,0.058784,-0.034903,0.048531,0.000078,0.021836,0.021354,0.064295,-0.011811,0.043869,-0.014541,0.035020,0.025441,-0.041487,0.004686,0.026688,-0.010853,-0.029462,0.013750,0.062363,-0.071968,0.071719,-0.088961,0.015440,-0.016658,-0.100525,-0.267202,0.015360,0.067842,0.047277,0.029998,-0.000805,0.003887,-0.000332,0.012577,0.015956,-0.002903,0.053626,-0.043870,-0.019298,0.096083,0.007503,-0.076360,0.040052,0.041321,-0.006821,0.011958,-0.040590,0.020236,0.055743,-0.046307,-0.020950,-0.022482,0.034671,-0.372185,-0.056728,0.021579,-0.014024,-0.034395,0.019065,-0.030416,-0.040947,-0.001782,0.030688,0.048338,-0.033499,0.005740,-0.027382,-0.082186,-0.012118,-0.027685,0.093607,-0.041382,0.065491,0.005960,-0.058915,0.009694,-0.059447,0.013135,0.033957,-0.002372,-0.004185,-0.018220,0.016525,0.009305,0.007535,-0.001310,-0.040261,0.009977,-0.068287,0.012577,0.028477,0.044543,-0.062224,-0.034331,-0.001086,-0.038299,0.024106,-0.064784,-0.008842,-0.069293,0.130032,-0.126557,-0.011217,0.014075,-0.031957,0.031357,0.002870,-0.031984,-0.012620,-0.012856,0.010579,0.038745,0.079744,-0.011986,0.084413,-0.009196,0.095480,-0.019978,-0.068939,-0.015895,0.036928,0.100094,0.015104,0.013737
0.006524,0.015826,0.152549,-0.166663,0.081216,-0.022953,-0.024136,-0.009581,0.013416,-0.048858,-0.002979,-0.010878,-0.004406,0.005249,0.002183,0.001532,0.145526,0.003902,0.005716,-0.013364,-0.007580,0.000983,-0.004960,-0.126751,-0.016530,-0.020773,-0.002424,0.224688,0.213680,0.013728,0.104051,-0.010134,-0.287746,-0.004574,0.010361,0.000437,-0.007058,0.119130,0.001902,0.010392,-0.003944,0.007475,-0.006193,0.148030,0.007013,0.004934,-0.004844,-0.010348,-0.007158,0.011297,0.153697,0.014418,-0.008748,0.012254,-0.013116,0.115184,0.001786,-0.010052,0.010951,0.002680,-0.001936,-0.017716,0.012997,-0.003429,0.021408,0.036288,0.007322,-0.002717,0.013518,0.362675,0.220129,0.021753,0.006562,0.010756,0.068610,-0.011145,-0.005070,0.011751,-0.021015,-0.005144,-0.022965,-0.098229,0.008528,-0.011176,0.004040,0.146603,-0.001897,-0.015787,-0.008438,0.006276,0.004759,-0.000822,0.049013,0.001909,0.010242,-0.000345,0.005536,0.026964,0.008852,0.018721,0.000058,-0.036776,0.024853,0.001298,0.006015,-0.186237,0.016388,0.013393,0.031501,0.006257,-0.102856,0.123137,0.000653,-0.001290,-0.003732,-0.008721,-0.036372,0.010907,0.000633,-0.002096,0.110472,0.006162,0.038201,0.069940,0.005913,-0.004186,-0.010114,0.011057
0.058669,0.029989,-0.006253,0.010401,0.012450,0.015848,0.003309,0.053847,-0.023444,-0.011819,-0.006306,0.029192,-0.017313,-0.011574,-0.002622,-0.006069,0.002314,0.009000,0.024982,-0.045796,-0.064611,0.042107,0.067140,0.021710,-0.046612,-0.001559,0.005833,0.022296,-0.011809,-0.090480,-0.000619,0.066383,-0.015696,0.023608,0.006313,0.004701,0.049643,-0.004222,-0.000617,0.000069,0.102734,-0.059856,0.021184,-0.034227,0.045476,0.046368,0.041660,-0.057912,0.049495,0.017122,0.006109,0.023481,0.001863,0.025526,0.058571,-0.111319,0.002007,0.024172,-0.032717,-0.002671,0.093310,-0.015433,0.027803,0.012020,0.001780,-0.029201,-0.004038,-0.056625,0.037488,0.000730,0.021127,0.081294,0.049511,0.026317,-0.011449,0.023191,0.030411,0.007985,-0.010892,-0.025353,0.022737,-0.027433,0.059448,0.009653,0.036079,0.111164,0.013347,0.032212,0.179444,0.059542,0.007514,0.009012,0.003429,0.014523,0.008890,0.051453,0.033507,-0.002357,-0.013864,0.038055,0.030324,-0.002342,0.003551,-0.025517,-0.004672,0.010916,0.003001,-0.015706,-0.041421,0.056284,-0.003728,-0.025876,0.034294,-0.033696,-0.000882,0.042522,0.021736,-0.051759,0.011174,0.023274,0.000211,-0.031732,0.008342,-0.008012,0.075796,0.007924,0.034249,0.044589
0.025312,0.065386,-0.009841,0.001014,0.007464,0.001538,-0.017645,-0.006034,0.013430,0.004133,0.001044,-0.025688,0.004414,0.020931,-0.043753,0.003380,0.004928,0.031319,0.020685,0.038058,-0.020696,-0.009358,0.018942,-0.023982,0.033475,0.015184,-0.021918,-0.026318,0.030008,0.147967,0.010158,0.013931,-0.012898,-0.016855,-0.029736,-0.008230,-0.035400,0.008049,-0.002581,-0.025558,0.023862,0.012687,0.003345,0.024105,0.031931,0.003033,0.033549,0.001403,-0.041733,-0.018018,-0.021261,-0.008350,0.045778,0.000456,0.026790,-0.026544,-0.003633,0.053054,0.051083,0.004453,-0.005485,-0.061902,0.082230,-0.007488,-0.008563,-0.008492,0.019172,0.006527,-0.016792,-0.016499,0.014538,-0.069618,-0.032204,0.006594,0.024305,0.012676,0.039342,-0.007869,0.010866,0.020321,-0.014577,-0.000520,0.001683,-0.016338,0.001919,-0.014572,0.022927,0.009136,0.008685,-0.009861,0.053294,0.029229,-0.005585,-0.003192,0.002634,0.000006,-0.039077,0.013103,0.092235,0.006807,0.046924,0.030347,-0.023006,-0.004205,0.048546,-0.009808,-0.000922,0.013489,0.000228,-0.023807,0.010176,0.017507,-0.029632,-0.041998,0.017380,0.020168,-0.001837,-0.023075,0.011959,0.022820,0.002868,0.019226,-0.003864,-0.017000,-0.005122,-0.001380,0.008266,-0.005960
-0.015372,0.079533,-0.007997,-0.009346,0.008347,-0.038808,-0.025952,-0.025858,-0.007281,0.003945,0.019595,0.014963,0.025180,0.001833,-0.004709,0.009480,-0.003905,-0.022463,0.031117,-0.008129,0.022773,-0.042791,0.006818,-0.034557,0.005073,0.005511,0.001986,0.011837,0.026866,0.031428,-0.021123,-0.035202,0.013046,0.009841,0.023992,0.012043,-0.016721,0.024780,0.018408,0.051778,-0.038576,0.178063,-0.048081,0.010900,0.014875,-0.017636,-0.039967,-0.006789,-0.012573,0.005193,0.000444,0.041327,0.028406,-0.023640,0.041956,-0.048622,0.033297,-0.040407,0.002290,-0.017809,0.074733,-0.021104,0.064782,0.016978,-0.018068,-0.006670,-0.011743,0.025855,0.014467,0.000923,-0.043675,0.012039,-0.006515,0.000233,-0.038845,-0.029897,-0.034750,0.003467,-0.022358,0.080855,0.029552,0.040374,-0.003271,-0.018340,0.007591,0.005937,0.085368,0.009714,0.020020,-0.030599,-0.031259,-0.039282,-0.009547,0.010587,0.059821,-0.003513,-0.046827,-0.004922,0.013506,-0.025373,0.034166,0.035959,0.011183,0.018910,-0.062837,0.009641,-0.012517,-0.012693,-0.012721,-0.012518,0.008734,0.059936,-0.001896,0.013461,0.009408,0.012745,-0.004868,0.041146,-0.013993,-0.002530,0.002356,-0.033369,-0.012245,0.003295,-0.023129,-0.003545,-0.005279,0.007092
0.016518,-0.022524,0.105557,0.120143,0.085750,0.166496,0.010067,-0.011566,0.006634,0.022411,0.005425,-0.002312,-0.015619,0.007745,-0.022059,0.030927,0.170874,0.017570,0.022968,0.003249,0.064578,-0.004570,0.021122,0.039111,0.037969,-0.009434,-0.032704,-0.092492,-0.082951,0.012521,-0.085371,0.023404,-0.064427,0.005715,-0.001064,0.014948,-0.008995,0.096372,0.014175,0.011802,0.022141,0.016517,-0.002104,0.094184,0.026237,0.002867,-0.020830,0.016660,-0.035456,0.113818,0.058236,0.004568,0.030621,-0.008747,-0.006843,-0.003456,0.014676,0.006549,-0.003134,-0.000949,-0.001982,0.000454,0.040003,-0.000795,-0.014960,-0.072407,-0.004880,0.039143,0.013852,-0.110223,-0.014536,-0.015836,0.008491,0.008734,-0.058629,-0.011786,-0.013014,-0.018415,-0.008859,0.032679,0.000915,0.074025,0.022020,0.016966,0.024557,0.012629,0.006053,-0.005614,0.020502,0.009570,-0.053431,-0.002658,-0.049949,0.005761,0.028686,0.036371,-0.011665,0.007935,-0.014513,0.005711,0.029020,0.001221,0.021831,0.040199,0.005013,0.018554,0.012516,0.017587,-0.003912,0.042634,-0.130164,0.045738,-0.013637,-0.001876,0.030996,0.003617,-0.075276,0.042141,-0.004620,0.026868,0.010702,-0.011591,0.045663,-0.003327,-0.006612,0.005496,0.012391,0.015537
-0.012473,-0.007666,0.015856,-0.002050,-0.067928,-0.000098,-0.011878,0.001087,-0.027963,-0.017669,-0.016600,0.039679,-0.060202,-0.008566,-0.014935,0.023140,-0.031575,0.049870,0.056307,0.026747,0.002595,0.015557,0.015070,-0.000629,-0.051724,-0.011194,-0.011267,0.002486,-0.052867,0.019201,-0.022756,-0.013186,-0.007035,-0.044545,0.084199,0.035539,0.012047,0.051548,-0.007066,-0.073495,-0.019677,-0.042179,0.067682,-0.048746,0.057585,-0.042020,0.056517,-0.024517,0.058498,0.072404,0.044027,0.091210,-0.018705,-0.016786,0.048584,0.022962,0.036509,-0.040790,-0.097077,0.035450,0.082606,-0.093694,0.103003,0.001131,-0.013319,0.043804,-0.062831,-0.016719,0.067903,0.057564,-0.072946,-0.019377,0.044098,-0.004513,-0.028324,-0.008535,0.032110,-0.028083,-0.035184,0.049295,-0.118373,0.039907,0.037606,-0.048148,0.010970,0.005715,0.025161,-0.025205,-0.040866,-0.024668,-0.039807,0.006611,-0.049578,-0.022434,0.018175,0.054291,-0.003158,0.001286,0.023276,-0.004276,0.022554,-0.019596,-0.015455,-0.062407,0.028189,0.002712,0.011079,0.017584,0.138472,-0.067804,-0.046888,0.062126,-0.018202,0.010834,-0.004822,0.065543,0.007205,0.082825,0.069005,-0.001254,0.005879,-0.029773,-0.035387,0.137869,0.012827,0.048555,-0.025802,-0.030518
-0.002320,0.022695,-0.004689,-0.006040,0.028677,-0.022216,-0.029099,0.055372,0.002674,0.024026,-0.004769,-0.008224,0.009284,-0.035679,0.024340,-0.024485,0.009774,0.024976,-0.043022,0.053331,-0.014544,-0.000754,0.015958,-0.011306,0.002485,-0.006716,0.024542,0.010132,-0.018864,-0.031709,-0.002200,0.022830,-0.014917,0.047379,-0.014996,-0.029231,-0.002918,-0.002462,0.025484,0.025077,-0.017994,0.030629,0.009346,-0.004493,-0.018227,-0.009030,-0.000682,0.028757,0.047031,0.008763,-0.027587,-0.035744,-0.033130,0.013696,-0.056721,0.071633,-0.006865,-0.023166,-0.022951,0.008873,-0.009341,0.065879,0.032009,0.040715,-0.001821,0.018218,-0.021323,-0.030159,0.047350,-0.019919,0.015938,-0.021598,-0.041181,0.004557,-0.028849,0.007019,0.030240,0.028354,-0.012603,0.000545,-0.027273,0.034864,-0.078264,-0.035883,-0.026219,-0.021338,0.012767,0.034629,-0.094725,-0.012566,0.028995,-0.044291,0.007173,0.036222,0.006329,-0.033957,-0.004079,0.091769,0.017968,-0.017120,-0.021133,0.012107,0.023522,-0.028814,0.016897,-0.042560,0.001280,-0.010424,0.032859,-0.041368,-0.015530,0.020919,0.024538,0.013501,0.026057,-0.008106,0.003753,0.026559,-0.016451,-0.005484,0.022894,0.006499,0.005691,-0.007514,0.002056,-0.018666,0.005090,-0.020470
-0.011155,-0.037168,-0.041132,-0.180181,-0.055917,0.106217,0.041651,0.025506,0.031691,0.106056,-0.008701,0.015645,0.007219,-0.028919,0.009254,0.042405,0.056214,0.034587,-0.023502,0.126450,-0.006100,0.013549,0.002016,-0.149682,0.012175,-0.047545,0.156659,0.049059,0.011410,-0.017456,-0.115469,0.027313,-0.051697,0.020135,-0.029386,-0.014602,0.015134,-0.076417,0.014475,0.017487,0.001720,-0.060022,0.050558,0.031891,-0.022155,-0.010124,0.013021,0.040181,0.008338,0.060271,0.070703,0.132574,-0.011910,-0.047117,-0.000191,-0.421354,0.005826,0.008089,-0.012813,0.018416,-0.017411,0.015925,-0.028090,0.059315,0.117799,0.085877,0.005718,0.037834,-0.033793,0.005105,0.057482,-0.034947,-0.033739,-0.015449,-0.002693,0.021923,0.018717,0.011628,0.012387,0.029968,-0.033756,-0.020458,-0.043944,0.029383,-0.014813,-0.029760,0.000244,0.019722,0.039957,-0.022949,0.010617,0.033514,-0.090950,0.014438,0.009710,-0.039746,0.082786,-0.127164,0.009409,-0.040908,0.009354,0.055229,0.040799,0.094943,0.007297,0.074581,-0.005586,-0.054555,0.065212,0.023702,-0.078571,0.054499,-0.009522,0.075291,0.050558,0.002576,-0.036912,-0.059712,-0.018483,-0.006090,0.010240,0.055130,-0.033785,-0.005908,-0.010683,0.004054,0.034927,-0.044361
-0.036814,0.014129,0.017318,0.007629,-0.012935,-0.032339,-0.044754,0.008736,0.023095,0.004301,0.017803,-0.029959,-0.044938,0.002343,0.088040,0.084419,-0.001346,0.073982,0.012514,-0.001176,0.000442,0.064094,-0.024476,-0.004853,0.013180,0.000544,0.012752,0.025125,-0.042011,-0.067034,-0.045009,0.017760,-0.002869,-0.011117,-0.034827,0.013229,-0.005175,0.013189,-0.036476,0.003335,-0.035668,-0.064966,0.091623,-0.035741,0.030116,0.022521,-0.044686,0.009525,0.095844,0.020346,-0.028546,0.012699,-0.081204,0.001012,-0.019668,0.112161,0.026912,0.148024,0.032538,0.097707,0.048241,-0.033806,-0.032583,0.067675,-0.000349,0.005609,0.062839,0.039989,-0.058578,0.001014,-0.002143,-0.026518,-0.056651,-0.010452,0.018298,-0.011159,-0.049127,0.057819,-0.012974,0.010521,0.060557,-0.010478,-0.081378,-0.044843,-0.024723,-0.004569,0.097892,-0.016688,0.021545,0.024721,0.045320,0.038204,0.019603,0.012251,-0.006307,-0.005888,0.070360,0.000789,-0.023592,-0.010845,0.012768,-0.019218,0.029360,0.042802,-0.029184,-0.008115,0.120162,-0.011150,-0.022291,-0.012088,0.003344,-0.005901,-0.010646,0.068877,0.017513,0.020191,-0.006651,0.028816,0.006732,0.009672,0.003571,0.067510,0.000874,-0.001394,-0.105026,-0.008313,-0.035242,-0.000983
0.016556,-0.023147,-0.012730,0.004536,-0.001891,-0.004616,-0.027808,-0.002207,0.003872,0.002693,0.008119,-0.017320,0.003051,0.004902,0.009643,-0.030046,0.004940,0.167063,-0.064093,0.011966,0.008826,0.036982,-0.042433,0.000227,-0.024304,-0.012482,0.024342,0.011351,0.002103,-0.022160,0.015894,0.063083,-0.018144,0.009847,-0.010662,-0.013441,0.052628,0.000924,0.025223,0.009224,0.023029,-0.022397,-0.003493,0.025038,-0.042904,-0.002199,0.005789,0.004374,0.091590,0.024661,-0.007119,-0.031782,-0.034837,0.005192,-0.009686,0.106681,-0.014040,0.007863,-0.054968,0.044893,-0.056289,0.013748,-0.014965,0.019005,-0.020947,0.009803,0.034400,-0.046544,-0.030722,-0.002262,0.007402,0.002919,0.018013,0.107026,0.029636,0.001551,0.029163,0.039558,0.016781,-0.052968,-0.007029,0.033585,-0.018174,-0.034047,-0.008758,-0.046329,-0.010116,0.002696,-0.021710,0.008269,0.048597,0.016670,0.017382,0.022949,-0.013820,-0.035020,-0.028531,0.015259,-0.028511,0.082690,-0.082763,0.004278,0.005179,-0.019023,-0.048186,-0.023432,0.015672,-0.005784,0.010356,0.034581,-0.003147,-0.008960,0.028567,0.014512,-0.028127,-0.024343,-0.004155,0.015352,-0.012455,-0.027449,0.003278,0.052254,-0.008896,0.001015,0.002546,-0.062428,0.023948,-0.039235
0.021807,-0.021123,-0.194998,0.100208,-0.001056,0.242116,0.011816,0.006509,0.000068,0.172127,0.006569,0.017334,-0.032780,0.006264,-0.000122,0.023448,0.109798,0.040769,0.012798,-0.016914,-0.013190,-0.017371,0.004013,0.080911,0.000260,0.012618,-0.028591,0.028201,0.210588,-0.008251,-0.104005,0.004131,0.044385,-0.000425,0.009514,0.010957,-0.009302,-0.047060,0.011579,0.007389,0.010546,0.032170,-0.006158,-0.006971,0.014796,-0.009416,-0.007816,-0.006534,-0.008402,-0.022632,-0.069166,0.089039,0.019112,-0.000814,-0.000030,0.027939,0.000408,-0.020355,0.003916,-0.001942,0.009086,0.019279,-0.004190,-0.003613,-0.029627,-0.003680,-0.006588,0.001605,0.016095,0.152441,-0.063669,0.016696,0.014989,0.016743,0.004430,0.004617,-0.003125,-0.001492,0.000382,0.013334,0.070505,0.325494,0.023930,0.007401,0.018988,0.030025,0.006898,-0.007221,0.012040,0.019243,-0.016089,0.006846,-0.054651,0.011858,0.021626,0.020017,-0.023304,-0.014145,-0.012740,0.014076,0.014462,-0.015837,0.132416,0.041389,-0.003693,-0.059065,0.015305,0.005649,-0.144777,0.022966,-0.059186,-0.200988,-0.013385,-0.018407,0.011306,0.008301,-0.196999,-0.023994,0.010105,0.001195,0.114403,-0.009088,-0.058436,0.121046,0.009201,0.007946,0.008266,0.002208
0.036762,0.000139,-0.010073,0.006103,-0.003501,-0.007852,0.099874,-0.049757,0.048797,0.024307,0.023529,-0.001390,-0.068538,0.021199,-0.021841,-0.027573,0.013148,0.135214,-0.039784,0.004676,-0.032585,0.030649,-0.039487,0.001020,0.047351,-0.049936,-0.013638,0.021550,-0.014718,0.013179,0.011305,0.102518,-0.000006,0.047697,-0.069893,-0.007670,0.038567,-0.008601,0.040719,-0.101772,0.087596,0.004663,-0.005938,0.006434,0.007529,0.030247,0.033014,0.047292,0.036612,0.079883,-0.026015,0.012141,-0.023366,-0.012191,-0.004484,0.038848,-0.010031,0.111997,-0.024562,0.006338,-0.069560,-0.052793,-0.037115,0.063691,-0.025633,-0.054708,0.004493,-0.039659,-0.047696,-0.035695,0.023564,0.043255,0.017554,0.058278,0.079711,-0.039478,0.033435,-0.017735,-0.034478,0.005279,-0.048241,0.012409,-0.040777,-0.037778,0.012823,-0.034146,0.027859,-0.013386,0.071309,0.040792,0.017970,-0.010659,-0.010376,-0.008933,-0.042691,-0.031595,-0.014199,0.010602,-0.005638,0.016342,-0.010407,-0.062758,-0.013184,-0.035616,-0.005738,-0.023930,0.037940,0.040474,-0.008824,0.049621,0.011312,-0.041870,0.042997,0.011510,-0.035805,-0.005586,0.030250,-0.003629,-0.009762,0.021128,0.014467,-0.021299,0.024440,-0.016751,-0.040947,0.091599,0.034047,-0.001093
-0.020567,-0.038507,0.128810,0.066363,0.001799,0.095778,0.042141,-0.008825,-0.006805,0.052978,-0.002440,-0.002326,0.013145,-0.002959,-0.004545,0.000219,0.199003,-0.009732,0.007802,0.007642,0.052111,0.004026,0.006137,-0.074932,0.021506,0.030283,0.050422,0.081744,0.065362,-0.004253,-0.032181,-0.011100,-0.014001,-0.014653,0.001232,-0.011734,0.001607,0.071984,-0.013820,-0.045663,-0.017225,0.011193,-0.029090,-0.078333,-0.003176,-0.009735,-0.003106,0.013839,-0.026931,0.050188,0.182518,0.025592,0.014641,0.019758,0.021834,-0.015308,0.005666,-0.011890,0.020872,0.009990,-0.011249,-0.001905,0.004450,-0.002638,-0.336179,0.074655,-0.007367,0.047709,-0.015071,-0.175678,0.064128,-0.016822,-0.019306,-0.021990,-0.043074,-0.003941,-0.013513,-0.011985,-0.012588,0.009426,0.085464,-0.074563,0.000051,0.014608,-0.022049,-0.041659,-0.018368,0.006266,-0.016460,-0.024017,-0.030062,0.011237,0.067288,-0.019890,-0.008469,0.002771,0.069910,-0.007528,0.018953,-0.026181,0.003780,-0.021889,0.034750,-0.002077,0.005775,0.068242,-0.006272,0.002521,0.052906,-0.006849,0.194120,-0.031849,0.003223,0.027926,-0.001810,0.005240,-0.010048,0.037144,0.017265,0.003972,-0.019996,0.007465,-0.079215,0.292593,-0.015031,0.018826,-0.001994,0.002408
-0.005147,-0.000721,0.200452,0.197198,-0.115815,0.008544,-0.001851,0.000563,0.020063,0.029111,0.001144,-0.008211,-0.015393,0.008118,0.010866,-0.017778,-0.046917,-0.026275,-0.008049,-0.002017,0.001836,-0.000530,-0.012955,0.041128,0.008078,0.036140,0.012616,0.131729,-0.214763,-0.003287,0.065420,0.001078,-0.088318,0.008114,0.007647,-0.004227,0.004374,-0.088085,0.006478,0.018291,0.000047,0.008044,-0.005721,0.022815,-0.005272,-0.004327,0.002117,0.003561,0.008447,0.040966,0.247867,-0.023746,0.001239,0.017852,0.008110,-0.015460,-0.004717,0.006347,0.008501,-0.008743,-0.015639,-0.006422,-0.009949,-0.012987,0.153046,-0.021868,0.009199,-0.018483,0.013098,-0.041227,0.179189,-0.010719,0.000905,0.009492,0.015635,-0.009382,0.001215,0.004822,0.043566,0.003227,0.063926,0.076719,-0.005314,-0.011039,-0.002813,-0.037818,-0.006499,0.000489,0.011413,-0.006438,0.006502,0.008012,0.032627,0.009623,-0.010299,-0.009969,0.006332,0.009706,-0.000441,0.006901,-0.010232,0.053439,-0.205127,-0.010830,0.010212,0.118776,-0.011707,-0.004749,-0.002920,0.003191,0.195842,0.080725,0.005905,0.007786,-0.019493,-0.007573,-0.106047,0.010593,-0.001224,-0.012755,0.287976,0.012621,0.108494,0.082577,-0.003977,0.002392,-0.003452,-0.009815
0.025683,0.045202,-0.024395,0.000900,0.011401,0.009421,-0.011427,-0.013411,0.022393,0.040112,0.000834,-0.031078,0.017019,0.014647,0.024459,0.010631,0.018969,-0.015750,0.002889,0.032310,-0.016724,-0.010519,0.019046,-0.001067,-0.035616,0.004384,-0.056629,0.011272,-0.014519,-0.059286,-0.008577,-0.013927,0.002331,-0.018924,-0.065197,0.004532,-0.039029,-0.001965,-0.002527,-0.004361,-0.022030,-0.029005,0.017148,0.017744,0.054212,0.065214,-0.030465,-0.024390,0.057207,-0.027195,-0.005883,-0.021699,-0.052327,0.008369,-0.015576,0.045144,0.001721,-0.062309,-0.010093,0.004067,0.045820,-0.024414,-0.013367,0.023325,-0.016158,-0.010712,0.015213,0.006486,-0.006434,-0.020963,0.034468,-0.015118,-0.004700,-0.003241,-0.026697,0.026640,0.010226,0.005003,0.018109,0.039869,-0.030404,0.006160,0.012321,0.006371,0.003768,-0.007230,0.068856,-0.036710,0.032001,0.039245,0.009249,-0.000029,0.026263,-0.080725,-0.046791,0.014689,0.012098,-0.006783,-0.005613,-0.023029,0.041238,-0.015461,0.001510,0.000611,-0.021666,-0.010686,0.029420,0.021121,-0.029008,-0.012650,0.008739,0.000502,0.005441,-0.014923,-0.018796,-0.017780,0.014780,0.037405,-0.022796,0.064436,0.013949,0.018832,0.007844,-0.011696,-0.002721,-0.033213,-0.003263,-0.030303
0.033831,0.029665,-0.039473,0.015797,0.010742,0.067826,0.027389,0.081601,-0.159605,-0.013367,-0.064024,-0.000152,0.026966,-0.018099,0.027029,-0.017934,-0.007745,0.115435,-0.049364,-0.007309,0.057113,-0.053818,0.013100,0.036092,0.035240,0.027971,0.007325,-0.029179,0.017802,-0.066693,0.037196,0.013929,-0.047495,-0.006370,-0.034518,-0.036181,-0.036664,0.027727,-0.035300,0.053192,0.016734,0.025910,0.027733,0.032849,-0.058201,0.006352,0.016092,0.026536,-0.027482,-0.010006,0.006534,-0.022202,0.012933,0.021862,0.012341,-0.036996,-0.050721,-0.003374,0.107437,-0.014811,0.119629,-0.035663,0.095391,-0.041661,-0.009275,0.076653,0.026919,-0.023860,-0.019325,-0.048607,0.027751,-0.049533,-0.004333,0.034816,0.023558,0.043856,-0.017937,-0.002588,-0.017352,-0.089622,-0.014015,-0.027420,0.003123,0.008238,0.016589,0.023379,-0.000607,0.000599,-0.046790,0.031797,0.038597,0.030927,-0.028049,-0.008632,-0.031246,-0.000357,0.013404,-0.019590,-0.015071,0.044113,-0.047476,-0.096136,-0.011251,0.086036,-0.021024,0.011542,-0.010191,-0.031091,0.033221,0.035416,0.041380,0.000911,0.010384,-0.020366,0.006577,-0.031559,0.035680,0.044393,-0.009746,0.015107,0.020366,0.020962,0.051999,-0.035254,0.009745,-0.023748,0.015588,0.008652
0.021285,0.002441,0.002709,0.004839,-0.043512,0.030687,-0.001549,-0.005264,0.049014,0.002077,-0.016764,-0.018803,0.006987,-0.001774,0.010079,-0.022561,0.000856,0.022937,-0.032817,0.027899,-0.043130,0.008362,0.009733,0.022999,0.017295,0.017850,-0.046628,0.030123,-0.003085,-0.087584,-0.005622,0.020179,0.001490,-0.000997,-0.012578,-0.014797,-0.011342,0.007178,-0.013316,0.091746,0.025622,-0.052543,0.017499,0.005139,-0.005421,-0.042082,0.062948,0.014584,-0.040999,-0.025773,-0.011794,0.022059,-0.002874,-0.025337,0.017867,-0.006029,0.008271,-0.146226,-0.035106,0.040855,0.009190,0.108195,-0.009859,0.008084,-0.004531,0.039055,0.019042,-0.023086,0.030288,0.006687,0.018751,-0.037733,0.005324,0.020863,-0.060414,-0.002821,0.075853,-0.034367,-0.009118,-0.001781,-0.025578,-0.025351,0.009373,-0.005394,-0.013739,0.035267,0.020140,0.020845,0.027943,0.022027,0.020042,0.006866,-0.008472,0.063388,-0.018289,0.035115,-0.014884,0.022412,-0.037287,0.004113,0.009014,-0.000559,0.002623,0.019312,0.125427,0.014725,0.021904,-0.011186,-0.007067,-0.011022,-0.001491,0.021347,0.027044,-0.021808,-0.005818,0.003033,0.028926,-0.042008,0.023701,-0.041586,-0.004595,0.008314,0.045669,-0.001715,0.062393,0.010002,0.000544,0.009408
0.012428,-0.015472,0.158850,0.187082,0.269746,0.044548,0.006151,0.039230,-0.015145,-0.194023,0.017213,0.014750,-0.067538,-0.014586,-0.015660,0.011232,0.069801,0.031255,-0.002881,-0.007926,0.056743,0.007971,0.011168,0.134070,0.011004,-0.033197,-0.023191,-0.075518,0.026132,0.003025,0.051687,-0.001043,0.029495,0.030514,-0.014544,0.000727,-0.002632,0.054791,0.011714,-0.012571,-0.006337,0.002638,-0.027777,0.173593,0.007064,-0.009317,-0.004102,0.006484,-0.009073,0.011822,0.090890,-0.006191,0.011553,-0.014851,-0.024907,-0.031167,0.009645,-0.010903,-0.015745,-0.011387,-0.017472,-0.022235,0.022908,-0.021307,0.036084,-0.018114,-0.007213,0.005972,-0.006016,-0.094900,0.138595,-0.009148,-0.010402,-0.001037,-0.060646,0.013839,-0.006415,-0.004237,-0.015852,-0.000371,-0.006768,0.038114,0.000851,0.027101,0.009280,-0.026131,-0.034908,-0.011558,0.001248,0.004144,-0.003624,-0.027424,-0.022009,0.003758,-0.001139,0.020255,-0.017345,-0.013810,0.013021,0.003602,0.001403,-0.019281,0.048451,0.008958,0.000017,0.210042,0.006114,-0.008348,0.054687,0.002677,-0.041171,0.076141,-0.016732,-0.011670,-0.005039,-0.010931,-0.141341,0.048116,-0.006508,-0.003035,-0.021534,-0.031261,-0.085580,-0.301330,-0.020193,0.011205,0.010830,0.023937
0.061508,0.021989,0.015773,-0.008646,-0.030728,0.038426,0.026366,-0.005869,0.031630,-0.002751,-0.040181,0.015567,0.037683,-0.000758,-0.041072,0.018797,0.057653,-0.020572,-0.019278,-0.036851,-0.103305,-0.004140,0.078230,-0.031795,-0.086848,0.011427,0.103237,-0.043218,0.007444,0.070284,0.028457,-0.033924,-0.011706,-0.007449,-0.031331,-0.032933,-0.010709,0.026157,-0.020172,-0.030983,-0.030699,-0.017843,-0.077341,0.064088,0.007435,0.058451,0.023394,-0.062859,0.052873,0.013487,0.002373,0.000283,-0.047422,0.000717,-0.040191,-0.016398,-0.016387,0.063360,-0.055338,0.005651,-0.022707,0.080922,-0.039630,0.000499,-0.025447,0.147263,0.005960,-0.047010,0.011678,-0.044560,-0.008562,-0.008970,-0.000433,0.008290,-0.050518,-0.006904,0.014980,0.013505,0.029881,0.041226,0.116842,-0.022044,-0.021598,-0.008833,-0.003847,-0.025497,0.006457,-0.028020,-0.004437,0.040941,0.064090,-0.014373,-0.030175,-0.017990,0.015600,-0.005707,0.137181,-0.015625,0.068057,0.051102,0.008977,0.052105,-0.057936,-0.069503,0.011949,-0.013699,-0.001494,-0.053099,0.029305,-0.072521,0.026874,0.033937,-0.006218,-0.028089,0.014807,0.000938,0.005599,-0.070082,0.000327,0.023952,-0.034797,-0.024570,-0.013868,-0.032492,-0.006186,0.056536,0.017845,0.025188
0.001072,-0.022813,0.055706,-0.122191,0.175803,0.168408,0.016941,-0.000750,-0.011360,-0.213355,-0.012515,-0.003153,0.010954,-0.000820,0.001830,-0.003973,-0.120622,0.031110,-0.005249,0.026066,-0.023861,-0.004480,-0.002761,0.315675,0.005195,0.007683,0.005158,0.200196,0.059980,-0.036078,-0.004037,0.011919,0.143565,0.010033,0.000866,-0.007375,0.007486,-0.020063,0.000326,0.036484,0.014419,0.000657,-0.007513,-0.151155,-0.001323,-0.000274,-0.002186,0.017376,-0.014705,-0.146747,-0.128055,0.044670,-0.002164,0.040309,-0.019809,-0.080364,0.002372,-0.024704,-0.006618,-0.012000,-0.034304,0.005872,-0.026823,0.002643,-0.213078,-0.019529,-0.006380,-0.027626,0.006457,0.073979,0.029024,-0.005826,-0.001111,0.001040,0.059784,0.000291,0.002768,0.004142,0.028320,-0.016218,0.033420,0.134047,-0.015346,0.008789,-0.006360,-0.050178,0.011640,0.015631,0.006951,-0.000838,0.002989,-0.014272,0.041453,0.020712,-0.001379,-0.003012,-0.009579,-0.019745,-0.013699,0.003769,0.008409,0.033553,-0.038931,-0.042421,-0.002618,0.089912,-0.021511,-0.015104,0.247842,-0.009399,0.045117,0.077972,0.012264,0.006853,-0.001019,0.010431,-0.022107,-0.013287,-0.012090,-0.000022,0.185988,-0.001350,0.054363,0.030968,-0.009262,0.001124,0.005004,-0.009278
-0.004345,-0.010660,0.009541,0.025922,-0.024426,0.040626,0.001901,-0.002743,0.001704,0.112149,-0.013596,-0.000384,0.002945,-0.012519,-0.022983,-0.002887,0.002171,0.025383,-0.004390,0.025547,0.010708,0.006383,-0.001508,-0.011466,0.029549,-0.030337,0.027813,0.021534,-0.040720,-0.010269,0.674647,0.015694,0.133607,0.009451,0.006352,-0.007105,0.007313,0.056364,0.005621,0.022337,0.005470,-0.006068,-0.011657,-0.116820,-0.009362,-0.021669,-0.013211,0.030059,-0.009727,-0.067356,0.141711,0.043131,0.018542,0.026057,0.018937,-0.009035,0.007482,0.000323,0.028428,0.010260,0.029237,-0.012139,0.010359,-0.002610,0.073124,0.108258,-0.014505,0.008777,-0.008536,-0.085251,-0.118177,-0.012015,-0.008178,0.007238,0.060587,-0.004225,-0.014446,-0.000736,-0.011113,-0.000512,-0.025725,-0.010949,-0.023768,0.003489,-0.007347,0.015438,-0.007499,0.026797,0.041771,-0.015851,0.004806,-0.017129,0.014244,0.020244,0.011889,-0.020013,0.014033,0.001627,-0.037369,-0.001743,-0.003077,-0.002968,0.157168,-0.003399,-0.011678,0.033696,-0.013442,-0.018333,-0.054431,-0.010866,-0.084791,-0.027199,0.002674,0.013841,0.018990,0.013318,-0.026461,0.027096,0.000216,-0.019984,-0.118290,-0.017288,-0.008001,0.036200,0.004227,0.007458,0.021069,-0.005976
0.047509,0.050800,0.005295,-0.004375,-0.004091,-0.013738,-0.017302,0.093284,-0.051150,-0.002707,0.014681,0.011460,0.008865,-0.007574,-0.039718,0.051314,0.012585,-0.029735,0.000508,-0.008950,0.047094,-0.043080,0.023370,0.017872,0.004504,0.008215,-0.047751,-0.010989,0.001054,-0.029003,0.022121,0.005847,-0.009571,0.018508,-0.008854,0.041141,-0.026626,0.009623,0.026490,-0.007342,0.015473,0.059168,0.021443,0.029300,0.015964,0.051899,0.018165,-0.010432,-0.006621,-0.012874,-0.005826,0.023460,-0.024337,-0.017307,-0.022434,-0.026458,-0.037618,-0.070054,0.006311,-0.013494,-0.045104,0.065574,-0.022728,0.036210,-0.004232,0.008964,0.010548,0.003322,0.087809,0.000302,-0.001950,0.035972,0.016470,0.034941,-0.031548,0.057354,-0.019101,-0.011512,0.018173,-0.021320,0.022371,0.005304,0.002275,-0.002751,0.041451,-0.050041,0.041191,-0.021143,0.009720,0.102213,0.043353,-0.009204,0.004454,-0.015583,0.045871,-0.000579,-0.023972,-0.057664,0.070519,0.053023,0.013988,0.013416,0.004888,-0.056343,0.086366,-0.030832,0.049641,0.019522,0.013086,-0.036166,-0.008762,0.011629,-0.023504,-0.001131,0.042614,-0.030343,0.008057,0.044511,0.026106,0.062248,0.005829,-0.002807,-0.013118,0.000554,-0.023279,-0.003645,-0.035686,-0.023928
0.023500,0.009300,-0.011289,0.008956,0.002282,-0.011528,-0.144615,0.039834,0.057727,0.018655,0.004679,0.018535,0.046859,-0.015903,-0.016493,0.008508,0.011321,0.006867,0.008096,0.003583,-0.014311,-0.022427,-0.034686,0.002288,0.004985,-0.015768,-0.015280,-0.026254,-0.011164,0.045230,0.008456,0.025523,-0.005973,0.035196,0.007000,0.021955,-0.038817,-0.020431,0.045797,0.068325,0.014838,0.014343,0.012841,0.036066,-0.000972,-0.007039,-0.019836,0.004620,0.036992,-0.036952,0.013112,0.052073,0.017813,0.024070,-0.036653,0.020576,-0.007866,0.001154,0.049282,-0.019229,-0.032645,0.016541,0.001047,-0.013319,-0.025755,0.004833,0.014070,0.000203,-0.037829,-0.032782,0.017595,-0.005692,0.033215,0.048815,0.025063,0.021314,-0.016049,-0.002936,-0.003585,0.005902,-0.023615,0.024702,0.021497,0.018269,0.047244,-0.025015,0.032702,0.020745,0.018692,0.015944,0.078804,-0.001061,0.031364,-0.008140,0.023362,0.024062,-0.059883,-0.029883,0.035242,0.064696,-0.007579,-0.018254,-0.009982,-0.020321,-0.010330,-0.017782,0.025382,-0.044004,0.013994,0.033638,-0.002394,0.019534,-0.010700,-0.008316,-0.010853,-0.022936,0.007470,0.007950,-0.021985,-0.008951,-0.002917,0.015886,-0.027703,0.006967,0.031307,-0.077472,-0.006839,-0.007524
-0.011468,0.040723,-0.000026,-0.025279,-0.029335,0.064890,-0.003068,0.024405,-0.011371,0.001101,0.003350,0.007468,0.087452,-0.015040,-0.096486,-0.003326,-0.002797,-0.038374,0.034706,0.015412,0.010226,0.075270,-0.018954,0.001652,0.027973,0.047528,-0.061911,0.002700,-0.029693,-0.065797,-0.169904,0.013298,-0.024157,-0.021345,0.004034,-0.000091,0.044405,0.045747,-0.044894,-0.038199,0.037048,0.042377,-0.079305,-0.050054,0.041238,-0.006959,0.024476,0.016194,0.024718,-0.026827,0.000973,0.039323,0.045758,0.019908,-0.087218,0.095594,0.035220,-0.003055,-0.008223,0.014058,-0.085064,-0.149994,-0.033172,-0.094452,0.055011,0.057354,-0.047027,-0.028296,-0.000654,-0.023202,-0.039640,-0.022987,0.024914,-0.012342,0.486554,0.006919,0.025912,-0.048278,0.007929,-0.029316,0.155646,-0.039688,0.016501,0.032482,-0.019679,0.098597,-0.061769,0.099705,-0.011790,-0.003815,0.004432,-0.000552,0.041259,-0.032332,-0.048938,0.032556,-0.058501,-0.025214,-0.068485,-0.009641,0.022137,0.039846,0.176515,-0.024410,-0.003507,0.081749,-0.039800,0.019389,-0.102276,-0.016373,-0.014686,0.135927,0.034814,-0.026623,-0.071102,0.024552,-0.041576,0.043731,-0.002667,-0.016405,-0.070047,-0.056478,0.090929,-0.017619,0.011198,0.022051,0.006252,0.102405
-0.021081,0.018130,-0.004626,0.004054,-0.016210,-0.016098,-0.054837,0.024587,0.006464,-0.007868,-0.011217,0.028035,-0.014917,0.008667,0.059963,0.056791,0.015081,0.052824,0.007357,-0.050242,0.071651,0.044547,-0.014532,0.015597,0.030806,-0.006259,0.003735,0.012916,-0.019481,-0.015308,-0.019553,0.025288,-0.008446,-0.052661,0.018725,-0.006779,0.041345,0.033702,-0.077051,0.064805,0.033093,0.021499,0.071108,0.004823,0.015535,-0.022548,-0.003180,0.039668,0.074353,-0.005905,0.001774,0.002778,0.001681,0.012359,-0.045356,-0.036804,0.008907,-0.027629,0.006015,0.145030,0.026012,-0.014484,0.024079,0.039793,-0.019703,-0.003734,-0.015683,-0.020339,-0.022898,0.010840,0.003482,0.021081,0.004440,-0.013061,0.000937,0.039826,-0.004144,0.034325,-0.004407,-0.031508,0.060751,-0.009325,-0.013569,-0.025599,-0.033359,-0.001518,0.102401,-0.023978,0.047121,0.005659,0.048434,0.049479,0.028158,0.022037,-0.005628,-0.052439,0.069096,0.006054,-0.030529,0.004544,0.039536,0.002211,0.031050,0.017605,0.039936,0.010542,0.042700,-0.016709,0.012374,-0.030280,-0.003438,-0.006940,-0.007548,0.045274,-0.045390,0.052868,-0.003083,0.109331,0.039368,-0.050101,-0.007893,-0.000844,0.046294,-0.012530,-0.044503,0.031426,0.010569,-0.027782
0.039648,0.027655,-0.002138,0.012003,0.028771,-0.039305,-0.075836,-0.012953,0.045386,0.021890,0.033046,0.000506,-0.003854,-0.000444,0.013715,0.018696,0.008744,-0.000030,0.035028,0.007513,0.001278,-0.054538,0.034942,-0.033650,0.049036,-0.022529,0.029789,-0.002976,0.025230,0.046654,-0.021571,0.007371,-0.017683,0.065879,0.054782,0.042589,-0.023711,0.028163,0.070243,0.038034,0.012584,0.086068,0.011930,-0.008466,-0.006539,0.017710,-0.048914,0.025961,0.031830,0.000537,0.009722,0.046402,0.055036,-0.014680,-0.003802,-0.045038,-0.029863,-0.044356,-0.007172,-0.075793,0.009884,0.010504,0.046459,-0.007891,-0.030826,-0.034072,-0.017735,-0.036186,0.019240,-0.023704,-0.036941,-0.028437,0.031145,0.043595,0.007261,-0.019228,-0.009828,0.052077,-0.029952,0.077380,-0.006625,0.032099,0.034469,-0.018747,0.077850,-0.013923,0.015995,-0.000205,-0.024299,-0.023503,0.000544,-0.043848,0.032495,0.004012,0.104587,0.022578,-0.018204,-0.054007,-0.006114,0.054079,0.008999,-0.022898,0.015033,-0.022130,-0.050628,0.006565,-0.028283,-0.013429,-0.006800,0.045492,0.011165,0.042856,-0.011954,-0.048440,0.079506,-0.019547,0.006378,0.041195,-0.013865,0.059266,-0.009309,0.014435,-0.036106,-0.000215,-0.008527,-0.012088,-0.004674,-0.013859
-0.005652,-0.016138,-0.001520,0.184571,-0.087882,-0.145959,0.043613,0.064570,-0.008619,0.072377,0.005991,0.024389,0.057792,-0.019962,0.006021,0.004566,0.015046,-0.010498,-0.000060,0.029148,0.010124,0.005913,0.026314,0.187555,0.017350,-0.025373,0.014229,0.057139,0.285338,-0.017651,-0.059209,0.016340,-0.067899,0.041871,0.005813,-0.008122,0.004417,0.009631,0.013253,0.001359,0.009080,-0.028182,0.011362,0.085214,-0.021125,-0.024610,-0.004961,0.024952,-0.019590,0.159212,0.065424,-0.031954,0.021382,0.055945,0.012731,-0.005628,0.012708,0.001307,-0.018313,-0.001044,0.021884,0.014602,-0.013652,-0.014891,0.244050,-0.058132,-0.030824,0.014503,0.013828,-0.060931,-0.019938,-0.008322,-0.009187,-0.007651,0.043597,0.041221,-0.001126,0.008503,0.018212,-0.000700,-0.026810,0.033144,-0.018057,0.049371,-0.018945,-0.026099,-0.033799,0.024097,0.017456,-0.020638,0.009492,-0.000537,-0.142097,-0.000921,0.002013,-0.015537,-0.024530,-0.009330,-0.014844,-0.014135,-0.000149,0.034624,-0.154058,-0.016215,-0.008441,0.000091,-0.024930,-0.014011,-0.121283,-0.026875,-0.089721,-0.063265,0.000785,0.007331,0.014641,0.010993,0.036835,0.006760,0.026286,-0.019309,0.038175,-0.010094,-0.004988,-0.175317,-0.006130,0.029952,0.017762,0.006948
-0.000097,-0.012748,-0.055468,0.039331,-0.039659,0.060106,-0.031120,0.023745,0.016725,-0.007312,0.025985,-0.014295,-0.063007,0.016637,0.033456,-0.019696,0.082102,0.004377,0.008936,-0.011660,-0.015702,-0.003369,-0.001140,-0.025065,-0.047124,-0.002452,0.009467,-0.005853,0.054557,0.112739,-0.107203,-0.021632,0.101882,-0.016332,-0.004447,0.016382,0.000288,0.205526,0.004965,-0.043959,-0.013113,-0.022912,0.053861,-0.054144,0.008762,0.002170,-0.004969,-0.036482,0.030884,-0.288406,0.015287,0.004310,-0.026551,0.017392,0.023912,-0.003903,0.001776,-0.014259,-0.021926,-0.009391,-0.032521,0.073859,-0.031095,0.008126,0.100979,0.274686,0.022102,-0.019553,0.009845,0.105634,0.055165,-0.028354,0.008269,-0.003128,0.042439,-0.000090,0.008356,0.018848,-0.013217,0.042132,-0.092521,-0.130057,0.004305,-0.010847,0.013645,0.064836,0.015034,-0.029616,-0.046991,0.011906,0.009070,0.024990,-0.030159,-0.001562,-0.013017,0.006254,0.022638,-0.001215,0.177328,-0.002458,0.002635,-0.044956,0.084871,0.003178,0.023997,0.233099,-0.000462,0.023569,-0.177979,-0.005950,0.070211,0.043347,0.004921,-0.017266,-0.015219,-0.002463,-0.035190,-0.018113,0.003946,0.022483,0.041543,0.025898,0.028214,-0.088045,-0.010415,-0.014338,-0.025402,-0.010049
0.020689,0.008411,-0.006362,0.023199,0.041704,-0.010364,-0.011889,-0.007537,0.037087,0.021003,0.000274,-0.035199,-0.006086,0.025252,-0.023448,-0.033041,0.006905,0.026503,0.018066,-0.024728,-0.029794,0.008013,0.008312,-0.007372,-0.032376,-0.013427,0.022961,0.008393,-0.009717,-0.049059,-0.016816,0.006358,-0.014062,0.031127,0.045951,0.014499,0.041389,0.011169,0.055565,0.048301,-0.005568,0.048093,-0.038147,-0.000965,0.035649,0.028183,-0.019682,-0.000080,0.026364,-0.031417,0.001261,0.021534,-0.015325,-0.010810,0.017547,-0.079204,0.000311,0.026705,-0.036690,-0.039831,0.008276,0.075072,0.035124,0.042825,-0.014815,-0.036426,0.031992,-0.056502,0.024484,-0.040638,0.010438,-0.005633,0.048729,0.084791,0.033301,-0.053901,-0.012849,0.044790,-0.040978,0.027662,-0.050369,0.020466,0.018792,-0.016283,0.064538,0.017852,0.029615,0.026451,0.026525,0.018243,0.038644,-0.013419,0.046222,0.044231,0.069465,0.028088,0.001628,0.030777,-0.008601,0.092622,-0.030759,-0.044967,0.009316,-0.061333,0.003395,-0.033463,-0.007238,-0.022425,-0.001104,0.031982,-0.005411,0.020354,0.027525,-0.029854,0.012914,-0.030801,0.000672,0.004434,-0.028646,0.038683,0.006488,0.026688,-0.004703,-0.016385,-0.000035,0.021620,-0.060810,-0.033470
0.008906,0.000826,-0.139631,-0.180285,0.143905,-0.205105,0.004341,0.014177,-0.010160,0.070515,0.001988,0.005446,0.011070,0.006271,0.013509,0.000018,0.125126,-0.011699,-0.002717,-0.005799,-0.008227,-0.003850,0.008321,0.174444,0.003103,-0.005582,-0.002368,-0.066043,0.149352,-0.007771,-0.002762,-0.000834,0.325225,0.014619,-0.002213,0.002102,-0.000920,-0.015874,0.004413,-0.008131,-0.004272,0.013784,-0.003597,-0.034992,0.002862,-0.009450,0.002879,-0.000664,0.002302,0.142533,0.080055,0.052634,0.002812,-0.007395,0.008244,0.042295,0.001439,-0.033741,-0.034527,-0.002112,0.005483,-0.006301,0.008144,-0.006265,0.277958,-0.005963,0.008075,0.005696,-0.002183,-0.129572,0.202440,-0.003703,0.005063,0.003211,-0.004724,0.003616,0.003906,0.001262,-0.017535,0.007193,0.004921,-0.029664,-0.000306,0.003337,-0.002203,0.056672,-0.001346,-0.009268,0.000854,0.009372,-0.017556,-0.001783,-0.017640,-0.000793,0.000403,-0.000294,0.001705,-0.007898,0.020582,-0.004354,0.002160,-0.021951,0.154766,-0.004907,-0.016049,0.005208,0.007759,0.014210,0.087374,0.002408,0.157859,0.082003,-0.000605,-0.004398,-0.002538,0.001718,-0.200810,-0.014574,-0.000739,-0.003792,0.066128,0.000890,-0.040014,0.204418,-0.005295,-0.008159,0.001982,0.003014
-0.016889,-0.013219,0.007100,-0.031866,0.003469,-0.024260,-0.031818,0.037491,-0.036286,0.037929,0.037972,0.034469,-0.015847,-0.014984,0.075090,-0.021200,-0.028896,0.066032,0.020734,0.006704,0.001330,0.027789,0.049836,0.018250,-0.034194,-0.000343,0.012203,0.028810,0.001005,0.039266,-0.023301,0.021286,-0.004490,0.004616,0.021195,-0.052368,0.041340,0.035059,-0.034060,0.021939,0.001873,-0.009200,-0.002383,-0.000774,0.016189,0.053295,0.001363,0.013922,0.037219,0.047007,0.010400,-0.016351,-0.066606,-0.020323,-0.064281,-0.036215,0.027248,0.003032,-0.006627,-0.029973,-0.060282,0.031346,0.018091,0.020110,-0.016706,0.014364,0.025099,0.030289,0.053450,0.024473,-0.030681,0.086329,0.040695,0.019612,-0.041209,0.015125,-0.008315,0.082036,0.018174,-0.017202,0.018430,0.004395,0.034282,0.017958,0.006544,-0.046952,0.004000,0.011844,-0.046506,-0.025073,0.012039,-0.043512,0.000354,0.004505,-0.013779,0.007237,0.003118,0.033767,0.093389,0.026333,-0.010402,0.013387,0.024102,0.007477,-0.002515,-0.012186,-0.025965,0.002858,0.053132,0.014615,-0.014582,0.010743,0.012884,0.025507,-0.022243,-0.027141,0.010838,0.002814,-0.030020,0.024804,-0.011784,-0.033776,0.037276,-0.031799,0.005279,-0.010701,0.044590,0.032730
-0.003309,-0.005077,-0.018090,-0.004144,0.003918,0.010979,0.003749,0.017467,-0.010182,0.004799,0.033712,0.023132,0.007936,-0.028025,0.025888,0.007518,0.002299,0.014647,0.036004,-0.036571,-0.017683,-0.012852,0.035708,-0.001219,-0.022513,-0.010599,0.036228,0.001300,0.009018,0.002673,0.026181,0.016543,-0.005678,-0.007383,-0.015921,-0.030863,-0.036325,-0.016102,0.008959,-0.011900,0.046318,-0.058705,0.000669,0.011734,0.056009,0.032161,-0.001301,-0.021319,-0.028321,-0.031556,-0.000657,0.016184,0.037329,-0.005618,0.041071,0.091768,0.025204,-0.064097,0.065573,0.008775,0.022361,0.001368,0.043452,0.028249,0.005251,-0.019791,0.039680,0.041957,0.001829,-0.001405,0.015128,-0.017365,-0.025981,-0.023795,-0.006763,0.003715,-0.000438,0.013705,0.037707,0.032824,-0.020887,0.002028,0.037589,-0.014627,-0.027870,-0.040448,0.044851,-0.047049,-0.165322,-0.047481,-0.040228,0.039378,-0.015421,-0.037404,-0.024618,0.030373,0.052520,0.064705,0.027760,-0.053554,0.051388,0.006637,-0.003174,0.044248,-0.000605,0.001210,-0.019800,0.036627,-0.001289,0.063680,0.005772,-0.006722,0.010452,0.011610,0.011698,0.033025,0.002772,-0.032044,-0.010795,0.043464,-0.009673,-0.008883,-0.014607,0.018984,0.030634,0.001651,0.058592,0.002407
-0.032829,-0.039758,0.030776,0.009437,-0.018600,0.032809,-0.002220,-0.025744,0.119856,-0.028054,0.063350,-0.008095,0.023666,-0.004535,0.085882,0.005767,0.027835,-0.069867,0.021157,-0.012710,0.018543,0.013933,-0.032700,0.054505,-0.018197,0.019187,0.058915,-0.032084,0.014778,-0.036167,0.014022,-0.027486,0.009053,0.064124,0.011466,0.018447,0.021575,-0.001443,0.041698,0.090213,-0.021422,0.050517,0.000236,0.033859,-0.008965,-0.070407,0.036721,-0.008690,-0.031636,-0.001909,0.010535,-0.059376,-0.012449,0.043491,-0.012162,0.021279,0.018144,-0.069442,-0.010599,0.008756,-0.055996,-0.024808,-0.053333,-0.048578,0.001545,0.047891,-0.034956,0.019182,-0.041637,0.002699,0.007787,0.004581,0.003964,-0.009160,-0.024296,-0.011802,0.010448,0.038305,0.020467,0.027349,-0.012874,-0.031545,-0.011995,0.023411,-0.018659,-0.010184,0.006191,-0.005253,0.010774,-0.019751,-0.036519,0.011244,-0.044424,0.036954,0.008024,0.015236,0.040270,-0.017332,-0.030549,-0.030300,-0.004202,0.026038,-0.011576,-0.003106,0.054695,0.008783,-0.024199,0.031294,0.002168,0.002095,0.012075,-0.016824,-0.014712,0.016885,-0.026238,-0.004682,0.006745,-0.022642,0.031511,-0.050851,-0.008116,-0.002895,0.027815,-0.007952,-0.034477,0.029023,-0.012557,0.006592
0.003043,0.066648,0.089064,0.021218,-0.144759,0.035362,-0.041111,-0.009850,-0.014410,0.001048,-0.030163,-0.014026,0.059984,-0.010128,-0.033661,-0.011405,0.024724,0.063042,0.005294,-0.002849,0.046690,0.009895,0.003786,0.074903,0.042199,0.013914,-0.014925,0.083472,0.029561,-0.056966,-0.009437,0.051972,-0.006597,-0.017838,0.017895,-0.000324,-0.010111,0.008034,0.004948,-0.041630,0.038591,-0.032584,-0.021825,-0.067422,0.005310,0.063628,0.011079,0.017486,0.108313,0.160478,-0.068717,-0.008398,-0.003607,-0.094582,0.002257,0.020907,0.003274,0.005476,0.017661,-0.005336,-0.041263,-0.215963,-0.006434,0.054750,0.043627,0.210990,-0.012429,-0.001557,0.022456,0.110928,-0.125375,0.018818,-0.006669,-0.014630,-0.068925,0.010722,0.014620,-0.026759,-0.033505,-0.028678,-0.395372,0.064413,-0.001978,-0.002622,0.010188,0.006698,-0.001556,-0.056669,-0.026900,0.008827,0.003575,-0.016263,0.007074,-0.017574,0.038102,0.003539,0.028739,0.006445,-0.004621,-0.003016,-0.002801,-0.035127,-0.065818,-0.076527,-0.007470,0.180226,0.022227,0.019026,0.030630,-0.046005,0.121115,-0.020317,0.019322,-0.005479,0.065663,0.006040,-0.133709,0.063255,0.018957,0.064340,-0.064288,0.004489,0.058607,-0.014198,0.011979,0.012175,-0.032741,-0.011785
0.007371,-0.039212,-0.008544,-0.004616,-0.027508,0.015640,0.000581,0.016807,-0.029291,-0.004671,0.095290,-0.040772,0.010287,0.005635,0.044957,-0.008217,0.039303,0.024657,-0.017824,0.063455,-0.030252,-0.034773,-0.046925,0.002517,-0.001897,-0.013417,0.035878,0.000859,-0.004388,-0.000909,0.016246,0.034755,0.004209,0.060380,-0.030270,0.031031,-0.057153,-0.016038,0.039702,0.045086,0.023849,-0.057319,0.000612,0.019510,-0.005370,0.016360,0.060520,0.001772,-0.055335,-0.031032,-0.012533,-0.032457,-0.009733,0.025153,0.016031,0.046179,-0.024270,-0.003651,0.026887,-0.032627,0.022577,0.028159,0.036454,0.025324,-0.015584,0.021952,0.016513,-0.016848,-0.000219,0.029083,0.037640,-0.016076,-0.014586,-0.002789,-0.009312,-0.010853,0.034576,0.022177,-0.010024,-0.018878,-0.024245,-0.018952,-0.013652,0.009261,0.003013,-0.031968,-0.020123,0.012928,-0.091409,0.012476,-0.021698,-0.009839,-0.026355,0.043811,-0.010477,0.049057,0.010487,0.018913,-0.018311,-0.034709,-0.020432,0.008848,-0.000572,0.034982,0.030371,-0.000015,0.016606,0.058854,0.002445,0.014173,0.017203,-0.014379,0.001108,-0.022928,0.035186,-0.026899,0.000544,-0.054313,-0.015668,0.038314,-0.021775,0.022271,-0.023194,0.008496,-0.006896,-0.029581,0.010267,0.000326
0.007162,0.100625,0.007495,0.000948,0.000443,-0.063732,0.016850,0.043641,0.014708,0.013450,0.006718,0.012534,-0.015811,-0.001930,-0.040531,0.003947,0.016008,-0.031752,0.020991,0.018850,-0.023207,-0.008751,-0.012633,-0.004988,0.035950,-0.023930,0.045497,0.002230,0.013340,-0.009440,-0.012892,0.008510,0.015344,0.014778,-0.005232,-0.001398,0.016170,0.028145,0.004927,0.132994,0.014906,0.074141,-0.011152,0.023602,0.005777,0.047380,-0.001306,0.028938,0.007695,-0.007097,-0.006881,0.064934,0.046520,0.014435,-0.013552,-0.013279,0.014963,0.034759,0.038700,0.019900,-0.032746,0.050850,0.021232,0.050923,-0.030558,0.034821,-0.016302,-0.027770,-0.037428,0.010116,-0.031616,0.034864,-0.015838,-0.012527,-0.015001,-0.000615,0.017159,-0.050359,0.003311,0.055375,-0.042245,0.041387,-0.034768,-0.009935,-0.008311,-0.018082,0.174118,0.034183,-0.003550,-0.009418,0.059796,-0.016187,-0.009133,0.080097,0.027450,-0.032541,0.018334,0.002369,-0.001412,0.005996,0.063094,-0.033630,0.015792,0.008118,-0.037608,-0.014240,-0.000066,-0.034571,-0.010120,0.016887,0.002921,0.050567,0.000970,0.026207,0.014772,0.049711,-0.030945,-0.013030,-0.002823,-0.000082,-0.004000,-0.017618,-0.007433,-0.022574,0.005091,-0.009679,0.030530,0.032545
0.003836,0.012139,-0.016560,0.300588,0.021438,-0.134561,-0.010136,0.009195,0.002134,-0.178968,-0.018658,-0.001574,-0.027115,-0.005567,-0.018926,0.016195,-0.000850,-0.012781,0.015974,-0.003080,0.036425,0.011333,0.015492,-0.113790,0.004355,-0.009025,-0.003780,0.283833,0.143917,0.022007,-0.055835,0.030085,0.199223,-0.011191,0.011810,0.001064,-0.007588,0.038843,-0.003148,-0.013372,0.039787,0.024553,-0.025237,-0.026412,0.018703,0.008416,-0.010180,-0.000753,0.003184,-0.132520,-0.010950,0.003422,0.033421,-0.013649,0.012090,-0.024209,0.020104,0.039899,0.054760,0.015411,0.010048,-0.048824,0.026858,-0.001823,0.079021,-0.086587,-0.005685,0.029387,0.018580,-0.066928,0.005055,0.004774,0.005375,-0.026963,-0.048894,0.012715,-0.003314,-0.030530,0.030666,-0.009452,-0.052222,-0.186515,0.027625,0.007014,0.006395,-0.023427,-0.013150,0.018569,0.007765,0.003932,-0.005779,0.022860,0.013763,-0.008727,0.013017,0.008244,0.002379,-0.014667,0.002950,-0.019685,0.018427,0.032047,0.055624,0.022490,-0.003897,-0.081814,0.007776,-0.004673,-0.049181,0.030275,-0.106008,-0.018968,0.003496,0.003270,0.020177,0.009537,0.217878,0.038793,0.008798,0.005360,0.104167,0.007541,0.000538,0.175358,0.026644,0.003930,0.025710,0.001189
-0.007443,-0.002983,-0.139577,0.245985,0.151556,-0.034646,0.018295,-0.009859,-0.024952,0.054415,-0.006365,0.008692,0.035291,-0.005012,-0.025745,-0.014391,0.114973,-0.021443,0.001715,0.016071,0.001825,0.009036,-0.008381,-0.091246,-0.007417,0.005124,-0.001622,-0.145139,-0.343350,0.009015,0.035770,-0.012980,0.064385,-0.022453,-0.001884,-0.005711,0.005156,-0.019005,-0.020418,-0.019564,-0.004693,-0.057673,0.002647,0.100367,-0.009009,0.016237,0.013507,-0.000943,0.002572,0.096238,-0.015887,-0.011172,0.000075,-0.028454,0.013632,-0.018674,-0.000070,0.051654,0.032079,0.000259,0.009786,0.021205,0.006945,0.007140,0.011719,0.062693,-0.006260,0.005328,-0.001708,0.314250,-0.100144,0.020788,0.009172,-0.010513,-0.038056,-0.000800,-0.006993,-0.008416,0.017821,0.004297,0.007883,0.038546,-0.001403,0.002034,-0.000195,-0.015653,-0.010925,0.022945,-0.011813,-0.005901,0.025296,-0.004121,0.062836,-0.019861,-0.013517,-0.011562,-0.000518,-0.019126,-0.036687,-0.006437,-0.008216,0.030087,0.106978,-0.012637,-0.030749,-0.095672,-0.012617,-0.008757,-0.045641,-0.022728,0.062025,0.064279,0.013862,0.002998,-0.005481,0.008817,-0.128029,0.002542,-0.003741,-0.008352,0.275048,-0.003978,0.046560,0.065120,0.009603,-0.003779,0.008592,0.021252
0.012572,-0.010618,0.079166,0.062454,-0.175818,0.005903,0.027604,-0.002617,0.002664,0.205006,0.008165,-0.002375,-0.082226,-0.007041,-0.006437,-0.004427,-0.168866,0.010227,-0.011007,0.010222,-0.004004,-0.035542,-0.012810,-0.032351,0.016967,0.016706,-0.005486,-0.023004,0.171009,-0.002942,-0.054343,-0.033400,0.086619,0.019019,-0.004025,0.021369,-0.010346,0.102812,0.028416,-0.001233,-0.035399,-0.005931,0.017780,-0.175570,-0.013161,0.003163,0.027870,0.022182,-0.027226,0.239581,0.090161,0.025412,-0.010502,-0.091127,-0.002306,-0.014693,-0.021822,0.024484,-0.014805,-0.053388,0.001713,0.011689,0.017787,-0.007552,-0.155917,0.075070,0.017185,-0.009325,0.013695,-0.053467,0.178672,-0.004909,0.001930,0.024759,0.025053,-0.001431,0.015065,0.011435,-0.045717,0.011286,0.007865,0.048486,-0.007461,0.022038,0.021350,-0.073851,-0.002655,-0.000678,-0.027566,0.025981,0.014558,-0.011062,0.145435,0.007732,0.006257,-0.009093,-0.020303,-0.020482,-0.001211,0.030732,-0.010246,-0.048427,0.046092,0.004437,0.021758,-0.092798,-0.010994,0.000892,-0.132235,-0.026999,0.018853,0.100907,-0.018463,-0.013075,0.014224,-0.020711,0.108185,-0.000022,-0.000414,0.008889,0.141408,0.016144,-0.056490,-0.069111,-0.005989,0.022077,-0.011664,-0.004765
-0.015086,0.069732,-0.028775,-0.000423,0.013030,0.003645,0.020006,-0.027667,0.068518,0.053516,0.006239,0.033416,0.083731,-0.044131,-0.018950,0.013352,-0.012931,-0.012338,0.019620,-0.004271,0.009187,-0.028704,-0.017036,-0.044901,0.023308,0.007969,0.020474,0.001198,0.017817,-0.092476,-0.065872,-0.041211,-0.006473,0.011995,0.003460,-0.008814,-0.020509,0.064054,-0.015293,0.012586,-0.061557,0.022569,-0.094126,-0.040603,-0.033496,0.026966,0.031048,0.008227,0.000870,-0.036201,-0.001304,0.029213,-0.001458,0.015666,0.004000,0.027208,-0.006671,0.003660,-0.024980,0.003637,0.089726,0.076725,0.020448,0.007278,-0.000194,0.033499,-0.056364,0.095509,-0.010405,-0.005162,0.021205,0.078159,-0.015563,-0.021339,-0.094339,-0.009160,0.052040,0.004358,0.012932,0.079020,-0.155348,-0.003030,-0.003129,0.016216,-0.002227,-0.002285,0.055637,0.051965,-0.036236,-0.047244,-0.019375,-0.014159,0.022425,-0.012711,-0.010710,-0.038772,0.020888,0.020213,-0.073283,-0.015429,0.016275,0.016776,0.027971,0.013836,-0.014627,-0.002289,-0.013855,-0.008042,-0.009142,-0.006469,-0.014180,0.061070,-0.000384,0.031555,-0.001331,0.001889,-0.011682,-0.007347,0.006152,0.003584,0.009106,-0.004644,0.025952,-0.033127,0.039370,0.006926,0.056773,0.020703
-0.014689,-0.013051,0.078683,-0.154551,0.247824,0.084552,0.028960,0.010927,0.042590,-0.132163,-0.024406,0.036540,0.019984,-0.008992,-0.024730,0.021049,0.000872,-0.039535,-0.010540,0.014018,0.017923,-0.013490,-0.036967,0.172893,0.016826,-0.001999,0.040013,0.073065,-0.085511,0.060892,-0.018784,-0.012945,0.041821,-0.048573,-0.006334,0.006150,-0.026051,-0.103233,-0.029495,-0.021586,-0.018349,-0.022012,-0.004100,0.109032,-0.056892,-0.016611,0.056490,0.010319,0.019488,0.067265,0.083607,0.027366,0.009872,-0.061105,0.048050,-0.007939,-0.021309,0.107723,0.041871,0.027155,0.074431,0.050941,0.027394,0.010076,-0.054553,-0.036842,-0.024214,0.019779,-0.046632,0.003794,-0.063601,-0.012690,-0.009125,-0.003167,-0.011243,0.027707,0.030270,-0.027702,-0.025781,0.011048,-0.133113,0.052167,-0.024859,-0.000868,-0.013754,-0.006280,-0.000575,-0.002835,-0.043159,-0.006829,0.038419,0.107640,0.136518,-0.018214,0.004308,-0.031302,0.037577,-0.001302,0.086508,0.018204,-0.023798,-0.008403,-0.021981,-0.039083,0.086333,-0.001771,0.002399,-0.039958,-0.508494,-0.041352,-0.008958,0.065321,-0.011061,0.025442,0.008497,-0.000374,0.107866,0.012001,0.059840,-0.033391,-0.105026,0.078782,-0.033388,0.087169,0.001419,0.088252,-0.009439,-0.015254
0.006457,0.031269,-0.051500,0.015487,-0.018153,0.054901,-0.045258,0.013540,-0.023053,-0.019056,-0.030257,0.047874,0.019823,0.020784,0.001751,-0.001379,-0.039816,0.073743,0.001976,-0.008507,-0.005329,0.002261,-0.030286,-0.001929,-0.066549,-0.015857,0.034037,0.038580,0.028346,-0.031570,0.034041,0.031725,0.019810,-0.044772,0.006045,0.013720,-0.003366,0.002109,-0.037964,-0.102355,0.020939,0.001490,0.023026,0.042163,0.005489,-0.011361,0.024342,-0.029734,0.030731,0.043274,-0.005632,0.023841,-0.016518,0.065961,0.009923,0.037301,-0.033701,-0.003894,-0.037597,0.000237,0.000763,-0.116951,-0.013740,-0.016664,-0.027464,0.053300,0.010540,-0.013249,-0.029882,0.027180,0.067097,0.028010,0.063492,0.039829,-0.076111,0.023304,0.026390,0.011193,0.062016,-0.068879,0.079229,-0.005289,0.097194,-0.029105,0.025497,-0.070727,-0.045782,0.004304,-0.012211,-0.004140,0.015860,0.032179,-0.101143,-0.134974,-0.030020,0.041045,-0.009202,0.064530,-0.026183,0.048078,-0.010270,0.060028,-0.026862,0.072364,-0.032845,0.026840,0.030584,0.004567,-0.029906,0.033644,0.008126,0.017804,-0.000003,0.026040,-0.051142,0.001904,-0.024937,0.017731,-0.010359,-0.028961,-0.039301,0.009532,0.021969,-0.030017,0.075818,-0.026835,0.037119,0.016304
-0.036807,-0.039539,-0.014913,-0.014220,0.003192,0.020753,0.030017,-0.079524,0.079950,-0.004110,0.023805,0.013918,0.022860,0.011027,0.036525,-0.040444,-0.018655,0.038552,0.020907,-0.017826,-0.025238,0.023543,-0.033045,-0.028024,-0.015951,-0.003367,0.036755,-0.000406,0.045079,-0.063002,-0.021748,0.006404,-0.001728,-0.011741,0.044180,0.021402,0.045726,0.085498,-0.011700,-0.019656,0.020434,0.030095,-0.052732,-0.042118,-0.034120,-0.052387,-0.042309,0.021265,-0.034993,-0.041329,0.003313,0.083667,0.057046,0.006599,0.079078,0.041723,0.011644,-0.004139,0.024773,0.008064,0.109955,0.064466,0.031194,-0.073650,0.003104,0.076547,0.042548,0.013551,-0.045043,0.015266,-0.019597,0.024994,0.057404,0.083679,-0.163212,-0.055713,-0.018092,0.061335,0.064244,-0.000260,0.014899,0.005504,0.019180,-0.005562,0.009986,0.008545,-0.061428,0.072804,-0.002737,-0.009528,0.000048,0.074272,0.012236,-0.011791,0.000628,-0.004967,-0.029211,-0.014683,-0.097034,0.080889,-0.060739,0.091613,0.018849,0.017262,-0.028926,0.015792,-0.048673,-0.029493,-0.057872,0.060499,0.013091,0.053100,0.020088,0.006149,-0.079714,-0.013497,-0.028077,0.022864,0.007065,-0.091298,-0.000760,0.035476,0.029912,-0.033783,0.019232,0.003433,-0.015922,0.016263
0.000027,-0.027864,-0.013187,0.018230,-0.032783,0.022375,-0.047171,-0.017702,0.006409,0.006727,0.018736,-0.046702,0.027192,0.012888,-0.022394,0.032448,0.035370,-0.017720,0.057039,0.003764,-0.024002,-0.011672,-0.046165,0.018091,0.006116,-0.002062,-0.035700,-0.033077,0.001749,0.027659,-0.002006,-0.045686,0.007688,-0.018043,-0.002130,0.031020,-0.037647,-0.004383,0.017250,0.061016,0.006020,-0.057103,0.007721,0.044605,0.085804,0.017647,0.053560,-0.011332,-0.027138,-0.046056,-0.018224,-0.008077,0.022683,0.028850,0.014532,-0.035131,0.048542,-0.027652,0.027510,-0.064598,0.028506,0.105704,0.000514,0.000078,-0.007173,0.016567,0.049472,0.002313,0.004819,0.014938,0.001904,-0.014868,-0.006595,0.038454,-0.019619,-0.039551,0.004828,-0.006789,0.021070,0.039076,0.005935,-0.026399,-0.007115,0.037981,0.027150,-0.039691,-0.026103,0.070118,-0.002176,0.085949,0.044162,0.037999,-0.035115,0.014441,-0.032331,0.039853,-0.072346,-0.042371,0.011149,0.025255,0.069822,0.021857,-0.011273,-0.020549,0.067482,0.002221,0.022043,0.008231,0.025960,0.060330,0.007251,-0.000129,-0.031587,-0.028945,-0.045313,-0.007487,-0.006987,-0.041552,-0.062142,0.011019,-0.006782,0.010270,-0.010577,0.032459,-0.027332,-0.018473,-0.035260,0.006321
-0.023721,-0.043621,-0.024615,0.026975,0.020614,-0.019963,-0.007803,-0.264559,0.030116,-0.018573,-0.000427,-0.073710,-0.032655,0.180339,-0.007265,-0.004705,0.008379,0.055849,0.047506,-0.014906,-0.115034,-0.017243,-0.000662,0.032565,-0.040644,-0.017954,0.018767,0.025732,0.021138,-0.015884,-0.025231,-0.051929,-0.008631,-0.037432,0.033177,-0.004718,0.023498,0.054526,-0.024559,-0.022010,-0.022886,-0.056162,0.051662,-0.026005,0.072877,0.091766,-0.020207,-0.048738,0.028742,0.017101,0.027962,0.030635,-0.058030,-0.030084,0.038173,0.016420,0.009559,-0.003814,-0.015129,-0.041560,-0.031732,-0.006796,0.031402,0.020316,0.026593,-0.100896,0.037048,-0.038597,0.055146,-0.036000,-0.006615,-0.021565,0.032546,0.035691,0.057767,-0.118711,-0.055535,0.007408,0.005491,0.044841,-0.009624,0.023249,0.027045,-0.133329,0.014814,0.005646,0.045437,-0.004796,-0.014282,0.014451,0.029587,0.034307,0.013286,0.020271,0.005847,-0.023731,0.121807,0.003861,-0.140026,0.044446,0.005859,-0.023888,-0.007611,0.037859,0.015942,0.033206,-0.016512,0.106786,-0.055605,0.014079,-0.017894,0.002711,0.043220,0.034779,0.020770,-0.011042,-0.018074,-0.040964,0.017032,0.090548,-0.000412,0.033144,0.030476,-0.085703,-0.045494,0.038797,-0.033521,-0.013128
0.007856,0.004415,0.050732,-0.010154,0.005882,-0.025189,0.059716,-0.020027,-0.002620,0.045631,0.061972,0.046869,-0.004981,0.032975,-0.019942,0.020416,-0.043427,-0.046470,0.020945,0.044146,-0.007623,0.020705,-0.055234,0.014385,-0.050785,-0.012569,0.023240,-0.028998,-0.029467,0.038008,0.018532,0.005062,-0.004570,-0.004845,0.023381,0.040627,-0.005861,0.012970,0.015177,-0.062984,0.045256,0.054062,0.012981,-0.034770,0.033860,-0.002904,0.186845,-0.005524,0.022992,0.056016,-0.024117,0.001257,0.040410,-0.025730,0.017375,0.013000,0.031690,0.046553,0.060553,-0.011944,0.052813,0.059736,-0.038179,-0.017633,-0.022548,-0.098801,0.026241,0.003622,0.041437,0.010110,-0.042748,-0.012905,0.060549,0.047460,0.028772,0.031701,0.086266,0.030307,0.030671,-0.038750,-0.133867,0.021028,0.075359,0.022805,0.018125,0.020574,-0.062968,0.035829,-0.025738,0.029133,0.085504,0.080670,0.018335,-0.022697,-0.009902,0.144192,0.049156,0.012105,-0.003496,0.039541,-0.031348,0.054866,0.005475,0.155878,0.080664,0.060680,0.027234,0.064116,0.110951,0.128256,0.018384,-0.042403,-0.004404,-0.002694,0.004267,-0.039863,-0.003842,-0.016420,0.070119,-0.004431,0.018054,0.028359,-0.016657,0.063407,0.087385,0.074464,-0.020251,0.087672
-0.018731,0.030841,0.002296,0.026442,-0.069513,-0.027239,0.050558,0.097477,-0.039669,-0.010453,-0.079621,-0.016027,-0.033873,-0.007368,-0.078425,-0.025844,0.024195,0.025513,0.013435,0.001351,-0.030859,0.054600,-0.013652,0.027787,0.008038,0.001257,0.038506,0.010915,0.014662,-0.039623,-0.001940,0.074920,-0.024892,-0.023385,-0.014949,-0.009123,0.018843,-0.018183,-0.046898,-0.011507,0.071553,-0.009524,-0.005550,0.016479,-0.002123,-0.064573,-0.019977,0.015349,-0.047639,0.021401,-0.004028,-0.048453,0.042086,0.009650,0.015920,0.038127,0.045018,-0.014480,0.024588,0.029469,0.021361,0.201936,-0.039529,-0.044092,0.000636,0.061871,0.006298,0.000726,-0.154780,0.021770,0.007173,-0.047748,-0.005218,0.048987,0.039274,0.040404,0.003572,-0.000163,-0.012325,-0.092602,-0.030640,0.019199,0.009998,0.069666,-0.000902,-0.009283,-0.048796,0.032722,-0.013553,-0.026447,0.114811,0.040662,0.013541,-0.050048,-0.027998,0.014328,-0.012928,0.021211,-0.027568,0.057170,0.001690,-0.007538,0.003618,0.002453,-0.032495,0.010563,-0.020987,-0.073936,0.076268,0.024946,-0.006828,-0.024690,-0.009361,0.009996,-0.068549,-0.012191,-0.006344,-0.015138,-0.026008,-0.043299,-0.014384,0.013849,-0.015328,0.034196,0.037112,0.037911,0.013338,0.011209
0.033174,0.006071,-0.002235,0.000671,0.006286,-0.051474,-0.077147,0.190047,0.021810,0.002124,-0.025843,0.061669,0.020563,-0.113774,0.022111,0.028422,0.018868,-0.046331,-0.037335,-0.050551,0.048958,0.017588,0.043001,0.022909,-0.041500,-0.007429,0.011888,-0.006547,-0.001454,-0.059658,0.004444,0.049752,-0.000475,0.048756,-0.009298,0.004000,-0.001415,-0.006786,-0.009906,0.049818,0.027791,0.043022,-0.033121,0.034685,-0.025800,-0.015613,-0.032216,-0.038262,0.043504,-0.005869,0.004859,0.071882,-0.016191,-0.037578,-0.057447,0.037767,-0.015932,0.002989,-0.023268,0.051136,-0.012988,0.037010,-0.035532,-0.007135,0.015813,0.042499,0.025747,0.028827,0.008945,-0.013563,-0.001802,-0.050631,0.015603,0.020402,0.037512,0.077823,-0.040275,0.026099,0.023451,-0.031734,-0.011716,0.039478,-0.007747,0.044697,-0.014706,-0.040983,0.027760,-0.012189,-0.016085,0.026134,0.024683,0.058648,0.035730,-0.026483,-0.005363,0.030202,-0.022129,-0.004855,0.083058,0.020156,-0.017288,-0.000952,-0.011712,0.035001,-0.018358,-0.040244,0.048751,-0.120377,-0.012399,-0.022491,-0.030375,0.001944,0.023731,-0.016535,-0.005285,-0.017011,0.003928,0.012375,0.019343,-0.002314,0.018928,0.049903,0.006212,-0.021917,0.044341,-0.024408,0.017933,0.010810
0.010938,0.012226,0.012645,-0.002124,-0.039800,-0.020436,0.009831,0.003567,0.007340,-0.044936,0.017093,-0.000059,0.023866,-0.001896,0.020097,0.004340,-0.065344,0.039237,0.003752,-0.001383,-0.024359,0.007489,0.020202,0.027580,0.014793,0.785523,0.008952,-0.009340,0.014672,-0.051519,0.033698,0.032378,0.006720,0.013149,0.001120,-0.002977,0.006832,-0.037908,0.011065,-0.017049,0.029657,0.005413,0.008119,0.031860,0.012845,0.004877,-0.045191,0.010224,-0.000407,-0.009206,0.031136,0.018542,0.017109,0.104842,-0.010973,-0.038247,0.015673,0.016301,0.017765,0.007090,0.022759,0.030027,0.008060,0.019999,-0.010039,0.015427,0.009611,0.023127,-0.014594,0.046042,0.021127,-0.004923,0.008819,0.005082,-0.015232,-0.012246,-0.010131,0.004275,-0.012841,-0.008701,-0.022030,0.027638,0.023782,-0.009863,0.008781,-0.043706,0.015517,-0.005238,-0.032908,0.000846,-0.008577,-0.007341,-0.047444,-0.014710,0.011071,0.005678,-0.010643,-0.016570,-0.024270,-0.000969,0.018616,-0.005939,0.030358,0.010987,-0.014301,-0.030650,0.002022,0.001475,-0.042595,0.027018,-0.002038,0.007594,-0.013899,-0.001393,0.007577,0.012761,0.008787,-0.032830,-0.019449,0.005657,0.000986,-0.013136,-0.034322,-0.021539,0.018994,-0.001644,0.022758,-0.016708
0.006980,0.052090,0.035163,0.007939,0.027232,-0.034523,0.042113,0.036338,0.057441,-0.006243,0.119653,0.037577,-0.038480,-0.026624,0.067633,-0.000218,-0.014105,-0.088810,-0.024921,0.018688,0.025177,-0.020178,-0.018543,0.000617,-0.078531,0.056267,0.044999,-0.019315,0.024749,-0.024975,0.047438,-0.044732,0.000241,0.119612,0.044087,0.030522,0.043119,0.025099,0.077307,0.054785,-0.035472,0.103648,-0.010292,0.009770,-0.074004,0.003025,0.033927,-0.030748,-0.033071,-0.001947,-0.010508,-0.016516,-0.037743,-0.024947,-0.006365,-0.052615,-0.076275,0.011425,-0.027307,-0.007589,0.007720,-0.070326,-0.001025,0.042524,-0.011530,-0.006607,-0.038222,-0.037231,0.017600,0.030207,-0.034025,0.157655,0.004441,-0.033604,0.111583,0.029966,-0.003522,-0.020457,-0.053915,-0.051048,-0.027702,0.087397,-0.020411,-0.031849,0.005455,0.021581,0.036561,-0.009600,0.017887,-0.025563,-0.029735,-0.067191,0.034882,0.138150,0.038166,-0.045191,-0.019973,0.025249,-0.042622,-0.007085,-0.058218,-0.030061,-0.001457,0.001362,0.010612,-0.044359,0.005532,-0.003647,-0.036696,0.021964,0.007819,0.012575,0.042647,0.042954,0.026298,-0.010176,-0.004269,-0.003896,0.035725,-0.018054,0.007189,-0.006075,0.041311,-0.001235,-0.001996,0.019858,0.007349,-0.027344
0.007759,0.087059,-0.013460,0.002660,-0.000899,0.014223,-0.022487,0.093932,0.010631,-0.013868,-0.041333,0.057796,0.020549,-0.020779,0.009770,0.024468,0.004277,-0.011858,0.011689,-0.018060,0.047512,0.011944,0.015677,0.015930,0.015710,0.013450,-0.013246,0.000711,0.000936,-0.019213,0.016993,0.084067,-0.008122,-0.025148,-0.006335,-0.030933,-0.030535,-0.012778,-0.059591,0.020135,0.117139,-0.009196,0.010683,-0.006697,0.029295,0.007343,-0.004787,0.004913,0.009402,0.004029,0.005674,-0.016792,0.040998,0.014269,0.045226,-0.138359,0.032388,0.026987,0.049099,0.075997,0.024262,-0.078111,0.019296,0.049100,-0.003289,-0.012577,0.000928,0.061881,-0.002172,0.006688,0.009958,0.016240,-0.011266,-0.027437,-0.001473,0.042709,0.000415,-0.011066,-0.004769,0.001794,0.037129,-0.009735,0.029337,0.015907,-0.032575,0.076882,0.088565,-0.034109,0.104888,0.004853,0.024944,0.111545,0.008249,-0.039740,-0.003807,0.035152,0.057179,-0.005692,0.115427,-0.022953,0.087524,0.009594,-0.003411,-0.033684,0.007629,0.001812,0.028199,0.002446,-0.002088,0.064993,-0.002791,-0.013248,0.011604,-0.017908,-0.004404,0.051978,0.003142,0.017048,0.014829,0.017894,-0.000375,0.025496,0.015801,-0.006840,0.001847,0.025155,0.048239,0.006727
0.034352,-0.003820,0.000650,0.006576,-0.017943,0.055296,0.001705,0.008824,0.037873,0.000508,0.001450,-0.023262,-0.003536,0.038269,-0.007856,0.012822,0.042189,0.044991,0.018880,0.043192,-0.002283,0.004654,-0.041659,0.035555,-0.013176,0.026960,-0.055785,0.006763,-0.045783,0.108473,0.085082,0.032486,-0.019003,0.022075,-0.020272,0.032468,-0.007481,0.026854,0.036371,0.027068,0.034677,0.034641,0.068058,-0.034836,0.041348,0.001541,-0.054294,-0.023023,-0.071049,-0.034709,0.029220,0.044374,-0.037490,-0.010720,-0.014769,-0.002982,-0.019825,-0.029882,-0.450543,0.016229,0.012987,0.039491,-0.048488,0.011399,0.015265,-0.091231,-0.047023,-0.055767,-0.050973,-0.047817,0.001334,0.020488,0.013552,0.010137,-0.064512,-0.036155,0.020996,-0.045604,0.044845,0.038834,-0.071704,0.044617,-0.000650,-0.023330,0.020836,0.072715,0.044856,-0.002275,0.019531,0.010079,-0.048239,-0.011672,0.064268,-0.025359,-0.040096,-0.018846,-0.037042,-0.027499,0.048267,-0.014221,0.058421,0.033518,0.012380,0.310926,-0.022676,-0.066514,0.049545,0.029750,-0.046078,0.070318,0.001604,0.009521,-0.003300,0.004803,-0.083125,0.052422,0.016306,0.016405,-0.046620,-0.005305,-0.035719,-0.031691,0.042690,-0.003502,0.015297,-0.046567,0.041283,-0.039334
0.007979,0.022232,0.125580,0.076022,-0.202354,0.067457,0.002134,0.009904,-0.011816,0.078269,-0.009130,0.012503,-0.094503,0.006266,-0.021177,0.015276,-0.151642,-0.037968,0.010464,-0.004124,-0.010945,0.029350,0.019862,0.036289,0.004839,-0.080678,0.004735,-0.087657,-0.011543,-0.020168,-0.046275,0.030542,0.024711,-0.010215,0.006708,-0.013489,0.027882,-0.041994,-0.016296,-0.011150,0.036273,-0.028814,-0.035240,0.048605,0.021257,0.005345,0.004222,-0.001459,0.004203,-0.219213,0.234770,-0.022813,0.010141,0.024236,-0.026786,0.002878,0.014918,0.007527,0.038902,0.040029,-0.042032,-0.038467,-0.012138,0.020011,-0.137934,-0.004339,0.006487,0.005724,0.023029,-0.019113,0.082013,-0.003452,0.016545,-0.034378,-0.037506,0.018954,0.005071,-0.035651,0.032339,-0.004288,0.002363,0.118578,0.014317,-0.002349,-0.003780,0.012392,-0.001975,0.006358,-0.014276,0.014974,-0.007068,0.011109,0.012769,0.003285,0.006366,-0.002276,0.023996,0.020205,0.025265,-0.015655,0.028357,0.024457,0.294510,-0.035356,0.031103,-0.034022,0.022013,0.003673,-0.044068,0.007464,-0.017294,-0.075433,0.020188,0.015822,0.005317,0.025292,0.037940,-0.017525,0.024467,0.001192,0.040560,-0.007157,0.002530,-0.152219,0.003615,0.024754,0.012827,0.008070
-0.027636,0.014226,-0.125808,0.038997,-0.029355,0.120428,-0.038180,-0.017399,0.028840,-0.012991,-0.012464,-0.021280,0.028719,0.029914,-0.040865,0.014052,0.033334,-0.216888,0.018980,0.011183,-0.009200,0.014867,0.012437,-0.060883,0.017422,-0.004290,0.005458,-0.021729,0.182327,-0.041960,0.265385,0.044046,0.011147,-0.043328,0.019593,-0.004514,0.017986,-0.020345,-0.028969,-0.036326,0.040102,-0.024001,-0.028052,0.002589,0.040633,0.037139,-0.040795,0.009571,0.039774,0.121256,-0.163047,-0.010573,0.036530,0.046832,0.016586,-0.070847,0.030505,-0.027478,0.021110,0.018734,-0.019766,0.102050,-0.029871,0.065903,-0.057489,-0.108203,0.037913,0.034501,0.057822,0.118257,0.064039,-0.024326,-0.005653,-0.075755,0.151586,-0.025883,-0.006691,-0.059470,0.011116,0.026687,0.039031,-0.043002,0.016580,-0.020277,-0.001810,0.041053,0.067736,0.004723,-0.047287,-0.018018,-0.045085,0.021559,0.133264,-0.014007,-0.003267,0.008983,0.037272,0.054505,-0.041274,-0.076294,0.035918,0.022744,-0.150666,-0.032909,0.038935,0.066487,0.032683,0.027294,-0.002007,0.034033,0.101577,0.056435,0.014230,0.058083,0.022494,0.025511,-0.029674,-0.038555,0.004365,0.059836,0.042225,0.014981,-0.000373,-0.167940,0.046710,-0.010942,0.003147,-0.016809
-0.035745,-0.014983,-0.005358,0.014849,0.005488,0.041512,0.002749,-0.031843,0.164957,0.002345,0.089596,-0.021892,0.014316,-0.008045,0.048431,0.012095,0.010163,-0.092403,0.013648,-0.030658,0.026433,-0.029278,-0.035750,0.030830,-0.052067,0.033753,0.060803,-0.035963,0.010227,0.003784,0.006015,-0.057001,-0.004113,0.056951,0.017987,0.034867,0.004324,-0.027265,0.042684,0.041341,-0.029146,0.057853,0.003133,0.038304,0.022731,-0.023163,0.023307,-0.016512,-0.027874,-0.043828,-0.001697,-0.082937,-0.033538,0.039826,-0.024943,0.030318,-0.003468,-0.075311,0.005885,-0.022847,-0.048091,-0.042519,-0.060544,0.004582,0.005825,0.011242,0.009660,0.024567,-0.005949,-0.016847,0.036348,0.058457,-0.002155,0.008321,0.010589,-0.013110,0.003620,0.028864,0.018281,0.052160,-0.067427,-0.017742,0.008241,0.004401,-0.013422,-0.024243,0.034918,-0.020844,-0.002409,-0.003977,-0.040213,-0.012188,-0.053729,0.045138,-0.007387,-0.001263,0.045486,-0.001227,-0.022962,-0.003685,0.007789,-0.002397,-0.014703,0.048028,0.068192,-0.007466,0.004311,0.041235,-0.004470,0.023601,0.014903,0.004005,0.001158,0.039537,-0.039628,-0.036575,0.020879,0.035193,0.004107,-0.025724,0.016285,-0.001977,0.009464,-0.008520,-0.031244,0.028926,-0.031516,-0.036439
-0.013636,0.004875,-0.007629,0.006282,0.021225,0.001821,-0.013844,-0.011767,-0.011407,0.013322,-0.040495,0.004879,-0.035798,-0.006568,-0.031528,-0.045159,0.001197,0.049310,0.002556,-0.020536,-0.004786,0.002912,0.028168,-0.025685,0.020982,0.000113,0.029089,-0.002384,0.015951,0.085017,0.005214,0.003351,0.006596,-0.007991,0.001242,-0.050745,0.027911,0.012074,-0.000857,-0.028042,0.024793,0.013492,-0.035012,0.020121,0.017965,0.001096,0.060268,-0.004614,-0.004894,-0.026710,-0.003679,0.001703,0.045606,0.008115,0.065120,-0.089071,0.021398,0.053263,-0.025597,-0.030644,0.089755,0.007354,0.105272,0.012794,-0.014997,-0.020916,-0.039266,-0.022290,0.011412,-0.022751,0.012743,0.011400,-0.009371,0.003287,0.021867,-0.010081,0.000638,0.002226,-0.006286,0.009333,-0.014413,0.003633,0.007385,-0.035140,-0.013082,0.062621,-0.009607,0.022653,0.056737,-0.007853,0.060418,0.021905,0.029493,0.021287,-0.014570,-0.011491,-0.014028,0.046593,-0.037271,0.018168,0.029101,0.041420,-0.018129,-0.051743,0.071708,-0.002728,-0.047903,-0.030501,-0.003353,-0.019924,-0.004392,0.014434,0.011431,0.011704,-0.048448,0.017888,0.001737,-0.001218,-0.016163,-0.007189,0.003279,0.007706,-0.006929,-0.020063,0.003658,0.021017,0.004374,-0.023198
-0.017768,-0.023513,-0.030846,-0.004306,0.022766,-0.012969,-0.035374,0.010326,0.067672,0.002222,0.015107,0.015083,-0.006340,-0.035921,0.057215,-0.008507,-0.009812,0.040621,-0.019673,-0.043693,0.008280,-0.026824,0.052626,-0.021118,-0.034945,-0.013555,0.045611,-0.012931,-0.026438,-0.033011,0.012959,0.038611,-0.012037,0.010974,-0.034345,-0.025788,0.020620,-0.010178,-0.004240,0.021654,0.046986,-0.000128,-0.018270,0.000144,-0.005996,0.018199,-0.053087,-0.010130,0.036691,-0.004520,0.000172,0.051832,0.030755,0.042153,0.020418,0.014338,0.004317,-0.015241,0.039578,0.006329,0.014100,0.036549,0.022496,0.001256,0.008640,0.009073,0.045429,-0.017505,-0.020406,-0.018116,0.018011,0.039265,-0.004185,0.021524,0.066876,-0.018137,-0.035197,0.077652,-0.033069,0.018048,-0.048909,0.004953,-0.009669,-0.023242,-0.013683,-0.010116,0.027666,-0.042524,-0.068959,0.005078,-0.007417,0.031473,0.010139,-0.024176,0.016648,0.006588,0.004866,0.000363,0.081302,0.032792,0.019483,-0.068310,0.004056,-0.004660,-0.007727,-0.021694,-0.066271,-0.069911,0.015911,0.076783,-0.005916,-0.011949,0.007793,-0.003454,0.027315,0.009262,0.022013,0.002972,-0.036898,0.008460,0.003762,0.009096,-0.016309,0.020614,0.005696,0.023580,0.030552,0.006097
-0.014952,0.051825,0.000549,0.010778,0.006094,-0.023901,0.025288,-0.023722,-0.005051,0.033527,-0.040189,-0.016909,-0.000964,0.005275,-0.047704,-0.014206,0.008622,0.010893,-0.037768,0.005337,-0.019767,0.015128,-0.005432,-0.015318,0.009344,0.011592,-0.076925,-0.007744,0.004513,0.048103,0.018301,-0.031171,-0.011466,0.018386,0.020201,0.001097,0.001363,0.018872,0.010568,-0.012229,-0.044185,0.027868,-0.009179,0.008289,-0.009828,-0.040828,0.014688,0.030263,0.019466,-0.001140,-0.023351,-0.002225,-0.019130,0.003808,-0.015286,-0.010837,0.006688,0.013084,0.058483,0.000158,0.029265,0.070904,0.049964,-0.001976,0.006651,-0.002539,-0.027652,-0.001821,0.013059,-0.026584,-0.007006,-0.002028,-0.029844,0.026953,-0.027156,0.026889,0.008148,-0.025830,0.018904,0.003873,-0.035716,0.029546,-0.038473,0.004734,-0.003373,0.005328,-0.011392,0.024918,0.066804,0.006714,0.041096,-0.009933,0.012879,-0.008305,-0.006358,-0.020348,-0.088543,-0.009705,-0.076767,0.028603,-0.019864,0.040904,-0.007118,-0.050270,0.009879,-0.018390,0.020896,-0.006747,0.045295,-0.023474,0.007364,0.013462,-0.013631,0.018503,-0.067829,-0.031007,0.009907,0.015892,-0.016138,-0.051615,-0.001927,-0.008734,-0.004285,0.024104,-0.025903,0.016016,-0.009418,-0.048960
0.037306,-0.060761,0.095171,-0.028759,-0.077147,-0.003553,0.054709,0.031905,-0.018422,-0.016218,0.003528,0.016164,-0.019515,-0.020153,-0.008009,0.013454,0.039581,-0.064212,0.033479,-0.009369,0.086771,-0.015429,0.019921,0.062357,0.052731,-0.032677,-0.021857,0.026741,-0.002571,0.038432,0.017922,-0.057180,0.024574,0.020682,-0.002647,0.043067,0.010643,0.022935,-0.000269,-0.056480,-0.033596,-0.272789,0.072138,0.025929,-0.014289,0.067034,-0.011537,0.017191,0.030296,-0.066838,-0.040268,-0.011577,0.033831,0.038236,-0.022544,0.010384,-0.014432,0.010581,-0.095349,-0.033812,0.141350,0.250636,0.042178,0.038590,-0.062367,0.027126,-0.019952,0.011178,-0.016953,-0.001492,0.000983,0.106878,0.083173,0.045147,0.146181,0.034673,0.000381,0.008555,-0.008796,0.092189,-0.080490,0.022945,0.019794,0.061548,0.085327,0.005962,-0.012268,0.036004,0.025161,0.053778,0.030618,-0.074088,-0.075845,-0.016005,0.017461,-0.027672,-0.035346,-0.006237,-0.038444,0.009521,0.026071,-0.007482,-0.069300,0.130504,-0.156568,0.023554,0.010923,-0.042423,-0.009693,-0.082240,0.024679,0.081753,0.012301,-0.001377,0.021125,0.038376,0.047910,0.171553,0.026116,0.014598,0.011569,-0.064858,0.041499,0.016120,0.061470,-0.026563,0.045498,0.049250
0.014970,-0.072471,-0.010617,0.001937,0.030168,-0.014079,0.023469,0.011765,0.006864,0.004608,0.012885,0.013519,-0.000304,-0.021927,0.036582,0.012053,-0.036345,0.004632,0.026309,-0.057359,0.000899,-0.041326,0.035883,-0.001045,0.007724,-0.024601,0.049442,-0.007626,-0.030081,0.031527,0.012989,0.036453,-0.013058,0.020345,0.007739,0.007678,-0.010912,-0.039800,0.019625,0.003963,0.074400,0.013114,0.009462,0.033724,0.009916,0.054533,-0.066845,-0.009342,0.007346,-0.020847,0.005751,0.029026,0.049379,0.045153,0.029611,-0.037408,-0.016825,0.021425,0.012922,-0.031665,0.038364,0.000978,0.024190,0.010871,0.000691,-0.014372,0.034407,0.013919,0.024007,-0.010324,0.047687,0.080788,0.020653,0.002100,0.116786,-0.010169,-0.054755,0.043085,-0.011591,-0.027266,-0.058875,-0.011331,0.056663,0.036212,0.028251,-0.012713,-0.005641,-0.027238,-0.010885,0.019305,-0.041738,0.008168,-0.011155,-0.002217,0.014329,0.018859,-0.004321,-0.019558,0.069506,0.008236,0.036718,-0.084613,-0.013803,0.050349,-0.007980,-0.012253,-0.029710,-0.029775,0.027942,0.104456,-0.005662,-0.015425,-0.003941,0.011615,0.010937,0.005394,0.021246,-0.005154,-0.036713,0.016610,-0.001515,-0.015185,-0.024306,0.046447,0.026157,0.025960,0.038859,0.008490
0.021243,0.009333,-0.023438,0.013283,0.034517,0.008699,-0.013806,0.021879,-0.036344,-0.006688,0.023896,0.000686,0.014197,-0.018942,-0.037929,-0.055139,0.004505,0.024848,0.007772,-0.017851,-0.043546,-0.003068,0.040093,-0.017559,-0.006944,0.008911,0.008548,-0.008302,0.003758,0.034917,0.012951,0.015948,-0.005040,0.003316,-0.042219,-0.027578,-0.003573,0.005187,0.000432,-0.064565,0.039899,-0.019147,0.028561,0.027172,0.030075,0.025752,0.059718,-0.021552,0.016572,-0.019780,-0.009748,0.003186,0.053796,0.019202,0.043211,-0.009740,0.016868,0.000538,0.000365,-0.051372,0.056263,0.012363,0.097047,-0.014079,-0.013237,-0.002714,0.026671,0.008805,0.028936,-0.032697,0.024428,-0.004883,-0.028768,-0.013924,-0.031319,0.014881,0.051446,-0.015162,0.008114,0.060191,-0.013262,0.005697,-0.023631,-0.019929,0.005939,-0.029450,-0.009861,0.044304,-0.032917,0.009199,0.064421,0.022888,-0.013671,0.004770,-0.021514,0.017475,-0.023861,0.071111,0.077450,-0.009491,0.055700,-0.005842,-0.022045,-0.078235,0.024607,-0.024988,-0.071460,-0.017071,0.008982,0.027644,-0.014420,0.028901,0.013704,-0.046967,-0.030238,0.011047,-0.001840,-0.050824,-0.010884,0.030977,0.000024,0.027699,-0.027469,-0.002974,0.003580,-0.041443,0.018195,-0.034081
0.016444,0.037043,0.031417,-0.001789,-0.006270,0.006434,0.011496,0.031038,0.046976,-0.015446,-0.043774,0.046626,-0.021264,-0.028532,0.019379,0.045142,0.017912,0.024926,0.004838,0.017926,-0.016318,-0.002492,0.024063,0.014465,-0.036589,-0.020616,0.062895,0.016669,0.000345,-0.049587,-0.016191,0.033563,-0.016100,0.030506,-0.013447,0.002227,0.024949,0.014799,0.023789,0.023408,0.022799,-0.070999,0.057320,-0.026195,0.017055,0.039799,0.012612,-0.043476,0.057573,0.021841,0.002454,-0.016737,-0.013820,0.040257,0.016554,0.082325,-0.023084,0.068165,0.002258,0.021784,0.038192,-0.049565,-0.032190,0.037202,0.006141,-0.008205,-0.066547,-0.036490,-0.021484,0.022345,0.025894,0.040177,-0.002601,-0.025730,-0.031998,0.010408,0.020871,-0.006694,0.010740,-0.002846,0.072955,-0.021982,-0.015339,-0.028667,-0.010544,-0.071227,0.033432,-0.014750,-0.072020,-0.009095,0.013066,-0.052736,-0.001700,0.013860,0.007626,-0.037444,0.066192,0.026424,-0.001089,-0.029058,0.021471,0.034373,0.021723,-0.036817,-0.022872,0.016442,0.042576,-0.030290,0.000676,-0.010138,-0.026177,-0.045334,0.028383,0.067193,-0.000334,0.028152,0.000887,-0.019085,-0.005542,0.011989,-0.014100,-0.062276,-0.011762,-0.027326,0.002309,0.012961,0.039370,0.017728
0.005439,-0.116952,-0.088574,0.009005,0.018841,-0.002976,0.222078,-0.010629,-0.079257,-0.019917,0.013248,-0.003210,0.057016,0.020483,0.085400,0.000090,0.001900,0.062389,-0.005507,0.015550,0.052449,-0.004028,0.002695,-0.077049,0.077975,0.024606,-0.033810,0.045458,-0.015247,-0.025410,0.024835,0.053825,-0.025094,0.018271,0.033842,0.013143,0.003326,0.021874,0.008737,-0.056820,0.023857,-0.114900,0.163494,-0.012243,0.012949,0.003370,-0.029748,0.100226,-0.286577,0.027493,-0.061919,-0.006286,-0.005025,0.081050,-0.001614,-0.005547,-0.015293,0.015634,-0.037902,0.013253,-0.047537,0.067559,-0.005523,0.001109,0.037043,0.074666,0.035203,0.003039,0.023632,0.006449,0.016782,-0.010628,0.004497,0.048728,-0.038963,0.016711,-0.061782,0.065821,0.012910,-0.060463,0.178324,0.034035,-0.026395,0.066556,0.000380,0.020298,0.004582,-0.037135,-0.026045,0.013369,0.021393,0.014581,0.029734,-0.011433,0.023550,-0.072962,-0.019136,0.014944,0.034826,0.048068,-0.002486,0.009696,-0.019808,-0.073184,0.041307,0.063207,0.007067,0.003222,-0.084118,-0.026719,-0.032613,0.031798,0.025744,0.009953,0.026048,-0.013030,0.024610,0.073440,0.048293,-0.001890,-0.009579,0.065439,0.036934,0.021707,-0.110077,0.122557,-0.044880,-0.039419
0.019692,-0.024015,0.010676,0.003759,0.000216,-0.019090,0.002193,-0.005820,0.012813,0.026653,-0.074666,0.032256,-0.001176,-0.025670,0.011249,-0.032932,0.027880,-0.057221,-0.020319,-0.074251,0.033490,-0.021830,0.033751,0.019351,-0.035098,-0.009905,-0.040636,0.011226,-0.020363,-0.059247,-0.005090,-0.041838,-0.004301,-0.034471,-0.003995,-0.003534,-0.014766,-0.003892,-0.016395,0.021428,-0.042816,0.073009,-0.042255,0.015917,-0.003463,-0.015016,-0.074326,-0.003337,0.018317,0.005986,-0.009585,0.040777,-0.029504,0.010100,-0.045040,-0.039865,-0.010165,-0.017709,0.025295,0.001907,0.037932,0.076867,-0.025248,0.016272,-0.013868,0.013727,0.024212,-0.008904,-0.001224,-0.018052,-0.001050,-0.001323,0.019205,0.024656,-0.013579,0.020672,-0.062862,0.026311,0.005062,0.006197,-0.026975,0.017231,-0.011127,0.040522,0.033295,0.035407,0.010570,-0.027936,0.121808,0.049020,0.028047,0.006115,0.027945,-0.063908,-0.000170,0.027819,-0.070248,0.011083,-0.047258,0.061569,-0.035678,-0.020971,0.023455,0.001502,-0.035323,-0.015834,0.020703,-0.049530,0.017553,-0.001802,0.003675,-0.014884,-0.001535,-0.035512,-0.065928,-0.028410,0.013001,0.045369,-0.015894,-0.027430,0.003595,-0.007526,-0.001049,0.008241,0.002911,0.009415,0.005789,-0.044674
-0.009340,0.038374,-0.007691,0.011703,-0.017054,0.017543,0.026984,-0.010909,0.009295,-0.008324,0.114792,0.018442,-0.002026,0.009876,0.141632,-0.046114,0.021972,0.006309,-0.013126,0.009464,-0.016695,0.062870,-0.006881,0.005521,-0.015826,0.013928,0.047020,-0.020798,-0.000701,0.062367,0.003402,0.009705,0.005978,0.079982,0.016132,0.014939,0.059674,0.001638,0.043597,0.049986,0.006084,-0.016462,-0.025474,0.029633,-0.033565,-0.023724,0.107236,-0.003406,-0.035504,-0.024735,0.004921,-0.050077,0.005901,0.020923,0.007968,-0.047012,0.009684,0.024662,0.008894,0.011119,0.042302,0.000727,0.025001,-0.054184,-0.007241,0.018358,-0.032896,-0.025057,0.010105,-0.000138,0.023903,0.045722,0.025204,0.004409,0.007105,0.001321,0.034443,0.039305,-0.033765,-0.086449,-0.037257,0.003376,-0.003944,-0.021796,-0.010184,0.046587,-0.021694,0.049620,0.086141,-0.044405,-0.015081,-0.013878,0.020292,0.059793,-0.018550,0.007449,0.027572,-0.017008,-0.033965,-0.018288,-0.064948,0.043764,-0.014720,-0.022436,0.037387,-0.001925,-0.045585,0.009628,-0.047627,-0.068376,0.025411,-0.001024,0.038048,0.027849,0.004578,-0.022968,0.003478,-0.034226,0.047951,-0.014415,-0.004219,-0.006004,0.007405,0.008572,0.003954,-0.002416,-0.006255,0.056923
0.024184,0.082176,-0.068955,-0.032162,-0.010567,0.010235,-0.036645,-0.055846,0.086880,0.009052,-0.032259,0.043713,-0.028175,0.020995,0.006967,-0.005239,-0.064384,0.023662,-0.017985,0.015683,0.033998,-0.028009,0.033135,0.043164,-0.041927,-0.045467,0.033088,0.014026,-0.013572,-0.073934,-0.018789,0.005779,0.020533,-0.010850,-0.000211,-0.024976,-0.027463,0.010690,0.009900,-0.004137,-0.016840,0.004773,-0.012169,-0.107629,-0.032857,0.015465,0.110858,-0.023813,-0.011928,0.029225,0.039786,-0.037862,-0.036900,0.035239,0.037053,0.077888,-0.012993,-0.047242,0.101748,0.046150,0.211447,0.169370,0.113612,0.070884,0.043852,-0.144263,-0.064737,0.074359,0.003684,-0.029588,0.019549,0.057108,0.006629,-0.010639,0.036003,0.024121,0.114644,-0.018505,-0.064600,0.014535,0.141832,0.010185,0.031554,-0.026667,-0.006894,-0.009748,0.026682,-0.031002,-0.005679,-0.022855,0.107506,0.031700,-0.004822,-0.024315,0.014826,0.000154,0.011761,0.037676,-0.094081,0.002947,-0.000660,-0.084522,0.009703,-0.085329,0.015131,0.049424,0.023728,0.026537,-0.043691,-0.062331,0.107319,0.029756,-0.005306,0.005273,0.053231,0.010732,-0.023023,0.020793,-0.002275,-0.002581,0.034552,0.022738,0.031264,-0.036164,0.030955,-0.024870,0.053208,-0.026363
0.020107,0.078801,-0.015335,0.005899,0.018169,0.004677,-0.047763,-0.024382,0.064166,0.081642,0.012420,-0.014670,0.005716,-0.009345,0.009419,0.009886,-0.011198,0.019960,0.012669,-0.014017,-0.017122,-0.027372,0.007408,0.001295,0.041708,0.042520,-0.012578,0.003307,-0.012749,-0.030190,-0.013682,-0.017538,-0.019319,0.012111,-0.047971,0.002729,-0.021588,0.001475,0.013582,0.004420,-0.010701,-0.022866,-0.035613,0.007407,0.028030,0.062663,-0.012779,0.024846,0.054255,-0.041444,0.013071,0.013252,0.004493,-0.001643,-0.041660,-0.011048,-0.023101,-0.039008,0.028252,-0.009683,-0.010161,0.010147,0.010300,0.013585,-0.022822,-0.018791,-0.022067,0.020448,-0.013114,-0.029348,0.022260,0.003254,0.025099,-0.018194,-0.018768,-0.015779,0.043077,-0.049763,0.009389,0.053194,-0.100831,0.019693,0.030635,-0.021836,0.031455,0.022658,0.041976,-0.006985,0.057446,0.032321,-0.000505,-0.014786,0.029829,-0.017988,-0.005252,0.015965,0.011767,0.019849,0.022616,-0.009051,0.053221,-0.019290,-0.003620,0.022473,-0.036583,0.006726,0.018893,0.014513,-0.021277,-0.002674,0.005546,0.020955,0.010775,-0.019789,0.019558,0.010135,-0.000710,0.014046,-0.038253,0.053727,0.000745,-0.017057,-0.001529,-0.002007,0.044325,-0.014457,0.032414,-0.006082
-0.037813,0.019818,0.066975,-0.001661,0.101392,-0.130883,-0.044916,-0.085690,0.012402,-0.070233,0.012372,-0.013895,0.070438,0.168185,-0.038046,-0.003114,0.061279,-0.030361,0.054849,-0.000551,-0.013053,0.069316,-0.056519,0.051883,-0.014602,-0.000439,-0.077513,0.012633,0.057980,-0.033179,0.039925,-0.028181,0.014062,-0.123889,0.026914,0.002180,0.063758,-0.153472,-0.071090,-0.017970,0.002877,-0.017603,0.013041,0.038718,0.060314,0.022966,0.025519,-0.014315,-0.003996,-0.018995,0.005659,0.070745,-0.013239,-0.000841,0.011526,-0.003537,0.023308,0.014426,0.032308,0.048464,-0.031390,0.016276,-0.001100,0.003356,0.020309,0.427803,-0.009277,0.004662,0.022359,-0.181497,0.041559,0.024166,0.048620,-0.016423,0.036865,-0.016160,0.007315,-0.042638,0.015270,0.051313,-0.010714,0.214922,0.063872,-0.032540,0.000145,-0.071361,0.031229,0.023261,0.050983,0.000764,-0.002578,0.024768,-0.011975,-0.010749,-0.027103,0.047919,0.066395,-0.033617,-0.071251,-0.009772,0.006133,-0.000266,-0.094659,-0.028441,-0.008148,-0.205876,0.036754,0.136612,0.010186,0.042312,-0.138395,-0.047148,0.034619,0.053033,-0.022597,0.013497,0.079305,-0.024556,-0.004883,0.023970,0.039250,0.007901,0.009552,0.029063,0.033647,-0.049402,-0.043614,0.045765
0.006095,-0.000085,0.095118,-0.001185,-0.002719,-0.049759,-0.014863,-0.003147,-0.010920,0.024809,0.015821,-0.005036,0.722762,0.003170,-0.000279,-0.000219,-0.030388,0.015662,-0.004016,-0.021507,-0.004581,0.025567,0.031151,0.004959,0.021079,-0.061628,-0.024008,-0.050866,0.027914,0.024510,-0.011459,0.031059,-0.013840,0.030378,-0.004276,-0.007673,0.025216,0.067715,0.016456,0.001424,0.026859,0.006915,0.014628,-0.058156,0.005706,-0.001089,-0.034306,0.014367,0.004560,0.007187,-0.014546,-0.017402,0.013740,-0.019296,0.001650,-0.001171,0.011329,0.052101,-0.054971,0.018875,0.011040,0.002423,0.026951,0.011994,-0.088666,-0.065048,-0.010484,-0.002984,0.012787,0.017233,0.069190,0.023065,-0.004395,-0.003598,-0.053147,0.004173,-0.016954,-0.013222,-0.019364,-0.004731,0.024073,-0.017557,-0.001395,-0.014523,0.003960,0.012314,-0.004345,-0.002389,0.027253,0.000351,-0.013508,-0.009743,0.013946,0.017445,-0.003351,-0.021661,0.007391,0.012854,-0.025396,-0.003046,0.010941,-0.022954,0.027576,0.033184,-0.006884,0.039782,0.010382,0.000404,-0.076115,0.005339,0.085044,-0.067118,-0.001836,0.004306,-0.010611,0.008845,-0.018255,-0.001295,-0.017871,-0.007806,0.009967,-0.027164,-0.011571,0.001060,-0.013806,-0.003155,0.024643,0.001400
0.033588,-0.046955,0.008912,0.005939,-0.059922,-0.002032,0.000647,0.009379,-0.013241,-0.011572,0.029683,-0.012911,0.006460,0.001477,0.014583,-0.010475,0.037362,-0.018962,-0.041260,0.032044,-0.051005,0.002253,-0.012413,0.020630,0.013037,-0.004672,-0.036400,0.034293,-0.008355,-0.014956,-0.003970,0.003250,0.013211,0.037654,-0.032736,-0.013283,-0.023639,-0.023620,0.002300,0.113084,-0.014579,-0.061681,0.014684,0.021865,-0.018862,-0.024600,0.099022,0.014624,-0.005519,-0.018970,-0.015032,0.049571,-0.016805,-0.021885,0.000730,0.068646,-0.014906,-0.101561,-0.029739,0.007765,-0.014329,0.107164,-0.027049,-0.004440,-0.006727,0.057661,0.011083,-0.070232,0.047304,0.014251,0.012965,-0.051972,-0.010100,0.011340,-0.031900,0.021261,0.060443,-0.001374,0.001540,-0.030433,0.022449,-0.011416,-0.037351,0.006275,-0.026368,-0.010915,0.004998,-0.028368,0.000118,0.067291,0.010696,-0.002727,-0.021256,0.098832,-0.024477,0.050309,-0.061256,-0.031140,-0.011470,0.000897,-0.026001,0.008996,-0.017242,0.015104,0.135700,-0.002824,0.026728,0.020071,-0.013024,-0.060098,0.017294,0.013734,0.003903,-0.032971,0.014928,-0.018278,0.020231,-0.063657,0.017725,-0.027145,-0.001700,0.010495,0.041901,0.010850,0.010978,0.020997,-0.030159,0.027154
0.006403,0.048322,-0.016169,-0.003956,0.016828,0.024282,0.035353,-0.021779,-0.045795,0.017893,0.009609,-0.004440,0.006577,-0.023077,0.041868,-0.050389,0.003355,-0.023546,-0.034707,-0.007058,-0.000271,-0.018487,0.015043,0.015415,-0.034801,0.009122,0.031331,0.013168,-0.009094,-0.022246,0.012142,0.005031,-0.011493,-0.013593,-0.041117,-0.031450,-0.008811,-0.009749,-0.017276,-0.007199,0.024213,0.006200,-0.045852,0.007701,0.018530,0.006951,-0.004969,-0.031152,0.024569,-0.003007,0.007500,0.005633,0.011849,0.017252,-0.004114,-0.131893,-0.003611,-0.042875,-0.023103,-0.051000,0.014801,-0.022342,-0.001730,-0.036829,-0.011030,-0.001306,0.054795,-0.024838,0.043082,-0.013575,0.041276,-0.026415,0.000524,0.017849,0.002800,-0.027058,0.003797,0.028573,0.028881,-0.012446,-0.014131,0.005778,0.013465,0.002370,-0.018089,0.144363,0.008766,0.014287,0.173812,0.045188,0.054037,0.030351,0.027934,-0.009487,-0.050344,0.007656,-0.016876,0.031777,0.022666,0.007706,0.015282,-0.019032,0.006253,-0.007250,-0.005370,-0.009499,-0.073958,-0.047162,-0.017785,0.014105,-0.004599,-0.005176,0.020941,-0.048303,-0.042603,-0.035844,0.023443,-0.011621,-0.018494,0.014206,0.014223,0.007323,0.010183,-0.006537,-0.007862,-0.010212,-0.011604,0.005595
0.055763,0.027817,0.002216,0.010041,-0.013591,-0.023095,0.000747,0.054663,-0.017705,0.006639,0.010190,-0.011521,-0.011950,-0.036965,0.015529,0.011303,0.037454,0.002121,-0.003496,0.006597,-0.001421,0.043948,-0.016655,0.006433,0.009727,0.005683,0.009135,0.042395,-0.005903,-0.030175,-0.004543,0.025041,0.001684,0.052480,-0.056891,-0.032741,-0.023411,0.002055,0.016215,0.093990,-0.002598,-0.005468,0.066698,-0.004930,0.060485,0.060048,0.047748,-0.010204,-0.013602,-0.001639,-0.009891,0.017760,-0.014890,-0.010688,0.016490,0.065264,0.032608,0.031678,-0.052316,-0.001895,0.053862,0.014468,0.017278,0.034056,-0.006955,0.023495,0.038166,-0.003984,0.033548,0.015169,0.003383,0.012691,-0.042490,-0.021254,0.017547,0.017247,0.029601,-0.004712,0.022053,-0.033028,0.010496,0.017190,-0.069295,0.041729,-0.011852,-0.008734,0.064539,-0.028504,-0.009111,0.050271,0.002546,0.002510,0.028719,0.057914,-0.051403,-0.017715,-0.014518,-0.000692,-0.010438,-0.039823,0.054381,0.016086,0.003273,0.010162,0.026091,-0.014521,0.040798,0.019476,-0.023914,-0.034992,0.014663,-0.000921,-0.027979,-0.035094,-0.014917,0.006097,-0.009758,-0.034024,-0.063870,0.043605,-0.007175,-0.013680,0.043920,-0.010756,-0.085765,-0.035376,0.011587,0.028336
-0.008861,0.010532,-0.027558,0.012661,-0.010732,0.044783,0.019376,-0.008916,0.055947,-0.018231,0.039925,-0.006229,0.042036,-0.012758,0.025952,-0.013108,-0.011996,0.006771,-0.003024,0.001030,-0.008545,0.029028,0.024857,-0.026879,0.019675,-0.017209,0.017756,-0.006766,0.031780,-0.013444,-0.011616,0.020659,0.008957,0.035863,-0.020593,0.023841,0.055342,0.026139,0.036463,-0.061133,0.030277,0.045076,-0.043074,0.003763,-0.021444,-0.023197,-0.046985,0.009422,0.012192,-0.011054,-0.029385,-0.049946,0.034502,0.042401,0.059903,0.038373,-0.001395,-0.028325,0.003361,-0.018563,0.019038,-0.046010,0.027563,-0.029174,-0.016021,0.075004,0.025536,0.029356,-0.014603,0.001273,0.015710,-0.011822,0.006015,0.031582,-0.137453,-0.024058,-0.017373,0.019995,0.045640,-0.000895,0.044338,0.009148,-0.005421,-0.016692,0.025656,0.023313,-0.068177,0.036834,0.014808,0.003621,-0.019713,0.028031,-0.030424,-0.034186,0.007904,-0.013765,-0.025485,0.001341,0.005310,0.025484,-0.009377,0.119315,-0.006621,-0.034333,-0.033524,0.015300,-0.043099,-0.046830,-0.008112,0.038329,0.007856,0.065783,0.021256,0.000429,-0.028969,-0.013414,-0.013425,0.044271,-0.019802,-0.028519,-0.010228,0.033325,0.005999,-0.010198,-0.011376,0.019175,0.003723,-0.000787
-0.025729,-0.075807,-0.000094,0.005583,-0.019376,0.034599,-0.048001,-0.072045,0.009504,-0.034718,0.019207,-0.005667,-0.039313,0.017314,0.064707,-0.007596,0.012534,0.028270,0.030712,-0.023298,0.014313,0.035701,-0.015228,0.008520,-0.053638,-0.019476,0.020717,0.003174,-0.015253,-0.051606,-0.007006,0.018335,0.025545,0.011835,-0.004958,0.005961,0.046170,0.004802,-0.014645,0.039582,0.059887,-0.086737,0.055448,-0.005436,0.052459,0.003304,0.014835,-0.056026,0.044335,0.018436,-0.013060,-0.000261,-0.004377,0.047443,0.042954,0.004671,0.037037,-0.045101,0.003311,0.042553,0.062987,0.004419,0.003196,0.016575,0.021507,-0.009950,0.025850,-0.002756,-0.014098,0.018960,0.041512,0.028387,0.023350,0.026859,-0.031334,-0.041076,0.023506,0.029724,-0.006773,0.025496,0.043928,-0.065433,0.025727,0.011623,-0.021260,-0.002667,0.010253,0.020345,0.036843,0.034557,-0.014031,0.012431,-0.040651,0.021545,-0.031260,0.051852,0.012719,-0.032170,-0.075313,-0.004914,0.031460,-0.029781,-0.004282,-0.005917,-0.013411,0.024210,0.020273,0.015415,-0.022737,0.101659,-0.004494,-0.032478,0.027864,0.025085,-0.030253,0.037390,0.003324,0.005064,-0.003577,-0.030388,-0.011028,-0.026359,0.023000,0.010818,0.032330,-0.019501,-0.002115,0.027234
0.009998,-0.037470,0.011057,-0.005202,-0.001461,-0.005530,0.001813,0.015129,0.002357,-0.007876,0.056192,0.005514,0.023524,0.007779,-0.023887,0.061759,-0.009827,0.011539,0.067051,0.037090,0.085846,-0.049305,0.012443,0.010312,0.045335,0.012070,-0.019325,0.000736,0.005674,0.113479,-0.005040,0.015018,-0.011351,0.000094,0.043266,0.025650,-0.039025,0.003301,0.018480,0.017697,0.049458,0.072177,0.005863,0.004097,0.015715,0.019368,-0.020786,0.025845,-0.051821,0.017020,0.005643,-0.002356,0.054946,-0.002458,0.020553,-0.018022,0.009022,0.014906,0.031214,0.011749,-0.032659,-0.043511,0.008962,0.011671,-0.000452,-0.008970,-0.053821,0.027220,0.065349,0.001655,-0.017187,0.026563,0.001331,-0.028497,-0.019739,0.007038,-0.030115,-0.009859,-0.001833,-0.006366,0.080776,0.012136,0.034831,0.006561,-0.005435,-0.009225,0.047471,-0.014139,0.008367,0.011372,-0.020478,0.027329,0.016978,0.022597,0.049615,-0.005838,-0.016919,0.009162,0.030497,-0.027339,0.067348,0.051207,0.000318,0.029507,0.056018,-0.003164,-0.000899,0.062190,0.001126,-0.015970,-0.020171,0.000190,-0.026603,-0.009794,0.070347,0.056016,-0.005472,0.047325,0.031032,0.022781,0.000827,-0.005951,-0.007178,0.002057,-0.014865,0.004727,0.007316,0.014672
-0.008635,0.043184,0.042150,-0.042727,0.014037,-0.017137,-0.002896,-0.019374,0.016857,0.083443,-0.000814,-0.002066,0.000178,-0.004286,-0.001879,0.011465,-0.095454,-0.008347,0.013516,0.016640,0.014512,-0.041800,0.002781,-0.017791,-0.004926,-0.139254,-0.021405,0.095513,-0.083522,0.034245,-0.047329,-0.026285,-0.001836,-0.010492,0.003143,0.004973,-0.035903,0.018707,0.004555,-0.027113,-0.022794,0.125232,-0.008559,-0.003683,0.007554,-0.013048,0.006715,0.003638,-0.024111,0.061411,-0.047132,-0.021853,-0.004060,0.682913,0.015280,0.001793,-0.007174,0.026235,-0.017871,-0.018739,0.003636,0.019858,0.029220,-0.007949,0.044367,0.145601,0.003211,0.044447,-0.001386,0.012276,-0.066200,-0.004807,-0.014365,-0.014650,0.007870,-0.009619,-0.006426,-0.015983,-0.048559,0.026584,-0.013472,0.094149,0.014001,-0.012684,0.003781,-0.009928,0.004805,-0.011933,0.009204,-0.026687,-0.027622,0.002166,0.055326,-0.005664,0.009827,0.009586,-0.003588,0.004304,0.050080,-0.009067,0.000008,-0.068205,-0.031668,0.048436,0.020924,0.023242,-0.005192,0.015875,-0.014096,0.053684,-0.000321,0.031676,-0.018322,-0.001575,0.002248,-0.014397,0.018011,-0.016188,0.012049,0.002224,0.041219,0.002461,-0.049375,-0.040768,-0.010466,0.000486,-0.012157,-0.019751
0.017475,0.015310,0.046272,0.029798,-0.022251,-0.015611,0.023978,0.012521,-0.049393,-0.047878,-0.024375,0.010034,-0.005759,0.006426,-0.016334,0.028944,0.043780,-0.037776,-0.005344,0.025686,-0.253074,0.003418,0.013969,0.030182,-0.034511,-0.010366,-0.031113,0.054464,-0.035127,0.018332,-0.041608,0.013050,0.007468,-0.017235,0.008287,0.013463,-0.035061,0.002729,0.002174,-0.000575,-0.021875,0.109678,0.066352,0.002013,-0.040355,-0.036581,-0.011061,-0.011545,-0.033276,0.011864,0.009181,-0.013799,-0.029324,-0.013715,0.027820,0.005658,-0.011498,-0.089536,-0.008573,0.008402,0.068203,0.013982,-0.011571,-0.017481,0.015603,0.017908,-0.019721,0.029257,-0.020413,0.004471,-0.029702,0.003258,-0.030450,-0.035703,-0.012144,0.011284,-0.035799,0.002879,-0.000786,-0.027304,0.040579,-0.007755,-0.021248,-0.049123,0.004056,0.002943,-0.018406,-0.007325,-0.042615,-0.023963,-0.016310,-0.009185,0.115524,0.002114,0.063187,-0.005562,-0.018835,-0.024864,-0.010157,-0.025794,-0.042915,-0.001487,0.000335,0.015049,-0.009690,0.038930,0.018080,-0.039658,0.004288,-0.020991,0.010771,0.005143,-0.024845,-0.002892,0.045870,-0.011378,0.009566,-0.284168,0.041900,0.016593,-0.045693,0.010156,0.042132,0.017656,-0.041687,-0.017227,-0.005026,0.000627
-0.020980,0.007689,-0.012178,0.005188,-0.019587,0.010930,-0.003222,-0.035587,0.030943,0.005579,-0.018273,0.021950,0.040221,-0.007978,-0.059483,0.016360,0.011169,0.013816,-0.011442,0.006797,0.026701,0.029408,-0.038140,-0.012345,0.029975,0.014497,0.013622,0.027925,0.012784,-0.047377,-0.037329,0.005598,-0.003270,-0.013638,-0.011161,-0.026122,0.003050,0.033575,-0.036750,0.037593,-0.000959,0.033889,-0.029945,-0.033166,-0.012943,-0.034764,0.036098,0.012995,-0.031848,0.000161,0.013392,-0.005981,0.014949,-0.002781,0.009818,0.003999,0.027196,-0.040017,-0.014957,0.077093,0.026634,0.052296,-0.012687,0.018512,0.014111,0.006772,-0.028458,0.072063,-0.021367,0.023455,0.005205,0.041839,-0.030425,-0.008140,-0.073382,0.007790,0.043862,-0.003418,0.034728,0.027257,-0.082449,-0.016340,0.000128,0.010332,-0.035628,0.071440,0.038913,0.039211,0.070961,-0.018542,-0.007789,-0.011976,0.006258,0.006992,-0.023548,-0.009705,0.005983,0.039638,-0.101605,-0.016452,0.021833,0.022006,0.015394,0.022725,0.017942,0.022121,0.034124,0.008514,0.002059,0.036474,-0.002442,0.020062,0.002949,0.025499,0.005452,0.024685,0.003964,-0.030799,0.008647,-0.041007,-0.015392,-0.024743,0.063977,-0.020582,0.042024,-0.012457,0.056452,0.041818
0.002619,-0.084107,-0.011889,0.005151,-0.017156,0.014458,-0.021003,0.018096,-0.036938,-0.007033,0.016611,0.018818,0.006074,-0.014537,0.040246,0.045217,-0.004770,0.042495,0.043510,-0.050086,-0.026868,0.005488,0.027551,0.024192,-0.030623,-0.015576,0.035635,-0.001100,-0.011234,-0.008714,0.008329,0.040908,-0.000424,-0.023615,0.012001,0.022669,-0.020730,-0.011368,-0.021576,-0.030409,0.064505,0.005545,0.053322,0.011141,0.031487,0.026685,-0.026897,-0.023527,0.011463,-0.015903,-0.002104,-0.004356,0.012397,0.018796,0.051536,-0.095062,0.022453,0.036919,0.055620,0.020812,0.041034,0.006350,0.017643,0.026818,0.009212,-0.015733,0.023055,0.005485,0.012921,0.007873,0.026341,0.043636,0.008097,-0.012751,0.039841,0.002572,-0.025685,0.043746,-0.028963,-0.022110,-0.001084,-0.026928,0.037704,0.026421,-0.000772,0.067927,0.022599,-0.037629,0.091969,0.018021,-0.045819,0.039706,-0.011193,-0.030675,0.012199,0.042371,0.002533,-0.001262,0.018381,-0.009725,0.042580,-0.056018,-0.010928,-0.069752,-0.003981,0.010489,-0.005000,0.002785,-0.013848,0.044145,0.009423,-0.035368,-0.027866,-0.011077,0.048915,0.034767,0.014672,-0.077770,0.021207,0.036192,-0.012702,0.020602,0.002991,0.030618,-0.016985,0.017092,0.005107,0.033364
-0.002847,0.025408,0.090762,0.067770,0.005746,0.055395,-0.016861,0.026769,0.017598,0.165734,-0.023698,0.000679,0.053984,-0.008763,-0.027292,0.003066,0.063387,-0.050032,-0.000960,-0.001921,-0.026970,0.006275,-0.005376,0.147795,-0.016259,0.004056,0.057137,-0.056947,-0.020298,0.034950,0.038614,-0.017219,0.007924,-0.000413,-0.011829,-0.005325,0.001882,0.057780,-0.019863,-0.013641,-0.011330,0.003613,-0.035762,-0.261263,-0.008634,0.011656,0.006096,-0.028151,0.026316,-0.227546,0.045452,-0.018495,-0.016716,0.014954,-0.004494,-0.027770,-0.002904,0.050130,0.043329,-0.006401,-0.024366,-0.035886,-0.035026,-0.003810,0.183475,-0.108595,-0.012769,-0.013638,-0.011833,0.122853,0.020790,-0.016881,-0.009506,-0.016836,0.000909,0.003137,0.011483,0.001412,0.009101,-0.012046,0.033126,0.058375,-0.020182,-0.012318,-0.007476,-0.044849,-0.007850,0.011516,-0.007832,-0.003047,0.046994,0.022006,-0.066485,-0.037052,-0.012206,-0.006039,0.042818,-0.009680,0.037166,-0.013916,-0.001654,0.012180,-0.196517,-0.000173,0.003474,-0.044388,0.002167,-0.040097,-0.018763,-0.061772,-0.115306,-0.100556,0.021063,0.000212,-0.014708,-0.000569,0.097926,-0.021836,0.002130,-0.003713,0.124149,0.023804,-0.018350,0.092218,-0.022799,0.020278,-0.008000,0.021765
0.017329,0.015657,0.131146,-0.111721,0.060482,-0.059232,-0.027227,-0.002450,-0.035247,0.225173,-0.013098,0.023788,-0.227491,-0.025802,-0.051796,0.018410,-0.103389,0.009360,0.013818,-0.022801,0.017321,0.075226,0.039140,-0.012774,0.054234,-0.028484,-0.079501,0.030436,0.048707,-0.023841,0.048087,0.032194,0.049381,-0.002891,-0.011148,-0.020517,0.034052,-0.010147,-0.030794,0.025132,0.055752,0.011991,-0.026992,0.058230,0.036299,-0.007137,-0.026847,0.017169,-0.027236,-0.040695,-0.206585,0.006863,0.045202,0.029990,-0.106931,0.002838,0.044633,-0.010397,-0.012363,0.031079,-0.092246,-0.092937,-0.042057,-0.040680,0.001164,-0.071944,-0.020256,-0.030410,0.012566,0.083799,0.082138,-0.000379,0.006079,-0.014020,-0.213315,0.010253,-0.032389,-0.019597,0.052131,-0.004272,0.026635,0.015390,0.001463,0.004362,0.005737,0.019345,-0.038206,0.037672,0.016911,0.014569,-0.005581,-0.054777,-0.073114,0.025812,-0.004975,0.027804,-0.036699,-0.004530,-0.045291,-0.001804,0.032657,0.032489,-0.138099,0.011781,-0.035396,0.009464,0.008128,-0.023708,-0.223081,0.017111,0.227641,0.109504,0.009655,-0.024714,-0.040335,0.023047,0.021614,0.019536,-0.019664,-0.005246,-0.085257,-0.105139,0.009265,0.108157,-0.002083,-0.031630,0.042935,0.071994
0.019922,-0.033697,0.015963,0.012369,0.032185,-0.012927,-0.000825,-0.007995,-0.118776,0.005157,0.053880,0.019218,0.001061,0.019485,-0.005273,-0.011520,-0.037996,0.111961,0.031815,-0.013909,0.025329,-0.025873,0.063632,-0.025867,-0.053481,0.008134,0.004051,0.002974,-0.007619,0.085585,-0.004083,0.023494,-0.029455,-0.016116,0.032036,0.022154,0.037696,0.012181,-0.002462,-0.031903,0.026426,0.023406,0.007899,-0.002293,-0.037204,0.013404,0.002423,-0.044120,-0.002901,0.037476,0.000824,0.031222,0.019620,0.010427,0.002195,-0.064147,-0.018158,-0.064341,-0.015742,0.004357,-0.010499,0.015477,0.061768,0.027433,0.005822,-0.010018,-0.053762,-0.021215,0.065769,-0.002301,-0.013254,0.076129,0.057193,-0.008937,-0.001071,-0.005572,0.002905,0.005233,0.012150,-0.049918,0.034682,0.014375,0.067672,-0.016020,0.051525,0.050750,-0.018103,0.006347,0.057237,-0.002102,-0.050329,-0.052833,0.019660,0.044118,0.084363,-0.018341,0.005991,0.005606,0.010168,0.024487,-0.038612,0.053670,0.014422,-0.061369,0.041359,-0.018210,-0.041659,0.028397,-0.027966,-0.001564,-0.005746,0.014022,-0.000684,0.020150,0.091993,0.009423,-0.012611,0.006705,0.021995,0.015519,0.018676,-0.033635,-0.020201,0.005213,0.052754,-0.053750,-0.003871,0.014845
0.038180,-0.030749,0.017535,0.007772,-0.047305,0.003206,-0.033691,-0.014265,0.007906,-0.008760,-0.017425,-0.019732,0.004742,0.000427,-0.036419,0.054058,0.005618,0.047287,-0.014015,-0.038389,-0.025788,0.011171,-0.061391,0.028354,-0.057313,-0.010550,-0.056632,-0.015610,-0.011674,-0.011799,0.008900,-0.027180,-0.000736,-0.023280,-0.026738,0.044071,-0.012533,0.024166,0.000389,0.048466,-0.017144,-0.015636,0.023516,0.020319,-0.019617,0.044281,-0.047036,-0.071923,0.033177,0.019479,0.003824,0.001854,-0.028506,0.010972,-0.026071,-0.029500,-0.009547,0.051715,0.036510,0.030656,-0.027542,-0.019406,-0.032607,0.024045,-0.005150,-0.012257,0.040747,-0.031295,-0.080218,0.020659,0.000259,0.016880,0.012999,0.055759,0.006877,-0.004819,-0.008314,0.009336,0.017864,-0.038434,0.013995,-0.016652,-0.000347,-0.012747,0.031542,0.067045,0.015423,-0.045377,0.139053,0.057812,0.068073,-0.008090,0.043235,0.008317,0.003176,-0.005641,-0.057205,-0.065180,-0.053058,0.078572,-0.016348,-0.020927,0.001881,-0.048874,-0.038987,0.012891,0.085651,-0.004817,-0.006427,0.036629,0.010391,-0.001425,-0.040945,-0.008781,-0.003378,-0.014732,0.003220,-0.028306,-0.007588,0.011481,0.001762,-0.007827,0.016828,0.000628,-0.015591,-0.015023,0.004203,0.000459
-0.017249,0.111666,-0.018647,0.024362,-0.020884,-0.016807,0.156149,0.000070,0.065168,-0.031415,0.031215,-0.040617,-0.010071,0.024310,0.027927,0.039129,-0.000748,0.042793,0.055822,-0.045840,0.050790,0.086435,-0.029960,-0.038867,-0.013869,0.011134,0.051615,-0.011260,-0.010754,0.092779,0.028581,-0.037535,-0.000376,0.000972,-0.025192,0.011880,0.102021,-0.020352,-0.018503,-0.127053,-0.024881,0.162785,-0.078092,0.016323,0.043527,0.057751,0.031909,-0.006157,0.075318,0.023105,-0.042900,0.014476,-0.017283,-0.013059,-0.046041,0.014137,0.035637,0.022626,0.046314,0.019820,-0.028203,-0.001867,0.008411,-0.017362,0.005321,-0.071934,0.044505,0.030791,-0.132328,0.017806,0.013849,-0.060129,0.021947,0.005830,-0.028335,-0.016913,0.033277,0.011418,-0.008749,0.020991,0.033145,-0.003748,0.010590,0.004214,0.027291,-0.009517,0.005350,-0.003958,0.012006,0.024595,0.080446,-0.033823,0.014092,-0.033888,0.014911,0.013101,0.072648,0.003554,0.051605,0.009141,0.024767,-0.042901,-0.012928,0.256095,0.090030,-0.002395,0.038379,-0.018386,0.086852,0.030534,-0.042994,-0.033370,0.017813,0.025754,-0.001767,-0.009230,0.015312,0.057913,0.048287,0.008019,0.033287,-0.007910,-0.003729,0.028421,-0.028479,0.202948,-0.028115,0.067199
0.006693,0.010171,-0.009472,-0.009633,0.009346,0.003191,-0.027447,0.024593,-0.005282,-0.023198,0.076108,-0.019799,0.012374,0.001419,-0.026041,0.055727,-0.029774,0.103218,0.042154,0.051261,0.021297,-0.013809,-0.001584,0.001805,0.034365,-0.005654,0.046004,-0.001708,0.010319,0.086863,0.019293,0.096056,-0.012440,0.031014,0.029572,0.024004,-0.018950,0.007186,0.011966,0.009562,0.098540,-0.057668,-0.007947,-0.012407,0.013875,0.014532,-0.005332,0.003247,-0.018174,0.006043,-0.000732,0.033523,0.078903,0.030987,0.004020,0.077233,0.018196,0.012178,0.025810,0.031320,-0.041978,-0.012109,-0.022761,0.030023,0.012853,-0.019828,-0.020381,0.022369,0.034625,0.011918,-0.007601,0.027366,-0.007085,-0.007416,-0.002025,0.002401,0.007899,0.005786,0.017375,0.003413,0.055915,0.001547,-0.006490,-0.006336,-0.018787,-0.060478,-0.004930,0.002216,-0.148291,-0.015787,-0.022987,0.015108,-0.024843,0.035703,0.042809,0.009392,0.045467,0.027662,0.104942,-0.033795,0.048920,0.027419,0.001981,0.017494,0.005837,-0.004413,0.006672,0.052117,0.026364,0.034730,-0.023047,-0.005174,0.022725,0.015768,0.068207,0.051001,-0.014588,0.006951,0.018660,0.016810,-0.002286,0.017705,-0.030642,0.003841,0.004952,-0.004220,0.034457,0.017500
-0.023479,0.085607,-0.015441,0.001262,0.032163,0.017605,0.052755,-0.015446,-0.019338,0.061691,-0.114217,-0.038869,0.004169,0.054862,-0.096915,-0.033611,-0.008312,-0.023104,-0.018753,0.070274,-0.061106,-0.007468,-0.017735,-0.009074,0.064824,0.043813,-0.062324,-0.017600,0.004035,0.105350,-0.024884,-0.030011,-0.018605,-0.067391,0.023314,-0.023825,0.017184,0.000866,-0.037599,0.014986,-0.016034,-0.003752,0.008581,0.017475,-0.000756,-0.049231,0.000339,0.039492,-0.038159,0.002014,0.017339,-0.033631,0.022257,0.028886,0.047665,-0.029748,-0.007602,0.044546,0.032355,0.001372,0.046263,-0.053737,0.062984,0.003977,0.001617,-0.037768,-0.005077,-0.056529,-0.006310,0.016302,0.052151,-0.104607,-0.003160,-0.010594,0.035613,-0.039806,0.030403,-0.072527,-0.011854,0.060923,-0.045052,0.011638,-0.008658,-0.043733,-0.009126,0.066880,0.058490,0.011321,0.004751,-0.013369,-0.006112,0.039293,-0.044031,-0.008843,0.001260,-0.026186,-0.055471,0.012852,0.097427,-0.012124,0.021873,0.017152,-0.017870,-0.010195,0.013958,-0.007467,-0.007415,0.021934,0.021744,-0.049479,0.018112,-0.009920,0.013379,-0.013492,0.018277,0.040350,0.015221,-0.034578,0.025492,0.003705,-0.015580,0.024010,0.029922,-0.036109,0.003742,0.024333,-0.021805,-0.041890
0.034024,-0.027406,-0.041123,-0.007659,-0.066128,0.018998,-0.045759,-0.003924,-0.043819,-0.011037,0.002279,0.056000,0.007820,-0.010146,-0.068524,0.007962,0.018064,-0.024716,-0.001798,0.026990,-0.018765,0.002891,-0.009784,-0.085164,-0.017860,0.078885,0.003632,-0.063458,0.008643,0.028458,-0.019293,-0.031974,0.040335,-0.024035,-0.004389,0.004391,0.013630,0.001585,-0.024185,-0.023856,0.022757,0.042867,-0.012439,0.081848,-0.026008,-0.016648,0.088836,-0.025219,0.037663,0.109587,-0.003158,0.001532,0.055643,0.026428,0.066272,0.040550,-0.041748,0.050749,-0.036046,0.017416,0.052183,-0.027037,0.005161,-0.038638,0.009986,0.032373,-0.063245,-0.041329,0.021134,-0.052330,-0.002886,0.033411,0.032763,-0.009757,-0.012458,0.034744,0.049890,-0.012361,-0.062620,-0.019319,0.068704,-0.009958,0.043577,-0.014996,0.008949,-0.017474,-0.060526,0.029779,-0.019364,0.005024,0.024273,0.056090,-0.015186,-0.000996,-0.016040,0.035413,0.008431,-0.007177,-0.004447,0.002384,-0.024916,-0.266082,-0.044212,0.051178,0.011257,-0.047206,-0.011064,-0.019430,0.036603,0.009704,0.078462,0.088505,0.010847,-0.017389,-0.005474,0.003269,0.031629,0.013620,0.065827,-0.035672,-0.031339,-0.002624,0.013955,-0.028695,0.077487,0.020106,0.046305,0.076210
0.004107,-0.036089,0.020672,-0.038042,0.024265,-0.041844,-0.003637,0.006404,-0.006696,-0.001671,-0.024897,-0.000707,-0.025521,-0.012945,-0.014727,-0.013962,-0.044911,0.024262,-0.005479,-0.002966,0.042330,-0.049009,0.028040,-0.043654,-0.045862,-0.009271,-0.003066,0.001962,0.022567,-0.021540,-0.013927,-0.009570,0.019809,0.006052,-0.008249,-0.011789,-0.015431,0.032706,0.020712,0.009164,0.005901,0.018443,-0.043787,-0.011709,-0.001340,0.042545,0.024578,-0.046815,-0.009186,0.114665,0.007110,-0.005576,-0.026795,-0.064377,0.046856,0.010591,-0.032662,0.030955,-0.000202,-0.035520,0.036222,0.041381,0.020881,0.034094,-0.008285,0.042340,0.012381,-0.010222,0.014540,-0.019031,-0.062139,0.003135,-0.010452,-0.002025,0.164257,-0.018803,-0.021064,0.005170,0.328092,0.027857,-0.004000,0.040218,0.016286,-0.034932,0.010093,0.014054,0.045762,-0.049805,0.014769,-0.007991,0.009963,-0.004083,0.014937,-0.014184,0.019608,-0.000854,0.010382,0.031341,0.001775,0.002867,-0.004482,0.490192,0.004454,-0.020885,0.023314,-0.041617,-0.009591,-0.035918,-0.022366,0.043527,0.019130,0.009545,-0.009083,-0.018274,0.042941,-0.023612,0.028536,0.060912,0.015940,0.051429,0.011359,0.003549,-0.037622,-0.013757,0.016183,0.002411,-0.017323,-0.032041
0.011668,0.008926,0.027550,-0.006419,-0.032974,-0.032186,-0.024473,0.057586,-0.019446,-0.010363,-0.039653,0.020301,-0.016320,-0.027153,-0.064930,0.067754,0.003742,0.026263,0.018931,0.023051,0.034461,-0.035224,-0.008973,0.012609,-0.041587,-0.000985,-0.057519,-0.021623,0.012053,-0.049368,0.005792,-0.065940,0.002981,-0.004151,0.005385,0.051669,-0.046152,0.033643,0.009630,0.026917,-0.059519,0.040493,0.009868,0.010192,-0.023188,-0.012077,-0.016904,-0.051425,-0.036337,0.009288,0.004724,-0.011607,-0.034912,0.010141,0.029924,-0.035349,-0.011543,-0.005227,0.044405,0.015853,0.041401,0.048833,-0.023763,0.021987,-0.001944,0.021433,-0.022461,0.019294,-0.051311,0.016817,-0.020494,0.021454,-0.013050,0.013136,-0.004165,0.048771,-0.040790,-0.023063,0.022309,0.017746,0.064011,0.002434,-0.019600,0.029996,0.017299,-0.045858,0.019875,-0.004581,-0.010557,0.034045,0.036830,-0.026007,0.001638,-0.012203,0.036440,0.010470,-0.034600,-0.058891,0.001964,0.056127,0.012831,0.031525,0.004432,-0.008727,-0.008114,-0.002862,0.067498,-0.005831,0.044876,-0.002522,-0.016383,0.003057,-0.047520,0.044483,0.004618,-0.010255,-0.008425,0.034875,-0.032850,-0.023921,-0.004626,-0.027649,-0.010273,0.010615,-0.034918,-0.049568,0.003465,-0.008636
0.005446,-0.009718,0.010905,-0.004712,-0.000103,0.020468,-0.038968,0.011074,0.044421,0.001831,0.073026,0.027756,-0.027974,-0.025923,0.027423,0.035569,-0.010482,0.020491,0.033591,0.018885,0.072756,0.005321,0.005363,-0.033635,-0.067307,0.032732,0.027103,-0.010474,-0.007273,0.069326,0.045763,-0.079190,0.043798,0.042871,0.020682,0.024353,-0.016151,-0.011962,0.027849,0.056802,-0.081414,-0.058372,-0.029077,0.027881,0.005709,-0.002340,0.067491,-0.071610,0.040616,0.008868,-0.017309,0.011595,-0.022209,-0.009724,0.016825,-0.071775,0.013689,-0.066838,-0.004012,-0.005435,-0.018174,-0.133140,-0.009122,0.011730,-0.026399,-0.023879,0.015658,0.045980,0.004864,0.007915,0.021209,0.040341,-0.006091,0.009729,0.097786,0.008022,0.038490,0.021428,-0.030906,0.011407,0.115484,0.036051,0.018281,0.035089,0.017148,-0.042523,-0.060426,0.030177,-0.059990,-0.011323,-0.016915,-0.011907,0.014564,0.060893,0.009522,0.040230,0.043505,0.001228,0.027061,0.025555,0.019020,0.007474,-0.044368,-0.003960,0.044632,0.001876,0.023488,-0.015918,-0.042304,0.026917,0.029027,0.010178,0.001583,0.047746,0.011025,-0.002533,-0.003438,0.105906,-0.006135,-0.032349,-0.014938,0.018973,-0.029879,0.011470,0.017000,-0.025554,0.021900,0.033453
0.033488,0.023779,0.008006,0.001543,-0.013096,-0.002757,0.018039,-0.001352,-0.049088,-0.012569,-0.002298,0.006721,0.026506,0.010738,-0.058521,0.029827,0.006809,0.071289,-0.036147,0.026054,0.011628,-0.021727,-0.043327,0.008733,-0.026057,0.001402,-0.021786,-0.026110,0.014297,0.048445,0.041869,0.009223,0.001291,0.007062,-0.017862,0.033001,-0.003186,0.026147,0.028712,0.017839,-0.004294,0.055606,0.000656,0.034656,-0.025148,-0.000783,0.024333,-0.043723,-0.009778,0.007270,-0.013024,-0.020855,0.002982,0.012874,0.002343,-0.034767,-0.055508,0.012704,-0.011228,0.024409,-0.032208,-0.130261,0.008123,0.030505,-0.007881,-0.007622,0.005906,0.001978,-0.036359,0.003389,-0.005356,0.034827,0.009958,0.020651,0.034413,0.013655,0.008727,-0.000017,0.032034,-0.052379,0.042328,0.004819,0.012006,-0.040803,0.009601,-0.028999,0.027674,-0.031832,0.082509,0.040301,0.029062,-0.037367,-0.012787,0.040305,-0.005633,-0.017859,-0.048630,0.008791,0.002790,0.038112,-0.033502,0.037695,-0.022199,-0.007454,-0.025708,-0.002843,0.072699,0.007415,0.009132,0.035856,0.007111,0.015916,-0.033304,0.014922,0.000957,-0.018302,-0.003412,0.003578,0.007046,-0.011802,0.000690,-0.017869,-0.003724,0.026256,-0.000929,-0.024313,0.033709,-0.033747
-0.010975,-0.006073,0.318673,0.218212,0.081075,0.156660,-0.006721,-0.025520,0.035039,0.157864,-0.005801,0.004639,0.012681,0.016382,0.043397,-0.003683,0.016703,-0.024162,-0.000871,0.010105,-0.009957,-0.015036,-0.011078,0.100047,-0.013803,0.027705,0.042221,0.074618,0.010220,0.068095,0.004778,-0.021074,-0.054437,-0.024800,0.019697,0.010132,-0.001227,-0.039386,0.000311,0.006389,-0.023670,-0.005037,0.044709,0.030076,-0.005813,0.010225,-0.001026,-0.005810,-0.007996,0.074807,-0.375518,-0.053901,-0.012116,-0.016220,0.054570,-0.051761,-0.008740,0.020290,0.024918,-0.000695,0.026322,0.064625,-0.006628,0.030020,0.136336,0.057328,0.018681,0.009330,-0.008618,-0.047128,0.002541,-0.005883,0.003727,0.006535,0.065226,-0.013544,-0.002729,0.027814,0.007616,0.024981,0.043121,-0.131621,0.013925,-0.016256,-0.000241,-0.001117,0.034918,-0.011661,0.000936,-0.007967,0.007733,0.041969,-0.124362,-0.007951,0.013357,0.004346,0.031176,0.005968,0.045021,0.006287,-0.011611,0.007196,0.289642,-0.016788,-0.007873,-0.185084,0.006054,0.011560,0.069906,0.000569,0.205229,0.032094,0.002150,0.023385,0.021496,-0.012658,0.046026,-0.010564,0.008445,0.012453,-0.126858,0.058537,0.047270,0.016780,-0.000471,-0.004715,-0.027463,-0.025348
0.014153,0.070526,0.002803,-0.001971,0.005581,0.000563,-0.015941,0.068974,-0.054504,-0.012559,-0.012641,0.028628,0.012235,-0.000804,-0.049244,0.025996,-0.004981,0.085550,-0.022588,0.023756,-0.045834,0.017607,0.009094,-0.007748,-0.039076,0.001011,0.024104,-0.013830,0.012083,-0.020809,0.036943,0.045482,-0.006929,0.013550,0.017544,0.035884,0.034071,0.010246,0.030242,-0.035557,0.012098,-0.020252,0.068164,0.012637,-0.045461,0.007674,0.074600,-0.018266,-0.018716,-0.005287,-0.006362,0.044309,-0.032595,-0.017124,-0.004674,0.027457,-0.045663,-0.047089,0.016121,0.036389,-0.021852,0.012715,-0.011781,0.044990,0.004547,-0.017611,0.006729,-0.036479,-0.032995,0.006061,-0.008758,0.021777,0.036622,0.060880,0.028398,0.050363,0.056976,0.026649,0.012917,-0.022808,-0.004052,0.005215,0.022039,-0.045280,0.027990,-0.059695,0.023927,0.002189,-0.093395,-0.006133,-0.011535,-0.018831,-0.013104,-0.001769,0.036533,0.015718,0.020758,0.002049,0.072541,0.071481,-0.039689,0.008366,-0.006413,-0.053208,0.001703,-0.005133,0.036151,-0.026272,-0.004535,-0.040014,0.011133,0.000413,0.014724,0.021169,0.063095,-0.000623,-0.004840,-0.040593,0.035001,0.007297,0.011548,0.014089,0.004886,0.006451,0.034872,-0.033836,0.021895,0.000944
-0.011126,0.026313,0.008790,-0.006721,0.016734,0.009544,-0.014324,-0.012637,-0.018187,0.003527,-0.010556,-0.021987,0.005644,0.016250,0.044756,-0.020544,0.008691,-0.068000,-0.000840,-0.003104,-0.011420,-0.022489,0.013696,0.029264,0.095594,-0.021599,0.012036,0.037702,-0.058745,-0.049096,-0.031730,0.064765,0.035693,-0.002815,0.012445,0.007742,-0.003397,-0.014503,-0.013356,0.100563,0.060624,0.032484,0.053591,-0.003509,0.008840,0.015510,-0.178454,0.078292,-0.009519,0.073000,0.038966,0.025704,0.022713,0.002032,0.005286,0.001466,-0.024707,0.047342,-0.005396,-0.019547,-0.045299,0.003263,-0.048170,-0.007769,-0.002622,-0.004676,0.047325,0.005038,-0.008302,-0.006367,0.016144,-0.019784,0.018539,-0.000706,0.067152,-0.020486,-0.075605,0.021467,-0.019932,-0.023034,0.011341,-0.009020,-0.001608,-0.009419,0.016428,-0.042436,0.063417,-0.018245,-0.057841,-0.013232,-0.046472,-0.010338,0.026638,-0.013936,-0.001974,-0.043296,0.027409,0.032960,-0.028220,-0.001695,0.014200,-0.026949,-0.003886,0.093322,-0.076448,-0.006251,-0.038861,0.009822,-0.035326,0.084291,-0.002275,-0.026173,0.022544,0.008049,0.018385,-0.005018,0.016070,-0.063570,-0.082139,0.030064,-0.011114,0.009113,0.032721,0.012238,-0.043795,-0.056503,-0.010603,-0.053652
-0.027342,0.057336,0.001009,0.012096,-0.015304,-0.038878,0.026238,0.063174,0.064153,-0.010879,-0.007160,0.020144,-0.001493,0.013081,0.010445,0.007475,0.024921,0.027935,0.021753,0.031810,0.026960,0.019894,-0.053014,-0.006098,0.031730,-0.040142,0.020703,0.001309,0.008667,0.002489,-0.025356,0.028463,0.007595,-0.018204,0.001618,-0.014927,0.016115,0.011737,-0.023615,0.179788,0.000272,0.098894,0.032134,0.040543,0.023461,-0.012865,0.011790,0.060642,0.028867,-0.022006,-0.018218,0.038801,0.011215,-0.008528,-0.007401,0.001967,0.041386,0.001034,0.027905,0.079861,0.049244,-0.007008,0.026057,0.080353,-0.038891,0.040012,-0.020521,0.025545,-0.039216,0.001438,-0.015752,0.027797,-0.029743,-0.001504,0.038609,0.012600,0.035648,-0.022088,0.005213,0.003082,0.031592,0.026517,-0.039053,0.043085,-0.037397,-0.049643,0.171319,0.049261,-0.010891,-0.003471,0.079619,0.018004,-0.014632,0.111508,0.000320,-0.015617,0.009303,0.025745,-0.015177,-0.018064,0.056746,0.026333,0.019581,0.032798,-0.008636,-0.015925,0.025688,-0.045931,0.017333,-0.016154,0.007498,0.037964,0.003024,0.061889,-0.035782,0.064253,-0.019242,0.035583,0.012626,-0.062301,0.016451,-0.021384,-0.000040,-0.028891,0.026389,-0.026942,0.017595,-0.009376
0.037583,0.003368,-0.015213,0.013236,-0.018056,0.021773,-0.034247,-0.035297,0.040447,-0.002688,0.043209,-0.002873,0.039155,0.039589,0.049530,-0.013206,0.013271,0.027076,-0.051255,0.004296,0.001810,-0.012585,-0.018361,0.003631,-0.010701,0.024742,-0.005404,-0.011842,0.017852,0.107655,0.018950,-0.033900,0.008572,0.040704,-0.024915,-0.030781,-0.029682,-0.043925,0.031899,0.073865,-0.031772,-0.020489,-0.015035,0.038987,-0.010035,-0.011644,0.084639,-0.015155,0.037225,-0.031592,-0.016048,0.007735,0.006828,0.000871,0.003488,0.004005,-0.010675,-0.008268,0.007119,-0.030344,-0.022545,-0.065321,0.006479,-0.037627,-0.007308,0.001882,0.028488,-0.016867,0.020713,0.000306,0.016699,-0.038913,-0.023640,0.030702,0.031716,-0.023016,0.065368,0.027135,-0.009105,-0.019111,0.003176,0.010354,-0.014570,-0.029071,-0.012718,0.017008,-0.007413,-0.008664,0.036228,0.026090,-0.008472,0.014485,0.008461,0.093855,-0.018518,0.027108,-0.021100,0.005637,0.053050,0.020908,-0.032380,0.032603,-0.041323,0.049926,0.077238,-0.006719,-0.008430,0.011917,-0.023357,-0.032761,0.022579,-0.003431,-0.003442,-0.056934,-0.019553,-0.034154,0.009686,-0.016694,-0.029659,-0.020921,0.008638,0.050807,0.006069,0.016320,0.018074,-0.011866,0.015501,-0.015655
-0.013494,-0.022529,0.001863,-0.010361,0.061454,-0.023670,0.025290,-0.001634,-0.023225,0.121127,0.010948,-0.037798,-0.017827,0.019777,-0.041515,-0.017167,-0.105545,0.094108,-0.003790,0.001013,0.036534,0.002282,-0.007075,0.086850,0.042435,-0.005238,-0.008144,0.084475,-0.060803,0.020649,-0.006813,0.035537,-0.122860,0.001830,0.035231,-0.000290,-0.004987,0.018737,0.012488,-0.051558,-0.007499,0.157418,-0.079898,-0.014604,0.010663,-0.022943,-0.055884,0.029323,0.028966,-0.150758,-0.029977,-0.023383,0.008332,-0.323812,0.062887,0.018363,0.012305,0.004960,-0.029784,-0.014742,0.157822,0.041608,0.114618,0.024733,0.101116,0.173704,-0.004885,0.054068,-0.007518,0.055377,-0.067841,0.008701,-0.020817,0.002293,0.010014,-0.023829,-0.025882,-0.007957,-0.096627,0.022331,0.210486,0.016741,0.013047,0.025610,-0.015741,0.000423,-0.000679,0.038110,0.021739,-0.022316,-0.119972,-0.032017,-0.046382,-0.004229,0.001159,-0.013309,-0.005708,0.011475,0.006604,-0.005163,0.011306,-0.136309,-0.111624,0.047498,-0.025004,0.052532,-0.006400,0.076441,0.021785,0.074019,0.015091,0.082057,-0.013025,0.000386,0.016006,0.012639,0.072590,0.026152,-0.022988,0.001588,0.018757,-0.010709,0.004776,-0.049577,0.046610,-0.010668,0.003498,-0.054213
0.013192,0.052495,0.145045,0.083987,0.172122,0.037966,0.008325,0.016793,-0.025648,0.126676,0.003802,-0.007383,-0.061975,0.007653,0.011758,-0.042454,0.217491,-0.040484,-0.024932,0.000483,-0.000505,0.017137,-0.018456,-0.103265,0.009625,0.103113,0.001034,-0.059956,0.073526,-0.104918,-0.128077,0.033609,0.033467,0.014424,-0.008899,-0.010829,0.037268,0.072274,0.019816,0.027727,0.035341,-0.072549,0.000814,-0.047213,-0.018528,0.024859,0.015462,0.007688,0.025343,-0.054120,0.040664,-0.044104,0.004940,0.103732,-0.024547,0.058646,-0.021293,-0.073266,0.012015,0.006253,-0.015135,-0.015958,-0.012516,0.026422,0.072067,-0.067389,-0.001159,-0.033253,0.022445,-0.054691,-0.169746,0.043316,0.010999,-0.008140,-0.028161,0.001924,0.023106,-0.036997,0.007781,-0.025971,0.012576,-0.049833,-0.003046,-0.018125,0.008550,0.018066,0.010124,0.046085,0.024197,0.025553,0.003092,-0.002076,0.296181,0.007299,-0.033159,-0.016203,-0.006656,0.031500,-0.042508,-0.007448,0.002222,0.001578,-0.085476,-0.029506,-0.013310,0.066836,-0.005445,0.011884,0.102759,-0.024583,-0.122803,0.009581,0.040832,0.000596,-0.015835,0.017377,-0.014042,0.019215,-0.022076,0.003955,-0.122248,-0.005840,0.008322,0.042364,0.056851,-0.029761,0.031260,-0.026211
0.009675,0.035743,-0.136316,0.077040,-0.002901,0.048035,-0.021752,-0.005539,0.019293,0.105711,-0.001747,-0.004686,0.041221,-0.007965,-0.001143,-0.003187,0.016920,0.020447,-0.015851,-0.000970,-0.014564,0.014242,-0.005244,0.103658,-0.033895,0.007150,-0.000950,0.166773,0.128569,0.022645,0.069099,-0.018392,0.048927,0.005591,-0.020710,0.002236,0.011497,-0.046239,0.003195,0.025091,-0.023921,0.024836,0.003642,0.190986,-0.005925,0.000593,-0.001797,-0.021878,0.014204,0.104644,0.004755,-0.014172,-0.042498,0.020320,-0.041186,0.038138,-0.012148,0.032838,-0.052275,0.008211,-0.027708,-0.024993,-0.028094,-0.001630,-0.180281,-0.005041,-0.010686,-0.027451,-0.009193,-0.057682,-0.329379,-0.008989,-0.000120,0.010491,-0.035667,-0.002387,0.006432,0.012110,-0.038328,0.004520,-0.006767,-0.208335,-0.016614,-0.010437,0.002022,0.049729,-0.006124,-0.012129,0.008141,0.006042,0.006522,-0.020204,-0.149498,0.004078,-0.008008,-0.005507,0.003173,0.003040,-0.001113,0.013738,-0.018430,-0.025085,0.064918,-0.005170,-0.009404,0.163656,0.007798,-0.003886,-0.003929,-0.039871,-0.078234,0.137621,0.007047,-0.012587,-0.011427,-0.017395,0.154651,-0.007548,-0.018595,-0.003833,0.299933,-0.004709,0.019216,0.012569,-0.012523,-0.012656,-0.009064,0.013498
0.082073,-0.031993,0.036249,0.000285,-0.004497,-0.021728,0.008957,0.032652,-0.020183,0.009643,0.059954,-0.023809,0.027775,-0.010811,0.028397,0.065547,0.013541,-0.031625,0.027576,0.016357,-0.000542,-0.030763,0.023462,0.005486,0.027706,0.008886,-0.166016,0.027157,-0.010333,-0.074490,0.030341,0.022981,-0.035503,0.026625,0.015939,0.063000,-0.096569,0.039930,0.031104,-0.037399,0.020330,0.049271,0.084255,-0.043440,0.016122,0.027487,0.002752,0.002181,-0.026102,-0.000181,0.023885,0.040644,-0.017716,-0.028722,-0.026740,0.043364,-0.022204,-0.007155,0.019678,0.003285,-0.087570,0.036457,0.010227,0.017562,-0.009395,0.033467,0.016171,0.039132,0.006387,-0.001950,-0.041926,-0.006596,0.045563,0.043153,-0.062700,0.057379,-0.021305,-0.016561,0.018444,0.020560,0.003652,0.025036,0.035156,0.067964,0.046731,0.042409,0.009779,-0.058612,0.042614,0.079273,-0.040700,-0.025763,0.010741,-0.015367,0.070913,0.015362,-0.084912,-0.012766,0.033405,0.037463,-0.011401,-0.024018,0.035306,0.001026,0.062696,0.000340,0.077628,0.062780,0.002259,0.032427,-0.008037,0.031835,-0.030251,-0.063105,0.089647,-0.038386,-0.008402,-0.049065,0.061233,0.023319,-0.017308,0.034754,-0.000621,-0.000489,-0.007569,-0.007645,-0.033582,0.030269
0.024130,-0.029545,0.013041,0.010585,-0.075903,0.019007,-0.053055,0.004726,-0.089925,-0.009218,0.021609,0.023352,-0.007524,0.007392,-0.016859,-0.026887,0.035304,-0.054262,0.029695,-0.010129,-0.025018,-0.003223,-0.004543,0.001450,0.022501,-0.041879,-0.051889,0.008335,-0.036239,0.008304,0.003444,0.051888,0.015535,-0.008635,0.045776,0.017263,0.014323,-0.001688,0.015336,0.022586,0.068547,0.021024,0.032906,0.031739,0.041292,0.000052,-0.041363,0.001195,0.005055,0.002323,0.021587,-0.002349,0.006523,0.022988,0.009239,-0.012272,0.019392,0.095418,0.052223,-0.036297,0.008564,-0.003084,-0.025183,0.006463,-0.015360,-0.008252,0.011375,-0.039295,0.067268,0.013963,0.028718,0.081345,0.054637,0.015182,-0.056864,0.005155,-0.030162,-0.018341,0.005505,-0.025708,-0.017570,-0.020025,0.035576,-0.003321,0.012004,-0.035151,0.011135,0.008572,0.007753,0.019002,-0.043425,-0.045862,-0.006599,-0.009315,0.008326,0.000390,-0.044148,-0.014252,0.004305,-0.018519,0.026760,0.014372,-0.001635,-0.234238,-0.012288,0.015531,-0.024049,0.050377,0.007559,0.031619,-0.049634,-0.057442,-0.007495,-0.045883,-0.009846,0.021975,0.053243,-0.032559,0.013255,0.000210,-0.010145,-0.029364,0.013314,0.052405,0.044108,-0.046451,0.002648,0.017039
-0.008505,-0.034137,-0.015609,0.016471,0.008210,-0.005225,-0.040544,0.020974,-0.002355,0.007880,0.025330,0.009382,-0.006530,0.007284,0.066212,0.025837,-0.006190,0.056194,0.011204,0.087552,0.013927,0.010994,0.006240,-0.003641,0.025921,0.029866,-0.045422,0.036792,0.006294,-0.064583,-0.003918,-0.026390,0.001020,0.032010,-0.003269,-0.034631,-0.014949,0.015954,0.018529,0.023823,-0.032873,-0.048265,0.086822,-0.010264,0.017857,-0.014253,0.021857,0.032851,0.023184,0.026056,0.005648,-0.065137,-0.024929,0.010378,-0.021322,-0.138854,0.010215,-0.004342,0.031598,-0.004549,0.011248,-0.065214,-0.012096,-0.039625,-0.008737,-0.012905,-0.003512,0.070390,0.049111,-0.002126,0.002918,-0.060879,-0.028798,-0.000232,-0.025014,0.039071,0.025621,0.075206,-0.002429,0.040426,-0.019174,0.020718,0.004077,0.053999,-0.020478,0.084473,-0.034469,-0.005833,0.145127,-0.017720,-0.002747,0.033847,0.030365,0.014271,0.000018,0.025650,0.024824,0.022113,-0.077595,-0.001518,0.023608,-0.002089,0.007049,0.050021,0.026461,0.013531,-0.012061,0.032298,0.005380,-0.026684,-0.024211,0.002076,0.009074,0.003616,0.055734,-0.009583,0.000429,0.017523,-0.006421,0.014815,-0.017952,0.053509,0.000686,-0.031978,-0.035536,-0.009981,0.028455,0.031576
