-0.047354,0.049227,-0.035775,-0.007849,-0.006917,-0.004693,-0.001090,-0.001632,-0.007770,-0.003549,0.010585,0.009214,-0.014626,0.027557,-0.005369,-0.006349,-0.012395,-0.018016,0.022112,-0.009140,-0.031179,0.023924,-0.004289,0.015783,0.091615,0.008840,0.012095,0.053356,-0.000527,0.012940,-0.011063,-0.005431,-0.007649,0.005367,-0.010893,0.006212,0.011809,0.008051,0.027163,-0.012927,0.012802,0.022982,-0.045035,0.005285,-0.000581,0.000558,-0.008960,-0.000492,0.013043,0.024297,0.009801,0.003386,-0.018431,0.023322,0.019179,-0.031886,0.049511,-0.003569,-0.008683,-0.015184,0.006403,0.005649,0.021280,0.012666,0.000810,0.014075,0.040778,0.003802,-0.026505,0.019523,-0.005899,-0.000683,0.009120,0.005378,-0.006670,-0.035068,0.002038,-0.007962,-0.026546,-0.002716,0.005000,0.027558,0.021551,-0.036514,-0.006104,0.018027,-0.021854,-0.026264,0.033786,-0.011894,-0.017407,-0.007743,0.029378,-0.022348,-0.019783,0.013032,0.004462,0.010584,0.015926,0.006377,-0.005129,-0.014947,-0.005709,-0.005184,0.020667,0.056048,-0.001571,0.000576,0.003123,-0.000937,0.025533,-0.004846,0.000366,0.032337,0.000940,0.024527,0.039806,0.016840,-0.005811,0.000091,-0.015461,0.017356,0.006326,0.012554,-0.007206,-0.006727,-0.004529,0.000833
-0.099603,-0.049400,-0.015192,-0.016742,0.020592,-0.007862,-0.014264,0.000707,0.061854,-0.007988,-0.002787,0.001351,-0.012642,-0.011821,0.069523,-0.014730,0.019659,0.018977,-0.105536,0.019712,0.014837,0.011487,0.010388,-0.008827,0.042866,0.009084,0.106961,-0.007441,0.019955,0.009083,-0.006902,0.025762,0.048070,0.020125,0.022069,-0.015909,-0.010374,-0.021259,-0.002196,-0.029986,-0.014617,-0.015132,0.005026,-0.057644,-0.071459,0.038432,0.019449,-0.005826,0.007777,0.028524,-0.046924,-0.013822,-0.009325,0.006446,0.018642,-0.025211,-0.012348,0.028054,-0.002712,-0.024780,-0.042209,-0.017605,-0.003021,0.048118,-0.013778,0.041836,0.015813,0.028683,-0.001103,-0.067222,0.004995,0.049256,0.026630,-0.031576,0.007220,0.010349,0.016865,-0.010599,-0.012091,-0.033120,0.010243,0.094568,0.042471,0.057904,0.031262,0.006840,0.041932,0.021919,-0.019182,0.011723,-0.013372,-0.020610,0.025032,0.038377,-0.040019,-0.040502,0.060470,0.011996,0.039815,0.027941,-0.001881,0.016775,0.030470,-0.005566,0.034723,0.025972,0.002034,0.024766,-0.022661,0.018842,0.030475,-0.012228,0.030842,-0.007874,0.033470,-0.018297,0.004285,-0.057824,0.040105,-0.003530,-0.032784,-0.005217,0.015041,0.028071,0.056297,-0.006561,-0.004034,0.019325
-0.040261,-0.028605,-0.015515,-0.002891,0.257807,-0.055814,-0.013105,-0.107399,0.005580,0.011084,0.013823,0.011537,-0.195266,-0.005748,0.007197,0.022170,0.022856,0.010086,-0.005823,0.004630,-0.016895,-0.031820,-0.000359,0.009477,-0.012759,0.064602,-0.003251,-0.000953,-0.009058,-0.029945,-0.003623,0.030901,-0.004872,0.003743,-0.012895,0.201626,0.109268,0.017397,0.009520,-0.006502,-0.013855,-0.000174,0.009355,-0.004245,0.002802,0.018029,0.006558,0.010024,0.016634,0.018421,0.116324,0.043271,0.005268,-0.025982,-0.000662,-0.015879,0.008730,-0.013515,-0.040636,0.003181,-0.003288,-0.014706,0.000182,0.021449,-0.139821,0.001089,-0.013328,-0.082330,-0.001667,-0.030272,0.058820,0.025271,0.016352,0.001960,0.103499,0.000014,-0.005570,0.206983,-0.000923,-0.012667,0.006923,0.004063,-0.019300,-0.019494,-0.018320,-0.000990,-0.005524,0.016886,0.004440,0.008020,-0.007386,-0.007131,0.010820,-0.006799,0.002557,0.006012,0.012775,0.011603,-0.013658,0.036408,-0.029632,-0.014330,-0.001721,-0.011794,-0.028289,-0.015427,0.141733,0.017893,-0.006847,0.034092,0.019184,0.263936,-0.095163,-0.015371,0.007718,0.000655,-0.005057,-0.016505,-0.003175,-0.180995,-0.001654,-0.004553,0.011220,0.015148,-0.001096,0.009985,-0.086504,-0.022240
0.022094,-0.021951,-0.000747,-0.006360,-0.094950,0.137540,0.000560,0.081157,-0.002923,0.004254,-0.013894,-0.005239,-0.112102,0.000071,-0.006500,0.195402,-0.000291,-0.020685,-0.041218,-0.010629,0.008062,0.002215,-0.001775,-0.004410,0.013143,0.269797,-0.000067,-0.072029,0.408612,0.001123,-0.017446,0.006640,0.001731,0.017182,0.000961,0.138322,0.017643,-0.006014,0.024822,0.002160,0.003062,-0.005953,-0.003998,0.016862,0.012157,0.007559,0.021353,0.001896,0.015403,-0.000110,0.066744,-0.286865,-0.022917,0.000739,0.004842,0.007406,-0.004763,0.005780,0.002791,0.017900,0.008055,0.104968,0.001383,-0.014474,0.035648,0.004769,0.008975,0.058928,0.006290,0.013651,0.052044,-0.002463,-0.001881,-0.004339,0.015829,-0.003577,0.003584,-0.010159,0.007985,0.008182,-0.003848,0.005736,0.000330,-0.004101,-0.000511,0.003257,0.000486,-0.007621,0.006169,-0.001526,0.011013,-0.001821,-0.007466,0.003289,-0.012580,0.015629,-0.005568,0.001392,-0.008568,0.012934,0.000301,0.005286,0.000340,-0.002966,0.003631,0.007768,0.108547,0.009246,0.000451,-0.172087,-0.009949,-0.044333,-0.138673,0.000741,0.016604,-0.003885,-0.016667,-0.001860,-0.004224,0.043943,-0.013627,0.003580,-0.008811,0.012532,0.000530,0.149449,0.049371,-0.002275
0.034351,0.014795,0.012372,0.005638,0.129099,-0.041965,-0.001345,0.068931,0.008354,-0.022857,0.025026,0.029397,-0.143449,-0.010264,0.014796,0.059670,0.015892,0.044050,0.027394,0.001737,-0.003201,-0.001973,0.000307,0.019805,-0.076185,-0.005109,-0.002440,0.019815,-0.237790,-0.004273,0.014981,0.101767,-0.009038,0.049464,-0.048038,-0.096352,0.084138,-0.000029,0.018535,0.005404,0.006945,0.020885,0.016634,-0.010604,-0.011072,-0.040689,-0.036356,-0.013702,0.002838,-0.009995,0.104338,-0.082917,0.032248,-0.005168,0.000054,0.004887,0.009136,0.010700,-0.042331,-0.009427,-0.001956,0.312421,0.017292,0.056784,0.067272,-0.021479,-0.003170,-0.081511,-0.002683,0.019223,0.051908,-0.021030,-0.014526,0.019016,-0.127736,0.010580,0.001582,0.107635,-0.009980,-0.005551,-0.010282,0.001638,0.003392,0.016053,0.004732,-0.011245,0.009849,-0.025600,-0.003326,-0.001144,-0.012039,0.001020,-0.020589,-0.003205,0.039950,0.000504,0.009724,-0.017319,0.007013,0.019005,-0.000467,-0.041231,0.006449,0.003326,-0.010419,-0.054812,0.021431,-0.013041,0.000638,-0.113524,0.011701,0.026539,0.144859,-0.000196,0.017744,0.017177,0.014110,-0.005099,0.005975,0.127925,0.011676,0.010384,0.005714,-0.014065,0.003747,0.124333,0.070826,-0.008569
0.006530,0.033745,0.006300,0.005135,0.105584,-0.166313,0.005862,0.161033,-0.024539,-0.009026,-0.015276,-0.023805,0.067288,-0.003837,-0.008406,0.033643,-0.031272,0.027623,-0.002342,-0.006658,0.024773,0.005144,0.006051,-0.017566,0.033291,0.202358,-0.000982,0.055702,0.031096,0.006292,-0.005061,-0.126179,-0.001620,0.005552,0.018954,0.164096,0.049883,-0.013066,-0.012219,0.006182,-0.006616,-0.017437,-0.001874,0.009919,0.016807,-0.025799,0.021269,0.015654,-0.022892,-0.015935,-0.084770,0.224925,0.013971,0.008933,0.000176,0.019896,-0.014117,-0.006710,-0.031670,0.011001,-0.004861,-0.102879,-0.005632,0.029662,0.025181,-0.007093,0.007512,-0.076938,0.015901,-0.005955,-0.008654,-0.042801,-0.033546,-0.005846,-0.169306,0.016700,0.000884,-0.104484,0.017979,0.012678,-0.009191,-0.006729,-0.004719,-0.013498,-0.003050,0.008882,-0.013814,0.010109,-0.005894,-0.006537,0.024207,0.000989,-0.012982,-0.000997,0.020710,-0.004090,-0.023662,-0.028886,-0.029099,0.002384,0.020658,0.023419,-0.000777,-0.011756,0.005796,0.028125,0.040401,-0.014993,0.049194,0.061580,-0.020944,0.300736,-0.037000,-0.003096,0.015278,-0.023566,-0.020103,0.008345,-0.013072,0.161715,0.003620,-0.009825,-0.023993,0.000071,-0.010866,-0.047791,-0.039200,0.009594
0.107677,-0.001008,0.049083,0.006763,0.020901,-0.014473,-0.003871,0.019002,0.002887,0.008411,0.006668,0.009162,0.007923,-0.034079,0.016557,0.000750,-0.011499,0.025412,-0.033459,0.010203,0.020813,0.022436,-0.006208,-0.004622,-0.007030,-0.007300,-0.010622,0.017276,-0.003229,0.008643,0.019942,-0.007195,0.042971,-0.041737,-0.012211,0.001480,0.001536,-0.032533,-0.054724,0.020012,0.019728,-0.019800,0.050455,-0.010301,-0.076784,-0.015042,0.020819,-0.015601,0.008159,0.029876,0.020357,0.010429,0.009728,-0.002337,-0.007980,0.031316,-0.003650,-0.021723,0.027263,-0.056011,-0.006796,0.002574,-0.026025,0.022906,0.014098,-0.011234,-0.003512,-0.014842,-0.001821,0.066708,-0.008530,-0.026590,-0.015045,-0.014652,0.020448,0.009495,0.003604,0.013617,-0.011974,-0.012009,-0.012382,0.001553,0.026957,-0.017038,-0.012834,0.020019,-0.017212,0.028050,-0.002123,0.022992,-0.016417,0.022549,0.035822,-0.005782,0.012253,0.021031,-0.003314,-0.016332,-0.014250,-0.012759,0.029387,-0.020027,0.001831,-0.009816,0.015884,-0.015647,0.000598,0.040581,-0.003956,-0.020365,0.023956,-0.024186,-0.009210,0.001304,-0.000510,-0.014933,-0.007455,0.031617,-0.005309,-0.007404,0.019445,0.006989,-0.001339,-0.014087,-0.029098,0.001279,0.008893,0.039379
0.013720,-0.006516,0.021525,0.024377,-0.011064,0.007865,-0.006333,0.001008,0.015183,0.045514,-0.018663,-0.010977,-0.001398,0.007659,0.018195,0.004749,-0.040742,-0.000118,0.005087,-0.007281,0.031417,0.001570,-0.001466,-0.017002,0.125816,-0.025517,0.015502,0.005106,-0.000886,0.000492,0.020428,-0.036267,0.038960,0.017033,0.039501,-0.027163,0.007994,0.010277,-0.001494,0.031023,-0.020800,-0.025457,0.033816,0.002810,-0.000331,0.001338,-0.012418,0.026800,0.029969,0.043569,0.005972,-0.031418,0.024395,0.003673,-0.005119,-0.019446,0.010478,-0.007854,-0.024042,0.000213,0.010351,-0.005939,-0.016684,0.002672,-0.002763,0.056625,0.001505,-0.015917,0.006502,0.012825,-0.000494,0.008474,0.008158,-0.018474,0.000116,0.023662,-0.028695,0.019913,-0.011177,0.020794,0.024329,0.030528,-0.010173,-0.009683,0.001528,0.040813,0.010976,0.012427,-0.001811,-0.013683,-0.002306,0.012047,0.036488,-0.022399,0.035727,0.015553,0.003809,0.003733,0.013312,0.009709,0.006147,0.020995,-0.042473,-0.008438,0.010090,0.145092,-0.001085,0.020139,0.012740,0.007112,0.024088,-0.012416,-0.010581,-0.015676,0.020811,-0.030908,-0.019479,0.032050,0.018046,0.007348,0.027850,-0.016466,0.002536,0.099178,0.001143,0.018595,0.014160,0.016738
-0.093347,0.022191,0.059913,-0.018209,-0.002300,-0.007227,0.014554,0.003038,0.045625,-0.017281,0.010545,0.043509,-0.037897,-0.026418,0.002274,-0.024719,0.024101,0.025249,0.024139,-0.013306,0.076280,0.011375,0.007068,0.011747,0.010613,0.014926,0.005460,0.008707,0.012933,0.008819,-0.029233,-0.001273,-0.014603,0.031288,-0.015397,-0.000688,-0.036258,-0.002731,-0.001948,0.058501,0.037151,0.006110,0.029831,-0.003865,0.024980,0.002788,-0.014689,-0.012630,0.000603,-0.089324,-0.052497,0.009248,-0.026757,0.009649,0.027636,0.023257,-0.035318,0.016161,-0.004358,0.014573,-0.010899,0.015734,0.025015,0.006183,0.012023,-0.035167,-0.010979,0.026660,-0.005355,-0.033549,0.014124,0.024409,0.019985,0.017365,0.001151,0.018837,0.038982,0.004931,0.006600,-0.020326,-0.030507,0.010753,0.026634,0.031751,0.065999,-0.034739,0.066635,-0.018199,-0.019355,0.008127,0.017400,0.039516,-0.049699,0.007921,-0.028742,0.015033,0.024408,0.029773,0.046780,0.013885,0.038135,-0.018813,-0.012842,0.012334,0.041738,-0.017998,0.030966,0.016201,-0.051502,0.020209,-0.007605,-0.002494,0.016436,-0.006685,0.006999,0.029652,0.002121,0.012203,0.019096,0.007881,-0.026413,0.028234,-0.016599,-0.036395,0.085214,-0.023456,-0.013733,-0.000197
0.022420,0.021137,0.000220,-0.010721,0.056488,0.053531,-0.005501,-0.022109,0.008181,-0.009658,-0.001353,0.001319,-0.166393,0.003821,-0.004476,-0.102629,0.000251,-0.004252,0.022306,-0.007314,-0.000822,0.004346,-0.001974,0.007199,0.002271,-0.010305,-0.009707,0.035736,-0.025904,0.000851,-0.018058,-0.082399,-0.004934,0.003243,0.001821,0.089956,0.206024,0.004989,0.035114,0.001733,0.016415,0.008151,-0.008412,0.003719,0.000568,-0.011436,-0.011621,0.003186,0.037222,-0.014841,0.020128,-0.042909,-0.007800,-0.001902,0.008304,-0.010138,-0.000851,-0.000309,0.117886,0.008405,0.010124,-0.147553,0.011269,0.028140,0.029116,-0.009871,0.015258,0.207487,-0.000745,0.014948,0.288860,-0.010049,-0.010777,0.010223,0.322461,-0.009829,-0.011742,-0.075148,-0.000406,0.013154,-0.004039,-0.010056,-0.000445,0.011135,0.003891,0.011925,0.005843,-0.014592,0.006272,0.007368,-0.008745,0.003133,0.004331,-0.006314,-0.020537,-0.027885,-0.000442,-0.009416,0.000087,-0.006567,-0.001372,-0.004613,-0.000460,0.008312,-0.000453,-0.004991,-0.187178,0.004485,0.050295,-0.014414,-0.004805,0.139185,0.032689,-0.001299,0.004389,0.011040,0.003299,-0.000658,0.004339,0.158813,-0.018880,0.014285,0.004171,0.010574,0.006615,-0.112768,0.039004,-0.004032
0.055251,0.021464,0.097220,0.026375,0.007436,0.003542,0.002026,0.015239,0.005425,-0.005913,0.001614,0.000815,0.013218,0.025684,-0.047598,-0.005452,0.015376,-0.010651,0.004031,0.053646,0.044839,0.007076,0.091051,0.005002,-0.015004,-0.015907,0.003535,0.022869,0.001992,0.020878,0.028811,-0.010280,-0.049657,-0.043576,-0.008104,0.001722,0.004327,0.068427,-0.025560,0.124221,0.059242,0.015102,0.021109,0.002201,0.037181,0.006684,-0.007652,-0.011453,0.044456,0.010365,0.005793,-0.017801,-0.014952,0.006446,0.027187,0.005431,0.026268,0.002785,0.002424,-0.005621,0.039012,0.019880,0.015526,0.017533,0.010003,-0.008282,-0.018174,-0.004967,-0.004550,0.001604,0.009172,0.025252,0.012122,0.028917,0.005943,0.021865,-0.001101,0.020218,0.003662,0.021700,0.045053,-0.010245,-0.009154,-0.019375,0.013288,0.009884,-0.021111,0.056029,-0.010192,-0.009281,-0.009808,0.077511,-0.035995,-0.002381,-0.017918,0.007267,0.009370,0.011963,0.017126,0.019720,0.020246,-0.011393,0.013992,0.011788,-0.017046,0.000440,-0.010759,0.026455,-0.031135,-0.003048,-0.000007,-0.003404,-0.020916,0.033601,-0.024678,0.044420,0.039021,-0.013094,0.005271,-0.002138,0.017925,0.041227,0.048936,-0.004240,0.013145,-0.007843,-0.022624,-0.016353
-0.032581,0.019954,-0.042683,-0.014012,0.001661,0.003935,0.022984,0.000289,0.013690,0.010563,0.013356,0.028580,0.017538,0.004812,0.008421,-0.006350,-0.025847,0.029650,0.021911,-0.013897,-0.019778,0.011120,-0.029732,-0.011559,0.063134,0.003560,-0.016695,-0.035318,-0.016006,0.009868,-0.038496,-0.032373,-0.011471,-0.000556,-0.036540,-0.005044,0.002440,-0.007587,0.083465,-0.026526,-0.026270,-0.003300,0.036355,0.035040,0.027438,-0.006191,-0.025900,-0.010711,0.076019,0.020919,0.023325,-0.002190,0.008154,0.031978,-0.009136,0.041354,0.017513,-0.016694,-0.004158,0.017784,0.004017,-0.005844,-0.009117,0.008977,0.015189,0.015504,-0.008929,-0.004959,0.016909,-0.039088,0.003379,-0.021758,-0.030309,0.006109,-0.000663,0.013120,0.012821,-0.003309,0.007098,0.015160,0.016050,0.008527,0.010499,-0.005410,-0.018424,0.019222,0.005577,-0.030396,0.005248,-0.008659,0.030778,-0.029761,0.018566,-0.002178,-0.026287,-0.030149,0.017409,-0.016438,0.002377,-0.007804,0.009823,-0.036920,0.001091,-0.013127,-0.013363,0.064359,-0.004653,0.056255,-0.014930,-0.010451,0.022674,0.005338,-0.000664,0.014273,0.023102,0.009742,0.007228,0.013258,0.018720,-0.009647,-0.031073,-0.024405,0.009691,-0.009471,-0.010435,0.004516,0.015387,-0.009915
-0.002856,0.033586,0.001960,-0.001772,0.110104,-0.067036,0.012867,-0.097192,0.001539,-0.055996,0.000929,-0.012093,0.020774,0.033350,-0.015342,-0.122299,-0.005036,0.022214,0.041947,-0.020366,0.004475,0.025708,-0.019196,0.006796,0.021396,-0.023511,0.015528,0.020597,-0.018632,0.029551,0.001259,0.022512,0.014018,-0.006544,-0.047239,0.173704,-0.512979,-0.011409,-0.065900,0.000423,0.015205,0.015050,-0.039440,0.024894,0.005976,-0.017848,-0.053787,-0.020132,-0.115646,-0.024949,0.044140,-0.148760,0.048912,0.028169,0.005670,0.014120,-0.013575,0.037702,-0.002297,0.019637,-0.014130,0.058045,0.009752,0.018701,0.013150,-0.020314,0.018974,-0.024353,0.010186,-0.011977,0.084776,-0.008876,-0.002795,0.019650,0.122765,-0.036718,0.015458,-0.019318,0.009436,0.011417,-0.003354,0.010873,0.020006,0.020939,0.036071,0.013647,0.019556,0.052226,-0.005160,-0.012966,0.002537,-0.006269,0.000682,0.012993,0.053457,0.023402,-0.007438,-0.000601,0.007294,-0.048510,0.020359,-0.043137,0.012927,0.025127,0.013859,0.013405,0.068584,-0.086456,0.020439,-0.021470,-0.033482,0.065164,-0.025949,0.023875,-0.015966,0.021441,0.022670,-0.001514,0.005478,0.000297,0.028756,0.004967,0.005872,-0.085939,-0.012940,-0.109289,0.107482,0.001141
0.053411,0.024379,-0.032898,0.024667,0.001529,0.014880,-0.008527,-0.014492,0.024457,0.009934,0.015548,0.020106,-0.006175,0.009337,0.023144,-0.011642,0.059140,0.007440,0.000761,0.003723,-0.016026,0.012669,0.045261,0.023657,-0.109359,-0.010261,0.013436,-0.029502,0.032270,-0.012478,0.021492,0.014975,0.021059,0.013322,0.024884,-0.002476,-0.007467,0.026171,-0.025066,-0.013751,0.020600,0.004678,0.015371,0.012120,-0.037366,-0.011751,0.050058,-0.001447,-0.002060,-0.009712,0.011443,-0.005462,0.000186,-0.028794,-0.026727,-0.002540,0.024554,0.021890,0.011827,0.007828,-0.007281,-0.007524,0.012967,-0.016080,0.007042,-0.030724,0.031682,0.006735,0.010464,0.006722,0.020437,0.004075,-0.011557,0.015545,-0.031293,-0.007818,-0.015234,0.031655,0.026836,-0.006531,0.024298,0.002274,0.004944,0.013723,0.036444,-0.012906,0.004483,0.059937,0.018478,0.011794,-0.013107,0.002418,0.005185,-0.007655,0.000083,0.044871,0.025057,-0.011900,0.010378,0.009219,-0.005602,0.040097,0.018390,-0.021473,-0.001536,-0.084640,0.018640,0.017708,0.020903,0.001983,0.034876,0.005530,0.019300,-0.022270,-0.012262,0.025026,0.019156,0.011845,0.011102,0.003156,0.019759,0.008128,0.016784,-0.040903,0.005174,0.004462,-0.015160,0.012871
-0.002232,-0.040360,0.065858,0.021804,-0.007830,0.009635,0.023137,0.020529,-0.006952,0.050995,0.038719,0.015051,0.007403,0.007488,-0.008335,-0.017056,-0.025208,-0.011580,-0.002564,-0.003444,0.020321,-0.020157,0.059644,-0.017602,0.004641,0.027854,-0.016700,-0.010080,0.016382,-0.030688,0.027581,0.013641,-0.054756,-0.045755,0.004276,-0.007547,-0.010896,-0.009724,-0.078533,0.098261,-0.009238,0.012937,0.060765,0.032750,0.045733,0.006247,0.005463,0.045568,-0.024973,0.034805,-0.008916,-0.005560,-0.020576,-0.021143,-0.029777,0.030707,0.042147,-0.031893,0.010941,0.020483,0.044504,0.032840,-0.007058,0.008340,0.003511,-0.002471,-0.019234,-0.004863,0.010233,0.029087,-0.004795,-0.012356,-0.015729,0.009101,0.022025,0.054888,-0.002663,0.003750,0.026194,0.020358,-0.014658,-0.004263,-0.026253,-0.004744,-0.033072,0.007805,-0.013692,-0.084102,0.007838,-0.001384,0.011166,0.060253,-0.065714,-0.014610,0.038332,-0.010649,-0.002135,-0.025208,0.041798,0.003975,-0.004553,-0.003129,-0.007441,-0.019432,-0.032163,-0.014062,-0.015374,-0.018804,-0.037434,0.008062,0.003224,0.002726,0.024850,-0.003113,-0.082151,-0.015137,0.040418,0.029019,-0.007291,0.000550,0.041872,-0.005329,0.000999,0.004636,-0.019885,-0.003585,-0.000408,-0.001079
-0.001362,0.034091,-0.016037,-0.010224,0.000194,0.004688,0.012457,0.001335,0.038109,0.029016,0.004187,0.033117,0.008096,-0.005962,-0.018156,0.010117,0.007835,0.033508,0.049637,0.004697,0.020336,-0.006598,-0.010080,0.003670,0.046882,-0.014793,0.001465,0.056188,-0.009654,-0.004899,-0.011563,-0.004443,0.042515,-0.019296,-0.003521,-0.004224,-0.008792,0.056283,0.049110,-0.010495,0.039253,0.007763,-0.015481,0.000704,-0.001875,-0.017894,-0.018443,-0.007499,0.028897,-0.008323,0.020747,-0.005680,0.033037,0.049601,0.038324,0.023174,0.007347,-0.002207,-0.008283,-0.024335,0.010650,-0.002475,0.010912,-0.021323,0.007443,0.060453,0.002410,0.000866,0.040774,0.006600,-0.000652,-0.027925,-0.009678,-0.006818,0.000608,0.009519,0.012322,-0.004215,-0.037614,0.014897,0.043667,-0.020112,-0.018539,0.014694,0.053591,0.030418,0.051947,0.014682,0.002843,-0.052538,0.005358,0.015256,0.011238,-0.008005,-0.034435,0.026043,0.034131,-0.024807,0.048531,0.003620,0.009400,0.007959,-0.047104,-0.000021,0.009946,0.057056,-0.005828,0.017973,0.004497,-0.009444,0.006470,0.007941,-0.010288,-0.023972,-0.025116,0.022383,0.031625,0.021217,0.040887,-0.000640,-0.019237,0.030005,0.013055,0.002000,0.036080,0.004311,0.003686,-0.025134
0.004564,-0.000996,-0.019947,-0.007809,0.071924,-0.093465,0.003870,0.048723,0.016745,0.005253,-0.012869,-0.005516,-0.177091,-0.004923,-0.004767,0.163961,0.018645,-0.012671,0.025055,-0.008426,-0.010621,-0.000894,-0.006673,-0.007688,-0.009035,0.116759,0.005764,-0.002353,-0.019830,-0.003822,-0.004764,0.056962,-0.000408,-0.006984,0.017464,0.006185,-0.122298,0.014926,-0.015489,-0.011647,0.005552,-0.014466,0.000182,-0.005761,-0.000459,0.026079,0.011336,0.003529,-0.017792,0.014703,-0.039555,0.053023,-0.001688,0.000003,0.005492,-0.007190,0.007926,-0.008360,0.084370,-0.004282,-0.005211,-0.032695,-0.009611,0.131746,0.107336,0.017766,0.000710,0.061956,-0.006764,0.021922,0.000254,0.020966,0.016800,-0.019262,-0.247002,-0.004292,-0.001510,0.103490,0.001044,0.001204,0.017382,-0.004848,0.000677,-0.010717,0.007616,0.024017,0.015821,-0.005324,-0.002435,-0.011458,-0.003455,-0.006327,0.011585,0.003722,0.006697,0.035391,0.020517,0.018360,0.008709,0.066544,-0.011598,0.006812,0.001299,-0.012020,-0.005721,0.007850,-0.135383,-0.016929,-0.048949,0.152126,0.001767,0.056195,-0.036691,-0.001406,-0.010003,0.001181,0.000430,-0.004525,0.014267,0.094927,-0.000946,0.005917,0.007198,0.006717,0.006498,0.068971,0.209787,-0.011715
-0.036912,0.007819,-0.007059,0.028142,-0.008792,-0.018790,0.012423,0.001400,-0.035601,0.008711,0.093917,0.036191,0.045234,-0.018328,0.034756,0.021118,-0.010997,-0.010324,0.076603,0.019700,-0.049215,0.017016,-0.032996,0.084532,0.023735,-0.022210,-0.012657,0.037352,0.016939,0.012478,0.014033,-0.014142,-0.001683,-0.066851,0.036019,0.012483,0.048977,-0.003155,-0.053708,-0.012492,-0.038707,0.073290,0.027090,-0.007155,-0.033682,-0.018630,-0.021560,0.037210,-0.031183,0.074148,0.015762,-0.029351,0.018840,0.002079,-0.029905,-0.012036,0.081142,0.045870,-0.012728,-0.011339,0.013552,-0.022627,0.026535,-0.109047,-0.003826,-0.010419,0.027906,-0.004567,-0.008365,0.001154,-0.022957,0.010627,0.000018,0.073091,0.003307,0.026543,0.016833,-0.006906,-0.022220,0.026144,-0.009143,-0.024051,0.036877,0.013097,-0.047390,0.012503,-0.037448,0.029770,0.012791,0.011906,-0.021258,-0.003650,0.018325,0.020421,0.046720,-0.022450,-0.010317,0.007097,0.034156,0.008508,-0.002435,0.021777,0.007138,0.026619,0.003868,-0.000744,0.000501,-0.016561,0.116640,-0.034970,0.029149,0.011736,0.036292,0.023819,-0.019077,0.028311,0.073855,0.033361,-0.022831,-0.003582,0.073716,-0.027226,0.040490,0.005618,-0.068733,-0.014654,0.024170,0.021207
0.000057,0.014164,0.001445,0.007403,-0.006044,0.006712,0.002148,0.013512,0.030893,0.021587,-0.012490,-0.001238,0.021439,0.018238,0.011394,0.000900,-0.006877,0.002732,-0.012628,-0.002992,0.002964,-0.008573,-0.001626,-0.010848,-0.081348,-0.028005,0.007477,-0.009606,0.001738,0.004610,-0.003217,0.012348,0.000625,0.005963,0.048416,0.014550,0.029080,0.015858,0.029031,0.007812,0.044165,0.000193,0.011613,0.024861,0.012257,0.016001,-0.014955,-0.015481,0.002318,-0.027012,0.016629,-0.013022,0.017459,-0.006074,0.046479,0.017301,0.000641,0.008494,0.002450,0.031007,0.007189,-0.007910,0.025424,0.010992,-0.009826,-0.000602,0.002381,0.005450,0.024365,0.006881,0.006161,0.004553,0.004448,0.009452,-0.013360,0.004599,-0.010069,0.009476,-0.006210,0.011884,0.022793,-0.001822,-0.015516,0.004688,0.081625,0.013925,0.031054,0.029687,0.001470,-0.012943,0.021710,0.018995,-0.005230,-0.012265,0.002529,0.068501,0.013300,-0.003933,0.012129,0.002364,0.013285,0.032817,-0.017690,0.013658,0.010275,-0.027820,-0.002075,0.010095,0.027861,-0.007495,0.014048,0.003804,-0.000548,-0.008233,0.015643,0.031020,0.009008,0.014300,0.013222,-0.004827,0.007465,0.038032,0.008423,-0.025768,0.007031,0.001323,0.006300,0.023583
0.023485,0.007311,-0.021264,0.009115,0.006803,-0.000454,0.003837,0.013959,0.002337,-0.035042,0.001136,-0.011821,0.011283,-0.040948,-0.014056,0.004176,-0.012788,-0.005360,0.006770,0.081076,-0.016746,-0.005961,0.046272,-0.001435,0.010034,-0.006871,0.030820,0.050706,-0.014372,0.016644,-0.011423,-0.029918,0.004776,-0.016352,0.009313,-0.011918,-0.015283,0.036023,-0.013864,-0.002668,-0.011209,-0.006313,-0.032264,0.012506,0.013126,-0.069016,-0.015914,-0.052977,0.057840,0.001871,-0.011493,0.005069,-0.019889,-0.008022,-0.034877,-0.022046,-0.010407,0.050921,0.005960,-0.033135,0.005878,-0.013675,-0.003076,0.002748,0.015054,-0.007134,-0.030895,0.009959,-0.017029,0.025534,-0.006897,-0.050683,-0.031200,0.001112,0.022500,-0.010258,-0.019101,0.004642,-0.016208,-0.020351,0.044995,-0.017781,-0.010325,-0.019635,0.022781,-0.020564,0.002386,0.083277,-0.019939,0.004843,-0.003937,-0.011679,0.048337,0.031906,0.010676,0.006322,0.006982,-0.033800,-0.004827,0.013956,-0.013729,0.002744,0.025347,0.005266,-0.007105,0.021665,-0.013409,0.069697,-0.026051,0.007742,-0.019670,0.010801,-0.019950,-0.027447,0.002032,-0.029025,-0.035833,-0.048066,0.029058,-0.001377,0.020370,-0.012155,0.031116,0.030421,0.007236,0.000498,0.002231,0.009446
-0.055273,-0.004502,0.040086,-0.028104,0.020503,0.010832,0.005587,0.019872,0.004039,-0.002958,0.004506,0.024415,0.038699,-0.002553,-0.005705,0.019982,0.007682,0.021937,-0.031637,0.013031,0.040446,-0.012274,-0.011299,0.014064,0.088435,0.004893,-0.093306,-0.015296,-0.022526,-0.002248,-0.018476,-0.015122,0.028254,0.010537,0.009845,0.007035,0.003342,0.023763,-0.001663,0.010087,0.060737,0.005053,0.018259,0.044302,0.016153,0.002290,0.019737,0.001424,-0.005389,-0.041253,0.032783,-0.022655,0.081882,0.009361,0.092680,-0.003915,-0.039226,-0.004205,0.010174,-0.000932,0.023602,-0.016256,0.028301,-0.041923,-0.004292,0.018329,-0.022171,-0.006661,0.023594,0.037647,-0.001873,-0.005824,-0.009831,0.017341,0.004838,0.011709,0.009653,0.005003,-0.027053,-0.007364,-0.001121,-0.167049,-0.007395,-0.034132,0.029578,-0.006276,0.005801,-0.019977,-0.009571,-0.002269,-0.002029,0.027343,0.020986,-0.005825,0.025497,0.143489,-0.016829,-0.011609,0.017888,-0.001952,0.012828,0.021993,-0.027591,0.014950,0.001000,0.075066,0.002515,-0.030003,0.066091,-0.035510,-0.004495,-0.002616,-0.005133,-0.006823,0.004969,0.014004,-0.029713,-0.000659,-0.004337,-0.025603,0.028833,0.054177,0.001585,0.012108,0.019030,0.036614,0.030553,0.009295
0.018477,-0.007638,0.002581,0.024465,-0.003502,0.011329,0.014764,-0.009707,-0.034039,0.037369,0.002898,0.006705,-0.000889,0.033064,-0.002374,0.006188,-0.006213,0.036506,0.034481,-0.031219,-0.032217,0.025516,0.013262,-0.005491,-0.066761,-0.011644,0.024656,0.013059,0.008086,0.031332,0.029715,0.019116,0.021820,-0.013525,0.058307,-0.002120,0.000390,-0.000188,-0.026853,0.024030,-0.040148,-0.013635,0.029529,-0.036248,-0.019574,0.034339,0.002769,-0.012583,0.003869,0.070098,0.009452,-0.007056,0.026943,0.039176,0.015324,0.000834,0.036566,0.003027,-0.011640,0.004400,-0.034435,-0.003634,-0.025273,0.013385,0.002708,0.049587,0.011187,0.009780,0.009383,-0.010507,0.010047,0.022236,0.032417,-0.030679,0.004533,-0.003374,0.046117,-0.007304,0.004720,0.028335,0.012103,0.003737,0.035695,-0.004111,-0.013808,0.031986,-0.010294,0.069430,-0.011633,-0.004777,0.001597,0.007618,-0.014988,0.040355,-0.006494,0.050793,-0.003068,0.019927,-0.024993,-0.000171,-0.002544,0.045643,0.017175,-0.017785,-0.000346,-0.034994,-0.003169,0.033165,-0.002247,-0.006717,0.004898,0.015074,-0.002003,0.064807,0.007190,-0.023229,-0.026220,0.048837,-0.017220,-0.017222,0.027981,-0.033378,-0.020564,-0.045488,-0.032953,0.020037,0.004792,-0.010842
0.012627,-0.020762,-0.044979,0.007477,-0.004312,0.004453,0.039597,-0.007545,-0.027552,-0.024794,0.015313,-0.014286,-0.011878,0.044841,0.025934,-0.014164,-0.065592,-0.033669,0.008116,-0.016500,-0.041751,0.005669,-0.037418,-0.031929,0.054070,-0.002862,-0.026278,0.006603,0.000848,0.014546,-0.018898,0.009159,-0.034197,0.001069,0.001713,0.008199,0.021638,0.025962,0.035934,-0.031037,-0.013121,0.005920,-0.000359,0.039776,-0.008480,0.033563,-0.049189,0.057861,-0.013324,0.004006,0.013653,0.001950,-0.039598,0.038333,0.001732,0.017952,0.030131,-0.025935,0.018025,0.042048,0.035252,-0.003369,-0.018971,0.000881,-0.008250,-0.002116,0.005275,0.004999,-0.004258,-0.036678,-0.007386,-0.029436,-0.016778,-0.008276,-0.003697,0.018008,0.021710,-0.001256,-0.004226,0.047876,0.039896,-0.006207,0.004815,-0.015531,0.009750,0.079140,0.014400,0.003459,0.023476,-0.003960,0.033421,0.010358,-0.046685,-0.006255,-0.023608,0.003485,-0.013972,-0.025278,-0.003205,-0.003850,-0.020061,0.003654,-0.007526,0.005503,-0.021447,0.068100,-0.006376,-0.051247,0.016685,-0.003493,0.021223,0.001550,0.002404,0.031428,-0.003129,-0.010555,0.033920,0.049106,0.002880,-0.008199,-0.012118,-0.017719,0.019536,-0.025626,-0.035332,-0.014567,-0.001933,-0.011809
0.003654,0.010290,-0.004422,0.007674,0.033295,0.062282,-0.008545,-0.013195,-0.009273,0.029050,-0.002411,-0.008541,-0.018426,-0.002098,-0.001185,-0.145607,0.004524,0.032779,-0.006388,0.003822,0.010776,-0.003138,0.008008,0.008243,0.051716,0.003591,0.016052,-0.075273,-0.073760,-0.006804,-0.003159,-0.090334,0.010087,0.010944,-0.012551,-0.114397,0.021523,-0.000262,0.001601,-0.010319,-0.008916,-0.005449,0.008171,0.003793,-0.005410,0.016235,0.028137,0.006139,0.003865,0.024690,0.113675,-0.047486,0.018758,-0.008446,-0.009683,-0.001723,0.014875,-0.007270,-0.052533,-0.001909,0.001582,0.128765,0.000075,-0.069063,-0.005521,0.010919,0.001928,0.069445,0.020653,-0.012374,0.233236,0.014031,0.010129,-0.000586,-0.165196,-0.009854,-0.011178,0.030550,0.002559,0.002942,0.010444,0.012463,-0.008831,-0.002986,-0.010753,-0.009792,-0.013452,0.049730,-0.002087,-0.011029,0.006490,-0.005186,0.008760,-0.002694,0.020351,-0.015220,-0.004400,0.005820,-0.017147,-0.004060,0.000556,-0.002859,0.005809,-0.010008,-0.006076,0.025300,0.347927,0.016557,0.053999,-0.056520,0.005314,0.057844,0.087870,-0.007289,0.011775,-0.009407,-0.005128,0.000401,-0.006827,0.186231,0.005458,-0.006952,0.006159,0.012907,0.000261,-0.135827,-0.018882,-0.003254
0.021619,0.005581,0.006016,0.034055,0.002485,-0.012624,-0.001917,-0.007863,0.009726,-0.029331,-0.036192,-0.048287,0.024913,-0.014216,0.005632,-0.009857,0.000991,0.080474,-0.032914,0.056994,0.004596,-0.018300,0.005243,-0.014403,0.014441,-0.010062,0.026374,0.009824,-0.021545,0.001976,0.025101,-0.011001,0.015180,0.054651,0.032308,0.027778,0.040882,-0.001240,-0.123657,0.002922,0.017949,-0.031406,-0.024719,-0.021083,0.007730,-0.027049,-0.000339,-0.016568,-0.066336,-0.000715,0.033581,-0.010611,0.116701,-0.033282,-0.027106,-0.045611,-0.005433,-0.024445,0.031946,0.031987,0.006916,-0.000509,-0.015987,0.026926,-0.002073,0.000341,-0.006022,-0.009374,-0.024985,0.010712,0.019459,0.012849,0.009116,-0.022847,0.016718,-0.013652,-0.018864,0.007605,0.000028,-0.027618,0.024246,0.015853,0.000295,-0.008422,0.023431,-0.019465,0.014450,0.053591,0.002995,0.021463,0.019297,0.030761,0.062788,-0.007414,0.079065,0.052982,-0.010577,0.009479,0.008237,0.001709,-0.019744,0.036418,-0.007648,0.010372,0.003812,-0.004899,-0.008701,-0.032344,0.022128,-0.023661,-0.003153,0.003746,-0.016017,-0.027279,0.049845,-0.008715,-0.001919,-0.033364,0.001106,-0.029221,0.050834,0.011290,-0.010606,0.022555,0.017056,0.001970,0.017077,0.015652
-0.024858,-0.005683,0.014485,0.002650,-0.010640,0.020094,0.005272,-0.031205,0.002106,-0.004913,0.015931,0.003478,0.019010,0.005492,0.020519,-0.023946,-0.012148,-0.008104,0.007472,-0.003025,0.009933,0.002165,0.002202,0.018240,0.005583,0.014564,-0.017454,0.010471,0.015573,0.015030,0.021759,-0.042327,0.000757,-0.032086,-0.008771,-0.022049,-0.008062,-0.010374,-0.030615,0.016780,0.020531,0.014340,0.004458,0.008949,0.001917,-0.010049,0.009116,0.002611,-0.008195,-0.004033,0.000575,0.020418,0.001313,0.008550,0.022572,0.012445,0.006739,0.013696,-0.083148,0.016808,-0.002624,0.020983,0.010731,0.034433,0.032213,-0.002492,0.001433,0.031608,0.005263,0.002254,0.002089,-0.006683,-0.005008,0.021385,0.046142,0.006756,0.015575,-0.035468,0.011821,-0.000336,-0.006827,-0.019467,0.014358,0.027064,-0.000952,-0.012006,-0.005143,-0.056506,0.003842,0.015694,0.015307,0.011075,0.014969,0.014831,0.006762,0.002950,-0.007288,0.001313,0.002797,0.704590,0.002229,-0.006265,-0.000642,0.019312,0.010626,0.006136,0.058589,-0.006330,-0.057695,0.030581,0.006535,-0.006695,0.017118,0.008266,-0.027082,0.011338,0.007612,0.002652,-0.000465,-0.016727,0.013361,0.011877,0.000962,-0.010148,-0.002147,-0.024752,-0.066627,0.016814
0.003397,0.019997,0.057738,0.005100,-0.000598,-0.018227,0.040553,0.004123,0.005869,0.043839,0.041462,0.047713,-0.042103,-0.033737,0.049430,-0.016490,-0.045830,-0.014238,0.029358,0.015648,0.068579,0.008267,-0.003114,-0.015858,0.046509,0.026362,-0.035866,-0.015872,-0.013676,0.001118,-0.012165,-0.016036,-0.010050,-0.034033,-0.024308,0.006260,-0.082603,-0.040329,-0.026828,0.056455,-0.037364,-0.006581,0.090181,-0.049983,-0.024819,0.000944,0.000540,0.074838,0.028149,-0.013444,-0.023255,0.014260,-0.047396,-0.006901,-0.043023,0.026320,-0.020971,0.007583,0.000047,-0.033052,-0.004052,-0.007304,-0.030666,-0.014283,0.019585,-0.019435,-0.014009,0.038596,-0.012338,-0.002090,0.004598,-0.075017,-0.037412,-0.009563,0.028776,0.080218,0.026600,0.015342,-0.010956,0.009222,-0.056292,-0.036184,0.028136,0.016652,0.009456,-0.008429,0.027580,-0.036979,-0.003714,0.018601,0.020235,0.031168,-0.036122,0.001584,0.009005,-0.020341,0.007323,-0.030346,-0.005113,-0.002511,0.033795,-0.020724,0.008592,-0.014308,0.052624,0.008185,-0.005971,0.075672,-0.041111,0.018835,0.018771,0.009331,-0.012081,-0.013521,-0.010558,-0.035684,-0.026776,0.043437,-0.005606,0.017572,0.002105,-0.033713,-0.034369,0.056318,0.041195,-0.014184,0.009412,0.039581
-0.001305,0.014268,-0.004425,0.013942,-0.141689,0.073672,-0.001401,0.129308,-0.000054,0.006338,0.013515,0.004428,0.097946,-0.003203,0.003889,0.013762,0.002432,-0.002986,0.026805,0.002537,0.005419,-0.014265,0.003119,0.008202,0.000381,0.182518,0.016769,0.024074,-0.039095,-0.018787,0.017055,0.200204,0.003673,0.000753,-0.007541,-0.045399,-0.086924,0.012742,0.001308,-0.000062,-0.007096,0.001655,0.003178,0.006087,-0.001896,0.002222,0.013269,0.003956,-0.010073,0.007875,0.023483,0.013753,-0.017665,-0.010219,-0.008506,-0.003139,0.013555,-0.007418,-0.083587,0.002995,0.013205,-0.284450,0.000242,0.087586,-0.070706,0.001854,-0.004767,0.114735,0.011615,-0.007647,-0.125490,0.002183,0.002920,0.007041,0.155053,-0.001300,-0.012768,0.113834,0.002106,0.002317,0.009362,0.028334,-0.015525,0.004277,0.001518,0.009449,0.003098,0.032246,0.003662,-0.004952,-0.001322,0.002560,0.004527,-0.010057,0.029323,-0.018595,0.009375,-0.004149,-0.001982,-0.044554,-0.007372,-0.001926,-0.001169,-0.002937,-0.013541,-0.004539,0.249731,-0.003827,0.045174,-0.036340,0.005093,0.163472,0.137967,-0.010567,-0.007406,-0.002221,0.006060,-0.002541,0.008885,-0.021849,0.018304,-0.008674,0.004997,0.003489,0.010494,0.068910,0.043778,-0.010543
-0.001637,0.002424,0.001508,-0.020738,-0.142719,-0.056747,0.009566,-0.173542,-0.009896,-0.012926,-0.017875,-0.011087,0.031161,-0.001079,-0.021844,-0.145130,-0.007125,-0.004333,-0.015947,0.003044,0.016077,0.018108,-0.002063,-0.009356,0.059390,-0.171685,0.004378,0.032953,0.172548,0.018857,-0.019015,-0.021589,-0.001575,0.004793,0.038525,-0.108963,0.096959,-0.008934,-0.008997,-0.004427,-0.004053,-0.006706,-0.015740,0.002159,0.003234,-0.011342,0.029344,-0.014967,-0.008028,-0.010221,-0.015507,-0.026153,-0.000339,0.015364,-0.001081,0.015468,-0.009896,-0.006243,0.048031,0.003519,-0.016279,-0.015269,-0.004651,-0.099332,0.155448,0.003486,0.000755,0.117200,-0.008046,-0.006477,-0.154479,-0.006075,-0.001987,-0.008119,-0.004168,0.000401,0.012572,0.197700,0.012947,-0.005937,-0.006022,-0.001538,0.013540,-0.001946,-0.007644,-0.004463,-0.009351,-0.009014,-0.016264,0.004840,0.012411,-0.003597,-0.001858,0.009928,-0.034240,0.003462,-0.014527,0.004212,-0.004493,0.017079,0.019649,0.029739,0.003190,0.004376,0.021927,0.032565,0.131269,-0.013405,-0.053229,0.054767,-0.023542,0.226390,0.085753,0.008376,0.015778,-0.009283,-0.018590,-0.008428,-0.011803,0.198893,-0.033724,-0.004775,-0.017714,0.000915,0.007197,0.074797,0.277300,0.007950
0.018312,0.016770,0.020085,-0.030098,-0.010816,0.009580,-0.032714,-0.005438,-0.010796,0.036902,-0.015075,-0.050970,-0.043946,-0.027220,0.038036,-0.007578,-0.035544,0.001231,-0.075517,-0.039850,-0.011006,0.013136,-0.014022,0.010752,-0.007180,0.012989,-0.001091,0.014448,0.020300,0.040494,-0.062933,0.033726,0.046516,0.018412,-0.059973,0.008708,-0.027050,-0.066284,0.000558,-0.032451,0.041575,0.012605,-0.005919,0.015449,0.014254,-0.008622,-0.056519,0.074534,0.056292,-0.026215,-0.020756,0.021643,0.008373,0.008878,0.015302,-0.002956,-0.040687,0.124597,-0.024799,0.045418,-0.025890,0.028591,0.015820,0.054976,0.003048,0.006230,0.000573,-0.010615,0.027996,-0.040662,-0.031812,-0.049091,-0.041431,0.024054,-0.000780,0.016001,-0.019625,0.008182,-0.017036,-0.008838,-0.024273,-0.009696,0.026983,0.078433,0.090855,-0.067455,0.037144,-0.020042,-0.017811,-0.004136,0.031566,-0.044910,0.035960,0.020053,-0.060247,0.058741,-0.010130,-0.030024,-0.015664,-0.021466,0.039316,-0.033536,0.039944,0.053646,0.000220,0.011135,0.012996,0.011839,0.024161,0.020162,-0.011583,0.013883,-0.025779,0.013094,0.041930,0.019988,0.007814,0.016249,0.015440,0.049065,-0.060598,0.024255,0.018286,0.063677,-0.027399,-0.019321,-0.046963,0.019137
-0.032238,0.014624,0.005394,-0.000847,0.084614,0.183558,0.006727,0.026328,0.011876,0.000189,0.028847,0.044824,0.013396,-0.014178,0.057019,-0.081224,0.035929,-0.022092,0.028283,0.011769,0.004184,0.019031,-0.013634,0.009433,-0.027449,-0.011471,-0.018044,0.012154,-0.058954,0.020336,-0.003973,0.043339,0.011605,-0.031643,0.026718,0.088908,0.006743,-0.029949,-0.046370,-0.026299,-0.031671,0.021477,0.037114,-0.059750,0.029654,-0.014616,0.014551,0.040664,-0.041002,0.012150,0.086921,0.045717,-0.032457,0.037716,-0.059345,0.009627,-0.004172,0.072115,-0.147707,-0.045608,-0.018031,-0.076453,-0.005442,-0.033707,-0.102540,0.006693,-0.005468,0.131099,-0.022103,-0.027623,0.027779,0.027109,0.016871,0.002328,-0.024681,0.076465,0.062670,0.036704,-0.016537,-0.042653,-0.036611,-0.013585,0.048168,0.022857,-0.028854,-0.081520,-0.009108,0.001158,0.005694,0.037837,-0.006391,-0.004975,0.011132,0.026349,0.010802,-0.035434,0.010103,0.023958,0.037808,-0.016759,0.017199,0.018677,0.021119,0.021125,0.011602,-0.041008,-0.089431,-0.035372,0.013203,-0.033484,0.027105,-0.039993,-0.170113,0.041147,-0.030997,-0.018291,0.015752,0.021845,0.002195,0.161633,0.019508,-0.035598,0.008891,-0.005340,0.030887,0.069949,0.024753,0.000571
-0.007990,-0.048468,-0.007270,0.075907,-0.014936,-0.004430,0.051877,-0.002071,0.005273,0.009985,-0.000352,-0.019729,0.031115,0.012193,-0.002275,0.012919,-0.031236,0.003975,0.038318,0.027055,0.002163,0.006408,0.009980,-0.022155,0.039830,-0.014964,0.017315,0.000777,-0.006979,0.005384,0.085772,-0.006373,0.003322,0.038133,0.016420,0.006077,0.029270,0.003711,-0.043969,-0.002381,-0.035147,0.003933,0.013110,-0.012045,-0.013138,0.001070,0.028397,0.023450,-0.038756,0.058977,0.072689,-0.017695,0.038154,0.002774,-0.045216,0.023295,0.055797,-0.006848,-0.002817,-0.007259,0.009844,-0.013449,-0.038360,-0.022046,-0.011991,0.040608,0.006503,-0.012070,0.013827,0.018478,0.004349,0.032487,0.019210,-0.014579,0.002459,0.029006,0.005725,-0.001449,0.030387,0.030100,0.037799,0.013592,0.007369,0.010022,-0.030496,0.033824,0.012174,0.049963,-0.002321,0.008932,0.016823,0.023214,-0.000545,0.010051,0.121672,-0.016318,0.008030,0.014129,0.032281,-0.007885,-0.020322,0.010778,0.009012,-0.003005,-0.003562,0.033366,-0.016109,-0.017829,0.032786,-0.018933,0.006226,0.009094,-0.014315,0.002235,0.000926,-0.023953,0.034579,0.000087,0.023306,-0.016925,0.125797,-0.044074,-0.006957,0.030577,-0.035482,-0.006168,0.031577,0.007174
0.003419,0.003217,-0.003638,-0.010800,0.129950,0.304528,0.006290,-0.177505,0.005728,0.006518,-0.008514,-0.004845,0.239180,-0.005595,-0.017840,-0.023705,0.005239,0.010843,0.014126,-0.014459,-0.001543,-0.006818,-0.005447,-0.014051,-0.001864,0.146003,-0.008779,-0.031013,-0.034351,-0.011720,-0.008851,0.067873,-0.001783,-0.012270,0.008374,0.026338,0.033050,0.016488,-0.000145,0.002125,0.002923,-0.018437,-0.003897,0.016588,-0.009017,0.008018,-0.002731,0.004992,-0.003228,0.000025,-0.041101,0.033729,0.004627,-0.004048,0.009097,0.002209,-0.012247,-0.005810,0.145939,0.008539,0.000049,-0.020239,-0.010984,0.121269,-0.177711,0.004194,-0.004057,-0.241792,0.008409,0.005199,0.002933,0.013279,0.004793,-0.014771,0.053665,-0.013850,-0.003269,-0.034393,0.003110,0.009950,0.007886,-0.007343,-0.014626,-0.016013,0.012842,0.020638,0.018195,-0.002245,0.003484,-0.001410,-0.000027,-0.001809,-0.000546,-0.002978,-0.015880,0.012964,0.007508,0.005890,-0.009765,0.033866,-0.009510,0.003999,-0.003169,-0.014447,-0.008145,0.007194,-0.011369,0.000801,-0.066896,-0.017744,-0.014038,-0.083032,0.112925,-0.009802,-0.003616,-0.007510,-0.020371,-0.010512,0.007419,0.346806,-0.017184,0.003417,-0.005860,0.003595,-0.006237,0.088431,0.020366,-0.010170
0.018008,-0.004072,0.065212,0.007091,-0.003789,0.000859,0.003289,-0.005716,-0.007963,-0.007729,-0.002006,0.001832,-0.005144,0.023619,-0.011822,-0.012700,-0.010139,-0.049345,-0.015698,0.018966,0.053123,0.020154,0.039310,-0.002962,0.133735,0.001024,0.000617,0.021701,0.001432,0.005630,0.024227,-0.030177,-0.023294,-0.048327,-0.000076,-0.006611,-0.004240,0.009329,-0.045974,0.075319,0.020955,0.018186,0.011450,-0.009269,0.042118,0.004932,-0.012137,0.010032,0.012217,0.003158,0.015523,-0.008090,-0.052800,-0.004710,-0.018144,0.004662,0.005465,-0.006067,0.001070,-0.024948,0.029171,0.015313,0.002907,0.014911,0.011842,-0.023667,0.008972,-0.010952,-0.017867,0.012974,0.005290,0.004655,0.006823,0.008683,0.009421,0.012167,0.010426,0.013317,-0.001987,0.014925,-0.019032,0.011120,0.013141,-0.004268,-0.010695,-0.013797,-0.020968,0.003153,0.012002,0.002286,0.005604,0.056462,-0.024223,-0.017540,0.008136,-0.013852,-0.010010,0.004053,0.019638,0.012765,0.025537,-0.015406,0.006295,0.009528,0.035648,0.081460,-0.005673,0.024357,-0.033754,0.006656,-0.000523,-0.007186,-0.025668,0.012489,-0.067372,0.006168,0.022698,0.026393,-0.012120,-0.005240,0.022598,0.008431,0.010912,0.001078,0.035644,-0.001583,-0.011637,0.015498
0.042915,-0.009070,0.015809,-0.005742,-0.002527,0.003324,0.008840,0.009576,-0.009924,0.026108,0.003981,-0.016822,0.032000,0.018383,0.011192,-0.006489,0.006261,-0.005631,-0.045664,0.008422,0.031267,-0.031256,-0.007249,-0.006701,-0.075445,-0.012349,0.004598,-0.005434,0.000376,-0.022776,-0.023822,0.010010,-0.036896,0.011960,0.004620,0.020956,0.021595,0.010466,0.029220,0.001149,0.030233,0.008728,0.033141,0.064092,0.035494,0.008741,0.004513,0.008069,-0.001009,-0.016410,0.019884,-0.011958,-0.022323,-0.026811,-0.003761,0.023565,-0.003519,-0.021819,-0.000258,0.022208,0.043396,-0.005802,0.006935,-0.000650,-0.007941,0.000501,-0.031909,0.000195,-0.007851,0.020676,0.000867,-0.007333,-0.006590,0.029073,-0.004169,0.044248,-0.004059,0.021661,-0.003052,-0.018023,0.007016,0.019700,-0.028777,0.029153,0.017880,-0.062269,-0.014850,0.075588,0.002594,0.004103,0.024790,0.007866,-0.016256,-0.016262,-0.001104,-0.030557,0.002209,-0.018934,-0.001617,0.016614,0.006791,0.011835,0.001070,0.004572,-0.029006,-0.022213,-0.007871,0.010027,0.047251,-0.003158,0.004104,-0.000048,0.003894,-0.023494,0.007141,0.021813,0.021039,-0.017762,-0.015117,-0.008330,0.000740,0.009513,0.032237,-0.001415,-0.000277,-0.005325,0.018841,-0.006397
0.015500,-0.001552,0.012325,0.023121,0.007900,0.002943,-0.003263,0.015701,0.020208,0.012732,-0.010361,-0.002402,0.017101,-0.004338,-0.029811,0.003860,0.029356,0.005864,0.009246,-0.005544,0.056892,-0.016300,0.009192,0.003917,0.009267,-0.010040,-0.018562,0.014847,-0.006855,-0.029227,0.009247,0.002758,0.004348,-0.025084,-0.022879,0.005009,0.007367,0.021392,0.015714,0.007607,0.040414,0.016246,-0.005677,0.013890,0.030859,-0.014157,-0.019043,-0.035410,0.039838,-0.010170,0.004246,-0.005998,-0.029073,-0.024052,-0.009845,0.006596,0.018625,0.017284,-0.005023,-0.006476,0.026871,0.007011,0.034775,0.011993,-0.000741,-0.007226,0.008163,-0.000648,0.012061,0.002261,0.003654,0.027482,0.012461,0.033822,-0.004893,-0.020103,-0.019196,0.005590,-0.010154,-0.004862,0.007976,-0.019939,-0.027268,0.006042,0.009927,-0.010504,0.000174,0.025919,0.011463,0.003000,-0.026465,0.001883,0.030597,-0.026173,-0.021953,0.001449,0.027375,0.016605,-0.009715,0.002870,0.026626,-0.011054,-0.009699,0.008181,-0.002573,0.013199,0.000536,0.012609,0.012355,-0.009443,0.005368,0.004393,-0.020209,-0.012326,-0.003757,0.041246,0.046597,-0.026503,0.021986,-0.001673,-0.006045,0.024609,0.048916,0.029946,0.021992,0.005540,0.008074,0.002608
0.022801,-0.040924,0.046494,0.003793,0.010921,-0.005274,0.007168,0.008190,-0.017286,0.008440,0.024769,0.012441,-0.004117,0.038465,0.018974,-0.015141,0.024423,0.028798,0.015908,-0.015932,0.004059,0.034667,0.020517,0.005836,-0.061799,-0.016276,-0.004149,-0.020830,0.019016,0.037811,0.015528,0.004279,-0.000698,0.009167,0.054504,0.002905,-0.000463,-0.009645,-0.006980,0.047180,-0.032842,-0.005484,0.057268,-0.046477,-0.057287,0.035561,0.015304,-0.017724,-0.012591,0.055494,-0.012811,-0.012204,0.025264,0.001174,0.002149,-0.012218,0.033864,0.002784,0.014574,0.007107,-0.033878,-0.008583,-0.025408,0.007897,0.006226,0.007010,0.000884,0.006497,-0.033122,-0.019813,0.007782,0.002433,-0.007862,-0.019578,0.008688,0.000097,0.033814,0.011388,0.017139,0.002782,0.010272,-0.022356,0.046699,0.015296,-0.032465,0.013060,-0.011566,0.042850,-0.011363,0.029138,-0.015551,0.024091,0.010127,0.020299,0.003285,0.015463,0.004484,0.005549,-0.010452,0.002933,0.005128,0.055978,0.071306,-0.004108,-0.011800,-0.048706,0.005527,0.002800,-0.025769,-0.002704,0.029770,0.009360,-0.015505,0.056458,0.043232,-0.022827,0.003038,0.012494,-0.021969,0.005556,0.000907,-0.034519,0.009321,-0.063946,-0.039333,0.011463,-0.002995,0.000212
-0.000584,-0.007784,0.013239,0.002601,-0.001161,-0.037693,0.006161,-0.048991,-0.008778,-0.002393,0.002594,0.004797,0.039222,0.020194,-0.001239,0.123496,-0.007264,-0.013522,-0.013502,0.007338,0.007887,0.015368,-0.006225,0.019020,0.088667,-0.058149,0.009662,-0.045210,0.033724,0.023185,0.008350,0.008188,0.001122,-0.028926,0.019754,0.058404,0.065848,0.001640,-0.017563,0.011434,0.023448,0.024353,-0.010511,0.009573,0.016950,0.021302,0.037594,0.000178,-0.007161,0.010888,-0.230875,0.035099,-0.008335,0.016107,0.024126,0.013288,0.023123,0.023023,0.018673,0.013090,0.012290,0.173609,0.019717,0.046900,-0.117873,-0.002752,0.009216,-0.044524,0.000718,0.005115,0.068039,0.014146,0.013428,0.019371,-0.007905,-0.009546,0.015689,0.117958,0.012605,0.011795,0.010183,0.016287,0.020307,0.032621,-0.000760,0.014510,-0.009850,0.027805,0.006603,0.005142,0.015100,0.013818,0.005389,0.019712,-0.006548,-0.007579,-0.010075,0.005160,0.012134,-0.013360,0.014046,0.022079,-0.002800,0.025319,0.017898,0.043790,-0.100849,0.005505,0.004962,0.017995,0.002113,0.117586,-0.139553,0.021477,-0.012628,0.023262,0.036294,0.014523,-0.002962,0.057136,0.013575,0.014789,0.005912,-0.001295,-0.000186,0.074080,0.138296,0.016197
0.003309,-0.024111,0.040787,0.003795,0.002482,-0.005985,-0.021553,-0.004381,0.002043,-0.045472,0.003442,-0.013775,-0.006052,0.012826,-0.007250,-0.005449,0.011943,-0.075586,0.009017,0.042098,0.060124,0.000552,0.039642,0.025232,0.098984,0.006026,0.012202,-0.004614,0.004169,-0.013925,-0.015273,-0.013931,-0.017873,-0.018026,-0.035268,0.005249,0.001544,0.019311,-0.026730,0.034079,0.028105,0.015722,-0.032682,-0.004004,-0.011806,-0.035682,-0.013879,0.009825,0.025118,-0.004280,0.021571,-0.000140,-0.064157,-0.024190,-0.009640,-0.021843,0.007533,0.005416,0.001563,-0.014850,0.028886,0.010972,0.032306,0.014851,0.013179,-0.045689,-0.005427,0.006610,-0.016177,-0.003332,-0.002252,0.003565,0.012520,0.035660,0.000153,-0.005245,-0.015592,0.009386,-0.001133,0.000746,0.001031,0.013589,-0.008773,0.008138,0.002989,-0.011243,-0.013705,-0.013867,0.004318,0.027625,-0.013601,0.031767,0.007435,-0.012793,0.014385,-0.032972,0.018556,0.012893,-0.007963,0.006685,-0.001020,-0.030070,0.025472,0.018091,0.004087,0.034561,-0.011005,0.021868,-0.022181,0.000062,0.008190,-0.005836,-0.015562,0.003948,-0.037892,0.029887,0.023388,-0.038343,0.016267,-0.000854,0.015088,0.017799,0.046046,0.011969,0.020274,-0.000062,-0.004561,0.002853
0.003266,0.048524,-0.007994,-0.007549,-0.007986,-0.007784,0.008805,0.001820,0.061417,-0.040566,-0.030981,0.003212,-0.016551,0.028078,-0.004326,-0.000092,-0.010167,0.050036,-0.003022,0.003464,0.016242,-0.012676,0.053153,-0.018299,0.031991,0.019401,0.030709,0.021011,0.004730,0.004862,0.034037,-0.015170,-0.097155,0.001665,0.033296,0.003113,-0.011124,0.030443,0.002865,0.047086,-0.033417,-0.012150,-0.035884,0.013344,0.090547,0.023959,0.004745,-0.025751,0.037119,0.011560,0.008125,0.006158,0.067915,0.003583,-0.064278,0.001570,-0.017350,-0.025239,0.002784,-0.027125,0.022971,0.004183,-0.026528,0.061806,-0.004807,0.029576,0.001743,-0.003118,-0.043083,-0.001419,-0.008359,-0.001388,-0.001535,-0.023287,0.000435,-0.039401,0.003320,0.002731,0.025949,-0.014354,0.011088,0.050406,-0.003115,-0.005782,0.032741,-0.024685,0.043436,-0.024464,0.014578,0.000632,0.038084,0.024932,-0.060584,0.008260,0.031458,-0.083413,0.046640,-0.008570,0.052849,0.015996,0.007867,0.025933,-0.005386,-0.013168,-0.005558,0.004214,0.018266,0.002991,-0.064984,0.005955,0.000866,-0.011037,0.006753,0.008392,-0.058181,-0.017555,0.001085,-0.002966,0.053909,0.015181,0.022578,-0.044145,0.010471,-0.010738,0.052726,0.000424,-0.021416,0.016780
-0.027482,-0.031019,-0.004318,0.068806,-0.019810,-0.007225,0.029796,0.004098,0.002716,0.015174,-0.011660,-0.031597,0.022219,0.012774,-0.009617,0.005104,-0.025258,0.013701,0.020281,0.010742,-0.004122,0.012393,0.010582,-0.016916,0.010328,-0.027964,0.004379,-0.013705,-0.002552,0.008638,0.089463,0.024705,-0.005398,0.061738,0.018656,0.011795,0.041815,0.010191,0.011425,0.013422,0.003830,-0.012085,-0.004382,0.021088,-0.008752,0.021200,0.024052,0.001252,-0.025377,0.035279,0.075543,-0.013633,0.049795,0.015011,-0.025198,0.019401,0.050999,-0.010607,0.001570,0.019453,-0.001166,-0.015024,-0.016863,0.000227,-0.022919,0.042095,0.007081,-0.004230,0.020518,-0.004131,0.014871,0.012700,0.014176,-0.017417,-0.016630,0.009385,-0.003404,-0.009352,0.030762,0.016993,0.025347,0.010019,0.005108,0.004924,0.006968,0.025240,0.011310,0.040606,0.002148,-0.001195,0.024849,0.001005,0.015442,0.005366,0.098614,0.003408,0.005713,0.026756,0.011976,-0.002888,-0.000934,0.014555,0.013673,0.007545,0.017296,0.027334,-0.010125,-0.012179,0.005410,-0.017381,-0.011492,0.015684,-0.002847,0.012053,0.036772,0.002141,0.023812,0.000099,0.022473,-0.012340,0.121403,-0.005325,-0.013728,0.024087,-0.028461,-0.001858,0.006287,0.015618
0.071023,0.006113,0.015068,-0.033317,-0.007179,0.012806,-0.036686,-0.026726,0.033128,0.000718,0.003225,0.022943,-0.017966,-0.007917,0.043722,-0.003767,0.019468,-0.015852,0.009165,0.019134,0.010487,0.015130,0.008274,0.033155,0.066045,0.013889,0.176413,-0.014016,0.037194,0.036320,-0.016720,0.055707,0.052977,0.006477,0.008247,-0.002035,0.048009,-0.018888,-0.009729,-0.025631,0.045234,0.042904,0.002235,-0.050954,-0.044764,0.006687,0.019228,-0.037199,-0.049018,0.017764,-0.019399,0.021569,-0.020841,0.003787,0.048183,-0.001492,-0.021243,0.081025,0.009975,-0.016830,-0.035399,-0.014410,0.033191,0.047641,-0.018593,-0.000545,-0.021968,0.008012,0.045977,-0.013101,-0.022906,0.016848,0.011767,0.035889,-0.035558,-0.030199,0.029258,-0.009440,-0.003884,-0.032136,0.001954,0.241511,0.037525,0.211847,0.043114,-0.030575,0.023580,0.039666,-0.037035,0.000660,0.013410,-0.011323,-0.021096,0.037390,-0.027867,-0.184220,0.031958,0.001458,0.056826,-0.026535,0.025772,0.003351,0.030397,0.055695,0.021944,-0.004867,0.004054,0.006207,0.072935,-0.002065,0.019701,-0.015682,0.023032,-0.005647,-0.026197,0.042086,0.096416,-0.027997,0.025223,-0.029193,-0.039062,0.033493,0.047158,-0.034097,0.053881,0.007271,0.006491,-0.000712
0.057409,0.012715,-0.039933,0.038830,0.002173,0.006231,0.002557,0.045618,0.005428,0.042928,0.025749,-0.026994,0.009468,-0.028565,0.000289,-0.002941,-0.008247,0.010283,0.017931,0.030829,-0.016977,-0.011678,0.066392,0.008167,-0.020174,0.004763,-0.028388,0.018432,0.012705,-0.000420,0.031279,0.012211,0.008892,-0.003016,-0.000253,0.004128,-0.009177,0.005340,-0.046681,0.006610,0.010231,0.011614,0.004389,0.055440,0.014482,-0.075563,-0.021490,0.002159,0.026925,0.040736,0.007684,-0.017374,0.004565,-0.005851,-0.092345,-0.000652,0.045917,0.025245,0.010317,-0.010382,0.039100,-0.000871,0.016224,0.004231,-0.001312,0.042718,-0.014090,-0.032131,-0.031821,0.035528,-0.005686,-0.019991,-0.026990,0.032884,0.014652,0.036841,-0.026113,0.007019,-0.025530,0.006846,0.034441,-0.049762,-0.021274,-0.048675,0.007755,-0.003770,0.008756,0.005144,0.039227,-0.004995,-0.022971,0.014345,0.045509,0.000180,0.039515,-0.022575,0.013819,-0.021185,0.029762,0.008417,-0.004548,-0.004799,-0.024533,0.007658,0.020713,0.052242,-0.015235,-0.011844,-0.032753,-0.008014,-0.002961,0.018895,-0.002583,-0.053151,-0.012162,0.013149,0.040595,-0.011602,0.019327,-0.017012,0.073822,-0.023439,0.064935,0.043996,-0.009481,0.026228,0.030459,0.012654
0.007883,0.001852,-0.006320,-0.011863,0.031303,0.032625,0.008515,0.144760,0.002776,0.008055,-0.003739,0.016222,-0.186257,0.005956,-0.006353,0.143427,0.009628,0.019502,0.014766,-0.017434,-0.004701,0.008546,-0.007408,-0.006020,-0.057160,-0.016796,-0.011490,0.016079,-0.003979,0.007779,-0.015216,-0.168623,0.012100,-0.010028,-0.007790,-0.067837,-0.023685,-0.003042,-0.029772,-0.012394,0.001322,-0.004482,0.008155,-0.000540,0.020120,0.027874,-0.033786,0.014012,-0.034034,0.010881,0.182354,0.049091,0.031326,0.027434,0.004733,0.004909,-0.005433,0.015514,0.173494,-0.014939,0.003690,0.075124,-0.012022,0.031551,-0.013705,0.018543,0.001554,0.093103,-0.001150,0.006971,-0.211522,0.021944,0.017567,-0.015066,0.115082,0.007127,0.021207,0.001528,-0.017822,-0.000478,-0.005141,-0.005262,0.013304,-0.002901,0.007009,0.001874,0.020290,0.006703,0.000919,-0.009059,-0.013418,-0.002540,-0.006512,0.011455,-0.006253,0.003262,0.006943,0.018024,0.013128,-0.000127,0.009020,-0.014943,-0.003718,-0.001005,-0.001113,-0.027480,0.027868,-0.032552,0.021582,-0.030010,-0.004290,0.035256,0.231106,0.020899,-0.004780,0.007285,0.005979,0.007191,0.009152,0.030536,-0.015038,0.000004,-0.005847,-0.003007,0.000988,0.030101,-0.143848,-0.019634
-0.004871,0.027977,-0.013587,0.029153,-0.013137,0.011103,0.005510,-0.011738,0.028843,0.012987,-0.024387,0.005163,-0.010230,0.005270,-0.004854,0.003790,0.005411,-0.025731,0.009819,-0.017007,-0.022391,0.018254,0.003508,0.007240,-0.088074,-0.010840,-0.007997,-0.002056,0.018519,0.025117,0.026757,0.032766,0.024511,0.013152,0.069582,0.010260,0.029079,0.015227,-0.025047,-0.013128,0.042368,-0.012375,-0.020659,0.026694,-0.031038,0.009118,0.001379,-0.024588,-0.003967,-0.034684,0.007470,0.002947,-0.018553,0.032393,0.053780,0.018443,0.029207,-0.011302,-0.000346,0.033045,-0.021576,-0.010450,0.014634,0.007993,-0.011402,0.034462,-0.001123,0.009190,0.025603,0.025567,0.010988,0.004846,0.006163,0.008271,-0.014784,-0.026232,0.015936,-0.013676,0.007810,0.003291,0.025370,-0.022957,0.015845,-0.012435,0.075021,0.027148,0.055263,0.006209,-0.002937,-0.012191,0.029335,-0.018106,-0.013682,0.009085,0.021081,0.046485,0.027721,0.013023,0.023386,-0.000929,0.008724,0.057581,-0.008859,-0.000856,0.025235,-0.026742,-0.000778,-0.002915,0.008894,0.002181,-0.004414,0.003139,0.026440,0.004607,-0.006357,0.034774,0.007510,-0.001877,0.030057,-0.000808,0.046599,0.043210,0.000512,-0.012305,0.008299,-0.008340,-0.012713,0.000034
-0.067476,0.005442,0.008071,-0.012990,0.004708,-0.007991,-0.014122,0.001181,0.025317,0.000705,0.044014,0.034664,-0.020283,0.041036,0.053879,-0.012178,-0.012799,-0.054355,-0.024479,0.011861,-0.019836,0.013212,-0.015282,0.015718,-0.005916,0.018100,-0.021391,-0.036816,-0.001585,0.007248,0.022472,0.002971,0.021262,0.045404,0.031638,-0.005087,-0.003931,-0.000719,0.023813,-0.026223,0.024012,0.031376,-0.002328,-0.013433,-0.042640,0.004578,0.017588,0.023840,-0.055718,-0.002304,-0.012366,0.001150,-0.031936,0.020412,0.024091,0.008558,0.010033,-0.039217,0.017970,-0.036355,0.024038,-0.003212,0.015205,0.001304,-0.002251,0.003105,0.036460,0.001969,-0.003911,0.016110,0.006622,-0.003713,0.000119,-0.006554,0.008890,-0.001463,-0.011519,-0.001887,-0.005333,0.018391,-0.002099,-0.014552,0.000795,-0.053423,0.035969,0.024069,0.023973,-0.031529,0.028048,-0.000870,-0.002524,0.002240,0.028633,-0.039375,0.015241,0.041545,0.011188,-0.001195,0.073373,0.020051,0.014640,0.031029,0.021425,-0.002163,0.035625,-0.032185,0.009582,-0.037867,0.008953,0.004538,0.054037,-0.003071,0.004312,0.021619,-0.001241,0.008621,0.040752,0.039963,0.008327,0.009139,-0.000171,0.022463,0.019206,-0.029977,-0.017129,-0.004301,-0.002734,0.065805
-0.030296,0.026908,0.014621,-0.001692,0.016842,0.008665,-0.013154,-0.012107,-0.040298,-0.006789,-0.012638,-0.001152,0.005792,-0.035966,-0.004869,0.000968,-0.003791,-0.008119,0.012853,0.041649,-0.008572,0.003948,0.076777,0.016177,-0.009271,0.021001,0.057062,-0.022708,-0.009740,0.011308,-0.037688,-0.001533,0.021383,-0.007415,-0.055609,-0.002945,-0.051576,-0.007087,0.050747,0.062975,0.022122,0.001557,-0.004925,-0.016736,-0.059418,0.006301,-0.025214,-0.013910,0.153944,0.005955,-0.010512,0.023893,0.009929,0.012696,0.019403,-0.003226,0.016564,-0.022302,0.030552,0.004901,-0.012872,-0.002585,0.008540,0.020431,0.011564,0.001875,-0.016583,0.000805,-0.027674,-0.059724,0.025701,0.005106,0.003225,0.011204,0.022496,0.004494,-0.020071,-0.003637,-0.021970,-0.016643,-0.015063,0.040203,0.003967,-0.024911,-0.026918,0.016321,-0.045409,0.058926,-0.009846,-0.015984,-0.003026,0.031270,0.023447,0.001388,-0.043289,0.038310,-0.014956,0.008412,-0.021605,-0.008190,0.013289,-0.047424,-0.023859,-0.025331,0.027391,-0.001435,0.008531,0.164798,-0.054430,-0.001522,0.001525,-0.001634,0.009433,-0.029842,0.025760,0.003621,0.005211,0.002987,-0.029351,0.004369,-0.040132,0.013177,-0.017597,0.036823,0.005653,-0.016767,-0.023153,0.021215
0.049582,0.007307,0.020739,0.031986,-0.002503,-0.008214,0.014417,-0.008513,0.006961,-0.039209,-0.008182,-0.025410,0.026384,-0.042001,0.027577,0.010490,0.006729,0.067619,-0.017142,0.039773,0.010604,-0.022520,0.008143,-0.000763,0.010060,-0.009663,0.014265,0.022174,-0.015050,-0.008764,0.028960,-0.020061,0.011460,0.029200,0.020758,0.016084,0.019858,-0.014427,-0.104491,0.009652,0.011873,-0.015999,0.000710,-0.007931,0.006748,-0.029261,0.015792,-0.010013,-0.032263,0.015649,0.014369,0.000151,0.091277,-0.028975,-0.037326,-0.026523,0.000515,-0.015333,0.021690,0.018868,-0.000327,-0.005219,-0.010835,0.007398,0.001134,-0.010728,-0.023916,-0.011476,-0.047568,0.024011,0.009755,0.002821,-0.004272,-0.022258,0.021291,0.018890,-0.000202,0.002648,0.003269,-0.049834,-0.003072,0.020764,0.009663,-0.007787,0.002869,-0.041445,0.000090,0.060916,-0.003041,0.019244,0.017290,0.017103,0.036543,0.008267,0.064852,0.006155,0.006811,0.000719,0.002410,-0.007264,-0.005640,0.028307,-0.004977,0.002485,0.009097,-0.005246,-0.004925,-0.012855,-0.008126,-0.023215,-0.000549,0.008244,-0.015195,-0.026568,0.029996,-0.013960,-0.003310,-0.026757,-0.004550,-0.022971,0.052723,-0.011407,-0.002475,0.010431,0.025610,0.008129,0.025535,0.009419
-0.095081,-0.058054,0.038671,-0.018802,0.021486,-0.003417,0.047158,-0.008224,-0.012536,0.012094,0.023312,0.019824,-0.025676,0.051526,0.025369,0.009904,-0.008697,-0.021954,0.025499,0.006550,-0.022348,0.034483,-0.016181,-0.013314,-0.032611,0.020980,0.005798,-0.003299,0.019345,0.037055,0.015742,-0.008476,-0.014614,0.012380,-0.000623,-0.013866,-0.023046,0.055795,0.034924,0.004053,-0.037723,0.005252,0.013403,-0.039257,0.016450,-0.009715,0.017471,0.007785,0.000458,0.053119,-0.035122,0.016293,-0.013908,-0.003301,0.020400,0.032602,0.027203,-0.012053,-0.006060,0.006485,-0.009956,-0.015026,-0.035893,0.014373,0.030123,0.029906,0.018621,0.020902,0.062798,-0.064404,0.009249,0.032532,0.030243,-0.023483,0.014184,0.007966,0.031612,-0.013072,0.043805,0.050469,0.035660,-0.031183,0.006619,-0.004489,-0.039300,0.032990,-0.005638,0.011418,-0.021761,0.053617,0.040714,-0.005507,-0.054322,0.051465,-0.034689,-0.017742,-0.017882,0.019317,0.032826,-0.001322,0.007033,0.004497,0.031007,0.007900,0.006891,-0.035209,0.007016,0.001445,0.026795,0.001059,0.047113,-0.026580,0.016406,0.045608,-0.010895,-0.031677,-0.004983,0.004581,-0.003933,-0.004794,-0.012598,-0.017522,-0.000285,-0.017886,-0.040564,-0.006172,-0.000508,0.043823
-0.083719,-0.007144,-0.008120,0.012208,-0.018446,0.039557,-0.010499,-0.059760,-0.016843,-0.002294,0.032695,0.002720,-0.003204,-0.000986,0.047529,0.072000,0.013488,0.015675,-0.019924,0.016630,0.000373,-0.010214,-0.013944,0.018707,-0.003003,0.054376,0.004460,0.033097,-0.029870,-0.005419,-0.004757,-0.103983,0.008619,-0.025457,-0.010524,0.038178,-0.050330,-0.014176,-0.017110,-0.031791,0.014056,0.023777,0.018014,0.000733,0.012967,0.002773,0.011524,0.012708,-0.011006,0.022181,0.060495,0.031245,0.027523,-0.007187,-0.006184,-0.009763,0.014394,0.012948,0.483281,-0.008040,0.011008,-0.029744,0.013521,0.018204,0.214703,-0.025438,-0.006975,-0.113076,-0.008308,-0.052609,-0.017403,0.004889,0.003736,0.028502,0.064407,0.030374,0.005344,0.019458,-0.004653,-0.019461,-0.011973,0.009767,0.004554,0.026071,-0.019589,-0.032298,-0.028922,0.056898,0.007725,0.014569,0.004751,-0.011730,0.014473,0.000075,0.013285,-0.033507,-0.004981,0.002057,-0.007199,0.017168,-0.003466,-0.000083,0.006105,0.014204,-0.008330,-0.020974,-0.020665,0.012631,-0.066918,-0.024385,0.033985,0.004457,0.029338,0.003302,-0.020673,0.005394,0.024557,0.009995,-0.017215,-0.050229,0.013999,0.012100,0.016770,-0.022799,-0.001992,-0.011306,0.080884,0.017157
0.017729,0.015518,-0.005035,0.014466,-0.215765,0.066918,-0.010697,-0.011206,-0.022851,-0.007731,-0.002362,-0.011490,0.099367,0.009837,-0.006940,0.117704,-0.014103,0.023197,-0.011040,0.005412,-0.010933,0.000078,0.001896,0.005603,0.046888,0.000238,0.004215,0.004132,-0.092796,0.000038,0.006450,-0.144001,-0.012093,0.012162,0.012048,0.252003,-0.104747,-0.004979,0.011055,-0.001584,0.005190,0.002619,-0.010922,0.024803,-0.000030,-0.010353,0.008526,-0.025652,-0.015671,-0.000151,0.073988,0.110614,0.024033,-0.015888,0.008336,-0.008136,0.009855,-0.003482,-0.044759,0.014443,0.000205,0.065485,0.013082,0.037891,-0.020327,-0.018128,0.012856,0.287577,-0.005462,-0.005514,0.124119,0.012008,0.008432,0.012695,-0.050202,-0.016515,-0.013050,0.322099,0.003524,0.000862,-0.003898,0.005069,-0.004536,-0.006397,0.001831,-0.004084,-0.006678,0.002318,-0.002812,-0.001118,-0.002928,-0.004695,-0.003940,-0.006495,0.030068,0.001158,-0.019659,0.000669,-0.024334,-0.019994,-0.010497,0.012510,0.013302,0.003724,-0.003591,0.020727,-0.097165,-0.008138,-0.039593,0.157007,-0.006797,-0.143607,0.075565,-0.001198,0.022009,0.008093,-0.001601,-0.011304,-0.013513,0.097745,0.023761,0.005474,0.003640,-0.029902,-0.025244,0.070806,-0.171103,0.004039
-0.005147,0.206376,-0.002720,0.011935,0.009172,-0.006707,-0.029302,0.003052,-0.017916,0.053608,0.007045,0.006547,0.057534,0.014696,0.010156,0.017509,-0.017366,0.040491,0.203300,-0.022241,-0.001404,0.017741,0.006101,0.042332,-0.066267,-0.046280,0.002354,0.017581,-0.016811,0.026965,0.016609,0.016197,0.010933,-0.018133,-0.026223,0.013636,0.066976,-0.039824,-0.003137,0.007656,-0.013952,0.035849,0.025653,-0.041566,0.037516,-0.043243,-0.009168,0.002269,-0.011072,-0.016263,0.005550,0.005284,0.012848,0.047843,-0.001756,0.018327,0.006927,0.046517,0.028781,0.014816,0.005857,-0.056504,0.032716,-0.033207,-0.010861,-0.002529,0.036682,-0.010837,0.019052,0.010651,-0.017098,-0.098756,-0.027214,0.032077,-0.027423,0.010677,0.002564,0.019452,-0.011522,0.026704,-0.016836,0.003195,0.014249,0.041072,-0.002178,0.009762,-0.002766,-0.013574,0.002656,-0.045858,0.018812,-0.002740,0.014053,0.000487,0.033777,-0.050823,-0.034417,-0.045548,-0.017468,-0.004380,0.027001,-0.012475,-0.020917,0.016060,0.012782,-0.043771,-0.020743,-0.012399,0.069623,0.008737,0.002108,0.006643,0.026940,0.031382,-0.002922,0.019278,0.025635,0.055194,-0.025493,0.033507,0.033543,0.003890,-0.016236,-0.021856,0.010501,0.024945,0.033293,0.025590
0.006731,-0.011428,0.021929,0.015836,-0.008137,0.001757,0.005751,-0.009945,-0.010602,-0.013189,-0.035742,-0.055908,0.018838,0.021468,0.005268,0.008797,-0.023841,0.048780,-0.028747,0.029546,-0.002894,0.026680,0.006096,-0.021094,-0.009689,-0.029009,0.005560,-0.020601,-0.020627,0.039746,0.033822,0.000687,-0.018832,0.035831,0.001071,0.010881,0.043103,-0.020669,-0.005543,0.026164,0.042217,-0.010368,-0.012218,0.007956,0.022309,0.015217,-0.001737,-0.007260,-0.025588,-0.028490,0.043166,-0.013751,0.088589,0.008560,0.010230,-0.003076,-0.018709,-0.018262,0.006101,0.028610,-0.006799,-0.012671,0.002829,0.007222,0.009159,-0.005632,0.023536,0.002097,-0.009742,-0.020788,0.010319,-0.004442,-0.001168,-0.008883,-0.009215,-0.000795,0.000020,-0.004993,0.032721,-0.002557,0.000766,0.007485,0.032640,0.007926,0.047335,-0.007662,0.007854,0.025214,0.004172,0.015628,0.033271,0.025726,-0.005739,-0.002669,0.041793,0.054439,-0.034553,0.014694,-0.019825,0.001485,0.006081,-0.004303,0.009691,0.028099,0.024899,0.022491,-0.009754,0.011996,0.011370,-0.028182,-0.012720,0.017519,-0.003141,0.003799,0.044698,0.017764,-0.020701,-0.008044,-0.005660,-0.012640,0.031522,0.015513,-0.026801,-0.013772,-0.007745,0.010858,0.004487,0.028404
0.008330,-0.017204,-0.008709,-0.028329,0.023467,0.016450,0.016386,0.232467,-0.001265,-0.018411,0.021052,0.012987,0.025839,0.009725,-0.007365,-0.034734,0.001997,-0.014406,-0.027369,-0.006722,-0.005397,0.015479,-0.023620,-0.002654,0.017968,-0.022465,0.018630,-0.005482,-0.000736,0.014792,-0.023760,0.020607,0.002348,-0.050710,-0.010415,0.062750,0.097905,-0.025366,-0.057739,-0.028938,0.033235,0.014372,-0.000846,0.030782,0.045346,0.001685,-0.022699,-0.028562,-0.065085,-0.039300,0.015133,0.022047,-0.010338,0.009994,0.030827,0.035098,-0.020593,0.018736,-0.084050,0.005841,-0.000493,-0.030131,0.015862,-0.073647,-0.064678,-0.010906,0.000521,-0.043584,0.012595,0.038756,0.095279,0.015746,0.012239,0.016575,0.038974,-0.002237,0.006203,0.047041,0.012245,-0.000799,-0.012161,0.013413,0.008021,0.042895,0.055373,-0.003877,0.024865,-0.021220,-0.005164,0.003593,0.030798,-0.032502,0.027916,0.001172,-0.044003,0.075829,-0.005573,0.011284,0.013791,-0.056932,0.022859,-0.006106,0.018025,0.024098,0.019286,-0.011397,-0.012355,-0.035911,-0.547862,-0.092036,-0.018097,0.013783,0.138850,0.012433,-0.029311,0.021054,0.026046,0.012450,-0.000279,-0.093666,-0.026894,0.025841,0.002572,-0.044887,-0.020158,-0.068079,0.129764,0.031654
0.060229,-0.052414,-0.009290,0.010315,-0.005008,0.024631,0.009747,-0.004393,0.001682,0.003266,0.000121,-0.016229,0.008300,-0.006193,0.029738,0.003936,-0.002994,-0.094654,-0.031429,0.046646,-0.007253,-0.009104,0.012105,-0.005651,-0.083562,0.017780,-0.006692,0.048056,0.004264,0.024502,0.010318,0.003088,-0.037709,0.014695,-0.105176,0.013373,-0.009605,-0.025399,0.021302,-0.003753,0.017506,-0.004553,0.024032,0.039040,0.024793,-0.033159,-0.032639,0.027632,0.019968,-0.032152,0.000238,0.006420,-0.041729,-0.013440,-0.059358,0.036546,-0.034948,0.017129,0.017212,0.040919,0.008118,-0.006270,-0.001966,-0.015627,0.006954,-0.004153,-0.037556,-0.006091,0.033725,0.012843,-0.000519,-0.020993,-0.014578,0.017018,-0.014307,0.048507,0.007081,0.021018,0.019485,-0.028481,-0.014341,0.010980,0.016024,0.007503,0.036929,-0.048663,0.007980,-0.019021,-0.011310,0.026545,0.048594,-0.006100,-0.017159,0.006575,0.019586,-0.002047,-0.011390,0.014312,-0.026231,-0.025185,-0.003172,-0.076804,0.004839,0.004878,0.016341,-0.014322,0.008160,0.039102,0.051288,0.004440,-0.003372,0.015070,0.017194,-0.005432,0.029654,0.008610,-0.023809,-0.020190,-0.013719,0.018249,0.024368,-0.004272,-0.025674,0.037897,-0.009416,0.002183,-0.011848,0.050079
0.027941,-0.030093,-0.024955,0.032731,0.023690,-0.012634,-0.023219,-0.001831,0.026519,0.070687,-0.027766,0.054654,0.015436,-0.067603,-0.021691,0.013822,0.098652,-0.025965,-0.076979,-0.004921,-0.014581,-0.034760,-0.043994,0.038098,0.051016,-0.020619,-0.022428,-0.067196,-0.042652,-0.019849,0.043396,-0.017247,0.010080,-0.025354,-0.060462,-0.013118,-0.027855,-0.013092,-0.010573,-0.030748,0.031710,-0.008249,0.030367,-0.034029,0.027236,0.156002,0.052115,0.012901,0.041553,0.040810,0.029615,0.015989,-0.017339,0.034665,0.018670,0.014978,0.042413,-0.018986,0.013142,-0.012060,-0.030923,-0.037703,0.015224,-0.023984,0.026886,0.072475,-0.079930,0.000266,-0.007037,0.054316,0.003422,0.300953,0.213308,-0.005316,0.018735,0.047135,0.031359,0.024328,-0.047240,-0.048631,-0.019079,0.005266,-0.008092,0.006295,-0.028349,-0.051396,-0.020770,0.035280,-0.036554,-0.032384,0.002123,-0.040238,0.045492,0.014621,0.006303,-0.024100,0.021015,0.229620,0.011294,-0.016619,-0.011497,-0.029274,-0.062455,-0.022001,-0.000838,0.011816,-0.014853,0.014163,0.006284,0.012789,-0.030801,0.018239,-0.005852,-0.020799,-0.033407,0.028781,0.027218,0.005372,0.001851,0.013344,0.035191,0.038899,0.004226,0.072847,0.037643,-0.003541,0.012955,-0.007095
0.032177,0.022094,0.002146,0.002113,-0.009382,0.021573,-0.006517,-0.008284,0.006979,-0.002266,-0.017985,-0.005422,0.005365,0.002701,0.030983,0.012995,-0.000507,0.040372,0.001240,-0.019025,-0.012873,0.001133,0.001876,-0.005463,-0.048502,-0.023236,0.003600,-0.005308,0.005532,0.008741,0.021475,0.016702,0.004544,0.018276,0.060052,0.003037,0.018259,0.018198,-0.056085,0.024203,0.005811,-0.016240,0.021368,-0.014363,-0.010648,0.016100,-0.006352,0.003022,0.015706,-0.010765,0.017293,-0.003798,0.034098,0.014846,0.031747,0.011815,-0.010917,-0.037965,-0.009594,0.044054,-0.030499,-0.014461,-0.011813,0.006127,0.005393,0.005272,-0.012101,0.001215,0.024723,-0.005462,0.007009,0.005598,0.002633,-0.012116,-0.004059,0.007759,0.039913,-0.007974,0.009461,0.009965,0.008806,0.002318,0.025591,-0.003347,0.028940,0.027501,0.024984,0.029679,0.004150,0.002541,0.039046,0.002873,-0.052276,0.022867,0.011308,0.023432,0.010816,-0.005793,-0.002371,-0.005364,-0.018756,0.049714,-0.024896,-0.004950,0.007170,-0.025542,-0.005887,0.046222,0.016054,-0.006697,0.013723,0.009131,0.004857,0.018909,0.015521,-0.004554,-0.034873,0.048096,0.005955,-0.009134,0.010225,-0.000607,-0.038584,-0.062380,0.008729,-0.005410,0.005768,0.001568
0.006884,0.017604,-0.051306,-0.004417,-0.005947,0.022586,-0.033707,-0.031728,-0.010724,0.063066,0.004008,-0.004664,0.008613,-0.044206,0.029277,0.019149,-0.004578,-0.009177,0.020257,-0.053349,0.003210,-0.010218,-0.107712,0.013621,-0.055278,0.004827,-0.032547,0.027961,0.026648,0.001904,0.007254,0.016057,0.087331,0.005665,-0.073259,0.015176,-0.069297,-0.005654,0.020687,-0.112358,0.006609,-0.003706,0.017747,-0.053138,0.030179,0.006878,-0.050496,0.027162,-0.007852,0.018167,0.023708,0.039065,0.016084,0.009912,0.021370,-0.038336,-0.010995,0.022125,0.012239,-0.035385,-0.053715,0.012479,-0.009005,0.018747,-0.013122,0.059672,-0.028490,-0.023044,-0.000557,0.028118,0.019504,0.000806,0.000813,-0.013201,0.024609,-0.001250,-0.040170,0.006216,-0.059528,-0.029918,0.001737,-0.051489,-0.002091,0.035384,0.013117,-0.033621,0.020221,0.016806,-0.037005,-0.055988,0.016367,-0.067890,0.097745,-0.046993,0.010204,0.017582,-0.007457,-0.004725,-0.015607,0.065137,0.027773,-0.081273,-0.000855,-0.015255,0.017140,-0.006916,0.021178,-0.050931,-0.002675,-0.000727,0.030272,0.025446,0.014379,-0.007583,0.009527,-0.013369,-0.017882,0.022994,0.003001,0.026621,-0.002904,0.013648,-0.030067,0.040413,-0.004278,-0.025465,-0.051847,0.057890
-0.012266,0.004512,-0.025412,-0.003539,0.006540,0.013996,-0.021713,0.002384,0.015531,0.016732,-0.012960,0.022858,0.040016,-0.010641,0.052076,0.037529,0.015834,0.014724,-0.026599,-0.000351,-0.006812,-0.032967,-0.003869,0.005926,0.006608,-0.000419,0.080931,-0.026901,0.004096,-0.035510,0.035317,-0.014641,0.001923,0.016238,-0.062258,0.000321,-0.007661,-0.011062,0.042580,-0.045508,0.007540,-0.004437,0.051486,0.044448,-0.052746,0.009622,0.015123,0.075651,0.080529,-0.003081,0.031200,0.026832,0.059883,-0.004729,0.065119,0.006473,0.016043,-0.172641,-0.051546,-0.000706,-0.010801,-0.012704,-0.000074,-0.034212,0.000754,0.012143,0.001325,-0.007332,0.008050,-0.009590,0.027587,-0.007759,-0.009704,0.001716,-0.029198,0.055680,-0.000478,-0.001155,0.019236,-0.013267,-0.000964,0.080331,0.004332,-0.021451,0.001241,0.048834,0.002874,-0.012691,-0.010571,0.002187,0.018361,0.001031,-0.033731,-0.013319,-0.017402,-0.007077,0.033050,-0.006607,0.007974,-0.003894,-0.035039,-0.032970,-0.046646,-0.011400,0.024793,-0.022204,-0.012794,0.030863,-0.008584,0.012225,0.042057,0.033692,-0.029206,-0.032844,-0.013724,-0.012956,-0.029991,0.015243,0.000806,-0.007828,-0.026865,0.028312,-0.037084,0.030707,0.025870,0.007655,0.015336,0.008073
-0.015411,0.032525,-0.014450,-0.004223,-0.002815,0.002799,0.045505,-0.000103,0.011845,0.028713,0.008377,0.048880,0.012252,0.015383,-0.010120,0.015374,0.002303,0.063168,0.053616,-0.011814,-0.046947,0.026160,-0.010934,-0.025414,-0.045202,-0.010177,0.024820,0.052181,0.003424,0.046325,-0.009185,0.009249,-0.010276,0.004499,0.008853,0.014304,-0.023919,0.003265,0.042548,0.009619,-0.071771,-0.019123,0.030232,0.001882,0.043227,0.010694,0.003920,-0.006606,-0.002459,0.079459,0.006742,-0.005477,0.057011,0.061831,0.016071,0.030728,0.027710,-0.001498,-0.009889,0.008061,0.011070,0.001874,-0.041355,-0.010375,-0.001113,0.075095,-0.008890,0.000949,0.005433,0.011471,-0.000026,0.026267,0.030604,-0.051760,-0.005401,0.014135,0.067789,-0.007951,-0.006701,0.036778,0.025530,0.043187,0.036226,0.000083,-0.004479,0.026660,0.023390,0.029858,-0.002622,0.000526,0.019352,-0.003589,-0.020496,0.043169,-0.004730,0.028131,0.024658,0.036334,0.053760,0.004977,-0.004570,0.004049,-0.027032,-0.019544,-0.014082,0.006438,-0.005973,-0.002126,0.001131,-0.008064,-0.005233,0.004673,0.000021,0.052882,-0.002983,-0.040734,0.000490,0.049662,0.025857,-0.009844,-0.003651,-0.032781,-0.016868,-0.005174,-0.018022,0.014036,0.017097,-0.039025
0.037086,-0.043570,-0.022327,-0.023001,-0.011525,0.033038,0.007905,0.000957,0.021502,-0.023643,0.025076,0.009892,0.005278,0.017265,0.048780,0.012339,0.042227,-0.022115,-0.043335,0.044077,-0.027111,0.005631,-0.003624,0.018844,0.021638,0.022063,-0.026249,0.024565,0.005219,0.031923,-0.054101,-0.017082,-0.060760,0.053070,-0.129478,-0.015505,-0.014255,-0.001048,0.021600,0.021711,-0.037969,0.012252,0.022548,0.028787,0.048818,0.004888,-0.057780,-0.010496,0.048821,-0.046425,-0.018833,0.046230,0.036598,-0.007534,-0.064640,-0.000514,-0.058506,0.014674,-0.021726,0.062588,-0.002776,0.007023,0.013608,-0.017213,-0.004094,-0.053784,-0.008207,-0.021397,-0.028340,0.026494,0.013852,0.019818,0.016124,0.031333,0.005520,0.016599,0.073145,0.004521,0.030516,-0.032999,-0.008700,-0.015306,0.061712,-0.022060,0.020419,-0.069942,0.024833,-0.095959,0.006096,0.077247,0.048330,-0.004125,0.012047,0.059275,0.019569,-0.026446,0.020679,0.008782,-0.016815,-0.029534,-0.018573,-0.093823,-0.000111,0.017113,0.037941,-0.015330,0.015296,0.061311,0.133648,0.004607,0.031785,0.012616,0.026225,0.026797,0.054887,0.002207,-0.044751,-0.015261,-0.003244,-0.002433,-0.016490,-0.045464,-0.012399,-0.051754,0.017671,-0.010806,-0.001533,0.060611
0.140459,-0.090088,0.009783,-0.019152,0.020333,0.001790,-0.017093,0.004110,0.044359,-0.028309,0.069353,0.023901,0.005778,0.012386,0.081253,-0.016604,0.038466,-0.000892,-0.068130,0.022537,-0.004843,0.000872,0.032948,0.028479,0.005981,0.040851,-0.050741,-0.020540,0.016441,-0.026214,-0.032634,0.014817,-0.092627,0.078176,-0.012350,-0.016439,-0.026717,-0.023153,0.051309,0.055262,-0.038516,0.038777,0.039787,-0.004558,0.069175,0.012671,-0.075165,0.016635,0.017195,-0.015132,-0.035648,0.020843,0.056206,-0.056270,-0.089429,-0.053808,0.001642,0.005439,-0.010910,-0.021774,0.016960,-0.006217,0.016408,0.036266,0.001767,-0.080013,0.058500,-0.020114,-0.136878,0.080984,-0.006422,0.037529,0.017150,0.031914,-0.005772,0.052834,-0.019785,-0.000101,-0.009010,0.003549,-0.045858,-0.030792,0.017186,-0.025811,0.022580,0.005495,0.032386,-0.096479,0.087400,0.093099,-0.064903,0.023107,0.037457,-0.058641,-0.028973,0.053773,0.019828,0.012450,0.027891,-0.053040,-0.018327,-0.022371,-0.030054,0.003517,0.021118,0.001336,0.049053,0.009610,-0.008444,0.010535,0.088905,-0.006136,0.040249,0.013388,0.055945,0.006408,0.013027,0.082405,0.007895,0.023405,-0.032285,-0.043124,0.030950,-0.007451,0.002117,-0.021494,0.013959,0.060597
-0.033147,-0.013484,-0.009263,-0.022841,-0.015327,0.014684,0.007093,0.000882,0.010922,-0.025247,0.033909,0.028560,0.016333,0.019246,0.039098,0.028421,0.013606,-0.022142,-0.026507,0.020419,-0.046976,-0.006256,-0.007321,0.047428,0.040969,-0.009826,0.017344,0.008371,-0.014654,0.020035,-0.037132,-0.004923,-0.024456,0.012453,-0.057454,0.017832,0.026028,-0.017055,-0.024625,0.025197,0.032295,0.039578,0.008859,-0.006612,-0.026252,-0.005243,-0.048771,0.001834,-0.020441,-0.064680,0.007192,0.003656,0.031136,-0.015162,0.019687,-0.011531,-0.016460,-0.033667,-0.001154,0.041672,0.007908,0.004736,0.026151,-0.049043,0.002261,-0.025278,-0.006508,-0.026078,-0.019091,-0.026312,-0.002219,-0.002920,0.005003,0.053369,-0.011355,0.004942,0.013190,0.018148,-0.002990,-0.005622,-0.012600,0.032684,0.025079,-0.007894,0.033456,-0.002507,0.022231,-0.057491,0.000400,0.019918,0.007671,0.019892,-0.018982,0.015525,0.021019,0.028445,-0.000534,0.006171,0.011896,-0.020156,-0.040530,-0.044226,-0.003118,0.034853,-0.006290,-0.011632,0.000038,0.012359,0.137648,-0.011307,0.043977,0.010181,0.018311,0.005418,0.027914,0.052833,0.024646,0.007518,-0.002617,-0.018388,0.000587,0.025338,0.012945,-0.040052,-0.031419,0.012892,-0.000576,0.011871
-0.025794,-0.021355,0.005158,-0.000529,0.006056,-0.008847,0.016034,0.018210,0.072011,-0.023859,0.043543,0.047678,0.003920,0.018575,0.048766,-0.010554,0.017255,-0.044282,0.046041,0.091088,-0.032029,-0.002171,0.000294,0.005643,0.017698,0.009750,0.010326,-0.036657,-0.010230,0.009386,-0.021286,-0.020889,0.001327,0.035516,0.015591,0.010469,-0.002461,0.033284,0.008339,0.001085,-0.030250,0.003363,-0.027911,-0.018687,-0.013613,-0.041196,-0.023624,0.039296,0.007738,0.028741,0.005720,-0.007457,-0.010911,-0.011923,-0.065088,-0.036757,-0.001862,-0.018077,0.002931,-0.037490,0.031225,-0.001995,-0.012439,-0.003266,0.007158,0.006726,-0.000998,-0.013430,-0.016096,0.027398,0.000471,-0.022409,-0.012272,0.003231,0.018978,0.002590,0.026250,0.005545,-0.024780,-0.000308,0.036963,0.007540,0.024145,-0.048983,0.021246,0.011521,0.072798,0.005213,0.023923,0.064062,-0.018789,0.023620,0.027538,0.028817,0.035552,-0.003993,0.072547,-0.023019,0.079613,0.013079,-0.032697,0.002117,-0.003360,0.004132,-0.002463,-0.000750,0.001144,0.003366,0.017057,0.002076,0.058297,0.001091,-0.011390,0.021883,-0.022201,0.000643,0.004563,-0.007572,0.055229,0.012415,0.013532,-0.023494,0.057023,0.041832,0.012936,0.002115,0.027672,0.017471
-0.009669,0.005119,0.008662,0.009276,0.112960,0.347107,-0.001858,0.209854,-0.023984,-0.005618,-0.009812,-0.013865,-0.087950,0.004161,-0.012299,-0.126127,-0.001871,0.001214,-0.007453,-0.008747,0.012937,0.005705,0.001531,-0.005568,0.044059,-0.031609,0.005147,0.065306,0.146553,0.006991,0.007163,0.036273,0.006858,0.000053,0.010433,-0.227407,-0.102973,-0.003350,-0.014680,0.003587,-0.002504,-0.003824,-0.006010,0.011163,-0.008680,-0.021731,0.004553,0.009974,-0.018112,0.001972,0.060812,-0.002171,-0.004989,0.005014,-0.006804,0.002193,-0.003608,0.004565,0.006944,0.013104,0.006717,-0.029411,0.000497,-0.073211,0.022916,0.001518,0.012241,-0.081399,0.006236,-0.017663,0.195530,-0.010219,-0.003795,-0.000582,-0.064726,-0.002546,-0.003450,0.045007,0.004691,0.009082,0.000495,0.002912,0.002655,-0.002405,-0.008654,0.005942,-0.012795,0.007212,0.003156,-0.000407,0.007453,0.004559,-0.008134,0.000735,0.000619,0.005979,-0.018296,-0.006253,-0.021319,0.005493,0.009717,0.008072,-0.002869,-0.000022,0.007795,0.026698,-0.128068,-0.002787,0.085022,0.336443,-0.016634,0.087004,0.047085,-0.000554,0.008182,-0.007522,-0.008249,0.007781,-0.014133,-0.147801,0.007187,-0.005998,-0.007481,-0.002700,-0.013189,0.132100,0.035216,0.008280
-0.074856,-0.025160,-0.033324,0.010733,0.013014,0.009187,-0.022445,-0.003122,0.046494,0.041317,0.034785,0.076071,0.014495,-0.037160,0.030531,-0.014621,0.055987,-0.020235,0.088814,-0.003716,-0.042519,-0.070353,-0.007740,0.020731,-0.202421,-0.063181,-0.011216,-0.001520,0.097823,-0.061645,0.014919,-0.026129,0.001126,-0.050347,-0.046946,0.075340,-0.022523,0.015299,-0.039815,-0.006603,0.021551,-0.007317,0.092223,-0.015179,-0.018948,-0.007875,-0.051918,-0.003931,0.014370,0.025695,-0.334628,0.047190,-0.021605,-0.036422,-0.005110,-0.033817,0.005933,-0.003376,0.027884,-0.012475,-0.012446,0.031819,0.005574,-0.204740,-0.034242,0.001236,-0.049357,0.108396,-0.019300,-0.018889,0.078644,-0.007128,-0.005744,0.005629,-0.021040,0.022164,-0.006957,0.014235,-0.036104,-0.041321,0.000092,-0.007267,-0.029633,-0.042449,0.037862,-0.005701,0.049979,0.025958,-0.000273,-0.025971,-0.032904,-0.018132,0.007785,-0.018297,0.000130,0.054981,0.056224,-0.001514,0.002676,0.025359,-0.053382,-0.043020,-0.011995,-0.031321,-0.071132,-0.099879,0.034553,0.014848,0.043357,-0.032475,0.049670,-0.011941,0.091119,-0.039492,-0.040745,0.022598,-0.009794,-0.017506,0.035299,-0.039282,0.016843,0.016562,0.001183,0.028635,0.017465,0.054786,0.069640,-0.063831
0.039028,-0.003003,0.036815,0.034777,-0.008322,0.011062,-0.013549,-0.004238,0.027188,0.026042,0.019502,0.011050,0.007543,-0.009331,0.014816,0.010712,-0.007378,0.008592,0.025249,-0.018091,0.017454,0.009836,0.038426,0.003205,-0.015404,0.015570,-0.021906,-0.004010,0.018773,-0.010026,0.065263,0.023866,0.068667,-0.007316,0.005256,0.004283,0.007002,-0.017027,-0.054029,0.038436,0.023766,0.017299,0.019153,-0.018798,-0.027486,-0.003883,0.021805,0.061015,0.003909,0.016580,-0.015712,0.018010,0.004131,0.009413,0.020660,0.024265,0.026708,-0.013809,0.003428,-0.003577,-0.024262,0.012347,0.013178,-0.006255,-0.007693,0.011972,0.000186,-0.006732,0.026741,0.024541,0.002975,0.001414,-0.005504,0.034134,0.007788,0.030724,0.026973,-0.010319,0.022522,-0.000183,-0.012666,-0.047900,0.018306,-0.004932,-0.027771,0.038570,-0.027115,-0.065010,-0.005337,-0.001342,-0.014067,0.013320,-0.036417,0.013086,0.046259,-0.022525,0.007313,0.010388,0.019095,-0.023048,-0.006159,0.014437,-0.001972,0.004137,0.016244,-0.044811,-0.010889,-0.011542,-0.020062,0.010974,-0.000096,0.007942,0.023470,-0.013118,-0.016530,-0.000315,0.022937,0.023007,-0.007044,-0.005191,0.056419,0.016286,-0.009371,0.046120,0.031186,-0.006052,-0.003222,-0.006808
0.018044,-0.018759,0.020470,0.003079,0.000314,0.016054,0.045229,-0.004172,0.023492,-0.027398,0.006032,0.031573,0.036811,-0.045299,0.034911,0.020788,0.010259,-0.009483,-0.046728,0.004294,0.002331,-0.031035,-0.030734,-0.033315,0.030959,-0.024236,0.013200,0.019521,-0.015178,-0.025121,-0.012998,-0.018316,-0.009208,-0.002491,-0.036017,0.016042,0.007545,0.000722,-0.025470,0.015169,0.048163,-0.009052,0.057738,0.033951,0.017057,-0.012877,-0.016762,0.013732,0.016495,-0.050729,0.023158,-0.011670,0.014007,0.017898,0.015256,0.052460,-0.045105,-0.031039,0.016740,0.039001,0.002284,-0.010430,-0.016509,-0.041560,0.003663,-0.011139,-0.057110,-0.008481,0.019643,0.017726,-0.003085,-0.021745,-0.010104,-0.009208,0.003143,0.068236,0.066833,0.015394,0.001453,-0.016251,-0.015454,0.053228,-0.009516,0.001296,0.053627,0.009002,0.050271,-0.018402,-0.019346,-0.003942,0.041013,0.014246,-0.074860,0.023238,0.016333,0.054752,0.008293,-0.017117,0.030289,-0.000249,-0.003424,-0.026977,-0.049409,-0.002432,-0.001297,0.010908,-0.007418,0.028018,0.052379,-0.018777,-0.003480,0.006658,-0.008890,-0.013735,-0.002131,0.004118,-0.017955,0.011152,0.012703,-0.007981,-0.002193,0.029289,-0.060011,-0.029545,0.046041,0.009012,0.026895,-0.012700
-0.005712,-0.013737,0.004653,0.018565,-0.008483,-0.001198,0.020983,-0.001445,-0.012707,-0.033381,-0.012999,-0.043009,-0.000626,0.046157,-0.027139,-0.011623,-0.018786,-0.081845,-0.012215,0.046178,-0.038853,-0.008352,0.050477,-0.025706,-0.034324,0.010446,0.013580,-0.074130,0.019272,0.025744,0.004286,0.006119,-0.050276,0.001534,0.007900,-0.004458,0.022663,0.032279,0.023238,0.009756,0.013105,-0.009666,-0.027748,0.060313,-0.015869,0.001876,-0.018123,-0.012978,-0.005415,0.015390,0.005337,0.000145,-0.085889,-0.022430,-0.024322,-0.029726,0.019931,-0.037656,0.011977,0.016444,0.033773,-0.016947,-0.018508,0.018566,0.003321,-0.013168,0.006343,0.007587,-0.030829,-0.021127,0.000197,-0.019874,-0.018646,0.003598,0.010752,-0.023153,-0.039522,0.020058,0.006731,0.017377,0.044416,-0.014623,-0.017891,-0.028418,-0.001528,0.033654,-0.001991,0.029808,0.013068,-0.001517,-0.001781,0.027941,-0.040951,0.003216,0.012608,0.018398,0.006920,-0.024631,0.011738,-0.000935,-0.027891,0.016771,0.045599,0.008739,-0.043841,-0.013464,0.005460,0.009687,-0.000053,0.020851,-0.006795,-0.008321,0.005940,-0.013588,-0.000588,0.012197,0.032924,-0.037672,-0.003261,0.010563,0.031749,0.002991,0.052591,-0.011552,-0.058362,-0.020789,-0.003276,0.002052
-0.027842,-0.017512,-0.009396,-0.005316,0.000429,-0.167928,-0.003962,0.164119,0.004597,0.011012,-0.003793,-0.003969,0.200499,-0.017961,0.017578,0.200081,-0.005448,-0.011120,-0.030936,0.003139,0.014730,-0.006302,-0.007574,-0.011820,-0.002035,-0.009817,0.002061,0.031765,0.022851,-0.008181,-0.005607,0.084289,0.021327,0.007709,0.015378,-0.079448,-0.010208,-0.005965,0.006315,-0.017280,-0.014733,-0.013697,0.002192,-0.009343,-0.011057,-0.002215,0.026125,0.021355,0.002469,0.011181,-0.030082,-0.155048,-0.029194,0.001054,-0.016850,0.001112,-0.006508,-0.023693,-0.149058,-0.018164,-0.015465,0.189160,-0.008080,0.057278,0.052131,0.010784,-0.012930,0.012698,0.002329,-0.024664,0.082862,-0.003840,0.000022,-0.005800,0.290136,0.020738,0.009339,-0.074828,-0.010954,-0.014309,-0.006105,-0.010198,-0.000716,-0.024402,-0.011553,-0.007700,-0.004628,0.036432,-0.006194,-0.004718,0.002631,-0.013153,0.011057,-0.000594,-0.009252,-0.039134,0.002662,0.001880,-0.005955,0.003437,-0.000387,0.017219,-0.009034,-0.012500,0.006314,0.002475,-0.166928,0.010419,0.083642,0.086068,0.007636,0.117468,0.194987,-0.008826,0.008629,-0.024106,-0.028883,0.000412,-0.002807,0.109742,-0.011497,-0.013308,-0.017313,0.020413,0.028262,-0.050533,0.002248,0.000261
0.047246,0.025873,0.001313,-0.021863,0.127655,-0.022228,0.013512,-0.244617,-0.001468,0.012654,0.000902,0.002673,0.088267,0.000350,-0.001619,0.034688,-0.007190,-0.009844,0.032998,-0.010353,0.006790,0.012254,-0.006373,-0.014061,0.011245,-0.054976,-0.018914,-0.022688,0.040650,0.010313,-0.021014,0.089925,0.009429,-0.009076,0.025567,0.059554,0.126156,-0.016987,0.008881,-0.005361,-0.022200,-0.007122,0.021184,-0.009974,0.013452,-0.007378,0.009874,0.020436,-0.002023,-0.015202,-0.042116,-0.153154,-0.000887,0.021126,-0.028854,0.019342,-0.027387,0.000368,0.023835,-0.012865,0.000243,0.071853,-0.012444,0.050076,0.040535,0.011331,0.007847,-0.041395,0.010190,0.031420,-0.034141,-0.038202,-0.031798,-0.009695,0.110198,0.029186,0.017360,0.201917,0.004465,0.007554,-0.013260,-0.024810,0.008463,-0.005723,0.005264,-0.013050,0.007671,-0.048059,0.003059,0.003770,0.002667,-0.001851,-0.001996,0.001003,-0.028117,0.007233,-0.001463,-0.022739,0.006185,-0.053323,0.012417,0.022287,0.004728,-0.005954,0.008455,0.016842,0.112048,-0.015326,-0.047895,0.276837,-0.012100,-0.018635,0.071621,0.010769,0.000061,-0.019032,-0.006474,0.024449,0.004143,-0.157793,-0.031726,-0.025137,-0.010949,0.019699,0.004648,0.056822,-0.143520,0.011316
-0.051326,0.035003,0.034343,-0.024953,0.006261,-0.012443,-0.015921,0.027518,0.010708,0.004613,0.037786,0.031131,0.018656,0.047260,0.024578,-0.018384,0.026507,0.017688,-0.009723,0.028382,0.020633,0.000351,0.011963,-0.005964,-0.007583,-0.004610,0.004994,-0.023753,-0.010435,0.020827,-0.023485,-0.014197,-0.064364,0.042330,0.023392,-0.006574,0.016588,0.019754,0.053077,0.037637,-0.014419,0.023316,0.023203,0.021877,0.033749,0.028179,-0.011210,-0.012329,-0.014361,0.033759,0.004226,-0.018336,0.016746,0.008911,-0.011828,-0.030117,0.012138,-0.004889,0.003226,-0.022515,0.020002,0.005861,0.006364,0.014441,0.003846,0.008987,-0.016115,-0.016191,-0.076803,0.002871,0.007746,0.005990,0.017509,0.013324,0.017548,-0.015949,0.020786,0.023948,-0.035862,-0.023036,-0.006157,0.024152,0.006658,-0.036340,-0.003489,-0.048473,0.005897,-0.086403,0.014427,0.025810,-0.011564,0.024704,0.060304,0.012411,-0.008250,-0.023181,0.014089,0.021394,0.036353,0.014355,-0.012999,0.013640,0.018696,0.000102,-0.014371,-0.014158,0.006161,-0.011885,0.011886,0.004320,0.038537,-0.001543,-0.020657,0.052801,0.016352,0.011111,0.028411,-0.026768,-0.006050,-0.006639,-0.012061,-0.000974,0.039927,-0.038403,-0.017996,-0.002904,0.019276,0.003204
-0.024615,0.017957,-0.006065,0.020063,-0.007595,-0.000535,-0.004418,0.006169,-0.011172,0.005913,0.019128,-0.007617,0.015261,0.027545,-0.010306,-0.009832,0.006826,0.027778,-0.002710,-0.027549,-0.007969,0.023240,0.003635,0.027187,-0.057670,-0.014794,-0.030939,-0.018133,0.009726,0.018314,0.009467,0.004771,-0.016897,0.002533,0.013981,0.018766,0.010716,-0.008557,0.050341,0.000342,0.023270,0.036853,0.000204,0.030732,0.015568,0.021509,0.009709,-0.018291,0.026951,0.031976,-0.003528,-0.001034,-0.003366,-0.007740,0.029789,0.003213,0.062399,-0.004269,-0.009033,0.011487,0.014834,-0.006983,0.030799,0.029311,-0.010903,-0.024490,0.037216,0.006203,-0.016294,-0.016444,0.013820,0.018563,0.023112,0.036887,-0.012447,-0.017913,-0.004817,0.001307,-0.000491,0.004426,0.000768,-0.033173,0.017488,0.000347,-0.026543,-0.002465,-0.031260,0.003818,0.018530,0.007372,-0.000297,0.000881,0.046311,-0.016400,-0.025401,0.025019,-0.013224,0.007569,-0.002740,0.000766,0.024555,0.014773,0.008469,0.014058,0.025263,-0.032259,0.006171,0.031042,0.006584,-0.003769,0.005792,0.004156,0.012629,0.021290,0.023327,0.039369,0.057991,0.012008,-0.018865,-0.002327,-0.001428,0.017485,0.046072,-0.005610,-0.010331,0.006031,0.000145,0.034551
0.041954,-0.006182,0.013481,0.029535,-0.004134,0.000142,-0.001348,-0.024274,-0.016053,-0.022712,0.065192,0.003173,0.001544,0.010065,0.019263,0.019434,0.000184,0.046761,0.018748,-0.005931,0.021422,0.041342,-0.002194,0.066701,-0.011683,0.007508,-0.048916,0.029601,0.014238,0.025208,0.039289,-0.000124,-0.007002,-0.044186,-0.006948,0.001196,0.003160,-0.007922,-0.007163,0.004657,-0.004608,0.059803,0.004410,-0.001163,0.023131,0.008185,-0.020187,0.016472,0.042389,0.054364,-0.016814,0.012720,0.016327,-0.005688,0.000980,-0.010994,0.099478,0.009155,-0.022662,0.009478,-0.003306,-0.006329,0.037197,0.005311,0.005063,-0.028128,0.057964,0.005851,-0.013098,0.008925,0.004957,0.041418,0.020497,0.064608,-0.014370,-0.021225,0.008726,0.003347,0.017753,0.014965,-0.028738,-0.056021,0.039673,0.012795,-0.061190,-0.013426,-0.053539,0.006356,0.029463,0.037870,-0.011070,0.014455,0.018550,0.007091,-0.003110,-0.035776,-0.011695,0.035640,-0.003318,-0.022479,0.014452,-0.020445,0.016693,0.028790,0.046111,-0.014731,0.002859,0.014900,-0.006839,-0.006829,0.009120,0.011810,0.022976,0.039481,-0.035043,0.029263,0.051214,0.017897,-0.015197,-0.004317,0.014702,0.003969,0.032312,0.003565,-0.010094,-0.011336,0.009305,0.030819
0.120230,0.073722,0.018585,0.079273,0.020998,0.022544,-0.027772,0.020009,-0.031862,0.033840,0.017129,0.010202,0.024546,0.015560,0.015274,-0.042955,-0.005320,-0.014764,-0.035399,0.031862,-0.051161,0.005042,-0.019320,0.015403,0.026867,-0.008153,0.009897,0.001681,0.009459,0.008288,0.096504,-0.028907,-0.031936,0.165434,-0.032379,-0.010381,-0.148233,0.007879,0.185548,0.006573,0.019397,0.027776,-0.001951,0.051671,0.034328,0.055699,-0.022014,-0.076652,0.013797,0.006232,-0.165460,-0.033846,-0.047746,-0.011768,0.130468,-0.002325,0.052236,0.018960,0.017289,0.041584,0.011686,0.016438,0.042815,0.009845,0.014092,-0.017728,-0.025336,-0.003361,0.019887,0.083305,0.001637,-0.006947,-0.010892,0.027858,0.043854,-0.038551,-0.006751,-0.017942,0.018632,-0.016631,-0.005193,0.051959,-0.011999,0.027856,-0.029715,-0.057628,-0.050121,0.031376,-0.038363,-0.000898,0.027156,-0.016632,-0.014531,0.000657,0.112343,-0.027076,-0.040817,-0.028838,-0.018381,0.048015,-0.019959,-0.027199,0.054167,-0.002824,-0.037040,0.022032,0.017331,0.009523,-0.083375,0.016616,0.020227,0.063170,0.021606,0.027565,0.115317,0.028348,0.024007,-0.020039,-0.046017,-0.004992,0.147884,0.047577,0.006734,-0.038664,-0.039123,0.029262,0.019645,-0.017234
-0.018514,0.000755,-0.039061,0.004349,0.003715,0.011914,-0.019810,0.000796,0.014131,0.012070,-0.000585,-0.000196,0.023459,-0.015177,-0.003133,0.001652,-0.008125,0.022523,0.030399,-0.013161,-0.019127,-0.014616,-0.013006,0.009986,0.088659,-0.022426,0.033822,0.003277,-0.009663,-0.000332,-0.014586,-0.028487,0.035466,-0.023184,-0.028912,-0.008251,-0.022556,0.009458,0.043041,-0.037342,0.006539,-0.023591,-0.001043,0.026661,-0.017947,-0.015688,0.019715,0.006083,0.073983,0.037638,0.014177,-0.006803,0.039697,0.006532,-0.006486,-0.044011,0.018788,-0.035919,-0.014240,-0.008184,-0.013602,-0.012083,-0.013072,-0.004718,0.006264,0.046250,-0.013046,-0.002731,-0.022539,-0.015804,0.007943,-0.014535,-0.001554,-0.003143,0.001466,-0.019387,-0.010002,0.010271,-0.028669,-0.013417,0.019351,0.028824,0.011815,-0.025663,-0.006577,0.002576,0.004331,0.005473,-0.005719,-0.008459,-0.025055,-0.031412,0.066841,0.010778,-0.003591,0.050784,0.008814,-0.012428,0.005497,-0.000627,-0.003292,-0.018362,-0.019630,-0.018845,0.005563,0.113259,0.004347,0.048792,-0.000600,-0.016951,-0.003137,0.007449,-0.006934,-0.010864,-0.011939,0.002850,-0.008055,-0.011540,0.023586,-0.006677,-0.000749,-0.001587,0.022079,0.047931,0.010294,0.017792,0.016940,0.017153
-0.074447,0.036635,0.018730,-0.014769,0.003706,-0.006643,-0.003202,-0.002238,-0.022996,-0.020103,-0.017676,-0.020408,-0.005047,-0.018733,-0.001486,-0.016568,0.033007,-0.014229,0.055812,0.056477,-0.035268,0.031789,0.057522,0.004801,0.019864,0.019372,0.055255,0.032185,0.004802,0.032611,-0.033523,-0.003771,0.012641,0.016361,-0.026591,-0.008030,-0.027907,-0.013390,0.002773,0.080443,0.005516,0.003279,-0.020172,-0.020898,-0.039050,-0.006385,-0.017635,-0.048463,0.052865,0.006936,-0.038251,0.004998,-0.006715,0.016588,0.006977,-0.017092,0.002435,-0.008890,0.001793,0.020945,-0.027619,0.004902,0.004555,0.029123,0.012452,-0.017733,0.006285,0.001774,-0.035984,-0.051120,0.014253,0.016508,0.025266,-0.006138,0.025378,-0.009059,0.028684,-0.013830,0.001131,-0.005078,0.012942,0.020659,0.055179,-0.035544,-0.002607,0.022082,-0.026536,0.014601,-0.010687,0.032104,-0.016370,0.044361,0.022402,0.032019,-0.036602,0.055758,-0.022524,0.032128,-0.014025,-0.000281,-0.013293,-0.014990,0.025328,-0.009375,0.034750,0.005968,0.011778,0.099917,-0.023443,0.006127,-0.006604,-0.005852,0.009017,0.009338,0.055162,-0.009222,-0.021070,-0.019224,-0.017482,0.004101,-0.027325,0.001850,-0.015554,0.004042,0.026354,-0.012886,-0.017365,-0.005187
0.056423,-0.042462,0.064748,0.024097,-0.007529,0.008774,0.022103,-0.010592,-0.006772,0.003502,0.053924,0.007535,0.002067,0.029802,0.016563,0.004259,-0.032515,0.030818,0.007810,-0.023926,0.024548,0.005993,0.018428,0.005105,-0.001880,0.011347,-0.046540,0.007351,0.012111,0.012543,0.040473,0.015252,0.000819,-0.071809,-0.003810,-0.018078,-0.022541,-0.012776,-0.024273,0.041766,-0.014215,0.022582,0.041795,-0.001307,0.024193,0.009329,-0.031209,0.049688,0.043383,0.043801,-0.028637,0.006508,-0.018895,-0.011836,-0.014752,0.014838,0.069054,-0.010749,-0.004915,0.003500,0.037202,0.006221,0.002465,0.003694,0.004083,-0.016826,0.005802,-0.004809,0.031140,0.018322,0.005132,-0.015892,-0.016690,0.027074,0.021581,0.042095,0.013809,-0.001789,0.023125,0.042135,-0.002673,-0.091062,-0.004061,0.006196,-0.033284,0.021475,-0.031540,-0.022488,0.021306,-0.007584,0.015924,0.044946,-0.049922,-0.003538,-0.010155,-0.053885,-0.008246,-0.029705,0.009906,-0.019557,0.011236,-0.021980,-0.001559,0.004165,0.006090,-0.010229,-0.011098,-0.006095,-0.022769,0.001036,0.010494,0.020001,0.022398,0.000848,-0.070659,-0.001639,0.041269,0.040685,-0.014038,0.002346,0.025533,-0.007323,0.010750,-0.013899,0.010995,-0.004034,0.003076,-0.001099
-0.019267,-0.024283,-0.020339,0.013381,-0.014179,0.016161,-0.023232,-0.003283,0.043145,-0.022710,0.006567,0.005412,-0.000170,-0.012412,-0.010349,0.009009,0.002368,-0.017511,0.022397,-0.048953,0.039889,0.006061,-0.012544,0.006334,0.001999,-0.036621,-0.006130,-0.010804,0.008112,0.002115,0.055433,0.030191,0.031521,0.105585,0.039452,0.016288,0.013554,-0.018839,0.203257,-0.029906,-0.015592,-0.007696,-0.009818,-0.021386,-0.043804,-0.006184,0.034786,0.021006,0.080971,-0.011867,0.026474,0.024422,-0.062168,0.003660,-0.010765,-0.014658,-0.045831,-0.012936,0.032930,-0.054448,0.000263,0.002035,-0.019027,-0.017467,-0.032882,-0.028738,0.032479,0.000755,0.005447,-0.011260,0.010599,-0.007100,-0.003746,-0.001154,-0.016889,-0.013388,-0.000836,-0.001692,-0.029083,0.002697,-0.033457,-0.034128,0.011734,-0.029978,0.011421,0.011853,0.026636,-0.031937,-0.008605,-0.014893,-0.042895,-0.002039,0.021279,-0.012702,0.131529,-0.047393,0.040675,-0.009578,0.004752,-0.003491,0.020697,0.018121,-0.025946,-0.001588,0.023289,-0.005956,-0.010914,-0.005334,-0.059117,-0.017141,-0.012714,0.016086,0.009393,-0.010139,0.011424,-0.020618,-0.037740,0.005953,0.021739,-0.034387,0.086377,-0.019318,-0.005101,0.033034,0.039686,-0.003838,0.003710,0.002527
-0.020504,-0.001761,0.003561,-0.016026,0.005474,0.003292,0.019528,0.019748,0.063504,-0.036013,-0.006206,0.008253,-0.021923,0.026108,-0.005633,-0.029400,0.024524,-0.009718,0.014119,0.009470,0.025499,0.012953,-0.012807,-0.010470,-0.076684,0.013370,-0.043150,0.040811,0.014845,0.018424,-0.033059,-0.004015,-0.026870,0.002227,-0.001990,0.009663,0.019013,0.034222,0.016625,0.011687,0.012255,0.008549,-0.036813,0.011237,0.040875,-0.003157,-0.050166,-0.017157,-0.005463,-0.058072,-0.057575,0.008937,-0.010267,-0.004578,0.008474,0.004352,-0.045379,0.031809,0.026326,0.042797,0.028649,0.009685,0.015556,0.051180,0.001708,-0.032075,0.024526,0.030312,-0.002325,-0.047149,-0.004289,-0.009797,-0.014682,0.007331,-0.009922,-0.023104,0.015146,0.022296,0.014487,0.024858,0.029410,-0.045517,-0.005237,-0.000528,0.080740,0.012480,0.081593,-0.011723,0.017922,0.023799,0.022107,0.009224,-0.016251,0.022879,-0.036025,0.043003,0.025868,-0.017556,0.033980,-0.015383,0.011291,-0.009672,0.017461,0.010473,0.007639,-0.051905,0.012507,-0.024438,0.023802,0.019431,-0.009018,-0.012908,0.023849,0.015801,-0.013962,0.035351,0.011507,-0.002579,0.044372,0.013186,-0.059085,0.020438,0.015555,-0.029657,0.016115,-0.004672,-0.011126,0.000235
0.427490,0.004802,0.007271,-0.028164,-0.016237,0.015827,0.017857,-0.062396,0.009093,0.026722,-0.000918,0.019532,-0.048174,0.016007,-0.039708,0.015197,-0.006211,0.024305,0.032067,-0.014002,-0.011254,0.028700,0.005444,-0.004146,0.008794,0.052045,0.051107,-0.034639,-0.016771,0.020261,0.003399,-0.017533,0.011958,-0.020142,0.045073,0.023439,0.007037,0.011326,0.103000,-0.016491,-0.009540,0.000984,-0.000852,-0.023592,-0.047485,0.029429,-0.020657,-0.026317,-0.035612,0.019185,-0.039686,0.031303,-0.011037,0.020002,0.039799,0.013861,0.003925,-0.028972,0.009221,-0.031749,-0.030420,-0.045244,-0.016014,-0.022731,0.054114,0.047268,0.007840,0.020391,0.004363,0.327549,0.049435,0.017642,0.020545,-0.018697,0.009304,-0.013650,-0.010701,-0.079772,-0.005349,0.021749,0.015037,0.044392,0.004429,0.019731,0.023266,0.027592,0.031822,-0.126343,-0.030056,-0.041113,-0.017658,-0.006919,-0.022951,0.007959,-0.081880,0.081650,0.008078,0.017014,0.048987,0.029390,0.010402,0.024545,0.025784,-0.005998,0.001921,0.017775,-0.001460,-0.049513,0.083320,0.016418,-0.026931,0.018539,0.032752,0.002624,-0.016775,0.002207,0.026216,-0.013021,0.013209,-0.033590,-0.070237,-0.002334,0.002212,-0.023706,-0.023317,-0.027004,-0.008899,0.002205
-0.004717,0.006755,-0.002056,-0.003088,0.233973,-0.136691,-0.001891,-0.006522,0.018572,-0.001448,0.024529,0.036898,0.364288,-0.000124,0.009637,0.055012,0.034911,-0.002776,0.038984,-0.002024,-0.016614,-0.002839,-0.018654,0.027273,-0.026260,0.123361,-0.002065,-0.020515,0.248939,-0.006246,-0.003484,-0.118995,0.001752,0.019815,-0.009425,-0.116889,0.046199,0.007526,-0.000125,-0.014884,0.004298,0.022692,0.003295,-0.015332,0.007973,0.003209,-0.012075,-0.013220,-0.006872,-0.002167,0.158944,0.046989,-0.000005,-0.002028,0.003555,-0.011934,0.002997,0.031585,0.028864,-0.005303,0.003236,-0.053956,0.009448,0.049904,0.102728,-0.008538,-0.009528,0.101214,-0.006188,0.008195,0.133057,-0.008570,-0.001503,0.011254,-0.132100,-0.011246,0.008179,0.015230,-0.015031,-0.013369,0.000353,0.014351,0.005139,0.024715,0.013470,-0.016361,0.023503,0.006837,-0.001113,0.005569,-0.019376,-0.009217,0.003794,0.004761,0.012502,0.021718,0.019711,-0.003119,0.013339,-0.040600,-0.002376,-0.010832,0.009949,0.015348,-0.010501,-0.037997,0.021766,-0.012267,-0.030605,0.056906,0.013585,-0.067736,0.060002,0.006916,-0.001265,0.022528,0.025408,-0.008724,0.013201,-0.077939,0.002741,0.007084,0.014561,-0.018390,0.010697,-0.090923,-0.036322,-0.021711
-0.047612,-0.019026,0.000533,0.018832,-0.011729,0.003074,0.006033,-0.006460,-0.016171,-0.004617,0.007335,-0.011566,0.019931,0.021492,-0.018846,-0.002951,0.000930,-0.039053,-0.007073,-0.017878,-0.010029,0.023845,-0.005392,0.014622,-0.076764,-0.016392,0.012981,-0.025001,0.010669,0.009146,0.024441,0.017295,-0.005889,0.014702,0.004415,0.017385,0.020880,-0.002208,0.067602,0.006683,0.072201,0.025188,-0.020504,0.051943,-0.009767,0.020031,-0.006661,-0.004204,0.060327,-0.012870,0.016582,-0.010405,-0.022234,0.012225,0.060462,0.018431,0.037616,-0.007718,0.005858,0.033943,-0.009172,-0.011681,0.040073,0.018983,-0.015400,-0.011257,0.020542,0.012679,0.015490,-0.023455,0.003369,-0.008614,-0.005672,0.030846,-0.015908,-0.001802,0.007255,-0.002108,0.020920,0.001530,-0.010829,0.018315,0.014473,0.037429,0.010718,0.019924,-0.019952,-0.007588,0.010230,0.004732,0.018795,0.000352,-0.003225,0.002652,-0.011045,0.061094,-0.022107,0.003989,-0.010665,0.002733,0.001868,0.000474,-0.005004,0.020942,0.019140,-0.009661,0.007413,0.040404,0.036386,-0.010775,-0.024892,0.013777,0.025608,0.009626,0.030966,0.041066,0.019456,-0.011475,-0.025137,-0.008764,0.007471,0.051038,-0.005681,-0.004060,-0.017277,-0.007031,-0.010599,0.007801
0.077561,0.010907,0.014898,0.041701,-0.004211,0.007919,-0.012630,-0.005920,0.001029,0.023627,-0.004452,0.003512,0.021055,-0.021027,0.026015,0.017536,0.009873,0.012318,-0.003292,-0.021525,0.010460,-0.029970,-0.023981,0.009761,0.072604,-0.021216,-0.059652,-0.001289,-0.004075,-0.016228,0.017944,-0.022496,-0.001357,0.002887,0.031693,-0.015848,0.012853,0.007997,-0.076723,0.024709,0.043816,-0.009862,0.038506,0.037538,0.027002,0.010070,-0.006793,-0.004517,0.046855,-0.018600,0.004253,-0.012611,0.034945,-0.015143,0.010817,-0.020092,-0.004203,-0.026094,0.000811,0.051848,-0.013271,-0.018580,0.015992,0.014303,-0.003811,-0.014955,-0.014772,0.003739,-0.019253,0.039936,0.001006,-0.038857,-0.025174,0.001078,0.000228,0.001392,0.027143,-0.002449,-0.008077,-0.033438,0.000373,-0.037229,0.002193,-0.035875,0.026384,-0.003441,0.000435,0.027868,0.040930,0.027097,0.007573,-0.001594,0.001221,-0.018826,0.024476,0.058062,-0.015073,-0.011304,-0.024346,-0.014151,-0.007023,0.036577,-0.040344,-0.013471,0.015824,0.089041,0.006731,0.062376,0.000629,-0.019716,0.011803,0.010125,-0.014833,0.004082,0.019253,0.007784,-0.034152,0.027227,-0.011937,-0.011034,0.036940,0.023700,-0.043344,0.018237,0.051758,0.013504,0.015628,0.002776
-0.041744,-0.007510,-0.020333,-0.001970,-0.000855,-0.001405,-0.026874,0.006828,0.001847,-0.040917,0.025935,-0.011115,0.004219,-0.003084,0.009021,0.000949,0.009404,-0.015431,-0.025495,-0.012402,0.009164,0.007953,-0.013997,0.034768,0.039327,-0.001489,-0.017277,-0.016796,-0.000191,-0.013524,0.003749,0.005516,0.023254,0.023376,-0.003412,0.014059,0.023059,-0.003207,0.017129,-0.036827,0.039896,0.045032,-0.041440,-0.021337,-0.033718,-0.013469,0.001072,-0.018606,-0.003944,0.001667,-0.000285,0.003586,-0.015068,-0.021576,0.021422,-0.023003,0.031868,-0.006341,-0.003489,-0.029582,0.002758,-0.001305,0.046167,0.015772,-0.005783,-0.030686,0.048443,0.009216,-0.018119,-0.019182,0.002052,-0.006170,-0.012656,0.061627,-0.007403,-0.031811,-0.028922,-0.003219,-0.006860,-0.015320,-0.015299,-0.027742,0.010253,0.011337,-0.012350,0.008460,-0.017025,-0.005878,0.024030,0.009318,-0.046524,-0.002979,0.025686,-0.024643,-0.017825,0.048312,-0.003681,-0.009015,0.014679,0.000288,0.003357,-0.007302,0.006326,0.038852,0.023834,0.008965,-0.002204,-0.011563,0.011554,-0.007087,0.032419,0.003571,0.008372,0.002333,0.006691,0.047298,0.059835,-0.016294,-0.001101,-0.001840,-0.001316,0.030807,0.042859,-0.008584,0.018233,0.002602,0.003932,0.022218
-0.017247,0.068598,-0.002007,0.004734,0.051843,0.011466,-0.000034,0.067816,0.012665,0.021487,-0.030809,-0.032980,0.004275,0.030221,-0.001045,0.008995,0.005846,-0.016706,0.039009,0.004054,0.015618,-0.011042,0.005526,-0.029906,0.031940,-0.090003,-0.025111,-0.580419,-0.049306,0.001421,-0.011321,-0.030000,-0.007333,-0.001174,-0.047836,-0.027467,-0.042447,0.003694,-0.004046,0.003042,0.004489,-0.007903,-0.040117,0.038261,0.024285,0.175070,-0.013102,0.049711,-0.021637,0.003206,0.000357,0.033496,-0.014088,-0.016707,0.004711,-0.016260,-0.008638,0.036218,-0.012645,0.050106,0.041933,-0.031262,0.003219,0.004740,0.047826,-0.000557,0.030859,0.016015,0.000308,-0.001014,-0.058104,-0.001137,-0.026599,-0.010534,0.037039,-0.021135,0.010109,-0.005682,0.022096,0.002390,0.001707,-0.015757,0.002340,-0.003266,0.056700,-0.041474,0.042673,0.017582,0.057324,0.042318,0.017609,0.010539,0.000045,0.019414,-0.039162,-0.018610,0.004000,-0.022851,0.001928,-0.001863,-0.015588,-0.028101,0.031563,0.001276,-0.015017,0.023032,-0.047980,-0.001986,0.022103,0.051070,-0.013440,0.063152,-0.001006,0.011254,0.001605,-0.004614,-0.003207,-0.001965,0.026213,0.011090,0.001566,-0.005880,0.015443,-0.007581,0.014894,0.002374,0.014483,-0.023283
-0.033609,0.025223,-0.001268,-0.004171,0.004671,-0.004848,0.021361,0.017951,0.107042,-0.024085,0.010729,0.024901,0.009171,0.031739,0.035869,-0.011707,0.015528,-0.015544,0.031496,0.040753,-0.020431,0.011779,0.015362,-0.005605,-0.038855,0.009033,0.042398,-0.022751,0.003140,0.025378,0.011819,-0.004163,-0.003666,0.055859,0.012309,0.005815,-0.001826,0.050315,-0.024868,0.013600,-0.046630,-0.007388,-0.025810,-0.039220,0.026025,-0.003918,-0.025680,-0.030553,0.018071,0.006600,-0.030636,-0.014466,0.019598,0.005822,-0.039658,-0.017396,0.008536,-0.027500,0.019783,-0.012202,0.020501,0.006295,-0.021518,0.039079,-0.000301,0.049460,0.014911,-0.013122,-0.016400,0.028493,0.002092,0.024079,0.009789,-0.026378,0.006361,-0.027444,0.011972,0.007640,0.012250,0.018532,0.073174,0.045601,0.017447,0.013456,0.074751,0.037298,0.122372,-0.052331,0.028268,0.027759,0.006156,0.022266,0.010823,0.032679,0.043214,0.000466,0.100675,-0.003903,0.132476,0.006711,-0.005968,0.011059,0.007565,-0.003742,0.013964,-0.012368,0.009811,-0.048734,-0.005191,0.001506,0.053802,-0.008572,0.006794,0.027905,-0.013229,0.006410,0.045455,-0.003229,0.099413,0.017046,0.011971,-0.045196,0.041603,0.016298,0.036969,0.009417,0.006972,-0.001613
0.041018,-0.038225,0.040477,-0.000275,0.002339,0.009009,0.007459,0.007907,-0.012810,-0.021044,0.005292,-0.002382,0.007109,0.027483,-0.007453,0.000056,0.008093,0.019075,-0.032316,0.026201,0.007671,0.024682,0.017811,-0.005416,-0.070100,-0.029261,0.017236,-0.011620,-0.010316,0.008618,0.003636,-0.013953,-0.032917,0.018130,0.019079,0.004247,0.015133,-0.009542,-0.027739,0.022440,-0.013804,-0.001159,0.017140,-0.049719,0.032003,-0.011281,-0.026568,-0.078592,0.029104,0.005602,-0.000159,-0.013650,0.039893,-0.045261,0.016763,-0.035361,-0.013844,0.016521,-0.012751,0.021245,-0.031468,-0.010197,-0.005847,0.025097,-0.002692,-0.018359,0.035479,0.000628,-0.042665,0.017023,0.011022,-0.006711,0.001166,-0.001039,0.002461,-0.030847,0.008542,0.008557,0.035020,0.006616,0.003521,0.020351,0.032459,-0.014711,0.003445,0.003016,-0.001593,0.042756,0.008009,0.038329,0.014705,0.012453,0.006949,0.005195,0.006328,0.018149,-0.016260,-0.011220,-0.028428,0.015830,-0.012035,0.019033,0.045782,0.002418,0.008137,-0.031476,-0.012383,0.074819,0.018085,-0.012388,-0.001333,0.025682,-0.031001,0.023404,0.029914,-0.006931,-0.060129,-0.004357,-0.024377,-0.007534,0.005846,-0.027301,-0.024764,-0.047033,-0.012760,0.009900,0.026637,0.016292
-0.011550,-0.166541,-0.003476,0.001409,0.004923,-0.015860,0.000435,-0.026639,0.026635,-0.010117,0.015112,-0.011829,-0.025179,0.030801,-0.012965,-0.033813,0.009396,-0.003762,-0.176439,-0.037160,-0.000749,-0.018719,-0.009378,0.003006,-0.041969,-0.048849,-0.017967,0.237890,-0.003321,-0.016011,-0.002594,0.051607,-0.023902,-0.008555,0.013594,-0.003355,-0.008767,0.049588,0.001795,0.028270,0.028993,-0.003530,-0.043036,0.020543,-0.034678,0.028622,0.005262,-0.049012,-0.018158,-0.006123,0.006539,0.009115,-0.008738,-0.050524,0.041668,-0.027101,0.014247,-0.051090,-0.015699,0.022547,0.008322,-0.030100,0.020532,0.061917,-0.001370,-0.013712,0.032299,0.035685,-0.007175,0.001172,0.005969,0.044426,0.008968,0.025743,-0.045863,-0.108228,-0.012693,-0.012031,0.033988,0.009835,0.031362,-0.012179,-0.016455,-0.029926,0.033492,0.015240,0.011652,-0.025677,0.040954,0.030985,0.017112,-0.003986,-0.012894,-0.004852,-0.016689,0.012968,0.004145,0.019509,-0.010849,-0.029199,-0.034895,0.015530,0.019822,-0.005103,-0.033594,0.012067,-0.013503,0.006383,0.023422,0.063801,-0.007338,-0.001310,0.042561,0.005839,-0.013047,0.021334,-0.011013,-0.008926,0.024754,0.030299,-0.004648,0.034367,0.046705,-0.035735,-0.001479,-0.010584,0.017706,-0.020915
-0.019035,0.038449,-0.018325,-0.004120,0.000624,0.004516,-0.022203,-0.001608,0.019107,0.018912,0.002420,0.022078,-0.023520,0.012790,-0.013678,0.000585,0.020873,0.029196,0.029040,-0.023438,-0.038403,0.022584,0.018773,0.035546,0.031668,0.009243,-0.026461,0.017353,0.011876,0.001655,0.025453,0.012742,0.012412,-0.001149,0.000412,-0.003472,0.008408,0.023515,-0.005454,0.030851,0.023911,0.022849,-0.050686,-0.028953,-0.029819,0.001195,0.023456,-0.041818,0.009734,0.034964,-0.007451,0.007258,0.022962,0.009842,0.036051,-0.046427,0.048373,-0.040546,-0.007827,-0.017285,-0.012493,0.008162,0.030542,0.021263,-0.008485,0.012945,0.053499,0.011812,-0.024575,0.020738,0.003783,-0.001283,0.016697,0.014220,-0.000818,-0.091945,-0.009561,-0.012297,-0.024023,0.004009,0.017753,-0.040829,0.033776,-0.069833,-0.015987,0.057762,0.004626,-0.054962,0.037157,0.013778,-0.047201,-0.000678,0.032845,-0.021884,-0.008441,0.016562,0.021616,0.020971,0.039974,-0.010375,-0.025989,0.010792,-0.021510,-0.005005,0.007362,0.012176,0.011046,0.017407,-0.012058,0.006618,0.030642,-0.000986,-0.001257,0.022739,-0.016567,0.017514,0.033035,-0.004849,0.010069,0.008826,0.006503,0.032071,0.024292,0.002959,0.009041,-0.003972,-0.012805,0.007018
-0.006772,-0.013682,-0.027545,-0.027163,0.006337,0.018295,-0.034635,-0.010882,0.001828,-0.008830,0.031876,0.022462,-0.013203,-0.004170,0.079057,0.020042,-0.013795,0.061777,-0.014833,-0.014398,-0.038820,0.068986,-0.006199,0.044815,0.017340,0.009164,0.040049,-0.037485,0.017611,0.052233,-0.049640,0.003253,0.032981,-0.004422,-0.008360,-0.019470,-0.044147,-0.040697,0.022532,-0.010660,-0.055891,0.034952,-0.007951,-0.078427,-0.070398,0.015862,-0.019863,-0.023944,0.091126,0.019978,-0.014430,0.017383,0.078208,0.005331,0.000844,-0.059468,0.020013,-0.018755,-0.021800,-0.062952,-0.038233,0.001060,0.015745,-0.032945,0.006793,0.015367,0.080175,0.009782,-0.042387,0.030695,0.016912,-0.002442,-0.011428,0.014277,0.004878,-0.038762,-0.000013,-0.012533,-0.036696,-0.001419,-0.015786,-0.000605,0.081194,-0.047553,0.004046,0.020392,0.003386,0.048105,0.030448,0.039051,-0.054982,-0.021569,0.034449,0.013924,-0.021065,0.022934,0.023346,0.002967,0.013555,-0.011253,-0.005207,-0.017464,0.020217,0.020958,0.074224,0.015709,0.014644,0.061062,-0.080279,0.008131,0.061683,0.002388,0.016867,0.039852,0.014152,-0.003511,0.002457,0.042759,0.003076,0.005584,-0.023754,-0.039579,0.024738,-0.002891,0.008323,0.010003,-0.002267,0.055297
-0.003125,-0.022225,-0.007997,0.022595,-0.001574,-0.001111,0.039403,-0.018915,0.003341,0.027340,-0.013055,-0.017109,-0.006534,-0.006936,-0.012838,0.017005,-0.027038,0.047345,-0.011642,0.000903,-0.021885,0.013730,0.006110,-0.018353,-0.067388,0.011934,0.001892,0.011226,0.005776,0.022251,0.026413,0.014171,0.012281,0.004343,-0.098233,-0.010771,-0.036428,-0.004034,0.053128,-0.013002,-0.008244,-0.012543,0.007895,0.009563,0.003288,-0.007918,-0.029948,0.013006,0.049427,-0.003564,-0.000609,0.019501,0.056479,0.003305,-0.010705,0.030646,0.004820,-0.000199,-0.006481,0.026838,-0.008817,0.009138,-0.010034,-0.021499,0.009288,0.043179,0.022622,0.019116,0.026746,-0.004093,0.005773,0.001913,-0.017909,-0.000926,-0.016130,0.005859,-0.030487,-0.003561,0.045084,0.026179,0.028160,-0.013271,-0.001215,0.016993,0.044155,0.013925,0.018266,0.009233,-0.007681,-0.012692,0.024152,-0.014985,-0.012727,-0.000234,0.023478,0.019022,0.003844,-0.010270,0.009400,-0.015583,0.011687,-0.081720,-0.000549,0.001904,0.024543,-0.001480,0.010915,0.045394,-0.025592,0.013278,-0.008229,0.014405,0.030563,-0.029609,0.031237,-0.006798,-0.011519,0.011863,0.010459,0.018579,0.022851,-0.020454,-0.022462,0.055904,-0.015640,0.001843,-0.007943,0.042017
0.013551,0.019897,0.000426,0.015071,0.107265,-0.087118,-0.001985,0.027154,-0.018429,-0.011171,-0.036350,-0.032191,-0.017182,0.027027,-0.016537,0.009654,-0.012641,0.065109,-0.058257,0.003029,0.014584,0.019289,0.046142,-0.007885,0.053869,0.201537,0.059892,-0.000430,-0.020000,0.020327,0.005851,0.115258,-0.020298,0.089079,-0.038428,0.006105,0.036565,0.007882,0.000851,0.009499,0.007728,-0.002459,-0.043660,0.021735,-0.004851,0.024885,-0.029722,-0.040237,-0.028128,0.000557,-0.029790,0.047913,0.082161,0.008142,-0.004954,0.006659,0.001474,0.014428,0.040255,0.003430,0.007147,0.006602,0.003785,-0.540966,-0.001352,-0.003709,0.025635,-0.035444,-0.002420,-0.026300,-0.099487,0.029313,0.019466,-0.011417,0.108424,-0.050549,-0.001365,0.091079,0.029150,0.012605,0.013702,0.072708,0.009242,0.004475,0.007169,0.020385,-0.017284,0.006571,0.004716,0.001910,-0.005332,-0.003706,-0.023727,0.010547,0.045751,0.036849,-0.010905,0.019256,-0.009891,0.051011,0.018755,-0.037964,0.028483,0.010402,0.006145,0.036974,-0.079595,0.001209,-0.002323,0.064953,-0.018525,-0.091573,0.019241,0.028020,0.068649,-0.000521,0.007324,-0.002864,-0.008679,0.109840,0.027232,0.008360,0.021523,-0.031344,-0.004199,0.025456,-0.078835,-0.005731
0.010529,0.018508,0.028093,-0.009180,0.004329,0.001248,-0.019572,0.021598,0.014930,-0.016156,-0.022737,0.016477,0.004816,0.009102,-0.011377,-0.011693,0.023778,-0.005320,0.019530,0.062365,0.019491,-0.010880,0.105933,0.002064,0.024080,0.010354,0.032908,0.018407,0.002968,0.006473,0.015226,-0.011948,-0.058020,0.009737,0.006705,0.000861,0.001671,0.042816,-0.014045,0.094192,-0.007289,0.009781,-0.030654,-0.031061,0.043044,0.020754,0.004996,-0.000761,0.010811,0.019079,-0.001843,-0.013290,0.008993,0.011929,-0.052819,-0.041635,0.010656,-0.012284,0.003111,-0.035196,0.008056,0.005768,0.014283,0.013121,0.005238,0.004091,-0.034089,-0.004691,-0.044095,0.014512,-0.011772,-0.018597,-0.006180,0.001970,0.013313,0.009112,0.001569,0.015742,-0.022352,-0.023002,0.025992,0.040566,0.001183,-0.006292,0.000339,-0.029771,0.008815,0.010808,0.000304,-0.035677,-0.003462,0.054434,-0.057637,0.004983,0.002548,-0.054665,0.015842,-0.010783,0.028958,0.023637,-0.013557,0.012663,-0.014591,-0.003158,-0.015408,0.023383,0.014850,0.006441,-0.037286,0.001240,0.023017,-0.004803,-0.012469,-0.008190,-0.019097,-0.006689,0.009019,-0.011699,0.001957,-0.001882,-0.001733,-0.010443,0.013232,-0.017567,0.052494,-0.002070,-0.009118,-0.033813
-0.001734,-0.007697,-0.003417,-0.021968,-0.000322,-0.001309,0.018751,-0.001442,0.021456,-0.021359,0.026305,-0.006085,0.015445,0.051581,0.044616,0.006258,-0.016704,-0.003522,0.000323,0.020342,0.037462,-0.018338,-0.014511,0.002800,0.031912,-0.010253,0.007164,0.021723,-0.006046,-0.028726,-0.049563,0.000662,-0.033082,0.001981,-0.035886,0.012269,0.017380,0.026642,0.064662,-0.035917,0.017774,0.026811,-0.004485,0.048308,0.002505,0.017305,0.008171,0.051796,-0.020372,0.011023,0.037892,-0.009856,-0.015842,-0.019733,0.005357,0.001564,0.031010,-0.031925,0.000451,-0.003295,0.072897,-0.003479,0.011705,-0.003019,-0.010372,-0.015470,0.017398,0.004436,0.003180,-0.012943,-0.015657,-0.024440,-0.034800,0.023945,-0.008130,0.025906,-0.026975,0.007388,-0.007713,0.033480,0.039728,0.047145,-0.032588,0.045671,0.006592,-0.007942,0.015719,0.071899,0.043301,0.002435,-0.006035,0.042881,-0.024752,-0.033100,-0.016276,-0.025364,0.024210,-0.052518,0.026970,0.008444,0.016743,-0.013188,-0.024864,0.030316,-0.012735,0.012869,-0.012882,-0.032603,0.026770,-0.009239,0.060631,0.000262,-0.009423,-0.007332,-0.024602,0.024898,0.072665,0.020148,0.027835,-0.006757,-0.040106,0.003982,0.063970,-0.001971,0.013607,0.003326,0.018224,-0.015910
-0.000508,0.015673,0.012262,0.018807,0.010986,0.002172,0.009002,-0.015652,-0.019100,-0.015631,-0.029309,-0.003903,-0.005177,-0.007854,-0.041492,0.007540,0.006290,-0.007593,0.017136,-0.021129,0.019706,0.015062,0.038048,0.003599,-0.056957,-0.005002,-0.006557,-0.038109,0.015785,0.010126,0.012414,0.020347,-0.017841,-0.036396,-0.006072,0.005966,0.030433,0.015021,0.075768,0.048597,0.053191,0.002986,-0.021620,0.046260,0.051991,0.014110,0.006858,0.031980,0.114963,-0.014617,0.019009,0.008133,-0.026644,0.038991,0.027562,0.050302,0.034451,-0.009199,-0.004305,0.032885,-0.005031,-0.006128,0.033725,0.027056,-0.005554,-0.004316,-0.006220,-0.009797,0.029303,-0.046322,0.004762,0.011402,0.013690,0.023753,-0.021927,0.001545,0.028868,-0.015671,0.016929,0.014772,0.009011,-0.021604,0.006792,0.003630,0.004860,0.026099,-0.020518,0.037921,-0.002947,-0.009984,0.041401,0.017997,-0.046716,0.015582,-0.031917,0.040539,-0.006480,0.004107,-0.042440,-0.005262,0.018000,0.003470,-0.040767,0.004009,0.006123,0.002494,0.005652,0.091611,0.008732,-0.014702,-0.027264,0.004101,0.022012,0.009061,-0.002001,0.040662,0.017160,0.023971,-0.010159,-0.005176,0.005478,0.032347,-0.002864,0.041268,0.019895,-0.017349,0.001369,-0.013481
-0.019108,0.024256,0.030290,0.010979,0.006538,-0.017571,0.049489,-0.021753,0.026975,0.054762,0.026308,0.048263,-0.050259,-0.004845,0.030336,-0.017000,-0.013862,-0.017286,0.035985,-0.009230,0.036843,0.001926,0.009010,-0.027606,-0.092252,0.035524,-0.030432,-0.032736,-0.001082,-0.012287,0.005330,0.018393,0.008580,-0.024800,0.026874,0.023396,-0.079282,-0.010542,0.006456,0.014958,-0.029132,-0.019686,0.083530,-0.025534,0.004480,0.016554,-0.006122,0.061385,0.028094,-0.017233,-0.017380,0.029180,-0.033990,0.035296,-0.034257,0.040201,-0.015567,0.007614,0.027413,-0.038854,0.016134,-0.006594,-0.039892,-0.058643,0.005801,0.033922,-0.007639,0.056153,0.008161,0.007969,0.019362,-0.050742,-0.021520,-0.055203,-0.007892,0.082805,0.006671,0.017741,0.006870,0.018234,0.001624,-0.019357,-0.013544,-0.021412,0.033823,0.003430,0.055528,0.043946,0.006711,-0.016674,0.016879,0.004914,-0.000851,-0.040410,-0.025042,0.046833,0.026520,-0.014802,0.043436,0.007831,0.035892,0.018890,-0.004706,-0.032850,0.017836,-0.018107,0.015308,0.016008,-0.014185,0.016841,0.018890,0.001814,0.009367,0.005467,-0.029130,-0.049500,-0.010002,0.065285,0.015915,0.016889,-0.012228,-0.015761,-0.037512,0.031852,0.022784,-0.011668,-0.008452,0.045109
-0.031474,-0.226534,0.026196,0.009221,0.014402,-0.036085,0.058165,-0.044757,0.042012,0.008850,0.014016,0.011025,0.016636,-0.013031,-0.009999,-0.021461,-0.038905,-0.001946,-0.213820,0.001686,0.026299,0.006179,0.016817,-0.007770,-0.019337,0.020994,-0.008097,0.021374,-0.021676,0.006588,0.008404,-0.021876,0.022926,0.038513,0.011752,-0.006892,-0.036801,0.018947,0.009044,0.005352,-0.009497,0.013460,0.020594,0.000416,0.000366,0.092687,-0.042046,0.070581,0.036163,-0.011054,-0.021245,0.001113,-0.017930,0.036083,-0.004582,0.067357,-0.002436,0.023701,-0.003537,0.023220,0.028679,-0.036622,-0.017906,0.017667,-0.009400,0.004064,0.016405,0.009306,0.046279,0.008975,-0.013699,0.156816,0.055268,0.004913,0.006132,0.067808,0.014889,-0.004868,0.032416,0.061338,0.033416,-0.033348,-0.019892,0.000640,0.019582,0.048640,0.054858,-0.010427,0.001983,-0.007249,0.024743,0.025715,-0.064033,0.027560,0.033587,0.005215,0.019424,0.074213,0.043836,0.013557,0.026872,0.017249,-0.006566,0.015750,0.001122,0.005422,0.017882,0.007256,-0.003092,0.049142,-0.014460,-0.018391,0.022846,-0.012532,-0.012799,0.014774,0.011769,0.027711,0.036681,0.033620,0.015530,0.000126,0.027074,0.055992,-0.007590,-0.032000,0.010498,-0.006014
-0.025714,0.001124,0.043885,0.020952,-0.010748,-0.002548,0.012607,-0.007846,-0.007065,0.075052,-0.002240,-0.018317,-0.039229,-0.005290,-0.013138,-0.010169,-0.077880,0.024871,-0.004907,-0.026451,-0.009180,-0.008872,-0.001344,-0.011802,0.047172,-0.011927,0.022815,0.001167,-0.001064,-0.023322,0.011316,0.044264,0.027333,-0.016422,-0.019656,-0.011952,0.004885,0.007258,-0.030611,-0.000472,0.028868,0.027854,0.022783,0.015912,-0.017636,-0.015308,-0.046867,0.098667,0.014780,0.008697,-0.052838,0.022363,0.031056,-0.016290,0.040409,0.004154,0.012927,0.030197,-0.037198,-0.012391,0.030852,0.049870,-0.000753,0.035161,-0.009212,0.035989,0.016787,-0.001041,0.033091,-0.019563,-0.003920,-0.016736,-0.010392,0.016685,-0.011494,0.025490,-0.061221,0.009899,-0.008491,0.069252,0.019922,0.027402,-0.032891,0.060016,0.083567,0.078700,0.059011,-0.024569,-0.006043,-0.043554,-0.013163,0.036572,-0.003292,-0.034053,-0.015490,0.079868,-0.001658,-0.023286,0.045062,-0.048516,0.018147,-0.032809,-0.008649,0.011136,-0.006684,0.086449,0.003184,-0.009234,-0.018920,0.031098,0.012893,-0.012844,0.013638,-0.015247,0.012930,0.006792,0.056357,0.032353,0.017625,0.036292,0.001664,0.027860,0.010024,0.143106,-0.051757,-0.012410,-0.033251,0.002277
0.015080,-0.018874,-0.021152,0.001194,0.002550,-0.005416,-0.018082,-0.029901,-0.020438,-0.012792,0.061958,0.043550,0.001364,0.016024,0.017053,0.030002,-0.004590,0.053754,0.004243,-0.058097,0.002603,0.031993,-0.019795,0.083683,0.011886,0.001670,-0.014162,-0.002395,0.013593,0.015805,0.008376,0.002752,0.003764,-0.051395,-0.038089,0.004269,0.001549,-0.025453,0.040486,-0.038486,0.003515,0.071263,-0.016211,-0.014470,-0.011506,0.016226,-0.005781,0.019298,0.038832,0.042895,-0.015872,0.017430,0.023036,0.006670,0.015506,-0.009212,0.084794,-0.001898,-0.016437,-0.009910,0.000088,0.002153,0.056308,-0.018469,-0.010990,-0.020239,0.055945,0.016024,-0.006846,0.008847,0.006628,0.012393,0.001583,0.079166,-0.020852,-0.029901,0.004521,-0.000542,-0.011674,0.009179,-0.019082,-0.022570,0.045985,0.025460,-0.059939,0.009687,-0.062377,-0.002487,0.031262,0.012486,-0.017668,-0.002531,0.009021,-0.015914,-0.002065,-0.048945,-0.001744,0.005901,0.009965,-0.010098,0.032555,-0.038920,0.002140,0.024541,0.048295,-0.004933,0.003770,-0.013936,-0.003510,-0.014540,0.034147,0.016910,0.030418,0.025642,-0.031837,0.030210,0.059749,0.027449,-0.023259,-0.006113,-0.013776,0.012950,0.056091,-0.009369,-0.011038,-0.004946,0.009765,0.019979
-0.038239,0.042871,-0.019593,0.000138,-0.010706,0.000934,0.020347,0.007320,0.066008,-0.003556,-0.039776,-0.008066,0.002402,0.005726,0.002745,-0.006251,-0.009037,0.013809,0.016590,0.013758,-0.021740,0.016571,-0.007414,-0.016609,0.014086,-0.018800,0.018907,0.011145,-0.000237,0.027080,0.017290,0.011011,0.015854,0.045366,0.061847,0.006369,0.029229,0.027068,-0.027110,-0.006562,0.021607,-0.021919,-0.018442,0.004668,-0.010108,0.002768,-0.021832,-0.034433,0.002761,-0.038963,0.004960,-0.007713,0.045393,0.008740,0.040166,-0.014672,-0.024432,-0.010414,0.000710,0.027526,-0.026131,-0.010684,-0.012352,0.025020,-0.005379,0.035548,-0.004869,0.008488,0.010966,0.035176,0.006404,-0.024055,-0.008777,-0.032454,-0.004053,-0.023811,0.000794,-0.007804,-0.008412,0.002817,0.032218,0.005585,0.012751,-0.023687,0.093451,0.034982,0.091188,-0.035430,-0.003758,0.000605,0.024109,-0.004128,0.002116,0.014213,0.030105,0.092655,0.033501,-0.011061,0.053278,0.009717,-0.002433,0.053421,0.000904,-0.001362,0.018779,0.009712,-0.004456,-0.022130,0.018309,-0.000037,0.013028,0.001995,0.005716,0.007821,0.033048,-0.000927,-0.025089,-0.002714,0.055477,-0.000477,0.015566,0.022330,-0.013796,-0.013992,0.020092,-0.003939,-0.008971,0.011780
0.014797,0.012317,-0.027607,0.041155,-0.027042,0.014755,-0.004331,0.006085,0.039920,-0.036679,0.005716,0.016419,-0.007048,-0.017341,0.033155,-0.011406,-0.008681,-0.023369,0.015776,-0.063314,0.047280,-0.017552,-0.038697,0.000873,-0.001843,-0.044442,-0.034849,0.028504,0.000456,-0.026954,0.089337,0.010427,0.007990,0.162068,0.046611,0.020584,-0.021730,-0.016034,0.271834,-0.045112,-0.040408,-0.021328,0.001733,-0.019490,-0.032108,0.005532,0.043145,0.040669,0.142584,-0.040002,0.028642,0.039102,-0.081444,-0.010379,0.001407,-0.012795,-0.022150,-0.020413,0.061849,0.002281,-0.012052,0.008201,-0.013867,-0.007933,-0.025654,-0.038932,0.012887,0.001967,-0.013759,-0.006398,-0.003916,-0.039178,-0.029209,-0.009445,-0.007704,0.000902,0.003667,0.006609,-0.036011,-0.009195,-0.028314,-0.050323,0.006137,-0.020853,0.007156,0.004213,0.032495,-0.039906,0.004692,-0.020847,-0.017971,-0.023767,0.019049,-0.018182,0.158275,-0.052217,0.038040,-0.042729,-0.001061,0.001343,0.016793,0.048955,-0.001761,-0.011202,0.010523,-0.006062,-0.015412,0.020409,-0.095935,-0.020707,0.010292,0.011007,-0.007130,-0.014623,0.044849,-0.040879,-0.039929,0.003999,0.027597,-0.029618,0.103471,-0.033007,-0.026181,0.017802,0.052642,-0.017594,0.009637,-0.009940
0.002640,0.001235,0.003553,0.013990,0.203599,0.211289,-0.006901,0.037040,0.005314,0.012090,0.016394,0.009382,0.079253,0.003063,0.004771,-0.020737,0.009691,0.001175,-0.001191,0.012341,-0.014710,-0.011764,0.003214,0.013831,-0.022082,-0.148516,0.009970,0.063177,0.033426,-0.013065,0.019278,0.019705,-0.000429,0.014226,-0.020726,0.192805,0.029841,0.005588,0.004991,0.006520,0.013913,0.011862,0.013864,0.009976,-0.024010,-0.002862,-0.010567,-0.019270,0.002798,0.004080,0.061956,-0.045998,0.002850,-0.020860,0.018690,-0.015025,0.008682,-0.010074,-0.064074,0.000576,0.012751,0.159278,0.013961,-0.014237,0.149874,-0.007042,0.001036,0.188157,-0.005454,0.006995,-0.344464,0.029510,0.024627,0.016228,-0.025067,-0.003344,-0.013765,-0.243624,-0.004279,-0.006784,0.001498,0.007882,-0.005941,-0.003963,0.010352,0.005952,0.006931,-0.008578,0.010431,0.004508,-0.008182,0.004737,0.007298,-0.011477,0.014083,0.001504,0.008837,0.015095,0.004203,-0.047692,-0.017776,-0.014785,-0.000936,0.003956,-0.007498,-0.022546,0.010324,0.009046,-0.100817,0.123763,0.014864,0.129685,-0.111468,-0.011504,0.012259,0.013844,0.008822,-0.010591,0.004721,0.080565,0.019991,0.012345,0.020420,0.000858,-0.003456,-0.000574,-0.063958,0.004503
-0.028476,0.005164,0.066032,0.012915,-0.020316,-0.021058,0.036200,-0.020328,0.029796,-0.013191,-0.013725,0.027545,-0.032175,-0.046194,-0.038354,0.015744,-0.029237,0.026669,0.011056,-0.001289,0.052044,0.055583,0.016820,-0.017023,0.033570,0.009102,-0.030866,0.023599,0.043758,0.042074,0.018818,0.035966,0.018914,0.044143,0.023517,-0.008868,0.006407,-0.036508,0.007319,0.024897,0.040341,0.040386,0.009731,0.003061,0.044713,-0.040430,0.026553,-0.004017,0.040389,-0.032869,0.011440,0.005086,0.038307,0.061986,-0.013604,0.100819,-0.017476,0.212826,0.004980,-0.029457,-0.021581,-0.016918,0.015589,0.005653,0.011914,0.014219,-0.012700,-0.010212,-0.008536,-0.012485,0.005092,-0.019482,-0.016519,0.027468,-0.009473,0.041131,0.028915,-0.019064,0.024008,-0.026199,-0.045864,-0.035736,0.032724,0.119310,0.065356,-0.067571,0.058543,-0.034931,-0.022271,0.014171,0.026157,-0.013351,0.039229,0.032400,0.018925,-0.006704,-0.020938,0.005536,0.085592,-0.009826,0.100483,0.019543,0.005526,0.058502,0.091170,0.057929,-0.025310,-0.005782,0.032046,0.006866,-0.108337,-0.001266,-0.007275,0.022650,-0.000682,0.030638,0.045150,0.028489,0.016867,-0.003118,0.017685,0.027440,-0.022175,0.027265,0.021141,-0.025372,-0.038323,0.059789
-0.015848,0.053184,0.050644,0.010866,-0.007086,-0.001813,0.008121,-0.001406,-0.023121,0.016207,-0.004436,-0.013814,-0.031814,-0.016975,-0.038668,-0.000582,0.003495,0.011263,0.050064,0.026163,-0.001713,-0.016242,0.073578,0.003669,0.024399,0.020891,0.080645,0.018600,0.004986,-0.011958,-0.010805,0.016616,0.021950,0.001868,-0.044920,0.002010,-0.026613,0.037452,0.003145,0.115202,0.033046,0.013742,0.002975,-0.026165,-0.086590,-0.006094,-0.016679,-0.012496,0.069409,0.013763,0.009107,0.025087,0.029225,0.001024,0.029529,-0.004176,0.017025,-0.018823,-0.009886,0.018581,0.010288,0.006822,0.012157,0.008156,-0.021681,-0.006860,-0.002190,0.006537,0.011680,0.017071,0.001372,-0.010682,-0.011092,0.016816,0.019240,-0.006847,-0.033306,0.003332,0.020593,0.026849,0.054225,0.077198,-0.018847,0.006901,0.007460,0.082387,-0.024647,0.028719,0.001036,-0.022094,-0.009874,0.051288,-0.097222,-0.008255,0.005937,0.075527,-0.009868,-0.019007,0.018563,-0.006966,-0.012934,-0.030101,-0.025577,0.002198,-0.025443,0.002160,-0.002462,0.116837,-0.039630,0.013400,0.012250,0.000265,0.013723,-0.033206,0.023836,0.028386,0.018667,0.013039,-0.007598,0.019681,0.008269,0.028580,0.010853,0.000467,0.010892,-0.035380,-0.046425,-0.036200
0.015710,0.013598,-0.002264,0.033269,0.363038,-0.002862,0.005753,0.044816,-0.022346,0.006432,-0.035123,-0.041687,-0.102862,0.001431,-0.016706,0.002901,-0.042378,-0.001132,-0.025958,-0.007147,0.024530,0.007265,0.005743,-0.019225,0.107329,-0.081090,0.017512,0.029342,0.075950,0.006964,0.043678,-0.050968,-0.001421,0.015052,0.020593,0.074704,0.018498,-0.017241,0.004016,-0.002199,-0.009542,-0.022118,-0.023661,0.030205,0.014934,-0.008494,0.044321,0.019402,0.008623,0.001300,-0.152251,0.160715,-0.003019,0.003282,-0.001879,0.024418,0.004536,-0.022663,-0.077701,0.013997,0.004611,-0.041914,-0.010914,0.106959,0.076015,0.008280,0.015371,0.138556,0.018931,-0.016053,-0.027413,-0.022201,-0.015767,-0.013059,0.094510,0.005959,-0.007633,0.026408,0.018461,0.015201,-0.004239,0.017258,-0.005555,0.000926,-0.020293,-0.004623,-0.029335,0.031861,-0.004621,-0.009539,0.025047,0.003904,0.000832,0.000241,0.026976,-0.033581,-0.026631,-0.015919,-0.026979,-0.007055,0.011917,0.022295,-0.005581,-0.006366,0.022039,0.075015,0.116010,0.013462,0.106551,-0.140741,-0.030067,-0.322905,0.173576,-0.002831,0.014207,-0.027626,-0.024204,0.010457,-0.018586,-0.040698,0.041233,-0.010490,-0.022283,0.015407,-0.003494,0.089606,0.172388,0.026940
-0.038357,0.050524,-0.021727,-0.011016,0.002660,0.003990,-0.020015,0.000212,0.047401,-0.001759,0.007356,0.072645,0.002187,-0.030918,-0.020679,0.002415,0.051750,-0.007704,0.055485,0.008681,0.006543,0.013280,-0.004552,0.009496,0.018003,-0.002674,0.000203,0.041492,0.001370,0.006086,-0.024163,-0.001501,0.057295,0.011406,-0.011134,0.013640,-0.004747,0.002705,0.007849,-0.004954,0.007187,0.014678,-0.031531,-0.030579,-0.034254,-0.024705,0.043800,-0.026971,0.036831,0.059005,0.010812,-0.005867,-0.013993,0.046255,0.016534,0.005993,0.022474,-0.013715,-0.009085,-0.052933,-0.011165,0.005639,0.004560,-0.009779,-0.000645,0.047889,-0.010421,-0.006822,0.017846,0.041415,0.001351,0.035060,0.032953,-0.003786,0.001219,-0.000691,0.031120,-0.007246,-0.053713,-0.010975,-0.012009,0.008497,0.020083,-0.023683,-0.001939,0.001219,0.036063,0.004136,-0.017161,-0.004270,-0.041506,-0.015813,0.015108,0.023276,-0.020776,0.051360,0.050124,0.031601,0.074065,0.008922,0.010693,0.006134,-0.042036,-0.022577,0.035287,0.033304,0.002323,0.029177,0.023366,0.004019,-0.010872,0.006493,0.002467,0.000535,-0.020159,0.011742,0.030175,0.003238,0.039416,-0.004442,-0.020056,0.020856,0.011093,0.038062,0.046191,0.014327,0.012617,-0.014767
0.019470,0.047029,-0.002068,0.037667,-0.002172,0.012735,-0.003674,-0.000480,0.015246,0.001489,-0.015105,0.009044,-0.000515,-0.033879,-0.036301,-0.026591,0.051281,-0.037604,0.000095,0.039742,0.001215,-0.049887,0.026592,0.009805,-0.091949,-0.016282,0.027676,-0.007583,0.013624,-0.018334,0.026874,-0.001002,0.014593,-0.015549,0.033066,0.020400,0.004435,0.033422,-0.055696,0.021091,0.085902,-0.007386,-0.018959,0.050421,-0.029951,0.009402,0.008453,-0.018063,0.011590,-0.030887,0.023602,-0.015429,-0.026556,-0.004064,0.013633,0.002874,0.025570,-0.022852,0.015895,0.042488,0.001320,0.001443,0.049026,0.001539,-0.009081,0.008436,-0.055983,0.004183,0.022803,0.008240,0.020718,0.029547,0.028758,0.032468,-0.012117,0.001193,0.015042,0.024402,-0.004566,-0.036369,0.029505,0.029686,-0.026866,-0.003570,0.039901,-0.023714,0.001970,0.021980,-0.031650,-0.018922,0.024374,0.003065,0.014866,0.012447,0.024756,0.033810,0.012689,0.021462,0.004833,0.018357,-0.039348,0.032772,-0.006379,-0.004948,-0.033127,-0.057735,0.002832,0.038063,0.047502,0.008738,-0.022848,0.002284,0.019966,-0.031562,-0.016589,0.064355,0.040468,-0.052650,0.001033,-0.001892,0.053652,0.066089,0.018338,0.003506,0.021386,-0.022221,0.002647,-0.032550
0.010724,-0.013088,0.013196,-0.035064,0.107320,-0.008403,-0.002608,-0.024554,0.008014,-0.011629,0.008280,-0.011596,0.072330,-0.010733,0.004702,0.073207,-0.007325,-0.164138,-0.000165,0.012403,-0.004854,-0.005261,0.020333,0.010298,-0.006552,0.036619,0.001176,0.027608,-0.127056,0.010940,-0.034869,-0.040143,-0.005167,-0.060789,0.318974,-0.016249,-0.199426,-0.001267,0.057277,0.026098,0.019553,0.016666,-0.007342,-0.010684,0.004643,-0.028860,0.145548,-0.006273,0.108556,-0.025262,0.118248,0.067035,-0.141449,-0.013548,0.008396,0.014360,-0.006800,0.000915,-0.012229,0.032938,-0.005656,0.065907,0.020549,-0.186222,-0.007835,-0.007971,-0.004433,-0.013172,0.015890,0.013290,-0.006458,-0.018770,-0.017100,0.029150,0.038418,-0.001669,-0.005977,0.013105,0.035196,-0.001150,0.005358,0.009867,0.003402,0.038696,-0.003146,0.002171,0.000438,-0.102749,0.002530,0.023798,0.034176,0.001826,0.010949,0.014117,-0.140768,-0.028138,-0.005336,-0.014432,0.005711,-0.019344,-0.010619,0.251541,0.000433,0.023625,-0.005203,-0.005347,0.013322,0.083412,0.027169,-0.087592,-0.000169,0.058687,0.017754,-0.003774,-0.016964,0.025010,0.017166,-0.014590,0.004003,-0.009059,-0.069688,0.011807,0.003740,0.024799,-0.014497,0.082340,0.032375,0.007126
0.000705,-0.005432,0.040358,0.037087,-0.011304,-0.004154,0.036834,-0.005354,0.014047,-0.024963,0.027792,0.016468,0.003718,-0.006197,-0.027175,0.008081,-0.003773,-0.020682,0.049614,-0.007813,0.014944,0.025528,-0.001266,0.011043,-0.022025,-0.013629,-0.012530,-0.015268,0.021676,0.020084,0.079511,0.042269,-0.011115,0.058144,-0.014854,0.017988,0.066674,-0.005363,0.044259,0.033293,0.056940,0.039536,-0.009152,0.005992,0.044537,-0.018078,0.000588,-0.006585,0.040410,-0.023616,0.053692,0.002188,0.009663,0.021575,-0.003161,0.070431,0.025533,0.065727,0.019609,0.015350,-0.016736,-0.004915,0.031219,-0.012835,-0.025477,0.008252,-0.015776,-0.006790,0.037153,-0.009944,0.007576,-0.003276,0.001905,0.046756,-0.037265,-0.002317,0.025930,-0.001384,0.030678,-0.016200,-0.026073,0.021349,0.019012,0.113222,0.013604,-0.008361,0.013486,-0.030503,-0.018541,0.002220,0.035198,-0.008393,-0.058739,0.020437,0.094586,-0.070836,-0.004603,0.037106,0.040298,-0.031458,0.037498,-0.014548,0.003234,0.042022,0.022816,-0.042378,-0.019931,0.009356,0.023644,-0.015841,-0.052082,0.010615,0.028099,0.018805,0.001604,0.049559,0.064822,-0.005690,0.000414,-0.033065,0.107858,0.043977,-0.009627,0.005935,0.016891,-0.005171,-0.009142,0.015764
-0.028268,-0.027624,-0.005153,-0.003115,-0.116964,0.096744,0.010003,0.008527,0.004151,0.003151,-0.027317,-0.012308,0.099487,0.001653,-0.017952,-0.126919,-0.020214,0.003659,-0.035419,-0.005779,0.016346,0.015635,0.002804,-0.020224,0.035460,0.209792,-0.000729,-0.027537,-0.185942,0.017049,-0.002090,-0.007496,-0.003015,-0.014291,0.017275,0.128085,0.116956,-0.003033,-0.010079,-0.005072,-0.017108,-0.013156,-0.016589,-0.009023,0.005976,0.005565,0.019319,0.021876,0.004366,-0.000350,-0.071746,0.060427,0.008485,0.028977,-0.021177,0.020645,-0.005852,-0.000512,0.103236,-0.004619,-0.000583,0.272504,-0.014732,-0.061140,0.119033,0.015922,0.007833,0.130518,0.002089,-0.021335,0.123660,-0.000324,-0.003628,-0.023648,-0.007820,0.015092,0.015094,-0.191822,0.007020,0.011437,0.002799,0.003605,0.008782,0.003702,-0.003664,0.004422,0.004493,0.035431,-0.001562,0.005036,0.009057,-0.002790,-0.006198,0.009804,-0.006626,-0.027149,-0.000013,-0.003816,0.008726,-0.037290,0.019609,0.011837,-0.005857,-0.003982,0.010802,0.023962,0.130725,-0.003250,0.023838,0.087645,-0.023174,0.015170,0.006726,0.016161,-0.005388,-0.014885,-0.001909,0.016151,0.006843,-0.208452,-0.004918,-0.018065,-0.007976,0.027917,0.011649,-0.010659,0.107247,0.002783
-0.005334,0.005532,0.004671,-0.006659,-0.041703,0.182722,0.006249,0.141304,-0.000733,-0.013003,0.000591,0.005464,0.076428,-0.000118,-0.011417,0.129965,-0.001965,0.017990,0.015857,-0.003076,0.005612,0.022938,0.000610,0.010404,0.019924,0.054554,0.016402,0.019484,-0.195010,0.016216,-0.004116,-0.003696,0.012561,-0.002849,0.001530,-0.007739,0.039770,-0.005691,-0.022940,0.002645,0.012090,0.013063,-0.022613,-0.004276,0.000178,0.006484,-0.009246,-0.008697,-0.022321,-0.010282,-0.164594,0.048477,0.011651,0.015505,0.021255,-0.002837,0.000107,0.028715,0.038828,-0.006309,-0.015414,-0.008074,0.016601,0.068832,-0.005578,-0.002500,0.016613,0.029341,-0.008755,-0.003713,-0.090163,-0.010810,-0.008687,0.010803,0.033618,-0.014751,0.013122,0.057314,-0.001883,0.002357,-0.013548,0.010044,0.015577,0.004930,0.007874,0.002975,0.004671,0.011191,-0.000567,0.007982,-0.020040,-0.001066,0.006501,0.008974,-0.000540,-0.007288,-0.009209,0.008039,0.002365,0.029017,0.008327,-0.001691,0.007498,0.015937,0.018916,0.006581,0.111982,-0.019113,0.062689,0.012464,-0.012400,0.076377,0.029221,0.011257,-0.001622,0.017457,0.003402,-0.003144,-0.003156,-0.155458,-0.006984,0.013321,0.006941,-0.012035,0.006331,0.024710,0.036419,0.002505
-0.004846,-0.029361,0.034954,0.014067,0.007822,-0.001608,0.021347,0.003130,-0.006182,-0.003403,-0.005670,-0.015753,-0.000558,0.046942,-0.003927,-0.004928,-0.020924,-0.018266,-0.030037,0.015998,0.002509,0.034349,0.024459,-0.021985,-0.081894,0.009690,-0.015543,-0.044518,0.007387,0.046351,0.037111,0.003134,-0.031197,-0.001287,-0.001014,-0.007793,0.003705,-0.021398,-0.003290,0.025782,-0.025476,-0.015843,0.022642,0.018108,0.025217,0.023248,0.013524,-0.019611,-0.027375,0.047243,-0.008772,0.004982,-0.037718,0.012029,-0.020113,0.014734,0.017908,0.000245,-0.000380,-0.003869,0.012052,0.002114,-0.024857,0.011465,-0.000337,0.005670,0.028225,0.000811,-0.010875,0.010718,0.009912,0.015170,0.001616,-0.019896,0.006571,-0.002854,-0.007279,0.012337,0.045245,0.017250,0.016404,-0.039379,0.019437,-0.036103,-0.025430,0.006300,-0.009595,0.052256,-0.002993,0.024042,0.022842,0.020136,0.012274,0.012911,-0.000227,-0.004338,-0.005885,0.014945,0.017361,-0.002398,0.030346,0.012782,0.050429,-0.002807,0.017712,-0.042663,0.012680,-0.019723,-0.019981,0.007747,-0.001926,0.000479,-0.004641,0.035550,-0.006498,-0.029393,-0.008120,0.013514,-0.000776,0.011654,0.028932,-0.025272,0.005983,-0.016404,-0.028582,0.009809,-0.008263,0.039425
0.033072,-0.014542,0.052936,-0.014341,0.021712,0.000713,0.022090,0.006106,0.041124,-0.006154,0.024345,0.048140,0.017007,-0.016924,0.003586,0.010933,0.031885,0.019716,0.024085,0.039244,0.053521,-0.009473,0.029415,0.005316,-0.051098,-0.017413,-0.017570,0.004634,-0.011280,0.008439,-0.008394,-0.019435,0.015759,0.004346,0.000552,0.008029,-0.026766,0.006938,-0.000037,0.028366,-0.025231,-0.024767,0.049342,-0.017797,0.017657,-0.021573,0.015265,-0.009564,0.033634,0.012768,0.001358,-0.004112,0.003113,0.006245,-0.026703,0.032123,-0.031042,0.004900,0.012946,-0.045571,-0.002341,-0.014251,-0.021048,-0.042193,0.011328,0.009580,-0.045372,-0.004394,0.021205,0.026568,0.008530,-0.000149,-0.011186,-0.016734,0.014724,0.046553,0.031715,0.032411,-0.004484,-0.011561,-0.011123,-0.041343,0.006747,-0.003863,0.002430,-0.027566,0.047409,0.020930,-0.018042,0.028866,0.008324,0.013304,0.002812,0.030526,0.004985,-0.010722,0.035525,-0.002452,0.011655,0.008206,0.045456,0.005196,0.006558,0.000399,0.008038,-0.031840,0.013890,0.003710,-0.008786,-0.004860,0.005286,0.016734,-0.017755,-0.023607,-0.015871,-0.017050,-0.039797,-0.016467,0.034877,-0.006287,0.000186,-0.016251,-0.006971,0.020747,0.042399,0.015513,0.017263,0.003072
-0.011117,0.016373,0.008546,0.007143,0.002485,0.009821,0.006078,0.004093,0.031252,-0.024022,0.010656,-0.009024,0.013297,0.033717,0.029025,-0.003784,-0.007439,-0.051906,0.011360,0.070330,0.018667,-0.047838,0.025993,-0.007149,0.059792,-0.006475,0.030230,0.027479,-0.010862,-0.030423,-0.011881,-0.018749,-0.003335,0.005178,-0.037494,-0.003447,-0.015006,0.045194,0.034454,-0.009646,0.028588,0.008571,0.009045,0.031225,-0.019212,-0.013181,-0.009551,0.047998,0.009783,0.022011,0.036457,-0.010495,-0.031693,-0.012959,0.011421,-0.023341,0.035388,-0.034111,0.013593,-0.030475,0.068496,-0.011016,-0.003083,-0.020366,-0.000090,0.011108,-0.009678,0.005934,0.005547,-0.002274,-0.004980,-0.058925,-0.064083,0.006219,0.010306,0.046885,-0.025999,0.013058,-0.024032,0.028943,0.078862,0.021988,-0.052030,-0.008727,0.009090,0.009546,0.015823,0.076239,0.016849,-0.005883,-0.014346,0.047961,0.028749,-0.021203,-0.006954,0.009083,0.025088,-0.072708,0.051251,0.010296,-0.007027,-0.044206,-0.020912,0.005402,-0.029584,0.040371,-0.015513,-0.001778,0.027834,-0.007858,0.060614,0.008486,-0.030576,-0.034025,-0.025870,0.017216,0.050021,0.015146,0.027428,0.005270,-0.006102,0.025302,0.071027,-0.001326,0.000720,0.006674,0.018049,-0.010980
-0.004825,0.037064,-0.021135,0.005872,-0.005788,-0.001821,0.026832,0.019826,0.014767,0.017739,-0.021083,-0.015946,0.013901,0.027208,0.011848,-0.009574,-0.016290,0.025997,0.009100,0.041464,-0.047636,0.023065,0.004113,-0.026973,-0.027396,-0.010028,0.005896,0.005723,-0.004989,0.042818,-0.014046,-0.000990,-0.011482,0.035602,0.045758,0.007007,0.017505,0.027157,0.010185,-0.003323,-0.036917,-0.017910,-0.001795,0.001385,0.017308,-0.001426,-0.007192,-0.028265,-0.003616,0.020396,-0.000757,-0.010926,0.044307,0.010345,-0.007577,-0.002270,-0.009921,0.015350,-0.007233,0.014698,0.002131,-0.010735,-0.012630,0.024749,-0.001155,0.038261,-0.008794,0.002319,-0.001956,-0.002904,0.007783,0.005700,-0.000756,-0.029047,-0.003837,-0.011429,0.015584,0.000478,0.011684,0.020516,0.052160,0.002616,0.019681,-0.025762,0.047412,0.001507,0.056141,0.023179,-0.007946,0.019890,0.025837,-0.003756,0.002630,0.038830,0.012993,0.049287,0.023816,-0.000409,0.017863,0.013799,-0.010233,0.028831,0.026555,-0.011599,-0.009216,-0.012651,-0.008714,-0.009479,0.017115,-0.000778,0.009567,-0.006351,-0.009302,0.013751,0.047408,0.000420,-0.018445,-0.009495,0.029707,-0.000648,0.005508,-0.026209,0.008274,-0.019702,-0.015713,-0.000882,0.001636,0.013108
0.035607,-0.000369,-0.006558,-0.007526,-0.088630,0.024784,0.003637,0.049136,0.001606,0.008220,0.001766,0.008450,0.046224,0.005424,-0.006893,-0.138980,0.008379,0.023432,0.000311,0.003863,-0.003455,-0.003270,0.003269,-0.002900,-0.004853,-0.045711,0.002082,-0.010411,0.241233,-0.009021,-0.002244,0.138163,0.001548,0.002918,-0.001160,-0.050137,-0.037197,0.017803,-0.001723,-0.001040,-0.006628,-0.006264,0.005624,-0.002067,0.007122,0.003487,-0.003362,-0.010806,-0.027635,0.005678,0.116582,0.461209,0.024997,-0.006413,0.004370,-0.002619,-0.002313,-0.000509,0.036006,-0.003455,0.009141,0.288687,-0.002374,0.068173,-0.012501,0.003423,-0.000736,-0.034595,0.003411,0.025586,-0.023937,0.014607,0.006856,-0.008841,0.171880,-0.007580,-0.002691,0.115703,0.003420,0.013849,0.009065,0.000353,-0.009969,-0.010347,0.002535,0.022586,0.010688,-0.017163,0.002574,-0.002591,-0.009558,0.002893,0.008426,-0.000576,-0.007871,0.030681,0.004346,0.011145,-0.004564,0.001622,-0.008848,-0.000197,0.004113,-0.009570,-0.011085,-0.005624,-0.042204,-0.018713,0.063287,-0.133662,0.003086,0.038361,-0.101870,-0.000556,0.003078,-0.002410,-0.005356,-0.003278,0.003765,-0.026221,-0.015377,-0.001423,0.002065,-0.007845,0.000528,-0.071671,0.004037,-0.012795
-0.055277,-0.012683,0.025407,-0.017598,0.021228,0.014235,-0.011184,0.021943,0.006069,-0.001959,0.022774,0.033643,0.040741,0.005307,0.022851,0.020459,0.017208,0.025648,-0.027726,0.011576,0.016277,0.011920,-0.040261,0.036944,0.071980,0.012440,-0.117344,-0.011531,-0.028881,0.032177,-0.029603,-0.002902,0.031836,-0.017189,0.022072,0.010006,0.018152,0.022022,-0.013020,-0.003509,0.054203,0.027119,0.008738,0.032858,0.013777,0.022769,0.041183,-0.024004,-0.014141,-0.024572,-0.003553,-0.003561,0.060861,0.029086,0.105487,-0.014913,-0.012906,0.004651,-0.005724,0.009746,0.005087,-0.017789,0.046308,-0.029616,0.005634,0.003171,-0.003368,-0.015553,0.010598,0.020697,-0.009519,0.016749,0.019374,0.040151,0.016378,-0.004937,0.018656,0.012676,-0.022858,0.004573,0.024660,-0.237057,0.018372,-0.046044,0.026616,-0.001099,-0.001214,0.007871,-0.003107,0.034517,-0.003593,0.002930,0.056456,0.020845,0.020478,0.162365,0.005174,0.010269,0.022431,-0.002047,0.024438,0.019293,-0.001273,0.041544,0.018157,0.048667,0.008003,-0.021372,0.091271,-0.043905,0.020897,-0.009553,-0.020102,0.021009,0.008658,0.026856,-0.015050,-0.015832,-0.000394,-0.042821,0.003321,0.063878,0.025913,-0.009449,0.017154,0.045954,0.034588,0.012818
0.006135,0.014063,0.020422,-0.009784,-0.001785,0.011170,0.014815,0.020951,-0.013060,0.029243,-0.018007,-0.020625,0.028507,0.013516,0.016695,0.001685,-0.019708,0.006375,-0.026579,0.019169,0.025340,-0.005063,-0.010466,-0.023774,-0.061145,-0.015681,0.009584,0.015857,-0.010699,-0.009613,-0.031993,-0.011471,0.019684,-0.016199,-0.036334,0.017434,0.000804,-0.014377,0.052722,0.035464,0.006804,-0.022943,0.043779,0.005180,-0.019280,0.013829,0.019387,0.019690,0.026870,0.054897,0.023307,0.002038,0.018611,0.010095,0.037636,0.022525,0.015993,-0.030091,0.012513,0.009896,0.055434,-0.002154,-0.014070,0.009157,-0.002049,0.030762,-0.023078,-0.012512,0.007700,-0.019324,-0.004621,0.011299,-0.000572,-0.006669,0.006081,0.049585,-0.005275,0.026011,-0.001343,0.013434,0.032086,0.042116,-0.014206,0.027869,-0.014552,0.016765,-0.008901,0.084135,-0.012166,-0.003212,0.010129,0.038411,0.008168,-0.002485,-0.016160,0.037599,0.008295,-0.027383,-0.009102,-0.006220,0.023746,-0.037329,-0.016535,-0.026819,-0.026780,0.011356,-0.002132,0.069144,0.012498,-0.013467,0.026423,0.003950,-0.016122,-0.012544,0.002284,0.005308,0.044147,0.035473,0.015421,-0.003831,-0.020468,0.009112,0.005843,0.032345,-0.024947,-0.002122,0.006583,0.002944
-0.044850,0.008028,-0.032233,0.017557,0.004448,0.003184,-0.009182,-0.005589,0.023098,-0.018248,0.027135,-0.006403,-0.020616,0.019296,0.051115,-0.014433,-0.009591,-0.097693,-0.020466,0.022630,-0.034261,-0.004855,-0.028914,0.010907,0.020224,0.017800,-0.006055,-0.051254,0.003674,-0.016766,0.030735,0.019643,0.027253,0.032618,0.015579,-0.007944,0.013445,0.005829,-0.016550,-0.038534,0.031870,0.021502,-0.039631,-0.005750,-0.051991,-0.013272,0.022926,0.022170,-0.028478,-0.030100,-0.005060,-0.001669,-0.061376,-0.009955,0.020103,0.002191,-0.003005,-0.053883,0.022082,-0.012613,0.015823,-0.002843,0.019047,-0.006269,0.007190,-0.028813,0.012274,0.011416,0.035176,-0.003844,-0.001378,-0.030632,-0.026561,0.017491,-0.001925,-0.003012,-0.041080,0.008790,0.013367,0.021268,0.024830,0.016016,-0.024991,-0.024110,0.039990,0.052699,0.017877,0.022428,0.011249,-0.006807,0.008555,-0.000756,-0.003939,-0.033519,0.026139,0.029752,0.014006,-0.023733,0.048763,0.010142,-0.013904,0.026202,0.018973,0.008145,0.003172,-0.016306,-0.004846,-0.040422,0.018816,-0.002597,0.043572,0.001910,0.007488,-0.013956,0.008271,0.025222,0.057904,0.010176,0.015565,0.016737,0.036048,0.032709,0.017990,-0.013551,-0.018804,-0.023822,-0.015092,0.015798
0.007377,-0.003505,0.008021,-0.002114,-0.089078,-0.010587,0.004090,0.168698,0.005584,-0.015681,0.004459,0.007665,-0.056687,0.009022,0.010847,0.251554,0.013872,-0.023914,0.016079,0.007781,-0.001159,0.001209,0.003764,0.001080,-0.004035,-0.264452,-0.005777,0.017076,0.032529,0.002100,0.004085,0.047513,-0.006499,-0.000225,0.027550,0.119780,0.019941,0.011346,0.002708,0.008892,0.009883,0.005389,0.002549,-0.003851,0.002985,-0.010383,0.003241,-0.004883,-0.001739,0.003923,0.059150,0.100357,-0.027207,-0.002095,0.011765,-0.002391,0.008361,0.004973,0.050202,0.006026,-0.000877,-0.062505,0.008351,-0.082448,0.011834,-0.007855,-0.002167,-0.188038,-0.003812,0.010568,0.120833,0.000032,-0.004700,-0.000410,0.084623,0.004290,0.006884,-0.092850,0.006111,-0.012744,0.000913,-0.004925,0.002426,0.006163,0.000607,-0.008781,0.001442,-0.009659,-0.002269,0.009500,-0.003655,0.005050,-0.004919,0.002162,-0.015003,-0.017183,0.001003,-0.006251,0.008615,-0.006034,0.002589,0.018186,0.007131,0.003857,-0.001572,-0.001597,0.332459,-0.003551,0.009187,0.259820,0.007248,-0.171714,-0.100767,0.005852,-0.001383,0.013332,0.007708,-0.003804,0.002626,0.163586,-0.006898,0.010890,0.009731,-0.004688,0.004192,-0.120973,0.066472,-0.005874
0.012274,-0.019406,0.013952,0.016495,0.008908,-0.001596,0.011980,-0.002455,-0.005439,0.019091,0.012076,-0.014741,0.006617,-0.029330,0.019342,0.011623,-0.014226,-0.017689,-0.004419,0.011776,0.010312,0.000509,0.013794,0.003147,-0.021702,0.021171,0.005219,0.029228,0.005127,-0.018571,0.022869,0.015604,0.040514,-0.006826,-0.098338,-0.011355,-0.056306,-0.019232,-0.033120,0.004084,0.026184,0.015800,0.015905,-0.016955,-0.006656,-0.051726,-0.018848,0.043145,0.008247,0.016288,-0.008661,0.012307,-0.012817,-0.022908,-0.024689,0.005596,0.008667,-0.049009,0.003526,0.009120,0.011884,0.008321,0.000816,-0.021281,0.005835,0.015273,0.016688,0.019143,0.016892,0.047060,-0.004523,-0.029963,-0.013841,0.019362,0.005830,0.032048,-0.043460,0.013904,0.008049,0.014969,0.004610,-0.003237,-0.019109,0.001880,-0.000747,0.003531,-0.022982,-0.019094,-0.006396,0.005434,-0.002452,0.025407,-0.009956,-0.011048,0.014431,0.019751,0.006862,-0.013614,0.033160,-0.008136,-0.006568,-0.073225,-0.000633,0.009102,0.016682,-0.014021,0.009764,0.019232,-0.022454,0.017744,0.009532,0.012356,0.017830,-0.047429,0.002004,-0.000675,0.020206,-0.001803,-0.003414,0.020991,0.026349,0.004636,0.013979,0.069411,0.007007,0.001734,-0.000913,0.021876
-0.043359,-0.030356,-0.028543,0.022339,-0.020528,0.012424,-0.000703,-0.010516,0.001692,0.019814,-0.000197,0.004182,-0.015865,-0.006381,0.002001,0.057407,-0.000123,0.006208,-0.039991,0.006912,-0.013108,-0.009322,-0.000458,-0.003034,-0.014144,-0.009147,0.016673,-0.000231,0.037865,-0.002818,0.030509,0.038893,0.001137,0.011673,0.023275,0.059911,-0.012166,-0.012286,-0.012540,-0.031344,-0.035236,-0.002410,0.002542,-0.015809,0.016767,0.010359,0.039750,-0.024485,0.011141,0.019591,-0.085295,0.023989,-0.012764,0.005863,-0.008198,0.004243,0.034077,-0.004425,-0.048477,-0.006902,-0.006007,0.102186,-0.010337,0.061373,-0.041835,0.028754,-0.001606,-0.126844,-0.007483,-0.013774,0.075336,-0.006887,0.009985,-0.007039,0.023972,-0.010427,0.003836,-0.042501,0.010610,-0.020107,0.002333,0.025046,0.004875,0.010126,-0.033589,-0.024049,-0.019949,0.038563,-0.006335,-0.010194,0.009600,-0.021385,0.025754,0.006971,0.034413,-0.067035,0.005799,-0.005440,0.008462,0.012788,0.000640,0.018820,0.009329,-0.006575,-0.009253,-0.011522,0.006023,0.014446,0.042193,0.030607,-0.000796,0.056154,0.039869,0.003925,-0.009670,-0.006876,0.003547,-0.008264,-0.003265,-0.016647,0.030692,-0.015663,0.000970,-0.011986,0.005489,0.031003,0.011717,0.005767
-0.001082,0.027861,-0.007705,-0.002525,0.011047,-0.130817,-0.011693,-0.043567,-0.011388,0.009946,0.003951,0.006516,0.032385,-0.004144,-0.004310,-0.012390,-0.001686,0.008729,0.028154,-0.007387,-0.014204,-0.017692,-0.003356,0.008399,-0.042219,0.107322,-0.019020,-0.023996,-0.127552,-0.015524,-0.012718,0.363804,-0.014055,-0.006108,-0.054000,-0.025379,0.045554,0.002056,0.026367,-0.004003,0.002948,0.003208,0.019659,0.015188,-0.000144,-0.010289,-0.016520,-0.008704,0.035995,0.002806,0.176982,0.065526,0.006442,-0.018592,0.004969,-0.014468,0.002249,-0.000021,-0.000009,0.019513,0.003083,-0.059589,0.011593,0.057162,0.149356,-0.010078,-0.006261,0.137878,0.002322,0.001646,0.049933,-0.000426,0.001676,0.019609,0.075541,-0.007688,-0.007329,-0.073495,-0.009388,-0.005906,-0.010450,-0.010508,-0.010775,-0.004728,-0.005375,-0.017737,-0.004767,-0.014982,0.001295,-0.010628,0.004432,-0.011058,0.002009,-0.006438,0.000460,0.029093,-0.007335,0.000074,-0.022042,0.052495,-0.017745,-0.040580,-0.000601,-0.001582,-0.016722,-0.041603,0.005479,0.024781,-0.022183,0.101431,0.003632,-0.134967,-0.152802,-0.010895,0.004676,0.006259,-0.007022,-0.007379,-0.011039,-0.000393,-0.005727,0.006557,0.002300,0.005574,-0.016095,0.107788,0.187724,-0.012537
-0.089593,-0.020949,0.034581,-0.008834,-0.003341,-0.006229,0.013755,0.011287,-0.004154,0.002645,-0.006322,-0.008616,0.011231,0.031545,-0.005534,-0.005732,0.018000,-0.022874,-0.001910,0.067631,-0.010603,0.034796,0.058707,-0.001224,-0.048092,-0.018014,0.001991,-0.005641,0.004674,0.015911,-0.003288,-0.007853,-0.043038,0.063600,-0.000359,0.000825,0.007264,-0.015928,0.100318,0.051099,-0.006443,0.004337,-0.002347,-0.009510,0.046251,0.014659,-0.012581,-0.018343,0.058035,0.018010,-0.002404,0.003008,0.004505,-0.008158,-0.019598,-0.000246,0.008686,0.024298,-0.000947,0.008415,-0.010547,-0.022108,-0.002850,0.028305,-0.003690,-0.005696,0.018183,-0.000800,-0.023754,-0.069139,0.005715,0.035051,0.028967,0.003774,0.008998,0.000715,0.029627,-0.001609,0.038893,0.007708,-0.024249,0.003556,0.048689,-0.015614,-0.019211,0.004139,-0.029967,-0.021869,0.008189,0.061474,-0.001966,0.039212,-0.012104,0.021510,-0.022749,0.023505,-0.031707,0.033036,-0.023168,0.017831,-0.015215,-0.007186,0.027737,0.002737,0.016136,0.003259,-0.001408,0.067971,0.040268,-0.013211,0.002969,0.012251,-0.003472,0.037289,0.071328,0.004832,-0.043143,-0.003903,-0.032046,-0.009959,-0.014503,-0.014106,-0.037493,0.012844,-0.017590,0.002537,0.009764,0.042263
0.014776,0.000254,0.048302,-0.023191,0.002122,0.000525,0.005546,-0.004263,-0.018313,0.035499,0.002284,-0.004662,-0.018676,-0.003259,0.035673,0.012589,-0.027577,0.051517,0.014805,0.005356,0.009896,0.029330,-0.023989,-0.007996,-0.021486,0.012940,0.005036,0.020052,0.012510,0.020679,-0.024242,0.016643,0.068024,-0.038717,-0.014325,-0.008368,-0.037502,-0.022640,-0.020514,0.037676,0.016902,-0.003881,0.043549,-0.030754,-0.118914,0.010017,-0.006733,-0.003630,0.028378,0.039189,0.008254,0.024328,0.047465,0.021141,0.032022,0.012019,0.004885,-0.007143,0.009455,-0.018190,0.009669,0.008653,-0.012182,0.024706,-0.005173,0.009478,0.010011,-0.001393,0.030767,0.020281,-0.007808,-0.003428,-0.007711,-0.012021,0.009211,-0.003259,-0.006401,-0.007884,-0.013132,0.027619,0.010130,0.024160,0.019718,0.017872,0.023759,0.054429,0.013671,0.089134,0.010789,0.010075,-0.010222,0.042936,-0.010442,-0.004732,-0.015055,0.044935,-0.016690,-0.015485,0.008739,-0.025938,0.013832,-0.007875,-0.002245,0.009683,0.009695,-0.016462,0.008544,0.077967,-0.037059,0.008309,0.036284,-0.013214,0.001560,0.006030,0.009008,-0.010898,0.031333,0.054001,0.003865,0.009946,-0.008042,0.010375,0.005139,-0.030855,-0.029181,-0.015697,-0.021534,0.019171
-0.031251,0.000549,0.003732,0.000162,-0.010140,-0.002465,0.029171,0.004111,-0.008193,-0.022146,0.005251,0.010943,0.009146,0.016856,-0.000676,-0.005785,-0.022936,0.016191,0.021205,0.024518,-0.011470,0.037214,-0.011784,-0.023440,0.071374,-0.012208,0.002267,0.037834,-0.010116,0.043524,-0.015938,-0.023654,-0.016506,0.045687,0.020839,0.000431,0.008203,0.008684,0.030956,0.011735,-0.030979,-0.000361,0.002996,-0.025323,0.016914,-0.003084,-0.014132,-0.017866,0.013560,0.008119,0.007455,-0.007070,0.051989,0.039343,-0.003205,0.017829,-0.011670,0.030621,-0.002014,0.004707,-0.015187,-0.007764,-0.013968,-0.000336,0.000049,0.017177,0.012487,0.001401,-0.009468,-0.034270,-0.001760,0.003546,0.003677,-0.018043,0.005475,0.001049,0.043079,-0.006054,0.003662,0.007739,-0.007825,0.001117,0.042718,-0.003371,-0.011633,0.013049,0.015565,-0.033777,-0.000483,0.016221,0.025953,0.003949,-0.007461,0.035416,-0.003794,0.014716,-0.009612,0.018108,0.019475,0.013734,0.018830,0.014670,0.020460,0.001212,0.023240,0.050942,-0.008053,0.007345,0.000748,-0.004588,0.000677,0.000880,-0.009540,0.049135,0.035213,-0.014138,-0.033894,0.011363,-0.001125,-0.006440,-0.013904,-0.013518,-0.028907,-0.015035,-0.012109,0.004262,0.007685,0.017173
-0.001593,0.047097,0.021794,0.017060,-0.001824,0.017910,-0.005210,-0.006255,-0.029757,0.034580,-0.018043,-0.002097,0.000947,0.040280,-0.012570,0.006189,-0.014530,0.030739,0.013968,-0.018854,0.005380,0.033492,0.025010,-0.004746,-0.052344,-0.008912,0.005490,-0.022508,-0.005130,0.027629,0.019594,0.000886,0.017747,-0.005296,0.034798,-0.015754,0.010414,-0.017624,0.041664,0.041911,0.026048,-0.004802,0.024257,-0.011409,0.032875,0.064546,0.013334,-0.008259,0.019144,0.034027,-0.001525,-0.005052,0.032170,0.048848,0.065848,0.034683,0.029630,-0.011683,0.003446,0.010962,-0.038227,-0.001250,0.003129,0.033966,0.007570,0.029756,0.030568,0.002159,0.012079,-0.035929,0.012317,0.027168,0.006737,-0.013670,0.002348,0.002393,0.002567,-0.011654,0.012118,0.040024,0.008472,-0.017447,0.002754,-0.023279,0.010103,0.034526,-0.011894,0.058619,-0.008191,-0.051292,0.006794,0.030140,0.008400,-0.023002,-0.067965,0.049570,-0.032414,0.008787,-0.039753,-0.021408,0.040368,0.028349,-0.017476,-0.008168,0.024893,0.005075,0.008066,0.041361,-0.013827,-0.001961,0.003489,0.017218,-0.021432,0.036638,-0.004093,0.002347,-0.008497,0.079163,-0.020490,-0.009620,-0.026386,0.024413,-0.023907,-0.061656,-0.014670,0.001136,-0.014340,0.021542
