0.010640,0.000169,0.026873,-0.066220,-0.000647,-0.006623,-0.001852,0.001228,0.003229,0.029918,0.002716,-0.016090,0.022253,0.009293,0.038097,-0.024334,0.009092,-0.018335,-0.010882,0.014911,0.002684,-0.011607,0.048992,0.047922,0.001504,0.002885,0.008008,-0.047461,-0.012262,0.065426,-0.021158,0.010627,0.044217,0.015766,-0.007193,0.000710,0.008822,0.010521,0.035822,-0.021368,0.010952,-0.013578,-0.006124,0.007857,-0.013290,0.023076,0.004172,0.008028,-0.000381,0.018420,-0.010166,0.028093,0.004020,0.017731,0.016143,0.004540,-0.003545,0.001230,-0.003805,0.017910,0.070547,0.005650,-0.028146,0.004262,0.003803,0.039219,0.075056,-0.003898,0.015514,0.004975,-0.004892,0.005288,-0.007402,0.007612,-0.014504,0.014281,0.017918,0.000979,0.038429,0.033214,-0.004988,-0.001368,-0.013958,-0.000573,0.060949,0.015233,0.009096,0.014167,-0.029153,-0.010341,0.030025,0.001931,-0.013974,0.022490,-0.004910,0.005317,0.007924,0.002086,-0.051770,-0.019188,-0.003477,0.006729,0.010884,0.023635,-0.000479,0.000005,0.123100,0.006261,-0.005193,0.020960,-0.007617,0.006908,0.001786,0.009042,-0.023892,0.030414,-0.000995,-0.007400,0.000494,0.055582,0.006281,0.029448,0.001524,-0.002096,-0.000997,-0.030095,0.006308,0.015703
0.011697,0.011929,-0.001953,-0.004064,0.005092,-0.005801,-0.006455,-0.000881,-0.003622,-0.006976,0.014581,0.004587,-0.009296,0.001645,-0.010123,0.001603,-0.011502,0.018476,-0.005947,0.008381,-0.011520,-0.012031,0.021620,-0.002811,-0.039619,0.009016,0.002563,-0.005679,-0.031892,-0.009010,-0.003968,0.024181,-0.006929,0.000957,0.032032,0.005702,-0.000911,0.016900,0.006761,0.017785,-0.010109,0.006832,0.012114,-0.008582,0.010968,0.000534,0.001260,0.009080,-0.014857,-0.000072,0.000373,-0.020071,0.001478,-0.014299,0.010008,0.009688,0.008735,0.000018,-0.008077,-0.012338,-0.008709,0.012203,0.062427,-0.002495,-0.003529,-0.008686,-0.011305,0.011542,0.002267,0.011275,0.015720,0.011822,0.004113,-0.001682,0.002664,0.016982,0.015716,0.008817,0.004419,0.007037,0.000086,-0.011610,0.017513,0.010470,-0.001615,-0.004660,-0.001900,0.017125,0.007977,0.019076,0.023656,0.019795,0.003495,0.006436,-0.010671,0.002908,-0.011694,-0.011404,-0.007664,0.034677,0.002388,0.013685,0.008998,0.003593,-0.005683,-0.004867,-0.001410,0.009245,0.008522,0.030448,0.013158,0.003697,-0.006621,-0.002765,0.000015,-0.001434,0.008019,0.006680,0.006693,-0.007603,0.020986,0.000928,-0.005100,0.002386,-0.009445,0.026005,-0.003233,0.028247
0.008879,0.008773,0.034666,0.002867,0.004731,-0.014278,-0.003554,-0.001473,0.002504,0.011763,0.007811,0.042289,-0.006050,-0.094316,-0.017217,-0.049161,0.001129,0.002297,0.020410,0.007125,-0.005855,-0.015273,-0.049713,0.006149,-0.057610,0.009632,-0.014499,-0.011924,-0.024411,-0.039146,-0.012884,-0.072106,0.002024,-0.031937,0.024577,-0.013862,-0.003260,0.059737,-0.009562,0.006923,-0.007234,-0.015631,0.073200,0.037667,0.002849,-0.018100,-0.058783,-0.042642,0.008924,-0.007794,-0.000469,-0.068883,0.030838,-0.010859,0.029059,-0.024215,-0.009109,-0.001031,0.003044,-0.081703,0.022666,-0.098106,-0.002282,-0.071688,0.001832,-0.028783,0.023177,-0.016440,-0.028794,0.002656,0.014497,-0.004765,0.003020,0.002366,-0.003652,-0.000601,-0.001928,-0.039505,0.006176,0.016314,0.005916,-0.033706,0.017424,-0.035224,-0.022051,-0.014360,-0.013598,-0.009609,-0.014229,-0.026271,0.038832,0.003915,-0.001198,-0.040050,0.016063,0.026870,0.005023,-0.018685,0.017031,0.015857,-0.000784,0.036479,0.033069,-0.018534,-0.033820,-0.000506,0.032383,0.008304,0.000750,0.077291,0.029670,0.030269,0.011606,-0.032969,0.000970,0.000411,-0.006149,-0.037491,0.005818,-0.004955,0.006253,0.020181,-0.048133,-0.000691,0.000038,-0.016126,0.007099,0.008450
-0.014722,0.001472,-0.015479,0.007668,-0.006053,0.026596,-0.003385,-0.008073,0.000531,-0.011458,0.013678,0.000013,-0.031706,0.014914,0.012164,0.020993,-0.001279,0.013519,-0.009165,0.042977,0.016075,0.007616,0.066269,0.003266,0.037309,0.002916,0.001992,0.007331,-0.008596,-0.018374,0.009971,0.045122,-0.004764,-0.021349,-0.001560,0.015034,-0.003315,0.007314,0.022720,-0.002297,0.019897,0.020802,-0.010564,-0.009995,0.022354,-0.004856,0.015533,0.019827,-0.018106,0.024239,0.004581,-0.005415,-0.006883,-0.014030,0.003633,0.025406,0.038248,0.003604,0.000488,-0.008837,-0.014320,0.001285,0.068516,0.022232,-0.001246,-0.030375,-0.014299,0.002760,-0.028466,-0.007826,-0.014770,0.007517,-0.002807,0.030371,0.000586,-0.028335,-0.026432,-0.013094,0.017002,-0.043390,0.007986,0.003648,0.034990,0.030977,-0.016152,0.013055,0.014784,0.023430,0.021946,0.047082,0.009783,0.007463,0.001342,-0.001291,0.011428,0.039522,-0.016934,-0.015400,0.024190,0.030734,0.000057,0.024024,-0.015453,0.029483,-0.003719,0.003963,-0.029872,-0.004442,0.000104,-0.014247,-0.001179,-0.026297,0.004653,0.005460,0.013699,-0.045230,-0.007457,0.015953,0.007450,-0.008939,0.024446,-0.002751,0.015705,0.009987,-0.014956,0.084208,-0.012563,0.038871
0.016395,-0.000247,0.008308,-0.042634,0.001410,-0.018163,-0.000490,0.004165,0.001801,0.015948,0.022344,0.009396,0.013910,0.017965,-0.029967,-0.000960,0.000317,-0.003654,0.003090,0.016785,-0.004866,-0.000874,0.016502,0.008140,0.016910,-0.032463,0.043815,0.416889,0.006467,-0.006365,-0.073288,-0.010069,0.019174,0.020791,-0.015409,-0.097433,0.001728,0.003073,0.012334,-0.006197,-0.025358,0.003266,0.008333,0.002799,0.013847,0.013915,-0.011983,0.018226,0.003766,0.015521,-0.023478,-0.005383,0.007190,0.010596,0.014003,0.009005,0.016478,-0.000865,-0.000721,-0.004748,0.003360,0.004463,-0.001318,-0.015103,-0.001498,-0.000186,0.002339,0.083503,-0.016599,0.004655,0.024162,0.031817,-0.001645,0.025141,0.002900,0.001724,0.005177,0.023181,0.008221,0.108796,-0.002470,0.025860,0.000450,-0.014908,-0.010028,-0.001687,0.013005,0.016175,-0.143970,0.004471,0.009143,0.056692,0.029958,0.020458,-0.004913,0.017183,0.016691,0.040961,-0.029854,-0.004006,0.001064,0.103651,0.016343,0.010155,0.014667,0.004350,0.009551,0.001382,0.028655,0.021761,0.015219,0.012854,-0.000090,-0.003517,0.455314,0.073171,0.029779,-0.003665,0.015818,0.011929,0.016938,0.040141,0.008458,-0.052670,0.006463,-0.016730,-0.014309,-0.013837
0.012643,-0.000695,-0.006804,-0.041373,0.003121,0.007283,-0.007535,-0.007138,-0.004474,-0.005672,-0.006693,-0.008154,-0.014296,0.000599,0.013007,0.014892,0.000445,-0.006214,-0.014925,0.052054,-0.009328,0.025866,0.020689,0.000445,0.026091,0.001239,0.003450,-0.028596,0.020769,-0.030326,-0.001373,0.002688,0.026891,-0.003420,-0.021123,-0.027419,-0.011235,-0.011189,-0.002379,0.006572,0.003326,0.007458,-0.006763,-0.014434,0.000054,0.004705,0.020671,0.011037,-0.009600,0.014632,0.006996,-0.001049,-0.009036,0.007598,0.001337,0.008028,0.011466,0.001611,0.000965,0.004494,0.053253,-0.004313,-0.025340,0.010327,-0.000301,-0.042672,0.048370,-0.009315,0.046510,0.020679,-0.011466,0.001156,0.000455,0.042882,0.000294,0.005845,0.002383,0.028929,0.022044,0.029162,0.000271,0.002493,-0.015702,-0.005017,0.013111,-0.000730,0.003451,0.016045,-0.018142,-0.008527,-0.001093,-0.000686,-0.002294,0.018283,-0.003001,0.042502,0.003261,-0.002902,-0.042077,0.000343,-0.005341,0.016528,0.028487,0.003815,0.019951,-0.001761,0.085560,-0.001174,0.002423,-0.004303,0.004854,0.015712,0.005533,0.015319,-0.008473,0.035372,-0.001147,0.020264,-0.010118,0.032740,-0.018100,0.001504,0.002723,0.004254,-0.012049,-0.015269,-0.001992,0.019762
-0.003993,-0.005103,-0.004706,-0.007588,-0.001991,-0.004157,-0.004220,-0.003056,0.005115,-0.008400,0.076774,0.016547,-0.004718,0.002265,0.016188,-0.023682,-0.009291,0.006203,0.009692,0.007046,-0.010785,0.020013,0.005557,0.002394,0.006385,-0.000174,0.107296,0.017479,0.026118,0.004820,0.088563,-0.007316,0.019074,-0.002244,-0.014280,0.014700,-0.004745,0.004093,0.005121,-0.009748,0.016000,0.006941,-0.009178,-0.001787,0.052961,-0.006674,-0.013487,0.008154,0.000720,-0.004381,-0.063469,0.010117,-0.002451,0.002147,-0.000552,-0.008220,-0.001900,-0.001470,-0.000665,-0.006631,0.007640,-0.007328,-0.003209,-0.000917,0.075449,-0.006430,0.010264,0.075854,-0.015079,-0.002123,-0.010027,-0.084030,-0.003929,0.014272,0.004648,0.001370,-0.005425,-0.004882,-0.307855,-0.003213,-0.017155,0.009552,-0.008933,-0.003322,-0.009811,0.018276,0.002396,0.012993,0.049614,0.002435,0.006593,0.067265,-0.115892,-0.005332,-0.088198,0.001678,0.002736,0.006816,-0.001320,0.006323,0.002925,0.089287,-0.010289,0.005906,0.004034,-0.001740,-0.002618,0.004572,0.034417,0.002969,0.081233,-0.011881,0.000475,-0.006994,0.009741,0.020480,0.032411,-0.001401,0.050709,0.008074,-0.010138,0.007336,-0.004072,-0.015796,0.004581,0.025254,0.090030,0.006551
0.026082,0.002347,0.021857,0.021073,0.001001,-0.000819,0.003386,0.006062,-0.005742,-0.001773,0.000627,0.026049,0.020166,-0.026467,-0.008222,-0.025730,-0.005828,-0.040542,0.015832,0.040700,0.018680,-0.029732,-0.014715,0.004054,-0.028340,-0.002839,-0.002905,-0.002266,-0.036518,-0.029530,-0.009720,-0.012316,0.004266,0.024195,-0.009537,0.001303,-0.009392,0.019513,-0.013934,-0.061296,0.001450,-0.021339,0.046407,0.032841,0.000269,0.006337,0.001769,-0.018797,0.002130,-0.006712,-0.003228,-0.012655,0.010115,0.002135,0.003138,0.007944,0.002276,-0.004650,0.003324,-0.031743,0.006351,-0.020464,0.032806,-0.001889,-0.001111,-0.012287,0.012046,-0.010534,-0.032073,0.002477,0.008027,-0.010821,-0.005524,0.030149,0.001601,-0.047837,-0.034860,-0.043533,-0.007131,-0.018582,0.004358,-0.030262,-0.014231,-0.007010,-0.000222,-0.000484,0.006908,-0.007112,0.002472,0.000938,0.028534,-0.006144,0.000148,0.035154,0.000623,0.031005,0.014788,0.008399,0.042279,0.007591,0.000841,0.002910,0.032002,-0.009867,-0.000728,-0.000966,0.020159,-0.011103,-0.001240,0.042346,0.004357,0.013685,-0.006973,-0.007433,-0.016045,-0.021863,0.000723,-0.010882,0.001433,0.011796,0.010587,0.005080,0.011896,-0.006779,0.006871,-0.010567,0.000170,-0.010709
0.005570,-0.000661,0.003036,0.022043,-0.002065,-0.001704,0.000292,-0.005430,0.005764,0.001975,0.243612,0.009931,0.017085,-0.004673,0.007746,-0.004943,-0.000170,-0.004707,0.001163,0.002246,-0.003766,-0.006289,0.015255,-0.003675,0.003754,0.083055,0.197571,-0.010699,-0.001537,0.012294,0.188834,0.004027,0.005301,0.002130,0.000494,0.107192,0.001548,-0.008650,-0.006507,-0.000603,-0.083746,0.004696,-0.005402,0.004091,-0.117012,-0.001843,-0.005231,0.003187,-0.001970,0.005473,0.115746,0.002580,-0.004686,0.005518,-0.004631,0.005321,-0.002011,-0.000735,-0.004973,-0.006043,0.001987,-0.000352,0.001988,0.005990,-0.055093,0.011943,0.001652,-0.051825,0.004325,0.005371,-0.005419,0.119928,-0.003733,-0.004475,0.000319,0.002610,-0.006572,-0.001682,0.075645,0.079756,0.263547,-0.017546,-0.000035,0.005154,0.010051,-0.003237,0.005220,0.001182,-0.145228,0.009615,-0.003935,-0.007419,0.017797,0.002612,-0.050381,0.000587,0.001257,0.000522,0.029426,-0.008805,-0.002889,-0.021513,0.003150,0.006936,0.002348,-0.003753,-0.010532,-0.000589,0.011023,-0.011309,0.169370,-0.000054,0.000562,0.004438,-0.000331,0.022481,-0.177348,0.003844,-0.169143,-0.006581,-0.001225,0.005520,0.004516,-0.057284,0.002890,0.001205,-0.093786,0.005183
0.002810,0.001524,0.019571,-0.024307,-0.001791,-0.006916,-0.000175,-0.003208,0.003925,0.000727,-0.073693,0.002904,0.010904,0.021420,-0.012074,0.000328,0.008405,-0.008165,-0.003888,0.002257,-0.006458,0.002685,0.030070,0.022589,0.001481,0.082920,-0.030230,-0.065313,0.009430,0.028214,-0.030387,0.001571,0.028499,0.002339,0.005371,-0.016713,-0.000549,-0.004962,-0.000717,0.005180,-0.117173,-0.002092,0.001140,0.003285,0.149220,0.004614,0.003172,0.007909,-0.003060,0.008519,-0.052533,0.010562,0.000243,-0.003908,0.009826,0.005223,-0.002815,-0.004244,-0.007979,0.006404,0.027238,0.011480,0.009003,-0.001858,0.025999,0.027978,0.026753,0.048591,-0.027676,0.003127,0.002749,-0.025920,-0.006635,-0.004512,0.002378,0.011181,0.005664,0.000656,-0.223606,0.155472,-0.090057,0.026023,0.012783,-0.002405,0.025647,0.000943,0.004094,0.013842,0.122580,0.009129,0.001302,-0.005090,0.002062,0.004040,-0.090951,0.005539,-0.001042,0.003063,-0.027769,-0.007232,-0.008718,-0.039912,0.002450,0.002904,0.002394,-0.002023,0.041608,-0.002332,0.106444,0.006783,-0.026016,0.003561,0.002298,0.003265,-0.063560,0.030347,0.057774,0.006120,0.022533,0.009630,0.004342,0.017871,0.004832,0.094729,0.000344,0.067533,0.183465,-0.001060
-0.001067,-0.002387,0.003184,0.012394,0.000950,-0.000372,-0.002882,-0.001155,-0.003295,0.006962,0.032106,-0.001754,0.009135,-0.003187,-0.006688,-0.000423,-0.003917,0.008633,-0.003978,0.003358,0.005945,0.004205,0.008900,0.005341,0.000705,-0.176912,0.012935,-0.049181,0.007869,0.013367,-0.003104,-0.008378,-0.002493,0.011454,0.010477,-0.075696,-0.002857,-0.009550,-0.001866,0.008176,0.192579,0.000518,-0.004131,-0.000308,0.149765,0.004145,-0.001676,0.006797,-0.004309,0.014305,-0.167887,0.002495,0.004361,0.015905,0.004050,0.009005,0.009378,-0.002487,-0.002944,-0.003090,0.000152,-0.000170,0.002765,-0.006226,0.043880,0.008670,-0.005397,0.070645,0.001428,-0.001751,0.000519,0.273843,-0.000204,-0.001406,-0.002268,0.010738,0.010402,-0.000924,-0.030587,0.000873,0.160691,-0.008471,0.008628,0.002159,0.010573,0.008245,-0.002100,0.003607,0.139755,0.010513,-0.002965,0.067701,0.129426,0.002030,0.007914,0.002322,-0.011412,-0.000802,0.008580,-0.000053,-0.002306,-0.063467,0.002803,-0.001074,0.001591,0.002676,-0.007399,-0.005526,-0.225222,-0.000100,0.011665,0.005497,-0.002326,0.002345,-0.049423,0.038707,-0.020531,-0.001599,-0.198100,0.001037,0.000036,0.003310,-0.002528,-0.238027,-0.003567,0.012298,0.204726,0.006697
-0.010765,-0.013136,0.010012,0.011175,-0.007238,-0.005911,0.003586,-0.009028,0.005665,0.019011,0.017515,-0.002487,0.004222,-0.013488,-0.042554,0.006898,-0.006264,0.007838,-0.000951,0.026652,0.006975,-0.041295,0.130425,-0.008280,0.042752,0.000809,-0.008310,0.007740,-0.026483,0.018267,0.004998,-0.003116,-0.014192,-0.012340,0.010422,0.004602,0.006127,-0.002314,0.009559,0.021598,0.004633,0.005608,-0.015067,-0.003895,0.011386,0.002927,-0.004103,-0.006332,0.007283,0.057593,0.001821,-0.008500,0.006731,0.054242,0.004183,0.044418,0.063657,0.000842,0.008296,-0.040397,0.022222,-0.038009,0.021376,0.012822,0.000899,0.009615,0.025384,0.003190,0.020545,0.004843,-0.019567,0.008164,0.006045,0.031175,0.013931,0.004226,0.013833,0.009126,-0.005877,-0.007064,0.011608,-0.010502,0.022170,0.005904,0.004324,-0.028813,-0.006677,-0.018525,0.024206,0.070920,-0.004533,0.003710,0.003047,-0.010923,0.009142,0.022947,0.005421,-0.000228,0.026873,0.015022,0.002163,0.001299,-0.017691,0.007295,-0.001762,-0.001556,0.066121,0.008458,0.003770,0.001225,0.009146,0.001134,-0.000660,0.003404,0.001241,-0.020835,0.010067,0.005278,0.011685,-0.011857,0.006144,-0.004936,-0.002684,0.001583,-0.004938,0.079564,-0.003024,-0.006119
0.011623,0.005915,0.004639,-0.008408,-0.004685,0.002481,0.005085,0.001405,0.000834,-0.006154,0.052355,0.011540,-0.009689,-0.002630,0.005614,0.001458,0.006792,-0.006910,0.014432,0.000584,-0.012070,-0.000497,0.007254,-0.007920,0.002118,0.069601,0.126565,-0.015976,-0.007776,0.004637,-0.097497,-0.005333,-0.007689,-0.022211,-0.002345,-0.109610,-0.004244,0.009220,-0.001050,-0.002461,0.127845,-0.000798,0.002307,0.001479,0.046813,-0.001354,0.008207,-0.003057,0.004741,-0.010445,0.041051,-0.001149,-0.004712,-0.010712,0.001661,-0.003750,-0.007707,-0.000323,0.002895,0.010505,-0.014771,0.009940,-0.001412,-0.003067,-0.106358,0.000745,-0.014176,-0.055232,0.024585,0.004772,0.009352,0.181678,-0.004098,0.011327,0.001206,-0.007804,-0.002356,0.016172,-0.053117,0.048483,-0.050401,0.000724,-0.000671,0.000530,-0.003859,-0.000285,0.005184,0.003290,-0.096759,-0.014431,0.004170,0.069215,0.245131,0.004730,0.016308,0.008666,0.001435,0.004871,-0.003742,0.011092,0.005548,-0.089185,0.004602,-0.008844,-0.003415,-0.005623,-0.015223,0.008554,-0.071924,0.011134,-0.011310,-0.008373,0.001347,-0.008249,-0.014832,0.022307,-0.121149,0.006325,0.073869,-0.002727,0.005156,0.010647,0.006758,0.040334,-0.006630,-0.033949,0.044861,0.007760
-0.006820,-0.000922,-0.012311,0.057739,-0.004230,0.005271,-0.006918,-0.003300,-0.002248,-0.019540,0.061646,0.006549,0.012297,-0.004633,-0.034949,-0.001374,-0.005608,-0.017818,0.007826,-0.020146,-0.006170,-0.020435,0.026261,-0.000025,-0.009073,0.033353,-0.047086,-0.028449,-0.015066,0.022519,-0.040431,-0.002128,-0.025316,0.049792,-0.002712,-0.011126,-0.002153,0.006779,0.006191,-0.014597,-0.071610,-0.002906,0.014529,0.005627,0.002281,-0.005349,0.012989,-0.006758,0.005325,-0.002575,0.020036,-0.028114,-0.015360,0.000054,-0.011569,0.007030,0.006356,-0.001729,-0.003605,0.021127,0.002613,0.012291,0.006643,0.002847,-0.015248,0.008984,0.004484,0.024333,0.011668,0.004690,0.002139,-0.028636,0.005954,-0.025562,0.002125,-0.021791,-0.010149,0.013743,-0.002800,-0.142587,-0.041799,-0.016906,0.014534,0.004414,-0.003999,-0.026980,0.005879,-0.005337,0.039545,0.013842,-0.000161,0.018645,-0.031983,-0.007028,0.010197,-0.021624,-0.001964,-0.010534,0.132094,-0.009422,-0.000478,0.006926,-0.024067,0.009139,0.000751,-0.002789,-0.007745,-0.010158,-0.014428,-0.010676,-0.008976,0.004153,-0.002836,-0.011769,0.047995,0.560387,-0.053589,-0.000777,0.030643,-0.021649,0.021205,-0.027563,0.009194,-0.041385,-0.004857,0.006986,0.027509,0.007577
-0.009989,-0.002990,-0.044813,-0.259657,-0.003961,0.011562,-0.005058,-0.005695,-0.004124,-0.001735,0.053836,0.009767,0.011795,-0.032290,-0.047143,0.017208,-0.004272,0.026656,0.001021,-0.038090,0.008546,0.013179,0.028427,0.009428,-0.016650,0.047852,-0.115019,0.137199,0.010164,0.038515,-0.015615,-0.014359,-0.000946,0.002640,0.018395,0.005166,-0.008565,0.005812,0.019597,0.028272,-0.124273,0.017795,0.008310,-0.013805,-0.004578,-0.011622,-0.008390,-0.006306,-0.009140,0.016483,0.104614,-0.025450,-0.025554,0.021438,-0.007910,0.023799,0.020541,-0.003750,-0.001809,-0.021451,0.013935,-0.018183,0.030268,-0.004331,0.067166,0.029853,0.024523,-0.082225,-0.150564,-0.007053,-0.012096,-0.014258,0.001988,-0.031000,-0.007348,-0.003820,-0.002357,-0.073528,0.009055,-0.135249,0.012966,-0.020641,0.014135,0.015583,0.011604,0.002291,-0.006902,-0.011701,0.120437,0.028622,-0.004281,0.019550,0.085643,-0.013331,-0.119203,-0.032059,-0.038146,-0.041461,-0.289055,0.010808,-0.004792,-0.047095,-0.013313,0.016130,-0.004703,-0.006444,0.033739,-0.013885,-0.021699,-0.018414,-0.010417,-0.000586,-0.004637,-0.009228,0.054127,-0.140107,-0.200224,-0.000536,0.026265,-0.004325,-0.012950,-0.061954,0.004709,-0.024153,-0.024097,0.037890,0.048548,-0.012383
0.004168,-0.002675,0.012002,-0.065693,0.000952,-0.002191,0.003016,0.004259,0.000994,0.005694,0.000997,0.008666,-0.006357,0.022263,0.092502,-0.008821,0.001290,-0.010454,0.007334,0.053367,-0.002403,0.004500,0.008487,-0.010180,0.044355,0.115430,0.103617,0.012135,0.008748,-0.021836,0.130092,-0.004582,-0.003624,-0.021224,-0.000007,0.040278,0.011538,-0.001292,-0.001256,-0.016685,-0.003740,-0.011590,-0.006315,0.007681,0.036470,-0.000712,-0.009869,0.005739,0.007058,0.006257,0.057879,0.049188,0.010200,-0.005933,-0.000877,-0.016445,0.008074,0.002645,0.001467,-0.001270,-0.000236,0.010307,-0.022749,-0.013313,-0.034072,-0.034440,0.003204,0.106181,0.082348,0.008941,0.001319,0.037594,0.002341,0.051167,0.004739,0.007686,0.009972,0.057441,-0.017841,-0.193819,-0.017768,0.015277,0.005281,-0.002655,-0.018738,0.021690,0.000121,0.010431,0.055305,-0.007749,0.006335,0.053247,0.009954,0.006296,-0.024730,0.039662,0.012010,0.044645,-0.111591,-0.005711,0.008021,0.025538,-0.001564,0.001907,-0.002153,-0.000625,0.012497,0.007922,0.037133,0.004354,0.014271,-0.001286,0.003064,0.010286,-0.023732,-0.045365,-0.103138,0.002807,0.032395,0.017899,0.013801,0.046880,-0.000647,0.043157,0.013332,-0.068574,0.131066,-0.004089
0.002839,0.006564,-0.025910,-0.015392,0.011010,0.000287,0.000903,0.002300,0.000410,0.005924,0.015256,-0.031743,-0.006943,0.001310,0.001753,0.040574,-0.003027,0.032953,-0.025538,0.007632,0.008942,0.003647,0.008698,-0.007600,0.004099,0.012189,-0.004555,0.028392,0.010033,0.022070,0.000929,0.029670,-0.011391,-0.033792,0.012442,0.000216,0.002535,-0.001182,0.033696,0.034747,0.000744,0.046063,-0.014767,-0.015525,0.000220,0.020367,0.004758,0.023544,-0.018166,-0.021047,0.013671,-0.008001,0.004029,0.009131,0.015049,-0.000619,-0.013193,0.004237,0.008177,0.003974,-0.017912,0.004831,0.040753,0.018189,0.005123,0.014996,-0.025434,-0.011400,0.077417,0.012119,0.001209,-0.002830,0.000326,-0.002452,0.001384,0.023414,0.026444,0.033083,-0.001935,0.020262,0.002537,0.008756,0.011241,0.010202,-0.001694,0.000502,-0.026596,0.014634,0.011510,0.010467,0.023833,-0.003339,0.000829,-0.017776,0.016833,-0.003220,-0.042787,-0.038950,-0.014383,0.023044,-0.004004,-0.009836,-0.020120,0.029724,0.015333,-0.003362,-0.029567,-0.012601,0.005644,-0.017312,-0.009610,0.025254,-0.007178,0.014973,-0.016335,-0.002692,-0.003378,0.006961,-0.001223,-0.015056,-0.008458,-0.034782,0.019857,0.004823,-0.008016,0.043428,0.003450,0.042053
0.019684,-0.000473,-0.054348,0.064141,-0.005285,0.011909,0.004311,-0.000438,0.002730,-0.009183,-0.009667,0.028966,0.116498,-0.084990,0.072636,0.027238,0.003101,0.002810,0.011637,-0.028583,0.019700,-0.000616,0.031941,-0.014597,-0.002695,0.041237,0.004052,-0.002056,0.002331,0.078271,-0.009771,-0.001817,-0.032971,0.110731,0.034656,0.012240,-0.005313,-0.010627,0.016347,0.027452,-0.015219,0.018796,-0.016968,-0.019741,0.030212,0.016863,0.020440,0.000200,-0.007645,0.013958,0.035495,0.050337,-0.013867,0.016255,-0.013499,0.011259,0.019619,0.001111,0.006243,-0.079968,-0.021251,-0.040978,0.025498,-0.004741,-0.025562,0.069871,-0.013447,0.025027,0.164598,0.015329,-0.004432,-0.011145,0.008171,0.002683,-0.008601,-0.007789,-0.004260,0.034186,-0.016308,-0.036987,0.002853,-0.108549,0.025467,0.009975,0.002678,0.024330,-0.001922,-0.001334,0.019425,0.019128,-0.010859,0.015502,0.014593,0.019060,-0.026546,-0.023265,-0.057717,-0.067659,0.057929,0.019082,-0.002530,0.046609,-0.002103,0.023798,0.036455,0.002642,-0.001430,-0.001118,0.015084,-0.027005,0.005773,0.004807,0.000740,0.001112,0.007668,-0.026781,-0.027822,0.001782,0.020465,-0.024435,-0.002518,-0.045623,0.036559,0.032435,-0.027817,-0.217782,0.031917,-0.002731
0.008723,0.000078,0.013054,-0.002915,-0.002965,-0.009316,-0.004384,-0.004291,-0.002204,-0.007633,0.013702,-0.019719,-0.002237,0.026354,-0.002139,0.010163,-0.001825,0.021650,-0.010179,0.005617,-0.004855,0.002236,-0.001768,0.029446,0.008159,0.004848,0.011538,-0.021081,-0.004962,0.023527,-0.007896,-0.004252,0.036367,-0.024372,-0.009560,-0.008406,-0.007872,-0.003024,0.003837,-0.003853,0.007136,-0.008779,-0.001046,0.000891,-0.009627,0.017208,-0.003650,0.008427,-0.003430,0.001562,0.008241,0.015208,-0.000687,0.000945,0.026449,-0.001586,-0.005896,-0.000971,0.000890,0.016038,0.041065,0.015030,-0.032365,-0.000121,-0.000012,0.014186,0.060579,-0.007215,0.000033,0.003283,0.005303,-0.000869,0.009350,-0.005827,-0.000092,0.019503,0.024898,0.005663,0.026041,0.017291,-0.001435,0.025082,-0.011623,-0.005598,0.013440,0.008727,0.014423,0.025890,-0.012221,-0.007100,0.004730,-0.003348,-0.006115,0.004582,0.007341,-0.002711,0.000550,-0.004397,-0.025774,-0.016839,0.001559,0.001963,0.005126,-0.011459,0.003228,0.003972,0.073800,0.003325,0.001502,0.001390,-0.015877,0.004233,-0.000299,-0.010794,-0.009647,0.012069,-0.009880,0.009797,0.001781,0.037286,0.004097,0.017355,-0.001074,-0.002314,0.001977,-0.013091,0.016896,-0.009167
-0.017961,0.003067,-0.064797,0.018453,0.007573,0.009265,0.006986,-0.008226,0.005192,-0.033872,-0.006890,0.015855,-0.016229,0.078346,0.068188,-0.014842,0.000977,-0.034900,0.012802,0.012909,0.008760,-0.062947,0.048589,-0.014292,0.035727,0.006208,-0.002659,-0.022878,-0.081236,0.018335,-0.000403,0.025095,-0.016009,0.047357,-0.017211,-0.016648,-0.003985,0.018753,0.030550,-0.026906,-0.016340,0.027021,0.004597,0.005184,0.007902,0.005043,0.044480,0.044143,0.006199,-0.024069,-0.011821,0.028783,-0.022813,-0.056118,-0.048661,-0.027352,-0.005982,0.001441,0.003427,0.081055,-0.019792,0.099179,0.016098,0.031761,-0.026800,0.005432,-0.005401,0.009192,-0.089453,-0.003584,-0.001221,-0.002342,0.000641,0.008628,-0.006496,-0.083711,-0.050300,-0.056993,-0.009512,-0.035371,-0.009370,0.021113,-0.004720,0.017019,-0.001573,0.003736,0.102902,0.027155,0.002897,-0.030598,0.017885,0.012121,-0.000717,0.032044,0.000057,0.005733,-0.014262,0.026155,0.046261,0.008062,-0.003797,0.024635,-0.017638,0.061067,-0.000799,0.004647,0.004764,0.000270,0.005322,-0.031826,0.010920,-0.038138,0.001621,-0.002576,0.016679,-0.032080,-0.018527,-0.013579,0.005614,-0.008646,0.102427,0.019578,0.056407,-0.027110,-0.024841,-0.008710,-0.006380,0.034292
-0.011054,0.000390,-0.009988,0.020422,-0.004271,0.001950,0.000248,-0.002855,0.000445,0.006310,0.009536,-0.029995,-0.001838,0.002964,0.075995,0.018762,-0.002324,-0.004375,-0.024563,0.006544,0.002715,0.103099,-0.013484,-0.005999,0.002895,0.001891,-0.000517,0.015411,0.083966,-0.047274,-0.002215,-0.013954,0.006045,0.000366,-0.000796,0.015700,-0.004528,-0.000636,0.001590,0.004740,0.010888,0.011708,0.002992,-0.002355,0.018459,0.013841,0.006466,0.011310,-0.002007,-0.007484,0.000563,0.048460,-0.019859,-0.009688,-0.011007,-0.017562,-0.009535,-0.002309,0.005328,-0.003525,0.010178,0.002872,-0.039146,-0.007404,0.004182,-0.029406,0.003179,-0.005350,0.006029,0.002266,-0.001386,-0.003235,0.002017,-0.000927,-0.003558,-0.017891,-0.002739,0.019057,-0.011139,-0.061226,0.010349,0.008984,-0.008747,-0.006047,0.006660,0.040529,0.003977,-0.005507,0.009224,-0.042036,-0.008797,-0.002277,-0.011146,0.004851,-0.005734,-0.012634,0.010640,0.000486,0.011752,-0.032642,0.003900,0.013095,-0.009865,0.014408,0.013729,0.002213,0.013987,0.011740,-0.002230,-0.011856,0.038300,-0.009089,-0.004502,0.002705,0.007520,-0.023311,0.015941,-0.001975,0.012738,0.009557,-0.015434,0.009091,0.017836,-0.012181,0.002339,0.024862,-0.013057,0.013148
0.006046,-0.001651,-0.040895,-0.002612,-0.005211,-0.017867,-0.002940,-0.004590,0.000121,0.013726,-0.009457,0.012617,0.016743,-0.008625,-0.000457,0.018371,-0.002002,0.020036,-0.004520,-0.019289,-0.015916,0.083683,0.005913,0.036883,0.008224,-0.021752,-0.012128,0.010441,0.030160,-0.000559,-0.009982,-0.013554,0.076911,-0.004907,0.035248,0.010149,-0.005191,-0.011833,-0.003021,0.012113,0.001775,0.015811,-0.004930,0.005900,0.004939,-0.007067,0.000277,-0.000261,-0.001114,0.026454,-0.004266,0.005634,-0.017580,0.030666,-0.012738,0.011566,-0.000586,0.000182,0.005992,0.009703,0.030911,-0.001927,0.010171,-0.020164,-0.027429,-0.011913,0.021192,-0.004834,-0.017810,-0.004050,0.022123,-0.003113,0.001518,-0.003377,-0.002883,-0.006955,-0.020147,0.003153,-0.003599,-0.014975,-0.011621,-0.010172,0.017778,-0.005705,0.008415,0.023817,0.007427,-0.005451,-0.026423,0.005058,-0.016816,0.005189,-0.002343,-0.010210,-0.013734,-0.022404,-0.008922,-0.005224,0.021131,-0.007105,-0.006870,0.003386,-0.015647,0.015335,-0.015924,0.000122,0.053566,0.011947,-0.024531,-0.034679,0.020768,-0.002095,0.006336,-0.020702,0.015256,-0.014903,0.027983,-0.013301,-0.007305,0.037964,0.007559,-0.042043,-0.008152,-0.010548,-0.020133,0.013644,-0.012233,-0.035417
0.019419,-0.008672,0.008543,0.017406,-0.001743,0.016395,0.003230,0.004126,0.002837,0.037147,0.008289,0.002624,-0.012543,-0.009419,-0.008507,-0.005352,0.003972,-0.005397,0.008716,0.066318,0.001813,-0.038594,0.074463,-0.004592,0.041118,0.006151,-0.004444,0.001987,-0.044310,-0.050076,-0.002186,0.010187,-0.003590,-0.006301,0.002238,-0.005633,-0.007240,0.008562,0.013365,0.007608,-0.007034,0.002039,0.005735,0.017977,0.009882,0.000660,-0.007313,0.007221,0.006026,0.040648,-0.001698,-0.026542,0.010899,0.026815,0.019054,0.043730,0.043868,-0.006826,0.001719,-0.015351,0.022955,-0.006298,0.016801,0.001625,-0.015313,-0.054422,0.045809,0.006821,0.046427,0.018546,0.008811,0.003182,0.006794,0.068645,-0.002042,-0.008592,-0.007121,0.025726,-0.011116,-0.028048,0.003955,-0.015493,0.010165,-0.003766,-0.018181,-0.043642,-0.002972,-0.013196,0.021186,0.052596,0.020286,0.002993,-0.005802,0.022052,-0.000962,0.082377,-0.002020,0.001008,0.033846,-0.001727,-0.000405,0.014546,0.028632,0.009987,0.014795,-0.007854,0.074751,-0.006002,0.003033,0.010534,-0.003048,0.021559,0.006448,0.009594,-0.000537,-0.043983,-0.010615,0.001574,0.004086,-0.014323,0.003426,0.005377,0.006076,-0.005059,-0.001500,0.052685,-0.003439,0.001485
0.021961,-0.006695,-0.014424,0.000160,-0.000861,-0.013227,0.000864,-0.000634,-0.001094,0.009282,0.002132,0.000145,0.010719,0.025129,0.010742,0.022347,0.002328,0.014987,-0.008370,0.087243,-0.000237,0.012281,0.033868,0.016611,0.045851,-0.007281,-0.012172,-0.005118,0.027439,-0.074706,-0.009271,-0.013298,0.026613,-0.013373,-0.006616,-0.024801,-0.004824,-0.002254,-0.006248,0.004964,-0.008466,0.011738,-0.010795,-0.023235,-0.005304,0.014260,0.010167,0.000131,-0.003927,0.024388,0.005871,-0.005005,-0.007200,0.015050,0.007604,0.025624,0.012364,-0.000969,-0.004858,0.048476,0.033779,0.028212,-0.010710,-0.009535,-0.004904,-0.066101,0.033124,-0.013967,0.114518,0.008869,0.007364,-0.015306,-0.006986,0.081434,-0.005245,0.000637,-0.000071,0.063702,0.011057,0.015876,-0.012792,0.003154,-0.016668,0.002598,-0.014308,-0.011699,0.003306,-0.008626,-0.013379,0.029189,-0.012775,-0.015164,0.003022,0.007089,-0.014065,0.073832,-0.007613,-0.009921,-0.001663,-0.022215,-0.008916,0.002074,0.009999,-0.001592,0.014353,-0.004197,0.084523,-0.006807,-0.005291,-0.011066,-0.006847,0.015024,-0.003116,-0.002010,-0.005588,0.012745,-0.005523,0.003180,-0.009703,0.016014,-0.013947,-0.026222,-0.003918,-0.005970,-0.000781,-0.001260,-0.001931,0.007273
0.052347,-0.004280,-0.012333,-0.024274,-0.001458,-0.012665,0.006034,-0.004384,0.003143,0.021821,-0.003395,-0.004021,0.014326,0.021978,0.001649,0.038446,-0.005896,0.022534,-0.005053,0.017331,0.004948,0.048447,-0.055326,0.003871,-0.006936,-0.003821,-0.001601,-0.001573,0.048067,-0.045530,-0.011020,0.001829,0.007521,0.020548,0.033175,-0.015868,0.007398,-0.005170,-0.010822,0.019259,-0.004595,0.016216,-0.013241,-0.005278,-0.013539,0.011688,0.021997,0.019151,-0.001309,-0.005395,0.000029,-0.004790,-0.002695,0.022502,-0.001383,0.007515,-0.022327,-0.005586,-0.002024,0.032561,-0.019208,0.046462,0.060490,0.009253,0.008775,-0.020817,-0.007837,-0.004339,0.029157,0.031657,0.019081,-0.005541,0.002694,0.026440,0.000318,0.006601,-0.006177,0.004432,0.011235,0.034129,-0.017255,-0.019549,0.003685,0.003152,-0.019247,0.009951,0.013512,-0.012608,-0.023256,-0.001131,-0.008493,-0.001786,0.002187,0.023448,-0.002424,0.018998,-0.018089,-0.018551,-0.009499,0.042361,0.005396,-0.011202,0.024590,0.008353,0.021366,-0.008585,-0.003091,-0.000494,0.004401,-0.004567,-0.017102,0.037822,0.001217,-0.010326,-0.013485,0.026087,-0.005287,0.017938,-0.003164,-0.011377,-0.018733,-0.023146,0.015181,-0.005423,-0.002564,-0.004158,0.009659,-0.001682
-0.003352,0.006399,-0.000435,-0.050170,-0.003188,0.033622,0.001644,0.000812,-0.010112,-0.011515,0.003300,0.029611,0.013792,0.006812,0.008168,0.023381,0.003271,0.002591,-0.001394,0.020085,0.010935,0.029511,0.007261,0.004228,0.020736,0.000934,-0.001417,-0.003387,0.022466,-0.003092,-0.005212,0.110504,0.009862,0.006575,0.007788,-0.014780,0.010040,-0.013449,-0.001624,0.000243,-0.001873,0.003224,-0.013439,-0.001219,-0.006768,-0.022232,0.064850,-0.017582,0.007345,-0.007491,-0.005465,0.007993,-0.018067,-0.013093,-0.033931,-0.001169,0.012422,0.006841,-0.005612,-0.001828,-0.003956,0.011801,0.029928,0.083183,0.013055,-0.017437,-0.023077,0.007032,-0.048405,-0.025256,-0.039980,-0.004322,-0.001151,0.027286,-0.003704,-0.016786,0.000525,-0.008065,0.012720,0.050232,0.001511,0.004312,0.018272,0.040509,0.046792,0.012736,0.000918,0.009717,-0.029756,0.015949,-0.030166,0.010739,-0.008776,0.016726,0.003221,0.037807,0.006175,0.005170,-0.045865,0.012508,0.009200,0.023391,-0.020688,-0.001939,-0.003528,0.010178,-0.061859,0.007450,-0.004517,-0.038166,-0.011154,-0.027251,-0.003023,0.016543,-0.024019,0.025740,0.008398,0.012918,-0.006777,0.008574,0.018401,-0.022162,0.020660,0.012512,-0.001613,-0.002189,-0.005069,0.012447
-0.008073,-0.004254,0.006766,0.001884,0.001072,-0.005901,-0.005651,0.000636,-0.008813,0.003419,0.029160,-0.004420,-0.003538,0.003389,-0.006715,-0.010779,-0.003277,-0.004582,-0.003938,0.006316,0.002537,0.012285,0.004305,-0.005704,0.003793,0.136756,0.211823,0.000358,0.011134,0.023857,0.145670,-0.003383,-0.007314,0.008822,0.009489,0.100722,-0.003873,-0.002590,0.002711,0.000708,0.070886,-0.004945,0.000277,-0.005705,-0.043523,-0.001828,-0.010381,-0.001709,-0.004290,0.000319,-0.085850,0.006518,0.003979,0.003433,0.003992,-0.000278,0.001696,-0.002956,-0.002826,0.005081,-0.002623,0.002426,0.010369,-0.005900,-0.128099,0.016983,-0.007316,-0.311695,-0.014608,-0.008896,0.000676,0.086163,0.001945,0.003345,-0.001581,0.005180,0.004386,-0.002746,-0.050221,0.138802,-0.246156,0.001219,0.005563,-0.005686,0.010032,0.016589,-0.003232,0.005637,0.174092,0.006763,-0.002440,0.140801,0.093481,-0.004333,0.038345,0.005019,-0.004464,0.008676,0.000851,0.002670,-0.010397,0.119743,-0.008739,-0.000560,-0.007792,0.000839,-0.005711,-0.007724,0.033403,0.001180,0.049932,-0.001287,-0.002611,-0.000997,-0.005944,0.030298,-0.011040,-0.004089,0.111774,0.003645,-0.000831,0.008662,-0.010752,-0.046718,-0.002346,0.004927,-0.161210,-0.012529
-0.000215,-0.002045,-0.001336,0.025447,-0.001443,-0.002631,-0.002453,-0.001973,0.004628,-0.003164,-0.183591,-0.001968,-0.006584,0.010542,-0.001431,-0.001174,-0.004125,-0.000557,-0.003716,0.006787,-0.000559,0.002042,-0.011060,-0.000773,-0.000482,-0.114608,0.129357,0.041923,-0.002065,-0.002725,-0.081717,-0.005688,0.009812,-0.012121,-0.011309,0.143270,0.003099,0.000378,-0.004840,-0.012815,-0.063919,0.001037,-0.000562,0.003088,0.022641,-0.000815,0.004617,-0.005860,-0.001830,-0.006854,0.171505,-0.013599,0.003051,-0.004365,-0.001758,-0.012127,-0.008448,0.002580,0.001487,0.007250,0.005047,0.001971,-0.006399,-0.003056,0.155330,0.000188,0.002521,0.056619,0.001879,0.003941,-0.002043,0.196497,0.002312,-0.000993,-0.002837,-0.002062,-0.005637,-0.008280,-0.063809,0.057726,-0.125758,0.013099,-0.011870,0.003602,-0.007001,-0.003408,0.003222,-0.001168,0.114433,-0.013542,-0.002344,-0.145366,0.286332,-0.001971,0.100156,-0.000953,0.001737,-0.005329,0.038226,-0.003547,0.003645,0.218064,0.003282,0.000030,0.004200,-0.004235,0.001845,-0.001394,0.061969,-0.002789,-0.050495,0.003685,0.000371,0.005317,0.050310,-0.031173,0.023075,0.003367,-0.121299,0.005750,-0.011293,-0.001899,0.001168,0.066568,0.002597,-0.029463,0.034131,0.008711
0.001527,-0.002275,0.004512,0.002874,-0.000904,-0.003335,-0.001050,0.001426,-0.002516,0.003391,0.150621,-0.002101,0.000532,0.014391,0.004969,-0.000857,-0.000524,0.002753,-0.001610,-0.000965,-0.001847,-0.009954,-0.010021,-0.002477,-0.001140,-0.122475,-0.111964,0.006102,-0.007644,0.010468,0.120122,-0.002271,-0.002657,-0.001501,-0.007318,0.031430,-0.003326,-0.000172,-0.001873,-0.001560,-0.159298,-0.000536,0.002715,-0.003108,0.331238,0.001789,-0.001081,0.003848,-0.002615,-0.001227,0.014080,-0.001495,0.001965,0.000212,0.001374,-0.001519,-0.000131,-0.002019,-0.000854,0.011532,-0.004136,0.014334,-0.005834,0.000144,0.081218,0.011084,-0.009958,-0.117580,0.006941,-0.002319,-0.001074,0.034038,-0.001336,0.000957,-0.000190,0.007330,0.006112,0.003549,0.112583,-0.003384,-0.099132,0.008531,-0.006803,-0.002655,-0.003205,-0.006162,0.000370,-0.004274,-0.086736,0.001932,-0.002914,0.144406,-0.102160,0.004697,0.245941,-0.001263,-0.001182,0.006295,-0.002059,-0.002773,-0.002775,0.073116,0.000957,-0.005195,0.004005,-0.002454,-0.011911,0.000047,-0.083134,0.004871,0.142731,-0.000676,-0.001124,-0.000423,0.006251,-0.007733,-0.027315,0.003097,-0.186812,-0.005376,-0.005474,0.008545,0.002487,0.321183,-0.000343,-0.012100,0.058380,-0.007792
0.027537,-0.001513,0.034427,0.013899,0.006482,-0.003251,0.006856,0.000434,0.002884,0.024118,0.039815,-0.021441,-0.020496,0.011386,0.038054,-0.007442,-0.002604,0.003985,-0.012075,0.041244,0.008794,-0.008377,-0.006661,-0.019006,0.008618,0.020247,0.009391,-0.048185,0.003839,-0.039944,0.008818,-0.007921,-0.010835,-0.030416,-0.001469,-0.001815,0.004001,0.003456,-0.000833,-0.002142,-0.015928,-0.014553,-0.006110,0.004373,0.022468,0.026782,-0.019300,0.013333,0.016100,-0.014095,0.022349,0.015848,0.027745,-0.012616,0.031842,-0.013745,0.011713,0.002209,-0.000278,0.009275,0.008897,0.003434,-0.008106,-0.010522,-0.003307,-0.018645,-0.005791,0.018106,0.028555,0.028620,0.011210,0.012069,0.010645,0.028129,-0.002540,0.021975,0.018780,0.025411,0.008960,-0.036521,0.007863,0.019523,-0.004825,-0.002128,-0.022153,-0.000295,-0.015557,0.010280,0.033806,-0.008023,0.013671,0.028197,0.018654,0.023972,-0.018573,0.030383,0.015610,0.031112,-0.074155,-0.014064,0.002372,0.035675,0.027790,-0.010598,0.023966,0.001156,0.005745,-0.002938,0.014244,0.021857,0.014312,0.018275,0.001528,0.014950,0.038043,-0.013354,-0.011582,0.005688,0.019468,0.001541,-0.001758,0.061761,0.017869,-0.002064,0.010578,-0.015009,0.024798,0.005849
0.018433,-0.000932,0.021430,0.015261,0.004660,-0.009140,-0.001778,-0.008530,-0.005527,0.019700,0.001752,-0.040150,0.017500,0.013134,-0.002578,0.016388,0.011911,0.003541,-0.022057,-0.038652,0.004742,0.023227,0.012065,-0.006979,0.018848,0.004634,-0.001466,0.005907,0.034328,0.051355,-0.006274,0.022022,0.003351,0.006616,0.024757,0.015941,0.008039,0.004662,-0.007351,-0.014156,-0.004488,-0.007050,-0.012956,0.002802,-0.005858,0.018312,0.031249,-0.001862,0.002426,0.015926,-0.002269,0.020875,0.006918,0.026069,0.006480,0.031360,0.007216,-0.001267,0.004116,0.029985,-0.008421,0.004983,0.012037,0.018584,0.016961,0.046649,-0.026721,0.007338,-0.011904,0.018668,0.027449,0.007221,0.008227,-0.023594,0.004815,0.020419,0.014955,0.021779,0.014061,0.032933,-0.009917,-0.003906,0.018355,0.010021,0.048625,0.011518,-0.026869,-0.023670,-0.014626,0.042384,0.003169,0.008118,0.008893,0.001479,-0.003594,-0.024523,0.002955,0.012167,0.004413,0.018713,0.010033,-0.020335,0.003215,-0.013279,0.007063,0.002991,-0.013107,0.002534,0.002692,0.000075,-0.007253,0.020492,0.006933,0.023179,-0.005883,0.015632,0.001145,0.013248,-0.000919,-0.003621,-0.023041,0.011098,0.004910,0.003414,-0.004312,0.010088,0.007331,-0.038675
0.000409,-0.007673,0.011263,0.028901,-0.002135,0.005643,0.002561,-0.000367,0.001093,0.033753,0.016681,-0.003746,0.008276,-0.018632,-0.047241,0.011421,0.010343,0.002395,-0.012519,0.014175,0.013609,-0.041410,0.080880,0.007484,0.036037,0.005493,-0.003865,0.024801,-0.012982,0.031393,0.002551,0.006946,-0.015741,-0.013107,0.016704,0.006189,-0.001941,0.000732,0.011220,0.000740,-0.001813,0.002724,-0.014762,0.008846,0.004283,0.004574,0.004805,-0.007543,0.006541,0.046831,0.005310,-0.011958,0.000962,0.038841,0.016200,0.062058,0.041584,-0.002489,-0.006632,-0.017101,0.012036,-0.018137,0.049860,0.014218,0.007737,0.023072,0.039029,0.003656,0.025411,0.005176,0.003228,0.006033,0.007022,0.024676,0.007250,0.004866,0.006672,0.013729,-0.002506,-0.004246,0.003700,-0.009796,0.013671,0.008764,0.014037,-0.015140,-0.003554,-0.008613,0.018687,0.061919,0.007460,0.005271,0.005487,-0.012326,0.010518,0.018847,0.008294,-0.005388,0.037797,0.020170,-0.000206,-0.011147,-0.007302,-0.000578,-0.000961,0.004361,0.028506,0.005088,0.008948,-0.002762,-0.005654,0.006212,0.001142,0.006392,-0.008343,-0.026026,-0.002997,0.004840,0.006927,-0.013282,0.005841,-0.005549,-0.006213,-0.000236,-0.001263,0.064201,0.004365,-0.025503
-0.003784,0.000361,0.031244,-0.014696,-0.001002,0.013018,0.002528,-0.009081,-0.005524,-0.000228,0.014113,0.001959,-0.042282,0.020755,0.078861,-0.012145,0.006539,-0.007034,0.001803,0.011993,0.010281,-0.005027,-0.044763,-0.010114,-0.019312,0.019310,0.007441,0.009331,0.004082,-0.024704,0.010405,-0.010484,0.000440,-0.001913,-0.011073,0.009383,0.004779,0.012063,0.012311,-0.004172,-0.007174,-0.007655,0.004497,0.003208,0.018904,0.007321,-0.006902,0.008540,-0.003142,-0.035088,0.009606,0.025367,0.004730,-0.008312,0.019445,-0.011821,-0.023780,0.000756,0.002582,-0.004381,-0.003839,0.000046,-0.011056,0.008390,-0.009189,-0.016233,-0.000081,0.016899,0.028886,0.004754,-0.005408,0.009769,0.003792,-0.006264,0.009990,0.001540,0.007641,0.008155,-0.006630,-0.056346,0.007683,0.027014,-0.001721,-0.002373,-0.022299,0.032213,-0.000621,0.001312,0.021717,-0.033369,0.026702,0.012710,-0.003068,0.011437,-0.000165,0.015076,0.002049,0.018159,-0.005433,-0.018758,-0.006417,0.022451,0.004566,0.005469,0.010037,0.009915,-0.028830,0.001287,0.001818,0.025783,0.007742,0.005500,0.005330,0.000281,0.009293,-0.068249,-0.015613,-0.007303,0.006621,0.023970,0.009716,0.028743,0.007315,-0.001488,0.004852,-0.127339,0.011537,0.003212
0.007000,-0.006028,0.026286,-0.000907,-0.007355,0.008535,-0.005295,0.006483,-0.001365,0.004292,0.002624,0.010393,0.016725,-0.012569,-0.020810,-0.022553,0.004640,-0.019236,-0.004355,-0.001259,-0.020839,0.017029,-0.028652,0.004362,-0.012999,0.001283,0.000784,-0.025115,0.012871,-0.014096,-0.005320,0.026512,0.002073,0.020844,0.050306,-0.015984,0.005367,0.010911,0.008381,0.021197,-0.010805,-0.004992,0.015108,-0.002717,-0.012473,-0.006321,-0.017604,-0.009008,-0.005958,-0.002619,-0.001793,-0.007522,0.000129,0.025186,0.007974,0.007680,0.016369,0.006726,-0.007456,-0.018363,-0.011537,-0.010102,0.077358,-0.006958,-0.005687,0.012651,-0.018586,0.007458,0.043671,-0.007655,0.004659,0.001697,-0.008630,-0.015626,0.001726,-0.007622,-0.000791,-0.007509,0.005470,0.014571,-0.009153,-0.004364,0.046106,-0.020506,-0.007340,0.004753,0.006157,0.028830,-0.005191,0.026554,0.008068,-0.004844,0.000590,0.001410,-0.011223,-0.019705,0.004167,0.022092,-0.014244,0.079156,0.003820,0.009178,0.000642,0.021279,-0.015293,-0.006626,-0.006963,0.001168,0.016596,0.021578,-0.003974,0.003050,0.003869,-0.016020,-0.007018,-0.009140,-0.010667,-0.008453,-0.009312,0.014261,0.023110,0.034987,-0.016771,-0.001506,-0.007525,0.001424,0.009326,-0.003637
0.027053,0.006180,0.016825,0.038334,0.005054,0.015795,-0.008863,0.000016,0.006595,0.034309,0.001777,-0.015443,0.044065,0.041490,0.032718,-0.004434,-0.004829,-0.003499,-0.006675,0.023641,0.008725,-0.023535,0.038820,-0.012228,0.021459,0.001544,-0.004675,-0.003526,-0.020742,0.004020,0.005515,-0.007227,-0.007048,0.035859,-0.005636,0.029963,0.004002,-0.011180,0.004802,-0.010140,-0.001625,0.001333,-0.009551,0.009049,0.012146,0.030278,-0.015419,0.023359,0.015632,0.031540,-0.004382,0.031109,0.016757,0.036465,0.012209,0.016850,0.017045,-0.006735,0.004749,0.025301,-0.013979,0.052698,-0.029530,-0.008467,-0.008601,0.001359,-0.008479,0.009065,-0.038022,0.007791,0.023962,0.005966,0.000839,0.007956,0.000939,0.017547,0.020338,-0.033564,-0.014473,-0.059321,0.002353,0.028440,-0.005692,0.006335,-0.002726,0.004213,0.022850,-0.016713,0.018083,0.026899,-0.003290,0.006397,-0.002708,0.032953,-0.006746,0.018949,0.016369,0.045602,0.043622,-0.038287,0.000237,0.000688,0.013240,0.010853,0.025072,-0.006367,-0.022183,-0.009636,-0.009654,-0.003564,0.016576,0.015025,-0.004513,0.007140,0.022337,-0.047109,0.003026,0.000533,0.010464,-0.016530,0.019979,0.053658,0.028486,-0.006406,0.009109,0.027650,-0.014143,-0.029531
0.025740,-0.000340,-0.015397,-0.031002,-0.003441,0.000767,-0.010333,-0.002515,-0.003068,0.014352,-0.007439,0.003070,-0.001294,0.003805,0.042956,0.012726,-0.002106,0.007149,0.008581,0.051991,0.003129,0.002730,-0.031076,-0.015132,-0.009411,-0.012026,-0.002218,-0.019209,0.018120,-0.066055,-0.006566,-0.002376,-0.001715,0.035223,-0.013920,-0.004747,-0.002501,0.006597,-0.001646,0.007650,0.004044,0.012886,0.010812,0.003056,-0.005463,0.021664,0.020345,0.024611,-0.013255,0.005997,-0.001666,-0.021927,0.001448,0.000871,0.005441,-0.008248,-0.013293,0.007068,0.002238,0.008135,0.016376,0.013714,-0.025441,0.002616,-0.004451,-0.055287,0.013829,-0.007132,0.008060,0.025216,-0.003841,-0.009326,-0.015490,0.038345,-0.003210,-0.026223,-0.025893,-0.002437,0.004496,0.013827,-0.005585,-0.018626,0.008006,0.004897,-0.029929,0.004034,0.021625,-0.030992,-0.017098,-0.032943,-0.004372,-0.007079,-0.005687,0.026924,-0.004589,0.055924,-0.003029,-0.024270,-0.014517,0.005263,-0.008310,0.002140,0.038723,0.004866,0.011559,-0.000750,0.033943,0.005648,-0.011722,-0.000197,0.004504,0.019756,0.000753,-0.013544,-0.003543,0.037697,0.005639,-0.002504,-0.008931,0.010940,-0.005001,-0.042086,0.012735,-0.003451,-0.008910,-0.021534,-0.007676,0.031587
0.020104,-0.004259,0.010939,-0.031396,-0.003024,-0.003579,-0.000914,0.003956,0.005746,-0.017256,0.002470,0.026333,-0.004878,-0.052575,0.004318,0.017546,-0.004364,-0.039516,0.021451,0.028694,0.002781,0.018902,-0.003976,0.018502,0.005068,0.002365,0.008921,0.014957,0.010168,-0.002393,0.000131,0.059680,-0.005442,0.020381,-0.029914,-0.011148,0.006827,-0.001455,-0.009744,-0.036294,0.005188,-0.005948,0.013395,0.016549,-0.003149,0.020192,0.068327,-0.032403,0.017156,-0.043725,0.007225,-0.015662,-0.013943,-0.026675,0.005013,-0.028228,-0.006641,-0.009356,0.012326,-0.031221,0.001873,-0.061398,-0.015046,0.056865,0.007902,0.007079,-0.025402,0.008769,-0.005109,0.036673,-0.027294,0.004556,0.017460,0.044422,-0.004683,-0.043053,-0.043198,0.026847,0.012667,0.041424,0.000453,-0.050994,-0.005265,0.012265,0.045494,-0.002123,-0.028900,0.011750,-0.004168,-0.010744,-0.004899,0.002614,0.001869,0.027472,0.005082,0.046247,-0.002430,-0.049859,-0.014330,0.008128,0.007328,0.002337,0.023739,0.015921,0.010351,-0.000615,-0.029337,-0.000178,0.009475,-0.002061,-0.002947,0.006787,-0.006427,0.007130,-0.038411,0.014542,0.002547,0.003578,-0.000232,0.023816,-0.029478,-0.076750,0.028351,0.005019,-0.002743,0.036494,0.008327,0.030846
0.004396,-0.006658,0.032670,0.014834,0.002119,0.000335,-0.000470,-0.005852,0.001683,0.015331,0.009741,-0.027390,0.009483,0.004011,-0.017171,0.018626,0.008721,0.007417,-0.007390,-0.041318,-0.000663,0.020436,0.032843,-0.009039,0.014797,0.007430,0.001469,-0.004033,0.002779,0.077816,0.000390,0.026901,0.021455,-0.025896,0.018489,0.008932,0.007533,-0.004608,0.012248,0.005156,-0.003033,-0.009089,0.000446,-0.004393,0.000664,0.005993,0.022088,-0.004973,0.006331,0.018989,-0.000993,0.013939,-0.013451,0.008055,0.001809,0.023656,0.008844,-0.005949,-0.002157,0.005229,-0.004575,-0.021161,0.013007,0.021899,0.009120,0.040159,0.000811,0.010478,-0.000744,-0.003110,0.024039,0.011080,0.004715,-0.033028,0.005266,0.021744,0.021030,0.027598,0.012395,0.032806,0.001432,0.005674,0.013043,0.008865,0.045262,0.020666,-0.009831,-0.011858,-0.001076,0.030212,0.004559,0.010179,0.007434,-0.026691,0.005229,-0.035404,0.009989,0.011732,0.002198,-0.005739,-0.011706,-0.007239,-0.004902,-0.013316,-0.003401,-0.005944,-0.016515,0.006795,0.006431,-0.004277,-0.005820,0.002891,0.004026,0.011252,0.006234,0.012611,0.001162,0.002894,0.000612,0.002383,-0.011674,0.016987,-0.019341,0.007033,0.003322,0.027728,0.005456,-0.021575
-0.011852,0.007845,0.008114,0.016559,-0.000566,0.004501,-0.002801,0.002926,0.002514,0.008257,0.014666,-0.004711,-0.005626,-0.018722,-0.014838,-0.001785,0.002286,-0.002857,-0.001776,0.014445,-0.013650,-0.020489,0.090887,0.005958,0.027330,-0.000105,-0.003952,0.010625,-0.033708,0.041913,0.001916,0.009687,-0.015090,-0.007669,0.005430,0.018847,-0.002635,0.009528,0.012499,0.007463,0.002253,0.007286,0.003190,0.012777,0.015538,0.006468,-0.007311,0.004929,0.007181,0.034409,-0.000123,-0.000137,0.000700,0.009659,-0.002708,0.034532,0.041574,0.009124,-0.002267,-0.036145,0.001458,-0.027244,0.004066,0.011394,0.005663,0.005602,0.010874,0.007543,-0.026091,-0.001932,0.004534,0.012728,-0.001965,0.007932,0.003025,0.006606,0.008319,0.007072,0.002244,-0.003058,0.009688,-0.005600,0.015192,-0.003887,0.027837,-0.017750,-0.001077,0.000491,0.019159,0.045556,0.006783,0.011000,0.006008,-0.001438,-0.002286,0.017859,0.012471,0.006922,0.013851,0.004958,0.001962,0.005364,-0.002301,0.009522,-0.008338,0.005984,0.053194,0.003561,0.000314,-0.004165,0.023408,-0.015478,0.003690,0.001213,-0.008216,-0.009217,0.017918,0.001305,0.014912,0.006547,0.007091,0.028451,-0.013570,0.001872,-0.005523,0.048098,-0.006623,0.017210
-0.001549,-0.000331,-0.004925,0.025579,-0.002098,-0.001035,0.000027,-0.002069,0.001394,0.002093,-0.103841,0.002282,-0.010642,-0.007758,-0.001540,0.000662,-0.001707,0.000790,0.001260,0.002411,0.001371,0.007726,-0.004876,-0.014370,-0.000901,0.005506,0.282745,0.056444,-0.000560,0.001010,0.031804,0.004658,-0.009988,-0.010586,-0.007835,-0.087236,0.001113,0.007662,0.005687,-0.008917,-0.059267,0.000030,0.007407,0.004199,0.249948,-0.001892,0.004140,-0.001728,0.000569,-0.004661,0.170534,-0.003358,0.001893,-0.004047,-0.006624,0.002592,0.005987,0.002172,0.001598,-0.009407,-0.017279,-0.005581,0.001228,0.002287,0.009775,0.003214,-0.015035,-0.094121,-0.001946,0.002984,-0.003037,-0.036522,0.000378,-0.003714,-0.005648,-0.005288,-0.003916,-0.009269,0.047156,0.123535,0.111999,-0.008444,-0.007622,0.001620,-0.002935,-0.000684,0.006015,-0.006708,0.086628,0.002700,0.001557,0.234481,-0.212482,-0.000773,-0.053477,-0.002829,0.003478,-0.004845,0.026406,-0.003070,0.003434,-0.194393,0.002643,0.005765,0.000580,-0.004597,-0.020315,-0.001493,-0.088373,-0.000104,-0.144565,0.000753,-0.000935,-0.000434,0.051850,-0.036264,0.119278,-0.004835,0.130818,-0.004274,0.002985,0.002775,0.003959,-0.061393,0.000918,-0.024326,0.061647,0.001851
0.003089,-0.003516,0.007878,0.020375,0.000655,-0.003095,-0.001545,-0.001917,-0.000001,0.000875,0.044797,-0.000128,0.005570,0.011433,0.018924,-0.004132,-0.002123,0.000697,-0.000928,-0.001876,-0.001777,0.003846,-0.004005,-0.000350,0.003097,0.123057,0.046253,-0.022602,0.005943,0.003512,-0.082450,0.004025,0.000130,-0.001682,-0.006457,-0.001266,-0.001641,-0.001343,-0.005670,0.000650,-0.018072,0.000925,0.001463,0.000788,0.035095,-0.000347,-0.005201,0.001013,-0.000082,0.003028,-0.063557,0.009633,0.004062,0.002028,0.003483,-0.005691,-0.004290,-0.002599,-0.003568,0.008253,0.003954,0.010732,-0.007493,0.001122,0.212049,0.004868,0.004839,0.001359,0.023546,-0.000551,-0.001596,0.139094,-0.002187,-0.000979,0.000761,0.006690,0.003018,0.009997,0.027466,-0.047914,0.162719,0.001238,-0.003296,-0.001950,0.004047,0.008699,0.001162,0.004028,-0.057408,-0.004942,0.002500,-0.133486,0.042935,-0.000295,-0.019712,-0.002899,0.002027,0.013572,0.016257,-0.007221,-0.003790,0.086178,0.003432,-0.002515,-0.000168,-0.000437,0.009729,-0.001913,-0.327948,0.005247,-0.147449,0.005638,-0.000565,0.001159,-0.014978,0.022008,-0.026174,0.000332,0.356237,0.001075,0.001680,0.011225,-0.005127,0.260468,0.004762,0.040598,-0.130771,0.002011
0.032764,0.013270,-0.027627,-0.015687,0.010089,-0.002314,-0.004063,0.008055,0.009119,0.016273,0.017054,-0.034200,0.006375,0.004184,-0.038317,0.041572,-0.006364,0.083523,-0.015951,-0.023470,0.010693,0.021693,-0.023931,0.011690,-0.039072,0.020112,0.000552,0.020041,0.003316,-0.003414,0.001604,0.011684,-0.008128,-0.044324,0.021201,0.005540,-0.002412,0.008172,0.018265,0.048330,0.006531,0.026638,-0.008987,-0.019850,0.005516,0.022225,-0.036389,0.030543,-0.011327,-0.020405,0.019645,-0.031273,0.005581,-0.012043,0.031847,-0.019742,-0.007934,0.009598,-0.001365,-0.020629,-0.001592,-0.003106,0.043474,-0.040208,0.005583,0.010634,-0.006564,-0.008938,0.112774,0.016015,-0.002377,-0.002252,0.003049,-0.016525,0.004649,0.069548,0.068391,0.056818,-0.001897,0.017651,0.007177,0.036467,-0.003578,-0.003955,-0.045370,-0.014406,-0.027970,0.012395,0.010216,0.005921,0.031586,0.002254,0.007792,-0.017456,0.010308,-0.029081,-0.029312,-0.047842,-0.017200,0.038384,0.000883,0.000466,0.011553,0.009817,-0.000138,-0.004611,0.000021,-0.013482,0.007033,0.022830,-0.000204,0.040135,-0.004513,0.009931,-0.012600,-0.007240,0.005273,0.016998,0.002680,-0.025330,-0.028975,-0.029245,-0.006460,-0.001232,0.012618,0.054961,0.010805,0.061060
0.027263,-0.005397,0.053934,0.002255,-0.008483,0.019942,-0.001416,0.002895,-0.005011,0.040951,-0.001913,-0.015567,0.032879,0.005491,-0.000162,-0.049937,-0.010680,-0.038561,-0.013652,-0.005085,-0.003777,0.002617,-0.012148,-0.009290,0.008345,0.004657,-0.006905,-0.034342,-0.007989,-0.005152,-0.010753,0.013940,0.000033,0.022544,0.059974,-0.004220,-0.003376,0.012787,-0.005390,-0.016743,-0.015502,-0.008799,0.008997,0.016229,-0.006369,0.022950,-0.023077,-0.003297,0.009783,0.019577,-0.011317,0.021825,0.012471,0.057739,0.017808,0.024168,0.004878,0.002240,0.006424,-0.012081,-0.013683,-0.011026,0.064842,-0.020443,-0.005470,0.007273,-0.008685,0.012442,0.015694,0.012643,0.036793,0.000335,-0.000529,-0.016970,0.004631,0.007446,0.014317,-0.000155,0.002454,0.002184,-0.012015,0.009413,0.016437,-0.020354,-0.008975,0.019934,0.003311,0.002680,-0.007703,0.041226,0.016649,-0.005438,-0.007293,0.016544,-0.015971,-0.013890,0.006331,0.059702,0.007538,0.063689,-0.003985,0.000934,0.023710,-0.008375,-0.009057,-0.005397,-0.014532,-0.011722,0.006677,0.030802,-0.002179,0.009711,0.001236,0.009630,0.001926,-0.021656,-0.009220,-0.004740,-0.009154,0.012963,0.015295,0.077708,-0.024674,-0.009765,0.012191,-0.021950,-0.000991,-0.056921
0.031786,-0.003958,-0.011280,0.023923,0.003829,0.009341,0.002948,-0.006034,0.009851,0.022463,0.001641,-0.037872,0.046266,0.031036,0.007080,0.029268,0.001230,0.049199,-0.032721,0.006079,0.010604,-0.003638,-0.059749,-0.004519,-0.049078,-0.004229,-0.005119,0.016106,-0.005029,0.002090,-0.001992,-0.014334,0.008235,0.034679,0.021628,-0.009016,-0.000288,-0.020243,0.001325,0.019765,0.000792,0.008527,-0.024395,-0.022945,-0.007198,0.014028,0.000296,0.007601,-0.004178,-0.004152,-0.001799,0.017637,-0.002088,0.020219,0.001880,0.003376,-0.012841,-0.007385,-0.007148,0.039758,0.026504,0.040233,0.050180,-0.003805,0.000296,0.005080,0.009720,-0.014787,0.036226,0.018653,0.004305,-0.011487,-0.009446,-0.001415,0.000075,0.032612,0.029739,-0.027069,-0.006824,0.008433,-0.002060,0.014900,0.003446,-0.000770,0.000168,-0.018693,0.020031,-0.015497,-0.006323,-0.002323,0.001794,-0.011397,-0.006348,0.037231,0.008311,0.002609,0.001780,0.006839,0.009666,0.053526,-0.006265,-0.012155,0.032383,0.002760,0.022512,0.003929,0.007030,0.000045,0.003314,0.002771,-0.008986,0.035945,-0.005702,0.007654,-0.004263,-0.006108,-0.008804,0.002004,0.002733,-0.005594,-0.022520,-0.002453,0.022152,-0.008398,0.003776,-0.011823,0.003540,-0.019141
0.033912,0.003190,0.011036,0.041600,0.009144,0.002183,0.007543,-0.005254,0.005530,0.041992,0.003968,-0.009082,0.060489,-0.001862,-0.001234,-0.000059,-0.000641,0.007452,-0.009017,0.057900,0.007322,-0.037763,0.108974,-0.016208,0.035604,-0.003014,-0.012332,0.001691,-0.027213,0.001631,-0.003215,-0.004392,-0.021401,0.050429,0.005918,0.026814,0.003697,-0.006030,0.026828,0.006963,-0.005184,-0.000950,-0.012059,0.008650,0.007651,0.024031,-0.016789,0.004882,0.003275,0.059847,-0.008223,0.003587,0.012101,0.061678,0.026039,0.061597,0.042928,-0.003573,-0.000048,-0.011800,0.004547,0.006108,0.007568,0.001772,-0.009841,-0.007932,0.016804,0.005545,-0.015664,0.013128,0.022987,0.004505,-0.000360,0.046155,-0.006347,0.006643,-0.006357,-0.014638,-0.015759,-0.044728,0.000556,-0.007164,0.000395,0.007734,-0.013034,-0.043949,0.021372,-0.016344,0.019609,0.063038,0.011134,0.004015,-0.002983,0.025710,-0.004131,0.053140,0.006716,0.004347,0.042940,-0.017796,-0.000686,-0.009070,0.026499,0.014227,0.026803,0.003006,0.049388,0.006077,-0.008955,0.007157,0.012524,0.029681,0.002720,-0.003172,0.007007,-0.045677,0.006663,-0.007120,0.008213,-0.025046,0.001626,0.009642,0.003075,-0.006863,-0.001523,0.064315,-0.016680,-0.023121
-0.069925,-0.007542,-0.010876,-0.017801,-0.005615,0.002865,0.003568,0.002548,-0.009451,-0.035331,-0.000203,0.009329,-0.023725,0.006394,0.010414,0.005926,0.011054,-0.018741,0.018615,0.044819,0.009605,0.019775,0.026989,0.012744,0.031159,0.015972,-0.000510,0.004128,-0.004711,-0.041646,-0.005476,0.002857,0.000177,-0.038739,-0.000487,-0.040013,0.000309,-0.013152,-0.036090,0.003874,-0.012654,-0.018883,-0.007585,-0.002334,0.009454,-0.030347,-0.004020,-0.013799,0.012027,-0.009524,0.009437,-0.030868,-0.008368,-0.026486,-0.036207,0.000397,0.009740,-0.007049,-0.008848,-0.009885,0.027855,0.002229,0.036341,0.002057,-0.017715,-0.028679,0.040180,0.012992,0.110819,-0.028965,-0.012169,-0.015178,-0.001371,0.016269,0.002517,-0.000293,0.005556,0.068052,0.005345,0.015993,0.008535,-0.001455,0.017239,-0.001460,-0.000352,0.030667,-0.018700,0.010663,-0.009972,0.007326,-0.010882,-0.001860,-0.001962,-0.044919,0.003675,0.030178,0.023391,0.015763,0.009864,0.043961,-0.002204,0.026352,-0.071338,-0.033618,-0.025798,0.004680,0.021124,0.007482,0.002763,-0.026001,-0.016677,-0.058580,0.005060,0.000717,0.007916,-0.011083,-0.028657,-0.010025,-0.006549,-0.001120,0.010042,-0.009134,-0.006562,-0.005326,0.013767,-0.028502,0.027652,-0.014350
0.005774,-0.001021,0.019598,0.061691,-0.001174,-0.005759,-0.002050,-0.001353,0.001436,-0.014404,-0.147167,0.008365,-0.005183,-0.000848,-0.028932,0.006813,-0.001686,-0.002424,0.006833,-0.005604,-0.008750,-0.009349,-0.004025,0.022949,-0.005253,0.010918,-0.097702,0.027844,-0.012211,0.018118,0.311697,-0.005148,0.012191,0.026761,-0.009156,-0.103947,0.000190,-0.012663,-0.003765,-0.011465,0.090695,-0.005089,0.003093,0.011801,-0.010078,0.011140,0.007898,-0.002009,0.006741,-0.008105,0.076750,-0.005503,0.004525,-0.028171,-0.003975,-0.009995,-0.005297,-0.001872,-0.001359,0.000755,0.012352,-0.006200,0.001580,-0.005955,-0.118953,0.019815,-0.001936,0.023777,-0.003057,0.002525,-0.006392,-0.006768,-0.002735,-0.005436,-0.001143,0.008573,0.009004,0.000416,0.143043,0.146295,-0.104116,0.017287,0.000634,-0.007790,-0.009137,-0.007504,0.000079,0.009242,0.004691,-0.011266,-0.006583,-0.155514,0.084931,0.012852,-0.208876,-0.001316,0.020503,0.016375,0.075461,0.006793,0.002902,-0.022891,0.009499,-0.001570,0.005767,0.001866,-0.000468,-0.001584,-0.143189,-0.002571,0.182624,-0.004805,-0.003229,-0.001472,0.047844,0.031829,0.062118,-0.001258,0.059856,0.000945,0.005940,0.011858,0.005437,0.146101,0.014831,0.055977,0.125512,0.026511
0.017250,-0.004467,0.036143,0.048221,0.000478,0.009224,-0.003534,0.009614,0.000278,0.006614,0.014175,-0.031609,-0.014342,-0.004051,0.109745,0.015223,-0.007930,-0.009367,-0.023417,-0.007069,0.010120,0.108960,-0.016894,0.029312,-0.006314,0.009878,-0.000909,0.030124,0.095563,-0.020382,-0.011604,0.005819,0.050370,-0.030443,-0.009105,0.027168,-0.000241,0.001401,0.022742,-0.011197,-0.007981,0.003424,-0.011297,-0.002751,0.018370,0.018833,0.018562,-0.005567,-0.001825,-0.025539,-0.007475,0.055749,0.010380,0.000271,0.011461,-0.018888,-0.016727,0.000549,-0.008918,-0.002472,0.042145,-0.006637,-0.039140,0.007690,-0.008014,0.005911,0.035395,0.008105,0.047705,0.023471,-0.002455,0.000337,-0.007549,-0.007435,0.001688,0.004537,0.007474,0.022203,-0.008217,-0.079256,0.016316,0.002752,-0.002202,-0.007341,0.033821,0.059341,-0.012017,0.014490,0.027494,-0.029039,0.005463,0.011796,-0.010671,0.008789,-0.002449,-0.010825,0.013522,0.017407,0.061143,-0.029993,-0.003662,0.005337,0.004446,-0.008569,0.007794,0.000255,0.046978,0.003729,0.001637,0.017628,0.029729,0.006724,-0.003138,0.028338,-0.013311,-0.072960,0.005497,0.014520,0.013196,0.055776,-0.013612,0.019416,-0.001427,-0.013409,0.008656,0.012338,-0.017047,0.001798
0.002474,0.001722,0.006284,0.002819,-0.001062,0.005724,-0.000106,0.002200,-0.009052,-0.000120,-0.190028,-0.002759,0.000315,0.022162,0.000557,0.002212,0.003965,0.003446,0.003714,-0.007169,-0.004305,0.002899,0.004856,0.000639,-0.006939,0.014163,0.111504,-0.021004,0.001431,0.018036,0.133304,0.008790,-0.007497,0.002353,0.006764,0.114531,-0.006615,0.004108,-0.001105,0.008287,-0.175924,-0.004248,0.000697,-0.007248,-0.091041,0.000155,0.004315,0.004894,0.004725,0.002423,0.053541,-0.003238,0.002776,-0.002285,0.005686,0.007987,0.001136,-0.004533,-0.001211,0.027149,0.003998,0.024933,0.001457,0.005784,0.175544,0.014125,0.004862,0.074199,0.005827,-0.004318,0.007025,-0.165820,-0.001891,-0.000160,0.000794,0.002862,0.003455,0.011213,0.109774,0.061803,0.282867,0.017272,0.003264,-0.004191,-0.002306,0.005826,0.001929,-0.005313,0.073388,0.006457,-0.003167,0.020388,0.073467,-0.001964,0.055738,-0.001637,0.005797,0.013040,0.007090,0.006183,-0.010027,0.180945,-0.004695,-0.008268,-0.002218,-0.002199,0.015440,0.000904,-0.021864,0.011310,0.060365,-0.003923,-0.002900,-0.008766,-0.012039,0.049505,0.053187,0.000485,0.017665,-0.000783,0.007521,0.007454,-0.001575,-0.105421,-0.002247,0.009348,0.142583,-0.003781
-0.014989,-0.005347,-0.039293,0.053819,-0.012961,-0.006104,-0.001781,-0.000321,0.002772,-0.006693,0.011161,-0.002183,0.008981,0.022146,0.000861,-0.005865,0.003971,0.004469,-0.000600,-0.011074,-0.000939,-0.028082,0.027807,0.009674,-0.008178,-0.002564,-0.012234,0.025236,-0.018405,0.013547,-0.000897,-0.049209,0.007295,0.026897,0.011332,0.019246,-0.004276,0.021895,0.035230,-0.005442,-0.001316,0.028608,0.015156,-0.009999,0.004276,-0.004036,-0.031401,0.040679,0.000574,0.008201,-0.005972,0.012270,-0.012283,-0.008380,-0.016794,-0.000176,0.008132,0.003048,-0.001051,0.018940,-0.006380,0.043750,0.024579,-0.041884,0.001745,0.027867,0.009629,-0.005247,0.020897,-0.009831,0.009901,-0.001519,-0.000510,-0.008509,0.002107,-0.032152,-0.040607,-0.014501,-0.015652,-0.047871,0.004729,0.026871,-0.003543,-0.037097,-0.020154,-0.001161,0.032526,0.020876,0.016262,0.002840,0.024251,-0.006423,0.007695,-0.010202,-0.006705,0.001304,-0.011158,-0.014426,0.066691,0.029913,0.005283,-0.008923,-0.003312,0.041302,0.000197,0.000117,0.033539,0.001334,-0.005388,0.005417,0.010498,-0.005870,-0.003594,-0.023643,0.016313,-0.033331,0.007509,-0.006606,0.006091,-0.007886,0.030493,-0.004950,0.028539,-0.013047,-0.004654,0.018194,-0.011323,0.011245
-0.003744,0.004282,0.000586,0.026302,-0.000594,-0.038164,0.003384,0.009994,0.001197,0.046883,0.009427,0.002608,-0.018403,0.042194,-0.025190,-0.037892,0.002765,-0.025444,0.000578,-0.042053,-0.041765,0.011387,-0.075413,0.000216,-0.010040,0.008434,0.000001,-0.008055,0.005654,-0.001024,-0.000814,-0.043644,0.014142,-0.036427,0.133082,-0.020478,-0.002252,0.026405,0.023341,0.001268,-0.001728,0.019423,0.019256,0.015507,-0.024337,0.007158,-0.007626,-0.005233,-0.005145,0.022147,0.006662,0.007121,0.003728,0.042891,0.012554,0.054185,0.025781,-0.003905,-0.005564,0.082279,-0.005491,0.054137,0.146732,-0.025399,0.004962,0.030105,-0.029060,-0.006392,0.036474,0.004855,0.077909,-0.000943,-0.003533,-0.015170,0.003436,-0.056281,-0.049732,0.010662,0.009582,0.006100,-0.018664,-0.003413,0.092910,-0.032341,-0.007560,0.034103,0.025859,0.052188,-0.015608,0.062124,0.016140,-0.025238,0.011169,-0.014258,-0.017971,-0.038547,-0.000531,0.020679,0.012389,0.104252,-0.000502,0.005813,0.009831,0.024261,0.004137,0.003203,-0.033673,0.011993,0.036147,0.001906,-0.013625,0.028347,-0.001474,-0.051424,-0.005796,-0.013472,-0.021381,-0.037699,-0.014696,0.032456,0.030373,0.016171,0.001915,-0.014468,-0.008429,-0.004651,0.019851,-0.112262
-0.001911,-0.002798,0.001927,0.009532,-0.004327,-0.013969,0.000716,0.006931,0.006519,0.006588,0.015027,-0.008239,-0.018390,-0.016173,-0.042904,-0.003266,-0.004924,0.005078,0.001069,0.026863,0.003272,-0.010102,0.068957,-0.004540,0.010425,0.001159,-0.003557,0.003367,-0.012266,0.016861,0.003350,-0.000160,-0.005452,-0.020115,-0.002442,0.016266,0.005545,0.010224,0.009980,0.010666,0.002366,0.006150,-0.001745,-0.010773,0.010877,-0.001254,-0.015814,0.006016,-0.005599,0.021787,0.002988,0.005654,-0.003116,-0.000902,0.003628,0.019042,0.016058,-0.000675,-0.012737,-0.011852,0.009491,-0.022883,0.004162,-0.000359,0.006441,0.009682,0.006275,0.004473,0.011745,-0.008522,-0.000588,0.008175,0.004573,-0.014708,0.012259,0.021413,0.017677,0.018560,0.002244,-0.004258,0.008178,-0.013387,-0.005191,0.002161,0.011902,-0.005098,-0.007406,-0.005425,0.018653,0.022433,0.012953,0.005922,0.005813,-0.016923,0.000161,0.010789,0.002973,0.009144,0.010899,-0.005517,-0.004903,0.000981,-0.004297,-0.002308,-0.004097,-0.001796,0.028303,0.011649,0.001046,0.003903,0.015308,0.012630,-0.006054,0.004953,0.004269,-0.006383,0.012998,0.006221,0.010264,-0.007374,-0.003931,0.007487,-0.004148,0.002217,0.000517,0.022556,-0.002653,0.009598
0.036004,0.003724,0.032961,-0.008661,0.004334,0.007483,0.002063,-0.004946,-0.000572,0.025254,0.000750,-0.009196,0.044612,-0.010814,0.005657,-0.011702,0.002509,-0.032964,-0.000963,0.016942,0.015927,0.012797,-0.009204,-0.000509,0.003172,0.003184,0.001797,-0.017748,0.015819,-0.005235,-0.015548,0.021788,0.010491,0.040086,0.052175,-0.003716,-0.001998,0.001528,-0.002081,-0.029403,-0.017827,-0.021759,0.006954,0.019324,-0.006080,0.019442,0.007941,-0.007818,-0.004639,-0.006639,-0.008118,0.015087,0.016423,0.043841,0.012683,0.019312,0.007200,0.000783,0.000668,0.000344,-0.023807,-0.015265,0.074097,0.028599,0.001463,0.006609,-0.027410,0.015033,-0.016031,0.013417,0.025579,0.003755,-0.010836,0.023356,-0.004204,0.007501,0.010945,0.002082,0.008148,0.022560,-0.015534,-0.021619,0.015770,0.003931,0.010291,0.012534,-0.000893,0.008628,-0.019545,0.027278,0.003234,0.007086,-0.003520,0.041895,-0.013331,0.006616,0.002502,0.024279,-0.003833,0.052674,-0.001528,0.007629,0.034567,-0.008008,0.015961,-0.004926,-0.021921,-0.007113,0.005397,0.020900,-0.003321,0.021921,0.001834,0.006875,-0.014372,-0.009502,-0.007923,0.001275,-0.002831,0.019156,0.006119,0.047971,0.008798,-0.002649,0.003482,-0.008471,0.007123,-0.036788
0.013753,0.004496,0.024248,-0.042422,-0.003806,-0.019369,-0.000532,0.001038,0.002648,-0.000768,0.014453,-0.021300,0.000582,-0.001726,0.011384,-0.012897,-0.005153,-0.006991,-0.019079,0.022256,-0.007054,-0.009988,0.059032,0.024527,0.009164,0.007187,0.009672,-0.041390,0.001168,0.044707,-0.020205,0.001928,0.055990,-0.001730,-0.017274,-0.005759,-0.003340,0.019173,0.050712,-0.000956,0.011385,0.005744,0.009939,0.010762,-0.002485,0.015132,-0.008301,0.017589,-0.010182,-0.006603,0.003967,0.028988,0.009768,-0.001016,0.025362,-0.010497,-0.009866,0.007624,0.003626,-0.011858,0.074227,-0.019272,-0.027746,-0.001775,0.008485,0.016641,0.078962,-0.000914,0.005842,0.007319,-0.000278,0.005192,-0.005405,0.002080,0.005786,0.000074,-0.002821,0.021626,0.046828,0.025406,0.010785,0.004369,-0.011148,-0.014157,0.048017,-0.008723,0.010121,0.031247,-0.004289,-0.009697,0.042301,0.006235,-0.010650,0.021929,0.003796,0.009097,-0.004629,-0.011184,-0.043137,-0.033856,-0.000474,0.007521,0.012525,0.035649,-0.001267,0.002457,0.126632,-0.002906,0.003938,0.021594,-0.000812,0.016116,0.003138,-0.003638,-0.012116,0.020085,-0.000530,-0.009426,0.002646,0.065032,0.026576,0.025523,0.014714,0.003742,-0.006895,-0.005166,0.006639,0.028281
0.007878,0.002009,0.003733,-0.032202,-0.000950,0.007554,0.001080,-0.002452,-0.006220,0.000313,0.106085,-0.003372,0.002283,0.006936,0.011663,0.000073,0.000305,0.004513,0.000056,-0.004576,0.000770,-0.002942,-0.000383,-0.010375,-0.007279,0.178076,0.075940,0.026212,0.000747,0.009183,-0.091100,0.000900,-0.008292,0.017235,-0.002251,-0.046991,-0.001739,0.002889,-0.003116,0.006018,-0.049048,0.000178,0.006544,-0.001514,0.026377,-0.001939,-0.002289,0.004089,0.002472,0.006669,-0.009431,0.003760,0.002297,0.000644,-0.000976,0.003941,0.000694,-0.001096,-0.002919,0.003225,0.000934,0.005420,-0.001844,-0.002866,-0.113596,0.008424,0.000226,-0.048196,-0.016118,-0.001040,0.000413,0.207663,-0.002705,-0.002057,0.001184,0.003990,-0.001209,-0.008962,0.120684,-0.180263,0.023760,0.009453,-0.005033,-0.000004,-0.004797,-0.001193,-0.000174,-0.001547,0.056218,-0.002171,0.000560,-0.076768,-0.017474,-0.004602,-0.152868,-0.002091,0.005604,0.004242,-0.031851,0.002816,-0.010157,0.021403,0.001421,0.000194,-0.000761,-0.000394,-0.004120,0.002866,0.150331,0.009876,-0.140322,0.001312,-0.004571,0.001019,0.026270,0.044219,0.320390,-0.004436,-0.180364,-0.003382,0.003017,0.007353,-0.005058,0.133163,0.003239,0.014799,0.100100,0.005218
0.021659,0.006217,0.029994,-0.019543,-0.009191,-0.001608,0.000676,0.005758,-0.003660,-0.004045,0.008063,-0.019761,0.011884,0.021731,0.019976,-0.005467,0.003871,-0.002619,0.003031,-0.000757,-0.008132,-0.008362,0.060624,0.032485,0.008784,0.010310,0.012116,-0.031282,-0.000291,0.093381,-0.024876,-0.002552,0.057682,0.021895,-0.019834,0.015356,-0.005059,0.019448,0.040576,-0.014889,0.014421,0.007094,0.004156,0.006331,-0.011039,0.018335,-0.002474,0.016796,0.000135,-0.014399,-0.000553,0.024741,0.025138,-0.000207,0.026243,-0.013276,-0.011100,-0.002706,-0.003615,0.027259,0.071897,0.028282,-0.027046,0.004567,0.013607,0.050679,0.078083,-0.000973,-0.003801,0.015057,0.006111,0.001029,-0.000650,-0.010895,0.000169,0.005242,0.000028,-0.009893,0.040644,0.032345,-0.005029,0.008118,-0.011556,-0.001466,0.062642,-0.014731,0.020820,0.041613,-0.019214,-0.018916,0.042735,0.006218,-0.015941,0.014479,0.007500,-0.008435,-0.004947,-0.008727,-0.063578,-0.023114,-0.001645,-0.011687,0.017420,0.030647,0.011613,0.003724,0.109193,0.002533,0.001572,0.000409,-0.009081,0.010931,0.000683,-0.002774,-0.009496,0.017439,-0.005503,0.001741,0.002790,0.077786,0.020703,0.039206,0.020129,0.000719,-0.004758,-0.050338,0.011945,0.029935
0.023129,0.008306,0.040353,0.025258,-0.000410,0.012177,0.000338,0.000906,-0.003692,0.011935,0.013161,0.020730,-0.021197,-0.007688,0.025331,-0.014737,0.003921,-0.021343,0.004930,0.052795,0.011200,-0.003380,-0.011275,-0.027641,0.004252,0.016541,0.006789,-0.000030,-0.017268,-0.069468,0.006382,-0.000029,-0.012694,0.011284,0.006640,0.010153,0.005259,0.020841,0.024472,-0.012859,-0.010603,-0.015167,0.013441,0.020349,0.014505,0.025203,-0.000251,0.000797,0.003168,-0.026732,0.003280,-0.012551,0.023355,0.005311,0.026066,-0.001707,0.002463,-0.006158,-0.005595,-0.011808,-0.012515,-0.013939,0.002592,0.004094,-0.014343,-0.059886,-0.003316,0.021068,-0.020781,0.026852,0.029142,0.004613,0.001686,0.009983,-0.003076,-0.005923,-0.000796,-0.006689,-0.014368,-0.049879,0.008420,-0.008371,-0.000529,0.007353,-0.033612,0.007869,0.009486,0.003576,0.029928,-0.008921,0.043805,0.011154,-0.006408,0.034577,-0.004013,0.044055,0.005704,0.000396,0.024028,-0.027871,0.004704,0.020003,0.034207,0.006337,0.014353,0.004628,-0.014106,-0.001717,0.004792,0.042647,0.002543,0.017764,0.000809,0.018002,0.000949,-0.058246,-0.014774,-0.002467,0.004034,-0.002885,0.018261,0.038305,0.021683,-0.004856,0.005387,0.002108,-0.003658,0.017503
0.008109,0.002077,0.011562,-0.028552,0.000111,0.000541,0.000383,-0.002873,-0.004474,0.002362,0.065116,0.002217,-0.003839,0.000119,0.000549,-0.004029,0.001334,-0.001400,0.002448,-0.006048,-0.001808,0.001443,-0.000484,0.003298,-0.003951,-0.263019,0.031988,0.022914,0.001645,0.008159,0.021545,-0.002421,0.003294,-0.003780,-0.001597,0.203925,-0.001312,0.000078,-0.006254,0.003096,0.256296,-0.003418,-0.001206,-0.000621,0.189170,-0.001711,-0.009034,-0.002728,0.003948,0.000293,-0.000550,-0.003029,0.003361,-0.003551,0.002468,0.001484,-0.003469,-0.000453,-0.003175,0.001710,-0.003959,0.000801,0.008559,-0.005793,-0.131512,0.007014,-0.003861,0.134397,-0.008089,0.000220,0.003393,-0.066467,-0.002367,-0.006121,0.000583,0.008222,0.000305,0.002743,0.130282,-0.007347,-0.003658,-0.003689,0.001644,-0.010248,0.001959,0.000217,-0.005923,0.001045,-0.022482,-0.001367,-0.001678,-0.022614,-0.014344,-0.008226,-0.034896,-0.006164,0.009350,0.004179,-0.021075,0.006596,-0.011457,0.070924,0.001137,-0.005213,-0.006234,-0.002082,-0.005249,0.000094,0.181702,0.002694,-0.119837,0.003589,-0.003646,-0.000912,0.012116,0.040027,-0.237704,-0.003863,0.221165,-0.002079,-0.007411,0.007700,-0.015476,0.034339,0.006072,0.012985,0.089291,-0.000807
0.036280,-0.004087,-0.051206,0.020218,-0.001912,-0.008899,0.006577,0.002843,-0.002330,-0.012889,0.007091,-0.021570,-0.033982,0.048193,0.021791,0.022341,-0.000273,0.038842,-0.002539,0.004218,-0.004731,-0.052456,0.003670,0.001085,-0.022209,0.011631,0.005193,-0.002764,-0.022951,0.010820,0.001222,-0.011655,0.004638,0.027933,0.017506,0.017992,0.001125,0.026468,0.038871,0.034287,-0.003697,0.041500,0.000025,-0.019311,0.012296,0.010522,-0.002711,0.035544,-0.010513,-0.040454,-0.003532,0.012472,-0.000288,-0.036862,0.026899,-0.022836,-0.028048,-0.000484,0.003666,0.060137,0.000367,0.075140,0.039017,-0.006289,-0.005573,-0.009177,0.029944,0.011235,-0.012349,0.038420,0.013389,0.005053,0.008175,-0.005987,0.005734,0.017073,0.018915,-0.025040,-0.002379,-0.002419,0.001916,0.007803,0.024239,-0.002644,-0.024711,-0.028154,0.038509,0.013112,0.010054,-0.013399,0.018395,0.026497,0.002758,0.012229,-0.006029,-0.000820,-0.033270,-0.035726,0.020076,0.027797,0.002358,-0.000181,0.026525,0.048235,0.030391,0.005288,0.030630,0.002074,0.006523,0.013279,0.018591,0.044366,0.004927,-0.000474,0.015857,-0.001945,-0.000624,0.002839,0.011914,0.028001,0.039857,-0.020926,0.018783,-0.006415,-0.021869,0.029400,-0.003224,0.071239
-0.000825,0.000532,-0.002172,0.087461,0.010833,-0.012191,-0.000637,-0.003552,0.000346,-0.010607,0.008537,0.012195,-0.009018,-0.033666,0.098389,-0.006455,0.003748,-0.008356,0.015859,-0.029122,-0.010953,0.183907,-0.001014,0.111931,-0.029564,-0.030957,-0.017465,0.056362,0.153653,0.044657,-0.006028,0.001040,0.121859,-0.021814,-0.013074,0.040886,0.004547,-0.013194,-0.008490,-0.005527,0.007839,-0.005073,-0.004863,-0.003595,0.017633,-0.010350,0.008377,-0.019448,0.006009,-0.017057,-0.019849,0.102370,0.013889,-0.012283,-0.007117,-0.025405,-0.028087,0.003414,-0.003096,-0.024153,0.087647,-0.026542,0.041662,-0.000027,-0.028070,0.037680,0.074212,-0.017562,0.009109,-0.002963,0.009725,0.003516,-0.003624,-0.017981,0.008995,-0.010461,-0.005121,-0.000218,-0.010131,-0.074927,0.005901,-0.027340,0.001520,-0.007959,0.075094,0.127486,-0.015455,0.092321,-0.000045,-0.031196,0.001520,0.006001,-0.000698,-0.006392,-0.008436,-0.031237,-0.007480,0.003467,0.079311,0.049036,0.004239,0.002721,0.006503,-0.004467,-0.017309,-0.005932,0.051227,-0.008355,-0.030052,0.015487,0.046302,-0.005269,-0.001842,-0.026988,0.026968,-0.062928,0.046975,-0.008410,-0.005250,0.092013,0.007963,0.011802,-0.013589,-0.031616,0.007618,0.100108,-0.037547,-0.011455
0.066029,-0.004859,0.022521,0.030117,-0.006367,0.010225,0.004336,-0.004057,-0.000715,0.068909,-0.002113,-0.040003,0.074775,0.027418,-0.003193,0.004630,0.002509,0.018931,-0.019343,-0.009197,0.011634,-0.018020,-0.059167,-0.019061,-0.035212,-0.001975,-0.005441,-0.004224,-0.007208,-0.030336,-0.009531,-0.017695,-0.001630,0.073221,0.052788,0.008916,0.003230,-0.002837,-0.024245,-0.002268,-0.007313,-0.013800,-0.006047,0.005239,-0.006195,0.025171,-0.010300,0.011927,-0.002696,0.008858,-0.006687,0.020714,0.017509,0.062616,0.018433,0.017946,-0.004412,-0.003110,0.005937,0.034735,0.007188,0.048883,0.034339,-0.015630,-0.006643,0.020818,0.010672,0.000165,0.008378,0.036305,0.043582,-0.005678,0.002174,-0.002793,-0.005832,0.034709,0.027991,-0.036098,-0.004085,-0.006625,-0.012566,0.011287,0.000687,-0.014647,-0.016741,0.004284,0.014255,-0.019311,-0.010829,0.002726,0.011016,-0.005779,-0.006972,0.048180,-0.001401,-0.000448,0.005209,0.039144,0.017323,0.053996,0.001181,-0.017408,0.054925,-0.014276,0.029644,-0.007623,0.028242,-0.003042,-0.001435,0.025914,-0.007374,0.054194,0.000793,0.004560,-0.001610,-0.020514,-0.010013,0.007846,0.002032,-0.006269,-0.000413,0.041192,0.011186,-0.016245,0.012153,-0.032474,-0.001888,-0.043239
0.030550,0.002437,-0.014480,0.026208,-0.005985,-0.006905,0.000695,-0.008150,0.002564,0.005309,0.004386,0.002469,0.012106,0.032327,0.050482,0.011064,0.001851,0.012606,-0.000624,0.048021,-0.006613,0.008454,0.003041,-0.022035,-0.000471,-0.004088,-0.004953,0.013367,0.010427,-0.058392,0.004839,-0.017398,-0.033205,0.038179,-0.005351,0.015324,-0.000293,0.005953,0.011856,0.009781,0.001345,0.010390,0.006692,0.008326,0.008799,0.029224,-0.023006,0.023157,-0.003268,0.010541,0.002173,0.010053,0.007842,0.013061,0.007112,-0.002440,-0.002737,0.002531,0.001140,0.033057,-0.018225,0.041570,-0.015947,-0.020349,-0.006013,-0.038338,-0.017191,0.000218,-0.014416,0.012944,0.006127,-0.001603,-0.005303,0.034692,-0.002037,-0.005808,-0.001319,-0.016567,-0.017697,-0.052325,0.002963,0.002931,0.002384,-0.009105,-0.048494,-0.001384,0.028487,-0.010281,0.018904,-0.001162,0.009058,-0.003812,-0.003875,0.027168,-0.006052,0.042257,-0.006127,0.005813,0.021868,-0.023436,0.000848,0.003036,0.019902,0.028149,0.017231,0.001478,-0.023482,0.003485,-0.007436,0.000168,0.014556,0.011908,0.003575,-0.015999,0.012657,-0.029812,0.005018,-0.005389,0.007067,-0.017543,0.024512,0.003574,0.021342,-0.010224,-0.004889,0.026854,-0.012070,0.012836
0.031393,0.003840,0.063300,0.008626,0.005114,0.042718,0.000759,0.001293,0.009940,0.044195,-0.006957,-0.027236,0.028741,-0.008946,0.011217,-0.030413,0.003502,-0.037101,0.001949,-0.000199,0.003300,0.006102,0.004868,0.004031,0.015064,0.003397,0.003714,-0.008940,-0.006533,-0.017864,-0.007932,0.028949,0.011697,0.011798,0.039778,-0.000761,-0.010646,0.012016,-0.028559,-0.046463,-0.005740,-0.046553,0.029821,0.019456,-0.001171,0.014512,-0.003031,-0.018389,0.014644,0.015230,-0.001135,0.029743,0.024676,0.043196,0.015347,0.027179,0.012207,-0.000760,-0.002337,-0.013398,0.009643,-0.018021,0.015076,0.004331,0.006204,0.001849,0.013875,-0.002345,-0.054097,0.008673,0.020026,-0.005552,0.007394,0.013701,0.002463,0.015322,0.029406,-0.011387,0.005335,-0.006080,-0.011043,0.025580,-0.005540,-0.002923,0.018683,-0.004602,-0.016937,-0.007494,-0.014086,0.008236,0.021926,-0.005319,0.001519,0.036570,-0.002476,0.009530,0.040070,0.059145,0.016850,0.006713,-0.002101,-0.002656,0.047182,-0.034595,0.000509,0.004130,-0.003874,-0.006072,0.001967,0.048271,-0.001412,0.000312,-0.008750,0.024822,-0.018238,-0.011071,-0.006714,-0.002681,-0.003184,-0.005556,-0.019436,0.088430,-0.007465,-0.004742,0.033516,-0.034877,0.005410,-0.065703
-0.024889,-0.003693,0.017042,-0.011487,0.002310,0.088852,0.003855,0.008202,0.003541,-0.031524,-0.006238,0.060926,-0.099987,-0.003338,0.018785,-0.009638,-0.002353,-0.041969,0.049016,-0.007525,0.042847,-0.005043,-0.021737,0.060355,0.006892,0.008102,-0.008845,-0.005494,-0.006484,-0.001461,0.003075,0.119831,0.051571,-0.011597,0.027603,-0.002279,-0.000120,0.028230,0.039279,-0.031193,-0.009833,-0.022434,0.033676,0.045368,-0.017391,0.012639,0.061618,0.024561,0.036038,-0.038646,-0.012972,-0.009091,0.026207,-0.059842,-0.009644,-0.004285,0.016740,0.000383,0.001572,0.002884,0.005663,0.004580,0.083307,0.086179,-0.015481,-0.019088,-0.026690,0.022738,-0.007720,0.002655,-0.009212,0.012402,0.004421,-0.003730,-0.004730,-0.047988,-0.032393,0.023568,0.009329,0.017185,-0.000778,-0.024712,0.063588,0.050931,0.032416,0.022873,0.049395,0.059420,-0.015452,0.033097,0.033939,0.015217,0.001832,0.031986,0.017137,-0.003890,0.030244,0.017526,-0.004746,0.081550,-0.000926,0.035930,-0.013904,0.019489,0.006869,-0.002503,-0.038686,-0.005060,-0.007355,0.040337,-0.025589,-0.030133,0.004119,0.046527,0.000726,-0.003232,0.000976,0.016277,-0.008123,0.028955,0.109080,0.040082,0.029290,0.015968,0.017934,0.006184,0.022331,0.039253
-0.010254,0.002714,-0.046143,0.038862,0.010860,0.004584,-0.003483,0.001948,0.003680,0.002084,-0.017012,0.023064,0.095806,-0.077010,0.064414,0.030737,-0.003738,0.005079,0.022801,-0.024992,0.010383,0.011082,0.028088,-0.012382,0.003900,0.027038,0.001055,0.007819,0.002434,0.076104,-0.011922,-0.019698,-0.016374,0.112174,0.020461,0.016742,-0.005896,0.004055,0.013250,0.034125,-0.011638,0.024210,-0.011803,-0.018678,0.018225,0.014054,0.017625,-0.001526,-0.015874,0.017894,0.020107,0.028431,-0.017137,0.010423,-0.014367,0.012405,0.010468,0.001788,0.007063,-0.069237,-0.025633,-0.061548,0.022790,0.008653,-0.022660,0.050532,-0.013216,0.023463,0.107256,0.007168,0.000554,-0.008476,-0.002262,-0.008230,-0.003135,-0.016818,-0.008346,0.019167,-0.009952,-0.016277,-0.003364,-0.112015,0.014567,0.006006,0.001287,0.030847,0.015667,-0.011117,0.007928,0.003216,-0.013145,0.012439,0.011265,0.032966,-0.024845,-0.020930,-0.044966,-0.044627,0.029577,0.018473,0.006354,0.031559,0.003230,0.023740,0.035227,-0.000051,-0.017396,-0.000979,0.008806,-0.032154,0.008173,-0.012417,0.001713,-0.002788,0.006280,-0.005097,-0.014719,-0.001272,0.013700,-0.019284,0.003646,-0.029236,0.043040,0.027336,-0.027275,-0.159691,0.025895,-0.001479
0.014510,0.003704,-0.012749,0.029547,0.005755,-0.003592,-0.010001,0.004427,-0.003399,0.017557,0.007098,-0.007065,0.027703,-0.021128,-0.023777,-0.013754,-0.004325,-0.001024,0.005050,0.041647,0.007419,-0.031015,0.078692,-0.020718,0.017183,-0.000787,-0.010105,0.008808,-0.043990,0.008453,-0.003326,0.008276,-0.027747,0.021232,0.001471,0.010938,0.013277,0.012232,0.003264,-0.006132,-0.006070,0.015946,0.000871,0.004482,0.006703,0.010970,-0.014070,0.001545,-0.000484,0.036933,-0.007973,-0.009516,0.006977,0.047657,0.007452,0.050039,0.039905,0.010565,0.004940,-0.023788,-0.005180,-0.022575,0.029861,0.000269,-0.004207,-0.001534,0.027564,0.004903,0.006833,-0.001091,0.014199,0.005495,-0.006266,0.019711,-0.001191,-0.001637,-0.003504,-0.019887,-0.009464,-0.017286,0.004162,-0.029452,0.003927,0.006532,0.011009,-0.017342,-0.002114,-0.012637,0.011779,0.053692,0.019901,0.007169,-0.000633,0.005944,-0.001626,0.040296,-0.003648,0.020893,0.027048,0.033808,-0.002842,-0.002245,0.011404,0.006244,-0.013600,0.003215,0.054035,0.004353,-0.000705,0.009222,0.007348,-0.005388,0.000874,-0.004097,-0.008058,-0.021839,0.003953,-0.014712,0.009131,-0.013731,0.021223,0.002822,0.000824,-0.005138,0.003421,0.052006,-0.006869,-0.011979
0.006375,-0.000808,0.005405,-0.032791,0.000059,-0.009594,-0.003420,-0.001651,0.005810,-0.003945,0.005426,-0.018185,-0.023967,-0.012389,0.015486,-0.011599,-0.003421,-0.001717,-0.017408,0.016233,-0.011277,-0.010037,0.025159,0.030545,0.005398,0.006482,0.009944,-0.032337,0.003576,0.025199,-0.013433,-0.007081,0.027961,-0.013728,-0.006786,-0.012022,-0.004959,0.027850,0.036105,0.007966,0.007985,0.011645,-0.003847,-0.005989,-0.002878,0.008477,-0.003223,0.020296,-0.006210,-0.018388,0.004946,0.002415,-0.001286,-0.024545,0.012419,-0.004953,-0.001801,-0.012079,0.000412,-0.011581,0.050686,-0.010566,-0.015078,0.005789,0.003196,0.011669,0.062796,-0.001040,-0.022566,0.002824,-0.008349,0.003912,0.004808,0.009367,0.004200,-0.000882,-0.009940,0.023708,0.036762,0.018908,0.009421,0.000575,-0.003756,-0.006969,0.034831,0.002068,0.013132,0.042563,-0.006785,0.003678,0.020559,0.005359,-0.012194,0.013389,0.002780,0.011718,-0.013575,-0.013881,-0.030226,-0.010941,0.010414,0.006345,0.006303,0.036004,-0.001668,0.003274,0.091731,0.004718,0.006035,0.014283,-0.003808,0.008987,-0.002402,-0.001931,-0.003921,0.017893,-0.005433,-0.005698,-0.002197,0.043250,0.024090,0.011645,0.014024,0.005355,-0.014242,-0.017099,0.005167,0.028818
0.021323,-0.005033,-0.006231,0.003254,0.004795,-0.050629,0.008182,-0.006721,0.001210,0.008385,0.012714,0.011890,-0.023833,-0.044079,-0.035825,-0.020694,0.003436,-0.012737,-0.002811,0.015868,-0.034112,0.014794,-0.010048,-0.012604,-0.014467,0.009896,0.002081,0.005722,-0.003219,0.005275,0.000836,-0.061150,0.012455,-0.007756,0.039353,0.003842,-0.002321,0.071512,0.026110,-0.030884,0.006418,0.008782,0.046822,0.015793,0.007718,-0.000049,-0.015239,-0.019432,0.005088,-0.027816,0.004599,-0.050632,0.016183,0.001174,0.060214,-0.011048,-0.003342,-0.002400,0.003675,-0.021296,0.013324,-0.035664,0.017484,-0.042142,0.015025,0.014507,0.017566,-0.005172,-0.025546,0.014146,0.041063,-0.002133,-0.005155,0.016199,0.000351,-0.043140,-0.029683,0.022880,0.015209,0.008572,0.003783,-0.062889,0.003148,-0.037903,-0.018965,-0.017343,-0.008922,0.003851,-0.006529,-0.013812,0.034315,0.008564,0.007656,-0.009015,0.005659,0.029133,-0.010106,-0.084846,0.004780,-0.005182,0.005131,0.010936,0.012357,0.008955,0.009811,0.009576,0.023213,-0.007213,0.010641,0.051190,0.016099,0.039388,-0.006728,-0.019932,-0.004291,-0.006992,0.008352,-0.020669,0.003125,0.027176,0.021082,-0.033334,-0.000794,-0.001410,-0.014212,0.018895,0.009310,0.014262
-0.011398,-0.001948,-0.017859,0.034088,-0.005509,0.025086,-0.011319,0.006155,-0.000042,-0.008767,0.000449,0.009210,0.004952,-0.005370,-0.011754,0.055918,0.004226,0.031695,-0.001983,0.022628,0.024617,0.084144,0.037199,-0.024167,0.036618,0.012614,-0.011441,0.005935,0.072498,-0.019487,0.000820,0.034499,-0.037708,-0.030223,0.005958,0.035363,0.002545,0.000347,-0.004633,0.013884,0.014231,0.022937,-0.009338,-0.005975,0.016732,-0.010008,0.052264,0.015879,-0.018136,0.021329,0.004566,-0.009840,0.000443,0.008849,-0.001823,0.017268,0.011727,0.005778,0.002783,-0.014566,-0.041661,-0.021988,0.063889,0.036813,0.005498,-0.040352,-0.062937,0.007134,-0.056148,0.002451,-0.014213,0.012253,0.002536,0.031496,-0.007651,-0.001854,-0.012414,-0.021842,0.040464,-0.004478,0.009066,0.006003,0.035693,0.033026,-0.022272,0.048058,0.006642,-0.004769,0.003249,0.029387,-0.015656,0.001878,0.011442,0.004225,0.008934,0.028975,-0.020785,-0.028655,0.048459,0.057423,-0.008191,0.011598,0.007255,0.009442,0.011727,-0.008534,-0.062798,-0.002371,-0.001073,-0.012582,-0.003980,0.000411,-0.001576,0.011015,-0.022005,-0.039532,-0.006381,0.020457,0.011064,-0.030323,-0.002819,-0.012623,0.008672,-0.001751,-0.013825,0.121839,-0.018856,0.047592
-0.042873,-0.003190,-0.007468,-0.014346,0.010988,0.017149,-0.002102,-0.006902,-0.001298,-0.031001,-0.004349,0.036833,0.043327,0.023601,0.026514,-0.012486,0.001623,-0.025115,0.020643,-0.008782,-0.004850,-0.001633,0.017201,0.001873,0.019976,-0.004723,-0.003076,0.007512,0.008278,-0.008763,-0.004875,0.030469,-0.004396,0.037644,-0.014472,-0.018039,-0.006303,-0.024295,-0.012227,-0.001826,-0.002857,0.007162,0.017955,0.002560,-0.002596,-0.035449,-0.009347,-0.002970,0.004420,0.010919,-0.005499,0.009427,-0.024795,-0.005556,-0.054433,0.004920,0.006454,-0.007286,-0.000486,0.004733,-0.011627,0.012693,0.025378,-0.004635,-0.006363,-0.012374,0.005603,-0.002458,0.005586,-0.043944,-0.036799,-0.003550,0.009064,0.003577,0.004721,-0.017727,-0.011920,-0.020239,-0.010563,-0.005343,-0.002904,0.058542,0.000348,-0.006282,-0.014824,0.024385,0.031018,0.013098,-0.007759,0.017304,-0.018936,0.000785,-0.007182,-0.010995,-0.000850,0.000909,0.010812,0.056926,-0.014083,0.030149,-0.005511,0.013887,-0.046386,0.020787,-0.030691,0.001119,-0.009309,0.001242,-0.003101,-0.021538,-0.006226,-0.076809,-0.008635,-0.008042,-0.010515,-0.000760,-0.004109,-0.003602,-0.002311,-0.013333,0.032287,0.036063,-0.025887,-0.006060,-0.005741,0.000791,-0.003976,0.013577
0.023885,-0.000973,-0.038954,-0.027888,0.001467,-0.012616,-0.002369,0.000617,-0.007566,0.008649,-0.002415,0.015536,0.007901,-0.013464,0.015134,0.024799,0.004244,0.001734,0.017559,0.048663,-0.008605,0.018525,-0.046044,-0.003292,0.003984,-0.005450,0.000673,-0.012370,0.022074,-0.078760,-0.007120,-0.005822,0.012141,0.018313,0.002354,-0.025595,-0.002842,0.007552,-0.013942,0.007945,-0.000579,0.015604,0.016710,0.004028,-0.010762,0.013884,0.023400,0.002384,-0.005538,-0.001759,0.002379,-0.019508,-0.006730,0.007300,-0.004090,-0.003012,-0.006559,-0.002755,-0.002357,0.003492,0.016889,0.022739,0.028349,0.001716,-0.002000,-0.055620,0.008654,-0.004772,0.008584,0.017485,-0.000529,-0.008322,0.002906,0.040859,-0.000434,-0.026316,-0.025456,-0.004572,0.005471,0.032396,-0.007967,-0.012041,0.014319,0.004488,-0.008645,0.002846,0.018546,0.002099,-0.018232,-0.004572,-0.010620,-0.006640,-0.001608,0.026300,0.001829,0.049238,-0.014255,-0.018110,-0.013298,0.033584,-0.007728,0.002526,0.029519,-0.002989,0.009191,-0.004986,0.014976,0.003771,0.002590,-0.012498,-0.017909,0.020796,0.000507,-0.019224,-0.011234,0.031362,-0.009166,-0.000281,-0.006706,-0.000031,-0.006795,-0.052253,0.010838,-0.001536,-0.008546,-0.009143,0.005433,0.026327
-0.004269,-0.001159,-0.013113,0.040109,-0.002545,-0.023893,0.009560,-0.002548,0.001950,0.020005,0.034826,-0.018962,-0.011993,-0.014006,0.023447,0.002668,0.006339,0.014024,0.000315,0.041181,0.001494,0.090317,0.031249,-0.015656,0.034937,0.010830,-0.012410,-0.008233,0.077955,-0.033260,0.008184,-0.020504,-0.003856,-0.020411,-0.002300,0.009070,-0.001743,0.009667,-0.032398,0.004596,-0.015917,0.004346,-0.010058,0.000554,0.018097,0.007461,-0.027760,0.016145,0.011247,0.025727,0.015932,0.021207,0.018500,-0.006802,0.002037,0.002587,0.019771,-0.001363,-0.006622,-0.013353,-0.025253,-0.019506,0.028945,-0.003592,-0.001242,-0.014498,-0.028396,-0.002657,-0.047544,-0.005928,-0.010105,0.002057,-0.004092,0.016795,-0.010148,0.024019,0.008980,-0.017900,-0.012818,-0.048909,0.009937,-0.002782,0.009568,0.004304,-0.020880,0.053782,-0.008331,0.009226,0.038091,0.014060,-0.009934,0.009321,0.008285,-0.002250,-0.022680,0.026317,0.016164,0.019079,-0.012820,0.028666,-0.004013,0.032338,0.010344,-0.026311,0.012902,-0.008193,-0.022157,0.001150,0.005678,0.001994,0.024385,-0.008928,-0.001965,-0.002911,0.036677,0.155293,0.002499,0.004861,0.020647,-0.011627,0.001546,0.017954,-0.003956,-0.013129,0.001412,0.088776,-0.000238,0.015224
0.003248,0.011102,-0.013833,-0.026818,0.003806,0.039057,0.005594,0.000446,0.008568,0.006504,0.009427,-0.014546,-0.020196,0.001043,-0.027477,0.034612,0.006666,0.024555,0.000434,0.021969,0.015090,0.023910,0.023140,0.017389,0.017360,0.012358,0.012318,0.000908,0.000579,0.010734,0.000777,0.089204,0.005128,-0.022635,0.028243,-0.000566,-0.006869,-0.001978,0.010975,0.017272,-0.011140,0.004630,-0.018832,-0.008668,0.005336,0.012497,0.049558,-0.000698,0.005075,0.019568,0.011133,-0.048931,-0.018431,0.001179,-0.010002,0.039741,0.038256,-0.008812,0.000452,-0.001227,-0.006926,0.003386,0.093846,0.054359,-0.000224,-0.004735,-0.030111,0.004804,0.015669,0.013584,-0.000414,0.001413,0.002809,0.034884,0.006702,0.023001,0.011943,0.018838,0.011299,0.024061,-0.004638,0.005727,0.034904,0.052038,-0.001795,-0.004303,0.007193,0.044012,-0.004652,0.068773,0.011203,0.010739,-0.006955,0.020654,0.012829,0.019395,0.002521,-0.025196,-0.014323,0.054472,0.009003,0.014509,0.024771,0.017517,0.017323,0.017934,-0.045330,0.009539,0.001529,-0.027943,-0.008308,-0.003030,0.008273,0.040126,-0.040153,0.019907,0.001179,0.040491,0.000543,-0.000353,0.031580,-0.030713,0.022358,0.018844,-0.008233,0.053382,0.001859,0.017560
0.052908,-0.013633,0.028991,0.001890,-0.007282,0.001439,0.003487,-0.004455,0.001036,0.022654,0.000262,0.000615,0.043790,-0.006884,-0.002730,0.010972,-0.006016,-0.011448,0.002178,0.018819,-0.002365,0.017610,-0.049771,0.001310,-0.021395,0.002089,0.005052,-0.017963,0.002312,-0.050647,-0.012453,0.002140,0.017621,0.054512,0.016607,-0.019129,-0.000948,-0.002182,-0.015810,-0.010034,-0.014127,-0.015979,0.008400,0.005506,-0.004186,0.023695,0.021552,-0.005376,0.008208,-0.009483,-0.001153,-0.009121,0.014667,0.027855,0.009815,0.001392,-0.003767,-0.015667,-0.004171,0.007325,-0.010904,-0.002562,0.043154,0.014898,-0.000485,-0.021986,0.008788,-0.001745,-0.020807,0.018232,0.020688,-0.003022,0.004103,0.021490,0.003035,0.007114,0.007908,-0.025120,0.010085,0.015215,-0.012309,-0.017603,0.001426,0.007206,0.020062,0.000635,0.003699,0.004823,-0.020228,-0.008030,0.006463,0.002566,0.002596,0.040313,-0.006408,0.010757,0.018536,0.007365,0.013307,0.051573,-0.004036,0.008383,0.063477,-0.023761,0.013235,0.000666,0.009535,0.003686,0.006886,0.025339,-0.012476,0.020443,-0.003486,0.000709,-0.020463,-0.002013,-0.011221,0.005097,0.000539,0.011271,-0.004139,0.014129,0.026375,-0.005884,0.009010,-0.007503,0.012460,-0.021398
-0.025324,-0.000482,0.002867,0.000551,-0.001167,0.091872,-0.000594,-0.009396,0.006151,-0.032511,0.011074,0.075911,-0.107249,0.005988,-0.012238,-0.020317,0.002103,-0.051272,0.057378,-0.008537,0.040104,-0.002038,-0.022892,0.060311,-0.003709,0.011216,-0.004061,-0.007330,-0.012927,0.004794,0.003015,0.103317,0.040240,0.007858,0.010757,-0.017296,-0.005443,0.033006,0.044271,-0.034898,-0.014951,-0.028048,0.033925,0.042199,-0.010241,0.007587,0.052073,0.008688,0.042817,-0.052575,-0.008347,-0.021633,0.011652,-0.075801,-0.005570,-0.013497,0.019113,0.003536,0.008082,0.001124,0.004311,0.019933,0.091257,0.087860,-0.015493,-0.000123,-0.011751,0.017369,0.009249,0.002655,-0.000929,0.010239,-0.003288,-0.008298,-0.004043,-0.054645,-0.035233,0.017859,0.012563,-0.005640,-0.001233,-0.011467,0.047839,0.047838,0.027372,0.004045,0.046089,0.074726,-0.011652,0.026514,0.051728,0.019247,0.010077,0.019636,0.009696,-0.014752,0.040788,0.014949,0.009696,0.076087,-0.000907,0.048726,-0.015697,0.020376,-0.002337,-0.002230,-0.032635,-0.002172,-0.003223,0.028599,-0.021951,-0.037714,-0.000276,0.034687,0.008470,-0.012759,-0.005218,0.007225,-0.001496,0.043574,0.106606,0.033700,0.049208,0.007230,0.024132,0.021768,0.034436,0.022640
-0.025500,0.003724,-0.007579,-0.017447,0.001201,0.003324,-0.000626,0.004368,-0.001704,-0.025833,0.017119,0.005350,-0.026067,-0.026979,-0.022358,0.010037,-0.005842,0.004208,0.010693,-0.010499,-0.011003,0.005915,0.003543,0.017869,0.000932,0.012904,0.007916,-0.004514,0.007934,0.008398,-0.005523,0.033908,0.011693,-0.064608,0.015257,-0.030584,-0.000413,0.009675,-0.009718,-0.000412,-0.000249,-0.000286,0.014123,-0.000262,-0.005435,-0.016024,0.028349,-0.027828,0.000907,-0.005716,0.008692,-0.018994,-0.014902,-0.000668,-0.019683,-0.004056,-0.000815,-0.001927,0.010298,-0.038448,0.008269,-0.026766,0.062317,0.037433,0.010571,-0.009551,0.004386,0.002868,-0.022364,-0.011770,0.011789,-0.003199,-0.001913,-0.010185,0.005441,0.009633,0.010310,0.003149,0.012448,0.057159,-0.005595,-0.016376,0.025942,0.008893,0.036853,0.000181,-0.033793,0.005558,-0.012679,0.022493,0.000020,0.003215,0.008064,-0.026088,0.010728,0.005730,0.012868,-0.018211,-0.014969,0.054284,-0.005338,0.008682,-0.021470,-0.030720,-0.019625,0.001776,0.007773,0.001740,0.017410,-0.016353,-0.019573,-0.009463,0.003544,0.008926,-0.012417,0.022311,-0.010526,0.003822,-0.004500,0.003031,-0.001086,-0.020850,-0.032892,0.002246,0.007244,-0.003233,0.029142,0.011414
0.021790,-0.002832,0.020467,-0.031043,-0.001256,0.001313,0.000932,-0.000820,-0.003476,0.008825,-0.002536,0.019026,-0.002450,-0.037645,-0.001291,0.017001,-0.000292,0.006626,0.019350,0.013792,-0.000846,0.023840,-0.042220,0.008783,-0.012000,-0.002459,0.006869,-0.030823,0.016927,-0.041225,-0.004807,0.025541,0.007058,0.017456,0.009171,-0.018537,-0.000666,0.010552,-0.032010,0.022011,0.001179,-0.004760,0.020830,0.012920,-0.004389,0.004221,0.016721,-0.031061,0.006569,0.006308,0.001012,-0.001981,-0.015836,0.015780,0.004914,0.013496,-0.013388,0.002715,-0.004841,-0.035857,0.016993,-0.030276,0.011330,0.020526,0.003457,-0.021253,0.005327,0.004883,-0.048565,0.006864,0.013421,-0.001146,-0.000154,0.017697,0.008505,-0.008672,-0.007914,-0.005737,0.013897,0.048016,-0.006697,-0.023585,0.019679,0.010301,-0.015918,0.006679,-0.020687,-0.002299,-0.018983,0.005886,-0.000534,0.000292,0.002347,0.019160,0.000648,0.012935,-0.000912,-0.013697,-0.032788,0.010476,-0.006467,0.009715,0.024980,-0.020588,0.000265,-0.004252,0.005487,0.001899,0.005187,0.006492,-0.004805,0.014407,0.006285,-0.008971,-0.006869,0.030837,0.006289,0.005584,0.000595,0.015897,-0.025735,-0.015404,-0.000321,0.005384,-0.000158,0.000462,0.009831,0.021547
-0.034436,0.005290,0.030821,0.004267,-0.003720,0.021516,-0.003118,0.001642,0.000817,-0.014564,0.013737,0.013947,-0.055915,0.016383,0.054660,-0.005857,0.000632,-0.011095,0.016789,0.049177,0.014308,-0.002544,-0.004356,0.000813,0.006568,0.017685,0.003011,-0.012845,-0.012404,-0.042642,-0.002493,0.024210,-0.010189,-0.048035,0.003285,-0.021666,0.009585,0.001029,0.001404,0.003127,0.004094,-0.009204,-0.000893,0.016417,0.009041,-0.016592,0.016874,-0.010782,0.007920,-0.029848,0.010719,-0.021083,0.002304,-0.024217,-0.011487,-0.015183,-0.002555,-0.004131,-0.002281,0.020847,0.028418,0.012313,-0.010267,0.029747,-0.012287,-0.036313,0.029142,-0.007525,0.084869,-0.021229,-0.019991,-0.001894,0.005019,0.017971,0.010553,-0.010283,0.000258,0.040739,0.002734,-0.006435,0.010163,0.020177,0.002642,0.016392,-0.001421,-0.015669,-0.009321,0.010088,0.002567,-0.014807,0.014574,0.016824,-0.006212,-0.019004,-0.007181,0.046137,0.012833,0.003495,0.003869,-0.036107,0.002117,0.044311,-0.029922,-0.013263,-0.036633,0.007881,0.018768,-0.006887,0.008791,0.013036,0.002566,-0.010642,-0.001186,0.013325,-0.012838,-0.041797,-0.021847,0.011870,0.004024,0.007831,0.002667,0.001915,-0.010013,-0.016836,0.005144,-0.117176,0.015165,0.025887
-0.006284,-0.004166,0.003756,0.016684,-0.001397,0.004309,-0.003030,-0.000533,0.001627,0.001101,-0.008131,0.003126,-0.006510,0.008120,0.003437,-0.000506,-0.004224,0.006343,0.001474,-0.001559,0.003357,-0.007858,0.007499,0.006714,0.004196,-0.126133,-0.058464,-0.068226,-0.006631,0.016919,0.101407,0.001696,-0.004184,-0.008419,0.005553,0.125336,-0.004671,-0.002263,0.000307,0.001500,-0.000909,-0.000590,0.004843,0.007557,0.190287,0.000155,-0.001647,0.001256,0.002683,0.002400,0.122214,-0.000926,0.001511,0.003497,0.005778,0.003529,0.012258,-0.003457,0.000236,0.010390,0.009238,0.007906,-0.004324,0.003525,-0.021684,0.014646,0.007775,-0.115087,-0.007512,-0.005469,0.001881,0.090069,-0.000173,0.001390,-0.001965,0.002803,0.011883,-0.003157,0.024070,0.028977,0.168065,0.017836,0.004379,0.007894,0.002502,-0.002431,-0.000735,-0.007900,-0.109329,0.009011,-0.000128,-0.097788,0.051266,0.005646,-0.123698,0.001071,0.000594,0.008882,0.007563,-0.005116,0.010256,0.028651,-0.001524,-0.005661,-0.003124,0.000592,0.005064,-0.003892,0.276350,0.006386,-0.155856,-0.001986,0.000847,-0.001866,-0.048554,0.029010,0.161141,0.004295,0.040811,-0.001485,0.003007,0.002587,0.004946,-0.040538,-0.001115,0.005376,-0.163331,0.014568
0.000910,0.004678,-0.007230,0.005858,-0.003818,-0.002315,0.004453,-0.003209,-0.004159,0.003334,0.266802,0.005253,0.003881,-0.012468,-0.000049,0.007585,0.001193,0.004559,0.004246,0.005163,-0.004206,0.006001,0.011083,0.013458,-0.005340,0.042558,-0.008794,0.003973,-0.005004,0.009649,0.208062,0.003718,-0.001828,0.002949,-0.004114,0.139761,0.000566,0.008984,0.001560,0.004759,0.043100,0.001445,0.001481,-0.004229,-0.060139,0.001288,0.001507,-0.001862,-0.003543,0.006663,-0.077754,-0.002131,-0.005574,0.006557,-0.000530,0.010925,0.005762,0.000463,0.000180,-0.001207,-0.006092,-0.005822,-0.020694,-0.002214,0.237679,0.003411,-0.000641,0.067134,0.000260,0.002794,0.005892,-0.018817,-0.001128,0.000642,-0.006631,0.002357,0.009147,-0.009996,-0.229922,0.090104,-0.107639,-0.000832,-0.011690,-0.002438,0.010154,-0.008045,-0.004203,-0.004673,-0.089104,0.000574,0.003126,0.000393,-0.027200,-0.007614,-0.014127,0.004806,-0.007941,-0.008296,0.007718,-0.013804,0.005347,0.077983,0.000975,0.002206,0.000172,-0.000599,0.002389,-0.000738,-0.025773,-0.005553,-0.168201,0.002496,-0.004790,0.000225,0.009039,-0.001664,0.069390,-0.007497,-0.023663,0.000256,0.002560,-0.007522,0.003412,-0.027291,-0.004206,-0.017281,0.042923,-0.000865
-0.004090,0.000261,0.038289,-0.046986,-0.004202,0.008858,-0.002551,0.003766,0.000714,0.004314,0.012154,-0.002304,0.022292,-0.015285,-0.002000,-0.017667,0.003233,-0.006706,0.006174,-0.010490,-0.001410,-0.044528,0.069296,0.025193,-0.003899,0.011777,0.007222,-0.045278,-0.009921,0.078325,-0.014785,0.017753,0.041842,0.006236,0.003635,-0.009213,0.009388,0.005913,0.028950,-0.003850,0.016326,-0.015269,-0.002101,0.004251,-0.010883,0.003479,0.015782,-0.000028,-0.010057,0.005921,-0.010665,0.018144,0.021172,0.007967,-0.001574,0.008994,0.001123,0.001623,-0.003278,0.000519,0.066307,-0.005985,0.023998,0.022172,0.002471,0.065661,0.074575,-0.007748,-0.007337,0.001165,-0.003358,0.003678,0.001875,-0.023887,0.000564,0.015534,0.012738,-0.000005,0.030570,0.058766,-0.003172,-0.006041,0.000649,0.009617,0.087345,-0.001992,-0.010774,0.037012,-0.016278,0.012417,0.010118,-0.000056,-0.006199,0.006761,0.010019,-0.000831,0.010851,0.002774,-0.065377,0.011917,0.006630,0.006250,0.009400,0.012995,0.001862,-0.002693,0.108837,-0.004346,0.006878,0.016446,-0.012431,0.005144,-0.009352,0.020914,-0.017536,0.025126,-0.004345,0.007912,0.004530,0.038295,0.027125,0.038818,0.014836,0.003678,0.019174,-0.038439,0.013614,-0.006079
0.028985,-0.000409,0.026112,-0.017008,0.005127,0.008317,0.005608,0.002828,-0.009425,0.014424,0.001569,-0.006522,0.009829,-0.019932,0.024744,0.028535,-0.001175,-0.018856,0.003284,0.023217,0.005855,0.038280,0.002248,-0.012436,0.028634,0.000898,0.004297,-0.021979,0.026429,-0.007829,-0.009673,0.054269,0.010162,0.039754,-0.005445,-0.012188,-0.005616,-0.012889,-0.012022,-0.025391,-0.000830,-0.005744,-0.004906,0.001711,-0.007098,0.031110,0.048857,-0.024610,0.006546,0.019649,0.006513,0.003267,0.008516,0.016978,0.006359,0.015590,0.006836,-0.003487,-0.002389,-0.014647,-0.005898,-0.028429,-0.014000,0.055835,0.007437,-0.018421,-0.009640,0.004725,-0.058279,0.017074,-0.009316,-0.003514,0.003967,0.044037,0.001975,-0.009614,-0.006050,0.003509,0.015080,0.040613,-0.011277,-0.025642,-0.006493,0.022442,0.031624,0.014186,-0.022215,-0.003844,-0.021615,0.028883,-0.020936,0.005250,0.001442,0.046756,-0.003624,0.033940,0.025438,0.019027,-0.029383,-0.018942,0.000326,0.000962,0.026513,-0.017702,0.029780,0.014058,-0.034800,-0.008027,0.001363,0.005640,-0.006032,0.003065,-0.004061,0.009934,-0.007271,0.015077,-0.003887,0.013891,-0.002292,0.007850,-0.036246,-0.000306,0.017609,0.004174,0.011636,-0.001978,0.013480,-0.031675
0.002639,0.004050,0.003513,-0.011831,-0.002286,-0.012447,0.002424,-0.001848,-0.002332,0.003520,-0.036547,-0.005686,-0.004279,0.012215,0.005501,-0.009118,-0.004727,0.004105,-0.007661,0.014949,-0.003739,-0.007481,0.001827,0.018105,0.023275,0.040642,-0.064607,0.031823,-0.005719,-0.010464,0.174553,-0.019348,0.006085,0.013760,0.003973,0.037787,-0.001332,-0.019835,-0.017640,0.003290,0.016118,-0.007717,-0.012640,-0.011030,-0.002786,0.005370,-0.007529,0.012989,-0.000973,0.014659,0.083019,0.006771,-0.004151,0.004835,-0.009616,0.004426,0.010226,0.002579,0.000905,0.017498,0.006798,0.000181,0.023146,-0.015525,-0.023939,-0.006385,0.013016,-0.000276,0.003595,-0.003017,0.004105,-0.005213,0.002541,0.017220,-0.000673,0.017879,0.021053,0.013278,0.042529,-0.068073,-0.050762,0.017849,0.016704,-0.012033,-0.015440,-0.004063,-0.007562,-0.002280,0.104920,0.008835,-0.028496,-0.068197,0.065022,0.006346,-0.114507,0.011088,0.014447,0.038383,-0.005019,0.014679,0.004125,-0.082492,0.002294,-0.016035,0.010663,0.001096,0.008762,0.002823,-0.048714,-0.016337,0.081019,0.001349,0.000677,-0.003051,0.023895,0.009351,-0.014495,-0.008065,0.044291,-0.009808,0.001254,0.021118,-0.003435,0.062525,0.013583,0.031688,0.095392,0.003039
0.004123,0.001048,-0.007170,0.074577,-0.007035,0.016197,-0.001382,-0.008837,-0.006433,0.002938,-0.058704,0.018739,0.029023,0.004128,-0.075179,0.014587,-0.004955,0.008509,0.010285,-0.020412,-0.004521,-0.059520,0.016630,0.005520,-0.004758,-0.046370,-0.000880,0.022064,-0.035333,0.045697,-0.023808,0.012381,-0.006253,0.032763,0.010999,-0.032519,-0.005728,0.008723,0.016453,0.017171,0.063951,0.011473,0.013573,0.011991,-0.020601,-0.004010,0.030064,-0.004037,0.003429,0.002019,-0.037460,-0.040551,-0.020850,0.020329,-0.002546,0.005175,0.002825,-0.001787,-0.015228,0.023491,0.008825,0.006066,-0.013681,0.029773,0.007611,0.026693,0.011441,-0.020036,0.010019,0.012140,-0.005136,-0.026284,0.006108,-0.016292,0.001502,-0.023618,-0.019774,0.017862,-0.005472,0.107647,-0.008175,-0.004708,0.017861,0.018760,0.016942,-0.049035,0.004386,-0.008854,-0.057776,0.024480,-0.004017,-0.045822,-0.034557,0.010538,0.073385,-0.023197,-0.006271,-0.044521,0.121116,-0.024910,-0.012293,-0.046656,-0.013158,0.014637,0.007697,-0.004677,-0.003283,-0.005637,-0.021810,-0.014919,-0.028979,0.007547,-0.005325,-0.012822,0.053113,-0.217211,0.041057,0.007942,-0.028776,-0.009187,-0.001650,-0.050633,0.013174,0.013615,-0.007413,-0.021772,-0.049253,0.004057
0.051894,0.007202,0.001645,0.014024,0.002976,0.013857,-0.012702,0.001681,-0.013918,0.021668,-0.015583,-0.000047,0.062945,0.045522,0.062635,0.037367,-0.001131,-0.036068,0.018067,-0.000581,0.018756,-0.004891,0.019336,-0.024931,0.053815,0.003646,-0.018204,-0.004172,-0.013049,0.059926,-0.006804,0.047836,-0.008947,0.116787,0.006018,0.020149,0.005340,-0.009910,0.009541,0.006218,-0.005505,0.005486,-0.009678,0.000781,0.000274,0.045974,0.069842,0.044120,-0.002350,-0.006283,-0.007127,0.059658,-0.005037,0.027217,-0.013193,-0.003318,-0.001881,0.011899,-0.001796,0.036483,-0.030929,0.045909,-0.040561,0.055378,-0.002324,0.016226,-0.021022,0.021505,-0.107129,0.042958,0.014245,0.003211,0.003137,0.025958,0.005514,-0.018106,-0.032826,0.008887,0.002375,0.020504,-0.010137,-0.017675,-0.002931,0.017724,0.035505,0.002756,0.041578,-0.022783,-0.011092,-0.002512,-0.009634,0.013937,-0.001443,0.077886,-0.020549,0.014923,-0.002383,0.009197,-0.005985,-0.024530,-0.000081,0.001218,0.057608,0.022727,0.063198,-0.009042,-0.008475,-0.005050,-0.017692,-0.025011,0.012400,0.027195,0.002663,0.013512,0.028653,-0.005382,0.006508,0.013587,-0.009021,-0.008511,0.021086,0.016997,0.060700,0.001509,-0.006107,-0.018159,-0.012893,0.005331
0.028417,-0.000506,-0.058985,0.022015,0.005755,-0.023170,0.004361,0.002256,0.000715,-0.018369,0.005618,-0.017624,-0.021865,0.046785,-0.003768,0.015422,0.003001,0.050151,-0.010753,0.007659,-0.007407,-0.035983,-0.002224,0.000834,-0.025194,0.012669,0.010410,0.001573,-0.025646,-0.003876,0.000707,-0.021213,0.029566,0.028035,0.009791,0.019233,-0.000249,0.035401,0.043127,0.041498,0.000406,0.037154,0.005133,-0.023408,0.012414,0.001459,-0.006214,0.043511,-0.016488,-0.038509,-0.004198,0.003458,-0.010630,-0.045789,0.026026,-0.018839,-0.022018,0.002666,0.001012,0.045750,-0.004622,0.069746,0.053482,-0.019116,-0.005076,-0.002159,0.011075,0.008905,-0.003023,0.011850,0.011437,0.005062,0.011355,-0.002928,0.001708,0.014137,0.015558,-0.030999,-0.003141,-0.006610,0.003286,0.002027,0.024261,-0.011662,-0.026396,-0.034183,0.035067,0.020324,0.006231,-0.005949,0.032589,0.027143,0.002150,0.013099,-0.005862,0.001236,-0.045905,-0.048340,0.005195,0.030816,0.000023,0.001802,0.013038,0.040742,0.018269,0.000460,0.049362,-0.003483,0.006496,0.023204,0.021946,0.044380,-0.001111,0.007151,0.010731,-0.000069,0.004133,-0.000868,0.011223,0.009010,0.031352,-0.036693,0.019910,-0.004398,-0.021094,0.037279,-0.003176,0.072919
-0.015001,-0.009515,-0.015842,-0.015677,-0.010116,0.013328,-0.001679,-0.002765,0.010964,-0.019112,0.003050,0.023387,-0.007879,0.008061,-0.023672,-0.008161,-0.002596,0.025482,0.014154,-0.039521,0.023232,-0.003464,-0.019498,-0.007704,-0.010886,0.009733,-0.002792,0.008443,-0.000025,-0.010900,-0.003208,-0.045534,-0.000214,-0.044603,0.043502,-0.009432,-0.005474,0.019283,-0.005785,-0.019721,0.001489,0.004704,0.014566,-0.003129,0.001629,-0.019570,-0.059634,0.020617,0.013712,0.003833,0.009964,-0.019652,0.000239,0.002372,0.000933,0.004795,-0.002661,-0.009577,-0.009097,0.032991,-0.001778,0.008650,0.031266,-0.041152,0.011992,0.004246,0.002515,-0.015243,0.089003,-0.015253,0.006914,-0.014711,0.002948,-0.024695,0.000906,0.001537,-0.001376,0.040006,0.001627,-0.012676,-0.004666,0.022683,-0.002078,-0.029233,-0.043926,0.004396,0.004103,-0.009478,0.004564,-0.000560,0.001820,-0.012491,0.006141,-0.037546,0.005772,-0.025190,0.009636,-0.008012,-0.001129,0.021813,0.007207,0.000426,-0.015698,-0.006386,-0.035771,-0.007899,-0.005165,-0.003232,0.006140,0.007129,-0.006780,-0.030438,-0.007119,-0.000543,0.002885,-0.013661,-0.005383,0.004394,-0.008683,0.000751,0.001422,0.007029,-0.024945,-0.002574,-0.001850,-0.012785,0.005484,-0.019203
0.010040,0.003106,-0.014545,0.014505,0.003017,-0.002864,-0.003252,0.006249,-0.001473,0.005804,0.001186,0.007192,0.025415,-0.023061,0.004734,-0.012097,-0.010421,-0.003167,0.008670,0.044236,-0.009515,-0.040085,0.073500,0.003843,0.030347,-0.006280,-0.009862,-0.001822,-0.029033,-0.014138,-0.006410,0.010242,-0.000004,0.040692,-0.009169,0.014924,0.005646,0.001437,-0.003892,-0.003085,-0.001470,0.004986,0.007977,0.006182,0.007368,0.006253,-0.012888,0.014589,-0.002340,0.026365,-0.009549,-0.009599,-0.001570,0.018107,-0.006330,0.032619,0.038419,0.010905,0.005909,-0.037807,-0.000541,0.001231,0.006829,0.004295,-0.005828,-0.021512,0.015429,0.001552,-0.019141,0.005881,-0.002675,0.003888,-0.008371,0.025933,0.000823,-0.014439,-0.022191,-0.021108,-0.006689,-0.014510,0.003072,-0.029337,0.001724,-0.009803,0.003178,-0.021771,0.028773,-0.004491,0.009396,0.028147,0.013119,0.002677,-0.000640,0.006023,-0.012704,0.047109,0.009683,0.012368,0.029361,0.012429,-0.000589,0.005740,0.010354,0.010105,-0.001165,0.000654,0.044162,-0.003011,-0.007457,0.016340,0.019112,0.019229,0.003288,-0.006893,-0.011876,-0.010006,0.012917,-0.010271,0.006363,-0.011702,0.017974,0.000222,0.002714,-0.006661,-0.003034,0.042559,-0.015260,0.021302
-0.015788,0.003695,-0.013565,-0.002533,-0.005857,-0.002571,-0.004208,0.001265,-0.002053,0.021127,0.015772,-0.026241,0.019288,0.004959,-0.008205,0.021485,0.003799,0.003253,-0.013595,0.012047,-0.010217,0.025043,0.029238,-0.025368,0.016305,-0.001771,-0.004866,0.010864,0.018845,0.031247,-0.010728,0.017564,-0.012411,-0.017793,0.028164,-0.009662,0.003733,-0.002822,-0.012617,0.001145,-0.004228,0.009591,-0.018155,-0.005118,-0.014126,0.001615,0.027257,-0.005345,0.000765,0.045495,0.006357,0.001635,-0.012495,0.049421,0.013308,0.046648,0.034042,0.001012,0.013870,0.013043,-0.017290,0.005394,0.026063,0.035670,0.013600,0.017513,-0.012355,-0.002302,0.062116,0.007192,0.009449,0.002198,-0.001829,0.011259,0.004922,0.000374,0.012170,0.022620,0.005286,0.024602,-0.008363,-0.002676,0.006584,0.014444,0.011284,0.008697,-0.022193,-0.031375,-0.008628,0.062805,-0.010123,0.003766,0.002578,-0.000781,0.006479,0.011610,0.011018,0.008065,0.003197,0.017245,0.002654,-0.012163,0.001233,-0.016121,-0.013948,0.010264,-0.018895,0.001706,0.007629,-0.016743,-0.012671,0.015360,0.001253,-0.003688,-0.020062,0.006251,-0.004895,0.020485,-0.002767,-0.015256,-0.038197,-0.018879,-0.020045,-0.001401,0.011610,0.030637,0.010604,-0.040965
-0.028652,0.004182,0.003276,-0.039514,0.002331,0.032756,-0.002526,0.002196,0.006834,-0.005842,0.012280,-0.035658,0.001071,0.011024,0.009969,0.047170,-0.008207,0.035449,-0.034810,-0.003105,0.018194,0.032859,0.012932,0.013145,0.018164,0.005569,-0.000860,-0.002735,0.039812,0.013491,-0.005412,0.072035,-0.008215,-0.061806,-0.008986,-0.013224,0.000930,-0.035573,-0.005544,0.005955,-0.003483,-0.007654,-0.020279,-0.002441,-0.003185,-0.009749,0.044228,-0.015841,-0.000054,0.005225,0.001054,-0.007053,-0.005993,0.033022,-0.007249,0.021893,0.000488,0.008053,0.005268,0.003678,-0.001401,-0.014122,0.011083,0.065640,0.009363,0.011470,-0.003976,-0.006926,0.035286,-0.009023,-0.033153,-0.008268,-0.002340,0.005239,-0.006260,0.045516,0.053837,0.009312,0.011630,0.041538,-0.003008,0.031443,-0.005100,0.033411,0.015524,0.002009,-0.022085,-0.027594,-0.002444,0.018870,-0.018081,0.008244,0.002387,-0.019359,0.022383,0.006095,-0.004353,-0.020304,-0.021922,0.007868,-0.000157,0.003143,-0.016378,-0.006019,-0.008933,-0.006629,-0.031390,0.000912,0.004805,-0.038964,-0.021643,-0.008527,-0.000815,0.034386,-0.018380,0.015903,-0.003979,0.015945,-0.008383,-0.016981,-0.028701,-0.050223,0.009328,0.011338,0.004244,0.010069,0.004268,0.007247
-0.009007,0.000677,-0.005058,0.039374,-0.003363,-0.009543,-0.001280,0.003990,-0.005121,0.007007,0.012687,-0.020971,0.025499,0.000334,-0.031020,0.000863,-0.000197,-0.004557,-0.012186,0.004115,0.006565,-0.011352,0.086593,-0.008628,0.026770,-0.003746,-0.008700,0.026196,0.009219,0.026963,0.002442,-0.012958,-0.019948,-0.003272,-0.003346,0.006939,0.002105,0.003506,0.001136,-0.017743,0.003318,0.013384,-0.006406,-0.014681,0.004514,-0.013188,-0.016047,0.012300,0.007946,0.035325,0.005361,0.032037,0.013393,0.024920,0.002357,0.039805,0.046711,-0.000049,0.000708,0.003391,-0.006481,-0.006722,0.002358,-0.014150,0.005995,0.020723,0.012392,-0.008974,0.041412,-0.008977,0.007260,-0.001467,0.007014,0.020071,-0.001959,-0.007895,0.002252,0.000609,-0.010762,-0.030758,0.003027,0.002081,-0.023215,-0.010174,0.010100,-0.008604,0.001886,-0.016598,0.012892,0.027500,-0.007452,-0.006782,0.004250,-0.023847,0.008461,0.010606,0.017772,0.027282,0.026030,-0.005739,0.007326,-0.005752,-0.011521,-0.011262,-0.010126,0.005786,0.023277,0.001703,-0.003343,-0.000142,0.007313,-0.009026,-0.008878,-0.005442,0.005050,-0.023760,0.005231,0.008453,0.006159,-0.022024,-0.004592,0.017907,-0.008520,-0.004549,0.002233,0.022008,-0.003346,-0.032370
0.036363,-0.000638,-0.018478,-0.029686,-0.001382,-0.002682,0.003476,-0.007003,0.010053,0.014750,0.001190,-0.013766,0.006765,-0.002235,-0.018435,0.061575,-0.004890,0.037170,-0.016396,0.029484,0.004550,0.058260,-0.066120,0.003616,-0.014436,0.000193,0.001616,0.012910,0.041583,-0.052315,-0.004627,0.023311,0.008293,-0.002998,0.014121,-0.018068,0.005331,-0.009680,-0.012177,0.039246,0.002692,0.018160,-0.013379,-0.003281,-0.013345,0.028567,0.039785,0.009086,-0.003613,-0.008423,0.010066,-0.011610,0.002344,0.015916,0.000958,0.001257,-0.017945,0.003067,-0.005437,0.008098,0.018392,0.002713,0.025467,0.019510,0.013107,-0.026636,0.022899,0.000128,0.009368,0.029397,-0.007142,-0.006436,-0.001510,0.026608,0.002099,0.010876,0.011276,-0.000619,0.015977,0.057770,-0.011223,-0.011133,0.003606,0.021503,-0.012181,0.009875,-0.017751,-0.014730,-0.013669,0.007436,-0.015838,-0.001614,0.004269,0.025750,0.012649,0.025415,-0.012501,-0.040592,-0.022434,0.036702,0.002394,-0.011783,0.038114,-0.007869,0.029220,-0.004089,0.004833,-0.000036,0.007725,-0.009120,-0.017204,0.036440,0.008716,0.006948,-0.029233,0.041546,-0.000083,0.026820,-0.001616,-0.000208,-0.039659,-0.057403,0.010082,0.002822,-0.003999,0.002443,0.014302,0.026360
-0.026120,-0.007043,-0.002202,0.005788,-0.001872,0.011152,0.009449,0.001987,-0.001872,-0.036644,0.006485,0.025694,-0.013055,-0.038585,0.001775,0.009809,0.001098,-0.033018,0.013354,0.008502,-0.004079,-0.010402,-0.005533,0.032475,-0.034969,-0.002795,0.003716,0.020552,-0.009507,-0.000597,0.009391,-0.005537,0.006442,-0.000828,-0.022095,0.001592,0.007575,0.026011,0.022527,0.014177,0.014967,0.005166,0.032325,0.011655,0.014247,0.001858,0.038841,-0.010089,-0.005850,-0.037845,0.003982,-0.018815,0.005707,-0.041659,-0.001437,-0.038950,-0.026098,-0.000969,-0.001323,-0.048376,0.028975,-0.046662,0.005447,-0.000267,0.006186,0.010186,0.009283,-0.004076,-0.027655,0.013520,-0.011077,-0.000887,0.004453,-0.006811,0.010118,-0.035834,-0.020461,-0.009019,-0.004055,0.001485,0.012634,-0.007275,0.013209,-0.005764,-0.017198,-0.009228,-0.015763,0.015586,0.015858,-0.052230,0.035512,-0.008339,0.001059,-0.016084,0.001171,0.009375,-0.007085,-0.039646,0.006312,0.015336,0.001921,0.009802,-0.003983,0.014955,0.000165,0.000970,0.036007,-0.002003,0.002650,0.016908,0.016603,-0.001783,-0.005596,0.004828,-0.014374,0.006421,0.012758,0.002115,0.006358,0.000680,0.020568,-0.031755,0.013634,-0.001104,-0.008305,0.016419,-0.002828,0.062649
-0.048385,0.004116,-0.049786,0.016402,-0.005096,-0.032347,-0.003526,0.001815,-0.006179,-0.056858,0.012436,0.039572,-0.042809,-0.022668,-0.019501,-0.001754,-0.000705,-0.002067,0.018847,-0.004540,-0.014656,-0.001351,0.048697,0.014191,0.003244,-0.004105,-0.001864,0.019335,-0.023544,0.010376,0.009208,-0.028768,-0.001467,-0.021396,-0.007913,0.010762,0.002747,0.048963,0.027354,0.020056,0.012007,0.035056,0.016511,-0.002938,0.009663,-0.043791,-0.012020,0.011223,-0.007996,-0.009518,0.001237,-0.014667,-0.022456,-0.055381,-0.002256,-0.005467,0.001709,0.008073,0.001311,-0.018074,-0.002697,0.010557,0.014089,-0.036798,0.007058,-0.005264,0.013239,-0.001544,0.038698,-0.017188,-0.025840,0.002461,-0.004207,0.008513,-0.003823,-0.051213,-0.053496,-0.013963,-0.007461,-0.010421,0.011130,-0.020556,0.011774,-0.027411,-0.019805,0.003941,0.013688,0.003547,0.021476,-0.018820,0.015116,-0.006572,0.006454,-0.033836,0.000485,0.003893,-0.022935,-0.049942,0.015308,0.026869,0.002603,0.002159,-0.041247,0.035170,-0.032061,-0.000240,0.024490,0.000729,0.001198,-0.016209,0.014545,-0.033875,-0.002420,-0.020239,0.007666,-0.002564,0.015911,-0.017736,0.006321,-0.002176,0.032423,-0.050062,-0.006402,-0.000368,-0.020752,0.033222,-0.006491,0.064320
-0.000648,0.000697,-0.006430,0.031567,-0.012701,-0.005284,-0.005225,-0.000854,0.005119,-0.004457,0.014050,0.004277,-0.006128,-0.000869,0.026823,0.002333,0.008266,0.006468,0.015214,0.023782,-0.006685,0.048116,-0.037208,-0.043568,-0.005055,0.012818,0.000397,0.030949,0.054140,-0.060815,0.004263,-0.004473,-0.039557,0.001438,0.007604,0.012246,0.004313,0.011807,0.007189,0.033164,-0.001580,0.002344,0.025442,0.008706,0.018643,-0.000996,-0.003637,0.015023,0.002785,-0.023746,0.009603,0.014364,0.008387,-0.002434,0.000672,-0.005207,-0.002005,0.000155,-0.005099,-0.012387,-0.058856,-0.014373,0.011091,-0.015377,-0.000896,-0.035001,-0.057059,0.010655,-0.054420,0.003873,0.008032,-0.000285,0.000441,0.004797,0.005615,0.010143,0.016001,-0.007567,-0.011482,-0.040796,0.015532,0.014344,0.005610,-0.008504,-0.038092,0.035589,0.012829,-0.011991,0.025954,-0.014225,0.018597,0.002561,0.003348,-0.000256,0.006256,0.013915,-0.004143,-0.005780,0.043336,0.008105,-0.000174,0.007574,0.010002,0.010424,-0.007541,-0.000207,-0.105884,0.002637,0.007126,0.023088,0.013879,0.006236,0.002957,-0.002047,-0.010921,-0.024425,-0.003202,-0.003139,0.017998,-0.020625,0.020984,0.017443,0.009514,-0.007278,-0.000891,0.058746,-0.007784,0.024503
-0.011879,0.004837,-0.015295,-0.005872,-0.000421,0.000217,-0.001067,-0.000222,0.002393,-0.009228,-0.007442,0.023710,0.061025,-0.058741,0.039483,0.004814,-0.002010,0.010443,0.007789,-0.017404,0.017824,0.014294,0.018585,-0.010207,0.004890,0.024297,0.006446,0.008880,0.011895,0.050291,-0.008724,0.003797,-0.008001,0.075748,0.028334,-0.006230,0.001657,-0.003176,0.004214,0.029194,-0.012723,0.015014,-0.014645,-0.014457,0.016022,-0.008748,0.016202,0.002318,-0.015289,0.006986,0.023239,0.028921,-0.017027,0.002236,-0.018492,0.010637,0.009795,0.002344,-0.007460,-0.067775,0.001699,-0.053969,0.025514,-0.003052,-0.012899,0.030035,0.003986,0.017019,0.107771,-0.010534,-0.008610,-0.005046,-0.001404,-0.012697,0.006176,-0.004106,-0.007394,0.025389,0.001541,-0.005167,0.001221,-0.049543,0.024056,0.004196,-0.017172,0.022920,-0.013453,-0.010378,-0.005143,0.012899,0.000916,0.007986,0.009266,-0.005344,-0.010734,-0.013330,-0.043277,-0.024970,0.008958,0.036052,-0.003823,0.034211,-0.002555,0.015577,0.023629,0.007096,-0.006961,-0.004146,0.010969,-0.024072,-0.002593,-0.012327,0.001554,-0.012226,-0.013158,-0.005353,-0.019832,-0.004918,0.004482,-0.013330,-0.000823,-0.021285,0.000557,0.018677,-0.037139,-0.134838,0.025200,0.001175
0.019658,0.000750,-0.007595,0.035144,-0.003034,-0.009770,-0.007922,0.001542,-0.000106,0.002725,0.004669,0.005012,-0.017507,0.034444,0.074286,0.007119,0.006567,0.006768,-0.007575,0.024110,-0.003614,0.045574,-0.063500,-0.020351,0.012426,0.013417,-0.000798,0.032438,0.030200,-0.072568,0.004953,-0.021339,-0.021269,0.023780,-0.003374,0.029938,-0.005194,0.016962,0.028062,0.005106,-0.004737,0.014027,0.005904,0.013246,0.017897,0.032181,-0.005723,0.027585,0.000414,-0.025561,0.004686,0.025965,0.002235,-0.008893,0.010400,-0.010659,-0.020960,0.005764,-0.002745,0.025279,-0.046787,0.026420,-0.040499,-0.019806,-0.001061,-0.050861,-0.046810,0.013635,-0.021797,0.016543,0.017648,0.005335,-0.000303,0.011535,0.007672,-0.007329,-0.009997,0.004151,-0.016203,-0.066232,0.004090,0.021081,-0.005112,-0.007615,-0.050635,0.028391,0.015517,-0.014742,0.027021,-0.034526,0.025117,0.004084,-0.006488,0.024443,-0.002174,0.010209,0.000447,-0.005618,0.035174,-0.028627,-0.001678,-0.001631,0.016872,0.028390,0.015152,0.008503,-0.071423,0.000315,-0.001452,0.004537,0.015502,0.028274,-0.000545,-0.010812,0.001321,-0.052151,-0.003742,-0.008565,0.009381,-0.000651,0.016520,0.018192,0.024421,-0.007430,-0.009946,0.003448,-0.005872,0.022416
0.048893,0.000167,0.036781,-0.036923,-0.001729,-0.004278,-0.004241,-0.003060,0.001711,0.013819,-0.002518,0.004680,0.025367,-0.042839,-0.033475,0.029650,0.001454,0.002821,-0.002507,0.045476,-0.001424,0.034548,-0.043012,0.001981,-0.001993,-0.001645,0.002500,0.003976,0.034834,-0.029264,-0.001427,0.040196,0.004805,0.044300,0.008597,-0.003630,0.005908,0.004301,-0.022689,0.009099,0.001177,-0.012463,0.006607,0.011506,-0.005369,0.038774,0.052534,-0.030350,0.008246,0.001358,0.002161,0.002371,0.011066,0.008370,0.016505,0.007466,0.001579,0.015029,-0.000510,-0.036491,0.012203,-0.055489,0.013340,0.023648,0.003801,-0.027729,0.020387,0.006501,-0.034627,0.031983,0.008380,0.000660,-0.001749,0.029843,-0.002164,0.004906,0.008777,-0.003272,0.014201,0.043602,-0.004093,-0.016042,-0.007397,0.007380,0.001833,0.002985,-0.027864,0.011781,-0.008705,-0.004994,0.016643,-0.002491,0.001465,0.056068,0.005000,0.037193,0.002261,-0.006926,-0.018037,0.013621,0.008244,-0.003761,0.054450,-0.030478,0.031687,0.002961,0.003479,-0.004054,0.004274,0.021980,-0.000614,0.024001,0.002576,0.019363,-0.036362,0.022995,0.008285,0.010214,-0.002055,-0.000901,-0.036297,-0.004330,0.006799,0.006543,0.005632,-0.018405,0.006194,0.022611
-0.009863,0.005309,-0.006619,0.031743,0.002627,0.034592,0.000317,0.005342,-0.004765,-0.018027,0.015719,0.002409,-0.031963,-0.008045,0.021256,0.028940,-0.004597,0.003598,-0.008793,0.033297,0.027097,-0.006228,0.034542,-0.005367,0.036082,0.014241,-0.001259,0.032867,-0.000362,-0.029868,0.012300,0.025519,-0.011234,-0.031226,0.020050,0.008684,-0.000488,0.011375,0.029990,0.015341,0.019353,0.026431,-0.000627,-0.010941,0.013304,-0.005392,0.005420,0.019519,-0.017675,-0.005046,0.009415,-0.005211,-0.010420,-0.009987,0.007914,0.006451,0.018236,-0.008397,-0.003594,-0.022812,-0.023633,-0.025237,0.077526,0.017839,-0.000804,-0.043593,-0.019551,0.001776,-0.007598,-0.006130,0.010412,0.002402,-0.002303,0.021379,-0.000335,-0.023880,-0.030324,0.001674,0.009619,-0.044748,0.009946,-0.001487,0.031383,0.020450,-0.010309,0.018568,0.001281,0.034985,0.032335,0.028522,0.014619,-0.004840,-0.001510,0.010070,0.024092,0.029827,-0.025113,-0.022979,0.039046,0.036234,-0.000624,0.005209,0.006892,0.041065,0.002594,0.004389,-0.040794,-0.007143,0.012225,0.005338,-0.017259,-0.008537,0.000862,0.013153,0.006458,-0.061915,-0.024814,0.020057,0.005810,0.010330,0.007550,-0.006407,0.028308,0.004708,-0.013672,0.078664,-0.000977,0.041784
-0.003139,0.002293,-0.022744,0.054741,-0.009025,-0.019587,0.002043,-0.006547,-0.002089,-0.008641,0.004060,0.014925,0.027637,-0.011239,0.025852,0.003029,-0.002915,0.018057,0.016417,-0.031856,-0.012646,0.121134,0.038215,0.103215,0.013914,-0.040440,-0.025156,0.010413,0.107398,0.036179,-0.017478,-0.020741,0.107069,0.006651,0.021259,0.015672,-0.000637,-0.007415,-0.010370,0.026093,-0.005618,0.020383,-0.020718,-0.012513,-0.004858,-0.020912,-0.009370,-0.002132,-0.009219,0.011158,-0.009797,0.031633,-0.022484,0.006931,-0.021038,0.006735,-0.008378,-0.002951,0.001369,0.014113,0.052982,0.007871,0.008289,-0.019398,-0.037555,0.022096,0.054459,-0.003489,-0.001480,-0.015068,-0.001528,-0.007803,0.006440,-0.017409,-0.013974,-0.006719,-0.009640,-0.003481,0.003172,-0.016586,-0.019316,-0.014724,0.035969,-0.012574,0.035133,0.050377,-0.005820,0.057100,-0.033586,0.013388,-0.022661,0.003381,-0.005949,-0.013459,-0.017534,-0.005965,-0.020685,-0.023443,0.067105,0.017766,-0.003631,-0.010877,-0.021490,0.004819,-0.005330,-0.005317,0.065073,-0.008256,-0.036231,-0.038601,0.006977,-0.001375,0.000274,-0.017648,0.049378,-0.025048,0.030728,-0.002634,-0.022440,0.063298,-0.006341,-0.023188,-0.012804,-0.019480,-0.006174,0.094754,-0.016203,-0.028240
0.003479,0.005989,0.047991,0.040875,-0.003858,0.039237,0.010951,-0.001333,-0.001525,-0.032185,-0.001865,0.033043,0.026317,-0.042083,0.018808,-0.001155,0.000119,-0.042875,0.015660,0.014319,0.033299,-0.027347,-0.016367,0.002601,-0.035220,-0.008526,-0.010394,-0.010697,-0.030038,0.004853,0.006084,0.022373,0.014362,0.036405,-0.042400,0.011185,-0.002673,-0.000054,0.010822,-0.020980,-0.005960,-0.035370,0.024283,0.028935,-0.000613,0.000826,0.024735,-0.019042,-0.004320,-0.030719,0.000319,0.007290,0.016877,-0.016182,-0.009294,-0.033183,-0.033677,0.006417,0.007515,-0.067330,0.000845,-0.041716,-0.074213,0.019202,-0.012178,0.016347,0.012729,0.001312,-0.032523,-0.008245,0.005131,0.003246,0.000505,-0.004725,0.001735,-0.006890,0.001890,-0.027419,-0.009480,-0.005108,0.005614,-0.045916,-0.027588,0.014948,0.001465,-0.022892,-0.009435,-0.002851,0.009915,-0.032255,0.022441,-0.000142,0.000765,0.003645,-0.007212,0.011156,0.003969,0.005314,0.025817,-0.029393,-0.005874,0.012426,0.002870,-0.007490,-0.008576,-0.006444,0.029329,-0.003616,-0.008981,0.026843,0.028797,-0.005419,0.001098,0.016016,0.023063,-0.032289,0.000083,0.004076,0.002332,-0.019987,0.025623,0.026754,0.008516,-0.007685,0.022151,-0.013626,-0.011640,0.036542
-0.052389,0.006827,0.011444,0.008451,0.003166,-0.007945,-0.003289,-0.012492,-0.001199,-0.018172,-0.005179,0.017822,-0.022944,0.018572,0.023370,0.012211,0.004461,-0.010234,0.020930,0.072270,0.001999,0.008796,0.024464,0.024859,0.050902,0.009967,-0.004138,-0.005036,-0.008155,-0.065666,-0.012375,0.007505,0.003829,-0.076449,0.011982,-0.045171,0.006230,-0.013749,-0.039224,0.001746,-0.011115,-0.008292,0.009183,0.000800,0.004159,-0.045127,0.016936,-0.037444,0.010390,0.005083,0.011780,-0.033328,-0.008244,-0.003287,-0.040437,0.013363,0.024523,-0.000983,0.001873,0.020743,0.046245,0.009172,-0.012289,0.008797,-0.019993,-0.055287,0.031647,-0.007548,0.145175,-0.029112,-0.002526,-0.018366,-0.006080,0.059990,-0.009856,0.010288,0.000674,0.092864,0.003606,0.007475,0.002095,0.020153,0.014815,0.009751,0.004908,0.001039,-0.008312,0.014413,-0.010111,0.020410,-0.022090,-0.007958,-0.001801,-0.055682,-0.001164,0.054226,0.015303,0.017712,0.020737,-0.004442,0.005195,0.027851,-0.059776,-0.021357,-0.034080,-0.005886,0.051888,-0.004953,0.005102,-0.015588,-0.001877,-0.030663,0.003531,0.008491,0.032766,-0.016087,-0.008630,0.009980,-0.006638,-0.021492,0.008989,0.008636,-0.024242,-0.003140,0.010947,-0.045945,0.014202,-0.042715
-0.010053,-0.000370,-0.009166,0.007036,0.003386,0.001776,0.002726,0.006156,-0.005441,0.001751,0.006086,-0.001733,0.006236,-0.013629,-0.005139,-0.015070,-0.003891,-0.003350,-0.002741,0.027872,0.006723,-0.031744,0.087987,-0.023449,0.017127,-0.001564,-0.005905,0.003672,-0.038022,0.017652,0.000821,-0.009156,-0.021283,0.010707,-0.003399,0.017920,0.007977,-0.000074,0.004244,0.014215,-0.000892,0.008923,-0.010546,-0.004592,0.009825,-0.005408,-0.014778,0.008765,-0.003539,0.029432,-0.006661,0.000502,0.000540,0.009735,-0.003587,0.028857,0.027578,0.005632,-0.001447,-0.022712,0.017513,-0.011987,0.023482,0.001606,-0.001348,0.010307,0.011544,0.009360,-0.005300,-0.003722,0.003175,0.011843,-0.003450,0.004412,0.000221,-0.005526,-0.003000,-0.013433,-0.003461,-0.011193,0.007597,-0.006469,0.004936,-0.004666,0.006233,-0.006213,0.005490,0.006007,0.014666,0.041745,0.008955,0.009335,-0.000120,0.002995,-0.004039,0.021754,-0.000989,0.011414,0.025045,0.026051,0.002295,0.002286,0.001497,0.002693,-0.002197,0.006237,0.038138,0.005702,-0.002223,0.007939,0.015456,0.002907,0.004489,0.014275,0.002741,-0.013181,0.012107,-0.006486,0.008570,0.000782,0.014783,0.008365,-0.012321,0.000547,-0.000283,0.039919,-0.012408,0.010976
0.002394,-0.001981,0.000524,-0.022437,-0.002487,0.000732,0.001143,-0.003979,0.009246,0.002605,0.108451,-0.001019,0.014872,-0.004438,-0.006593,0.002944,0.000133,0.009848,-0.007043,-0.004487,-0.002133,-0.007430,0.014752,-0.012835,0.006821,-0.036446,0.102980,0.018503,-0.003578,0.007525,0.029264,-0.008429,-0.008648,-0.001354,0.001163,0.064555,-0.003605,-0.009243,-0.005688,0.003403,0.108431,0.005264,-0.008316,-0.001118,-0.155129,-0.003853,-0.003149,-0.006884,-0.006235,0.001818,-0.171139,-0.003728,-0.003786,0.001242,0.001466,0.002395,0.001963,-0.002172,-0.001255,-0.016683,-0.008311,-0.008961,-0.004850,-0.002148,0.013310,0.007124,-0.004182,0.055367,0.000984,0.002612,0.003332,-0.112523,-0.004868,0.001992,-0.001310,0.011964,0.009041,-0.005339,0.364405,-0.055923,-0.101933,0.004053,-0.000046,0.008330,-0.002267,-0.009622,-0.002599,-0.012949,0.218846,0.001585,-0.008999,0.078435,-0.027459,-0.000936,0.109865,0.000601,-0.013509,-0.003181,-0.027918,-0.001553,0.007988,0.094620,0.002898,-0.005985,0.001243,-0.005035,-0.007701,0.000121,-0.056730,-0.005530,-0.115213,0.000619,0.002750,0.001634,0.016288,-0.029121,0.162090,0.007996,-0.005159,-0.007023,-0.008306,-0.011098,0.000707,0.008072,-0.003290,-0.028734,0.032054,0.007649
-0.001137,-0.004633,0.002299,0.015346,-0.001064,-0.007789,-0.003145,-0.001382,-0.000466,0.003098,0.025275,-0.003149,-0.000435,0.009646,-0.001767,-0.002971,-0.003963,0.005025,-0.005514,-0.001096,-0.002664,-0.000204,-0.004716,-0.019808,0.005296,0.195535,-0.220184,0.026742,-0.002136,0.003082,-0.115519,-0.007722,-0.015048,-0.006780,-0.015085,0.173377,-0.001993,0.000409,-0.003587,-0.002743,0.224365,0.001718,0.007189,0.003076,-0.130888,-0.001793,-0.003306,-0.004664,-0.001188,0.006779,0.148845,-0.001826,0.003935,0.007095,0.000497,0.001623,0.004854,-0.001217,-0.001205,0.013190,-0.015647,0.009100,-0.019645,-0.003343,-0.121034,0.005680,-0.016054,-0.103799,-0.018145,-0.002426,-0.003834,0.033472,0.000772,-0.005702,-0.003383,0.007429,0.002874,-0.008757,-0.072919,0.068894,0.173872,0.014326,-0.015902,0.001367,-0.000021,0.001786,-0.004390,-0.010530,-0.115527,-0.002856,-0.002481,0.149803,-0.018215,-0.000582,0.173083,-0.004556,0.008141,0.007066,0.010428,-0.017659,-0.000135,0.089980,0.002681,-0.002753,-0.000729,-0.003210,-0.020847,-0.004353,0.015696,0.003748,0.044839,0.003268,-0.000730,-0.002437,0.011433,-0.034193,0.139042,0.000592,0.100361,-0.006628,-0.013360,0.002486,-0.004899,0.048754,0.003744,0.024433,0.322162,-0.001667
0.035038,-0.003361,-0.021878,-0.041417,-0.005353,0.002442,-0.003252,-0.001899,-0.000225,0.008739,-0.006120,0.012676,-0.000006,-0.006538,0.026062,0.019029,0.004291,0.010398,-0.000163,0.069481,-0.007854,0.003919,-0.013021,-0.003619,0.016064,-0.004649,-0.003115,-0.012918,0.023386,-0.072192,-0.005185,-0.003489,0.006747,0.023409,-0.014240,-0.019334,-0.004793,0.007021,0.002096,0.006563,-0.004775,0.002461,0.007403,-0.001825,-0.000756,0.013283,0.023364,0.011794,-0.012136,-0.000144,-0.001011,-0.021276,0.000859,0.008028,0.002262,0.012017,-0.003187,-0.000262,-0.008957,-0.012788,0.033282,0.002634,-0.011673,-0.003129,-0.010710,-0.066755,0.031244,-0.005923,0.013222,0.014447,-0.007999,-0.006298,0.007906,0.065343,-0.006894,-0.009502,-0.012887,0.015260,0.004252,0.022435,-0.004618,-0.012718,-0.007018,0.006659,-0.028009,-0.001793,0.008088,-0.000744,-0.013546,-0.002049,-0.003864,-0.004512,-0.007043,0.027147,-0.005598,0.067019,-0.001682,-0.013590,-0.010773,0.008237,-0.002336,0.011294,0.029327,-0.003091,0.017808,-0.007234,0.059946,0.004425,-0.002852,0.003364,0.000800,0.017850,-0.008951,-0.007237,-0.021150,0.035585,0.001530,0.002079,-0.009284,-0.005074,-0.004799,-0.037954,0.010438,-0.002519,-0.002883,-0.006360,-0.008713,0.024988
0.026361,0.003603,0.028688,-0.016978,-0.000725,-0.006348,0.004833,0.000314,0.003640,-0.006761,0.012399,0.024361,-0.026736,-0.073369,-0.016287,0.032937,0.000273,-0.014375,0.011924,-0.000493,-0.007574,0.019852,-0.039406,0.001787,-0.006643,0.001940,0.006606,0.000924,0.023646,-0.013965,-0.000124,0.015466,0.013805,-0.018722,0.011540,-0.008320,-0.000305,0.017430,0.005135,-0.016344,0.003184,-0.009438,0.034326,0.027577,-0.003321,0.032633,0.033099,-0.047924,0.009195,-0.020581,0.010305,-0.034625,0.016983,-0.008287,0.034953,-0.026043,-0.004132,0.006047,0.001100,-0.049555,0.012812,-0.086555,-0.012301,0.010314,0.013627,-0.013296,-0.004027,0.006664,-0.005217,0.030470,-0.002330,0.001232,-0.000378,0.019463,0.007982,-0.021048,0.000355,0.009018,0.017681,0.052153,-0.001236,-0.043887,0.003538,-0.013429,0.012234,0.001935,-0.049162,-0.002165,0.001729,-0.009272,0.030001,-0.000454,0.012436,0.015721,0.005582,0.018895,0.004072,-0.062358,-0.017272,-0.005155,-0.004350,-0.003374,0.033016,-0.002291,0.021199,0.005169,0.009222,0.002424,0.013614,0.026483,-0.002563,0.029918,0.000037,-0.004630,-0.023955,0.019646,0.006557,-0.004627,0.002388,0.001629,-0.033657,-0.035569,0.007282,0.004507,0.005989,0.023662,0.016434,0.038549
0.002082,0.009640,-0.009306,0.030619,0.007638,0.018219,0.008538,-0.002046,-0.005889,-0.003885,0.008644,-0.001163,0.016642,-0.025922,-0.025000,-0.017410,0.005786,-0.009542,-0.001256,0.004526,-0.005962,-0.045278,0.056348,-0.001301,0.022250,0.002657,-0.003974,0.007872,-0.035400,0.007827,0.001451,-0.004537,0.000842,-0.001947,-0.000778,0.010535,-0.004639,0.016093,0.003537,0.003145,-0.005357,0.008048,-0.002859,-0.002022,0.009535,-0.004734,-0.020069,0.002945,0.003616,0.019235,-0.002723,-0.000223,-0.007334,0.023352,0.012687,0.044602,0.040188,-0.005269,0.001756,-0.036400,0.001584,-0.000095,0.034674,-0.004899,0.001228,0.008458,0.024191,0.003481,-0.003346,0.012119,0.008185,0.006002,-0.003368,0.011609,-0.000135,-0.006854,0.003636,-0.005203,-0.007210,-0.022756,0.003154,-0.012361,-0.001010,0.005764,0.000685,-0.012475,0.016618,0.009334,0.012469,0.027276,0.013252,0.006308,0.001442,0.004106,-0.000900,0.018045,-0.005786,0.004730,0.030227,0.025686,0.000989,-0.000693,0.004917,0.019634,-0.018073,-0.008217,0.039377,-0.008403,0.002702,0.011078,0.004538,0.005801,0.012031,-0.006030,0.001558,-0.021330,0.000613,0.005669,0.008353,-0.003061,0.009717,0.002937,0.016264,-0.004103,-0.004063,0.040050,-0.003662,-0.003798
-0.006038,-0.004187,-0.004767,0.005502,-0.000446,-0.007551,-0.006283,-0.000138,-0.005266,0.004596,0.196746,-0.006635,-0.010107,0.000867,-0.008677,0.003628,-0.002627,0.003051,-0.006119,-0.007274,0.005022,-0.014324,0.001247,0.015770,-0.004140,-0.193692,0.272275,-0.014939,-0.015374,0.006469,-0.099249,0.016325,0.004488,-0.029829,0.002626,-0.078921,-0.005060,-0.006360,0.007864,0.001283,0.028916,0.002417,-0.008543,-0.002697,-0.161165,0.003936,0.001624,0.003538,-0.004929,-0.008038,0.003930,-0.006443,0.001202,0.003535,0.001234,0.001151,0.001552,-0.002270,-0.000243,0.003939,-0.006314,0.003931,0.004748,0.016259,-0.033076,-0.001817,-0.014146,0.168795,-0.019592,-0.001108,0.002436,-0.088142,0.003402,-0.009581,-0.006237,0.001529,0.005281,-0.012420,-0.099843,0.006683,0.083473,0.003659,0.004005,0.003842,0.008902,-0.015486,-0.001408,0.001156,0.034090,0.010275,-0.006713,-0.042671,0.057140,0.005993,-0.031842,-0.006674,-0.003120,-0.008872,0.006706,0.005023,-0.002736,-0.154701,0.001311,0.003634,-0.006078,-0.002999,-0.017117,-0.009406,0.108177,-0.013990,0.188235,0.004429,-0.002294,0.002477,-0.014702,-0.031717,0.100200,0.003247,0.030541,0.008575,-0.007187,-0.008260,0.001031,0.302346,-0.002594,0.000564,0.050402,0.006543
0.015212,0.004341,0.026502,0.013017,0.003803,-0.010310,-0.006257,-0.007741,0.005354,0.021584,0.012737,0.055821,-0.008549,-0.070587,-0.008295,-0.051423,0.005471,-0.001665,0.021104,0.023941,0.005061,-0.028371,-0.036564,0.000223,-0.048277,0.015823,-0.005576,-0.006678,-0.028844,-0.043646,-0.013131,-0.057137,0.015437,-0.002593,0.045177,-0.004650,0.001846,0.073995,0.011013,-0.009493,-0.008221,-0.020134,0.077549,0.040556,0.006631,-0.014701,-0.042780,-0.048529,0.005070,-0.027280,-0.003800,-0.056622,0.021949,-0.017735,0.038740,-0.015445,0.011902,0.003326,0.000347,-0.060970,0.000819,-0.071055,0.023654,-0.061537,0.006637,-0.032163,0.033414,-0.009310,-0.023611,0.000927,0.012908,-0.003210,-0.000300,0.010350,-0.006443,-0.006600,-0.002902,-0.049760,0.004643,0.008730,0.004998,-0.030492,0.012974,-0.056533,-0.023944,-0.022010,-0.011698,0.011641,-0.016581,-0.021102,0.056253,0.015648,0.000788,-0.011145,0.011196,0.013223,-0.002613,-0.014161,0.015360,0.025768,0.000493,0.029968,0.042287,-0.006232,-0.033787,-0.001806,0.027160,0.003376,0.005620,0.087444,0.025174,0.022998,0.006339,-0.023885,-0.002794,-0.002693,-0.002951,-0.036912,0.008891,0.007571,0.018312,0.044206,-0.041072,-0.001927,-0.006603,0.005791,0.006359,0.024830
-0.027505,0.000223,0.002523,0.024860,0.000487,-0.005487,-0.001166,-0.004468,-0.002916,0.001025,-0.015243,0.018537,-0.035803,0.037179,0.049630,0.003327,-0.009968,-0.014411,0.007327,0.085362,-0.006840,-0.011596,-0.000723,0.011450,0.046518,0.003797,-0.007126,0.018323,0.006155,-0.085309,-0.010320,-0.005978,0.013835,-0.078636,0.003428,-0.034032,0.001606,0.003467,-0.030357,0.002150,-0.006837,-0.003067,0.003000,0.006380,-0.006756,-0.026052,-0.000283,-0.024595,0.003352,0.024626,0.007610,-0.013202,-0.008938,-0.007118,-0.022364,0.011347,0.017753,0.003226,-0.001294,0.056014,0.026011,0.017399,-0.010134,-0.003622,-0.018073,-0.075152,0.020849,-0.017513,0.143972,-0.040516,0.014861,-0.023382,0.000105,0.101017,0.002107,-0.010479,-0.006283,0.086997,-0.009800,-0.000154,-0.009312,0.025494,0.002849,0.005721,0.009842,-0.022902,-0.030922,-0.019666,-0.012857,0.017635,-0.020354,-0.015122,-0.009569,-0.046110,0.001116,0.082026,0.006609,0.009991,0.027702,-0.015216,0.001999,0.018829,-0.025040,-0.015729,-0.027580,-0.008678,0.049477,-0.014238,0.002786,-0.016184,-0.013784,-0.031000,-0.014251,0.005223,0.015282,-0.021967,-0.009455,0.002161,-0.016706,-0.017872,0.004814,-0.009789,-0.034854,-0.009372,0.000390,-0.052303,0.002633,-0.020471
-0.008147,-0.002295,0.001495,-0.030989,0.000006,0.005752,-0.003121,-0.000774,-0.002989,-0.002896,0.132381,0.003326,0.000664,-0.008827,0.006487,-0.001623,-0.002984,0.000617,0.001142,-0.012394,0.005451,-0.001177,0.001809,-0.000498,-0.003207,0.231638,0.066229,0.005061,-0.003151,0.012979,0.023766,0.003538,-0.009637,-0.007389,0.002816,0.021591,-0.002907,0.002870,0.001895,0.002944,-0.065109,0.000771,0.001743,-0.001153,0.218790,-0.004687,0.003669,-0.006835,-0.001719,-0.000757,-0.029267,-0.008195,0.002015,0.001385,-0.001749,-0.002821,0.001712,-0.000662,0.001057,-0.008043,-0.009720,-0.007488,0.004564,0.005775,-0.031898,0.009002,-0.011569,0.195145,-0.005725,-0.006148,-0.007493,0.030469,0.001667,-0.011318,-0.003727,0.000013,-0.002758,-0.003491,0.085922,0.042395,-0.110028,-0.006253,-0.000042,0.002254,-0.002249,0.001150,-0.002879,-0.009665,-0.066835,-0.000227,-0.004945,-0.346252,-0.029096,-0.004936,0.249743,-0.010320,-0.002221,-0.005396,-0.045104,0.006474,-0.002404,-0.117154,-0.003747,-0.001474,-0.004020,-0.002616,-0.012286,-0.004746,0.030676,-0.001198,0.136911,-0.005490,-0.000250,-0.002761,-0.003840,-0.050340,0.099588,0.000014,0.136341,-0.007241,-0.005535,-0.007467,-0.003480,-0.254297,-0.001763,-0.012238,0.054035,0.010936
-0.040045,-0.000612,-0.047566,-0.000639,0.002915,0.049276,0.007016,0.003794,0.009880,-0.029021,-0.006491,0.007522,0.058721,-0.045027,-0.023707,0.072103,0.010843,0.048271,0.011454,0.061686,0.046666,0.021953,0.078656,-0.032111,0.036739,-0.006719,-0.018399,0.027055,0.005164,0.003181,-0.012615,0.057443,-0.012824,0.020580,-0.084158,0.017503,-0.012629,-0.023381,-0.004416,0.015298,0.011426,0.002618,-0.025569,-0.021048,-0.000915,-0.021657,0.044871,0.004591,0.024367,0.018581,-0.004114,0.003257,-0.027307,-0.013551,-0.037957,-0.007974,-0.004256,-0.008617,-0.003259,-0.069545,-0.042288,-0.020608,-0.148439,0.051873,-0.034709,-0.004602,-0.032927,0.006870,-0.052110,-0.012536,-0.058360,0.024588,-0.008181,0.031317,0.005952,0.045432,0.054570,-0.037595,-0.022839,0.022458,-0.006642,-0.039523,-0.074979,0.075252,-0.012305,0.003918,-0.000127,-0.045010,0.010490,-0.030031,-0.023725,-0.030759,0.004407,-0.018785,-0.012900,0.057811,0.014929,-0.007412,0.017530,-0.120255,-0.001484,0.010763,-0.043382,-0.012657,-0.004370,-0.000101,0.030156,0.004755,0.015323,-0.044687,0.041609,-0.035248,0.006986,0.059020,0.026525,-0.002520,0.003728,0.044753,-0.007935,-0.031019,-0.014152,-0.048366,0.013030,-0.021090,0.010260,0.032798,-0.033481,0.066075
0.003260,0.001167,0.001968,-0.013582,-0.002030,0.004309,0.001138,-0.003123,-0.000512,0.002808,-0.052059,0.000764,0.004330,-0.006529,0.011269,0.011172,-0.000636,0.000486,0.001606,-0.006195,0.003908,0.014177,0.009856,0.005538,0.005786,-0.162849,-0.111990,-0.021924,0.012731,0.007368,0.171812,-0.006664,0.008668,0.001758,0.000016,-0.160253,-0.001363,-0.001801,-0.002361,0.002637,-0.170490,0.000154,-0.000364,-0.001385,-0.172153,0.001141,0.007366,0.004733,0.000486,0.008207,-0.000675,0.010511,0.000303,0.001891,-0.001149,0.006362,0.003043,-0.000911,-0.002853,-0.011264,0.010342,-0.007633,-0.004175,-0.004694,0.035911,0.004816,0.011125,0.082996,0.019033,0.002914,-0.000072,0.293494,-0.003272,-0.001473,-0.001845,0.005600,0.001891,0.006370,-0.002143,-0.084482,-0.010147,-0.009319,-0.002966,0.001307,0.001293,0.009006,0.001713,0.001510,0.011627,0.003453,0.000836,0.195872,0.034964,0.002117,0.233478,-0.006398,-0.003110,-0.007480,-0.016113,-0.003988,-0.002103,-0.105991,0.002723,0.004877,0.001904,-0.000978,0.010277,-0.000073,0.199172,0.000615,0.065993,-0.000050,-0.003015,0.000552,-0.029179,0.008384,0.086035,0.000583,0.289762,0.004082,-0.000102,0.005763,0.003176,-0.032279,0.000620,-0.013308,-0.023437,-0.002542
0.024618,-0.000095,-0.013916,-0.013712,0.000151,-0.004051,-0.003770,0.013638,0.000263,0.024134,0.000513,0.008526,0.010613,-0.004912,0.002883,0.013352,-0.002879,-0.007245,0.003893,0.081546,0.001926,-0.000412,0.004673,-0.010468,0.030616,-0.003112,-0.009524,-0.005431,0.008149,-0.079898,-0.004708,-0.012637,-0.010170,0.017564,-0.016467,-0.008476,-0.014923,0.004026,-0.000692,-0.009957,-0.004239,0.005056,0.010748,0.011501,-0.003327,0.028079,0.010810,-0.000228,-0.009613,0.006465,-0.000040,-0.014377,0.011543,0.006705,0.010547,0.011702,0.014587,-0.003357,0.004406,-0.001174,0.027639,-0.007321,0.014439,0.000082,-0.004426,-0.056169,0.020383,-0.012463,0.035907,0.015819,0.002092,-0.009711,0.012110,0.064924,0.002075,-0.020316,-0.018881,0.005102,-0.004961,0.000780,-0.004042,-0.021443,-0.006094,-0.005601,-0.008398,-0.004355,0.001028,-0.024513,0.005773,0.000784,0.003091,-0.009117,-0.003783,0.032124,-0.004266,0.061684,0.000070,-0.018572,0.019149,0.011572,-0.007228,0.001025,0.036356,-0.009745,0.019123,0.001472,0.054078,-0.005501,-0.003240,0.004812,-0.009522,0.020812,-0.007855,-0.013513,-0.005455,-0.003486,-0.004079,0.003407,-0.005369,-0.002348,0.000847,-0.024512,0.008222,-0.006589,-0.003089,-0.001782,-0.006603,0.007857
-0.029787,0.002915,-0.005484,-0.006492,0.002439,-0.018451,0.001211,-0.000648,-0.004092,0.022843,0.008230,-0.004920,-0.018557,0.014846,0.003264,0.014652,0.001563,0.022181,-0.010227,-0.026761,0.004033,0.015435,-0.019762,0.029540,-0.002849,0.011374,-0.004578,-0.009560,0.023120,-0.005417,-0.005531,-0.009251,0.010910,-0.074722,0.081032,-0.031630,-0.012993,-0.016564,-0.000400,0.034340,0.002240,0.011752,-0.012026,-0.017434,-0.015107,-0.012949,-0.019139,-0.004787,-0.010576,0.040175,0.018220,0.003326,-0.006910,0.042370,-0.003012,0.034854,0.024122,0.008985,0.005227,0.033430,-0.014754,0.028478,0.088166,-0.007728,0.012581,0.012385,-0.020752,-0.016676,0.091803,-0.005388,0.022363,-0.005057,-0.003449,-0.012216,-0.007179,0.020684,0.019097,0.039999,-0.000967,0.028429,-0.005329,-0.011074,0.047963,-0.006590,-0.007920,0.021587,0.013782,0.000499,-0.008606,0.046086,-0.024021,-0.015729,-0.006040,-0.033206,0.006670,-0.026780,-0.007340,0.012132,-0.029598,0.055236,-0.004013,0.004552,-0.029764,-0.000879,-0.004991,0.008826,-0.053241,0.002879,0.013793,-0.023084,-0.017699,-0.010490,0.003012,-0.009316,0.004297,0.009306,-0.016911,-0.016279,-0.012741,-0.009423,0.012161,-0.003844,-0.021258,-0.005305,0.002243,0.008368,0.006649,-0.058476
0.068623,0.002558,-0.007598,0.026301,-0.000509,0.004396,0.002859,-0.000869,-0.009223,0.044841,0.013445,-0.065222,-0.005539,0.031224,-0.007976,0.052289,0.010953,0.093831,-0.048281,-0.000036,0.009551,-0.005408,-0.035324,0.009922,-0.028133,0.010620,-0.000598,0.013128,0.007987,0.014265,0.009096,-0.022075,-0.001466,0.001686,0.027151,0.023786,0.000620,0.013553,0.017709,0.066719,0.004146,0.021769,-0.026443,-0.030224,0.003941,0.049440,-0.004900,0.024260,-0.022765,-0.002014,0.008802,0.005469,0.024794,0.009144,0.053026,-0.012121,-0.025934,-0.002315,0.004790,0.038635,0.015956,0.028683,0.016223,-0.019643,0.009640,0.015645,0.017827,0.003646,0.046967,0.044993,0.042122,0.001887,-0.005315,-0.010645,-0.003795,0.091343,0.097143,0.037045,0.000308,0.014033,0.009380,0.005697,0.017527,0.021166,-0.030482,-0.033335,-0.065454,-0.017093,0.013178,-0.020283,0.017175,0.002024,0.009896,0.023505,0.003104,-0.010082,-0.040851,-0.054970,0.008386,0.019915,0.006124,-0.011023,0.065019,-0.010756,0.053694,0.006768,0.022256,0.005265,0.000004,0.026817,0.017175,0.086336,-0.004959,0.033341,0.011708,-0.003123,0.013081,0.019188,0.010007,-0.002123,-0.029279,-0.009976,0.012030,0.003392,-0.005135,0.037089,-0.001943,0.040116
-0.001543,-0.000670,0.000219,0.048842,-0.000409,0.003144,-0.000635,-0.001348,-0.001324,-0.003367,-0.062237,0.002232,-0.013591,0.008066,0.001206,0.003995,-0.000422,-0.004396,0.002250,-0.008002,0.004635,0.017510,-0.000647,-0.019558,-0.001504,0.150595,-0.037205,0.020109,0.009868,0.009598,-0.057210,0.000815,-0.018586,-0.005987,-0.000736,-0.111166,-0.001595,0.000371,0.001391,-0.008719,0.238390,-0.003400,0.004314,0.000538,-0.001328,-0.003079,0.012290,0.002858,0.000094,-0.006939,-0.045638,0.005594,0.000001,-0.006877,-0.005481,-0.003491,-0.002044,-0.000037,0.001458,0.012405,-0.007636,0.013369,-0.004608,-0.000395,0.361909,0.007191,-0.005492,-0.005343,0.012669,-0.002189,0.000528,0.188664,0.000505,-0.004764,-0.003348,-0.004400,-0.002129,0.001568,0.130137,0.073895,0.014649,0.000492,-0.005138,0.005960,0.005642,0.007583,0.005174,-0.003511,0.111639,-0.005022,-0.005707,-0.014617,-0.252014,0.002164,-0.110591,-0.005850,0.000634,0.005423,0.052970,0.000205,-0.000292,0.033874,-0.000841,-0.001631,-0.002468,-0.003918,-0.002586,-0.001861,0.259619,-0.000946,0.184889,-0.005506,0.000110,0.001924,0.020661,-0.002277,-0.153968,0.003616,-0.020602,-0.001058,0.001819,-0.000006,0.003971,0.043434,0.000471,-0.012001,-0.023608,0.006209
0.000984,-0.002059,0.008960,0.011522,-0.000819,0.003513,-0.002244,-0.002355,-0.000818,0.002679,-0.017679,-0.001410,0.002582,0.007078,-0.001592,-0.005396,-0.003244,0.000454,-0.000483,-0.001989,0.002304,0.003564,-0.004604,0.008071,-0.003375,0.240658,-0.076637,-0.000548,0.002607,0.011705,0.091222,0.006538,0.006828,-0.004302,-0.007340,-0.110058,-0.001892,0.001298,-0.001878,-0.006366,0.150787,-0.001973,0.000825,-0.000064,0.169072,0.000062,0.000542,-0.000697,0.000553,-0.000952,-0.055250,0.003111,0.005127,0.004320,0.001829,-0.007732,-0.005855,-0.000755,-0.001424,0.001623,0.006603,0.001733,-0.012607,0.003554,0.097086,0.012114,0.003647,0.178004,0.007560,0.000410,-0.003168,-0.223853,-0.001072,-0.004000,-0.002125,0.005475,0.000858,-0.007446,0.032624,-0.032290,0.084331,0.009307,-0.012568,0.003373,0.006127,0.003590,0.002778,-0.000653,-0.034088,-0.009772,-0.000896,0.235566,0.368306,-0.000964,0.045484,-0.005252,0.005096,0.007097,0.012216,-0.011021,-0.004136,-0.088952,0.002525,0.000016,0.000226,-0.002259,0.006269,-0.002096,0.125339,0.001394,-0.026203,0.003242,-0.000984,0.005860,-0.005699,0.014069,0.052265,0.000473,-0.085892,0.003386,0.000142,0.009887,-0.003242,0.063052,0.006060,0.006162,-0.200372,0.001857
-0.020898,0.002754,-0.014965,0.031930,0.001027,-0.011774,0.003246,0.004701,0.000721,0.006635,0.000923,-0.017200,0.004898,0.001665,0.067408,0.025434,-0.001878,0.002434,-0.011551,-0.004611,0.005088,0.124531,-0.017849,0.015773,-0.001539,0.004102,-0.002885,0.018582,0.103300,-0.009259,-0.012506,-0.002444,0.040575,-0.011125,0.000124,0.033771,-0.004387,-0.012509,-0.006449,-0.001824,-0.002383,0.010738,-0.016219,-0.015434,0.013660,0.016895,0.010341,0.004838,-0.000987,-0.017536,-0.009630,0.041876,-0.014521,-0.003209,-0.004624,-0.022965,-0.021501,-0.009325,0.006069,-0.012221,0.015034,-0.021442,-0.022051,-0.009582,-0.004166,-0.004366,0.012547,0.001105,-0.016279,-0.000436,-0.009004,0.005786,0.007404,-0.004009,-0.000938,-0.009070,-0.003863,0.011337,-0.000490,-0.039649,-0.001357,-0.021078,-0.007057,-0.008878,0.027207,0.073169,0.000203,0.006611,0.004109,-0.024890,-0.001555,0.008399,-0.006924,0.002938,-0.016254,-0.018766,-0.003095,0.001878,0.045513,-0.013861,0.002761,-0.004357,-0.003640,0.005320,0.008055,0.003101,0.015853,0.000293,-0.006782,-0.011011,0.031735,-0.004147,0.004530,0.000245,0.001101,-0.023283,0.014707,0.013594,0.010626,0.042147,-0.018020,0.001040,-0.001911,-0.015456,-0.003100,0.041802,-0.018169,-0.000691
0.004657,-0.000851,0.012960,-0.018431,0.000352,-0.006114,0.000118,-0.001133,-0.002992,0.000646,0.069240,0.003972,-0.000287,0.001986,-0.003516,-0.005268,0.001342,0.000776,0.002736,-0.011884,-0.002574,-0.015340,0.004930,0.014525,0.001614,-0.003657,-0.001964,-0.052750,-0.009056,0.022939,-0.055970,-0.002831,0.012365,0.010629,0.005560,-0.049718,-0.003103,-0.002626,0.001270,0.003273,0.158153,-0.005313,-0.004326,-0.002689,-0.026546,0.001497,-0.005339,0.002316,0.002774,0.002224,0.516919,0.011063,0.002169,-0.003437,0.006845,-0.000278,-0.002138,-0.003422,-0.003475,0.003826,0.005344,0.002558,0.011322,-0.004173,0.024710,0.016277,0.007571,0.220214,-0.016454,-0.003067,0.001468,0.017918,-0.003948,-0.005499,0.000386,0.013100,0.010263,0.001610,-0.026788,-0.017570,-0.147202,0.006440,0.007972,-0.009486,0.002665,-0.000963,-0.001877,0.010118,0.083096,0.001865,0.002866,0.071231,-0.117307,0.003494,0.051651,-0.009528,0.009540,0.024496,-0.022578,0.008097,-0.005901,0.067248,0.000079,-0.004443,-0.002777,0.000394,0.013922,-0.000622,-0.139977,0.004043,0.006600,0.000990,-0.001513,-0.002216,-0.053293,0.021619,0.066838,-0.001995,-0.061771,0.006387,-0.000218,0.017943,-0.003673,-0.059741,0.005814,0.041290,-0.188623,-0.003670
-0.014260,0.000624,-0.031912,0.014834,0.001799,-0.005660,-0.000191,0.003415,0.003426,-0.014133,-0.017406,0.032564,0.066178,-0.052598,0.030672,0.005552,-0.000119,-0.010126,0.026164,-0.008270,0.002358,0.010902,0.019091,-0.022024,0.004122,0.019667,-0.006361,0.002060,0.006522,0.050084,-0.011028,-0.014672,-0.009699,0.116849,0.036706,0.009082,-0.000626,-0.005025,0.027166,0.024788,-0.017264,0.030701,-0.014526,-0.013976,0.008989,0.002932,0.025059,0.019530,-0.007030,-0.006810,0.003190,0.006723,-0.024765,0.011682,-0.023141,0.003987,-0.007692,-0.006112,-0.003668,-0.054757,-0.014188,-0.047340,0.026092,0.008866,-0.030994,0.020669,-0.019719,0.025397,0.038041,-0.008602,-0.004298,-0.001563,-0.001281,-0.017608,-0.000201,-0.033969,-0.036062,0.008856,-0.009083,-0.001744,-0.001916,-0.089128,0.004732,-0.009295,-0.001395,0.020747,0.021489,0.001056,0.004968,0.001758,-0.008607,0.013098,0.001130,0.020987,-0.022829,-0.001812,-0.038293,-0.031700,0.020541,0.017800,-0.002226,0.029893,-0.006155,0.040538,0.025278,0.000373,-0.022930,0.000491,0.003671,-0.029486,0.002060,-0.018269,0.005598,-0.012417,0.008928,-0.010734,-0.014099,-0.005910,0.006815,-0.013379,0.025480,-0.027004,0.035581,0.016140,-0.031538,-0.091073,0.013097,-0.005306
0.003631,-0.001209,-0.070667,-0.019429,0.000503,-0.006554,-0.004417,0.002702,0.007677,-0.021810,0.020300,-0.017950,-0.032635,0.133912,0.040063,0.024630,-0.004428,0.026137,0.003034,0.014571,0.002698,-0.044343,-0.010911,-0.008156,-0.016560,0.003266,0.006210,-0.045378,-0.038145,0.023855,-0.020984,0.015122,0.005915,-0.003429,0.008961,-0.015900,-0.003623,-0.018774,0.023379,-0.000378,-0.001750,0.037048,-0.026219,-0.026222,-0.008586,0.000470,0.014890,0.065785,0.009470,-0.029241,-0.000376,0.029347,-0.024575,-0.022039,-0.042827,-0.029826,-0.032813,0.000673,0.001318,0.150595,0.014250,0.157057,-0.003958,0.002648,-0.012236,0.015159,0.031269,-0.018304,0.001982,0.005345,0.007601,-0.013641,-0.006394,0.016533,0.003359,-0.021528,-0.013505,-0.015918,0.019250,0.056114,-0.028035,0.063668,-0.013969,0.000869,0.006926,-0.027474,0.082424,0.015239,-0.036428,-0.021511,-0.021628,-0.007376,0.004498,0.020845,0.027697,0.005490,-0.000606,0.042607,-0.019437,-0.013826,-0.001157,-0.004392,-0.001467,0.038761,0.029673,-0.008619,0.065911,0.000734,0.012266,-0.040543,-0.013175,-0.001487,0.003653,0.000366,-0.028153,0.003524,-0.037250,0.003200,0.010937,0.015795,0.037753,-0.023381,0.052708,-0.030046,-0.007129,-0.056607,0.036083,-0.005394
0.006146,-0.004802,-0.031630,0.006725,0.006517,-0.016882,-0.003124,0.004452,0.002244,-0.035470,0.018662,-0.007373,-0.034995,-0.023333,0.005598,0.023867,0.003391,0.029561,-0.013046,0.005136,0.000030,-0.028019,0.000416,0.023127,-0.039048,0.005497,-0.001478,0.015279,-0.024945,0.008468,-0.000382,-0.014354,0.016639,0.000166,-0.004427,0.005929,0.006894,0.035347,0.056143,0.045908,0.008926,0.041064,0.013231,-0.017678,0.008879,-0.014787,-0.001316,0.026457,-0.007030,-0.032293,0.003720,-0.002519,-0.011496,-0.047674,0.025805,-0.028851,-0.016624,-0.003156,0.004716,-0.010092,0.012384,-0.000996,0.029364,-0.008549,0.003065,0.009830,0.004982,-0.002549,0.003866,0.011193,-0.001358,-0.001756,0.004037,-0.009198,-0.001958,-0.003595,0.000335,-0.028819,0.000247,0.007199,0.014055,-0.009432,0.034729,-0.019162,0.008719,-0.001102,0.026720,0.040718,0.016932,-0.010054,0.036297,0.004099,0.006677,-0.018277,-0.001793,0.005354,-0.048459,-0.067917,-0.004681,0.039408,-0.001404,0.003790,-0.001287,0.056503,0.009264,0.002444,0.014781,0.002345,0.007634,0.012283,0.014744,0.028759,-0.006313,-0.008790,-0.009662,0.018131,0.012648,-0.001646,0.009839,0.001072,0.040351,-0.034571,0.027068,-0.003934,-0.013184,0.043229,-0.001335,0.084853
0.003175,-0.001897,0.052541,-0.014848,-0.004483,0.041165,-0.001959,0.003573,0.008821,0.034474,-0.006771,0.005099,0.038244,0.005080,0.036949,-0.045170,-0.006370,-0.039179,0.015199,-0.002178,0.022314,0.023371,0.011384,-0.013944,0.040165,0.015653,-0.007461,-0.035389,0.023311,0.022963,-0.011954,0.041300,0.002914,0.013954,0.016358,0.001803,-0.009647,-0.023101,-0.051636,-0.055701,-0.010905,-0.055289,-0.007428,0.011304,0.000111,-0.000603,0.005827,-0.018828,0.031454,0.017374,-0.009289,0.046931,0.011633,0.052299,-0.010636,0.021943,0.006348,0.003347,-0.000505,-0.019989,-0.022140,-0.014534,0.009933,0.040384,-0.007637,-0.006170,-0.039282,0.020534,-0.053694,-0.020971,0.025592,-0.005815,0.006181,0.005972,-0.001930,0.014041,0.033062,-0.003509,0.005099,0.013218,-0.005086,0.016913,-0.008054,0.015036,0.031837,0.046177,0.011930,0.013601,-0.017379,0.040985,0.004194,0.014076,-0.012334,0.020129,-0.015872,0.003891,0.055461,0.104470,-0.007114,-0.007900,0.004358,0.013207,-0.013604,-0.044583,-0.021711,-0.002342,-0.034526,-0.001566,-0.003736,0.014158,-0.004681,-0.000868,-0.009412,0.025334,0.015617,-0.002345,-0.023374,-0.001389,0.000577,-0.001871,0.024789,0.101334,0.000861,-0.008909,0.027201,-0.015611,-0.003907,-0.072111
-0.002479,0.001042,0.023336,0.004727,-0.003935,0.006348,0.006002,-0.005897,-0.000759,0.004078,-0.069638,-0.001266,0.010252,0.013357,0.016351,0.004962,-0.002280,0.005602,0.001941,0.003073,-0.000346,0.016627,0.024483,0.000677,0.008410,0.038171,0.076503,-0.026773,0.013097,0.011692,-0.277002,0.001884,-0.011073,0.005186,0.002312,0.098031,0.002533,-0.004545,-0.005134,0.004179,-0.053625,-0.004944,0.005102,0.014488,0.094151,-0.002056,-0.010295,0.005389,0.007432,0.014887,-0.013996,0.021575,0.006218,0.003959,0.005583,0.007006,0.009927,-0.001097,-0.002905,0.002144,0.001769,0.001033,0.005169,-0.004398,-0.050144,0.009560,0.006165,-0.091054,-0.009990,-0.005425,0.005682,-0.115079,-0.005627,0.002077,-0.001717,0.010465,0.014582,0.004350,0.002394,0.040224,0.060221,0.026174,0.008204,0.001025,0.010713,0.011876,-0.003177,-0.004479,0.140947,-0.004849,0.002041,-0.026594,0.047357,-0.007556,0.144507,0.005614,0.016692,0.023961,-0.000062,0.007955,0.009443,-0.006998,-0.000068,0.000610,-0.004954,0.003617,-0.000611,0.003596,0.051026,0.012284,0.233613,-0.001818,-0.005941,0.004345,-0.016774,0.066404,-0.073423,-0.005677,0.024725,-0.006730,0.001805,0.024487,-0.005974,0.040145,0.010280,0.064114,-0.048023,0.006874
0.032062,-0.001005,-0.010874,-0.028454,-0.001097,0.006326,0.009573,-0.001083,0.006358,0.029076,-0.009592,-0.019056,0.002973,0.023592,0.031787,0.050390,-0.003432,0.023017,-0.018147,0.016478,-0.003484,0.065301,-0.037355,0.000460,0.021044,-0.001291,0.000458,0.000827,0.042143,-0.007852,-0.002787,0.020708,0.006304,0.019838,0.003437,-0.002051,0.001193,-0.016888,-0.002939,0.043968,0.005618,0.021914,-0.025783,-0.024009,-0.010206,0.020207,0.045786,0.005856,-0.002729,0.008990,0.001570,-0.006017,-0.022445,0.022525,-0.006772,0.002219,-0.005706,0.000030,-0.001795,0.031914,0.000742,0.024140,0.005068,0.030876,0.009792,-0.001852,0.009220,0.004615,-0.044039,0.034400,0.008688,0.001091,-0.002114,0.027127,0.007463,0.000583,0.000993,0.017435,0.012039,0.044624,-0.012652,-0.000431,0.016734,0.009546,0.000131,-0.005445,-0.005892,-0.001856,-0.018698,0.004369,-0.013351,0.002775,-0.002291,0.038860,0.006080,0.007098,-0.008819,-0.029494,-0.037282,0.000153,0.006249,-0.015480,0.033314,-0.013662,0.041148,0.003119,-0.005676,0.000507,0.000422,-0.019043,-0.011268,0.035050,-0.000325,0.013811,0.003377,0.040549,0.003241,0.016891,-0.005943,-0.014608,-0.021237,-0.032326,0.024185,0.009078,-0.002732,-0.009311,0.004723,0.004898
0.020042,0.004573,-0.000442,-0.006625,0.005108,0.001701,-0.007653,0.000562,-0.006249,0.006352,-0.001282,0.024214,0.032040,-0.014797,-0.006065,0.003941,-0.005150,-0.025592,0.016014,0.039671,-0.008693,0.007931,-0.044633,0.016260,-0.018346,-0.001853,0.003600,-0.012415,0.001421,-0.055916,-0.007820,0.006931,0.020971,0.040688,0.005737,-0.020485,-0.001961,0.013832,-0.020610,-0.003879,-0.006080,0.000916,0.022777,0.000181,-0.002397,0.013216,0.016785,-0.013718,0.009027,-0.007547,-0.001313,-0.010271,0.004477,0.012677,0.003491,-0.009665,-0.011059,-0.000413,0.004941,-0.009065,0.000596,-0.009620,0.027138,0.006356,-0.003898,-0.033609,0.013959,-0.002018,-0.036408,0.015423,-0.005511,-0.004668,-0.000812,0.026966,-0.004712,-0.024871,-0.007979,-0.021692,0.004930,0.016795,-0.003261,-0.033446,0.014053,0.004189,0.010367,0.002285,0.018743,0.002606,-0.015291,-0.016844,0.012716,-0.002275,0.001493,0.031093,-0.002827,0.026517,0.000726,-0.003092,0.003604,0.039223,-0.002597,0.015657,0.039284,-0.002631,0.001489,0.000900,0.011737,0.008058,0.002858,0.019037,-0.005946,0.005492,-0.003466,-0.009376,-0.021414,0.013333,-0.004045,-0.008035,0.000295,0.012402,0.010872,-0.016649,-0.001465,-0.002423,0.007235,-0.008065,0.005243,0.015745
