-0.009810,-0.014257,0.032560,0.115087,-0.059649,-0.022870,0.097925,-0.049841,-0.057416,-0.019091,0.044222,-0.001464,-0.012340,0.040120,-0.089580,0.005991,-0.008798,-0.016268,0.012912,-0.042427,0.052618,0.026436,-0.001481,-0.000015,0.121017,0.065863,-0.011746,-0.025744,0.065616,-0.032515,-0.000225,0.009904,-0.071451,0.003502,0.040853,-0.005621,-0.004945,0.013590,-0.072907,-0.046699,-0.000927,0.014658,0.054299,-0.049664,-0.010261,-0.031823,-0.025604,-0.070518,0.026170,0.111024,-0.045713,-0.122753,-0.184753,-0.040103,-0.045839,0.004509,-0.015593,-0.017073,0.016652,0.000640,0.020103,-0.014823,-0.002789,-0.033927,0.013154,0.071723,0.042505,0.028807,0.034578,-0.021250,-0.004293,0.007582,0.077261,-0.092249,0.063969,0.074932,-0.005866,-0.017078,-0.021838,0.041304,0.005387,0.004758,-0.100715,0.182816,-0.028872,0.008066,-0.039700,-0.043463,-0.021888,0.032128,-0.023725,-0.023068,-0.006631,0.060095,-0.030866,0.010087,0.110663,-0.101865,-0.052925,0.052604,-0.027178,0.048555,0.070261,-0.003150,-0.008479,-0.076638,0.074475,0.088725,0.004198,0.001674,-0.039045,-0.014593,-0.022338,-0.017572,0.055882,0.007692,-0.000451,0.014249,-0.037367,0.039268,0.002597,-0.024332,-0.042088,0.000050,0.002410,-0.017045,-0.064352,-0.013645
0.070472,-0.017833,0.000111,0.029932,0.002130,-0.043497,-0.000218,-0.047686,-0.012986,-0.020303,-0.033812,0.017305,0.004432,-0.006351,0.047282,-0.216673,-0.025974,0.157232,-0.028299,-0.006963,-0.066613,-0.009988,-0.006033,0.025366,0.037965,-0.021196,0.206318,-0.003828,0.002470,-0.037332,0.002419,0.004761,-0.021704,-0.000833,0.008704,-0.051343,-0.005677,-0.022343,-0.000544,-0.003290,0.009089,-0.364510,-0.007643,-0.019418,-0.017597,-0.011494,-0.020753,0.019364,-0.009361,0.038213,0.016519,-0.005664,-0.053013,-0.023344,0.005698,0.159616,-0.032257,0.004471,-0.043344,0.042420,0.266121,-0.007367,-0.013329,-0.003354,-0.017004,-0.009179,0.007724,-0.004310,-0.037019,-0.014403,-0.001655,0.171408,0.002762,0.003018,0.033373,0.012619,0.100233,0.069051,-0.019531,0.005945,0.012691,-0.000521,-0.027480,-0.001419,0.011253,0.024840,0.016128,-0.017679,-0.010946,-0.006814,-0.027135,0.009646,-0.014366,-0.022608,-0.013968,-0.015490,0.001759,0.029428,-0.033732,-0.015434,0.021866,-0.014965,-0.050921,-0.003422,0.002031,-0.013516,-0.070374,-0.029812,-0.014549,0.062749,-0.021656,0.184969,-0.020827,0.001251,0.019157,-0.028278,-0.160568,-0.123449,-0.008025,0.007460,0.064286,0.120623,-0.027266,0.018357,-0.039418,-0.026413,-0.028999,-0.044503
-0.075455,-0.017673,0.001331,0.045373,-0.020146,0.010928,0.383919,0.018428,0.008038,-0.032447,-0.005763,0.056161,0.038348,-0.008288,-0.033432,0.007366,-0.019932,0.027813,-0.006108,-0.024640,0.014036,-0.118342,0.007306,-0.053014,0.069958,0.035718,0.080210,0.007992,0.011083,-0.009870,0.589564,-0.003422,0.016176,0.023290,-0.007209,0.112151,-0.018599,-0.011144,0.033102,-0.009987,0.019685,0.062291,-0.010372,-0.019112,-0.008799,-0.056287,-0.048276,0.004477,0.032925,0.067586,-0.022201,-0.010206,-0.329842,-0.000142,0.002814,-0.082391,-0.028301,-0.001541,0.031245,0.023273,0.027787,0.016321,-0.041360,-0.004424,0.009307,0.007156,0.007653,-0.049136,-0.081381,0.004757,0.002627,0.171486,0.029755,-0.000463,0.004285,0.012363,0.098513,0.038811,-0.026982,-0.033229,-0.033961,-0.012387,0.027960,-0.045607,0.012336,0.032400,0.014314,-0.024175,0.028244,-0.004913,0.004129,-0.008978,0.002122,-0.028395,-0.024269,-0.038733,0.019490,-0.113524,-0.024908,0.019278,0.004482,-0.032866,-0.068357,0.003032,-0.052088,-0.003710,-0.122419,-0.003323,0.019687,0.012345,-0.045077,-0.210009,0.008445,-0.005124,-0.019148,-0.077774,0.196236,-0.095411,-0.121329,-0.107846,0.200233,0.110442,0.071949,-0.000264,0.009468,-0.018165,0.018034,-0.012971
0.000840,-0.018461,0.012258,-0.076812,-0.027443,-0.114782,0.064200,0.071565,0.022856,-0.004475,-0.019335,-0.043950,0.023935,-0.035654,0.033578,0.017146,-0.003367,0.048081,0.061919,-0.031986,-0.122361,-0.104211,-0.012960,-0.059147,-0.176608,0.048420,-0.086308,0.013299,-0.005180,0.024527,-0.004136,0.001413,-0.313694,-0.062127,-0.021258,0.016505,-0.009246,-0.006614,0.033157,0.044525,-0.058964,-0.018317,-0.010374,-0.004094,-0.012631,0.012888,0.051805,0.010550,-0.037843,-0.131991,-0.005110,-0.058063,0.055792,0.013066,-0.023514,-0.049482,-0.010298,-0.031280,-0.001338,0.020109,0.011427,-0.012558,-0.025384,-0.051985,0.004464,0.032356,-0.004787,-0.004901,0.062061,-0.145232,-0.034692,0.013776,0.012362,-0.031568,-0.059304,-0.064918,-0.020965,-0.029413,0.022714,0.027846,-0.009513,0.003657,0.060412,0.046438,-0.002079,0.125568,0.059044,0.041193,-0.034304,-0.013052,0.018378,0.000271,-0.021557,0.027315,-0.039605,0.039692,-0.061967,-0.131264,-0.044548,-0.039353,-0.029206,-0.027830,-0.030540,0.017254,0.035261,-0.020414,-0.065468,-0.025347,-0.084623,-0.036913,0.001884,0.108173,-0.039245,0.079040,0.005780,-0.054742,0.004807,0.082691,-0.039568,0.110589,0.043563,0.039816,0.075381,-0.005987,-0.020571,0.003894,-0.009910,0.001308
-0.054181,-0.012306,0.023918,-0.083601,0.004735,0.030610,0.014869,-0.034931,0.116798,0.034275,-0.066851,-0.027840,-0.072983,0.003356,0.115869,-0.018565,0.017280,0.014785,0.002728,0.027294,0.049705,-0.082255,-0.018426,-0.007731,-0.023682,-0.027461,-0.158566,0.017148,-0.006174,0.059134,0.033300,0.091587,0.009625,0.008801,0.046305,0.044321,0.034741,-0.053070,-0.092947,-0.001080,-0.022971,0.024441,-0.004067,-0.023456,0.015941,0.032262,0.020576,0.011121,0.002092,-0.023504,-0.006146,0.045359,-0.099068,-0.033184,0.097876,-0.025650,0.009590,0.015340,-0.077293,0.083136,0.012110,-0.002506,0.061261,0.077479,0.007712,-0.003055,-0.031754,-0.023140,-0.019802,0.072125,0.007630,0.068414,-0.078530,0.003161,0.002961,-0.057104,-0.032537,-0.030029,0.041917,0.022121,-0.023548,-0.013167,-0.001038,-0.004021,0.009835,0.046978,-0.001690,0.024796,0.039602,0.034731,0.022242,0.019117,-0.023494,-0.030758,-0.039999,0.044600,-0.040459,0.024150,-0.009790,0.002010,0.018134,0.000459,-0.065283,0.130202,0.026792,-0.015638,0.059371,-0.041575,-0.031926,0.009887,-0.005437,0.106915,0.003926,0.054788,-0.023227,-0.026826,0.042754,0.094038,-0.068342,0.019586,0.043723,0.001183,0.116100,0.030731,-0.004704,-0.059817,0.030908,-0.041049
0.032807,-0.037999,0.012217,-0.009914,-0.075863,0.030823,-0.023894,0.384105,-0.058036,0.040831,-0.002117,0.051281,0.267606,0.005004,0.068885,-0.066848,-0.000045,-0.059896,0.026148,0.033846,-0.068534,-0.038124,-0.040612,0.165788,0.005496,-0.029236,0.013181,0.013482,0.007176,0.018798,0.021473,-0.004542,-0.026049,0.043405,0.028391,0.007173,-0.000846,0.026546,-0.038695,-0.028418,0.029954,0.020493,0.006192,0.020922,-0.009394,0.090529,-0.024744,0.033599,0.005968,-0.027728,0.031812,-0.007835,0.045424,0.003183,0.000425,-0.007110,0.008797,0.004121,0.050168,0.044847,0.014533,0.000694,0.021271,0.007892,-0.011145,0.062551,-0.017912,-0.032749,-0.055586,-0.055033,-0.005991,0.022815,0.053138,0.015853,0.011143,0.006485,-0.024322,-0.013701,-0.026651,-0.004449,-0.029390,-0.055841,-0.015029,-0.004146,-0.025723,-0.027801,-0.518430,-0.051867,0.046823,0.051090,-0.013406,0.020568,-0.079240,-0.093683,0.079305,-0.014144,-0.006607,0.087637,-0.009274,0.029174,-0.046766,-0.003188,-0.025567,0.007832,0.001498,-0.048246,-0.017942,0.007852,0.016299,-0.015919,0.093604,0.015699,-0.057561,0.012726,-0.023985,0.080329,0.030315,-0.022303,-0.027684,-0.109134,-0.042202,0.023937,-0.003321,-0.070390,-0.017180,0.031672,-0.038860,-0.012870
0.005166,-0.000570,-0.002689,0.007491,0.001816,-0.000511,-0.002874,0.006078,-0.000634,-0.000757,-0.004417,-0.003230,-0.000627,0.005630,-0.009906,-0.000301,-0.000383,-0.000054,0.003473,-0.006393,0.003831,0.005901,0.007525,-0.000361,0.000860,0.006165,0.001965,0.001806,-0.005575,0.007188,-0.002044,0.006335,0.004801,0.001045,-0.012058,-0.003898,-0.003368,-0.002885,-0.007183,0.002694,-0.000901,0.003416,0.006849,0.000677,-0.006811,0.001019,0.005208,0.008532,0.002998,-0.002598,-0.003444,0.001572,0.007042,0.002329,-0.005264,-0.010085,0.007775,0.002962,0.000665,-0.008143,0.015125,0.012933,-0.017777,-0.003926,-0.004805,0.005700,0.002791,0.005274,0.002161,-0.000839,0.006063,0.010812,-0.015047,-0.008889,0.007457,-0.011645,0.016104,-0.000950,0.002123,0.006583,-0.009155,0.007651,-0.010588,-0.009857,-0.000512,-0.003699,-0.002831,0.002138,-0.001199,-0.000161,0.004125,0.003046,0.000623,0.009197,-0.001012,-0.007420,0.016000,-0.003754,-0.006135,-0.003484,0.004304,-0.009222,-0.006615,-0.004060,-0.012479,0.007313,-0.008859,-0.001210,0.002104,-0.006918,0.003641,-0.005717,-0.000767,-0.003857,-0.005791,-0.001746,-0.001834,0.006166,-0.000930,0.005110,-0.006489,-0.003381,-0.003002,0.005979,0.004710,0.002014,0.002922,0.000047
-0.000131,-0.011295,-0.055149,0.015979,0.042008,-0.049025,-0.096549,0.008199,0.053840,-0.079693,-0.070035,0.084158,0.044397,0.074173,-0.039203,-0.026198,-0.003185,0.000286,-0.017663,-0.093859,-0.023094,-0.031506,0.051881,-0.000154,-0.032161,-0.015448,0.006965,0.018630,0.036280,-0.032334,0.019111,-0.027834,0.071156,-0.010625,-0.025337,0.017249,-0.018471,-0.015540,-0.025137,-0.055496,-0.024800,0.000581,-0.032482,-0.011937,0.001944,-0.115672,0.018651,0.046323,0.027877,-0.004638,0.036381,0.013443,-0.002913,-0.059660,0.075600,-0.023834,0.000335,-0.005302,0.036687,-0.005239,-0.011532,0.008303,-0.056301,-0.002674,-0.003962,0.044001,-0.053724,-0.037539,0.037947,0.026188,-0.000068,0.007127,0.053899,-0.010419,-0.037752,-0.020675,0.003137,0.042530,-0.003373,-0.033646,-0.071423,-0.028384,-0.057267,-0.100812,-0.002329,-0.025194,0.025845,0.037874,-0.084252,-0.032643,-0.007265,-0.028641,-0.016083,0.047539,0.029067,-0.002752,0.054961,-0.038915,0.053558,-0.060960,0.022933,0.008242,0.072091,-0.011508,0.016657,0.083685,0.011100,0.046469,-0.009277,0.033061,0.041828,0.020615,0.107643,-0.035270,-0.020579,0.050316,0.002164,0.016574,0.001259,0.069743,0.014050,0.013927,0.005314,0.045916,-0.026918,0.060468,0.104677,-0.019830
0.001387,0.001385,0.039639,-0.008906,-0.013573,-0.009810,-0.005628,-0.183506,0.026715,-0.001363,-0.021118,0.076615,0.033196,-0.036599,-0.002434,-0.007447,0.054937,0.014582,0.022585,0.014972,-0.030469,-0.022421,-0.033344,0.031596,-0.003341,0.174883,0.001023,0.032837,0.045220,-0.036821,-0.027053,0.034787,0.036438,0.061845,-0.016204,0.024374,0.018182,-0.054393,0.101920,0.051994,-0.026469,0.060793,0.033075,0.017728,0.001449,-0.086619,0.012521,0.035619,-0.051649,-0.000765,-0.027606,0.019246,-0.063770,-0.005237,0.045858,-0.040613,0.054502,-0.008218,0.067348,0.023019,0.052041,0.049861,-0.038977,-0.008461,0.045712,-0.021328,-0.022544,-0.015028,0.040649,-0.011484,-0.006275,0.022339,-0.050875,0.031719,0.020293,-0.117512,-0.011214,0.013775,0.003893,0.012889,-0.060703,-0.015889,-0.073755,0.064061,-0.050544,-0.035880,-0.060393,-0.066682,0.069774,0.045973,0.068473,0.014897,-0.016876,-0.005967,-0.006181,-0.029568,0.012294,0.043519,0.004083,0.009038,0.139890,-0.019427,-0.033047,0.143598,0.100906,-0.010472,0.036061,-0.015933,-0.029122,-0.031308,0.076907,0.036047,0.000359,-0.015753,-0.023222,-0.004931,0.018741,0.003594,-0.045943,0.024695,-0.032767,0.008019,0.022530,0.156380,0.047109,-0.027138,-0.044103,-0.030744
-0.015803,0.021552,-0.008048,0.058170,0.025371,-0.013791,0.019377,0.082542,-0.024075,0.009922,0.032911,-0.082723,0.012063,0.071615,0.003144,0.009519,0.005940,-0.021399,-0.007486,-0.035433,0.029451,0.015546,0.076580,0.021995,0.028805,-0.008885,-0.031473,-0.002283,-0.021614,0.020924,0.006493,-0.056481,-0.066416,0.013741,0.058255,0.009890,-0.001985,0.008723,-0.085989,0.099705,0.058005,0.018368,0.010255,0.024564,0.003837,0.131245,0.025071,-0.177171,0.059372,0.021805,0.020982,-0.037294,-0.075325,-0.022008,0.024613,-0.013827,-0.014723,0.007815,0.004916,-0.007941,0.012436,-0.008894,0.100724,-0.012959,0.028263,0.101596,-0.096964,-0.014644,0.048996,0.020543,0.007803,0.002992,-0.057004,0.020137,-0.060940,-0.016912,-0.019597,0.006766,-0.020902,0.042945,-0.059345,-0.001516,-0.011049,-0.000221,-0.006147,-0.023811,0.070938,0.003135,-0.028495,0.040412,-0.002665,-0.014654,0.080214,0.050768,0.116356,0.082417,0.096213,0.112692,0.008209,-0.066544,-0.094750,-0.017585,0.021822,-0.067781,0.046853,0.080094,0.015574,-0.045501,0.033233,0.015374,0.020117,0.017504,-0.050246,0.006240,-0.009733,0.053130,-0.010185,-0.013695,-0.016757,-0.001889,-0.034078,-0.025014,-0.018258,-0.044682,-0.000814,-0.005309,-0.052955,0.020630
0.279716,0.023761,0.004528,-0.003343,0.011388,0.037040,-0.064566,0.000979,-0.005422,-0.118784,0.003540,0.002075,0.007026,-0.019663,0.102008,-0.038580,-0.026341,-0.064871,-0.009149,0.011655,-0.038807,0.068965,0.015559,-0.138894,-0.017944,-0.008190,0.015673,0.014891,-0.010189,0.041407,-0.056032,-0.003363,0.037088,-0.035991,-0.008498,-0.019381,-0.024709,0.023825,-0.006014,-0.008068,0.004278,0.088084,0.005469,0.001497,-0.011683,0.023615,0.000931,-0.003502,-0.020887,0.001364,-0.074948,-0.006765,-0.019290,-0.008226,0.035257,0.371876,-0.038774,0.001039,0.058212,0.165911,-0.137681,0.000916,-0.019039,-0.012903,0.031772,-0.018153,-0.001396,0.072283,-0.034146,0.016305,-0.011306,0.421396,-0.010350,-0.029249,-0.002724,0.001431,-0.077875,0.127060,-0.028541,0.009620,0.002926,0.012243,-0.010266,-0.020293,-0.008611,-0.035877,-0.006962,-0.010094,0.016412,-0.046836,0.012214,-0.003354,-0.025903,-0.010013,-0.013366,-0.007431,-0.024082,0.080578,-0.030030,0.070828,-0.019480,0.009401,0.015245,0.030606,-0.000082,0.009095,-0.025529,-0.006528,-0.009529,0.033670,-0.010706,-0.199842,0.001035,0.013068,-0.005833,-0.002536,-0.189038,-0.018838,-0.030517,0.007363,-0.258574,-0.101969,0.245744,-0.021041,0.020687,-0.041913,0.000832,0.389836
0.001814,-0.026257,-0.024086,-0.010696,0.040199,-0.038581,-0.009948,-0.063304,0.012022,-0.035890,0.033194,-0.490789,-0.004555,-0.027161,-0.041076,-0.010990,0.017050,-0.011632,0.019782,0.025434,-0.020166,0.041304,0.056947,0.009149,-0.022343,0.008232,0.060037,0.022806,-0.016423,0.014322,-0.018049,0.027826,-0.038967,0.050721,-0.003913,-0.026459,-0.010940,-0.050169,0.079890,0.015811,-0.033136,0.019427,-0.023804,0.047270,-0.002394,0.017239,0.031117,0.054821,-0.013274,-0.035596,-0.025472,-0.079124,-0.075581,0.020423,-0.039721,-0.018526,0.009820,-0.005528,0.133503,-0.036351,0.037028,-0.014274,0.092506,-0.020118,-0.015278,-0.061209,-0.017465,0.016771,0.038226,-0.052847,-0.004686,0.040007,-0.014882,-0.001339,0.030948,0.012889,0.032348,-0.006481,0.036738,0.076358,0.077569,0.217319,0.034123,-0.045564,0.000173,-0.053548,-0.004294,0.043167,-0.027247,0.009855,-0.001306,0.025136,0.028754,0.002017,0.196123,0.083064,-0.066499,0.095119,0.017897,0.007715,0.010638,0.020784,0.032892,0.059421,0.038005,-0.017310,-0.001603,0.007865,-0.000017,0.022477,0.035567,-0.012355,-0.264797,0.029150,0.036270,-0.022951,-0.006864,-0.021127,-0.061866,-0.061781,-0.035838,0.002460,-0.020811,-0.024616,-0.000069,0.043912,-0.070252,0.014494
-0.022277,0.030752,0.038948,-0.018008,0.046224,-0.019757,-0.084967,0.000057,0.001329,0.018054,-0.014238,0.031141,0.159019,-0.012054,0.029785,0.018157,-0.003512,-0.010109,-0.026166,0.017254,-0.038479,-0.032902,0.062711,0.024442,0.094710,-0.022154,-0.028942,0.028703,0.026848,-0.020683,0.014808,-0.061378,-0.052161,0.029468,0.038196,0.005502,-0.012679,0.064730,-0.001249,0.035313,-0.069489,0.003584,0.009917,-0.039509,0.011136,0.010928,0.015716,-0.033195,-0.033477,0.032328,0.024837,0.008167,-0.070672,-0.023174,-0.003251,0.023798,-0.005175,-0.046312,0.037144,0.032805,-0.040423,0.025268,0.018167,0.002726,-0.006623,-0.034966,0.022646,-0.040504,-0.023473,0.018838,0.008194,-0.046690,0.035644,-0.002703,0.055643,0.010850,-0.044363,0.008730,-0.006697,0.063833,0.073192,0.012771,0.005523,-0.038717,-0.008081,-0.045578,0.079215,0.018612,0.038985,-0.012467,-0.009031,0.032099,0.052736,0.011359,0.009954,0.030646,0.045241,0.000439,0.003485,-0.022190,-0.047895,0.059705,0.016494,0.064834,0.056547,0.001947,0.080048,0.052697,0.095468,0.010733,0.014161,0.031222,0.011833,-0.018960,-0.008628,0.007223,-0.004162,-0.039714,-0.026447,0.016114,-0.003111,-0.003646,0.011216,-0.059334,0.000035,0.065208,0.023086,-0.019036
0.096299,-0.000220,0.012838,-0.021992,-0.021621,-0.048008,0.043482,-0.037554,-0.067880,0.691624,-0.169112,-0.049934,-0.047233,0.093741,0.041788,0.005710,0.002044,-0.074788,-0.012272,-0.043270,0.037985,0.083936,-0.032184,0.156429,-0.010084,-0.016032,0.000318,-0.022743,0.026704,0.040893,-0.021481,-0.003948,-0.049646,0.083795,0.029411,-0.028197,0.027160,0.041664,0.058502,-0.040644,0.040232,0.016124,-0.028113,-0.040084,0.009017,-0.246459,0.043749,0.013151,0.018680,0.016252,0.011157,0.032026,-0.021885,0.016087,0.107075,0.036188,0.000059,0.009973,0.062452,0.055362,0.001911,-0.024048,0.023671,0.110429,-0.032745,0.135832,-0.060966,-0.005613,-0.013041,0.020102,0.035614,-0.004044,0.043600,0.055600,-0.066053,0.006135,-0.008265,-0.005074,-0.000801,-0.151685,-0.232187,0.027551,0.031209,0.058338,0.006308,0.024729,-0.000639,0.002104,0.011344,0.017398,-0.022986,-0.010013,-0.005981,-0.038871,-0.002705,-0.037330,-0.032207,0.059032,0.002528,0.058066,0.085958,0.010450,-0.038664,0.025335,0.022396,0.011119,0.021600,0.042327,-0.000785,0.016015,-0.115292,-0.050739,-0.030814,0.016647,0.025039,0.019455,-0.025845,-0.050907,0.020667,-0.011345,-0.105332,-0.010391,-0.012046,0.081365,-0.017722,0.018305,-0.030356,0.090238
-0.001129,0.041746,-0.007442,0.001580,-0.053031,-0.003693,0.054974,-0.044813,-0.008993,-0.072084,0.050626,-0.023466,0.066827,0.134022,0.060751,0.018139,-0.013479,0.017334,-0.003541,-0.038938,-0.005512,0.072356,-0.122633,-0.153413,0.010806,-0.075291,-0.000780,0.011414,0.054045,-0.004647,0.017189,0.105867,-0.019447,-0.045385,-0.024510,0.025183,-0.011768,-0.027394,0.201735,-0.025922,-0.058328,-0.019952,0.015861,0.045135,-0.011482,-0.016279,0.006163,0.072521,-0.034573,-0.037085,-0.028179,0.054339,0.008898,0.032958,0.042054,0.115213,-0.014982,0.032140,0.013142,-0.066566,-0.085187,-0.015100,-0.022107,-0.043485,0.016931,0.141339,0.066659,-0.106475,-0.026470,0.026230,0.035248,-0.086029,0.026088,0.076355,0.084356,0.008030,-0.061040,0.051446,0.034895,0.043458,0.014570,0.032042,-0.030403,0.036803,-0.023713,-0.028610,0.109515,0.053697,0.085465,0.020301,0.042775,0.051648,0.045539,0.010733,-0.097072,0.073557,0.039907,0.156621,0.018911,-0.014051,-0.071438,-0.045998,-0.059885,-0.040378,0.050618,-0.027124,0.090892,-0.118637,-0.013310,-0.001380,0.291458,-0.096147,-0.009299,-0.026215,-0.020051,-0.006819,0.070432,0.093836,0.074953,0.041287,0.128217,-0.044201,-0.078673,-0.078041,0.011092,0.051366,-0.027939,0.061501
0.004640,0.033863,-0.052780,-0.016485,0.046577,-0.068299,-0.050180,-0.050887,0.018708,0.048248,0.039966,0.025027,0.100975,0.030740,0.012139,0.002588,-0.010536,-0.019406,-0.011722,-0.025667,-0.000518,-0.001156,0.063080,0.008132,0.002336,-0.112361,0.040613,0.001053,0.023864,0.002146,0.040511,0.001573,0.128329,-0.034886,0.021531,0.003075,0.002968,-0.029785,-0.069326,0.040739,-0.004267,-0.003925,-0.080537,-0.031510,0.007350,0.001716,0.012919,-0.072399,0.037550,-0.038268,0.049554,-0.026179,0.087683,0.091663,0.000918,-0.017330,-0.034373,-0.049729,0.018711,-0.021389,-0.010720,-0.002851,0.057176,0.007060,0.008990,-0.015520,0.009442,-0.044675,0.024712,-0.115313,-0.018151,-0.038790,0.048714,-0.045349,-0.006343,-0.038830,-0.041301,0.036748,0.068627,0.003535,-0.016091,0.020915,0.124006,-0.000684,0.032794,-0.061842,0.028086,0.117351,-0.051427,-0.004879,0.022184,-0.045451,-0.033434,-0.047558,0.024721,-0.004230,-0.037655,0.003751,0.070537,0.071635,-0.024380,0.021948,-0.022349,-0.014749,0.041163,0.093318,0.043050,0.104291,0.020358,0.040962,0.056601,-0.022874,0.055715,0.070259,-0.015869,-0.069239,-0.001755,-0.008051,-0.016800,-0.019202,0.014903,-0.008337,-0.003524,-0.003005,-0.020970,0.034329,0.006175,-0.017299
0.211710,-0.005018,-0.011697,-0.012168,0.003434,-0.014390,-0.002344,-0.062810,0.008743,-0.033784,-0.022281,-0.013073,-0.022538,-0.019071,-0.017715,0.046104,-0.038502,0.009740,-0.018372,0.000187,0.019741,0.030164,0.011734,0.075918,-0.008881,-0.015447,0.088147,0.009663,-0.021893,0.007943,-0.035122,-0.022793,-0.043089,-0.013410,-0.010243,-0.026353,-0.028962,-0.001879,-0.045711,-0.008811,-0.019206,-0.143781,-0.003325,-0.006819,-0.030201,-0.017801,-0.056256,-0.017936,-0.023451,-0.027449,0.004114,0.003807,0.013400,-0.002922,0.033117,-0.092016,-0.047951,-0.005554,-0.057207,0.421283,-0.004510,-0.010006,-0.029991,-0.003505,-0.013638,-0.028745,-0.017379,-0.018325,-0.015473,-0.044196,-0.015043,0.032587,-0.018196,-0.002233,-0.023126,-0.009861,0.160881,0.296456,-0.009374,-0.021331,-0.031790,-0.041735,-0.002885,-0.016267,0.023042,0.000799,0.020094,-0.011884,-0.033121,-0.072159,-0.013386,-0.024030,0.031177,0.028376,-0.038785,-0.017638,-0.022444,0.019271,-0.010320,-0.016038,0.004206,-0.029094,-0.034419,-0.013130,-0.020030,-0.026656,-0.002386,-0.023246,-0.026832,0.049447,-0.041032,0.063252,-0.005661,-0.036276,0.005464,-0.073391,0.425709,0.085467,0.047849,-0.012638,0.143061,-0.238589,-0.147976,-0.004011,-0.007296,-0.029997,-0.002674,0.021548
0.016130,-0.375610,0.006955,0.087101,0.007010,-0.001037,0.119494,0.102596,-0.030840,0.011330,0.022426,0.020857,0.009434,0.192190,0.078979,0.032661,-0.030024,-0.001282,0.018527,0.019432,0.000822,0.010322,0.019838,0.015541,0.080338,-0.023243,0.016428,0.015866,0.208997,0.068966,0.018712,0.002035,0.009249,0.467112,-0.012508,-0.029498,0.006877,0.022216,-0.008498,0.045665,-0.012356,-0.032389,0.049664,-0.013819,-0.007796,0.053280,0.019820,0.082846,0.030228,0.062261,-0.010552,-0.008755,0.098902,-0.018385,-0.026048,0.072213,-0.028040,0.002166,0.002035,0.004115,-0.037185,-0.041487,-0.020515,-0.004111,0.008681,0.109771,0.135814,0.046807,-0.004259,-0.005273,0.127754,-0.048552,-0.050176,0.404026,0.070016,-0.024595,-0.048337,0.007005,-0.029242,0.113484,0.027554,-0.005865,-0.007970,0.035043,0.019337,0.001702,0.130473,0.001807,-0.022489,0.026847,0.042322,-0.013602,0.143901,0.010981,0.002830,0.041121,0.042461,0.066252,-0.016184,0.020157,0.110424,0.007051,-0.015868,-0.009072,0.001589,-0.004674,-0.020395,0.067671,-0.005295,-0.035915,0.002407,-0.063655,0.026798,0.012178,0.007543,-0.035047,-0.004661,0.025491,0.021403,-0.004730,-0.000066,-0.001576,0.037405,0.064644,0.021880,-0.031164,-0.006223,-0.045543
-0.006535,-0.038168,-0.002749,0.025683,-0.014055,0.020511,0.043786,-0.004654,-0.003725,-0.008390,-0.016744,-0.002384,-0.001230,0.018498,0.025388,0.015138,0.567313,0.072453,-0.016676,-0.033428,-0.024120,-0.048667,-0.025316,0.086135,0.023606,-0.009937,-0.024404,-0.008484,0.018783,0.034425,-0.023742,0.003152,0.008274,-0.011005,-0.022486,0.039858,0.367976,0.016900,-0.019582,0.001871,0.003831,-0.018652,-0.031723,0.003227,0.374839,-0.014106,-0.033533,0.021948,0.000779,0.033622,0.036298,-0.006494,-0.054749,-0.007397,0.001592,0.067315,0.697177,-0.013439,-0.032069,0.015629,-0.007008,-0.020376,-0.016940,-0.031066,-0.007336,0.032766,-0.011763,-0.012251,-0.044106,-0.013449,-0.016144,-0.054561,0.016099,-0.025796,0.032721,-0.012055,-0.025916,-0.000737,-0.036464,-0.008976,-0.011442,-0.033797,-0.037130,0.010565,0.016104,-0.009172,0.035638,-0.008995,-0.035872,-0.048029,-0.005234,-0.010672,0.021666,0.020004,-0.017384,0.003985,0.010940,-0.056304,-0.002264,0.026013,-0.064237,-0.017170,0.000659,-0.022758,-0.021052,-0.019690,-0.005089,-0.002047,0.004216,0.006307,0.035109,-0.026097,-0.001649,-0.000407,-0.021405,0.008626,-0.015130,0.027447,0.007131,-0.020991,-0.009155,-0.026219,0.031229,-0.054744,-0.006594,0.000691,0.017354,-0.000252
0.110305,0.013518,-0.026518,-0.025528,-0.001126,-0.026065,-0.010453,-0.034179,0.017511,-0.010208,-0.017651,0.001463,0.006352,-0.010463,0.047284,-0.085345,-0.020098,0.264989,-0.001955,0.011242,-0.004992,0.049480,0.015773,0.215232,-0.025628,0.000339,0.050022,0.002633,-0.003603,0.042534,0.013211,0.002777,-0.018080,-0.026436,-0.013504,-0.098143,0.001186,0.009970,0.021639,0.009134,-0.006308,0.182829,0.031173,0.008467,-0.016804,0.007311,0.018048,0.008365,-0.003783,-0.009977,0.036890,-0.000833,-0.020928,0.003524,0.020011,-0.056842,-0.024426,-0.002273,0.014745,-0.068446,-0.046619,-0.017328,-0.030693,0.001164,-0.039417,0.000647,0.015975,0.119179,0.008451,0.000502,-0.012502,-0.079941,0.024118,-0.002372,0.000647,-0.030161,-0.193252,-0.111488,-0.001766,0.020560,0.013918,0.032118,-0.001230,-0.016112,-0.056686,0.007796,0.000369,0.003777,-0.037707,-0.041385,-0.012054,-0.007155,-0.015952,-0.003126,-0.017145,0.001114,-0.011565,0.029116,0.002281,0.009960,-0.017523,0.017949,-0.035357,0.023998,-0.004863,0.020835,-0.013328,-0.030568,-0.022102,0.000184,-0.016988,-0.309791,0.012127,0.002826,-0.020336,0.003750,-0.085195,-0.061166,-0.146836,0.017936,0.052143,0.266858,0.156865,-0.026989,-0.028569,-0.003849,-0.003799,-0.004912
-0.020277,-0.039687,-0.024036,0.042637,-0.038257,-0.092569,-0.100754,0.042309,0.052660,0.002314,0.028110,0.008741,0.016940,-0.094647,0.037399,-0.023892,0.010514,0.005693,0.030430,0.017053,-0.051522,0.028551,-0.038798,0.058258,0.012684,0.022499,0.015707,0.064513,-0.031477,0.168474,0.027809,-0.001202,-0.016254,-0.097200,0.010405,0.019731,0.026362,0.145058,-0.044533,-0.018957,0.090105,-0.022859,-0.421726,0.025327,0.011140,0.054963,-0.071677,0.103977,0.041636,0.100057,0.097791,0.074962,0.019586,-0.013767,0.001345,0.028573,-0.036424,0.003265,-0.016801,-0.006906,-0.037755,0.011703,0.005588,0.036282,0.003418,-0.003063,0.116142,0.027888,-0.014232,0.031526,-0.179413,-0.053935,0.079316,-0.010284,-0.024387,-0.031551,-0.038508,0.021576,-0.020519,0.069357,0.064906,-0.024844,0.048509,-0.085250,0.003470,0.019778,-0.000928,-0.041793,0.113747,0.016726,0.014978,-0.039555,0.060942,0.023353,0.031884,0.005532,-0.030075,-0.025089,0.013461,-0.006133,0.107822,-0.038543,-0.055003,0.086076,0.036595,0.007538,-0.050623,-0.178359,0.055448,0.018968,0.046300,-0.005418,-0.010836,-0.013665,-0.007955,-0.050578,0.011402,-0.047986,0.003141,0.012128,-0.009469,-0.005848,-0.013265,0.086969,-0.000267,0.132556,-0.034125,-0.066523
0.031781,-0.012217,0.036411,0.032489,0.016070,0.029215,-0.027284,0.219832,0.085314,-0.088968,-0.046349,-0.020940,0.116294,0.007444,-0.060253,0.103080,0.012250,0.054477,-0.008620,0.007436,0.042158,-0.052093,-0.006953,0.051639,-0.004466,-0.019349,0.015130,-0.004613,0.031834,0.024567,-0.043913,-0.006204,-0.001384,0.057688,-0.008811,-0.047024,0.052364,0.003753,-0.039234,0.003505,0.047575,-0.014318,0.004287,0.009016,0.015203,0.032180,-0.021271,0.019594,0.041066,0.112907,0.043388,-0.007902,-0.112362,0.022795,-0.009128,-0.021623,-0.010967,0.003215,0.062646,-0.024842,0.045208,-0.020164,-0.008765,-0.011612,0.018359,0.045020,0.001987,-0.013287,-0.018208,0.017505,-0.003745,0.032939,0.044837,-0.019767,-0.000926,0.000963,0.050239,0.061774,0.001429,0.001479,-0.004373,-0.018968,-0.158817,0.000920,-0.005142,-0.018077,0.033395,0.024392,-0.022668,0.052121,-0.002442,0.010429,-0.689228,-0.589257,-0.030284,-0.000739,0.004014,0.024975,0.002383,-0.010030,0.151645,-0.006207,0.018621,-0.030244,0.012093,-0.026696,-0.025871,-0.007213,0.026267,-0.044441,-0.010071,-0.011088,-0.031360,-0.007498,0.010216,-0.043728,-0.000252,0.049697,0.033537,-0.039425,0.011904,-0.030481,-0.024960,0.045397,0.002274,0.020817,-0.022718,-0.001163
-0.003482,0.032923,0.005725,0.094417,0.020969,0.006886,-0.033034,0.103371,0.053463,-0.001614,0.091937,0.009833,0.015812,-0.037762,0.017697,0.035940,0.004927,0.000340,-0.042224,-0.034307,0.013935,0.005669,0.007031,0.013894,-0.001568,0.125074,-0.021551,-0.026365,-0.101517,0.006169,-0.011964,-0.136129,-0.058253,-0.029303,0.053849,0.004193,0.017630,0.015006,0.071973,0.000217,-0.033006,0.015274,-0.028024,0.001689,-0.005878,0.057569,0.031618,-0.112172,0.003426,-0.002390,0.061702,0.072270,-0.055182,0.024948,-0.039683,0.017216,-0.000853,0.034861,0.018505,0.008824,-0.008363,0.031489,0.041271,0.006160,-0.002731,0.032798,0.142266,0.018465,-0.007197,-0.014288,-0.090032,0.016365,0.050010,0.033582,-0.012255,0.037991,-0.001734,0.007640,0.017102,0.145045,0.130898,-0.002324,0.008200,-0.015140,0.025414,0.067527,0.005927,0.031553,-0.021330,0.021617,0.001539,0.046753,0.011593,0.021514,-0.008305,-0.016432,0.052559,0.165815,-0.039995,0.001534,-0.004763,0.008888,0.060928,-0.009019,0.046241,0.054145,0.008808,-0.005483,0.028061,-0.040940,-0.007475,0.010677,0.007253,0.054094,0.023039,-0.047915,-0.006596,-0.002469,-0.001656,0.034280,-0.003240,-0.027915,0.016151,0.023447,0.009684,-0.022843,-0.027269,-0.011313
0.046017,-0.030187,0.022817,-0.004323,-0.023458,0.003792,0.033730,0.074246,-0.061739,-0.018829,0.048347,0.015887,-0.002593,-0.055209,0.020239,0.010851,0.012494,-0.016304,-0.037899,-0.077486,0.018123,0.006268,-0.041512,0.018634,-0.058290,0.007756,0.007451,-0.013824,0.053166,0.011963,-0.004886,-0.020410,0.016596,0.032008,0.021680,0.008470,0.003778,0.000666,0.015475,0.082827,0.038624,0.024654,-0.003531,-0.032887,0.000773,0.040957,0.068848,-0.072575,0.075990,0.002527,0.056066,-0.069338,-0.001627,-0.081333,-0.117441,-0.041231,-0.000821,0.038859,0.045461,-0.023973,0.029714,0.008696,0.058923,0.002450,0.008156,-0.080082,-0.033674,0.005149,-0.033155,-0.006039,0.012476,0.034654,-0.113075,-0.023466,-0.022505,0.068687,0.019015,-0.012580,-0.069911,0.047703,0.107482,0.026854,0.001053,0.000482,-0.009109,-0.001516,0.046676,0.080503,-0.129596,0.019607,-0.005529,-0.051188,0.012248,0.003002,0.061783,-0.076679,-0.050671,0.098154,-0.025476,-0.010535,-0.067074,0.010760,-0.036120,0.031516,-0.095295,0.035406,0.030809,0.139269,-0.014521,-0.017676,0.153956,0.037260,0.079027,-0.030799,0.050419,-0.019769,-0.006123,0.009955,0.003615,-0.013862,0.003754,-0.008614,-0.007174,-0.012771,0.012767,-0.003843,0.096416,-0.003117
0.018097,-0.010406,0.004531,0.037808,-0.014912,0.023557,0.033380,-0.003500,0.029645,-0.024303,-0.005635,0.007568,-0.042195,0.024307,-0.012809,-0.024500,0.002821,-0.011064,-0.005713,-0.024191,0.026359,-0.017206,-0.002652,0.000208,0.009655,-0.019442,-0.022066,-0.053064,0.006946,-0.012016,0.016798,0.004223,0.246820,-0.045531,0.028605,0.000267,0.003472,0.003216,-0.025698,-0.025648,0.017924,0.009461,-0.027114,-0.003629,0.003937,0.001484,0.005467,-0.004725,0.008804,0.023636,0.010428,0.072473,0.031525,0.019483,0.034641,-0.003076,0.015702,0.026718,0.022882,0.008090,0.003372,-0.023742,0.003780,-0.022364,-0.020370,-0.013477,0.001424,-0.006610,0.062805,0.121085,-0.002128,-0.051397,-0.000688,-0.020473,0.029573,0.030836,-0.013915,0.052559,0.019693,0.021272,0.018118,0.003879,0.018348,0.087660,-0.044103,-0.535033,-0.014435,-0.011714,0.180895,-0.058251,-0.014331,-0.002935,0.014889,-0.008868,0.066479,0.019943,0.035463,0.030991,0.017363,0.040879,0.024174,-0.003339,0.043567,0.010929,-0.009103,0.089491,-0.056107,-0.062949,0.021792,0.010492,-0.005452,-0.013788,-0.000726,-0.017866,0.003908,-0.017696,-0.044264,0.061150,0.020862,-0.012888,0.040778,0.049309,0.016540,0.005102,-0.003091,0.019078,0.028405,0.002216
-0.056672,0.028009,0.028838,-0.009611,0.071863,-0.061128,0.068616,0.069216,-0.007168,0.001111,-0.003221,-0.006317,0.051513,0.099816,0.054079,-0.003840,0.019969,0.063861,0.122668,0.102039,-0.082930,-0.067975,0.010043,0.029752,0.035208,0.016801,-0.027909,-0.108406,0.031905,-0.028214,0.024751,-0.072773,0.013658,0.174718,0.040840,0.027856,0.000134,0.026619,-0.027210,0.118496,-0.050110,0.030355,0.144006,0.019223,0.020767,-0.084913,-0.019225,-0.459430,0.026838,-0.036184,-0.080892,0.019670,0.000269,0.038022,0.116069,0.012047,0.065625,0.009820,0.027316,0.029252,0.013430,-0.034411,-0.019140,0.031542,0.018176,-0.055285,-0.020197,-0.041994,0.070846,0.024116,0.118159,0.052090,-0.077975,0.100655,0.060525,0.029925,-0.059276,0.019441,0.041192,-0.021837,0.014627,-0.029838,-0.007860,0.068008,-0.000979,0.032461,0.010613,-0.014041,-0.007799,-0.017117,-0.007360,0.065633,0.052269,0.030514,0.040719,-0.002192,0.001443,0.039207,0.012226,-0.078414,0.024732,-0.029843,0.039782,-0.024884,0.003766,-0.031812,-0.011338,-0.089154,0.045983,0.002712,0.062159,0.092484,-0.045223,-0.030733,0.044701,-0.019601,-0.007900,-0.013850,-0.022514,0.016019,-0.006336,-0.002461,0.036396,0.111583,-0.007412,0.000090,-0.043767,0.005464
0.008340,0.005334,-0.005520,0.022554,0.019948,0.038267,0.104152,-0.008800,-0.062071,0.042141,0.024002,-0.000669,0.023472,-0.035061,0.024156,0.012873,-0.024339,0.019565,0.024599,-0.024062,0.005159,-0.039383,0.036710,0.033262,0.036963,0.138184,-0.035323,0.000581,0.002301,0.056872,-0.008107,-0.015570,-0.007480,-0.017644,0.006799,0.004771,0.007612,0.035924,0.076986,-0.002296,-0.038090,0.016785,0.000645,0.025278,-0.009072,0.030250,0.039618,-0.012039,0.008296,0.008297,0.071229,-0.005105,-0.100768,-0.016540,0.000224,-0.044428,-0.033488,0.002769,0.043742,0.027670,0.022019,0.015719,0.040911,-0.017180,0.022015,-0.051630,-0.033601,0.015850,-0.002973,-0.008094,0.008267,0.057180,-0.022354,-0.070065,0.010790,-0.031533,-0.013160,-0.026644,-0.073725,0.073920,0.027832,0.029958,-0.031834,0.132827,0.037108,-0.015419,0.087939,-0.033407,-0.014503,0.035961,0.000786,0.005410,-0.035231,0.008092,0.037539,0.017313,0.033951,-0.009471,-0.001426,-0.049115,-0.063391,0.021725,-0.024536,-0.040922,-0.008856,0.017420,0.085839,0.143602,0.039740,-0.037043,0.087987,0.051023,-0.001495,-0.026262,0.005389,0.104167,-0.000757,0.004174,-0.047505,-0.003636,0.019501,-0.007612,0.037544,-0.056828,-0.034746,-0.027299,-0.010388,-0.006990
0.001904,0.014116,0.008543,0.015675,-0.010582,0.001021,0.167702,0.001405,-0.042278,0.044179,0.003039,0.027222,-0.044214,-0.011603,0.039751,-0.012486,-0.005485,0.070118,0.023660,0.046030,0.059513,0.003316,-0.013942,0.003170,0.018695,0.026714,-0.027765,-0.015875,-0.003296,-0.006958,-0.018255,-0.012061,-0.002841,-0.005546,0.003976,-0.029533,-0.003600,0.004813,0.020740,-0.024822,0.006355,-0.055923,-0.035429,0.025017,-0.002114,0.019737,-0.057977,-0.007470,-0.010610,0.010629,-0.043129,-0.037070,-0.055194,-0.016390,0.002097,-0.003183,0.002825,0.031599,0.017805,0.023442,0.045994,0.024717,-0.011558,0.016383,0.022765,-0.005541,-0.030333,0.030674,0.077724,0.024479,-0.018297,0.047383,-0.077694,-0.016733,0.018188,0.021951,0.031625,0.015105,0.014410,-0.015694,-0.005519,0.016059,-0.051722,0.031732,0.007700,0.035960,-0.030464,0.005971,0.000739,-0.004518,0.043034,0.026414,0.024378,0.016957,-0.049009,0.005899,-0.004496,0.092066,0.647839,-0.030802,0.006794,-0.021765,0.059048,-0.043978,-0.028662,0.019103,0.014864,0.008223,-0.049816,-0.013418,0.009464,0.069866,0.052270,0.002145,0.005067,0.066826,-0.020096,0.004235,-0.047929,0.049672,-0.088069,-0.004149,0.025749,0.026263,0.029608,0.742926,0.042825,0.002924
-0.013920,0.031376,0.043990,0.007163,0.089571,0.034042,-0.009823,0.100508,0.050973,-0.002417,0.009105,0.100296,-0.020301,0.054306,-0.011761,0.018137,0.013860,-0.018802,-0.009214,-0.059744,-0.057112,0.035518,0.074060,0.044748,0.034906,0.043597,0.017139,-0.031088,-0.119714,-0.034466,0.025995,-0.014500,0.006040,-0.133997,-0.052987,-0.025246,-0.022585,0.004382,0.057774,-0.025332,-0.008416,-0.000126,0.061942,0.088338,-0.016790,0.042630,0.105443,0.000752,0.016846,0.020520,0.056256,0.026625,-0.003170,0.028366,0.043000,-0.019192,0.002892,0.002320,0.120724,0.036051,0.025086,0.049021,-0.039120,-0.058577,0.002764,0.036276,-0.013005,-0.060374,-0.080114,0.043329,0.058379,-0.026903,-0.052136,0.036461,-0.092878,0.002837,0.019918,-0.018034,-0.032594,-0.048394,-0.050506,-0.033074,-0.058051,-0.016805,-0.071376,0.001955,0.004383,0.005050,0.062586,0.045774,-0.012205,0.011066,0.056384,-0.018804,0.041699,-0.021983,0.007543,0.024108,0.012708,0.038488,0.033812,0.016977,-0.040147,-0.088084,-0.046833,-0.047401,0.041007,0.008399,-0.018329,0.005465,0.167269,-0.061534,0.133951,0.078300,-0.052951,-0.023678,-0.037520,0.039313,0.017888,0.008391,-0.046329,-0.001471,0.032049,-0.055839,-0.005968,0.056203,0.050232,-0.019876
0.034607,0.032004,0.032063,0.018924,0.019660,0.037150,0.015886,-0.021098,-0.055639,0.003311,0.021071,0.005596,0.039963,0.026599,0.050335,-0.050328,-0.028648,-0.063991,-0.009037,-0.003859,0.021125,0.003844,0.031633,-0.001381,0.037322,0.022204,-0.031720,-0.024818,0.019933,0.029512,-0.062608,-0.003434,0.060290,-0.024139,0.033173,0.049135,-0.028163,0.019502,0.087172,0.067610,0.026404,0.105889,-0.002757,-0.022765,-0.026505,-0.016737,-0.721642,0.042862,0.013359,0.013718,0.017095,0.035392,-0.043362,0.014630,0.020474,-0.006323,-0.023911,0.019752,0.057405,-0.065395,0.048676,0.012384,0.086366,0.030381,0.031985,0.028585,-0.017775,-0.000636,0.018175,0.027116,0.011295,0.014900,-0.032052,-0.010439,-0.031754,0.026157,-0.038685,-0.057149,0.038493,-0.018696,0.005926,0.061566,-0.050417,0.023042,0.025122,0.016932,0.007158,0.048619,0.031737,-0.022847,0.015548,-0.016017,-0.000545,-0.004922,0.003520,0.032428,0.021694,-0.017626,-0.034096,-0.009824,-0.001268,-0.503401,0.029253,0.045595,0.042633,-0.043940,0.049921,0.037359,0.047853,-0.033276,-0.013401,-0.004179,0.034627,-0.040462,0.014098,-0.023601,-0.070084,0.016221,-0.009782,-0.014182,0.020777,0.107397,0.080648,0.025347,0.025048,0.002592,0.052963,-0.027586
0.069893,0.030505,-0.003713,0.005959,-0.018844,-0.087017,0.148792,0.057318,-0.100453,-0.007406,0.017309,0.025210,0.096996,-0.001289,0.034843,0.048024,0.008968,-0.008534,-0.018106,-0.022755,0.064338,0.023732,-0.002973,-0.003655,-0.017191,0.035507,0.018573,0.029374,-0.070475,0.060283,-0.011270,0.007472,0.056046,-0.036884,0.022306,0.023281,0.003054,0.086358,0.036122,-0.060291,-0.035939,-0.026641,0.078989,-0.000832,-0.002996,-0.037687,-0.007127,0.046138,0.016136,-0.069696,-0.023618,-0.006982,-0.030007,-0.091343,-0.021272,0.019564,-0.008351,0.042606,-0.048374,-0.022508,-0.004606,0.012269,0.027560,-0.047966,0.027265,0.052559,-0.000813,0.017876,0.027348,0.029725,0.036049,-0.020200,0.051735,-0.036843,0.034611,0.050019,0.025547,0.016900,-0.034831,-0.039257,-0.046441,-0.014762,-0.225993,-0.019970,-0.013742,-0.152914,0.043462,-0.015128,0.064611,0.016253,-0.004098,0.004814,-0.008133,0.031638,-0.016277,0.049994,-0.001939,-0.069795,-0.037408,0.027113,-0.050985,-0.002176,0.037993,0.032588,0.011672,0.054188,0.002448,0.062025,-0.014060,-0.029226,-0.069710,0.039057,0.022243,0.118608,0.048228,-0.149645,0.046526,0.027379,0.008727,0.129102,0.015706,0.035882,-0.011489,-0.024970,-0.016312,-0.027207,0.008683,-0.006717
0.062428,-0.024918,0.002527,0.007533,-0.002589,0.011304,-0.090577,-0.003418,-0.001414,0.025486,-0.013619,-0.025508,0.017540,0.042459,0.011048,-0.081995,-0.016170,-0.025467,-0.020006,0.008759,0.003537,0.113911,-0.015255,0.001168,0.021163,-0.016180,0.065391,0.004904,0.000980,0.002208,-0.031440,-0.005787,-0.022160,0.010706,-0.009758,1.056403,-0.006018,-0.009662,0.012286,0.000099,-0.000284,-0.036739,0.000843,-0.013194,-0.010830,0.002079,0.039110,-0.012371,0.011206,0.001217,0.035482,-0.012523,0.048827,-0.008655,-0.000107,-0.046197,-0.015698,0.009735,-0.006982,-0.031568,-0.002181,-0.021555,-0.027818,-0.020073,-0.003930,0.013612,0.001674,0.017842,0.004522,0.004779,0.010285,0.026308,0.012584,0.010066,-0.004134,-0.002545,0.054567,0.032160,0.005690,0.005459,0.010883,0.005536,0.004476,0.018380,0.013969,0.041764,-0.022033,-0.001912,-0.005847,-0.014586,-0.006506,-0.007867,-0.021183,-0.022039,-0.004631,0.003451,-0.004220,0.001809,0.012559,-0.060461,-0.007635,0.025702,0.019963,-0.037607,-0.018763,-0.001457,0.005568,-0.004439,-0.008047,-0.032134,0.052119,-0.061972,-0.004583,0.002411,-0.014699,0.003233,-0.058536,0.005172,-0.015789,-0.002672,-0.014321,0.015480,0.042039,0.002074,-0.003627,0.018687,0.003413,0.018855
0.018614,0.060997,-0.007871,0.025291,0.021920,-0.067710,0.083064,0.073960,-0.034512,0.028502,-0.015304,-0.035500,0.102516,-0.093065,-0.021971,0.027454,-0.003950,-0.012116,0.043534,-0.003079,0.023937,0.046329,-0.025433,-0.003386,-0.040624,0.054989,0.016249,-0.021620,0.058257,0.032922,-0.001792,-0.028620,0.065291,-0.087940,0.054777,-0.011533,-0.010842,-0.051986,-0.038230,0.118849,0.017967,-0.004485,0.027942,-0.030190,-0.016207,-0.077826,0.091654,-0.033789,0.004672,-0.105413,0.008290,0.095533,-0.046830,-0.030395,-0.005838,0.014276,-0.008534,0.005203,0.024093,-0.000724,-0.003649,0.021504,-0.065045,-0.041348,0.010762,0.014989,0.029512,-0.024775,-0.116561,0.059471,-0.055951,0.005386,0.042601,-0.030554,0.052230,0.018986,0.001030,-0.000245,0.059504,0.003298,0.120167,0.007578,0.014482,-0.067213,-0.004864,0.048604,0.028113,0.002728,0.070486,0.024299,-0.015643,0.051166,0.043391,0.013837,-0.067958,0.061440,0.016258,0.070022,-0.018269,0.005191,-0.030705,0.001412,0.019979,0.034193,-0.024584,0.059310,-0.018671,0.080399,0.021974,0.014430,0.023804,-0.050953,-0.102682,-0.031913,-0.015733,0.062099,0.006460,-0.029254,0.025906,-0.008026,0.029264,-0.001017,-0.006090,0.023991,0.016087,0.037020,-0.000450,0.000706
0.055986,-0.017244,-0.030859,-0.002737,-0.029417,-0.100715,0.044265,0.013963,-0.087575,0.037293,-0.044539,-0.010002,0.074379,-0.027775,-0.015730,-0.007960,-0.022523,-0.031333,0.020938,0.002838,0.054257,0.030953,-0.021310,0.018923,-0.059688,-0.037366,0.032835,-0.003769,0.015093,-0.067867,-0.041720,-0.017269,0.094093,0.025928,0.036064,-0.017110,0.022818,0.072747,-0.031982,-0.046479,0.025443,0.014841,-0.053428,0.025976,0.023838,0.064532,-0.020878,-0.014337,-0.027262,-0.006973,0.004290,-0.058130,-0.079889,-0.045094,-0.088577,-0.023365,-0.033774,0.026334,-0.006591,-0.020501,0.018107,-0.004862,-0.018176,-0.074387,0.024494,-0.072935,0.009969,0.024869,-0.027205,-0.030486,-0.018933,-0.013360,-0.079714,0.012470,-0.000951,0.040216,0.001262,-0.001194,-0.061293,-0.011901,-0.050585,0.032544,-0.006758,-0.009702,0.055346,-0.183148,0.040176,-0.016404,0.120254,0.009806,0.004809,0.029720,0.035316,0.021209,0.096618,-0.036365,-0.039940,-0.087158,-0.026257,0.066261,-0.032322,0.003112,-0.014701,-0.042598,-0.040432,0.046727,-0.042458,0.100381,-0.030750,0.019913,-0.016843,0.019963,-0.046615,-0.022552,0.072091,0.017383,0.025236,-0.020139,-0.020975,0.033613,0.024424,-0.001884,-0.024131,0.021607,0.025765,-0.058368,-0.003366,0.010292
0.001599,-0.003025,-0.057487,0.034843,-0.023676,0.018401,-0.100341,0.067717,0.000454,-0.037063,0.050190,-0.040415,0.006807,-0.016311,-0.039483,0.016807,0.003255,-0.022145,-0.013546,0.026568,0.050685,-0.005991,-0.048683,-0.007387,-0.057170,-0.020297,0.049032,0.068888,0.070923,-0.046942,0.050663,-0.007977,0.020860,0.009195,-0.023430,-0.000326,0.018744,-0.060618,-0.180437,0.003205,-0.029408,-0.004505,0.002427,-0.104738,0.005387,-0.053615,0.040940,-0.003886,-0.038312,0.050755,0.033766,-0.110262,-0.063946,0.007121,-0.132218,0.006765,-0.011648,-0.037464,0.043956,-0.037744,-0.024956,0.012254,-0.034863,-0.060921,0.005709,0.007754,0.028509,-0.055889,0.068183,-0.076087,-0.036678,-0.038725,0.056280,-0.085192,-0.004510,0.030042,-0.025328,-0.014438,0.073072,0.074224,0.025180,-0.002118,-0.001947,-0.031692,0.007493,0.047893,-0.020647,-0.003963,-0.029583,-0.007472,-0.009990,-0.002249,0.044929,0.049718,0.040491,0.008403,-0.021817,0.176247,0.044203,0.010480,-0.020726,-0.004093,-0.010055,0.018350,0.009309,0.173188,-0.075978,-0.098327,-0.078867,0.018543,0.013615,-0.029381,0.019882,-0.020919,0.013222,-0.005167,-0.018045,-0.005369,-0.034552,-0.071686,0.023660,-0.012039,-0.028099,0.036127,-0.013365,0.117418,-0.026519,-0.023275
0.034373,-0.052693,-0.009978,-0.024933,0.007796,0.025260,0.037374,-0.035779,-0.035033,-0.034968,-0.020692,-0.035315,-0.035093,-0.012622,-0.011364,0.000226,0.017165,-0.002119,-0.013840,-0.002418,-0.066144,-0.004977,0.004566,-0.004876,0.057883,-0.026321,-0.018407,-0.069380,0.013325,-0.009236,0.017867,-0.004781,0.194105,-0.006568,0.019818,0.033732,0.031580,0.030235,-0.059953,0.017228,-0.004355,0.021150,0.029333,-0.019435,0.010241,-0.008029,0.008529,0.014190,-0.013207,-0.024728,0.045591,0.011612,0.062522,0.007894,0.037135,-0.014362,0.007239,0.021098,-0.016415,-0.005341,-0.006509,0.003562,0.001348,-0.001863,-0.025456,-0.021535,-0.035033,-0.002152,0.046590,0.113854,0.038531,-0.022270,-0.036359,-0.005577,0.023089,0.034657,-0.000752,0.019611,0.001811,-0.052414,0.004042,0.016841,0.077029,0.062572,-0.012638,-0.386806,0.044230,-0.022419,0.244618,-0.032185,-0.012764,0.026389,0.006932,-0.027016,0.098596,-0.050163,-0.003934,-0.057518,-0.014048,-0.058717,-0.005219,0.005306,0.024423,0.055776,-0.015134,-0.013341,0.034132,-0.017508,-0.027297,-0.073037,-0.010540,0.017892,-0.023152,-0.024270,0.002137,-0.034314,-0.014349,0.033538,0.008612,-0.028732,0.018090,0.040839,0.007849,0.021531,-0.009595,0.026761,-0.014460,0.005770
-0.066523,0.009166,0.053213,-0.008292,0.079007,-0.116765,0.118881,0.091779,0.018897,-0.021705,-0.014035,-0.050708,0.007761,0.049837,-0.066694,0.012359,-0.008873,-0.117719,-0.053115,0.022601,0.027215,0.142540,0.025064,0.042399,0.001964,-0.067509,0.135077,-0.027818,0.030441,-0.024646,0.072362,-0.006779,0.044699,0.008095,0.001530,0.001848,0.001402,-0.039010,0.087413,-0.005452,0.070636,-0.290869,0.011380,0.027937,0.007979,0.085648,-0.029932,0.011264,-0.016210,0.072553,-0.062513,0.084202,-0.127372,0.050655,0.028845,-0.057487,-0.024675,0.016199,0.088569,-0.029361,-0.147713,-0.038867,-0.025362,0.006017,0.043741,0.016627,0.020440,-0.040041,-0.042584,0.076003,0.047915,-0.278959,-0.073865,0.048269,-0.005232,-0.008564,0.069246,-0.077969,0.030743,0.005356,-0.028794,0.065503,0.070133,-0.040405,-0.068020,0.042786,0.030507,0.040862,0.038837,-0.264240,0.057219,0.008326,-0.037434,-0.048765,-0.036676,0.036818,-0.016776,0.061408,0.001186,-0.028667,-0.020814,-0.031399,-0.178839,0.071862,0.054336,0.022828,-0.023102,-0.011980,-0.002340,0.039557,-0.085429,0.138696,0.017389,-0.018962,0.006623,-0.009585,-0.021351,0.084939,0.226039,0.033807,-0.288103,0.018134,-0.023421,-0.108073,0.029365,-0.009415,-0.015771,0.008927
0.127105,0.009946,-0.012186,0.011281,0.013498,-0.027794,-0.021261,-0.031652,0.008468,-0.006759,0.014689,0.002500,0.027103,0.019258,0.203678,-0.018377,0.006679,-0.218385,0.021406,0.021531,-0.000060,-0.081054,0.020239,-0.093195,0.010447,0.030658,-0.617920,0.006809,-0.001271,0.047605,0.052280,0.002426,-0.001370,0.003992,-0.021108,-0.000638,0.004043,0.027304,-0.046884,-0.025994,0.018307,-0.305246,-0.009359,0.026046,0.006659,-0.008284,0.035499,0.006034,0.007786,0.000714,0.034406,-0.019807,-0.007771,0.026968,-0.014734,0.022264,0.006489,0.000026,-0.014029,-0.059153,0.345970,-0.000830,-0.043010,-0.023408,0.009947,0.018177,-0.001811,-0.036661,0.001368,-0.006670,0.010668,-0.027139,0.021053,0.000273,0.009856,0.021078,-0.023421,-0.042422,0.011547,-0.014689,-0.004415,-0.042651,-0.009279,0.007363,0.016273,0.062662,-0.012189,-0.001098,0.016903,0.003366,0.004316,-0.006661,0.011875,0.009335,0.021032,0.017584,-0.007668,0.099136,-0.028880,-0.031155,-0.014087,0.016627,0.002844,-0.014111,0.009861,0.023300,0.020342,0.103981,0.003959,0.018155,0.020472,-0.151762,0.008133,0.015003,0.032861,-0.044687,-0.062589,-0.040152,0.334412,-0.028501,0.124762,0.286128,-0.128034,-0.015618,0.014686,-0.018487,-0.002753,0.018318
0.036519,0.101598,-0.017200,-0.001873,-0.019058,-0.045194,0.037938,-0.045258,-0.023594,0.012071,-0.000243,0.053949,0.069642,-0.012315,0.015134,0.039632,-0.012791,0.009085,0.052307,0.019443,0.020101,-0.018580,-0.022289,0.003928,0.090904,0.068744,0.027778,0.045558,-0.027701,0.054195,-0.039205,0.019259,-0.004067,-0.027646,-0.016838,-0.004624,0.008605,0.039941,0.051318,-0.007903,-0.072170,-0.001912,0.083758,-0.022418,0.012278,-0.040969,-0.031453,0.017019,0.006513,0.005706,-0.029450,0.018129,0.012409,-0.126599,-0.019506,0.002150,-0.007889,-0.012720,-0.023781,0.006851,-0.000011,0.005152,0.057769,-0.061686,0.024998,0.013752,0.036872,-0.000843,-0.028627,-0.021998,0.059641,0.023391,0.063196,0.022202,-0.029270,-0.006375,-0.010600,0.019199,-0.100328,0.022020,0.032149,0.027823,-0.248944,-0.006290,0.018068,-0.079396,-0.003495,-0.085402,0.015863,0.000114,-0.040761,-0.016053,0.003014,0.047699,0.057487,0.042660,-0.014768,0.043483,-0.029295,-0.020355,-0.081094,-0.005815,-0.034758,0.020772,-0.038705,0.081214,-0.004427,-0.006609,0.107202,0.028280,-0.069022,0.024348,0.018414,0.040354,-0.015082,0.030973,0.026663,-0.020720,-0.001337,0.152329,0.017408,0.009315,-0.024900,-0.022923,0.001376,0.013251,-0.061353,-0.010304
0.053671,-0.063175,0.004139,-0.031292,-0.084733,-0.082486,-0.057288,-0.090168,0.005460,-0.019810,0.033290,-0.013198,0.077627,0.030826,-0.009478,-0.000747,0.006086,-0.028251,-0.164665,-0.080097,-0.074684,0.026005,0.012185,-0.016027,0.100051,-0.159204,0.026606,0.038091,0.044905,0.045502,0.034246,0.017805,-0.015017,0.042130,-0.040513,-0.064101,-0.012354,-0.015376,-0.043636,0.020830,-0.041150,0.016319,0.029219,-0.076926,-0.008462,-0.046531,0.013341,-0.034251,-0.023817,-0.000056,0.019911,0.003964,0.045782,-0.044150,-0.108672,-0.017994,0.024828,-0.030751,0.047863,-0.040338,0.011582,-0.041244,0.068980,0.024822,0.024096,-0.051684,0.031428,-0.007169,-0.075352,-0.077471,0.031051,0.017788,0.084144,-0.052672,-0.082462,0.018651,0.023381,0.019624,-0.026367,0.026829,0.050002,0.057011,0.022625,0.085576,0.007290,-0.036708,-0.001309,0.079782,-0.019078,0.028625,-0.008659,-0.066440,0.002360,0.034677,-0.011668,0.074875,-0.032299,-0.084364,0.033049,-0.016274,0.033356,-0.009799,-0.082769,-0.099793,-0.062979,-0.053246,0.055486,0.037947,0.071471,0.009769,-0.033227,-0.055767,0.016658,0.033785,0.029836,-0.106437,-0.006183,-0.015432,0.015004,-0.015831,0.049243,0.010400,-0.024085,-0.063223,-0.002345,0.088232,0.033868,-0.002201
-0.003869,0.031021,0.028929,-0.037203,0.059716,0.007782,-0.004864,-0.023634,0.046832,-0.038981,-0.130233,0.004384,0.039313,0.074600,0.001547,-0.017134,-0.009778,0.032145,0.008642,-0.080754,0.003568,-0.047119,0.030185,0.004092,-0.011186,0.036274,-0.012905,-0.024682,0.026288,-0.012041,0.016244,0.026892,0.069666,-0.078225,-0.006910,0.018127,-0.002827,-0.019707,-0.012156,-0.029548,0.045013,0.025591,-0.068890,0.008958,-0.008686,-0.078514,0.029529,0.086510,0.064271,0.168055,-0.017592,-0.024868,0.002237,-0.043403,0.072388,0.001455,0.016393,-0.015765,-0.001809,0.020911,0.016274,-0.010259,0.037753,-0.008278,-0.008695,-0.042897,-0.119132,0.005161,-0.128070,0.095775,0.052163,0.009067,-0.084870,-0.039630,0.024961,0.029967,-0.001809,-0.009173,-0.075355,-0.031477,-0.017600,-0.029279,0.038891,0.128893,-0.018394,-0.013723,-0.009185,0.052070,-0.014762,-0.006280,0.038884,0.013461,0.054326,-0.011472,-0.045778,0.030261,-0.077416,-0.089238,0.020601,0.038608,0.246628,-0.060736,-0.007347,-0.019683,0.048009,-0.005463,0.030960,0.095326,-0.050312,-0.047569,0.026303,0.034720,0.120269,-0.008307,0.032889,-0.040668,-0.005765,0.026884,-0.021539,0.099473,-0.035345,0.001646,0.023313,0.150272,0.016463,-0.047261,0.014777,-0.008444
0.115181,-0.020116,0.030419,0.018029,0.028701,0.012714,-0.088873,0.093648,0.046481,-0.057592,-0.016102,0.003556,0.061343,0.032607,0.135543,0.049232,0.017881,0.079942,-0.043353,0.001528,0.018182,0.075457,0.041056,-0.090833,-0.021962,-0.027094,-0.156484,0.029858,0.034206,-0.032422,-0.058244,-0.024678,-0.010771,0.083883,0.006033,-0.027160,0.016793,-0.038219,-0.022785,0.048430,-0.011025,0.082489,-0.019383,-0.005389,0.014286,0.025568,-0.011913,-0.019870,-0.009313,0.025574,-0.011446,0.032187,0.132310,-0.019121,-0.008998,-0.037497,-0.004835,-0.007648,0.078016,-0.015906,0.015848,-0.013624,0.004557,-0.019772,0.025123,0.009990,-0.002886,0.046315,0.004947,0.014611,0.025536,0.128145,-0.012173,0.041393,0.015620,-0.012592,0.153508,0.008299,-0.017306,0.007024,-0.008116,-0.033670,0.049646,0.003940,-0.028119,0.018221,-0.056438,-0.003921,0.007996,-0.016297,0.004235,0.002687,0.003256,0.006992,-0.086094,0.020529,-0.016744,0.067404,0.042247,0.094500,0.088087,0.024795,0.001312,0.003329,-0.012225,-0.097814,-0.017490,0.104528,-0.013181,0.012060,-0.028897,-0.222528,0.024243,0.019486,-0.006565,0.078399,0.102806,0.111685,0.127574,0.013560,0.125798,0.092660,0.011849,0.066287,0.002747,0.012209,0.016587,0.103524
-0.010485,0.005262,0.019558,-0.038885,-0.029193,-0.032277,-0.103602,0.067380,0.077889,-0.023469,0.003239,0.022769,0.153597,0.016429,-0.002436,0.009217,0.004797,-0.003988,-0.026857,-0.030623,-0.092290,0.018389,0.070345,0.008221,0.009956,-0.059823,-0.010072,0.033611,0.013405,0.031350,0.031243,0.009400,0.024477,-0.005802,0.038256,0.000687,-0.011578,-0.003503,-0.046971,0.013792,-0.041787,0.028233,0.103221,-0.000372,0.011416,0.027594,-0.012030,-0.017185,-0.052644,-0.093965,0.069376,0.074031,-0.015161,0.024828,0.025494,0.005807,0.003117,0.016360,0.033990,0.034682,0.010826,-0.051151,0.053589,0.065067,-0.008651,0.100700,-0.011936,-0.006352,-0.136364,0.040736,0.002547,-0.011136,0.064638,-0.037019,-0.028602,0.052122,0.029006,0.009894,-0.042484,-0.029067,-0.032444,0.070181,0.089206,0.033773,-0.046355,0.002080,0.119517,0.080353,0.055503,0.016185,-0.005737,0.027558,0.026507,0.042672,0.031321,0.086396,0.012210,-0.054702,0.032062,0.058104,-0.035487,-0.005309,-0.031449,-0.055251,-0.066731,-0.133665,-0.015775,-0.001776,0.052191,0.010047,-0.040782,-0.010257,-0.019983,0.032885,0.057243,-0.198520,-0.019603,-0.003618,0.017564,-0.105983,0.022199,-0.004596,0.000064,0.002268,-0.006603,0.100201,0.012200,-0.005053
-0.002093,-0.004152,0.007103,-0.006043,-0.000706,0.001736,0.001167,0.006916,-0.002285,0.000689,0.002651,-0.003687,-0.005933,0.002983,-0.002004,0.000054,0.003287,0.004316,0.000090,0.004783,-0.001290,-0.004738,0.000280,0.001581,-0.015779,0.006941,-0.003032,-0.002885,0.008035,-0.001098,-0.001588,0.004280,0.001693,-0.003339,0.005402,0.000228,0.002246,0.001763,0.004541,-0.007525,0.016951,0.008067,-0.002445,0.005889,0.000560,-0.002230,-0.005039,-0.000440,-0.002315,0.000068,-0.000472,-0.001219,0.000889,0.002414,-0.005717,-0.006990,-0.003971,-0.004257,0.001725,-0.002934,0.010881,0.005496,0.001107,0.004159,0.002314,-0.001877,0.001837,0.002504,0.000498,0.009827,-0.005537,0.011800,-0.012848,0.004179,-0.001109,-0.009905,0.008414,-0.001201,-0.004186,0.000666,0.002789,-0.002755,0.005004,-0.000986,0.001337,-0.001689,0.002438,0.000631,0.005644,-0.000206,-0.000355,0.008200,0.000221,-0.000173,-0.007250,0.007570,0.002152,-0.002773,-0.002653,-0.000851,0.000687,0.004458,-0.001914,-0.010047,-0.009621,0.005573,0.006071,0.000889,-0.003653,0.001499,0.009052,0.005994,0.001530,-0.013123,0.007330,0.002969,-0.003710,0.001017,-0.005765,-0.002111,-0.000063,-0.004302,0.001297,-0.001741,-0.002382,-0.003666,0.004190,0.000896
0.131135,-0.024002,-0.016205,0.001759,-0.008544,0.034808,-0.021845,0.002552,-0.005253,-0.047038,-0.007667,-0.010350,0.007023,-0.014512,0.051854,-0.024209,-0.004855,0.042266,0.005181,-0.020485,-0.015888,0.014562,-0.011228,-0.177977,0.011257,-0.007018,0.125074,-0.012057,-0.013575,-0.034325,-0.003778,-0.006743,0.012082,0.011636,0.000265,0.027895,0.001419,-0.014167,-0.042404,-0.023019,-0.021123,-0.057320,-0.012570,0.033361,-0.004316,-0.008790,-0.019564,-0.017968,-0.000828,-0.006990,0.006354,-0.011845,0.056018,0.002323,-0.001055,0.000113,-0.009205,-0.014952,-0.057322,0.253725,-0.017888,-0.019515,-0.009004,-0.010097,0.037194,0.013713,-0.008748,-0.004692,-0.046756,-0.006587,-0.014871,0.048121,0.048411,0.007765,0.019557,-0.013930,0.068543,-0.988510,-0.047412,-0.027178,-0.021751,-0.013662,-0.022224,0.015126,-0.008335,-0.051989,0.003569,-0.028149,0.020044,0.008636,0.065462,-0.000390,-0.038254,-0.023761,0.013083,-0.011549,0.002527,0.048424,0.032899,0.021258,0.006203,-0.002644,-0.007936,0.001120,-0.009453,0.005280,0.042180,0.051136,0.006024,0.028268,-0.015311,-0.014111,-0.017406,0.002642,-0.026407,-0.022737,0.114306,0.018144,-0.020683,-0.004564,0.011968,-0.077066,-0.087122,0.007361,0.027527,0.015467,-0.028532,0.003768
-0.022364,0.023776,-0.023950,0.043248,-0.005568,-0.059028,0.061507,0.047506,0.052537,-0.007358,-0.040431,0.022374,0.006079,-0.027547,-0.043713,0.005331,0.024101,0.003115,0.135858,-0.065976,0.003858,-0.008445,0.051196,-0.013775,-0.077237,0.100655,0.000888,-0.014048,0.025202,-0.053712,-0.006739,-0.014945,0.063133,-0.042161,0.099907,-0.002894,0.008679,0.024724,0.022883,-0.083075,0.039726,-0.018817,-0.068836,0.072644,0.011527,-0.058931,0.015913,0.006730,0.022748,0.043053,-0.001849,0.001588,0.085283,0.135554,-0.053943,0.016364,0.013966,0.093295,0.000017,0.012904,0.015759,0.002516,0.102822,0.023733,0.016798,0.026728,-0.018001,-0.012489,0.003793,0.037768,0.000463,0.003672,0.186654,0.093122,0.060361,0.001287,-0.012860,-0.000885,0.054237,0.025877,-0.042305,-0.030477,0.147628,0.036312,-0.005118,0.079885,0.023125,-0.014779,0.034368,-0.006339,-0.000841,0.052985,0.006763,-0.031113,-0.105921,0.010151,0.043131,0.107898,0.001945,0.041813,-0.038209,-0.019138,0.103794,-0.151090,-0.022625,0.085331,0.000812,-0.057596,0.065437,0.082923,-0.055965,0.026744,-0.057462,-0.028840,0.072963,-0.064830,-0.038550,0.059887,-0.008883,-0.147265,-0.023383,-0.008259,0.000803,0.044985,0.008432,-0.037138,-0.001481,-0.017408
-0.092672,-0.039215,-0.062346,0.011345,0.028207,-0.036195,0.093588,0.158758,0.049958,-0.023919,0.002031,-0.034818,0.153969,0.014733,0.030771,-0.012459,-0.005034,0.043405,-0.044774,-0.019151,0.021167,-0.102070,-0.012834,0.070226,0.008428,-0.011489,-0.022569,-0.027760,0.020637,0.002837,-0.060727,0.036564,-0.000214,0.009266,0.009585,0.009891,-0.016316,0.001498,-0.026381,-0.008821,-0.050927,0.003410,0.044386,-0.036678,0.002610,0.000601,-0.044037,0.107412,-0.047078,-0.045367,-0.000331,0.010938,-0.019638,0.003086,-0.017806,0.052335,-0.021713,0.000451,-0.018163,0.022915,-0.021161,-0.016910,0.016275,0.030464,-0.007215,-0.010148,-0.015328,0.023990,-0.011886,0.014130,0.015295,-0.002909,-0.015837,0.027000,-0.024919,0.011577,-0.010516,0.007778,-0.023582,-0.004385,0.029042,0.034157,0.055897,0.020693,0.017019,-0.017213,-0.723932,-0.001737,-0.027287,0.075515,-0.010750,-0.002633,0.163757,0.161073,-0.052469,-0.007467,0.023915,-0.086062,0.027101,0.030966,-0.062377,0.015563,-0.011142,0.000555,-0.009339,-0.026919,0.014053,0.089328,0.036453,0.043702,-0.024090,0.036978,-0.010665,-0.049903,0.042173,-0.033389,0.000495,0.061001,0.033515,0.081870,0.017301,0.004517,-0.027912,-0.028787,-0.003536,-0.034439,-0.023437,-0.002808
0.034985,-0.107177,-0.003830,0.021604,-0.023984,-0.024139,0.022380,0.195933,-0.075169,-0.032931,0.085277,-0.013866,-0.012272,-0.024110,-0.041033,-0.000966,0.015814,-0.025137,-0.006120,-0.072515,0.029398,0.025181,-0.027933,0.029482,-0.021582,-0.000038,0.024791,-0.042876,-0.015736,-0.035482,-0.021430,-0.025832,0.036932,0.120576,0.051268,-0.015349,0.024311,-0.067829,0.005121,0.030130,-0.010213,0.001043,-0.100698,0.064439,0.040908,0.092986,-0.003543,0.110245,-0.034913,0.033026,0.037901,0.025956,-0.052791,-0.017579,-0.028562,-0.004237,0.009396,0.049547,0.037524,-0.016114,0.019764,0.036554,0.073865,-0.015797,0.027838,0.064763,0.014668,0.002129,0.082954,0.010819,-0.144373,-0.016144,0.024785,0.037631,-0.148792,0.009752,0.002557,0.003469,0.014684,0.064790,0.074396,0.043554,-0.030275,0.010979,-0.027915,0.018789,0.110535,0.082095,0.000206,0.013893,0.003930,0.055295,0.117367,0.039734,-0.007441,0.086109,-0.044371,-0.044084,-0.002044,-0.033218,0.090561,0.037467,0.047560,0.020356,-0.083137,-0.035492,0.035584,0.076492,0.001456,-0.045805,0.047181,-0.011841,-0.026100,0.044378,-0.003376,0.129338,-0.005192,-0.006843,-0.015745,-0.029062,-0.016459,-0.011880,-0.005450,0.100176,-0.001004,-0.047630,-0.023556,-0.014052
-0.068365,0.025080,0.021604,0.019341,0.016334,0.013181,0.004874,0.017446,-0.010400,-0.142894,-0.019206,0.007412,-0.009973,0.025955,-0.119640,-0.043971,-0.005798,0.179494,0.015684,-0.012411,-0.055864,-0.027079,-0.071295,-0.249287,-0.009170,-0.000909,0.069641,0.016888,0.036446,0.286373,0.031554,0.040233,-0.014637,0.103137,0.049736,-0.042372,0.000989,0.296577,0.098142,-0.071033,0.046764,-0.008058,-0.051863,0.030356,-0.012751,-0.025077,0.059558,0.008813,0.037048,0.024040,0.201057,0.018920,0.041636,-0.010515,0.032877,0.081814,0.009430,0.014817,0.032915,-0.086516,-0.107087,0.004061,0.074447,0.099150,-0.054614,0.065879,-0.134764,0.018701,0.028231,0.019645,0.017896,0.009295,0.004299,-0.006712,-0.021939,0.005722,-0.027849,0.020565,0.020503,-0.238632,-0.110670,0.046144,0.008779,0.041718,0.006843,0.030991,-0.024554,-0.044518,-0.022388,0.039772,-0.043313,-0.026939,0.052812,0.029917,0.058469,-0.027971,0.010395,0.110085,-0.107624,-0.040235,0.010524,0.058899,0.039046,-0.010843,0.000982,-0.069361,0.018008,-0.047127,0.054499,-0.001563,0.029064,-0.010442,-0.011392,0.008567,0.013481,0.022594,-0.017619,0.123396,0.065139,0.004390,0.035967,-0.021463,-0.013979,0.098598,-0.032642,-0.011111,-0.018262,-0.061838
0.020862,-0.068254,0.031178,0.052288,-0.008554,-0.037164,-0.068409,-0.005086,0.004535,0.000500,0.059452,0.061585,0.003184,0.037541,-0.019044,0.022106,0.007404,0.013430,-0.062736,-0.034939,0.053652,0.014785,-0.000439,-0.014782,0.121192,0.073242,0.004616,0.106957,-0.005394,0.033670,-0.012174,-0.015676,-0.029417,0.028204,0.009253,0.005408,-0.005098,0.003853,0.011705,-0.087738,-0.023159,-0.000869,-0.035158,-0.049928,-0.009461,-0.067161,-0.006852,-0.006209,-0.011056,0.029159,-0.012050,-0.045687,0.043946,-0.037907,0.011467,-0.002719,0.007732,0.010926,-0.017675,-0.008357,-0.017767,0.044489,0.070829,0.058786,-0.008905,-0.086775,0.094314,0.031827,0.031790,-0.003680,0.024234,0.035979,0.019306,0.059158,-0.135269,-0.012551,0.001272,-0.000111,0.027662,0.000522,-0.025751,0.027321,0.039162,-0.059385,0.009415,-0.033323,0.000217,-0.052536,-0.003606,0.003509,0.011165,-0.111209,-0.031588,-0.011903,0.001473,-0.072098,0.015830,0.016122,0.019676,0.010795,0.008354,-0.007616,-0.037340,0.004014,-0.017415,0.002030,-0.141180,-0.034362,0.013512,0.044052,-0.026332,-0.032961,-0.065587,-0.025021,0.013222,-0.007721,0.028573,-0.035868,0.016499,-0.022264,0.027043,0.011839,-0.008308,-0.061480,-0.027429,0.029255,-0.048174,0.010866
0.017778,-0.093260,-0.030494,0.057138,-0.028582,-0.041389,-0.013366,0.026318,0.004955,-0.015163,0.085671,0.042635,-0.113221,-0.022945,-0.031271,0.011056,0.000184,0.008682,-0.000314,-0.005514,-0.037590,-0.008652,-0.018005,-0.009733,0.041164,0.000484,-0.012370,0.057383,-0.042925,0.020300,-0.016338,0.049755,-0.000981,-0.002879,0.020418,-0.007823,-0.025757,0.006952,0.043874,0.007398,0.019981,-0.009747,-0.017116,-0.001586,0.002774,-0.055066,0.034365,0.068018,-0.039242,-0.027378,-0.049804,0.001335,-0.039662,-0.010342,-0.017364,0.007373,0.023686,-0.010159,-0.043579,-0.020871,0.002089,0.031265,0.063593,-0.017591,-0.004999,0.038924,0.110835,0.058895,0.054934,0.043696,-0.086023,0.032573,0.075895,0.163994,-0.085437,-0.006250,-0.000966,-0.017212,0.074359,-0.001143,0.014338,0.022180,-0.001391,0.023405,0.025182,-0.003411,-0.031099,-0.027365,0.054495,-0.017703,-0.028458,-0.018485,-0.019379,-0.022233,-0.076631,-0.026968,-0.032347,-0.021113,0.054623,0.003790,-0.065174,-0.019484,-0.020466,-0.017445,0.005299,0.031708,-0.142347,-0.032571,-0.004583,0.014360,-0.018813,0.008094,-0.034193,0.017229,0.016128,0.059917,0.062102,-0.052632,-0.013773,-0.040391,0.028921,-0.000949,-0.013839,-0.018836,-0.000440,-0.042390,-0.064319,0.031058
-0.039205,0.042400,-0.005206,-0.010854,0.029092,-0.025055,-0.025656,0.009298,-0.018274,-0.078139,0.048326,0.028444,0.052167,0.066687,-0.101760,-0.053124,0.029114,0.135157,0.035318,0.074045,-0.016186,-0.036557,-0.002821,-0.269614,0.004177,0.067843,0.027985,-0.003380,-0.018548,-0.053766,0.045935,0.008967,0.029057,0.019413,-0.001682,-0.004406,0.000327,-0.035226,-0.050903,0.037517,0.107068,-0.039398,0.020565,-0.026896,-0.005181,0.040093,0.003456,-0.004565,0.001015,0.001844,0.018192,-0.006400,0.018675,0.014279,-0.007120,0.086603,0.019485,0.014556,-0.053283,-0.122750,-0.105346,0.034652,-0.006521,0.065339,0.018884,-0.077179,-0.007200,-0.014473,0.009385,0.027926,0.062408,0.003869,-0.085955,0.103808,-0.078993,0.003878,-0.026315,0.039058,0.020807,-0.089225,0.011281,-0.022066,0.022401,0.073883,0.026919,0.013606,-0.068323,-0.034940,0.075167,0.030846,0.026314,-0.029703,-0.022279,0.037770,0.014309,-0.003433,-0.084724,-0.135430,-0.007206,0.000277,-0.019478,0.003985,0.030998,0.042067,-0.060510,-0.018196,-0.026941,-0.120960,0.010556,0.027280,0.065549,-0.019450,0.068551,-0.001108,0.029786,0.015221,0.070439,0.113814,0.086920,-0.054859,0.046642,0.022334,-0.077158,-0.041831,0.009438,0.072073,-0.016119,0.011952
0.014688,-0.078402,-0.009238,0.028210,0.024200,0.009339,-0.051536,0.032527,0.015434,-0.020831,0.075270,-0.038545,-0.058309,0.028195,-0.002666,-0.012924,-0.012101,0.023426,0.071534,-0.052222,-0.059157,0.008904,-0.005432,-0.001989,0.085319,0.086557,0.015725,-0.027641,0.072464,0.000612,-0.026812,0.034428,0.093734,0.090338,-0.024078,-0.008235,-0.022512,0.028130,-0.026176,-0.053177,-0.039954,0.019221,0.018877,0.088447,-0.023088,0.042405,-0.020655,0.085789,-0.025094,-0.191305,-0.002339,-0.034674,-0.083961,0.059936,0.019755,0.000538,-0.019153,0.031388,-0.044354,-0.002850,-0.003475,0.013087,-0.041523,-0.069239,-0.007034,0.041152,0.056062,0.025517,0.008845,0.005714,-0.043978,0.020500,0.011157,0.035330,0.044464,-0.005898,0.030100,-0.007827,0.011801,-0.010984,-0.016077,-0.025463,-0.051697,0.028710,-0.014275,-0.059450,0.054027,0.024064,0.041354,-0.018398,0.020839,0.051122,0.023259,0.034970,-0.039907,0.063142,-0.000168,-0.068387,0.005988,-0.004522,-0.148674,-0.022074,0.006765,-0.017132,-0.011539,0.016983,-0.014217,-0.014641,0.002610,0.015285,-0.045508,0.001749,-0.078039,0.037531,0.009012,0.054514,0.021571,-0.015270,0.008711,0.006944,-0.009219,0.003524,-0.008215,-0.091110,0.007822,0.013919,-0.077233,0.028500
0.012091,0.002865,-0.022804,-0.011096,-0.022396,-0.109273,-0.065865,-0.024109,-0.014811,-0.028122,-0.007088,-0.007657,0.060588,-0.043390,0.000359,0.004740,0.025990,-0.003453,0.018231,0.044852,-0.035533,-0.019074,-0.003213,0.010147,0.016611,0.065737,0.047379,0.015926,0.014616,-0.184908,-0.026995,0.007760,0.065509,-0.001977,-0.019249,0.046271,0.011807,-0.187257,0.004001,0.021169,-0.010997,0.025490,0.031900,-0.036393,0.014650,-0.043092,0.050653,-0.011310,0.016457,0.006686,0.041811,-0.029636,-0.064879,0.045895,0.008660,-0.023620,0.050745,-0.013373,0.063129,-0.001444,-0.028063,0.020868,-0.042109,0.006446,0.100142,-0.001918,0.035055,-0.011245,0.016295,0.014940,-0.020685,-0.044612,0.053094,-0.027791,-0.001148,-0.039863,-0.052093,0.042010,0.008663,-0.005715,-0.002406,0.021841,-0.063379,0.037950,-0.003939,-0.073635,-0.095454,-0.033010,0.078654,-0.014965,0.079973,-0.019605,0.016354,-0.005860,0.044964,0.006247,-0.024898,0.109259,0.000726,0.017850,0.074521,0.025085,-0.152646,0.145676,0.079534,0.001522,0.002470,-0.022648,0.049193,0.038283,0.009322,0.050537,-0.071700,0.013596,-0.005485,0.013783,0.025273,0.024651,-0.046822,0.053249,0.052704,0.008316,0.007666,0.109293,0.060529,-0.044752,-0.074834,-0.061270
-0.057859,-0.016326,-0.020227,-0.064093,0.070804,0.023597,0.033794,0.010191,-0.049887,-0.037229,-0.041054,-0.046821,-0.054772,-0.029427,0.068476,-0.036560,-0.008906,-0.017136,0.089846,0.081498,-0.064965,-0.002272,0.049523,-0.024899,-0.002980,-0.049018,0.042857,0.078855,-0.016589,-0.004676,-0.000938,0.022937,-0.003146,0.086323,-0.188361,0.012900,0.018376,-0.056429,-0.107450,0.014098,0.000667,-0.014689,0.017178,0.047506,0.009866,0.059235,-0.022305,0.111304,-0.017597,-0.040676,0.085681,-0.065692,-0.055930,0.046039,0.066445,0.016950,0.016041,-0.036940,-0.019965,-0.002940,-0.004014,0.014246,-0.106481,0.106391,0.007568,-0.036733,-0.015677,-0.005675,-0.150436,0.009284,0.006971,-0.047732,0.005337,-0.065374,-0.073712,-0.005875,-0.033264,0.017406,-0.028514,0.050044,0.010048,0.039497,-0.005282,0.025394,0.008643,0.000814,-0.014331,0.033846,-0.001577,-0.014648,-0.000334,-0.001660,0.049407,0.035923,0.092728,0.000244,0.011744,0.032434,0.016831,-0.047942,0.074133,0.021874,0.015524,0.027063,-0.117905,-0.001675,0.074055,-0.034181,0.009660,0.018901,-0.069487,0.004097,0.015639,-0.004097,0.007108,0.074423,-0.024654,0.010640,-0.000801,0.003274,-0.044041,-0.040103,-0.016932,-0.044177,-0.004794,-0.028891,0.040979,0.024938
0.034309,0.004174,-0.027125,-0.044010,-0.047891,0.004642,-0.052973,0.017328,-0.018496,-0.015998,-0.031793,-0.009060,-0.004455,0.015360,0.007378,0.003393,-0.000294,-0.007959,0.076595,-0.004243,-0.031464,0.019431,-0.031706,0.009828,0.002559,-0.002512,0.021675,0.045009,-0.017329,0.035098,0.007821,-0.012952,-0.024298,0.009859,-0.008924,-0.012134,0.002992,0.008126,-0.050619,-0.014613,-0.041367,-0.007705,0.061350,0.045635,-0.009466,0.062920,0.022257,-0.021596,-0.013329,-0.038323,0.038647,-0.001581,-0.062881,-0.001717,0.035772,-0.004449,0.001594,-0.011896,0.029010,-0.018815,0.000419,-0.023131,0.064569,0.014183,0.008239,0.041185,0.007306,-0.001867,-0.027999,0.082854,0.016163,-0.002343,0.100250,0.031392,-0.003199,0.001331,0.016828,0.023510,0.036460,0.063019,0.025187,-0.027763,-0.020612,-0.026548,0.005388,0.009714,0.010934,0.044167,0.050921,0.005695,0.007844,-0.004684,-0.012200,0.019359,-0.023642,0.027483,0.023744,-0.043926,0.041136,-0.050176,-0.061593,-0.017112,0.007122,-0.007244,0.006406,-0.026104,0.018164,0.009099,-0.006155,-0.074402,-0.008875,0.006849,-0.022869,-0.038360,-0.008782,0.011146,0.009114,0.023485,0.006521,0.041907,0.003009,0.005090,0.001361,-0.036994,0.010903,0.027809,0.028686,0.000902
0.067783,-0.017057,-0.056174,0.035362,-0.059351,0.002915,0.016171,-0.000025,-0.043669,-0.009307,0.049645,-0.000893,0.054304,0.027033,-0.035036,-0.001746,0.009161,0.017653,0.058749,-0.054761,0.044032,0.028157,-0.015777,0.008719,-0.044452,0.125782,0.030305,-0.001228,-0.058885,-0.003631,0.003537,-0.016124,0.041914,0.095267,0.044321,-0.018566,0.009831,-0.039057,0.014445,0.038283,-0.033713,-0.011017,0.072496,0.074072,0.004678,-0.074112,-0.001553,-0.126718,0.013706,-0.071174,0.022045,0.058695,0.025619,-0.014580,-0.063907,-0.026848,0.017643,0.042662,0.002882,-0.043985,0.010810,0.036095,0.013682,-0.019990,-0.004856,-0.022650,0.035359,0.024334,0.057642,0.028315,0.021619,0.043706,0.144892,0.058331,0.038790,-0.020775,0.002280,0.046010,-0.005586,-0.016316,-0.019996,0.030196,-0.007573,0.000099,0.029145,0.090621,-0.003172,-0.041062,0.048855,0.012863,0.003526,-0.027230,-0.000278,0.007010,0.017781,-0.029364,-0.023834,0.043100,0.021365,0.015203,-0.071118,-0.007414,0.014246,-0.048938,-0.003230,0.176536,0.006265,-0.023165,-0.004335,0.080942,-0.084855,0.007511,-0.067249,0.031962,-0.038490,0.061331,0.002876,0.001623,-0.007650,0.029776,-0.001281,0.006559,-0.018139,-0.067558,-0.000633,0.062593,-0.120510,0.018318
-0.058705,-0.004002,0.022340,0.004970,0.002573,0.006993,-0.021432,0.036435,0.007115,-0.055253,-0.015816,0.094756,0.062664,0.060528,-0.015107,0.005269,0.004011,-0.098972,0.001594,-0.019077,-0.010030,0.207918,0.039227,0.092675,-0.009501,0.011867,0.075844,0.016705,0.043543,-0.014034,-0.017379,-0.003596,-0.053172,0.047748,0.008604,-0.045753,0.007216,-0.038335,0.001337,0.043003,-0.007055,0.039128,0.006042,0.013887,-0.002184,-0.011738,0.028502,0.037452,-0.010863,0.012890,-0.016418,0.013541,-0.029930,0.019642,0.002413,-0.083093,0.004667,-0.002916,-0.915121,0.055534,-0.041762,-0.015872,0.010474,0.006406,-0.007071,0.050875,-0.001412,0.006191,0.011082,-0.022234,0.029173,0.118012,-0.004153,0.030160,-0.005647,0.007726,-0.040489,0.034006,0.009084,0.008953,0.010800,-0.023655,-0.000132,0.010059,0.007950,0.020622,0.006133,0.051112,-0.011993,0.095425,-0.003725,-0.004750,-0.025388,-0.043450,0.053411,0.061006,0.003984,0.040359,0.027336,-0.026279,0.031008,0.001028,0.010114,-0.003549,0.012273,0.033622,0.021040,-0.007212,0.005229,0.043269,-0.025396,-0.002179,0.042243,-0.006386,0.010353,-0.017144,-0.195020,0.100591,-0.101443,-0.019926,-0.000942,0.129597,-0.019590,0.010700,-0.004780,0.035227,0.011346,-0.014825
-0.033120,-0.020560,0.034162,0.070183,0.013488,-0.019698,0.080113,0.041884,-0.016338,0.069191,0.031197,-0.027247,0.055624,-0.009491,0.037786,0.003474,-0.009592,-0.037218,-0.014332,-0.013025,0.038182,0.020662,-0.059155,0.037459,0.002162,-0.066630,-0.005092,0.014385,0.031640,0.023230,-0.014103,-0.038133,0.054706,-0.121771,-0.043711,0.000750,-0.020415,-0.032233,-0.098895,0.022229,-0.024513,0.005445,-0.070046,-0.048666,-0.019069,0.014749,0.008529,-0.025816,0.007189,0.015161,-0.065598,0.024271,-0.039778,0.010053,0.005893,0.023476,-0.007489,-0.039798,-0.006552,-0.004027,-0.012413,0.014260,-0.022014,-0.003005,-0.016866,-0.020212,0.074459,-0.004560,0.037748,0.044364,-0.065428,-0.060760,0.041477,-0.100512,-0.061913,0.009597,-0.027881,-0.000419,0.072084,0.100002,0.083110,-0.047617,0.066313,0.029602,0.019785,-0.202373,0.049405,-0.054400,0.035894,-0.050076,0.018951,-0.053206,-0.015773,0.023140,0.103732,-0.022590,0.021654,0.101877,-0.029835,0.074025,0.011384,0.021839,0.052762,0.029029,0.002352,0.164666,0.039479,-0.043545,0.016954,0.011322,0.015387,-0.052247,-0.028211,0.005017,0.008231,0.042059,-0.044000,-0.035066,0.018776,-0.038915,-0.027123,-0.001343,-0.010416,-0.011140,-0.003652,-0.042780,-0.040431,-0.018614
0.010058,0.046299,-0.045642,-0.041568,-0.012799,0.053769,0.092088,0.031206,-0.073209,0.037829,-0.012142,-0.009360,0.006858,-0.029477,0.047032,-0.000867,-0.010156,0.021161,0.028483,-0.006450,0.064550,-0.043042,-0.024054,0.017300,-0.022644,0.002975,-0.017462,0.039717,0.001597,0.037968,-0.000019,0.030986,-0.011247,-0.076343,-0.016210,0.010944,-0.016027,-0.004942,0.048279,0.037676,-0.051540,0.015820,-0.010137,-0.041816,-0.000205,0.022105,0.091645,0.007816,-0.011437,-0.004263,0.076459,0.026009,-0.052948,0.003068,0.071181,-0.036839,0.014651,0.002323,0.032995,0.017359,0.011280,-0.023790,0.074966,0.057253,0.025664,-0.037077,-0.028852,-0.014490,-0.073985,-0.017756,0.017736,0.047352,0.005195,-0.045379,-0.057639,-0.019816,-0.014708,-0.024296,-0.020962,0.041947,0.065568,0.029781,0.030163,0.007197,0.048430,-0.003778,0.036599,0.068603,-0.088010,-0.007187,0.023859,0.043726,-0.035759,0.015498,0.130195,0.055396,-0.033369,-0.020037,0.019745,0.000492,0.028235,0.070280,-0.042784,-0.022576,-0.058777,-0.015768,0.042144,0.222985,0.106701,-0.020541,0.093857,0.030844,0.023461,-0.005983,0.022371,0.054678,0.015269,0.011522,-0.021646,-0.037716,0.009016,0.017074,0.050848,0.039336,-0.011681,0.048826,0.011500,-0.035092
-0.003359,0.047002,0.024752,-0.004691,0.014595,0.015799,0.099690,-0.096405,-0.044755,0.059855,-0.009575,0.130984,0.099412,0.013022,-0.007583,0.028213,-0.046867,0.007714,-0.053824,0.076698,-0.051831,0.031174,-0.058329,0.011288,-0.057687,0.022801,0.023030,-0.012366,0.074888,0.029925,-0.040024,0.059122,-0.018282,-0.007628,0.051189,-0.013721,-0.021439,0.045299,-0.009769,0.037961,0.048945,0.008214,0.010688,-0.106785,-0.001729,0.001207,0.014140,0.073971,-0.021786,-0.057118,-0.000764,0.100734,-0.063141,-0.008444,-0.012511,-0.000358,-0.028968,0.056929,0.046130,0.005500,0.013171,0.012615,-0.066270,0.041064,-0.006308,0.018384,-0.063175,0.032135,0.022564,-0.046505,-0.004089,0.048640,-0.043346,0.003714,0.058484,0.004854,0.020243,-0.005718,-0.021504,-0.138771,-0.051895,-0.132396,0.018726,0.080634,0.008544,0.023791,0.036289,-0.029372,0.008869,0.026459,0.005567,0.064803,0.038401,-0.026196,0.004819,0.002564,-0.066385,-0.023346,-0.016135,-0.035671,-0.137478,0.000289,0.011950,0.054570,-0.026732,0.020210,0.093160,0.065756,0.020404,0.005004,0.082151,-0.005662,0.082285,-0.044610,0.021377,-0.010000,-0.030201,-0.026864,0.003928,-0.040409,-0.006766,-0.004867,0.010346,-0.122672,-0.001059,-0.077052,0.074104,0.050744
0.028462,-0.014008,0.024590,-0.006423,-0.015394,0.735303,0.037616,-0.013864,0.009758,0.041709,0.007982,0.003972,0.062649,-0.000785,-0.036097,-0.027558,-0.013071,-0.100938,0.003840,0.023245,0.059448,-0.007812,0.001410,-0.102130,-0.033951,0.004442,0.111801,0.033530,0.017306,0.011187,0.006103,-0.000412,-0.019319,0.001014,-0.020669,-0.048757,-0.000430,-0.033589,0.008886,0.032338,-0.005685,-0.070350,-0.028459,0.005819,0.006557,0.021306,-0.000535,-0.045602,0.018412,-0.004143,0.010130,0.034701,-0.011921,0.015345,0.002118,0.019588,-0.006792,-0.046623,-0.012614,-0.014894,0.012120,-0.008959,0.014211,-0.008174,0.024251,-0.014568,0.010107,-0.019361,-0.051123,-0.005249,-0.011688,-0.064555,0.026540,0.039036,-0.028811,-0.114297,-0.019782,0.054629,-0.026686,0.018358,0.001212,0.016759,0.063162,-0.028143,-0.006954,-0.055886,-0.035067,0.018795,0.039996,-0.015920,-0.022787,-0.007511,0.032098,-0.004221,-0.073780,0.014335,-0.017408,-0.023575,-0.008727,-0.024261,0.006624,0.018204,0.530038,0.008183,0.026591,-0.038084,-0.070798,0.084797,0.011282,-0.099950,0.022599,-0.001126,-0.015054,0.059552,-0.197706,-0.105746,0.088364,-0.145110,0.062315,-0.005460,-0.110921,0.069248,-0.050378,0.028488,-0.015409,0.006027,-0.020816,-0.075397
0.169731,0.016867,-0.008450,-0.010674,0.003823,-0.044886,-0.001575,-0.039655,0.006250,-0.039653,-0.000668,-0.000129,-0.006534,0.042046,0.056020,0.089689,-0.014027,-0.150441,-0.028023,-0.003036,-0.009423,0.062777,-0.009882,0.055517,-0.015694,-0.023063,-0.098406,-0.018751,-0.002544,-0.047258,0.003311,-0.010952,-0.002635,0.010873,-0.029901,-0.008194,-0.005133,-0.023832,0.029228,-0.006578,-0.001781,0.086976,0.022888,0.005717,-0.005066,-0.023347,-0.002964,-0.023721,-0.005366,-0.024320,0.008734,0.010567,-0.000971,0.004462,0.037268,0.203936,-0.018000,0.001560,0.063305,-0.015531,-0.163445,-0.015471,-0.059093,-0.009973,0.005076,-0.005999,0.013952,0.013041,-0.016935,0.000032,0.021168,0.299101,0.017469,0.005016,0.012803,0.005381,-0.029095,0.001478,-0.000462,-0.000205,-0.016840,-0.006710,0.040621,0.032775,-0.006030,-0.019226,0.008997,-0.008142,0.006259,0.014231,0.012985,0.004260,-0.009691,-0.005746,-0.047127,-0.016640,-0.018847,0.019207,-0.006046,0.037399,-0.035398,-0.001728,-0.042577,-0.013237,-0.030781,-0.015909,0.003916,-0.064544,-0.017200,-0.022963,0.024429,-0.018634,0.005522,0.012436,-0.004977,0.020674,-0.021827,0.056843,0.057088,-0.013129,-0.125179,-0.093874,0.015383,-0.041839,0.004010,-0.006005,0.023900,-0.927213
-0.065816,0.036284,0.005712,0.006894,0.025960,-0.005436,-0.026713,-0.009194,0.043682,-0.021474,-0.013259,0.012606,0.005913,0.021454,-0.059342,-0.017100,-0.006414,-0.029130,-0.016330,-0.000177,-0.051491,0.031104,0.030289,0.041428,-0.018251,0.006151,-0.008421,-0.025622,0.011901,0.010498,-0.005490,-0.003692,-0.004102,0.008265,0.011005,-0.020474,-0.005054,-0.003619,0.014428,0.022925,0.019056,0.019072,0.012908,-0.002689,-0.002956,0.007701,0.029107,0.001853,-0.006256,-0.015573,-0.003546,0.009728,-0.009394,-0.009747,0.011318,-0.078270,-0.012619,0.005551,0.042032,0.055330,0.008800,-0.006462,0.014706,0.010536,0.015480,0.020246,-0.004449,0.013509,-0.009302,0.009482,0.006526,-0.030898,-0.020348,0.006655,0.003529,0.005391,-0.033513,-0.043101,-0.025177,-0.003111,-0.000621,0.013579,-0.019937,-0.010964,1.035378,-0.016094,-0.003872,0.000410,-0.001787,-0.025302,0.005846,0.002321,0.001079,0.001516,-0.008659,0.016131,0.010802,-0.007295,-0.004989,0.014560,-0.000432,0.020460,-0.002995,-0.005244,0.008272,0.040741,-0.059265,-0.065071,0.005838,-0.048223,-0.006837,-0.119671,0.026268,0.013538,-0.000480,-0.035870,0.046952,0.038982,0.006307,0.004386,-0.114930,0.106580,0.091665,-0.010236,0.006038,-0.000604,0.018530,-0.020650
0.050278,0.008925,0.136396,0.026998,0.079096,-0.020582,0.002204,-0.015288,0.082744,-0.030539,0.003145,-0.007637,0.067833,-0.029610,-0.010900,0.034959,-0.002772,0.044879,-0.006253,0.031167,-0.050067,0.033568,0.068482,-0.004851,0.024238,0.016209,0.027803,-0.056864,0.000457,0.042260,0.013521,-0.026390,-0.004566,0.022331,-0.009419,-0.000905,0.005659,0.011986,-0.019623,-0.092784,0.048527,0.021698,-0.133779,0.059520,-0.001784,0.033466,0.024318,0.019707,-0.046575,0.086538,0.010633,0.022656,-0.050439,0.034005,-0.015993,-0.002100,0.022549,0.019706,0.015991,0.015784,0.031586,0.019413,0.034626,-0.042027,-0.007944,-0.001464,-0.049659,0.000350,-0.005702,0.066965,0.000121,0.061453,-0.159366,0.066898,0.070548,-0.003836,0.063663,-0.011130,0.036104,0.026177,0.010121,0.029336,0.031237,-0.075238,-0.020344,0.111518,-0.017351,0.030771,-0.044234,0.058139,-0.018558,0.054586,0.058893,0.031505,-0.058684,0.009575,0.007218,0.167350,-0.032319,-0.129116,0.089657,-0.020351,-0.005368,0.059885,0.094981,-0.040596,-0.048885,-0.135733,-0.008148,0.053847,-0.127251,-0.014852,-0.013548,-0.037499,-0.003053,-0.116261,0.019756,-0.023789,0.015750,0.053541,0.001176,0.010132,0.004064,0.022075,-0.031749,-0.011517,0.025195,-0.019692
-0.091902,0.023084,0.027450,0.029679,-0.003694,-0.009439,0.002900,0.003588,0.021076,-0.000168,0.005882,0.005188,-0.055056,-0.006394,0.087244,0.200249,0.006121,0.060628,-0.004262,0.013205,-0.061057,0.005531,-0.010033,-0.003298,-0.000956,-0.010100,0.301915,0.008491,-0.019994,-0.028883,0.035997,0.005408,0.004086,-0.001742,0.018896,0.031902,0.004423,-0.011836,0.003986,-0.000916,0.019721,0.176701,0.027372,0.000921,0.014320,0.010186,-0.008600,0.011303,-0.003376,0.012980,0.059771,-0.006990,0.053796,0.020645,-0.012460,-0.092881,0.012403,0.007298,0.003128,0.142909,0.282043,0.021796,0.000305,-0.005861,-0.016963,-0.029885,0.023932,0.004287,0.042801,0.000787,0.016584,-0.044412,0.010175,0.013514,0.007622,0.030995,-0.194168,0.017457,0.037986,0.023215,0.014634,-0.011281,0.031607,-0.019374,0.044600,0.031287,0.058558,-0.006773,0.031536,0.034708,-0.004880,-0.003644,0.016327,0.006900,-0.022133,-0.016790,0.005931,-0.021769,0.022989,0.010655,0.008370,-0.007248,-0.002821,0.021308,0.003398,-0.019740,-0.040846,0.066647,-0.004990,-0.038198,-0.003276,0.026177,0.000401,0.044305,0.021413,0.073393,0.139409,0.179428,0.321064,0.012026,-0.051320,0.086308,-0.064691,0.000381,0.007037,0.026858,0.034366,-0.023923
0.037471,-0.034984,-0.074654,-0.029707,-0.077648,-0.043194,0.119168,0.031510,-0.037706,-0.025449,-0.019398,0.145976,0.037732,-0.066914,-0.014253,-0.029069,0.001951,0.025536,-0.016533,-0.067129,0.031738,0.009098,-0.022907,0.016610,-0.044978,-0.000528,0.021963,0.017191,-0.001785,-0.030018,-0.064813,-0.010013,0.037549,0.016192,0.037717,0.013563,0.003190,-0.024008,0.036732,0.093287,-0.048163,-0.001027,0.077180,0.014566,0.001049,-0.061493,-0.049652,-0.034185,0.033504,0.034358,-0.004279,0.145964,0.016972,0.026723,-0.020747,-0.010722,-0.019282,0.017567,0.046270,0.041119,0.021792,-0.012685,0.091686,-0.021808,0.012133,0.005282,-0.023133,-0.001817,0.012520,0.020449,-0.002948,0.045507,0.193200,-0.044274,0.004316,0.000556,-0.009275,0.017840,-0.001550,-0.010090,0.026147,0.009220,0.087601,-0.010372,-0.004816,0.062325,0.043883,-0.014552,-0.006734,-0.028461,0.006013,-0.015669,-0.016664,-0.000967,-0.002830,-0.007987,-0.027703,0.053144,0.022625,-0.055480,-0.006744,0.011037,0.068856,-0.093736,-0.008520,0.201455,-0.025526,-0.026983,0.114429,0.104515,0.007323,0.025831,0.063108,0.016516,0.040589,0.110495,-0.040198,0.019070,-0.002078,0.047817,0.002316,-0.000135,0.009469,0.006075,-0.011940,-0.106340,0.062617,0.020959
-0.000852,0.063895,0.020372,0.003408,0.022819,0.078765,-0.139791,0.017154,0.005161,-0.017101,-0.013734,-0.013073,0.072457,-0.008699,0.045528,-0.013063,0.025354,0.122435,0.007152,0.013243,-0.035467,-0.009895,0.043960,0.012831,0.028035,0.006032,0.002794,-0.037408,0.015930,0.122282,-0.033566,-0.006895,0.050628,-0.015201,0.060117,0.017257,0.014453,0.093554,0.007701,0.013179,0.033721,0.042250,0.018676,0.020051,0.009603,0.019670,-0.002234,0.040752,0.037707,0.019238,-0.906203,-0.025239,-0.063776,-0.029888,0.016540,-0.065688,0.026914,0.067191,0.026032,-0.002393,0.074377,-0.008424,0.017117,0.047641,-0.021479,0.034814,0.007822,0.011880,-0.062551,-0.005304,-0.029414,-0.035589,0.024582,-0.021719,-0.024389,0.066371,-0.014867,-0.016723,-0.017325,-0.006099,0.014397,0.023295,0.026972,-0.020598,-0.009086,0.023413,0.007864,0.033830,-0.030406,0.013345,-0.039065,0.044169,0.035901,0.020920,0.044568,0.017218,-0.023773,0.051178,-0.002236,-0.035771,0.017835,-0.011020,0.078121,-0.024926,0.011175,0.060312,-0.009160,-0.036384,-0.029236,-0.019646,-0.020601,0.049654,0.007908,0.031212,0.035197,0.011374,0.024366,0.064367,-0.002617,-0.006904,0.072591,-0.019689,0.030238,-0.075051,-0.028057,-0.081645,0.001087,-0.090267
0.012665,-0.027253,0.013232,-0.008096,-0.038196,0.109590,-0.107485,0.023156,0.035176,-0.035693,-0.005612,-0.007307,0.079661,-0.025890,-0.006651,0.011399,0.019273,0.028415,-0.042033,-0.014133,-0.020047,-0.007153,-0.009578,-0.016300,-0.049794,-0.006983,-0.011663,0.023749,-0.004382,-0.026949,0.050146,-0.026709,-0.005763,-0.024334,-0.025512,-0.019753,0.011836,-0.001852,0.074716,0.080247,-0.012296,0.015392,0.019716,-0.066193,-0.008416,-0.051116,0.048928,0.008355,-0.003066,0.041827,0.050533,-0.013236,0.112487,0.005298,-0.083257,-0.032344,0.009477,-0.035600,0.023317,0.011602,0.037575,-0.013203,-0.036186,-0.061324,-0.002882,-0.030824,-0.049446,-0.008315,-0.129390,-0.018301,-0.017056,0.062526,-0.082167,-0.048893,-0.034459,0.070939,0.050554,0.010100,-0.052268,-0.031608,0.002737,0.001886,0.072735,-0.061754,-0.007688,-0.004859,0.083737,-0.020967,-0.060341,0.023585,-0.017367,-0.032284,0.058626,0.081748,0.062089,0.017573,-0.089870,0.004420,0.063374,-0.036636,0.052665,-0.008832,-0.064751,-0.013085,-0.182629,-0.059046,-0.099953,-0.006394,0.181363,-0.048971,-0.091738,0.006569,0.012653,-0.042083,0.061000,-0.038410,-0.007189,0.050629,0.005741,-0.203355,0.009449,0.000991,0.036282,0.002229,-0.005068,0.061481,-0.015759,-0.030001
0.064990,0.008213,0.028364,-0.013447,0.011509,0.010730,0.049038,-0.019958,-0.081912,0.231061,0.010028,-0.038477,-0.041756,-0.001153,0.038039,-0.017268,-0.000952,-0.013634,0.047431,-0.008986,0.012335,0.005558,0.005387,0.115174,-0.026438,-0.021169,0.116417,0.039221,-0.019636,0.027974,0.000698,-0.027478,0.064383,-0.024643,-0.014715,-0.008689,-0.009717,0.004785,-0.011135,0.009345,-0.018813,-0.021806,0.019522,0.004385,-0.002295,0.031822,0.002672,-0.052162,0.020891,-0.006797,-0.007130,-0.102249,0.002368,0.010074,-0.066466,0.013663,-0.000546,0.014562,-0.077502,-0.097575,-0.000955,-0.009403,0.002579,-0.036064,-0.025392,-0.048543,0.002901,-0.032483,-0.047896,-0.026121,0.019513,0.010296,0.005337,-0.078235,-0.031960,0.010219,0.098126,-0.008104,-0.021106,0.021225,0.027320,0.040439,0.019584,0.018062,0.117650,-0.199256,0.014409,0.017626,-0.005771,-0.073607,-0.063853,0.017233,0.010772,0.043494,-0.394444,0.016534,0.009182,0.260642,-0.053740,0.054701,-0.034503,0.005327,-0.057137,-0.005983,-0.057197,-0.561779,-0.058880,-0.008407,0.066816,0.037259,0.047927,-0.006313,-0.037338,0.029459,-0.009025,0.026012,-0.080451,-0.047945,-0.082096,-0.015990,0.077911,-0.006240,-0.152409,-0.015284,-0.051360,-0.012232,-0.011873,-0.012529
0.052348,0.032988,0.025755,-0.002623,-0.002537,0.028637,-0.042063,0.087495,0.001642,-0.038127,-0.041881,-0.005614,-0.050819,0.024950,-0.020450,-0.053049,0.005460,0.050217,0.033813,-0.018121,-0.054685,0.029825,-0.018871,0.004344,-0.007330,0.003631,-0.047187,0.018104,-0.052865,-0.706687,-0.038330,0.010134,-0.017618,0.004049,0.001159,-0.064321,0.029603,-0.364073,0.073322,-0.056021,-0.003789,0.054769,0.018436,0.039657,0.013973,-0.007061,0.011898,-0.046673,0.018397,0.034192,0.055597,-0.024027,-0.031149,-0.043669,0.022476,-0.031043,-0.009783,0.065265,0.012205,-0.033534,0.025883,0.000228,0.038504,0.018255,-0.042132,0.052432,-0.037548,0.007651,-0.000568,0.036761,0.020985,-0.022617,0.000823,0.054831,0.001071,0.003217,0.034787,0.018605,0.016368,-0.019996,-0.075631,0.018908,0.007225,-0.051195,0.014572,0.053659,-0.035187,0.015196,0.109830,-0.029226,-0.019037,0.023888,0.079154,0.007589,0.037745,-0.005662,-0.019458,-0.054670,-0.045265,-0.011773,0.069597,-0.016635,0.036044,0.020366,0.051918,-0.064831,-0.022722,-0.018376,-0.027829,-0.026803,-0.035664,-0.051190,-0.013108,0.053499,-0.001133,-0.014078,-0.024819,-0.001085,-0.022651,0.004743,0.053962,0.001941,0.086528,0.045154,-0.008316,-0.018983,0.001841,0.014273
0.020677,-0.042719,0.043027,0.063872,-0.013657,-0.013552,-0.012055,0.043340,0.008105,-0.032161,0.051395,0.066002,0.024034,-0.106833,0.000228,-0.016278,0.008278,0.028331,0.018321,-0.018650,-0.084729,-0.026123,0.083783,0.010400,0.050429,0.078841,-0.010474,0.014605,-0.096798,-0.023704,-0.004171,0.037766,0.049120,-0.019262,-0.004293,0.007984,-0.002164,-0.028653,0.116050,-0.037279,0.034849,-0.005982,-0.003919,-0.014308,0.021209,-0.045560,0.086854,0.189843,-0.002048,0.039737,0.008916,-0.050412,-0.004569,-0.009597,-0.092208,0.004703,0.012381,-0.020517,-0.000990,-0.000193,0.003827,0.069614,-0.004083,-0.061882,-0.024497,0.033436,0.106809,0.020544,-0.002529,0.047412,-0.122717,0.035850,0.086765,0.017085,-0.031647,-0.004962,-0.014664,-0.025553,0.011528,0.078036,0.077433,-0.021465,-0.047884,0.034618,0.001273,-0.050426,0.054548,0.013803,-0.063308,0.029307,-0.004031,0.001498,0.035544,-0.021265,-0.030765,0.040301,0.044043,0.027871,-0.005961,-0.037038,0.007845,0.001719,0.009588,0.016410,0.036344,-0.057877,0.090113,0.067814,0.059697,-0.017521,0.138786,0.056998,0.091080,0.045202,-0.009605,-0.099834,0.016952,-0.018869,-0.022692,-0.000899,0.013594,-0.010034,0.015799,0.021965,0.003613,-0.022791,0.068060,0.011458
0.106272,0.002433,0.003763,-0.003972,0.006554,0.009830,0.052586,0.034668,-0.010809,-0.029811,0.030303,0.005856,0.040483,0.007172,-0.017855,0.166059,0.031056,0.108415,0.023990,0.039881,0.011156,-0.124007,0.012291,0.173481,0.033329,0.027877,0.026571,0.012624,0.005890,-0.042873,-0.071509,0.028335,0.018124,-0.017423,-0.005339,0.013091,0.006624,-0.019239,0.027290,-0.005952,0.012188,0.054501,-0.008835,0.005056,0.009586,0.047938,-0.034995,0.047388,0.015570,-0.003761,0.024207,-0.007366,-0.000290,0.000838,-0.003471,0.015723,0.052068,-0.004449,0.002588,0.296551,-0.096787,0.024893,0.037168,0.014638,-0.044013,0.044681,0.024960,-0.107600,0.009393,0.021688,-0.018741,0.199846,0.012570,-0.044586,0.020440,-0.002012,0.059907,0.013927,-0.002620,0.014429,0.047838,0.000549,0.001862,0.026916,0.059972,-0.007795,0.006601,-0.002431,-0.005242,-0.012324,-0.029800,0.012791,0.048295,0.046418,0.086494,-0.003365,0.022669,-0.027318,-0.022597,-0.076279,-0.011938,-0.015619,0.034518,0.035121,0.010774,0.025215,0.044494,-0.028805,0.010038,0.032546,0.067672,0.049638,0.023590,-0.005650,-0.006827,-0.022600,0.057501,0.014753,0.168602,0.008518,-0.067771,0.068416,-0.238992,0.017872,-0.023110,0.005166,-0.003196,0.028037
-0.063486,-0.000196,-0.005468,0.004238,0.000532,0.025824,-0.063999,-0.065497,-0.051316,-0.066446,-0.028836,-0.008848,-0.032185,-0.010058,0.024798,0.236570,-0.041645,-0.138567,-0.018063,0.000030,0.030699,-0.241868,0.001117,0.257787,0.011938,-0.029729,0.181317,0.015812,-0.001545,0.004182,-0.027017,-0.027042,-0.003928,-0.001289,-0.010927,0.039613,-0.039434,-0.004466,0.059998,-0.011322,0.003695,0.190933,-0.004703,-0.018030,-0.027145,-0.031461,0.067346,-0.023060,-0.008754,-0.018495,0.016312,0.018023,0.023022,-0.014150,0.032996,0.177581,-0.051266,-0.006968,-0.063346,-0.336164,0.020298,-0.006285,0.011986,0.037241,-0.005034,-0.006247,-0.014432,0.100160,-0.016682,-0.007757,-0.018874,-0.042748,-0.001932,-0.010066,-0.004685,-0.009480,0.268732,-0.117826,-0.030319,-0.015584,-0.046641,0.035425,0.006130,-0.010632,-0.084988,0.041595,0.042008,-0.008224,-0.027273,-0.025365,0.002561,-0.014747,0.015608,0.008062,0.035195,-0.026791,0.001335,-0.017006,0.006039,0.003811,-0.030325,0.041046,0.030300,-0.013712,-0.007400,0.070053,-0.010935,-0.016769,-0.002811,-0.041107,-0.038715,0.181662,-0.012479,-0.009660,-0.016267,-0.008458,0.061992,0.094598,0.123783,-0.004045,0.034923,0.409430,0.105085,-0.011140,0.005391,0.000015,0.001104,-0.019595
-0.016931,0.003723,0.028644,0.001915,0.077265,0.024743,-0.005386,-0.021405,0.017067,-0.016344,-0.004243,0.014553,-0.053841,0.043014,0.021011,-0.009265,0.014231,-0.002660,0.039307,0.038775,0.057629,-0.020072,0.039687,-0.025785,0.054298,-0.030337,0.050856,-0.067343,-0.003356,0.052041,-0.016899,0.015455,-0.018774,-0.039108,-0.092433,-0.023428,-0.007338,0.058485,0.048017,-0.003214,-0.007064,-0.007436,0.028928,0.028269,-0.004983,0.029536,-0.030974,-0.026326,0.018794,0.026247,0.038061,0.021392,-0.242990,0.128990,0.010567,-0.029113,0.022530,0.032643,-0.003241,0.022796,0.014665,-0.064993,-0.123777,-0.013576,-0.009927,0.037199,0.033873,0.038451,-0.029369,0.034048,0.059546,0.012787,-0.013005,-0.022691,0.069162,0.028108,0.015445,-0.017261,0.046457,0.056916,-0.001957,-0.001717,0.077514,0.072332,-0.021410,-0.004474,-0.052488,0.048871,0.046603,-0.011668,-0.022043,0.037010,-0.000439,-0.036364,0.173484,0.062104,0.010558,-0.005132,-0.044193,0.057635,-0.048189,-0.000113,-0.052274,0.009273,0.059099,0.041021,-0.010184,0.039611,0.013546,0.062922,0.019352,0.019370,0.070322,-0.015875,0.028224,0.140559,0.016132,-0.004468,-0.014767,-0.111058,-0.029487,-0.027708,0.002779,-0.076456,0.037389,-0.032368,0.034144,0.006780
-0.020298,0.128097,0.028527,0.002953,0.014748,0.018905,0.055393,0.054928,-0.036661,-0.049518,0.070295,-0.054855,-0.051252,0.120162,-0.047107,-0.028097,-0.002727,0.011642,0.050193,0.020982,-0.010801,0.024572,0.021788,-0.049539,-0.027792,0.068702,0.073872,0.063468,-0.043537,0.018082,0.011169,-0.031350,0.050766,-0.138935,-0.033147,0.002231,0.004029,0.125263,0.002391,-0.145798,0.029213,0.030423,0.074353,0.062689,0.006547,-0.024290,0.112907,0.001598,0.035442,0.050666,-0.044275,-0.014928,-0.067017,0.044332,0.113590,0.055445,-0.026827,0.057338,-0.006514,-0.033154,-0.015567,0.045571,-0.039863,0.056873,0.024884,0.113317,-0.039544,0.032259,-0.040994,0.030982,0.090976,-0.016165,-0.029070,-0.033113,-0.065401,-0.013383,0.010299,0.004536,0.077363,-0.157544,-0.205552,0.004456,-0.024775,-0.026085,0.041559,0.035356,-0.107903,0.036282,0.078698,-0.055114,-0.012103,-0.007421,0.006493,-0.005474,0.075251,-0.047764,0.007562,0.091771,0.026906,-0.037320,-0.031751,0.138158,-0.019088,-0.006517,0.034942,0.039748,0.044076,0.041420,-0.048914,-0.006320,0.022807,-0.043057,-0.029810,0.015026,-0.020807,-0.007433,-0.036826,0.095992,0.056554,-0.057675,0.038119,-0.016927,-0.035628,0.030461,0.009509,-0.007034,0.008495,-0.011463
0.024920,0.029088,0.004009,0.083840,0.007006,-0.039398,0.104593,-0.003743,-0.046907,0.039685,0.019326,-0.046952,-0.036394,-0.028846,-0.053532,0.006065,-0.015138,-0.016981,-0.039445,0.040200,-0.001783,0.022668,0.030129,-0.011230,0.053560,-0.029532,-0.048337,-0.032759,-0.024529,-0.028720,0.020427,-0.095721,0.034702,0.035337,0.015317,0.014130,0.026531,-0.049019,0.006828,0.066334,0.148868,0.000121,-0.135076,-0.007458,-0.012303,0.107894,0.057452,0.017462,0.023234,0.151028,-0.102863,0.037853,-0.052060,-0.026261,-0.016609,0.042971,0.005934,-0.020175,-0.015451,-0.027485,0.014841,0.008885,0.077239,-0.006598,0.001314,-0.018153,0.035951,0.045472,0.078881,0.038500,-0.104378,-0.015419,-0.037035,0.082962,-0.021648,-0.008194,0.002594,-0.007043,0.024884,0.119288,0.090603,0.036361,0.067166,-0.007269,0.023426,0.024048,-0.045152,-0.015728,-0.011534,-0.004224,0.004911,-0.026095,0.040854,-0.015152,-0.021270,-0.015526,0.031268,0.074936,-0.021133,-0.026011,0.136097,0.024131,-0.046149,-0.021689,0.006829,-0.000546,-0.153067,0.012419,-0.026598,0.008260,0.041106,-0.039895,0.031130,-0.013610,0.031601,-0.005350,0.039061,-0.038585,0.011079,-0.011670,0.014009,-0.020587,-0.014876,0.021168,0.011848,-0.029079,0.035308,0.008070
0.065692,-0.015260,-0.022348,0.045551,-0.002061,0.054065,-0.198714,0.026823,-0.092754,0.006447,-0.019719,0.038191,-0.007141,-0.031669,-0.163091,-0.015257,0.041109,-0.054780,-0.034403,-0.004944,0.021288,0.038090,-0.012388,-0.015626,0.151625,0.013872,-0.024960,-0.005548,-0.009614,0.023584,-0.013155,0.003932,-0.023090,-0.017970,-0.004379,-0.025896,0.052981,-0.002381,0.065202,-0.052247,0.047237,-0.032346,-0.028543,-0.044467,0.035466,-0.021006,0.014163,-0.013947,-0.012186,0.099735,-0.039151,0.023125,0.151228,-0.003612,0.029434,-0.045009,0.076763,0.000635,0.024557,-0.074199,0.070152,0.005286,-0.032924,-0.023069,0.041713,-0.030632,-0.006531,0.031611,-0.105811,0.010808,0.008774,0.034734,-0.005852,0.002525,0.006069,0.081587,0.085208,0.008679,-0.008013,-0.006315,-0.039356,-0.039425,0.056178,0.096045,0.060925,0.131346,-0.012516,0.003622,0.096197,0.024789,0.063618,-0.025628,-0.017765,-0.005039,0.139559,-0.008592,0.006440,0.101495,0.056938,0.083272,-0.014553,-0.003707,0.065104,-0.013655,-0.039777,0.022431,-0.001607,-0.052241,-0.072619,0.044370,-0.070897,-0.020213,0.051737,-0.081908,0.016905,0.195488,0.089268,0.019578,-0.033095,-0.089604,0.007455,-0.017434,-0.002582,0.032775,0.029633,0.012233,0.021065,-0.037564
-0.026589,0.075240,-0.001040,-0.008601,-0.050114,-0.046849,0.034422,0.053671,-0.104021,-0.005942,-0.011173,-0.040648,-0.049941,-0.117414,-0.017980,0.076639,-0.015252,-0.050809,0.286379,0.048447,-0.031488,0.151295,-0.094738,-0.049831,0.046395,0.122951,0.030771,-0.177253,-0.062021,0.002207,0.041601,0.071754,0.008697,-0.074798,0.064385,0.000953,-0.025866,0.038587,-0.111802,-0.014793,0.029360,-0.143977,-0.026785,0.116128,-0.015442,0.089133,-0.008650,0.019094,0.046386,0.041074,-0.005701,-0.069953,-0.046863,0.044312,-0.040665,0.052687,-0.012519,-0.011992,-0.169171,0.057829,-0.093647,0.018322,0.005063,-0.030577,-0.038072,-0.020788,-0.118786,0.039813,0.012731,-0.011737,-0.052334,0.044391,-0.020132,-0.081555,0.103549,-0.011491,0.033002,0.063080,0.003424,-0.015610,-0.006527,-0.011693,0.019788,0.078495,0.003607,0.016029,0.008376,0.043028,-0.019764,-0.196934,-0.002003,0.147789,0.018345,-0.002942,0.030805,0.041334,0.032011,-0.105009,0.017848,0.063718,0.054086,-0.008129,-0.017008,0.018748,0.059678,0.009728,0.092280,0.126313,0.035013,0.023802,0.201564,-0.250264,-0.107282,-0.005309,0.027181,-0.057263,0.048617,0.065590,0.191291,0.016785,0.018212,0.113961,0.061567,0.020978,-0.017744,0.028753,-0.118606,-0.073886
-0.086907,-0.056120,-0.043599,-0.044529,0.013590,0.006767,0.036579,-0.148956,-0.016221,-0.028932,-0.076745,-0.036224,0.177203,0.021792,0.072775,0.004165,-0.025452,0.002538,-0.018039,-0.007461,-0.089579,-0.053016,0.017854,-0.064743,0.021779,-0.012030,0.066493,-0.036714,-0.007759,-0.013516,-0.006838,0.035885,-0.005845,0.200582,0.033308,0.000595,-0.008207,-0.038991,0.068205,-0.014737,-0.000637,0.037217,-0.032010,0.040269,-0.030408,-0.003652,0.046572,0.121624,-0.008225,-0.032264,0.004037,0.027879,-0.125631,-0.026462,0.021736,0.065039,-0.049339,-0.004947,-0.005564,0.078779,0.044667,-0.031085,-0.013754,-0.005291,0.033249,-0.003249,0.025189,0.016494,-0.260666,0.019276,0.021743,-0.062602,-0.030600,0.069889,0.103853,0.048279,-0.072881,0.030112,-0.297757,0.082830,0.040140,0.076654,-0.058291,0.039430,-0.037182,-0.020548,0.004127,-0.100262,-0.004416,-0.013674,-0.049602,0.027672,-0.016530,-0.018212,0.059243,-0.073192,0.008719,0.062790,0.024434,-0.032184,0.057555,0.036567,0.011149,-0.050818,-0.207281,0.010804,0.018086,-0.197765,-0.006596,-0.040245,0.041972,0.016027,-0.003338,-0.007260,0.051832,0.067105,0.006547,0.064475,0.027236,0.016681,-0.014163,-0.011374,0.014251,0.055779,-0.013653,0.052719,0.033589,0.052063
0.018847,-0.075430,0.040853,0.042788,0.007506,-0.042602,-0.067626,0.030442,-0.001123,-0.006660,0.063262,0.028185,-0.078100,-0.014954,-0.043651,-0.002935,0.006667,0.001998,-0.041490,0.018095,-0.063431,0.004815,0.014111,-0.002914,0.054317,0.050012,0.007432,-0.014279,-0.018564,-0.073051,0.032878,0.002835,0.042476,-0.022652,0.017349,-0.011296,-0.001874,-0.015126,0.111711,-0.009304,0.017966,-0.006390,-0.031735,-0.011791,-0.006100,-0.022009,0.046900,-0.009208,0.009451,0.017799,-0.118673,0.063249,-0.017883,0.025056,-0.055478,-0.022268,0.002376,0.005047,0.024771,-0.019083,0.022075,0.017528,0.003616,-0.073389,-0.011051,0.050277,-0.031482,-0.028107,0.067605,-0.025282,0.000240,-0.021945,-0.022678,-0.057928,0.020425,0.015896,-0.000318,-0.006753,0.072264,-0.061152,0.013475,0.004507,0.054656,0.008012,-0.003634,-0.071804,-0.066446,0.004880,-0.058759,0.006331,-0.009121,0.002167,0.023381,-0.054988,-0.065066,0.039099,-0.008241,-0.018657,-0.013481,-0.006765,0.007288,0.003970,0.005696,-0.026872,0.093699,-0.024520,-0.009463,0.029504,0.060880,0.020731,0.043720,-0.015816,0.045960,-0.011178,0.008805,-0.016092,-0.001395,-0.011997,0.005048,-0.002791,0.025826,-0.013729,-0.000333,0.085509,0.005580,0.035578,0.029443,0.000831
0.038124,-0.003188,0.009734,0.010698,0.061401,0.043631,0.017000,0.035044,-0.050134,0.110093,0.020056,0.015004,0.122975,0.007594,0.138109,-0.003385,-0.023690,-0.130695,-0.018786,0.016426,0.082986,0.037369,0.039218,0.051079,0.031080,0.025032,-0.117310,0.006874,0.018037,0.022194,0.029327,0.002910,0.103668,-0.012418,0.008460,-0.024529,-0.017477,-0.000206,0.118557,0.049203,0.012059,0.081761,-0.049606,0.015078,-0.019613,0.009779,0.150363,-0.033078,0.019235,0.012090,0.034563,-0.011452,0.012989,-0.038458,0.028169,-0.034222,-0.039349,0.026538,-0.023773,0.068012,0.139838,-0.006405,0.005378,-0.016880,0.005100,0.021422,-0.056374,-0.031496,0.017227,0.037979,-0.039705,0.029928,0.028360,-0.063705,0.033648,0.012625,-0.011141,-0.089450,0.038880,-0.007526,0.030029,-0.011242,0.020294,0.031705,-0.020808,-0.058168,-0.037181,0.057692,-0.053691,-0.048526,-0.012136,-0.002297,-0.012697,-0.016480,-0.020445,0.084360,0.008394,-0.264366,-0.010217,0.060685,-0.021586,0.047517,0.030476,0.033625,0.028753,-0.012869,0.068309,-0.721625,0.022057,-0.040806,0.058533,0.054096,0.002091,-0.002848,-0.002539,0.043078,-0.014943,0.013850,0.050938,-0.005327,0.018501,0.060850,-0.083563,-0.001441,0.003586,-0.009003,0.023349,0.100634
0.087643,-0.010654,0.019235,0.017737,0.044334,0.028650,0.171708,-0.039383,0.007428,-0.024249,0.003637,-0.065545,-0.104597,0.002373,0.068921,0.004855,0.007597,0.066471,-0.076067,-0.012272,-0.007860,0.045720,0.034478,0.103106,-0.024119,-0.059162,0.017482,0.042065,0.022319,-0.031918,0.024664,-0.026270,0.011929,0.015947,0.027429,0.029491,0.008929,-0.046130,0.162880,0.019330,0.062602,-0.096104,0.016142,-0.060864,0.010360,0.028008,0.069849,0.013771,0.035537,0.030258,-0.037440,0.089391,-0.019814,0.008615,-0.008614,0.115148,0.012518,-0.012930,0.083590,0.212203,-0.030444,0.019759,0.122727,0.136427,-0.036518,-0.039157,0.042535,-0.144819,0.055464,0.002824,0.020450,0.039461,-0.029263,0.050163,-0.099053,-0.009757,0.109454,-0.006130,0.031542,0.024015,-0.007442,0.123463,0.038667,-0.084271,-0.027005,0.011076,0.010258,0.018545,-0.041577,0.219024,0.009921,-0.070966,-0.010734,-0.007917,0.076453,-0.015762,0.071621,-0.354291,0.062558,0.026452,-0.033220,0.008061,0.087894,0.040666,0.066905,0.155642,-0.064219,-0.026513,0.015888,0.043806,-0.034993,-0.239516,0.040470,-0.046202,0.008837,0.027169,-0.218167,0.067519,-0.023867,0.049389,0.087857,0.050476,-0.182578,-0.030803,-0.005961,0.040685,0.053885,-0.062280
0.016998,0.093558,-0.042657,-0.158115,0.072626,-0.000336,0.003203,-0.047232,-0.010397,0.025111,0.020061,-0.019320,-0.048499,0.072505,0.016612,0.011529,0.001980,-0.006052,-0.003139,-0.000904,-0.041236,-0.016484,0.047452,0.026969,0.056218,-0.096663,0.005353,0.021128,0.043913,0.024036,0.006688,0.088845,-0.043110,-0.049025,-0.033922,0.001538,-0.002679,0.000101,-0.026455,0.015479,0.033538,0.001605,-0.025222,0.005000,-0.009026,0.046156,0.025802,-0.017016,-0.017531,0.007230,-0.026302,-0.022339,-0.019364,0.068125,0.031801,-0.008826,0.011652,-0.025300,0.017974,0.012623,-0.005636,-0.004276,0.069948,-0.000080,0.005384,-0.081506,0.023630,-0.016335,-0.000810,0.052768,0.091356,0.016849,0.012162,0.067303,-0.059423,-0.016452,-0.023826,-0.008053,0.038992,0.036010,0.047300,0.061612,0.081040,-0.006944,0.012283,0.015390,-0.034049,-0.000577,0.063330,-0.008722,-0.011632,-0.001088,0.007639,-0.056084,-0.020984,0.021988,-0.060015,0.012574,-0.023300,0.016071,0.004410,-0.011264,0.001505,-0.033753,0.060869,-0.023403,0.111129,-0.005833,-0.095943,0.024178,0.001532,0.024135,0.094381,-0.013736,-0.007910,-0.019487,0.008867,-0.004088,-0.007366,0.008009,0.033505,0.005974,0.007649,0.023553,0.009471,0.019946,0.103846,-0.008571
-0.036758,0.017996,-0.014803,-0.078620,-0.032163,-0.005237,-0.058847,0.159376,-0.019856,-0.037491,-0.072115,-0.044913,0.008641,0.035004,-0.041750,0.033235,-0.038846,0.069020,-0.031489,-0.083083,-0.029717,-0.063388,-0.047391,-0.051028,-0.062306,-0.072363,-0.044485,0.027732,-0.039427,0.053122,-0.023113,-0.035640,0.017589,0.150184,-0.022179,0.011003,0.020520,0.061323,-0.071830,0.032310,-0.211530,-0.026667,0.007903,-0.056198,0.010232,0.002569,-0.039606,-0.425529,-0.057107,0.002341,-0.052422,-0.026272,-0.065747,0.023955,-0.019028,0.017366,-0.029296,0.019150,-0.017272,-0.021157,0.026255,-0.051839,-0.001638,-0.001833,0.018129,-0.049485,-0.077409,0.006116,0.028223,-0.035630,0.059861,0.034649,0.139046,0.050463,0.000463,-0.024168,-0.022666,-0.018631,0.007427,-0.041537,-0.018548,-0.004747,0.020182,0.035609,0.039900,-0.098414,0.038268,0.028091,0.004860,0.013300,0.025117,-0.033901,0.039377,0.008359,0.028962,0.017002,-0.011768,-0.125922,0.041450,0.023418,0.242287,-0.007350,-0.018013,0.032613,0.003050,0.032840,0.040183,0.017578,-0.030321,0.053125,0.128135,0.043152,-0.018997,0.015138,-0.033849,-0.003837,-0.017355,0.072007,0.013794,-0.001736,0.033039,-0.024767,0.002792,0.250157,0.027783,-0.015054,-0.017907,0.021933
-0.091559,0.040384,0.003363,-0.023211,0.021131,-0.047318,0.005787,-0.031108,-0.046035,0.026172,-0.022044,-0.004088,-0.092327,-0.005392,-0.069493,-0.018114,0.000088,-0.025934,0.034816,0.027116,0.011958,0.005441,0.005259,0.018870,-0.009714,0.005333,0.012293,-0.028087,-0.014857,-0.023890,0.008087,-0.003520,0.046089,-0.049678,-0.033647,0.015872,0.007936,-0.009745,-0.061924,-0.010595,-0.008844,-0.057120,-0.008092,0.052489,0.001219,0.030720,-0.035725,-0.030080,-0.004183,-0.006866,-0.033541,-0.022060,-0.001190,0.022173,0.031457,0.002918,0.003913,-0.003900,0.031029,0.024561,-0.089915,-0.027891,-0.057358,-0.067754,0.026633,-0.018525,-0.026032,-0.002040,-0.008918,0.011390,-0.009535,-0.059277,0.011122,-0.054047,0.040020,-0.006971,0.001741,0.004981,0.014203,0.016995,0.003728,-0.045463,0.034816,-0.000476,-0.003134,-0.065601,0.054667,0.006671,0.040490,0.971016,0.029941,0.036488,-0.005101,0.012627,-0.071945,0.019125,-0.022135,0.058249,-0.025485,0.018723,-0.000700,-0.031625,-0.055930,0.008459,-0.014074,-0.033228,0.005574,-0.007687,-0.017157,-0.014121,0.001475,-0.031635,-0.011411,0.009530,-0.008767,0.005781,0.025410,-0.031353,0.142385,-0.016132,-0.117227,0.035754,0.006737,-0.010885,0.022411,-0.013014,0.000918,0.053795
0.142326,0.023003,0.002367,-0.004790,-0.029701,0.002962,0.217127,0.006798,0.949142,-0.013395,0.005407,-0.014403,0.013675,-0.010142,0.008969,-0.019785,-0.004310,-0.077708,0.038758,0.031156,0.004224,-0.002395,-0.021793,0.037173,-0.029703,0.010123,0.093819,-0.008256,-0.014343,0.012308,-0.005575,-0.004556,0.000816,0.003714,0.030987,0.017678,0.000668,0.015089,-0.016442,0.010203,-0.004845,-0.007350,0.034029,0.031020,-0.004500,0.015102,0.015294,-0.024813,-0.015976,-0.014100,-0.058562,-0.010141,0.104101,0.016864,0.003993,0.028670,0.001156,0.013454,-0.019350,-0.093216,-0.036376,0.005545,0.009972,-0.015748,-0.006654,-0.001476,-0.023827,-0.020456,0.014438,0.002753,0.001869,-0.045315,-0.003407,-0.018801,-0.013471,0.030233,0.024970,0.004492,-0.002371,-0.007067,-0.009875,0.014004,-0.044062,0.010185,0.021205,-0.032831,0.034678,0.005976,0.007399,0.020565,-0.016932,0.001642,0.031249,0.044985,0.049168,-0.000681,0.012058,-0.012982,-0.005678,0.100869,0.018282,-0.003384,0.001214,-0.005420,-0.034540,-0.055951,0.077040,0.052582,0.028938,0.023409,0.022033,0.001006,-0.015140,-0.002207,0.043101,0.278201,-0.005716,-0.056415,0.003935,0.003313,0.051313,0.045571,-0.063196,0.009208,-0.019538,0.011222,-0.003769,0.024336
0.003398,-0.096897,-0.020624,-0.093953,-0.118986,-0.068112,-0.071257,-0.032024,0.027979,-0.001803,-0.013484,-0.007716,0.021081,0.043597,-0.065972,-0.005381,-0.009454,0.083693,-0.034810,0.041879,-0.004636,-0.053514,-0.097237,-0.152274,0.056752,-0.107089,-0.015619,-0.049623,0.085418,-0.026235,-0.005173,0.033229,0.062670,0.030618,0.005150,-0.028791,-0.002121,-0.038507,0.043697,0.037295,0.003867,-0.000931,-0.043951,-0.073107,-0.020912,-0.031362,0.070627,0.167659,0.013374,0.034017,0.008225,0.024265,0.063170,-0.012253,-0.092295,-0.006722,0.000964,0.029662,-0.016633,-0.048978,-0.061526,-0.045902,0.040626,0.046339,0.013503,0.069905,0.007072,-0.031919,0.088900,0.055004,0.006296,0.035122,0.069344,0.071232,-0.049855,-0.001838,-0.046926,0.029898,0.041327,-0.028552,0.055953,0.064180,0.013696,0.092732,0.076178,-0.036876,-0.022765,0.064742,0.110501,0.015382,-0.009215,-0.022419,-0.096794,-0.037049,0.014575,-0.014297,-0.044935,-0.009969,0.027690,-0.030073,-0.112743,0.007444,-0.048411,0.134737,0.011718,0.058486,0.115247,0.103266,0.001554,-0.001184,-0.087521,0.069173,0.042343,-0.015146,-0.002837,-0.039875,0.097338,0.018941,0.022316,0.084015,0.052169,0.035959,-0.001041,-0.064078,-0.001471,0.006448,0.106140,0.024287
0.023774,-0.001749,0.032618,0.002969,0.015522,0.102585,0.171386,0.059987,-0.008761,0.000138,-0.014083,-0.006214,-0.035193,-0.031538,-0.003787,-0.007003,0.025973,0.043073,-0.020484,0.028271,0.101418,-0.003324,0.055264,0.017493,0.023082,0.012611,0.012982,0.045918,-0.042682,0.038535,-0.074665,-0.019902,-0.045186,0.016671,-0.039908,0.015168,-0.031909,0.083839,-0.044307,-0.058331,0.024369,0.013079,0.005786,0.045224,-0.014086,-0.015928,-0.036345,-0.019730,0.005386,0.017193,0.288239,-0.017418,-0.014790,0.000422,0.000934,-0.042905,0.040065,-0.019219,-0.009482,-0.017813,0.003905,0.006755,-0.009474,-0.010388,0.002154,-0.063532,-0.012617,0.045052,-0.001173,0.033444,0.000288,0.043895,-0.099149,0.037389,-0.047226,-0.037102,-0.029340,0.008261,0.029191,-0.030861,0.021566,-0.020616,-0.040061,-0.024682,0.028449,0.033468,0.034610,0.021715,0.001942,0.019580,-0.019666,-0.004451,0.064279,0.042703,0.157413,0.013172,-0.039089,0.188116,-0.072723,-0.032604,-0.038239,-0.058008,0.044124,-0.028215,-0.002134,0.074746,0.104737,-0.147250,0.023316,0.037036,-0.085218,0.030918,-0.012408,-0.039164,-0.028224,0.024727,0.004685,-0.017117,0.004835,0.070051,0.001788,-0.008925,-0.001068,0.065879,-0.026198,-0.086460,-0.022650,-0.006526
-0.102502,-0.029431,-0.005624,0.010110,-0.007879,0.049313,0.060736,-0.002168,0.037515,-0.029129,0.006871,0.017085,-0.007325,-0.000605,-0.037217,-0.032380,0.022963,0.103670,-0.001699,0.003655,0.018417,0.805080,-0.013274,-0.033500,0.001829,-0.017410,-0.239491,0.019360,-0.003382,0.025390,0.077228,0.000055,0.004625,0.008501,-0.026203,-0.018097,0.015726,0.017948,-0.000825,-0.011859,-0.015351,0.145827,-0.007139,-0.003182,0.020104,0.005818,0.025114,-0.002511,-0.004155,-0.002129,0.011156,-0.011101,0.009776,0.002104,-0.004442,0.029291,0.030024,-0.023052,0.171099,0.083899,-0.102923,0.006231,-0.018181,-0.007238,-0.004013,-0.007824,-0.002438,-0.094670,-0.040177,-0.019143,0.000613,0.060020,0.020817,-0.010803,0.007156,-0.000320,0.024480,-0.014679,-0.025795,0.010089,0.007541,0.031373,-0.002382,-0.011591,0.005747,0.001331,-0.048000,-0.008331,0.008935,0.004728,-0.009330,-0.012389,-0.018310,-0.022618,-0.003703,-0.020621,0.003764,-0.050182,-0.033526,-0.017923,0.021630,0.013559,0.028035,-0.014019,-0.031916,-0.005408,-0.039160,0.075634,0.008298,0.038598,0.015303,0.459854,-0.000244,0.006418,-0.023055,-0.033281,0.038684,0.032178,-0.090907,-0.039625,0.043046,0.282329,-0.042422,0.026132,0.005818,-0.036772,-0.003186,0.036520
0.035377,0.031777,0.086926,-0.025643,0.008167,-0.081163,-0.097979,-0.022174,-0.008011,0.055374,0.042466,0.039911,0.019197,0.034704,0.012920,-0.000409,-0.016025,0.044891,0.012501,0.101158,0.080075,-0.022522,-0.021989,0.023742,0.034669,-0.012931,0.002702,-0.059290,0.015044,0.020905,-0.000720,0.034354,0.030007,-0.001469,-0.012623,-0.028300,-0.017097,-0.010066,-0.046972,0.015297,0.020618,-0.048299,0.064689,0.016547,0.003080,-0.004162,0.014631,-0.046630,0.141687,-0.018981,0.012056,0.034686,0.026029,0.036073,-0.032537,-0.036553,0.013251,-0.016491,-0.004065,0.053483,0.023869,0.037446,0.000005,0.026531,0.007936,-0.059727,-0.021993,-0.056505,-0.001266,0.036795,0.076910,0.073178,0.007320,0.034403,0.036861,-0.011703,0.003511,-0.004859,-0.007714,0.011955,0.045587,-0.000216,0.162852,-0.031131,0.002571,0.001100,0.011692,-0.004367,0.015306,-0.012619,0.024768,0.019603,-0.025620,-0.020514,0.133849,0.008887,0.038435,0.043907,-0.053192,-0.007013,-0.046018,0.066441,-0.100923,0.007967,-0.025475,0.117183,-0.044047,0.016874,-0.014781,-0.505947,0.053705,0.024689,-0.013100,0.192242,-0.053337,0.107783,-0.027593,-0.039308,-0.072440,-0.064960,0.059019,-0.019699,0.025598,-0.090028,-0.009507,-0.009367,-0.018232,0.007045
-0.076115,-0.018523,0.005994,0.009070,0.005854,-0.035348,0.031574,-0.074750,0.030586,-0.015163,-0.005390,0.286691,-0.020144,0.031462,-0.000839,0.024389,-0.022598,-0.011195,0.008389,-0.001635,0.028157,0.028863,0.023669,0.032158,0.018964,0.035954,0.104195,0.004733,-0.006882,-0.028502,-0.023959,0.020491,-0.025304,0.016801,0.024899,-0.017677,-0.019161,-0.031327,-0.462097,0.074315,-0.008436,0.010199,0.011564,0.008428,-0.029749,-0.003364,-0.018486,0.072621,0.022806,-0.019525,-0.018482,0.025888,-0.045664,0.007119,-0.011326,-0.002556,-0.019843,0.015032,0.209511,-0.012806,-0.019474,-0.017239,-0.008691,-0.070598,0.020862,-0.024632,0.017244,-0.049206,0.040078,-0.022604,0.002332,0.015800,0.027479,0.049677,-0.014798,0.011928,0.013566,-0.031829,-0.002567,0.014028,0.034018,-0.559498,0.005688,-0.028177,-0.010340,0.005767,0.010502,0.003287,-0.019699,-0.061603,0.002295,0.003603,0.047019,0.033067,-0.017544,0.060199,0.025542,0.083490,0.022899,-0.025073,-0.006742,0.008284,0.032857,0.024219,0.001184,-0.042178,-0.045975,-0.102282,-0.009226,0.027292,0.065267,0.005731,0.182285,-0.002279,0.015201,-0.022215,-0.094307,0.002707,-0.020814,0.010108,0.016844,0.035244,0.023810,-0.001807,0.020419,0.001731,0.067894,0.008188
-0.002838,0.003306,0.088374,0.006853,0.041399,-0.039371,0.001014,0.000152,0.039624,0.018245,-0.026379,0.011603,0.005116,-0.036278,0.031942,-0.026021,0.013714,0.098226,-0.006165,0.030524,-0.023442,-0.009115,0.028027,-0.038852,-0.003533,0.029788,0.000504,-0.002465,-0.011286,0.030456,0.016399,-0.016101,-0.006728,0.013561,-0.013788,-0.017166,0.006993,0.037491,0.019961,-0.052577,0.066471,-0.065341,0.003594,-0.009932,0.002446,0.032840,-0.039121,0.012447,0.171150,-0.012313,0.031947,-0.079019,0.038992,-0.035284,-0.011347,0.023229,0.000639,-0.010762,-0.046122,0.074997,-0.045797,0.018891,-0.002754,-0.048360,0.039081,-0.024392,0.033493,-0.007918,0.059224,-0.017494,-0.016431,0.022971,0.045435,0.014104,0.028683,-0.020674,-0.000526,0.034122,0.014834,-0.001073,-0.036814,-0.034182,0.181215,-0.019122,-0.026732,-0.035300,-0.032321,-0.019174,-0.008432,-0.037473,0.067055,0.027677,0.034493,-0.004809,-0.010424,-0.032071,0.010321,-0.067702,-0.039749,0.034668,-0.026403,-0.038502,-0.074769,-0.046420,0.043100,-0.031465,-0.026236,0.042058,-0.005430,-0.670463,-0.078533,0.070912,-0.035192,0.248673,-0.064519,0.071649,-0.058949,0.013351,-0.023555,0.031166,0.032066,0.008160,0.015038,0.004705,0.046293,0.093314,0.016195,0.024999
-0.026835,-0.012027,-0.001638,-0.021204,-0.025957,0.031298,-0.132255,0.029721,-0.087058,-0.044460,0.027216,0.010466,-0.010532,-0.021449,0.007057,0.004277,-0.026807,0.250979,0.036919,0.008854,0.038147,-0.083823,-0.022025,0.116680,0.016428,0.024637,0.093933,-0.039499,-0.014933,0.001324,-0.121696,0.007525,-0.015756,-0.004218,-0.004239,0.022674,-0.014550,0.016624,-0.000121,0.001491,-0.012761,0.030672,0.001688,0.036045,-0.021136,0.035180,-0.027318,-0.020769,-0.016259,-0.024083,-0.001905,-0.019707,0.031061,-0.004263,-0.002190,0.103353,-0.036115,-0.007245,0.165781,0.203860,-0.105607,-0.005230,-0.057034,-0.035823,-0.014483,-0.001259,-0.003864,-0.064324,-0.020965,0.004804,-0.005044,-0.095726,-0.015153,0.015497,0.028662,-0.008658,0.204727,0.109738,-0.018985,0.001063,0.018037,-0.000163,-0.004651,0.051764,0.020482,0.045304,0.053532,-0.020344,0.022398,0.002384,-0.027020,0.033417,-0.003414,0.002827,-0.001660,0.005266,-0.028348,0.109657,-0.000984,0.017871,0.007031,-0.020495,-0.010569,-0.001106,-0.018597,0.001245,0.067625,0.017718,-0.034790,0.000690,0.005232,-0.091015,-0.003821,0.009255,-0.012059,0.031469,-0.096858,0.145505,-0.096052,-0.010716,0.009961,0.463191,-0.329562,-0.018368,-0.028224,-0.028581,-0.004593,-0.011220
0.392583,-0.004163,-0.001209,-0.016656,-0.007581,-0.052070,0.073544,-0.034837,0.004122,0.035905,-0.000268,-0.012669,-0.014545,0.000790,-0.027220,-0.122465,-0.008027,0.332471,-0.004784,0.012286,-0.011384,0.037501,-0.022645,-0.088720,0.000747,-0.035721,0.029702,-0.019915,0.017275,0.041792,0.099262,0.011618,-0.031045,-0.011077,-0.003317,-0.020739,-0.021601,0.033450,-0.048312,-0.001902,-0.007265,0.194709,-0.001016,-0.014569,-0.010103,-0.002227,0.026938,0.002939,0.004538,-0.002722,0.044702,-0.011684,-0.071259,0.004443,0.032308,-0.035631,-0.006837,-0.000414,-0.078600,0.086341,0.335475,-0.008243,-0.011420,-0.003182,-0.027967,-0.021121,0.005541,0.065047,0.009696,-0.009930,-0.013763,-0.175667,-0.005815,0.004563,-0.008509,-0.002537,-0.057563,0.035178,0.020816,-0.004688,0.002784,-0.034518,0.015859,-0.035117,-0.032026,0.051169,-0.023002,0.005227,-0.038746,-0.010276,-0.017568,-0.008091,0.001124,0.011837,-0.055292,0.003120,0.001733,-0.034312,-0.013557,-0.016919,-0.015523,0.023294,-0.056295,-0.031253,0.020780,-0.042096,-0.054621,0.037286,0.005929,0.018299,0.005256,0.120991,-0.025978,0.003233,0.009121,-0.006951,-0.123092,-0.098027,0.235783,-0.011050,-0.118981,0.082482,0.067206,-0.008853,-0.010197,-0.010638,-0.015751,-0.122681
-0.019905,-0.021565,0.017226,-0.009307,-0.145274,0.037348,-0.059105,-0.112473,0.034833,-0.005626,-0.034211,0.006198,0.130705,0.087872,0.011151,0.010450,-0.003560,-0.049713,0.035909,0.001160,-0.027794,0.014690,-0.200516,0.076656,-0.020141,-0.053174,0.010477,-0.021990,0.093970,-0.070497,-0.015259,0.072069,-0.049544,-0.040466,0.024494,-0.009341,-0.036098,-0.005467,0.075972,-0.037549,-0.054691,-0.012081,0.003271,-0.126539,-0.023584,-0.194142,-0.045865,0.226455,0.013172,0.029898,-0.002616,-0.043927,-0.040489,-0.051705,-0.022476,0.015955,0.011317,-0.039788,0.072787,0.058730,0.018443,0.010424,-0.064027,0.050926,-0.015417,0.201581,0.037490,-0.052687,0.034202,-0.046410,0.067657,-0.019252,0.031025,-0.045962,0.131726,-0.011517,-0.048319,-0.028447,0.038424,0.005928,0.027911,-0.005114,-0.043965,-0.008411,0.009796,0.042813,0.072595,0.010535,-0.022716,0.004929,0.014294,0.053575,0.034896,0.055263,0.027895,0.055802,-0.017006,-0.000127,-0.054459,0.020008,0.059214,0.041820,0.095279,0.010135,-0.010604,-0.018164,-0.050985,-0.109112,-0.055950,-0.065100,0.216695,-0.027939,-0.030895,-0.013723,0.019310,0.032874,-0.026992,-0.006304,-0.007588,-0.035460,-0.024448,0.000267,0.000735,0.059165,0.012161,0.056988,-0.021243,0.015214
-0.188602,0.016012,0.006467,-0.012135,0.027982,-0.003243,-0.007602,-0.005254,0.012689,0.055914,-0.004790,-0.019423,-0.018369,0.015239,0.108840,0.028807,0.019717,-0.081012,-0.018002,0.022755,0.027649,0.146942,0.023329,-0.002983,-0.030429,-0.026246,0.009189,0.018233,-0.001877,0.056129,-0.213196,-0.018000,0.023029,-0.012335,0.003531,-0.009250,0.008883,0.037005,-0.005221,-0.000249,0.006319,0.181279,0.006597,0.007312,0.019699,0.002296,0.003872,-0.035737,-0.014627,-0.022822,0.050272,0.025679,0.115052,0.007539,0.016509,-0.205499,0.026709,0.008310,-0.008980,0.254397,0.101280,-0.009661,0.021201,0.016243,-0.041042,-0.023898,-0.008367,0.022955,0.024419,0.030193,0.006923,-0.117578,-0.011555,0.010227,0.012603,0.014174,0.086663,0.053412,0.011733,0.002828,-0.003313,0.016269,0.023334,0.004656,-0.159945,0.021585,-0.004799,0.020324,-0.008864,-0.026211,-0.026308,-0.003653,-0.016972,-0.005477,-0.018120,-0.013207,-0.022327,0.117539,-0.002350,0.070434,-0.024484,0.004538,0.046622,0.013324,0.036683,0.010824,0.046460,-0.001231,-0.005244,-0.007552,-0.014365,-0.328562,0.009569,0.015636,0.004585,0.019614,0.267942,0.080335,-0.075979,0.051766,0.224822,-0.005794,0.172733,-0.022954,-0.028291,0.013895,-0.002126,-0.103608
0.008836,-0.008713,-0.055527,-0.120898,0.009926,0.019298,0.168778,0.083670,-0.019187,0.023816,0.003392,0.002114,-0.054521,0.050727,0.007456,0.031739,0.007191,0.026838,-0.015697,-0.067453,-0.012858,-0.060324,0.028113,-0.005064,-0.371941,-0.011212,-0.081059,0.071025,-0.025654,0.051500,0.029333,0.008932,0.079111,0.003639,-0.047291,0.053613,0.020146,0.021328,0.060187,0.004651,-0.051625,-0.033252,0.032441,-0.003514,0.009977,-0.009252,0.010097,0.060087,-0.090254,-0.135511,0.019174,0.031591,-0.043670,0.006163,-0.032670,-0.065995,0.007822,-0.024200,0.007986,0.040875,0.036008,-0.002065,-0.053636,0.015638,0.006076,0.062801,0.006827,0.008710,0.104251,-0.027730,0.006528,0.058918,-0.006778,0.006859,-0.074979,-0.003512,0.029289,-0.033045,0.019253,-0.027499,-0.024127,-0.021788,-0.097429,-0.140122,-0.020286,-0.145962,0.010272,0.072475,0.002478,0.014714,-0.003609,0.022770,-0.030348,0.024372,0.030527,0.080111,-0.092018,0.217789,-0.008482,0.095620,-0.020479,0.028284,0.041516,0.029121,0.095199,0.085382,-0.275730,-0.095166,-0.022235,-0.024540,-0.006015,0.096073,0.059395,0.087611,0.020537,-0.050723,0.034247,0.070032,-0.012314,0.206683,0.042668,0.014898,0.098904,0.004518,-0.028631,-0.007456,0.015303,-0.033448
-0.009500,0.016714,-0.008771,-0.003872,-0.013615,-0.011378,-0.027847,0.010490,-0.032878,0.022453,0.048116,-0.010859,-0.052795,-0.029673,0.006564,0.059369,-0.009445,0.026986,-0.015161,-0.020578,-0.025371,0.009665,0.001099,-0.018656,-0.010046,0.055704,0.048612,0.012221,-0.030870,0.054985,-0.018589,0.018705,-0.003964,0.033150,0.001497,-0.018139,-0.000675,0.032818,-0.009930,-0.059765,-0.016690,0.118211,0.000767,0.030439,-0.006875,0.004083,-0.012041,-0.002776,-0.018976,-0.002971,0.001853,-0.003739,0.001889,-0.058523,-0.060674,0.043218,-0.013953,-0.028800,-0.084389,-0.143406,0.082076,0.071626,-0.001479,0.047852,-0.024317,-0.014773,0.003542,-1.001285,0.008461,0.021490,0.020600,0.024615,-0.033369,0.003264,0.001877,0.011389,0.025973,-0.037024,0.007274,0.040030,0.016577,0.013503,0.002681,0.006192,-0.008798,0.009223,-0.033386,-0.053395,-0.001421,-0.034084,-0.013785,0.013959,-0.004464,0.019034,0.026038,-0.043278,-0.021658,0.028078,0.010874,-0.024656,0.020812,0.001939,-0.026004,-0.023614,-0.007015,-0.013160,-0.051568,0.036552,-0.047503,0.019008,-0.028710,-0.096171,-0.008988,-0.010300,0.017051,0.015967,0.011081,-0.039486,0.039207,0.002606,-0.072625,-0.034912,0.158884,0.018359,-0.016202,-0.027435,-0.016487,0.020518
-0.021767,0.011207,-0.019942,-0.029379,-0.004080,0.016278,-0.353296,0.017432,-0.007725,0.058479,-0.000124,-0.030490,-0.028354,0.003143,0.086875,-0.029103,0.040769,0.018801,0.017462,0.011081,0.056483,0.004164,-0.015697,0.079873,-0.050867,0.024866,0.087308,0.015820,-0.007602,-0.014240,0.802724,-0.004577,-0.002107,0.009607,0.000603,-0.041670,0.014816,-0.003140,-0.008460,-0.007487,-0.040816,-0.016045,0.043193,0.035739,0.020546,0.026919,-0.041284,0.014010,-0.072215,-0.097512,0.005424,0.026838,0.222623,-0.018123,-0.011170,0.036059,0.047756,0.008282,-0.002520,0.136371,0.056952,-0.005094,0.034792,-0.000592,0.017421,-0.003939,-0.020327,0.035870,0.113545,0.019104,0.005743,-0.041233,-0.016230,0.008378,0.009535,0.000329,0.059202,0.031322,0.017273,0.011049,0.016838,0.008616,-0.078730,0.046206,-0.016131,-0.008123,-0.032728,0.014786,0.018449,-0.018705,0.008003,0.024936,-0.016438,0.010222,0.056388,0.015648,-0.032674,0.122614,-0.022909,0.007580,-0.023363,-0.028588,0.106177,0.033080,-0.003090,0.060971,0.125685,0.047277,-0.028538,0.055590,0.035348,-0.006221,0.019016,-0.017387,0.028423,0.089197,-0.118904,0.028242,-0.039993,0.132115,-0.104386,-0.054229,-0.035049,-0.004046,0.025513,-0.050156,0.029139,-0.011402
0.036417,-0.012693,0.050556,0.011295,-0.068057,-0.070635,-0.023992,-0.015063,0.043625,0.017602,0.040011,0.008080,0.017689,-0.036088,-0.028583,0.002638,-0.005790,0.007011,-0.042561,-0.053296,0.005825,-0.026216,-0.018708,-0.001630,0.015073,-0.003728,0.005382,-0.031748,-0.008184,-0.010117,0.020713,-0.020848,-0.041383,-0.034777,0.050298,-0.007613,0.003500,0.011657,0.046006,0.091400,0.052125,-0.002389,0.007378,0.000475,0.014216,-0.034115,-0.017339,-0.019546,0.005971,0.017894,0.002723,0.123793,0.069058,-0.099416,0.006187,-0.018908,-0.023418,0.047686,-0.001954,0.042886,0.017797,0.049977,0.068312,0.009531,-0.008586,-0.022877,-0.071298,-0.030646,-0.204774,0.147431,-0.016747,0.024937,0.000731,-0.035030,0.026439,0.108150,-0.057533,0.014141,-0.174091,-0.040536,-0.054298,0.066292,0.013349,-0.044484,-0.024901,0.032791,-0.019272,-0.034411,0.105944,0.024008,-0.044803,-0.014285,-0.001360,0.015869,0.033040,0.013709,-0.021486,0.149564,0.032187,-0.047282,-0.078038,0.032608,-0.008381,-0.010929,-0.065389,-0.021668,-0.082020,-0.109268,-0.030170,0.003943,-0.035099,0.030002,-0.014007,0.008381,0.062935,0.004536,0.026512,0.027633,-0.011583,-0.075647,0.027148,0.041437,0.048977,-0.029958,-0.015906,0.015664,0.004219,-0.023711
-0.097641,-0.019651,-0.012891,-0.017431,-0.023897,-0.029755,-0.014843,0.053612,-0.014190,-0.017993,0.011605,0.000465,-0.029541,-0.022587,0.101808,0.000213,0.036125,-0.347393,-0.009504,-0.033285,0.044222,0.054355,-0.021052,-0.283786,-0.003683,0.001910,0.274891,0.012623,-0.009685,-0.038189,-0.026283,-0.018238,-0.020749,-0.007205,-0.013003,0.021334,0.034271,-0.021730,0.031747,0.000194,-0.008870,0.116874,-0.016123,-0.000718,0.011221,-0.002226,0.005548,-0.009113,0.012651,-0.016052,-0.028637,-0.004332,0.021256,-0.004473,-0.030953,0.129414,0.039538,-0.010402,0.042813,0.128998,0.298398,0.001238,0.016590,0.014873,-0.013745,0.010551,0.024768,0.033223,0.019249,-0.017629,-0.011739,0.032382,0.030259,0.005810,-0.010389,-0.016920,-0.020635,0.093823,0.004866,0.004471,0.013741,0.023771,-0.022604,-0.000490,0.055898,-0.013252,-0.061310,-0.015802,-0.027888,0.088522,0.004791,-0.008438,-0.013776,-0.002476,0.002887,-0.011494,0.015023,-0.055723,0.023802,-0.032774,-0.014390,-0.004356,-0.054775,0.002023,0.020411,-0.007678,0.035270,0.019070,-0.009352,-0.031250,0.012615,0.213122,-0.006182,-0.004817,0.001140,-0.016921,0.037830,-0.104898,0.184937,-0.005079,0.061742,-0.021019,0.172789,-0.030968,-0.010127,0.009240,-0.029403,-0.024210
-0.199324,0.011111,-0.012078,-0.033992,0.002212,-0.035349,-0.065570,0.032522,0.031868,0.103507,-0.004083,0.020579,-0.023329,0.016647,0.149540,-0.043062,0.058941,-0.035829,-0.005919,-0.020402,-0.000732,0.020346,0.017490,-0.116949,-0.017788,0.016441,0.288434,-0.008699,-0.009333,-0.039362,-0.202347,-0.004468,0.010050,-0.005868,0.023973,-0.061760,0.034062,0.000756,0.008496,-0.017000,-0.026294,-0.308694,0.012169,-0.004432,0.038572,-0.000567,0.019991,-0.013435,-0.026013,-0.018567,-0.012998,0.011998,0.051761,-0.019250,-0.001331,0.171928,0.070481,0.006449,0.074385,0.002641,0.138410,0.001402,0.038074,0.010352,0.008854,0.017087,-0.025028,-0.010747,0.049950,0.019866,0.000675,0.264274,-0.051785,-0.009125,-0.009677,0.012614,0.125045,0.005418,0.028150,-0.016441,-0.033938,0.035593,-0.023763,0.007104,0.032951,-0.011853,0.033605,0.012418,0.002947,-0.043555,0.021584,0.016256,-0.004127,0.006270,0.054272,-0.019812,-0.005167,0.002205,-0.013066,0.025886,0.013974,0.009680,-0.018314,0.014157,0.007266,0.052638,0.038379,-0.001855,-0.003785,0.053880,0.023444,0.003664,0.024831,-0.038562,0.031805,0.043278,-0.048922,-0.142036,-0.068790,0.041616,0.133543,0.198597,0.011819,0.017174,0.033744,-0.054078,0.012706,-0.042027
-0.009046,-0.049289,0.058709,0.070315,-0.050365,0.036030,0.003587,-0.029512,0.046842,-0.029864,0.047932,-0.039679,-0.012828,0.006704,-0.050828,0.003343,-0.015971,-0.009416,0.075692,-0.046049,0.053204,0.013056,0.003422,0.017318,0.051925,0.173201,-0.011523,0.020655,-0.007664,-0.024787,0.041417,-0.011921,-0.076659,-0.029276,0.020830,-0.002575,-0.000280,-0.012949,0.030177,-0.087278,0.054714,0.007840,0.014093,0.056941,-0.002153,-0.079331,-0.015440,-0.031586,0.102006,0.053929,0.006856,-0.021063,-0.040595,-0.031910,0.038668,-0.036156,0.009239,0.024392,0.083960,-0.007028,0.012005,0.027048,0.019498,-0.007375,-0.010697,0.089632,0.048529,-0.020634,0.032007,-0.006362,-0.025054,-0.000057,0.062824,0.016533,-0.005923,0.049549,-0.017656,-0.010137,0.015844,-0.008398,-0.101543,-0.023536,-0.075361,0.077554,0.009802,0.039036,-0.018712,-0.069732,-0.044509,0.063429,-0.006157,-0.037761,0.026424,0.046825,0.046679,0.012695,0.085492,0.077749,0.032293,0.041494,-0.026966,-0.005878,0.008572,-0.095528,0.001808,-0.028476,0.035359,-0.094117,-0.027069,-0.110846,0.020021,0.016663,-0.150605,0.045400,0.034294,-0.078459,-0.020134,0.031926,-0.016840,0.039041,-0.031251,-0.017616,-0.015883,0.034681,0.004063,-0.037126,-0.199797,-0.013334
0.004482,0.015710,-0.000741,0.009053,0.000899,0.047821,-0.016929,0.002698,0.028751,0.042768,0.015135,-0.025566,-0.015261,0.002211,0.020017,-0.001996,-0.014351,0.109610,0.003433,-0.009062,-0.024611,0.009955,-0.004252,0.053297,-0.007767,-0.016743,0.023367,-0.045043,-0.019048,0.034868,-0.030947,-0.012465,0.002349,-0.027850,0.003142,-0.007950,-0.006240,0.013530,0.018612,-0.004275,0.027872,0.012290,-0.025821,0.003170,-0.001980,-0.024586,0.034937,0.002200,0.012842,0.013102,0.018883,-0.000096,0.012119,-0.019371,-0.004108,-0.028048,-0.024230,-0.002646,-0.038754,0.006132,0.039356,0.000667,0.022624,0.017855,0.661808,0.028835,-0.014242,-0.030252,-0.029145,0.002452,-0.010737,0.001347,-0.010066,-0.037561,-0.020190,0.012098,-0.034872,0.075941,-0.018617,-0.024702,-0.020195,0.026512,-0.005852,-0.027617,-0.014527,-0.029758,-0.011090,-0.026631,-0.057418,-0.015245,0.595578,0.002367,0.016761,0.022698,-0.036315,-0.019340,0.019702,0.011370,-0.040261,-0.004360,-0.029596,0.023315,0.054340,-0.031280,-0.015373,-0.031731,-0.005744,-0.020314,0.026536,0.078586,0.004518,-0.022102,-0.023734,-0.013608,0.019647,-0.011568,0.005154,-0.007512,-0.006379,-0.013944,0.084866,0.030488,0.010498,-0.052495,0.552486,-0.034422,-0.023384,-0.027667
0.008208,-0.003737,-0.007556,-0.021582,0.002688,0.017109,0.045957,-0.006701,0.135908,0.158934,-0.009425,-0.002558,-0.061522,0.007691,-0.033331,-0.016965,0.000568,-0.143953,0.002863,-0.005616,-0.344413,-0.009654,-0.065984,0.126614,0.025967,-0.017136,-0.001522,0.028666,0.002419,0.026113,-0.044866,0.023342,0.014841,0.045261,-0.065115,-0.074001,0.001210,0.060687,0.012683,-0.031571,-0.013426,0.030448,-0.054955,0.024538,-0.007740,0.024455,-0.007243,-0.020441,-0.023249,-0.036786,-0.007906,-0.078766,0.071127,-0.014467,-0.006894,0.013632,-0.000486,0.019428,0.044469,0.100057,-0.040277,-0.020268,-0.083756,-0.088783,0.033823,-0.029946,-0.001945,0.030672,-0.014493,-0.000364,-0.025576,-0.078074,0.002603,-0.018479,0.035030,0.007834,0.052317,-0.019083,0.009351,-0.020075,0.015378,-0.045315,-0.031443,0.099872,-0.021666,0.067335,-0.059966,0.005517,0.102273,-0.019163,0.012849,-0.016589,-0.049833,-0.018516,0.206126,0.009961,-0.030884,-0.055886,-0.024510,-0.669621,-0.054613,-0.009704,0.002704,-0.029723,-0.034525,0.090088,-0.099504,0.054676,-0.050622,0.018397,0.111107,-0.105726,-0.034083,0.048959,0.001750,-0.280334,-0.048506,-0.101663,-0.071067,0.002484,0.009713,0.000063,0.029626,0.000238,0.024201,0.003562,-0.037727,-0.018354
-0.045499,-0.061437,0.002521,-0.037289,0.021325,0.003050,-0.010847,-0.016576,0.024967,0.006245,0.014362,-0.007248,-0.081330,0.101179,0.025473,-0.015180,-0.010845,0.039891,-0.039309,-0.029123,-0.012196,-0.063645,-0.018651,-0.023027,0.008285,0.005847,-0.036509,0.029066,0.091208,0.002664,-0.009639,0.060294,-0.001975,0.048295,-0.044126,-0.015113,-0.029067,-0.008609,0.079556,-0.030989,0.061918,0.043442,-0.004436,0.017866,-0.033810,-0.016640,0.034140,0.090850,0.013138,0.023626,-0.015868,-0.050217,0.104455,0.047743,0.020657,-0.024172,-0.042448,0.018011,0.007602,0.025945,-0.013455,-0.021825,-0.024670,-0.017544,0.021263,0.182695,0.024226,-0.051190,0.140477,0.002913,0.010046,0.038180,0.029080,-0.028521,0.007137,-0.013315,-0.013444,0.040988,0.100073,0.051673,-0.001582,0.008286,0.017201,0.026130,0.035586,-0.046057,-0.052703,0.144352,-0.030543,-0.035116,0.002013,-0.004237,-0.054806,-0.016437,-0.035750,0.038873,-0.056292,0.037762,0.020672,0.036610,-0.088624,-0.025010,0.079191,0.021537,0.008864,0.004096,0.155470,0.099572,-0.025303,-0.014071,-0.051280,0.039473,0.005395,-0.065728,-0.044538,-0.026776,-0.005703,0.054411,0.001430,0.035280,0.021860,-0.005371,0.043386,-0.062458,-0.016350,0.028721,0.051393,0.004154
-0.018357,0.008533,-0.005973,0.003429,-0.007524,-0.005545,0.022075,0.013928,-0.029093,-0.018510,0.032369,-0.004305,0.027441,-0.001602,-0.029076,-0.942280,0.005466,-0.133948,0.000954,0.005399,-0.011439,-0.104955,-0.005070,0.213999,-0.004742,0.018735,0.018626,-0.011823,-0.012384,0.002032,-0.032503,0.006796,-0.006233,0.002830,0.011131,-0.030908,0.001055,0.007419,-0.018328,0.007733,-0.018622,0.156912,0.001268,-0.004747,0.005891,0.022671,0.033619,-0.007741,-0.010947,-0.004254,-0.003312,-0.007655,-0.004380,-0.014517,-0.035541,0.020365,0.008262,-0.007318,-0.011453,-0.015029,-0.074208,0.022207,0.016486,-0.000487,0.004516,0.007642,0.006270,-0.070284,0.024667,-0.012362,0.010851,0.079173,0.002310,0.002610,0.003192,0.004189,0.011482,-0.011168,0.000080,-0.001931,0.016884,-0.019395,-0.014291,-0.020822,-0.035031,0.022490,0.142465,-0.001033,-0.017522,-0.024605,0.004219,0.005798,-0.016648,-0.025323,0.006233,0.004710,0.010126,-0.004921,0.010607,0.017435,0.013062,0.019619,0.005983,0.004206,0.008612,0.027076,-0.024819,0.039925,0.003353,-0.022655,-0.009400,0.024260,0.003132,0.000367,-0.004363,0.004245,0.209691,0.218122,0.221624,0.008919,-0.034171,0.019065,-0.049754,0.012519,0.013085,0.005081,0.000820,-0.008704
0.115262,0.029562,0.006127,0.000089,-0.005134,0.090352,-0.011944,0.011736,-0.024464,-0.048793,0.032365,-0.006845,0.017005,0.012151,-0.035443,-0.025861,-0.048560,0.446094,0.014314,-0.012228,0.023639,0.109855,0.016062,0.202063,0.017331,0.036895,-0.036601,0.021142,0.003707,-0.014972,-0.126118,-0.003520,0.042677,-0.001715,0.003320,0.056811,-0.042644,-0.019871,-0.012143,0.015911,0.004019,-0.170408,0.074469,-0.007881,-0.037890,-0.002064,-0.008460,0.024299,-0.011754,-0.022658,0.064560,0.001825,0.033203,-0.000498,-0.029873,0.177084,-0.058039,-0.012382,-0.082868,-0.016677,0.154727,0.013700,0.003028,-0.006566,-0.027240,0.021163,0.000046,-0.007556,-0.012084,0.001220,0.031531,-0.305261,-0.007409,-0.023287,0.008469,0.016472,0.107113,-0.012104,-0.021872,0.024447,-0.016725,-0.025652,-0.011471,0.051512,0.072527,-0.022081,-0.000873,0.010309,0.048148,0.037899,-0.040970,0.023956,-0.011288,-0.001643,0.064781,0.006650,0.010423,-0.048388,0.000498,0.025413,-0.021576,-0.012992,0.073359,0.046772,-0.035515,0.051785,0.090142,-0.070741,0.015130,0.052004,0.011082,-0.000094,0.005869,-0.023710,-0.020918,0.008807,-0.017818,-0.135360,0.143078,-0.014620,0.120876,-0.277979,0.317660,-0.018421,-0.022906,-0.019392,0.012253,-0.119144
-0.050508,0.008335,0.011471,-0.009425,0.024268,0.073490,-0.020337,0.077053,-0.027635,-0.002076,0.060822,0.085138,-0.068309,-0.102089,0.030343,0.012492,0.005168,-0.013973,0.156463,-0.010702,-0.035917,-0.038422,0.115830,0.032288,-0.009992,0.177577,-0.047282,-0.014995,0.014692,0.024602,-0.015277,0.057228,-0.001682,0.115325,0.024004,0.107939,-0.006868,0.020883,-0.112750,0.009213,0.002451,-0.046044,-0.036517,0.104188,0.001036,0.022421,0.136134,0.105242,-0.019883,-0.018553,-0.035003,0.017732,0.041677,0.053894,-0.119824,0.019499,0.007873,-0.016272,0.113107,0.030392,-0.039265,0.048023,0.021957,0.044049,0.025758,0.042389,-0.005697,-0.027867,-0.004049,-0.031774,0.004651,0.032772,-0.024966,-0.017535,0.062241,0.012676,-0.102958,0.010214,-0.022155,-0.052316,-0.005463,0.036003,-0.039801,0.056278,-0.031762,-0.070683,0.026222,0.067582,0.026559,-0.029329,0.015453,0.039484,0.010684,0.021846,0.049725,0.071082,0.006151,-0.128554,-0.014210,0.010650,0.038666,0.082864,-0.033105,0.044061,0.023725,-0.066186,0.080571,0.005873,0.011727,0.034254,-0.656358,-0.025298,0.060175,-0.002784,0.022213,-0.027889,0.025060,-0.056515,-0.008046,-0.026416,-0.048012,0.034379,0.037092,0.017712,0.014163,0.055737,0.058167,-0.059212
-0.179599,0.021711,0.004607,-0.011429,0.001459,0.000528,0.012788,-0.010852,-0.004465,0.011201,-0.021597,-0.000106,0.031772,-0.001626,0.063028,-0.074968,0.009911,0.050495,0.009585,0.029677,0.050826,0.167134,0.000926,0.202005,-0.006890,-0.020464,0.006380,0.000925,0.004078,0.026691,0.113339,0.024856,-0.023826,0.004336,0.002525,-0.077607,-0.000243,0.001665,0.039253,0.008233,0.018187,-0.216163,0.010356,0.001926,0.001427,-0.003890,-0.008375,0.022774,0.018661,-0.011009,0.016881,0.004469,0.024161,0.022230,0.029218,0.198133,0.008904,0.005709,0.015704,-0.159051,-0.078708,-0.003688,0.006296,0.017125,-0.024366,-0.012589,0.024144,0.080599,0.001074,0.003135,0.003353,0.096087,0.041426,0.023959,-0.001529,-0.018515,0.248478,-0.079143,0.000386,0.007132,0.031053,0.029238,0.040309,0.002603,0.022752,-0.024886,-0.025659,-0.025634,-0.020471,0.071730,-0.022590,-0.004020,0.002280,0.010952,-0.013497,-0.014359,-0.004819,0.020165,0.017137,-0.032395,0.002388,0.009883,0.021990,-0.002440,0.032498,0.007830,0.020922,-0.051695,-0.007535,-0.027993,0.032058,-0.050213,0.001371,0.033683,-0.011831,-0.024865,0.206268,-0.044308,0.031604,-0.000559,0.264837,-0.045675,0.353552,0.001670,-0.018348,0.023609,0.013445,0.029849
-0.031777,0.065300,-0.031777,0.109407,0.016995,0.001976,0.036319,0.065020,0.000141,-0.022852,-0.021915,0.047883,0.025795,0.068873,-0.055298,-0.002058,-0.008119,0.004578,-0.095185,-0.046685,-0.077348,0.019750,0.090391,-0.014124,0.034992,-0.017774,-0.001521,-0.041440,0.019482,-0.050782,0.014577,-0.077093,0.012710,-0.082699,0.087633,-0.017884,-0.010054,-0.033508,0.060414,0.013605,-0.007616,-0.011202,0.048234,0.039596,-0.003252,0.037724,0.054665,-0.147985,-0.015378,0.051181,0.008529,0.027696,0.114211,0.085076,0.003946,-0.003660,-0.020169,-0.009972,0.010251,-0.009865,0.022916,-0.033044,0.004350,0.096662,0.007691,0.066537,-0.026339,0.017251,0.019056,0.012870,0.015643,-0.030638,0.034167,-0.119898,0.023485,-0.009677,0.027866,0.015070,-0.021848,0.034804,-0.041489,-0.022988,0.039114,0.144528,-0.044883,-0.027657,0.053443,0.023619,-0.090537,-0.000156,-0.012118,0.001258,0.015124,0.089071,0.057840,0.075156,0.084642,-0.043866,0.035270,-0.035456,-0.044529,0.019097,-0.036207,0.048668,0.023494,-0.083241,-0.106395,-0.028418,0.067654,-0.041823,-0.026447,-0.038095,-0.000974,-0.053276,-0.031520,-0.193472,-0.025044,0.035223,-0.006185,-0.084207,-0.048399,-0.022723,-0.000331,-0.072201,-0.023252,0.054359,0.045070,0.048018
0.072190,0.022131,-0.008845,0.038454,0.049139,0.008966,0.084738,-0.060069,-0.070165,0.034152,0.013856,-0.006116,0.103578,0.025041,0.027139,0.019108,0.006059,0.003416,-0.011971,0.034175,0.132372,0.029688,-0.093148,0.005395,0.020513,-0.012985,0.029534,0.001921,0.058902,0.036383,-0.023282,0.011331,0.004849,0.068974,0.018682,-0.005134,0.001166,-0.029925,-0.057975,0.006458,-0.055773,0.024914,-0.069476,-0.101227,0.006292,0.004736,0.053144,-0.030432,-0.033164,0.009843,-0.049798,-0.020038,-0.071135,-0.033951,0.036931,-0.036947,0.021811,0.011102,-0.001077,-0.030593,-0.005938,0.017094,0.059568,-0.001471,0.014404,-0.078102,0.006294,0.010510,0.031760,-0.061783,-0.022638,0.032597,-0.089071,0.004878,-0.131631,0.025941,-0.007077,-0.002829,0.052468,-0.019904,0.017729,-0.059567,-0.048739,-0.071878,-0.007684,0.028213,0.007038,0.011921,-0.040739,0.000182,0.018494,-0.026477,0.016913,0.009314,0.073230,0.013418,0.014318,-0.002583,-0.054208,0.091825,-0.005469,0.018682,0.027078,0.047337,0.072953,0.098746,-0.029022,0.112217,-0.044705,-0.020238,0.029919,-0.003951,-0.020569,-0.077096,0.012508,0.008012,0.041014,-0.007527,0.003193,-0.037029,0.030419,0.025655,-0.015238,-0.031565,-0.003372,0.043771,-0.034293,0.003821
0.024449,-0.025466,0.006043,0.027461,-0.020017,0.044921,0.026504,-0.046055,-0.038123,-0.023932,0.005239,0.077260,-0.084794,0.056845,0.024925,0.018819,-0.016084,-0.015315,-0.001473,-0.049648,0.022702,0.001477,0.000547,0.019769,-0.059293,0.002108,0.073956,0.072659,-0.024775,0.008974,-0.031232,-0.006619,0.021273,-0.004939,-0.064616,-0.024646,0.031111,0.001588,0.034945,-0.046848,0.040677,-0.013442,-0.041123,0.054276,0.008238,-0.085922,-0.045373,0.076145,0.042117,0.045709,0.019586,-0.018558,-0.143995,0.062878,-0.023985,0.002432,-0.045493,0.029724,-0.000728,0.030652,0.033109,-0.024019,-0.115968,-0.006815,-0.011608,0.146728,0.004113,0.018760,-0.081629,0.030083,-0.021651,-0.015283,0.212583,-0.058131,0.012192,0.013868,-0.004582,-0.012704,0.065386,-0.017873,-0.035946,0.007458,0.290129,-0.006574,-0.015655,0.060421,-0.063077,0.088404,0.001063,-0.009490,0.009571,-0.031464,0.120956,0.062397,0.073491,0.042990,-0.009180,0.030611,-0.070126,0.044831,0.101862,-0.019116,-0.069530,-0.042311,0.022748,0.127520,0.003018,0.064190,0.048602,0.004800,-0.001104,0.005446,0.048311,0.055160,-0.034171,0.094120,-0.010841,0.028112,-0.006198,-0.269130,0.004883,-0.044859,-0.036542,0.145094,-0.015383,-0.051018,0.034818,0.041868
-0.014644,0.022153,-0.004830,-0.009009,0.009972,0.026153,-0.038887,-0.037552,0.041544,0.040708,0.018179,-0.002789,-0.027581,-0.003152,-0.117178,0.246247,-0.003369,0.085672,-0.008610,0.006661,-0.001667,0.062918,0.020681,0.419478,-0.016190,-0.004913,-0.033945,0.007572,0.004518,-0.031682,0.060474,-0.007794,-0.022606,-0.026241,0.003398,0.035017,0.002090,-0.011204,-0.018054,0.021643,0.008710,0.037051,0.007868,-0.007857,-0.004309,0.029549,-0.010457,0.011918,0.006380,-0.005026,-0.001113,-0.010632,0.008086,-0.007485,-0.005676,0.250244,-0.002110,-0.000333,0.012984,-0.137465,0.017991,0.001076,0.000377,-0.010433,0.017009,-0.032697,-0.000752,0.059668,0.013733,-0.017793,0.014714,0.275297,-0.030036,-0.005919,-0.014240,-0.003468,-0.267331,-0.100844,0.010731,0.001027,0.022627,0.010380,0.008344,-0.030105,-0.019929,0.005952,0.038234,0.015372,-0.000235,-0.050325,0.008836,-0.002517,0.020889,0.026575,-0.022170,0.005121,-0.001805,-0.059813,0.002110,-0.055503,-0.004274,-0.022404,0.021217,-0.041396,-0.001980,-0.014998,-0.040265,0.044988,-0.004770,-0.020157,0.009290,0.038714,0.000140,-0.003909,-0.015217,-0.005906,0.206029,0.167810,0.340865,0.011576,-0.013193,-0.118578,-0.006234,-0.003027,0.004266,0.001425,0.002734,0.236788
0.012258,-0.001382,0.003426,0.032083,0.010598,0.066230,0.071357,-0.051204,-0.100971,0.003573,-0.013151,-0.033078,-0.059739,0.002282,-0.023602,0.050173,-0.038389,-0.062226,-0.016335,-0.043052,-0.725131,0.014295,-0.003238,0.031548,0.157940,-0.013644,-0.095751,-0.009879,-0.002751,0.016682,0.042937,0.003608,0.035222,-0.045136,0.004729,0.003141,-0.012139,-0.001632,-0.069650,-0.010287,0.007177,0.008801,-0.017046,-0.013271,-0.015206,0.009856,-0.038391,-0.002376,-0.007728,0.073121,0.039537,-0.015180,0.053152,-0.051705,-0.008028,-0.055385,-0.048316,0.002179,-0.003159,-0.022966,0.011286,-0.009553,-0.003120,-0.013196,-0.004717,-0.005759,0.009117,0.010881,0.021013,0.029612,-0.007778,0.007571,-0.059280,-0.024611,0.039868,-0.003750,0.118637,0.016787,-0.022137,0.002790,-0.005723,-0.007755,-0.096001,0.059507,-0.002483,0.118574,0.029121,0.026994,-0.044814,0.016964,-0.019108,0.036135,-0.036168,-0.026476,0.199607,0.015676,0.040580,0.048794,-0.018357,0.430032,-0.038568,-0.022284,0.088301,-0.004342,0.001911,-0.004699,-0.058567,-0.022132,0.017882,0.016027,-0.022199,0.100701,-0.011640,0.037843,-0.024676,0.230610,0.054267,-0.014706,-0.025109,0.110048,0.033998,-0.019668,0.016124,-0.018327,-0.013022,0.011192,0.012740,0.026999
0.307415,0.007523,0.000771,-0.003263,-0.012911,-0.025997,0.038523,-0.003125,-0.032708,0.002085,0.029074,0.017535,0.009454,0.001160,-0.082382,0.062366,0.038020,-0.166086,0.022382,0.013408,0.091642,-0.176268,-0.016107,-0.125396,-0.005164,0.013659,-0.107828,-0.019362,-0.005667,0.027673,0.019926,0.010694,-0.023152,0.005201,0.006953,-0.015880,0.026765,0.014627,-0.032690,0.019637,0.000283,0.229681,-0.003810,0.011888,0.026517,0.005016,0.025327,0.006786,0.016398,0.011695,-0.011606,-0.007421,-0.019432,0.025055,-0.011940,0.213392,0.052856,-0.000363,-0.061108,0.145882,-0.236010,0.012523,0.000564,-0.003408,0.044401,-0.002625,0.002049,-0.009340,0.008774,-0.025985,0.011958,-0.262916,0.012958,0.011137,0.013085,0.001324,0.506399,0.020713,0.015713,0.002264,0.032180,-0.010069,0.027157,-0.030032,0.069667,0.058360,-0.006965,0.009850,-0.013146,-0.001199,0.050065,0.009604,0.030652,0.012321,-0.026457,0.008688,0.002175,-0.022691,0.009792,0.046973,0.034051,0.003489,-0.015306,-0.014218,0.010921,0.011078,0.009063,-0.020681,0.011141,0.014214,0.009099,0.157477,-0.002920,-0.001543,0.013429,-0.010677,-0.036307,0.030157,0.007015,-0.007489,-0.012577,0.064422,0.256453,0.012710,0.046856,0.007210,-0.009952,0.102381
-0.038365,-0.003636,-0.001912,0.048156,0.006357,0.040187,-0.075145,0.077181,0.093508,0.689958,0.101376,0.061146,0.061350,-0.054565,-0.092279,0.002486,-0.003020,0.228003,-0.000270,-0.004518,-0.039787,-0.070691,0.047480,-0.347255,0.024204,0.051648,-0.011602,0.022225,-0.012861,-0.081032,0.010552,0.020629,0.037285,-0.042620,-0.002743,0.022984,-0.009030,-0.084690,-0.048487,0.011428,-0.017858,0.010553,0.010073,0.027242,-0.007462,0.076101,-0.049000,0.037242,0.001709,0.012960,-0.001603,0.009418,-0.038464,-0.021989,-0.101624,0.072832,-0.017058,-0.006735,-0.073554,-0.086446,-0.163466,0.036504,0.014663,-0.018259,-0.005885,-0.011335,0.062320,0.045951,-0.023106,0.017756,-0.026981,0.060112,-0.029792,-0.020338,0.031612,0.010193,0.050757,0.013248,-0.003894,0.120741,0.104144,-0.015392,-0.070561,-0.063385,-0.005194,0.018792,0.010244,-0.006558,-0.030926,0.009761,-0.028394,-0.002126,-0.011856,-0.020337,0.139571,0.016903,0.065974,-0.065510,-0.016348,-0.041210,0.014162,-0.014963,0.028019,-0.019049,-0.016078,0.057652,-0.037349,-0.020323,0.018078,0.033717,0.044101,0.032115,0.023555,-0.029050,-0.002669,0.007225,0.023115,0.276004,0.113537,0.008215,0.083910,0.001584,-0.004799,0.000451,-0.013327,-0.024415,0.021753,-0.073048
0.005600,0.006716,-0.001933,0.046985,0.018915,-0.057665,-0.008268,0.012094,0.010567,0.066612,0.048891,0.050774,-0.013616,0.030409,0.038228,-0.011301,-0.021750,-0.120059,0.008406,0.021936,0.059289,0.061014,0.012932,0.130019,0.100557,0.045859,0.064246,-0.031136,0.048181,0.051906,0.017160,0.043398,0.061613,0.038990,0.033529,-0.013285,-0.019486,0.049535,0.015640,0.042601,-0.002194,0.097157,-0.023680,-0.011519,-0.013669,0.002316,0.043774,-0.013379,0.029981,0.033479,0.004110,-0.000108,0.074918,0.047429,-0.046768,0.073725,-0.045115,0.022661,-0.016903,0.121800,0.135292,0.019215,0.015209,-0.007091,0.015474,0.028227,0.024084,-0.003911,0.027045,0.045239,0.032688,-0.085607,-0.003188,0.033349,0.056531,0.029728,0.097880,0.024738,0.058469,-0.006326,0.055057,-0.044883,-0.019010,0.106205,-0.000414,-0.031440,0.001289,-0.015341,0.043415,0.029291,0.012409,-0.001785,-0.027121,-0.023091,0.055525,0.010502,0.068449,-0.077014,-0.017314,0.041676,0.026333,0.030415,-0.019656,0.024013,-0.031025,-0.032511,0.045497,0.110973,0.044252,0.030630,0.053077,0.043050,0.020254,-0.019254,0.038565,0.030154,0.053473,-0.095643,-0.022152,-0.052824,-0.093598,-0.025913,0.111728,0.015339,0.002913,0.021176,0.013410,-0.014063
0.047560,0.007680,0.014878,0.027850,-0.028056,-0.022934,0.015952,0.034905,-0.030242,-0.045574,0.039804,-0.009108,0.039680,0.008788,0.004891,0.021639,0.008941,-0.006358,0.068131,-0.014357,0.038183,0.020687,-0.043913,-0.035513,-0.132002,0.010916,0.039385,-0.045403,-0.026592,-0.031863,0.006588,0.055145,-0.068279,-0.024867,0.034219,-0.002635,0.021513,-0.021609,-0.028525,-0.035314,-0.024823,-0.013019,-0.002038,0.003597,0.022693,-0.046602,-0.021720,0.034145,-0.014134,-0.057575,-0.063715,-0.066156,0.101427,-0.044448,0.051654,0.001656,0.024053,0.047261,0.011604,-0.023774,-0.007615,0.031778,0.066332,0.095296,0.013533,0.029238,-0.044125,0.015937,0.008892,0.025021,0.020655,-0.019346,-0.022195,0.014057,-0.026087,0.121982,0.058687,0.021932,-0.024162,-0.027355,-0.012473,0.019811,-0.012995,-0.066436,-0.012783,-0.020119,0.052504,0.056358,0.016391,0.030557,-0.012889,0.021125,0.026225,-0.022004,0.033092,0.014941,0.007408,0.046831,-0.038056,-0.022949,0.075063,-0.013482,-0.031216,-0.088031,-0.049317,-0.008313,-0.042414,-0.056013,-0.015793,-0.047591,-0.059331,-0.004709,0.016515,0.074417,0.033768,-0.295509,0.021439,0.006657,0.025015,-0.007147,0.008857,0.023242,0.008422,0.038552,-0.008117,0.036635,0.032485,0.006759
0.001999,0.046943,0.122421,0.056832,0.046642,-0.062577,0.026435,-0.100710,-0.054942,-0.061836,-0.050085,0.039507,0.192366,0.016808,-0.035783,-0.002413,0.013258,-0.010691,0.088536,0.122519,-0.024839,0.009526,-0.000593,-0.033466,0.062015,0.029136,0.070080,-0.048703,0.032799,0.010759,-0.009131,0.024601,0.040099,-0.023064,0.214766,-0.011990,0.020368,0.030817,-0.016351,0.141310,0.077226,0.021404,-0.027453,-0.067842,0.017425,-0.015380,0.071930,0.017154,0.093063,0.094406,0.115225,-0.003612,0.262080,-0.099052,0.141585,-0.042359,0.017580,0.100175,0.018410,-0.006205,0.000245,-0.015335,0.234933,0.036304,0.006360,0.024206,-0.010741,0.016694,0.228608,0.095607,0.001687,0.015313,-0.108816,-0.071812,-0.013591,0.069451,0.048338,-0.075673,0.116031,0.041492,0.004151,0.027898,0.007015,-0.035334,-0.045028,0.027889,-0.040206,-0.012087,0.055249,0.011592,-0.037214,0.072228,0.028090,-0.014610,-0.098415,0.018212,0.081733,-0.043423,-0.099415,-0.112776,0.031114,-0.005597,0.079665,-0.080133,0.104562,-0.000326,-0.264706,0.088604,0.036914,0.024089,0.003549,-0.020756,-0.032082,-0.014311,0.126147,0.076897,0.020396,-0.078975,-0.015797,0.109063,-0.056221,-0.037181,-0.034673,0.034981,0.001075,-0.011340,0.034086,-0.016643
0.076564,-0.026091,0.022261,0.025699,0.019397,0.018839,-0.090742,-0.033942,0.069779,-0.050103,-0.028753,-0.013353,-0.119350,-0.054004,0.058696,0.028948,0.009072,-0.001614,-0.023524,-0.033824,-0.048101,-0.015546,-0.028815,-0.003741,0.033641,0.003138,-0.122825,-0.001562,-0.048414,-0.089726,0.004058,0.038673,0.119462,0.021376,0.044952,0.037208,-0.017449,-0.019284,0.000875,-0.046241,0.027813,0.059561,0.010057,-0.046746,-0.011743,-0.061646,-0.056531,0.030862,0.020449,0.015210,-0.017704,0.103324,-0.107897,-0.046517,0.055729,-0.012952,0.009998,0.006474,-0.111460,0.011225,0.035153,0.028111,0.025252,0.113325,-0.019543,-0.090544,0.011461,0.027139,-0.073760,0.087616,-0.004600,0.047741,0.008874,0.033472,-0.028650,-0.004996,-0.028368,0.010440,-0.048906,-0.035144,-0.034107,-0.047372,0.019027,0.003333,0.005256,-0.016638,0.031786,-0.152573,0.219147,0.032699,-0.010618,-0.000134,0.022840,0.035625,0.007314,-0.174435,0.053377,0.270849,0.042063,-0.102235,-0.018852,0.090405,0.012529,0.116600,-0.063810,0.057931,-0.102207,0.167373,0.032319,-0.030007,-0.035240,0.068023,-0.044517,-0.082440,-0.041093,-0.080530,0.035828,0.024707,0.020621,-0.016618,0.063505,0.071932,-0.004219,-0.010146,-0.026324,0.051359,-0.050296,0.036873
0.004657,-0.019367,0.026508,0.070480,0.090695,-0.084538,-0.062462,0.020924,0.064472,-0.003657,0.061312,0.043599,0.048204,0.010183,0.010422,0.003058,-0.023307,-0.013677,0.028252,-0.142411,-0.012342,0.005136,0.064104,0.043892,-0.033339,0.107461,0.030450,0.081755,0.005252,-0.008240,-0.009978,0.021788,-0.006092,0.033717,-0.057196,0.008373,-0.001248,-0.001300,0.083710,-0.032453,0.040870,0.022837,-0.038520,0.101818,-0.009278,-0.116146,-0.032230,0.017251,0.049275,0.025051,0.001617,-0.026989,0.029007,0.053001,0.035295,-0.001350,-0.018172,-0.085046,0.033153,-0.002216,0.016109,0.026414,-0.033849,0.082321,-0.028447,0.112023,0.037022,-0.009922,0.051604,-0.046752,-0.041768,-0.019983,0.105356,-0.009791,-0.013883,-0.065363,-0.009155,0.013686,0.047599,0.007239,-0.137812,-0.001547,-0.070863,0.004828,0.007646,-0.032895,0.025020,0.067468,-0.099084,0.007101,0.000897,-0.079675,-0.003041,0.016198,0.028654,0.045522,0.066140,0.071966,0.033417,0.081970,0.008540,0.033083,0.032045,-0.059210,0.024496,0.106368,0.040661,0.101302,0.092107,0.016176,0.041580,0.030042,0.020293,-0.004341,-0.070551,-0.146038,0.005485,-0.020799,-0.020526,0.072676,-0.015367,-0.025989,-0.026256,-0.006787,-0.008833,-0.008896,-0.022378,0.014344
-0.028220,-0.027746,0.039091,0.044854,-0.047104,0.044374,-0.042473,-0.031636,-0.020440,-0.006623,-0.026674,0.029011,-0.030721,-0.033313,0.010080,-0.009170,-0.016122,-0.000535,-0.021333,-0.034020,0.030846,-0.031752,-0.049690,0.019525,0.041268,-0.034115,-0.036639,-0.031014,-0.001529,-0.000965,-0.012632,0.042436,0.037142,-0.008298,0.020492,0.010352,-0.018626,0.039698,-0.024853,-0.067639,-0.027898,0.030459,0.018762,-0.042751,-0.017479,-0.033263,0.358711,0.000943,0.006663,0.009611,-0.009170,0.044858,-0.151435,-0.020330,0.035212,-0.004161,0.002501,-0.011341,0.020562,0.017610,-0.004825,0.030276,0.084623,0.044252,-0.024197,0.004257,0.053882,0.033602,0.019835,0.030212,-0.012879,-0.000928,-0.068272,0.002424,0.015420,0.013033,-0.010625,-0.031501,0.005500,0.013937,0.001119,-0.012252,-0.058131,-0.002030,-0.007166,0.027671,-0.013328,-0.011140,0.021217,0.002986,0.003838,0.017802,-0.030897,-0.009158,-0.056979,0.024175,0.039765,0.002469,0.024665,-0.007926,0.009710,0.279201,0.014694,0.001902,-0.021095,-0.059046,0.013652,0.076729,0.005401,-0.007557,0.096793,0.005670,0.002258,-0.019374,-0.016866,0.013642,-0.004136,-0.037347,-0.022072,0.050250,-0.019521,0.016083,0.030163,0.043274,0.004460,0.017904,-0.001671,-0.031067
-0.014156,-0.069485,0.068870,-0.005887,0.067205,-0.016779,-0.007423,0.013737,-0.015003,-0.030346,0.020149,0.076569,-0.012665,0.022814,0.000180,-0.005041,-0.016821,0.001754,0.043365,0.019067,-0.020188,0.006029,-0.013328,0.011512,-0.005718,0.100684,0.004551,0.050687,0.030488,-0.076607,0.006259,0.035085,-0.028901,0.072600,-0.046019,-0.002644,0.000316,-0.012145,0.090724,-0.070653,0.019407,-0.002575,-0.031864,0.066311,0.010538,0.016705,0.011903,-0.061910,0.005898,-0.016429,-0.145022,0.024236,0.031472,0.043862,-0.040964,0.035192,-0.013524,-0.075944,0.000851,0.012345,-0.002700,0.013096,-0.016840,0.002326,-0.003956,0.042517,-0.055059,0.008407,0.024154,-0.036979,0.020363,-0.050741,-0.123874,-0.039477,-0.018707,-0.023709,0.000579,-0.001246,0.044460,-0.042803,-0.033710,-0.077196,-0.055117,0.014481,-0.013293,-0.034042,0.026648,0.000295,0.029088,-0.003120,-0.002098,-0.019459,0.035434,-0.006687,0.031476,0.026773,0.039326,-0.027056,-0.006542,0.041704,-0.077625,0.025769,-0.046141,-0.017639,0.061801,-0.154555,0.028923,0.001907,0.143906,0.007252,0.050194,-0.028787,0.019207,-0.050812,-0.055648,-0.043206,-0.012691,-0.000362,0.001058,-0.013349,-0.006656,-0.010591,-0.008343,0.039029,-0.005546,0.062607,-0.035520,0.019379
0.002145,-0.020230,-0.011150,0.059927,0.007235,0.025647,-0.062933,0.022125,0.016490,-0.036282,-0.032992,-0.067820,-0.088986,-0.008067,0.065893,0.001427,-0.047201,-0.027558,0.022558,-0.080225,0.330309,-0.005879,-0.002891,-0.020755,0.071642,0.041164,-0.118500,-0.018286,-0.033135,-0.015321,0.053507,-0.024879,0.028778,-0.008450,-0.016393,-0.048595,0.002521,-0.039740,-0.041436,-0.023676,0.015465,-0.003365,-0.006850,-0.043410,-0.017413,-0.011035,-0.053731,0.022597,0.000900,0.102466,0.019226,-0.049409,0.049728,-0.069489,-0.033837,-0.047658,-0.050602,-0.002572,0.018340,0.023087,-0.012819,0.019502,-0.008944,0.025940,-0.026961,0.047109,0.038553,-0.011813,-0.003635,-0.026297,-0.031289,0.018453,-0.077277,-0.043436,-0.094049,-0.010660,0.019160,0.003679,-0.054591,-0.026030,-0.038922,-0.001414,-0.034532,0.123430,0.037729,-0.007433,0.040556,-0.049182,-0.070624,0.003373,-0.033139,0.012831,0.002195,-0.019571,0.030945,-0.006325,0.050614,-0.044471,0.000296,-0.362083,-0.016658,-0.008033,-0.013875,-0.066639,0.006105,-0.062091,0.232446,-0.078036,0.076811,0.016528,-0.041211,0.021638,-0.063017,-0.003235,0.025725,0.261544,0.052526,0.068136,-0.039880,0.023839,0.062608,-0.006913,0.076181,0.012928,-0.015995,-0.011030,-0.020523,0.007063
0.031333,0.019414,-0.021854,-0.017429,0.012431,-0.032237,0.011788,0.049228,-0.020840,0.041161,-0.005661,-0.009451,-0.019134,-0.017959,0.003382,-0.056778,0.019747,-0.014104,0.016010,-0.006919,-0.027612,0.143237,0.026373,-0.195290,-0.015985,0.012366,0.168255,-0.007163,-0.026147,-0.002676,-0.010880,-0.031827,-0.017740,-0.025314,-0.009549,-0.061440,0.015354,-0.020948,0.021549,-0.004302,-0.000858,0.229871,0.010170,0.019866,0.021259,0.042507,0.024243,-0.014758,-0.029590,-0.014003,0.009146,-0.009678,-0.023664,0.011540,-0.016002,0.118198,0.029142,0.002606,0.096649,-0.006447,0.070133,0.002665,-0.016311,-0.017513,-0.006460,-0.017772,0.015292,0.109792,0.009929,-0.030996,-0.006275,-0.095656,-0.027276,-0.028286,-0.010140,0.000206,-0.207811,-0.015483,-0.000425,0.018933,-0.006405,0.001264,-0.043032,-0.026057,-0.043677,0.015860,-0.013182,0.009951,-0.030298,-0.002893,-0.012979,0.008269,-0.046862,-0.030545,-0.005956,0.008469,0.000191,-0.036478,0.034100,-0.000501,-0.030928,0.030133,-0.029100,-0.012316,0.005819,-0.018276,0.004128,-0.030747,-0.017385,0.006277,-0.035441,-0.197269,0.010683,-0.042829,0.007725,0.024185,-0.034715,0.007582,0.056257,0.021181,0.046371,0.155316,0.147223,-0.032067,-0.021838,0.014010,-0.003658,-0.015952
-0.041055,-0.027978,0.011715,-0.024947,-0.065038,-0.022753,-0.095919,0.058684,0.015261,0.000456,-0.011212,0.022569,-0.108329,-0.061606,-0.008225,0.004284,-0.032891,0.018586,-0.064050,-0.068665,-0.032065,-0.019735,-0.061261,0.051086,-0.020030,0.019962,-0.001942,0.056754,-0.137048,0.149388,-0.003383,0.042939,0.035051,0.001359,-0.020439,0.003537,-0.002584,0.140539,0.058158,-0.038103,-0.106165,0.005045,-0.070266,0.009483,0.010730,-0.000185,0.013265,-0.025972,-0.043877,0.084930,-0.041169,-0.025887,-0.009645,-0.040461,-0.118763,0.027386,-0.054753,0.009847,-0.005138,0.031651,0.001116,0.017182,0.005829,-0.126502,-0.013978,-0.015774,-0.096992,0.023117,0.048744,0.011522,-0.033047,-0.023124,0.048386,-0.050457,-0.004563,-0.016093,-0.014891,0.006363,-0.037306,-0.039311,0.023653,0.010196,-0.019512,-0.082619,0.011856,-0.016514,-0.035425,-0.005336,0.118368,-0.030327,-0.012311,-0.031889,0.106781,0.025918,0.003265,-0.021600,-0.015212,-0.127163,0.001171,0.039980,0.255196,-0.028202,-0.023296,0.074138,0.042799,-0.024314,-0.021132,0.018879,-0.008229,0.022012,0.090464,-0.011581,-0.004709,-0.002128,-0.010102,0.030914,-0.016933,-0.015343,0.004967,0.003819,0.010152,-0.002734,0.009989,0.279856,0.007803,0.051486,0.031963,-0.044597
