-0.053144,0.024670,0.044066,-0.044810,-0.055805,-0.005026,0.000825,0.099181,-0.198885,-0.028265,-0.003702,0.052269,-0.035260,0.062374,-0.071452,0.086605,-0.016736,0.020209,0.026039,0.025084,-0.243499,0.054991,0.078665,-0.053247,0.111397,0.092194,-0.010456,-0.022285,0.061379,-0.012417,0.057574,-0.011634,-0.042949,-0.059113,-0.024027,0.099035,-0.087302,-0.063916,0.014131,0.062317,0.064541,-0.042766,0.144513,-0.012023,0.018191,0.000437,0.091304,0.086175,0.061838,0.031024,0.057809,0.042445,0.017940,-0.141336,0.121959,0.025556,-0.075388,-0.045143,-0.070605,0.089203,-0.064412,0.032082,-0.000770,-0.017481,0.039590,0.033107,-0.112951,-0.059815,0.085378,-0.051927,-0.113660,0.029243,-0.014559,0.013537,0.094973,-0.064781,-0.015406,0.039239,0.019869,-0.112682,-0.107743,-0.063148,-0.061151,-0.004458,0.143875,-0.024744,0.068259,0.038584,-0.029202,0.014634,-0.020141,-0.145392,-0.020234,0.001985,0.016814,-0.021629,0.047308,-0.079434,-0.025236,0.025903,-0.069770,-0.005967,0.010062,-0.029734,-0.019404,0.031054,0.141365,0.070754,-0.016843,-0.017324,0.005448,-0.067582,0.001743,0.010404,-0.019118,-0.127987,0.024612,-0.044538,-0.068026,0.085870,-0.082961,-0.039569,0.112162,0.019622,-0.121742,-0.202056,0.016150,-0.128056
-0.037583,0.031746,0.027906,-0.038874,0.010255,-0.071465,0.007721,0.071984,-0.057546,0.076647,-0.018618,0.140338,-0.063256,0.021932,0.100437,0.120988,-0.003702,0.019064,0.001484,0.067137,0.077961,0.005127,-0.136405,0.029884,0.127074,0.057640,0.118831,0.010792,-0.006437,-0.110046,0.025744,-0.021916,0.023563,-0.090230,-0.061986,0.072401,0.186440,-0.030711,0.015292,0.002246,0.069544,-0.013639,-0.149201,0.010657,-0.091389,0.037562,0.075996,0.247193,-0.060362,-0.050893,0.023107,0.092377,0.074585,-0.179024,-0.029250,0.040149,0.018794,-0.007249,-0.005310,0.148878,0.036393,0.044358,-0.001569,-0.071772,0.045621,0.001421,-0.106474,0.072033,-0.159185,-0.191392,0.048548,0.017794,0.046661,-0.039468,0.082475,-0.164236,-0.094556,0.030861,0.084142,-0.083436,0.047167,0.056017,-0.022715,0.022269,-0.130111,0.083912,-0.052586,-0.064886,0.085118,-0.005010,-0.040956,-0.041223,0.083351,-0.014087,0.016269,-0.093757,-0.007797,0.199882,0.032689,-0.011588,-0.005846,-0.031372,0.022479,0.025605,0.000451,-0.009623,-0.022296,-0.037705,-0.007899,-0.048104,-0.038482,0.144083,0.174173,-0.149084,0.001430,0.000953,0.006978,-0.094849,-0.033808,-0.115159,0.251308,-0.006605,0.041990,-0.048404,0.026857,-0.023955,0.043600,-0.182231
-0.009319,-0.245745,-0.039989,-0.013008,0.010778,-0.254771,-0.007076,0.053974,-0.019353,-0.035595,-0.070287,-0.027342,0.005219,-0.008178,-0.023545,0.021537,0.089277,-0.053942,-0.048481,-0.139650,-0.031899,0.148737,0.020056,0.028040,0.015810,-0.024632,0.029360,-0.057629,0.007061,-0.080807,0.033727,-0.006753,-0.011384,-0.006856,0.055892,-0.020607,-0.035345,0.068828,0.038038,0.008365,0.045796,0.050201,-0.007383,-0.003443,-0.055624,0.042471,-0.151550,0.020248,-0.021665,-0.020113,0.030787,-0.027442,0.021779,-0.046722,0.006473,-0.010709,-0.002512,0.030690,-0.000192,0.010934,0.014744,0.028628,0.131278,-0.000990,-0.001756,0.321960,0.013550,-0.021724,0.024218,0.057377,-0.042730,0.066151,0.193376,0.269013,0.018976,0.012962,-0.001812,0.062096,-0.121114,0.029829,0.050985,-0.225595,-0.014847,0.041315,-0.005656,0.227456,0.125373,0.102991,0.005127,-0.168098,-0.020214,0.039664,-0.009458,0.008884,-0.203092,-0.036855,0.087130,0.028119,0.145323,0.057928,0.020753,0.055940,-0.078594,-0.015612,-0.085481,-0.037502,0.116801,-0.994070,-0.137570,0.075245,-0.027607,-0.061826,-0.001815,0.036400,0.327266,-0.015273,0.052979,0.044946,-0.005841,0.003754,-0.059862,0.015115,0.010896,0.049422,-0.003170,0.000626,-0.061856,0.030628
-0.006300,-0.000562,0.001769,-0.002930,-0.002965,0.004439,-0.005800,-0.003183,-0.007903,-0.020159,-0.000872,-0.003337,-0.015340,0.003233,0.003434,-0.000118,-0.004633,0.007049,-0.000272,0.003563,0.002166,0.001075,0.005377,-0.007696,-0.005064,-0.007302,0.004813,-0.004949,-0.007796,0.004735,-0.010066,-0.000855,-0.004659,-0.018643,-0.012086,0.001757,0.015224,-0.004606,0.007978,-0.001134,-0.014504,-0.003499,0.015044,0.000594,-0.004252,-0.002684,-0.001480,-0.005460,-0.005126,-0.000648,0.008714,-0.004948,0.030209,0.000655,-0.004019,0.015881,0.006226,-0.005898,-0.006876,0.018973,-0.012543,0.003136,-0.002539,0.000413,0.007464,-0.006082,-0.013592,0.003786,0.005214,-0.006990,0.004245,-0.000827,0.015937,0.003152,0.001241,0.009652,-0.006786,-0.004681,0.006404,-0.000529,0.012040,0.007224,0.002401,0.015754,0.006997,0.008730,-0.002140,0.005413,0.002667,0.000376,-0.000367,0.009239,0.005449,-0.018087,0.001477,-0.009104,0.007598,-0.001516,0.000616,0.000983,0.011770,-0.009704,0.013993,0.004530,-0.000071,-0.008995,-0.008801,0.002321,-0.000172,-0.002797,-0.010206,-0.003323,0.010975,-0.005448,-0.005675,0.000165,0.000094,-0.001781,-0.004169,0.004596,-0.002193,0.012239,0.000982,0.004862,0.004236,0.004914,0.001674,0.009791
0.087798,0.029754,0.009846,0.042901,0.013365,0.016559,0.012234,-0.013515,-0.053470,-0.041510,0.005715,-0.127419,0.025466,-0.034718,0.007462,0.000645,0.004342,0.024972,-0.010212,-0.008463,-0.001680,-0.026974,0.021756,0.042384,-0.113093,-0.069729,-0.091355,0.000852,0.004150,0.000841,-0.090755,0.021312,-0.068083,0.115090,0.025538,-0.083101,-0.091102,0.012325,0.025151,-0.015895,-0.009284,-0.024991,-0.002085,-0.004812,0.037321,0.051500,-0.029442,-0.056484,-0.033466,0.066037,0.130409,0.013539,0.052602,0.048967,0.057811,0.004558,0.090948,-0.020800,0.074092,-0.078950,-0.080852,0.009672,-0.015241,-0.019059,-0.006437,-0.002524,-0.006210,-0.029299,-0.053326,0.114790,-0.072053,0.017419,0.003981,0.018381,-0.041723,0.153596,0.062736,0.004799,0.001256,0.003003,0.119912,0.012399,0.022938,-0.001125,-0.029823,0.029871,0.030181,-0.009201,0.045486,0.021335,-0.054752,0.051537,-0.024456,0.007922,-0.009551,0.062535,-0.016326,0.030924,0.056798,-0.012958,0.072407,0.016876,0.007297,0.094580,-0.019204,0.060506,-0.074730,-0.003095,0.011308,0.031167,-0.018970,-0.013251,0.029470,0.013858,0.017507,0.021820,-0.010348,-0.083436,0.023023,-0.067346,0.012383,-0.017159,-0.015595,-0.062119,0.068718,-0.004288,-0.002612,-0.010404
0.132057,-0.000212,0.033821,-0.012284,0.138359,0.004698,-0.004327,0.113527,-0.046740,0.012661,-0.007654,-0.073394,0.088980,0.065667,0.010495,-0.032299,-0.000266,-0.010862,-0.023289,0.006001,0.121073,0.003950,0.088336,-0.024904,0.034424,0.097945,0.120769,0.000230,-0.102163,0.075898,0.026879,0.013182,0.053180,0.000750,-0.014505,0.047232,0.059433,-0.040305,-0.010020,-0.023371,0.191817,-0.015388,-0.009754,0.015644,-0.033344,-0.086103,0.049569,-0.141190,0.032682,-0.039828,-0.078422,0.071722,-0.143640,-0.008459,-0.016522,-0.023409,-0.064420,-0.039323,0.055594,0.106682,0.025927,-0.020062,-0.020178,0.039383,0.012958,-0.013601,0.033590,0.063862,-0.075743,-0.009873,0.100007,-0.075055,0.048825,0.034296,-0.010992,0.000587,0.120895,-0.128424,0.075947,0.099001,-0.018272,0.024252,-0.004852,0.026397,-0.019377,-0.023267,-0.019775,-0.049282,0.022239,0.000551,0.019454,-0.101900,0.040134,-0.035588,0.014094,0.004234,0.002274,-0.006530,-0.035626,0.007214,-0.029459,-0.005421,0.010381,-0.082699,0.027594,-0.007492,-0.120646,0.023993,0.002236,0.089959,-0.031534,-0.166205,0.143089,0.042232,0.013249,0.064454,0.016893,-0.063260,-0.019890,-0.007573,0.196197,0.083138,0.072510,0.001449,0.008200,0.127328,-0.008456,0.050797
0.050804,0.021209,0.106906,-0.127904,0.011711,-0.041183,0.003909,-0.001539,-0.006318,0.011324,-0.006988,0.032390,-0.053668,-0.068800,-0.096172,-0.115553,0.030979,-0.052261,-0.031415,-0.051069,-0.137978,-0.126454,0.012523,0.007353,-0.078910,0.211107,0.163561,0.115354,-0.195034,-0.067578,-0.044134,-0.034382,0.103186,0.006395,-0.131920,-0.052868,-0.080150,0.082498,0.083616,-0.051943,0.065145,-0.001727,-0.044566,-0.004017,0.007702,0.036245,-0.025460,0.061245,-0.075988,0.007923,0.006090,0.190832,0.022978,-0.027376,-0.093429,0.016138,0.152720,-0.073526,-0.108842,0.051396,0.009429,0.019240,0.038852,0.077525,0.048044,-0.007840,0.177374,-0.037101,0.084197,0.095321,0.053846,-0.197015,-0.125935,-0.033990,-0.067044,0.065166,0.069587,0.291368,-0.067904,0.054006,0.009213,0.086091,-0.135903,-0.045102,0.070413,-0.008753,-0.051610,0.034908,0.131354,0.006337,0.071877,-0.082543,-0.069304,0.045581,-0.004492,-0.131084,0.008246,-0.378659,0.013634,0.023072,0.096349,-0.051270,0.013595,0.087314,-0.002020,-0.038709,0.023682,0.018439,-0.028511,-0.066799,0.044632,0.006850,-0.032188,-0.064000,0.062752,0.112593,0.006563,0.076081,0.061092,0.005536,0.080932,0.072753,-0.039616,0.083720,-0.036189,0.238631,-0.057156,-0.042103
0.002098,-0.001874,-0.084192,-0.079840,-0.015900,-0.038408,-0.008808,-0.058530,-0.098147,0.033711,-0.013128,0.033264,-0.033938,0.024309,0.149736,0.092367,-0.006803,-0.124890,-0.024078,-0.001536,-0.041688,0.138947,0.015141,-0.056364,0.080171,0.181686,0.104118,-0.026849,-0.010005,-0.002655,-0.117198,-0.035356,-0.050786,-0.026103,0.021360,0.010237,0.063572,0.033291,-0.038153,-0.064608,0.056667,-0.070405,0.000774,-0.014279,0.051853,0.112652,0.030110,-0.019879,-0.053551,-0.031097,-0.438800,-0.073481,-0.113528,-0.044847,-0.079674,-0.081710,0.042775,0.018583,0.008531,0.048887,-0.006421,-0.035954,-0.002232,0.054750,-0.007773,-0.054398,-0.013431,0.037382,0.000344,-0.041761,-0.028967,-0.251757,-0.051018,-0.022997,0.093142,-0.171760,0.069175,-0.057750,-0.036935,0.200753,-0.046612,-0.107692,0.005577,-0.014818,0.013634,0.042524,-0.002022,-0.086043,-0.033622,-0.017763,0.039221,-0.149183,-0.011349,-0.030844,-0.022905,0.043102,0.032831,0.116572,-0.089819,0.036433,-0.050198,-0.029186,0.020034,-0.030104,-0.018128,-0.001354,-0.009516,-0.025362,0.013969,0.130880,0.043833,0.037707,-0.031362,0.061787,0.027881,-0.025213,0.015577,0.029809,0.110269,-0.039967,-0.097404,-0.008235,0.099065,0.015850,0.031097,-0.237764,0.007023,0.160843
-0.018510,-0.004860,0.006088,0.094554,0.024928,0.019180,-0.003665,0.101284,-0.121127,0.069060,0.008378,0.062055,-0.004440,-0.000822,0.037121,0.005573,-0.002314,-0.079860,-0.025483,0.030527,0.105995,0.051667,-0.038030,0.144953,-0.031193,0.110095,-0.011833,-0.017067,-0.064921,-0.006840,-0.016018,0.029962,-0.125674,0.046073,-0.001804,0.043124,0.053196,0.007470,0.171497,0.234798,0.134034,-0.000023,0.035673,0.000985,-0.009138,-0.069817,0.064017,0.062574,0.065245,0.071817,-0.035995,-0.081353,-0.006781,0.016236,0.093233,0.084253,0.082230,0.015525,0.021307,-0.046091,-0.077155,-0.016434,-0.000800,0.015288,0.017582,-0.019273,0.072675,0.017139,0.132384,-0.000746,0.065503,-0.025974,0.015320,-0.007387,0.068022,0.027698,0.101958,0.070602,0.003190,0.010737,-0.027598,0.001827,-0.020546,0.002634,0.019656,-0.015665,-0.017806,-0.029380,0.086313,-0.018091,-0.049849,0.113566,0.041034,-0.020462,0.027584,-0.065089,0.005260,0.018083,0.010506,-0.000290,-0.020153,-0.000276,0.005426,0.005451,0.013859,-0.008907,0.072845,0.002319,-0.024452,-0.059464,-0.002970,0.153706,0.090170,0.059719,0.018677,0.006585,-0.006934,0.040437,-0.035638,0.008843,0.036098,-0.009521,-0.052743,0.030063,0.018828,0.045617,0.013868,-0.006806
-0.020179,0.124630,-0.082869,0.004729,-0.044561,0.019621,-0.001468,0.006078,0.006359,0.000686,0.157386,-0.030747,0.023014,0.039499,0.019701,0.026151,0.456019,0.023247,-0.028277,-0.161100,-0.028245,0.076418,0.016333,0.005269,-0.018467,-0.015747,-0.027546,0.044923,-0.002117,-0.066817,-0.017943,0.058871,0.009034,-0.018339,-0.010494,-0.025053,-0.156466,-0.075450,-0.016074,0.014563,0.001024,0.008627,0.017403,-0.005857,-1.209501,0.028406,-0.004409,-0.015922,-0.047417,0.019840,-0.016163,-0.010812,-0.041822,0.020605,0.052861,-0.005691,0.017450,0.077432,-0.000973,-0.037624,-0.025314,0.160370,-0.035022,-0.088653,0.042853,0.027440,0.022976,0.009213,0.015317,0.065286,0.003921,-0.005769,0.051381,-0.216041,0.006609,0.048576,-0.004365,0.002139,0.084102,0.027466,-0.001608,-0.155890,0.033681,-0.011998,-0.036012,0.005010,-0.014605,-0.019608,0.013511,-0.026592,0.021562,-0.044654,0.059008,0.136336,0.052149,0.046794,0.143189,-0.024331,-0.106963,0.185514,-0.004828,0.146682,0.036858,0.009479,0.060621,0.008690,0.040066,0.026116,-0.043456,-0.016375,-0.094004,-0.022898,-0.004620,0.003792,-0.152777,0.082607,0.054872,-0.029425,0.016734,0.018403,-0.047618,-0.013954,0.050335,-0.025782,0.027953,-0.052639,-0.037007,-0.024150
-0.044341,0.097388,0.046580,0.073469,-0.033853,0.064971,0.009651,-0.029369,-0.066956,-0.031184,-0.103727,0.057489,0.010532,-0.169390,0.047051,-0.073817,-0.103774,-0.049638,0.001205,-0.021834,-0.021798,0.085696,0.011421,-0.032121,0.008420,-0.017507,-0.009786,-0.090703,0.006569,0.142992,0.069100,-0.045868,0.003356,0.044819,-0.053482,0.064396,-0.112751,0.020445,-0.008315,0.038392,0.008330,0.050497,0.048870,-0.005904,-0.177618,0.017112,0.037714,-0.037035,0.046095,-0.029570,0.011369,0.132734,0.053944,-0.028605,0.058528,0.018431,0.009997,-0.003759,0.006351,-0.004663,0.067116,0.048849,-0.123368,0.046284,0.014564,0.114175,0.066828,-0.041685,0.050036,-0.089288,0.128780,0.049850,0.012714,0.175697,0.006658,0.001674,-0.045943,0.033650,-0.039814,0.146203,-0.000012,0.118784,-0.017228,0.011506,-0.034852,0.048580,-0.032994,0.052462,0.070294,0.178968,0.083028,0.021152,0.113095,0.025194,0.231744,0.037866,0.016794,0.048713,-0.052268,-0.288182,0.003156,-0.039808,0.036668,-0.027062,-0.066840,-0.010269,0.010073,0.116869,0.057054,-0.070968,0.094419,-0.052838,-0.060312,-0.056018,0.032047,0.142181,0.129621,0.146328,-0.018342,0.021406,-0.029484,-0.046854,-0.002618,0.005111,0.027428,-0.095868,-0.003003,-0.062846
-0.127437,0.001893,0.022704,-0.115196,-0.196065,0.016495,0.004492,-0.014531,0.006253,-0.101427,0.026169,0.076492,0.063633,0.004559,-0.042466,-0.044337,0.009970,0.060136,-0.006668,0.014809,0.057175,-0.021822,-0.034287,0.017024,0.078860,-0.045021,0.060503,-0.022365,-0.029013,-0.036286,0.112780,-0.003453,-0.064138,-0.041671,0.054899,0.017762,-0.059035,-0.047902,0.142976,0.149749,-0.022158,0.102592,-0.031743,-0.005529,0.013977,-0.183862,-0.002538,0.012946,-0.060284,0.132195,-0.046901,0.134840,0.034204,0.083967,0.035332,0.053058,-0.035661,0.008297,0.021313,0.093604,-0.137154,-0.060735,0.010049,-0.000227,0.021613,0.004882,-0.127588,-0.075812,-0.048161,-0.016733,-0.067166,-0.177314,0.032131,0.040558,0.027479,-0.030669,0.002638,-0.007198,0.021151,0.020639,0.003706,-0.042478,-0.042749,0.093838,-0.096377,0.038934,0.023944,-0.146202,-0.027602,0.031248,0.065026,0.052404,0.053803,-0.004000,-0.015820,-0.061907,0.043114,0.000726,0.014532,0.014942,0.116694,0.005441,0.011369,-0.080487,-0.016898,-0.006141,-0.018314,0.024356,0.033387,-0.134436,-0.029234,-0.061737,0.037535,-0.007800,0.000086,-0.076490,-0.022467,-0.049600,-0.085627,0.027666,-0.098556,-0.025427,-0.225202,-0.037887,0.010214,-0.024709,-0.004129,-0.039071
-0.031251,-0.036734,-0.004212,0.041955,0.450443,-0.040265,-0.002374,-0.017819,-0.008523,0.096737,0.020113,0.088046,-0.006364,0.009673,0.042948,0.040568,-0.098401,0.147072,0.014475,0.031952,-0.166238,0.019264,-0.155512,-0.045602,0.052075,-0.060059,-0.031070,-0.007543,-0.151017,0.089083,-0.127716,-0.006218,0.041331,-0.016294,-0.026884,0.002044,-0.001949,-0.047249,-0.022923,0.138503,-0.072952,0.022170,0.018516,-0.001269,-0.110295,-0.071082,-0.014624,0.145843,-0.046855,-0.033023,-0.046373,-0.340438,-0.010879,0.132759,0.065856,0.002863,-0.138420,0.064830,-0.016154,0.048016,0.151955,-0.024824,0.014969,0.065403,0.075485,0.013826,0.008278,0.003472,0.007463,-0.108529,-0.157691,-0.009797,0.062234,-0.048478,0.019167,-0.219348,0.001373,0.067795,-0.045958,-0.006090,-0.051980,0.037189,-0.020210,0.031690,0.051227,-0.027849,-0.076500,0.114953,-0.054075,-0.024839,0.037233,0.069869,0.020920,0.043458,-0.034786,0.002369,0.024607,0.026442,0.006346,-0.040577,0.056862,-0.001624,0.054390,-0.026637,0.017305,0.098583,0.243060,0.044866,0.048139,-0.028414,-0.078764,-0.017068,-0.020881,0.052542,0.024668,0.056604,-0.003880,0.020650,0.075279,-0.061055,0.120061,-0.007957,-0.063036,0.068593,-0.004754,0.124411,0.009112,-0.145864
-0.036981,0.049970,0.054256,-0.167927,-0.133381,0.089052,0.019280,0.078156,0.188724,-0.075597,0.059935,-0.005155,-0.074027,-0.095766,0.156134,0.028791,0.055705,0.263861,0.057814,0.027074,0.113893,0.012061,-0.002334,0.033170,-0.042501,0.269415,-0.055514,0.017763,-0.112912,0.017072,-0.020152,0.001111,0.075311,0.012329,0.008485,-0.175015,-0.041509,0.002352,0.046382,-0.040851,-0.007551,0.106787,-0.003033,0.014682,-0.064936,0.034141,0.052667,0.006895,0.070472,-0.144139,-0.086917,0.050234,0.090750,0.074474,-0.140142,0.055533,0.015168,-0.027214,-0.208826,0.023977,0.089136,-0.024110,0.029442,0.028277,0.033066,0.023579,-0.005358,0.073798,0.059931,0.035687,-0.044139,-0.189969,-0.005668,0.040685,-0.021769,-0.100256,-0.291689,0.066311,-0.022176,-0.016660,-0.011383,0.041864,-0.010362,-0.121861,-0.008254,-0.092508,0.051362,-0.028320,0.035831,-0.018563,0.128084,-0.052254,-0.039840,-0.007964,0.031278,-0.165602,0.032319,-0.002620,0.082877,0.045809,0.119645,0.018841,0.025983,-0.000303,-0.079532,-0.061230,-0.126266,0.029971,-0.008370,0.146625,0.000881,-0.012366,0.081790,-0.133706,0.003323,-0.074730,-0.017915,0.113198,0.040854,0.051282,-0.229286,0.206572,-0.041086,-0.022066,0.015571,-0.029734,0.000628,0.070911
0.028561,-0.043400,-0.043384,0.052562,-0.011123,0.064259,-0.013561,-0.045386,-0.101284,0.032765,-0.040259,-0.056175,0.045776,-0.006705,0.082563,-0.258765,0.030331,-0.132994,-0.060597,0.012039,-0.154793,-0.064753,0.087428,-0.033984,0.049415,0.103713,0.001451,0.100474,0.036104,-0.101786,-0.029627,0.003514,0.031586,0.155439,0.049482,0.187939,-0.153841,-0.028306,0.030546,0.066790,0.006068,-0.030266,0.006266,-0.010991,0.000421,0.041912,0.098646,-0.095182,0.244647,0.057692,0.039144,-0.247375,-0.062845,0.030282,0.027958,-0.050154,-0.035642,-0.020316,-0.129513,-0.086558,-0.046550,-0.043834,-0.011164,0.113824,-0.156479,0.019256,0.055820,0.043986,-0.024145,0.024110,0.066165,0.072164,-0.010574,0.029854,-0.050719,0.062731,-0.008695,-0.023379,0.044678,0.182931,-0.028184,-0.128661,0.013143,-0.003978,0.102475,-0.061660,-0.034735,-0.244331,0.156636,-0.003092,-0.027463,0.024880,0.030056,-0.017550,0.037571,0.077761,0.040887,-0.128748,0.034820,-0.007868,0.123159,-0.038483,-0.014898,0.050487,0.024541,-0.082864,-0.379807,0.024542,-0.074641,-0.014760,-0.023118,-0.069827,-0.063463,-0.064612,-0.004141,0.074803,-0.014228,0.074032,-0.047767,-0.100104,0.136367,0.037912,-0.282118,-0.008344,-0.094374,0.116647,-0.011265,-0.057743
-0.049650,-0.002654,0.010126,-0.048211,-0.084794,0.039511,-0.009861,0.057321,0.062575,-0.095770,0.051886,0.077804,-0.103278,0.395319,0.099243,-0.053160,0.040374,-0.136259,-0.024827,0.004181,-0.029296,0.068436,-0.289435,-0.021207,0.013073,0.005274,-0.007064,-0.126337,0.104375,-0.011833,0.116640,0.016621,-0.002692,-0.075601,-0.044543,0.083214,-0.047093,-0.048928,0.057556,0.015015,0.156638,0.146249,0.016052,0.009817,0.031963,0.027412,0.100541,0.081410,0.103494,0.031187,0.028927,0.004437,0.124596,0.019987,-0.057173,-0.044418,0.084079,0.047654,-0.185049,-0.027082,0.054803,-0.037333,0.017931,0.135793,-0.039126,-0.016888,0.137472,-0.027282,0.013100,0.045464,0.021438,0.016725,-0.027729,0.016746,0.037357,0.065448,-0.172312,0.134659,-0.044280,0.018460,-0.000769,-0.162454,-0.113313,-0.000947,-0.043178,-0.047172,0.036807,0.067733,0.014200,0.036151,-0.028937,-0.063560,0.015847,0.036800,0.024998,0.163656,-0.106233,0.052888,0.012877,-0.008706,0.064886,0.019294,-0.024466,0.087904,-0.051595,-0.114083,0.117240,0.100923,0.021545,0.026283,-0.048893,0.083505,-0.040442,0.020671,0.042772,0.004957,0.052423,-0.228784,-0.069459,0.081982,0.011216,0.056364,0.113559,0.025321,0.029987,0.047726,-0.046747,0.095152
-0.025545,0.103945,0.179855,-0.097218,-0.001594,-0.027340,0.001525,0.089675,-0.053955,-0.032837,-0.037260,-0.438883,-0.040035,0.067843,-0.083001,0.045333,-0.056403,0.003456,0.043261,-0.210134,0.056679,-0.053868,-0.014639,0.040392,0.039913,-0.049774,0.018576,0.055234,0.105939,-0.037973,0.058680,-0.193615,-0.012967,-0.016658,-0.100976,-0.004144,-0.084647,-0.043827,0.007178,-0.040825,0.042353,-0.002018,-0.045143,-0.000537,-0.044816,-0.013861,-0.023870,0.014770,-0.038488,0.004710,-0.012193,0.149978,-0.002576,-0.119265,-0.115338,0.007477,-0.036020,0.706513,0.022039,0.098162,0.173100,0.011908,0.033765,0.129290,0.038237,0.075175,0.158696,-0.029907,0.043816,-0.134216,-0.025012,0.010101,0.132698,0.074497,0.018103,-0.040858,0.011421,0.049640,-0.091335,-0.096564,0.017038,0.024488,0.013627,-0.004051,-0.011892,0.078189,-0.064559,0.043853,-0.011188,0.436136,0.000395,0.491341,0.153367,-0.132795,-0.020651,0.047772,-0.207675,-0.108887,-0.069865,-0.137569,-0.020462,0.132418,0.110794,-0.122286,-0.035245,0.002164,-0.007046,0.008287,0.025404,0.087496,-0.070232,0.046356,0.062418,0.029063,-0.046082,-0.027971,0.065118,0.090666,0.250951,0.018628,0.126261,0.084587,-0.023070,0.099512,-0.033224,0.032564,-0.123844,0.048613
0.018015,-0.089656,0.087011,0.027349,-0.026471,0.069247,-0.006166,0.004002,0.031063,-0.017003,0.057157,-0.123109,0.047459,0.007808,-0.015273,-0.004412,-0.341697,-0.057314,-0.044738,0.138022,-0.145751,0.001368,0.033289,0.019701,0.000340,0.135989,-0.023813,-0.106325,0.099870,0.167099,-0.048893,-0.087247,0.000270,-0.107112,0.070394,-0.053730,-0.058087,0.326486,-0.032359,-0.101099,-0.006279,0.051046,-0.053463,-0.010701,-0.150804,0.028191,0.012358,-0.018456,-0.081333,-0.038896,-0.023986,0.022009,-0.022801,0.010027,-0.008778,-0.013199,0.008027,0.018014,0.036501,-0.055839,-0.013728,0.108639,-0.022391,-0.031298,-0.060830,0.047308,0.052752,0.049666,0.005264,-0.063406,0.057529,0.018436,-0.251371,0.386911,0.009241,-0.019995,-0.025103,0.028478,-0.006672,-0.034893,-0.006953,0.073152,-0.260639,-0.015334,-0.004643,0.012453,-0.164555,-0.081833,-0.023656,-0.291750,0.084272,0.167953,0.023221,0.020270,0.079912,0.002457,0.079755,0.002679,0.331159,-0.106984,-0.003886,0.321190,0.045741,0.004322,0.015985,-0.094936,-0.027148,-0.017559,-0.040870,0.045914,0.151830,0.073520,0.005110,-0.010345,-0.006274,0.077728,0.390765,0.107863,-0.123778,0.019240,-0.053369,0.024850,-0.035125,-0.062537,0.012490,0.012158,0.176102,-0.074914
0.009196,0.047005,-0.144427,-0.003355,-0.015412,-0.031384,-0.009155,0.013654,0.030784,-0.016974,0.336336,0.047514,-0.034073,-0.013310,0.006239,0.009420,-0.028800,-0.045252,-0.071765,0.074961,0.031761,0.017564,-0.004421,0.028545,-0.011743,-0.032000,0.026626,0.121171,-0.002272,0.031902,0.053229,-0.062486,0.028938,0.035145,0.030040,-0.012750,0.053966,-0.275837,-0.009322,0.008749,0.026983,-0.007562,-0.000082,-0.012950,0.059840,0.010898,-0.011912,0.028230,0.004423,-0.006892,-0.010851,-0.019180,0.012827,0.048400,-0.056976,-0.005839,0.012176,-0.023607,-0.019972,0.032813,0.074904,-0.100390,0.229140,-0.181076,0.038021,-0.277430,-0.003188,-0.004400,0.017798,-0.049492,0.072435,0.030677,-0.064282,0.198466,0.000102,0.025534,-0.025539,0.035796,-0.030906,-0.042702,0.019435,-0.049383,0.133617,-0.022050,-0.037231,-0.135901,0.036462,0.012832,0.011014,-0.035896,-0.031002,0.014160,-0.011447,-0.045627,0.139771,0.006867,-0.017700,-0.009102,0.065184,0.024547,-0.024342,0.064248,0.016310,0.010843,0.057997,-0.059718,0.023245,-0.031675,0.361727,-0.049717,0.235078,-0.027612,0.006150,0.003846,-0.053237,0.052164,0.548946,-0.128435,0.190712,0.029100,-0.010365,-0.056834,0.008811,0.003044,0.004422,0.023834,0.110535,-0.010691
-0.041617,0.092632,-0.115908,0.096808,-0.034115,0.019538,-0.004422,-0.054297,-0.085035,-0.017349,0.076191,-0.011867,-0.000219,-0.034557,-0.010861,0.061871,-0.030231,-0.027689,-0.011402,0.062462,0.013530,-0.070482,-0.031384,-0.022957,0.017433,-0.005727,-0.038259,0.104170,0.042929,-0.064803,-0.024080,-0.027922,-0.036481,0.050200,0.044225,0.043020,-0.066198,0.020654,-0.021790,-0.044339,0.008329,-0.038266,0.029301,0.002687,0.157580,-0.011296,-0.047991,-0.008837,-0.019284,-0.017644,0.034513,0.026924,0.012112,-0.020035,0.003851,-0.002564,0.022809,0.034414,-0.035325,-0.052097,-0.003883,-0.013425,-0.005583,-0.088287,-0.168851,0.024078,-0.008876,0.094827,0.013704,0.069229,0.082262,0.027107,0.008172,-0.176476,-0.001207,0.011367,0.016050,0.059629,-0.034309,-0.034928,0.024469,-0.073396,0.045558,0.017411,-0.069506,-0.056708,0.012349,0.009357,-0.071521,0.019967,0.742490,-0.025323,1.025351,0.100133,0.105676,-0.049798,0.056854,0.062841,-0.050253,0.080666,0.044091,-0.064480,-0.014072,0.068778,0.059390,0.013875,0.015458,-0.070762,-0.055313,-0.022694,0.195112,0.020821,-0.065921,0.013499,0.023815,0.068839,0.074968,0.023088,-0.111959,0.041960,-0.021590,-0.012120,0.034252,-0.001979,0.000635,-0.055605,-0.050873,-0.028529
-0.104508,0.029141,0.220057,0.132233,-0.005022,-0.017129,-0.001901,-0.302453,0.134196,0.012996,0.134608,0.253763,0.023465,0.160843,0.162988,-0.067438,0.007456,-0.112618,0.009917,-0.008846,0.105234,0.007594,0.056775,-0.030492,-0.113356,-0.044614,-0.042701,0.077055,0.069247,0.084102,-0.141812,-0.017032,0.025945,-0.060763,-0.158670,-0.016219,0.159973,0.099835,-0.060339,-0.013784,-0.042226,-0.080696,0.013689,0.002053,-0.038668,-0.057809,0.034968,-0.062771,0.238983,0.029245,-0.025093,0.116530,-0.128163,0.172227,-0.017334,0.001502,0.054409,0.128801,0.030807,0.054062,-0.012373,-0.131677,0.099310,0.216868,0.157747,0.079115,-0.074249,-0.160686,0.066672,-0.337546,0.126857,-0.016250,0.116007,0.044647,-0.007782,0.112724,0.054323,-0.062135,-0.190673,-0.084687,0.009083,-0.149264,-0.483099,0.012684,-0.033046,0.047314,0.100705,0.088857,-0.027417,-0.002635,-0.020918,-0.250165,0.025242,0.340816,-0.186524,0.110688,0.053400,-0.009387,0.011909,0.044027,0.172598,0.021205,0.078896,0.072588,-0.012812,0.168694,-0.008819,0.027319,0.269664,0.085618,-0.092622,0.104934,-0.033403,0.100822,-0.058522,0.018081,0.032599,-0.071369,-0.056350,-0.015025,0.057558,0.203423,-0.029712,-0.048328,-0.014774,-0.004624,-0.025152,-0.041942
-0.018539,-0.000892,0.000693,-0.016562,0.003405,0.001790,-0.010274,0.007000,0.004823,-0.003073,0.006900,0.016430,-0.011271,-0.001085,-0.007961,0.000915,0.004871,0.005793,0.002085,0.008705,-0.005008,0.000192,0.009561,0.004648,-0.005106,-0.000477,-0.008913,-0.001576,0.003487,0.003501,-0.011076,-0.001629,-0.009006,-0.005706,-0.001019,-0.000096,0.014732,0.009033,-0.004800,0.016441,-0.010389,-0.011404,0.000220,0.001760,-0.002421,-0.002589,-0.002247,-0.009832,0.003234,-0.011436,0.008052,0.013904,0.020313,0.013306,-0.001756,-0.008871,-0.001336,0.001607,0.000810,0.009969,0.000730,-0.001742,-0.000201,-0.000979,-0.007859,0.005092,0.000406,0.002638,-0.002227,-0.004817,0.000348,0.007843,-0.005411,0.001405,-0.003351,0.004929,0.000642,-0.006713,0.001970,0.003870,0.001536,-0.003828,0.004837,-0.003618,0.006314,0.006635,-0.002937,-0.018333,-0.009896,0.003700,-0.011249,0.007156,0.009033,-0.002750,-0.003972,0.011605,0.008496,0.009904,-0.000580,-0.001781,-0.012443,-0.000918,-0.000576,-0.005428,-0.001897,0.000025,-0.003662,-0.001449,0.001536,-0.000805,-0.005965,-0.003755,-0.009072,0.000088,-0.000264,-0.000497,0.003388,0.004844,0.005140,0.000794,0.012457,-0.006781,-0.019442,0.005050,-0.001414,0.008486,-0.012190,0.005702
0.123039,0.026144,0.007271,-0.131214,-0.053367,0.007993,-0.014315,-0.003557,-0.040015,-0.052813,0.021537,0.084329,-0.106758,-0.008265,0.003166,0.019070,-0.005589,0.143881,0.015963,0.025532,-0.150305,0.053755,0.030567,0.001177,0.077568,0.083977,0.064338,0.009928,0.059975,0.016327,-0.054320,-0.019788,-0.090706,0.027115,-0.056339,0.067183,-0.057398,-0.036356,-0.151394,0.041111,0.102880,0.008280,0.019865,-0.013463,0.011408,0.123817,-0.052155,0.019894,0.072418,0.043052,0.065441,0.065616,0.053708,0.008212,-0.053652,-0.015006,-0.079842,-0.061785,-0.019620,0.105149,-0.058488,0.025583,0.008607,0.011879,-0.002044,-0.002229,-0.004227,0.056253,0.144734,-0.023435,-0.109596,0.004573,-0.005205,0.011898,0.094514,0.101850,-0.083950,0.050154,0.003174,-0.102226,0.075073,-0.060358,-0.057690,0.052050,-0.062349,0.005426,0.055638,-0.016203,-0.023318,0.005308,-0.129129,-0.076252,0.022023,-0.019370,0.023915,0.029441,0.008778,0.010981,-0.001905,-0.041263,-0.019518,-0.024170,0.011780,0.094099,0.006252,-0.020376,0.110357,0.027930,-0.022044,-0.044163,-0.025446,-0.080666,0.056443,0.036525,-0.006567,-0.048220,0.035846,0.002698,-0.053765,0.085865,-0.079366,-0.049170,-0.105378,-0.055275,-0.031749,-0.070081,0.005599,-0.188918
0.114546,-0.058314,0.000176,0.022877,0.027282,0.004947,0.008176,-0.063503,0.110465,-0.028588,-0.011192,0.140200,0.031110,-0.093457,-0.194526,0.054436,-0.029110,-0.053282,0.046087,0.012718,0.014103,-0.045133,0.052433,0.158801,-0.048660,0.043840,-0.015349,-0.005089,-0.130415,0.213540,-0.131712,0.065267,0.113378,0.066466,0.067052,0.021289,-0.014125,-0.082699,-0.021393,0.095722,0.128274,0.013654,0.106646,0.008962,-0.044750,-0.070272,-0.076880,0.099741,0.042800,0.041216,0.046942,-0.067955,0.008624,0.133995,-0.050026,0.023534,0.013745,0.056495,0.020236,-0.137750,0.091794,-0.053939,0.002430,-0.030741,0.054192,0.075920,0.034835,0.099030,0.119374,-0.094296,0.103050,0.082759,0.042932,-0.016611,0.089274,-0.447046,-0.041570,-0.015938,0.116331,0.005527,-0.009350,0.149844,-0.080240,-0.001257,0.052033,0.028332,0.105068,0.093068,0.001405,-0.007244,0.132953,0.094279,-0.034494,0.029364,0.007307,0.100239,0.083057,-0.047959,0.016281,0.017351,0.030642,0.062166,-0.017982,-0.066911,0.025474,-0.085128,-0.036101,0.025262,-0.017746,0.174089,-0.030178,0.092186,0.074053,-0.008303,-0.000582,-0.034292,0.042911,0.051674,-0.007006,-0.098793,0.126713,-0.173738,-0.101236,-0.093437,-0.025090,-0.268514,-0.014975,0.098854
0.119155,-0.072477,-0.035451,-0.101073,-0.119571,0.067309,-0.007154,-0.038874,-0.033705,-0.019360,-0.073088,0.059382,0.006848,-0.088454,0.114322,0.022210,-0.023504,0.036814,-0.016052,0.032655,-0.001586,0.067981,0.081962,0.020672,-0.085966,0.096575,0.021863,0.048120,-0.122160,-0.171773,0.016327,0.027668,0.017347,-0.139905,-0.098665,-0.091429,-0.084489,0.055134,0.014115,0.021749,-0.031206,-0.023010,0.051995,0.001083,-0.002844,0.128362,-0.013431,-0.106604,0.059751,-0.011224,0.012662,-0.030412,-0.007592,0.034508,0.066712,0.075753,0.082504,-0.024302,-0.057448,-0.082254,0.087871,-0.007734,0.015356,-0.009956,0.029390,-0.051912,0.079159,-0.062183,0.009669,0.054192,-0.072313,-0.146582,0.023993,0.019007,-0.062892,-0.048761,-0.112591,0.034600,-0.184134,0.129241,-0.136751,-0.144701,0.054252,-0.029621,0.001295,-0.053600,-0.032850,-0.034589,-0.057226,0.015562,0.035937,0.149397,0.069037,-0.017080,-0.023008,0.152373,-0.003732,0.022489,0.024757,0.066209,0.118483,0.036944,-0.008110,-0.023417,-0.050629,-0.020526,-0.022911,-0.006990,0.041845,0.084141,-0.004021,0.030130,-0.019688,0.146528,0.033108,-0.025730,0.003996,0.108900,0.032753,0.070051,-0.025173,0.188814,-0.007560,0.111266,-0.090089,-0.146394,0.058046,-0.084886
-0.287982,0.038707,0.004054,-0.080751,-0.012587,0.115335,0.009212,0.046513,0.082046,0.126793,0.020750,0.064237,-0.076915,-0.073694,0.009109,-0.082244,0.053164,0.013262,0.001660,0.034931,-0.065995,-0.035482,-0.033749,0.028840,0.049734,0.017118,-0.024228,-0.002055,0.114514,-0.073239,-0.016434,-0.013593,-0.105051,-0.138019,-0.173751,-0.004937,-0.075566,-0.051253,0.015580,0.018686,-0.132833,0.061263,-0.016087,-0.006620,0.005630,-0.009406,-0.043845,0.136846,-0.027666,0.018969,0.040194,-0.166353,-0.048241,-0.160208,0.032167,0.031650,0.015909,-0.033370,0.057888,0.022896,-0.282129,-0.016523,-0.028998,0.043554,-0.075228,-0.012223,-0.064003,-0.017851,-0.016360,-0.015921,0.174344,0.144475,-0.037624,0.015316,-0.077371,0.093355,-0.110447,0.154678,0.045701,0.067539,0.026369,-0.003521,-0.095848,0.071814,-0.039934,0.020063,-0.039402,-0.067594,0.088357,0.018510,-0.041388,0.045331,-0.021323,0.044882,0.041348,-0.217063,0.022589,0.097651,0.041408,-0.004687,0.082622,-0.060897,-0.046236,0.158951,0.014463,-0.083079,0.004121,-0.028983,-0.095527,0.028564,0.006398,-0.056292,-0.184695,-0.005266,-0.010933,-0.092563,-0.011261,0.067874,0.024650,-0.030610,-0.094572,-0.026359,0.114288,-0.011568,-0.000651,0.099222,-0.026574,0.068575
0.032113,0.096051,-0.053408,-0.007534,-0.023937,0.124571,-0.004669,0.014746,0.024407,0.030496,0.231984,0.030655,-0.028900,-0.044769,-0.096990,-0.043666,0.175334,0.008273,-0.058007,0.042331,0.038672,0.099234,0.026676,0.028918,-0.022255,0.043734,0.017156,0.003711,-0.018203,-0.018916,0.060985,0.027312,-0.037822,0.020940,0.000501,0.027092,-0.067339,-0.016829,0.045827,-0.004136,0.001666,-0.025828,0.007418,-0.012967,-0.063038,0.004332,0.075908,0.069888,0.067018,-0.004462,-0.026996,-0.113204,0.012584,-0.009722,0.136288,0.023901,0.017416,0.029374,-0.000418,-0.010900,-0.012988,-0.081837,0.301637,-0.012409,-0.033766,-0.006331,0.004609,0.048242,0.001666,0.014072,-0.020165,0.017118,0.079456,0.012286,0.012328,0.013449,-0.008444,-0.015741,0.187802,0.077197,0.011142,-0.011022,-0.022684,0.004814,0.076178,0.214350,-0.031328,-0.077651,0.009104,0.055338,0.024702,-0.043265,0.040550,-0.019258,-0.078306,0.001596,-0.176750,-0.005472,0.020976,-0.056707,-0.009088,-0.105931,0.052269,0.016647,-0.121431,0.180078,-0.080592,0.088288,0.221971,0.076373,0.277066,-0.003305,-0.023614,0.027208,0.502702,-0.086420,-0.211079,-0.238806,-0.139026,0.012826,-0.080051,-0.006656,-0.020833,-0.029326,-0.016081,-0.021113,-0.169830,0.064689
-0.001207,0.002892,0.002386,-0.004345,0.002359,-0.006184,0.015350,0.009498,-0.016373,-0.019062,-0.000262,-0.003857,-0.014861,-0.005956,0.005164,0.022028,0.005046,0.003680,0.003251,-0.004221,0.003544,0.000265,-0.000775,-0.012472,0.001368,0.002902,-0.000452,-0.000402,-0.002698,0.003057,-0.004499,-0.001383,0.001902,-0.008981,0.003321,0.005680,-0.014530,-0.000221,-0.013384,0.000464,0.005409,0.000124,0.004282,-0.001974,0.003149,-0.006950,0.006352,-0.012885,-0.009001,0.001306,0.000487,-0.007837,-0.018084,-0.002322,-0.015015,0.006877,0.013882,-0.003333,0.000371,0.002390,-0.000265,-0.004295,-0.000934,0.000596,0.006479,-0.008838,0.003945,-0.008922,0.002276,0.001623,-0.010381,-0.002058,0.000888,0.007642,0.026523,0.005675,-0.001179,-0.008538,-0.006675,0.015144,0.007893,-0.002725,-0.010497,0.011641,0.000549,0.000377,0.000741,0.000854,-0.009744,0.004205,-0.001575,-0.012064,0.002193,0.003645,-0.000393,0.002661,0.001589,-0.007613,-0.000002,0.000012,-0.001994,0.000833,-0.003095,-0.002681,0.000840,0.003426,-0.013906,0.002476,0.006164,0.006760,-0.006184,-0.011053,-0.000783,-0.002977,0.001624,-0.000413,-0.004033,0.011155,-0.009286,0.008787,0.008349,0.000226,0.009990,0.000667,0.007081,-0.002488,0.005435,-0.006285
-0.032389,-0.013314,-0.101327,0.082618,-0.164894,0.077241,-0.004059,-0.048248,0.174423,0.011816,-0.043890,-0.107219,0.001167,0.043623,0.041225,-0.000626,0.005834,0.007384,0.019407,0.012799,0.076776,0.087305,0.070577,-0.056884,0.061902,0.124381,0.062337,-0.027794,-0.026932,0.186099,0.051393,0.008770,0.144474,0.027883,-0.124233,0.008976,0.020284,0.021313,0.058878,-0.047055,0.062043,-0.056659,-0.044808,-0.010133,0.061538,0.147199,-0.048920,-0.101515,-0.086529,-0.135193,0.022352,0.134254,0.001206,0.122612,0.051876,-0.008913,0.067499,-0.009797,0.158309,0.097370,-0.042795,0.066161,0.032446,0.055906,-0.059657,-0.010538,0.061630,-0.060710,-0.081063,-0.051077,-0.167988,-0.102512,0.008943,-0.033379,0.005436,0.131765,0.016261,-0.059156,0.050741,-0.010104,-0.028250,-0.083595,0.013799,-0.039174,0.025337,-0.000983,0.081849,-0.074719,-0.039028,-0.019130,0.059726,0.037269,-0.030318,-0.026604,-0.018134,-0.222302,0.004093,0.041828,-0.122654,-0.027174,0.020054,0.007072,0.030838,0.019259,0.016390,0.081946,0.053143,-0.030082,0.023283,0.090262,0.034835,0.070453,-0.018467,-0.042983,0.024729,0.024785,0.001479,-0.060889,0.097482,0.025358,-0.110373,-0.261391,0.075771,-0.052768,0.005077,-0.130022,0.034298,-0.201311
0.031272,-0.397778,0.106016,0.020141,0.093016,-0.071537,0.001088,-0.004265,-0.034195,-0.009055,-0.216646,-0.019066,0.030065,0.071356,0.109802,0.035473,0.290485,0.052751,-0.083813,-0.099706,-0.045593,-0.097993,0.034372,0.004226,0.025512,-0.022745,-0.001157,-0.006130,0.015061,-0.052088,0.036532,-0.118207,-0.008681,0.006034,-0.005839,-0.010739,-0.087762,0.565663,-0.019401,0.017370,-0.029483,0.251249,0.008234,0.003975,-0.054975,0.006964,0.012007,-0.009819,-0.158561,0.010446,-0.039683,-0.036755,-0.005210,0.021075,-0.031273,0.002966,0.010481,-0.074234,0.042490,0.022937,-0.037530,-0.032275,0.010433,0.141270,-0.044298,-0.230616,-0.018329,-0.064378,-0.008654,-0.129515,0.116941,-0.030427,-0.058578,-0.081960,-0.000238,-0.042776,0.037539,0.010754,0.245220,0.030897,-0.008453,0.138043,0.113623,0.026964,-0.054741,-0.198484,0.041504,0.032421,-0.014562,0.281225,0.043633,-0.126088,-0.004059,-0.285851,-0.308008,0.021870,0.425265,0.021464,0.056397,0.170636,-0.027482,0.008190,-0.111987,0.003690,-0.031009,-0.044060,0.063796,0.115199,0.089998,0.144018,0.397234,-0.002091,0.018236,0.002800,0.009492,-0.029782,0.270377,-0.016658,0.068213,-0.003362,-0.035875,-0.074776,-0.033421,-0.011643,-0.001861,0.258944,-0.036989,-0.029044
-0.001461,0.041436,-0.056627,-0.035603,-0.000057,-0.042474,-0.002225,0.024663,0.065331,0.000068,0.313481,-0.005532,0.020100,-0.017275,0.074273,0.072022,0.206666,0.025278,0.052554,-0.011915,0.030514,-0.042318,-0.002273,0.019423,0.031804,-0.017619,-0.064284,0.065044,-0.000052,0.038424,-0.016530,-0.075600,-0.012386,-0.020556,0.099507,0.000569,-0.005612,-0.095773,-0.025886,0.004654,0.001089,-0.198774,0.000413,-0.003207,0.248365,-0.007925,0.002289,-0.015138,0.121734,0.038332,0.025500,0.099397,0.005381,0.055894,-0.011460,0.018152,-0.026042,-0.031943,-0.012613,-0.056877,-0.071182,0.093394,0.292812,-0.289657,-0.044237,-0.029336,-0.085679,0.024999,-0.001735,0.086270,-0.071991,0.021944,0.019774,-0.087209,-0.000792,0.061666,0.021532,0.064416,-0.015529,0.012220,0.038869,-0.061400,-0.071874,0.004739,-0.009377,0.101256,0.077710,0.085036,-0.080826,0.143429,-0.048077,-0.024476,-0.043068,-0.174994,-0.082510,0.016769,0.090650,-0.000215,0.093490,0.260565,0.007921,0.237202,0.232863,-0.001487,0.077763,0.014784,0.057665,0.001662,0.082066,0.016687,0.199761,0.021782,-0.008780,-0.009333,0.076472,-0.076462,-0.016652,0.034802,0.066928,0.024743,0.028923,0.051159,0.039427,-0.030549,0.032134,0.015819,0.172278,-0.012498
-0.201555,0.036509,0.039011,-0.102721,0.116419,0.098924,-0.007861,0.074489,0.005558,-0.044347,0.046980,0.013410,0.092988,-0.061725,0.111918,0.042973,0.141850,0.055650,0.091907,0.115199,-0.037180,0.054819,0.021987,-0.046250,0.057111,0.066820,-0.244232,0.057100,-0.000855,-0.017397,-0.037326,0.046380,0.157111,-0.046523,-0.030231,0.064758,-0.050340,-0.136488,-0.041586,-0.018519,0.033767,0.214861,0.045958,-0.005021,-0.002197,-0.053929,-0.013304,-0.050152,-0.047764,-0.021113,-0.008855,-0.011595,-0.087975,0.008169,0.010088,0.000331,-0.057003,0.093009,0.048413,-0.122411,0.096984,0.030156,0.358895,-0.108091,0.138096,-0.106657,0.060316,-0.027427,0.089285,-0.107998,0.073290,-0.047760,-0.153751,-0.026697,-0.044604,-0.093259,0.031995,0.029721,-0.500246,-0.032727,-0.046029,0.191674,0.045182,0.015202,0.013558,-0.083938,0.059413,-0.000471,-0.003840,0.032845,0.002673,0.054027,-0.148810,-0.118996,0.211711,0.092590,0.093315,-0.025510,0.025383,-0.009942,0.044720,-0.185039,-0.074056,-0.194324,0.048129,0.002552,-0.024993,-0.040289,-0.506596,-0.343199,0.208260,-0.004903,0.018692,-0.026251,0.090515,0.095331,0.009962,-0.306223,-0.209546,-0.011509,0.074120,0.194103,-0.040748,0.041116,-0.039996,-0.170144,-0.136561,-0.091589
-0.045538,-0.008589,-0.026446,-0.051540,-0.012371,-0.001983,-0.002022,0.010752,-0.005467,-0.021580,-0.110432,-0.011428,-0.013264,0.004394,0.046688,-0.002043,0.038237,-0.083380,-0.031190,0.076008,0.075811,0.017159,0.021404,-0.013864,0.008450,-0.032621,-0.043407,0.122133,0.031856,0.018616,0.019245,0.017347,0.000458,-0.029388,-0.026204,-0.049228,0.021636,0.018886,0.036402,0.002126,0.001295,0.034742,-0.012937,0.001124,0.015796,0.017501,0.011131,0.006649,-0.038373,-0.016926,-0.030279,-0.022134,0.043472,0.047648,0.034661,0.013369,0.006906,0.025865,0.019414,0.016658,0.000280,0.041051,-0.061611,0.056703,0.003894,0.055476,0.050293,-0.053891,-0.000838,0.037971,-0.056888,-0.020955,-0.032680,0.003036,-0.012568,0.020154,-0.014343,0.044472,-0.031667,0.031928,-0.018678,0.076452,-0.006630,0.007348,-0.015684,0.019034,-0.032622,-0.003004,0.013690,0.006733,-0.073716,0.029999,0.005284,0.016939,0.057331,0.031724,0.038612,-0.003581,0.024464,0.000475,-0.011983,-0.035053,0.073296,-0.027034,1.393127,0.037205,0.032783,-0.061333,0.133843,0.069819,-0.004388,-0.003188,0.000928,0.006864,0.053364,-0.042044,-0.048964,0.028754,-0.026407,-0.000457,-0.058513,-0.028502,-0.006792,0.013205,-0.013283,-0.034257,0.004060,0.037521
0.056275,-0.014230,0.057147,-0.035734,0.012648,0.141816,0.004942,0.052319,0.148161,0.060168,0.046896,0.058918,-0.004899,-0.007779,-0.278149,0.070619,0.034114,0.053143,-0.055468,0.030454,-0.075913,0.027850,-0.020357,0.113373,0.021432,-0.096783,0.095068,0.036711,-0.028443,0.084611,0.042445,-0.038341,0.063415,0.117673,0.183400,-0.009042,0.026006,0.257652,0.070632,0.003603,0.015997,0.108926,-0.078526,-0.006552,0.115145,-0.061535,0.075572,0.036643,-0.090048,0.004230,0.013639,-0.039011,0.014439,0.127411,0.117878,-0.017210,0.001324,0.035850,0.158325,0.125350,0.019327,0.050796,-0.106679,0.059361,-0.117563,0.041969,-0.129068,0.007440,-0.044922,0.019860,-0.018908,0.043786,-0.113923,0.170214,0.028328,0.178278,-0.013224,-0.041485,0.038756,-0.070969,0.004641,-0.744864,-0.026945,-0.012473,-0.003626,-0.159581,-0.058527,0.076580,-0.068089,0.098473,0.053006,-0.124190,-0.004983,-0.026413,0.140268,0.075750,-0.011860,-0.029384,0.050722,-0.046011,-0.028415,0.009520,0.007570,0.033106,0.076974,-0.127756,-0.015341,0.218447,-0.192253,-0.131520,-0.107033,-0.124213,0.157076,-0.000135,-0.081033,0.027440,-0.105828,0.026097,0.049062,-0.057103,-0.061508,0.423279,0.153785,0.111887,0.008052,0.049294,-0.072849,-0.003316
-0.002972,-0.019519,0.023699,-0.037189,-0.190003,-0.093783,-0.014014,0.071458,0.175824,0.078307,-0.019221,0.034278,-0.060059,0.058933,-0.008452,-0.041499,0.015495,-0.110767,0.036863,0.009502,0.087197,-0.052820,-0.154826,0.014830,-0.064469,0.108891,0.158692,0.015385,0.092312,-0.007289,0.056857,0.023157,-0.210726,-0.108525,-0.022815,-0.009418,0.183965,0.014405,-0.028602,-0.061409,-0.071182,0.023420,-0.012514,0.000862,-0.080300,-0.028805,-0.002623,-0.015136,-0.057913,-0.049624,-0.041801,0.083049,0.077486,-0.054071,-0.138313,-0.038886,0.141180,0.006089,-0.220722,0.083500,0.128307,0.070992,0.038731,0.039956,-0.229444,-0.023870,-0.080499,-0.078376,-0.110765,0.019458,-0.048020,-0.050859,-0.054415,-0.027352,-0.071869,0.036005,0.223110,0.093988,-0.060153,0.086150,-0.004069,0.075446,0.031586,0.062236,-0.075968,0.053025,0.008933,0.036728,-0.097915,-0.025070,0.116856,-0.053582,-0.002577,-0.040043,0.010059,0.093981,0.047751,-0.110083,-0.031870,-0.040875,-0.019096,-0.103251,-0.007165,-0.035692,-0.035782,-0.100032,0.130512,-0.047106,-0.004121,-0.050061,0.012019,0.128040,0.050879,0.009685,0.015049,0.049239,-0.034231,0.031865,0.092002,0.059938,-0.035409,0.145794,-0.018980,0.004338,-0.075910,-0.115979,0.020243,0.062223
0.079228,0.026320,0.108418,-0.041789,-0.038375,0.051343,-0.019313,0.031140,-0.007230,0.047758,-0.002144,-0.034135,0.105305,0.155767,-0.100375,-0.070575,-0.013241,0.066108,-0.019181,-0.048658,0.019826,-0.013899,0.029860,-0.150739,-0.018267,0.120845,-0.122101,0.024517,-0.020241,-0.115111,-0.150351,-0.045328,-0.156616,-0.123379,0.118322,-0.012469,0.092200,0.021006,-0.000394,0.013299,-0.019417,-0.094057,0.040046,-0.001879,0.014501,0.068512,-0.044389,-0.058222,0.076579,-0.081713,0.089624,-0.052043,0.070088,-0.004766,0.042676,0.000782,0.007605,-0.016762,0.014994,-0.137969,-0.040751,-0.040626,0.025038,0.079458,-0.060651,-0.055074,-0.046844,-0.000023,0.031236,-0.031714,0.078545,0.020432,-0.008346,-0.018851,-0.016209,0.003673,-0.045065,0.284073,0.154673,-0.013849,0.004909,-0.058592,-0.041829,0.022442,0.003645,0.074750,-0.025452,0.141720,-0.112458,0.026706,-0.050873,-0.101911,0.025468,-0.020979,-0.066827,0.081479,0.030840,-0.099143,-0.006412,-0.105541,-0.033471,-0.004685,-0.073394,0.074607,-0.010429,0.225701,0.006280,0.013623,0.037793,-0.056489,0.047759,-0.001009,-0.204457,-0.143739,-0.069199,0.300462,-0.015840,-0.018533,0.104549,-0.134396,-0.015390,0.028147,0.035811,-0.042331,0.033464,-0.383266,0.021609,-0.096077
-0.005213,0.060534,0.643739,0.001911,-0.123129,0.060340,-0.013647,0.023820,-0.053429,-0.011709,-0.011039,-0.053809,-0.019046,0.050078,0.036977,0.076568,-0.048360,-0.025821,-0.023735,0.408687,0.097093,-0.021023,-0.014327,-0.020259,-0.032768,-0.072081,-0.002819,0.038409,0.001291,-0.023642,-0.040513,-0.115613,0.014698,-0.063593,0.086835,-0.050874,-0.275838,-0.134182,-0.009447,0.001900,-0.041810,0.048478,-0.008107,-0.003209,0.003346,0.028539,0.110565,0.013228,-0.032221,0.024351,-0.042733,0.102571,-0.013732,0.034278,-0.050827,-0.017052,-0.013253,0.131824,0.001818,0.022415,0.021689,0.016420,-0.142049,0.027997,-0.042059,-0.108034,0.008787,0.062669,0.029653,0.217934,0.056268,0.024440,0.051310,0.092598,-0.037044,-0.024943,0.001746,0.038675,0.100348,-0.074677,0.004538,-0.044850,0.229500,-0.007726,-0.122021,-0.024889,0.040256,0.014162,-0.038542,-0.397146,-0.064670,0.151122,-0.041430,0.308798,-0.291594,0.108249,0.311013,-0.165563,-0.064936,-0.041839,0.008509,-0.264817,0.319058,-0.004814,-0.026137,-0.016373,0.025858,-0.076582,-0.137658,0.001104,0.224196,0.035341,0.013014,-0.015110,-0.153808,-0.099217,-0.194708,-0.015413,-0.044432,0.023125,0.149614,-0.150903,0.023163,-0.013048,0.035212,0.007755,0.154278,-0.035805
0.015000,0.172136,-0.172534,0.059934,0.100439,-0.105278,-0.014235,0.009601,-0.017191,-0.007045,-0.082214,-0.028521,0.018923,0.057825,0.063218,0.009249,-0.105456,0.011877,-0.094490,0.465391,-0.012826,-0.050331,0.016266,-0.040668,0.005561,0.009194,-0.032064,0.091494,-0.043154,0.131550,0.020754,-0.111967,-0.017733,0.009392,0.033901,0.021040,0.125840,0.301207,-0.009596,0.005587,0.007595,-0.074714,0.029899,-0.014001,-0.113834,-0.001574,-0.044492,-0.003962,-0.041827,0.027314,0.018154,0.033236,-0.004729,0.061478,0.049863,0.013495,-0.013536,0.155214,-0.033301,-0.037417,-0.058344,0.003211,-0.130680,0.087730,-0.015114,0.235889,-0.033055,0.017035,-0.014315,0.136864,0.111019,-0.008049,-0.141558,-0.147506,0.009845,-0.039133,0.007461,-0.088586,-0.079576,0.038958,-0.024492,0.136534,-0.061487,-0.020255,-0.009909,-0.171052,0.141874,-0.001213,0.074683,0.458744,-0.017680,0.015494,0.001123,0.160355,0.347553,-0.047194,0.140465,0.053670,0.107197,-0.099357,-0.029219,0.076494,0.130619,-0.007687,-0.136501,-0.041185,-0.000288,-0.247869,0.154338,0.027745,-0.077680,-0.035222,-0.033138,0.012029,0.138262,-0.092941,-0.433378,-0.040339,-0.102997,-0.021896,-0.110651,0.022267,-0.021930,-0.102347,-0.000513,0.000340,0.378623,-0.051564
0.022623,-0.016376,0.051519,-0.032034,-0.009002,-0.026528,0.007671,0.021315,-0.065851,0.041317,-0.001779,0.015048,0.048856,0.170002,0.031317,0.010244,0.001465,-0.113026,0.046169,-0.001580,0.057798,0.043919,0.019818,0.053219,0.089097,0.036771,-0.048740,-0.000125,-0.059125,0.038987,0.015618,-0.012518,0.018066,0.042459,0.033003,-0.042599,-0.005320,-0.045512,0.089658,0.024769,0.019257,-0.067070,-0.013605,0.009997,0.011998,-0.002542,0.127344,-0.125437,0.042830,-0.083120,-0.198535,0.187984,-0.087485,-0.080080,-0.027188,0.020885,0.002656,0.024369,0.038736,0.027047,-0.060179,-0.051850,0.017807,0.036348,-0.038499,-0.001586,0.029655,0.037947,0.012262,0.034666,0.146411,-0.183582,-0.040408,0.002156,0.056329,0.101729,0.125563,0.015774,0.077315,-0.003414,-0.014210,-0.000266,0.032299,0.065376,-0.044360,-0.047818,0.004896,0.076458,-0.056103,-0.002935,-0.014553,-0.024400,0.073262,-0.034725,-0.013838,-0.135055,-0.027380,0.047712,-0.063130,-0.022490,-0.041190,0.037401,-0.038048,-0.092470,-0.000759,-0.040744,-0.096746,0.050141,-0.003075,-0.005757,-0.027199,0.087490,0.060812,0.121522,0.027616,0.019805,0.002770,-0.153049,-0.015687,0.066883,0.095734,0.074586,-0.181185,-0.024414,0.000893,0.034378,0.015865,-0.001697
0.093907,0.002525,0.022946,-0.026753,-0.024919,0.051421,0.002557,0.089968,-0.020039,-0.077593,0.016722,0.181713,-0.054207,0.006579,-0.022718,0.106440,-0.015820,0.006528,-0.006217,0.046035,-0.068020,-0.075128,0.039703,0.023702,-0.041423,-0.090423,-0.012946,0.032020,-0.018725,-0.199673,-0.005032,0.010189,0.048060,-0.017402,-0.091917,0.026446,-0.030082,-0.000491,-0.008217,-0.164242,0.064474,0.022487,-0.109500,0.004217,0.007905,-0.076493,-0.046817,0.039555,-0.037130,-0.092586,-0.021542,0.024756,0.000635,0.099453,0.119808,-0.029409,-0.077577,-0.059869,0.068715,-0.110932,-0.179775,0.043779,0.002333,-0.000138,-0.000087,0.022455,-0.079468,-0.070718,0.040322,-0.044362,-0.038412,0.052047,-0.011983,-0.018542,0.013641,-0.029839,0.026955,0.069275,0.031348,-0.139368,0.010958,-0.063741,-0.063411,-0.064310,-0.069482,0.016656,-0.047870,-0.015581,-0.018560,0.004017,0.010055,-0.048657,0.000481,0.005011,-0.003026,0.024169,-0.014543,0.033259,0.038076,-0.050501,-0.057211,-0.024841,0.014745,-0.163262,-0.001778,0.054749,0.007980,0.019968,-0.004408,-0.103208,-0.050190,-0.124040,0.019132,-0.054231,-0.013567,-0.003232,-0.004027,-0.014523,-0.033267,-0.033636,-0.008670,-0.036721,-0.022272,0.070475,-0.156709,-0.026148,0.029670,0.043054
0.014111,0.013658,-0.088397,-0.000683,-0.024363,0.059056,0.013793,-0.095497,0.017141,0.071435,0.073604,0.144525,0.017045,0.905427,-0.105318,0.038029,0.072288,-0.014884,0.018295,0.027937,0.024039,-0.042292,-0.005880,0.007634,0.001536,0.000014,-0.009686,0.105752,-0.001367,-0.010093,-0.032575,-0.002175,0.062616,-0.011621,-0.101691,0.015978,0.037903,-0.067782,-0.007241,0.045050,0.039921,0.029015,0.018815,0.004075,0.018814,-0.036327,0.005737,0.021506,-0.100964,0.018608,-0.034389,-0.002768,-0.052791,-0.050402,-0.015294,0.009593,-0.062393,-0.050985,0.130780,0.056715,0.008141,0.137942,0.067150,-0.189258,0.050861,-0.030749,-0.050210,-0.044832,0.031841,0.312019,0.021331,-0.057829,-0.002509,-0.000831,-0.016019,-0.026775,0.050605,0.002194,-0.046741,-0.103166,0.000395,0.107128,-0.023841,0.005511,-0.071607,0.034439,0.042268,-0.086859,-0.022882,0.015096,0.017072,-0.075227,-0.025731,-0.046388,0.190098,0.043409,0.027887,-0.080021,-0.032838,0.015460,0.025231,-0.095065,0.043718,-0.007089,-0.045605,0.113356,-0.080739,-0.038762,-0.135456,-0.083973,-0.006051,0.027628,0.060855,-0.008599,0.124861,-0.013233,0.093205,0.812159,0.086004,-0.072016,0.025500,-0.090957,-0.059973,0.011574,-0.024050,0.068376,0.004644,-0.003425
-0.117307,0.078670,0.037250,0.036057,-0.058348,-0.090424,-0.010355,-0.156238,-0.050148,-0.043007,0.042154,-0.055614,-0.016148,-0.001727,-0.158517,-0.054525,-0.000295,0.204388,0.031125,-0.036262,-0.340826,-0.002780,-0.105363,-0.015491,-0.023985,-0.055573,-0.116416,-0.034263,0.149637,-0.033049,-0.008232,0.001945,-0.177081,0.160045,0.039423,-0.097771,-0.021492,0.032954,0.061349,-0.044088,-0.164434,0.146272,-0.007554,-0.003401,0.013861,-0.106058,-0.019436,-0.019740,-0.071617,-0.029720,-0.018529,0.039316,-0.060476,-0.142089,-0.027303,-0.055782,-0.058096,-0.011477,0.019586,0.028208,0.031203,-0.035317,0.051553,-0.046331,-0.114393,-0.003922,-0.016377,-0.076065,-0.034068,-0.003155,0.082060,-0.173227,-0.040032,0.005320,-0.048030,0.182346,-0.241765,0.043352,-0.077580,-0.053405,0.021290,0.024917,-0.001099,0.079691,0.180048,0.033366,0.053997,0.066882,-0.050880,0.004967,-0.024804,-0.001357,-0.063819,0.004273,-0.008184,0.285398,0.038470,0.122295,0.026386,-0.034408,0.016082,-0.005792,-0.035448,-0.036375,0.012425,-0.073781,0.045736,0.012704,0.034503,-0.226828,0.031084,-0.105226,-0.019654,-0.025255,0.021888,-0.035480,-0.061049,-0.006943,-0.009833,0.008620,-0.064887,-0.225163,-0.018844,0.025667,0.071142,0.058387,-0.041678,0.037380
0.025018,0.128464,-0.236545,-0.060995,-0.049732,-0.018878,-0.003889,-0.023139,0.029441,0.008811,0.142963,0.054968,0.030236,-0.059012,0.013533,0.003312,-0.077364,0.070143,0.152676,-0.047134,0.014982,-0.094142,-0.026837,-0.004059,0.017261,0.040131,-0.083074,-0.011417,-0.047457,0.060134,-0.065305,-0.051956,-0.008031,-0.010849,0.061398,0.033706,0.087275,-0.082253,-0.035049,0.010446,0.038779,-0.004842,0.004639,0.008368,0.037361,0.020043,0.021291,0.048594,-0.072356,-0.009130,-0.022601,-0.022639,-0.034761,0.016127,0.079985,-0.025177,-0.004181,0.122180,0.071000,-0.101661,-0.036353,0.091825,0.035262,0.033531,-0.010247,-0.010269,-0.072658,0.056677,0.000554,0.039487,-0.053377,0.004329,-0.050414,0.058938,0.004611,-0.031801,0.016642,0.121688,0.113031,0.073397,0.040880,0.018043,-0.055897,0.015149,0.014253,0.053106,-0.152974,0.004902,-0.065030,0.414620,-0.033717,-0.009022,-0.096886,0.075356,-0.116330,-0.002991,0.083466,-0.063455,-0.018810,0.072731,0.020131,0.195359,0.112000,0.028144,-0.006971,-0.141324,0.007039,0.012353,-0.234254,0.001896,0.066741,0.033742,0.013172,0.038390,-0.112449,0.138830,0.210480,-0.046374,0.074121,-0.006217,-0.066491,0.001996,-0.016926,0.001666,0.048085,-0.039123,0.075348,0.029350
-0.062863,0.026513,0.035836,0.064301,0.171748,0.037178,0.006508,0.161993,-0.035906,0.036807,0.049767,-0.101160,-0.024877,-0.071917,0.003778,0.084341,-0.001385,-0.035274,0.010040,0.032204,0.039850,-0.082901,-0.000844,-0.059538,0.060819,-0.059124,0.062407,0.030803,0.004851,-0.037244,-0.050578,0.012706,-0.050258,-0.045301,-0.038119,0.098483,0.063301,-0.000417,0.115718,0.076766,0.108716,-0.026363,0.080716,-0.004306,0.029037,-0.008942,0.092500,-0.113273,0.067113,0.095178,0.133785,0.061650,0.089474,0.199238,0.044965,0.063994,0.063115,-0.035887,-0.144063,0.037277,-0.102017,-0.045282,-0.009461,-0.015102,-0.027223,0.024363,0.069940,0.038015,-0.020797,0.130082,0.004308,0.072214,0.013378,0.038828,0.103071,0.005313,-0.032975,0.317652,0.034527,-0.071481,-0.032844,-0.003140,-0.011081,-0.025911,0.057337,0.012572,-0.041200,0.067013,-0.096646,-0.034421,0.089561,0.046016,-0.143770,0.015797,0.020993,-0.053543,-0.031189,-0.265128,-0.008397,-0.062653,-0.028429,0.013026,0.007910,-0.038139,-0.005358,0.132511,0.039977,0.000359,0.017396,0.047196,0.015539,-0.084686,-0.028856,0.054078,-0.015232,0.521957,0.052659,-0.008737,0.030814,-0.291427,0.008450,0.048311,0.071178,-0.054784,-0.064532,0.150762,0.008676,0.013402
0.057654,0.024741,-0.020749,-0.157658,-0.094580,0.042487,-0.001062,-0.002936,-0.049576,-0.077848,-0.050502,0.127565,-0.002967,-0.020341,-0.033627,0.041674,0.118703,-0.111307,0.057527,-0.009755,0.037231,0.062562,-0.021937,0.046332,0.020636,0.022446,0.018933,0.134114,-0.014210,-0.005135,-0.035283,-0.063377,0.013241,0.001035,0.089150,-0.010071,-0.073415,0.049222,0.019638,-0.056152,-0.005252,-0.140894,-0.031934,-0.007745,0.119411,-0.005249,-0.025946,-0.008488,0.030902,-0.048986,-0.018146,0.006125,0.007367,-0.032252,0.017037,-0.036912,-0.033083,-0.129259,0.004895,-0.034012,0.056104,0.152951,0.022949,0.342499,0.011260,-0.066262,-0.035561,0.031258,0.037901,-0.106088,-0.080360,0.015821,0.229517,-0.028982,0.057467,0.002336,-0.071539,0.098243,-0.092648,-0.022586,-0.028450,0.108490,0.189872,0.036354,0.039531,0.062949,-0.048027,0.007186,0.026886,0.293102,-0.001145,-0.093495,-0.105566,0.149762,0.064253,0.049538,-0.096565,-0.180343,-0.103201,0.085895,0.040956,0.001328,0.108159,0.022160,-0.074341,0.189710,0.061198,-0.086928,-0.041924,0.049525,-0.043736,0.009881,0.033331,0.092921,0.025440,-0.086106,0.049738,0.072737,-0.055179,-0.016428,-0.080771,-0.103525,0.107130,-0.054762,0.020229,0.077085,-0.057309,0.071618
0.004798,0.079672,0.025739,-0.013350,0.049700,-0.773764,-0.005111,0.069816,0.006879,0.023928,-0.064233,-0.006890,0.034816,0.061756,0.247163,-0.011210,0.046667,-0.002624,0.004769,0.058989,-0.012920,-0.193687,0.054883,0.011859,-0.018053,0.027728,0.047003,0.017670,-0.027177,0.003767,0.038569,-0.036452,0.033676,-0.010730,0.050478,-0.050071,0.002631,-0.007366,0.090444,-0.009336,-0.027803,-0.093605,-0.009151,-0.003896,-0.032732,0.016379,-0.846425,0.005234,-0.012799,-0.016468,0.017025,-0.033704,0.047246,0.007438,-0.012800,0.013348,0.030231,-0.012278,0.008192,-0.003581,0.003421,-0.063875,0.040518,-0.003455,-0.022014,0.041687,0.052249,0.067381,-0.007064,0.124221,-0.011218,0.101090,-0.071257,0.083741,0.008835,-0.049445,0.002672,0.006061,-0.079253,0.064104,-0.010994,-0.107297,-0.009058,-0.049669,-0.072818,0.211967,0.060417,-0.003034,0.047859,-0.074867,-0.019520,0.057803,0.020429,0.095339,-0.046637,0.139374,-0.049856,0.021240,0.059348,0.021959,-0.014213,-0.102202,-0.038878,0.043227,-0.008139,-0.064590,-0.016045,0.572515,-0.050963,-0.003048,0.033501,-0.010883,0.027797,-0.051991,0.107601,-0.037930,-0.037620,0.040187,-0.054352,0.018529,-0.010161,0.042371,0.092941,0.030385,0.039897,0.012248,-0.048042,-0.050362
-0.011861,0.000480,0.198301,-0.010570,-0.001077,-0.010559,-0.009550,0.021233,-0.024104,-0.002610,0.067648,-0.080852,0.011652,0.034217,0.044316,0.016722,-0.056133,-0.039781,-0.064041,-0.015930,0.038239,-0.075692,-0.026926,-0.008741,0.005205,0.000263,0.003983,0.082504,0.027609,0.107319,-0.018761,1.349410,-0.045368,-0.044718,0.022331,-0.012258,0.034470,0.046740,-0.032657,-0.083213,0.002461,-0.021575,-0.015164,-0.007038,0.030858,0.010693,-0.045490,-0.001315,0.002416,-0.012705,-0.061874,0.061700,-0.014983,-0.057346,0.020344,-0.008408,-0.048426,0.005835,0.027656,0.013271,-0.021162,-0.011136,-0.015437,-0.021646,-0.030298,-0.045286,0.021324,0.022637,0.000105,-0.067287,-0.124618,-0.008316,-0.056867,-0.060314,0.015867,0.008546,0.018952,0.073874,0.010618,0.021632,0.000222,-0.015844,0.008936,0.007345,0.012117,-0.023262,-0.017985,-0.049051,0.006609,0.116893,0.011908,0.088640,0.039976,-0.002354,0.012113,0.002297,0.027479,-0.042522,-0.047798,-0.031836,0.000551,-0.010734,0.005754,0.003560,-0.046164,-0.047868,0.001426,-0.041330,0.033194,0.063967,0.028673,0.004975,-0.020724,0.006728,-0.038677,-0.017186,0.055862,0.027824,-0.010235,-0.017426,-0.049402,-0.012216,-0.018094,-0.013970,0.010213,0.105032,-0.017272,0.033806
0.047791,-0.281137,0.145327,-0.000073,-0.004118,0.015879,-0.000397,-0.059032,0.037992,-0.017294,-0.001205,-0.037172,0.019055,-0.109433,0.067947,-0.066329,-0.055373,-0.133881,0.030031,0.150852,-0.008519,-0.014168,0.001142,0.048370,-0.003892,0.035773,0.053368,0.048430,0.163172,-0.062858,-0.034272,-0.049703,-0.009970,0.005992,-0.042887,-0.017262,-0.073082,-0.009033,-0.017667,-0.021095,0.003042,0.091186,0.092339,-0.004072,0.037265,0.043870,0.022698,0.014128,0.048102,-0.016927,-0.085039,-0.023617,-0.013966,-0.007295,-0.034736,-0.022879,0.007800,0.020280,-0.044716,0.067930,0.002085,-0.080374,0.011052,-1.002892,0.019108,0.149617,0.070752,-0.070538,0.052950,-0.219748,0.006116,-0.008761,0.155471,0.067981,0.002048,0.057018,0.002849,-0.010211,0.171251,0.118066,0.007900,-0.062451,0.114130,0.034301,-0.094383,0.007527,-0.070189,-0.031105,-0.020552,0.299263,-0.071710,-0.046596,-0.038971,0.241511,0.081774,0.012058,0.148172,-0.120707,0.011538,0.014824,0.094926,-0.058433,-0.251599,0.068300,0.011821,0.070731,0.015914,0.106412,-0.167182,0.058881,-0.312292,0.053748,-0.060697,0.010076,0.026198,-0.043647,0.032073,0.011559,0.032997,0.017826,0.003863,0.095799,0.014457,0.077838,0.023148,-0.023907,0.203055,0.043668
-0.206959,-0.034093,0.119097,0.069654,0.186411,0.062629,0.013296,-0.012325,-0.015505,0.014789,-0.061295,-0.041400,-0.023332,-0.013517,0.067552,0.028146,0.021689,-0.008913,0.000981,-0.039134,-0.025030,0.064004,-0.011028,0.162759,-0.015680,0.078033,0.055281,0.075384,-0.036758,-0.063460,-0.044654,-0.002347,-0.006887,-0.147565,-0.016532,0.022424,0.084056,0.015922,-0.159852,0.040784,0.146017,0.080361,0.022261,0.001584,0.101411,0.115196,-0.042741,0.033712,-0.039668,0.037252,0.019443,-0.072913,-0.023086,-0.154430,-0.004249,-0.030758,0.003650,-0.068392,0.049765,0.176378,-0.006767,-0.089218,-0.055820,0.015421,0.191180,-0.037966,0.132306,0.067415,0.203743,-0.082193,0.014734,-0.022382,-0.018200,0.021884,-0.062397,0.056533,-0.029045,-0.256314,0.062336,-0.170654,0.046568,-0.076571,0.037025,-0.023592,-0.019924,-0.003776,-0.062688,-0.083153,0.030757,0.014380,0.201346,-0.048826,-0.063015,-0.099290,0.015376,0.164430,0.061227,0.257464,-0.024989,-0.062483,0.048420,0.056602,0.006252,0.021149,-0.034420,-0.079162,0.116399,0.029597,-0.034670,-0.006141,0.048556,-0.152329,0.120431,0.076340,-0.020534,0.009399,0.029158,0.104889,-0.095381,0.012048,0.122035,-0.087017,0.065703,0.020414,0.003589,-0.496048,-0.019780,0.016395
0.111439,-0.007744,-0.083391,-0.039667,-0.038467,0.082142,-0.004274,-0.031930,-0.086418,0.176707,0.145078,0.133027,0.111654,-0.421661,0.042364,-0.015124,0.036712,0.072242,-0.026195,0.029678,0.141037,0.101731,0.391716,0.062208,-0.086784,-0.085022,0.067881,-0.077968,0.009536,0.050725,-0.007510,0.030991,0.052015,-0.037600,0.125060,-0.202104,-0.080397,-0.048155,0.065060,-0.028425,-0.131318,0.006792,-0.046024,-0.000789,-0.063122,-0.033200,0.075835,0.075061,-0.236011,0.092143,0.112910,-0.014502,-0.028041,-0.050868,-0.076045,0.044749,0.051747,-0.008157,0.136802,0.141957,-0.198362,-0.002852,0.092009,0.091118,0.001647,0.009577,0.052891,0.106349,-0.036084,0.040609,-0.050537,0.088697,0.068184,0.059785,0.013498,-0.058134,0.401442,-0.068797,-0.078283,-0.248053,0.005307,-0.004151,-0.054888,-0.023681,-0.043325,-0.021306,0.084295,-0.038904,-0.050770,0.038548,-0.011193,-0.057602,0.006167,0.009146,0.018698,-0.040832,-0.024616,-0.013367,0.006019,-0.031196,-0.031622,0.007254,-0.035153,0.051643,-0.022365,-0.072588,-0.023597,0.043855,-0.011752,-0.087299,-0.032209,0.077378,-0.001888,0.044842,0.041018,-0.054241,0.020647,0.259907,-0.072798,-0.041283,-0.066430,0.004727,0.028778,0.125004,-0.031129,0.023244,0.031541,0.119578
0.066903,0.050702,0.132329,0.198410,0.052546,-0.042155,-0.012967,0.039730,0.067893,-0.033071,-0.100858,-0.026815,-0.046535,-0.014406,0.050953,-0.105951,0.167108,-0.069332,-0.005621,-0.096584,-0.016158,-0.033001,-0.017777,0.035180,-0.047342,0.039509,0.084156,0.209692,-0.033142,-0.023969,0.226993,-0.007567,0.026180,0.057838,-0.018026,-0.018603,-0.059765,0.059515,0.240560,-0.020509,-0.111256,-0.094869,-0.039262,-0.002620,0.075163,-0.124701,0.067066,0.026758,0.100367,-0.025656,-0.020066,0.020228,0.061989,0.128740,-0.035539,0.026246,0.024860,0.023421,-0.076185,0.004431,0.018163,-0.072989,-0.040187,-0.035481,-0.045273,0.014864,-0.089231,0.103101,-0.127009,0.133490,-0.005263,0.025343,0.011203,0.109506,-0.073965,0.010705,-0.041893,-0.066432,-0.052877,0.000028,-0.038509,0.065625,-0.031651,0.022661,0.004572,-0.108528,-0.071566,-0.026441,0.046491,0.096066,-0.272254,0.025756,0.029700,-0.118049,-0.064223,-0.108632,0.061076,0.450622,-0.039737,0.135994,-0.013250,-0.093681,-0.016756,-0.001393,-0.017317,0.232197,0.045281,-0.047992,0.045852,0.009703,-0.088778,0.003081,0.051752,-0.317815,-0.009591,0.659243,0.064428,0.224080,-0.243831,0.149539,-0.025299,0.058609,0.003070,-0.030349,-0.017375,-0.365366,-0.038230,0.096831
0.150202,0.023817,0.105551,0.038895,0.143041,0.002527,0.004303,-0.042375,-0.041654,0.091479,0.020445,0.025449,0.042946,-0.079018,0.034849,-0.120668,0.005774,0.065347,0.053823,-0.085284,0.088311,0.022704,-0.087742,0.047104,-0.010949,0.130467,0.012458,0.049685,-0.014029,0.007689,0.092829,0.019977,0.014745,0.107914,0.049643,0.060819,-0.074670,0.020404,0.098620,0.148222,0.109789,0.028717,0.170951,0.016869,-0.023950,-0.020249,0.057302,0.198562,0.149966,-0.029074,-0.083828,-0.060661,0.043480,0.030411,0.129553,-0.003273,0.023831,0.009171,-0.056365,0.033530,0.091133,-0.109027,0.001806,0.098082,0.002812,0.025912,0.052220,0.112024,0.080993,0.030631,0.038221,0.083615,0.000262,0.053717,0.076193,-0.052426,-0.294598,0.001943,-0.141741,-0.066838,-0.006317,-0.133485,0.008838,0.034864,0.022722,-0.099222,0.053829,-0.093679,0.021815,-0.009052,-0.005531,0.083400,-0.018560,0.015433,0.008909,0.093120,0.010777,0.033846,-0.045425,-0.007217,-0.023938,0.109067,-0.024263,-0.057065,0.079079,-0.030560,-0.187188,0.027225,0.051616,0.000909,-0.006290,-0.109286,0.020929,-0.117596,0.013012,-0.115608,0.016251,0.061022,0.082549,0.087386,-0.103961,-0.031742,-0.101154,-0.026801,-0.050855,0.060016,0.005583,0.106787
-0.142910,-0.038910,0.021365,-0.117914,0.021435,0.066396,0.001880,0.118263,0.023330,-0.115896,-0.024586,-0.058000,0.082332,0.297685,0.056452,0.077173,-0.019839,0.031731,-0.019932,-0.023739,-0.072924,0.071055,0.123973,0.090017,0.008877,-0.014778,0.039243,0.034680,0.003714,0.023364,-0.085951,0.042931,-0.045841,0.077961,0.144696,-0.027033,-0.053354,0.053819,-0.138133,0.107601,-0.033617,-0.124305,0.138676,-0.012073,0.014197,0.103549,0.026034,-0.068306,-0.015278,0.100730,-0.003060,-0.322247,-0.039926,0.032042,0.015863,0.081203,-0.011118,0.069967,0.003049,0.083122,-0.161651,-0.047214,-0.018759,0.166609,-0.005298,0.004976,-0.088561,0.111161,0.086439,0.015128,-0.106062,0.082783,0.011572,-0.002310,-0.030898,-0.038711,-0.002512,-0.003397,0.178816,-0.146040,0.013743,-0.020464,0.053313,0.116103,-0.097882,0.016458,0.036608,0.079886,-0.056672,0.007526,0.073686,0.149623,0.011784,-0.031886,-0.036382,0.111589,-0.051675,-0.015046,0.024843,-0.019841,-0.059062,0.029656,0.027697,0.044596,0.040013,-0.087130,0.151935,0.039326,0.041737,-0.133545,0.004948,-0.025662,-0.025802,0.158794,0.012772,-0.043652,-0.016946,-0.071589,0.003110,0.072241,-0.059119,0.010848,0.044986,-0.014045,-0.056705,-0.218676,0.002953,-0.007450
0.029106,-0.053168,0.255628,0.062472,0.121956,0.024911,0.029483,-0.036517,-0.059829,-0.025586,0.045758,-0.008142,-0.080903,-0.017912,-0.143324,0.034904,0.183991,-0.142604,-0.039276,0.070955,0.034374,0.051242,0.035553,-0.092161,0.071646,-0.112099,-0.046508,-0.167125,0.082388,-0.034475,0.089989,0.160653,0.034037,0.090835,-0.057970,0.090435,-0.070141,-0.200058,0.045736,-0.059207,-0.039407,-0.037889,0.031823,-0.004481,-0.024521,-0.068484,0.040802,-0.135115,-0.009385,0.081996,0.135802,0.059885,0.011823,-0.012333,-0.044708,-0.027229,0.018367,-0.103111,0.012517,-0.038467,0.050198,0.036221,0.010054,0.099166,0.014550,0.178645,-0.020226,0.048451,-0.009876,-0.139030,0.017648,-0.000135,-0.022667,0.175165,-0.003735,-0.022823,0.096022,-0.141956,-0.095935,-0.115526,-0.023239,-0.074341,0.011084,-0.010976,-0.039697,0.018453,0.231595,0.049070,0.039744,-0.011515,-0.020121,0.076347,0.043110,-0.162507,-0.027172,-0.054785,0.198625,0.167222,0.043835,0.044897,0.035691,0.151930,0.004121,0.029003,0.023235,-0.158164,-0.053575,0.109165,-0.035063,0.165826,0.065161,0.055601,-0.018170,-0.055486,0.234063,0.176691,-0.048498,0.077831,0.104271,0.013188,0.113858,0.132338,0.049029,0.019879,-0.025932,-0.069888,-0.001378,-0.060813
0.005876,0.004492,0.002824,-0.000097,0.001830,-0.000335,0.010127,0.010652,0.006029,0.022926,0.006835,-0.002832,-0.014600,-0.001545,0.001933,0.000522,-0.008891,-0.000996,0.000723,-0.016871,-0.011674,-0.001200,0.012232,-0.002089,-0.010178,-0.008653,-0.025981,-0.000865,0.012013,0.001650,-0.003346,-0.003236,0.006454,0.001715,-0.014384,-0.002634,0.003849,0.000195,-0.011823,-0.010204,0.019131,-0.007169,-0.013301,-0.005573,0.000973,-0.003354,0.003644,0.001740,-0.006104,0.005623,-0.008652,0.009277,0.011397,0.005831,-0.008335,0.001117,0.008251,-0.000597,0.008435,-0.008550,-0.002020,-0.001023,-0.000993,0.003303,0.008046,-0.003108,-0.003755,-0.001721,0.011478,-0.002873,-0.006536,-0.001064,-0.003300,0.003631,-0.011579,-0.002377,-0.001318,-0.000406,0.004439,0.011018,0.001373,-0.003081,0.004780,-0.000342,-0.002356,-0.000623,-0.000793,-0.005335,0.003336,0.000619,-0.002769,0.001806,0.003800,0.005125,0.007702,-0.001453,0.015321,0.003874,-0.001307,0.000363,0.004971,-0.006475,-0.004061,0.003887,-0.001805,0.001197,0.004234,0.000326,0.001516,-0.004684,0.001010,-0.015245,0.012213,-0.004254,0.002522,-0.002933,-0.004875,0.001113,0.005520,0.000588,-0.004855,-0.003545,0.013499,0.000088,-0.003655,-0.001893,-0.001352,0.005810
0.188887,-0.015457,-0.087901,0.104277,-0.111282,-0.039395,-0.014230,0.029500,0.082153,-0.031460,0.000547,-0.058652,0.018202,-0.101451,0.094628,0.023782,-0.019394,-0.038226,-0.019923,0.027473,-0.053816,0.071775,0.015229,0.041937,-0.056115,-0.095960,0.030283,0.097016,-0.020709,-0.121298,0.004833,0.001867,0.129014,-0.026205,0.052889,-0.075949,-0.102589,0.048561,0.033568,-0.009360,0.024440,-0.011841,0.022044,0.014006,0.048706,0.002146,0.119052,0.140966,-0.005116,0.048816,0.061555,-0.093563,-0.085475,0.066800,0.030784,-0.004508,-0.098686,-0.000972,0.065327,0.009435,0.097659,0.007070,0.018802,0.034007,0.020092,0.018061,-0.023903,-0.060705,-0.032116,0.176344,-0.084819,-0.062847,0.002174,-0.003544,-0.017243,-0.075040,0.160118,-0.078865,-0.134686,0.026428,-0.015887,-0.217303,0.040121,-0.083108,0.078704,0.017969,-0.048704,-0.085817,0.001827,-0.013775,-0.058405,0.130728,-0.047571,0.008371,-0.011412,0.051847,0.027390,0.058599,0.028461,-0.006614,-0.008932,0.006991,0.022268,0.153771,-0.012001,0.052866,-0.158232,0.017568,0.005794,-0.019178,-0.005305,0.039980,0.038639,0.115169,0.020264,0.030446,-0.006440,-0.003615,0.099717,-0.038681,-0.052228,-0.135106,0.106982,0.172928,0.006209,0.066986,0.003309,-0.016328
-0.093719,0.008968,-0.010548,0.012047,0.137813,0.118087,0.000344,0.069374,0.045088,0.016543,0.028554,-0.046594,0.047639,-0.057332,-0.056586,0.001052,-0.001852,-0.072148,0.057442,0.022597,0.248561,0.004475,0.004858,-0.036572,0.029557,-0.212846,0.113231,-0.016660,-0.001445,-0.069921,-0.140897,0.023581,-0.104397,-0.173084,-0.063232,-0.043025,0.041574,0.022529,-0.053241,-0.028287,-0.174562,0.014405,-0.026660,0.006413,0.016378,-0.006477,-0.024836,0.015160,-0.143432,0.036489,0.025623,-0.146639,-0.012035,-0.001921,0.083083,0.004788,0.031097,-0.045141,-0.043880,0.125310,0.063328,0.039879,-0.006098,-0.039344,0.017092,-0.009728,0.085401,-0.069470,-0.048004,0.070631,0.131427,-0.009842,-0.022048,0.009408,0.113466,0.065929,-0.070987,-0.013337,-0.064584,0.249056,-0.031655,-0.014091,0.045654,0.038506,-0.015030,0.009884,-0.009399,-0.034513,-0.034118,-0.015771,0.018684,0.090910,0.026493,0.009833,-0.014410,0.028122,0.020831,0.086922,0.065679,0.000556,-0.119817,0.005782,0.000585,-0.030764,-0.058252,0.035699,-0.060327,-0.006929,0.011682,0.065787,-0.011284,0.160192,-0.089982,0.109458,0.017322,0.035964,-0.036106,0.109244,0.101385,-0.139921,0.021228,0.181157,0.088968,-0.043416,0.052000,-0.027873,0.007345,0.153897
0.037256,0.300859,0.249399,0.037056,0.125987,-0.062460,-0.004169,-0.019800,0.028610,0.039285,0.427626,0.041682,-0.040579,-0.015788,-0.179496,-0.128509,-0.039983,-0.047858,0.075681,-0.013617,-0.076115,-0.054254,0.024272,-0.046223,0.012540,0.032459,0.141471,0.210901,0.043058,-0.067152,0.046490,-0.044079,-0.037699,0.022040,-0.064187,0.022050,-0.096047,-0.037709,0.066612,0.024877,-0.027703,0.212375,0.005834,-0.009217,0.098271,0.075388,-0.022505,-0.009065,-0.056620,0.019950,0.009234,-0.092542,0.001353,-0.013911,0.081276,-0.040714,0.078593,0.137939,0.000341,0.097087,-0.021026,0.019897,0.120036,-0.024028,0.080075,-0.082129,0.069801,-0.115362,0.004302,-0.032529,0.044047,0.060922,-0.103815,-0.291196,-0.020484,0.024979,0.029557,-0.170051,-0.005190,0.132135,-0.044315,-0.057775,0.025776,0.005379,0.017531,0.094232,0.118179,-0.063522,0.077860,0.083785,-0.072714,0.015044,-0.001492,-0.166382,-0.113238,-0.105610,0.027538,0.116218,0.107631,0.169658,0.007486,0.167624,0.393473,0.070329,-0.014705,-0.137147,-0.002133,-0.059569,-0.108146,0.228301,0.219836,-0.015551,0.033927,-0.070633,-0.048267,-0.049636,-0.123446,0.084827,-0.123535,0.016657,0.012622,0.003751,-0.034980,0.036838,-0.028785,-0.011692,0.125853,0.054313
0.003519,0.081241,-0.104740,0.119765,0.088638,-0.065293,0.011483,0.065885,0.022571,0.006918,0.034405,-0.078418,-0.061614,-0.061901,-0.043262,-0.054328,0.094880,-0.015367,0.014967,0.128560,-0.018047,-0.035884,-0.034723,-0.014110,-0.043218,-0.041321,0.046575,-0.011496,-0.031190,0.065484,0.171016,0.069565,-0.094092,0.042637,-0.077979,0.131915,0.041860,0.047663,0.064072,0.020261,0.069890,-0.052378,0.040249,0.003260,-0.028597,-0.024792,-0.012512,-0.054355,0.077952,0.011624,0.041090,0.018254,-0.008246,-0.003666,-0.079005,0.033544,0.003415,0.023091,-0.255014,-0.003259,0.081388,0.158908,-0.058528,0.091379,0.023783,-0.112136,0.006534,0.042036,-0.026207,0.039442,0.191296,-0.006516,0.028168,0.095059,-0.100327,0.078123,0.092638,-0.086299,-0.025064,-0.022560,0.012904,-0.079023,0.022161,0.009053,0.082144,-0.056353,-0.432724,-0.019008,-0.078817,-0.112884,-0.036344,0.061493,-0.030650,0.029666,-0.018574,-0.045139,0.091884,0.072145,0.043944,-0.057854,-0.020129,0.019525,-0.018666,0.014807,-0.008448,0.739108,-0.008173,0.002389,-0.144956,-0.030567,0.120920,0.081582,-0.065044,-0.072058,-0.066308,-0.669761,0.247746,0.017694,0.006959,0.201402,0.012981,0.161436,0.010803,-0.038799,0.008132,-0.082103,0.020249,0.084650
0.095045,-0.070280,0.077130,0.109883,-0.157621,0.131264,0.013418,0.027509,-0.125924,0.013932,0.047209,-0.055183,0.121781,0.092255,0.328073,0.001624,-0.020570,0.211418,0.038082,0.052786,-0.132992,0.007137,0.084769,0.085627,0.014869,0.024177,0.041553,0.049831,0.006581,0.034305,0.089604,-0.003122,0.071091,-0.106571,-0.104043,-0.039669,0.185708,0.073732,-0.051126,0.252399,-0.058457,0.136479,0.136245,0.010017,0.019927,0.022510,-0.031135,0.042461,-0.074326,-0.037518,0.051080,-0.084726,0.011726,-0.050827,-0.113184,0.108567,-0.075305,0.044541,-0.078959,0.035598,-0.087560,0.044491,0.092168,-0.012514,-0.172124,-0.023552,0.089948,-0.002091,-0.021263,0.176170,0.042161,0.113947,0.040655,-0.011357,0.000036,-0.278553,0.040522,-0.022628,-0.175906,0.072004,0.026942,-0.299343,0.017227,0.037400,0.057172,0.017548,0.000605,-0.041589,-0.144827,0.048968,0.008874,0.010152,-0.018438,0.016286,-0.008489,-0.145764,0.098287,0.039107,0.030451,0.036018,0.018311,0.007957,-0.026772,-0.035018,0.014537,0.233637,0.140076,0.035778,0.060895,0.014118,0.017449,0.068884,-0.148226,0.130443,0.003521,0.229154,-0.042197,-0.223710,0.208262,-0.015685,0.034477,-0.034813,-0.040832,0.073252,0.065095,-0.044659,0.053403,-0.050447
-0.005335,-0.046095,-0.017074,-0.001660,0.062067,0.022732,-0.000754,-0.028003,0.012460,0.006498,-0.032271,-0.046018,0.007363,0.074600,-0.033811,-0.018311,-0.064541,-0.017221,1.334789,0.039755,-0.034821,0.057719,0.036723,0.005714,-0.041670,-0.012165,0.008795,0.007914,0.015007,-0.032787,0.017354,0.047200,0.011167,0.051895,0.022641,-0.067405,0.052336,0.023369,0.029223,-0.005471,-0.038444,-0.015684,-0.027291,-0.004519,-0.048903,-0.003359,-0.006666,0.002036,-0.072737,0.016241,0.009311,0.006240,-0.016984,0.057461,-0.009703,-0.012076,0.003816,-0.050952,0.019004,0.001818,-0.031393,-0.086617,-0.152873,0.026811,0.030155,0.035122,0.021961,0.053919,0.011214,0.029035,0.001998,0.012000,0.090281,-0.064062,0.010491,0.020203,0.095024,0.019723,0.008158,0.084963,0.020921,-0.070863,0.098224,-0.019973,-0.084042,-0.126181,0.018832,0.016494,0.044677,-0.094476,-0.061796,-0.017976,0.014483,0.010261,0.031795,0.029161,-0.021724,0.018843,-0.004386,-0.023693,0.007352,-0.052464,0.013161,0.017393,-0.000190,0.008091,-0.033952,-0.019551,0.119154,0.030698,0.079318,-0.029503,0.021086,-0.008860,0.153898,0.005659,0.090783,-0.030724,-0.084782,-0.010852,-0.065240,0.021243,-0.005973,0.031880,0.013562,0.009836,0.005121,-0.067067
0.011340,-0.035077,-0.037436,-0.011743,-0.194536,0.036156,-0.003093,-0.048776,-0.015179,-0.105154,-0.019709,-0.018332,-0.009802,0.002637,0.113544,-0.087718,0.004799,0.077218,0.022335,0.010088,0.101990,0.076775,0.007235,0.050817,-0.086680,0.174036,0.058099,-0.025095,-0.007820,0.024301,0.084274,0.033923,0.089994,0.059809,-0.065367,-0.028776,-0.072574,-0.003964,0.072994,0.117899,0.042230,-0.075228,-0.081614,-0.005867,0.032398,-0.081011,-0.053721,-0.096950,-0.123603,0.086022,0.023071,0.107932,0.033423,-0.079282,-0.044244,0.030979,0.066369,-0.005544,0.147483,0.074993,-0.088525,0.027270,0.022805,-0.017340,-0.018293,-0.035764,0.110571,0.023757,0.004829,0.058567,0.191894,0.049940,-0.005135,0.022236,0.046353,0.006474,0.039547,-0.097609,-0.082340,0.232211,-0.042014,-0.108734,0.004757,0.054685,0.155033,-0.029429,-0.038924,-0.030392,-0.018355,0.010022,-0.041168,-0.050160,0.123022,-0.024606,-0.009254,0.011338,0.010525,-0.124268,-0.004474,0.028691,0.069881,0.021203,0.025047,-0.024150,-0.018495,-0.057031,0.017879,0.015904,0.004006,0.122175,-0.017514,0.017748,0.109701,-0.003478,-0.011235,0.018149,0.000198,-0.066010,-0.007537,0.070358,0.048015,-0.057863,-0.156082,0.023163,-0.038432,0.005305,0.027175,-0.055286
0.017712,0.227834,-0.025684,0.000410,-0.118511,0.014176,-0.004085,0.007558,-0.037847,-0.018705,-0.112966,-0.033588,-0.049905,0.059970,0.010342,0.047175,0.069907,-0.054725,-0.040993,-0.079412,0.070630,0.020534,-0.034191,0.011446,-0.017440,-0.018757,-0.025807,-0.027719,-0.010799,0.021289,0.087027,-0.001903,0.011325,0.078782,-0.041027,-0.018417,0.068452,0.120505,0.017026,0.045158,-0.052862,-0.015367,-0.013959,-0.005330,-0.088440,0.057917,0.044728,0.007986,-0.047259,-0.017491,0.026610,-0.017829,-0.019191,0.029679,-0.007436,-0.011581,-0.013267,-0.105831,-0.055214,-0.030912,-0.000793,-1.207781,0.077489,-0.012532,-0.008131,0.143887,0.002138,-0.039795,-0.043781,0.012412,-0.007413,-0.029947,-0.038478,-0.000185,-0.005607,0.002505,0.077226,0.018480,0.069225,0.055392,0.056706,0.027662,0.041702,-0.007930,0.046469,0.028445,0.067875,0.068110,-0.105726,-0.153546,-0.020184,-0.010672,-0.011079,-0.162480,0.251635,-0.059416,0.019545,-0.072591,0.065701,0.055245,0.053415,0.194422,0.191538,-0.014956,0.017018,0.058104,0.031962,-0.045789,-0.243410,-0.061887,-0.031406,0.019945,0.000533,0.003012,-0.134621,-0.128331,0.041297,0.039772,0.150610,0.066008,0.101648,-0.088826,0.048962,-0.020759,0.002859,0.017097,0.042506,0.048939
0.007813,-0.122690,-0.026405,0.001426,0.034637,-0.101570,0.000222,-0.028717,-0.004886,-0.002753,0.064901,-0.043483,-0.017431,-0.061582,-0.030518,-0.015793,-0.091268,-0.132256,-0.032095,0.180056,-0.034756,-0.020291,-0.029679,-0.000294,-0.018825,-0.026931,-0.011567,-0.069096,-0.029856,0.069787,-0.004794,-0.084630,-0.038627,-0.015798,-0.045987,-0.037897,-0.032847,-0.012814,-0.014653,-0.004544,-0.006413,0.054781,0.014537,-0.005574,-0.022773,-0.024059,-0.083858,-0.064410,0.034184,-0.023235,0.037610,-0.008913,-0.009803,0.026800,0.043137,0.015351,-0.040683,0.077571,-0.047726,-0.007652,0.024771,-0.018281,0.028021,0.046007,-0.013699,0.013497,-0.024124,0.033401,-0.002947,-0.059164,0.037616,0.003871,-0.155972,0.120826,0.040364,0.016823,-0.015624,0.025726,0.122227,0.022713,-0.027277,-0.072739,-0.087233,0.010665,0.045973,-0.007432,0.059192,-0.022184,0.016787,-0.141963,-0.053949,-0.005104,-0.065661,-0.184911,0.094084,-0.017263,0.024966,-0.007531,-1.243833,0.088028,0.028262,0.084912,-0.073532,-0.013401,0.000668,-0.052187,-0.061729,-0.083895,0.023816,-0.039057,0.114068,0.039363,-0.015010,-0.009334,0.130517,-0.014307,0.047594,0.062389,-0.041046,-0.016438,-0.080034,0.038461,-0.030244,0.049398,0.002200,0.005294,0.208805,-0.006367
-0.066179,0.018661,-0.039405,0.028881,0.032306,-0.036502,-0.000983,0.075259,-0.000658,-0.013955,0.019927,0.044629,-0.033996,-0.042241,-0.029504,0.052809,-0.002762,-0.045464,-0.036393,0.010626,0.120120,0.032357,0.017112,-0.035477,-0.010616,0.020276,0.049727,-0.021006,0.022825,-0.030678,-0.079943,-0.022245,-0.021291,-0.064832,0.001902,-0.002567,-0.013132,0.016471,-0.053744,-0.035151,0.123634,-0.043430,0.060687,-0.000482,0.046379,0.174605,0.054910,0.035729,-0.065200,-0.036346,-0.057012,0.075337,-0.021007,-0.018909,-0.064657,0.011497,-0.060130,-0.030668,0.105934,0.047230,-0.085790,0.020795,-0.041535,0.039144,0.011419,0.039528,0.070627,-0.105631,0.115153,0.005310,-0.013747,-0.041949,-0.002630,-0.023933,-0.001712,0.004720,0.062212,0.013955,-0.013174,0.109002,-0.215402,-0.076065,0.013333,0.011868,0.142283,-0.008567,-0.042615,0.019833,-0.012928,0.000168,-0.006386,0.003056,0.016125,0.000089,0.005644,-0.036192,0.011986,-0.018916,-0.013216,0.016908,-0.015521,-0.024505,0.014780,0.053227,0.032966,0.055685,0.073789,0.010804,0.016624,0.006187,0.000346,-0.089920,0.010929,-0.039753,0.008345,0.007340,0.020687,-0.011926,0.031809,-0.058856,-0.041685,0.026284,0.008204,-0.049433,-0.032962,-0.057147,0.007222,0.063432
-0.067665,0.162555,-0.272156,-0.019561,0.110334,0.052405,-0.004543,0.003562,-0.074809,0.091293,-0.386225,0.101713,0.000735,0.086039,0.060241,0.035084,0.122311,0.046018,-0.065403,-0.078568,-0.027303,0.026683,-0.002694,0.050514,0.028947,-0.046659,0.017641,-0.062537,-0.021930,0.027249,0.030830,0.043534,0.039215,0.069462,0.021889,-0.024826,0.129524,-0.289080,0.027925,0.020882,-0.051425,0.027553,0.001561,-0.010896,0.107350,-0.028016,-0.026072,0.010776,0.025046,0.009250,-0.020444,-0.048555,-0.001812,-0.023905,0.060067,0.015897,0.049841,-0.025573,0.051014,0.044164,-0.022558,-0.037135,-0.240783,-0.174422,0.052620,0.012396,0.039406,0.105314,-0.006009,-0.011543,-0.081431,-0.108399,-0.103862,0.486948,0.051248,0.012434,-0.023566,-0.051745,-0.082719,0.022886,-0.062228,0.005380,-0.120524,-0.000767,0.028891,0.187785,0.052583,0.002425,0.074688,0.182728,0.065857,0.024587,-0.013856,0.449870,-0.227698,-0.125536,0.185993,0.101180,-0.111325,0.187266,-0.027640,0.002906,0.400120,-0.022646,-0.023446,-0.016863,-0.037804,-0.024262,-0.051001,-0.055624,0.261031,-0.070986,0.051603,0.058602,-0.158266,0.043985,0.152142,-0.057949,-0.024186,0.019850,-0.082588,0.058723,0.015169,0.002055,-0.043945,0.148881,-0.220978,-0.020069
0.001742,-0.006918,0.091577,-0.040798,0.025496,-0.097743,-0.001314,-0.017434,0.021833,-0.064288,-0.066955,0.195071,-0.025294,-0.090958,0.057772,-0.055245,-0.237682,-0.011849,-0.066611,0.010282,0.048947,-0.049734,-0.019651,0.001334,-0.047095,-0.085670,-0.043564,-0.016621,-0.063366,0.023793,0.012092,0.075600,0.011216,0.057386,-0.191876,0.024872,-0.012773,-0.152069,0.005983,0.049671,0.003352,-0.106873,-0.008785,0.010055,-0.077844,-0.063428,0.020547,0.052660,0.117537,0.011734,0.076842,-0.056310,-0.017641,-0.016838,-0.024783,0.021136,-0.055312,0.241577,-0.085613,-0.008829,-0.107819,0.013324,-0.032624,0.080188,-0.004119,0.135423,-0.081425,0.014643,0.030810,0.031392,0.034464,-0.001057,-0.026456,0.182542,-0.041643,0.031265,-0.041042,0.050948,-0.006636,0.014726,0.014396,-0.063923,0.859240,-0.031854,-0.081681,0.033543,0.049455,0.053046,-0.021648,0.127322,0.013453,-0.676002,0.049507,-0.010596,-0.091312,0.029617,-0.027561,-0.062656,0.059890,-0.106308,-0.028662,0.266389,0.017113,-0.054243,0.034800,0.004712,0.009411,-0.044514,0.031462,-0.092491,0.156835,0.001387,-0.022687,-0.022628,0.037076,0.045046,-0.015414,0.085169,0.066156,-0.000365,0.085734,0.013141,-0.030608,0.042220,-0.004773,-0.030904,0.010020,0.031361
0.084890,-0.001007,-0.018613,0.029678,-0.063137,-0.040295,-0.005305,0.020800,0.112795,0.132389,-0.031770,-0.039635,-0.030134,0.018528,0.158674,-0.142574,0.025210,0.169866,0.014296,-0.031401,-0.102055,0.056629,0.048489,0.049059,0.010335,-0.093017,-0.021253,-0.014738,-0.074157,0.054275,0.079323,0.030901,-0.031023,-0.004509,0.072847,-0.022376,-0.079705,0.030066,-0.002649,-0.002403,-0.088311,0.015212,0.168026,0.007971,0.024093,-0.054894,0.037486,-0.024204,0.048838,-0.100909,-0.015237,-0.008596,0.043084,0.081732,0.106160,0.058012,-0.000069,0.023692,0.112595,-0.062881,-0.013954,-0.029289,0.025996,-0.077040,-0.035034,-0.009288,-0.113969,-0.023468,0.087781,-0.050293,0.021205,-0.069930,-0.017704,-0.002931,-0.033576,0.107804,-0.092550,-0.015714,0.000081,-0.060501,-0.021501,0.001122,0.015488,-0.091987,-0.072291,0.028142,0.028286,-0.017939,-0.080829,0.023795,0.061945,0.134081,-0.026015,0.009841,-0.012420,0.141045,-0.017193,-0.143545,-0.026099,-0.016851,0.000056,-0.008709,-0.049163,0.130968,-0.002061,-0.063403,-0.125306,-0.023045,0.019678,0.027351,-0.014576,0.046328,0.037501,-0.069422,0.022100,-0.022464,0.000015,0.006574,-0.022082,0.061910,-0.021005,-0.135601,0.039859,-0.030331,0.001455,-0.087523,-0.011590,0.095313
-0.008954,0.040110,-0.088692,0.022343,-0.023629,-0.051513,0.013786,0.007393,0.306049,0.067048,-0.204779,0.014768,0.014286,0.013246,0.164819,0.098154,0.017191,0.087309,0.056154,0.150079,0.154177,-0.019430,0.013953,-0.051092,0.057942,0.193087,0.029391,-0.051924,0.040574,0.051373,0.033638,0.006869,-0.015992,-0.064276,-0.060917,-0.023102,-0.119911,-0.085229,-0.036640,-0.070087,0.023244,-0.052376,0.031850,-0.001416,0.020221,-0.024102,-0.073343,0.072099,0.094063,-0.020947,-0.055824,-0.140270,-0.063986,0.223994,-0.222528,-0.008021,0.020248,-0.064622,-0.006893,-0.038887,0.020532,0.171211,0.032722,0.116196,0.090075,0.062540,0.098756,-0.699192,-0.125462,-0.091612,-0.103272,-0.020199,0.099780,0.001060,-0.033669,0.064458,0.034714,-0.066993,0.065632,-0.321665,0.202612,-0.100929,0.134984,0.043892,0.277085,0.005686,-0.066283,-0.085904,0.020421,-0.042483,0.017686,0.010718,0.019071,-0.088439,0.254482,0.023079,0.090013,0.032825,0.001404,-0.002063,0.006581,0.026172,0.080816,0.091565,-0.027333,-0.159368,-0.062095,0.036219,-0.162673,0.067158,0.158414,0.119656,-0.101684,0.063446,-0.037516,0.160589,-0.027245,-0.057257,0.042228,-0.002793,0.116741,-0.084061,-0.004484,-0.016639,0.029473,-0.013975,0.031230,0.317264
0.069439,0.048006,-0.047397,0.009044,-0.027283,0.144632,0.012453,-0.004577,0.089966,-0.062361,-0.155260,-0.055863,-0.042396,0.181791,0.195201,-0.038336,-0.089242,0.339841,-0.129631,0.055375,0.073159,0.033501,-0.000128,-0.067466,-0.036813,-0.262149,-0.013892,-0.000553,-0.133012,-0.030760,0.046918,0.004083,-0.012211,0.153594,0.098353,0.002839,0.057737,-0.044928,0.017908,-0.055347,-0.136873,0.150922,-0.062423,0.010881,0.006864,0.043378,0.073238,0.079881,0.167113,0.060567,0.102444,0.224975,0.035489,0.043961,-0.100076,-0.000532,0.042320,0.048927,-0.071020,-0.059505,0.032687,0.077453,-0.027788,-0.017435,0.004512,0.201270,0.030025,0.027190,-0.014568,-0.274870,0.039694,0.011055,-0.037938,-0.256791,-0.000790,0.169064,0.148301,-0.096812,0.025327,0.423353,0.006258,-0.126061,-0.057747,-0.109565,-0.060145,0.074555,-0.018080,0.281729,0.043314,-0.097267,-0.049000,-0.032915,-0.050404,0.073041,0.095890,0.146089,-0.089165,0.014765,-0.057829,-0.037914,0.030167,-0.026534,0.062024,0.067719,0.022901,-0.115371,0.098081,0.015876,-0.210689,0.064294,0.223230,-0.086974,0.009092,0.209142,0.221029,0.023898,0.217084,0.058565,-0.201223,0.013622,-0.049684,0.065964,-0.045687,-0.042138,-0.030654,-0.054354,0.009663,0.155584
-0.062702,0.004427,0.012902,0.027367,0.088545,0.003576,0.006375,0.002065,0.017660,-0.018094,0.010450,-0.053638,0.010800,-0.246278,0.577782,0.025265,-0.120935,-0.039137,0.115920,-0.041993,0.081739,-0.034511,-0.101203,0.050589,0.038371,0.094627,0.057390,-0.084491,0.137974,-0.104433,0.004047,-0.007422,0.053425,-0.082417,-0.045855,0.073252,-0.079477,0.083994,0.010179,0.023759,0.062796,0.049428,0.021870,-0.007359,-0.035567,-0.088028,0.041066,-0.091954,0.211776,-0.012634,-0.026607,0.243451,-0.057497,-0.043628,0.011345,-0.001721,-0.068734,-0.061640,0.032373,0.083261,0.085200,-0.021121,0.031244,0.018433,-0.075108,0.020465,-0.034587,0.031969,-0.051547,-0.061535,-0.102907,0.097445,0.089255,-0.226429,0.048994,0.015088,-0.067371,-0.049668,0.329974,0.035365,-0.047386,0.056670,-0.061082,0.041556,0.236484,0.102939,-0.002840,0.054464,-0.122232,-0.006951,0.080528,0.064103,-0.074043,0.029416,-0.113008,0.191181,-0.065792,0.013063,0.110765,0.023350,-0.047156,0.045049,0.143406,-0.022616,0.052085,-0.014997,-0.057276,-0.121606,0.083700,-0.617037,0.142735,-0.050793,-0.024957,-0.083067,0.145654,0.023087,-0.020518,0.373892,0.012850,-0.030696,-0.086926,0.094567,0.025307,0.044192,0.018144,0.078298,-0.051335,0.015662
0.039806,-0.039222,-0.039288,0.067466,-0.075294,0.046059,-0.006793,0.140589,0.098787,-0.085360,0.016056,-0.083569,-0.086159,0.055602,0.083672,0.253376,-0.003262,0.094908,-0.001250,0.018040,0.094675,-0.020755,-0.064860,0.105937,-0.148047,0.032671,0.250642,-0.016337,-0.172820,0.084992,0.038814,0.037212,-0.161041,0.257693,0.048244,-0.032726,-0.051627,-0.021189,-0.020190,-0.009616,0.148666,0.105945,-0.088063,-0.023022,0.001472,-0.021628,0.064110,-0.013112,-0.048615,-0.049516,-0.072245,-0.080583,-0.070465,0.056358,0.007740,-0.041000,-0.012342,0.033890,-0.104813,0.262818,0.081750,0.028311,0.041694,-0.039278,-0.213360,-0.007347,-0.105686,0.031896,-0.034850,0.028379,0.020686,-0.053680,-0.010842,-0.036794,-0.041781,0.054663,-0.026718,0.074094,-0.078741,-0.027290,0.005649,0.013948,0.047360,0.083313,0.025936,-0.033270,0.060274,0.154549,0.065208,0.012551,-0.084943,0.096758,-0.006330,0.029011,-0.011182,0.049650,0.058399,0.044631,-0.015904,0.003616,-0.150615,-0.023893,-0.026334,-0.076956,-0.005953,-0.006942,0.255374,0.049183,0.002925,-0.089309,-0.050929,0.040766,0.344275,-0.004307,0.015292,0.030384,-0.024852,-0.023608,0.076157,-0.021463,-0.147449,0.018511,0.150787,0.106358,0.038273,0.045616,-0.000896,-0.019648
-0.008572,-0.010262,0.040276,0.110567,-0.063925,0.098331,0.004870,0.037127,-0.042005,-0.072333,0.178825,0.176858,-0.000327,0.050001,0.087197,-0.041434,0.022521,0.021313,-0.065305,0.013419,-0.136197,0.073276,0.079058,-0.037009,-0.055587,-0.041861,-0.003914,0.090816,-0.016773,-0.024533,0.053276,0.085435,0.246476,0.017717,-0.035760,-0.081465,-0.089007,-0.014699,0.060266,-0.052830,-0.066906,0.035618,-0.075173,0.014553,0.132503,-0.046967,-0.017793,0.047644,-0.136030,-0.214855,0.011750,-0.143990,0.145232,-0.004633,-0.288633,0.047764,0.050138,0.077862,-0.038803,-0.044366,0.301726,-0.014599,-0.072360,-0.036846,0.089104,0.000240,0.216706,-0.042188,-0.032063,0.258932,-0.003569,0.051563,-0.033316,0.004552,-0.016320,-0.074879,-0.005595,-0.110377,0.653609,-0.058942,0.029234,0.035990,-0.227053,-0.028875,-0.045683,0.063946,0.017118,-0.045219,0.048340,0.001476,0.045864,-0.029462,0.017884,0.165750,0.042975,0.150457,-0.032233,0.033440,-0.060056,0.003104,-0.062585,0.135380,0.063098,-0.018843,-0.024505,0.079541,0.043513,-0.069643,0.068898,-0.179707,-0.029099,-0.051171,0.029591,0.043237,0.053718,0.047760,-0.070301,-0.152336,0.054890,-0.033849,-0.036829,-0.019515,-0.023024,0.124223,-0.027734,-0.022637,-0.018167,0.016362
0.031778,0.086936,0.333584,0.119125,0.057474,0.099864,-0.011644,-0.087989,-0.007581,-0.011077,-0.297900,-0.069605,0.007406,-0.076272,0.050901,-0.047044,0.063200,0.071353,-0.002953,-0.193940,0.010712,0.040210,0.038296,-0.078851,-0.099900,0.070809,0.000604,0.093706,-0.057613,-0.033584,0.073686,-0.019779,-0.046366,-0.056920,-0.024986,-0.077645,0.301664,-0.034572,0.014384,-0.032989,-0.033787,-0.071737,0.037324,-0.009254,-0.020868,0.096154,0.211627,-0.047355,0.023010,0.028228,0.044799,-0.059723,-0.006129,0.117265,-0.069456,-0.007959,-0.025844,-0.099194,-0.173172,-0.060561,-0.080495,0.171040,-0.076242,-0.117754,-0.032852,-0.104427,-0.056246,-0.067864,-0.011794,0.560377,-0.057647,0.069649,0.052885,0.032609,-0.095983,-0.157541,0.026031,-0.163143,-0.061394,0.073056,-0.019029,-0.025746,-0.173590,-0.015674,-0.028783,0.129428,0.226692,0.020729,-0.071919,0.289712,-0.124072,-0.071182,0.013621,-0.011011,0.100983,0.073183,-0.273331,0.048448,-0.088130,-0.161821,0.051305,0.143049,-0.123071,0.115892,0.021582,-0.274597,-0.000184,-0.026713,-0.049339,-0.062354,0.140551,0.027925,-0.102944,-0.109532,-0.012654,-0.309322,0.258161,-0.037068,-0.065258,0.039028,0.221827,-0.079794,0.019653,-0.067115,0.041201,0.045562,-0.101736,-0.107849
0.012009,0.040109,-0.056157,0.111716,0.064901,-0.015373,-0.002432,-0.013279,-0.238575,0.025228,0.012766,0.180919,-0.034709,-0.066954,0.030898,-0.013227,-0.000080,0.048204,0.114683,0.017480,-0.068974,-0.009433,-0.012054,0.033994,0.230137,0.057881,0.102551,-0.007567,0.051470,-0.006095,0.057051,-0.003294,0.003597,-0.036983,-0.138299,0.223121,0.011890,0.026777,0.092882,-0.116089,0.024494,0.008018,0.017150,0.010769,-0.016973,-0.010993,0.004048,-0.003385,-0.045304,-0.118068,-0.067790,0.005351,0.005868,-0.203111,0.040670,0.056555,-0.013453,-0.033709,-0.075631,0.244671,0.025092,-0.060845,0.038793,0.050858,-0.039085,0.018980,-0.094030,0.011579,0.046271,0.035506,0.080676,-0.049279,0.035111,0.035783,0.087076,0.012360,-0.024153,-0.075600,-0.101039,0.075980,-0.094074,-0.229807,0.034011,0.011385,0.117294,-0.016862,-0.058518,-0.122234,0.123438,0.016950,0.104790,0.000887,-0.082253,0.010496,0.055670,0.077478,0.031648,0.003026,-0.041219,-0.010643,-0.049463,-0.017321,0.010331,0.033353,0.064352,-0.104300,0.132312,0.002378,-0.071780,0.060578,0.006029,0.001951,-0.022748,-0.037448,0.007583,0.001603,-0.007852,0.076769,0.145155,-0.094538,0.091995,-0.028375,-0.019288,0.001181,-0.010359,0.122321,0.011300,0.051600
0.028492,-0.004194,0.039936,-0.037785,0.055533,0.018592,0.021365,0.052313,0.023799,0.015683,0.020133,-0.042718,0.045132,-0.029053,0.073472,-0.103084,0.003601,-0.015740,0.023218,-0.007047,-0.074001,0.009550,0.041040,-0.009395,0.073002,-0.087073,0.095998,0.024616,-0.030615,-0.045375,-0.093532,-0.028049,-0.005456,-0.087480,-0.026755,0.120615,-0.005074,0.006462,-0.013765,-0.012122,0.119007,0.010132,-0.202545,0.007554,-0.039345,0.001526,-0.016659,0.056567,-0.069771,-0.122479,0.009569,0.093998,0.095425,0.108149,-0.017655,0.060241,0.079542,-0.014940,-0.009899,0.060755,-0.038724,-0.008847,0.005726,-0.004815,0.025761,0.012214,0.034157,-0.004488,0.086000,-0.022413,-0.073856,0.140498,-0.048267,0.008329,-0.047772,-0.077653,-0.042553,0.045841,-0.081588,-0.054710,-0.037783,-0.098076,-0.049187,-0.003052,-0.048794,0.001761,-0.013755,-0.049704,0.025363,0.008625,0.040288,-0.099989,0.064231,0.032121,0.000456,-0.054161,-0.023218,0.021202,-0.020305,-0.004073,-0.014787,-0.008295,-0.003379,-0.012879,0.010560,0.029119,0.047980,-0.023344,0.003023,-0.029830,-0.005780,-0.093087,0.023129,-0.086721,-0.017563,-0.073951,0.011559,-0.004808,-0.006120,0.000190,0.171368,-0.160261,-0.011313,0.055964,-0.045647,0.098044,0.003317,0.156625
-0.024659,0.110744,0.084555,-0.000237,0.075762,-0.068259,0.018076,-0.000694,0.022132,0.005038,0.321349,-0.081841,-0.011071,-0.044001,0.103907,-0.001288,0.135548,0.022688,-0.091543,0.052476,0.071700,0.033663,0.028183,0.004045,0.030999,-0.040778,0.006870,0.221283,0.007981,-0.016813,-0.067837,-0.055914,-0.027644,-0.037369,-0.008254,0.023919,0.098219,0.205336,-0.019982,0.043942,0.023845,0.114425,0.014373,0.011464,0.129114,0.006918,-0.084810,0.008686,-0.045422,0.079198,0.023716,0.009718,0.019101,-0.018071,-0.029079,-0.009247,-0.012593,-0.008666,0.033121,0.020468,-0.027568,-0.083216,0.243591,0.023748,0.095384,-0.038792,0.002717,0.042223,0.065040,0.102132,0.006238,0.024592,0.162196,0.081295,0.042745,0.006955,0.022791,0.045009,-0.017199,0.029976,0.029458,0.079431,0.162744,0.025525,-0.014334,-0.036740,0.003155,-0.005041,0.047333,0.002341,-0.070027,-0.007675,-0.030739,0.231110,0.175418,0.064858,-0.115331,-0.002393,-0.180398,0.036725,0.001731,-0.126363,-0.055647,-0.001970,0.038546,-0.241679,0.001321,-0.116199,0.239790,-0.033208,-0.147248,-0.038786,0.001499,0.047448,-0.032239,-0.000607,0.284103,-0.074186,0.026337,-0.002941,-0.099487,0.076330,-0.026948,0.036194,0.032990,0.080856,-0.019329,0.039412
-0.006743,0.012025,-0.011111,0.010523,0.081844,-0.101851,-0.014970,0.197012,-0.124072,-0.030582,-0.004355,0.035442,-0.012052,-0.017956,-0.013437,-0.093305,0.010444,-0.080922,0.022539,0.045976,-0.081761,0.089472,0.068042,0.031045,-0.056447,0.253967,-0.021281,-0.017469,0.117490,0.024786,-0.095900,0.031303,-0.049318,0.090384,-0.004589,-0.003189,0.062241,-0.001247,-0.049993,-0.008993,0.054884,0.050658,0.041887,0.002256,-0.031458,0.018729,0.020165,0.079330,-0.001854,0.022449,0.054871,-0.040353,0.057358,-0.156346,0.039354,-0.002280,0.078232,-0.014152,-0.142429,-0.014091,-0.024113,0.018366,0.002629,0.052808,0.000812,-0.008342,0.123775,0.005819,0.118533,-0.030212,0.041955,-0.014564,0.001711,0.031321,0.006368,0.101966,-0.019341,0.001951,-0.030994,0.071930,-0.034318,-0.010102,-0.031798,0.010938,0.005948,-0.027313,0.004142,0.011570,0.147846,-0.012917,-0.010066,-0.055112,0.072474,0.001296,0.038579,-0.082757,0.024260,0.031134,-0.016741,-0.014188,-0.008978,-0.014165,0.009722,0.058628,0.009925,0.024548,0.046506,0.007698,-0.028861,-0.042062,0.004227,0.026818,0.020500,0.066927,-0.002971,0.014386,-0.021957,0.091583,-0.045314,-0.027599,-0.032977,0.002765,-0.020984,0.028340,-0.112989,0.078903,0.002267,0.131241
0.001667,0.011280,-0.002309,-0.002755,-0.004460,-0.016914,-0.001528,0.009568,0.002043,0.002303,0.001205,0.006440,-0.022472,-0.000184,0.004946,-0.005058,0.003294,0.004874,0.001388,0.003968,0.007853,0.009262,-0.002233,-0.000600,-0.002526,-0.000797,-0.008284,0.002186,0.001161,-0.000697,0.004430,0.000885,-0.001135,-0.001186,-0.005662,0.004766,-0.004708,0.002260,-0.013030,0.009907,0.010333,-0.003483,0.006818,0.005003,0.000559,0.005423,0.014908,-0.012889,0.002366,-0.001700,0.018171,-0.006842,0.010757,0.007082,-0.011907,-0.006126,0.001437,-0.000882,-0.002504,-0.003073,0.001757,0.003454,0.000383,0.001851,0.001299,0.006631,-0.004222,-0.006253,0.002166,-0.008021,-0.001721,-0.007200,-0.009039,-0.001400,0.009046,0.002027,-0.004006,-0.004939,-0.000957,0.005445,0.001492,0.002594,-0.001966,0.004089,-0.006662,-0.001970,-0.000836,-0.018956,-0.021530,0.001584,0.003152,0.005958,-0.006376,0.000869,-0.010703,-0.014291,0.001335,-0.003078,0.000327,-0.000748,-0.030427,-0.007796,-0.005386,0.012512,-0.001284,-0.010960,-0.000650,0.002001,-0.000329,-0.007723,-0.004183,-0.018979,-0.001006,0.005856,0.001531,0.000471,0.002563,0.008679,0.009249,0.003447,0.010458,0.004789,-0.006146,-0.001996,0.000872,-0.003720,0.002725,-0.006589
0.057504,0.014325,0.011222,0.108001,-0.172695,-0.048179,0.010158,0.156522,-0.060738,0.002722,-0.098866,0.016727,0.011630,0.169744,0.012954,-0.053063,-0.000333,-0.113913,0.046951,-0.027557,-0.215425,0.004815,0.009759,-0.013179,0.088373,-0.048828,-0.078118,0.108565,-0.106965,-0.051795,0.168982,0.070975,0.036897,-0.228431,0.073758,0.036267,-0.240873,-0.002789,0.240210,0.086652,0.043956,-0.172634,-0.007616,0.002048,0.049128,0.052852,0.135042,0.004647,-0.017628,0.039577,0.016113,0.131546,-0.045832,0.118916,0.052291,0.064012,0.205589,0.037128,-0.007623,-0.045572,-0.139888,-0.014083,0.018609,-0.119260,-0.019246,-0.011571,0.329803,0.082640,-0.206413,-0.250990,-0.009293,0.021598,0.064695,0.042068,-0.058131,-0.044645,-0.077001,0.005330,-0.060501,-0.023449,-0.053598,-0.030431,0.065418,0.007088,0.148239,-0.083128,0.018603,0.073363,0.030123,0.064692,0.013351,0.066456,0.003514,-0.010192,-0.013180,0.255107,-0.066063,0.114399,-0.055730,-0.000815,-0.106492,0.005830,0.007582,0.078668,-0.006303,-0.067703,0.044593,0.039450,0.027268,0.049919,-0.032701,-0.143190,-0.048290,0.267011,0.019626,-0.105672,-0.008480,0.003778,0.121288,0.032458,-0.087797,-0.102818,0.037898,-0.056740,-0.116971,-0.031388,-0.025521,-0.100082
-0.017029,0.072386,0.025416,-0.056551,-0.058338,-0.009631,0.003519,-0.040137,0.219162,-0.016676,-0.034152,0.053951,-0.019842,-0.026278,0.032366,-0.002630,0.003315,-0.102923,-0.009697,0.003672,-0.033854,-0.038392,-0.046763,-0.111030,0.231847,0.125701,-0.098905,0.008046,-0.058848,-0.023084,0.058299,-0.021521,-0.003537,0.021707,-0.094810,0.130610,-0.039714,-0.014986,0.002592,-0.078673,0.018789,0.100283,-0.007529,0.002382,-0.013465,0.041951,-0.003146,0.008190,-0.274290,0.003045,0.055093,-0.069633,0.045576,0.094387,-0.189606,-0.030491,0.030243,-0.015633,0.083487,-0.114581,-0.002649,0.082656,-0.077609,0.002770,0.067801,0.029936,0.026296,0.904908,-0.073692,-0.051954,-0.075889,-0.013076,-0.045748,-0.042735,-0.052750,0.056540,0.074655,0.042368,-0.032505,0.005671,0.264741,-0.036078,-0.000242,0.038204,0.224087,-0.026661,0.072310,0.036197,-0.495738,0.001606,0.030810,-0.021239,-0.159038,0.068927,0.082415,0.044725,0.020852,-0.039650,0.034661,0.023300,0.149312,-0.006412,0.018730,0.062058,0.013822,-0.017026,0.002469,-0.008098,0.090695,0.126954,0.036545,0.062923,0.004062,-0.017540,0.075722,-0.024263,-0.036058,0.048861,0.034474,0.071122,0.097612,0.112541,-0.011059,0.020518,0.050262,-0.029779,0.017704,0.180387
-0.020809,0.016607,-0.012064,-0.042391,-0.068944,0.023470,-0.010675,0.046604,-0.013114,0.001599,-0.058073,0.009738,0.036125,-0.058320,0.033028,-0.021597,0.170160,0.093752,0.193753,-0.267115,-0.014788,-0.076300,0.004073,-0.000307,-0.026484,0.077537,-0.053282,-0.070009,-0.027811,0.020221,-0.024520,0.065800,-0.068692,0.007608,0.004235,0.026718,0.061293,-0.063005,-0.036773,0.007636,0.032590,0.099824,0.013112,-0.003826,0.240252,-0.026376,-0.024411,0.050477,0.079992,-0.015356,-0.039457,0.007206,-0.013044,-0.031450,0.062092,0.015100,-0.047561,0.009796,-0.017935,-0.018469,0.014638,0.261818,-0.171411,-0.057339,-0.046345,0.352912,-0.059561,-0.031550,0.041937,-0.007568,0.015757,0.010582,-0.092146,-0.013703,0.001691,-0.039922,-0.041919,0.151266,0.039061,0.063711,-0.002881,0.067673,-0.081206,-0.000233,-0.073963,0.034740,-0.028479,-0.018795,0.014643,-0.215246,0.009152,-0.022473,0.046262,-0.072376,0.047440,0.060908,0.190560,-0.081330,-0.053245,0.199703,-0.034436,0.562086,0.312253,-0.027302,-0.032581,0.030575,0.004267,0.122665,0.042427,-0.031511,-0.165649,0.007586,-0.045243,-0.011928,-0.071642,-0.009061,-0.021640,-0.123244,0.128048,0.016387,0.136897,-0.022059,0.034430,-0.016865,0.030746,0.025046,0.261835,0.017201
-0.014453,-0.007952,0.016462,0.003991,-0.007446,0.007135,-0.008361,0.091956,-0.070301,0.043373,0.067920,0.079115,0.027484,0.091709,-0.092655,0.068419,0.041717,0.198106,0.010325,0.030658,-0.024780,-0.034309,0.020244,0.022830,0.109360,0.088433,0.043986,0.195570,0.050278,-0.089816,0.034981,-0.026961,-0.042205,0.109737,0.158653,-0.056702,0.229835,-0.039016,0.069984,-0.087634,-0.082843,-0.120834,-0.079788,0.004019,-0.054705,0.154643,-0.027013,-0.083020,0.010634,0.034322,0.084634,-0.066372,0.090478,-0.121072,-0.170849,0.003280,0.409098,0.091145,0.026542,-0.019747,-0.003510,-0.000057,-0.033883,0.005198,-0.568268,-0.009618,0.447188,-0.052840,-0.061009,-0.350917,-0.028290,-0.011743,0.013999,0.013279,-0.008707,-0.140432,0.045116,0.009180,0.092684,-0.110731,-0.031305,0.047783,0.148541,-0.001819,0.004088,0.004369,-0.035385,-0.060660,0.027127,0.012212,0.122362,-0.085419,-0.389938,0.082636,0.086842,-0.145667,-0.011134,0.142274,-0.010192,0.014482,0.061401,0.044037,0.062427,-0.013658,0.036281,-0.082026,-0.075286,-0.058175,0.058111,-0.048615,-0.032713,-0.001915,-0.038537,-0.088196,-0.016063,-0.091626,-0.029368,0.051216,-0.208491,-0.029978,0.095042,0.051209,0.089133,-0.009554,-0.049886,-0.017594,-0.039914,-0.080850
0.028640,0.299698,0.104002,0.043164,-0.027900,-0.034518,-0.000026,0.009626,0.072569,-0.035705,-0.028468,0.018308,0.031501,-0.053232,-0.121172,-0.014324,0.124339,0.004989,0.066098,0.091748,-0.042763,0.081552,0.014382,-0.015752,-0.009401,0.044322,-0.049254,0.113736,0.024370,0.005094,0.038364,0.044286,-0.005035,0.037400,0.021494,0.002714,0.010312,0.335314,-0.043398,0.005429,0.003007,0.126408,0.041900,-0.010773,0.033117,-0.041281,-0.033218,-0.019552,-0.138965,-0.002548,-0.001752,-0.046427,-0.027235,0.009598,0.084786,0.004948,-0.062555,0.031299,0.025457,0.001227,-0.024287,0.044950,-0.003450,0.106108,0.020880,-0.134396,-0.084489,-0.129853,-0.000764,-0.093342,0.028787,-0.000675,0.160110,0.158336,0.065552,-0.069882,0.015779,-0.058447,0.100134,0.104100,0.000203,0.047950,0.279097,-0.012966,0.044762,0.083828,-0.095024,-0.033757,-0.038626,-0.168018,0.006936,0.003726,-0.008054,0.426038,0.177535,-0.007528,-0.290684,0.013113,0.006870,0.153042,-0.016733,-0.114176,0.139680,-0.039102,-0.071073,-0.103444,-0.055634,-0.079865,-0.015287,0.046597,-0.092836,0.040943,0.000015,-0.015934,-0.140265,0.188078,0.349057,0.010310,0.017998,0.014933,-0.093645,-0.016711,-0.039886,0.001559,0.015018,-0.100149,0.017208,-0.047557
-0.034202,0.056711,-0.117746,0.074988,-0.012099,-0.172866,0.026924,0.005379,0.055341,0.078476,0.000866,0.033706,0.034494,0.004364,-0.040500,-0.048411,0.054413,0.032397,-0.033959,-0.034958,-0.137060,-0.641820,-0.105785,0.056459,-0.020212,0.143773,0.041121,-0.014649,-0.007638,0.039023,0.037119,-0.008139,0.072938,-0.045434,-0.088323,-0.085847,0.101641,0.056180,0.117611,0.049956,-0.011117,0.009246,0.088277,-0.012994,0.000140,-0.041200,0.353028,-0.176347,-0.025011,-0.055518,-0.019432,0.095648,-0.012640,-0.028768,0.030295,-0.027427,-0.068389,-0.027144,0.039608,-0.026642,0.164919,0.021407,-0.030898,0.058123,0.175549,0.012990,0.001927,-0.024516,0.074349,-0.067182,-0.122319,-0.090154,0.074176,0.030422,0.024306,-0.037364,0.057885,-0.105975,0.092266,0.196101,-0.025224,-0.082123,0.122495,0.077388,-0.586109,0.093164,0.102011,-0.052076,-0.004533,-0.100369,0.010259,0.037172,-0.040173,-0.026994,0.019951,-0.017438,0.016401,-0.059002,0.085346,-0.080447,0.079478,-0.103147,-0.002619,-0.043186,0.046229,-0.145143,-0.012167,-0.058698,0.045989,0.057443,0.009182,0.027750,-0.036049,-0.039658,0.089136,-0.033199,-0.059419,-0.163657,0.031838,0.016311,-0.140700,0.023538,0.010221,0.002181,-0.020050,-0.082782,-0.056257,-0.186916
0.095882,0.101659,0.058217,-0.012670,0.031551,-0.051144,0.001065,-0.007205,-0.068024,0.062465,-0.004655,0.018518,-0.045018,0.191745,-0.205452,-0.088472,-0.004480,0.121220,-0.020050,0.004506,0.084682,0.277486,-0.125204,0.071404,0.051511,-0.190322,0.037970,0.010910,0.017519,-0.056322,0.000353,-0.063455,-0.012210,0.023467,-0.089080,0.079596,-0.163514,-0.040315,-0.078579,0.032389,0.274158,0.113320,0.073976,-0.004320,0.028072,0.035402,-0.230906,0.206833,0.094572,-0.098544,-0.063582,0.170965,-0.206945,-0.056095,0.134394,0.035502,-0.052140,-0.083681,-0.095334,0.105724,-0.057796,0.139774,-0.123051,0.026637,-0.012663,0.043867,-0.069202,0.075797,0.046944,-0.068135,0.081021,-0.031373,-0.010409,0.039661,-0.011395,-0.142667,0.238345,0.062692,0.373183,0.321516,-0.082691,0.083599,-0.023502,0.007569,0.245771,0.005364,0.126486,-0.118174,-0.012252,0.004725,-0.033877,-0.024476,-0.031293,-0.134792,-0.007175,-0.040722,-0.049478,-0.003673,0.208570,-0.054174,-0.004803,-0.111879,-0.031210,0.051962,0.072225,-0.132935,-0.171211,-0.042783,-0.008367,-0.001539,-0.095486,0.095764,-0.009471,0.093401,0.040824,0.093947,0.111462,-0.229423,-0.042831,0.047250,0.023892,-0.025475,-0.046142,0.015342,-0.034762,-0.063940,-0.005159,0.130602
-0.004486,-0.137591,0.123084,0.038241,0.008771,-0.001318,-0.011241,-0.016046,-0.003302,0.021255,-0.061921,-0.014341,-0.015494,-0.090371,-0.078907,-0.004973,0.312985,0.021059,0.022120,0.132795,-0.041245,-0.031468,0.002856,0.008826,-0.062133,-0.025310,-0.021771,0.102015,0.062934,-0.037740,-0.048922,-0.033666,-0.005255,-0.039847,-0.010729,-0.044363,-0.010115,-0.218813,0.000840,0.019042,0.029476,0.130519,-0.015261,-0.015104,0.289005,0.021716,0.005926,-0.017623,0.035189,-0.012515,0.015970,0.042930,-0.022369,-0.033862,0.008628,-0.007940,0.008327,0.095640,-0.008294,-0.006651,-0.013002,-0.110177,-0.134114,0.364364,0.056524,0.252747,-0.009575,0.044572,0.020471,-0.009479,0.008328,0.006861,0.099066,-0.290341,-0.035464,0.040431,0.031983,0.018587,0.121133,-0.032723,0.047846,0.014148,-0.027694,-0.056944,-0.002510,-0.041972,-0.008432,0.055383,-0.050095,0.276363,-0.012408,0.047520,-0.033898,0.224934,0.221358,0.007599,0.277037,0.025645,-0.025727,0.402892,-0.034801,-0.075773,-0.277988,0.011963,-0.016243,0.065966,-0.006656,-0.014968,-0.190901,-0.042569,-0.027825,0.030351,-0.022922,-0.040445,-0.056502,-0.032378,0.168764,-0.029376,0.014926,0.004305,0.051647,-0.025885,-0.016890,0.006853,0.029127,0.049173,-0.044146,-0.051677
-0.065031,0.235915,0.048731,0.015937,-0.043131,-0.056679,-0.013743,-0.060381,-0.196192,0.026183,0.116936,0.144674,-0.074089,0.040113,0.157416,0.047416,-0.150620,-0.065029,-0.006731,-0.151709,0.172842,-0.031042,-0.003643,0.053308,-0.009925,-0.231136,0.000919,0.036673,-0.021153,0.161367,-0.047731,0.058451,0.101776,-0.013106,-0.038501,-0.033954,-0.165229,0.571528,0.024278,0.081985,-0.059083,0.186622,0.024191,-0.007603,0.026530,-0.030409,-0.088999,0.047654,0.191418,0.030011,0.034817,-0.001329,0.014412,-0.191420,-0.060348,-0.005191,0.051583,-0.242939,-0.013127,0.024181,0.049825,0.207175,-0.030843,-0.058728,0.101886,0.032757,0.047847,0.118767,0.019900,-0.050632,-0.025722,-0.013300,-0.103457,-0.033694,-0.033455,-0.073340,0.093881,0.037475,-0.070466,-0.174883,0.014313,-0.034935,0.041322,-0.006729,-0.121007,-0.044660,0.025772,0.090574,0.057936,0.108323,-0.171304,-0.076354,-0.094721,-0.123727,0.237247,0.008765,-0.004703,-0.022619,-0.090969,-0.070802,0.053570,0.141302,0.125159,-0.006309,-0.002033,0.148534,0.021667,-0.098036,-0.124323,-0.019230,0.047043,-0.014574,-0.029941,0.034399,-0.084203,0.019101,-0.026768,-0.076314,-0.027861,0.041877,0.108140,-0.001373,0.005242,0.024050,-0.026795,-0.083632,-0.055115,-0.055159
-0.002172,-0.072424,-0.047850,-0.056285,-0.048405,-0.020389,-0.005955,0.003259,-0.001514,0.038435,0.646166,0.000585,0.041257,0.052608,0.147681,0.011642,0.043600,0.016899,-0.115592,-0.022321,0.015141,-0.038797,0.037222,-0.011902,0.021006,0.046858,-0.043690,0.015978,-0.036577,-0.016622,-0.006219,-0.041788,0.026686,0.002326,-0.005399,-0.007932,0.041548,-0.006271,0.004963,0.005479,0.006014,0.068615,0.026510,-0.005381,0.008692,-0.018178,-0.018293,-0.006524,-0.013271,0.036520,0.055095,-0.017350,0.024100,0.006541,0.010711,0.008133,-0.005093,-0.043810,0.014110,-0.048004,0.025113,-0.184312,-1.080233,-0.028986,-0.015671,-0.117559,-0.009507,-0.163713,-0.035287,-0.056980,-0.030995,0.027551,0.112949,-0.002891,-0.004388,-0.018851,-0.019335,-0.031528,-0.240681,-0.060576,0.013259,0.087709,0.031598,-0.023375,0.060659,-0.006042,-0.021128,0.012530,-0.018139,0.060879,-0.005350,0.007906,-0.007330,-0.074780,-0.180265,0.024692,-0.178309,-0.046205,-0.014678,0.009535,-0.012749,-0.019304,-0.042885,-0.029772,0.022251,-0.004558,-0.002981,-0.028914,-0.201129,0.005072,0.044268,0.042930,0.000898,-0.002504,0.378551,0.033304,0.127741,-0.066242,0.034579,0.003946,0.039122,0.013739,0.029888,-0.019931,0.027130,-0.021673,0.009417,-0.011177
-0.005458,0.005102,-0.000918,-0.000683,-0.021701,0.023224,0.002245,0.062788,0.031512,-0.003475,-0.046922,-0.022199,-0.004833,-0.083768,-0.039703,-0.028434,0.004329,-0.023533,-0.012927,0.059544,-0.080159,0.017701,-0.027709,0.003932,-0.013242,0.061274,0.040932,0.001773,0.019800,0.064029,-0.035107,-0.015760,-0.031642,-0.040685,-0.031586,-0.020047,-0.013500,0.101249,0.015936,-0.000667,0.001353,-0.039393,-0.035305,0.008135,-0.012514,0.023929,0.033466,-0.029226,-0.011526,-0.048793,-0.055207,-0.085748,0.029641,-0.058712,0.017882,-0.003615,0.000479,0.013794,-0.015002,0.000422,0.032955,0.109857,-0.109077,-0.013100,0.005344,-0.068875,0.063364,-0.041207,-0.026705,-0.180987,-0.000938,-0.041138,0.077234,0.067226,0.036277,0.064323,-0.042628,0.056933,0.025927,0.017147,0.004853,0.016314,0.070504,0.016826,0.116087,-0.021687,1.175576,-0.068259,0.049531,-0.024941,0.004390,0.098210,0.042072,0.037607,0.064979,0.008083,-0.081295,0.005612,0.078655,-0.000676,0.020759,-0.015531,0.036477,-0.003756,0.003235,0.457436,0.012323,0.143072,-0.056536,-0.095994,0.002833,-0.011437,-0.003937,0.004124,-0.067375,-0.032961,0.147226,0.064931,0.062055,-0.095454,-0.082373,0.074705,-0.025457,0.011354,-0.008929,0.067953,0.057178,0.126312
-0.036739,-0.030652,-0.132202,0.086167,0.009697,-0.057671,-0.000909,-0.000455,0.026046,0.019781,0.028596,0.013667,0.049170,-0.010708,-0.006804,0.036839,-0.137075,0.074526,-0.007605,0.083107,-0.048017,-0.007859,0.005495,0.054001,-0.014946,-0.012883,-0.001026,-0.079062,0.064420,-1.077252,-0.023360,0.153440,0.067022,0.012415,0.063689,-0.006396,0.047019,0.078247,-0.037650,0.065459,-0.003459,-0.025331,0.020543,-0.002677,-0.068456,-0.020961,0.031005,0.009590,0.144575,-0.008156,-0.012300,0.072072,0.004459,0.098934,-0.013564,0.024266,-0.044041,0.052627,0.022994,0.085307,0.004572,0.009461,0.025577,0.137804,0.012666,-0.003053,-0.107135,0.004387,0.018053,0.024799,0.020925,0.044298,-0.082788,0.199097,-0.037335,0.197303,0.039482,-0.067327,0.014580,-0.027228,0.038266,0.235569,-0.078974,0.018953,-0.021530,-0.033913,0.098952,0.090889,-0.110636,0.060796,0.048524,-0.026712,-0.062963,0.036102,0.143761,-0.073420,0.004873,-0.012139,-0.034281,-0.074722,-0.011456,0.059538,0.095434,-0.029331,0.018473,0.043168,0.047228,0.110628,-0.042900,0.285820,-0.020549,0.052455,0.050692,-0.066739,0.015966,-0.065632,0.073945,-0.048259,-0.003905,0.011361,0.022935,-0.114911,0.000651,0.502406,0.064793,-0.099110,0.132165,-0.042341
0.082491,-0.034219,0.117694,-0.013933,-0.541558,-0.007871,0.010518,0.023816,-0.020794,0.062127,-0.019675,0.014738,0.019902,-0.123622,-0.078658,-0.051810,0.060264,0.318507,0.121758,-0.074366,0.104702,0.004433,0.075281,-0.023511,0.074474,-0.193663,0.118382,-0.112937,-0.083784,-0.012773,-0.020764,-0.023486,-0.007246,0.105671,0.132000,0.114683,-0.037554,0.057248,-0.063455,0.009631,-0.026826,0.116362,0.020513,-0.006648,0.033079,0.027903,-0.107400,0.123678,0.089523,0.100292,0.088397,-0.040056,0.027784,-0.256745,-0.073538,-0.045738,0.000622,0.006523,0.000337,-0.046489,0.054655,-0.111932,0.072593,0.057431,0.053406,-0.065276,-0.046288,-0.000140,-0.004854,-0.142825,-0.034774,0.059168,-0.028725,0.019171,-0.053153,-0.031294,0.082999,0.213932,-0.124934,-0.039531,0.025311,0.067627,-0.186376,-0.044452,-0.228110,0.069377,0.043464,-0.222663,0.142444,0.064999,0.036189,-0.084052,0.037442,0.045964,-0.046693,0.064094,0.014716,-0.069459,-0.087600,-0.104308,0.012045,-0.031972,-0.071506,0.215213,0.123714,0.095781,-0.079749,-0.048781,0.024366,0.016899,0.053284,0.013526,-0.013263,0.038829,-0.018903,0.084687,-0.010728,0.177562,0.146308,0.073545,0.174270,0.025329,0.113328,-0.034100,0.022022,-0.120910,-0.067763,-0.036576
0.126115,-0.010182,0.002518,-0.024544,-0.042455,0.006581,-0.000668,0.059627,0.060766,0.022475,-0.005804,-0.008340,-0.001381,0.019386,0.039235,-0.103562,0.013198,-0.049238,0.015183,-0.012153,-0.006653,-0.006212,-0.044157,0.067424,-0.023978,0.021963,0.003547,0.079179,-0.021519,0.021481,-0.035630,-0.012905,-0.087797,0.095630,0.075873,-0.059252,-0.028706,-0.004229,-0.085392,-0.115887,-0.012593,-0.006629,0.079724,0.008103,-0.017949,0.075573,-0.029237,-0.088552,-0.021532,0.028979,0.055387,0.008639,0.034010,-0.017836,-0.021604,0.066864,-0.115930,0.023045,-0.033097,0.012144,-0.047535,0.017542,0.006150,0.009480,0.003015,-0.019066,-0.179305,0.003134,0.129071,0.031835,0.019786,0.000348,-0.019058,-0.009583,-0.053676,-0.008085,-0.068698,-0.049067,0.002203,0.038362,-0.055513,0.027915,0.046671,-0.025031,-0.029460,0.014653,0.022667,-0.003052,-0.010740,-0.005117,-0.030618,0.053668,0.002801,0.003090,0.020220,0.047098,-0.003148,0.017637,0.006097,0.023666,0.090247,-0.005947,0.001859,0.047905,-0.014013,0.009128,-0.069399,-0.009876,0.020998,0.005205,0.000455,-0.013311,0.121725,0.028287,0.000399,0.018032,-0.009043,-0.032093,-0.056020,0.008285,0.103730,0.049385,0.036100,-0.032823,0.002792,0.011322,-0.018351,-0.027020
0.055753,0.047293,-0.107373,-0.037453,-0.043336,0.240714,0.015959,-0.053813,0.131653,0.096677,0.106943,0.051062,-0.040975,0.112483,0.078295,-0.059880,0.063134,-0.061249,-0.070144,0.063459,0.052522,0.040558,0.065994,0.008895,0.013671,-0.036758,0.123408,-0.015666,0.110637,-0.028714,0.082517,0.037733,0.025250,-0.005810,-0.009033,-0.072959,-0.157691,0.054137,0.119667,-0.031159,-0.014259,-0.033776,0.043446,0.003842,0.084003,0.066895,0.040514,-0.047895,-0.154851,-0.016248,0.005039,-0.174586,0.021624,-0.011537,0.072235,-0.021841,0.030949,0.053791,0.034701,0.109972,0.035476,0.035803,0.007485,0.136061,-0.033605,0.097271,0.067963,0.050164,0.047296,-0.012329,-0.041389,0.073280,0.251322,0.234967,0.068950,0.043032,-0.027564,0.019580,-0.296675,0.452883,0.010060,0.483584,0.031578,-0.037542,-0.046386,-0.005348,-0.138197,-0.159906,0.047845,-0.060185,-0.015066,-0.081614,0.012238,-0.044590,-0.090784,0.307361,0.165732,0.127723,-0.027349,0.041040,0.151380,0.187878,-0.065432,0.187869,-0.058187,0.007210,0.030676,0.129405,0.004612,-0.258299,-0.000274,0.005334,-0.020850,0.017596,-0.165296,0.043499,-0.243294,-0.049732,0.082896,-0.004796,-0.091375,-0.074523,0.063325,0.081662,-0.000571,0.000218,0.093776,-0.025345
0.218684,0.022811,0.033983,-0.129595,0.134660,0.113469,-0.006224,0.038416,-0.115542,0.267562,0.018103,0.065137,0.083084,0.000459,0.167427,0.121104,0.043702,-0.026055,0.022966,0.014080,0.072377,0.061131,-0.005423,0.037460,-0.003526,0.166331,0.140473,0.081243,0.173596,0.028184,0.002685,-0.000412,0.017883,0.094824,0.010048,0.035286,0.018303,-0.010278,-0.061754,-0.079707,0.047597,-0.098115,0.059569,-0.013576,-0.027446,0.012401,0.094651,0.028034,0.174256,-0.031439,0.015622,0.103089,0.056168,-0.176698,-0.065085,0.022638,-0.026015,0.005507,-0.009434,0.108624,0.077504,0.009930,0.065775,0.032183,0.035256,-0.003978,-0.102767,0.162270,-0.026925,-0.048816,0.118998,-0.091861,-0.007681,0.001908,0.089020,0.188488,-0.078911,-0.164199,0.054903,-0.177480,0.003626,-0.058965,-0.039297,-0.121859,-0.109644,0.148557,0.050448,-0.228245,0.068234,-0.017411,0.010344,0.153080,0.010630,0.033079,0.042155,0.047353,0.008260,-0.045323,0.016642,0.005617,-0.096979,-0.053488,-0.019903,0.199017,0.064729,0.027165,-0.035604,-0.022349,-0.088040,0.047946,-0.012230,0.094824,-0.029078,-0.070747,0.021902,0.039234,-0.015301,-0.110228,0.109638,-0.062735,0.061975,-0.026469,0.122129,0.012194,0.182328,0.017867,0.032392,-0.042786
-0.042339,0.155607,0.165329,0.018201,0.072276,0.134124,-0.029578,0.025275,-0.001074,-0.017835,-0.050764,-0.081610,-0.006366,0.040510,-0.003619,0.028372,0.306651,0.022227,-0.085272,0.013536,-0.027689,0.064360,-0.024738,-0.021356,-0.014465,-0.030143,0.014776,-0.040587,0.000895,-0.069564,-0.050315,-0.072323,-0.027190,0.004582,-0.012566,0.014525,0.025749,0.044412,-0.020676,-0.037200,0.006879,-0.009820,-0.071996,-0.009105,0.067365,-0.059050,0.082225,0.032906,-0.029792,-0.011236,-0.003895,-0.001557,-0.007557,0.021379,-0.046015,0.002418,0.005215,-0.122226,0.003416,0.015748,0.002876,0.147216,-0.075048,-0.104850,-0.023145,0.347107,0.034164,0.001839,0.026378,-0.035161,0.018976,0.015927,0.185959,0.084938,-0.027881,-0.038514,-0.028100,-0.029190,-0.190730,-0.095864,-0.002748,0.097472,0.077027,-0.010970,-0.021356,-0.001461,0.013834,-0.002972,0.017187,-0.375664,0.051866,-0.027079,0.046534,-0.155199,0.346705,-0.015470,0.009250,-0.088468,0.045585,0.109398,-0.052230,0.095499,-0.113049,-0.013367,-0.045911,-0.046452,0.028181,0.217204,0.381897,0.021616,0.055758,-0.025259,-0.003970,0.048779,0.282782,-0.073410,0.054081,-0.041300,0.094792,-0.030448,0.053514,-0.005698,0.024050,0.016721,-0.004165,0.080483,-0.130719,-0.013675
-0.013732,-0.055764,0.101310,0.030161,-0.035667,0.024437,-0.000811,0.096375,0.083378,-0.045814,0.061672,-0.076353,0.026240,0.109703,-0.094889,-0.030409,-0.120524,-0.012460,-0.029996,-0.014931,-0.056482,0.023582,0.013121,0.034536,-0.013218,-0.002154,0.012059,0.026949,0.149968,0.026290,-0.005419,-0.115888,0.000965,0.011503,-0.000856,-0.022558,0.080554,-0.105054,-0.006510,0.023451,0.007393,0.100916,-0.041687,0.005309,-0.150217,-0.054766,-0.011336,0.024821,0.087673,-0.016408,-0.029869,0.018800,-0.045616,0.068537,-0.070316,0.043483,0.006894,-1.051612,-0.003227,0.041846,0.166217,-0.017645,0.125528,0.120919,-0.013447,0.089845,0.125322,0.026042,0.027739,-0.069303,0.033911,0.037013,0.000718,-0.020485,-0.031691,0.001682,-0.000302,0.029312,-0.120587,-0.028560,0.032501,0.016410,0.239653,0.018215,-0.043005,0.018840,-0.041657,0.017079,-0.060837,0.332660,0.048298,0.337053,0.126199,0.232383,-0.193478,0.066397,-0.102111,0.000687,-0.134341,-0.056710,-0.035368,0.140895,0.126201,-0.018063,0.016666,-0.002816,-0.010803,-0.022415,-0.040232,0.112892,0.005968,0.006551,0.021691,-0.037794,-0.014896,0.008380,-0.112998,-0.064886,0.011197,-0.001130,0.034929,0.019958,-0.000733,0.084660,-0.019411,0.002371,0.123183,0.028609
0.021943,0.256623,0.022053,-0.098744,-0.087699,-0.046996,0.013300,0.020286,0.018166,0.012812,-0.233988,-0.026915,0.068350,-0.060814,-0.049651,0.048046,0.062093,-0.087167,-0.097616,-0.019287,-0.016430,0.084682,0.011352,0.046945,0.016575,0.017128,-0.019928,0.080609,0.028002,-0.072231,-0.034826,-0.008955,0.064391,-0.019347,0.054052,-0.007960,-0.103073,-0.063948,0.015876,0.005410,0.013748,0.093829,0.031800,0.005950,-0.029759,0.005769,-0.036963,-0.038016,-0.038211,0.008111,-0.052239,-0.028466,-0.024843,0.036913,0.037934,-0.006442,-0.071575,-0.057380,0.056074,0.026081,0.035489,-0.068327,-0.252070,-0.095962,0.057262,0.006193,-0.010424,-0.081919,0.058902,-0.044651,0.092329,0.031008,0.023190,-0.032826,0.002173,0.051722,-0.007586,0.045209,0.081873,-0.021733,0.020531,-0.181328,0.016806,0.010771,-0.023818,0.008153,-0.161396,0.023139,0.018309,0.124618,-0.086826,0.043354,-0.092531,-0.088652,0.199213,0.041106,0.018288,-0.069256,0.050410,-0.004579,0.075146,-0.084984,0.032458,-0.037488,-0.120402,0.025251,0.024484,-0.055652,0.427337,-0.041926,0.297027,0.084434,0.071491,-0.046829,0.098597,0.000204,-0.093404,0.036158,0.011051,0.006196,0.021471,0.055196,0.013016,0.083822,0.033199,-0.034745,-0.000412,0.019436
-0.001388,0.005292,-0.000714,0.009058,-0.006151,-0.003766,-0.002785,-0.007212,-0.007706,-0.019952,0.007009,-0.010388,0.003086,-0.004866,-0.002530,0.028417,-0.005104,-0.002679,0.003714,-0.012000,-0.008502,0.003446,0.012114,-0.017729,-0.000335,0.000973,-0.000124,0.002981,-0.010251,0.006662,0.002850,-0.003122,-0.008378,-0.006623,-0.003831,-0.001528,0.008732,-0.004892,0.005171,-0.012979,0.000771,0.004874,-0.000115,-0.012297,0.000462,-0.013233,0.002454,0.002451,0.008628,-0.000654,0.004091,0.007389,-0.010839,0.008176,-0.005535,-0.000056,-0.001460,-0.001316,0.003322,-0.014101,0.011497,-0.002148,-0.001453,0.003466,0.002219,-0.001263,0.016107,0.004464,0.015848,0.002095,0.009613,0.012649,-0.011156,0.003790,0.008397,-0.002811,-0.010196,-0.009737,0.005570,0.003616,-0.000398,0.005011,0.000037,0.006773,-0.003438,0.005118,-0.000843,-0.010222,0.003624,-0.002424,-0.001217,-0.016602,-0.000981,0.001141,0.004470,0.006047,0.007806,0.008530,0.004006,0.001001,-0.009254,-0.011230,-0.004771,0.010128,0.000885,0.005103,0.008346,-0.001514,-0.006090,0.009021,-0.000769,-0.001848,-0.014086,0.005856,-0.002219,-0.001772,-0.009104,0.004107,0.012151,-0.009901,-0.005078,0.005048,0.009026,0.022197,0.006688,0.012448,-0.008192,0.007550
-0.073652,0.083770,0.076006,-0.071453,0.167410,-0.043633,-0.019738,-0.007653,0.021006,-0.017810,-0.003560,-0.020726,0.155969,0.147113,-0.009923,-0.039499,-0.056607,0.757677,-0.095939,0.027373,0.161152,-0.152313,0.053872,0.041655,-0.013574,0.170180,-0.050163,-0.006051,0.108097,0.012900,-0.062564,-0.000332,0.014413,0.014781,-0.013070,-0.034311,-0.031975,-0.028077,0.033928,0.051634,0.099108,-0.119753,0.007100,-0.018761,0.029617,-0.000413,0.120666,0.121429,-0.071630,0.097308,0.079024,-0.031979,0.046525,0.012801,0.114971,-0.055697,0.006870,-0.064841,0.079389,-0.050764,-0.071064,-0.020445,0.071347,-0.045083,0.092244,-0.008397,-0.007425,-0.013476,-0.030252,-0.164153,-0.108466,0.119442,0.007082,0.032159,-0.047427,-0.164769,0.129834,-0.084908,0.103166,0.322888,0.002349,-0.044895,0.070056,0.006613,0.069215,-0.058794,-0.037099,0.098034,0.057123,-0.107844,-0.005418,0.095566,0.073355,0.023249,0.005882,-0.011203,-0.008194,0.052766,-0.153530,-0.086310,-0.020541,0.021497,-0.103711,-0.048558,0.016943,0.313069,-0.019950,-0.063442,0.030306,0.096001,0.070366,-0.057778,0.022339,-0.121776,0.016906,0.025222,-0.077111,0.102550,0.134205,0.004682,0.094733,0.138956,0.076297,0.078083,0.085118,0.119135,-0.002285,0.032068
0.034506,-0.025817,-0.016288,-0.006461,-0.047041,-0.108012,-0.012218,-0.059134,-0.058874,0.000773,-0.103703,-0.016883,-0.053205,-0.022083,0.026834,-0.035053,0.186581,0.004961,0.057057,-0.005127,0.104210,-0.938222,0.050733,-0.028997,-0.018025,-0.065390,-0.012506,0.070057,0.059300,-0.047968,-0.099394,-0.025399,0.040553,0.029928,0.015003,-0.002201,-0.054274,-0.032684,-0.134394,0.000699,0.071111,0.115642,-0.021541,0.003660,-0.047646,0.116677,0.317326,0.186362,0.010900,-0.036616,-0.003926,-0.044507,0.027701,-0.050392,0.039960,-0.014350,0.014803,-0.056998,0.060135,0.072962,-0.032108,-0.031007,-0.005813,-0.030445,-0.021717,0.006925,0.006123,0.106805,0.079698,0.049047,0.120682,0.055510,0.031890,0.090814,0.080381,-0.006291,0.013146,0.042933,-0.045160,-0.166730,-0.000119,-0.004903,-0.043710,-0.007111,0.399277,0.070807,-0.037652,-0.149060,0.075227,-0.039366,-0.047495,-0.014282,0.015953,0.008745,0.030271,0.000978,-0.010731,0.042798,-0.030171,-0.144520,-0.024676,-0.017113,0.071857,0.048757,-0.054559,-0.024813,0.031623,-0.007903,0.048018,-0.031132,-0.062638,0.057665,0.021286,0.425687,0.097487,0.024398,0.044317,-0.014916,-0.134865,-0.003716,-0.074624,-0.039267,-0.003509,-0.015142,0.031942,-0.139053,-0.043751,0.217215
-0.032224,-0.135724,0.072519,0.098026,0.049572,-0.028604,0.007223,0.013366,-0.056229,0.006516,0.088056,0.020008,0.014484,0.086751,-0.135506,-0.038462,0.027768,0.116675,0.076751,0.196322,0.253595,0.041186,0.006033,-0.024609,-0.090375,-0.016941,0.015518,0.016021,-0.052363,0.077339,0.056951,-0.136112,-0.036630,-0.131952,-0.132427,-0.142273,-0.031313,0.006884,0.081598,-0.000715,-0.046916,0.016998,-0.029896,0.003465,-0.119436,-0.017009,-0.035975,-0.120608,0.595868,0.026534,0.011758,-0.064487,0.003423,-0.319556,-0.011989,0.006437,0.014917,0.055126,0.086592,0.021251,0.017397,-0.061965,-0.082106,-0.010781,-0.007141,-0.073264,0.039274,0.226875,-0.057894,0.127623,-0.801640,-0.064089,-0.143764,0.046815,0.005732,0.102231,-0.005756,0.000412,-0.081651,0.000268,-0.047866,0.048370,-0.061878,0.053135,0.086583,-0.068336,-0.058179,-0.004583,0.043483,0.014184,0.013421,-0.029373,0.091048,0.039804,0.184207,-0.017858,0.202805,0.057800,0.113360,-0.065590,-0.009175,-0.067791,-0.099251,-0.046054,-0.088684,-0.107883,0.050485,-0.018340,0.117844,0.046017,0.071682,-0.046186,0.028176,0.035416,-0.090023,0.022065,0.076768,-0.152955,0.049871,-0.026621,-0.001104,-0.149541,0.028605,0.041047,-0.042579,0.107145,0.048452,0.253786
0.036959,0.017758,-0.290811,0.018289,0.078637,-0.032491,-0.009199,-0.041016,0.040452,-0.016063,0.108313,-0.024717,-0.009080,-0.009615,0.014476,-0.014953,0.451651,-0.088636,-0.022355,-0.132236,-0.026174,0.192938,0.010517,-0.008308,-0.010356,0.034073,-0.003196,-0.048699,-0.011301,-0.059717,0.017476,-0.003395,0.023694,0.007926,-0.034051,-0.028779,-0.013548,0.011307,0.008032,-0.038712,-0.008154,0.153709,-0.003687,-0.008997,0.247518,0.009861,-0.071699,-0.026602,0.011721,-0.002749,0.021927,0.039590,0.001677,0.056910,-0.025402,-0.002101,-0.018604,0.034676,-0.031235,-0.018985,0.004901,-0.037745,0.001049,-0.066512,0.014905,-0.013930,0.048010,0.010211,-0.010355,0.006961,-0.013334,0.018125,0.155227,-0.284290,0.015297,-0.041423,-0.018990,0.014293,0.005679,-0.027289,-0.016826,-0.033643,0.112451,-0.010976,0.018562,-0.026798,0.067340,0.063008,0.029193,-0.099526,-0.009941,0.017516,-0.017666,0.156225,-0.118201,-0.064831,0.399191,0.019220,-0.101158,-1.056391,0.033385,0.082013,0.156735,-0.036675,-0.004616,-0.081486,-0.006698,0.026441,0.058451,0.087958,-0.053778,0.045281,0.007641,-0.009540,-0.151557,0.029968,0.069937,0.093259,-0.085716,0.029298,0.007556,0.078370,-0.038168,-0.014543,0.002000,0.035194,-0.035599,-0.058155
-0.061420,0.058153,0.007911,-0.180315,-0.186377,-0.019204,-0.008103,-0.134380,0.070335,-0.071414,0.069004,-0.043388,-0.077431,-0.125495,-0.276499,-0.022920,0.011485,0.091620,0.050584,0.035470,-0.054242,-0.075653,-0.032643,0.048194,0.034273,-0.033190,-0.003367,0.104835,-0.106890,-0.006353,0.110890,0.067800,0.062929,0.029479,-0.082364,0.028894,-0.120982,0.024615,-0.052411,0.000156,-0.043480,0.137363,-0.036315,0.008834,0.038160,0.001414,-0.038076,-0.100754,0.148128,-0.077634,0.076460,-0.176792,0.067697,0.048282,0.047938,0.038363,0.040212,-0.034596,-0.184752,0.060411,0.170933,0.030553,0.039910,-0.045725,0.071322,0.002569,-0.065304,-0.117130,0.078625,0.026576,-0.102910,0.017591,-0.042569,0.052758,0.114471,-0.086769,-0.307837,-0.037565,0.111407,0.018064,-0.035658,0.039404,-0.052608,-0.035869,0.169607,0.002371,-0.049517,0.095033,0.024730,-0.012219,0.012632,-0.011376,0.007542,0.025631,0.022014,-0.024605,0.030311,0.124130,0.046303,0.045517,0.034681,-0.020072,-0.060722,-0.106233,0.049313,0.068223,0.073827,-0.036879,0.003104,0.314003,0.026682,-0.108490,0.017834,0.123400,0.034407,-0.017271,-0.056682,0.229548,-0.045007,-0.023704,-0.072547,0.061313,0.018258,-0.043288,-0.026077,0.039397,-0.007016,-0.131346
-0.002467,0.002802,0.002416,-0.007711,0.008639,-0.007225,0.006345,0.007202,-0.007009,0.008546,0.001640,-0.011724,0.005618,-0.001881,-0.006496,-0.007422,0.007087,0.002466,0.001541,0.008329,-0.011496,0.001178,-0.001296,-0.001793,-0.005076,-0.002236,0.001567,-0.002297,0.014805,0.016791,0.004349,0.001247,0.001886,-0.004148,0.001431,-0.005112,0.015597,-0.000047,0.010886,0.005490,0.007903,-0.002458,-0.000820,0.004702,-0.000183,0.003734,0.007545,0.001513,0.001259,0.003842,-0.003302,-0.006577,0.000229,-0.005996,0.003990,-0.010616,0.003117,-0.000837,-0.001009,0.006825,0.000167,0.001519,0.000564,-0.000562,0.003400,-0.005083,-0.002156,-0.004982,-0.011454,0.000613,0.004335,0.002805,-0.006295,-0.000683,-0.009427,0.001394,0.009074,0.007358,-0.001154,-0.006230,-0.005172,0.002583,0.000811,-0.020303,0.003646,0.004021,0.000064,0.023810,-0.009216,-0.000866,0.006295,-0.002415,0.002951,0.000963,-0.004232,0.001208,0.004699,-0.004220,0.000746,0.000109,0.016521,0.004840,0.003631,0.006429,-0.000268,0.003971,-0.004179,-0.000455,0.004227,-0.006686,-0.011847,-0.004489,-0.005619,-0.001253,0.005988,0.004913,-0.000718,-0.000265,-0.009415,0.011523,-0.002024,-0.010638,-0.014109,0.025838,-0.012969,0.000169,-0.000872,0.013393
-0.002328,-0.046926,0.046594,0.057536,0.006154,-0.053332,0.005444,0.039625,0.066387,0.022430,0.023657,-0.022365,0.006388,0.123283,0.016364,0.006790,0.146736,0.114445,-0.001996,0.054890,0.019032,0.045432,0.003774,0.011350,-0.080325,0.140253,0.035218,-0.166672,-0.030411,0.055804,0.011281,0.179450,-0.032926,-0.067554,-0.039755,0.027587,-0.007371,0.093103,0.014734,0.037235,0.068687,0.187156,-0.030955,0.008756,0.092610,-0.043421,-0.012308,-0.055475,-0.124976,0.045925,-0.024219,-0.079879,0.039743,0.052228,-0.028857,0.007605,0.013954,0.047407,-0.061632,0.023274,-0.026121,-0.063291,0.097271,0.177063,0.058955,0.208599,0.002307,0.091440,-0.004170,0.142776,0.013402,0.012555,0.196903,0.127516,-0.023342,-0.071684,-0.043664,0.008969,0.043651,-0.043393,-0.036678,0.076666,0.019476,0.027671,0.025796,0.067261,-0.034041,-0.074644,0.009326,0.068734,0.026451,-0.047240,0.038792,0.157367,0.069757,0.023130,0.045276,-0.020473,-0.013178,-0.026377,-0.078334,0.023828,-0.095741,-0.029037,0.049176,-0.038828,-0.021522,0.053661,-0.156833,-0.038084,-0.107022,-0.030311,0.025686,-0.142735,0.266696,-0.024874,0.044729,-0.137419,0.012622,0.005212,0.065516,0.033027,0.056308,-0.033907,-0.041583,0.049643,0.201362,-0.023748
0.044251,0.026548,-0.051946,-0.018227,-0.036590,-0.006364,-0.002590,0.010234,0.117465,0.052299,0.006552,0.016258,0.003465,-0.012011,0.068138,0.049231,0.002166,-0.079343,-0.035724,-0.008279,-0.010906,-0.017601,-0.101667,-0.043238,0.089976,0.011253,0.149806,0.022630,0.005609,0.023818,0.019216,-0.011118,-0.055740,0.149088,-0.014240,0.123767,0.004126,0.018058,-0.192681,-0.134473,-0.001759,0.009359,-0.122384,0.004134,0.009915,-0.110662,0.040857,0.134085,-0.022419,-0.091370,0.053929,0.022455,0.135383,-0.037427,0.015190,0.034513,-0.087342,0.048971,-0.100147,0.013368,0.172724,-0.016972,-0.005982,-0.015605,0.013280,-0.038856,-0.283284,-0.002383,-0.111837,-0.063106,-0.063300,0.063054,-0.006412,-0.022852,0.042864,-0.077994,-0.061484,0.005755,-0.065332,0.004814,-0.040802,0.013266,0.025282,-0.059751,-0.120956,-0.027260,-0.015063,-0.082137,-0.033188,0.001158,-0.076296,0.011007,-0.012967,0.039442,0.031019,0.073425,0.000946,0.058505,0.007693,0.012143,0.001069,-0.037702,-0.008156,-0.037697,-0.018557,0.024959,-0.010118,-0.023455,-0.013049,0.085883,-0.007327,0.048609,-0.019027,-0.067347,0.034768,0.005866,-0.030895,-0.032540,0.044466,-0.086790,-0.037952,-0.173717,-0.056204,0.002442,0.000307,-0.038556,-0.047803,-0.014163
-0.026392,0.096814,-0.077690,0.013029,-0.011189,0.088616,-0.006650,-0.051924,-0.114088,-0.018915,0.033990,-0.032191,0.026517,0.005012,-0.124764,-0.005593,0.045067,-0.090164,0.085777,-0.161012,0.072669,0.109748,-0.016015,-0.015469,-0.021678,-0.032527,-0.058685,-0.025956,-0.013092,0.048008,-0.004298,-0.038203,0.000230,-0.032296,-0.075875,-0.010941,0.029028,0.471789,-0.031003,0.034277,-0.039908,-0.038135,0.014285,0.001624,0.016199,0.088475,0.145662,-0.053728,0.074083,0.006983,-0.037452,0.010344,-0.022775,-0.085852,-0.050283,0.015223,0.000873,0.069016,0.009954,-0.051247,-0.033875,0.038193,0.144232,-0.131135,-0.029488,0.076179,0.013831,-0.008674,-0.029873,0.045265,-0.136828,-0.027657,0.186015,0.237417,-0.077168,0.067694,-0.027117,0.073145,0.186075,-0.164853,-0.018113,0.102198,0.104637,0.019444,0.054161,0.318057,-0.118627,0.015814,-0.020793,-0.001736,0.026066,0.009907,0.016316,0.161173,-0.075624,-0.150362,-0.000977,0.020871,-0.108366,0.037611,0.008984,-0.021438,0.079712,-0.055241,0.064983,0.033350,-0.006068,0.358565,-0.311357,0.069897,0.128980,-0.002874,0.046189,-0.044258,0.383820,0.009087,-0.205587,-0.082891,0.013085,0.007172,0.063224,0.018512,-0.112023,-0.042781,-0.014333,-0.012327,-0.093434,0.032711
0.001393,0.036938,-0.003372,0.023443,-0.041560,0.011754,0.009337,-0.007129,0.079003,0.010906,-0.002543,0.055219,0.013246,-0.005834,0.011880,-0.025235,-0.010361,-0.000606,0.005713,0.002873,0.027002,-0.016140,0.023198,0.098257,0.086804,0.030419,0.021784,-0.023703,-0.030386,0.009648,0.033727,-0.002466,0.036035,-0.042635,0.039722,0.054591,0.005924,-0.009484,0.059563,-0.014883,-0.063616,-0.028810,0.032583,0.006219,-0.000693,0.015525,-0.016211,0.032037,-0.010212,0.077316,-0.011504,-0.001828,-0.066885,0.022544,0.052648,0.033983,-0.020738,0.010792,0.106703,0.013446,-0.079247,0.001382,-0.004532,0.010726,0.000710,0.009472,0.032225,0.041462,0.027379,-0.001663,0.017000,-0.127519,-0.001404,-0.028701,-0.026602,-0.015808,-0.003847,-0.035855,0.034124,-0.029115,-0.151113,-0.017024,0.020553,0.023780,0.006385,0.012871,-0.002585,0.021562,0.029102,-0.006741,0.015139,0.075761,-0.035210,-0.014244,0.013272,-0.098371,0.003458,0.055773,0.001205,-0.013597,0.087503,0.002036,-0.001131,0.013669,-0.000702,0.039744,0.003050,-0.009062,-0.007941,0.032192,0.011782,-0.013633,-0.026021,-0.005147,0.028853,-0.023623,0.016328,-0.050220,0.022333,-0.083441,0.125755,-0.043951,0.071130,-0.044232,-0.031291,0.054585,0.002095,-0.026848
0.074684,0.174686,0.125748,0.054273,0.044960,0.000670,-0.005615,-0.041781,0.021949,-0.007952,0.128139,-0.019221,-0.006507,0.072032,-0.051020,-0.051664,0.079390,0.007656,-0.023489,0.022050,-0.069642,-0.067095,0.032073,0.014406,-0.088592,0.071289,0.068617,-1.228292,-0.048002,-0.070100,0.002952,0.002619,-0.017114,0.015641,-0.055951,-0.057717,0.002235,0.092896,-0.002116,-0.051380,0.023460,-0.032531,-0.038804,-0.001340,0.087510,0.031964,-0.040279,-0.015564,0.067440,-0.045448,-0.000973,-0.053943,-0.003587,0.037190,-0.026870,-0.014552,0.019089,0.052798,-0.044892,-0.007620,0.053239,-0.010239,0.014740,-0.121103,-0.028673,-0.138808,0.108346,0.058615,0.004889,0.065297,0.046382,0.019280,0.032556,-0.164653,0.039842,-0.021016,-0.006704,-0.042017,-0.045076,-0.027330,-0.014812,-0.061658,0.125612,-0.005964,-0.011856,-0.106996,-0.036665,-0.053643,0.052874,0.201513,0.027238,0.033722,-0.099335,0.114931,0.087963,-0.017621,-0.066292,0.027460,0.005207,0.217540,0.009123,-0.114671,0.085092,0.006083,0.127096,0.033491,-0.061850,-0.104978,0.124457,0.008559,0.016940,-0.036599,-0.010867,0.147906,-0.090582,0.083283,0.009068,0.071306,-0.059157,-0.025885,0.026155,-0.025104,-0.050164,-0.020275,-0.042422,-0.087294,-0.080435,-0.029238
0.008131,0.123603,0.087948,-0.044315,-0.108271,-0.018654,0.000110,0.013128,-0.064656,-0.029263,-0.018260,0.033882,0.011283,-0.113663,0.065661,0.004345,0.106305,-0.053734,-0.071762,-0.094165,0.037056,-0.009315,-0.023129,0.004303,0.026427,-0.054621,-0.022389,0.023602,0.014092,0.025397,-0.046002,-0.024139,-0.019613,-0.027548,0.001826,-0.004878,0.444170,-0.099108,-0.019084,-0.026307,0.014310,-0.014222,0.020791,-0.004199,-0.063749,0.043950,-0.130310,0.033792,0.057476,-0.018347,-0.000749,-0.004307,0.019882,-0.065349,0.028224,-0.003615,-0.048376,0.039758,0.043978,0.000649,-0.001959,0.034492,0.137475,-0.029166,0.019757,0.109942,-0.014900,-0.051768,0.021208,0.032646,-0.071248,0.009000,0.187595,0.234278,0.042365,0.042076,0.009300,0.034348,0.193681,0.054972,0.006463,0.036795,-0.097822,0.020890,-0.041000,-1.131810,-0.022298,-0.019452,0.005915,-0.021555,0.010878,0.062709,-0.003182,0.054966,-0.165459,0.083237,-0.088165,-0.067260,0.022653,-0.020799,0.018083,-0.013841,0.204377,-0.000565,-0.016565,-0.019497,0.042282,0.048793,-0.178615,0.044513,0.077240,0.027853,-0.046278,0.046733,0.316000,-0.006049,-0.090055,0.108465,-0.010763,-0.014245,-0.026878,-0.112741,0.009349,-0.024297,0.024389,-0.024884,-0.082190,0.015280
0.024847,0.004882,0.010567,0.088919,-0.032056,-0.023572,0.015899,0.057373,0.067280,-0.017987,0.011636,0.203350,0.067209,-0.046373,-0.013189,0.111699,0.006478,-0.083968,0.045144,0.040838,0.096349,-0.013428,0.034727,0.128702,0.022900,-0.130335,0.065937,-0.006315,-0.117738,-0.086013,-0.087853,0.015831,0.019377,-0.074403,0.050482,0.062876,-0.088351,-0.041885,0.065205,0.081925,0.083780,0.020989,-0.047152,-0.004099,0.019580,0.126313,0.040815,0.084965,0.110760,0.101239,0.004349,0.103087,0.122454,0.142780,-0.014236,-0.011293,0.045240,0.010339,0.044101,0.029586,-0.014174,-0.028127,0.011908,-0.021032,0.040915,0.035909,-0.013295,-0.066544,-0.090721,0.107743,0.072619,0.001224,0.004108,-0.016958,0.040857,-0.054964,-0.070696,0.095944,-0.119063,0.011366,-0.036871,-0.095037,-0.023992,0.100969,0.035182,-0.012112,0.014791,0.110210,0.019334,0.003441,0.067697,-0.019886,-0.039691,-0.019831,-0.009749,-0.096015,0.014347,-0.052932,-0.006973,0.008351,-0.000222,0.033594,0.012630,-0.064732,-0.018593,0.094167,0.041469,0.044416,-0.004950,-0.038021,-0.033687,-0.090099,0.105256,-0.017094,-0.009070,-0.058168,0.012458,-0.034912,-0.041257,0.078676,-0.008024,-0.078586,-0.099478,-0.007486,-0.081321,0.036455,0.051202,0.049074
-0.008784,-0.196054,0.176606,0.008638,-0.162557,0.049878,0.016535,0.062291,-0.026929,0.222265,-0.029511,0.054352,0.039114,0.120842,0.077737,0.039976,-0.066072,0.230839,-0.052048,-0.136409,-0.397721,0.078474,0.082943,-0.008534,-0.055809,0.279139,-0.005681,0.042979,0.044305,0.078282,-0.008831,0.002066,0.124220,-0.071139,0.129122,-0.069992,0.114188,-0.007719,-0.117750,-0.004770,-0.078924,0.295334,0.017706,-0.004053,-0.011678,-0.058681,-0.106300,-0.057719,0.215190,0.037547,-0.085679,0.024831,-0.094491,0.048667,0.082199,0.009036,-0.001761,0.165366,0.024413,-0.145964,-0.043489,-0.064717,0.006344,-0.046747,0.216910,0.061320,-0.125698,0.097039,0.023661,0.016844,0.091137,-0.117388,0.050929,-0.002043,-0.035729,0.188410,0.001621,-0.020704,-0.123803,-0.070293,0.024398,0.047622,0.235997,-0.027475,0.372715,-0.015963,-0.084700,-0.107294,-0.001798,0.041971,0.019585,-0.047864,0.075029,-0.049372,-0.055233,-0.240947,-0.092530,0.028358,-0.056736,-0.042263,-0.085331,-0.041644,0.191745,0.076818,0.047185,-0.009754,-0.040301,-0.005423,0.202126,0.034574,-0.129466,0.151459,-0.048120,-0.022063,0.076922,-0.043224,-0.055499,0.049243,-0.035110,-0.006826,0.001866,0.040818,0.127177,-0.058867,0.121150,0.027753,0.085456,-0.066908
0.128642,0.044089,0.732195,-0.067205,0.022396,-0.096410,0.002349,-0.038763,0.066208,-0.014352,-0.032459,0.169556,-0.009041,-0.006713,0.052257,0.026559,0.212763,-0.079045,0.018837,-0.082918,-0.064973,0.061059,-0.057954,0.030940,0.054394,-0.031173,0.053619,-0.021552,-0.024519,-0.045692,0.016715,-0.105905,0.087636,0.094920,0.042601,0.020584,0.268225,-0.069773,-0.048474,0.014333,0.000573,-0.309600,-0.018653,0.006194,-0.008884,-0.056591,-0.103313,0.006828,-0.116956,-0.041064,0.019185,-0.077041,0.058206,0.062347,0.161838,0.026639,-0.010509,-0.042173,0.080853,0.035045,0.034356,0.013692,-0.039149,-0.048482,-0.008957,0.042843,-0.015089,-0.001100,-0.039422,-0.061044,-0.095596,-0.037831,-0.118601,-0.092423,0.277885,0.115892,0.031152,-0.048899,-0.020656,0.082759,0.025250,0.148448,-0.050388,0.014188,0.064147,0.169349,-0.182601,-0.068819,0.003763,0.056790,0.146190,-0.025885,0.007206,-0.108988,0.130744,-0.130305,-0.010949,0.013550,-0.001162,-0.269613,0.000763,0.183582,-0.145066,-0.005326,0.030153,0.159158,-0.101640,-0.066907,-0.191889,-0.048297,0.143391,-0.017471,0.074184,0.297090,-0.049827,0.009328,0.026545,-0.063614,0.061718,-0.070858,-0.563191,-0.015976,-0.053876,0.051756,-0.035142,0.030588,0.090144,-0.014251
0.049893,0.013566,0.034647,-0.010904,0.041849,0.067952,0.009172,-0.120550,-0.028318,-0.053806,0.010151,0.029429,-0.117403,-0.088828,0.072444,-0.061793,0.004207,0.212569,0.042349,0.040430,-0.108898,0.098613,-0.058464,0.083692,0.039343,0.060758,-0.012595,-0.005267,-0.044081,-0.070615,-0.029764,-0.009045,-0.010281,-0.062874,-0.176343,-0.033280,-0.032225,-0.060306,-0.056023,-0.018830,-0.109652,0.028416,-0.002674,0.016727,-0.001988,0.035346,0.105373,0.185100,0.032171,-0.022122,0.030899,-0.099524,0.079568,-0.177994,-0.019296,0.050179,0.159719,-0.035174,0.005060,-0.022196,0.105457,-0.011748,-0.019625,0.057402,-0.028829,0.031147,0.071690,0.033154,-0.105600,0.086218,0.097458,0.064896,-0.038254,0.031190,0.083294,-0.053885,0.023674,0.013262,-0.033305,0.010168,-0.057164,-0.124518,0.004359,0.014799,-0.121681,0.000670,0.034817,0.067339,0.118270,-0.018434,0.052879,0.001062,-0.009359,-0.007685,0.043462,-0.023048,0.016335,-0.003075,-0.088366,-0.004758,0.002220,-0.009186,0.046752,-0.008217,-0.020739,-0.051292,0.068421,0.033090,0.046080,-0.086813,-0.020297,0.018222,0.093622,0.041745,0.032735,-0.027515,0.000488,0.035178,0.010318,-0.015164,-0.059999,0.045971,-0.127552,0.024718,-0.063902,0.047148,-0.007231,-0.297818
-0.011863,0.001569,-0.000877,0.007501,0.003598,0.015061,-0.000955,0.000839,-0.006173,0.008335,0.000384,0.009622,-0.005464,-0.003401,0.003433,0.000831,-0.008203,-0.010397,-0.003677,0.000933,-0.004221,-0.003788,-0.013205,0.003753,-0.001934,0.000780,-0.005375,0.000056,0.002025,0.000949,0.002071,-0.002560,-0.000975,0.006871,-0.005467,0.010287,-0.001355,0.001152,0.006416,0.005885,-0.008675,0.000703,-0.007740,0.012511,-0.000804,0.009205,-0.008526,-0.014149,-0.008198,0.000536,-0.000456,0.015465,-0.001431,0.003808,-0.001813,0.001754,-0.003791,0.000263,0.011298,-0.003070,-0.004811,-0.000677,0.001538,-0.002157,-0.010733,0.018304,-0.004976,-0.005801,-0.000226,0.002861,-0.021211,0.004483,0.002980,-0.007983,0.003878,-0.020955,-0.004549,0.007515,-0.001057,0.005447,0.008612,-0.008147,0.000796,-0.000643,0.008376,-0.000899,0.002671,-0.018000,0.003770,0.002020,-0.003437,-0.002458,-0.004789,-0.003605,0.000133,0.014110,0.002461,-0.004022,-0.002568,-0.001150,-0.006372,-0.008642,0.002245,0.005560,-0.002862,0.010022,-0.012740,-0.000976,0.000100,0.017190,0.007991,0.005836,0.001246,0.000968,-0.002355,-0.004654,0.010241,-0.001380,0.003808,0.003464,-0.003708,-0.002667,0.007386,0.011776,-0.005406,-0.007085,-0.007216,-0.014089
0.014665,-0.105112,-0.019355,0.005359,-0.019819,0.070670,-0.017621,-0.038592,0.048113,-0.022349,0.059885,0.051943,-0.054626,0.081228,-0.042889,-0.003318,-0.087999,-0.015350,0.121051,0.200269,0.032157,0.001834,-0.029188,-0.020023,-0.028745,0.004514,0.030033,-0.082711,-0.029368,0.133839,-0.035632,0.072765,-0.020983,0.064118,-0.027361,0.005033,-0.058138,-0.253781,-0.012516,-0.035367,-0.001065,0.129670,-0.040935,-0.001514,-0.213217,0.005454,0.054672,0.013696,-0.139799,-0.012915,-0.005013,-0.068449,0.007584,0.057052,-0.006055,-0.022428,0.002543,0.032033,-0.015348,-0.006501,0.009150,-0.165566,0.114572,0.163317,-0.028405,-0.002116,-0.014729,-0.079504,-0.029935,0.011385,0.107128,0.003436,-0.023985,0.321047,-0.009161,-0.003648,-0.009815,-0.013429,0.103260,-0.034515,0.003277,-0.039939,-0.155545,-0.033356,-0.029398,0.131760,0.003771,-0.036074,0.032947,0.382217,-0.031485,-0.035707,-0.031100,-0.061241,-0.017689,0.008470,0.108115,-0.052034,0.120588,-0.262822,0.005237,-0.104442,-0.047565,0.028595,0.046386,0.092027,-0.023612,0.087641,0.085913,-0.048837,0.215640,-0.045428,-0.013679,-0.023828,0.274634,0.028482,0.071424,-0.019882,0.055704,0.010216,-0.043281,-0.025274,0.072554,-0.054371,0.015786,-0.020815,0.186184,-0.005429
0.148769,-0.023199,0.087994,0.197546,0.331768,0.109964,-0.021521,-0.021098,0.089981,0.123324,-0.088629,0.063524,0.038682,0.109634,0.024348,0.002190,-0.062914,-0.032564,0.032136,-0.051561,0.023728,-0.003813,0.035218,-0.036292,-0.003562,0.001459,0.075321,-0.023914,-0.162246,-0.018034,0.039512,-0.027891,0.057611,-0.005563,0.040472,0.048316,-0.190440,0.004595,0.036987,-0.004950,-0.111468,0.043232,0.066935,-0.019619,-0.038966,0.048899,-0.040933,0.110560,0.008697,0.020502,0.091592,0.059078,0.081716,0.184430,-0.040384,0.056763,0.058812,0.018267,0.030943,0.053011,0.001834,-0.087397,0.061577,-0.035339,-0.053278,-0.071008,-0.055712,-0.115452,0.014811,-0.234694,-0.124954,-0.000552,0.022406,-0.013846,0.046530,-0.167854,-0.040008,0.084225,-0.025754,-0.202487,-0.034851,0.200656,-0.029761,-0.056970,-0.000298,-0.037335,-0.095299,0.063334,-0.052651,0.014875,0.075138,-0.124023,0.123663,0.062635,-0.074227,0.031366,-0.050525,-0.022791,0.015941,0.109563,0.065065,-0.000961,-0.023654,0.164797,0.012081,-0.117499,-0.028320,-0.064623,0.098749,0.042488,-0.073979,0.051497,0.057131,-0.049917,0.060304,-0.224860,-0.006359,0.105474,-0.045162,0.021304,-0.057323,0.233755,-0.005439,0.053952,-0.016331,0.150655,-0.040439,-0.118308
0.010318,-0.080300,-0.048005,-0.019939,0.059410,0.210113,-0.005655,0.061366,-0.043747,-0.052533,-0.104293,-0.058612,-0.016497,-0.092352,-0.005051,-0.018097,-0.105208,-0.034558,-0.095789,0.074006,0.033235,0.162772,-0.066251,0.029722,0.086887,-0.075563,-0.035862,0.032482,0.087323,0.055321,-0.045611,0.015559,0.037236,-0.033529,0.063278,-0.014015,0.217282,0.068902,-0.092692,-0.026284,0.182974,0.091352,0.012059,-0.003278,-0.050726,-0.040187,0.145904,0.088248,0.057800,-0.130339,0.058005,0.144461,0.019192,-0.057262,0.068240,-0.013316,-0.050598,0.112060,-0.042246,-0.043384,0.090001,-0.134131,0.000946,0.047613,0.041861,-0.013297,-0.017550,0.013745,0.035772,0.096810,-0.054065,0.117737,0.050792,-0.237074,0.076295,-0.097056,0.068890,0.093849,-0.195866,0.053769,0.064658,-0.069884,0.085026,0.078333,-0.039714,0.215052,0.006091,0.075448,0.017647,-0.101441,-0.088050,0.064143,-0.116043,0.181435,-0.181655,-0.200943,-0.021777,0.096485,0.007269,0.155778,0.040932,-0.005802,-0.064389,-0.073178,-0.037002,-0.149094,0.105301,0.456429,0.007524,0.168196,0.129656,-0.013492,-0.145652,0.085059,0.110246,0.017894,0.003332,0.335560,-0.081086,-0.016891,-0.215633,-0.143405,-0.070267,0.006850,-0.002639,-0.040883,0.126888,0.039929
-0.041943,-0.023214,-0.017629,0.172330,-0.047882,-0.124884,0.003395,0.159456,-0.032681,0.121821,0.034216,0.046132,-0.038567,-0.153399,-0.110165,0.123454,0.021314,0.201115,0.024904,0.040576,0.068520,0.025711,-0.009561,-0.059189,-0.056184,-0.068684,-0.048776,-0.009326,0.017075,0.101291,0.006521,0.073646,0.055252,-0.136348,0.013390,-0.011484,0.103209,0.005267,-0.005013,0.046459,-0.058597,0.109690,0.037833,0.021086,-0.012618,0.002920,0.014540,0.079229,-0.059371,0.014397,0.039899,0.215159,0.063606,0.060405,0.002779,0.080320,0.132961,-0.014749,-0.060967,0.059625,-0.107413,0.014482,-0.013574,-0.031091,-0.062519,0.014348,-0.018104,-0.009890,-0.070725,0.053662,0.199833,-0.106543,0.032169,-0.005565,-0.011554,0.062067,-0.104875,-0.129889,-0.007603,0.039666,-0.014744,0.127326,-0.019494,-0.010055,0.068118,0.055914,0.046835,0.068107,-0.058802,0.013462,0.059994,0.046586,-0.033399,-0.000746,0.033970,-0.049207,0.047920,0.076282,-0.030161,0.020530,-0.143131,-0.028557,0.006067,0.009831,-0.026006,0.015159,0.002149,-0.003254,0.042929,-0.014966,0.003851,0.114177,0.060398,0.048702,0.021564,0.018878,-0.015237,-0.023052,0.018874,0.008857,-0.083752,-0.150495,0.053434,-0.108256,-0.035135,-0.029523,-0.003354,-0.122484
0.051430,0.018410,0.057900,0.023196,-0.059701,0.020618,-0.012163,0.095144,-0.008611,0.015479,-0.029410,0.090065,0.078126,-0.084594,-0.064791,-0.031789,-0.036366,0.012034,0.027979,-0.015273,-0.021850,-0.055681,-0.027823,-0.103305,0.044290,0.014102,0.075682,0.024643,-0.193119,0.099876,0.172688,-0.045555,-0.086720,0.044854,0.013064,0.042674,-0.037892,0.021881,0.096723,0.048024,0.036452,0.030765,-0.002664,-0.017464,-0.045116,-0.157244,0.095545,-0.045775,0.002623,-0.029578,-0.026656,0.019657,0.012377,0.080738,-0.016440,-0.010633,0.015183,-0.008961,0.037077,0.004131,0.051206,0.047114,0.027801,-0.162086,-0.013398,-0.026617,-0.025360,0.059511,-0.009419,-0.197541,-0.010364,0.039865,0.041216,0.017261,0.051776,0.100658,0.102802,-0.153983,-0.061416,-0.053810,0.062539,0.208727,0.009313,-0.032234,0.037021,-0.049432,-0.008616,0.162013,-0.053815,0.040144,-0.052161,-0.123951,0.131196,0.049582,-0.030285,0.146292,-0.020440,0.032246,-0.058778,-0.038049,-0.171955,-0.015083,0.021170,0.053279,-0.003204,0.024266,0.037413,0.034346,-0.000745,-0.004624,-0.076346,-0.035726,0.169518,-0.063501,0.026539,-0.000889,0.002164,-0.021059,0.054706,-0.002879,0.060999,-0.283347,0.003908,0.014954,0.000135,0.041611,-0.022153,0.022299
0.076929,0.096032,0.026447,-0.043625,0.147260,0.063333,-0.004349,-0.122938,-0.195998,0.007378,0.001380,0.182729,0.098672,-0.053181,-0.054131,0.096519,-0.030258,0.081503,-0.056807,0.022754,-0.335564,-0.001512,-0.040791,-0.025951,-0.084885,0.134611,-0.047392,0.039691,-0.005672,-0.033471,-0.105706,0.003147,-0.124788,0.150607,0.070516,0.001026,-0.040046,0.007148,0.117919,0.047961,-0.018373,0.028705,-0.023927,0.008237,-0.012336,-0.184197,0.012656,-0.123639,-0.000406,0.048301,-0.057999,0.195973,0.041497,0.021004,-0.119648,-0.048517,0.088819,0.013281,-0.043466,-0.004461,0.029816,-0.019201,0.031592,-0.016639,0.030881,-0.022675,-0.018235,-0.014385,-0.102022,0.086967,-0.010390,-0.355053,-0.021672,-0.052309,0.139166,0.060902,0.195520,0.108510,-0.080414,0.036599,0.132144,-0.032815,-0.069378,0.068974,0.005442,0.027961,-0.096319,0.043558,0.080802,-0.052229,0.071526,0.053051,-0.084591,0.015269,-0.015264,0.163510,-0.018692,0.048347,0.044441,-0.048535,-0.060903,-0.044763,0.039527,-0.011940,0.009675,0.054142,0.053383,-0.024659,0.028208,0.078608,0.019004,0.008152,-0.011978,-0.007781,0.078521,0.108980,-0.016789,-0.017986,0.095705,-0.149741,0.117984,-0.089703,0.058113,0.004145,0.051275,0.009262,-0.008615,0.075682
-0.062176,0.029092,0.010419,-0.026446,-0.017873,-0.062195,0.008293,0.019727,-0.005888,0.029350,0.039627,0.024941,-0.118040,-0.086410,0.118477,0.039866,0.019155,0.045990,0.026008,0.045642,-0.097193,0.059244,-0.103554,-0.006533,-0.075783,-0.102888,0.077899,-0.010512,0.045644,0.091060,0.052885,0.026466,-0.062324,0.011480,0.012273,-0.047180,-0.024612,0.030843,0.050687,-0.001713,0.116669,0.106282,-0.004123,-0.002625,-0.027457,0.152065,-0.010183,0.129872,-0.013632,0.091542,0.096976,0.145326,0.096712,0.115496,-0.010565,0.004543,0.030221,0.067703,-0.023529,0.014762,-0.056273,-0.001055,0.026290,-0.095766,0.046269,0.024210,-0.005027,-0.064974,-0.034694,0.111739,0.203952,0.067603,-0.029928,0.021048,-0.069266,0.039909,-0.002333,0.056422,-0.100369,-0.038343,0.036098,0.083633,-0.054710,0.040868,0.025369,-0.003722,-0.015644,-0.011930,0.027129,0.017943,-0.004044,-0.100027,-0.026358,0.012352,0.020053,0.059306,-0.011953,0.030085,0.022203,0.007782,-0.092589,-0.020208,-0.014839,0.112402,-0.003584,0.064158,0.045977,-0.004415,0.004576,0.193115,-0.000196,-0.106364,0.087316,0.163129,0.004444,0.082538,-0.029494,0.030188,-0.043202,0.013890,0.115362,-0.311068,0.111203,-0.108253,-0.039649,0.097497,0.016763,-0.025162
-0.023567,0.144320,-0.058184,-0.071487,-0.119532,-0.009572,0.004420,0.005330,-0.079552,-0.043180,-0.210550,-0.052575,0.038603,-0.026767,-0.059588,-0.018268,0.149904,-0.080630,0.001739,0.084414,0.061567,0.142473,0.015614,0.026816,-0.065142,-0.058502,-0.019516,0.092125,0.085351,-0.052361,-0.018154,0.084528,0.073926,-0.007771,0.020898,-0.034768,0.122210,-0.007190,-0.042860,0.044439,-0.023095,0.002123,0.055518,0.003356,0.059789,0.015589,-0.046744,-0.008144,-0.034872,-0.016186,0.014276,-0.050346,-0.033113,-0.101110,0.039752,0.002606,-0.036723,-0.047382,-0.025437,0.011832,0.053054,0.009490,-0.199524,-0.170636,0.092131,0.017177,0.006188,-0.007332,0.058768,-0.182051,0.092925,0.084415,-0.130868,-0.000147,-0.014517,-0.017517,0.018257,0.132573,-0.041578,-0.078488,-0.004139,-0.063376,-0.007799,0.022982,-0.059521,0.028859,-0.123920,-0.008679,0.054818,0.065259,-0.036656,0.098737,-0.080213,0.019525,0.096030,-0.004803,0.131358,-0.109753,0.035870,0.085504,0.023584,-0.096995,-0.066377,-0.094451,-0.086248,0.021749,0.010991,-0.078309,0.417903,-0.093619,0.281663,0.035995,0.036403,-0.073766,0.052907,0.010348,-0.155095,0.068477,0.129114,0.008983,0.081514,0.020651,-0.091091,0.071832,-0.010943,-0.027628,0.007851,0.008012
-0.105758,-0.192832,0.017306,-0.042948,-0.107463,-0.034715,-0.014766,-0.015345,-0.283091,-0.009176,0.204334,-0.081927,0.087165,-0.035971,0.121567,0.042402,0.005843,-0.119570,-0.097248,-0.031357,-0.040946,-0.106290,-0.022371,-0.023177,0.023905,-0.138295,-0.052236,-0.099178,-0.024348,0.130547,0.074211,-0.042495,0.092654,0.070555,0.051310,-0.077984,-0.043871,-0.287580,0.065778,0.015429,-0.231861,-0.034878,0.055974,-0.010511,0.072433,0.042683,0.005335,-0.009188,0.073728,-0.049052,-0.107768,0.048069,0.055049,-0.061679,0.116818,0.040300,0.021142,-0.095651,0.068404,-0.016341,0.023740,0.119707,0.142474,0.333231,-0.020484,0.144091,0.067417,0.030372,-0.059532,-0.045755,0.042414,-0.098757,0.123167,-0.065921,-0.039912,0.082139,-0.055904,-0.087933,0.165232,0.060112,-0.051851,-0.076634,0.098017,0.032460,-0.070917,0.043079,-0.100456,0.098277,0.044462,-0.029400,-0.062160,0.032675,-0.050657,0.107140,0.230499,-0.080423,-0.009852,0.002726,0.222484,-0.010612,0.046542,0.068879,-0.096908,-0.076355,-0.042136,0.033511,0.070106,0.137942,0.019268,0.018874,-0.120078,-0.046740,0.062143,-0.038573,0.061189,-0.016354,0.251921,0.251024,0.003711,0.045927,0.102191,-0.088913,-0.029607,-0.028938,0.008755,-0.102403,0.217362,-0.072157
0.009186,0.011736,0.014059,0.160540,-0.037943,-0.082350,0.002347,-0.161356,0.153627,0.042291,0.050868,0.115013,-0.091125,-0.261955,-0.313170,0.047935,0.012344,0.096140,-0.069365,-0.054553,-0.059097,0.043477,-0.035197,0.201943,-0.008624,0.178230,0.144669,0.021830,-0.069833,0.001129,-0.031836,0.042938,-0.112179,-0.021599,-0.108027,-0.015918,-0.022596,-0.071525,-0.074879,0.048706,-0.155431,-0.018993,-0.027776,-0.015905,-0.009722,0.078986,-0.020388,0.002192,-0.037147,0.078414,-0.085545,0.157742,-0.131929,0.026264,-0.198354,-0.031634,0.017290,-0.077120,-0.053351,0.163915,-0.011249,0.022772,-0.098166,0.060726,0.042919,0.064511,0.045059,-0.027109,0.068841,0.086978,-0.101303,-0.091767,-0.092638,0.038441,-0.073269,-0.169456,0.022146,-0.013140,0.038301,0.091485,0.018767,0.048099,-0.053807,0.077289,0.167418,0.024070,-0.038012,0.145750,-0.017436,0.020230,-0.039760,-0.043387,0.084634,0.017845,-0.021774,0.047948,-0.013976,-0.130331,0.025900,-0.011557,0.112717,-0.058683,-0.031785,0.022577,0.067286,-0.000159,0.040322,0.085515,-0.036467,-0.218601,-0.025883,0.054591,0.105198,0.027226,0.080948,0.031834,-0.041230,0.078170,0.122092,0.090307,0.076033,-0.024286,-0.218286,0.005618,-0.011689,-0.177091,-0.019731,0.019727
0.043213,-0.122389,0.089355,-0.447618,-0.035226,-0.007176,-0.006000,0.026203,-0.030470,0.022672,0.075823,0.016752,-0.005909,-0.047994,0.019831,0.037763,-0.128888,0.047177,0.037248,0.011001,-0.003897,-0.053713,-0.026248,-0.002585,0.640511,-0.039779,-0.066403,-0.078972,-0.011008,0.052563,0.153879,0.055470,0.058565,0.240702,0.054256,0.461050,0.076935,0.129425,0.102431,-0.011880,0.015539,0.035954,0.021541,-0.007128,-0.089460,0.041595,0.012617,0.054569,0.108258,0.021686,0.054294,0.043953,0.026379,0.069894,-0.009594,-0.011199,0.052653,-0.033267,0.306635,-0.099418,-0.024297,-0.014635,-0.002037,-0.020560,-0.025415,0.093272,0.073837,-0.271755,-0.033512,0.460771,0.036741,-0.022217,0.077470,-0.007251,-0.032531,0.057478,0.053101,-0.047311,0.006196,0.016269,0.043340,0.241595,-0.023770,-0.024871,0.036701,0.003825,0.083423,0.143067,0.093211,-0.024342,0.011828,0.025770,0.032128,0.124433,-0.056433,-0.052753,0.160205,0.167380,-0.062574,0.028954,0.072477,-0.099753,-0.030699,0.008759,-0.051915,-0.036011,0.034612,0.012652,0.233084,-0.045869,-0.027009,-0.020105,0.044214,0.015169,-0.125780,-0.110236,0.051244,-0.063044,0.155993,0.016214,0.064295,0.320834,-0.031774,0.060986,-0.019604,-0.208185,-0.055874,0.131040
0.136790,0.006879,-0.031434,-0.017610,0.064031,0.005881,0.002057,-0.100863,-0.021409,0.049963,-0.026844,0.037109,0.025107,-0.039760,0.072154,0.020461,0.015951,0.104917,0.026976,0.008429,-0.094599,0.012557,-0.083895,-0.064718,0.089092,-0.130018,0.045100,0.015642,-0.036856,0.068664,-0.096319,0.023709,-0.185510,-0.070295,-0.073085,0.035916,-0.008224,-0.011899,-0.087890,-0.024678,0.028891,-0.054770,0.007492,-0.008617,0.008533,0.044954,-0.041507,-0.038013,-0.049529,-0.038129,0.026924,-0.106167,0.053131,0.080380,0.120408,-0.097364,0.036863,0.015666,0.096367,0.104462,0.047281,-0.040478,0.008929,0.009065,0.055873,-0.027814,0.079819,0.082186,-0.103908,0.003049,0.063617,0.067682,-0.011728,0.001145,-0.074233,0.113621,-0.030066,-0.048687,0.052878,0.037907,-0.085047,0.019551,0.020427,0.105054,-0.021003,0.013295,-0.037593,0.006090,-0.036584,0.006316,-0.046392,-0.006833,0.066941,-0.002350,0.018664,0.118940,-0.044736,0.017498,-0.031626,-0.045131,0.037259,-0.027052,0.019627,0.155844,-0.007971,-0.009136,0.008009,-0.028802,-0.006988,0.111281,-0.028037,-0.106766,-0.026242,-0.076933,0.025074,0.010677,0.010021,-0.035652,0.011602,-0.062586,0.210973,-0.046074,0.114324,-0.052880,0.000328,0.037852,-0.017748,0.003533
