0.026775,-0.026231,0.037094,-0.009791,-0.000912,-0.007817,-0.003943,0.079593,0.002057,0.003764,0.003544,-0.013079,0.013030,-0.002100,0.051660,0.002047,0.045988,0.030636,-0.016340,-0.013557,-0.009604,0.002898,-0.027395,0.007594,-0.011135,0.010876,0.000226,0.010146,0.019204,-0.032490,-0.021996,-0.007872,0.007980,-0.005416,0.009172,-0.013118,0.012272,-0.000538,-0.008344,-0.047454,-0.086839,0.014028,0.014808,-0.043151,0.030080,0.018757,0.000371,0.002176,0.084893,-0.055624,-0.027900,-0.012867,-0.031610,-0.037025,0.021981,-0.007173,-0.018851,0.004574,0.034431,0.021618,0.006742,-0.027827,-0.000572,0.106574,-0.006944,0.326153,0.016966,-0.013537,-0.019121,0.016841,-0.017124,0.009999,0.008148,0.215429,-0.017852,0.006186,0.002129,-0.004121,-0.030477,0.004833,0.011537,0.034106,-0.006642,0.001922,0.002219,0.002923,0.010188,-0.007455,-0.006567,-0.001491,0.047490,-0.021238,0.036359,-0.002865,-0.013195,-0.035885,0.003232,-0.006415,-0.032446,-0.010749,0.043586,-0.075093,-0.021628,-0.010197,-0.018978,-0.054258,-0.005664,0.008063,0.016275,0.020177,0.019545,-0.025852,-0.005845,-0.014166,-0.017451,-0.008421,-0.016722,-0.069835,-0.018398,-0.030758,-0.004900,0.004512,0.007403,-0.004797,0.007031,-0.012036,0.006825,0.006180
-0.031955,0.010061,0.028454,-0.029056,-0.000261,-0.001430,-0.000173,0.051095,-0.001380,-0.010421,0.016721,0.011313,0.037810,0.005861,-0.218100,-0.013433,0.011713,0.077765,-0.000653,-0.003336,-0.007955,-0.008049,0.112273,0.000530,0.000733,0.011999,0.014473,0.013631,-0.042757,-0.025870,0.027038,-0.028036,0.006848,0.006928,0.016843,0.010161,0.057541,-0.031853,-0.020902,0.045744,0.066340,0.000625,-0.024548,0.005466,0.002345,0.051228,0.068613,-0.166838,0.064700,0.041239,-0.039986,0.013996,0.027718,0.054276,-0.074528,0.008881,-0.022771,0.020107,-0.048997,-0.003072,0.015667,0.084731,-0.035418,-0.061500,0.071449,-0.022797,-0.030840,0.001619,0.012358,-0.017556,0.016978,0.016236,0.016682,-0.037423,0.035642,-0.004401,-0.001992,-0.009611,0.025904,0.018671,-0.033410,-0.016978,-0.006366,0.012444,-0.021967,0.033406,-0.018317,-0.035728,0.010302,-0.007107,0.022777,-0.012626,-0.052528,0.032127,0.008068,0.030221,-0.006457,0.035105,-0.084165,-0.002946,0.031461,0.015119,0.036161,-0.003861,-0.011038,-0.020615,-0.004818,-0.022090,-0.013027,-0.011950,0.024958,-0.044305,0.043399,-0.024313,-0.013351,0.010897,0.020147,0.029483,-0.024232,0.030020,0.031196,-0.013134,-0.020368,0.009162,0.018924,-0.002600,-0.037850,-0.017869
-0.038131,-0.018901,-0.075548,0.013254,-0.011387,-0.005880,-0.003328,0.078953,0.007030,-0.000071,-0.003152,0.008793,-0.000962,-0.002850,-0.037921,-0.001065,-0.053017,0.021173,-0.005204,0.015278,0.024762,0.004330,-0.018985,0.022385,-0.031164,-0.009837,0.023370,-0.062959,0.000610,-0.017053,-0.029511,0.024120,-0.002583,-0.002416,-0.004164,-0.015654,0.033025,0.008107,-0.012525,0.020812,0.036420,-0.015479,-0.009803,0.002762,0.035373,-0.052366,-0.018107,-0.021494,0.114435,-0.015955,-0.009816,-0.013052,0.010560,0.002141,0.005962,0.021831,-0.018413,-0.013030,0.010164,0.002047,-0.063746,0.018503,0.007027,0.130925,0.019868,0.352664,-0.018704,0.016235,-0.009784,-0.015054,-0.019002,0.020581,-0.003580,0.238954,-0.012966,-0.006387,0.003838,0.004905,0.127369,-0.007974,-0.016634,-0.003320,-0.000064,0.011286,-0.001565,-0.031910,-0.001872,0.000834,0.009938,-0.017604,-0.029691,-0.000165,-0.014413,0.006037,-0.032162,-0.009421,0.019681,0.007670,-0.001181,-0.021536,0.099878,-0.047040,0.004818,0.001574,-0.004768,0.007068,0.009656,0.024997,0.017452,-0.001907,0.000167,0.042412,0.014408,-0.032232,-0.040121,0.036007,-0.020505,0.025352,-0.027224,0.009028,-0.023471,0.020976,-0.018678,-0.002201,-0.000626,0.008392,-0.032168,0.013255
0.034714,0.010499,-0.059592,0.057409,-0.004852,-0.021499,0.001392,-0.043535,0.004465,-0.000741,0.008167,0.076533,-0.002508,-0.004321,0.214005,0.020318,-0.044907,-0.009824,-0.046914,-0.037896,0.010082,-0.004185,-0.037333,0.026582,0.011865,-0.004853,-0.011432,-0.126383,-0.077519,-0.035891,-0.082220,-0.070691,-0.001788,-0.059322,0.039409,-0.007062,-0.005193,0.035254,0.019358,0.026280,0.052332,-0.011701,-0.064338,-0.035558,-0.013438,-0.028592,-0.028871,-0.041922,-0.028034,0.000795,0.006631,0.013000,-0.058352,-0.093643,0.007132,-0.008827,0.041399,0.020846,-0.008994,-0.002944,-0.008120,-0.070435,0.054235,0.033145,0.046269,-0.012773,0.039842,-0.093906,-0.109707,-0.016096,0.001191,0.025088,-0.002244,0.001587,0.044175,-0.026311,-0.008657,-0.045331,-0.039768,0.020112,-0.031366,0.042642,-0.008672,-0.064055,0.030091,0.016644,-0.021716,-0.002754,-0.003786,-0.027597,-0.016197,-0.053095,0.039040,0.003593,0.006536,0.025002,0.011680,-0.007548,-0.045561,0.047212,-0.022225,0.000922,-0.047641,-0.003630,-0.072282,-0.021627,0.004700,0.009921,0.004991,-0.011195,0.023135,0.043019,0.077361,-0.021485,-0.018213,-0.025656,-0.009086,0.054796,-0.020442,-0.009118,0.050343,-0.001693,0.012381,-0.008671,-0.050941,-0.005626,0.010269,-0.067831
-0.005450,0.014020,-0.051489,0.006428,0.019822,-0.255702,-0.000025,-0.027132,0.030742,0.019803,0.056110,0.103091,-0.114477,0.021333,0.063116,0.009282,-0.027958,-0.010121,0.026262,-0.013797,-0.028667,0.003478,-0.038656,-0.012601,-0.004920,-0.008132,-0.011260,-0.006504,-0.030041,0.029172,0.005898,-0.021173,0.023257,0.008742,0.013274,0.021388,-0.014809,0.060661,0.040906,-0.023395,0.067848,0.002121,-0.012578,0.029531,0.008077,0.014427,0.023026,-0.014332,0.027335,0.024574,-0.039281,0.160728,0.015224,0.007087,-0.030971,-0.007312,0.019149,-0.044610,0.058155,-0.002512,0.106635,-0.016278,-0.025869,-0.005361,-0.003532,0.008535,-0.005806,0.001921,-0.010783,0.014498,-0.002212,-0.003251,0.003503,0.002032,-0.042602,0.147754,-0.010644,0.035591,-0.017669,0.011472,0.021155,-0.073970,0.021479,-0.011868,0.007505,0.086375,-0.019510,-0.021138,-0.000758,0.015765,0.076523,-0.015681,-0.082481,0.027729,0.049545,0.032873,0.011151,-0.002403,-0.006435,0.034734,0.035811,-0.012337,-0.008187,0.002971,-0.028460,0.022018,0.027412,0.031816,-0.022002,0.037851,0.019165,-0.007232,-0.001759,0.233231,-0.013648,-0.003277,0.004704,0.040792,-0.010373,-0.025416,0.006450,-0.015857,0.033181,-0.006336,0.013736,-0.007339,0.000511,-0.022494
0.041740,-0.012992,-0.018586,0.010094,0.040489,-0.065659,0.005381,0.083031,0.000744,0.013408,0.062269,0.087612,-0.010366,-0.000039,0.045825,0.024703,0.011549,0.047066,0.029563,-0.016546,-0.019743,0.019415,-0.086077,-0.017122,-0.006331,-0.005167,-0.024963,0.033374,-0.012433,0.022823,0.015184,-0.029796,0.013811,0.000938,-0.009092,0.034358,-0.031527,0.002685,-0.024577,0.035532,-0.043673,0.020149,-0.011168,-0.030833,-0.010736,-0.014692,0.042574,-0.020429,0.014303,0.031873,-0.000620,0.005134,-0.011494,0.000898,-0.282755,-0.007053,0.030568,0.003837,0.033806,-0.009410,-0.036546,-0.051840,-0.039083,0.019811,0.022904,0.012060,0.036057,-0.004346,-0.008449,0.016839,-0.006475,0.034840,0.003001,0.005588,-0.020427,-0.033763,-0.002803,0.060643,-0.081105,-0.021634,0.009962,0.093868,-0.002639,0.022181,-0.007677,0.013004,0.066495,0.099282,0.017872,0.153193,0.062121,-0.005831,0.086157,0.002140,0.006446,0.032350,-0.009362,0.017600,-0.018810,0.044706,0.044467,0.021393,0.001579,-0.003577,0.006246,0.010057,-0.006603,-0.010076,-0.054585,0.011213,-0.007661,0.044211,-0.024634,-0.001362,-0.025577,0.004974,0.044571,0.024156,0.002524,0.056733,0.097724,0.003237,0.000545,-0.000377,0.012794,-0.029086,0.013138,-0.030468
0.008904,-0.007968,0.011748,0.021738,-0.000221,-0.007281,-0.087043,-0.068802,-0.021622,-0.028844,-0.004765,-0.000491,-0.023950,0.012220,-0.014019,-0.133141,0.018422,-0.006937,-0.015774,0.075788,0.010199,-0.012832,-0.001228,-0.017328,0.104730,0.007579,0.011812,0.037327,0.011633,-0.000634,-0.006042,-0.020139,-0.021263,0.001740,0.048179,-0.005494,-0.000641,-0.003935,0.027865,-0.062175,-0.068433,-0.002883,-0.012129,-0.001789,0.107250,0.013591,-0.003495,-0.010351,0.004006,0.008376,-0.001485,0.000290,-0.000422,-0.012342,-0.003232,-0.036929,0.002195,-0.003874,-0.001568,0.193352,-0.011724,-0.020472,0.053287,0.013441,-0.010689,0.014924,-0.000427,-0.010131,-0.005669,0.009095,-0.011948,0.104851,-0.010357,0.003553,-0.060316,0.002899,-0.044335,0.003477,-0.003847,-0.062403,0.010670,0.006207,0.383989,0.004779,0.031970,-0.000599,0.001937,0.005585,-0.012277,-0.037449,-0.015322,0.003671,0.002694,-0.127718,-0.004945,-0.002936,-0.013326,-0.013976,-0.010570,-0.006844,0.001752,-0.015058,-0.007393,0.440029,-0.021810,-0.010551,-0.236838,0.000051,0.053262,0.032988,0.117349,-0.012425,-0.010827,0.021501,0.228461,-0.005165,-0.001572,-0.019091,0.222890,-0.007206,-0.021172,-0.259987,-0.004173,0.053565,-0.004012,0.009262,-0.030574,-0.003089
0.007001,0.108061,0.024443,-0.012496,0.004437,-0.049703,-0.025833,0.019470,-0.023236,-0.022134,0.008713,0.062741,0.022246,0.066885,0.026093,-0.004902,0.095484,-0.009147,-0.015468,0.037440,0.007886,-0.006724,-0.245708,-0.005725,0.028287,-0.005243,-0.015886,0.013820,-0.014960,0.039087,-0.035954,-0.030093,-0.027945,0.020014,-0.000855,-0.005496,-0.033811,-0.006173,0.012008,0.035229,0.016417,0.020530,0.057483,0.062267,0.045767,0.025759,0.018280,-0.014324,0.029525,-0.001042,-0.054160,0.022724,0.028196,0.020476,-0.028430,0.009576,-0.013165,0.031186,0.004758,0.022506,0.065758,-0.017712,0.031208,0.014401,0.014061,-0.000065,-0.025129,0.042616,0.028959,0.036089,-0.063177,0.046824,0.021842,-0.015898,0.063961,0.057095,-0.027093,-0.013285,-0.008635,-0.005556,0.058073,0.018945,0.015505,-0.005181,-0.340559,-0.031398,0.045086,0.051030,-0.019664,0.014467,0.116909,-0.015720,-0.021987,0.050950,0.025755,-0.022253,-0.052507,0.011115,-0.013048,-0.008117,-0.057238,-0.011028,0.022890,0.001706,0.013719,-0.040480,-0.000323,0.009031,0.008622,0.010625,0.015680,-0.001592,-0.037118,0.063233,0.028819,0.011010,0.006015,-0.060407,-0.058593,0.001719,-0.010623,-0.026232,0.086977,0.036171,0.025451,0.052570,0.102937,0.057738
0.021394,-0.026825,-0.038987,0.025736,0.024999,0.012039,-0.013460,0.011583,-0.021482,-0.024215,0.018765,0.020863,-0.013152,0.021780,0.059366,-0.004858,0.023283,-0.013872,0.032823,-0.025651,-0.008098,0.025838,-0.002766,0.004232,0.003394,0.023170,-0.000977,-0.030573,0.032969,-0.016664,0.032130,-0.074480,-0.015275,0.024109,0.014547,0.032319,-0.016535,-0.016677,-0.005143,0.011863,0.024643,0.031250,-0.005434,0.004261,-0.020305,0.019108,0.058701,0.020114,0.004585,0.056838,0.048984,0.004926,0.162990,-0.486905,0.036699,0.023405,-0.006980,-0.018458,-0.007140,0.072716,-0.004278,0.005173,0.059679,-0.012023,0.002059,-0.015038,0.012316,-0.001742,0.008661,0.006156,0.040190,0.049148,0.012760,-0.002776,0.030110,-0.012015,-0.023798,-0.012522,-0.025064,-0.001456,0.010076,-0.030944,-0.006278,0.039370,-0.013930,0.004356,0.024494,0.003177,0.023339,0.037012,-0.000014,-0.011339,-0.018174,0.013835,0.005644,0.009245,0.014783,-0.009486,0.020657,-0.015064,0.023804,0.004546,0.196325,-0.002938,-0.019033,0.003051,0.023631,0.007011,0.037919,-0.010326,0.028102,0.006674,0.028084,-0.009934,-0.019957,0.008752,0.024780,-0.003605,-0.022383,0.019427,0.004570,0.007540,0.015292,0.030767,-0.335967,-0.008352,-0.026010,0.000146
0.008429,-0.009741,0.018629,-0.000257,0.016793,-0.007700,0.017948,0.013147,-0.001733,-0.008747,-0.024663,-0.014262,0.002640,-0.017535,0.012401,0.011155,0.041052,0.028359,0.008669,0.008163,0.032572,0.034386,0.021361,-0.007770,0.003453,-0.011167,0.010224,0.024921,-0.015983,0.035659,-0.002185,-0.003625,-0.001792,-0.023450,0.004168,0.018935,0.037982,-0.089578,-0.003897,0.056254,0.029831,-0.011771,0.121615,-0.018618,-0.000220,0.047242,0.004896,0.011838,0.011891,0.040913,0.012097,0.024500,-0.025617,-0.009026,-0.011232,0.001629,0.007900,0.020697,-0.004336,0.010613,0.040806,0.078966,0.011334,-0.019181,-0.014865,0.018261,0.021985,-0.006718,0.026925,-0.003044,-0.018456,-0.016648,0.009424,-0.026184,0.015048,0.008632,0.002070,0.036890,0.028674,0.001764,0.008996,-0.070007,-0.002791,-0.012334,-0.041422,-0.016252,-0.005668,0.004154,-0.013786,0.030030,-0.031724,-0.009230,-0.061883,-0.015819,0.012183,0.010472,0.017508,0.015364,0.022965,0.002637,-0.008340,0.015502,-0.013095,-0.007532,-0.035778,-0.005396,-0.025960,-0.007617,-0.017795,-0.023360,0.023294,-0.040251,0.004104,0.027818,-0.006278,-0.035692,-0.150774,0.042895,-0.011754,0.026382,0.033917,-0.006813,0.019789,-0.017011,0.005391,-0.001521,-0.013265,0.034184
0.015321,-0.032046,-0.047204,0.010420,-0.153327,-0.020519,-0.003435,-0.035065,0.014018,0.009026,0.078837,0.065252,-0.008595,0.039091,0.003070,0.036697,0.010902,0.010277,0.015187,-0.000018,-0.005271,-0.027595,0.024786,0.004604,0.014462,-0.025752,-0.013821,-0.048980,0.030099,0.015033,0.050186,-0.010773,0.016143,-0.122719,0.005178,-0.006246,-0.011343,-0.009932,0.005590,-0.023141,-0.032343,-0.018271,0.004011,0.058051,0.021300,-0.043588,-0.034587,0.021275,0.009468,-0.044253,0.046819,0.031586,-0.019362,0.024399,0.083831,0.011943,0.003875,-0.003753,0.004102,-0.013677,0.005216,-0.079155,-0.043657,-0.012894,0.027814,-0.013052,-0.013315,-0.010322,-0.004330,0.000573,0.017502,0.045601,-0.007622,-0.011063,-0.021716,-0.030341,-0.006760,0.011462,-0.024408,-0.008716,0.011037,0.077502,-0.046453,0.013770,0.006152,0.015385,0.041297,0.041213,0.001522,0.048472,-0.015719,0.098869,0.111843,0.017540,0.006802,0.034719,-0.013359,0.006335,0.022469,0.022900,-0.022551,-0.021250,0.010644,0.040915,-0.071064,0.001789,0.030152,0.016176,-0.036136,0.002673,-0.003572,0.003853,-0.021405,-0.016229,-0.009803,-0.008967,-0.037820,-0.013823,0.039690,0.074385,0.001755,-0.004992,0.013272,0.050342,0.031338,0.024859,0.033618,-0.027518
0.022958,0.000605,0.004286,-0.013979,0.021396,0.006363,0.009010,-0.045292,-0.023161,-0.004884,-0.027595,0.032508,0.042257,-0.003143,0.030555,-0.004102,0.027640,-0.005069,-0.024737,-0.022819,-0.019494,0.000339,0.006394,-0.004246,-0.006199,0.018148,-0.007740,0.021746,-0.026832,-0.041171,-0.024316,-0.039101,-0.000252,0.015377,-0.001608,-0.033565,0.012193,0.051150,-0.019461,0.013228,0.031247,-0.003177,0.001979,-0.023616,-0.000121,-0.049009,-0.014420,-0.004392,-0.027749,-0.039819,-0.021176,-0.019241,0.009222,0.020849,-0.016867,0.012604,-0.032633,0.038286,-0.043653,0.011933,0.050637,0.010321,-0.003969,0.033844,0.067265,0.004211,-0.062541,-0.005860,-0.000649,-0.010756,0.024233,0.025487,0.019222,0.003996,0.092762,-0.049852,0.023623,0.037361,-0.102188,-0.014168,0.003581,0.091343,-0.006326,-0.015497,-0.019556,0.091332,0.053687,0.028999,0.001882,0.067859,-0.006188,-0.000676,0.082921,-0.007111,0.001729,-0.009910,-0.019994,0.003113,-0.060215,0.006626,-0.000715,-0.030408,-0.009885,-0.014998,0.140361,-0.045675,0.006341,-0.008802,-0.020007,-0.001164,0.015385,0.049371,0.080266,0.002626,-0.017019,-0.007608,0.029409,-0.041758,-0.007958,0.057696,0.045193,-0.018385,-0.027291,0.037667,0.010297,-0.008169,-0.004519,0.007311
-0.002169,0.021708,0.002616,0.000480,0.007711,-0.040094,0.019129,0.026456,-0.010978,-0.013530,0.058820,0.025240,0.045092,-0.000654,-0.005484,-0.016904,0.045084,-0.000944,-0.026060,0.007137,0.005470,0.006623,-0.016145,-0.008401,-0.007494,-0.002028,0.007415,0.020299,0.012903,0.046538,0.030586,0.032158,0.001093,0.018728,0.007018,0.012719,0.005076,0.011378,-0.016338,-0.017195,0.039700,0.006829,0.049281,-0.016929,0.014348,0.030139,0.012450,-0.002885,0.016700,0.005698,-0.034412,-0.068617,-0.012601,0.007117,0.000146,-0.012029,-0.014480,0.033461,0.013654,0.010487,-0.034956,0.054051,0.039510,-0.008264,-0.022757,0.029542,-0.025735,-0.012955,0.056364,0.005468,-0.038447,-0.035423,0.022017,0.001669,0.035166,-0.070208,-0.023105,0.069709,-0.037028,-0.006785,-0.004984,0.159608,-0.002963,0.009611,-0.045617,0.033133,0.156380,0.169399,-0.009782,0.012443,0.027320,0.004591,0.147492,-0.018531,0.038570,-0.037696,0.019241,0.056807,-0.005218,-0.019233,0.000928,0.024061,-0.030422,-0.005850,0.013443,-0.019851,-0.018103,-0.004694,0.011336,0.002338,0.008939,0.056458,-0.056673,0.010314,-0.023165,-0.021520,-0.001178,-0.032955,-0.010875,-0.027189,0.014068,-0.013261,0.040978,0.011738,-0.009313,-0.002672,-0.045836,0.033314
-0.006515,0.032422,0.013385,0.019525,-0.014321,0.009857,-0.050769,0.054488,-0.001766,0.006722,0.005416,-0.009552,-0.025868,-0.017846,0.032150,0.070516,0.001737,-0.002239,-0.004394,0.061243,0.014925,-0.001676,-0.002010,0.015445,0.112164,-0.018040,-0.005324,-0.033882,-0.027567,0.000216,-0.019669,-0.035829,-0.003739,-0.028653,0.013838,-0.018994,0.012919,0.002220,-0.031883,0.024490,-0.010322,-0.014464,-0.005482,-0.026282,-0.047455,0.022075,-0.033983,0.015247,-0.011601,-0.042088,-0.001977,-0.011385,-0.017288,0.002337,0.001718,0.020213,-0.025515,-0.037313,-0.037740,0.138914,-0.015832,-0.014879,-0.009201,-0.011056,-0.032222,-0.001143,-0.000509,0.003130,-0.007295,-0.018221,-0.002901,0.209434,-0.059906,-0.002921,-0.000604,-0.045746,-0.027806,-0.007358,0.004870,-0.111231,-0.016357,-0.032913,0.265598,-0.005317,0.045048,-0.010789,-0.017232,-0.018540,-0.046075,0.004709,-0.015387,-0.021645,-0.023182,0.059112,-0.047131,-0.014621,0.016029,-0.030426,0.027747,-0.003939,-0.001534,-0.016630,-0.005405,0.050489,-0.023997,0.011062,0.086075,0.003112,0.050487,-0.016962,-0.176839,0.003878,-0.009703,-0.040073,0.183768,-0.008285,-0.011914,0.020141,0.051181,0.021062,0.004111,-0.046684,-0.016036,-0.054115,0.010459,-0.010811,-0.018750,-0.013254
-0.037647,-0.000558,-0.016965,-0.002258,0.053036,0.038139,0.025254,-0.011641,-0.005999,-0.014699,-0.032465,-0.048270,0.029335,0.019048,0.048389,0.000101,0.036752,-0.013860,-0.019538,-0.002395,0.036259,0.080260,0.072913,0.009086,-0.002373,-0.007554,-0.017927,0.016702,-0.052583,0.031759,0.038980,0.004110,0.007787,-0.019387,-0.010414,0.008318,0.033567,-0.038242,0.010051,-0.004831,0.011942,-0.024308,0.093286,0.033495,0.015208,0.003097,-0.011757,0.031240,0.016703,0.002357,0.014752,0.023478,-0.005225,0.007793,0.019743,-0.004911,0.013525,0.021352,-0.033688,0.021884,0.053547,0.069584,0.037654,-0.008794,-0.062810,0.031532,0.056692,-0.060294,-0.012339,0.020214,0.009644,-0.011103,0.010457,-0.005891,0.048456,0.002859,-0.008305,0.032386,-0.020529,-0.000123,0.026593,-0.090168,-0.011164,-0.004618,0.001699,-0.010507,-0.039265,-0.011405,-0.011289,0.006764,0.007610,-0.013653,-0.099051,-0.009453,-0.024577,0.032024,0.052239,-0.003019,0.010057,0.041413,-0.005921,0.008330,-0.031379,0.017164,-0.017037,0.008818,-0.014446,-0.004070,0.023086,-0.035725,0.014778,-0.033330,-0.015315,0.024429,-0.008960,0.011237,-0.090004,0.017424,-0.013133,0.059688,0.014393,0.006513,0.084590,-0.022748,-0.007087,-0.001167,-0.018609,0.022601
-0.242561,0.017278,0.074027,0.011785,0.015322,0.001471,0.001034,0.039031,0.000853,0.004545,-0.001922,-0.025497,0.009254,0.002033,-0.006415,0.007680,-0.019615,0.007265,0.025056,0.022325,0.006660,0.007925,0.070382,0.018055,-0.010753,0.039077,0.023028,0.091874,0.026250,-0.022788,0.048348,-0.024869,0.008218,0.014554,-0.018989,0.024009,-0.044245,0.154913,0.025569,-0.002740,-0.025332,0.021323,-0.148421,-0.004340,0.018114,0.058818,0.029700,0.028174,0.109687,0.030611,0.040175,0.003341,-0.012745,0.020839,0.015541,-0.027922,0.020739,0.001094,0.020530,-0.000205,-0.003258,0.108870,-0.039499,0.074156,-0.017222,0.087648,0.004973,-0.004083,-0.032652,0.000646,0.035678,0.098350,-0.001829,0.092000,-0.046289,0.011618,0.047882,0.014919,-0.023433,-0.019422,0.012706,0.002937,0.007731,0.074724,-0.024065,0.043992,0.030889,0.015880,-0.030284,0.012370,0.028948,-0.015874,0.019704,0.024466,-0.014389,0.009814,-0.032270,0.009322,0.020166,0.019018,0.185763,0.115611,-0.021014,0.016468,0.042204,0.010588,-0.030847,-0.043002,-0.029689,0.006141,0.000014,-0.006611,0.000653,0.019229,-0.014896,-0.045276,0.120143,-0.035384,-0.010951,0.002614,0.018993,0.006824,-0.016529,0.035143,0.007892,0.008333,0.013600,-0.059215
-0.023899,0.024348,-0.111196,-0.009606,-0.012910,0.006930,0.110991,0.011496,-0.015524,-0.022178,-0.013578,0.006086,0.014526,-0.018119,0.006504,0.247909,0.035616,0.015008,-0.005030,-0.008631,-0.010631,-0.019822,-0.025905,-0.210125,0.173790,0.000205,-0.014497,-0.097012,-0.020813,0.000092,0.009279,-0.016849,-0.027448,-0.000810,-0.012635,-0.009922,0.009327,0.003713,0.046514,0.061059,0.096858,0.004056,-0.017538,-0.025124,-0.226169,-0.043937,-0.014438,0.003055,-0.010471,-0.004026,-0.012233,-0.013069,0.000839,0.006535,-0.024740,0.005570,0.010428,-0.004319,-0.016978,-0.121480,0.008642,-0.011547,-0.101156,-0.021669,-0.011468,-0.018019,-0.006221,-0.006261,-0.008181,-0.032364,-0.008070,-0.084227,0.123941,-0.016034,0.070012,-0.006113,0.049861,-0.006712,0.002267,-0.134409,-0.034140,-0.024676,0.079249,-0.014262,-0.027219,-0.029777,-0.020397,-0.005226,-0.067065,0.006965,0.000256,-0.001266,-0.031473,-0.006546,-0.001625,0.001612,0.006271,0.000957,0.010069,-0.000206,0.013966,0.011964,0.000960,0.084346,0.034587,0.006290,0.062078,-0.015046,0.168584,0.044057,0.145946,0.018660,-0.004740,-0.011919,-0.113358,-0.007487,0.001089,0.018465,0.237912,-0.010171,0.021412,0.053705,-0.005630,0.185921,-0.003391,-0.016393,-0.050448,-0.017733
-0.036433,-0.006143,0.022592,-0.011910,0.046852,0.019265,-0.020738,0.001186,-0.012304,-0.011244,0.012387,-0.029490,0.020101,0.011271,-0.056987,0.000536,0.022947,-0.012013,0.036134,-0.001650,-0.010088,0.027535,-0.020352,0.008746,-0.014345,0.016216,-0.014990,0.009088,-0.021118,-0.005962,0.034395,0.016765,-0.012040,0.019519,-0.023171,0.021085,0.004464,0.017966,0.005903,-0.012057,-0.028697,0.000618,-0.000623,-0.006394,-0.004069,0.010800,0.001842,-0.001954,-0.005690,0.050420,0.015120,0.011616,0.132590,-0.352720,0.014342,0.015582,0.005831,0.017251,-0.021079,0.037741,0.009602,-0.039278,0.012440,0.017838,0.012874,0.014754,0.024073,-0.022938,-0.033716,0.029626,-0.003622,0.002294,0.000735,0.004593,0.034255,0.001931,-0.023233,0.014988,-0.011725,-0.013376,0.028663,0.006093,-0.016480,0.024940,-0.025296,0.005928,-0.031153,-0.015090,0.014818,0.031149,-0.017680,0.008270,-0.031848,0.017253,0.005227,0.002693,-0.025114,-0.006980,-0.002761,-0.002621,0.002491,0.029215,0.174877,0.018482,0.035876,0.018869,0.008268,0.016236,0.018417,0.002112,0.006915,0.006817,0.018984,-0.001399,-0.005941,-0.019715,-0.014163,-0.018707,-0.009124,0.031103,-0.018504,0.023747,-0.017086,0.006240,-0.278149,0.029400,-0.005431,-0.020484
0.001173,-0.049087,0.000174,0.001823,0.009194,-0.029925,0.063291,-0.024741,0.007655,0.004225,0.011792,0.002779,-0.012711,-0.037056,0.011986,-0.006498,0.002822,-0.005812,0.011937,0.005750,-0.022261,0.005500,0.004837,0.028356,-0.003129,-0.004076,-0.007593,-0.015550,-0.000441,-0.025788,0.001820,-0.025227,0.009882,-0.002471,0.014295,0.012064,0.006918,0.004260,-0.030668,-0.019961,-0.005534,0.006997,-0.015601,0.007715,0.055254,-0.008987,0.005139,0.009513,0.001308,0.009056,0.004467,-0.014262,0.002430,-0.024710,-0.003214,-0.038989,-0.006011,-0.005470,0.001351,-0.022878,-0.138546,0.244439,0.052401,-0.007708,-0.011876,-0.014836,0.015035,-0.000127,-0.002722,-0.012037,-0.007819,-0.012943,-0.021742,-0.012279,-0.033075,-0.026484,0.002642,0.012444,-0.014729,-0.071692,-0.010687,-0.001382,0.034015,0.011141,0.034199,-0.026166,-0.004724,0.010164,-0.063464,-0.005437,-0.001212,0.006492,0.006288,0.030056,0.007048,0.008686,0.000511,-0.006372,0.028774,-0.012934,-0.011460,-0.016482,-0.008203,-0.026237,-0.022336,0.002697,-0.031415,-0.000795,0.027686,-0.019492,-0.004548,0.003854,-0.005998,-0.004453,0.010807,-0.014533,0.021894,-0.003583,0.049860,-0.039659,-0.007464,-0.003969,0.004411,0.000328,-0.021335,-0.049093,0.903080,-0.032002
0.003844,0.040601,-0.021377,-0.027601,-0.001569,0.002265,-0.006114,-0.037186,-0.011910,-0.022165,0.045238,0.056793,-0.009722,0.015578,-0.024327,0.013319,-0.006521,0.066453,-0.005009,-0.009014,0.024128,-0.020962,-0.051596,0.003844,-0.027103,0.016523,0.020569,-0.011767,0.054835,0.014542,-0.017358,-0.017947,-0.009843,0.030448,0.004662,-0.026924,0.008837,0.007844,0.018042,0.013925,-0.005288,-0.040760,0.004413,0.007505,-0.022824,-0.060930,-0.031897,0.026706,0.034189,-0.053908,0.025940,0.001323,0.006599,0.026905,-0.019016,-0.005424,-0.033061,0.001377,0.036240,0.006854,-0.040639,0.024692,-0.025441,-0.014107,0.020717,-0.080000,-0.043421,0.012639,-0.014150,-0.009043,0.047845,0.039317,0.003127,-0.044481,-0.016792,-0.017617,0.021467,0.033032,-0.001924,-0.011812,0.000784,0.005715,0.004402,0.033520,-0.010149,0.036961,0.035727,-0.013005,-0.000547,-0.007063,-0.059498,0.038248,-0.011566,-0.017186,0.011185,-0.025204,0.008748,-0.034031,0.009054,-0.028135,-0.018566,-0.011099,-0.008550,-0.002229,0.016515,-0.001710,0.025962,0.044092,-0.025869,0.067529,0.016664,0.019004,0.042075,-0.018154,-0.017305,0.066241,-0.055566,-0.085113,0.001779,-0.007404,0.010976,-0.014214,-0.022484,0.037589,0.019495,0.013625,0.014656,0.051708
0.042444,-0.043389,0.029937,-0.041351,0.011203,0.022820,-0.030298,0.104232,0.007977,-0.001026,-0.012026,-0.007580,-0.063672,0.003368,-0.008829,-0.014359,0.025186,-0.037588,-0.006134,-0.045386,0.033361,0.009690,0.034598,0.190091,-0.004933,0.015863,0.027264,0.001234,0.014340,-0.007440,0.009420,0.024953,0.007856,0.015451,-0.061095,0.000064,-0.018828,0.007253,0.008128,0.049565,0.065900,0.011528,0.035583,-0.071196,-0.263470,-0.024462,0.004469,-0.009780,-0.047348,0.009571,0.008092,0.003469,-0.007515,0.022298,-0.019257,0.022705,0.005185,-0.051281,-0.035603,-0.184897,0.025344,0.024809,0.093339,0.007433,0.025752,-0.003475,0.015461,0.000387,0.010403,-0.000834,0.014025,0.591028,-0.038079,-0.003545,0.051289,0.026153,0.265796,0.009067,-0.012355,0.004941,-0.003691,-0.012699,0.007007,-0.011775,0.042134,0.011034,-0.012386,-0.010156,0.023942,0.041301,0.017210,-0.005072,-0.003783,0.216072,-0.025391,-0.005620,-0.020118,-0.052749,-0.020497,0.010554,-0.005163,0.019183,-0.001611,0.024989,0.038588,-0.010723,-0.039609,-0.052056,0.123380,-0.003520,-0.252190,-0.041768,-0.014042,0.003770,0.204910,-0.055689,0.008122,-0.028998,0.031656,-0.016610,0.014199,-0.006961,-0.045315,0.032775,0.015005,-0.005826,-0.020122,0.030557
0.003809,-0.003349,-0.021126,-0.026936,-0.014874,0.021542,0.190932,-0.038981,0.036764,0.004442,0.013682,0.030858,-0.028472,0.030282,-0.016215,0.073259,0.018878,0.005005,0.000355,-0.011397,0.007301,0.006526,0.008560,0.021391,0.104179,0.018492,0.008670,-0.028627,0.004894,-0.011450,0.014082,0.010501,0.013186,0.014197,-0.042943,0.004091,0.013672,0.000318,-0.000056,0.010760,0.039206,0.008405,0.008999,-0.012065,-0.052841,-0.010911,0.000288,0.008883,-0.011114,0.018084,-0.006339,-0.005762,-0.004183,0.007211,0.004612,-0.005125,0.003797,-0.014533,-0.005301,-0.117346,0.009181,-0.004661,-0.015096,-0.001456,0.017212,-0.000346,-0.005164,0.019209,0.008678,-0.005766,0.004652,-0.063941,0.136449,0.017725,0.014978,0.003096,0.029227,-0.001071,0.008131,-0.005767,-0.006602,0.002844,0.052825,0.008207,0.017071,-0.002565,0.000515,-0.001505,0.004698,0.004392,0.008839,-0.005154,-0.008633,0.079120,-0.005088,0.003225,0.006340,-0.019098,0.017105,-0.003285,0.015123,0.009647,0.000626,-0.046578,0.018425,0.004993,0.034354,0.006089,-0.091883,-0.000037,0.158970,0.034812,0.014725,0.006326,0.008239,0.009898,0.027431,0.033177,0.021889,-0.009118,0.008774,0.088841,-0.014553,0.127813,-0.012617,0.024116,-0.037749,0.011493
0.003123,0.052452,-0.020045,0.025911,0.037821,0.006373,-0.003169,-0.063192,0.005105,-0.007102,-0.004599,-0.006342,0.026025,0.011457,0.136905,0.017155,-0.012194,0.070655,-0.056157,0.023294,0.043527,0.002158,-0.039315,0.014798,0.008584,0.010119,0.019215,-0.087790,-0.058204,-0.025333,0.012479,-0.112467,-0.001107,-0.050699,0.022514,-0.039825,0.026077,0.015007,0.043659,0.018957,0.019133,-0.021503,-0.062873,-0.094358,0.017746,0.010902,-0.015531,0.055883,0.028595,-0.046993,-0.023327,-0.000410,-0.021435,-0.031027,0.048338,0.011310,-0.029735,0.030835,-0.025799,0.016762,0.011343,0.027435,0.031767,0.004467,0.004301,0.021770,-0.032337,-0.020490,-0.046717,0.017308,-0.063639,0.016254,-0.010416,0.004872,-0.005680,-0.037506,-0.033243,-0.022787,-0.012477,0.025651,-0.000075,0.031538,0.000310,-0.020269,0.123943,0.015987,-0.006161,-0.025025,0.019226,-0.088482,0.035399,-0.105455,0.013732,-0.012251,-0.037219,0.023253,0.047233,0.004926,-0.011766,0.001667,-0.047672,-0.048218,-0.029515,-0.008139,0.001319,-0.043887,-0.002483,-0.023345,0.030998,0.027312,0.017976,0.020572,0.015691,-0.034872,-0.015129,-0.042453,-0.000150,0.056800,-0.025472,0.007447,-0.019838,-0.004989,-0.061509,-0.005659,-0.009142,-0.004246,0.008853,-0.042798
-0.018223,0.011932,-0.016101,0.058511,-0.001649,0.010810,-0.142328,0.022681,-0.013723,-0.009911,0.012263,0.000511,0.061739,0.008656,-0.025871,-0.037752,0.004129,-0.009632,0.008275,-0.071530,-0.007503,-0.009140,-0.013689,-0.041835,0.013784,-0.005535,-0.006791,-0.000949,0.016396,0.005044,-0.001524,0.026574,-0.014994,-0.001713,0.104063,0.002853,-0.004584,-0.008666,-0.029309,-0.006459,-0.016223,0.000807,0.001391,-0.005433,0.057070,-0.016768,0.014307,0.001441,0.002943,0.002687,0.016501,-0.010866,-0.007986,0.009322,0.009275,0.011031,-0.000845,0.040849,0.007650,-0.154876,-0.011172,-0.010308,0.625575,-0.001988,0.001040,0.003641,-0.010611,0.014512,-0.004435,-0.023709,-0.008144,0.089529,0.103370,-0.001747,-0.007572,-0.017843,0.063900,0.000831,0.012941,0.110756,-0.019501,-0.024333,0.014330,0.006139,0.003323,-0.014713,-0.012586,-0.011663,-0.000394,-0.007891,-0.012116,0.024414,-0.028204,0.008151,0.011714,0.004641,-0.009982,0.040854,0.000632,-0.002652,0.006756,-0.002650,-0.008341,0.062435,0.006692,-0.001813,0.112798,-0.011649,-0.596975,-0.031782,0.076458,0.021468,0.009210,-0.030213,-0.087687,-0.016164,-0.001260,-0.012242,0.247139,0.011886,-0.016816,-0.002160,-0.014680,0.020931,0.009986,0.002891,-0.023366,0.001445
0.007063,0.019971,0.033661,-0.000131,0.011136,0.020586,-0.022489,0.016775,-0.016962,-0.014247,0.001748,0.014383,0.023333,-0.011501,-0.028033,-0.005042,0.009901,-0.004686,0.006425,-0.709982,0.020597,-0.018474,0.024685,-0.006928,0.242112,0.023371,0.016883,0.010474,0.005698,-0.003128,0.016299,0.542411,-0.009866,0.003148,-0.000491,0.007206,0.002716,-0.005971,-0.002661,-0.007799,-0.061983,0.007060,0.014016,-0.003631,0.004924,0.007973,0.021983,0.002083,0.001542,0.014787,0.005331,0.002000,0.003715,-0.020343,0.016489,0.055466,-0.001905,0.031649,0.018071,0.009564,0.019381,0.026512,-0.088564,0.029880,0.014211,0.006870,-0.004311,0.008445,0.013686,-0.020350,0.004057,-0.029589,-0.114330,0.015521,-0.028588,0.016455,-0.140135,0.003534,-0.005825,0.080247,-0.018464,0.000812,0.097611,0.005232,0.057123,0.015046,0.001859,-0.015833,0.030463,-0.004425,0.004825,0.001489,0.007927,-0.049616,0.029398,-0.004418,-0.014687,0.022253,-0.008369,0.003356,0.011369,0.013379,0.000789,-0.033932,0.007712,-0.005916,0.068796,-0.009843,0.001364,0.006148,-0.028175,-0.001820,0.006558,-0.010302,0.031770,-0.014737,-0.002059,0.012964,-0.059766,0.004630,-0.000248,-0.103287,0.009636,-0.020126,-0.004028,-0.009967,0.039863,0.013527
-0.031266,0.071774,0.031037,0.032033,0.008402,-0.023425,0.002907,0.029898,0.006611,-0.003537,0.000924,-0.030216,0.033548,0.012596,0.054207,-0.005822,-0.010768,0.050795,0.029785,-0.011343,0.001836,0.038914,-0.061489,0.005006,-0.018115,-0.019889,0.000427,0.059804,-0.028613,-0.004666,0.050922,-0.007896,-0.002282,0.037144,0.019694,0.023896,-0.049399,0.035355,-0.018343,0.013029,-0.035384,-0.020513,-0.016525,0.040609,0.015502,-0.020854,-0.027778,0.090707,-0.006166,-0.004269,-0.035874,0.017456,-0.000801,-0.016469,-0.057333,-0.008323,-0.002098,0.009620,-0.035391,0.002353,0.001084,-0.016528,0.008609,0.035437,-0.072823,0.021297,0.017956,-0.061536,-0.042344,-0.005551,-0.002211,0.026285,0.008934,-0.003676,-0.065544,0.020650,-0.006610,-0.015728,-0.030301,-0.011541,0.007575,-0.000990,-0.009453,-0.037311,0.023476,0.051134,-0.001310,-0.002707,0.004697,-0.011869,-0.073377,0.008326,-0.004520,-0.008319,-0.015630,-0.020422,-0.045726,0.010591,0.054201,-0.008969,0.049453,-0.001477,-0.002137,-0.006971,-0.105219,-0.035068,-0.004342,0.003584,0.008922,0.013989,0.011970,0.005904,-0.022977,0.014003,0.002823,-0.020591,-0.000912,-0.027462,-0.007034,0.013932,-0.003838,0.011006,-0.008879,-0.014260,0.021989,0.004609,0.003649,-0.015507
0.019703,0.000115,0.007701,-0.021719,-0.010407,0.002036,-0.116450,0.000770,-0.000483,0.000457,0.001499,0.005925,-0.035634,0.010953,0.008546,0.027022,-0.006125,0.032536,0.007060,-0.015638,-0.021016,-0.009441,-0.014844,0.149383,0.083255,-0.002884,-0.006325,0.012887,-0.000635,0.001178,-0.004661,0.005170,-0.000348,-0.000791,-0.037827,0.005992,0.021663,0.004295,-0.005734,-0.002692,-0.014496,-0.001784,0.000247,0.019377,-0.074370,-0.019968,0.011571,-0.010610,0.004302,0.015544,-0.003687,0.001462,0.007429,0.011274,0.008323,0.081179,0.001859,-0.023502,-0.017466,0.120104,-0.007508,-0.032465,0.025242,0.000171,0.008743,0.008744,-0.000712,-0.002777,-0.005310,-0.004143,-0.003545,0.004429,0.049033,0.009139,-0.001828,-0.003038,-0.050663,-0.000578,0.002705,0.018973,-0.003995,-0.000919,0.002035,0.003107,0.018170,0.007070,-0.001040,-0.008051,-0.945217,-0.017735,-0.011625,-0.032118,-0.002845,-0.010577,-0.013667,0.006966,-0.015712,-0.025585,-0.001194,-0.005305,-0.006211,-0.004310,0.009055,-0.027351,-0.000795,0.004565,0.038624,0.007140,0.016590,-0.010793,0.012135,0.016469,0.013073,-0.002308,-0.066551,-0.000203,0.011010,-0.026573,-0.002884,-0.011867,0.001469,0.090726,0.018707,-0.014418,0.004040,0.013285,-0.033160,-0.001003
0.054693,0.065755,0.072749,0.014428,0.080760,0.015349,-0.001405,0.076541,0.005509,0.005670,-0.009785,-0.046024,0.045468,-0.007556,0.105499,-0.002304,0.054302,0.047842,-0.007799,-0.016557,-0.073197,0.048667,0.013126,0.007290,-0.017103,-0.014061,-0.028381,0.088653,-0.001965,-0.022061,0.064197,-0.031801,0.008775,0.023792,0.009165,-0.006784,0.011938,0.019768,-0.001828,-0.062107,-0.122187,0.019604,-0.035792,0.009538,-0.002267,0.028675,0.027140,0.063358,0.016814,0.074433,0.104324,0.037472,0.025007,0.005280,-0.049875,-0.014876,0.026302,0.008176,-0.028087,-0.006516,0.069833,-0.023012,-0.040298,0.022126,-0.082556,0.063127,0.059061,0.022361,0.013302,0.000601,0.113320,0.032844,0.006279,0.023690,-0.074252,-0.004263,0.018951,0.027802,-0.013059,-0.004932,-0.011479,-0.030337,-0.020383,-0.011439,0.021642,0.060315,-0.003828,-0.001568,0.017314,0.023347,-0.108060,0.006283,-0.024841,0.007915,0.006149,0.004567,-0.039235,0.026564,0.043857,-0.013129,-0.027457,0.007742,-0.004363,0.006604,-0.004713,0.044296,-0.000684,-0.006245,-0.007523,-0.005836,-0.007699,0.021542,0.035743,0.047675,0.020115,0.008571,-0.029239,-0.040161,-0.003138,-0.010786,0.076171,-0.001283,0.028592,-0.007504,0.033391,0.007033,0.017788,0.004951
-0.022036,0.021120,-0.040716,0.032285,0.022688,0.024476,0.032952,-0.013761,0.016309,-0.002964,-0.012722,0.002832,-0.006123,-0.319444,0.023578,0.036741,-0.000076,-0.011476,-0.002175,-0.013986,0.039197,0.014341,-0.003808,0.027581,-0.042429,0.000160,0.009094,-0.015233,-0.026423,-0.003685,0.020123,-0.015582,-0.003260,-0.002280,-0.017350,-0.007008,-0.025888,-0.012151,0.001612,-0.018511,0.019998,-0.000936,-0.004986,-0.010482,-0.000450,-0.031692,0.003305,0.005071,0.002686,-0.014659,0.024594,0.004700,0.021815,-0.011359,-0.009154,-0.003545,0.014455,-0.015546,0.027849,0.038448,-0.006791,0.001752,0.011098,0.007603,0.001263,-0.012992,0.031346,-0.002099,-0.006254,0.001868,0.034886,0.032990,0.019781,-0.011625,0.024820,0.015513,-0.037962,0.011720,0.002762,0.017237,-0.022954,0.001691,0.000246,-0.007201,0.006865,0.019993,0.010714,0.004141,-0.008048,0.018160,-0.014627,-0.003268,0.013772,-0.002723,-0.029175,-0.002979,0.037626,0.020059,0.007153,0.021880,0.027360,0.001526,0.004414,0.002092,0.011327,-0.008026,0.019670,0.002564,-0.026360,-0.023059,0.031402,-0.001630,0.007689,-0.001007,-0.012841,0.015650,-0.005085,0.023099,0.000905,0.020061,-0.004228,-0.024531,0.018336,0.003936,0.002710,-0.205381,-0.002726,0.016254
0.007893,-0.004989,-0.016659,-0.031167,0.025230,0.012722,0.026623,0.009191,-0.006711,0.006182,-0.000437,-0.002137,0.015398,-0.267273,0.020932,0.031762,0.012982,-0.002066,0.000524,-0.020380,0.014136,0.007585,-0.005887,0.007725,-0.022922,0.003686,0.014053,-0.007143,-0.014996,0.013195,0.005612,-0.027460,0.002680,0.003493,0.023193,0.011313,0.019442,0.016651,-0.002083,0.010767,-0.010457,0.011441,-0.000379,-0.016229,-0.002069,0.016388,0.015203,-0.008271,-0.018108,0.025852,0.020669,0.007425,-0.009732,-0.011002,-0.045968,-0.002867,0.018094,0.014890,0.007334,0.020212,0.021290,-0.031297,0.009904,0.005177,-0.001994,-0.014422,0.022320,0.004130,-0.015444,-0.016015,-0.007170,0.009360,0.019754,0.009718,-0.002257,0.013073,-0.033115,0.004668,0.004576,0.033992,0.004372,0.011589,-0.011079,-0.011912,-0.009778,0.034215,0.022277,0.013316,-0.004366,0.016344,-0.011433,-0.004585,0.003411,0.002168,0.012125,0.001463,0.003513,-0.021330,-0.019575,0.006110,-0.012869,0.003403,-0.009618,0.005962,-0.005484,-0.001527,-0.004335,0.022822,-0.017072,0.002754,0.011722,-0.050239,0.006868,0.006283,0.011507,0.008892,-0.024061,0.001733,0.007401,-0.002975,0.010938,-0.007996,0.002779,-0.004220,0.001171,-0.201320,0.019946,-0.006461
0.020498,0.026709,0.053883,0.026082,0.061253,0.011768,0.017956,0.064856,-0.002935,0.005518,-0.049560,-0.032987,0.043520,0.007868,0.069769,-0.003988,0.011239,-0.009793,-0.001601,-0.023970,-0.053756,0.090113,0.010888,-0.005653,-0.002687,-0.042645,-0.019030,0.056001,0.026134,0.012508,0.021320,-0.011560,0.006492,0.009935,0.045266,0.008945,0.020667,0.024278,-0.004822,-0.040240,-0.045323,-0.000052,0.001578,0.034349,-0.005856,0.001470,0.000031,0.017420,-0.003830,-0.009755,0.020024,0.088588,-0.001787,0.009252,-0.046224,-0.016641,-0.024702,0.021898,-0.022805,0.017805,0.058062,0.008285,0.058222,0.008928,-0.062701,0.035174,0.066538,0.001874,0.006362,0.003165,-0.016961,0.005188,0.008244,0.000095,-0.024012,0.065134,0.006680,-0.048069,0.013044,-0.001039,-0.003999,0.002472,-0.007434,0.011843,-0.020352,0.046310,-0.040411,-0.044611,-0.009118,-0.011650,-0.025201,0.004305,0.024238,-0.012660,0.041880,0.021219,-0.093360,0.027622,0.037177,0.030423,-0.010564,-0.001602,0.010599,0.000163,-0.056995,-0.014175,-0.012329,-0.002918,0.036439,0.004798,0.013539,-0.008722,-0.051158,0.028361,0.010924,-0.016305,0.020204,-0.089099,-0.012470,-0.040199,0.001605,-0.006887,-0.006457,-0.000407,0.014072,-0.006417,-0.009626,-0.055415
-0.035194,0.020243,-0.030271,0.010192,0.005833,0.015253,0.001363,-0.038869,0.001480,0.002659,0.019181,0.043272,-0.023459,0.011087,0.050528,0.001615,-0.030369,0.023172,-0.009692,-0.051225,-0.004321,0.028021,0.035576,0.016792,-0.006708,-0.034004,0.002457,-0.041050,0.007727,0.010272,0.035855,-0.021821,0.007313,-0.041005,-0.010791,-0.032466,-0.081138,-0.018506,-0.019700,0.006231,0.010725,-0.022627,-0.002252,0.040966,0.023940,-0.049615,0.002793,-0.095183,0.008156,0.011082,0.124987,0.014589,-0.016940,-0.034747,0.015096,-0.006660,-0.042213,-0.004387,-0.000764,0.009203,0.063112,-0.033734,0.007824,0.050674,0.048949,-0.033261,-0.006324,-0.045687,-0.015966,0.003873,0.048891,0.018546,0.013540,0.006583,-0.030670,-0.045091,0.000498,0.005787,-0.062118,-0.000024,0.005026,-0.022029,-0.002166,-0.027205,-0.014279,0.025432,-0.005474,-0.019782,-0.009520,-0.011009,0.005695,-0.034980,0.001001,0.002661,0.046949,0.049329,0.014856,-0.012679,-0.059492,0.021684,0.062198,0.034074,-0.025665,0.006435,-0.044807,-0.020024,0.007975,-0.023223,0.004886,0.019404,0.026930,-0.038215,-0.003178,-0.053448,-0.013451,-0.041705,-0.024510,-0.027841,-0.006689,0.124183,-0.015593,0.007307,-0.008427,-0.002829,-0.006693,0.014675,0.009728,0.028304
-0.023671,0.031327,-0.014780,-0.000064,-0.012565,0.056796,0.036251,-0.026750,0.001522,-0.012724,-0.019548,0.053295,0.003596,-0.008851,0.000671,0.021571,0.002507,-0.025941,-0.029117,-0.001906,0.010979,0.013466,-0.016965,0.002173,-0.002392,0.031394,-0.003201,-0.016723,0.025762,-0.003211,0.009806,-0.045412,-0.000041,-0.010446,0.020145,-0.018712,-0.041301,0.036372,-0.007679,0.013680,-0.034586,0.009515,0.007803,0.084892,-0.027446,-0.036565,-0.017544,0.016594,-0.032655,-0.015219,0.047029,0.015179,-0.015325,-0.018492,0.031980,0.002383,0.004538,0.040464,0.052134,0.001033,0.056286,-0.010933,0.004444,0.007498,-0.000240,-0.015836,0.032095,0.015595,0.007131,0.003804,0.027412,-0.034324,0.021244,0.015433,-0.010354,-0.011197,0.007313,0.000501,-0.005735,-0.009310,0.011072,-0.266865,0.010354,0.005855,0.028750,0.019294,-0.305805,-0.270275,-0.010676,0.009607,0.029208,0.006560,-0.185148,-0.004819,0.041271,0.020797,-0.031472,0.029996,0.010898,0.030545,0.052243,0.022963,-0.000350,0.003555,0.031485,-0.045128,-0.013681,0.021598,-0.010577,-0.000776,-0.002651,-0.016572,-0.030542,0.025045,-0.024136,-0.011059,-0.003985,-0.111072,0.001059,0.014945,0.025268,-0.014767,0.048490,-0.012192,0.004476,0.003503,0.011247,0.031309
-0.026817,0.018014,-0.028674,0.005582,-0.012916,-0.056976,0.002275,-0.003912,-0.003585,0.004526,0.020671,0.080452,-0.007093,0.014055,-0.126436,0.017827,0.002544,0.048583,0.000326,-0.001028,0.030300,-0.002576,0.126520,-0.007798,-0.007808,-0.008111,0.018200,-0.005093,-0.049389,-0.002532,0.067213,0.045761,0.005062,-0.021648,0.027950,-0.018836,0.008201,-0.020932,-0.060275,0.048341,0.077755,-0.006247,0.005107,0.016758,0.010363,-0.006738,0.001715,0.043714,0.036210,-0.019209,0.032195,0.017684,0.033722,0.018892,0.011875,-0.003654,-0.029090,0.011797,-0.037248,-0.005081,-0.099765,0.034833,-0.025471,-0.028171,0.033282,-0.072358,-0.020718,0.042078,-0.011409,-0.023874,-0.016520,0.048206,0.020981,-0.042309,-0.032964,-0.003704,-0.002381,0.031612,0.060424,-0.001951,-0.025049,-0.006203,0.002193,-0.002528,-0.014212,-0.022974,0.041451,-0.006943,0.004056,-0.030336,-0.038065,0.027651,-0.016277,0.013290,-0.002014,0.005562,0.036679,0.002543,0.038134,-0.007006,0.014906,0.023890,0.021546,0.007532,-0.107446,0.027814,-0.005085,0.036849,-0.019103,-0.030176,0.007289,-0.007431,-0.033582,-0.040085,-0.019992,0.036910,-0.003396,0.025324,0.000104,0.070622,-0.013522,0.007824,-0.008997,0.009978,-0.012147,-0.004445,-0.048233,-0.029110
-0.001215,-0.013020,-0.116353,0.081207,-0.002265,0.009955,0.235609,0.036077,0.033281,0.020680,0.000426,-0.000075,0.026205,0.044830,-0.016676,-0.143120,-0.000773,-0.015540,0.012400,-0.027477,0.001702,0.064397,-0.013659,0.214535,-0.233458,0.009938,0.006382,-0.103100,0.005722,-0.001052,-0.004921,-0.009166,0.024517,0.007464,0.132183,0.002268,0.003520,0.007165,-0.031037,0.099880,0.136666,0.018932,0.006947,-0.013056,-0.009131,-0.052687,0.017820,-0.018284,0.013460,0.021367,0.026630,0.004315,0.012486,0.020244,0.035781,-0.043552,-0.001480,0.022921,0.021526,0.314006,0.000684,0.011387,-0.075551,-0.015546,0.016885,-0.003976,-0.005034,0.024837,0.013280,-0.009105,0.013873,-0.130307,-0.140131,-0.003239,0.104079,0.014179,-0.009373,0.001045,-0.002156,0.303415,-0.012898,0.008445,-0.183532,-0.001768,-0.054181,-0.003315,0.003050,0.007068,-0.061967,-0.037055,0.024940,0.037265,0.028731,-0.090719,0.043596,0.003905,0.018920,0.023262,-0.009411,-0.000030,0.031206,0.016138,0.005623,0.076238,0.024250,0.009879,-0.011411,0.000139,-0.047054,-0.041460,-0.059902,-0.012559,0.000017,0.015647,0.185339,0.002060,0.011772,0.044187,0.218794,-0.006175,-0.027795,-0.160612,-0.032610,0.004399,0.005208,0.017392,0.006633,0.005608
-0.154841,0.013585,-0.102200,-0.025295,0.059941,-0.019056,0.005239,0.030672,0.000255,0.006269,0.010471,-0.007679,0.003752,-0.050798,-0.005363,0.022140,0.015886,0.040066,0.011525,-0.062884,-0.035029,0.017198,-0.054452,0.017983,-0.018162,-0.002718,-0.029456,-0.006304,0.076889,-0.003805,0.000401,-0.017303,-0.002887,-0.057889,-0.011147,0.032172,-0.123311,0.076270,0.014547,-0.029025,-0.058619,-0.001013,-0.139280,-0.005861,0.003940,-0.092401,0.025290,0.026188,-0.024210,0.023052,-0.006654,0.026862,-0.010977,-0.011318,-0.147846,-0.027554,-0.008232,0.011146,0.024814,-0.016816,-0.132534,0.020487,-0.027620,0.014668,-0.017892,-0.051422,0.007404,-0.020329,-0.059661,0.002936,0.005489,0.077714,-0.032769,-0.000535,-0.050562,-0.016468,0.060747,0.008710,-0.023480,-0.026601,-0.002586,0.015452,-0.017791,0.016641,-0.074527,-0.049888,0.029644,0.023023,-0.035101,-0.001086,0.009376,-0.060732,-0.017267,0.010397,0.026830,0.028885,-0.086640,0.018101,0.024954,0.024715,0.157838,0.113573,-0.011315,0.024170,-0.046271,-0.044043,-0.016945,-0.014530,-0.007296,0.016787,0.013272,0.001707,0.006268,0.005506,-0.015116,-0.048256,0.120287,-0.093399,0.015807,-0.021092,0.064451,0.014279,0.037763,0.004174,-0.012946,-0.029484,-0.098666,-0.162433
-0.019848,-0.027659,-0.060877,0.006356,0.118960,-0.037043,-0.035337,-0.069658,-0.013753,-0.031133,-0.015880,0.014624,-0.012867,-0.001985,-0.034657,0.001791,0.061309,-0.154961,0.097883,-0.103375,-0.003512,-0.012228,0.011243,0.004193,0.024033,0.024280,-0.012194,0.004653,-0.001866,-0.004540,0.034621,-0.245917,-0.010726,0.027475,-0.024261,0.141402,0.022873,0.013390,0.015614,-0.065297,-0.036304,0.064075,-0.021920,0.006900,0.001175,-0.062884,0.213570,-0.009106,0.025637,0.240285,0.007491,-0.037470,-0.023631,0.102902,0.218173,-0.010876,0.050350,-0.021100,0.016263,0.036920,-0.060183,0.001254,-0.041409,-0.010972,-0.012789,-0.006598,0.152027,-0.010821,-0.012194,-0.043986,0.005248,-0.027382,-0.001222,-0.019555,0.001866,-0.057157,-0.014539,0.001791,-0.002778,-0.019208,-0.040997,-0.026409,0.007409,0.037721,-0.013246,-0.031829,-0.054287,-0.004179,0.029015,-0.036853,0.025869,0.027560,-0.050511,0.011687,0.008043,0.010422,-0.020191,-0.022623,0.012357,-0.013057,0.034210,0.141455,-0.020555,0.009378,0.032904,0.038120,0.011661,-0.029242,-0.005547,0.019833,-0.015563,0.039222,-0.005910,-0.033172,0.002492,-0.036670,0.020106,-0.028182,0.006669,-0.110757,-0.102337,0.027967,0.071515,0.008892,0.092918,0.014671,-0.074959,-0.016609
-0.004096,0.008782,0.027522,0.019074,-0.001210,-0.020719,0.157991,-0.049507,0.011660,0.008991,0.019376,0.015529,-0.024159,0.011749,0.000354,-0.081629,-0.003462,-0.001865,0.003509,0.002714,0.001998,0.040104,0.007594,0.093409,0.108443,0.001523,-0.002382,0.033359,0.002499,0.003915,-0.001301,0.017448,0.019155,0.002015,0.031061,-0.007474,-0.000979,0.018167,-0.013947,-0.048989,-0.069792,0.000656,-0.001109,0.008376,-0.035975,0.016407,-0.002652,0.012350,0.003967,-0.003566,-0.005446,-0.004422,0.005570,0.002435,-0.011552,-0.026337,0.002925,-0.021680,-0.007251,0.012040,0.006883,-0.008191,0.054470,0.020056,0.009572,0.032263,-0.000910,0.007623,0.005415,-0.012941,0.000931,0.007505,-0.133259,0.029285,-0.063732,0.011127,0.012981,0.017249,0.006256,-0.044977,-0.010579,0.001090,-0.105647,0.010847,0.031477,-0.014646,-0.000275,0.004012,-0.025141,0.021154,0.026201,0.009425,-0.010125,0.135621,-0.027983,-0.001367,-0.002449,-0.024641,0.003126,0.008823,-0.009377,-0.011545,0.015474,0.053075,0.001789,-0.010345,0.142977,0.009603,-0.107769,-0.017297,0.425668,0.021205,0.002223,-0.000087,0.370942,0.014038,0.012843,-0.008741,-0.023735,-0.010450,0.004780,0.169880,0.009375,0.061055,0.007571,0.016432,0.006478,-0.006540
-0.004141,0.016442,0.021116,0.008163,0.004779,-0.058131,0.015426,-0.000749,0.009092,0.013513,0.032960,0.028364,0.058867,-0.006740,-0.041803,-0.021103,0.007523,-0.001344,0.001489,-0.014768,-0.003379,0.096766,0.032098,-0.008357,-0.020764,-0.003015,0.003634,0.033546,0.028754,-0.040177,-0.026364,0.045822,0.005337,0.036670,0.019212,0.009700,0.055709,-0.023738,-0.014146,-0.010740,0.034163,0.031235,-0.008510,0.005688,0.016210,0.013696,0.005760,0.057526,-0.004674,0.006316,-0.240720,-0.008515,-0.017670,0.032208,-0.024203,-0.025348,-0.011169,0.023205,-0.032675,0.026050,-0.013189,-0.007451,0.023603,0.005365,-0.012040,0.027016,0.002786,0.023335,0.010461,0.005035,-0.081598,0.022555,0.015704,0.026455,0.021738,0.003707,-0.017572,-0.031329,-0.030320,-0.002018,0.002684,0.002726,-0.009120,0.040513,0.004065,-0.004112,0.036368,0.018118,-0.024888,-0.017827,0.025308,-0.012275,-0.022544,0.012781,-0.016143,-0.005028,-0.017196,-0.012266,0.079524,-0.001247,-0.016429,0.001358,0.010606,-0.001080,-0.000448,0.010906,-0.000687,0.008523,-0.004031,0.003904,0.012936,-0.010350,-0.083360,-0.042697,-0.003294,0.020267,-0.008947,-0.024296,0.000452,-0.012312,-0.030433,0.011636,0.045152,-0.000467,0.003708,0.000199,-0.011400,-0.006748
0.045608,0.074802,-0.015231,-0.011478,0.013336,-0.001377,0.006243,-0.028384,-0.013651,-0.006609,0.044064,0.029048,0.004789,0.033841,0.018066,0.005051,0.026336,0.014321,0.000200,0.018201,0.039137,-0.013550,0.051723,0.014811,-0.000156,0.014575,0.005364,-0.021537,0.057935,0.074279,0.018881,0.003876,-0.005244,0.004813,0.009320,0.004531,0.055639,-0.063495,0.018349,0.002580,-0.006597,0.032770,0.137684,0.037918,0.035996,0.008347,-0.004107,0.022680,0.052647,0.017677,0.041183,-0.007627,-0.018684,0.007858,0.007019,-0.000688,-0.015401,-0.012783,0.007033,0.006176,0.082904,-0.032441,0.024793,0.003407,0.049907,0.088056,-0.036250,0.021477,0.073520,0.002312,0.007800,0.010126,0.018545,0.054542,0.023372,0.020997,-0.001847,0.034947,0.024114,-0.002768,-0.001930,-0.010221,-0.016161,0.055533,-0.025636,0.021828,0.007644,-0.024225,-0.019913,0.017697,0.032203,0.014440,-0.015529,-0.009473,-0.014476,-0.004013,-0.020585,0.010382,0.008865,0.028996,-0.013062,0.029055,-0.028525,0.010727,-0.085825,0.063694,-0.004988,0.008370,0.023032,0.004813,0.013163,-0.058461,-0.025655,-0.098567,-0.011491,-0.006965,-0.042215,-0.006234,-0.017766,0.081927,-0.024876,0.012276,-0.035242,0.004941,-0.003132,0.009391,-0.002353,0.017821
0.013570,-0.081504,0.015963,0.026088,-0.000592,0.046782,0.018854,0.000527,0.008314,0.005001,-0.002971,0.060344,-0.088484,-0.000728,-0.039496,-0.015782,0.070881,0.038155,-0.002384,0.008234,-0.014887,0.021157,0.065206,-0.022707,0.009924,0.033127,0.001033,0.028575,0.023617,0.001941,0.026686,-0.016520,-0.009397,-0.013318,0.007713,-0.000623,0.001412,0.180264,-0.013985,0.056018,0.045246,0.004943,0.005506,0.017472,0.014733,0.003280,0.016270,0.050478,0.022358,0.002593,0.013380,0.172546,0.020497,0.017486,0.101177,0.013504,-0.008640,-0.082011,-0.035007,-0.000689,0.155212,0.113678,-0.051090,0.015861,0.020104,-0.007013,0.021948,0.011147,0.003958,0.019705,0.011899,0.025008,0.024486,0.005323,0.030343,0.120718,0.023273,0.005790,-0.052476,-0.002230,0.025342,0.139772,0.009534,0.013527,-0.043166,0.268178,0.102356,0.082081,-0.012280,-0.000175,-0.063914,-0.007943,0.161602,-0.004298,-0.035731,-0.009357,0.022380,-0.076983,0.039105,0.015378,0.024172,-0.006108,0.024144,0.005888,0.039191,0.006550,0.020408,0.022684,-0.051748,-0.005265,0.025776,0.068298,0.034185,0.195459,-0.016058,0.022768,0.003291,0.011309,0.003415,0.039413,0.010494,-0.009717,-0.016673,0.042624,0.015830,-0.000387,-0.010131,-0.007709
-0.000311,0.041605,-0.030385,-0.026265,-0.018936,0.022835,0.014183,-0.023338,-0.013984,-0.004108,-0.068599,-0.175664,-0.009047,-0.026715,0.004033,0.024516,-0.045371,-0.035091,0.018986,-0.032416,0.005259,0.051172,-0.037737,0.018441,-0.018911,-0.004302,0.025726,-0.037444,-0.021347,-0.020529,0.011719,0.008339,0.008872,0.009946,-0.010262,0.025649,0.000983,-0.030556,0.001627,-0.014075,0.088158,0.022346,-0.036131,-0.010182,0.000815,-0.013200,0.045728,0.101945,-0.012753,0.024815,-0.065393,0.000057,0.009646,-0.002204,-0.013830,0.002685,0.010710,-0.021156,0.029947,0.025286,0.028053,0.016654,0.057327,-0.005584,-0.085413,-0.014782,0.047927,0.042498,0.012794,0.003601,-0.046295,0.009561,0.026302,0.005374,0.057912,-0.004183,-0.018529,-0.050421,0.019541,-0.004076,0.001534,0.013469,-0.001603,-0.009268,0.038048,-0.043811,-0.011590,-0.021888,-0.018253,-0.017514,0.022535,0.017188,0.094505,0.009594,-0.007043,-0.002863,0.037092,0.003416,0.074518,-0.033220,-0.012720,0.013163,0.020907,0.014030,0.044443,0.006517,0.016610,-0.017151,0.018222,0.012355,0.026181,-0.033406,-0.058756,0.006557,-0.007918,-0.009465,0.016965,-0.015303,-0.023632,-0.027434,-0.025864,-0.010148,0.062483,-0.002048,-0.004742,-0.040628,-0.000638,0.016529
0.003825,-0.008969,0.036700,0.014277,0.010392,-0.005425,-0.152470,0.062518,0.005541,0.003933,0.002276,-0.005001,0.059966,0.007624,0.003289,0.037628,0.012756,-0.024718,-0.000090,0.004074,-0.014244,-0.041949,0.005544,0.145476,-0.097284,0.008157,-0.019554,0.038270,-0.006725,-0.003092,0.003405,-0.029450,0.000104,0.000173,0.001555,0.001503,-0.006370,-0.012235,0.021843,-0.002073,-0.017636,-0.001273,-0.006015,0.007651,0.239983,0.037309,-0.000032,0.023123,-0.008025,0.010503,0.005196,-0.019389,0.009385,-0.013372,-0.004487,0.018764,-0.003585,0.060564,0.038847,-0.107271,-0.020623,0.008200,-0.071040,-0.002251,-0.003123,-0.008561,0.013144,-0.008724,-0.010940,0.018736,-0.003861,-0.000706,0.370251,-0.012800,-0.029489,-0.020996,0.099868,0.008413,-0.021467,0.302164,0.031473,0.007663,0.070931,0.003340,0.002804,-0.017916,-0.003448,0.004558,0.022261,-0.011060,0.008044,-0.010497,0.010901,0.081318,0.050046,0.011864,0.006658,0.056363,0.011202,0.003129,0.003435,-0.013595,-0.001627,-0.126783,-0.002591,-0.008042,0.482301,0.007776,0.208363,0.030762,-0.139418,-0.003850,-0.003949,0.003055,0.105890,0.001181,-0.017246,0.001742,0.034264,-0.001411,-0.014660,-0.011049,0.010372,-0.097668,-0.006279,-0.002554,0.013569,-0.018592
0.018058,0.042882,0.052573,-0.012339,0.018042,-0.007426,0.008830,0.060412,0.006165,-0.001044,0.042553,0.054131,-0.004095,-0.019656,-0.012752,-0.003729,-0.047100,0.001057,0.018285,-0.016301,-0.002287,0.026034,-0.047674,-0.023068,-0.014454,-0.021709,0.004936,-0.008083,0.029819,0.006936,0.001240,-0.044422,0.008151,0.017663,-0.000237,-0.002700,0.009760,0.025930,-0.013126,0.059205,-0.009890,0.007133,0.014174,0.025589,0.022002,0.033405,0.050231,-0.043207,-0.054394,0.072725,0.015698,-0.063880,0.020499,-0.024027,-0.000672,-0.020778,-0.020326,-0.011019,-0.033570,-0.007116,-0.076347,0.028496,-0.028677,-0.037097,-0.001649,-0.019972,0.034888,0.024512,0.014345,-0.016941,0.019907,0.029480,0.018613,0.001494,0.022332,-0.140774,-0.007001,0.034489,-0.065779,-0.014768,-0.010047,0.109937,0.014377,-0.008532,0.102770,0.027394,0.071563,0.069619,0.006471,0.053452,0.012175,0.015262,0.126135,0.007356,0.008472,0.021946,-0.051200,0.035736,-0.022781,-0.020620,0.029277,0.037933,0.009325,0.012552,0.025787,0.018785,-0.008758,-0.034859,-0.049061,0.019902,0.029170,0.029682,0.035089,-0.031386,-0.025947,-0.032720,0.003604,-0.037354,0.017293,0.066294,0.071301,-0.017045,0.033067,0.020347,-0.019166,-0.034336,-0.045054,0.048187
0.001557,-0.021110,0.003318,-0.018984,0.003487,-0.004899,0.016206,-0.025762,-0.012925,-0.016268,-0.003753,0.000752,-0.000025,0.004479,0.011578,0.014621,-0.010650,0.007137,0.004303,-0.001227,-0.001183,-0.002930,0.003485,-0.068685,-0.078641,0.004445,-0.002537,0.019575,0.002282,0.003981,-0.016851,-0.016173,-0.013348,0.006333,-0.028305,0.007125,0.009639,-0.001792,-0.010064,-0.007683,0.008991,0.004521,-0.002093,0.005974,-0.078627,-0.009505,0.011125,-0.017136,0.014088,0.009697,-0.006711,-0.007140,-0.003754,0.005029,0.003288,-0.006090,0.007040,-0.001173,-0.006017,-0.104341,-0.012873,0.017724,0.007531,-0.005611,0.024326,0.015914,0.006274,0.006468,0.002872,0.010503,-0.005566,0.247083,0.015948,0.010077,0.011468,-0.003606,0.022271,-0.001583,0.010522,-0.049135,0.014397,-0.008190,-0.076777,0.006664,-0.029936,0.004103,-0.007847,-0.007076,-0.002085,0.003608,0.027050,-0.008990,-0.007688,-0.896502,-0.013778,-0.003268,-0.009706,-0.000900,-0.017400,-0.000928,-0.007963,-0.004784,-0.006377,-0.049004,0.004412,0.006015,0.177630,-0.015810,0.020777,-0.014147,0.081133,-0.023884,0.006314,0.025801,0.180454,-0.018296,0.006053,-0.022019,-0.075634,0.000876,0.005071,0.126409,0.012010,-0.004269,0.006823,-0.000333,0.030031,-0.003237
-0.020363,0.011919,-0.069487,0.032712,0.017075,-0.017020,0.013433,-0.013814,-0.015801,-0.014643,0.018981,0.016947,0.005829,-0.032209,0.020634,0.006895,0.004942,0.003609,-0.028803,-0.023284,0.049599,0.022694,0.044689,0.009151,-0.014920,0.032080,0.041346,0.026578,-0.024292,0.031860,0.041248,0.017396,-0.020848,0.017695,0.007245,-0.018430,0.056250,0.017767,0.010626,-0.007871,0.012766,0.024682,0.078595,-0.051499,0.005730,0.021761,-0.017221,0.029783,0.045993,-0.030345,0.011456,-0.064055,0.009877,-0.005365,0.093501,0.004589,0.015161,0.013907,-0.022273,0.007884,-0.066481,0.026574,0.076971,0.034532,-0.038541,0.015628,-0.061933,0.022659,0.037740,-0.009839,0.031585,-0.020908,0.003391,0.009530,0.001766,-0.040902,-0.006914,0.042821,0.032833,-0.007416,-0.007888,0.030619,0.001661,0.052195,0.041326,0.001341,0.087692,0.072865,-0.025127,0.019055,0.002017,-0.014662,-0.002895,-0.016585,-0.035137,-0.048488,0.016484,-0.000879,0.040359,0.019972,-0.031393,0.024496,0.017399,-0.002094,0.016631,0.030562,-0.016415,0.039905,0.047826,0.034404,0.003403,0.056770,-0.011470,0.029808,0.007026,0.051867,-0.029686,0.030454,-0.006814,-0.022992,-0.020443,0.000643,0.016117,-0.005095,0.004648,0.018199,-0.036103,0.050437
0.009140,0.040897,0.044645,0.015936,0.041309,0.050268,0.002921,0.068398,-0.012733,0.000017,-0.026163,-0.001587,0.019097,-0.000941,0.091165,-0.004716,0.004784,0.007003,-0.039938,0.031122,-0.014014,0.036983,-0.060938,-0.001509,-0.003267,0.019952,-0.013005,0.053273,-0.026565,0.024582,-0.010728,-0.025651,-0.002895,-0.019014,0.031038,-0.008278,-0.041032,0.017174,0.021011,-0.020527,-0.046383,-0.018203,-0.043243,0.004043,0.010874,-0.024762,-0.062367,-0.055002,-0.026393,-0.068697,-0.056630,-0.021097,0.026701,0.020505,-0.023541,-0.012646,0.020306,0.027156,0.010025,0.025837,0.007825,0.028626,0.031719,-0.023366,0.032524,0.009181,0.017305,0.001078,0.021790,-0.029028,-0.009107,0.011263,0.004588,0.001340,0.000329,0.013080,-0.004828,-0.037898,0.036282,-0.004759,-0.007728,0.036185,-0.000296,-0.011507,0.019246,0.000167,-0.008231,-0.038769,0.002665,-0.012042,0.014378,0.043780,0.003075,0.019774,0.019151,-0.017108,-0.007833,0.018995,-0.047363,-0.016332,0.002471,-0.024150,0.011341,-0.022812,0.014476,-0.028842,-0.000558,-0.017214,0.016845,-0.006905,0.020315,-0.025770,0.027034,0.043651,-0.004134,-0.056974,0.011873,0.004700,-0.009199,-0.013493,0.033431,-0.019724,0.040876,0.009221,0.013894,0.000875,-0.007288,-0.021908
-0.004933,0.036709,-0.046552,-0.010683,-0.004449,-0.007439,0.052213,0.051078,-0.001277,0.019629,0.000577,-0.003124,0.006901,-0.035160,0.014029,-0.028058,0.012559,-0.292434,-0.003397,-0.097440,-0.033415,0.032023,-0.019777,-0.032041,0.032128,-0.029889,-0.020667,0.005306,-0.001135,0.004089,-0.029456,-0.101723,0.011948,0.001163,-0.038773,0.004496,0.041657,0.019747,0.004482,-0.020590,-0.031172,0.002238,0.007442,0.013046,-0.044017,-0.024179,0.028079,-0.034435,0.018072,0.027299,-0.009973,0.015172,0.000695,-0.003271,0.337068,-0.019059,-0.027531,0.019448,-0.013311,0.040530,-0.006796,-0.022176,-0.057167,-0.000796,0.003195,-0.000428,-0.011761,-0.014854,0.000736,0.008563,-0.040623,0.125728,-0.009892,0.008616,-0.087766,0.019489,0.035185,-0.001615,0.046832,-0.067230,0.015335,0.047451,0.015120,0.022059,-0.018288,0.022752,0.033528,0.020931,0.020051,-0.491352,0.004760,-0.019049,0.045272,0.042881,0.033965,-0.009647,0.002954,0.021463,-0.035017,-0.013142,0.061379,0.017905,-0.012540,-0.018988,-0.053988,-0.022018,0.042792,0.017135,-0.052805,0.010423,0.011028,-0.035171,-0.003772,0.005696,-0.085854,0.029554,0.000510,-0.010754,-0.057479,-0.000922,-0.416248,0.065421,0.000166,0.000285,0.002130,-0.040905,0.001873,-0.018554
0.000587,-0.045547,0.011558,0.048667,-0.014674,0.003730,-0.120030,-0.008099,0.017982,0.009579,0.000958,-0.001636,-0.007336,-0.003761,-0.034995,0.023748,0.028121,0.030999,0.005663,-0.001994,0.000186,-0.013168,0.013768,-0.050213,0.125794,0.034353,0.000241,-0.019908,0.015844,-0.007700,0.014685,0.003369,0.009189,0.002130,0.066965,0.009055,-0.008137,0.012280,-0.006505,0.018143,0.010221,0.008478,-0.002829,0.024190,-0.081960,0.014152,0.003948,-0.010181,-0.002831,0.016196,0.001863,0.004292,0.015678,0.029364,0.023779,0.023257,-0.007646,-0.009791,0.022471,-0.017202,0.005342,0.014751,-0.019001,-0.000393,0.015624,-0.003821,-0.007269,0.014755,0.002752,0.007416,0.008916,0.012026,-0.012967,0.000374,0.019960,0.001765,0.128579,-0.007704,-0.016170,-0.176823,0.002517,0.032236,-0.042524,0.007080,0.020679,0.017530,0.017142,0.014595,0.027347,0.012282,0.016030,0.001684,0.054986,0.038376,0.023351,0.009606,0.024967,0.009122,-0.011843,-0.006544,0.044973,0.027509,0.010909,0.097368,0.031264,0.007311,-0.000182,0.029013,0.060566,-0.012739,0.232476,-0.006430,0.010320,0.022177,-0.036097,0.037803,0.004650,0.043821,0.093395,0.015418,0.037131,0.068685,-0.009708,-0.847504,0.005027,-0.006778,0.023042,0.017630
-0.069736,-0.071198,0.118545,-0.019801,0.017428,0.008506,0.034921,0.025950,-0.018437,-0.021856,-0.017940,-0.014785,0.021648,0.031719,-0.185949,-0.015802,0.011181,0.023235,-0.005527,0.000130,0.018107,-0.024792,0.127089,-0.002396,0.006442,0.001602,-0.024656,0.082002,-0.030689,0.017309,-0.001893,-0.088291,-0.030373,-0.014338,-0.025965,-0.015921,0.035916,-0.026589,0.015876,0.027017,0.047065,0.001473,0.073435,-0.045613,0.007001,0.039651,-0.014500,-0.017505,0.008780,0.008660,0.020412,-0.002875,-0.016082,-0.005653,0.050420,0.036177,-0.004774,0.013463,0.006870,-0.009880,0.073093,0.090046,-0.024975,-0.012221,0.013386,0.003709,-0.016443,-0.008078,0.001488,0.020273,0.019704,0.079780,-0.012350,0.003577,0.119004,-0.014470,0.036954,-0.022296,0.011952,-0.030533,0.000362,-0.032372,-0.015510,-0.013065,0.088498,0.023134,-0.022416,-0.046713,-0.026739,-0.002402,0.007585,-0.034730,-0.026051,0.002834,0.053054,0.007033,-0.017801,0.017969,-0.019664,-0.015798,0.037945,0.049463,-0.011986,-0.014770,0.056155,-0.016119,-0.029104,-0.040331,-0.067211,-0.010713,0.014834,-0.014069,0.002102,-0.010809,-0.022524,-0.045258,-0.104092,0.017149,-0.017388,0.060930,-0.008724,0.019207,0.016002,0.018472,-0.007611,0.017026,0.129137,0.036966
-0.232771,-0.035553,0.094103,-0.002587,-0.018311,-0.048644,0.008201,-0.012024,-0.010244,0.009390,-0.011981,-0.018163,-0.042679,0.007251,-0.056242,-0.008630,0.025285,0.049652,-0.001104,0.012492,0.009692,-0.000797,0.082779,0.000190,0.004583,-0.045988,-0.029294,0.071319,-0.015135,0.019657,-0.011106,0.036454,0.002725,0.003921,0.008748,-0.014458,0.091250,0.062805,-0.005304,0.071938,0.056077,-0.007547,0.005409,0.010130,0.021711,0.065744,-0.015435,-0.006292,0.058873,-0.001391,0.007889,0.058209,-0.022569,-0.026178,0.006926,0.009996,0.018364,0.002381,0.036144,-0.001585,0.090598,0.032128,-0.011396,-0.042316,-0.036598,-0.051691,-0.012716,-0.022627,-0.126483,-0.004316,-0.019854,0.004453,0.014903,-0.024136,0.096929,0.073021,0.035348,-0.020605,-0.026492,-0.013033,-0.015527,-0.024897,-0.003839,0.047341,-0.007313,0.069724,-0.018562,0.016263,-0.003118,-0.067275,0.008651,-0.013042,-0.017828,0.002876,0.027353,0.012351,-0.005385,-0.021652,0.014933,0.003418,0.058337,0.055608,-0.013852,0.001132,0.042314,0.034808,-0.006128,-0.050262,-0.006993,-0.011951,0.008403,-0.029090,-0.051580,0.056240,0.007381,-0.098432,0.001234,-0.018232,0.005535,0.023691,-0.078099,0.005681,-0.009734,0.006712,-0.026779,0.007562,-0.007982,-0.055746
-0.030442,-0.023684,0.025698,-0.006925,0.008170,-0.000585,0.010939,0.019245,-0.004396,0.005912,0.040380,0.007633,0.062566,0.008081,-0.025584,0.003101,-0.049593,-0.015824,0.022106,0.041407,0.063508,-0.010211,0.081480,-0.007324,0.001284,0.005019,0.017287,0.069812,0.008629,0.052967,0.013517,-0.023131,-0.004557,0.031569,-0.013839,0.000973,0.003457,-0.008600,0.006929,-0.032327,0.032109,-0.012315,0.097604,-0.083580,0.030060,-0.021130,-0.014405,0.023167,0.020191,0.008333,0.014772,-0.023793,0.023679,0.032057,0.057415,-0.005083,0.000501,0.027815,0.004791,0.015377,0.028223,-0.040558,0.048798,0.001344,0.001308,-0.018761,0.021856,0.013928,0.018012,-0.022978,0.028584,-0.004339,-0.009951,-0.003452,0.093274,-0.017630,0.003193,-0.011742,0.032156,-0.010697,-0.025894,0.043023,-0.003784,0.012943,0.086965,-0.029839,0.007298,0.004548,-0.027359,0.009430,-0.003247,0.066360,0.009958,0.003710,0.073397,-0.002157,0.013890,0.033934,0.030544,0.003686,0.075750,0.057090,0.028044,0.000726,0.034777,0.067340,-0.036639,-0.031042,0.047295,-0.017389,0.009706,0.005855,0.012348,0.044706,0.008032,-0.071779,-0.030448,0.002879,-0.017128,0.048120,-0.030793,-0.010408,-0.112743,0.036102,0.015234,0.005456,0.003326,0.039593
0.090374,0.042047,-0.072540,-0.008610,0.002945,-0.025017,0.006725,-0.036473,0.001131,0.010746,0.015103,0.057755,0.009147,0.018624,0.183756,0.002178,0.014932,-0.023033,-0.004936,-0.012078,0.008188,-0.033427,0.117732,0.024988,0.018461,0.000540,0.037667,-0.169071,-0.019067,-0.017497,0.033658,-0.001846,0.008450,-0.014000,0.008094,-0.020924,0.019667,0.059549,0.006136,0.053773,0.093775,-0.025314,-0.030088,-0.203522,0.018021,0.010721,-0.027269,-0.059950,-0.007494,-0.003781,0.012608,0.008897,-0.025642,-0.038198,0.020187,-0.010404,0.035939,-0.024573,-0.019481,0.001919,-0.022652,-0.036353,0.035673,0.012257,0.015134,-0.041739,0.015183,-0.054248,0.003834,-0.014096,0.018582,0.037861,0.016148,-0.015285,0.026647,0.017988,-0.015410,-0.010272,-0.036406,0.012528,-0.007296,-0.039942,-0.026520,-0.041194,0.030835,0.044375,-0.011107,-0.014577,-0.002970,-0.003172,0.007472,-0.001259,-0.035991,-0.010524,-0.021314,-0.009717,0.025666,-0.022077,0.003468,-0.016622,0.005679,-0.015991,-0.057851,-0.007114,-0.150952,0.022367,0.001085,-0.095581,0.004899,-0.004966,0.031948,-0.054415,-0.026531,-0.013826,-0.021784,-0.055914,0.032074,0.120463,-0.028506,0.008778,-0.023146,-0.005227,-0.106067,0.000531,-0.007546,-0.021285,-0.009605,0.038437
0.060966,-0.029104,0.030385,-0.003267,0.056911,-0.011173,-0.012501,-0.036634,-0.024058,-0.028891,-0.037130,-0.058844,0.025708,0.013335,0.022777,-0.009651,-0.104366,0.011654,0.013595,0.001453,0.014290,-0.009023,-0.040338,-0.011910,-0.008770,0.018722,0.023610,-0.049850,0.031713,-0.007731,-0.099610,0.000187,-0.038256,0.098241,0.014405,0.030577,-0.035071,-0.038283,0.027203,0.013125,0.059709,0.068301,0.043606,0.012337,-0.019584,-0.009268,0.071487,0.022079,0.009836,0.011589,-0.018293,0.000449,-0.018170,-0.008814,0.001704,0.021976,-0.028706,0.035435,-0.015530,0.010278,0.029437,0.018506,-0.004815,0.014293,-0.010765,0.052702,0.002481,0.040406,0.030831,-0.006005,0.010630,0.029641,0.003248,0.058951,0.031022,0.049627,0.012486,0.003274,-0.005171,-0.035492,0.014226,-0.002555,0.008150,0.004133,0.101085,-0.006308,0.022559,0.019903,0.034408,0.019639,0.001932,0.007382,0.010124,0.019906,-0.043274,0.002813,0.006979,0.003649,-0.000374,-0.015136,-0.056380,-0.022748,-0.008498,0.004091,-0.023075,-0.013217,-0.001502,-0.004151,0.004213,0.035815,0.026286,-0.052728,0.023580,0.025027,-0.017184,0.002203,-0.006518,0.014509,0.002321,0.108879,0.008304,0.002024,0.018027,0.039869,0.007189,0.005613,0.041887,0.055484
-0.012968,-0.032888,0.026046,-0.041292,-0.010983,-0.001531,0.042588,0.013578,-0.011963,-0.020825,0.027118,0.040339,0.007751,0.025305,-0.027308,0.080104,-0.024861,-0.017050,0.007409,0.038475,0.002391,-0.043649,0.041887,0.205710,0.165069,0.008416,0.015693,0.006701,0.000835,0.004926,-0.003531,-0.006896,-0.003885,-0.000066,-0.062246,0.003024,0.002811,0.027529,0.060796,0.008489,0.003294,0.011631,-0.016665,0.004818,0.004585,-0.000556,0.005341,-0.012235,-0.001646,0.012631,-0.001855,0.014427,0.003424,0.000514,0.028354,0.068818,0.009596,-0.000315,-0.002343,-0.056724,0.010187,0.036720,0.052828,0.006080,0.009035,0.023349,0.004003,0.002631,0.027151,0.049290,0.023277,-0.094385,0.448854,0.019866,0.010471,0.026362,-0.113362,0.009126,0.017147,0.007367,0.030557,0.015026,0.209530,0.011755,0.008653,0.008422,0.018072,0.015106,0.059363,-0.022234,0.014577,0.006555,0.013740,-0.171563,-0.003757,-0.001784,-0.002597,-0.004826,-0.011472,0.009789,-0.004387,0.015054,0.010062,-0.004261,0.023140,0.004541,-0.000917,0.004126,-0.026933,0.053137,-0.178141,0.014247,0.010004,0.025358,-0.144772,0.009452,0.023306,-0.008947,0.147287,-0.009513,-0.026347,-0.119376,0.000677,-0.067711,0.000066,0.026906,0.031115,0.005134
-0.059977,0.045494,-0.004879,-0.003853,-0.260438,-0.000757,-0.006606,0.011285,-0.002159,0.001272,-0.030965,-0.011576,-0.000516,0.012617,0.011120,-0.000109,-0.034363,0.047783,-0.000876,-0.017828,0.029743,0.036289,-0.145075,0.001516,-0.010707,0.030790,0.015144,0.004883,-0.002184,-0.001274,-0.021973,-0.024011,0.000104,-0.031146,-0.001549,0.004015,-0.017057,-0.062946,0.008532,0.023508,-0.048097,-0.006460,-0.029776,0.002727,0.001972,-0.008449,-0.018682,-0.011090,-0.059631,-0.007092,-0.105441,-0.018879,-0.023309,0.003907,-0.007747,0.009999,0.035258,0.018738,0.053341,0.014868,-0.036210,-0.027976,-0.033124,0.013204,-0.044164,-0.032660,-0.016767,-0.025978,-0.007507,0.060303,-0.069758,0.036529,0.002004,-0.043388,-0.003408,0.056347,0.013175,-0.023798,-0.021077,-0.002087,0.040870,0.007583,-0.008640,-0.012514,-0.032294,-0.038666,-0.008941,0.041595,0.020224,-0.095195,0.011708,0.109207,0.028259,-0.000556,-0.000192,-0.010508,0.035484,0.017222,0.022335,0.001598,0.032485,0.053345,0.009344,-0.006323,0.031527,-0.010193,0.013901,-0.027518,-0.031152,0.003507,0.020738,-0.005385,-0.038845,0.059041,-0.021229,-0.071996,-0.020694,-0.018013,-0.000292,-0.029789,0.008049,-0.016655,0.015496,-0.001503,0.012453,0.028089,0.028760,0.022919
-0.018593,0.002399,0.008041,0.002220,0.013094,0.015232,0.014079,0.006190,0.579706,0.606611,0.003061,-0.012502,-0.024695,0.007146,-0.009919,-0.010200,0.010548,-0.001893,0.002549,-0.026027,0.021009,-0.003257,-0.021081,0.004252,0.008997,0.007967,0.015047,-0.003309,0.003519,-0.009919,-0.000097,0.003849,0.512205,0.008945,0.018159,0.001505,-0.001252,-0.022423,-0.004516,-0.000407,-0.012074,0.003867,0.022239,-0.001142,0.000224,-0.000191,0.010854,-0.006533,0.000125,0.001964,-0.004387,-0.003928,-0.002598,-0.018204,-0.000616,-0.023390,-0.013460,-0.019735,-0.011695,0.020669,0.008891,-0.013704,0.033666,0.005723,0.000657,-0.012242,0.003098,0.004283,0.009060,-0.011894,0.000251,0.033864,0.028150,-0.009760,0.000283,0.005520,0.017118,0.005980,0.009697,-0.001707,-0.012501,-0.004988,0.021600,0.012072,-0.000115,-0.017917,0.007906,0.014342,0.007690,0.012157,-0.009712,-0.009759,-0.008897,-0.049668,-0.012904,0.003640,-0.006626,-0.027819,-0.009797,-0.019129,-0.002491,0.012702,-0.009868,0.016453,0.000685,0.003137,-0.001250,0.004330,0.027288,-0.000439,-0.003117,0.009669,0.015242,-0.022430,-0.061199,0.007024,-0.007796,-0.010427,0.009783,0.009984,0.011278,-0.027869,0.012105,0.012067,-0.015858,0.008754,-0.005383,0.017908
0.010550,-0.077383,0.015604,0.004468,0.022322,0.009932,0.005332,-0.047266,0.004938,0.000641,0.052972,0.093197,0.021023,0.002834,0.023626,0.037468,-0.032045,0.042175,-0.044676,-0.010506,-0.001983,0.000807,0.033698,-0.002886,-0.004688,-0.024249,-0.014287,-0.035451,0.019836,0.017857,-0.038947,-0.032779,0.003110,0.027863,0.002533,-0.028474,0.025426,0.018534,0.033513,-0.009846,-0.017549,-0.035270,0.001761,0.014096,0.010934,0.035705,-0.038872,-0.213548,0.030008,-0.085128,0.035720,-0.057711,0.004545,0.008735,0.053127,-0.008673,-0.009918,0.018226,-0.016769,0.010437,-0.071373,0.040281,0.017799,0.016326,0.069924,0.037134,-0.072356,0.002969,-0.002871,0.014938,0.031116,-0.002355,0.004071,0.048554,0.119295,-0.040568,-0.005415,-0.025242,-0.004070,0.002137,-0.007344,-0.015626,-0.018418,0.032999,-0.043094,-0.047005,0.028512,0.034833,-0.012028,0.007886,0.064509,0.024980,-0.037009,0.035379,-0.016473,-0.063854,-0.019889,-0.006492,-0.255761,-0.015241,-0.090054,-0.065593,-0.025481,-0.002764,0.077631,-0.014989,0.021349,-0.016100,0.010888,0.045013,0.014210,0.039431,0.073334,-0.014328,0.013227,0.004164,-0.012910,-0.024394,-0.016135,0.006572,-0.018744,-0.018171,0.019675,0.009634,0.051204,0.016364,0.002175,-0.002899
-0.009409,0.016883,-0.106852,-0.005312,-0.001342,-0.012557,0.047258,0.066663,-0.000702,0.009485,0.006146,-0.008727,0.013343,-0.020854,0.035525,-0.018915,0.009664,-0.003390,0.012158,0.093723,0.033693,-0.008319,-0.005433,0.369949,0.337846,-0.010926,0.023930,-0.088691,-0.010656,-0.015570,0.005386,-0.023752,0.003100,-0.001819,-0.022117,-0.000403,-0.011320,0.007267,-0.025416,0.084012,0.099494,-0.001955,-0.011755,0.005504,0.203467,-0.073978,0.005262,0.013150,-0.014379,-0.002275,-0.013975,-0.027940,-0.001381,-0.016306,-0.019188,0.049960,0.002633,0.001707,0.012035,-0.093627,-0.018205,-0.021424,-0.074193,-0.021403,-0.010616,-0.044694,0.007377,-0.008370,-0.025361,-0.014156,-0.009306,-0.110269,0.071705,-0.021578,0.081580,-0.014639,0.131150,-0.000776,-0.013616,0.004259,-0.003719,-0.002181,0.197398,-0.008489,-0.001428,-0.016130,-0.015754,-0.005612,0.053258,0.012376,-0.019302,-0.009316,-0.004255,-0.107075,0.004767,0.015586,0.010767,0.009105,0.006081,-0.001585,0.010409,0.017790,-0.003676,0.047866,0.026224,0.002397,-0.213479,-0.001195,-0.112368,-0.031072,0.119551,0.033449,0.005867,-0.034665,0.057822,-0.006559,0.001894,-0.010799,-0.372595,-0.001178,0.005259,-0.034418,-0.001250,-0.040130,-0.011913,-0.018676,-0.048567,-0.015046
-0.015620,-0.017773,0.018677,0.002106,-0.002622,0.058877,0.005818,-0.000380,-0.014683,-0.012216,-0.053657,-0.001451,0.030174,0.000210,-0.035868,0.004876,-0.014984,-0.023920,0.000668,0.016219,0.034215,0.003642,-0.093931,0.010130,0.012930,0.000947,0.018377,-0.018792,0.033877,0.004777,-0.132156,-0.021095,0.003049,0.000601,-0.016182,-0.031974,0.007958,0.002732,0.038657,-0.015696,-0.022369,0.021876,-0.018701,0.050915,0.002125,0.002437,0.015080,-0.051452,-0.007533,-0.030030,0.082109,0.009108,0.020367,0.001532,0.038200,-0.023633,-0.015966,0.025817,0.028138,0.003552,0.036129,-0.049245,0.041033,0.021036,0.076967,0.007222,-0.036456,-0.052646,-0.083010,0.003524,-0.016359,-0.042787,0.021155,0.000465,0.017129,-0.000801,0.006990,-0.074292,-0.015941,0.007904,0.011193,0.063254,-0.014066,-0.000919,-0.014680,0.050469,-0.019785,-0.057085,-0.003556,0.008484,-0.001985,0.000891,0.041953,0.005434,0.020120,0.116062,-0.028059,0.043150,-0.054724,0.076047,-0.021317,0.005043,0.012664,-0.011859,0.028935,0.005045,-0.010926,0.021062,0.007897,0.012420,0.025683,-0.007628,0.123444,-0.060530,-0.003331,0.009454,0.033961,-0.054979,-0.010739,0.026202,0.009246,-0.013827,0.022829,-0.001610,-0.019997,-0.019028,0.023778,-0.074227
0.021553,0.140450,0.001678,-0.016007,0.010912,0.081372,0.016176,0.048530,0.009725,-0.003246,0.087527,0.012652,0.009289,-0.021880,0.077262,0.004133,0.022192,0.021674,-0.010793,0.031592,0.029405,0.030859,-0.211647,0.010626,-0.000958,0.035995,0.016762,0.067135,0.010023,0.008198,0.044893,0.001397,0.000533,-0.005723,0.006307,0.021793,0.011937,0.018437,-0.021147,0.033706,-0.006569,0.005879,0.015324,0.038498,0.019911,-0.007895,0.003512,0.239463,0.013303,0.009004,0.023873,0.019464,-0.003935,0.027162,0.037962,0.021057,-0.018291,-0.004030,0.018077,-0.000837,0.020323,0.018024,0.056728,0.019421,-0.214644,0.019806,0.084226,-0.006930,0.020514,0.037455,0.053786,-0.025224,0.003154,0.038157,0.087167,-0.078241,-0.010591,-0.001719,-0.011627,-0.021466,0.026473,-0.005536,-0.018411,0.018389,-0.024681,0.052120,-0.002329,-0.004164,0.007156,-0.015886,-0.263735,-0.018696,0.010139,0.010382,0.019493,-0.005866,0.018592,0.007520,0.236948,-0.051043,-0.004895,-0.025725,0.016517,-0.015423,0.030950,0.012615,0.041860,-0.006503,0.022573,-0.024916,0.040255,0.240804,0.143169,0.017429,0.010301,-0.016965,0.000311,0.003508,-0.028372,0.031862,0.009377,-0.013397,0.078313,-0.009743,0.020874,0.022808,-0.005846,0.024306
0.056662,-0.043156,0.020958,0.005185,-0.018888,0.029391,-0.012608,0.005934,-0.001294,-0.004720,0.068392,0.035543,0.050161,-0.022376,0.001841,0.004293,-0.519397,0.001931,0.030601,0.062876,0.031708,0.038508,0.031932,0.003662,-0.013989,-0.001385,0.041441,0.030274,0.007415,-0.010140,-0.014852,0.025237,0.003394,-0.003333,-0.027059,0.000321,0.018116,-0.004017,0.000278,-0.028182,-0.033272,-0.012303,-0.002484,-0.020885,0.040700,0.018316,-0.006628,-0.028340,-0.008921,0.016094,0.020171,0.083704,-0.032889,0.001205,0.001325,-0.026676,-0.007201,0.068457,0.086168,-0.020853,0.046499,-0.006649,-0.031596,0.009748,0.001628,0.028633,0.003947,0.021339,0.031638,-0.030534,-0.001074,0.032526,0.007987,0.021631,0.027394,0.105405,0.002029,0.002193,0.016525,-0.012928,-0.034230,-0.010432,0.029819,0.001402,0.239796,0.057607,0.001743,0.003357,-0.017460,-0.004473,0.014975,-0.005532,0.010621,0.023679,0.039962,0.012270,0.024793,0.097278,0.015069,-0.003475,-0.052641,0.004566,-0.032446,0.013146,-0.010070,0.012826,0.004644,0.027087,-0.010962,-0.002178,0.039441,0.026628,0.022791,0.263254,0.009277,0.018119,0.012148,-0.011024,-0.028865,0.062430,-0.012654,-0.014780,-0.003161,0.035525,-0.012303,-0.015470,-0.002385,0.012912
-0.048992,0.080386,0.001747,0.028604,-0.005622,0.073645,0.000621,-0.019065,-0.020454,-0.017692,0.004654,0.031912,-0.014798,0.012866,0.014171,-0.008069,0.087371,0.015579,0.014623,-0.012226,0.031101,0.005291,0.058398,-0.008154,-0.014458,0.044214,-0.011820,-0.028033,0.007067,0.045518,0.090900,0.007061,-0.026130,0.025936,-0.021585,0.000093,0.003255,0.019173,0.032495,0.004221,-0.034802,-0.004841,0.026041,-0.012146,0.018938,-0.002085,0.013795,0.002158,0.008710,-0.032275,0.071641,0.131656,0.003849,0.003174,0.022556,0.011617,0.019095,-0.028644,-0.055536,0.007971,0.132726,-0.047140,0.009970,0.003382,0.052324,0.013425,-0.038906,-0.034261,-0.029773,0.000491,-0.001396,-0.037682,0.013618,0.029255,-0.016247,0.007342,0.012756,-0.010758,-0.007483,0.002906,-0.008844,-0.040535,0.003896,0.009565,0.040375,0.119952,-0.008619,-0.036105,0.004882,0.041953,-0.040471,-0.005900,-0.037792,-0.014251,-0.005450,0.138162,0.028423,-0.049931,-0.030412,0.096891,0.025040,-0.029753,0.014725,-0.005651,-0.024277,0.023650,0.025316,0.018486,0.053494,0.041550,0.000234,-0.030157,0.019568,-0.109842,-0.001496,0.032524,-0.001064,-0.017588,-0.012893,0.064346,-0.030584,-0.027267,0.001698,0.008449,0.022978,0.021194,0.050113,-0.010966
0.027394,-0.010258,-0.035868,0.016672,-0.129875,0.019610,0.008326,-0.029790,0.004321,-0.000885,0.040625,0.000769,0.011941,-0.003221,-0.017802,-0.012146,0.050838,0.001565,0.013858,0.008585,-0.029478,0.051112,0.097989,0.007455,0.001862,-0.005796,-0.004434,0.007654,0.072441,-0.011583,0.081705,0.045695,-0.004290,-0.008535,0.026385,0.035879,-0.000940,0.006605,0.010956,-0.004810,0.005811,0.032429,-0.014994,0.037356,0.016621,-0.036673,0.001732,0.024386,-0.015132,0.052567,-0.008581,-0.009401,0.006722,0.024500,0.010146,0.000723,0.021637,0.019395,-0.048616,0.025084,0.035890,0.055784,0.042599,-0.018175,0.023212,0.007134,0.007859,-0.007084,0.017884,0.001614,0.012255,-0.016141,-0.009753,0.007277,-0.012902,-0.014779,0.008155,0.028891,-0.022265,-0.005397,-0.012637,-0.024112,-0.009829,0.000915,0.014600,0.044157,-0.000263,0.010611,-0.014796,0.006253,0.002460,0.256717,-0.023754,-0.000801,0.015100,-0.001682,-0.055051,0.019921,-0.003184,0.018582,0.009946,-0.024043,0.034700,-0.009980,-0.021238,-0.008959,0.001003,0.029423,0.032893,-0.020102,0.007910,-0.006195,-0.001701,-0.034233,0.010608,0.022720,-0.030731,-0.022152,0.013832,0.001520,-0.025491,-0.017018,-0.028795,0.004680,0.016022,-0.013488,-0.019570,0.015551
0.006621,0.030118,-0.226644,0.057197,-0.002600,-0.048542,-0.004987,0.055303,-0.017000,-0.027329,0.007615,0.078359,-0.058163,-0.062592,0.023829,-0.012249,-0.009777,0.088527,0.017290,-0.025550,-0.132937,-0.016710,-0.006107,0.049370,-0.001205,-0.031661,-0.098554,-0.124160,-0.016630,0.030809,-0.009722,0.060673,-0.011196,-0.004078,0.040123,0.006452,0.025276,-0.043633,-0.014628,0.127775,0.195943,0.007511,0.011629,0.211583,-0.009057,-0.099381,0.010737,-0.023713,0.079110,0.014684,-0.012238,-0.005106,-0.018711,0.009927,-0.017361,0.017524,0.013428,-0.030735,-0.020280,0.016274,0.009355,-0.034339,-0.007846,-0.067618,-0.009175,-0.031266,0.006015,-0.004384,-0.017392,-0.042383,-0.013246,0.134864,0.021269,-0.023962,0.129806,-0.071933,0.049154,-0.004734,0.000953,-0.005643,-0.057749,-0.019626,0.005703,0.005529,0.042856,-0.050125,-0.019544,0.001203,0.026668,-0.012441,0.009150,-0.008796,-0.053232,0.017535,0.011604,-0.003005,0.009542,-0.058717,-0.014742,0.001515,0.001144,0.013529,-0.017334,-0.050120,-0.004641,-0.010139,-0.003392,0.182226,0.004923,-0.018911,0.019099,0.043357,-0.011794,-0.035043,-0.023779,0.197250,-0.004058,0.042798,-0.034966,0.030248,0.039197,-0.068967,0.117249,0.012304,-0.007589,-0.008863,0.018977,-0.060700
-0.003462,0.027095,0.039579,0.010335,0.023327,-0.032249,-0.004783,-0.028331,0.018036,0.006900,0.064227,0.099429,-0.003139,0.010649,0.078955,0.010634,0.005961,0.005759,0.056035,-0.022400,0.035191,-0.007211,-0.015319,-0.000224,0.003389,-0.001083,0.049674,0.012703,0.002017,-0.010701,0.013322,0.026587,0.009467,0.025543,0.022028,0.074482,-0.044312,-0.000703,0.009608,0.067798,0.092137,0.025424,-0.001809,-0.146766,0.029400,-0.004957,0.083497,-0.011873,-0.015899,0.097936,-0.044275,-0.025183,0.070795,-0.070041,0.121600,0.030882,-0.015660,0.006280,-0.013689,0.024775,0.006349,0.023000,0.080561,-0.014407,0.011201,0.006653,0.001679,-0.037826,0.014455,0.003515,0.052584,-0.018300,0.008398,0.010935,0.091598,-0.055850,-0.025487,-0.027044,0.003486,-0.019767,-0.014862,-0.012065,-0.005829,-0.041843,-0.047221,0.000353,-0.017776,0.003394,0.008540,-0.029478,-0.040840,0.042899,-0.010727,-0.004325,0.027407,-0.018129,0.007655,0.003347,-0.030868,0.001652,-0.013940,0.037725,0.086213,-0.003426,0.052434,-0.015560,-0.003187,-0.102248,0.046496,0.003689,0.035539,0.105954,0.055794,-0.019487,0.003125,-0.090807,-0.008492,0.051368,-0.025551,0.048917,-0.022076,-0.006737,-0.091552,0.009303,-0.010008,0.015015,0.004437,0.005522
0.013172,-0.091483,0.025290,-0.016000,-0.013977,-0.090488,0.015333,-0.005411,0.015833,0.036899,-0.021556,0.038146,0.061448,0.004690,-0.015170,0.022023,-0.001628,0.010530,-0.026568,-0.004902,-0.055803,-0.003400,-0.032858,-0.022234,0.000468,-0.015281,-0.029910,-0.029359,-0.008916,-0.072693,-0.024490,0.005124,0.030240,-0.013951,0.022218,-0.031740,0.025195,0.105906,0.021574,0.019927,0.009342,0.003596,-0.020732,0.000959,0.049891,0.002329,-0.032552,0.010213,0.059352,-0.027365,-0.044243,0.209897,-0.018897,-0.016984,-0.015306,0.005273,-0.035502,0.055598,0.085820,0.023008,0.146980,0.026584,0.052508,-0.008032,-0.030394,-0.026938,-0.018501,0.064539,0.001369,-0.021522,-0.028869,-0.001805,0.018363,-0.029102,0.044879,0.217192,-0.003923,-0.037659,-0.060601,0.010743,-0.014171,-0.048227,0.014886,0.002051,0.017194,0.127349,-0.089884,-0.067985,-0.017050,-0.040990,0.027642,0.029595,-0.022125,0.001075,0.086396,-0.053809,0.009079,0.058877,0.013398,-0.029516,-0.037823,-0.036783,-0.012344,-0.016721,0.019530,-0.022056,-0.003000,-0.008551,0.012663,0.020983,0.032271,0.010705,0.002163,0.308160,-0.018050,0.002647,-0.007988,-0.015351,-0.018567,-0.090543,-0.008173,-0.017002,-0.021301,-0.012886,-0.020404,-0.010888,-0.045941,-0.027813
0.040735,0.045330,0.005484,0.003484,-0.012303,0.047084,0.014657,0.015782,-0.002103,-0.007292,-0.004201,0.026363,0.024527,0.011651,0.061486,0.010951,0.017874,-0.047727,0.041278,-0.005193,-0.039530,0.005976,0.032888,0.008462,0.002626,0.025439,-0.012714,-0.060038,-0.028837,0.041203,0.039392,0.028209,0.001820,-0.008275,0.036631,0.042779,0.065543,0.000280,0.005107,0.002952,0.019024,-0.007317,-0.049410,-0.022008,0.012660,0.014460,-0.023534,-0.020207,0.028788,-0.003491,0.070130,0.034496,-0.008946,-0.006331,-0.024487,-0.015183,0.018893,-0.001015,-0.024628,0.026766,0.017694,0.049828,0.046925,-0.014096,0.010376,0.023398,0.054085,0.012921,0.019707,0.022269,0.055413,0.023662,0.008167,0.008268,0.038987,0.091713,-0.000740,-0.001342,0.055374,-0.023387,-0.006466,0.060625,-0.008283,0.022046,-0.050264,0.016649,0.030463,0.016854,-0.013970,0.008175,-0.008817,0.056946,0.008334,-0.003536,-0.034721,0.022792,0.033224,0.015327,-0.008076,0.005790,-0.010304,-0.015916,0.002246,0.013545,-0.021724,0.016614,0.005637,0.023025,0.020510,-0.002376,0.013105,-0.007927,-0.012515,-0.020385,-0.009251,0.009537,0.028598,0.078926,-0.021322,-0.012440,-0.033051,-0.012237,-0.005228,-0.000528,0.020263,0.000830,0.002252,-0.060574
0.149574,-0.004555,0.032873,-0.007611,-0.017745,-0.027099,-0.000785,0.049073,-0.013890,-0.004200,0.022852,-0.033403,-0.048912,0.018877,-0.035156,0.036462,-0.035117,0.007766,0.023866,-0.026648,0.075487,0.049100,-0.070975,0.001111,-0.010439,0.031920,0.052167,0.024537,0.048255,0.028638,-0.008656,0.011868,0.003760,0.029555,-0.011267,0.033350,0.029056,-0.168834,-0.004831,0.032712,0.051894,0.024818,0.098177,0.006468,0.010069,0.030975,0.052700,0.013531,0.026292,0.026607,-0.010553,0.000899,0.020614,0.022835,-0.083366,-0.014306,-0.009689,-0.004195,0.023264,-0.011726,0.017181,-0.051146,-0.085968,-0.012243,-0.008432,-0.003958,0.004430,0.021023,0.078997,0.005194,-0.013011,0.076464,-0.002065,-0.037164,0.002038,0.065880,0.033357,-0.000210,0.006250,-0.023497,0.021667,-0.064646,0.012474,-0.020874,0.116728,0.021006,-0.042214,-0.013478,-0.032293,0.075289,0.006539,0.024393,-0.018218,0.035067,0.005952,-0.016479,0.020022,0.021939,-0.003484,-0.005735,-0.117901,-0.058336,0.000688,0.011944,-0.026810,0.035038,-0.016826,-0.040991,-0.078854,0.045381,0.008023,0.017726,0.031759,0.031320,-0.035968,-0.003047,-0.105038,0.078083,0.009146,0.029053,0.041806,0.007908,-0.051774,0.018548,0.002227,0.012826,-0.004897,0.082261
-0.003949,-0.019151,0.036733,-0.018674,-0.011806,0.012610,0.024910,0.016289,-0.010358,0.001519,-0.025872,0.001634,0.018376,-0.240260,-0.036005,0.029694,0.023069,-0.010073,0.016447,0.019129,0.000615,-0.024210,0.041805,0.011530,-0.032373,0.007852,0.022941,0.024770,0.027995,-0.002734,0.006032,0.000347,0.000228,0.012287,-0.006904,-0.006109,0.006635,0.013261,-0.017732,-0.005198,-0.018802,0.009100,0.012553,-0.008531,-0.010613,-0.000208,0.011586,0.001749,-0.065047,0.006042,-0.003429,-0.003854,-0.005641,0.009929,-0.021804,-0.004658,0.005246,0.014649,-0.038740,0.010095,0.021882,0.000063,0.008205,-0.001609,0.007598,-0.014788,0.004340,0.003249,0.001190,-0.026876,0.006002,-0.024774,0.004889,-0.018967,-0.000377,0.009552,-0.037871,-0.009215,-0.002232,0.028187,-0.030329,-0.001188,-0.000660,-0.001483,-0.005809,0.039534,0.006661,0.013246,-0.004691,0.018200,-0.020405,0.001116,0.002336,0.002443,-0.011469,-0.010344,-0.006086,0.020674,-0.001675,-0.014473,0.004771,0.011842,0.013082,0.018625,0.008875,0.019488,0.008025,0.020912,-0.016229,0.017819,-0.002201,-0.022382,0.004954,-0.009841,0.008557,0.000311,0.000690,-0.015383,0.004671,-0.013654,-0.005550,0.002701,0.003729,0.001912,0.001525,-0.162473,0.005947,0.022762
-0.003654,-0.004902,-0.054104,-0.017426,0.012980,-0.005187,0.011455,0.011950,0.021349,0.016134,0.006708,-0.024069,0.009420,0.007193,-0.022471,-0.015935,0.052205,-0.004722,0.020680,0.071657,0.006539,-0.009801,0.079310,-0.000892,0.030116,0.041916,0.016998,-0.049431,0.003477,-0.002072,0.161901,-0.046420,0.013456,0.028375,-0.009069,0.024335,-0.027698,0.007838,-0.011776,-0.024394,-0.007080,0.010146,-0.004268,0.029887,-0.011516,-0.008790,0.017494,-0.041191,0.016417,0.015337,-0.025116,0.020877,0.022694,0.003175,-0.033850,-0.015327,0.027065,0.007609,-0.037747,-0.035416,-0.027376,0.025262,0.048044,0.012758,-0.011316,0.021989,0.029855,0.016278,0.010932,0.000593,-0.037728,-0.075220,0.014753,0.008395,-0.088950,0.074801,-0.026832,0.014801,0.019049,-0.000617,0.010681,-0.055693,-0.020570,-0.001273,0.121091,-0.059865,0.015997,0.026746,-0.000960,0.004177,0.129612,0.019536,-0.000759,0.003600,-0.011289,-0.043590,0.030751,-0.008945,-0.004377,0.015795,-0.002604,0.013434,0.029565,-0.036638,-0.069283,0.031668,0.020080,0.031809,0.023530,0.002557,0.026487,-0.202653,-0.346186,-0.019400,0.025440,0.027862,0.025446,0.057389,-0.028659,-0.153642,0.007070,0.007847,-0.007308,0.008542,-0.005706,-0.004525,-0.018926,0.028467
0.083570,0.002860,-0.008630,-0.021480,-0.020861,0.008081,0.018219,-0.019063,0.017040,0.007222,0.003379,0.024482,-0.037565,-0.026686,-0.010859,0.015318,0.067123,-0.011124,0.002229,-0.040726,-0.066277,0.054152,-0.057641,0.004654,0.014692,0.002959,-0.027086,-0.044453,-0.024676,0.007580,-0.017626,0.030646,-0.012898,0.003698,0.007009,-0.007894,0.089040,-0.078880,-0.012412,-0.008537,0.059784,-0.029242,-0.002857,0.003096,-0.008432,0.008033,-0.034520,-0.027338,-0.007179,-0.052454,0.001783,0.038804,0.006562,0.001620,0.042060,-0.006633,0.014145,0.011605,-0.029648,0.019139,-0.005206,-0.075296,0.044983,-0.031419,-0.018243,0.055579,0.004635,0.009657,0.043565,0.009681,0.036981,0.047065,-0.012662,0.027706,0.004557,0.045072,0.007592,0.017033,0.043280,-0.023727,0.003522,0.008889,0.032858,0.003490,-0.030370,0.028859,0.005642,0.013957,0.012968,-0.003468,-0.032487,0.007215,-0.012908,0.000988,0.031356,0.009464,0.036988,-0.035983,0.002149,0.002461,-0.027219,-0.081554,-0.013998,0.009855,-0.009504,-0.013656,0.016269,0.031246,0.024941,-0.002171,0.008184,-0.005923,0.012851,0.013110,-0.009348,0.003531,0.046343,0.071287,-0.018010,-0.061180,-0.056308,-0.016013,0.008930,-0.013677,-0.006221,-0.001642,-0.036532,-0.027770
-0.012213,-0.002483,-0.037080,-0.451193,0.039971,-0.010472,-0.005308,-0.014877,0.011146,0.011067,0.003618,0.020763,-0.016269,0.010562,0.007091,-0.017949,-0.004131,0.027977,-0.010371,-0.031412,-0.013978,-0.009809,0.030614,-0.034993,-0.052964,-0.004393,-0.009617,-0.057335,0.010207,-0.006056,0.003820,-0.000529,0.008827,-0.005026,-0.813649,-0.005220,0.015778,0.022889,-0.019567,0.007264,0.049324,-0.002973,-0.017941,-0.001135,0.021884,-0.024957,-0.006890,0.003374,0.020342,-0.004952,0.005676,0.004989,0.007149,0.010685,-0.034963,0.023792,-0.002336,-0.017086,-0.017137,0.112218,0.000888,0.009110,0.093885,-0.004204,-0.018436,-0.000972,0.008172,-0.007471,-0.011366,0.030585,0.007752,-0.012720,-0.042218,0.000268,0.012588,-0.001005,0.026712,-0.011463,-0.005136,0.119148,0.028205,-0.005826,-0.022234,0.022764,0.004224,0.012138,-0.017075,-0.020185,0.044731,-0.003572,-0.012379,0.024414,-0.001524,0.017301,0.000556,0.016984,0.024521,-0.009711,0.002196,-0.002403,0.014075,0.005199,0.021871,0.033008,-0.014439,0.018816,0.000182,0.007588,-0.026238,-0.021038,0.128187,0.015040,0.008470,0.008006,0.017661,0.025709,0.017276,0.028033,0.100320,0.003259,0.031535,-0.084224,0.029284,-0.050038,0.003454,0.002145,0.023391,-0.015441
-0.011033,0.060955,-0.005007,-0.015610,0.001537,-0.088683,0.014695,0.013407,-0.008986,-0.011369,-0.018804,0.028286,0.059565,0.001490,0.084483,-0.048422,0.020951,0.055400,0.028938,-0.007566,-0.006997,0.080405,-0.058455,0.015308,-0.035389,0.044335,-0.008265,0.011736,-0.029710,-0.007452,0.016061,0.071583,-0.008852,-0.009417,-0.011499,0.044219,-0.031683,-0.001656,0.019593,-0.009369,-0.020131,0.004422,-0.042306,-0.006222,0.005101,0.002980,0.002585,0.072761,-0.054289,0.008122,-0.328740,0.026581,0.015237,0.008080,-0.068033,-0.011272,-0.000526,0.030333,0.008495,0.019348,-0.008704,-0.021006,0.004185,0.008270,-0.039636,-0.011905,0.015532,-0.037639,-0.005442,0.030479,-0.136881,0.057816,0.016193,-0.029205,-0.027195,0.016579,-0.013929,-0.010407,-0.004716,-0.010229,0.023148,0.000500,-0.002511,-0.024569,0.019521,0.006388,0.027965,0.033901,0.002959,-0.031815,0.031512,0.011415,-0.023816,0.023530,-0.040393,-0.011127,0.001873,0.031186,0.065724,-0.017145,-0.004923,0.007990,0.016427,-0.001368,-0.050033,-0.010942,0.004782,-0.033690,-0.013475,0.004592,0.013519,0.009961,-0.098795,-0.002524,-0.018895,-0.023300,-0.009095,-0.013950,-0.002650,-0.018384,0.008676,0.001756,0.093166,-0.004403,-0.005898,0.018300,0.021030,-0.020443
-0.005393,0.023079,-0.026691,-0.029272,-0.015291,-0.003008,0.127417,0.030768,-0.011053,-0.012385,0.002858,0.005815,-0.027894,-0.034258,0.015160,-0.893586,-0.016015,0.019361,0.000366,0.010576,0.009850,0.023804,-0.011431,-0.081098,0.096167,-0.002852,0.006774,-0.033350,-0.022674,0.004462,-0.000088,-0.014205,-0.009386,-0.011676,-0.048040,-0.008386,-0.009286,-0.020258,0.008579,0.014284,-0.002892,-0.001699,-0.007657,-0.014912,-0.105587,-0.001673,-0.011039,0.002508,-0.015699,-0.015904,0.031411,-0.002421,-0.006342,-0.002738,-0.002508,-0.007500,0.011443,-0.017787,-0.000662,-0.045431,-0.003212,-0.027958,-0.033031,-0.010302,-0.010106,-0.018273,-0.006055,0.008774,-0.006943,-0.037688,0.011716,-0.033062,0.205873,-0.017428,0.003807,0.001387,-0.049989,0.009025,0.002341,-0.119691,-0.038051,0.002347,0.033664,-0.013765,-0.023803,-0.000335,-0.003789,-0.000162,-0.029964,0.035219,-0.000055,-0.016151,0.005950,0.026940,-0.023551,-0.001942,0.005790,-0.014181,0.002813,0.009505,-0.022060,-0.009955,-0.006131,-0.072334,-0.014155,-0.003875,0.124365,0.004890,0.026622,0.013760,-0.068413,0.010829,0.021391,-0.010393,-0.021470,0.010625,-0.015245,0.016433,0.011771,0.020369,0.031308,0.097966,-0.012201,-0.038363,0.001249,-0.020414,-0.020750,-0.006037
-0.024033,-0.001902,0.014971,-0.001075,-0.001632,-0.009429,0.009919,-0.065974,-0.031127,-0.029710,0.010572,0.022699,-0.051028,-0.008866,-0.014895,0.002357,0.003205,-0.002906,-0.001142,0.000761,0.006425,-0.019594,-0.018076,-0.022787,0.028602,-0.000265,0.001468,-0.011957,0.015485,-0.005976,-0.019081,-0.034149,-0.003940,0.009539,0.016834,-0.009826,-0.017853,0.013939,-0.595058,-0.004886,-0.074726,0.010036,0.002726,-0.017554,0.083973,0.002684,0.021225,-0.020985,-0.014107,0.000623,-0.028656,0.006024,-0.011139,0.022272,-0.016512,-0.003459,-0.007832,-0.029650,0.025054,0.001769,0.037587,-0.060226,0.082711,0.006299,0.008909,0.007822,-0.021933,0.140330,-0.008052,-0.012209,-0.013157,0.067542,0.049529,0.001326,-0.039326,0.000643,-0.105647,0.001741,-0.008789,-0.009818,-0.013381,0.000604,0.019764,0.003729,0.011905,0.018102,0.019861,0.001770,0.032399,-0.025487,0.009035,-0.020833,0.001319,0.004507,-0.001156,-0.001963,-0.018568,-0.034591,-0.026034,-0.001689,-0.013412,-0.000644,-0.008986,0.018425,0.020010,-0.015861,0.024191,-0.018065,0.207919,-0.689227,0.025928,0.004279,0.004527,0.009613,-0.124444,-0.009820,-0.001815,0.005598,0.008691,-0.008088,-0.005449,-0.034093,-0.026477,0.046685,0.009838,-0.004680,-0.022021,0.012502
0.010784,-0.012911,0.012710,-0.018908,-0.013921,0.011393,-0.132564,0.006471,-0.018482,-0.018782,-0.000520,-0.007923,-0.020718,0.002816,-0.008664,0.025001,0.004414,0.038532,0.000001,-0.011200,-0.004402,-0.007854,0.007392,0.166742,0.166815,0.003020,-0.008486,0.012405,0.003049,0.005931,0.005106,0.031844,-0.020933,-0.002209,-0.023980,0.002000,0.007141,0.006635,0.013312,0.023705,0.017165,0.003664,0.008096,-0.002247,-0.041111,0.005770,0.007207,0.009597,-0.000443,0.009149,0.001356,0.005643,0.010248,0.014880,0.015860,-0.941908,-0.001134,-0.018101,-0.006163,0.128290,0.012284,0.001751,0.016111,0.007888,-0.001167,0.007686,-0.011540,-0.001425,0.001970,-0.001764,-0.002611,0.021325,0.076716,0.009415,0.017428,0.000471,-0.026139,-0.001890,0.000705,-0.012794,-0.000948,-0.004626,-0.038630,-0.004121,-0.002268,0.003810,-0.004439,-0.007764,0.027252,0.007830,-0.022453,0.016472,-0.008364,-0.014584,-0.004929,-0.005112,-0.011334,-0.015599,0.000870,-0.004032,-0.005043,-0.003466,0.016150,-0.090427,-0.002871,0.007130,0.006294,-0.009157,0.013944,0.008002,0.005838,0.013162,0.022293,0.004403,-0.039831,-0.012047,-0.010626,-0.001773,0.020056,0.012504,0.014867,0.055167,0.006156,0.021686,0.011514,0.004317,-0.008379,0.009908
0.063675,0.015763,-0.059167,-0.013955,-0.116195,0.040703,-0.011773,-0.051725,-0.003304,0.008861,-0.014437,-0.004239,0.033381,0.021110,0.074259,0.010124,0.032088,0.011099,-0.032359,0.013031,-0.060007,-0.007096,0.011925,0.007878,0.001773,0.014391,-0.032092,0.010080,0.011278,-0.011349,0.047856,0.009231,0.003826,-0.096112,0.001036,-0.046820,-0.027455,-0.012713,-0.007087,-0.017583,-0.059700,-0.065432,-0.058043,0.064078,-0.003298,-0.050036,-0.168169,-0.050944,-0.019784,-0.075398,0.038616,-0.003428,0.055532,0.059531,0.086895,0.011398,0.019816,0.006309,-0.009638,0.009686,0.046817,0.032893,-0.034466,-0.012726,0.039566,0.026715,0.001781,0.002420,0.012013,-0.011535,0.036756,0.036929,-0.005725,0.026158,-0.073380,-0.034810,0.016734,-0.014358,-0.024769,-0.004734,-0.021762,-0.010223,-0.005811,-0.015794,0.023314,0.045320,-0.032366,-0.012497,0.010493,0.032840,0.025596,0.114357,-0.005139,-0.002197,-0.045307,0.057523,-0.015172,0.009053,-0.065421,-0.019708,-0.012270,-0.065139,0.048370,0.006999,-0.017170,0.049378,0.021882,0.003666,-0.022783,-0.007821,0.006672,-0.007017,0.029366,0.013521,-0.011705,-0.001257,-0.009442,-0.027623,0.013107,0.001105,-0.010004,-0.019336,0.067089,0.037161,0.026084,-0.000286,0.000783,0.021569
-0.029147,0.029601,0.043229,0.015298,-0.051300,0.023274,0.010748,-0.001141,0.002237,0.007401,0.009334,0.022735,0.006842,0.020766,0.042801,-0.009547,-0.015046,0.019533,0.027784,-0.002143,0.006572,0.043573,0.007270,-0.005873,-0.007462,0.007722,0.011230,0.022160,0.043426,-0.013396,-0.060401,0.009749,-0.004538,-0.033258,-0.002187,0.012426,0.047977,-0.037257,0.010445,0.017151,-0.000456,0.006246,0.022260,0.030006,0.029741,0.004590,0.023829,-0.001520,0.043813,0.072119,-0.171847,-0.035515,-0.015448,-0.013522,0.025003,-0.010426,-0.034628,-0.001461,0.023494,0.024970,0.002740,-0.010785,-0.023289,-0.045835,0.021141,-0.018804,-0.008204,0.030717,-0.020285,0.006856,-0.147259,0.030236,0.021261,-0.022813,0.013295,-0.007854,0.007807,-0.049173,0.000704,-0.004721,0.014918,0.047201,-0.021291,0.008633,0.003026,0.014182,0.026996,0.001216,-0.020445,0.004524,-0.000514,0.028985,0.064998,0.015694,-0.015077,-0.008786,-0.014649,-0.024153,0.011260,-0.005932,-0.021617,0.025615,0.014865,0.003035,0.017481,0.034135,-0.000261,-0.028492,-0.025472,-0.010607,0.020988,-0.028894,0.003981,-0.069075,-0.006848,0.000480,-0.016853,-0.049554,0.012726,0.047059,-0.009537,-0.010718,0.061151,0.013582,-0.002297,0.020705,-0.000715,-0.011715
-0.009950,-0.003779,0.012342,0.005636,-0.001579,-0.033714,-0.007257,-0.011288,-0.009085,-0.008658,-0.005204,-0.019246,-0.008812,-0.000363,-0.102364,-0.001536,-0.015912,0.020553,0.010063,-0.024855,0.001775,0.071929,-0.151935,0.002272,-0.019918,-0.007592,0.011763,-0.009994,-0.004817,-0.027840,-0.032659,0.081923,-0.014502,0.087857,-0.006318,-0.001462,-0.065666,0.040757,0.000362,0.044441,0.079419,0.008102,-0.000999,-0.013152,0.003064,0.035103,-0.000575,-0.027523,0.000027,0.044697,-0.024355,-0.025626,0.022469,0.047158,-0.023625,0.006275,-0.049150,-0.007464,-0.033609,0.005165,-0.059216,0.048318,-0.001149,0.018161,-0.043057,-0.048797,0.003405,0.059125,0.004783,0.087386,-0.010342,0.027279,0.009746,-0.029659,0.074166,-0.003064,0.003371,0.005395,-0.008664,-0.012592,0.067857,-0.030937,0.013954,-0.066020,-0.055276,0.004972,-0.039925,-0.015198,0.003609,-0.040631,0.019224,-0.014599,-0.030572,-0.012750,-0.006029,-0.014141,0.000654,0.002686,-0.002475,-0.025798,0.037596,0.058717,0.041655,-0.006716,0.085154,-0.014959,-0.003312,-0.042941,0.003613,0.029582,0.025888,0.006053,0.033970,-0.014653,-0.018512,0.005463,-0.013204,0.041390,-0.013328,-0.053681,-0.019136,-0.000890,-0.033699,0.008858,-0.006323,0.004588,-0.032812,0.036265
-0.029682,-0.011318,-0.017896,-0.026858,-0.144530,-0.018968,-0.013677,-0.032756,-0.002154,-0.011049,-0.005347,0.043172,-0.006259,0.020589,-0.099823,0.025417,0.003061,-0.032524,0.032409,0.025671,0.000489,0.050747,-0.017123,-0.017264,-0.011871,0.034870,0.017046,-0.041167,-0.023286,-0.037062,-0.001147,-0.072648,-0.000620,-0.048903,0.007538,0.018177,0.008694,-0.054311,-0.001542,0.045235,0.002832,-0.004166,0.026970,0.022343,0.023564,-0.007260,0.014441,0.027163,0.006492,0.031507,-0.090266,0.001977,0.018496,0.012175,-0.008780,-0.000485,-0.014087,0.011811,0.001110,0.008290,-0.030740,-0.025567,-0.083140,0.018528,0.025757,-0.021473,-0.075093,-0.019411,-0.004323,0.031646,-0.088890,0.070512,0.017363,-0.023928,-0.015040,-0.005419,0.010445,0.006984,0.015464,0.013427,0.043665,0.047606,-0.029722,-0.022946,0.062084,0.000019,0.011015,0.009523,0.004720,0.019758,0.033892,0.004117,0.031873,0.013796,-0.056982,-0.029965,-0.006676,-0.031219,0.042689,-0.014811,-0.001342,0.033627,0.076600,-0.001344,0.003801,0.028925,0.003616,0.010038,-0.056535,-0.005469,0.023525,-0.010421,-0.011474,0.017294,-0.008760,0.011500,-0.040456,-0.026217,0.009924,-0.049863,0.007194,-0.008744,0.004386,0.014459,0.006715,0.042791,-0.008126,0.019928
0.008393,0.004663,0.018246,-0.006670,-0.002139,-0.019023,0.488884,-0.039672,0.001109,-0.002450,0.004838,0.011790,-0.034716,0.033115,0.000857,0.151342,-0.022530,0.018894,-0.004136,-0.009808,-0.003768,0.022965,-0.016760,0.047789,0.120023,-0.012460,-0.020007,0.021360,0.004677,0.004573,-0.013806,0.001874,0.013704,-0.018059,-0.014522,0.000110,0.003938,-0.016436,-0.011986,-0.043489,-0.075543,-0.014228,-0.007836,0.014433,-0.081380,0.004135,-0.014929,-0.012082,0.024316,-0.000909,-0.014216,-0.014173,0.001153,-0.003334,-0.000301,0.024900,-0.010062,-0.016965,-0.016852,0.182812,-0.010118,-0.023415,0.128037,0.002643,0.001548,0.011465,-0.009857,0.001492,-0.008796,-0.023148,-0.019113,0.033671,0.223343,-0.004794,-0.031892,-0.015533,-0.025875,0.002256,0.005157,-0.038349,-0.008762,-0.008739,-0.025448,-0.004416,-0.004819,-0.024971,-0.005733,-0.000064,0.042402,0.017782,0.006637,-0.005632,-0.015632,0.014744,-0.031547,-0.002835,-0.010688,-0.024808,-0.003317,0.002903,-0.014451,-0.021064,-0.002091,-0.031622,-0.015459,-0.006378,-0.071415,0.009519,-0.026640,-0.010648,-0.087565,0.002456,-0.013370,-0.018047,-0.077794,-0.003875,0.002545,-0.019102,0.057261,-0.012482,0.025251,0.123941,0.004637,-0.139795,0.003535,0.016848,-0.005726,-0.012400
0.048161,0.007855,0.023264,-0.010675,0.002171,0.037787,-0.026191,0.022727,-0.006997,0.002050,0.001662,0.000774,0.002613,0.012065,-0.037930,0.027371,0.187559,-0.015062,0.010714,0.032029,0.024461,-0.047994,-0.016097,-0.013642,0.026766,0.039494,0.015979,0.003728,0.008159,-0.008287,0.056870,0.023131,0.004351,0.009098,-0.019881,-0.021132,-0.015394,0.002715,0.034857,-0.029779,0.038958,0.019567,0.018180,-0.041627,0.044622,0.013739,0.015971,0.016125,-0.011984,-0.011489,0.013401,0.053375,0.022407,0.037012,0.045445,0.006852,-0.018303,0.017639,0.034675,0.003147,0.106482,0.003523,0.026857,0.007116,0.032389,-0.016503,-0.011399,0.031493,0.036379,-0.024253,0.010280,0.041962,0.006360,-0.022361,-0.040649,0.065351,-0.002714,0.005319,-0.015301,-0.029871,-0.010694,-0.019867,0.031203,0.016754,-0.609832,0.023933,-0.040135,-0.047260,-0.006798,0.026978,0.069880,0.027119,0.013823,0.044755,0.027829,0.019872,0.016513,0.017564,-0.010260,0.011800,-0.030907,-0.039910,0.010232,0.008981,-0.034749,0.013741,-0.007471,-0.002689,0.014000,0.022065,0.038829,-0.037191,-0.018364,0.012377,0.033278,0.034511,-0.009966,0.008328,-0.044574,-0.013610,-0.003838,-0.031657,0.019354,-0.000518,0.015266,-0.010479,0.053196,0.005523
-0.019371,0.018441,0.358155,0.005074,-0.016411,-0.012109,0.021147,-0.009133,-0.010506,-0.006693,-0.011201,0.014398,-0.005824,-0.007601,0.023444,0.006855,-0.005042,-0.048934,0.005681,-0.003486,-0.016029,-0.003518,-0.017902,0.045852,-0.007370,-0.013434,-0.025918,0.035660,-0.152428,-0.013962,0.008272,-0.031848,0.003346,-0.017493,-0.037336,-0.014474,-0.036033,0.026786,0.026525,-0.002619,-0.097719,-0.010499,-0.038260,0.130221,0.024660,0.428024,-0.006010,0.000218,-0.031355,-0.007426,0.003909,-0.028655,0.007035,-0.019568,0.032351,-0.027544,0.001907,0.002797,0.064568,-0.013264,-0.002332,0.021544,0.103962,-0.011471,0.012086,-0.018705,-0.005472,-0.004295,-0.018482,-0.039191,0.009232,0.056152,-0.021249,-0.007333,-0.009444,-0.063280,0.061049,-0.007388,-0.008957,0.021166,-0.035433,0.016887,-0.070316,-0.065154,0.014958,-0.022941,-0.006680,0.013739,-0.037869,-0.012605,-0.007684,0.010141,0.036152,-0.024643,0.064335,-0.018728,0.238040,-0.003444,-0.013993,-0.007649,0.056617,-0.000274,-0.004744,0.050216,0.021248,-0.010916,-0.032374,0.233324,0.083004,0.042141,0.053942,0.001167,-0.003656,-0.047907,-0.023008,0.281061,-0.005129,0.402892,-0.030523,-0.020197,-0.024032,-0.023787,0.045180,0.060329,-0.013819,0.004197,-0.056481,-0.029997
0.030068,-0.015292,-0.194214,0.028864,0.002902,0.072092,0.017882,-0.008935,-0.007559,-0.011559,-0.183023,-0.344614,-0.056925,0.039542,0.078699,0.027677,-0.023394,0.020056,-0.000454,-0.034595,-0.024234,0.013178,-0.027547,0.024913,-0.002365,-0.011760,-0.034675,-0.064645,-0.019885,-0.011188,0.010018,0.014204,0.002973,-0.004220,0.019328,-0.003742,-0.036543,-0.007943,0.000163,0.074486,0.161734,0.001236,-0.007689,0.071977,-0.003614,-0.070482,0.016952,0.058291,-0.004191,0.022613,0.016797,-0.000379,-0.001440,-0.021251,-0.040176,0.005063,-0.005240,-0.032644,0.090019,0.016178,0.051066,0.025263,0.107857,-0.028396,-0.049491,-0.008480,0.062200,0.031883,0.014421,-0.004709,-0.012639,0.079101,0.039772,-0.024089,0.060673,0.020569,-0.013330,-0.032938,0.018687,-0.010559,-0.013733,0.081618,-0.013358,-0.028560,0.043123,-0.001059,-0.023359,0.033918,0.000716,-0.035120,0.012869,-0.000691,0.153625,0.019498,0.026144,0.006774,0.026704,-0.023333,0.031805,0.013775,-0.016558,-0.005936,0.005375,0.006712,-0.002833,-0.021917,0.015836,0.009780,0.035440,0.015697,0.033960,-0.141274,-0.074548,0.040279,-0.017892,-0.000981,-0.024535,0.031800,-0.031515,-0.102716,0.012767,-0.030129,0.029717,0.010842,-0.019370,0.008666,0.020801,-0.002751
0.007533,0.099516,0.069664,-0.031949,-0.037493,0.077652,0.016158,0.058601,0.003005,-0.003498,-0.111467,-0.214037,-0.013591,-0.038583,0.004921,0.033270,0.089687,0.011590,-0.006679,0.038742,0.005026,0.011032,0.032773,-0.016170,-0.031626,0.008875,0.018786,0.038928,-0.021370,0.002506,-0.006538,-0.015257,0.016753,-0.009954,0.004685,-0.008741,0.037040,-0.000490,0.007179,0.001158,-0.007936,-0.014008,-0.001174,-0.023093,0.021492,0.027960,-0.034157,0.075887,0.021512,-0.014747,-0.001343,-0.051496,-0.008539,0.024185,-0.026390,-0.008689,-0.018736,-0.013635,0.027494,-0.014393,0.089396,0.014322,-0.033213,-0.012744,-0.007945,-0.003945,-0.011637,0.024162,-0.003286,-0.006193,0.067059,0.000586,0.015357,0.009167,0.004780,-0.023748,-0.024369,-0.013245,0.004305,-0.013448,-0.001531,-0.001688,0.028900,0.001085,0.023499,0.024198,-0.023757,-0.012102,-0.001047,-0.039707,-0.078699,-0.012328,0.042771,0.001430,-0.027348,-0.027965,0.018911,-0.039284,0.075755,-0.013070,0.005595,-0.032730,-0.013362,0.016167,0.052966,0.021236,0.015858,-0.012330,-0.006262,0.027272,0.026912,0.040209,0.073954,-0.328888,0.009011,-0.042222,-0.002358,0.005851,-0.001098,-0.019134,-0.005061,0.012422,-0.031144,0.002901,-0.017156,-0.054757,-0.042638,0.016057
-0.002763,0.063090,-0.036802,-0.004965,-0.033464,0.014199,0.012503,-0.039700,-0.019433,-0.007111,-0.008152,0.008305,0.019500,0.019106,-0.043597,0.010123,0.005969,0.021278,0.012902,0.035959,0.017106,-0.003776,0.067672,0.017538,0.014917,-0.031770,0.036268,-0.036460,0.038300,-0.010046,0.012961,-0.038837,-0.012724,0.003790,-0.002003,0.036959,0.023990,-0.128616,0.014647,-0.013968,0.011379,0.010528,0.119669,-0.167981,0.032004,0.022737,0.069204,0.041790,0.017791,0.044612,-0.035488,0.011808,-0.017107,-0.005071,-0.039343,0.003570,-0.006437,0.022479,-0.035843,0.011643,0.049746,0.043137,0.000386,0.017658,0.021352,0.053122,0.012174,-0.003616,0.007987,0.002326,-0.038073,0.004198,-0.002592,0.023654,0.000255,0.023807,-0.007289,0.017524,0.024004,-0.005677,0.008772,-0.039447,-0.012157,-0.035210,-0.008158,-0.029903,-0.002029,-0.003794,-0.023933,0.003372,-0.035223,0.033054,-0.002411,-0.020016,0.013929,-0.024141,0.064536,0.024803,0.042846,0.009664,-0.030188,-0.010114,-0.041768,-0.020867,-0.027909,0.005609,-0.005031,-0.065672,-0.000668,0.019680,0.036223,-0.043102,-0.024462,-0.024616,-0.029887,-0.043402,-0.133689,0.139112,-0.022698,0.064346,0.005384,-0.019081,-0.064812,-0.019460,-0.004867,0.008076,0.004515,0.062327
0.032376,-0.008992,0.017964,-0.012745,-0.002513,0.023362,0.387854,0.052108,-0.004101,-0.008591,-0.008767,-0.025548,0.000524,0.000416,-0.001439,-0.020209,0.017960,-0.021753,-0.005807,0.009758,0.004073,0.009993,0.008592,0.042640,0.110075,0.013756,0.004853,0.022563,0.019984,0.004745,-0.000013,-0.023919,-0.010904,-0.001735,-0.018034,-0.000184,-0.015478,0.005499,-0.016472,-0.028674,-0.059999,0.006537,-0.002695,-0.003945,0.232264,0.020497,0.006020,-0.000905,-0.028233,0.015358,0.011079,0.007131,-0.004450,-0.018663,0.026399,-0.082546,-0.001034,-0.003245,-0.005456,-0.298211,0.005547,-0.011279,0.040025,0.000371,-0.005023,-0.001635,0.006071,0.008098,0.013701,0.034354,0.015809,-0.000998,-0.309940,-0.020949,-0.041825,-0.005776,0.318437,-0.002174,-0.003116,0.138676,0.019666,0.012546,0.203501,0.004578,-0.003254,0.008190,0.011309,0.010095,-0.114735,0.021073,0.004483,0.005958,0.019047,-0.030039,-0.006624,0.004204,-0.019237,-0.008550,-0.005717,-0.001046,-0.002317,0.005177,-0.014246,-0.177061,-0.002032,0.000575,-0.034325,-0.008381,-0.009721,-0.024618,0.018519,-0.009565,0.009930,0.016569,-0.114468,-0.008620,0.007234,-0.004927,-0.087024,0.005824,0.006968,0.103711,-0.000856,0.017971,-0.007156,0.006941,-0.012556,0.024453
0.054656,0.028182,-0.006376,-0.010667,0.033573,-0.085115,0.004524,-0.011167,-0.005987,-0.024003,0.052034,0.072076,0.022337,0.018054,0.062028,0.047013,-0.014038,-0.035076,0.001591,-0.005004,-0.012623,-0.028947,-0.070385,0.009246,-0.017497,-0.023159,0.022743,0.029855,-0.023498,0.039714,-0.000959,0.077218,-0.013328,-0.003789,-0.013105,-0.023129,-0.011528,-0.049067,0.002174,0.019195,-0.010221,0.004811,-0.006300,0.017077,-0.025798,0.003944,-0.031918,-0.022173,0.048715,-0.026730,0.004825,0.030735,-0.001504,-0.015742,0.084944,-0.005361,0.015215,0.004431,-0.044007,-0.014926,-0.112399,-0.075774,-0.000646,0.006629,-0.023692,0.014549,-0.011030,0.036427,0.014712,0.007004,-0.021078,0.060653,0.022372,0.041515,-0.106457,0.023712,0.001725,0.048615,0.086001,-0.001894,-0.004215,0.019418,0.005147,-0.040545,-0.019118,-0.007209,0.037011,0.037675,0.019772,-0.020608,0.012742,-0.020287,0.008873,0.017381,-0.016743,0.043369,-0.004505,0.019086,0.043627,0.002823,-0.007370,-0.074813,-0.016663,-0.005547,-0.308472,0.039282,-0.001710,-0.004010,-0.009176,0.025454,-0.005703,-0.019157,-0.084970,0.041824,-0.020318,0.002924,0.027131,0.002931,-0.006087,0.053030,-0.033259,0.014026,-0.009367,-0.013536,-0.013776,-0.012876,-0.008575,0.020464
0.012394,-0.036715,0.032944,0.036229,0.014502,0.018793,-0.004366,0.025968,0.013837,0.018775,-0.009881,-0.029582,-0.017138,0.005263,-0.019738,-0.016601,-0.021554,0.032819,-0.003754,-0.037907,-0.008981,-0.021468,0.022007,-0.108606,0.165767,0.008000,-0.004608,0.022886,-0.010702,-0.010961,0.018008,0.070911,0.005121,0.003535,0.030958,-0.003187,-0.025701,0.009626,0.039298,-0.021429,-0.035758,-0.000152,0.003192,0.011439,-0.049087,0.036117,0.004961,0.008323,-0.003694,0.005326,0.016427,0.010075,0.017322,0.042057,-0.019668,0.109101,-0.001651,-0.009961,0.019950,0.270263,-0.002780,0.043683,0.012844,0.004978,0.001072,0.014189,0.014427,-0.004873,-0.013557,0.055086,0.009101,0.035880,0.179232,0.006098,0.000432,0.010551,0.098968,-0.010006,-0.008493,-0.185648,0.053198,0.008037,0.009424,-0.023713,0.008775,0.009591,-0.004800,-0.007500,0.094811,0.042405,-0.004079,0.001720,0.026233,-0.011624,0.031986,0.008828,0.020998,-0.001795,-0.009216,0.002564,0.037227,0.012481,0.021760,0.041668,0.015180,-0.004227,-0.082563,0.015530,0.038363,0.038422,-0.052482,-0.037729,-0.004744,0.014116,-0.111047,0.019982,-0.009930,0.054938,0.055282,-0.006788,0.053210,0.311323,0.004896,0.316048,0.027524,-0.001661,0.061071,0.005416
-0.009782,0.066317,0.042580,0.013685,0.012683,0.042392,-0.005860,0.000929,0.017088,0.006397,-0.024236,0.012937,0.016415,-0.074202,-0.090209,-0.018772,-0.033444,0.004177,-0.021586,0.041866,-0.363672,-0.012769,-0.019498,0.028591,0.015176,-0.030767,-0.286246,0.007032,0.044263,0.043570,0.006615,-0.014969,-0.000649,0.004477,-0.007740,0.006983,0.005816,0.021852,0.001579,0.022709,0.028126,0.003169,0.024668,0.287613,0.024642,0.020433,0.020824,0.014249,0.024739,-0.001814,-0.042305,0.001215,-0.023460,-0.011168,0.004194,0.023096,-0.017038,0.016825,-0.038270,-0.025166,0.004044,-0.021983,-0.041588,-0.010658,0.034087,0.010978,-0.030738,-0.008643,-0.013549,-0.026665,0.003542,0.013477,-0.002125,0.008274,-0.010745,-0.062198,-0.038252,-0.035359,0.002600,0.001241,-0.026143,-0.040628,0.011946,0.012069,0.117856,-0.027597,-0.013738,-0.014576,0.036871,0.001087,0.014743,0.040079,-0.037263,-0.011887,-0.004758,-0.000504,-0.083386,0.006758,0.020934,0.022290,-0.038636,0.003037,0.002822,0.006767,-0.002798,0.010868,-0.015075,0.197441,-0.033227,0.003440,0.013847,-0.052882,-0.002773,-0.013997,0.006660,0.170338,-0.003725,-0.096848,-0.023047,0.031899,-0.007948,-0.021135,0.165572,0.024328,0.002333,-0.025942,-0.004604,-0.020951
-0.012608,0.001195,-0.023193,-0.003424,0.034068,0.021155,-0.019962,0.003736,-0.004728,-0.007573,0.041784,0.005722,0.013519,-0.012656,0.042341,0.012837,0.035253,0.016119,0.033678,-0.026954,0.006914,0.016309,-0.058894,-0.005605,-0.007345,0.012773,0.003218,-0.016275,0.018695,-0.020978,0.021430,-0.011773,-0.004643,-0.000280,-0.017270,0.030561,0.000811,0.012398,-0.002707,0.012269,0.024115,0.039076,-0.004302,0.005120,-0.008775,0.012220,0.063692,0.026671,-0.008577,0.067424,0.053339,0.000121,-0.305397,0.184641,0.052159,0.021356,-0.039765,-0.004641,-0.035254,0.051819,0.000345,-0.030126,0.019850,-0.010309,0.008736,-0.016772,0.020875,-0.020266,-0.006183,0.058670,0.023675,-0.016845,0.000586,-0.001785,0.021084,-0.001045,-0.019530,-0.020550,-0.029227,-0.016440,0.053072,-0.009910,-0.003183,0.035997,0.003320,0.004317,-0.010385,-0.008287,0.019508,0.032883,-0.002588,0.016086,-0.011050,0.023518,-0.025796,-0.013482,0.014660,-0.011936,0.004093,-0.021268,-0.025450,0.011584,-0.516433,-0.003125,-0.010106,-0.009998,0.013542,0.013794,0.018983,0.007155,0.006212,0.045475,0.036894,-0.011846,0.013297,-0.006248,0.014838,-0.004776,0.001365,0.051557,0.020092,0.016896,-0.008418,0.014619,0.169317,0.002407,0.005404,-0.014709
0.027805,0.010838,-0.012160,-0.015457,0.041411,0.012679,-0.003487,0.004797,-0.011947,-0.005704,-0.043627,-0.011741,-0.005124,-0.016561,0.043315,0.022820,0.020141,0.051628,0.005803,0.023805,0.082390,0.004213,-0.160659,0.017928,0.007995,0.011012,0.054576,-0.034801,0.017951,0.104522,-0.075412,-0.060574,-0.012884,0.017671,-0.004657,-0.002388,0.047356,0.020031,-0.018191,0.028321,-0.010461,-0.008536,0.063249,0.046506,-0.019052,0.034243,0.015732,-0.048504,0.050977,-0.005320,0.002709,0.014658,-0.005335,-0.044363,-0.053868,0.004634,0.026855,-0.001986,-0.002851,0.000682,-0.028144,-0.006362,0.002762,0.019028,0.004586,-0.022115,-0.036365,0.072082,0.061912,0.019652,-0.024825,-0.000658,0.012526,-0.011166,-0.044500,0.061081,0.006077,0.016487,0.094802,0.007549,0.024897,0.004928,0.008305,0.018513,0.002500,0.025437,0.051301,-0.008441,0.005820,-0.046603,0.015710,-0.048664,0.026640,-0.005164,0.011417,-0.014549,-0.016666,0.003535,-0.008130,0.006960,-0.027040,0.012326,-0.011963,-0.006687,-0.093256,0.056573,0.003246,0.034290,-0.022273,0.040172,0.021724,-0.034370,0.013144,0.020613,-0.012109,0.008302,0.016542,-0.056540,-0.011692,0.065192,-0.013310,0.000636,0.017234,-0.004758,-0.011494,0.008793,-0.002220,0.015408
0.017623,0.017053,-0.022728,0.043936,0.013060,-0.007334,0.105980,0.010783,-0.027884,-0.016861,0.005402,-0.004096,0.058828,-0.005970,0.023376,-0.080368,-0.010963,-0.001178,0.005132,-0.092769,-0.006735,-0.012551,-0.011857,-0.019323,-0.109648,-0.015198,-0.008339,-0.005065,0.001784,0.003598,-0.004597,0.040381,-0.013910,-0.000313,0.070528,0.004132,0.000164,-0.008775,0.038264,0.020118,0.025632,-0.005778,0.015508,-0.000748,0.066079,-0.032079,0.004451,0.005625,0.003485,-0.009606,-0.007426,-0.012766,-0.011269,-0.009447,-0.004174,-0.085303,0.003701,0.040258,-0.000723,-0.131479,0.000606,-0.012102,-0.083755,0.003488,-0.007711,-0.005189,0.007006,-0.012710,-0.002993,0.007381,-0.009151,0.006908,-0.045709,0.003091,0.019132,-0.001188,0.299509,-0.003355,0.007946,0.155800,0.014280,-0.011567,0.077356,-0.000979,-0.029286,-0.011344,-0.006472,-0.010207,-0.021958,0.010414,0.000128,0.002752,-0.019403,-0.030078,0.013143,-0.003949,-0.004433,0.036539,0.002921,0.006905,0.005537,0.015578,-0.004540,0.240840,-0.012571,0.001512,0.107438,-0.003594,0.306921,0.042477,0.260787,0.002313,-0.013319,-0.018897,-0.289917,-0.013965,-0.001747,0.002570,0.399626,0.005225,-0.001954,0.004564,0.003515,0.056470,0.001605,0.001569,0.000962,0.004136
-0.052378,0.022758,-0.058914,-0.000834,-0.003270,-0.000283,-0.011597,0.107180,-0.005909,0.001612,0.006481,-0.000274,-0.010816,0.032221,-0.010000,-0.024632,-0.011894,0.074785,-0.008225,0.039806,0.010181,0.000666,0.019178,-0.002393,-0.016914,-0.006233,-0.000364,-0.049505,0.010391,-0.006632,-0.006950,0.029061,0.000153,-0.013970,0.035949,-0.009151,0.061662,0.027798,-0.025759,0.089980,0.079388,-0.019057,0.004541,0.057968,0.035929,-0.029602,-0.015247,0.006208,0.096313,-0.007814,-0.011486,-0.002930,-0.004552,0.025019,0.016051,0.035950,0.002270,-0.007278,-0.000446,0.017020,-0.007972,0.070250,-0.024168,0.149717,-0.012868,0.365467,-0.005095,0.006124,0.008662,-0.031133,-0.006953,0.030820,0.000694,0.282682,0.026028,-0.005280,0.020542,-0.000146,0.136186,0.004515,-0.016654,-0.009048,0.002890,0.017538,-0.014693,0.013272,-0.009634,-0.001140,0.027463,-0.009410,-0.020960,0.030699,-0.007597,0.027134,-0.001294,-0.012098,0.040280,-0.013423,0.008369,-0.021036,0.106019,0.007228,0.005132,-0.022792,0.021792,0.049523,0.009633,0.022413,0.000220,0.003280,0.000150,0.023084,0.016687,0.010949,-0.036236,0.008040,-0.015604,0.023494,-0.013289,-0.023737,0.025609,0.001194,0.021551,0.003507,0.007537,0.026249,0.017955,0.020657
-0.009348,-0.023973,-0.054790,0.003209,-0.002080,0.012527,-0.159135,0.022874,0.046513,0.044579,0.005431,0.029149,0.062433,0.003668,-0.008794,0.034615,0.031917,0.000602,-0.003781,0.048978,0.022263,-0.006396,0.045437,-0.086666,0.080220,-0.008837,0.016067,-0.039513,0.006540,0.001334,-0.003417,-0.005786,0.043386,-0.011561,0.009560,0.005777,0.002018,-0.014005,-0.002791,0.028376,0.008916,-0.000723,-0.004712,0.008582,0.134498,-0.031748,-0.010566,-0.012533,0.015606,-0.002181,0.018501,-0.013569,0.008383,0.022571,0.022516,0.013564,0.005275,0.038850,0.014905,-0.126129,-0.034904,0.024496,-0.043302,-0.014680,0.014419,-0.006270,-0.009390,0.000764,0.001250,0.033648,0.009553,-0.024617,0.118849,-0.017024,0.038278,-0.017353,-0.129829,-0.001395,0.012131,0.036792,0.019877,0.000436,0.115201,-0.013864,0.041193,-0.006471,0.004455,-0.001918,-0.001073,-0.036560,0.007591,-0.000036,0.009012,0.146889,0.034895,0.001444,0.007921,0.047091,0.000491,0.004584,0.019753,0.015119,0.005575,0.122802,0.007023,0.009760,0.225566,0.008779,0.090386,-0.012753,0.282360,0.016667,0.013104,-0.008792,0.350849,0.011116,0.001008,0.024607,-0.103196,0.004309,-0.014530,0.121803,-0.006189,0.166304,0.008389,-0.004647,0.049295,0.006104
0.003771,-0.005425,-0.025922,-0.004337,0.034492,0.029410,0.023863,-0.030563,-0.007037,0.002685,-0.014004,-0.001781,-0.000443,-0.276919,0.024723,0.037460,0.008386,0.015478,0.002405,-0.031016,0.027502,0.020393,-0.041802,0.018400,-0.025449,-0.003190,0.012398,-0.015108,-0.016884,-0.011883,0.018440,-0.036154,0.006897,0.007292,0.002157,-0.013019,-0.017593,0.002607,-0.004608,-0.014827,0.030159,-0.008103,0.009211,-0.003284,-0.000144,-0.007657,0.010938,-0.001691,-0.009971,-0.000099,0.037153,0.015456,0.006686,-0.005523,-0.025876,-0.002644,-0.027306,-0.021259,0.017842,0.025312,0.009584,-0.034019,-0.015947,0.008727,-0.000949,0.014586,0.028354,0.015138,-0.009259,-0.001486,0.009209,0.016121,0.024057,0.013244,0.019676,0.009923,-0.012507,0.009404,0.007124,0.016926,0.005952,-0.007670,-0.019053,-0.030208,0.013735,0.017844,0.007038,0.010158,-0.008922,0.014844,-0.016246,-0.000265,0.014048,-0.005462,-0.007979,-0.004305,0.025605,0.003202,-0.001492,-0.005467,-0.023155,-0.019236,0.010139,0.012424,-0.004751,-0.012614,0.015660,0.009681,-0.042021,-0.003320,0.014167,-0.013036,0.002544,0.008482,0.002080,0.007294,-0.005788,0.026513,0.007925,0.003353,-0.017737,-0.025885,0.032946,0.000053,0.015177,-0.225847,0.020391,0.012088
0.011867,0.067431,-0.063090,-0.015976,-0.038584,-0.011945,-0.000068,-0.024115,-0.003599,0.002261,0.049764,0.023164,-0.047082,0.035208,-0.044438,-0.002833,0.013283,-0.065725,0.062245,0.010048,0.029443,0.008014,-0.042667,0.012888,-0.006304,0.026016,0.000093,-0.000973,0.005542,0.014179,0.097583,-0.017534,0.001206,-0.022965,-0.003475,0.006223,-0.006319,-0.007865,0.010393,-0.030074,-0.036776,0.030309,-0.015371,-0.082352,0.020525,-0.007683,0.027754,0.038534,0.022639,0.050312,0.056941,0.031678,0.028355,0.023068,-0.049865,0.008616,-0.024172,-0.022012,0.019296,0.002851,0.037827,-0.047396,-0.041953,0.000235,0.031178,0.050805,-0.065429,0.029623,0.035323,0.009939,0.027784,0.033618,0.006237,-0.002862,-0.023077,0.004719,-0.014466,0.030330,-0.000147,-0.007807,0.019294,-0.016104,-0.001440,0.001805,0.052342,-0.002168,-0.003662,0.008059,0.013866,0.032257,0.015022,-0.002006,0.080675,-0.000837,0.033770,0.015539,0.045403,-0.017412,0.028899,-0.001560,-0.002322,-0.041603,0.012430,-0.023381,0.022245,0.010923,0.013634,-0.001914,-0.028405,0.044114,0.021276,-0.032993,-0.065721,-0.029334,-0.020656,0.001618,-0.002631,0.035178,0.007881,-0.002611,-0.024745,-0.012364,-0.078620,0.018209,-0.011173,0.021996,0.018578,0.083957
-0.004569,-0.056365,0.068364,0.065424,-0.033779,0.000869,0.021850,0.023395,0.003685,-0.003060,-0.060041,0.047146,-0.000748,-0.169790,-0.027644,0.029503,0.017395,-0.060975,0.010273,0.041855,0.018210,0.007045,0.070694,0.001316,-0.035849,0.002637,0.020106,0.014283,0.001233,0.010263,-0.007155,0.014294,-0.010861,-0.007057,0.024650,-0.004304,-0.007621,-0.000626,-0.006213,-0.006973,-0.035938,-0.014676,-0.025858,-0.013992,0.015139,-0.014305,-0.012418,-0.011473,-0.040714,-0.000074,-0.014080,-0.015295,-0.003852,0.002143,-0.012535,-0.017576,0.011433,0.000141,-0.006547,0.033661,0.013073,0.000833,-0.035919,-0.003658,0.029446,-0.016883,-0.048349,-0.006210,-0.003718,-0.036820,0.049491,-0.000219,0.028100,-0.023826,-0.043533,-0.015416,-0.034580,0.026912,0.014046,0.037577,-0.027962,0.011068,-0.008105,0.000535,-0.017890,0.030980,-0.022655,-0.004932,-0.016951,0.026261,0.002623,-0.019607,0.015479,0.013572,-0.001008,0.005878,-0.003671,0.029909,-0.005427,-0.012042,-0.029305,0.002730,0.010509,0.019044,0.021379,0.027049,0.002631,-0.048377,-0.049003,0.000081,0.022930,-0.040536,-0.031564,-0.030052,-0.016755,-0.021749,-0.027684,-0.020715,-0.004163,-0.025651,-0.018703,-0.008539,-0.045642,0.003869,0.010991,-0.101554,-0.008350,0.009800
0.021897,0.021112,-0.022512,0.014090,0.076957,0.027495,-0.033264,-0.012193,-0.003899,0.009595,0.024517,0.046559,-0.004713,0.017202,-0.029422,0.007317,-0.067822,-0.015021,0.186078,-0.018232,0.059969,-0.001610,-0.040346,-0.003432,-0.003387,0.107550,0.055378,-0.002363,0.063651,-0.007451,-0.032995,-0.089686,0.000855,0.094118,0.000853,0.191958,-0.025512,-0.018079,-0.002680,-0.051171,-0.014431,0.141831,0.033602,0.063635,0.011081,0.005857,0.298415,-0.025706,0.015538,0.251680,0.027806,-0.007621,0.050751,0.014719,-0.008641,0.015133,0.061119,0.002304,0.006928,0.028725,0.017643,-0.008390,-0.064295,0.012197,0.039153,0.009234,0.099755,0.075180,0.047280,0.008074,0.053274,0.009511,0.015590,0.001132,-0.014307,0.025962,0.016728,-0.001459,0.055124,-0.020015,-0.004927,0.030810,-0.001111,0.006073,0.063737,0.007067,0.016461,0.022750,0.010908,0.055012,0.019595,0.090151,0.049029,0.004376,-0.063190,0.075663,0.042502,-0.002809,-0.022979,0.033125,-0.032351,0.086651,0.021113,-0.001645,0.005063,0.035030,0.012037,0.034145,-0.018355,0.006605,0.017973,-0.007211,0.029843,0.039687,-0.013262,0.056211,-0.001429,0.030609,0.018200,0.092702,-0.048017,0.005139,0.057448,-0.002429,0.033368,0.002433,0.027021,0.076724
0.066775,-0.014261,0.063773,0.043554,-0.013030,0.004610,0.008657,0.030585,0.010636,0.020403,0.018501,0.038356,0.016979,-0.006724,-0.027957,-0.010113,0.087550,-0.037594,0.028274,-0.010775,-0.028189,0.038945,-0.016059,-0.011287,-0.002114,0.032405,-0.036258,0.005395,0.017338,0.014128,-0.025983,0.020008,0.010741,0.007699,-0.001552,0.030128,0.093119,-0.083496,-0.053791,-0.000443,0.046819,0.038028,0.057524,0.053031,0.015117,0.044307,0.001582,-0.029110,-0.002674,0.013942,0.035499,0.004541,-0.015354,0.005257,-0.055617,-0.005191,-0.008189,0.012720,-0.017738,0.020411,-0.003152,0.004630,0.014781,0.012336,-0.009955,0.056250,0.023054,-0.002189,0.035088,0.017167,-0.001293,0.023686,0.008517,0.029880,0.055701,0.028899,0.008809,0.016771,-0.009659,-0.020339,0.028653,0.002997,0.013284,0.001226,-0.065628,0.000740,0.007902,0.000223,-0.005182,0.066607,0.044118,0.011128,-0.023477,-0.006234,-0.014315,-0.010930,0.006116,-0.013772,-0.014742,0.015777,0.003503,-0.026791,-0.017205,0.004984,0.015818,0.003778,0.001532,-0.010040,-0.012793,-0.028588,0.014099,-0.003751,-0.005491,-0.044410,-0.006741,-0.000090,0.042595,0.027231,-0.013455,0.020510,0.020561,-0.009629,0.039886,0.012601,0.008294,0.002567,-0.033682,0.009894
0.012616,0.043235,0.008833,0.024495,0.006726,-0.005252,-0.027233,-0.817618,0.009706,0.005771,-0.018731,-0.033943,0.023093,-0.031073,0.049637,-0.037322,0.026156,0.218061,0.010645,-0.027683,-0.018156,0.014088,-0.008226,0.025848,0.002746,-0.013994,-0.002065,0.053084,-0.030089,0.004881,-0.013124,0.025862,0.002541,0.005283,0.015720,0.006944,0.067002,0.003650,0.032314,-0.158200,0.045881,0.003940,-0.007545,0.024202,0.087602,-0.016858,0.017907,-0.007759,0.221964,0.031575,0.010867,-0.008276,-0.004032,0.006712,-0.021866,0.009152,0.005549,0.010503,-0.006325,0.023548,-0.014682,-0.023637,0.017690,-0.015969,-0.009415,-0.012392,0.015625,0.003464,0.006786,-0.011807,0.007279,0.112126,-0.009111,0.011736,0.058486,0.004484,0.090619,0.000367,0.040057,0.033470,-0.018348,0.010883,0.040723,-0.023198,-0.037358,-0.016740,0.002824,0.007700,0.021525,-0.020549,-0.004614,-0.013568,0.014322,0.065184,0.022984,0.016389,0.011419,0.017060,0.006944,-0.010052,0.063037,0.056770,0.008489,-0.044642,0.036594,0.038316,0.050080,0.006490,0.015832,0.026333,-0.086897,-0.002837,-0.010062,-0.003321,-0.018861,-0.007523,0.010384,-0.009825,-0.060144,-0.023812,0.067940,0.100975,0.006606,-0.002065,0.007156,-0.018580,-0.022424,-0.014258
-0.018447,0.043795,-0.010198,0.012649,0.030349,0.103411,0.005386,-0.024593,-0.005567,0.000630,-0.041564,-0.158632,0.003822,0.041010,-0.022551,0.009395,-0.037808,-0.045267,-0.013123,-0.018804,0.008334,-0.004465,-0.007573,-0.004067,-0.000449,-0.028213,0.000812,-0.015819,0.032082,-0.005116,0.099620,-0.031627,-0.004453,-0.000924,-0.001524,0.009159,-0.036573,0.004205,0.000645,-0.020213,-0.007736,-0.011157,-0.001866,0.042371,0.013448,-0.017518,0.024374,0.046957,-0.010390,-0.025784,0.189681,0.079100,0.020743,0.019756,-0.026164,0.001936,0.001274,-0.003035,-0.000869,0.022352,0.049468,-0.037735,0.042708,0.019168,-0.079163,0.001120,0.081586,-0.011776,-0.006725,0.021221,0.019354,-0.002729,0.030216,0.021051,0.003934,0.060196,0.000296,-0.027278,0.012539,-0.005101,0.021685,-0.052372,-0.010336,0.008317,0.003462,0.033477,-0.034309,-0.016960,-0.007727,0.047635,-0.066095,0.025516,-0.020243,-0.019708,0.009596,0.049992,-0.010694,0.011685,0.049618,-0.015929,-0.013164,0.046148,0.014094,-0.006365,0.003978,-0.022884,0.005619,0.038469,0.037000,-0.025344,0.007907,-0.012152,-0.021887,-0.038382,0.014112,0.022113,0.008017,-0.024578,-0.011208,0.071691,-0.043738,-0.011777,-0.039320,-0.004329,0.016169,0.022681,0.030313,-0.012755
0.026042,0.020812,-0.041195,-0.004765,-0.020893,0.034998,0.003400,-0.041162,0.001218,0.008134,-0.019925,0.009898,0.027111,0.009083,0.001132,-0.018247,0.038764,0.008550,0.010267,0.039909,0.013326,0.016287,0.041942,0.001487,0.011040,0.016760,0.036765,-0.030070,-0.009031,-0.038039,0.040592,-0.000845,0.000620,0.009432,0.011096,0.019299,0.027946,0.003802,-0.012817,0.021002,0.077856,-0.010018,0.006473,-0.086128,0.001518,0.003610,-0.020885,0.008120,-0.024289,-0.034566,-0.032126,-0.001266,0.033538,0.011229,-0.010638,0.017259,-0.021073,0.015845,0.006301,0.006308,-0.022459,0.102568,0.020514,0.022655,0.055311,0.015342,-0.014997,0.004183,0.047507,0.013061,-0.009274,0.015690,0.002589,0.001390,0.025047,0.000628,-0.020585,0.007851,0.019092,-0.008092,0.023053,0.008121,-0.002045,-0.013760,0.006371,0.046229,0.023528,0.009746,0.003165,-0.012491,-0.043768,0.065433,0.008720,-0.008310,0.030875,-0.041156,0.055634,0.022052,0.002805,-0.053446,-0.010174,-0.021301,0.004378,-0.014893,0.015132,0.005134,-0.001039,0.000072,0.003263,-0.012614,0.021675,0.017304,0.053796,-0.010920,-0.034672,0.031069,-0.008462,0.088460,-0.017738,-0.028300,-0.015035,-0.014731,-0.086830,-0.024837,0.027577,0.009856,-0.016450,0.018021
-0.040969,-0.041363,0.027613,0.002261,0.079591,0.017616,0.011858,0.043539,-0.002455,-0.008665,-0.002166,0.001676,-0.018326,-0.006708,0.068914,-0.014202,0.021336,0.034125,-0.033615,0.004355,0.018838,0.062633,0.037273,0.020190,-0.001119,0.030334,0.000322,0.013101,-0.014148,0.006335,-0.024846,0.019025,0.001590,0.010923,0.013734,0.011688,-0.049770,-0.025329,-0.025083,-0.007180,-0.027124,-0.012063,-0.033352,0.042378,-0.002013,-0.022387,0.010024,-0.232030,0.013926,-0.017096,0.050508,0.000126,0.012749,-0.009267,-0.038180,-0.014528,0.000192,0.026049,0.046193,0.001593,-0.013564,0.075899,0.017894,0.008442,0.034173,0.009132,0.054048,0.004510,0.016686,0.002772,0.059149,-0.030045,0.006909,0.014518,-0.019950,0.030637,0.000533,-0.025513,0.033209,-0.017285,0.003824,0.026387,0.000674,0.017842,-0.007273,-0.032507,-0.026721,-0.019198,-0.009716,-0.059928,0.053193,-0.024777,0.024161,0.048122,0.036781,0.023795,0.000663,-0.028636,-0.295586,-0.034356,0.024413,0.002660,-0.029026,0.016968,0.003438,-0.043883,0.025337,-0.033778,-0.009953,-0.004585,0.025577,-0.158199,0.017955,0.033281,-0.002764,-0.053741,0.004629,-0.052306,-0.019152,0.043906,0.038224,-0.005455,0.061555,0.014847,0.009292,-0.015107,-0.044058,0.002880
0.002027,0.009276,0.056509,0.005107,0.009922,0.011385,0.515216,-0.033687,-0.033584,-0.016630,0.007930,0.013034,0.016181,0.027970,-0.005706,0.121241,-0.001208,0.018441,-0.000791,-0.022281,-0.007958,0.035269,-0.011624,-0.061680,-0.111427,-0.000549,0.002762,0.050721,0.009955,-0.002648,0.001940,0.029945,-0.037367,0.007631,0.012734,0.007544,-0.007287,-0.003711,0.000437,-0.027702,-0.028918,-0.004722,0.001596,0.000145,0.032280,0.032479,0.006450,0.003318,0.011039,-0.017493,0.023824,-0.008241,-0.000681,-0.003541,0.003539,-0.058290,0.011726,0.006602,0.008544,0.114999,-0.013850,-0.014082,-0.080317,0.012787,0.010712,0.008851,-0.002845,-0.013952,-0.005804,-0.008192,0.004093,0.109773,0.210812,0.017480,-0.018450,-0.007431,-0.047609,-0.009629,0.010544,0.012806,-0.011422,-0.000357,0.085387,0.008331,0.008000,-0.013255,0.008475,-0.005745,-0.031834,0.005059,-0.010564,-0.004147,-0.013320,0.078774,0.008007,-0.003926,-0.007052,0.013977,-0.001289,-0.006487,-0.009888,-0.006909,-0.003030,0.109188,-0.002835,0.001020,0.144396,-0.014302,-0.094305,0.002062,-0.049475,0.007028,0.018088,-0.000582,0.253658,0.002515,0.000298,-0.008620,-0.027288,0.017845,0.009966,-0.095509,-0.004541,-0.135661,-0.006638,0.025544,-0.033351,0.006329
-0.015425,0.018659,0.013615,0.001833,-0.060471,-0.013576,0.017191,-0.009511,0.024205,0.027314,0.000608,0.091918,0.019405,-0.158202,-0.047345,0.034832,0.011113,-0.005168,0.009886,0.006614,0.033700,0.034966,0.059132,-0.002404,-0.028343,0.005551,0.004656,0.017463,0.014392,-0.004491,-0.013339,0.000526,0.026076,0.019449,-0.013370,0.002207,0.026107,0.000582,0.010261,-0.013240,-0.017493,0.028005,0.026623,0.015602,0.009677,-0.017807,0.014889,0.048085,-0.010893,-0.007786,-0.120730,-0.024162,-0.011303,0.011670,-0.031322,-0.016914,-0.015009,0.012081,0.021672,0.024103,0.074673,-0.034735,-0.011325,-0.010389,0.053415,-0.014398,-0.116167,-0.009444,-0.002841,-0.032610,-0.016007,-0.017987,0.030404,-0.022538,-0.023109,-0.039365,-0.025569,0.023907,-0.009821,0.017465,-0.041387,-0.021405,-0.025514,0.003229,-0.005282,0.030312,0.004355,-0.005768,-0.010683,-0.049918,-0.019905,-0.009150,0.014825,0.007005,-0.035016,-0.039979,0.007905,0.011288,0.032456,-0.003436,-0.025323,0.022584,0.015416,0.009977,0.039675,0.003028,0.013269,-0.000796,-0.041492,0.016807,0.011250,0.018647,-0.008467,-0.032821,0.002988,-0.003619,-0.000951,-0.026996,0.016193,0.056324,-0.034711,-0.015078,-0.030147,0.006967,-0.012372,-0.084471,0.034910,0.012743
-0.031569,-0.021880,0.065469,0.026539,-0.015749,0.029655,-0.025332,0.030413,-0.030645,-0.026238,-0.025982,0.022082,-0.525593,-0.010853,-0.029648,0.015830,-0.052205,0.022190,0.000475,0.000970,0.002255,-0.014229,0.001510,-0.080311,-0.030076,-0.007011,0.006611,-0.015988,-0.019770,-0.018328,-0.008071,0.000455,-0.028025,0.000134,0.073296,-0.004965,-0.000751,-0.023047,0.083779,-0.040163,-0.079347,0.002419,0.000353,-0.026522,0.129101,0.009459,-0.007408,-0.023657,-0.003118,0.019201,-0.044564,0.012877,-0.007910,0.019505,-0.058499,0.011757,-0.014436,-0.401871,-0.195303,0.027955,-0.004019,-0.009618,0.109802,-0.003254,0.021333,0.003840,0.004158,0.008400,0.003322,-0.009432,-0.014887,-0.094628,-0.006427,0.011931,0.000193,0.035260,-0.028557,-0.009466,0.009084,0.131257,-0.011875,-0.016263,0.042816,-0.028429,0.019781,-0.004061,-0.029881,-0.014641,0.048055,-0.041697,0.020029,-0.018947,-0.033526,-0.008826,-0.250189,0.009782,-0.012994,-0.391875,0.002588,-0.002589,0.000560,0.039047,-0.011509,-0.074451,-0.000206,0.011795,0.111781,-0.030655,0.040402,0.086070,0.090157,-0.027442,-0.019535,0.030835,-0.023171,-0.028696,-0.013112,-0.015899,-0.013947,-0.039719,0.010682,-0.067716,-0.015807,-0.014109,-0.005148,-0.013733,0.002220,0.002396
0.007953,-0.063478,-0.001626,0.004501,0.084696,-0.013133,0.016738,0.029321,0.005284,0.009477,-0.004769,0.040000,0.015551,-0.022679,0.004790,-0.017266,0.037959,-0.038034,-0.016567,0.022923,0.016433,-0.000080,0.057099,0.006765,0.007114,0.042425,0.001928,0.031156,0.008664,0.067542,0.066115,0.022168,-0.002484,0.005014,0.011897,0.029366,-0.009044,-0.043958,-0.021288,-0.014853,-0.014916,0.010153,0.085592,0.025306,0.006133,-0.061231,0.013449,0.018891,-0.017840,0.058712,0.033124,0.003448,0.004368,-0.006456,-0.040423,-0.010669,0.055722,0.034836,0.047591,0.008277,-0.002261,0.012789,0.066005,0.004680,0.061635,0.015222,0.006335,-0.016131,0.051993,0.004768,0.021461,-0.024432,0.001436,0.016715,-0.008138,-0.001163,-0.010332,0.067519,-0.049085,0.003899,-0.002538,0.006526,-0.013743,0.022242,-0.014864,-0.028490,0.009280,-0.018102,-0.021144,0.077475,0.062417,-0.126446,-0.027768,0.003921,0.032913,0.014196,0.015149,0.020319,-0.053742,0.100387,0.100161,0.083513,-0.033409,0.011511,-0.005725,0.022731,-0.005120,0.030683,0.042618,-0.028780,0.004112,-0.075989,-0.028929,0.059566,0.000167,0.016504,0.017549,-0.087029,-0.019779,0.037441,0.008569,0.001715,0.047785,-0.014768,0.000615,-0.016780,-0.031740,0.005509
0.008951,-0.033394,-0.014237,-0.000409,0.005793,0.027550,0.013658,-0.022844,-0.014403,-0.013667,-0.014088,0.013915,-0.064285,0.000458,0.020844,-0.008946,0.023022,-0.006844,-0.008768,0.014284,-0.026961,-0.008564,0.030966,-0.003394,0.001667,0.013421,-0.025535,-0.012186,-0.016349,0.032161,-0.011937,0.013665,-0.006269,0.002604,0.026479,0.019849,-0.035039,0.057481,0.002607,-0.002675,0.029572,0.003729,0.004890,-0.051905,0.018592,-0.007713,-0.004543,0.027714,0.013092,-0.012589,0.004329,0.095109,0.017534,0.014409,0.052903,0.011901,0.021309,-0.032552,-0.044581,0.009630,0.083645,0.068859,-0.006924,-0.014627,-0.003348,-0.017949,-0.017804,-0.038570,0.004555,-0.017547,0.027717,-0.003336,0.016065,-0.026011,-0.035296,0.082158,0.007527,0.032977,-0.035257,-0.003826,-0.013234,0.142964,0.018200,-0.019381,0.004627,0.143751,0.095079,0.094206,-0.007669,-0.003960,-0.039961,-0.004760,0.108644,0.005520,-0.049213,0.028452,0.000804,-0.038495,-0.018270,0.034797,-0.003977,-0.013563,-0.011378,-0.013305,0.059010,-0.013311,0.014476,0.014139,-0.005133,0.007376,0.021256,0.006867,0.052714,0.124941,-0.006524,0.005348,0.007672,0.005181,0.008863,0.035295,-0.004752,-0.010928,-0.003387,0.010774,0.000480,0.000810,-0.048985,-0.007908
0.054819,0.022899,-0.006364,0.001941,-0.008201,0.016007,-0.013891,-0.028270,0.010186,0.009161,0.001467,0.009471,-0.003190,-0.017198,0.041176,-0.009131,-0.002593,0.003462,0.010845,0.027595,-0.026260,0.000619,0.038249,-0.020671,0.014257,0.005465,-0.011294,0.065770,0.103127,0.010402,0.010816,-0.008962,0.008240,-0.002775,-0.019043,0.006241,0.227783,0.010450,0.012047,0.007805,0.010288,-0.012472,0.003664,0.016009,0.011667,-0.046838,-0.011980,-0.000216,0.078937,-0.054921,0.025287,-0.001679,0.029218,-0.079627,0.032383,-0.013717,-0.014476,-0.010315,-0.001898,0.039921,0.014929,0.011356,0.035566,0.003536,0.024898,0.076739,-0.023443,-0.002475,0.017508,-0.006083,0.022502,0.014623,-0.072192,0.054350,0.049883,-0.022691,0.041757,-0.000890,0.019187,-0.026945,-0.001834,-0.024472,0.011510,0.254106,0.045598,0.002548,0.002246,-0.008125,0.053893,-0.011993,-0.020085,-0.036111,-0.016983,0.024555,-0.087957,-0.011746,-0.035059,-0.004398,0.003178,-0.001253,-0.219553,-0.148329,0.030330,0.017383,0.027188,0.045757,0.037250,-0.005873,0.068713,0.037180,0.032948,0.005722,0.016080,-0.007661,-0.060230,-0.011944,0.040709,-0.278108,-0.004862,0.036160,-0.054360,0.041789,0.028041,-0.026226,-0.038573,-0.007882,-0.005943,0.013042
-0.008512,-0.009066,-0.002975,0.035248,0.010286,-0.005443,0.062265,0.005967,0.009273,0.008142,-0.008679,-0.005561,-0.001080,-0.006312,0.006721,-0.036867,-0.046795,0.026764,0.001374,-0.037089,-0.023968,-0.494716,0.097730,-0.003068,-0.045608,-0.005031,-0.015671,-0.027227,-0.010717,-0.004488,0.008363,0.001797,0.010774,0.004278,0.060267,0.001348,0.023163,0.003656,-0.023794,0.003586,0.007513,-0.001755,-0.021787,0.016149,-0.018648,-0.015839,-0.001285,0.004934,-0.007539,0.002788,-0.002905,-0.007268,0.007715,-0.000446,0.016879,-0.025000,0.001535,-0.008433,-0.002562,0.055693,0.008552,0.010825,0.006865,-0.012144,-0.006827,-0.006686,0.017753,-0.001710,-0.006282,0.579298,0.005873,0.017127,-0.029859,-0.003356,0.002891,-0.027881,-0.002762,0.002010,-0.004231,0.006157,0.580020,0.003023,-0.022329,0.005465,0.036263,0.004506,-0.012264,-0.005704,-0.017988,-0.003349,-0.003332,0.004391,0.000043,0.036454,0.002083,0.011792,0.007068,0.004685,0.011865,0.002929,-0.022563,-0.004774,0.027222,0.005823,0.002397,0.015504,-0.001814,0.030321,-0.052660,-0.030267,0.011357,0.007403,-0.005169,-0.014216,0.023657,0.035480,0.005889,0.000709,-0.014790,-0.006699,0.016976,0.023272,0.032916,-0.013882,-0.005147,-0.000502,-0.027551,-0.015784
-0.009406,0.024111,-0.040070,0.018666,0.016012,0.004638,0.020037,-0.014908,0.006394,0.012413,0.018923,0.010057,0.009006,0.402946,0.047939,0.066339,-0.014671,0.007101,0.026506,-0.040861,-0.013285,0.015573,0.055844,0.016637,-0.045532,0.001264,-0.006266,0.009020,-0.012516,-0.008172,0.020558,-0.021823,0.002054,0.004614,0.000319,0.009143,0.019502,0.025183,-0.038895,-0.023220,0.001067,0.011005,-0.027393,0.031328,-0.039954,-0.012244,0.027595,0.010231,-0.051755,0.009771,0.028552,-0.006185,-0.004198,0.006317,-0.044992,-0.017187,0.010070,-0.041308,-0.013760,0.015240,0.005386,0.071826,0.010665,-0.015133,0.011971,-0.050645,0.026190,0.010468,-0.032769,-0.077417,0.033756,-0.033118,-0.002345,-0.023683,-0.007408,-0.009049,-0.033979,0.000445,-0.005226,0.046427,-0.082747,0.013212,0.007842,-0.007778,0.048111,0.035574,0.011003,0.012374,-0.005919,-0.020233,-0.010803,-0.029688,0.014372,0.004189,-0.051832,-0.015921,0.029592,-0.002654,-0.007953,-0.000668,-0.036938,0.016895,0.022760,-0.009418,0.007778,0.011843,0.008203,0.063230,-0.021222,-0.039058,-0.009824,0.048533,0.034479,-0.050053,0.035561,0.061569,-0.002885,-0.031293,0.017484,0.004632,-0.001420,-0.017301,0.054559,-0.005889,0.027213,0.359281,0.033949,-0.004565
-0.069145,0.038037,0.043862,0.034460,-0.163243,0.006475,-0.000923,-0.006295,-0.015031,-0.000549,-0.018230,-0.021671,0.050376,0.013843,-0.237811,-0.027955,-0.012823,-0.002988,0.014395,0.022392,-0.031302,-0.009293,0.031345,0.013124,-0.010834,-0.021633,-0.041537,0.037258,0.051629,-0.003845,-0.008865,0.024205,-0.002879,-0.041646,0.053414,0.025631,0.014702,-0.015771,0.012821,0.035922,0.035534,-0.006015,-0.006697,0.009083,0.012964,-0.009802,0.019278,-0.026110,0.008186,0.033193,-0.047472,0.012257,0.010803,0.031261,-0.053386,0.011002,0.009014,0.012607,-0.018275,0.016719,0.045145,0.024624,-0.012630,-0.067764,0.014793,-0.006661,-0.045223,-0.017933,-0.032405,-0.040745,-0.047288,0.010973,0.001797,-0.015139,0.041681,0.029726,0.016664,-0.029236,0.037342,0.013558,-0.031230,-0.017774,-0.034639,-0.011605,0.020722,0.005620,-0.035690,0.001568,0.012653,-0.005362,-0.057529,0.136244,-0.022708,-0.002637,0.028915,0.015356,-0.093508,0.008966,-0.008590,0.006103,0.076352,0.084094,0.062909,-0.006035,0.068658,-0.009223,-0.010400,-0.073394,0.008608,-0.002972,0.013250,0.044517,0.016064,-0.018006,-0.001848,-0.067705,0.005284,-0.035692,-0.012390,-0.048487,0.018760,-0.021663,-0.017597,-0.006332,-0.010619,0.005917,-0.016526,-0.006634
-0.011590,-0.013152,-0.033573,0.013962,0.037651,0.023838,0.028996,-0.011187,0.003743,-0.003302,-0.007138,-0.015650,-0.002498,-0.233897,0.015215,0.026677,0.003175,-0.007875,0.001148,-0.013798,0.027837,0.007383,-0.006789,0.016681,-0.032150,0.005545,-0.004835,-0.021112,-0.000166,0.002306,0.011705,0.014263,-0.011555,0.008241,0.007779,0.004654,0.003838,-0.012436,-0.002020,0.017823,0.042757,0.000729,0.004968,-0.028748,-0.010874,0.022739,0.011925,0.002281,-0.004460,0.011805,0.018649,0.008835,0.001769,-0.011027,-0.028367,-0.004408,0.000273,0.006628,0.006311,0.029407,0.001138,0.017597,0.048749,0.002701,-0.031905,-0.008481,0.035880,0.004062,-0.002620,0.001711,0.036188,0.002121,0.025029,0.004303,0.021386,0.024491,-0.020547,0.010694,0.013449,0.024204,-0.002726,-0.002009,-0.003071,-0.005785,-0.002198,0.002140,0.010528,0.007088,-0.011886,0.019846,-0.009525,0.008205,0.007713,0.001009,-0.014728,0.020156,0.013553,0.005426,-0.023058,0.017066,-0.007165,-0.002244,-0.009697,0.007497,-0.004103,0.014985,-0.003414,0.007257,0.011807,0.002250,0.014915,-0.018089,0.003129,0.018770,0.010516,0.008614,0.000092,0.018148,-0.011923,0.013651,-0.014692,-0.005388,0.016689,-0.006064,-0.003116,-0.186949,-0.001493,0.007586
0.094589,-0.008419,0.064927,0.013162,0.018352,-0.045134,-0.010888,0.056956,0.006224,-0.005514,-0.000887,-0.001372,0.015591,-0.011840,0.009136,-0.009770,-0.001939,-0.035395,0.014084,-0.054240,-0.027878,0.010041,0.059216,-0.020039,0.008493,-0.015107,-0.024664,0.080037,0.034998,-0.025601,-0.010571,-0.086418,-0.009745,0.013092,-0.000718,0.005448,0.075425,-0.001456,-0.003805,0.011117,0.034511,-0.013330,0.003588,0.025956,0.008776,0.025127,0.017057,-0.003350,-0.067064,0.022429,-0.010479,-0.002223,-0.012662,-0.010759,0.044467,0.023446,-0.017331,-0.001989,0.015822,0.027453,-0.000613,0.021934,0.013625,-0.045304,0.008620,-0.188327,-0.017949,-0.001153,0.004141,-0.012132,0.021881,0.018304,-0.020233,-0.118374,0.044732,0.019027,0.045331,0.000098,-0.036564,0.004212,-0.013192,0.009800,0.029697,0.110594,0.012976,-0.009787,0.016602,-0.014923,0.006959,0.021576,-0.012773,-0.004551,-0.000193,0.000739,-0.071225,-0.018465,-0.023347,0.001594,-0.021455,-0.021589,-0.371358,-0.153092,-0.003249,-0.020507,-0.043499,-0.001325,0.000140,-0.004393,0.022567,-0.003898,0.011626,0.001370,-0.002359,-0.012184,-0.017841,-0.011413,-0.034720,-0.133418,-0.002037,0.025857,-0.032255,0.029175,0.020050,-0.009870,0.015608,0.005839,-0.029988,-0.007231
0.012846,-0.063638,-0.011490,0.054729,0.113345,-0.003328,-0.005679,0.011497,-0.003099,0.000299,-0.011633,0.007010,0.035163,0.082240,-0.000359,-0.015930,0.017786,-0.001611,-0.009800,-0.034200,0.011350,0.011150,-0.019514,0.000652,-0.011168,-0.002048,-0.004689,-0.001601,-0.065049,-0.003081,0.021512,-0.029444,-0.014293,0.027598,0.053239,-0.015838,0.015217,-0.039545,0.011565,0.035593,0.020809,0.005477,-0.012221,-0.070844,-0.013841,-0.015716,0.000348,-0.002258,-0.015164,0.038931,-0.005313,-0.000616,0.014110,0.048502,-0.030470,-0.008974,-0.021985,0.049668,0.017017,0.029804,-0.017207,-0.015984,0.042883,-0.021131,0.019010,-0.034618,0.015191,-0.012991,0.006581,-0.012115,0.028995,-0.026890,-0.026416,-0.020471,0.019726,-0.008029,-0.011797,0.027197,-0.014397,0.025956,-0.008248,-0.023750,-0.020635,0.002859,-0.001294,0.024386,-0.011237,-0.045802,0.059181,-0.018278,-0.022729,-0.662840,-0.014795,-0.003774,0.015625,0.065655,0.093182,0.054933,0.017476,0.017203,0.004105,0.006544,-0.010231,0.017781,0.010201,0.014667,-0.010047,0.036323,-0.009601,0.012634,0.020422,-0.005042,-0.022668,0.008994,-0.010546,0.049054,0.019919,0.046647,-0.002525,-0.023144,-0.031160,-0.022316,0.045105,0.011028,0.010133,0.044777,0.033839,0.021783
-0.033233,0.061803,-0.054329,0.015283,-0.012121,-0.003099,0.000563,0.060014,-0.021465,-0.003734,0.019758,0.036787,-0.045069,-0.012253,-0.003200,-0.013254,0.012361,0.049230,0.004225,-0.033086,0.042639,-0.015246,0.072915,0.025799,-0.023931,-0.002851,0.051465,-0.020364,0.006794,0.009539,0.004118,0.029904,-0.009679,0.006287,0.042067,0.010399,0.028970,0.076389,-0.009407,0.173968,0.209408,-0.003745,-0.065521,0.051499,0.009348,-0.019187,0.011545,-0.019626,0.020967,0.011113,-0.007798,0.006546,-0.004811,0.031297,0.053469,0.020301,0.004894,-0.026698,-0.018440,0.009864,0.042065,0.053193,-0.012362,-0.007618,0.004770,-0.034282,-0.023773,0.029050,0.003528,-0.021136,-0.000240,0.119218,0.035626,-0.026224,0.130447,-0.018578,0.032717,-0.021295,-0.018167,-0.024875,-0.006045,-0.006556,-0.000798,0.027115,-0.047839,0.042102,0.002736,-0.026957,0.005072,0.007674,-0.010168,0.015198,0.016200,0.006706,-0.025725,-0.010891,0.045297,-0.006047,-0.006007,-0.023203,0.042715,0.019927,-0.007449,-0.019571,0.050265,0.045484,0.003039,0.081439,-0.051501,-0.031835,0.028043,-0.013407,-0.031528,0.006250,-0.054673,0.106604,0.038021,0.030710,-0.021033,-0.009507,-0.007668,-0.026776,-0.007940,0.035020,-0.001708,0.019468,0.075205,0.000376
-0.044023,-0.032454,-0.006487,-0.007457,0.005169,-0.002707,-0.000879,-0.028833,-0.011259,-0.004189,0.047023,0.092644,0.003844,0.000376,0.004028,0.039945,-0.000340,0.013198,-0.009784,-0.000541,-0.009668,0.014912,-0.006385,0.002641,-0.013905,-0.029161,-0.003847,-0.035154,-0.007718,0.023010,-0.067520,-0.012997,0.000924,-0.022811,-0.015657,-0.009670,0.030547,-0.001301,-0.003820,0.003802,-0.041917,-0.029226,0.034427,0.038668,0.001096,-0.014199,-0.018714,-0.073010,-0.012531,0.031157,0.020735,0.003609,0.003081,-0.013688,0.029005,-0.000815,-0.006317,0.011908,-0.014372,-0.018591,-0.109201,0.008173,-0.039340,0.003207,0.037125,0.006947,0.018790,-0.017116,-0.026732,0.004309,-0.004071,0.029511,0.020083,0.014013,-0.035788,-0.068811,0.001015,0.035207,-0.014559,-0.003610,0.015232,0.152398,-0.008663,0.001107,-0.007172,0.067696,0.076458,0.075585,-0.001191,0.024326,0.021678,0.009490,0.150486,0.004556,-0.049211,0.057210,-0.003978,0.010222,-0.041376,-0.001020,0.007182,0.004646,0.025708,0.036535,-0.074352,0.008763,-0.000215,-0.005336,-0.041803,0.028950,0.008871,0.016945,0.055664,-0.062475,-0.020078,0.005465,-0.003726,-0.024222,0.005492,0.111928,0.041211,0.004184,0.010840,0.020059,-0.010237,0.001537,-0.002528,-0.043487
-0.022613,-0.084734,-0.002826,-0.015013,0.008360,0.115582,0.013390,-0.002358,-0.001780,0.000185,-0.165699,-0.352780,0.058423,0.074935,-0.044550,0.012668,0.019388,-0.003002,0.001680,-0.018460,0.004774,-0.015207,0.032593,0.012619,-0.009526,0.008886,0.000584,-0.038372,0.017169,0.021202,-0.025407,0.009576,-0.006454,0.013917,-0.024855,-0.022510,-0.003576,0.026440,0.002115,-0.023756,0.002015,0.008097,0.052959,0.047704,-0.005846,-0.042273,-0.015068,-0.031896,-0.011821,-0.007221,0.043302,-0.014991,-0.039639,-0.000352,-0.038881,-0.002382,-0.010923,0.020161,0.030483,-0.006080,0.005280,0.002635,0.076343,0.011692,0.001014,-0.028615,0.046906,0.002776,0.002938,-0.021030,-0.016576,-0.085337,0.020345,-0.002550,-0.003781,0.049903,-0.039339,0.009561,0.003340,-0.018567,-0.019635,0.155204,0.011561,0.001854,0.018786,0.074824,0.073582,0.079231,-0.006745,0.017059,0.005533,-0.008664,0.257761,0.010689,0.011070,0.013216,-0.033630,0.038826,-0.029334,0.006896,-0.021221,-0.036313,-0.018377,0.005174,0.012430,0.013506,0.019409,0.019975,0.027020,0.012732,0.027025,-0.292052,-0.018179,-0.010551,0.013573,0.019415,0.006060,-0.036730,-0.018950,0.003789,-0.019646,-0.004200,0.009474,0.012137,0.017058,0.037523,-0.025385,0.004761
0.003241,-0.002077,0.093441,0.005127,0.011143,-0.003695,-0.094888,-0.050686,-0.013700,-0.007944,-0.002762,-0.005402,-0.026790,-0.012458,0.017379,-0.037395,-0.006098,-0.010153,-0.011167,0.055319,0.011029,-0.007280,0.004275,0.563130,0.242779,0.000174,0.007484,0.096840,0.026158,0.007163,-0.000985,-0.018569,-0.020504,0.002384,0.031921,-0.002838,0.009167,-0.013347,0.000355,-0.068487,-0.071235,-0.010363,0.003430,0.001369,-0.136773,0.048837,-0.022121,0.010131,0.011340,-0.028400,0.012905,0.011133,-0.003925,0.027635,-0.005665,0.240714,-0.002417,-0.021422,-0.006613,0.076880,-0.012690,-0.000919,-0.069092,0.009988,-0.015104,0.009994,0.001495,0.006900,0.008940,0.014597,0.000356,0.035991,-0.034331,0.000961,-0.062857,0.006591,-0.028639,0.004421,0.004959,0.190431,0.012143,0.008885,-0.194381,0.017269,-0.026574,0.006645,0.018160,0.006847,0.170665,-0.025428,-0.007022,0.006367,0.001257,-0.045620,-0.022159,-0.001640,-0.020828,-0.010581,0.013865,-0.001965,-0.023364,-0.026013,-0.009651,-0.084450,-0.022375,0.001448,-0.068074,-0.026556,0.075565,0.011391,0.171124,-0.001125,0.004192,0.004878,-0.055737,-0.021631,-0.003178,-0.045505,0.250000,0.010966,-0.015990,0.043712,0.007098,0.075145,0.015636,-0.013953,0.018256,0.003568
0.036211,0.024199,-0.040677,-0.015107,-0.037207,0.007258,0.002821,-0.036063,-0.009312,-0.005379,-0.008888,0.009564,0.078226,0.019378,-0.001657,-0.012030,0.005501,0.020000,-0.016784,0.059310,0.020571,-0.027857,0.061099,0.009540,0.007796,0.001346,0.033614,-0.018904,0.028728,-0.020858,0.050434,-0.018380,-0.005340,0.034641,-0.013664,-0.014019,-0.020704,0.034815,0.018984,-0.010623,-0.001208,-0.011266,0.006047,-0.076358,-0.008032,-0.036072,-0.051669,-0.020368,0.033408,-0.056993,-0.055793,-0.015339,-0.020145,0.024684,0.001429,0.003003,-0.026535,0.087371,0.020314,0.004701,-0.072628,0.029954,0.073841,0.014693,-0.015678,0.007257,0.024933,0.007007,0.029683,0.004509,-0.011133,-0.048307,-0.000642,0.032132,-0.019812,0.065964,0.002083,0.001334,-0.017463,0.003498,0.006094,-0.052764,-0.009230,-0.031242,0.052934,-0.025594,0.004491,0.023958,0.000153,-0.044040,-0.007961,0.082265,-0.076210,-0.007831,0.055225,-0.180623,0.024511,0.056977,0.005179,-0.059642,-0.008990,-0.016536,0.009272,-0.022802,-0.007668,-0.017366,0.001275,-0.002113,0.046367,0.047618,0.027282,-0.082391,-0.006014,0.006277,-0.019058,-0.019607,0.026456,0.022098,-0.022293,-0.059349,-0.013588,-0.015878,-0.062490,-0.012067,-0.006837,0.008610,-0.026393,0.014224
-0.044120,0.042349,0.017742,-0.026098,-0.022241,0.006850,-0.005108,0.030039,-0.013056,-0.003807,-0.052243,-0.041696,-0.023887,-0.006883,0.045093,-0.000080,-0.064642,-0.029253,-0.000799,0.018596,0.037993,-0.012675,-0.126081,0.026568,-0.019477,0.008877,0.033236,0.045665,0.009666,0.043823,-0.034908,0.008676,-0.007797,-0.050759,-0.021928,0.029521,-0.013191,-0.086352,0.000273,-0.046919,-0.050400,0.013873,0.031790,-0.019101,0.013316,0.003549,0.017648,0.025979,0.006807,-0.041716,-0.029945,-0.002475,0.031850,-0.009268,-0.017873,0.016954,0.039965,-0.032966,0.054746,0.002654,-0.011855,-0.016737,-0.014833,0.002660,0.001229,-0.037673,-0.046121,0.001687,0.015246,0.008709,-0.064105,0.048034,0.007269,-0.047432,-0.019974,-0.007475,0.017174,-0.023653,0.047735,-0.008464,0.022917,0.019609,-0.016110,0.009978,0.032652,0.007361,-0.016321,0.014034,0.014768,-0.010402,0.035887,-0.061461,0.002800,0.001844,-0.006889,-0.025756,-0.022003,-0.013138,0.008517,-0.003613,0.057347,0.061846,0.016854,0.010846,-0.016310,0.031400,0.001507,-0.053054,0.011384,0.023937,0.017473,0.018525,-0.008616,0.065254,-0.014413,-0.032413,0.042071,-0.033104,-0.012729,-0.000447,0.025049,0.004593,0.051039,0.011077,-0.006556,0.011616,0.014802,-0.010301
0.003633,0.002128,-0.026010,-0.020239,-0.015489,0.004422,-0.114045,0.111268,-0.004462,-0.015525,-0.007030,-0.002681,0.023813,-0.014673,0.006675,0.014957,0.004447,0.017806,-0.004212,0.053408,0.005231,0.027021,-0.005189,-0.074791,0.061587,0.003902,-0.000324,-0.045328,-0.012331,0.007360,0.009414,-0.006020,-0.002512,0.001016,-0.016274,-0.003806,-0.019440,0.005655,-0.023332,0.047560,0.012117,0.001792,0.002423,-0.000321,0.213185,-0.004167,-0.012672,-0.009155,-0.021450,-0.013367,-0.004996,-0.000623,0.009075,0.017781,-0.008697,0.050373,0.014993,0.015954,0.010938,0.424675,0.009466,-0.000593,-0.013114,-0.008737,0.004964,-0.028281,-0.012921,0.005625,0.002303,-0.030910,0.002592,-0.061499,-0.191844,-0.012277,-0.004117,0.000063,0.236553,-0.000240,-0.010466,0.176722,-0.034038,0.007927,0.277049,-0.018727,0.007635,0.004026,0.010881,0.009848,0.063980,0.023355,0.002583,0.010022,0.006964,-0.067606,0.018036,-0.005586,0.018851,0.016773,-0.007166,0.009912,0.002296,0.008378,0.015244,0.086392,-0.003408,-0.004779,0.126606,0.008486,-0.096293,-0.031667,-0.234478,-0.010878,-0.008324,-0.001414,-0.036620,0.023461,0.012278,0.047062,0.014654,-0.000734,0.027999,0.442650,0.000291,-0.059059,0.002632,-0.008797,0.008625,-0.000338
0.077406,0.038613,0.025190,-0.016137,-0.015992,0.035008,0.015284,-0.008868,0.002210,0.008190,-0.016291,0.022871,0.034417,-0.005085,0.001475,0.002722,0.070524,-0.042296,0.027102,0.000420,-0.047387,0.027606,0.010659,0.004226,-0.009817,0.028523,-0.016783,-0.017093,0.036729,0.004024,0.002063,0.043331,0.003679,0.031138,-0.006035,0.013350,0.119201,-0.032255,-0.004336,-0.034852,0.016709,0.034984,0.018029,0.006336,0.011058,0.009988,-0.002632,0.005362,0.012593,-0.018914,0.004396,0.045478,-0.033970,-0.014222,0.005093,-0.010986,0.032058,-0.017912,-0.019830,0.016720,0.026818,0.007435,0.038495,0.008666,0.013093,0.042229,0.029607,-0.008699,0.048514,0.015890,0.020843,0.031102,0.002140,0.008506,0.033552,0.069116,-0.009479,0.013424,0.031244,-0.004344,0.016963,0.002923,0.009114,0.038944,-0.024022,0.004884,0.007308,-0.011934,-0.004668,0.015133,0.002120,-0.007229,-0.000614,-0.002709,-0.029116,-0.000961,0.000983,-0.016429,-0.002904,0.047594,-0.003081,-0.031534,-0.025080,0.025742,0.023479,0.011984,0.003169,0.031587,0.024627,-0.011094,0.011266,-0.008308,-0.011250,-0.052719,-0.009910,0.023252,0.052818,0.025791,-0.019755,-0.018670,-0.006010,0.009426,0.009889,0.002579,-0.011780,-0.013645,-0.023207,-0.026071
0.000857,-0.000446,-0.025443,-0.011766,-0.009296,-0.009196,-0.007572,0.092026,-0.018406,-0.008531,0.002159,0.005246,-0.003130,0.000371,-0.017016,0.100021,-0.025674,-0.015351,-0.021217,-0.027542,-0.017392,0.035297,0.003882,0.075407,0.037151,-0.013618,-0.000086,-0.053343,-0.008267,-0.008108,-0.021477,0.023149,-0.007311,-0.002383,-0.002412,-0.027708,-0.015277,0.011605,-0.035820,0.046066,0.027901,-0.006976,-0.011913,-0.029540,-0.067786,-0.014224,-0.021320,-0.002323,-0.040199,-0.026224,-0.007966,0.011709,-0.002915,0.009286,-0.012794,0.053477,-0.002643,0.009344,-0.005247,0.193427,0.007174,-0.009859,0.029065,-0.009303,-0.005804,-0.030007,-0.009898,-0.013231,0.000126,-0.025325,-0.002924,-0.022841,0.025407,-0.030827,0.020628,0.009679,-0.002126,0.001705,-0.018207,-0.094704,-0.028727,-0.018840,-0.198631,-0.004496,-0.018309,0.006305,-0.019582,-0.009955,0.098734,0.029766,0.004545,0.002732,-0.013587,0.045861,0.006814,-0.003130,-0.011373,-0.008302,0.004245,-0.001717,0.006308,0.004698,0.006867,-0.080817,0.010411,-0.007306,0.188517,-0.001155,-0.011532,-0.047247,0.116435,0.013775,0.003409,0.022668,0.102032,-0.019077,-0.003250,0.000993,0.052185,-0.005296,0.019958,0.318692,-0.036316,-0.012503,0.013032,0.005799,-0.014920,-0.005701
0.029282,-0.016932,-0.035517,0.001616,-0.006105,0.004467,0.007335,0.053431,-0.011198,-0.006492,-0.021851,0.025497,0.022886,0.000692,-0.001804,0.012671,0.081770,0.050873,0.060963,0.037188,0.018856,0.009624,0.021037,0.010595,0.013881,0.030052,-0.020749,0.031319,-0.015363,0.074800,0.006181,-0.042909,0.000449,-0.005669,-0.005254,0.043691,0.001688,-0.102400,-0.001657,-0.016218,-0.053674,0.049626,0.101964,0.021970,-0.012975,-0.022965,0.102258,-0.032883,0.042742,0.033506,0.030142,0.024335,-0.022200,-0.032728,-0.133395,-0.007762,0.023452,0.027818,-0.004324,-0.004338,0.012587,-0.012332,0.007517,0.015983,0.051241,0.033487,-0.017223,0.025593,0.045438,0.024360,0.015746,-0.001076,0.006162,0.028188,-0.052486,0.041647,0.004612,0.016781,0.004057,-0.001023,0.021472,-0.039053,-0.000518,0.007776,-0.055214,0.019785,0.003510,0.003506,-0.014694,-0.015933,0.024887,-0.031475,-0.057360,-0.002049,0.039623,0.002980,0.007954,0.037583,-0.018551,0.044245,0.021878,-0.002031,-0.013251,-0.009704,-0.059927,0.022484,-0.001860,-0.009509,-0.012886,0.025691,0.008927,-0.085410,0.020703,0.038900,-0.008071,-0.001732,-0.040792,0.057718,-0.011363,0.093828,0.037860,-0.003585,-0.010265,0.009447,-0.007026,-0.001617,0.007636,0.033159
-0.039685,0.029583,0.048125,0.006750,0.104053,0.079618,0.010631,0.025527,-0.007999,0.000866,-0.022558,0.015237,0.034614,0.010597,0.054074,-0.014848,0.005921,0.022481,-0.015285,-0.039455,0.016826,0.009418,0.041430,-0.002187,-0.027959,0.015561,-0.004290,-0.002633,0.000349,0.015032,0.061666,-0.022240,-0.002635,0.006976,0.024531,-0.022718,0.037065,0.001082,-0.001037,0.064505,0.003112,-0.026786,0.040976,-0.007314,-0.000179,0.013040,-0.011548,0.025962,0.010861,0.024331,0.190164,-0.001589,0.021222,0.035219,0.001120,0.005817,-0.059504,0.006184,-0.016363,0.013972,0.029052,0.023477,0.040964,-0.015805,-0.058435,-0.023694,0.099100,0.023292,0.005454,-0.024905,0.080216,-0.028919,0.021810,-0.029151,0.042390,0.031733,-0.001081,-0.046054,-0.003415,-0.010679,-0.012680,-0.053792,-0.001409,0.013301,0.028308,0.017898,0.039834,0.005331,0.008141,0.007103,-0.056935,0.010866,-0.065969,0.000749,-0.030742,0.045613,-0.020412,-0.006342,0.004943,-0.029670,0.013844,0.072734,-0.007643,0.009103,0.016316,0.050750,-0.006967,0.002215,0.017175,-0.000857,0.007430,0.065516,0.027866,0.001707,0.016210,-0.004954,-0.022847,-0.046133,-0.008856,0.023981,0.031422,0.005352,0.003259,-0.001572,0.025541,-0.009216,-0.001499,0.029154
