-0.081681,0.092329,-0.030023,0.032371,-0.026855,-0.160897,-0.190568,0.086658,0.021967,-0.120372,-0.272069,-0.052572,0.529242,0.025175,-0.009575,0.039868,-0.271799,-0.057558,0.181852,0.210484,-0.381669,0.366577,0.017183,-0.139098,0.304420,-0.021260,-0.017198,0.057526,0.045309,0.046554,-0.154400,-0.050026,-0.308455,-0.027292,-0.052046,-0.021167,-0.059225,0.058705,-0.160473,0.017066,-0.006415,0.092881,0.075868,0.081067,0.067323,-0.199085,-0.061046,0.033013,0.122461,-0.191949,0.016880,-0.228585,-0.021154,0.109489,0.156584,-0.040279,-0.074733,-0.250159,0.101470,-0.021523,-0.041276,0.106315,-0.139184,0.093241,0.194171,0.251947,0.075494,0.093339,0.136999,0.259349,-0.012856,0.346073,-0.067944,-0.056114,0.034424,0.247373,-0.143493,0.017257,0.002316,-0.090193,0.282679,0.100988,-0.149437,0.251094,-0.318430,-0.081654,0.065420,-0.004549,0.042189,0.032300,0.161521,0.024861,0.016802,-0.024843,0.031830,-0.021304,0.127515,0.019095,-0.075763,0.059493,0.194798,0.099539,0.031534,0.021785,0.210681,0.175880,0.230237,-0.164656,-0.008451,0.024727,0.222461,-0.105410,-0.277338,-0.046965,-0.135871,-0.015602,0.069560,0.010945,0.034641,0.017985,0.068277,-0.150463,0.138170,-0.100730,-0.065410,-0.081175,-0.043441,-0.009101
0.051687,0.181278,-0.113272,-0.103734,0.171682,0.024453,-0.164335,-0.015422,-0.001005,-0.046462,0.202575,0.152951,-0.120038,0.010163,0.002139,0.330504,0.048602,-0.021298,0.077258,0.070791,0.078595,-0.013880,0.174490,0.062287,0.132593,0.366107,-0.006154,0.096837,-0.284272,0.152454,0.212282,0.158571,0.065102,-0.037186,0.094678,-0.154562,-0.107429,0.076148,0.111188,0.050033,-0.416432,0.257479,0.091784,0.002260,-0.099598,0.129038,-0.043865,0.271625,-0.336350,-0.051002,0.028047,-0.017064,-0.002847,0.018944,-0.088301,0.001880,0.223424,-0.128115,0.119958,-0.039238,-0.093512,-0.023211,-0.007021,0.228586,0.163715,0.165174,-0.219035,0.181132,-0.186013,0.057441,0.192865,-0.065240,0.393935,0.025414,0.305382,-0.018620,0.058708,0.015906,-0.036062,-0.089178,-0.024743,-0.034301,0.146312,0.098871,-0.018987,0.069554,0.041848,0.162201,-0.110557,0.320541,0.194334,-0.035660,0.011685,-0.062880,0.184913,0.007268,-0.035294,0.012004,-0.047732,-0.086185,-0.292343,-0.175388,-0.066507,-0.032503,0.199763,-0.289838,-0.361061,0.209380,-0.030398,0.059924,0.056810,-0.050009,0.218118,-0.139709,-0.191629,0.187016,-0.021413,0.008223,-0.025131,0.008219,0.040750,0.113211,0.013740,-0.009975,0.138094,-0.001885,0.338668,-0.103444
-0.085228,0.151006,-0.048288,0.009624,-0.026827,-0.293765,-0.006911,-0.052488,-0.108023,-0.184689,0.243303,0.260160,-0.064973,0.271633,-0.006846,0.053167,0.000875,-0.058627,-0.083457,0.023662,0.073817,0.425091,-0.081604,0.252761,0.032096,0.055896,-0.121679,-0.012889,-0.022481,0.073446,0.023251,0.150495,0.133709,-0.016377,0.094810,0.350259,-0.159308,-0.014409,-0.010164,0.186939,0.191969,0.001136,0.073241,-0.096898,-0.090314,0.004625,0.173488,-0.063290,-0.061685,-0.021803,0.110266,0.042516,0.013686,-0.089244,-0.191114,0.046644,0.045403,-0.096282,0.043050,-0.067235,-0.125642,-0.356417,0.105328,-0.052478,0.105525,-0.007460,0.045975,0.373146,0.106288,0.009998,-0.138013,-0.158722,-0.034037,-0.168694,-0.152815,0.142651,0.009281,-0.010531,-0.044153,0.164748,0.047254,0.245747,-0.011432,0.082539,0.003782,0.045869,0.090157,0.119807,-0.022955,0.050128,-0.193374,0.003367,0.015036,0.035881,-0.040903,-0.017461,0.029676,-0.011252,-0.162239,0.190052,-0.002198,-0.024299,-0.086327,-0.032987,0.229654,0.311572,-0.143112,0.026509,-0.046108,-0.237668,-0.019403,-0.125981,-0.036467,-0.063009,-0.203229,-0.072374,-0.066989,-0.002560,0.022844,0.009139,0.247906,-0.053859,0.085273,0.138828,0.036141,0.030611,-0.034487,0.027044
0.064976,-0.104924,-0.060598,-0.134195,-0.046022,0.072252,0.034974,-0.198574,-0.068775,0.029174,-0.006333,-0.162974,1.012905,0.178434,0.003699,-0.139352,0.053533,0.146576,0.023907,0.066767,-0.021452,0.128550,0.113918,-0.124650,-0.061266,0.008861,-0.045011,0.041274,0.000480,0.010516,0.112579,0.015375,-0.048417,-0.108327,0.009973,0.104871,0.151770,0.169925,0.047112,-0.041620,-0.006409,-0.025758,0.030429,-0.021619,0.159861,0.220104,0.133445,-0.016742,0.040950,0.034635,-0.054628,-0.046113,0.005342,-0.563848,-0.152394,0.010322,-0.195423,-0.003796,0.030574,-0.126458,-0.066491,-0.005633,0.080106,-0.096590,0.032364,-0.035959,-0.066468,0.076378,-0.072741,-0.147440,-0.033022,0.141833,-0.016144,0.171606,0.019971,0.544239,-0.064213,0.004015,-0.126128,0.098534,-0.066497,-0.200812,-0.003098,0.034706,-0.027717,-0.017556,0.019190,0.165657,0.477217,0.016197,-0.125815,-0.261689,0.001172,-0.200610,-0.016913,0.004973,-0.327940,0.000028,0.081313,0.034336,0.135478,-0.132567,0.052627,-0.014046,0.067878,-0.274826,-0.040658,0.021341,0.098322,0.024562,-0.097814,0.131661,-0.197309,0.353740,-0.115679,-0.155982,0.097547,0.011549,-0.025469,-0.002282,0.152808,0.217310,0.046672,-0.018533,0.291518,0.016148,0.084307,-0.110172
0.157495,0.158880,-0.058735,0.076256,0.148760,-0.181156,0.396654,-0.008354,-0.229000,0.344021,0.006612,-0.210911,-0.136751,-0.062792,-0.013599,0.190150,-0.018077,0.087783,0.091779,0.018850,-0.025386,-0.084581,0.079109,0.103951,-0.008148,0.241109,-0.121205,-0.041234,-0.062637,-0.004528,-0.184644,-0.028154,0.030233,-0.019200,0.141147,0.078582,0.194618,0.033492,-0.079606,-0.131956,-0.021574,0.041992,-0.023496,0.142487,0.316300,-0.065420,-0.130778,0.392367,-0.019834,0.071137,-0.061721,0.084776,0.001981,-0.437985,0.020694,-0.162790,-0.007569,0.333252,0.161467,-0.032921,0.068485,0.159529,0.082980,-0.144657,0.135851,0.138722,-0.040293,0.173783,-0.073310,0.203377,-0.007785,0.133771,-0.182856,-0.159952,-0.681522,-0.030290,0.015585,0.013087,-0.082758,0.209896,-0.072357,0.055300,0.021613,-0.001434,0.104788,0.202690,-0.169717,0.077158,0.135380,-0.110123,-0.084855,0.075906,-0.023184,0.169786,0.370546,0.002517,0.093995,-0.000845,0.114008,0.019982,-0.187988,-0.028250,0.170340,0.077807,0.086654,-0.092235,0.039902,-0.057914,-0.002021,-0.009981,0.132208,0.132538,0.228288,-0.028534,-0.181739,0.004296,0.095434,-0.007326,0.117787,-0.006764,-0.281138,0.049922,-0.210137,0.054956,0.307338,0.119976,0.096025,0.092649
0.057923,-0.123953,0.126690,-0.137253,-0.027130,0.033847,0.005550,-0.026359,0.046527,-0.067420,-0.339639,0.447345,0.069870,-0.038591,-0.000810,0.040589,-0.004245,-0.235456,0.174909,0.026968,0.097659,0.106541,0.044399,0.075186,0.008846,0.141172,-0.119201,-0.045329,0.079714,-0.124969,0.128840,-0.029800,-0.118932,-0.002938,-0.083083,0.015043,0.039197,0.067610,-0.073724,0.014699,-0.056804,-0.083559,0.172054,0.288159,0.126730,-0.024824,0.097789,0.003304,-0.079037,0.004299,-0.106061,0.075667,-0.001268,0.158281,-0.207289,-0.007007,-0.051589,-0.029185,0.329059,-0.141608,0.021409,-0.314982,0.067298,-0.067723,-0.043013,0.129050,-0.062146,0.056532,0.613006,-0.078943,-0.021593,0.087807,-0.020823,0.248340,0.215231,0.021277,0.067506,0.010798,-0.122392,0.381931,0.042095,0.160265,0.383707,0.038535,0.038298,0.051140,0.035606,-0.230428,0.055900,0.058531,-0.393064,0.090052,0.013847,-0.058558,0.015107,-0.009086,-0.109446,0.006669,-0.973045,0.134817,-0.017250,-0.054269,0.004826,-0.023978,-0.084786,-0.022187,-0.058122,0.008939,0.035850,0.023813,-0.104579,0.055812,0.170233,0.090470,-0.099003,0.005394,0.144603,-0.010470,-0.036258,-0.010730,0.015944,0.250725,0.024051,0.005095,-0.027608,0.038880,-0.335153,0.047687
-0.080580,-0.132327,0.023038,-0.097640,-0.019447,-0.142679,0.013780,-0.086578,-0.052307,-0.271904,0.031784,0.225463,-0.003346,0.158230,-0.019757,-0.080676,-0.036794,0.152625,-0.042409,0.026022,0.008830,-0.046447,0.167273,0.126815,-0.103551,-0.030671,0.007195,0.021255,-0.003625,-0.158950,0.038541,-0.038639,-0.030230,0.035501,0.033946,0.069094,0.064741,-0.021715,-0.003786,0.072218,-0.087689,0.011036,-0.040094,0.033688,0.071834,-0.011809,0.136000,-0.174661,-0.025046,0.067931,0.232319,0.021698,-0.022229,-0.142926,0.005967,0.023696,-0.024316,0.053256,0.046651,0.047324,-0.010628,0.107850,0.167438,0.227458,-0.129640,0.023611,-0.053244,0.133151,0.037663,-0.048657,0.129260,-0.007850,0.006394,-0.153956,-0.127642,-0.073092,0.025154,-0.007648,0.040861,0.102362,-0.133755,-0.052677,0.102559,0.042139,0.022502,0.016922,0.068355,0.227134,-0.051240,0.015256,-0.157897,0.170896,0.011843,-0.097780,-0.042412,-0.015945,-0.009561,0.001370,-0.099738,0.074060,-0.090365,-0.024376,-0.061486,-0.034604,-0.230961,-0.045612,-0.000697,0.077883,-0.016241,-0.219239,-0.009255,0.083041,0.214859,0.141761,-0.143099,-0.001490,-0.067602,0.008685,0.049090,0.006962,-0.073427,-0.049367,0.068855,-0.111140,-0.014085,0.030576,-0.003514,-0.101868
0.107609,0.080550,-0.206421,0.180642,-0.167360,-0.009293,-0.019873,0.062466,0.219318,-0.042596,0.073055,0.147098,-0.035007,-0.035431,0.018045,-0.367293,-0.042209,-0.161067,-0.143105,-0.016295,-0.067644,-0.168822,0.190728,0.230702,0.243964,0.152821,-0.148633,-0.024204,-0.137301,-0.064286,0.117611,-0.145001,-0.023984,-0.114567,0.040626,0.215866,-0.253579,0.142441,0.107459,0.096105,-0.222767,-0.093376,0.050004,0.000712,0.138504,0.033540,-0.001182,-0.117441,-0.049809,0.026161,0.113812,-0.106221,0.010360,0.391316,-0.265585,0.031308,-0.025954,0.032219,0.087863,-0.057225,0.007003,0.045350,0.115092,0.081808,-0.106180,-0.169097,0.138757,0.135109,0.282332,0.254460,0.099275,0.237334,-0.010291,0.041915,-0.028165,-0.436653,-0.093904,0.008673,0.104013,0.330760,-0.019067,0.024636,-0.102529,-0.094675,0.047022,-0.015590,0.504793,0.036061,-0.098639,-0.182569,0.189364,0.006258,-0.000577,0.245934,0.091260,0.031249,0.029147,-0.000757,-0.321088,-0.045561,0.161180,0.138434,-0.208728,-0.123080,0.072147,0.043663,0.232904,-0.182688,0.006277,0.270076,-0.066736,-0.042084,0.117091,0.237329,0.104805,-0.205298,-0.018810,0.010159,0.035483,0.008652,-0.105523,-0.207928,0.030506,0.019025,0.042726,0.008395,0.194280,0.110468
-0.016753,-0.154441,0.052251,-0.194896,0.020038,0.112537,0.063921,0.087204,0.100613,0.459692,-0.138613,0.173266,0.055362,-0.042088,-0.005305,-0.096002,0.030935,0.148603,0.114050,0.154593,0.094189,-0.248753,0.110696,-0.057508,0.157210,-0.070634,-0.210894,-0.018292,0.116570,-0.256091,0.023287,-0.141795,-0.098986,-0.018787,-0.084164,0.125578,-0.313098,-0.001964,0.060497,0.091507,-0.032111,-0.041588,0.204173,0.001454,-0.206887,-0.152599,-0.008591,-0.228819,-0.067388,-0.098686,0.230861,0.004277,-0.017502,0.094395,0.085886,0.026384,0.059173,0.009469,-0.074805,-0.089164,-0.042808,-0.288279,0.174114,-0.089242,-0.032836,-0.408790,0.030529,0.293457,-0.020566,0.084724,-0.009603,0.210614,-0.234727,-0.073255,0.003326,-0.073870,0.068279,0.015791,0.051149,-0.073987,0.247324,0.281275,0.557678,0.007827,-0.030213,-0.019041,-0.028149,0.371020,-0.035524,0.021436,-0.021543,-0.209656,0.020165,-0.322513,0.100442,-0.012368,-0.115293,-0.010706,0.259556,-0.991502,0.144763,0.130789,0.101033,0.015338,0.364400,0.285943,0.032324,0.071944,0.174692,0.074784,-0.055474,0.244966,0.189875,-0.227291,-0.149098,-0.038489,-0.036540,-0.004509,-0.062968,-0.005087,0.082471,0.086428,0.010683,0.050651,0.062805,0.123046,-0.066741,0.188736
-0.117521,0.178241,-0.086233,-0.029850,-0.047217,-0.215346,0.015221,0.244846,0.148730,-0.162558,0.066424,0.008613,0.042180,-0.044386,0.010034,0.083972,0.120844,0.338548,-0.145474,-0.036882,-0.129965,-0.056400,-0.052573,0.084776,0.004637,-0.058986,-0.119405,-0.053777,0.147117,0.047747,0.039886,-0.000128,-0.216997,-0.087204,-0.160485,0.023356,0.177201,0.045157,0.087642,-0.090825,0.172644,-0.068520,0.105210,0.054069,-0.042309,0.112897,-0.126310,-0.056073,0.156543,0.012906,0.036547,-0.154606,0.018768,0.218618,0.239910,0.022348,-0.034597,0.046589,-0.016423,-0.010013,0.146917,0.026420,0.067592,-0.000178,-0.036887,-0.108888,-0.060549,0.058443,0.101082,-0.034422,0.000768,0.112753,0.161176,-0.461617,-0.139195,0.168962,0.196349,0.032361,-0.130473,0.063188,0.059086,0.066495,-0.234269,0.037020,0.142146,-0.011517,0.005967,0.257810,0.081125,0.265468,-0.076489,-0.114950,0.012601,-0.085641,-0.076920,-0.014615,0.026500,0.023894,0.202600,0.333482,-0.243299,-0.000114,0.126375,0.061563,-0.041408,0.359237,-0.174683,0.025045,0.189198,-0.249350,-0.201604,0.305665,-0.265843,0.311271,0.142065,-0.091029,-0.036734,-0.012544,-0.086681,-0.002001,-0.235712,0.138568,-0.190126,0.155269,-0.119679,-0.126689,0.059089,0.233170
0.219383,-0.017853,0.037761,0.095913,0.005977,0.394030,-0.014240,0.061626,0.000590,-0.141086,0.178125,-0.065130,0.061703,-0.075718,-0.006553,0.006950,-0.291704,-0.035626,0.048775,0.116705,0.054353,-0.497528,0.111304,0.004785,0.305337,0.139241,0.042249,0.012591,0.027124,0.003827,0.072115,-0.068648,-0.088852,-0.098101,0.019136,-0.036548,-0.104474,0.009007,-0.030072,0.061491,0.294425,0.029339,0.140020,0.223804,0.120458,0.057606,-0.844027,-0.014775,-0.237478,0.006459,0.269242,-0.080004,0.000054,0.028448,-0.275973,-0.117990,-0.039089,-0.032464,0.032400,0.100295,-0.055563,-0.341771,0.088912,-0.058938,-0.177819,-0.184623,0.005496,0.241949,0.077578,-0.220373,0.002008,0.023971,0.004323,-0.058360,0.117749,0.512376,0.014505,0.018089,0.084073,-0.145424,-0.108972,-0.256184,-0.006889,0.032259,0.041200,0.022933,0.030194,-0.007950,-0.106703,0.060990,-0.234948,0.099070,-0.028156,-0.046569,-0.228162,-0.003924,0.076136,-0.002437,0.210039,-0.044451,-0.010965,0.016651,0.012767,0.109485,0.137960,-0.135202,0.137688,-0.172588,-0.074345,-0.079987,0.127242,-0.105678,-0.046784,-0.012349,0.164106,0.090050,0.030561,-0.013796,0.028586,-0.015259,-0.458922,0.024192,-0.112913,0.140694,0.135879,0.058599,0.237343,0.170582
0.310315,-0.165551,0.132241,-0.260680,0.008613,0.031563,0.022585,-0.269227,0.147259,0.194752,0.184719,-0.010019,0.036821,-0.102609,0.011274,-0.070220,-0.180380,0.100139,0.061295,-0.001158,0.512261,-0.043206,-0.022007,-0.089321,-0.063480,-0.242852,-0.042517,0.091033,-0.078127,0.001513,-0.027141,0.077394,0.000325,-0.009495,0.118563,-0.101889,0.322812,-0.239578,-0.004999,0.180647,0.066612,-0.059157,-0.328542,-0.210051,0.062954,0.041042,0.135063,0.072279,0.102929,-0.096313,-0.037961,0.155261,0.008317,0.445489,-0.174440,-0.013911,0.147647,-0.161510,-0.269696,-0.004597,-0.089553,-0.178778,-0.050726,0.218009,0.224404,0.320295,-0.130728,0.065007,0.268681,0.014259,0.126696,-0.021197,-0.104540,-0.018024,0.067495,0.308290,0.029440,-0.038857,0.152501,0.087969,0.152124,0.183133,0.004423,-0.077731,-0.025962,0.007332,-0.106372,-0.019579,-0.163934,-0.186761,-0.536680,0.108961,-0.009324,0.113785,-0.119747,0.006614,0.040462,-0.010541,0.160633,-0.027210,0.229749,-0.137459,0.001911,-0.135620,0.099128,0.024679,-0.064497,0.133102,0.106806,-0.039761,-0.143006,0.018652,0.126461,0.070080,-0.130352,0.243437,0.136610,-0.002730,0.025450,-0.004896,-0.235719,0.218586,0.231061,0.078015,-0.011277,-0.079620,-0.084991,0.032082
-0.065240,-0.045517,0.036178,0.261948,-0.069013,-0.500682,0.042449,-0.111208,-0.165605,-0.158260,0.106358,-0.104445,0.049270,-0.063222,-0.006261,-0.031455,0.030950,0.436660,0.103644,0.090557,0.139473,-0.068186,-0.212005,-0.033905,0.206770,-0.011876,0.333744,-0.028612,0.119354,0.050869,0.110209,0.017525,0.269879,-0.117142,0.087827,0.071290,-0.027185,0.051168,0.014530,0.074744,0.132320,0.095352,0.134747,-0.091717,0.040949,0.015266,0.036424,-0.053194,0.068134,0.355422,0.193003,0.047136,-0.011955,-0.176142,-0.025233,-0.048966,-0.059437,-0.148032,0.365733,0.040398,-0.094254,-0.089599,0.066491,-0.122243,-0.189809,0.166295,-0.031900,-0.372969,-0.020035,-0.094979,-0.233945,0.687234,-0.033538,0.169423,0.065132,-0.220363,0.064492,0.009135,-0.088767,-0.269516,0.233442,-0.003458,-0.198460,0.072433,0.062881,0.052102,0.037236,0.196200,-0.004641,-0.041403,-0.141119,0.725652,0.007200,0.133901,-0.257333,0.005275,-0.030900,-0.001554,0.030653,-0.095973,0.374962,-0.126865,-0.043056,0.017526,0.114360,0.305439,-0.072580,0.001313,-0.029618,0.093281,0.005556,0.359326,0.262197,0.128776,0.089413,0.072596,-0.096784,0.010103,0.024915,-0.005559,-0.060105,0.161083,-0.113696,0.018937,0.051750,-0.008326,-0.045705,-0.081609
0.086829,-0.128019,0.019816,0.239371,-0.015062,-0.010979,-0.007452,0.008921,0.102990,0.256051,-0.179518,-0.218326,-0.047066,0.015649,0.009551,0.113647,0.030639,0.269805,0.008230,-0.040074,-0.091739,-0.084761,-0.185703,0.089816,0.130244,-0.018941,-0.123687,-0.044183,-0.093722,-0.116569,0.039298,-0.025332,-0.096550,-0.061094,-0.021758,-0.023654,0.078587,-0.019752,0.064701,-0.145122,0.028564,-0.006632,-0.128742,-0.145568,0.261887,-0.021288,-0.128281,0.136764,0.119526,-0.062947,0.183490,0.063302,0.011594,-0.335321,-0.002225,0.023068,0.033565,0.068432,-0.063230,0.240778,0.012035,0.010240,0.103575,0.106811,-0.100869,0.159323,0.029113,0.025730,0.078276,-0.001246,0.438117,-0.039514,0.014474,-0.031655,0.182856,-0.177126,0.298942,0.003432,-0.011945,0.123465,-0.019397,-0.016883,-0.076668,0.051651,0.064100,-0.038710,0.052594,0.214242,-0.211229,0.046856,0.043084,0.128873,-0.007661,-0.061195,-0.002645,0.002302,-1.319229,-0.007199,-0.190007,0.075564,0.118921,0.062330,-0.067309,-0.007597,-0.019032,0.000493,-0.086811,0.274214,0.070910,-0.155556,-0.059843,-0.241644,-0.035930,0.269787,-0.086998,-0.057151,0.067413,-0.009022,-0.019532,-0.005295,0.390827,0.027118,0.062591,0.037958,-0.049064,0.134263,0.042665,-0.049066
-0.007465,0.007741,0.026507,0.147872,-0.063698,-0.110887,-0.009450,-0.060917,0.115552,0.229732,-0.149614,0.104202,-0.014682,-0.016984,-0.025370,-0.078510,0.018709,-0.030928,-0.050399,-0.028712,-0.067535,0.103391,0.011162,-0.019740,-0.144923,0.059258,0.017421,-0.034165,-0.009621,0.006658,-0.024862,0.202228,0.065421,-0.024662,-0.025638,-0.123167,0.172228,-0.015519,0.010291,-0.000051,-0.026642,-0.045887,0.054517,-0.094226,0.025089,0.034304,-0.444740,-0.102366,-0.011711,0.026135,-0.046931,0.061409,-0.004730,0.156514,0.104905,-0.002482,-0.061702,0.007294,0.034257,0.048405,0.022076,0.392259,-0.070850,0.055537,0.158521,0.312024,-0.025274,0.087684,-0.111320,0.006293,0.105004,-0.160817,-0.000668,0.087923,-0.046983,-0.190056,0.005142,-0.023028,-0.049758,-0.127909,-0.174546,-0.056402,-0.055158,-0.023467,-0.023895,-0.028069,0.029387,0.153577,-0.035917,0.068281,-0.288953,-0.013532,-0.005832,-0.029492,-0.092512,-0.016624,0.001723,-0.023951,-0.055957,-0.264348,-0.071384,-0.009107,-0.036339,-0.049880,0.331804,-0.165201,0.151022,-0.047568,-0.030966,-0.003323,-0.049606,0.150118,-0.126541,-0.040610,0.010639,-0.101727,0.075788,-0.011304,0.008167,-0.024286,0.065634,0.128372,0.073261,-0.006849,-0.043451,0.081954,0.030650,0.196501
0.028307,-0.293104,0.010566,0.186194,-0.010757,-0.018055,0.120542,-0.037904,0.177351,-0.209975,0.109856,0.086725,0.045981,-0.030701,0.030596,0.125351,-0.081532,0.133398,-0.029065,-0.148156,-0.146743,-0.344041,0.157510,0.244757,0.177596,0.142162,-0.021524,-0.133340,0.053774,-0.062097,-0.079900,0.092644,-0.024360,0.032212,-0.101607,0.417462,-0.084668,0.009092,-0.296916,-0.089309,-0.166940,0.018990,0.156248,0.034386,-0.222102,0.046421,0.087969,0.191894,0.001764,-0.040702,0.268993,-0.696026,0.005560,0.025860,0.114169,-0.086573,0.023101,-0.030055,0.165882,0.119008,0.082555,0.060911,0.326097,0.158226,-0.086115,0.101928,0.065844,-0.428038,-0.039767,-0.040835,0.144111,-0.313954,-0.050392,-0.304332,0.078806,-0.010186,-0.203144,0.000312,0.028472,0.079960,-0.061273,-0.150364,0.155079,0.052118,-0.134185,-0.071833,-0.069719,-0.024159,-0.001188,-0.155227,-0.315590,0.070993,0.025218,-0.061996,0.070258,-0.002469,0.024214,0.000278,0.019475,0.044829,-0.220079,0.018798,0.046352,0.165484,0.184352,0.157659,-0.173416,0.035956,-0.006248,-0.257990,0.084959,-0.048659,-0.047578,0.062586,0.037009,0.050325,0.077013,0.011346,-0.022608,0.008723,0.030455,0.366655,0.136443,0.015952,0.055238,0.006072,-0.049287,0.166206
-0.063843,-0.026759,-0.014510,0.192787,0.161851,0.125371,-0.036473,0.056108,-0.200469,-0.089363,-0.092943,0.154737,-0.053424,-0.026983,-0.012410,0.110354,0.038741,0.125307,-0.013527,0.048606,0.065274,0.299885,0.055401,-0.148473,0.012274,-0.228733,-0.125903,0.058996,-0.062194,0.020523,-0.008836,-0.154317,0.183645,0.051470,0.031630,-0.189582,-0.068278,-0.075147,-0.021485,0.009798,-0.174244,0.044609,-0.105864,-0.139525,-0.137582,0.003722,0.196724,0.035556,-0.103952,0.168159,0.182411,0.123210,0.005256,-0.065153,-0.138695,0.017567,0.132155,0.005881,-0.111610,-0.000228,0.015208,0.414160,0.096663,-0.151730,-0.131359,0.107236,0.054553,0.168538,0.216736,0.093898,-0.133655,-0.008684,0.014116,0.008203,-0.050161,-0.126132,0.042581,-0.013998,0.083329,0.006552,-0.116103,-0.120970,0.110060,-0.012682,0.155796,0.034649,-0.014112,0.001179,-0.058574,-0.151866,0.290386,-0.108997,-0.002050,-1.332439,-0.093395,0.016587,-0.031765,0.001538,0.028976,0.239416,0.027733,0.055111,-0.084446,-0.022092,0.631532,0.334457,-0.045736,0.033715,-0.001103,0.023023,0.035147,-0.161803,-0.125902,-0.031686,0.198509,0.046594,0.083643,0.004243,0.013146,0.000878,-0.351925,0.126540,0.093610,0.018158,0.042025,-0.036840,-0.125282,0.134062
-0.117948,-0.152824,-0.022191,0.042551,-0.022903,0.033539,-0.084516,0.117513,-0.131098,0.252067,-0.078930,0.000441,0.105984,-0.089502,0.005228,-0.091703,-0.079027,-0.275009,-0.063315,-0.001855,-0.102814,-0.257894,0.087276,0.152440,0.204979,0.053678,0.139333,0.072514,0.002129,-0.078132,0.067777,0.268627,-0.017690,0.427183,0.054176,0.141084,-0.266004,0.007266,0.110490,0.057695,0.309742,0.043847,-0.075744,0.145271,0.151094,0.088930,0.160319,-0.007578,0.128286,0.017942,-0.221111,0.134659,0.002961,-0.178512,0.141578,-0.033618,-0.129680,-0.002029,-0.030866,0.012649,0.160344,0.147100,-0.001270,0.063104,0.131570,0.461497,0.020439,-0.109057,0.284188,-0.011101,-0.019255,0.053746,0.260711,-0.064399,0.217042,0.082841,-0.014124,-0.033996,0.083733,0.174007,-0.119903,-0.005823,0.075288,0.073125,-0.017156,-0.108558,0.090445,-0.015995,0.018597,0.134022,-0.181777,-0.194107,0.007485,-0.269148,-0.104292,0.025747,0.020945,0.008172,0.003502,0.012689,0.158089,-0.007804,-0.001034,-0.003670,0.237555,-0.027097,0.146323,0.001539,0.032216,-0.102963,0.046738,-0.099676,-0.026226,-0.223843,0.062281,-0.031531,-0.061569,-0.003072,0.034069,0.006574,-0.227549,-0.024686,-1.223619,0.159460,0.050710,-0.071643,0.054514,0.057113
-0.006652,-0.119536,-0.043945,0.054862,-0.121409,-0.027393,-0.069071,-0.019797,-0.042852,-0.395967,-0.006713,0.031495,0.143730,-0.133966,-0.008590,0.020864,0.105250,0.008688,0.045614,0.043639,-0.036330,0.012763,0.051834,0.205297,-0.019312,-0.146801,0.007755,-0.049179,0.143440,-0.022151,0.053834,0.067111,-0.016336,0.026450,0.021217,-0.019352,0.007188,-0.108122,0.099457,-0.006038,0.044089,-0.007957,0.044796,-0.038028,-0.038594,0.005816,0.109074,-0.076131,0.010671,0.020299,0.166542,0.012131,0.008737,-0.004203,0.015934,0.039366,0.072707,-0.108282,0.037678,0.132216,-0.022947,-0.016866,0.123587,0.064571,-0.098401,0.050090,0.057475,0.281182,0.004637,0.099778,-0.001455,0.016286,0.023206,-0.100678,0.017045,0.017710,-0.016129,0.006719,0.005550,0.144769,0.055679,-0.067861,0.040900,0.035375,0.004321,0.107466,0.013730,0.071570,0.029669,0.145097,0.058235,0.157300,0.011127,0.165078,-0.204942,0.000065,0.151407,-0.012774,0.000187,0.094309,0.143335,0.010706,0.025345,0.045937,-0.255853,-0.095717,-0.051275,0.045931,0.031441,-0.109777,0.002575,-0.109126,0.081416,-0.145228,0.223888,0.066933,-0.016599,0.001876,-0.002735,-0.008743,0.072098,-0.108319,-0.118487,-0.048199,0.098307,-0.099618,-0.102327,-0.104525
-0.035026,0.017093,-0.015432,-0.340416,-0.003474,0.094421,-0.021712,0.002799,0.125351,-0.058958,-0.057689,-0.147030,-0.087501,-0.160235,-0.022401,0.013897,0.096090,0.111600,-0.032672,-0.058364,-0.069432,0.017760,0.129132,-0.040210,0.008824,0.073936,0.063884,-0.016740,0.005747,-0.139125,0.006468,-0.185161,0.104296,-0.058265,-0.041463,0.097881,0.114125,-0.003566,0.022240,-0.033066,-0.088328,-0.000309,0.016643,0.075320,0.470545,0.005682,0.167375,-0.063343,-0.204801,0.112320,-0.011204,-0.023681,-0.019160,0.221844,0.054037,-0.011971,0.038774,0.003975,-0.037781,0.145046,0.017334,0.086720,0.078333,-0.053134,0.234552,0.129408,-0.005452,-0.159221,0.204320,-0.084834,0.070446,0.113369,0.064443,0.012161,-0.088919,0.111468,0.006215,-0.012129,-0.046932,0.234867,0.095021,0.043447,-0.049486,-0.006083,-0.073538,0.006610,-0.053339,0.028103,-0.061459,-0.011451,0.045672,0.095205,-0.012378,-0.102184,-0.065384,-0.003877,0.071814,-0.015615,-0.127047,-0.026518,-0.183445,-0.020819,0.007301,0.021529,-0.041715,-0.111845,-0.184838,0.039531,0.004297,0.129382,-0.022890,0.000105,-0.104070,0.041243,0.052395,0.024794,-0.159189,-0.010163,-0.016524,-0.014531,-0.069637,-0.008833,0.055209,0.015558,-0.108299,-0.095822,-0.180096,-0.053052
0.241883,-0.096765,-0.032968,0.316725,0.006794,-0.111477,0.033936,-0.042846,0.096333,0.104686,-0.067025,0.026251,0.194230,0.065388,-0.005572,0.055277,0.176357,0.024254,-0.013167,-0.065969,-0.016084,0.105344,-0.125814,0.096160,0.017490,-0.022030,-0.140387,0.086343,0.015359,-0.095557,0.042651,0.024928,-0.036936,-0.028407,0.076092,0.078227,0.040873,0.046157,0.032839,0.064832,0.128344,0.041811,-0.016729,-0.137195,0.049784,-0.041886,0.031524,0.024905,0.013194,-0.022664,0.236821,0.020365,-0.002217,-0.458133,0.167519,-0.000365,0.058059,-0.025690,-0.031474,0.183597,-0.018840,0.035169,0.020139,-0.066530,-0.173939,-0.032016,-0.059885,0.070581,0.034002,-0.102969,0.433325,0.019028,0.045786,0.127557,0.132051,-0.395949,-0.026297,-0.003048,-0.035530,0.146600,0.049756,0.014021,0.097924,-0.078956,-0.076896,0.038549,-0.066379,-0.000351,0.081719,0.180909,-0.171771,0.025735,-0.009620,-0.130800,0.006653,-0.001136,1.420292,-0.022090,0.008209,-0.077236,-0.125238,-0.036673,-0.079395,-0.035636,-0.030322,-0.170805,-0.156836,0.195601,0.104428,-0.151084,0.084168,-0.089961,-0.054068,0.274549,-0.094713,-0.069668,0.085339,-0.006368,-0.002579,-0.001003,0.139299,0.039762,-0.073904,-0.156412,0.055724,0.089696,0.053791,-0.018279
0.103764,0.133627,0.051312,0.038465,0.079914,-0.056125,-0.067925,0.228734,0.043322,-0.202493,-0.150162,0.167453,-0.011122,0.079286,-0.011212,-0.007571,-0.193419,-0.196152,-0.010409,0.118329,-0.104786,0.121671,-0.042931,0.208020,0.193257,0.004203,-0.104753,0.021354,-0.111338,0.505382,0.061824,-0.105693,-0.223460,-0.022893,-0.192467,0.286417,0.135702,0.052232,0.042380,-0.047312,-0.267569,0.019911,-0.123208,0.193258,-0.112529,0.037597,0.119687,-0.075821,0.153298,0.064838,0.297315,0.041155,0.001013,-0.198701,0.085233,-0.030608,-0.055489,0.146602,0.140758,-0.276480,0.008219,0.360547,-0.184116,-0.119994,0.106797,-0.146388,0.055749,-0.000055,-0.076355,-0.007532,0.052230,-0.122951,0.031469,-0.039528,-0.164389,0.022340,0.006680,-0.029557,0.149081,-0.225573,-0.122756,0.240841,-0.101784,0.038270,-0.201792,-0.154777,-0.106239,0.267934,-0.028365,0.165719,-0.413498,0.036186,-0.020447,-0.166785,-0.263946,-0.015123,-0.064253,-0.002158,0.031826,0.115128,0.325498,0.089195,-0.018952,0.022443,-0.166082,-0.051575,0.151576,-0.054676,0.021469,0.159032,0.092690,-0.034681,0.240819,0.050797,0.105218,0.008218,-0.214731,0.010102,-0.035454,0.008091,0.075780,0.076123,-0.042976,0.088753,-0.070111,0.767385,-0.013386,-0.213525
-0.063834,0.283030,0.015337,-0.449829,-0.040256,0.267784,-0.032172,0.026606,-0.098158,-0.138760,0.002653,-0.155788,0.038731,-0.303658,0.008809,-0.066450,0.034843,0.140109,0.019918,-0.035788,-0.080081,-0.349868,0.014417,0.182747,0.048566,-0.024366,0.203370,-0.044711,-0.002323,0.058331,-0.001285,-0.196261,0.037662,-0.058344,-0.062065,0.001468,-0.002654,0.052578,-0.064350,-0.042307,-0.118890,-0.024006,-0.007122,0.107519,0.502077,0.004613,0.428997,-0.110122,0.006333,0.101739,0.016118,-0.027460,0.000846,0.034442,-0.039431,0.021843,-0.040008,-0.022100,0.071666,-0.037780,0.043633,-0.161140,0.100280,0.093401,-0.254560,0.201083,0.037776,0.018678,-0.199586,-0.041256,0.157468,0.126128,-0.084967,0.107940,0.058766,0.177552,0.048982,-0.009263,0.055887,0.125956,-0.043431,0.083613,-0.117074,0.028340,-0.031186,-0.046745,-0.151505,0.132253,0.021507,-0.030564,0.157022,-0.092217,0.013739,-0.132537,0.121378,-0.013733,0.115586,-0.008162,0.193939,0.171656,-0.008733,0.054988,0.013877,0.013984,0.070434,-0.050123,0.039884,0.127469,-0.012607,0.073438,-0.050775,-0.161643,0.043882,0.496708,-0.018728,0.043164,0.077383,-0.005792,0.026602,0.015238,0.384546,-0.109478,-0.036425,0.027723,-0.039362,-0.167011,-0.101040,0.229989
0.190598,-0.074768,0.040857,0.283545,-0.062820,-0.079918,0.213204,-0.037341,-0.143980,0.070661,-0.028001,-0.050359,-0.122567,-0.093964,0.005766,-0.042139,-0.040066,0.379108,-0.037042,-0.051170,0.025287,-0.077649,-0.371742,-0.179461,-0.050018,0.017923,0.332673,-0.016036,0.112212,0.095777,0.029576,0.073892,0.143433,-0.033596,0.081214,-0.005325,0.044050,0.076964,0.079056,0.017255,-0.021455,-0.059979,0.098527,-0.187983,-0.020150,-0.105718,0.053868,0.053654,-0.109619,0.241167,0.036361,0.037071,-0.010839,-0.020473,-0.264927,-0.086903,0.004626,-0.059914,0.417016,0.053253,0.004126,-0.097260,-0.089453,0.337107,-0.152444,0.122370,-0.016630,0.010844,-0.028466,0.034834,-0.171884,0.266255,0.004777,-0.190538,0.094911,-0.041140,0.063226,0.001566,-0.024162,-0.246117,-0.147241,0.139696,-0.110122,0.005107,0.139477,0.096146,0.107797,0.188923,0.010372,0.091982,-0.115682,-1.399561,-0.004736,0.033501,-0.141053,0.004590,0.069763,0.006002,-0.036397,-0.012679,-0.150295,-0.039174,0.151695,0.082635,-0.175507,0.199266,0.062553,0.023324,-0.122870,0.032305,-0.013153,-0.256672,0.034205,-0.034308,-0.172941,0.052939,-0.128890,0.011246,0.024751,0.001411,-0.090025,-0.072993,0.254490,0.025800,-0.092151,0.034122,-0.093569,0.189106
-0.009186,-0.358922,-0.061493,-0.012690,0.369356,0.008629,0.017428,0.245123,0.006061,-0.060660,0.035501,0.065159,-0.009416,-0.243571,-0.005990,0.010772,0.090682,-0.065916,-0.035340,0.097480,0.026696,-0.092271,0.343872,0.205347,0.134878,0.216346,-0.101002,0.194147,-0.266191,-0.009704,0.115627,-0.069456,0.002586,-0.100845,0.060878,0.248484,0.157757,0.096522,0.008032,0.094441,-0.055594,0.018469,-0.301477,0.094586,0.088442,0.005543,0.062667,-0.262807,0.117228,-0.044937,-0.064364,0.004572,0.002562,-0.160326,0.111194,0.008576,0.143155,0.163818,-0.107661,0.031546,0.236751,-0.011856,0.308193,0.238848,0.042463,0.092948,-0.024977,0.280638,-0.469668,0.063489,-0.088012,0.146276,0.249431,0.174740,0.034431,-0.190424,0.000357,0.008800,0.101169,0.136346,0.031656,0.082939,-0.078039,-0.020997,-0.066131,-0.041216,0.000044,-0.167349,-0.045840,-0.244151,-0.172079,-0.198416,-0.004123,0.133378,0.206163,-0.000783,-0.070928,0.021564,0.000466,-0.095373,0.382490,0.029321,-0.176543,0.105359,-0.412346,0.428541,0.323303,0.069690,-0.055187,0.329264,0.193399,0.178296,-0.124304,0.050917,0.169745,0.139912,0.158078,0.005982,-0.123107,0.008057,-0.281748,0.134758,0.262640,-0.121020,0.100033,-0.003056,-0.029267,-0.029344
-0.056401,0.199350,-0.058433,-0.159394,-0.029029,-0.004463,0.026652,-0.080860,-0.060035,0.283195,-0.004355,0.049474,-0.070551,0.046090,-0.007306,-0.056572,-0.067389,0.069277,-0.028497,-0.015401,-0.041551,0.120698,-0.006708,0.148426,0.086244,-0.037814,-0.034855,-0.048084,0.022727,0.659879,-0.020791,-0.061580,0.272178,0.101026,0.042382,-0.053022,0.087292,0.063647,0.028990,0.003962,-0.244653,0.016593,0.006961,0.194783,-0.026496,-0.041087,0.191769,0.128468,0.102612,-0.007908,-0.166784,-0.034123,-0.009348,-0.007952,0.009204,-0.034313,-0.046908,-0.050069,-0.063764,-0.077563,-0.011002,-0.064398,0.359431,-0.312593,-0.020535,-0.004593,-0.045811,0.056388,-0.015181,-0.080812,-0.105169,0.057798,-0.074771,-0.167114,0.123182,0.032009,0.019541,-0.004158,-0.034697,0.224539,-0.225240,-0.062509,-0.185061,0.014907,-0.022941,0.051254,0.011753,-0.521304,-0.011447,-0.047189,-0.563316,-0.205728,-0.001623,-0.009525,-0.064630,-0.022870,0.105236,-0.005494,-0.193062,-0.052191,0.239293,-0.008261,0.054053,-0.020433,0.202902,-0.195822,-0.043611,0.091683,0.008255,0.063591,-0.016890,-0.159043,0.135330,0.283498,0.243376,0.072222,0.281502,-0.016734,0.034204,-0.010954,0.007817,-0.237208,0.057556,0.193267,-0.013850,-0.074534,0.049019,0.314700
0.130796,-0.172349,-0.034954,-0.268518,-0.052880,-0.341036,0.053293,-0.001815,0.123224,-0.308436,-0.061898,-0.071573,0.053782,-0.134310,-0.027666,-0.106453,0.059727,0.057044,-0.071304,-0.070538,0.165736,0.019091,-0.071227,0.206883,0.098864,0.004260,-0.113185,-0.030933,0.023576,0.229417,-0.019425,-0.071497,-0.165642,0.116938,0.014349,-0.073829,-0.032549,-0.083753,0.223663,-0.104548,0.184722,-0.049012,-0.008949,0.177243,0.072348,-0.119745,-0.124245,0.089213,0.081673,0.006406,0.067713,0.385567,-0.003591,-0.044200,-0.172396,0.018645,-0.041661,-0.094845,-0.113526,-0.127559,-0.017802,-0.130241,0.173766,0.084943,-0.051370,-0.042847,0.078285,-0.194322,0.108656,0.120227,-0.142775,-0.066374,0.029821,0.049994,0.167117,0.007245,0.020762,-0.002283,0.019573,0.053092,-0.090914,0.069065,-0.033557,-0.024777,0.056732,-0.008878,0.068947,-0.275824,0.029972,0.123163,0.502196,-0.037969,-0.030645,0.093761,0.212725,-0.014485,0.047201,-0.000990,0.205660,0.029696,0.127156,0.038092,0.077118,-0.024882,0.032163,0.120358,0.066686,-0.025933,0.063355,-0.025016,-0.095539,-0.276492,0.179961,-0.234623,0.083508,-0.074558,0.144543,-0.003823,-0.026322,-0.010259,0.094229,1.173524,0.103564,0.110307,0.076564,-0.082072,0.289302,0.063516
-0.140215,0.092293,0.022725,-0.023899,-0.067306,0.038601,0.003798,-0.076181,-0.118814,0.171777,0.135876,-0.048920,-0.091786,0.215978,0.015291,-0.270087,-0.145686,0.182804,0.037125,-0.076116,0.034804,0.185914,-0.239996,0.199120,-0.075531,-0.078826,-0.068954,0.043888,0.139305,0.066004,-0.010738,-0.126089,-0.090070,0.093809,0.028107,-0.004396,0.228517,0.010364,-0.054441,0.084281,-0.119134,0.099104,0.007102,-0.069593,-0.009571,0.106418,0.040705,-0.076235,-0.039148,-0.020916,0.088856,-0.028478,-0.009759,-0.266570,-0.267951,0.051892,0.042099,-0.009009,0.037605,0.427667,-0.033050,0.178825,-0.010889,-0.005925,-0.066987,-0.123530,-0.095960,-0.081238,-0.045462,-0.043912,0.253956,-0.062196,-0.044196,-0.445656,0.083553,-0.157856,0.177346,-0.010686,-0.121168,-0.000359,0.270677,0.247531,0.014122,0.016615,-0.132109,0.093203,-0.027462,-0.172537,-0.193590,0.337018,0.057163,0.035315,0.028836,0.101139,0.148643,-0.008552,-0.118124,0.015404,-0.068265,0.108047,0.080268,-0.071178,-0.034761,0.001646,0.137871,-0.167279,0.899215,0.115473,-0.087033,0.073159,-0.052143,0.298912,-0.175758,-0.226730,0.079304,0.029439,0.080537,0.000117,-0.031786,0.002434,-0.193413,-0.165810,-0.005792,-0.032474,-0.016889,-0.069546,0.006534,0.074930
0.042057,0.012726,0.041247,0.071503,0.084392,0.250831,0.037621,0.044749,-0.042457,-0.131551,-0.039070,-0.047632,-0.171328,-0.118930,-0.005108,0.120176,-0.025058,-0.227561,-0.049087,0.016179,0.053326,-0.048690,0.095463,-0.013290,-0.021201,0.006301,-0.237306,0.037132,-0.148252,0.162811,0.055320,-0.002242,0.284958,-0.072931,-0.062684,0.230452,-0.044671,0.047831,0.037428,0.055754,0.192970,-0.118350,-0.049628,0.027959,0.279433,-0.090256,-0.226253,-0.136775,0.144315,0.106333,0.233330,0.071811,-0.011150,-0.381725,-0.196267,-0.028771,0.037584,0.195522,-0.119284,-0.072667,-0.093799,0.078814,-0.260490,0.056928,0.148096,-0.043279,-0.066062,0.330236,-0.329593,-0.119574,-0.056163,-0.299335,0.107140,-0.324301,-0.051078,-0.102813,-0.007642,-0.004288,0.086714,0.015890,0.203170,0.160752,-0.010896,-0.014964,-0.057329,-0.023960,0.086599,0.409450,0.016241,-0.187225,-0.220724,0.044588,0.013371,0.164281,-0.023023,0.000605,0.060684,-0.003765,-0.203131,-0.018266,0.030907,0.015808,-0.028815,-0.052513,0.091972,0.139015,-0.137426,-0.109606,-0.014075,0.170385,0.039856,0.087142,-0.005132,0.039673,-0.076879,-0.023387,0.061908,-0.002616,0.036184,-0.014229,0.242401,0.190321,-0.033807,0.180747,-0.073032,-1.205234,-0.124574,-0.159428
0.002622,0.022868,-0.039156,-0.161357,-0.053516,0.087534,0.054363,-0.030476,0.033143,0.249587,-0.224716,0.173045,0.050988,-0.122209,0.001470,0.216366,0.101413,0.337760,-0.010209,0.003555,-0.129361,-0.237006,-0.110188,-0.151984,-0.135078,-0.085105,-1.243696,0.011148,0.041548,0.063498,0.028817,-0.011137,-0.059617,-0.028673,0.009843,-0.118957,0.067192,-0.085366,-0.041062,-0.162833,0.013554,0.133552,0.009542,-0.063237,-0.085101,0.101032,0.070357,0.124917,-0.071563,0.195106,-0.297908,-0.249096,0.016765,0.048982,0.142127,-0.031149,-0.071317,-0.158371,0.379173,-0.035978,0.003302,-0.132494,-0.134673,0.226379,-0.233790,0.061748,-0.037693,0.146707,-0.213425,0.023061,-0.054150,0.203559,0.032689,0.038052,0.163507,0.087824,-0.068030,-0.023371,-0.066486,-0.197030,-0.055803,0.068031,-0.063660,0.008765,0.059943,0.005097,-0.067614,0.235147,0.090386,0.135804,0.020381,0.339592,-0.024107,-0.072172,0.022919,0.000302,0.044577,0.010808,-0.257025,-0.208203,0.103471,-0.119454,0.047464,0.035575,0.007597,0.094907,0.174445,-0.175940,-0.063699,-0.031277,0.135012,-0.244428,-0.143358,-0.016496,0.011069,0.013540,0.012222,-0.009644,0.081665,-0.004327,-0.002075,-0.023710,-0.015961,0.060216,0.049898,0.042333,-0.189517,0.092504
0.022547,0.161965,0.096998,0.171854,0.065084,-0.103839,0.139385,-0.099849,0.145452,0.180998,0.178096,-0.009170,0.678429,0.101563,0.001935,0.048306,0.220396,-0.018175,0.011632,-0.009485,0.094874,0.109492,0.026663,0.153925,-0.099328,0.284052,0.068263,0.078124,-0.000165,0.178647,0.062141,-0.023067,0.239734,-0.077474,0.047757,0.290274,0.053370,0.005089,0.129097,-0.120785,-0.053368,0.005401,-0.044212,-0.013576,0.201754,0.022374,-0.003587,0.023042,0.077533,-0.116769,-0.057378,0.081020,0.023688,0.671349,0.177527,0.025555,-0.145036,-0.062472,-0.048283,0.006200,0.246751,-0.080209,-0.034916,-0.036492,0.019512,-0.052247,-0.026935,0.115361,-0.117350,0.013922,-0.026855,-0.053021,0.130147,-0.069137,0.029146,-0.219099,-0.139504,-0.009321,0.101837,-0.025771,0.185749,-0.028556,-0.166778,-0.151446,0.268316,-0.111614,-0.136943,0.159208,0.435057,-0.106165,-0.034277,-0.026888,0.021190,-0.126379,0.058396,0.022175,-0.082449,0.031424,0.002678,0.147235,-0.102344,0.028456,0.141166,-0.000383,0.025721,-0.218706,0.025800,-0.073622,0.007473,0.029993,-0.010726,0.151394,0.157747,-0.382984,-0.189662,0.042949,0.028773,-0.016374,-0.003846,0.004910,0.062132,0.100982,0.116154,-0.077943,0.392178,-0.036242,-0.106823,0.260732
-0.098253,-0.155409,-0.018182,-0.000733,0.069761,0.069195,0.234292,-0.021001,-0.210195,-0.049598,0.150081,0.356343,0.205956,-0.076992,-0.011932,-0.023653,0.150645,-0.067003,0.016098,0.076104,0.234687,-0.109783,-0.025353,0.206432,-0.091311,0.146717,0.515816,0.107983,-0.074859,-0.099672,-0.024296,-0.030950,0.032164,-0.024110,-0.031228,0.189379,0.055988,0.074990,0.093763,0.167919,-0.154324,-0.223761,0.034584,0.124473,-0.022657,-0.028589,0.072226,0.303021,0.208933,-0.013103,-0.296314,0.047497,-0.003218,0.155169,-0.134788,-0.036291,0.132860,0.151900,0.226019,-0.051181,-0.067208,0.134634,-0.144537,0.126219,0.127792,-0.519908,-0.073753,0.119485,0.127808,-0.091686,-0.200129,-0.037333,-0.183858,-0.041210,0.194050,-0.020638,-0.096432,-0.000475,0.014987,-0.096871,-0.013665,0.219418,-0.338282,-0.045446,-0.060288,0.040055,0.005701,0.014424,0.029908,-0.258516,0.108790,0.356583,-0.012527,-0.347187,0.114186,0.000138,-0.140101,-0.033072,0.271660,0.031053,0.025718,-0.059290,-0.062128,-0.054978,0.015631,0.165033,0.237625,-0.129570,0.029797,-0.163295,0.049907,-0.138793,-0.221248,0.040693,0.062270,0.049373,0.000909,-0.009926,-0.079449,-0.007048,0.166573,0.014505,-0.290957,-0.000764,0.081331,0.029985,-0.085710,0.124516
-0.081347,0.126703,-0.022119,-0.241156,0.014979,0.141689,0.062718,0.021278,0.095091,-0.053758,0.398928,-0.198716,0.020263,0.117042,-0.023038,0.306460,0.026631,-0.042207,-0.114943,-0.110737,-0.188076,0.162247,-0.075678,0.195348,0.207284,-0.161768,0.001333,-0.102489,-0.081421,0.088316,0.036093,0.101725,0.129230,-0.138917,-0.024696,0.799215,-0.122140,0.174286,0.051997,-0.194834,0.209369,0.055191,-0.036379,-0.045712,0.385164,-0.004705,0.039443,0.127504,0.024569,0.006443,-0.276609,-0.123230,-0.030474,0.114614,-0.018695,0.044639,0.025256,0.051150,0.097090,-0.067524,-0.027816,-0.093883,0.000829,-0.002573,-0.130435,0.238597,-0.132685,0.135823,0.096898,-0.156590,0.087887,-0.172149,0.110448,0.109874,-0.288412,-0.039371,-0.018619,-0.010436,-0.017581,-0.066915,-0.181399,-0.028442,0.055397,-0.094085,-0.174066,0.063945,-0.174709,-0.047101,-0.003055,0.111873,0.025803,-0.076488,-0.019199,0.062136,-0.056656,0.013591,-0.041790,-0.021307,0.061410,-0.149198,-0.062482,-0.032039,0.061889,0.038432,0.437683,0.151769,0.091062,-0.181807,0.155556,0.052390,-0.189590,-0.162620,-0.174603,-0.535777,0.071389,-0.014109,-0.005325,0.012006,-0.068364,-0.026155,0.080976,-0.083001,0.369243,0.230339,-0.007189,0.358607,0.082279,-0.411676
0.133535,-0.127578,-0.066055,-0.014047,-0.010395,0.260618,-0.060515,-0.104285,-0.235756,0.307797,0.085457,0.220473,-0.286503,-0.046931,0.018170,-0.058566,0.146856,0.199201,-0.036868,-0.104577,0.134100,0.329238,0.117771,-0.043092,0.207012,-0.042956,0.096069,0.033492,0.182419,0.003073,0.009230,-0.053888,-0.320420,-0.111244,0.217161,0.133870,-0.004436,0.175776,0.081215,-0.002644,-0.019872,0.136855,-0.037083,0.378412,0.020884,0.108366,0.005195,0.110274,0.107486,0.074484,0.096834,0.078484,-0.007899,-0.184233,-0.148984,0.011427,-0.125450,-0.155837,0.000909,-0.077880,0.144901,0.038090,0.244309,-0.220040,0.247289,0.074442,0.041887,0.115139,-0.361741,-0.149559,-0.094303,0.061625,0.076850,-0.160210,-0.063567,0.115985,-0.182203,-0.004824,0.022441,-0.084006,0.197139,0.016168,0.129549,0.064761,-0.158101,0.210815,0.298109,-0.076449,0.081115,-0.249720,0.099330,0.170268,-0.008892,-0.257293,-0.030879,0.007043,0.028600,0.018183,-0.178760,0.139565,-0.127590,0.041580,0.191192,0.045102,-0.218556,0.217820,-0.288521,0.004475,0.077264,0.026617,0.174244,0.165230,0.032674,-0.163164,0.458353,-0.017607,0.047202,0.007424,0.228890,0.014087,0.232334,0.006975,0.104778,0.135930,-0.084767,-0.018667,0.092584,0.089864
-0.368178,0.021048,0.011018,-0.202839,0.021720,0.266531,-0.031835,0.084656,-0.111034,-0.045001,-0.134939,-0.192245,0.372005,0.281390,-0.001246,0.074165,-0.147529,0.033247,0.030772,0.038745,-0.000169,-0.037529,-0.014794,0.019247,0.296532,-0.286573,0.036814,-0.003453,0.016849,-0.007080,0.027792,-0.046708,0.081744,-0.084754,-0.051491,-0.076745,-0.015941,-0.071412,-0.000157,-0.135257,0.139480,-0.033194,-0.043899,-0.051808,0.268092,0.130674,-0.114042,0.044784,-0.004814,0.010289,0.277195,-0.098919,-0.010023,0.020790,-0.145159,0.061230,-0.024751,0.097696,0.130350,0.008205,0.032663,-0.255953,0.003971,-0.146044,-0.020566,0.223302,-0.100923,0.002682,0.090238,-0.010877,-0.139955,-0.061699,-0.055091,-0.066455,-0.233307,-1.159614,-0.017679,-0.010149,0.003447,-0.034574,0.032450,-0.086826,0.110989,0.094418,-0.083631,-0.029004,-0.078195,0.009034,0.008554,-0.212350,0.049732,-0.007445,-0.016870,0.091846,-0.093707,-0.003800,0.068760,0.019039,0.009403,-0.217876,0.078903,-0.032751,0.045352,-0.014639,0.068113,0.002379,-0.144795,-0.014232,0.040206,0.005436,-0.172757,-0.014024,-0.201543,0.340212,-0.071491,0.133350,-0.050312,-0.003710,0.023686,0.013132,-0.333805,-0.030407,0.097668,-0.008337,0.092532,-0.105169,0.178126,0.136540
0.165584,0.220577,0.048103,-0.312706,0.045192,0.050360,0.019792,-0.016026,-0.115458,-0.073672,-0.145622,0.002675,-0.208776,0.387245,0.002814,0.101759,0.058582,0.034854,0.024588,-0.005699,0.082248,0.227357,0.106758,-0.028533,-0.284864,0.047167,-0.206495,0.006573,-0.026774,-0.023136,0.054339,-0.101920,0.082424,0.044674,-0.074741,-0.079762,0.049560,-0.007694,-0.039838,-0.020304,0.166208,-0.068844,-0.043139,-0.079354,0.028178,-0.107382,0.035710,-0.045794,0.066324,-0.064073,-0.247316,-0.069096,-0.015876,-0.170926,0.281345,-0.018289,0.044056,0.084698,0.172662,-0.044938,-0.017475,-0.365518,0.072462,-0.292119,-0.136769,0.076138,-0.027924,-0.282816,-0.043179,-0.122088,0.092249,0.444293,-0.038739,-0.009255,-0.106942,0.007787,0.077547,-0.015554,0.090046,0.103883,0.065413,0.025929,-0.153108,0.016142,0.074668,-0.061916,-0.040238,0.129546,-0.096743,-0.124489,0.120631,0.092451,0.026416,0.035217,-0.070110,-0.009159,-0.004558,-0.014917,-0.065198,0.073902,-0.157952,0.082725,0.007867,-0.050991,0.010230,0.394937,-0.091110,0.199746,0.040480,-0.141069,0.065479,-0.019563,-0.145478,-0.107197,-0.083856,0.054798,-0.084961,-0.018308,-0.080325,-0.023820,-0.201299,0.062108,-0.149604,0.138095,-0.162950,0.055597,0.359768,0.228016
0.019089,0.104262,0.117881,-0.141471,0.016412,-0.113060,0.098113,0.119273,0.016735,0.234027,0.072577,0.243044,-0.185653,-0.065102,-0.012002,-0.096130,-0.054727,0.206486,0.035003,0.035707,0.133765,0.225276,-0.091746,0.043578,0.039499,-0.280352,0.028332,0.009335,0.036001,0.024733,0.001279,-0.007360,-0.003944,-0.111535,-0.034425,-0.025870,0.136200,-0.019872,-0.059770,0.099367,-0.038626,0.128620,-0.213480,0.061744,0.069030,-0.042596,-0.305489,-0.224017,-0.057411,-0.077065,-0.080192,0.073363,-0.000956,-0.144993,-0.186147,0.030690,-0.060198,-0.016959,0.149811,0.115254,0.026612,-0.023133,0.164906,0.063970,-0.111163,0.029045,0.132720,0.587449,-0.037258,0.038056,0.169219,-0.227106,-0.015705,-0.055385,0.013122,0.158742,0.008199,-0.009795,0.120663,-0.108543,0.105921,0.111489,-0.083480,-0.058032,0.218286,-0.146679,0.054697,-0.001466,0.033263,-0.159041,-0.125220,0.122870,-0.007749,0.041073,0.084354,0.020638,0.216519,-0.004920,0.067206,0.099011,0.087487,0.121152,-0.069905,-0.078563,0.059472,0.138438,0.051883,0.084390,0.052341,-0.345012,-0.109199,-0.026595,-0.115356,0.142441,-0.090387,0.017857,-0.035745,0.005441,-0.038091,-0.014953,0.247281,-0.048612,-0.130842,-0.158927,0.078509,0.165310,-0.256558,0.285196
0.099396,0.276456,-0.043161,0.168501,0.054980,0.011528,0.203019,-0.071223,0.072396,-0.184332,-0.133014,-0.045492,0.154096,0.003828,-0.014567,-0.033162,0.063263,-0.167726,-0.085400,-0.034079,0.169511,0.316753,-0.034808,0.172081,0.026295,0.175862,-0.081216,0.000809,0.088922,-0.128164,-0.199343,-0.107219,0.061861,0.113502,-0.015796,-0.141608,-0.042805,0.053939,-0.055139,-0.015429,-0.098893,-0.038121,0.054416,0.010106,0.240226,-0.047558,-0.170364,0.404122,0.151024,-0.116912,-0.040315,0.121243,-0.017320,-0.358774,-0.183603,-0.150192,-0.006845,0.102279,0.018415,0.039632,0.068472,0.143114,0.105002,0.261016,-0.006987,-0.161976,-0.136043,-0.023979,-0.000642,0.574526,0.104596,0.049289,-0.102102,-0.153780,0.634006,0.019826,-0.051330,-0.012310,-0.107267,0.195884,0.143651,-0.065618,0.188299,0.019231,0.252593,-0.001905,-0.215952,0.048107,0.069146,0.068532,-0.039935,0.056670,-0.022190,0.128309,0.076157,0.002070,-0.035114,0.023170,0.024597,-0.187082,-0.010001,-0.128973,0.179079,-0.044087,0.006496,0.091202,-0.104692,-0.225698,0.090537,-0.212525,0.129475,-0.147077,0.094325,0.005713,-0.106358,0.096251,0.082320,0.023831,-0.062947,0.016632,-0.056894,-0.281028,-0.150710,-0.055791,0.053126,-0.065609,-0.121195,-0.135846
-0.116015,0.025131,-0.001975,0.657852,0.101743,0.396020,0.062963,0.031264,0.483815,0.211193,-0.261797,0.061339,0.052632,-0.136237,-0.007161,-0.206925,0.035603,0.147766,-0.074086,-0.027600,-0.120903,-0.301301,0.063045,-0.072440,-0.021325,-0.288274,-0.006753,-0.036726,-0.072958,-0.026286,-0.043580,-0.067611,-0.294574,-0.027441,0.124529,0.048074,0.042466,-0.045695,0.082800,-0.029839,0.115863,0.083542,0.088609,0.089423,-0.278417,0.005122,0.361431,-0.070485,0.059575,-0.064940,-0.237004,0.009136,-0.018292,-0.159082,-0.204996,-0.031511,-0.073762,0.121516,0.012057,-0.096110,0.083383,-0.393033,0.082853,-0.241679,-0.132067,0.010687,-0.103400,0.283643,0.120641,0.086020,-0.172188,0.208298,0.057343,-0.093330,-0.135392,0.206314,-0.021583,-0.008645,0.064290,-0.048140,-0.053449,0.095251,0.039523,0.007076,0.036883,0.029880,0.037993,0.160742,-0.037512,-0.027815,0.173188,0.055819,-0.014302,0.133583,0.310491,-0.002394,0.194006,-0.039400,0.027437,0.394643,0.185787,-0.042896,0.011317,-0.090078,-0.000450,-0.573390,0.081279,0.208238,0.007487,0.137286,-0.114966,0.065787,-0.161754,-0.226783,0.169036,0.158688,-0.254577,-0.008819,0.054831,-0.012522,-0.034671,0.253252,0.123559,-0.047792,0.151091,0.036172,-0.040023,-0.205123
0.003580,0.040487,0.036723,-0.160516,-0.001660,0.035152,0.232402,-0.006378,-0.119284,0.007606,0.066970,0.040049,-0.056972,0.037095,0.015042,-0.069109,0.053233,-0.021474,-0.026089,-0.120128,0.010366,0.052239,0.084303,0.046119,-0.056988,0.075565,0.069132,-0.044761,0.042547,-0.091932,0.023859,-0.125492,-0.142991,0.009971,0.015574,-0.095777,0.117135,0.089451,0.085855,-0.034051,-0.155085,0.002074,0.124979,0.091334,0.126976,0.010147,0.002874,-0.306180,0.137565,0.119204,0.191563,-0.093113,-0.010190,0.154255,-0.027999,0.009619,-0.139840,0.056017,0.111493,0.007269,0.151446,0.286798,-0.145843,-0.080199,0.110456,-0.075291,-0.057445,0.049553,-0.014574,-0.030805,-0.066038,0.066157,0.047060,0.024271,-0.047959,-0.048210,0.054092,0.010137,-0.085366,-0.089253,0.636826,-0.123307,0.094808,0.049525,0.201474,0.044872,0.125612,0.309965,0.157295,-0.014268,-0.160422,0.222373,0.023413,0.162094,-0.066323,0.002513,0.078506,0.003739,0.099510,-0.022527,0.173067,-0.023383,0.053831,0.041709,0.041662,-0.239741,0.116917,0.069669,0.050058,-0.100493,-0.122685,-1.548827,0.134625,-0.079191,0.024703,0.015899,-0.213009,-0.000860,0.041618,-0.000183,-0.148593,-0.050120,0.055980,0.102955,0.030580,0.048354,0.126646,0.104723
0.070158,0.122659,0.072431,0.077140,-0.029226,0.192070,0.161224,-0.094000,0.127270,-0.283103,0.012947,0.007510,0.045609,-0.036791,-0.014458,0.405954,-0.072335,-0.033745,0.040011,0.013825,0.069829,-0.118120,-0.009712,0.084671,-0.090983,-0.042929,0.033086,-0.077581,0.124814,0.236007,0.030177,1.240977,-0.094086,0.232837,-0.009166,-0.002071,0.083948,-0.108482,-0.068265,-0.031014,-0.275452,-0.040426,0.040075,0.108057,-0.221088,0.016990,0.021673,0.198109,-0.024965,-0.234858,0.188387,0.062616,-0.008341,0.006072,0.050783,0.086287,-0.001838,0.085928,-0.171888,0.201521,-0.022555,0.161305,-0.001304,-0.397292,-0.137234,-0.001433,-0.055299,0.028609,-0.027659,0.056994,-0.028916,0.201847,-0.374251,-0.192678,0.000115,0.020129,0.032366,-0.002220,-0.091938,-0.031372,0.169039,0.151620,0.077923,-0.107520,0.007903,0.168055,-0.057460,-0.113693,0.062044,-0.372599,0.170009,0.160109,-0.016474,0.147401,-0.211103,-0.014484,-0.097272,-0.008134,-0.091973,-0.100502,0.025691,-0.052258,0.031446,0.019787,-0.045294,0.109723,0.130787,-0.174475,0.101002,-0.013635,-0.060859,-0.100332,-0.222417,-0.114857,0.133099,-0.030505,-0.010104,-0.001391,-0.036322,-0.009495,-0.024951,-0.063934,0.101141,0.155430,0.248736,-0.052646,-0.102654,0.083307
-0.049775,-0.152962,-0.022511,0.139719,-0.053037,-0.029999,-0.024093,-0.261017,-0.186772,0.050876,-0.167583,0.013222,0.041018,-0.037691,-0.005573,-0.048970,0.115496,-0.075077,0.031881,0.056665,0.037580,-0.084366,0.009995,-0.232505,-0.014305,-0.090571,0.033166,-0.010049,-0.092862,0.937541,-0.133179,-0.038286,-0.109512,-0.049120,-0.020620,0.130741,-0.128517,0.014880,-0.022055,0.096513,0.032268,-0.030787,-0.195629,-0.179757,0.012840,-0.045153,0.140795,-0.165440,-0.099700,-0.111761,0.016824,0.000466,0.008111,0.085127,0.018803,-0.004798,-0.002346,0.048426,-0.090992,0.001858,-0.000095,0.064546,-0.146838,0.278687,-0.188891,-0.146908,-0.040101,0.026699,0.226702,-0.051652,0.131000,0.136204,0.122704,-0.009393,0.120406,-0.184066,0.066369,0.004362,0.001100,-0.045540,0.206223,-0.216880,0.082983,0.019549,0.074116,-0.036169,-0.040013,-0.091524,-0.019764,-0.131844,0.220673,0.044632,-0.002132,0.001760,0.110943,-0.022119,-0.004039,0.002079,0.095233,-0.047589,-0.080805,-0.065941,-0.020022,-0.042918,-0.114779,-0.007119,0.090931,-0.106792,0.000785,-0.046901,-0.208852,0.122747,0.273200,0.192202,0.091148,0.075663,0.001746,0.002235,-0.056213,-0.002395,0.065351,-0.034182,-0.145850,0.809176,-0.113123,-0.076963,0.034429,0.205704
-0.131965,0.052821,-0.106965,-0.050399,-0.033965,0.070617,-0.098548,0.099078,0.196341,-0.056507,-0.311607,0.158855,-0.147258,0.043061,0.026981,-0.352164,0.246279,-0.026475,-0.017500,-0.106691,0.156610,0.193959,-0.264354,-0.061843,-0.204001,0.062538,-0.021992,-0.062237,0.134543,0.109776,0.119358,0.091074,0.139707,-0.056549,0.067271,0.168719,0.062140,-0.003896,0.071036,-0.119284,-0.217443,-0.332288,0.134910,-0.244348,0.173910,-0.030697,-0.091473,0.243531,-0.026056,-0.073847,-0.150342,-0.082222,-0.000039,-0.091111,0.017044,-0.042153,0.036027,-0.000494,0.145419,0.029108,-0.098793,0.242519,-0.042007,-0.242535,-0.082912,-0.087945,0.014371,0.307723,-0.015963,0.088767,0.021162,-0.029501,-0.015010,0.005444,0.330653,0.169616,-0.106939,0.019034,-0.056149,-0.009706,0.044465,0.053483,-0.062389,-0.011944,-0.044775,0.092804,-0.000267,-0.065737,-0.031059,-0.068120,0.231164,0.242603,0.021147,0.187366,0.482362,0.025377,0.040011,0.016694,0.213316,0.032321,0.282538,-0.008768,-0.035291,0.166290,0.174815,0.144576,-0.274029,0.160934,-0.109707,0.232819,0.089749,0.021665,-0.309179,0.127818,-0.185312,0.113988,0.083029,-0.003779,0.083322,0.015816,-0.529148,0.060793,0.211348,-0.045788,-0.097710,0.269579,0.039133,0.050121
-0.011709,0.024180,0.092060,-0.129152,-0.001601,0.025323,-0.052004,0.193551,-0.021186,0.028258,-0.191710,0.223312,-0.012180,-0.037616,0.007106,0.485281,-0.195366,0.217221,0.011765,0.165612,0.133152,0.046610,0.069473,0.112091,0.238691,0.224345,-0.076645,-0.087772,0.008605,0.012408,0.122194,-0.313961,0.051870,0.055814,-0.124933,-0.078920,0.069053,0.084031,0.065694,0.009339,0.364615,-0.185283,-0.069210,0.028783,-0.214651,0.178331,0.152026,0.185144,0.004759,0.075069,0.058686,0.131920,-0.001921,0.146946,-0.069181,0.080800,0.120996,0.040532,-0.031368,0.218808,-0.147611,0.265281,0.164808,-0.256024,0.251108,0.023609,0.059487,0.089254,-0.082402,-0.130098,-0.067638,0.148347,0.185829,-0.124913,0.084546,0.054146,-0.078349,0.008291,0.031239,-0.004495,0.220731,-0.286340,0.012832,0.043579,0.042167,-0.292498,0.096940,-0.024194,0.040349,0.498939,0.200069,0.076926,0.007906,0.326683,-0.123873,0.021263,0.123494,-0.001305,-0.092234,0.164671,-0.164682,0.078186,0.104313,-0.098442,0.004569,0.012655,0.523519,-0.012418,0.019554,-0.046769,0.030956,0.155307,0.272056,-0.035994,-0.042865,-0.079380,0.121375,0.002245,-0.200421,-0.001009,-0.001471,0.027791,0.165409,0.124218,0.009438,-0.128706,-0.125024,0.113279
0.056682,0.328801,0.043581,-0.140152,0.102129,-0.478583,0.041593,0.100370,0.031287,-0.057972,0.098800,0.104321,-0.114219,-0.106792,0.007399,0.149001,0.009969,-0.161231,0.035369,0.025678,-0.026278,-0.011560,-0.141558,0.079276,-0.022277,-0.037406,-0.027791,0.067125,-0.017505,-0.158990,0.026828,0.282207,0.102361,0.095634,0.045227,0.144008,0.190001,0.139429,0.040139,0.046800,0.591614,0.076149,-0.090503,-0.007866,-0.087369,0.058621,-0.009530,-0.016061,-0.080658,0.312031,0.134266,-0.054526,-0.003162,0.059025,0.238195,0.049987,-0.103217,-0.055210,-0.021683,-0.043287,0.205258,-0.015429,-0.155815,0.216435,-0.114660,0.024938,0.119724,-0.243651,0.003547,-0.084133,-0.072361,0.010011,0.048185,-0.104830,0.048860,0.012534,0.028800,-0.021012,0.084092,-0.170984,-0.069715,0.013563,0.336452,0.014415,0.165855,0.015202,0.027396,-0.022190,0.041872,-0.128573,0.124799,-0.010322,-0.016763,-0.284339,0.881338,-0.003206,0.053334,-0.008079,-0.089872,-0.061336,0.669072,0.115947,0.046168,0.060352,0.050127,-0.234213,0.206893,0.046730,-0.015406,-0.479831,-0.121878,0.097548,0.242913,0.114695,-0.032796,0.003790,-0.016713,0.001000,0.036830,0.003413,0.107523,-0.166894,0.224684,-0.003726,0.016765,-0.157406,0.014780,-0.141878
0.194268,-0.216834,-0.075344,-0.054739,-0.036344,0.325448,0.202634,0.068212,-0.127875,0.211492,0.253947,-0.132821,-0.143919,0.245099,-0.002662,-0.215803,-0.147011,0.019895,-0.183231,-0.062862,0.065644,0.143248,0.091845,-0.180474,-0.054603,-0.095774,0.050274,-0.053450,0.210132,-0.043199,-0.075645,-0.036078,0.114631,0.086244,0.105618,0.208042,-0.135452,-0.024458,0.049909,0.090117,0.183471,-0.138584,-0.029251,0.000570,-0.135447,-0.272527,-0.013073,-0.233160,0.286171,0.067571,0.173583,0.153090,0.016169,0.080902,0.337333,0.135338,0.134500,0.099011,-0.027636,0.027360,-0.016799,0.026336,-0.067159,0.258175,0.011561,0.410278,0.192469,-0.143348,0.228962,0.622219,0.178894,0.001875,0.055027,0.178568,0.009232,0.152299,0.039596,0.003621,0.072102,-0.011833,0.107301,0.030434,-0.301670,-0.024271,0.234889,0.054609,0.283298,0.095692,-0.017362,0.131971,0.084883,0.258151,-0.041933,-0.001495,0.084053,-0.007665,0.070245,-0.009497,0.022608,-0.061724,-0.158977,0.209302,-0.207053,-0.028230,0.081954,-0.039739,-0.143197,-0.138288,0.049681,0.376685,0.160715,0.070001,-0.026020,0.055924,0.047908,-0.046269,0.024459,0.016897,-0.066266,-0.008692,-0.012231,0.004554,-0.076142,-0.029245,0.271883,0.032002,-0.114058,0.166790
-0.148375,0.311979,-0.011374,0.328678,-0.055151,-0.308419,-0.057721,0.126241,-0.131024,0.111015,0.143443,0.082054,0.189189,-0.562737,0.010201,0.065075,0.035557,-0.015304,-0.074466,-0.041946,-0.072357,0.247610,-0.032149,0.015326,-0.179187,0.081774,0.117750,0.008326,0.149601,0.049221,0.073545,0.039201,-0.171147,0.129933,-0.011132,0.063800,-0.060227,-0.014754,0.089390,-0.036339,-0.165795,-0.065524,-0.017352,-0.373190,0.141955,0.179651,0.322392,0.000074,-0.009984,-0.035607,0.437255,-0.004318,-0.004735,-0.011820,0.179102,0.066065,0.006238,0.048553,-0.013464,0.216292,-0.031611,-0.343059,0.086004,-0.259806,-0.136238,-0.064028,-0.066333,-0.009016,0.262172,0.059919,-0.026447,-0.282480,0.162703,-0.158030,-0.186172,0.337321,-0.022735,-0.007479,-0.003520,0.075009,-0.269401,0.022706,0.053394,0.036783,0.022208,-0.005413,0.131774,-0.095141,-0.043074,-0.067888,0.091319,0.009259,-0.006871,0.280907,-0.241940,0.008574,-0.096446,-0.014000,-0.130170,-0.289856,0.175814,0.014422,0.047124,0.031479,0.132378,0.119173,-0.310172,-0.166072,0.031189,0.223815,0.012498,0.041509,0.039310,0.149262,-0.037306,0.053198,-0.140845,-0.004190,-0.023116,-0.006247,-0.270579,-0.093334,-0.136303,-0.071021,0.214714,-0.170476,0.084243,0.070159
-0.015041,-0.103862,0.195214,-0.063081,-0.049567,0.194060,-0.011164,-0.063607,0.194542,0.044641,-0.227437,-0.173192,-0.102117,0.132340,0.009825,-0.210403,-0.005299,0.002282,0.166754,0.268162,0.123524,-0.098876,0.075073,-0.088994,0.193310,0.134640,0.099696,0.042891,-0.048626,0.162753,0.020797,0.026796,-0.002583,0.082987,-0.403730,-0.241754,-0.101483,-0.016279,-0.088689,0.090618,0.036426,-0.070061,-0.115939,0.124909,0.326431,0.080959,0.238553,0.509695,-0.053833,-0.067573,0.131896,0.076363,0.006856,0.003385,-0.094498,0.013535,-0.082847,0.099447,0.059704,0.315261,0.130087,0.059091,0.090889,-0.045090,0.105267,0.026851,0.109727,-0.150279,-0.149720,0.078675,0.107485,0.230577,-0.154825,-0.003161,-0.019636,0.100314,0.170692,0.009133,0.031082,-0.105421,-1.114272,0.577534,-0.030093,0.082310,0.048778,-0.265516,0.134951,0.250637,-0.010297,-0.074509,-0.187088,0.238406,0.041706,0.047698,0.133460,-0.001200,0.309939,0.024711,0.042951,-0.031911,0.020403,0.081046,-0.096733,0.003497,0.088800,0.166369,0.002538,-0.132953,-0.023056,-0.103556,-0.218490,-0.149450,-0.083445,-0.259017,0.034565,-0.100561,-0.028385,0.014052,-0.169286,0.010717,0.012006,-0.073728,0.152311,-0.003914,-0.041794,-0.102287,0.023452,-0.039879
0.132563,0.211742,0.007179,-0.047483,-0.027543,-0.484099,-0.018577,0.061984,-0.236676,0.007341,-0.073207,-0.087521,-0.058592,-0.004971,-0.014720,-0.005228,-0.049014,0.024505,0.001105,0.043631,0.064851,0.276027,0.346608,0.134414,0.117739,0.041020,0.013206,-0.024345,-0.068160,-0.041574,-0.084042,0.009805,-0.111292,-0.036314,-0.026685,-0.074115,0.227306,-0.005137,-0.106647,0.001856,-0.101701,-0.077028,-0.035196,0.254834,-0.042383,0.036512,0.500720,-0.056050,-0.006880,-0.053226,0.641570,0.041024,0.006121,-0.051824,-0.058350,0.008149,-0.051277,0.048299,-0.080096,0.256664,0.035696,-0.399249,0.023754,0.097698,-0.001893,-0.285031,0.057096,0.138595,0.066478,-0.013716,0.251144,-0.314578,-0.038271,0.396874,0.107146,0.250904,-0.016614,0.003154,0.037364,-0.086005,-0.029357,0.026584,0.353570,-0.056957,-0.026352,-0.040575,-0.015867,0.166872,0.033215,-0.072947,0.271555,-0.303618,-0.009953,0.112457,-0.098896,0.009409,0.003740,0.010444,0.163738,0.019085,0.016479,0.055693,-0.007468,-0.025284,-0.020358,0.078513,0.028235,-0.098524,-0.083339,0.191476,0.031966,-0.002008,-0.121949,0.008492,-0.010827,0.010065,-0.004974,-0.011764,-0.007281,-0.023576,-0.234949,-0.125905,-0.016796,-0.001551,-0.010504,0.193247,-0.028019,0.124351
-0.056157,-0.020390,0.026750,-0.121765,-0.050514,-0.045592,0.038363,-0.141611,0.209337,0.127264,-0.068723,0.128216,0.048167,0.082413,-0.011981,-0.055593,0.047217,0.070463,0.014344,0.045769,0.027857,-0.004859,0.146164,0.063438,-0.080507,-0.197884,0.157973,0.029391,0.058803,-0.081378,0.025959,-0.148942,0.057066,-0.059342,0.001030,0.018201,0.171418,-0.036819,0.029937,0.064483,0.112767,0.004639,0.038622,0.040949,0.265757,-0.058392,-0.189732,0.009596,-0.435846,0.124235,0.217827,0.032029,0.005401,0.014993,0.029208,-0.023714,0.045905,-0.053270,0.196041,0.064262,-0.067868,0.158347,0.041060,-0.271739,0.223673,-0.029487,-0.008023,-0.150433,0.270154,-0.105351,0.035896,-0.111070,0.013578,0.104970,-0.167787,0.100608,-0.017597,-0.005882,-0.061878,0.270913,0.015817,-0.042035,-0.029227,-0.005001,0.039620,0.021826,-0.008602,0.154873,0.002197,-0.175523,0.067985,0.120066,-0.008034,-0.049889,0.066458,0.005193,-0.031363,0.006061,-0.034482,0.042012,-0.090481,-0.073555,-0.014825,-0.020905,-0.465704,0.091713,0.125226,0.051799,0.060635,0.090391,-0.005217,0.016060,-0.033794,-0.196135,0.060919,-0.007735,-0.020066,-0.013465,-0.013089,0.007333,-0.115947,0.050172,0.070893,0.028824,-0.067557,0.289553,-0.083430,-0.341578
0.035024,0.134905,-0.000313,0.060485,0.064166,-0.032076,0.009838,-0.028139,-0.025352,0.252062,-0.020124,0.107557,-0.013781,0.105468,0.020561,-0.035964,-0.105114,0.063820,-0.028479,0.006273,-0.059802,-0.022173,-0.090133,-0.024995,0.006317,-0.092800,0.326749,0.024337,0.012629,-0.070767,-0.019330,-0.072548,-0.053442,-0.152819,0.045359,0.189511,0.235446,-0.053872,0.053762,0.022129,0.170303,-0.018992,-0.024932,0.084089,0.269326,-0.035925,-0.040533,0.066368,-0.180988,0.116976,0.039795,0.095719,0.016570,-0.094890,-0.185852,-0.001411,-0.009801,0.124813,0.099170,0.044830,-0.007596,0.270912,-0.096503,0.047762,0.010542,-0.061108,-0.031523,-0.275451,0.212883,0.041908,-0.047081,-0.117050,0.010163,0.092789,-0.034732,0.014160,-0.000292,-0.003082,-0.010553,0.084355,-0.018556,0.067992,-0.159169,0.053803,0.039559,0.007499,-0.037110,-0.003065,0.052193,-0.035292,0.255499,-0.049054,0.010745,0.018926,-0.060126,-0.003706,0.141954,0.013271,-0.088865,-0.199004,-0.062573,-0.044406,0.071398,0.020014,-0.130050,0.109971,0.022607,0.020948,-0.001761,-0.029723,0.015896,-0.015907,0.283840,-0.258533,-0.084759,-0.021631,0.082842,-0.020302,0.020917,-0.001808,-0.215102,0.269151,0.097836,0.056404,-0.078637,0.132087,0.101161,0.112442
0.067613,0.012036,0.044165,0.820767,-0.000541,-0.063280,0.074710,0.052652,0.404366,0.145882,-0.083018,-0.170349,-0.395512,0.425320,-0.017159,0.154439,-0.054129,0.051165,0.081609,0.002980,0.157033,0.117738,-0.109627,0.155070,0.049719,-0.045007,0.045779,0.017050,0.003948,0.103317,0.034124,-0.229658,-0.325511,-0.182196,0.030618,-0.177986,0.015559,0.045518,-0.051880,0.054883,0.068965,-0.033313,-0.022636,-0.014919,0.540370,-0.024511,0.146364,0.068624,-0.076618,0.126888,0.059505,-0.028352,0.014175,0.357371,0.190583,-0.005959,0.109728,-0.101423,0.081245,0.302653,0.021768,-0.151071,0.025435,-0.175798,0.066863,0.012154,-0.008117,0.183619,-0.040579,0.061899,-0.043720,0.133259,0.009694,0.035078,0.255669,-0.057724,-0.060354,-0.005800,0.012773,-0.046030,0.062093,-0.110004,0.125840,-0.075444,-0.056992,0.043222,-0.055074,0.102426,-0.075173,-0.043462,0.050818,0.043732,-0.004904,-0.036310,0.083421,-0.010596,-0.089543,-0.009124,0.029175,0.305870,0.083177,-0.020721,0.047610,0.036645,0.042339,0.074915,-0.165740,-0.208168,-0.001114,0.052854,0.215045,0.008008,-0.070400,-0.211478,-0.043653,0.005722,-0.127339,-0.007313,-0.087833,-0.016932,0.176070,0.030305,-0.184234,-0.032454,0.020669,-0.197822,-0.185533,-0.127522
-0.124308,-0.083351,-0.005409,-0.100200,-0.087383,0.391388,-0.026149,-0.102720,0.062373,-0.035758,-0.032053,0.108793,0.031077,-0.043938,-0.007132,0.005902,0.109052,-0.202942,0.115161,-0.022904,0.010679,-0.293218,-0.077703,-0.052295,0.074290,0.169423,-0.031349,-0.056743,-0.000179,-0.169513,-0.041458,0.009062,0.340850,0.051839,0.022154,0.104034,-0.230867,-0.103710,0.002872,-0.073857,0.402355,0.037594,0.078968,-0.042491,-0.057386,-0.057048,0.264723,0.004666,0.153333,-0.058861,0.328797,-0.018570,-0.009055,-0.077901,0.255881,-0.090512,0.077383,-0.041698,-0.130605,-0.029871,-0.229576,-0.053119,-0.119326,-0.040522,-0.168171,-0.222768,-0.013065,0.022459,0.095486,-0.054481,-0.018119,-0.149894,0.004491,0.102101,0.173436,0.000011,0.081367,-0.001733,-0.028584,-0.077614,0.146312,0.097470,-0.274695,0.002141,0.049168,0.084850,-0.067132,0.043451,-0.113792,0.098551,-0.115767,-0.109990,0.013284,0.046100,0.253094,-0.003258,-0.012495,0.005052,0.068642,0.494613,0.030626,0.038688,0.079506,0.014288,0.091749,0.089851,0.049803,0.007443,-0.037378,0.200635,-0.143316,-0.189628,-0.022182,0.131938,-0.110544,0.050012,0.170300,-0.004485,-0.030871,-0.023369,-0.060436,0.012362,0.037003,0.028081,0.083376,0.082368,0.026469,-0.213052
0.017232,0.121250,-0.005848,-0.071605,-0.008416,-0.049867,-0.003666,-0.001057,-0.036720,0.042657,0.114966,-0.034441,0.034504,-0.085288,-0.003560,0.002558,-0.006984,0.037942,-0.008366,-0.062051,-0.092010,-0.146702,0.068933,0.021544,-0.120682,0.138796,-0.079548,-0.052712,0.064105,0.128946,-0.068367,-0.056529,-0.170605,-0.297148,-0.012303,-0.090540,0.156398,0.070823,0.077316,-0.066755,-0.368521,0.016340,0.083729,0.015436,0.098650,-0.058809,0.301434,0.078846,-0.070363,0.030534,0.003302,-0.030980,-0.012094,0.150726,-0.112986,-0.023508,-0.032844,0.088015,0.054078,-0.000059,-0.109042,0.291382,-0.004250,0.027932,0.098147,0.042801,-0.043446,-0.240067,0.122370,0.024369,-0.126066,0.178367,0.063182,-0.197321,-0.039889,0.002583,0.040602,0.012897,-0.044822,0.079655,0.055503,0.120047,0.119679,-0.017713,0.145238,0.057873,-0.088529,0.073111,0.020192,0.045228,0.222323,-0.051754,-0.017223,-0.270861,-0.009009,-0.005044,0.061013,-0.034943,-0.035827,0.050791,-0.145996,0.013390,0.064640,0.058179,0.142833,-0.115033,0.097518,0.033160,0.003088,0.040710,0.024756,0.012211,0.106235,-0.143103,0.302914,0.022347,-0.052532,0.002720,-0.065004,0.001531,-0.111134,0.208099,0.119940,-0.164644,0.016774,-0.663871,-0.137278,0.020406
-0.344703,-0.332809,0.026921,0.074232,0.010583,0.035935,-0.013943,0.035298,-0.102985,0.043626,0.071489,-0.058921,-0.271866,-0.164814,-0.011280,0.173504,0.123079,0.214153,0.023608,0.107787,0.017407,0.103823,0.054263,-0.090947,-0.016726,0.327559,-0.035194,0.086292,-0.239484,-0.117131,0.151582,0.060993,-0.037237,0.098681,0.047915,0.063988,0.176133,0.242358,0.145177,0.032780,-0.116572,0.068301,0.003341,0.053326,0.004968,0.061355,-0.122317,-0.002401,-0.009296,-0.133617,0.206180,0.042773,-0.008568,0.286594,0.433813,0.052454,-0.170592,0.144475,-0.106579,-0.040399,0.130103,0.032358,0.080048,0.007832,0.191256,0.164152,-0.021623,-0.200428,0.262465,-0.038412,0.136702,0.172587,-0.058006,-0.037106,-0.106510,0.145290,-0.056772,0.007512,0.036469,0.055814,0.222236,0.174939,0.035626,0.051010,-0.070526,0.017817,0.258909,-0.036910,0.030216,0.031124,-0.210514,0.026736,-0.005174,-0.058107,0.210153,-0.027273,0.001235,0.004189,0.212303,0.082381,-0.039631,-0.066441,0.085639,-0.147417,-0.111293,-0.054959,-0.076113,0.392989,-0.126459,-0.089962,-0.429498,0.001363,-0.459021,0.215205,-0.154916,-0.025744,0.213411,0.010314,0.212220,0.009483,-0.274459,-0.060270,0.039190,0.002752,0.207607,0.004448,0.082971,-0.029158
-0.012924,0.001539,0.003032,-0.003690,0.011533,-0.001918,0.010345,-0.000758,0.009718,0.000144,-0.011474,0.004992,0.001042,-0.001091,-0.037592,-0.002725,0.007123,-0.001762,-0.000117,0.015211,-0.001099,0.005058,0.007496,-0.003143,-0.003671,-0.001080,-0.005895,-0.004113,-0.025321,-0.000902,0.005940,0.000455,-0.011935,0.003653,0.007271,0.022099,0.002083,0.019709,0.014632,0.013044,0.002587,0.019560,-0.017809,0.000640,0.001185,-0.010216,-0.000100,0.003954,-0.005222,-0.001869,0.003131,-0.010300,-0.010097,0.004924,-0.012150,0.017226,-0.007288,0.009312,0.008337,0.000703,0.002332,-0.000197,0.017188,-0.002392,-0.005623,-0.002514,-0.014529,-0.015494,-0.018871,0.022471,-0.007036,-0.004974,-0.009946,-0.001643,0.008452,0.004183,-0.017135,0.002938,-0.032038,-0.000269,-0.000804,-0.023003,-0.008870,0.005940,0.009429,-0.001039,-0.017987,0.001994,-0.005739,0.012645,-0.009198,-0.002975,-0.022171,-0.008546,0.002933,-0.015112,-0.001573,0.013877,0.005404,0.001163,-0.006810,0.011150,-0.011728,0.016798,-0.004973,0.009750,-0.006554,0.008013,-0.013942,-0.005518,-0.003960,-0.006831,-0.004685,0.002613,-0.010382,-0.029740,0.000928,-0.014154,-0.000041,0.005615,-0.006316,0.002263,-0.000775,0.003057,-0.016038,0.002631,0.004575,0.004578
-0.038307,0.088610,-0.097034,-0.071719,-0.045382,0.089849,-0.261919,0.065583,-0.029666,-0.171718,-0.102253,0.099696,0.030599,-0.073127,0.001976,-0.052697,0.070452,-0.013865,-0.057807,0.045613,-0.193813,-0.040347,0.027772,-0.143310,0.099730,-0.183125,0.122571,0.005245,-0.060304,-0.176070,0.033026,0.118506,-0.044891,0.179349,0.011926,0.049707,0.109841,-0.038577,-0.109784,-0.029509,0.134131,0.037099,-0.119762,0.022743,0.080127,0.117065,-0.068689,1.199913,-0.036231,0.045770,-0.012959,-0.030449,0.017568,0.101815,-0.040095,0.114317,-0.004479,-0.177273,0.011494,-0.043244,-0.010434,0.074105,-0.102123,-0.012288,-0.031697,-0.190225,0.131168,0.050883,-0.065232,-0.047381,-0.023814,-0.017959,0.029684,0.367499,-0.127744,-0.108033,0.025348,-0.011749,0.077299,0.028023,0.832301,0.610612,-0.020891,0.016017,0.013614,-0.110307,0.117488,0.282702,-0.050538,-0.016278,-0.082716,-0.381743,-0.001474,-0.029430,-0.050873,-0.021776,0.003398,-0.023612,-0.018233,-0.033113,0.189376,0.118434,-0.119630,-0.053362,-0.078711,-0.023343,-0.095954,0.043761,0.007490,0.039638,0.006281,0.149213,0.113177,-0.042010,0.084302,-0.063480,-0.072288,-0.003455,0.059275,-0.016273,-0.110908,-0.047936,-0.203985,-0.020445,-0.032034,-0.038512,0.172633,-0.105112
-0.008197,-0.015638,-0.008619,-0.000182,-0.004774,-0.002750,0.004797,-0.009789,-0.007218,-0.002117,0.012231,0.009554,-0.003448,-0.001475,-0.025110,0.006105,-0.013818,-0.014281,-0.000881,-0.002692,-0.002416,0.007461,-0.007444,-0.002894,0.007289,-0.001051,-0.000549,-0.006034,-0.000057,-0.004264,-0.041598,0.003856,0.006731,0.000665,-0.024927,-0.006828,0.014294,-0.017576,-0.003570,-0.012580,0.007527,0.007202,-0.011751,0.001789,0.005869,-0.015084,0.002024,-0.006241,-0.005654,0.006972,0.004722,-0.019940,0.018207,0.008960,0.000261,0.016954,-0.020233,0.000896,0.003828,-0.000378,0.015629,-0.006472,-0.004619,-0.004339,-0.002747,-0.004835,-0.002867,0.008423,-0.015712,0.007173,0.002717,0.006517,-0.003056,-0.005691,0.007064,0.002790,-0.014723,-0.023714,0.007982,0.010848,0.000771,0.001048,-0.006521,-0.000369,-0.001899,-0.017360,-0.011661,-0.003468,0.006843,0.004559,0.000624,-0.002444,0.028363,-0.002321,-0.006139,0.002765,-0.003398,0.023508,-0.001374,-0.004734,0.003590,-0.003450,-0.010604,0.017970,0.002548,-0.001491,-0.001227,0.014112,0.013018,0.000427,0.003719,0.000624,-0.002022,0.000422,0.010196,0.000866,-0.001003,0.006945,-0.007056,0.004191,0.001919,0.005103,-0.001772,0.000094,-0.013247,0.000392,0.000915,0.000843
0.015074,0.051621,0.061716,-0.050255,0.000505,-0.137363,0.007275,0.115388,-0.061877,0.048983,0.052808,0.100716,-0.087090,-0.041898,-0.001240,-0.087703,0.012168,-0.093693,0.021916,0.048947,-0.068913,-0.071159,-0.006485,0.029019,0.118602,-0.167810,-0.029672,0.007372,0.097105,-0.016297,0.051350,0.005228,-0.271419,-0.014279,-0.007354,0.118520,0.143415,0.037427,-0.084141,0.020336,-0.150177,0.035540,0.075696,0.045546,0.085942,0.075619,-0.004963,0.021972,0.026840,-0.039512,0.018677,-0.170464,-0.005411,-0.187248,0.097173,0.003970,-0.008877,-0.003559,0.115864,-0.001277,0.081422,-0.395522,-0.045798,0.022102,-0.130444,0.026912,0.041269,-0.196487,0.086489,0.000411,0.002000,-0.033814,-0.079841,-0.057173,-0.108372,-0.163640,0.063298,-0.020328,0.026145,-0.035441,0.054449,0.012396,-0.055771,0.029987,0.034904,-0.009459,0.108706,0.010171,-0.034522,0.025983,0.442279,-0.005820,0.001044,0.050701,-0.197273,0.001086,0.005336,-0.000277,0.143850,0.073949,0.067906,0.026163,-0.107123,0.048694,0.090653,-0.154782,-0.103323,0.076428,-0.062909,0.072870,0.004681,-0.158344,-0.120133,-0.412557,-0.053856,-0.020066,1.636203,0.006306,0.043638,0.005388,0.162072,0.009944,-0.141264,-0.025412,-0.119638,-0.124398,-0.035283,-0.007720
-0.016438,0.316435,0.076477,0.098224,0.103312,0.095968,0.080598,-0.086123,-0.166669,0.046250,0.038195,0.021370,0.039367,0.167901,-0.017331,0.269159,-0.060820,-0.008889,0.067871,0.112553,0.035089,0.021871,-0.284927,0.249434,0.052712,-0.131469,-0.003373,0.075355,-0.132175,-1.273378,0.006747,-0.073277,-0.194449,0.141929,0.020343,-0.115843,0.085709,-0.023921,0.068128,0.014905,-0.244378,0.107072,-0.043075,-0.142956,0.028731,0.062741,0.203124,-0.075147,-0.002476,-0.109324,-0.080944,-0.065673,-0.004822,-0.067014,0.031868,-0.023670,0.014418,-0.070688,-0.142210,-0.171518,0.031261,0.080146,0.106376,-0.075530,0.072303,-0.132870,-0.126599,-0.100200,-0.062650,-0.009207,-0.116661,-0.042842,0.050459,-0.015155,0.127260,-0.027608,0.031859,-0.026459,0.056765,-0.247245,-0.083237,-0.060170,-0.326208,0.025944,-0.030750,-0.010326,0.051524,-0.260654,0.031399,0.000818,-0.231967,0.008410,-0.007163,0.117722,-0.126356,-0.014173,0.056043,-0.002100,-0.065465,0.047042,-0.034890,-0.077405,0.140144,0.009562,0.179120,0.063198,0.003374,-0.167319,0.005919,0.394149,-0.007004,0.005820,0.133662,0.115238,0.250330,0.033945,0.008467,0.018358,-0.022467,-0.015408,0.119516,0.164392,0.212954,0.051987,0.017426,-0.085205,0.063256,0.382670
0.173495,0.009522,-0.040200,-0.073364,-0.001781,0.352706,0.038841,-0.121968,-0.212580,-0.197494,-0.099736,0.059709,-0.228274,0.197773,0.005304,0.153070,0.304280,0.146615,-0.070921,0.027770,0.071320,0.125871,-0.076751,0.082572,-0.096924,0.327935,-0.069913,-0.060366,0.207637,-0.036379,0.031388,-0.098310,0.003385,-0.035346,0.087050,-0.185482,-0.293578,-0.061972,0.149555,-0.002166,-0.071695,0.130730,0.109945,0.012037,0.168814,0.033435,0.140286,-0.160923,-0.074547,0.220312,0.194077,0.367538,-0.011144,0.129864,0.167800,-0.010654,0.025464,-0.120697,0.046961,-0.017404,-0.178866,0.200694,0.135853,0.191348,0.000659,-0.104298,-0.058968,-0.054840,-0.064800,-0.255473,-0.088025,0.107122,0.068505,0.050949,-0.263350,-0.168717,-0.126048,0.028386,0.041259,0.147088,-0.208136,0.149085,0.127387,0.052628,-0.119696,-0.003069,-0.164647,-0.052874,0.194566,0.074194,-0.153600,-0.100031,0.028868,0.054676,0.027604,0.011577,-0.216076,-0.019281,0.267401,-0.002894,0.324604,-0.010679,0.092692,-0.096871,-0.012289,-0.077643,0.097243,-0.135345,0.094673,-0.133008,0.218070,0.144995,-0.109467,-0.023515,-0.045712,0.145716,0.205071,0.003628,-0.025682,-0.008351,0.102799,0.040428,-0.448438,-0.246977,0.204088,0.137027,0.129831,-0.076143
0.057807,0.047194,0.007540,-0.035744,0.084378,0.104754,-0.129475,-0.008718,0.128048,0.131371,0.139274,0.261929,-0.143418,-0.032115,-0.015634,0.302664,-0.051431,0.100774,0.036863,0.034342,0.026931,-0.070947,0.004858,0.008194,-0.031373,0.108677,0.263468,0.017755,-0.138484,0.288280,-0.006844,0.203643,-0.067265,-0.124245,-0.031139,-0.156433,0.066435,-0.098122,-0.032300,-0.046165,0.146016,0.070956,-0.052560,0.008213,0.147740,0.039263,-0.155994,-0.142897,0.332619,0.173200,-0.212544,0.003350,0.008069,-0.398605,0.278216,0.025756,-0.027853,-0.036801,0.339011,-0.026469,-0.007401,-0.022265,0.115064,0.050263,0.166084,-0.960740,-0.055954,-0.172940,0.443631,0.255743,0.023535,0.217677,0.064425,0.015938,-0.091736,-0.136822,0.038892,-0.027395,0.015779,0.346011,0.084215,-0.332741,-0.177749,-0.021815,0.025688,-0.087350,-0.142235,-0.182779,-0.031277,0.216602,-0.060772,-0.158056,0.013389,-0.234880,-0.121164,0.003390,0.051427,-0.015844,-0.109926,-0.257446,0.041303,-0.031038,-0.027456,-0.019255,-0.111780,0.050619,0.091751,0.004512,-0.020417,0.238999,0.036175,0.037295,-0.216226,-0.029346,-0.090134,0.053773,0.032581,0.001539,-0.027640,-0.024758,0.178479,-0.178959,0.218215,-0.156025,0.104421,-0.149722,0.034911,-0.184893
0.018864,-0.171749,-0.019504,-0.000538,-0.103653,-0.095434,-0.070114,-0.028849,-0.192400,0.261424,-0.265004,-0.019958,0.152348,0.142962,-0.012479,0.097465,-0.059415,0.108376,-0.013793,-0.100591,0.059096,0.158865,0.240774,-0.146667,-0.047731,0.008358,0.048486,-0.089736,-0.040968,-0.178169,0.099419,0.006953,-0.361488,0.166014,0.044247,0.468436,0.023388,-0.270439,0.239089,-0.208765,0.231595,-0.115150,0.032933,-0.070099,-0.123798,-0.094029,-0.142041,0.053483,0.224514,-0.100033,-0.106082,-0.181603,0.006748,-0.002413,-0.787794,-0.056916,0.272157,0.337524,-0.006460,0.100448,-0.191485,-0.105369,-0.175382,-0.076760,0.072760,0.019128,-0.069110,-0.153731,-0.004957,0.042841,-0.026351,-0.020685,0.034873,0.068966,-0.040919,-0.097438,0.053514,0.009328,-0.072041,0.043416,-0.054979,0.192381,0.153077,-0.085599,-0.173198,0.022826,-0.112150,0.002441,-0.081811,0.003116,0.156275,0.019161,0.009656,-0.085915,0.006021,0.001172,-0.015299,-0.004746,-0.070046,0.121270,-0.311982,-0.045728,-0.049008,0.128154,-0.027191,-0.187873,-0.039927,-0.043197,-0.024559,-0.146003,-0.002045,0.044275,0.248561,0.310095,0.105503,0.216479,-0.057208,-0.004219,-0.031395,0.009913,0.039725,-0.215998,-0.063437,0.190098,-0.067732,0.014984,-0.003801,0.071328
0.011189,0.003940,-0.002069,-0.003397,-0.005028,0.002056,0.002069,0.005347,0.002323,-0.002110,0.016138,-0.003114,0.006860,-0.001447,-0.017905,0.009355,-0.009700,-0.003398,-0.005367,0.010559,0.003544,-0.004578,0.010950,0.000582,-0.007790,0.002788,0.004491,0.011192,0.009224,-0.000373,-0.000884,-0.004968,0.006179,0.000448,0.027419,-0.019305,-0.005378,-0.016780,0.000187,-0.001000,0.009448,-0.008405,-0.009566,0.001415,-0.002969,-0.005720,0.001660,-0.012071,-0.005326,0.001013,0.002891,-0.021578,-0.008543,0.001349,0.001322,-0.019260,0.003558,-0.029393,0.024945,0.000010,0.013147,0.010771,0.005978,-0.009207,0.005824,0.003087,-0.006213,0.007397,-0.000240,-0.000834,0.004630,-0.002234,-0.026602,-0.001083,-0.013542,-0.001541,0.015741,0.000199,0.014370,-0.003710,0.004528,0.017182,0.010961,-0.018951,0.001541,-0.000643,-0.005183,-0.007724,0.005083,-0.002474,0.013561,-0.004161,-0.004801,0.009473,-0.006764,-0.018473,-0.000283,-0.005508,-0.006187,0.001582,0.005368,-0.001784,-0.013614,-0.014516,0.009475,-0.004912,-0.001463,-0.004662,-0.004017,-0.002068,-0.015686,0.006057,-0.006692,0.005925,0.012045,-0.009381,0.003564,-0.002849,-0.021070,0.019298,0.002364,0.002144,-0.008345,-0.004551,-0.006670,-0.002769,0.001207,-0.017955
0.000920,-0.162048,-0.035624,-0.016078,-0.082368,0.099270,-0.140838,0.069395,0.092907,0.093540,-0.543183,-0.042698,0.138678,-0.080912,0.009829,0.093016,0.060336,0.035958,0.085805,0.025008,-0.096411,0.092392,-0.055093,-0.038887,0.212292,0.015455,0.376294,-0.015330,0.059067,-0.103982,-0.038268,0.046265,0.139831,0.581868,-0.003984,0.128623,-0.095968,-0.028562,-0.313552,-0.004497,0.075392,0.275672,-0.193000,0.179301,0.187481,0.036478,0.119235,-0.408819,-0.114518,0.191153,-0.136528,0.015833,0.009110,-0.014143,-0.008966,0.038496,0.039679,0.064620,0.133801,0.004894,0.015910,0.226453,-0.036509,0.415017,0.057573,-0.334883,0.038096,0.095222,0.173020,-0.265786,-0.016539,0.070808,0.058679,-0.216133,0.044295,0.035796,-0.028841,-0.026735,-0.076683,0.018622,0.018633,0.214024,0.159303,0.004829,-0.114223,-0.016417,-0.210113,0.105721,0.109849,0.220334,0.150354,0.230635,-0.000528,0.168441,-0.130400,-0.009983,-0.016609,-0.001307,0.321936,0.145362,0.112554,0.067666,-0.067496,-0.018904,0.033688,-0.048924,-0.549615,-0.214962,-0.041108,-0.040231,0.168999,0.056632,-0.056843,-0.020209,0.014231,-0.135621,-0.001006,-0.015718,0.049180,0.006033,-0.129262,0.011704,0.679759,-0.021744,0.068623,-0.139302,0.093691,0.245205
0.134081,0.092172,-0.124897,-0.024610,-0.021117,-0.048103,-0.133193,0.122072,0.088987,-0.030158,-0.223820,0.086405,-0.109005,0.200251,0.013123,0.072743,-0.064232,-0.109621,-0.073210,-0.123157,-0.054361,-0.310619,-0.055423,-0.065554,-0.071146,0.498752,0.025155,-0.003396,0.077487,-0.045419,-0.014736,-0.042919,-0.023605,-0.061059,0.193712,-0.048743,-0.011876,-0.224296,0.329763,-0.027531,-0.122798,-0.133662,0.039467,0.167270,-0.041198,-0.049888,0.181219,0.036012,0.178176,-0.130465,0.307385,0.106825,0.014015,-0.009425,-0.046505,-0.026241,0.012534,-0.038569,0.038850,-0.004551,0.094300,-0.083754,-0.032704,0.272288,0.101276,0.039392,-0.030391,-0.050783,-0.002707,0.213821,0.067355,0.013378,0.035704,0.005137,-0.196660,-0.006868,-0.019371,0.010666,0.171443,0.060152,0.153635,0.043404,0.048192,-0.046712,0.021575,0.175401,-0.042709,0.029988,0.210938,-0.040699,-0.100351,0.128379,-0.022305,-0.056170,-0.482464,0.013806,-0.044745,-0.006200,0.096417,-0.038714,0.140416,-0.021131,0.164590,0.143572,0.448047,-0.396803,0.151100,0.035158,-0.209527,-0.331119,-0.038188,0.467363,-0.104278,-0.149435,-0.176050,0.209101,-0.022441,-0.006226,0.149165,0.006810,0.243935,-0.054142,0.292945,-0.001176,-0.100747,0.035870,0.015455,-0.031960
0.032187,0.610704,-0.017863,0.029733,-0.005983,0.613772,0.056272,-0.030913,-0.147545,0.172472,-0.095742,0.097873,-0.212129,-0.006762,-0.015259,-0.071446,0.092793,-0.408198,-0.039143,0.064708,0.100328,0.087119,0.160287,0.280054,0.109316,0.089421,0.194017,0.030815,0.118718,0.064102,0.053346,-0.067750,0.092603,0.076264,-0.007972,0.116269,0.404919,-0.014047,-0.068589,0.005335,0.158314,0.038366,0.006618,0.337313,-0.156706,-0.052006,0.109940,-0.311521,-0.020553,-0.077308,-0.021089,0.119773,0.013006,0.009330,0.294342,-0.007248,0.070227,0.025940,-0.100638,0.211088,-0.106637,-0.267131,-0.209639,-0.039976,-0.061167,0.203261,-0.022489,0.018059,-0.000634,0.068904,-0.143922,0.238190,0.076042,0.050723,-0.026355,-0.148861,0.000788,0.001545,-0.079378,-0.000403,-0.068326,0.013037,0.051918,0.055681,0.018289,-0.023644,0.048554,0.003554,-0.006111,0.098184,0.310539,-0.119729,-0.006944,0.043777,-0.029168,-0.014430,-0.171735,-0.008310,-0.070796,-0.030718,0.034771,-0.147671,-0.084855,0.028491,0.163195,0.065205,-0.002998,0.011814,-0.007231,-0.748197,0.226608,-0.028327,-0.076982,0.242816,-0.021487,-0.028622,-0.130697,0.007113,-0.006003,-0.005666,-0.182997,-0.010320,0.231381,-0.050099,-0.003416,0.085342,0.071537,0.080813
-0.225282,-0.020173,-0.000616,-0.191759,0.060352,0.073633,-0.107758,0.081533,-0.025877,-0.144002,-0.162671,0.001780,0.148435,-0.138660,0.000397,0.048488,0.186422,0.268825,0.056551,0.048142,0.003358,0.220653,0.226587,-0.280230,-0.187245,-0.253719,-0.000451,0.019090,0.100207,0.024077,0.035277,-0.063834,0.224125,0.077195,-0.025959,0.036501,0.325863,-0.071734,-0.151728,0.094698,-0.064729,0.101612,0.100396,0.173429,-0.036774,-0.035227,-0.010621,-0.162924,-0.120251,-0.084376,0.112655,-0.177899,0.007023,0.005263,-0.244196,0.151407,0.485318,-0.024516,-0.066174,0.023083,0.088340,-0.057995,0.072439,-0.218990,-0.026267,0.164254,0.044504,-0.020772,0.066439,0.413347,-0.236199,0.084619,0.010486,-0.112302,-0.204501,0.142207,0.152251,-0.014193,0.200687,0.186289,0.068812,0.044926,-0.233578,-0.026953,0.093312,0.067911,-0.153210,0.129581,-0.006067,-0.121890,-0.335955,-0.103177,-0.000636,0.144233,0.059999,0.015653,-0.065270,-0.021514,0.199402,0.010800,0.052954,0.113701,0.127465,0.207938,-0.048696,0.183566,0.235171,-0.150295,-0.120624,-0.141402,0.311046,-0.033574,0.318328,-0.098407,-0.032174,0.002219,0.127002,0.006603,0.021767,-0.000404,0.047197,-0.068179,-0.164820,-0.185039,0.141655,-0.163932,0.160304,-0.277730
-0.248239,-0.036789,0.060440,0.077278,-0.113312,0.001737,0.086101,0.110207,-0.036205,-0.191357,0.233403,-0.006252,0.118541,0.040502,-0.006643,-0.333257,0.218236,-0.007983,0.090839,0.024073,0.375130,0.019733,-0.023116,-0.172553,-0.093538,0.031786,-0.213438,-0.068881,0.306199,0.113539,0.120359,-0.042315,-0.208007,0.332193,-0.009653,0.003192,0.057423,-0.013790,-0.026589,0.038553,0.415208,-0.048129,0.122390,-0.028909,0.104642,-0.029764,-0.005733,0.299291,-0.045257,0.019496,0.100234,-0.164795,-0.010857,-0.301228,0.073795,0.051288,-0.000760,0.022234,0.005288,-0.028645,-0.040759,0.025335,-0.007010,0.267699,0.786201,0.291858,0.150894,0.029671,0.067036,0.110175,-0.003424,0.094102,-0.105125,0.117224,0.078248,-0.096370,-0.023464,-0.003170,0.030331,-0.012585,-0.066974,-0.334654,0.176105,-0.092447,0.102222,0.026590,0.331518,-0.085728,0.048376,-0.007735,0.026177,-0.224491,0.024184,-0.063699,-0.124277,0.009706,-0.040905,-0.016629,0.049602,-0.150861,0.002101,0.086424,-0.082599,-0.016415,-0.253039,-0.061543,0.039636,-0.045076,0.036370,-0.218819,0.122266,-0.060402,-0.410899,0.062590,0.380727,0.090961,-0.017901,-0.006219,-0.190056,-0.021432,0.196071,-0.101070,0.512979,0.110847,0.304760,-0.028581,-0.117352,0.054772
-0.007319,-0.106857,0.008834,-0.268782,0.004732,0.003258,-0.063569,0.034791,0.634700,-0.020421,0.058119,0.225456,-0.092463,-0.156262,0.004831,-0.025260,-0.127770,0.375964,0.019208,-0.059789,-0.115221,0.323788,0.261740,-0.128245,0.147797,0.047015,0.661488,0.008527,-0.120203,-0.032598,-0.059031,0.062471,0.011629,0.012648,-0.004970,0.101396,0.055797,-0.057416,-0.025541,-0.096118,-0.041102,-0.075431,0.013351,-0.145188,-0.152668,0.044389,0.068694,0.247348,0.097562,-0.067170,-0.162814,-0.044071,0.010541,-0.201114,0.102930,-0.014966,0.021458,0.055026,-0.012470,0.131471,0.049483,0.012490,0.224995,0.037199,-0.123810,0.005291,-0.000009,0.246164,-0.187028,0.077387,0.078260,0.213323,0.013245,0.203523,0.149324,-0.201053,0.040443,-0.001097,-0.036000,-0.046402,-0.021251,-0.362296,0.239890,-0.029335,-0.119216,0.014187,0.022922,0.103200,-0.056050,0.046220,-0.139362,0.116893,0.016604,0.250885,0.051665,0.002280,-0.066338,-0.004096,0.062188,0.038251,-0.054388,-0.027651,-0.008043,0.030939,0.257590,-0.079909,0.208407,-0.078283,0.014075,-0.236279,-0.056683,-0.007566,0.054223,0.072709,0.115653,-0.021435,0.118427,-0.000167,0.017870,-0.007122,0.119087,0.040036,-0.166407,-0.015671,-0.073030,-0.017584,0.158084,0.609002
-0.068418,0.286878,0.155886,-0.067449,-0.041096,0.186068,0.123264,-0.035466,0.058819,-0.276471,-0.236935,0.079163,-0.138944,0.251384,-0.003438,-0.189118,0.075871,-0.151323,0.006803,-0.028717,-0.014550,0.172758,0.018769,0.231635,0.086307,-0.299943,-0.283042,0.043231,0.082879,-0.044602,-0.024400,0.233181,-0.009975,-0.166759,-0.079107,0.118053,0.204922,0.046879,0.010437,0.053814,0.063885,0.031177,0.006828,0.044497,0.171103,0.071608,0.367460,0.147381,-0.160395,-0.190145,-0.067600,0.043028,-0.018396,-0.061067,-0.006636,0.037785,0.024436,-0.099236,0.001185,0.124540,0.102615,0.000537,0.027399,0.747462,-0.165001,-0.226168,0.232263,-0.090696,0.025625,0.072249,-0.078088,-0.002730,-0.106810,0.018824,-0.113171,0.138239,-0.014293,-0.006367,0.084743,0.037101,0.149653,-0.369737,-0.242079,-0.166183,0.062041,-0.043859,0.205499,0.108975,-0.059273,-0.073213,-0.114562,0.148952,-0.007559,-0.010389,0.070778,0.010572,-0.092663,-0.014352,0.196905,-0.095535,-0.519646,0.130247,-0.052046,0.049251,0.152751,-0.183227,0.031106,0.013042,-0.116550,0.208770,-0.040034,0.386694,0.044873,0.078007,0.086190,-0.041431,-0.129140,-0.013179,0.016305,0.004299,-0.141111,-0.137507,-0.137974,0.128527,-0.066252,0.005239,0.103302,0.033919
-0.007233,0.009982,-0.002258,0.003105,0.003208,0.001618,-0.010722,0.007106,-0.007463,0.002767,0.019931,-0.003301,0.010163,-0.000909,0.026050,-0.003505,0.001861,0.000233,-0.000537,-0.016970,-0.003171,-0.012790,-0.009034,-0.011318,0.015388,-0.003469,0.001230,-0.000306,0.004910,0.000131,-0.003254,-0.003155,-0.005467,-0.001441,-0.013542,-0.002535,0.001813,0.002674,0.011447,-0.003465,-0.006732,-0.004698,0.005792,-0.007042,-0.007084,0.000338,-0.001506,0.001341,-0.005895,0.006822,0.004411,0.010078,0.001216,-0.001133,0.009177,-0.004381,-0.000653,-0.009639,0.000102,-0.000031,-0.022087,0.000010,-0.003104,-0.000997,0.005545,-0.000347,0.015841,0.007228,-0.002140,0.005814,-0.003727,-0.000399,-0.006414,-0.000394,0.008291,-0.001659,0.001007,-0.014593,0.003451,0.014536,-0.005979,0.004318,-0.000121,0.025425,-0.006213,0.009339,-0.006537,-0.001766,-0.008023,-0.011844,-0.001345,0.002445,-0.028537,0.007660,0.002937,-0.001174,0.000482,0.017644,-0.000296,-0.000089,-0.003473,0.025205,0.004477,-0.018647,-0.000053,-0.004988,0.004385,0.006767,0.013196,-0.003466,0.009918,-0.000889,0.004199,-0.002423,0.003234,0.016891,-0.001852,-0.009848,0.004359,0.015472,0.003842,0.004638,0.001384,-0.001970,-0.018691,0.000279,0.001483,-0.000157
0.072854,-0.220688,-0.065085,0.066307,-0.006412,0.109449,-0.009543,-0.146902,-0.173295,-0.137424,-0.015446,0.037421,-0.062414,0.029540,-0.013174,-0.107950,0.126554,0.066782,0.027908,0.030797,-0.098767,0.596204,0.209903,-0.022277,-0.011649,-0.103724,-0.229972,-0.015423,-0.080478,-0.066400,-0.057465,-0.070178,0.260612,0.109018,0.021438,-0.024737,-0.214521,0.110024,0.025825,-0.072936,0.063425,0.067566,-0.106534,-0.062227,-0.209909,-0.051313,-0.042652,0.186003,-0.085361,0.261990,0.295348,-0.034007,0.019467,-0.027647,0.171652,-0.072683,-0.107569,-0.145366,0.094329,-0.090832,0.084879,-0.003363,-0.070657,-0.164288,0.294739,-0.212809,-0.000039,-0.138498,-0.046519,-0.104401,-0.029992,0.040197,0.107236,0.340415,-0.022883,0.092292,-0.016552,-0.020225,-0.047344,-0.114653,-0.409720,-0.108825,0.054551,-0.036743,0.112396,0.070321,-0.239335,0.183368,0.042071,-0.064940,0.037211,-0.109710,-0.013148,0.623369,0.085593,-0.003230,-0.201555,-0.034734,-0.009362,-0.040528,0.020740,-0.068405,-0.043286,-0.069296,0.284653,-0.275926,0.443019,0.159618,0.142585,0.080515,-0.080090,-0.058496,0.099047,-0.032330,0.212718,0.078541,0.059854,-0.016018,0.068257,0.011690,-0.223483,0.098857,0.013715,-0.040317,-0.115544,-0.284333,0.046808,0.246449
0.102665,-0.008788,-0.010654,-0.080225,-0.031919,0.105388,-0.004075,-0.004965,-0.088895,0.268762,0.138018,0.329268,-0.055643,0.091017,-0.003264,0.380307,-0.083860,-0.053696,0.069322,0.071417,0.117255,-0.121212,-0.074140,0.073775,0.073784,-0.063203,0.254009,-0.046436,0.110092,0.176213,0.032179,-0.050408,-0.234804,0.013165,-0.068530,-0.161968,0.191290,-0.014062,-0.032717,0.032753,-0.227986,0.002167,0.188226,0.044050,-0.084349,-0.020862,0.035795,-0.022161,0.130659,-0.099067,-0.090706,-0.051436,0.005304,-0.149993,0.133411,0.039870,-0.110091,0.058983,0.286977,-0.177588,0.004303,0.089530,-0.009043,0.157533,0.001218,0.565891,0.002698,0.386147,-0.081098,-0.026821,0.255015,-0.211301,-0.017147,0.229781,0.133832,-0.020698,0.068134,-0.010990,-0.050625,-0.186591,-0.049503,0.316631,-0.133408,0.016312,0.019857,0.025330,-0.002179,0.198795,-0.026520,-0.199459,0.447757,0.061401,0.015782,0.022793,-0.325804,0.015393,0.074086,-0.022498,0.031350,0.010110,0.015402,-0.002187,0.054308,-0.061803,-0.179882,-0.056379,0.179819,0.069135,0.077246,0.134809,-0.014328,0.079718,-0.030281,0.347616,-0.041097,0.050858,-0.049581,-0.010765,-0.075662,-0.011937,-0.017254,0.134628,0.058303,-0.065026,0.171972,-0.133285,0.636342,-0.244849
0.096983,-0.060747,0.090635,-0.186210,-0.197115,0.529882,0.103792,-0.062503,-0.124899,0.177156,0.154572,0.237164,0.054470,0.104067,-0.014691,-0.107487,-0.180002,0.033437,0.087442,-0.008705,0.032875,0.087582,-0.008950,0.076393,0.192457,0.086553,-0.131195,-0.033938,0.190149,0.007528,-0.087592,0.000952,0.028312,0.045340,-0.212555,0.079855,-0.079220,-0.017602,-0.024497,-0.002208,-0.186673,-0.195821,-0.064551,-0.255797,-0.226674,-0.083041,0.040556,0.137928,0.125879,0.170984,0.263340,0.098879,0.019589,-0.282498,-0.018432,-0.091824,-0.107094,0.123178,-0.097544,0.061565,0.093544,0.148666,-0.113869,-0.269596,0.191374,0.106985,-0.069934,-0.193069,-0.042700,-0.091292,-0.124980,0.101802,0.010389,0.005594,-0.093396,0.142511,0.114080,0.027581,-0.061028,-0.020008,0.305169,-0.176218,-0.108972,-0.042151,0.056957,-0.235336,0.136233,-0.099019,-0.120159,0.128445,0.016571,-0.061941,-0.013490,-0.021619,0.343168,0.008947,0.092810,0.014888,-0.002525,0.022430,0.288091,-0.126644,-0.148954,-0.038379,0.095741,-0.071146,-0.676202,-0.031369,-0.083568,0.054470,-0.172213,0.184834,0.283928,-0.215197,-0.191510,-0.078248,-0.013696,-0.018236,-0.224795,-0.002776,0.192955,-0.157416,0.104341,-0.147319,-0.191792,0.013357,0.147184,0.033162
-0.481183,-0.105566,0.022741,0.326517,-0.023522,-0.259442,0.076170,-0.064275,-0.113427,0.156685,-0.081939,0.303984,0.015839,0.181406,0.013270,-0.212705,-0.018418,0.096830,0.065913,0.016075,0.104113,0.083825,0.128180,-0.107313,0.105848,0.239953,-0.048476,-0.036756,0.023402,-0.067977,0.015186,0.135252,-0.011426,-0.058975,-0.047895,-0.017624,-0.040153,0.002463,-0.126398,0.006151,0.213558,-0.031251,-0.007294,0.054084,-0.105495,0.024260,-0.275079,-0.020885,0.060853,0.102854,0.002400,-0.052451,-0.034354,0.074902,0.345572,0.011512,-0.009265,0.144483,0.110037,0.092076,-0.056168,0.272963,-0.003644,-0.059305,0.000255,0.008562,-0.026316,0.140519,0.239381,-0.124638,-0.121913,-0.407326,-0.111490,0.205250,-0.189262,0.201231,-0.004076,0.028729,-0.001549,0.067733,-0.017379,0.289993,0.014812,-0.004249,0.151461,0.022831,-0.035212,-0.053944,0.010150,-0.075940,0.081929,-0.091999,0.001121,0.062040,0.074214,-0.011274,-0.020781,0.010148,-0.098252,0.019117,-0.205341,0.000563,0.108798,-0.028266,0.199249,-0.060385,0.218207,0.001538,0.043234,0.087808,0.020275,0.008011,0.077523,0.244044,0.194317,-0.034213,0.191713,-0.007917,-0.016513,0.000115,0.273326,-0.127610,0.021104,-0.022568,0.054657,-0.097133,0.055972,0.084022
-0.079276,-0.037816,0.141743,0.474757,-0.088726,-0.026477,0.121906,-0.199351,0.068259,-0.116533,-0.041497,0.157958,-0.077056,-0.235446,0.003913,-0.140617,-0.015279,-0.046217,0.042191,-0.087144,0.010584,0.084656,0.111950,-0.053014,-0.174058,0.043594,-0.325028,-0.038582,0.033849,-0.079980,-0.172939,0.003202,-0.141167,-0.073251,-0.056298,0.054421,-0.075918,-0.034404,-0.034394,0.054032,-0.018490,-0.040565,-0.089564,-0.038900,0.223277,-0.099665,0.053371,0.010781,0.054251,-0.050561,0.000577,0.031611,-0.002464,0.249371,-0.044358,-0.027120,0.031722,0.054809,-0.091295,-0.080203,-0.093221,-0.089304,-0.016623,-0.070660,-0.044686,0.101530,0.008079,-0.000199,0.085718,-0.030382,-0.058911,0.116238,-0.129461,-0.073760,0.017119,0.061570,0.017157,-0.033390,-0.091717,0.080761,0.183596,-0.167744,0.245251,-0.045884,0.079737,-0.025636,-0.185630,-0.100737,0.047644,0.190575,-0.243555,-0.052817,0.018104,-0.176177,0.016704,-0.001858,-0.021711,0.013078,0.174425,0.017862,0.119573,-0.043384,-0.025353,-0.000931,-0.259847,0.144377,0.058720,-0.170009,-0.002978,-0.019846,0.067592,0.069691,-0.060055,-0.019029,0.032545,-0.014717,0.025363,0.005384,-0.040826,0.012184,0.191883,-0.067554,0.078529,-0.047164,-0.174090,-0.027607,1.521807,0.104017
-0.056305,0.072550,0.042976,0.086519,0.007375,0.063194,-0.053435,0.024674,-0.070199,-0.003920,-0.150643,0.417162,0.120837,0.036612,-0.010964,0.123169,0.100377,0.382925,0.057814,-0.026462,0.070860,-0.116932,0.134012,-0.055762,-0.008655,0.043283,0.140678,0.022618,-0.035013,0.040014,0.032448,0.234503,0.082262,-1.004402,-0.071842,-0.051615,0.231751,0.009201,-0.073388,0.063615,0.342863,0.060844,-0.018260,-0.034326,-0.371542,-0.036858,0.009006,-0.107100,0.073572,-0.130032,0.109457,-0.006468,-0.012247,-0.076329,-0.007379,0.018907,0.069638,-0.028049,-0.222076,-0.351652,-0.004718,0.421884,0.112322,0.408743,-0.169147,0.013647,0.007475,0.050145,-0.044096,0.057904,0.011731,0.100978,-0.038037,0.127245,-0.141700,0.029004,-0.021245,-0.030302,0.059701,-0.131108,-0.172440,0.140677,0.145704,0.052371,0.031843,-0.114086,-0.033955,-0.158593,0.081155,0.171541,0.075972,-0.043475,0.012773,0.414129,0.068044,0.006461,-0.137280,0.002400,-0.178987,0.150524,0.088047,0.060196,0.056064,-0.003818,0.032553,-0.054151,-0.638398,-0.066869,0.064460,0.061401,0.072048,-0.184553,-0.088259,-0.292784,0.207780,-0.053575,0.064013,0.002480,-0.059406,0.006461,-0.237639,-0.140648,-0.204632,0.200704,-0.005649,-0.036257,-0.038849,0.073592
-0.076311,-0.106730,0.036052,-0.247564,-0.011688,-0.057670,-0.064443,0.009853,-0.252472,-0.054771,0.397567,0.047177,0.002146,0.108876,-0.008202,-0.000202,-0.191419,0.119371,-0.080843,-0.004185,0.304190,-0.225016,-0.064081,-0.034756,0.071770,0.219266,-0.408891,-0.005472,0.057578,-0.161089,-0.083317,0.142673,-0.118059,0.052650,0.167907,0.342220,0.068821,-0.002867,-0.147631,0.282074,-0.088663,-0.184918,-0.081378,-0.058610,0.025489,0.079363,0.046319,0.150973,0.084089,0.180608,-0.198098,0.210415,-0.001434,0.284580,-0.002397,0.068071,0.120357,-0.094715,0.105857,-0.138460,0.045456,0.009603,-0.153858,-0.083073,-0.029181,-0.531869,-0.049840,0.086063,0.012385,0.128555,0.083484,0.298310,0.005842,-0.087239,-0.054843,0.047986,0.046619,-0.019431,-0.075740,0.042646,-0.494383,0.214239,-0.028394,0.085741,0.239013,-0.024242,0.240007,0.240277,-0.052255,0.053036,0.318920,0.074801,-0.013136,0.077197,-0.171437,0.007185,0.096223,0.010562,0.058747,0.046314,-0.177322,0.002573,0.071581,0.128995,-0.131953,-0.141074,-0.077269,-0.047849,-0.030660,-0.101427,-0.050751,0.002166,0.079206,0.351703,0.162502,-0.048963,0.011382,-0.004772,0.114560,0.004356,0.165781,-0.144136,0.039897,-0.044088,0.101758,0.024688,0.178935,0.045280
0.028943,0.000812,0.069066,-0.046367,0.064046,0.013172,-0.098459,0.063602,-0.051203,-0.011079,0.011561,0.047424,-0.050995,-0.006368,-0.003769,-0.160460,0.087507,0.022477,0.184369,0.097734,0.250331,0.009680,-0.061634,0.018439,0.015840,0.074622,0.057665,-0.118670,0.010891,0.031855,-0.034265,0.004730,-0.001548,0.009037,0.023929,-0.011785,0.019477,-0.256574,-0.095791,-0.128591,0.057552,0.082277,0.048140,-0.023202,-0.009045,-0.148337,0.014179,-0.068053,0.025740,-0.033540,0.025424,0.020085,-0.006020,0.011291,0.019877,-0.036351,-0.046970,-0.155273,0.010210,0.000082,-0.316548,-0.016212,-0.007986,-0.021142,0.043457,0.048860,-0.067105,-0.015804,0.010484,0.093300,-0.075069,-0.009187,-0.050617,-0.015396,-0.120096,0.018493,-0.113865,-0.002070,-0.066899,-0.014140,-0.011077,0.048201,0.048145,0.055519,0.076844,-0.006925,-0.047335,-0.021030,-0.030260,-0.000621,0.020539,0.003037,-0.024146,-0.010055,-0.022317,-0.018572,0.008912,-0.004661,-0.009104,-0.032425,-0.007023,-0.156971,-0.024446,-0.008838,-0.018292,-0.050636,0.064897,-0.036936,0.071756,-0.044529,0.001853,0.018839,-0.004916,0.005863,0.037681,0.010585,0.017787,0.013244,-0.041238,-0.013036,0.021249,-0.023612,0.010409,0.002474,0.100532,-0.030528,0.007437,-0.041796
-0.017658,0.100066,0.025698,-0.013484,0.016828,-0.035790,0.008919,0.059800,0.488720,0.041237,0.496668,-0.168282,-0.091004,-0.083056,0.012608,0.027561,0.005648,-0.070341,-0.092834,-0.169193,-0.127990,0.079151,-0.083048,0.234227,-0.174953,-0.024921,-0.040644,-0.106599,0.055379,0.127831,-0.031435,0.100425,-0.026711,0.142913,0.024523,-0.017387,0.156775,-0.025506,0.097779,-0.174298,-0.000357,0.082258,0.189843,-0.004242,0.038000,-0.040476,-0.105172,-0.196886,-0.029175,0.047019,0.061058,-0.073613,-0.025660,0.040688,-0.246844,0.024989,0.019410,0.131243,-0.037720,0.141675,-0.039541,0.160758,0.042559,-0.128180,-0.061981,-0.300714,0.064426,0.051195,-0.095424,-0.066942,-0.029202,0.260326,0.022270,1.352552,-0.025508,0.088291,0.046286,-0.011187,0.008870,-0.022975,0.029548,0.078486,-0.054383,0.058227,0.037968,0.084692,0.011517,0.070299,-0.080592,0.094002,-0.167489,0.023507,0.004351,-0.205627,-0.034293,0.000398,-0.010724,0.031229,0.016327,0.046570,-0.023580,0.092115,0.129807,0.094344,0.164882,0.072808,-0.191388,0.133546,-0.063189,-0.378076,0.018809,0.167941,-0.016921,0.070034,0.175725,0.048986,0.021211,0.014562,0.004691,0.019235,0.027067,0.041792,-0.037473,0.027483,-0.035528,-0.348695,-0.022334,0.010004
0.034778,0.017656,-0.039815,0.065881,0.130912,0.006782,0.199841,-0.137789,0.009062,-0.116259,0.094189,0.019445,0.045677,-0.053095,-0.035098,-0.006017,0.077010,-0.009915,0.319890,-0.086751,0.064844,-0.107601,-0.018340,-0.037619,-0.060554,0.226968,-0.012978,-0.047811,-0.405813,0.023868,-0.056205,0.041406,0.021574,0.036652,-0.064617,-0.073930,0.005940,0.213494,-0.041755,0.115061,0.046546,0.104969,0.145624,0.032953,-0.029462,-0.003964,0.054911,-0.063668,-0.049291,0.054252,0.080667,-0.176850,0.023321,-0.018113,0.054505,-0.102166,-0.006019,-0.261322,0.086557,0.036277,-0.420965,0.069764,-0.034099,-0.014099,-0.000482,0.082230,0.022923,-0.002435,0.018727,0.280429,0.044718,0.079510,0.008630,0.044676,-0.019071,0.088803,-0.040228,0.010065,0.102424,-0.013035,0.062434,0.063450,-0.072642,0.214929,-0.501839,-0.074715,0.169643,-0.068020,-0.023474,-0.210364,0.035627,-0.028647,-0.005101,-0.008946,-0.099720,0.031203,0.080727,0.010615,0.015808,0.023222,-0.064107,0.097834,0.086608,-0.049873,0.053178,0.039843,0.038379,-0.124478,0.323237,-0.124594,-0.055671,0.060979,-0.010361,-0.010203,-0.073444,-0.069541,0.064288,0.000128,-0.158135,-0.008815,-0.024461,-0.035778,0.043672,-0.068223,-0.022702,-0.024931,0.005721,-0.046354
-0.027253,0.285938,-0.026671,0.047640,0.047469,0.056730,-0.064707,-0.065007,-0.077775,-0.037356,-0.064843,-0.102044,0.122026,-0.072411,-0.001270,-0.157320,0.170686,-0.188039,0.000296,-0.093517,0.038284,0.123981,-0.064704,0.308888,0.068391,0.022539,0.033794,0.011737,-0.124148,0.027702,-0.095006,-0.042626,-0.018343,-0.006175,0.040223,-0.002432,-0.165159,-0.018607,0.009065,0.078342,-0.454636,-0.148554,-0.172287,0.107378,-0.035769,0.144925,-1.117732,0.032685,0.033035,0.188557,0.131521,0.154222,-0.006453,-0.111587,0.154652,0.088258,0.076249,-0.077127,0.126805,-0.003129,0.104842,-0.474162,0.074756,0.242300,0.051495,0.038694,-0.014773,-0.251029,-0.120446,0.018476,-0.061050,0.256842,0.193316,-0.117562,-0.046872,0.216781,-0.037360,-0.038345,0.114335,-0.244825,0.070787,0.081729,0.316057,-0.060269,-0.089206,-0.058028,-0.109025,0.133035,0.032543,-0.052677,0.057038,0.016999,0.009067,-0.185602,-0.045421,0.008480,0.022404,-0.022378,-0.035913,0.455896,-0.017070,0.073500,-0.044287,-0.055033,-0.008473,-0.089656,-0.035832,-0.016076,0.007872,0.141752,-0.190909,0.102619,0.026987,0.135452,0.318608,-0.108364,-0.046529,-0.006005,-0.146214,-0.005730,-0.206072,-0.128335,0.105009,-0.000282,-0.047377,0.013214,-0.196486,0.106001
0.156829,0.176091,0.015676,0.102223,0.013566,-0.138537,-0.202436,-0.024166,0.125499,-0.064426,-0.022332,0.044697,0.037739,-0.027214,0.001187,-0.079128,-0.106976,-0.006522,-0.026486,-0.048806,-0.098856,-0.009636,0.085744,-0.091352,0.030044,-0.201734,-0.134914,0.022213,-0.068351,-0.154352,0.071681,0.005422,0.081092,-0.108069,0.105481,-0.142311,0.013093,0.001463,0.063730,0.015891,-0.000997,0.081778,0.099364,0.009990,0.179443,0.020108,-0.009427,0.030983,1.677379,0.034301,-0.022854,0.169870,0.007689,0.219883,0.065254,0.026714,-0.044669,-0.030153,0.032867,0.074057,-0.100246,0.128435,0.017290,-0.017716,0.053998,-0.044960,-0.045875,-0.037229,-0.121402,-0.096699,0.174579,0.083588,-0.020923,-0.077463,-0.038344,0.018498,0.000401,0.022248,0.047211,0.078411,-0.163349,-0.033452,0.065000,-0.002136,-0.129689,0.062619,-0.002082,0.045682,-0.131190,-0.279732,-0.018587,-0.245228,-0.007022,-0.009400,0.071260,0.004946,0.020444,-0.005724,0.014366,-0.001048,-0.067393,-0.028226,-0.117768,-0.117042,0.076336,0.004191,-0.003572,0.043527,-0.041152,-0.172238,-0.068256,-0.027221,0.103119,-0.093531,0.038469,0.038911,0.055892,-0.017411,0.064473,0.004424,-0.269861,0.031602,0.190959,0.012047,-0.103757,0.026044,-0.057293,-0.077262
0.030531,-0.159444,-0.064521,0.297483,0.070775,-0.192787,-0.090895,0.181810,0.099484,0.758188,0.048176,-0.042869,-0.075852,0.151822,-0.019796,0.168351,-0.074045,-0.164227,-0.071744,0.076186,0.010788,0.025629,0.129004,0.043054,-0.059036,-0.150776,-0.095626,0.012487,0.064803,-0.098045,0.192734,0.158949,1.026439,0.131003,-0.138999,0.024758,0.151225,0.144042,0.008940,0.046813,0.038483,-0.028103,0.111044,-0.065050,0.038114,0.109960,-0.027060,-0.058189,-0.019058,-0.043861,0.173863,-0.101872,-0.025356,0.062461,-0.363031,0.033460,0.062630,-0.108810,0.045151,-0.117618,-0.008256,0.023159,-0.144004,0.187712,-0.220057,-0.096064,-0.006584,-0.261100,-0.035028,0.123045,0.076854,0.218162,0.067473,-0.139129,0.046549,0.378275,-0.129533,0.018356,0.002101,0.107136,0.039603,0.096742,0.048959,0.033832,-0.342039,-0.019535,0.175971,0.036800,0.012692,-0.191840,0.066771,0.142355,0.032860,-0.088320,-0.219263,-0.010423,-0.035872,0.002829,0.074962,0.127399,-0.093809,0.017102,-0.069130,-0.076473,-0.189444,-0.119589,0.083311,-0.103850,0.121918,-0.210651,0.196937,-0.123731,0.065561,-0.038164,-0.009219,-0.076112,0.253178,0.008990,-0.076618,-0.001842,-0.000278,0.033176,0.106999,-0.055167,-0.164145,0.069614,0.247496,0.004098
0.022280,0.065317,0.023041,0.034200,-0.024335,0.012541,-0.005542,-0.061464,0.073742,0.111071,-0.078895,0.105651,-0.028776,0.078324,-0.002968,-0.121917,0.164730,0.195362,-0.014603,-0.036626,0.085684,-0.104798,0.114039,-0.006377,0.127880,-0.007026,-0.094562,0.031861,0.043665,-0.056308,-0.026590,0.890916,-0.145168,1.044992,-0.032200,-0.049107,-0.120112,0.208786,0.110422,0.069940,-0.258793,-0.009182,0.003292,0.085416,0.004502,-0.072006,0.059326,-0.375064,0.022649,0.120318,-0.189549,0.073657,0.004359,0.035851,-0.168904,-0.039036,0.048054,-0.015563,0.171640,0.084555,-0.022492,0.071670,0.067362,0.022830,-0.031721,0.064581,-0.065348,0.119925,-0.155556,-0.047722,0.106282,-0.003401,0.237932,0.074911,-0.194633,-0.130731,-0.016912,0.010498,0.094479,-0.018894,0.066400,-0.209370,-0.078075,0.054700,0.109439,-0.040458,-0.019462,0.043301,0.033895,0.160054,0.026925,-0.125071,0.008341,0.119603,0.122787,0.012400,-0.041679,0.010441,0.024457,0.122750,0.008818,0.030200,0.065152,-0.018526,-0.062088,0.194646,0.035263,0.066417,0.006926,0.182372,-0.028638,0.070831,0.101263,-0.039601,-0.046537,-0.034306,-0.022629,-0.004283,0.001017,0.005389,-0.109990,0.182796,-0.005037,0.012555,-0.217859,-0.036442,-0.104623,-0.175654
0.040265,-0.291178,0.004273,-0.224839,0.065485,-0.212145,0.018192,0.040830,-0.005324,0.230477,0.075168,0.228383,0.037287,0.052487,-0.004351,-0.121116,-0.040625,0.241082,0.024220,0.150483,-0.114704,0.000963,-0.032290,0.014772,0.080812,0.153904,-0.317520,0.083300,-0.068645,-0.054223,0.057287,0.023986,0.217108,-0.009931,-0.061262,-0.002961,0.070118,0.114527,-0.000728,0.089442,-0.105103,0.024104,-0.039671,0.103547,0.096627,0.030174,-0.152801,0.158108,0.116623,-0.230752,0.089978,-0.080702,-0.004906,-0.263697,0.123612,-0.061083,-0.023206,0.022434,-0.176771,0.060662,0.045525,-0.161680,0.457783,0.131415,-0.129799,0.071200,0.034856,-0.179783,0.201880,-0.071158,0.027863,-0.061788,-0.032187,0.021523,-0.111198,-0.076018,0.004995,-0.025789,0.045292,0.237223,0.105362,0.074175,-0.106287,0.027551,-0.147512,-0.056316,-0.005566,-0.468777,0.041004,-0.104993,0.528891,-0.021854,0.004613,0.103145,-0.173322,-0.000590,0.001547,0.006287,0.157278,0.065361,0.065367,0.037454,-0.028225,-0.012844,0.190737,-0.113419,0.070187,0.000388,-0.040811,-0.117149,0.076812,-0.137121,-0.141640,-0.232193,-0.063407,-0.050166,-1.084794,0.007332,0.053943,0.000045,0.130879,0.094498,-0.047232,-0.039173,-0.034258,-0.269565,0.032689,-0.007224
0.072530,0.279538,0.050165,-0.016849,-0.092493,-0.109947,-0.056794,-0.038962,0.177915,0.029402,0.033617,-0.026097,-0.146689,0.129120,-0.002970,0.192782,0.194495,0.180685,0.049684,0.127264,0.135807,-0.077831,-0.070911,-0.178984,0.182520,0.035981,0.023057,0.009065,0.073862,0.113313,-0.013635,0.030285,0.148826,-0.002776,-0.058902,0.189607,-0.194970,-0.168300,0.011671,0.009528,0.017069,0.016503,0.101725,-0.020820,0.024831,-0.179278,0.231769,0.122669,0.224680,0.332505,0.139671,-0.011258,0.008285,-0.148545,-0.098240,0.001316,0.256563,0.043009,0.228817,-0.116021,-0.082638,-0.082419,0.009257,0.150514,-0.032243,0.104220,0.024606,-0.373805,-0.088902,0.069285,0.050493,-0.558750,0.072672,0.064627,-0.013825,0.150039,-0.011757,0.007932,-0.026612,-0.115466,0.219961,0.073605,0.179516,-0.049033,0.167359,-0.093415,0.000604,-0.096317,-0.010026,0.262844,-0.205477,0.304957,0.020179,-0.235433,-0.040055,0.002029,0.105026,0.009891,0.043509,-0.035714,0.078623,-0.034765,-0.064909,0.077491,-0.024020,-0.183845,0.316484,-0.019074,-0.027150,0.344152,0.071652,0.008108,-0.287856,0.190620,0.312653,0.045297,-0.037675,0.003924,-0.047973,0.002573,-0.247152,0.251202,0.113507,0.210834,0.021844,0.107224,0.017090,0.175691
0.271636,0.086416,0.074678,0.020422,-0.030379,0.022218,0.091998,-0.172099,-0.101149,-0.002344,-0.025227,-0.047723,-0.082136,0.005770,0.005444,-0.054061,0.174016,-0.015060,0.062599,-0.038094,0.263790,-0.024033,0.001029,0.005049,0.031121,0.133034,0.075081,-0.037014,-0.257603,-0.062418,0.176816,0.022597,0.003342,-0.012699,0.093812,0.020717,0.043698,0.028529,0.055268,-0.013180,-0.057009,0.078955,-0.288918,0.003632,0.013504,-0.010261,0.033214,0.055980,-0.049967,-0.045952,0.032886,-0.112368,0.027308,0.031047,-0.023688,-0.082737,-0.123475,-0.160176,-0.027521,0.036378,-0.226469,0.031368,0.011048,0.062558,-0.046280,0.078546,-0.147914,0.021474,0.034923,0.163338,-0.211947,-0.019284,0.018457,0.011238,-0.036337,-0.019737,-0.186810,0.014268,-0.095400,0.028251,-0.043357,0.018499,0.052134,-0.112282,-0.040671,0.072675,-0.025649,-0.023603,-0.069794,0.017641,0.009906,0.020246,0.029093,-0.046307,-0.030786,-0.037317,-0.015116,-0.023047,0.044233,-0.020537,0.063634,-0.156524,-0.108564,-0.026755,-0.036064,-0.091546,0.023397,0.010513,0.131952,-0.092826,0.094695,0.020697,0.048243,-0.083240,0.026780,0.111065,0.011740,-0.005647,0.039093,-0.009735,0.037626,-0.001880,0.006998,-0.000724,0.177249,-0.030359,-0.021133,0.051328
0.058396,0.004397,0.061389,0.014508,-0.045801,0.084733,-0.024662,0.086674,0.187144,-0.043496,0.310472,-0.101709,0.297781,0.052284,0.031487,0.503465,-0.140047,-0.045017,-0.071046,-0.077444,0.085366,0.113385,-0.070337,0.109098,0.137085,-0.231313,-0.131630,-0.096100,0.245710,0.016416,0.058868,0.088268,-0.132969,-0.155366,-0.014593,0.070569,0.010612,-0.279338,0.137076,-0.080746,-0.208770,0.046544,0.047789,-0.166352,0.221283,-0.109197,-0.026943,-0.053486,-0.222382,0.127178,-0.091718,0.204556,0.019060,-0.195845,0.065274,0.022346,0.098994,0.096309,-0.188935,-0.033435,-0.021476,0.314147,-0.119439,0.385820,0.106240,-0.070146,-0.093638,0.137032,0.160798,0.060304,-0.081886,0.311494,-0.050673,-0.090752,-0.129688,0.345566,0.090857,0.014033,0.056669,0.156588,-0.007763,-0.183860,0.423552,0.097352,-0.139444,-0.182374,0.267333,-0.046932,-0.021253,-0.267367,0.085722,-0.039961,0.036105,0.139613,0.175842,-0.026846,0.118434,0.006425,0.054146,0.085160,-0.079846,-0.023954,-0.160880,-0.027426,0.243348,0.156036,0.287195,0.288204,-0.007231,0.213395,0.007548,-0.038873,0.148054,0.223432,-0.268595,0.044613,0.026624,-0.008646,0.045525,-0.001365,-0.312220,0.075519,-0.085830,-0.029646,-0.117703,0.033659,0.022428,-0.143848
-0.033582,-0.183092,-0.003783,0.014824,0.103958,0.016834,-0.041130,0.148453,0.100195,-0.080375,0.064799,0.066808,0.120173,1.553888,-0.000009,0.047410,0.093691,0.031115,0.020316,0.048601,0.006438,-0.278669,0.030793,-0.091479,-0.047974,0.042532,0.076658,0.019074,-0.046535,0.112539,-0.036008,-0.043220,-0.051666,0.045481,0.020283,0.052182,0.098618,0.062066,-0.107220,0.041114,-0.219714,0.056106,-0.080507,0.055656,-0.111164,0.065478,0.092136,0.009725,0.034941,0.188441,0.191842,-0.046677,-0.009802,0.150599,0.077312,0.026183,-0.024297,0.009519,-0.013403,0.410237,0.126122,-0.149671,-0.028362,-0.062802,-0.111404,-0.083703,-0.018628,0.145559,-0.046370,0.058439,-0.162145,-0.056796,-0.031819,0.009098,0.030398,0.150411,-0.051805,-0.023792,-0.070016,-0.053751,0.052531,-0.049711,0.024284,0.116990,0.008407,-0.008735,0.020000,-0.172662,0.088976,-0.070345,-0.125632,-0.195948,-0.006632,-0.002305,0.198107,0.003917,-0.072070,-0.002850,-0.018849,-0.039700,0.138895,-0.020507,0.005601,0.020177,-0.076929,-0.030873,-0.093160,-0.043429,0.048755,-0.007115,0.034063,-0.109477,0.085857,0.210684,0.132768,-0.095426,0.074420,0.004145,0.078168,0.001429,-0.157305,0.158723,-0.096306,0.072542,-0.063981,-0.284908,0.092385,-0.114091
0.047595,0.058496,-0.105782,-0.240043,0.091008,-0.015007,-0.042803,-0.001314,0.072559,-0.080095,0.232561,-0.307004,-0.024129,0.020174,-0.026197,0.022893,0.002007,0.094522,-0.026152,-0.061829,-0.053843,-0.263305,0.145791,-0.206856,-0.039017,0.106479,0.064676,0.042907,-0.014426,0.058989,0.010873,-0.022881,0.129890,0.056666,0.168704,-0.180858,0.086950,0.106805,0.027472,0.113389,0.378884,0.046850,0.130535,-0.000506,0.259799,-0.040774,0.138190,0.061075,-0.142345,-0.159263,0.070870,-0.007864,-0.022964,0.121902,-0.080668,-0.058498,-0.036461,-0.117313,-0.374016,0.432827,-0.080368,0.227417,0.062999,-0.091664,0.141839,-0.133983,0.011120,0.137915,-0.143567,0.038663,0.040460,0.087150,0.118525,-0.448395,0.098799,0.064069,-0.092760,-0.032066,0.028756,-0.132539,0.300958,0.019821,0.030114,0.033071,0.006306,0.133936,0.006922,0.041624,-0.041491,-0.063126,0.103997,-0.105324,-0.009319,0.030588,0.042054,0.009066,0.046996,-0.008406,-0.241782,-0.003161,0.201710,-0.014651,0.010528,-0.069674,0.015355,-0.215436,-0.118948,0.003784,0.070923,0.167733,0.104525,0.195564,-0.167747,0.093284,0.121424,0.002787,0.093278,-0.000595,0.054843,0.004510,0.232506,0.122379,-0.104905,-0.058005,-0.073897,0.587440,-0.063607,0.476357
-0.338050,-0.256074,-0.019689,-0.120334,0.061812,0.020683,0.048884,-0.066655,0.304562,0.013408,-0.085673,-0.171872,-0.158058,-0.028377,0.018824,0.182401,-0.047748,0.034759,0.054580,0.059525,0.012291,0.087575,0.213678,0.031738,0.108827,-0.129255,-0.199590,0.007788,-0.076871,-0.054641,-0.049158,0.112455,0.135823,-0.000922,0.006131,-0.195924,-0.057031,-0.004842,0.133583,-0.155807,-0.200288,0.089773,-0.075956,-0.026656,0.101502,0.034548,-0.131237,0.013334,0.314877,0.028868,0.154620,0.065986,0.018826,0.037454,0.001903,0.011883,0.021718,0.078473,0.047040,0.382972,-0.026121,-0.022066,0.091631,0.436688,0.093060,0.034622,-0.002853,0.077883,0.105660,-0.096059,-1.359640,-0.189375,0.029045,-0.008368,0.008061,0.038419,0.326605,0.002330,0.002890,0.117989,-0.014346,-0.041392,-0.024542,0.006747,0.033100,0.001726,-0.068827,0.094721,-0.109281,-0.044140,0.295501,-0.022031,0.015303,0.117828,-0.106532,0.004204,0.294110,0.002676,-0.150757,-0.007867,-0.028847,-0.002754,0.194480,0.089296,0.002064,-0.073407,-0.134637,0.028004,0.019367,-0.134543,0.082347,0.000058,0.003138,0.179784,0.089432,0.134732,0.112708,0.003086,-0.052148,-0.004366,0.294773,-0.097357,-0.128071,0.028565,0.031915,0.522908,0.024032,-0.099666
0.005418,0.016700,-0.010243,0.065647,-0.021016,-0.039911,-0.050354,-0.115471,0.062317,-0.134545,0.084668,0.362112,-0.017963,0.172182,0.009011,0.224847,-0.046592,-0.078457,-0.047117,-0.098396,-0.216019,0.194950,-0.012645,-0.035457,-0.036879,0.143515,-0.256414,-0.040674,-0.090226,0.126785,0.013054,0.053009,0.061712,-0.026083,0.020572,-0.159216,-0.072007,0.004587,0.033751,-0.028764,0.078252,0.050835,0.020401,-0.021874,0.004972,0.027789,-0.048634,0.065414,0.081969,0.012316,-0.018480,0.053954,-0.011859,0.110927,-0.341289,0.006025,-0.029875,-0.076103,0.163384,-0.355003,0.002460,-0.229822,0.027242,-0.378960,0.201215,0.246335,-0.051950,0.080865,0.165283,0.080494,-0.031113,-0.004164,0.138643,-0.095953,0.093943,-0.293020,0.075008,-0.022687,-0.053731,0.141253,-0.080562,-0.007652,0.114376,0.016270,0.011466,-0.018192,0.263335,-0.115481,-0.072749,0.071014,0.024879,0.105226,0.021904,0.101371,-0.000546,-0.004113,-0.120934,-0.005930,1.240050,-0.035037,0.007231,-0.025836,0.005675,-0.033288,-0.212000,-0.082410,-0.155301,0.007820,-0.019523,0.042595,0.077361,0.086102,0.124960,0.162060,-0.129663,-0.015404,0.031346,0.005058,-0.005663,-0.007552,-0.012606,-0.071985,-0.038169,-0.011557,-0.103430,0.119182,-0.573985,0.127318
-0.089161,-0.045969,-0.046910,0.427410,0.173977,0.234164,-0.062527,0.197002,-0.246708,-0.178988,0.446183,-0.105187,0.005189,0.020721,0.007057,0.446000,-0.112074,0.048914,-0.127834,0.021950,-0.038742,0.169825,0.197713,-0.101060,-0.022153,-0.004415,0.116932,0.085993,-0.237987,0.088412,-0.000877,-0.000181,-0.199306,0.099080,0.078422,0.002430,-0.134462,-0.135721,0.054328,-0.036087,0.086107,-0.049970,-0.058270,0.082504,0.031509,0.021012,0.309672,-0.022895,0.086145,0.225423,-0.159285,-0.052881,0.003695,-0.091293,-0.126219,-0.011380,0.005055,0.014857,0.038889,-0.091972,-0.017139,-0.165578,0.133308,0.046420,0.009186,0.189691,0.062441,-0.385869,-0.093130,-0.076531,0.019821,0.438877,0.062489,-0.076262,0.108067,0.174928,-0.028324,-0.002311,0.205702,0.033818,0.120274,0.231867,0.226981,-0.105989,-0.033824,0.062970,-0.071230,-0.018645,0.016129,-0.037263,0.007232,0.169441,-0.001083,0.049643,0.387577,0.017563,-0.030694,0.004816,-0.185768,-0.341037,-0.107239,0.155177,-0.012725,-0.049349,-0.066538,-0.059865,-0.044897,0.080189,0.005884,0.057304,-0.004532,-0.128226,0.093456,-0.023865,0.106790,-0.073098,-0.030160,-0.012220,0.098569,-0.003566,0.067489,-0.325640,0.141418,0.122622,0.050810,0.238446,-0.044916,0.087753
-0.169980,-0.280369,-0.036960,0.083385,-0.036740,0.165852,-0.158530,-0.157139,-0.210227,0.071778,0.074205,0.081173,0.143112,0.105798,-0.006496,-0.045408,0.027101,-0.114657,-0.111060,-0.057226,-0.072406,-0.514171,-0.044195,-0.105945,-0.360352,0.123099,0.140654,0.085303,-0.072715,0.058202,0.070284,-0.004617,-0.091163,-0.068807,0.055888,-0.105574,0.157191,-0.056594,0.114126,-0.023635,-0.115741,0.116028,0.001561,0.156824,0.027226,0.088777,-0.095669,0.074740,0.081694,-0.039963,0.196585,0.022470,0.006639,-0.113691,-0.188462,0.031803,-0.074791,-0.024310,0.028902,-0.014032,0.054062,-0.207231,-0.183105,0.121349,0.068573,0.147059,-0.041006,-0.108862,0.140224,0.050721,0.024989,0.036265,0.065270,0.257383,-0.109596,0.068983,-0.056662,-0.013099,-0.261611,0.030698,0.027184,-0.179317,0.062986,-0.053618,0.055743,0.045845,0.007663,0.037467,0.095518,0.314328,0.024435,0.073821,-0.007246,0.325778,0.221520,-0.000355,0.180615,-0.005806,0.009869,0.478773,0.047117,-0.147105,-0.042200,-0.101975,0.652282,0.941244,0.300826,-0.044111,0.096476,0.102079,0.033260,0.075343,0.072225,-0.153341,-0.127857,0.038312,-0.034766,-0.006827,0.086447,0.011876,0.295453,-0.319599,0.196417,-0.016538,0.081230,0.156029,-0.038339,0.161363
-0.003319,0.092290,0.021584,0.237894,-0.032266,0.077198,-0.007122,-0.048144,0.006822,0.047704,-0.226547,-0.073229,0.045505,-0.089056,0.001421,0.072346,0.081479,0.001306,-0.082006,-0.065501,-0.121464,0.033187,-0.061360,0.122540,0.036651,0.051538,-0.256375,-0.031316,-0.070087,0.179928,-0.054310,-0.058043,-0.001466,0.001538,-0.004530,0.038240,0.254379,0.036295,0.052482,0.042563,-0.031605,0.051817,0.046031,0.111685,0.097247,0.048361,-0.116675,-0.011157,-0.098618,0.043787,-0.042424,0.040456,-0.001855,0.513445,-0.083543,-0.023468,-0.010939,-0.023188,-0.110720,-0.034395,-0.005096,0.439972,0.039812,-0.039975,0.266274,0.123545,-0.060585,-0.080061,0.041317,-0.061928,0.043645,-0.102137,0.122946,0.156338,-0.168839,-0.037005,-0.074851,-0.013807,-0.067857,-0.099103,-0.062102,-0.035928,0.004843,-0.058034,-0.111670,-0.003417,-0.030680,0.074657,-0.012388,0.045500,0.050727,-0.047820,0.013356,0.132161,-0.084694,-0.000311,0.102506,-0.014453,-0.084611,-0.256900,0.069051,-0.041631,-0.057079,-0.019914,0.182482,0.248827,-0.053643,-0.012037,-0.047708,0.028344,-0.051480,0.153005,-0.058952,0.248467,0.064211,-0.053739,0.122224,0.013583,0.008773,-0.013955,0.157075,0.073017,0.021312,0.104440,-0.062838,0.115952,0.058402,0.133065
0.204578,0.050960,0.033734,-0.172997,0.073528,0.017454,0.157213,-0.027523,-0.241280,0.295473,0.123613,0.103848,0.106779,-0.355754,0.012626,0.036792,-0.095252,-0.148986,0.012320,0.009953,0.031342,-0.199075,-0.063533,0.212243,0.074378,-0.059088,-0.245200,-0.034456,0.049123,-0.018054,-0.059935,0.006731,0.162011,0.052483,0.050108,-0.138997,0.059250,-0.020047,-0.050741,-0.072952,0.140548,-0.041202,0.097116,0.125489,-0.029310,-0.070948,0.233235,0.300515,0.084642,0.039697,0.358990,-0.132733,-0.019249,0.083159,0.011091,0.002349,0.014190,-0.015459,-0.094972,0.115393,0.086968,0.148129,-0.088353,-0.159762,-0.042684,-0.116049,-0.095652,0.032257,-0.026459,0.084909,0.005037,-0.069134,-0.123527,0.021264,0.152245,-0.310257,0.059622,-0.001191,-0.012726,-0.100239,-0.060946,-0.427702,0.296221,0.011633,0.062029,0.052271,0.035872,0.109121,0.047972,-0.038219,-0.068048,-0.031301,0.016525,0.000198,0.032870,-0.000983,-0.057095,-0.015614,0.076230,0.795882,-0.073165,-0.026845,0.036088,0.019415,-0.244247,0.305240,-0.028420,-0.017931,0.101356,0.031038,-0.027017,0.187986,0.009149,0.013912,0.077564,-0.032742,-0.059899,0.000314,0.031798,-0.005895,-0.011034,-0.013808,0.041817,0.076297,-0.050102,0.189371,-0.007020,-0.197763
-0.039992,-0.010806,0.019183,0.326934,-0.014491,0.173213,-0.087701,-0.066998,0.235918,-0.046559,0.067551,0.330095,-0.306497,-0.050578,-0.012386,0.064823,-0.177454,-0.018121,0.013624,-0.094570,0.199995,-0.048743,0.185502,0.184548,0.035442,-0.043816,0.153111,-0.019435,0.072390,-0.084469,-0.028525,-0.132232,0.024309,0.053616,0.022154,-0.018028,-0.052412,0.011017,-0.209071,-0.074926,0.003567,0.103295,0.030394,-0.082769,0.229018,0.070153,0.092857,0.252512,-0.021050,0.004635,0.007597,-0.168306,-0.011423,0.051730,0.257876,0.063396,0.056827,0.083489,0.253192,-0.228041,0.024342,-0.032037,0.018892,0.109403,0.036840,0.238974,-0.002905,0.016769,-0.052800,-0.289547,-0.053316,-0.142685,-0.126665,-0.006025,-0.249639,0.413207,0.070231,-0.011423,-0.098609,0.124438,0.131463,-0.104533,0.031089,0.072100,-0.058297,0.091262,-0.212359,-0.014786,-0.071565,0.072203,0.128143,-0.169369,-0.025736,-0.021080,0.015386,-0.003883,0.015373,0.027961,0.463789,-0.130254,0.048403,-0.026989,-0.099300,0.054364,-0.114782,0.104388,0.218520,0.054184,0.028762,0.112748,-0.086640,-0.109897,0.185775,0.185860,-0.216032,-0.111649,-0.104216,-0.002769,0.077618,0.015739,0.359576,-0.077396,-0.029470,0.090719,-0.231743,-0.196175,-0.337786,0.170369
0.493831,0.119836,0.088299,0.315153,0.057039,0.202111,-0.006401,0.126145,-0.177593,-0.309172,0.222375,0.063133,0.118579,0.084136,0.003312,-0.029437,0.516020,0.141147,0.017840,-0.074894,-0.140812,-0.131493,0.350295,-0.289516,-0.126137,-0.106902,-0.043248,0.021558,-0.112366,-0.085076,-0.148868,-0.080375,0.434878,0.000473,0.014456,0.044593,0.063734,0.119756,0.077510,-0.127034,-0.000510,0.200432,-0.152588,0.123001,-0.079890,-0.020246,0.027335,-0.021966,0.083511,0.023797,0.065477,0.183240,0.003159,-0.053577,-0.190304,0.006882,-0.107767,0.197561,0.037153,-0.015335,0.127004,0.099445,0.037634,-0.165080,0.001343,0.068824,-0.001571,0.105705,0.242134,-0.592031,-0.013602,-0.148737,0.119425,-0.027537,0.724899,0.090361,0.031898,-0.008543,0.020295,0.259930,0.024074,0.110335,0.022592,-0.012118,0.117941,-0.007775,-0.130421,0.118009,0.064762,-0.066902,0.305195,0.152855,-0.016059,0.155646,-0.161303,-0.010948,0.083873,0.001885,-0.077844,-0.328201,-0.176847,0.036058,0.133264,0.085938,0.023071,0.199909,0.221054,0.007936,-0.063682,-0.036832,-0.262413,0.155816,-0.396922,0.042496,-0.059508,-0.047545,0.080995,0.006584,-0.068681,-0.000436,-0.046713,-0.167049,-0.015150,-0.061625,-0.240517,0.090009,0.012243,-0.065712
0.054050,0.051706,-0.087388,0.107318,0.075100,0.107528,0.084215,0.176883,-0.937941,-0.069207,-0.371214,-0.158239,-0.102247,-0.114195,0.005511,-0.112802,-0.077616,0.303876,0.124236,0.282782,0.164650,0.095686,-0.106333,-0.010806,-0.025248,-0.172554,0.182608,-0.028045,0.074492,0.084765,0.123914,0.135087,-0.098594,-0.008138,-0.025928,0.070217,0.058108,0.121042,-0.027651,0.040067,0.034412,-0.094633,0.042272,-0.197321,0.090782,0.040313,-0.000892,-0.049119,0.118590,-0.142637,-0.225981,-0.221074,0.001167,0.435767,0.002171,-0.028309,-0.014565,-0.022769,0.025076,0.078326,0.186718,-0.169814,0.403692,0.203872,0.236721,-0.249325,-0.027799,0.067066,-0.072314,-0.008199,0.114345,-0.030944,-0.049630,0.200100,0.206268,0.001534,0.070606,0.005227,-0.001493,-0.083224,0.102629,-0.161928,0.208360,0.157534,-0.009129,-0.002014,-0.015903,-0.070501,-0.094679,-0.084508,-0.247490,0.132821,0.006651,0.116139,0.063886,-0.001249,0.162590,0.026303,0.199561,0.031591,-0.144840,-0.055830,0.069913,0.052387,0.506071,-0.172186,0.030058,0.136585,0.070046,-0.070011,0.220968,-0.005010,-0.030383,0.010881,0.116507,-0.066800,-0.009803,-0.006363,-0.050011,-0.004585,0.154587,0.178310,-0.030261,0.090673,-0.233548,0.019042,0.042408,-0.771101
0.169263,-0.012891,0.180017,0.015867,0.067525,-0.003790,0.093223,0.084004,0.012302,-0.031927,-0.084584,-0.013859,-0.038130,-0.055433,0.017743,0.095627,-0.052603,-0.009095,0.089439,-0.036613,-0.021795,0.024853,0.051407,-0.023624,-0.020714,-0.075192,0.025647,0.071380,0.041087,0.012249,-0.054346,0.011318,0.025243,0.003446,0.005454,0.038096,0.010610,-0.070485,0.108784,-0.050840,0.026760,-0.221661,-0.062330,0.018449,-0.036116,-0.033759,0.010686,0.004113,-0.052686,0.006371,0.009880,0.077394,0.037269,0.056225,-0.059598,0.044229,0.020079,0.054255,-0.007332,-0.003248,-0.099171,0.001201,0.012163,0.011682,0.044564,0.033004,0.028754,0.028604,-0.000045,0.138932,0.015619,-0.013971,-0.076397,0.032722,0.006479,0.027396,-0.142886,-0.015802,-0.027073,0.001690,0.041698,-0.071652,-0.075531,-0.110792,-0.141595,0.017438,0.144892,-0.028925,0.207661,0.031562,0.001382,-0.019412,0.017096,0.064188,-0.017932,0.005549,0.010704,0.002070,-0.027088,-0.048992,-0.020858,0.085728,-0.036489,-0.003308,0.002021,0.086492,0.021313,-0.115026,-0.014734,-0.030850,0.065427,-0.030045,-0.047681,-0.008846,-0.024599,0.102783,0.015547,0.001207,0.064817,0.000520,0.013536,0.021286,0.019067,0.017243,0.116711,-0.031393,-0.030794,0.003919
-0.095848,0.192090,-0.007493,0.150836,-0.091741,-0.075755,-0.224806,0.059236,0.104247,0.040709,0.151126,0.009246,0.092835,0.054917,-0.004650,-0.340182,0.036133,0.071059,-0.072943,-0.041554,-0.087793,0.132069,0.064378,-0.112384,0.174539,0.058686,-0.222523,-0.074207,-0.182027,0.155485,0.092810,-0.052229,-0.060949,0.014114,0.114875,-0.230304,0.086590,-0.235999,0.122719,-0.098436,-0.267816,-0.076605,0.028167,0.224744,-0.252871,0.241954,0.105163,-0.134985,-0.210408,-0.030163,0.119254,0.065728,0.000498,-0.074169,-0.278998,-0.032803,0.029441,0.115144,-0.115282,0.086857,0.032088,0.082457,0.085776,0.350589,0.214817,0.021793,0.172481,-0.296351,-0.005509,-0.167651,0.120073,0.086446,0.098226,-0.182109,0.092055,-0.038674,0.153788,0.013321,0.073786,0.078795,0.153188,0.254444,-0.461832,-0.031586,0.036418,0.026257,-0.210163,-0.106058,-0.204576,0.079939,-0.184640,0.077445,-0.032260,0.008013,-0.021142,0.015207,0.132011,-0.016971,0.189508,0.035727,0.136028,0.194860,0.137967,0.150749,0.137156,0.181863,-0.144335,-0.037960,0.037541,-0.153257,-0.416670,-0.097077,0.116295,-0.087248,-0.049188,0.133279,0.086778,-0.027466,-0.010971,-0.027233,0.157753,-0.155252,0.088260,-0.112248,0.231318,-0.027855,0.148657,-0.236443
-0.103917,0.137338,0.015169,-0.001001,0.286116,-0.293766,0.106128,-0.043151,-0.175343,0.091476,0.174152,-0.057959,0.078643,0.075322,0.004637,-0.234943,-0.162168,0.075414,0.059921,0.053584,0.076129,-0.097908,-0.122262,0.021610,0.083783,0.236587,-0.266181,0.168397,-0.427499,0.130545,-0.065414,-0.000634,-0.138758,0.266042,-0.141565,-0.061752,0.082232,0.064474,0.013625,0.020275,0.297147,0.211354,-0.278885,-0.040942,0.151108,-0.067304,0.153092,-0.017042,0.063985,0.331321,-0.209348,0.033627,-0.014104,-0.030662,0.018418,-0.017646,0.081433,0.077600,0.224018,-0.005040,-0.092456,-0.046025,-0.102235,-0.049993,0.010704,0.137338,0.141259,0.373692,0.185684,-0.111645,-0.013525,0.014153,-0.013953,0.126488,0.024610,0.115465,-0.095079,0.026158,0.187344,0.025699,0.265950,-0.012208,-0.170441,-0.099085,-0.121621,-0.186382,-0.252172,0.053620,-0.008944,-0.073985,0.185249,-0.035572,0.031117,0.209170,-0.245380,-0.015434,-0.032359,0.001721,-0.014525,0.227316,0.000398,0.031960,0.006898,0.089719,0.249373,-0.186647,-0.333679,-0.002214,-0.044793,0.062849,0.085809,0.140997,0.073816,-0.062107,0.018765,0.071257,0.045013,0.032487,-0.018080,0.008138,-0.224780,-0.059770,-0.038495,-0.045702,-0.023148,0.078866,0.062105,0.190162
-0.073043,-0.025707,0.028190,0.129677,-0.084034,0.034233,0.025043,-0.046594,0.087683,0.026758,0.000993,-0.496408,-0.069875,0.297883,0.011920,-0.175869,-0.055859,0.343413,0.037229,0.027658,0.072150,-0.066757,0.074868,0.071058,0.094525,0.049871,0.135017,-0.026263,0.016862,0.099688,-0.018874,0.076409,-0.036442,0.413641,-0.022031,-0.135086,0.397080,-0.011221,-0.116129,0.012764,-0.064768,-0.038977,-0.104007,-0.106028,0.313802,0.052830,-0.019679,-0.005936,0.046972,-0.193887,0.482498,0.041372,0.000986,0.111500,0.080839,0.011617,0.076196,0.044916,-0.183689,-1.570653,0.007000,0.026159,0.174440,-0.093826,-0.115352,-0.189298,0.078822,0.077251,-0.192990,0.043052,-0.084590,-0.091105,-0.071526,-0.075636,0.104741,0.006858,0.153430,-0.003256,-0.019652,0.057802,0.045984,-0.157723,0.053474,0.010246,-0.001489,-0.042056,0.060225,0.061926,-0.074552,0.164183,0.227846,0.032769,0.005521,0.020858,0.064600,0.003793,0.127971,-0.010700,-0.408618,-0.024477,-0.095479,0.023892,-0.067787,0.018806,0.113496,0.049868,0.095684,0.006708,-0.123030,-0.241639,0.038696,0.070421,-0.036616,-0.074260,-0.045515,0.085259,0.004108,-0.006713,-0.054197,-0.003606,0.022007,-0.066014,-0.138469,-0.084068,-0.004628,0.117553,-0.119176,-0.015113
-0.238336,0.067083,0.048967,-0.133330,-0.070041,-0.025143,-0.076073,-0.021599,0.153007,0.132864,0.171803,0.036030,-0.066462,0.031257,-0.000018,0.229748,0.170006,-0.120021,0.227651,0.012800,0.309155,0.024765,0.036432,0.262732,0.058581,-0.258621,-0.093376,-0.059373,0.080876,0.064322,-0.018859,-0.103984,0.003539,-0.089175,0.034282,0.288315,-0.113141,-0.137883,-0.423689,0.008112,-0.184125,0.057393,0.089547,0.057802,0.150929,0.139300,-0.125148,-0.503011,0.194524,0.106945,-0.103440,-0.490559,-0.012289,-0.089369,-0.131448,0.112952,0.038356,-0.174176,-0.024244,-0.013448,-0.090136,0.218283,-0.032750,-0.108994,0.526460,0.030377,0.035043,-0.279587,-0.029806,0.062436,0.120000,0.041290,-0.262218,-0.068084,0.690594,-0.050878,0.010809,0.002992,-0.096306,0.087599,-0.085223,0.169198,0.008355,0.086176,0.356485,0.127449,0.083959,0.232419,0.041487,0.007097,0.108062,-0.397372,-0.005322,0.290966,-0.016000,-0.029625,0.028237,-0.012009,0.036377,0.109261,0.188309,0.007693,0.017175,0.171701,0.165602,0.004018,-0.173225,0.055623,-0.066086,0.056565,-0.117333,0.323994,0.003311,-0.262729,0.067219,-0.079060,-0.242888,-0.006347,0.230139,0.003284,0.043455,0.149923,-0.375908,0.007740,0.170540,0.187967,0.126820,0.027744
-0.015524,-0.453255,-0.037479,-0.147382,-0.059389,-0.352119,0.009186,-0.054671,-0.069552,-0.353972,0.125924,0.073164,0.038704,-0.023106,-0.019895,-0.168897,-0.044431,-0.067706,-0.036763,-0.002345,-0.031578,0.101497,0.043681,-0.135119,-0.046836,0.043786,0.147858,-0.006898,0.006754,-0.160537,-0.000438,0.064078,-0.209879,-0.040778,0.029822,-0.033328,-0.256153,-0.005966,-0.017018,-0.033860,-0.119826,-0.080062,-0.038662,-0.062805,0.050027,-0.013548,0.181672,-0.149666,0.012989,0.141289,0.064715,0.067812,-0.019180,-0.012557,0.079725,-0.015131,-0.041889,0.068982,0.067366,0.068439,0.042987,0.179046,-0.187987,0.092929,-0.257445,0.307133,-0.075904,0.298355,-0.184533,-0.020266,0.002441,0.089455,-0.032515,-0.070859,0.057235,-0.056237,0.025806,-0.036420,-0.003203,0.075924,-0.096533,-0.267950,0.043815,-0.000444,0.028321,-0.012447,0.020675,0.473467,-0.037708,-0.073312,-0.021319,0.149727,-0.022310,-0.110136,-0.080352,-0.035910,-0.030752,-0.016861,-0.107357,0.053607,-0.211911,-0.057943,-0.082015,-0.082787,0.021645,-0.086588,0.015783,-0.005599,-0.018493,-0.087933,-0.043773,0.132223,0.082279,-0.401147,-0.037008,-0.041795,0.046658,-0.030188,0.004772,-0.036110,-0.092279,-0.184321,0.077500,-0.189083,0.015112,0.046228,0.023577,0.027447
0.138570,0.033662,-0.036473,0.166016,0.043461,0.017384,0.015933,0.103459,0.242906,-0.313000,0.032553,-0.046753,0.091158,-0.020277,-0.009893,-0.098082,0.037988,-0.147117,0.168024,0.066567,-0.081621,-0.026494,-0.077365,0.047967,-0.196362,-0.029113,-0.163382,0.076386,0.117967,-0.343642,0.014601,0.008083,-0.021290,0.063245,0.075365,-0.428772,0.066942,0.098745,-0.008690,0.163718,0.095305,0.042364,0.097576,0.006645,0.078268,-0.009519,0.037604,-0.134689,-0.054801,-0.040372,0.018599,0.178321,-0.006420,-0.208086,0.016765,0.010460,-0.051608,-0.024939,0.155087,-0.049023,0.113707,0.068648,-0.011519,0.149229,0.162442,-0.035107,0.012753,-0.096261,-0.138850,0.118693,0.098038,-0.062003,0.036025,0.124679,-0.123495,-0.086139,-0.029289,0.023509,0.009565,0.061120,0.035687,0.444551,0.007335,-0.010822,-0.136591,0.057112,-0.088919,-0.206978,0.047976,-0.040436,-0.004469,-0.058494,0.003833,0.096515,-0.147462,0.010987,-0.076398,-0.019627,0.009211,-0.013382,-0.050483,-0.003470,-0.078792,-0.004370,0.082906,0.189156,-0.132310,0.021707,-0.026504,0.028300,0.113216,-0.099593,0.105019,0.067804,-0.048311,-0.051409,0.043341,-0.015582,0.090228,-0.003595,0.066479,0.006793,-0.091232,1.140859,0.130872,0.167527,-0.026950,0.205555
0.022750,-0.008129,0.006466,0.001755,0.015841,-0.001358,0.004595,0.003554,0.008338,0.008484,-0.005705,-0.004552,0.010877,-0.000807,0.014356,0.003373,0.008229,-0.020387,-0.015346,0.011929,0.000646,0.013749,0.002082,-0.009134,0.024937,0.000001,-0.001862,-0.016056,0.002677,-0.001744,-0.007510,0.006225,-0.008036,-0.000205,0.008506,-0.006877,0.004854,0.003865,-0.004412,-0.017353,0.012456,-0.015553,-0.004476,0.003173,-0.004750,0.000629,0.001170,-0.000605,-0.003702,0.007222,0.003875,-0.014517,-0.005159,0.013678,-0.004729,0.018211,0.005233,-0.000845,0.016818,0.002183,0.027935,0.002707,0.012426,-0.001126,-0.000185,-0.008305,-0.002894,0.000280,-0.002570,-0.022134,0.004927,0.001213,-0.016915,-0.011096,-0.009156,0.005939,0.022383,0.014826,0.015998,-0.004450,0.001121,-0.012186,-0.014943,-0.009230,0.020758,-0.001213,-0.002497,-0.007661,0.002913,0.009199,-0.002368,-0.000093,-0.004721,-0.001121,-0.003822,-0.007743,-0.004010,0.021937,0.000792,-0.003534,-0.003342,-0.025843,-0.026968,-0.008957,0.001666,0.010447,-0.007025,0.012939,0.001724,0.000396,0.005361,-0.000716,-0.000601,-0.002845,-0.003438,0.002070,-0.002143,-0.010437,0.004895,0.025648,0.004005,-0.003145,-0.005853,0.000213,0.010497,-0.002301,0.005985,0.000476
0.063719,0.188253,-0.064033,0.102007,0.023573,0.024337,-0.018663,0.045448,0.079605,-0.116080,-0.073727,0.301165,0.247534,0.064541,-0.007833,-0.063499,-0.049593,0.071436,-0.008230,0.018928,-0.042597,-0.015445,-0.152645,0.242184,0.020814,0.113589,0.112759,-0.009842,0.058437,-0.340502,-0.015131,0.120856,0.004598,-0.130932,-0.043355,-0.032636,0.230292,0.078983,-0.046565,-0.112999,0.140949,-0.079590,0.113417,-0.051958,-0.049777,0.036532,-0.033832,-0.054296,-0.140407,0.053709,-0.032051,-0.016179,0.003945,0.194785,-0.355211,-0.011731,0.023824,0.140342,0.060735,-0.155038,0.086149,0.034102,0.050018,0.118007,0.029890,0.381223,0.003083,-0.086086,-0.179013,-0.123559,-0.042077,-0.081685,-0.094800,-0.026820,0.128164,0.023060,-0.029123,0.022660,0.023991,0.013123,-0.243979,-0.311029,-0.270654,-0.022380,0.001336,0.024491,0.030239,-0.113519,0.010813,-0.212230,0.292792,-0.005471,0.013140,-0.172661,0.212026,-0.021051,0.123484,0.005130,0.084134,-0.188731,0.528616,0.036972,0.034275,-0.086366,-0.027054,-0.045446,0.083982,-0.082462,0.037380,-0.037764,0.033782,0.164494,0.178861,0.189099,0.110648,-0.038392,0.046774,-0.013679,0.028001,-0.023857,-0.022006,-0.247260,-0.090649,0.112277,0.003259,-0.039526,0.073443,-0.131298
0.002841,0.382714,-0.081139,-0.202517,0.022513,-0.161485,-0.039075,0.113309,0.123652,-0.031519,-0.047473,0.211119,-0.069840,0.093991,0.019201,-0.161918,-0.002505,0.008058,-0.051584,0.096603,0.023522,-0.025672,0.014797,0.120681,-0.263929,0.085050,0.002200,0.107879,-0.015096,-0.100647,-0.006701,0.057967,-0.016452,0.217280,0.067964,0.214572,0.525460,-0.033881,-0.028409,0.143315,0.292467,-0.047626,-0.111840,0.047963,-0.110092,-0.035163,-0.271410,-0.034826,0.040856,-0.172100,0.436473,-0.082112,0.027808,-0.034451,-0.001659,-0.043375,-0.018783,-0.020740,-0.070000,0.032764,-0.006496,0.225857,-0.060870,-0.084391,-0.253218,0.254190,0.161912,0.159242,0.169873,-0.250456,-0.242211,0.745785,0.007203,-0.004910,0.259016,-0.188280,0.008382,0.020496,0.096388,0.121269,-0.287319,-0.010751,0.292274,0.050200,-0.018419,-0.008926,-0.127406,-0.059577,0.000959,-0.011346,-0.234899,-0.026295,0.001142,-0.159001,-0.143879,0.001745,-0.052789,0.011904,0.320031,-0.006452,-0.369595,0.091273,-0.040202,-0.029009,0.058506,-0.241371,0.003689,0.081846,-0.040655,0.890758,0.008347,-0.165385,-0.117672,-0.231702,-0.030652,0.100294,-0.032608,-0.002584,0.056859,0.009497,0.463751,-0.022456,0.023221,0.157995,-0.026254,-0.044742,0.035867,-0.163611
0.138675,0.053037,0.017567,0.094848,0.063884,-0.099227,0.083351,0.112363,-0.270660,0.201017,-0.005007,0.288541,-0.085637,-0.057307,0.002943,-0.139951,-0.183205,-0.181004,0.045241,0.059232,-0.009542,-0.497025,0.277273,-0.040486,-0.099344,-0.274215,-0.094953,0.014980,0.099716,0.034648,-0.045327,0.425288,-0.173766,-0.225124,0.017982,-0.173677,-0.086878,0.038495,0.037702,-0.022652,0.002610,0.055190,-0.075911,0.214944,0.213262,0.041115,0.038811,0.075857,-0.179425,0.174949,0.146417,-0.091668,-0.007336,-0.096352,0.014423,0.021723,0.045520,-0.000167,0.266413,-0.143668,0.073759,0.194496,0.090526,-0.048559,0.180639,0.033795,0.130540,-0.070437,0.314341,0.078839,-0.073232,-0.071160,0.036758,0.054471,0.206797,-0.148520,0.009518,-0.010784,0.067153,0.285736,0.034020,-0.174953,-0.274014,0.037192,-0.221648,-0.004907,-0.100418,0.193949,-0.023340,0.072966,-0.196572,-0.059753,-0.003461,0.196752,0.156069,-0.004046,-0.187530,-0.001722,0.132528,-0.119653,-0.072081,0.082818,0.084116,0.018807,0.179007,-0.169274,-0.206798,0.103375,-0.039883,-0.217163,0.113230,0.027828,0.066785,0.020139,0.237199,0.036210,0.000342,0.005623,-0.020120,0.002419,-0.320274,0.035574,0.268009,-0.270812,-0.114208,0.051339,-0.115415,0.160550
0.026804,0.162445,0.009186,0.151497,-0.064834,0.092368,-0.026489,-0.092412,0.149504,-0.159968,-0.041053,0.087958,0.097546,0.025758,-0.010624,-0.048944,0.064121,-0.064207,0.090325,0.051887,0.073089,-0.105772,-0.297625,0.193248,0.053124,-0.105664,-0.136058,0.007152,0.001836,0.398066,0.029223,-0.030946,-0.029368,0.147352,0.040291,0.080245,0.026972,0.066561,0.012547,0.062044,0.533989,-0.012558,0.004752,0.082419,0.007258,-0.000631,0.080618,-0.007240,0.098838,-0.080424,-0.045505,0.013913,-0.001407,-0.012840,-0.124234,-0.012701,-0.012537,0.016324,-0.081774,-0.035771,0.066185,0.033285,0.055799,0.246437,-0.053012,0.104187,-0.047073,-0.152755,-0.206232,-0.073698,-0.081278,-0.064831,-0.015066,0.064946,-0.075020,0.000203,0.004869,0.010280,-0.022879,-0.174070,0.127517,0.298529,0.272643,0.019686,0.016750,0.096380,0.023286,-0.322643,0.056921,-0.018628,-0.013891,0.085589,0.002041,0.037194,-0.136835,-0.007455,-0.239759,-0.006063,0.001178,-0.159761,-0.486605,-0.056584,0.031851,-0.012826,0.098309,0.276267,-0.059311,-0.017725,0.029108,0.259469,-0.083927,-0.271722,0.247820,0.211795,0.198102,-0.045316,0.000280,-0.014979,0.062927,-0.005852,-0.038434,0.019811,-0.177678,-1.338721,0.010202,0.079589,-0.011451,0.207809
0.021238,-0.151227,0.004290,0.013742,0.025521,0.095624,-0.001706,0.023962,-0.139414,-0.056478,0.090986,0.070523,-0.035955,0.054765,-0.008956,0.047826,0.025690,-0.119526,0.048014,0.076171,0.216350,0.276970,0.161093,0.109414,0.172607,0.126265,-0.106966,0.057543,0.037875,-0.028656,0.072291,-0.227941,-0.286940,0.074993,-0.006916,-0.098306,-0.186207,-0.061440,0.074604,0.041592,0.010558,-0.060256,0.019988,0.150871,0.243272,0.027590,-0.209163,0.048165,-0.071317,0.192903,-0.257531,0.101518,0.008283,0.014219,0.039895,-0.003564,-0.039826,-0.006596,-0.216845,-0.077327,-0.065699,0.463076,0.049082,-0.175718,-1.353581,0.217182,-0.045193,-0.259846,0.148721,0.092998,-0.015556,-0.097616,-0.110705,-0.034153,0.152429,0.098484,0.076701,0.002757,-0.031050,0.118645,0.228306,0.127773,-0.030966,0.082430,0.141003,-0.014731,0.154808,0.029490,0.006561,-0.041684,-0.189347,-0.359075,0.017767,0.354218,-0.116659,0.014661,0.039460,-0.002350,0.208367,-0.042381,0.021267,-0.045812,-0.004958,0.027571,0.143433,-0.056916,-0.020337,0.042725,0.042471,-0.218398,-0.002148,0.242611,-0.121959,-0.035333,0.358789,0.098254,-0.011830,-0.005263,0.008474,0.002355,0.142406,0.004523,0.397728,0.085541,0.102858,0.060409,-0.202361,-0.201162
-0.016199,0.140482,0.017146,0.007547,0.074908,0.158716,-0.193837,-0.002735,-0.003388,0.086606,0.048778,0.009896,0.125159,-0.038638,0.002529,-0.148629,0.236502,0.185287,0.011516,-0.033762,0.138966,0.094294,-0.044385,-0.075988,0.224384,-0.272605,-0.076316,-0.050678,-0.028572,-0.150434,0.195282,-0.024350,0.027085,0.016171,-0.045806,0.384653,0.087174,-0.181121,0.259258,-0.121076,-0.104373,0.166713,0.054705,0.179912,-0.166923,0.066176,-0.021394,0.059604,0.033484,0.098610,0.060529,0.156219,0.005734,0.295569,0.139379,0.005325,0.181892,-0.158898,0.140942,-0.010752,0.037259,0.216272,-0.037165,-0.188525,-0.118420,-0.028080,0.134348,-0.111780,0.185860,0.234854,0.180105,-0.089050,0.063233,-0.031787,-0.006410,-0.011582,0.126854,0.012129,0.104509,-0.028294,-0.153873,-0.031568,0.170626,-0.044499,-0.466820,0.010604,-0.235615,0.173524,-0.074222,0.384416,0.086542,-0.038292,-0.002664,0.106371,0.051587,-0.002549,-0.005163,0.027098,0.006277,0.095931,0.115022,-0.009966,-0.148687,0.301606,-0.272213,-0.092715,-0.012870,-0.120711,0.006879,-0.053965,0.057797,-0.122924,-0.209702,0.010291,-0.043714,0.145572,-0.061445,-0.002527,-0.053517,-0.015214,0.193242,-0.204302,-0.263806,0.025159,0.248198,-0.353102,-0.089721,0.206438
-0.102399,0.193156,0.014667,0.292915,-0.097096,0.034337,-0.119539,0.025908,0.102008,0.150137,0.025035,0.007343,0.260282,-0.123024,-0.007544,-0.282180,-0.139898,0.122307,-0.014849,0.025078,0.094599,-0.129584,-0.125261,0.028326,0.311552,0.235557,-0.070093,-0.019833,0.084207,-0.168698,-0.166365,-0.058870,0.771637,-0.123987,-0.064590,0.126438,-0.207100,-0.131944,-0.109513,0.041735,-0.513238,-0.041682,-0.160026,-0.028043,-0.001411,-0.061811,0.249254,0.074808,-0.039655,-0.086967,-0.122940,0.089000,0.000948,-0.119335,0.188911,0.065447,0.013007,0.075795,-0.012449,0.075960,0.013071,-0.023713,0.153465,-0.067478,0.094293,0.210637,0.143110,0.252556,0.074973,0.003777,0.014671,0.344291,-0.076287,0.188357,-0.144896,-0.094167,-0.120308,-0.021607,0.069808,-0.274998,0.254213,-0.053769,0.141823,-0.096544,0.228265,-0.118951,0.075538,-0.193653,0.095239,0.278122,0.031053,-0.108412,-0.023050,0.144593,-0.065513,-0.018248,-0.057880,-0.017660,0.069979,-0.113302,-0.373882,0.121482,-0.028914,-0.032354,-0.218654,0.065379,0.069894,-0.077907,-0.063351,-0.285288,-0.025745,-0.059918,0.088520,0.105004,0.333386,-0.058357,0.196828,-0.020071,0.015535,-0.001713,-0.002873,0.219018,-0.062171,0.170816,0.044066,0.135759,-0.173771,-0.481429
0.086694,0.152943,-0.018157,-0.104182,0.048548,0.042292,0.004703,-0.091527,-0.116550,0.643128,0.332838,0.093367,0.115608,0.304093,0.009101,-0.017093,-0.091497,0.023808,0.003555,-0.168155,-0.322062,0.293881,0.215704,-0.123168,0.039546,0.010260,0.123295,0.012510,-0.140266,-0.089650,-0.156082,0.103099,-0.207892,0.059659,0.031975,-0.219700,-0.194209,0.067714,0.211053,-0.196394,0.319316,-0.007875,0.123097,-0.182986,0.068806,0.094240,-0.023928,0.032315,-0.210782,-0.078080,-0.165547,0.023344,0.003820,0.131922,0.067673,-0.116619,-0.252072,-0.042476,-0.181019,-0.024941,-0.032598,0.090585,0.270032,0.320036,-0.025012,-0.157328,0.144789,0.084210,0.046759,0.242086,0.000810,-0.064412,0.033504,-0.128479,0.115527,-0.161930,-0.037065,0.006433,0.142426,-0.063116,-0.156119,0.169439,0.357379,-0.090796,-0.053127,0.046289,-0.342749,0.035549,0.028124,0.100605,-0.086881,0.176337,-0.027969,0.072869,-0.060466,-0.013607,0.029197,-0.023554,0.118494,0.181486,0.077465,0.055198,0.098359,0.127131,-0.275895,0.537711,-0.007703,-0.003093,-0.212748,0.067578,-0.227099,-0.115891,-0.003080,0.193522,0.189190,0.065962,0.114676,-0.013171,0.116138,0.011300,-0.012685,0.093351,0.013892,0.037179,0.221276,-0.083083,-0.031115,-0.308358
-0.018052,0.207947,-0.031778,-0.085406,-0.030908,0.065276,-0.140213,0.089428,-0.193015,-0.069120,0.281678,0.177961,-0.067266,0.018440,-0.012343,-0.117630,0.148646,0.269067,-0.050939,-0.109391,0.081466,0.102730,-0.012959,0.121655,0.179692,0.147333,0.189033,-0.153962,0.146726,0.024190,-0.140428,0.117687,0.317108,0.104242,-0.016935,-0.234251,0.136478,-0.181208,0.028352,-0.174162,0.007488,-0.045410,-0.019141,-0.060548,0.019628,0.040172,-0.154985,0.176031,0.097142,0.009671,-0.101299,0.080557,-0.008156,0.217882,-0.127355,0.122206,0.010917,-0.060773,0.379815,0.019965,-0.057463,-0.238944,0.121316,0.299976,-0.129249,0.226611,0.112866,0.115085,0.109340,0.061290,-0.129574,-0.153727,-0.047455,-0.103940,-0.000450,-0.053989,0.010096,0.012934,-0.099196,0.043550,-0.060566,-0.103392,0.064178,0.023374,-0.003928,0.040794,0.142261,0.126684,-0.012885,0.130017,-0.220295,0.059355,-0.014113,-0.076073,0.171174,-0.002437,0.023203,-0.021644,-0.393239,0.019046,0.182843,0.120236,0.104523,0.125665,-0.114271,-0.038634,-0.079244,0.036371,0.070057,0.371033,-0.087435,0.035875,-0.342268,-0.209133,-0.311596,-0.038027,-0.137484,0.002236,-0.020778,0.021448,0.042556,0.130410,-0.039268,0.076095,-0.074811,-0.028027,0.145086,0.026243
0.057931,-0.176032,0.034358,0.174707,-0.191937,0.224666,-0.234306,-0.002899,0.089918,-0.195459,0.412549,-0.041759,0.033668,-0.151859,0.021390,-0.273147,0.282356,0.022114,-0.020658,0.056965,0.005489,-0.042922,-0.212020,0.229994,-0.009461,-0.010357,0.079924,0.036576,-0.175933,-0.150415,-0.035193,0.109283,-0.096482,-0.160737,-0.085625,-0.086393,0.196601,0.035490,-0.041564,0.193574,0.296259,0.095888,-0.157968,-0.158153,0.113645,0.030508,0.037339,-0.150727,0.074048,-0.114673,-0.067677,0.186695,-0.001024,-0.209098,0.046169,0.059842,0.054214,-0.156930,0.187170,0.145396,0.056035,0.053426,0.049384,-0.426150,0.117812,-0.014738,0.277451,0.312522,0.100692,0.210140,-0.153614,-0.171880,0.160394,-0.398802,-0.145048,0.009353,0.093533,0.000894,-0.112884,-0.058360,-0.053069,0.126437,0.028115,0.036507,0.084957,-0.076170,-0.064445,-0.072676,-0.007773,0.341314,-0.033401,0.140999,0.029481,-0.154052,0.041966,-0.006119,-0.154474,0.022964,-0.046336,-0.185297,-0.262223,0.142055,0.004693,0.203321,0.271738,-0.101660,0.040224,-0.074226,-0.073906,-0.202318,-0.092546,-0.049254,0.377400,0.076519,0.034258,-0.031443,0.043138,0.008994,-0.034909,0.026542,-0.172261,0.121366,0.206912,0.128036,-0.077852,0.055238,0.133743,-0.209821
0.066028,0.051408,0.016740,0.139466,0.008197,0.042475,0.148456,-0.016647,0.048531,-0.093186,0.215824,0.438511,0.088760,-0.151165,-0.005752,0.211651,-0.007171,0.160589,-0.043695,-0.070164,-0.120764,-0.203566,-0.057345,0.049148,-0.040808,-0.145112,0.054489,0.009068,-0.005945,0.244589,0.000715,-1.060401,0.018112,1.003784,0.045167,-0.007515,0.210450,0.014110,0.005241,-0.010786,-0.015154,0.055083,0.125901,-0.185440,-0.303459,0.035981,-0.085191,0.142804,0.060681,-0.135258,0.062350,-0.130255,-0.017335,-0.014832,0.070318,0.051575,-0.098757,-0.003841,0.037335,0.043670,0.095351,0.202154,-0.074585,0.303585,-0.093126,-0.157962,-0.062158,0.099769,0.109964,0.094643,-0.116013,-0.017577,-0.160277,-0.041505,-0.149774,-0.024859,-0.056803,-0.014783,0.015760,-0.049426,-0.191400,-0.045674,-0.031456,-0.018429,-0.030266,0.041736,0.079205,-0.061190,0.071141,-0.271547,-0.084856,0.120454,-0.006896,0.189760,0.062628,-0.007605,-0.132375,-0.000216,-0.118839,-0.095980,-0.051492,-0.036741,0.015469,0.036601,0.120742,-0.072803,-0.306398,0.023638,0.042273,-0.055046,0.027850,0.089215,-0.030811,-0.178791,-0.074401,-0.040707,0.029827,-0.000866,0.032228,-0.006897,-0.212425,-0.051958,-0.037498,0.169334,0.041498,-0.003001,0.050494,-0.185431
0.044593,-0.219667,-0.002150,0.187514,0.021181,0.468342,0.053390,0.034638,0.260179,0.122564,0.280632,-0.084765,0.108717,-0.426162,-0.006878,0.252770,-0.089464,0.145435,0.055396,0.110997,0.086482,0.537574,0.057842,-0.252809,-0.034384,0.121344,-0.120770,0.107346,0.060752,0.108533,0.051517,0.218640,-0.047751,-0.011669,0.004742,-0.043099,0.010222,0.116774,-0.131550,0.164905,0.137241,0.019174,-0.005469,-0.019418,0.012890,-0.064852,-0.001976,-0.067252,-0.081377,0.076375,0.349765,0.055535,-0.015547,0.107900,-0.066992,0.026940,-0.081501,-0.030247,0.083702,-0.043771,-0.016608,-0.266623,0.058491,0.218476,-0.110379,-0.120467,-0.044760,-0.105979,-0.036599,0.044631,-0.074356,-0.159657,-0.311120,0.045031,0.166403,-0.471579,-0.142248,-0.004691,-0.126604,0.156271,-0.080986,0.322219,-0.439105,0.145460,0.031371,0.020763,0.038215,0.062684,0.231845,0.013550,0.000149,0.012305,-0.001423,-0.147903,0.065557,-0.015902,-0.091094,0.017301,0.061776,0.383339,-0.051024,-0.089820,0.103174,0.019423,0.271061,-0.402497,0.169934,0.055923,0.006635,0.224747,0.208164,-0.006895,0.123893,0.165094,-0.029312,-0.202650,-0.034388,-0.004819,0.055680,0.000541,-0.056191,-0.072675,-0.020345,0.029276,-0.070511,0.110493,0.031872,-0.037891
-0.071101,0.045802,-0.022716,0.114154,-0.038826,0.471570,-0.027030,-0.204942,-0.128509,-0.235084,-0.069307,-0.015869,-0.048709,-0.047926,0.014060,0.071822,-0.163657,0.430572,-0.028054,-0.114032,0.008380,0.040945,0.052152,-0.108939,-0.006023,0.162709,-0.184058,-0.044016,-0.131669,-0.096552,-0.136848,0.106656,-0.215485,0.104448,-0.015551,0.359704,0.387065,-0.050422,-0.098171,0.029276,-0.005692,-0.008102,-0.048889,-0.186615,0.104660,-0.017897,-0.340932,-0.028919,0.149467,0.047907,0.351049,-0.152628,-0.016409,0.178012,0.063014,-0.056182,-0.062230,-0.013771,-0.081276,0.440422,-0.095204,-0.028177,0.127962,0.172733,-0.057816,0.024247,-0.092088,0.078532,-0.005653,-0.141180,0.413245,0.019809,-0.034637,0.157813,0.038182,0.070373,-0.122187,-0.016122,-0.003113,0.122727,-0.093375,0.015935,-0.330205,-0.037815,0.049530,-0.041280,-0.048088,-0.274436,0.128140,0.180245,0.293850,-0.090462,0.039231,-0.231824,-0.072815,-0.011969,0.079004,-0.022171,-0.104502,-0.202823,0.193155,-0.077925,-0.028039,-0.040268,-0.273335,0.103552,-0.044633,-0.108113,0.007559,-0.100916,0.008421,-0.029095,0.501143,-0.189977,-0.117684,0.089648,0.085862,-0.001762,0.083682,0.012044,-0.159648,0.119943,-0.133875,-0.035941,-0.018021,0.141921,-0.318126,-0.115502
-0.002785,0.002279,-0.010796,-0.006721,-0.008152,0.005689,0.008977,0.000722,-0.004465,-0.009077,0.008261,-0.007517,-0.000721,0.000303,0.003749,-0.004855,-0.004808,0.002925,0.015403,-0.001553,0.002369,-0.002880,-0.015736,-0.008075,-0.005344,0.025227,-0.001712,0.005864,0.000913,0.000430,0.013819,-0.004041,0.004803,-0.001136,0.004817,-0.004218,-0.002489,0.003491,0.010203,-0.012987,-0.003329,0.019835,-0.007445,-0.007434,-0.002124,0.008262,-0.000307,-0.013010,0.000235,-0.011518,0.000078,-0.006586,0.027529,-0.007520,-0.001730,0.012429,0.007500,-0.001614,0.012326,-0.000885,0.007434,0.007695,-0.007645,-0.006041,0.000439,0.004591,-0.015572,0.003343,0.006270,0.013070,-0.002794,-0.003415,-0.027894,0.004593,0.001341,0.000204,-0.014450,0.018218,0.005910,0.005730,0.000867,0.007790,0.020954,-0.002495,-0.021187,0.000108,-0.006784,-0.001393,-0.018856,-0.003303,0.005271,-0.003257,0.000643,0.001745,0.010048,-0.020218,0.001727,-0.002493,-0.000905,0.006411,-0.001262,0.021120,0.016721,0.009509,-0.006658,-0.003454,0.002598,-0.004799,-0.000594,-0.000243,-0.006893,0.003719,0.002192,0.002680,0.010420,-0.016838,0.001607,-0.026777,0.001651,0.007931,-0.002007,0.005496,-0.003659,-0.000818,-0.016648,-0.000572,0.000356,-0.000618
0.167270,-0.029132,-0.035171,0.377906,0.032107,0.122959,-0.169844,0.177780,-0.333313,-0.347842,0.138088,0.187389,-0.033009,0.096060,0.015454,0.004613,-0.091872,-0.011010,0.009891,0.193831,-0.169350,0.091913,0.061064,-0.113105,-0.121698,-0.182371,-0.106615,0.152075,-0.023226,0.005700,-0.046945,0.078415,0.214636,0.033987,0.034361,0.227950,0.067730,-0.103632,-0.009081,0.194215,-0.117506,-0.009725,0.027440,-0.111466,0.041598,-0.041272,-0.128547,0.070134,-0.264268,-0.175556,-0.263701,0.088501,0.001981,-0.056318,0.059004,0.045844,0.139632,0.172274,-0.030148,0.048731,0.044901,0.057102,-0.056034,0.021587,0.096593,-0.166414,0.008134,-0.162846,0.251894,-0.073917,0.185254,0.195230,0.008600,-0.081961,-0.276604,-0.170227,0.044040,0.021632,0.164233,-0.067803,-0.077300,-0.055178,0.083991,-0.022756,-0.023694,-0.006207,-0.011651,0.207553,-0.093796,-0.257455,0.005980,-0.167012,-0.009609,0.167479,0.003815,0.011617,0.063058,0.008376,-0.129961,0.321611,0.250984,0.118080,-0.115692,-0.005802,0.141832,-0.099031,-0.046558,-0.038793,-0.211345,-0.120117,0.103964,-0.127426,-0.097115,0.192305,-0.123357,0.151773,-0.041853,-0.007981,-0.006135,-0.000760,0.517081,0.726581,-0.073487,-0.240403,-0.075346,0.237916,-0.077485,0.352375
0.256404,0.152916,0.063307,-0.237436,-0.001053,0.198055,0.222238,0.114546,0.135600,-0.370629,-0.247000,0.108669,0.094663,0.150700,-0.001274,0.029833,-0.050878,0.107528,-0.015561,-0.017643,-0.325144,0.063885,0.220998,-0.135048,0.034579,-0.430418,0.218513,0.051703,0.036808,0.142806,0.170070,0.095405,0.209201,0.019241,0.043230,-0.336405,-0.153364,0.089352,0.110111,0.033411,0.001945,0.193602,-0.015310,-0.100452,-0.033421,0.099639,-0.183284,0.026183,0.108924,0.259914,-0.050200,-0.234172,-0.028341,0.105264,0.331415,-0.074281,-0.097458,-0.160443,-0.021921,-0.075475,0.168582,-0.130668,-0.009933,-0.154978,0.074601,0.140683,-0.018390,0.093451,0.213192,0.391241,0.238628,-0.065667,0.011224,-0.032454,0.146461,0.086274,-0.131888,0.016752,0.127140,0.131762,-0.065300,0.184742,0.016391,-0.139093,-0.006513,0.012461,0.066382,0.011254,0.017939,0.109513,0.093308,-0.005201,-0.007700,-0.139089,0.007901,0.006686,0.005313,0.009267,-0.043713,0.165500,-0.238255,0.015027,0.161737,0.062651,-0.075608,0.099332,0.140616,-0.048774,-0.108897,0.001536,0.141981,0.209977,0.562549,0.072477,-0.016756,0.124089,-0.018995,0.006137,0.068908,-0.008186,0.186401,0.062075,0.186435,-0.001090,0.245102,0.053178,0.272765,0.022982
0.486329,-0.212599,0.017328,-0.021241,0.002383,-0.332233,-0.071633,0.117354,0.080950,-0.250957,-0.154675,-0.107247,-0.051015,0.047343,-0.001360,0.145739,0.058454,0.426709,-0.021077,0.122777,-0.014016,-0.406237,-0.181120,0.038256,0.028568,-0.186051,-0.138890,-0.033793,0.158761,-0.022408,0.022202,-0.044922,0.260358,0.117929,-0.056926,0.309351,-0.127176,-0.190116,0.029145,-0.022099,-0.038743,-0.127295,0.100367,-0.010778,0.166046,-0.068254,-0.173975,-0.113401,-0.258219,0.136833,-0.245922,0.223887,0.015142,0.005424,0.162373,0.025107,-0.030485,0.057899,-0.102536,0.014484,-0.109335,0.048970,0.360897,-0.129996,0.229637,0.009510,-0.036083,0.179976,-0.080147,0.092721,0.064334,-0.187928,0.007022,0.166118,0.040596,-0.067550,0.014066,0.015874,0.050255,0.170170,0.037570,0.188777,0.091910,0.095763,0.036149,-0.039951,0.036398,-0.348509,0.040608,-0.125218,0.059227,-0.071296,-0.019660,-0.119004,0.023860,-0.008194,-0.072200,-0.025617,0.078916,0.414144,0.130251,-0.032728,-0.029233,-0.009066,0.188048,-0.093731,-0.088778,-0.001891,-0.034948,0.093855,0.078390,-0.159580,0.167292,-0.158776,0.216740,0.024815,0.083547,-0.012853,-0.020684,-0.000009,-0.005347,-0.882363,0.142003,-0.026192,0.024802,-0.043704,0.209253,0.092732
-0.002721,-0.050666,-0.159671,0.034954,-0.075002,0.008842,0.077205,0.032334,0.072228,-0.101589,0.023410,0.012554,0.003189,0.004598,-0.007833,-0.002235,0.174136,0.012525,0.017904,-0.021027,0.088158,0.028018,0.027905,-0.035804,0.034229,-0.032432,-0.037508,-0.020326,0.114473,0.042988,0.100163,0.031388,0.007287,0.005676,-0.023565,-0.056500,-0.004505,0.008690,-0.007145,-0.048596,0.027754,-0.034977,0.137294,0.007565,0.012888,0.153409,-0.003208,-0.068187,0.074237,0.000711,-0.001692,-0.064225,0.009993,0.089032,-0.101566,0.006730,0.107645,0.022619,0.034688,-0.025212,-0.085674,0.017139,-0.009885,0.006900,0.051322,-0.034616,0.128147,-0.046691,-0.070277,-0.030348,0.166510,0.016023,0.030468,-0.048810,-0.140758,0.057121,-0.135427,-0.023908,-0.028157,0.016188,-0.005049,-0.102702,-0.036343,-0.128930,-0.125645,0.037492,0.142346,0.018691,0.041695,0.016261,0.001270,-0.058555,0.007867,0.039849,0.079269,0.023136,0.012156,-0.033066,-0.024857,-0.034101,-0.070617,0.083630,-0.231683,-0.065779,0.042214,0.073184,-0.031384,0.059094,0.096600,-0.017469,0.064740,-0.084587,-0.036109,0.038371,-0.014292,-0.036291,0.019211,0.006390,-0.057808,-0.010960,-0.016845,-0.000045,0.041356,-0.033635,-0.014333,0.004190,0.017192,-0.008242
0.015974,0.100730,0.073625,0.039376,0.051268,-0.139618,0.015944,0.063959,-0.310241,0.124133,-0.118844,0.062616,0.137765,-0.149357,-0.008153,-0.026624,0.006438,0.006442,0.014697,0.076900,-0.001479,-0.237838,0.026122,-0.061421,0.090592,-0.091320,0.118509,0.058712,-0.053581,0.180743,0.059463,0.055880,0.122894,0.094045,0.080029,-0.152954,0.002012,-0.011837,-0.009929,0.038401,-0.142725,0.130209,-0.045562,-0.045625,0.285381,-0.015814,-0.189527,-0.064665,0.165823,-0.080154,0.163260,-0.019443,-0.006920,0.076414,-0.041609,0.030379,0.085790,-0.107819,-0.055568,0.366458,0.129670,0.216433,-0.146195,-0.365595,-0.276822,0.017286,0.044081,-0.164822,-0.171327,0.247994,-0.157871,-0.208534,0.022610,0.110543,-0.084816,0.258822,-0.034352,-0.023363,0.049475,0.056310,-0.125006,-0.072518,0.119286,-0.005649,0.027589,-0.064941,0.123975,0.005144,0.107981,0.271230,0.177900,0.181332,0.002421,0.055771,0.309777,-0.003707,-0.042415,-0.028588,-0.007918,-0.327255,0.007625,0.019275,0.030196,-0.001163,0.064915,0.030865,-0.156315,0.146196,-0.066906,0.317501,0.131630,-0.070174,-0.006031,0.337294,-0.092400,0.029437,-0.086077,-0.015162,0.011330,-0.008810,0.483243,0.010621,0.054863,0.080207,0.079853,0.013585,0.036240,-0.026261
