-0.036090,0.012376,0.196568,-0.076083,-0.002337,0.044594,-0.054439,-0.185079,-0.060713,-0.012121,-0.162654,-0.011758,0.035796,-0.242653,0.203932,-0.041892,-0.025963,-0.195943,0.174983,0.056214,-0.054572,-0.002392,0.013563,-0.084388,0.031827,-0.066180,0.123217,-0.041998,0.111119,-0.040217,-0.051166,0.123207,-0.073681,0.042293,0.013002,0.143093,-0.019314,0.121081,-0.041777,0.043909,0.003769,-0.016569,-0.175781,-0.023788,-0.020103,-0.016942,-0.008690,-0.053042,0.143874,-0.008862,0.112533,-0.055843,-0.066705,0.109804,-0.002129,-0.107363,-0.037301,-0.017197,0.013482,-0.061075,-0.144296,-0.051425,-0.014889,0.023823,0.057058,-0.044196,0.022078,0.014475,-0.018116,-0.068939,0.001493,0.048319,-0.051514,-0.024692,0.114058,-0.059840,-0.021981,0.029956,-0.016539,0.040367,0.036852,-0.111763,0.456426,0.014501,0.057098,-0.039017,-0.015244,0.023374,-0.102914,0.096467,0.019106,0.069865,0.115436,0.040299,0.025830,-0.018919,-0.014700,0.028081,-0.046332,-0.023527,-0.000398,0.059231,-0.037306,-0.021476,0.084747,0.015779,0.026873,-0.079323,-0.011175,-0.139256,-0.034009,0.104037,0.011982,-0.001424,0.030159,-0.113201,-0.033627,0.272630,-0.059591,0.170552,-0.045882,-0.079376,-0.061144,-0.045782,-0.074835,-0.028380,0.073472,0.072823
-0.064978,0.034137,0.066556,-0.004560,0.022954,0.290885,0.059557,-0.025581,-0.025104,-0.026749,-0.020094,-0.005796,0.000989,-0.070313,0.045719,-0.035767,-0.016633,-0.005005,-0.121023,0.044866,0.018491,0.091810,0.071149,0.023990,-0.013224,0.032670,-0.050741,0.006712,-0.061399,-0.049378,-0.019827,0.014741,-0.023577,-0.048340,-0.025806,-0.011743,0.226846,-0.017692,-0.248899,0.001385,0.027650,-0.015744,-0.034396,0.203736,0.056549,-0.017241,-0.061355,-0.058213,0.000256,-0.060683,0.019916,-0.038133,-0.018231,0.006417,-0.081642,0.014470,0.007978,0.240118,0.076778,-0.054336,0.034052,-0.057409,0.417411,-0.048447,0.078116,0.065761,-0.042493,0.011495,-0.198804,-0.034304,0.010741,-0.027991,-0.110411,0.085440,0.025352,0.001053,-0.013921,-0.135167,0.065830,0.132193,-0.063482,0.021459,0.105338,-0.005504,0.033318,-0.015995,-0.027767,-0.056220,0.122649,0.040767,-0.030215,-0.101032,0.013086,0.078454,0.024461,0.038534,-0.000971,0.048554,0.035301,0.090119,-0.014349,-0.001150,0.038989,0.021618,-0.023509,0.152548,-0.012978,-0.136959,0.061651,-0.028742,0.042099,0.053480,0.202490,-0.047865,0.013308,0.113774,0.018869,0.148990,-0.022659,0.045399,-0.009040,0.105542,-0.136059,-0.118888,-0.001054,0.037651,0.104250,-0.040471
0.000543,0.055933,-0.070036,-0.020014,-0.064102,0.021087,0.020721,-0.050321,0.122583,0.077819,-0.023599,0.153520,-0.015383,-0.049843,-0.024248,0.073767,-0.239258,0.077305,-0.070259,-0.152919,0.040617,-0.007524,0.020834,-0.052987,0.043804,0.088189,-0.047742,0.016225,-0.041628,-0.057556,0.018170,0.035980,0.029614,0.054601,0.040319,0.042438,-0.017790,-0.005956,0.003436,0.007348,0.002866,-0.059972,0.050120,0.023324,-0.033879,-0.015298,-0.026645,0.055662,-0.005381,-0.081512,-0.105245,0.088950,-0.074870,0.029528,-0.069072,0.017922,-0.017603,0.004154,-0.008077,0.069045,0.051022,0.054170,0.012257,-0.023753,0.015097,-0.049964,-0.015323,-0.041231,0.018613,-0.074546,0.043736,0.002839,-0.049806,-0.039605,-0.019160,0.047646,-0.024523,0.023268,-0.005678,0.060674,-0.015003,-0.081616,0.196395,-0.068427,-0.049367,-0.007886,-0.036472,0.061559,-0.004136,-0.123654,0.058233,0.036147,0.008071,-0.004958,0.110050,-0.024827,-0.008227,-0.038525,-0.052954,-0.104887,0.002172,0.080326,0.023989,0.011663,0.001892,0.008058,0.161532,-0.013040,-0.082808,-0.116155,0.100794,0.089981,0.039199,0.003736,-0.174738,-0.009658,-0.039618,0.045474,-0.021712,0.027213,0.032044,-0.023032,-0.012180,-0.038541,-0.101062,-0.023560,0.019809,-0.022613
-0.050987,0.083980,-0.024624,-0.029866,0.014123,0.033073,-0.060387,-0.115093,-0.045702,0.097172,0.069622,0.075627,0.001849,0.014355,-0.020162,0.008041,0.018136,0.064219,-0.009577,-0.011805,-0.025865,-0.052126,-0.015583,0.015895,-0.046175,0.027414,0.027593,-0.023206,0.059556,-0.014705,-0.021625,0.051735,-0.024692,-0.024615,0.064066,0.026834,0.031649,-0.317986,-0.039016,0.077527,-0.045044,0.040486,0.020715,0.146942,0.019287,0.018749,0.024506,0.049295,-0.082051,0.006424,0.130233,0.030970,0.046558,0.062564,0.127206,-0.028450,0.051351,0.166246,0.174797,-0.048396,-0.015615,0.109009,0.080980,0.083421,0.084589,0.188180,0.174811,-0.051805,0.023072,0.003362,-0.286511,0.097357,0.070013,0.004589,-0.080687,0.017299,0.066374,0.005704,-0.113271,0.050410,0.129392,-0.084736,0.070634,0.043069,0.002986,0.021592,-0.178640,0.095065,0.082550,0.043492,-0.048576,-0.124756,0.118658,-0.145379,0.138972,-0.030723,0.001856,0.052806,0.002644,-0.026752,0.078878,0.088865,-0.200540,-0.163287,-0.032021,0.078137,0.038456,0.141817,0.072413,-0.027061,0.044493,0.007559,-0.003967,-0.085126,-0.012215,-0.024877,0.020347,0.056004,0.055857,0.077731,-0.069351,0.131903,-0.009351,0.000794,0.106414,0.074044,-0.911189,-0.037804
0.014541,0.036836,-0.105723,0.031118,-0.027341,0.020536,0.003217,0.034462,0.034571,0.090348,-0.054109,0.088635,0.023890,0.040490,0.077289,-0.109696,0.083885,0.043068,-0.009525,0.043251,0.017328,0.005418,-0.016204,0.086996,-0.037951,-0.130949,-0.013676,0.024766,-0.058994,0.019628,0.122560,0.006376,-0.001766,-0.012208,0.122763,0.016064,0.087334,-0.096464,0.021166,0.032094,0.003697,-0.208385,-0.053431,0.004314,0.050053,-0.022190,0.025555,-0.062645,0.038844,0.019747,0.052143,0.068930,0.104891,0.047036,0.058881,0.013915,0.116343,-0.021140,0.019722,-0.065730,-0.196427,-0.112194,0.035464,0.026538,-0.018618,-0.097335,0.042024,-0.030705,0.025451,-0.064646,-0.058714,-0.047609,0.178282,0.004338,0.038021,0.027797,0.013424,0.004732,0.005926,-0.082911,0.034345,0.057531,0.036093,0.050843,-0.111360,-0.010345,-0.012649,0.063968,-0.006601,0.088940,0.058250,0.006087,-0.065286,0.010666,-0.055595,0.075952,0.003105,-0.018430,-0.014336,-0.034498,0.027750,0.116548,-0.017703,0.014521,0.013031,0.089534,-0.024524,0.004335,-0.016418,-0.086486,-0.092689,-0.120498,-0.014959,-0.026822,-0.009692,-0.053416,-0.021444,0.089128,-0.047514,0.012072,-0.014018,-0.091482,0.056248,-0.003562,-0.020774,0.057515,0.067254,-0.045839
0.117323,0.040133,-0.043828,-0.042288,0.018853,-0.123297,-0.058555,0.053292,0.048105,0.060998,-0.052265,-0.076263,0.048767,0.033903,0.012381,-0.053199,0.045151,-0.043804,-0.051272,0.024671,-0.000259,-0.049185,0.061398,-0.021050,-0.033851,-0.026672,0.068549,0.002015,0.064719,-0.071590,-0.095138,0.041277,-0.082545,-0.017769,0.052340,0.007130,0.039080,0.084628,-0.049027,0.080692,-0.239401,0.040343,0.274960,0.028774,0.062465,0.013369,0.080932,0.025273,-0.024969,0.045327,-0.012172,-0.032812,-0.038324,0.043652,0.015390,0.059905,-0.021469,-0.199154,-0.005513,-0.020680,-0.094990,0.071762,0.613668,0.064241,0.186522,0.036352,-0.044917,0.001395,-0.156172,0.063784,0.104317,0.153663,0.047831,-0.054582,0.025180,0.044285,0.019868,-0.149039,-0.312987,-0.032334,-0.073945,0.014465,0.043405,0.076019,0.004471,-0.029667,0.045924,0.025747,0.047489,-0.022159,0.028642,0.016679,0.018656,0.427854,-0.060347,-0.049497,-0.006524,0.027811,-0.077723,0.055561,-0.090875,0.015961,-0.025309,-0.084209,-0.007486,-0.163882,-0.046549,0.088667,-0.005018,0.014983,-0.039120,0.017501,0.022398,0.020295,0.028223,-0.093563,0.039567,-0.026079,-0.510114,-0.007466,0.038495,0.008999,0.117161,0.056959,-0.015150,-0.021328,-0.042868,-0.157431
0.013631,0.016438,-0.083540,-0.006872,-0.160708,0.010382,-0.069095,-0.028720,-0.138243,-0.014872,0.025754,0.149005,0.116374,-0.103710,0.083534,0.010264,0.028051,0.152860,-0.004779,0.026137,0.004633,0.026042,-0.027443,0.005568,0.086078,-0.025602,-0.088234,-0.015292,-0.006413,0.079379,0.017286,0.136821,-0.052623,0.026213,0.109842,-0.004056,0.086694,0.156788,-0.022959,0.004010,0.093566,-0.079132,-0.051080,0.015507,0.073538,0.000721,0.094204,-0.070547,-0.048486,0.062784,0.119530,0.090524,0.007528,-0.078988,-0.059954,0.026912,0.022812,-0.005084,0.045345,-0.213980,-0.011118,-0.056708,0.002128,0.123584,0.034761,0.013707,0.045041,-0.074120,-0.001927,-0.226710,0.051443,0.054539,0.086029,0.047897,0.064159,-0.035539,0.015761,0.032581,0.021157,-0.220521,0.016062,-0.039482,0.069646,0.099765,0.050871,-0.102436,-0.027678,-0.001524,-0.042372,0.139200,-0.078029,-0.002803,0.028070,-0.011657,-0.057989,0.025035,0.009074,0.091775,-0.054023,0.032538,-0.017121,0.014031,-0.090773,0.108746,0.086659,-0.004870,-0.052788,0.018925,0.066391,0.001451,0.053901,0.061914,0.010144,-0.112562,-0.212996,0.043407,-0.038261,0.000247,-0.028278,0.070425,0.190276,-0.025882,-0.092497,0.031428,0.025023,0.045951,0.005179,0.006243
0.001423,0.015735,0.069455,-0.016810,0.038304,0.039982,-0.084280,0.000717,-0.238947,0.038590,-0.039642,-0.053626,-0.144997,0.070818,-0.020575,-0.081127,-0.024101,0.058066,-0.032549,-0.083553,-0.076394,-0.034071,0.048094,0.036387,-0.051172,-0.038807,0.109677,-0.018272,0.125694,-0.052498,0.064902,-0.065132,0.053074,-0.045478,-0.032596,-0.044996,0.070929,-0.099681,0.005518,0.041933,-0.234328,-0.174636,-0.032938,-0.025676,0.010420,0.029838,-0.098471,-0.184126,0.048078,-0.156851,0.047446,-0.111159,-0.083961,-0.078738,0.115964,-0.093079,0.162401,-0.012084,-0.039623,-0.008067,0.103633,-0.079566,0.018703,-0.235125,0.003431,-0.022921,0.000794,0.007002,0.013897,-0.212416,0.075898,0.001093,-0.044365,-0.005255,-0.017768,-0.079456,0.007022,0.001612,0.005419,-0.115609,0.042770,0.061935,0.131435,0.100889,0.053187,0.056659,0.038207,-0.049089,-0.012717,-0.078173,0.067105,0.001499,-0.190403,-0.046814,0.096350,-0.098983,-0.008715,-0.103067,0.241010,-0.009060,-0.011145,-0.217369,0.203561,-0.060976,-0.028874,0.130306,-0.044026,-0.006166,-0.076413,0.016165,0.053598,0.094341,0.002253,-0.081728,0.103361,-0.013592,0.083705,0.100826,-0.032691,-0.005348,-0.077907,0.010757,0.049968,0.016012,-0.106346,-0.014173,-0.016849,-0.026203
-0.044522,-0.005957,-0.083874,0.086203,0.021262,-0.061407,-0.037417,0.051144,0.043553,-0.025152,-0.262557,-0.000445,-0.029197,0.057362,-0.016929,0.011614,-0.008508,-0.060748,-0.134422,0.029211,-0.314399,-0.130524,0.089838,0.000254,0.061978,0.011943,-0.021643,-0.031701,-0.002586,-0.007331,0.001910,-0.048616,-0.011497,0.001860,-0.046128,-0.062579,0.046349,0.195951,0.129072,0.030869,-0.164479,0.053853,0.016475,-0.148611,-0.030271,-0.003255,0.035336,-0.013523,-0.035376,-0.055797,0.101905,0.014273,0.028497,0.038007,-0.812849,0.008132,-0.007211,0.027396,0.065946,0.203385,-0.079113,-0.025654,0.058487,-0.022359,-0.070467,-0.025077,0.209230,-0.243604,0.050328,0.029106,-0.094062,-0.073640,-0.053283,-0.011162,0.054833,-0.015099,0.043714,0.054847,-0.087069,-0.021677,0.038085,0.044912,0.029298,-0.075956,0.003887,-0.003043,-0.166122,0.015778,0.155210,0.046664,-0.017178,-0.046326,0.109987,-0.071462,-0.003688,0.326527,-0.004621,-0.075281,0.039426,-0.020204,-0.095808,-0.083495,0.026477,-0.025065,0.044478,0.071778,0.010179,-0.024772,0.030575,-0.002862,0.084669,0.115652,0.024768,0.165310,-0.007784,0.091272,0.038063,-0.011206,-0.001419,-0.041985,-0.002185,-0.061846,0.017340,0.108796,-0.087385,0.021000,-0.104874,0.072349
0.008783,-0.015331,0.021969,-0.042817,-0.014198,-0.045381,0.082205,0.069959,-0.069796,0.028026,-0.021704,-0.001820,-0.066312,-0.134168,0.043560,-0.075789,-0.042201,0.423031,-0.005841,0.044203,0.123147,0.122850,-0.012623,0.113661,-0.021451,0.009594,-0.058164,0.019198,0.036865,0.022085,0.042455,0.011210,0.038807,-0.020407,-0.144286,0.075266,-0.088334,-0.032892,-0.064661,0.000602,0.005063,0.061282,-0.011531,-0.138306,-0.103006,-0.003949,0.023229,0.016542,-0.160532,0.070695,-0.087276,-0.053020,0.120388,0.099432,-0.042716,0.065017,0.027423,0.151081,-0.013861,-0.070419,0.042269,0.000125,-0.000612,-0.117634,0.004075,-0.183960,0.053830,-0.074222,0.206650,0.018247,0.102117,0.158447,0.007192,0.017049,-0.109174,-0.065309,-0.041956,-0.267002,0.086867,-0.062304,-0.232285,0.121696,0.102688,0.029941,-0.151539,-0.035673,0.009806,0.105129,0.020900,-0.016943,-0.011086,0.013531,0.061426,0.027112,0.017640,0.024134,-0.003751,0.004326,0.003766,0.103143,0.202580,-0.001219,0.188287,0.052431,-0.049024,-0.090639,0.033840,0.047993,0.453858,0.125136,-0.038404,0.054904,-0.021706,0.206193,0.068916,-0.013122,0.036505,0.089591,-0.129358,-0.279823,-0.026182,-0.120637,-0.061657,0.053820,-0.037970,0.527808,-0.177436,0.020780
-0.018907,-0.080227,0.002192,-0.084804,0.011337,-0.073056,-0.425572,-0.003153,-0.029059,0.097177,0.130415,0.031726,-0.029453,0.012129,-0.059032,-0.027298,-0.036194,0.157641,0.124160,-0.011586,0.259797,0.028119,0.028693,0.014097,-0.064961,-0.079090,0.044906,-0.025401,0.041661,-0.016555,0.042005,0.082016,0.006442,0.019926,-0.026861,-0.083362,0.212476,0.170460,-0.051090,0.112214,0.069038,0.066798,0.129642,0.175746,-0.006208,0.016414,-0.016296,0.052177,-0.004860,0.112339,0.040027,0.014916,0.009672,-0.060198,-0.246644,-0.015639,0.015463,-0.002686,0.016938,-0.059418,-0.081143,0.067107,0.054272,-0.014312,0.000502,-0.208607,0.041270,0.091680,-0.048231,-0.007643,0.117442,-0.078427,0.027056,-0.021768,-0.200522,0.012817,-0.071533,0.043646,-0.019475,0.087476,-0.033441,-0.029637,-0.029528,0.051245,-0.043692,0.025207,0.149979,0.049323,-0.177124,0.017285,-0.022151,0.032911,0.022280,-0.314733,0.227381,0.062814,-0.019633,0.079368,0.062832,-0.125903,0.016046,0.050334,-0.129114,0.031101,-0.035099,0.243554,0.061515,0.056326,0.056970,0.011744,-0.020307,-0.076382,0.072792,0.132322,-0.018664,0.013856,0.040717,-0.278742,-0.010831,-0.001833,-0.024124,0.014067,0.262422,-0.007689,0.011259,-0.278216,0.058261,0.047033
0.211659,0.343954,-0.046962,-0.010133,-0.011732,0.190391,-0.003980,-0.003213,-0.029231,-0.024062,0.034105,-0.024554,0.022458,-0.020430,-0.037433,-0.012777,-0.012653,0.003586,-0.032175,-0.027625,0.013255,0.255357,0.065778,-0.000469,-0.042776,0.005410,0.036802,0.323453,0.030380,-0.056657,-0.048713,-0.025231,0.045736,-0.028755,-0.007152,0.064635,-0.094761,0.028419,-0.091255,0.005237,0.185053,-0.029012,0.107503,-0.112644,-0.119032,-0.015071,-0.042672,-0.048416,0.003334,-0.031374,-0.037478,-0.049914,-0.030862,-0.008302,0.057112,-0.050250,0.005533,0.063572,0.086569,0.003206,-0.053219,0.015406,-0.001448,0.029680,0.218664,-0.023672,0.407319,-0.021245,-0.312621,-0.004010,-0.246354,-0.130929,-0.027751,0.010052,-0.035434,-0.008508,-0.227498,0.006294,0.263250,-0.045272,-0.030301,-0.041050,-0.028040,0.001447,-0.038270,0.106239,0.077414,-0.003231,-0.022944,-0.066395,0.009455,0.030658,0.042232,0.077409,-0.008336,-0.008703,-0.007516,-0.023692,-0.036978,-0.040281,-0.069798,-0.082798,0.159033,-0.079709,-0.027681,0.113698,-0.043979,0.109585,-0.015136,0.092117,0.000859,-0.036705,0.036583,0.071299,-0.017359,-0.177691,-0.038198,-0.014876,-0.023594,-0.043208,0.016007,-0.053189,0.058963,-0.019554,0.025799,-0.062345,-0.028317,-0.204245
-0.013568,0.047042,-0.015760,-0.014784,0.014949,-0.050220,-0.003018,0.069432,-0.026346,-0.127654,0.594131,-0.014944,0.008663,-0.074364,-0.099041,-0.000363,-0.065146,0.115325,0.015661,0.037306,-0.131538,-0.055592,0.018410,0.169402,-0.000578,0.037788,0.005638,-0.012144,0.011736,0.010359,-0.093611,-0.204814,-0.010553,-0.085263,-0.199776,-0.038226,-0.011221,-0.238237,-0.004084,0.007957,0.014108,0.021388,-0.057392,-0.019438,0.151012,-0.004596,0.065364,-0.037656,-0.049606,-0.021934,0.169571,0.047829,-0.066119,-0.069698,-0.055966,0.019290,0.032921,-0.007031,-0.003229,-0.046179,-0.027353,-0.035385,-0.011308,0.050018,0.001244,0.069764,-0.032755,0.048977,-0.001307,0.000660,0.003229,-0.026047,-0.027217,-0.011364,0.105057,-0.020240,0.088806,-0.012356,-0.066323,0.269172,0.008001,0.000222,0.016114,-0.032467,0.063587,0.064325,-0.052354,-0.133884,-0.022681,-0.073883,-0.012440,0.031138,0.008383,-0.009967,0.043359,0.091354,-0.023145,0.034602,-0.071002,0.001137,0.032693,0.073983,0.063961,-0.045633,-0.008513,-0.006328,-0.053169,0.022593,0.133802,0.163622,-0.016863,-0.093471,0.007067,0.012423,-0.050136,0.019065,0.019758,0.113516,-0.010106,0.057022,-0.015182,0.095026,-0.067406,-0.043721,0.298364,0.083941,0.364343,0.069601
-0.008009,-0.051523,0.030486,-0.012058,-0.015772,-0.027348,-0.054006,0.067066,0.010293,0.034420,0.041615,-0.021022,0.016148,-0.081644,0.056035,-0.008717,-0.020806,0.002842,0.034329,0.007212,-0.013452,0.022185,0.036182,0.017234,-0.006707,-0.015721,0.006527,-0.012916,0.058402,-0.002507,-0.004628,0.102129,0.034153,0.048034,0.042576,0.019527,-0.049007,-0.069629,0.061452,-0.000585,-0.031751,0.030008,-0.058923,-0.150793,0.089463,0.010260,0.015588,0.024871,-0.043827,0.002840,-0.034815,-0.024745,0.009944,0.070599,0.074450,0.035765,-0.008552,-0.001940,-0.040391,0.014464,0.001038,0.052848,0.314131,0.031243,0.075521,-0.047150,-0.028509,0.007536,0.285381,0.097018,-0.015913,-1.161845,-0.018520,-0.002052,-0.018530,0.009472,0.083819,-0.131620,0.034600,-0.082278,0.150478,0.003774,-0.003923,0.076195,-0.044825,0.024424,-0.045032,0.043682,-0.125125,-0.080075,0.014388,-0.135746,0.015819,-0.019144,0.018536,-0.089606,-0.001756,-0.002791,0.009774,0.017827,0.033415,-0.040704,0.004671,-0.003428,0.018415,-0.096602,0.032625,-0.062854,0.043216,-0.018195,0.048705,-0.003852,-0.043909,0.005629,-0.029649,-0.006835,-0.018591,0.048754,-0.064610,-0.064869,0.036671,-0.002316,-0.080728,0.051144,0.004295,0.066199,-0.051525,0.282888
0.000738,0.001767,0.003507,0.005555,0.014213,-0.000088,-0.001800,-0.000382,0.002564,-0.004055,0.006877,-0.011909,-0.008848,0.006936,0.000831,-0.000285,0.004836,0.002096,-0.004868,0.009453,-0.004315,-0.000798,0.002105,0.003030,0.004523,0.006509,0.004061,-0.001409,-0.008735,0.000612,-0.003225,0.008377,-0.002834,-0.005152,-0.008854,-0.006787,0.001299,0.004022,0.002518,0.002257,0.000718,0.005858,0.002599,0.001215,-0.002980,0.021679,-0.005226,-0.005133,0.000903,0.002129,0.002557,-0.005827,0.010446,0.001916,0.003293,0.006128,-0.018324,-0.005491,0.000889,-0.003536,0.011893,-0.004010,-0.003888,-0.001483,0.000886,0.010239,0.008021,0.008146,0.002663,-0.004383,-0.001978,-0.002563,-0.008244,-0.014366,0.001658,-0.014627,-0.001015,0.000391,-0.001662,0.000119,-0.000304,0.006283,-0.004440,-0.004638,-0.003865,-0.001768,0.000157,0.018351,0.006222,0.006412,0.015350,-0.002222,-0.002393,0.006709,0.000285,0.004251,-0.000165,0.001027,0.006438,-0.000840,0.000922,-0.006217,-0.002971,0.000646,-0.003630,0.002198,-0.010248,-0.010445,0.005710,0.002016,0.005038,-0.002451,0.000170,-0.002163,0.004703,0.001895,0.001521,-0.005060,0.001117,0.011732,-0.009371,-0.006411,0.006314,-0.000630,-0.011450,-0.003315,-0.002726,-0.000331
-0.016053,-0.117951,0.005772,-0.159010,0.015996,-0.013145,-0.184756,0.161399,-0.103250,0.079198,-0.125218,-0.010048,0.082321,0.042531,-0.085808,0.052044,0.029126,0.143836,-0.074843,-0.225482,0.006555,-0.000646,-0.023936,0.040815,0.021625,0.064571,0.173351,0.018989,0.071413,0.029052,-0.057528,-0.001301,-0.024726,-0.084814,-0.013906,-0.042503,0.190084,0.220879,0.029468,0.048734,-0.201365,0.007704,0.166818,0.035211,0.020004,-0.037180,-0.093552,-0.082149,0.087782,-0.123576,0.010460,-0.114395,-0.027759,0.032174,-0.132266,0.002101,-0.001867,-0.004692,0.082082,-0.125838,-0.052914,-0.032444,0.031158,0.063911,-0.044427,-0.194359,0.024245,0.012626,-0.030577,0.075539,-0.048540,-0.045486,0.129388,0.117804,-0.073883,-0.084026,0.056393,-0.042195,-0.036295,0.086917,0.065484,0.045246,0.084363,0.089436,-0.022555,-0.081728,0.086276,0.011630,0.093908,-0.046269,0.033343,0.037155,-0.123466,0.030909,-0.030997,-0.046140,0.006241,0.077759,-0.132187,0.104358,-0.041665,0.228666,-0.100063,-0.092029,0.008555,0.143096,-0.056387,-0.019166,-0.048404,0.068875,0.003756,-0.127143,-0.074449,-0.098047,0.012811,-0.174896,-0.053658,-0.029589,0.167278,0.017758,0.009581,-0.185369,0.095062,0.107958,0.125040,-0.000253,0.028660,-0.006573
0.020605,-0.011179,0.044901,0.066604,-0.064192,-0.085155,0.153141,0.040733,-0.067848,0.047952,0.152136,0.083826,-0.009506,-0.095028,-0.053926,0.038686,0.053734,-0.293953,0.129766,0.122222,0.105174,0.054606,0.030981,-0.013277,0.006049,-0.004410,-0.170686,0.001197,-0.065503,-0.152133,0.040825,-0.039628,0.005637,0.206890,-0.098617,0.164730,0.018255,0.141636,-0.061026,-0.021447,-0.007618,0.042705,0.175616,0.059489,-0.016921,-0.004030,0.095979,-0.052031,-0.099985,-0.045645,0.020784,0.068468,-0.057031,0.085230,-0.050967,0.140737,0.014553,-0.099351,0.042933,0.113778,0.190728,0.055480,0.002904,0.000746,0.032846,-0.042061,-0.024867,-0.020331,-0.011085,0.004237,0.065142,-0.029615,0.040135,-0.044223,-0.007490,-0.068975,0.041557,-0.002207,0.010013,0.068373,-0.093457,-0.024791,0.089158,-0.021488,0.174936,-0.039515,0.039547,0.029333,-0.010137,-0.107585,-0.008386,-0.016174,0.114242,-0.056733,0.076212,-0.010428,-0.001903,0.012335,0.056923,0.014595,0.042487,-0.016077,0.105654,0.017120,-0.010581,0.225246,0.067938,0.025160,-0.001599,-0.103356,-0.016289,0.034900,-0.020109,-0.181975,0.132616,-0.161515,-0.033838,-0.074038,0.005851,0.200463,0.023137,0.029784,0.012659,-0.137486,-0.076663,0.160286,-0.085271,-0.016593
0.265300,-0.056415,0.049148,0.006786,0.017742,-0.191177,0.050676,-0.058329,-0.012486,0.015193,0.109713,-0.013171,0.005339,0.027600,0.001782,-0.023420,0.039850,-0.068693,0.142190,0.019859,0.045021,0.053916,-0.013166,0.005024,-0.018142,-0.052145,0.026096,0.214478,0.016176,0.019709,-0.020350,-0.008093,-0.083591,0.005753,0.033065,0.028203,-0.065526,0.072395,0.413735,0.045922,0.054601,-0.008777,0.123245,0.084590,-0.051285,0.022440,-0.011754,-0.028738,0.041956,-0.003738,0.014134,0.019832,0.019253,-0.026951,0.035318,0.029876,0.018751,0.059426,0.193569,-0.060067,-0.034795,0.023092,-0.042774,-0.051471,0.106843,0.029553,0.010199,0.012645,0.352572,-0.008892,0.123239,0.101838,0.058416,0.005447,0.035493,0.041267,0.059292,-0.143750,0.233467,0.031708,0.186933,0.003402,0.064861,-0.007594,0.020317,0.016506,-0.045278,0.014229,0.269659,0.008565,0.006249,0.070469,-0.144049,-0.233928,0.045109,-0.007249,0.004186,-0.041394,-0.057912,0.022619,-0.142265,0.106982,0.047274,-0.144227,-0.004184,-0.061645,0.010386,0.093919,-0.011841,0.006648,-0.014912,0.011892,0.015896,-0.009486,-0.009068,-0.072042,-0.018195,-0.015555,0.029013,0.087417,0.016544,-0.006912,-0.072601,0.078200,-0.012096,-0.019325,0.069853,0.218519
-0.005138,0.028970,-0.101284,0.126180,0.133923,-0.006678,-0.058688,0.019322,0.037856,-0.000585,-0.000689,0.066849,-0.093787,-0.026649,-0.090049,0.002975,-0.067348,-0.031831,0.054479,-0.085203,0.025517,-0.009020,0.000891,-0.030997,0.043008,-0.038997,0.001254,0.015997,-0.014867,-0.001417,-0.029404,-0.006235,-0.031735,0.035810,0.085277,0.050146,-0.002385,0.035160,-0.007245,0.075180,0.008928,0.002204,0.020961,0.012472,-0.006105,0.000244,-0.068460,-0.028038,0.008675,-0.068544,-0.065481,0.133046,-0.006215,0.074422,0.179356,-0.048806,0.026223,-0.021999,-0.010613,0.152175,0.079696,0.036734,0.004338,-0.029240,0.021782,0.019068,-0.014771,-0.053101,0.001161,-0.083045,0.022278,-0.003229,-0.161636,0.066222,-0.072955,-0.064396,0.007631,0.028448,-0.004050,0.102967,0.006866,-0.022311,0.013144,-0.095009,-0.099866,0.011689,-0.048576,-0.033694,0.024226,-0.256138,-0.073907,0.083549,0.033158,-0.005475,0.083645,0.012405,-0.001547,-0.095845,-0.093404,0.034341,-0.015350,-0.097146,-0.030970,-0.062297,-0.029357,0.004299,0.154664,0.002956,0.012373,-0.083059,0.039140,0.144701,0.004468,0.014415,-0.073317,0.159248,-0.048477,0.140888,0.004958,0.013134,-0.005397,0.023976,0.004267,-0.006208,0.011140,0.030160,0.059208,0.009232
-0.027256,-0.028063,-0.110707,0.053166,0.055063,-0.015605,-0.007105,0.046323,0.092151,0.018836,0.013399,-0.020435,0.008393,0.095621,-0.064155,0.006848,-0.000862,0.089208,0.088772,-0.098350,-0.035519,-0.032431,0.007280,-0.022789,-0.025479,-0.129591,-0.003028,-0.025826,-0.015757,-0.037716,-0.024481,-0.089159,0.077464,0.213577,0.090998,-0.167769,0.031738,-0.043700,0.018132,-0.077960,-0.106337,0.113389,-0.024884,0.028525,0.004547,-0.003184,-0.125562,0.028906,0.062542,-0.004330,0.050067,0.120335,-0.047302,0.083203,0.316373,0.054496,-0.021750,-0.007081,-0.031972,-0.159601,-0.187208,0.117654,-0.003881,0.010182,-0.022639,-0.105357,-0.005549,0.087772,0.005670,-0.049327,-0.148907,0.002917,-0.066996,0.002681,-0.083644,0.070049,0.063539,0.011536,0.005160,-0.099255,0.011540,-0.077190,0.061035,-0.054430,0.011201,0.036838,0.004596,0.044430,0.003014,0.032546,0.017564,-0.011362,0.005659,-0.004339,-0.152133,0.133104,0.000837,-0.178013,-0.053741,0.240616,-0.021801,0.033771,0.091079,-0.027401,-0.078003,0.087874,0.168076,0.017165,-0.026343,0.016276,0.028620,0.144384,-0.018177,-0.030980,0.041661,0.012066,0.061144,0.052969,0.005135,-0.038248,0.007111,-0.067120,0.081896,0.088448,-0.003859,0.004618,0.025985,0.024601
-0.078142,0.029207,-0.071045,0.036996,-0.062475,-0.001751,-0.252336,-0.185960,-0.011571,0.091375,-0.124597,0.152027,-0.029214,0.046296,0.000473,0.073974,0.042553,0.084816,-0.091427,-0.024817,-0.080945,0.016973,0.005677,0.011051,0.054115,0.101283,0.066517,-0.004849,-0.032484,0.024137,0.175843,0.072185,-0.007987,-0.118261,0.043458,-0.091426,-0.082620,0.021679,-0.027839,0.012547,0.190920,0.030435,0.007510,0.019056,-0.009517,-0.025422,0.039524,-0.022142,0.061123,0.033382,-0.066592,0.257127,0.161836,0.179555,0.189260,-0.020722,-0.013195,0.012187,0.044951,-0.133519,0.230577,-0.013890,-0.047632,0.017853,-0.003312,-0.022791,0.016681,0.018414,-0.015503,0.098712,-0.029329,-0.036182,0.117392,0.189719,0.014133,-0.022457,-0.013410,0.003719,0.005350,-0.067997,-0.057830,0.063857,-0.079249,-0.001856,-0.055736,0.025684,0.013624,-0.002914,0.009889,0.018594,0.038233,-0.003739,0.132020,0.031031,0.100173,0.043180,0.000150,0.035836,0.068178,0.120961,-0.007664,-0.105600,-0.042421,0.042856,0.039113,-0.130229,0.035770,-0.023317,0.066468,0.054450,0.026879,0.148275,0.096052,0.011640,-0.028207,-0.175440,0.021085,-0.314057,-0.025035,-0.027401,0.056386,0.040568,-0.051889,-0.010782,-0.000903,-0.000747,0.156594,0.064849
0.247783,0.047240,0.006245,0.021176,0.034843,-0.073744,-0.058850,0.092877,-0.133317,0.091245,-0.104833,-0.072918,0.036838,-0.024922,0.015578,-0.033813,0.006394,0.011905,0.009482,0.145196,-0.136497,-0.011627,-0.093628,0.118041,0.045666,0.019371,0.079635,0.059668,-0.144111,-0.106478,-0.059006,-0.016641,-0.034969,-0.036338,-0.154853,-0.084075,-0.059082,-0.071672,-0.219340,0.110413,-0.158311,0.210219,0.136639,0.003797,0.063678,-0.039408,0.131026,-0.073773,-0.285080,-0.129297,-0.041781,-0.001625,0.036055,-0.044438,0.129135,-0.003276,0.032036,0.132418,-0.093105,-0.048618,0.017281,-0.036599,0.042009,-0.027251,0.187860,-0.137861,-0.053903,0.415910,-0.010026,0.038291,0.019885,0.083221,-0.009967,0.008073,-0.079933,-0.018259,0.002205,0.182865,0.195104,0.061357,0.076009,0.149843,-0.038864,-0.064303,0.082322,0.011297,0.045658,-0.024123,-0.028008,-0.097570,0.049390,0.061631,0.116233,-0.247222,0.009143,0.134019,-0.000960,0.012593,-0.085864,0.029127,-0.075961,-0.057377,-0.347005,0.024884,0.055343,-0.083387,-0.037582,-0.066714,-0.043425,-0.391111,-0.055336,-0.030301,0.060161,-0.042824,0.037000,0.140488,0.003769,-0.006212,0.015527,0.030496,0.069059,0.000636,0.120682,0.093158,-0.020789,0.146727,-0.016326,0.020237
-0.057482,0.093117,-0.062648,0.049265,-0.064639,-0.079549,-0.043444,0.078494,-0.006695,0.032575,0.075265,0.010207,-0.012132,0.070179,-0.047245,0.049494,-0.024280,-0.118698,-0.109296,-0.046551,-0.090416,0.180696,-0.133863,0.034800,0.038812,0.010126,0.000407,0.087604,-0.044928,-0.022777,0.011671,-0.038550,0.103015,0.022709,0.005759,0.019648,0.022453,0.017966,-0.153902,-0.054082,-0.186209,-0.040594,0.007632,-0.014503,0.017283,-0.002698,0.011116,-0.004174,0.039455,-0.082291,0.012997,0.004961,0.045954,0.065019,-0.069286,0.079144,-0.000453,-0.004251,-0.138404,-0.000313,0.002697,-0.012641,0.045567,0.058058,0.186546,-0.069627,-0.004016,-0.041203,0.203109,-0.000991,-0.053153,0.079104,0.010018,0.011245,0.147889,-0.047746,-0.016871,0.061011,0.085615,-0.068703,0.096177,0.016915,-0.043849,-0.062959,0.005213,-0.044582,0.076772,-0.027103,-0.150570,0.046713,-0.027071,-0.064145,0.004359,0.136780,0.010792,0.078902,-0.004552,0.063684,0.011611,-0.017721,0.034719,0.076422,0.006772,0.198571,-0.012440,-0.050003,-0.008050,0.035123,-0.100916,0.031025,-0.016599,-0.055244,-0.229589,0.023666,0.010818,-0.046078,-0.048349,0.106003,-0.122954,0.064214,-0.055490,-0.041817,0.202562,0.036804,0.080109,-0.016327,0.071180,0.026185
-0.042926,0.136490,0.036496,-0.026290,-0.015479,0.106116,-0.043049,-0.006612,-0.037977,0.083865,-0.161292,0.063788,0.032320,-0.047075,0.028807,-0.052981,0.034509,0.000854,-0.055527,0.052883,-0.015051,0.078096,0.110782,0.039920,0.023811,0.066374,-0.074176,-0.045184,-0.033637,-0.077382,0.011469,0.041869,0.049291,0.021036,-0.049501,-0.056359,0.155299,0.042870,0.014109,0.021967,0.366517,0.060654,0.012577,-0.125887,0.056612,-0.006611,0.032874,-0.035882,-0.011906,-0.037249,0.027457,-0.052745,-0.008109,0.033840,-0.069632,-0.037753,0.002603,0.084667,-0.159423,0.040156,0.053089,-0.010652,0.170946,0.048483,-0.145668,0.058523,0.110000,0.056281,-0.124567,-0.038948,0.097608,-0.070480,0.015198,0.008563,-0.122368,-0.004763,0.064635,0.142167,-0.057810,-0.057485,-0.010993,0.054031,-0.004985,0.011548,-0.024213,0.011125,0.154242,0.010263,0.093786,0.035551,-0.004253,-0.052960,0.049173,0.093416,-0.103134,-0.060309,-0.007471,0.055857,-0.015142,-0.011128,-0.048457,0.030498,0.067387,0.201791,0.047396,0.202437,-0.038389,0.061033,0.058279,-0.072429,-0.005919,-0.029415,0.312442,-0.053987,-0.094652,0.093706,0.022662,-0.052237,0.089911,-0.026705,-0.003365,0.089759,-0.056927,-0.109500,-0.129632,0.013071,-0.064037,0.027629
0.091617,-0.063873,-0.047706,-0.014956,0.068225,-0.007272,-0.007242,-0.065398,0.051570,0.016789,-0.162344,0.023559,-0.041997,-0.050184,-0.087132,-0.042078,0.002031,0.056981,-0.071825,-0.105080,-0.109413,-0.001654,-0.014694,0.034301,0.021145,-0.031176,-0.085014,-0.088436,-0.046500,0.125217,0.076020,0.009723,0.085655,0.049612,0.023638,0.054511,0.013778,-0.119484,0.075035,-0.135007,0.087145,-0.039202,0.106860,-0.030018,0.179520,0.041577,-0.044012,-0.056301,0.121258,-0.095008,-0.034641,-0.057954,-0.058549,0.064074,0.074009,0.044649,-0.060200,0.081935,-0.080824,0.026557,0.066027,-0.025273,-0.008077,-0.082455,0.096890,0.129718,0.025767,-0.025486,0.111307,-0.006266,0.231974,0.016184,-0.032532,0.030266,-0.132302,0.030272,0.008850,-0.005177,-0.001126,0.020560,-0.020015,0.043997,-0.084243,-0.125795,0.028373,0.079721,0.166529,0.022768,0.014519,-0.112058,-0.013975,-0.119609,0.061717,0.217227,-0.143512,0.008127,0.012233,-0.034740,0.015900,0.104544,0.062630,0.113491,-0.028988,-0.142811,0.015605,-0.022229,0.094778,0.135010,0.017024,-0.022700,-0.001100,0.034759,0.049494,-0.113177,-0.096009,0.070357,-0.040947,0.005342,0.095453,0.131549,-0.028886,0.071631,0.029919,0.179091,-0.023064,0.096902,0.075214,0.036400
-0.035477,-0.049934,-0.017870,0.030263,0.143938,-0.035752,-0.073947,0.019498,-0.084617,0.174014,0.000133,-0.008672,0.088625,0.041236,0.051904,-0.023954,-0.026563,0.120736,-0.005885,0.035716,0.166930,0.040988,-0.061619,-0.105305,-0.136911,-0.085661,0.041765,-0.028691,0.008504,-0.165191,-0.018947,-0.039728,-0.091546,-0.099518,0.205794,0.032199,-0.325771,0.119155,-0.064242,0.067886,0.023574,-0.062540,-0.228319,-0.026315,0.044165,0.006379,-0.024945,0.062543,0.133531,0.137228,0.116668,0.011035,-0.150833,-0.023681,-0.011864,0.080283,0.069520,0.036957,0.067710,-0.049996,0.032692,-0.033351,-0.004490,0.017297,0.022489,0.007836,-0.046365,-0.089137,-0.106630,0.032353,-0.086013,-0.044000,-0.013538,-0.221517,-0.170475,-0.103542,0.059454,0.104427,0.044423,0.056986,-0.008737,-0.297894,-0.160346,-0.004021,0.083497,-0.025478,0.086287,0.040198,0.133483,0.051489,-0.169100,-0.052428,-0.033222,0.063243,-0.245062,-0.037080,-0.002014,0.049727,0.021056,-0.245036,-0.010887,0.061612,0.174962,0.123812,-0.071038,-0.130596,-0.069944,-0.061098,0.159787,-0.128395,0.009007,-0.034253,0.004787,0.034197,0.046166,0.053679,0.137813,-0.188042,0.043138,0.232325,-0.165007,-0.053961,0.029778,-0.030802,-0.061141,0.116404,-0.030509,0.020228
0.045174,-0.027857,0.017915,-0.039349,0.004740,0.101224,-0.062951,-0.039512,-0.038904,-0.016181,-0.026930,0.035212,-0.016182,-0.007478,0.017862,0.027171,0.041689,-0.005282,-0.028067,0.001633,0.041672,-0.152105,0.046079,-0.021248,0.025729,0.011254,-0.014143,0.093106,0.006917,0.030075,0.044478,0.014249,-0.039526,0.031981,0.040306,0.035378,-0.063938,0.091422,0.169370,-0.038564,-0.059533,0.034295,-0.082075,0.381506,-0.016716,0.030018,0.022340,0.040448,0.018130,0.042923,0.023866,0.001018,-0.055122,0.006469,-0.017085,0.027753,-0.001846,-0.060575,-1.109653,-0.048630,0.010573,-0.002362,-0.072902,-0.018821,0.182564,0.030162,0.196514,-0.032608,-0.002476,0.052643,0.013359,0.014046,-0.018043,0.054100,-0.028396,-0.001224,-0.015837,-0.192556,0.022909,0.014529,0.074378,-0.027249,0.045720,0.048257,-0.011914,-0.014009,0.075623,0.000966,0.175307,0.018232,0.020677,-0.044914,-0.072100,-0.147793,-0.054218,0.066549,-0.005455,0.014267,0.049216,0.002699,0.038149,0.038338,-0.052104,-0.014398,0.024082,0.049741,0.000155,0.086627,0.023791,-0.045133,-0.009454,-0.016445,0.038358,0.109070,-0.016672,-0.073549,0.002063,0.046440,-0.077570,-0.041320,-0.019243,0.071113,-0.154013,0.044755,-0.014469,0.019349,0.031700,-0.076452
-0.008103,0.010746,-0.019602,0.114468,0.021857,0.005113,-0.025873,0.078801,-0.038111,0.019380,0.010296,0.048485,-0.024087,0.064216,0.019979,0.046259,0.058655,-0.005741,0.029431,-0.086276,0.039310,-0.000776,0.003144,-0.030908,0.029602,0.028338,-0.030992,-0.033738,-0.010490,0.026943,0.084362,-0.046259,-0.011346,0.031531,0.034195,-0.033219,0.043090,-0.077010,0.008289,-0.053980,-0.061965,0.021065,-0.026983,0.005230,0.067815,0.009011,0.101757,0.030315,-0.042910,0.118547,-0.000890,0.007739,-0.058232,0.001348,0.091198,-0.011981,-0.006625,-0.006662,0.000267,0.017825,-0.162452,-0.077671,0.026183,-0.045010,0.001675,-0.001431,0.030770,-0.015506,0.000996,0.056642,-0.080060,-0.014417,0.111683,0.015916,0.032239,0.006932,0.000533,0.037171,0.018923,-0.021018,0.018482,-0.055928,0.046081,-0.092720,-0.056660,0.000059,-0.038522,0.076222,0.030169,0.014470,0.025617,0.007812,-0.027468,-0.007016,0.000343,-0.008373,0.008001,-0.008341,-0.159645,0.052217,-0.003884,0.001424,0.048266,-0.017498,-0.005274,0.053161,0.027999,-0.013728,-0.019007,-0.013274,-0.066255,0.051551,0.030898,0.060685,0.061937,-0.023539,0.029671,0.144861,-0.024125,0.055580,0.002898,-0.052272,0.003661,-0.012757,0.020223,-0.006621,0.042237,-0.019022
-0.000350,-0.029420,-0.055327,0.004161,-0.064440,0.008854,-0.146651,-0.168026,0.005992,-0.077082,0.004769,0.013429,0.060032,-0.045961,-0.001949,0.006393,0.109127,0.179938,0.137284,0.155124,-0.031288,0.000248,-0.009317,-0.096936,0.091506,0.084556,-0.107507,-0.027650,0.121608,0.003019,0.075592,0.083842,-0.019674,-0.069042,0.081365,-0.025430,0.068693,-0.043825,-0.021349,0.078719,-0.079867,0.008702,0.077075,0.021470,0.051486,-0.026253,-0.037953,0.006761,-0.014638,-0.015993,0.101836,-0.053764,0.167905,-0.047470,0.138087,-0.076334,-0.105399,-0.038378,0.026754,0.001976,0.113912,-0.009459,-0.026234,-0.135805,-0.043507,-0.030139,0.012677,0.043072,0.001580,-0.029531,-0.028829,0.004138,-0.098445,0.055223,-0.013582,0.187553,0.009514,-0.059854,-0.004938,-0.108929,0.029609,0.025061,-0.003964,-0.001832,-0.036161,-0.041040,0.013522,0.124788,-0.005681,0.125176,0.092958,-0.030356,-0.001148,0.022314,-0.091358,0.100702,-0.004844,0.021378,0.150106,-0.084611,0.005777,-0.086010,0.116966,0.035955,0.145630,0.124709,-0.140226,0.018609,-0.061450,0.092980,0.007175,0.085758,-0.004390,-0.120525,-0.137111,0.094925,-0.041923,0.077568,0.002241,-0.011340,0.154807,0.023219,0.054987,0.046474,0.062158,-0.053160,0.065456,0.001669
0.055482,-0.046207,-0.021577,0.028281,-0.014713,0.047965,-0.024076,-0.014133,-0.001847,0.017302,-0.045671,-0.008037,0.041046,-0.051659,-0.005758,0.017938,-0.071341,0.000568,0.057706,0.060976,0.001245,-0.122238,0.110237,-0.011956,0.013223,-0.016842,0.024711,0.001993,-0.016934,-0.033161,0.025137,0.018543,-0.007735,0.002938,-0.065548,-0.048911,0.248040,-0.084310,0.184606,0.054771,0.274386,0.025234,0.055696,0.123738,0.034969,-0.003054,-0.042832,0.012950,-0.102918,-0.000726,-0.047258,0.040296,-0.008500,-0.063094,0.002817,-0.034950,-0.006950,0.283155,-0.032704,-0.031715,0.023768,-0.002404,0.074213,0.042176,-0.090430,-0.025200,-0.011127,0.059408,-0.211208,0.011928,0.197276,0.017248,0.034100,-0.036017,-0.046683,-0.032559,-0.069057,-0.114036,0.067181,-0.021341,0.079106,-0.022515,0.014052,-0.019935,0.004131,0.103922,-0.017741,-0.026312,0.137487,-0.025076,-0.014217,-0.021649,0.025673,0.194407,0.003903,0.131397,-0.004375,0.009886,0.005595,-0.083306,-0.021440,-0.066156,0.010136,0.046014,0.016250,-0.062831,0.045722,-0.094219,0.011815,-0.078995,0.066201,0.084311,-1.123620,-0.045320,-0.018074,-0.000138,0.021742,-0.017154,0.006899,-0.017795,0.032781,0.002678,0.045720,-0.162847,-0.024262,0.011554,-0.050674,0.032524
-0.048429,-0.020169,0.103525,0.082690,0.105664,-0.051221,-0.042592,0.069923,0.045652,-0.121935,0.068975,0.043821,-0.002060,0.078893,0.036643,0.109355,0.047916,0.100185,-0.019840,-0.102682,0.018061,0.007973,0.010149,0.062374,0.004678,0.041787,-0.017086,0.021426,0.038606,0.017448,-0.055531,-0.071085,0.079492,0.201555,-0.115952,-0.053922,-0.018431,0.060786,-0.004458,0.032438,-0.013656,0.178512,0.013498,-0.009655,0.075931,-0.018775,-0.053693,-0.033731,0.098498,0.092944,0.060893,-0.016618,0.064562,-0.039238,0.104151,0.115413,-0.041050,-0.027893,-0.022491,-0.040507,-0.091907,0.006606,-0.032340,-0.016990,-0.049865,-0.038777,0.001507,0.073498,-0.037302,-0.022970,-0.060641,-0.000559,0.082306,-0.137405,-0.161216,-0.060226,0.062927,0.030069,-0.012331,0.015590,-0.005889,0.076030,0.039356,0.058033,0.051022,0.038334,0.046151,0.060315,-0.026902,-0.147447,-0.018420,-0.076375,-0.091790,0.005765,0.028878,0.044786,-0.009619,-0.007383,-0.045474,0.183789,0.001702,-0.033999,0.106138,0.021345,0.074268,0.042697,0.039249,0.020818,-0.200168,0.059176,-0.037411,0.223277,-0.012821,0.070487,0.130338,-0.101928,0.010828,-0.008922,0.019959,0.081507,-0.034841,-0.001491,0.013266,0.013014,-0.073018,0.031410,-0.016592,0.030747
-1.135607,-0.009035,-0.009280,0.018409,0.040729,0.035099,-0.030140,0.014497,0.028270,0.057761,0.034812,-0.023113,0.002729,0.029334,-0.008189,-0.013753,0.031130,0.032445,0.046128,-0.012339,0.006278,0.013012,0.029035,0.001082,-0.004212,-0.010579,0.127969,0.174623,-0.051095,0.201120,-0.039110,-0.037582,-0.031189,-0.020308,0.012278,0.027504,0.129696,0.068585,0.084172,0.030013,-0.039150,0.000317,0.073207,0.000549,-0.020468,0.000455,0.081505,-0.039945,-0.044384,-0.083734,-0.005810,0.039559,0.005390,-0.048811,0.041904,-0.019652,-0.036606,-0.194007,0.033236,0.026724,-0.030548,0.035770,0.060028,-0.031499,0.004610,-0.022020,0.043113,0.005057,-0.080116,-0.018207,0.045455,0.027822,0.038236,-0.044590,-0.008723,0.050770,-0.026467,-0.111759,0.510758,0.035714,-0.017183,-0.030193,-0.017004,-0.021578,0.007113,-0.038407,0.046200,0.021605,0.033709,-0.011679,0.024800,0.009962,-0.012887,0.029367,-0.026865,-0.055259,-0.002763,-0.099590,-0.082233,-0.040401,0.022318,0.042479,-0.093983,-0.084769,-0.002294,-0.044536,-0.003576,0.076554,0.044015,-0.137454,-0.038876,-0.062339,-0.013155,-0.003897,-0.004380,0.128643,-0.032985,-0.005003,-0.012615,-0.015115,0.051491,-0.044778,-0.050247,0.004554,-0.003713,0.029019,-0.010168,0.025971
-0.033381,0.072204,-0.075719,-0.012984,0.016850,-0.230579,-0.036097,-0.089422,-0.039134,-0.052144,-0.066849,-0.006904,0.039559,-0.040340,0.005620,-0.078789,-0.008099,-0.134991,0.018914,0.074235,0.000362,0.234429,-0.068292,0.090434,0.008428,0.006020,0.010024,-0.060471,0.015136,0.056303,-0.025338,0.085786,-0.007833,-0.015595,-0.004181,-0.018214,-0.220392,-0.017859,0.125244,0.037826,-0.004835,-0.016079,0.033910,0.040854,0.043902,0.000728,-0.025894,-0.014861,-0.015423,-0.057914,0.122128,-0.053384,-0.024358,0.013949,-0.029555,-0.043338,-0.005922,0.162489,-0.040223,0.025382,-0.044317,-0.033330,0.020152,0.048367,-0.147725,0.085112,0.190023,0.017937,0.188464,0.024691,0.075009,0.035330,-0.105233,0.076511,0.086036,0.021720,0.188810,-0.334842,0.175741,-0.011915,-0.855305,0.078128,0.098531,-0.020843,0.062640,0.114663,-0.033480,0.014721,-0.100533,0.118034,0.010461,-0.052788,-0.033532,-0.100852,-0.011458,0.051640,-0.004896,-0.032532,0.000997,0.003630,0.116623,0.061318,0.067759,0.045116,0.051493,0.013676,0.000350,-0.037216,-0.191860,-0.006179,0.073687,0.029688,-0.028594,0.003228,-0.018937,-0.047348,0.031377,0.085009,-0.044394,0.103632,0.024459,-0.043198,0.317729,-0.107321,0.002752,-0.085751,-0.041048,0.070402
0.184730,0.010936,-0.005668,-0.018992,-0.057646,0.059712,-0.024408,0.059822,0.033260,0.036366,0.067670,0.008080,-0.020517,0.036997,-0.011853,0.035212,0.000146,-0.022234,0.021502,0.006913,0.029817,0.040908,0.024856,0.017566,-0.013539,0.014684,-0.093318,-1.086285,0.010701,-0.018492,-0.004546,-0.048619,0.018895,-0.030597,-0.004934,-0.013796,0.151332,-0.044870,0.153731,0.010795,0.011214,0.023107,-0.021613,-0.051695,-0.096157,-0.015965,0.015965,-0.006068,0.055970,-0.014217,-0.011266,-0.005870,0.014281,0.010425,-0.022548,0.053841,0.025592,-0.235008,0.002494,-0.000583,0.069215,-0.004829,0.105149,0.008097,0.014976,-0.036636,0.066671,0.078269,-0.153110,0.016021,-0.130213,0.082255,-0.005153,-0.010898,0.019904,-0.045735,-0.092053,-0.179553,0.538946,-0.040025,0.020001,0.009423,-0.020080,0.028709,-0.003566,-0.003049,0.004312,-0.007103,0.010619,-0.027732,0.039384,0.014110,-0.024694,0.027549,0.000261,0.026864,-0.002046,0.070433,0.012538,-0.013057,-0.024764,0.038963,-0.016633,-0.077483,-0.008358,-0.102935,-0.021495,0.201174,-0.023662,0.022338,0.010100,-0.027817,0.067609,-0.040843,-0.015380,0.065520,-0.011312,0.045771,-0.104020,-0.001805,-0.036938,0.012333,-0.101600,0.021034,0.008452,-0.038818,-0.026293,0.151019
-0.024227,0.001587,-0.093607,0.073344,-0.012022,0.022872,0.010848,0.006906,-0.002877,-0.012875,-0.081026,-0.008330,0.031921,0.031699,-0.037840,0.003517,0.059837,-0.041852,0.000397,0.032870,-0.025613,-0.002466,-0.013791,0.014706,-0.013613,-0.017322,0.020553,-0.033294,0.115416,0.048609,-0.067468,0.021051,-0.005059,-0.024113,0.022826,-0.069219,-0.022916,0.037947,0.003756,0.082576,0.104559,0.091827,0.002560,0.007289,-0.031006,-0.010041,-0.006355,0.055689,-0.093563,0.094889,0.111232,-0.141780,0.063142,-0.096049,0.032811,-0.036848,-0.016081,0.027470,0.000701,0.047894,0.089647,-0.119595,-0.000332,-0.035624,0.023894,-0.033057,0.011747,0.009690,0.021985,0.048699,-0.051728,-0.005696,0.097008,0.150973,0.060801,-0.012321,-0.028497,0.009022,0.003583,0.120624,0.013434,-0.164489,-0.000512,0.115193,-0.028701,0.011996,-0.082787,-0.087298,0.026542,0.118009,0.014379,0.010094,-0.019871,0.009876,-0.010714,-0.004762,0.025201,0.071153,0.070444,0.050951,0.047831,-0.097925,-0.105474,0.021845,0.037302,-0.036919,-0.110426,-0.012418,-0.062265,-0.039860,-0.102359,-0.010950,0.041350,0.110635,0.097382,0.039394,0.047330,-0.006335,-0.024863,0.018729,-0.056771,-0.014835,0.000848,-0.036066,0.203946,0.004987,0.010450,0.019046
0.014374,0.083246,0.034157,0.074520,-0.020281,0.109625,-0.044445,0.031184,-0.167523,0.009627,0.037395,0.039456,0.024122,0.036752,0.069063,0.070015,-0.016828,-0.103148,0.171757,0.056060,-0.138324,-0.002839,0.115949,0.075451,-0.011654,0.029665,-0.019126,-0.039817,-0.041008,-0.064787,0.023324,0.011375,0.038100,0.108012,0.056584,0.070978,-0.089587,-0.052693,0.069762,-0.012932,-0.018893,0.042966,-0.059935,0.163980,-0.044746,0.016724,0.049420,0.068597,0.026955,0.094001,0.058129,-0.064466,-0.008355,0.106677,0.046247,0.046050,0.033815,0.093880,0.025354,-0.376860,0.121597,0.042808,0.080149,-0.035985,-0.027090,-0.097059,0.056485,-0.114190,-0.043633,0.035795,0.453960,-0.112685,0.067911,0.139756,0.003722,-0.021380,-0.007682,0.209706,0.115763,0.238726,-0.009350,-0.010346,0.005668,0.014253,-0.031956,-0.018138,0.075332,0.006050,-0.029439,0.361920,-0.069333,0.036330,-0.017450,-0.121673,0.036801,-0.088548,0.019084,-0.006937,-0.036735,-0.041642,0.067592,0.075219,0.135985,-0.145066,-0.098921,0.247506,0.067950,-0.057634,-0.039081,0.108639,0.025719,-0.010228,0.012472,0.002355,0.061427,0.085621,0.082118,-0.160094,-0.117240,-0.027078,-0.103280,-0.077247,0.097501,0.005475,0.041945,0.120442,0.034511,-0.080458
0.146838,0.051317,0.024147,0.036258,0.002186,0.356190,0.097168,-0.030989,-0.063429,0.079758,0.134636,0.030197,0.010362,0.056804,0.027576,-0.020580,-0.040981,0.034170,-0.002854,0.067149,-0.044710,0.224483,0.049085,0.048034,0.011159,0.068536,0.101240,0.240618,-0.007182,0.106415,0.015725,0.006409,0.097120,-0.032170,0.021982,0.003546,0.145954,0.014038,0.172099,0.049275,0.102067,0.058535,0.055992,0.041228,0.000157,0.000019,-0.009739,0.013436,0.010103,0.001252,0.011527,0.058228,0.055305,0.032404,-0.006084,-0.013780,0.051624,-0.008671,-0.026339,-0.009422,-0.036919,0.040717,0.276520,0.106218,-0.163441,0.089575,-0.071484,-0.006502,0.105546,0.010716,-0.083173,0.133816,0.017995,-0.064007,-0.014520,-0.002943,0.038912,-0.135362,0.061375,0.018554,0.111723,0.020306,0.015503,0.017370,-0.034758,-0.081142,0.043193,0.027168,0.190456,0.050952,-0.047214,0.127938,0.064173,-0.059650,0.027382,-0.061040,-0.002247,0.006523,-0.012903,0.011929,0.056903,0.082879,0.032486,0.007854,0.018285,0.004419,0.025384,-0.102585,-0.049671,0.010293,0.012346,0.058431,0.088772,-0.050980,0.029890,0.104976,-0.003846,-0.042451,-0.231352,-0.038236,-0.000644,0.121799,-0.131760,0.002686,0.005662,-0.052102,0.065122,0.241800
-0.025224,-0.010393,-0.077078,-0.024203,-0.044843,-0.025647,-0.004131,0.137761,0.094286,0.044486,0.139528,0.056733,0.044884,-0.077588,0.024074,-0.121311,0.029783,-0.049264,-0.121415,0.035676,-0.040387,0.035688,-0.012216,-0.104453,-0.014606,-0.020712,-0.090203,-0.013815,-0.013830,0.016994,0.066057,0.106351,-0.090887,0.025753,0.149811,-0.068737,0.060212,0.079620,0.001459,-0.005167,-0.001497,0.077797,0.032743,0.004574,0.110136,0.012273,0.032511,-0.093518,0.121890,-0.124717,-0.053698,-0.051816,-0.032494,-0.024576,0.121002,0.014624,0.127183,-0.016031,0.010468,0.012760,-0.211773,0.061639,0.006718,-0.020987,-0.012640,0.013539,0.057196,0.022000,-0.010562,-0.043106,0.023972,0.051885,-0.073371,0.057736,0.047510,-0.204824,0.013723,0.009555,0.027957,0.018767,0.027070,0.037811,0.032536,-0.067576,-0.000663,-0.011436,-0.051426,0.077928,-0.006840,0.012932,0.073115,0.011553,-0.111047,-0.007966,0.036590,0.037848,-0.000890,0.078849,0.064995,0.001538,-0.005975,0.114234,-0.072278,0.047015,-0.038630,0.052770,0.077129,-0.015395,0.115310,0.075485,0.007408,0.059713,-0.006598,0.128797,0.008939,0.063143,-0.098065,-0.051400,-0.004731,-0.062598,-0.045547,0.145578,-0.015524,-0.023180,0.068542,-0.057198,-0.059076,0.030608
-0.000755,-0.014775,-0.114796,0.000971,0.101797,-0.005315,-0.001946,0.015859,-0.031815,-0.016025,-0.119123,-0.058154,0.079266,-0.050224,0.046381,0.000809,-0.061174,0.154359,0.063958,0.000486,0.001995,0.003808,-0.014994,-0.007095,-0.037304,0.031779,-0.135988,-0.012560,0.003052,0.075467,-0.021553,0.029308,-0.007177,0.014953,-0.046850,0.046909,0.025648,0.022112,0.005438,0.032432,0.025993,0.143652,-0.003048,-0.002037,0.062868,0.030994,-0.042112,-0.059943,0.022217,-0.024264,0.052120,0.002981,-0.108858,-0.084406,-0.061997,0.071675,0.207716,-0.028774,0.003341,-0.149678,0.072697,0.006929,-0.037418,0.089826,0.036368,-0.036841,0.012856,-0.128537,0.008155,-0.076163,0.011550,-0.012568,0.030073,-0.292633,-0.053947,-0.066267,0.025637,0.051923,0.037657,0.009062,0.020171,0.002078,-0.015033,0.006619,0.097119,-0.010844,-0.028585,-0.063131,-0.000494,0.128414,0.027619,0.017130,0.148026,0.044636,0.165023,-0.010699,0.011628,0.034585,0.069153,0.072868,-0.010186,0.004652,-0.114441,0.018912,-0.017151,-0.034557,0.119240,-0.022832,0.017996,0.064056,0.012250,-0.064912,0.038578,-0.006886,0.275788,-0.085324,-0.031517,0.215158,0.034981,-0.013421,-0.065812,-0.001886,0.003073,-0.025282,-0.041860,0.087726,0.138248,-0.031183
-0.068519,0.042251,0.206529,0.075266,-0.064465,0.027390,0.075881,0.083361,0.182269,-0.021147,-0.050800,0.032625,-0.013148,-0.010020,0.092012,-0.009480,0.001317,-0.045242,0.057329,-0.096999,0.011812,-0.017438,0.016122,-0.118003,0.030521,-0.034102,-0.048999,-0.030028,-0.022557,-0.060924,-0.040625,-0.074079,-0.035437,0.030260,0.023719,0.011082,0.004158,0.057375,0.020298,-0.001079,-0.044350,0.030491,-0.052331,-0.030370,-0.146405,-0.005879,0.073885,0.069097,-0.095270,0.126747,0.017689,-0.000402,0.001238,-0.124430,0.242674,0.004842,0.036012,0.031931,-0.048834,-0.046957,-0.035115,-0.049724,0.009667,0.002550,-0.009795,0.103496,0.026517,-0.052084,-0.008166,0.055094,-0.054886,-0.004675,-0.039409,0.041527,-0.001416,0.011164,-0.103943,-0.010160,0.002709,0.003776,-0.020579,0.047123,0.005916,-0.005335,0.048676,0.019192,-0.002150,-0.104500,0.005605,0.121001,0.026111,-0.013448,0.030504,-0.037037,0.032978,-0.146454,-0.007227,-0.016030,0.005933,0.091108,-0.004906,0.005297,0.063682,0.053589,-0.011449,-0.021349,-0.029068,-0.009859,0.024942,0.017105,0.033060,0.111463,0.025579,0.013763,-0.116672,-0.049154,0.090404,-0.270647,-0.058463,-0.000319,-0.061313,-0.158121,0.010983,-0.052122,0.057652,-0.093866,-0.077839,0.029189
0.178662,0.061044,-0.004763,0.042324,-0.079409,0.267986,0.001330,0.092760,0.257277,-0.041070,0.035897,0.031663,0.003135,0.053748,0.013689,-0.004883,0.010727,-0.051543,0.044575,-0.108267,-0.017989,0.003819,0.084777,-0.034758,0.030447,-0.022982,-0.043185,0.059752,0.000642,0.572347,0.017564,-0.002860,0.052254,-0.063734,0.027761,0.087574,0.016275,0.079659,-0.090668,-0.101610,-0.220605,0.052961,-0.081608,-0.094392,0.106957,-0.005538,0.069979,0.114891,-0.151637,0.143061,-0.037921,0.081343,0.077374,0.047876,0.052196,0.016190,-0.019269,-0.005350,0.026761,0.066340,0.067812,0.027203,0.101961,0.132014,-0.200789,0.037054,-0.141003,0.012633,-0.115517,0.031857,0.095826,0.116890,0.046343,0.010101,-0.042573,-0.099981,-0.016228,-0.012215,0.070701,-0.032236,-0.065243,-0.013380,-0.025788,0.081401,0.013119,0.132942,-0.165396,0.067424,0.091562,-0.010406,0.013352,-0.048213,-0.044859,-0.262583,0.099290,-0.121392,-0.004211,-0.021728,0.010858,0.035116,-0.042365,-0.130587,-0.014653,-0.189167,-0.016063,0.177469,0.053845,-0.037976,-0.057503,-0.009535,0.038420,-0.060594,0.023233,0.057875,0.006913,0.040679,0.054899,-0.031773,-0.058554,-0.054484,-0.093080,0.079021,0.247443,-0.185717,-0.056168,0.024563,0.096062,0.116612
0.005454,-0.039496,-0.120775,0.064920,0.053694,-0.003609,-0.066466,0.136328,0.078488,0.028679,0.042304,0.087365,0.017812,0.048225,-0.047703,-0.004799,0.028475,-0.227117,-0.031067,0.049579,0.040324,0.046705,-0.015882,0.004838,0.048415,-0.136174,-0.017830,-0.028909,0.046708,0.064824,0.056593,0.147438,0.001919,0.100509,0.060499,-0.011928,0.015946,0.044618,-0.034987,-0.097052,-0.116797,-0.154100,0.053306,0.006634,0.070154,0.041667,-0.024663,0.076994,0.050246,0.125392,-0.004558,0.083094,-0.008484,-0.079249,-0.063393,0.100207,-0.025338,0.026033,0.031695,0.168722,-0.024587,0.043784,0.009220,0.086149,0.043543,-0.157077,0.016333,-0.002870,-0.004240,0.046304,-0.037088,0.013542,0.045204,0.084816,0.022787,0.062694,0.009053,0.033433,0.062365,0.048842,0.003200,-0.064855,0.077007,0.031408,0.017839,0.004764,0.009820,0.067111,0.022581,-0.030591,-0.033552,0.021044,0.024155,0.012032,-0.013805,0.030261,0.000660,-0.017262,-0.069795,0.063251,-0.013879,-0.032302,-0.092871,-0.041925,0.082057,0.007752,0.071482,0.002438,0.001082,0.085228,-0.002839,0.165650,-0.006194,-0.007393,0.135740,0.024370,-0.009689,0.077625,0.010923,-0.090992,-0.163603,-0.021421,-0.020271,0.056074,0.140895,0.132242,-0.039838,-0.009779
-0.008136,-0.021876,0.056477,-0.062586,0.106090,0.002371,-0.197835,-0.047635,-0.009405,-0.181713,0.108435,0.015435,0.057467,0.137882,-0.030327,0.024651,-0.056395,-0.058552,0.011935,0.201968,0.047993,-0.030287,-0.028452,-0.069359,0.038681,-0.001870,0.019646,0.024922,0.122814,0.025439,0.018608,0.028876,0.032550,0.011862,0.075625,-0.075224,0.000781,0.008125,0.014568,0.122866,0.061262,0.071211,0.015888,-0.002639,0.046722,-0.021889,-0.046466,-0.037312,0.029890,-0.109044,0.018230,-0.014041,-0.098129,-0.109144,-0.083568,-0.024892,0.009302,-0.031190,-0.010236,-0.005146,0.051804,-0.049993,-0.029523,0.017004,0.000840,-0.041130,0.014007,0.037558,-0.000292,-0.045045,-0.135316,-0.033676,-0.032939,-0.011226,-0.073945,0.045075,-0.047260,-0.030350,-0.073562,0.007831,-0.015229,0.061009,-0.006234,0.246861,-0.032588,-0.012813,0.046630,-0.055882,-0.045540,-0.062596,0.013239,0.040672,0.053161,0.029310,0.042981,0.139972,0.000999,0.019509,0.005123,0.157394,0.024985,0.093183,0.248731,0.010915,-0.004443,0.039412,-0.064287,0.016224,-0.115105,0.123145,0.153716,0.207729,0.056247,0.159849,0.051437,0.133508,-0.048649,0.121438,0.052244,0.096499,-0.014976,0.100250,0.016111,-0.011945,-0.023733,0.057484,-0.107456,-0.026118
-0.097035,0.109303,-0.016725,-0.022359,-0.076120,0.045217,0.026081,0.001178,-0.020479,0.020389,0.013091,0.039435,-0.085915,0.009140,-0.052003,0.013279,-0.029463,-0.098115,-0.062905,0.016849,0.055439,0.064016,0.044555,-0.031939,0.020893,-0.066903,-0.085014,0.051725,0.030209,-0.099826,0.070678,0.034769,0.093684,0.026112,0.030179,0.081162,0.117780,0.021039,-0.205626,-0.077165,-0.013500,-0.046065,-0.137963,-0.058431,-0.060080,-0.000959,-0.049307,0.029987,0.059079,-0.012424,-0.026063,0.053713,0.018168,0.133461,0.022490,0.040292,0.039282,0.074484,-0.044109,0.062071,0.045839,-0.043891,0.099159,-0.057210,-0.185529,0.039240,-0.050509,-0.032716,0.034219,0.008764,-0.016368,-0.017157,0.048763,-0.033905,-0.034061,-0.066145,-0.059804,0.081952,0.047587,-0.029184,0.066419,-0.011657,-0.013426,-0.038717,-0.069555,-0.049447,0.140281,0.027946,-0.083317,-0.007102,-0.051245,0.015776,0.050104,0.151143,0.017538,0.076935,0.023947,0.055141,0.107296,0.027254,-0.010538,0.048572,0.038903,-0.010881,0.048216,0.134624,0.043905,0.142117,-0.224971,0.134908,-0.023369,0.048716,-0.116528,0.056546,0.034154,0.001575,-0.058241,0.028051,-0.191738,-0.056438,-0.156228,0.016472,0.064622,0.101061,-0.093171,-0.012609,0.004879,-0.028016
-0.146038,-0.009173,0.016034,-0.003959,-0.027460,-0.014918,0.105807,-0.021075,0.001915,-0.014306,-0.103078,-0.004086,-0.009244,-0.006071,0.034448,-0.042270,-0.020057,0.070192,0.022878,-0.004160,0.051320,0.372498,0.069573,0.000891,-0.033452,0.009431,0.018807,-0.263870,-0.027853,0.107858,-0.045981,-0.002422,-0.023510,-0.032080,0.015784,-0.055914,0.258349,0.033859,0.074256,-0.012421,-0.146117,-0.006180,-0.094292,0.212830,0.037861,-0.039630,0.040334,-0.005971,-0.046233,0.043292,-0.048964,-0.011127,-0.028316,-0.037844,-0.032142,-0.021903,-0.006519,0.302285,-0.082482,0.007537,-0.009794,0.003819,-0.084153,-0.000934,-0.146508,0.087133,0.020105,0.081620,0.240835,-0.012628,0.131498,0.032641,0.001837,-0.034915,0.000256,-0.018511,0.297934,0.285852,-0.428961,0.012506,0.130226,-0.014632,-0.004552,0.015996,-0.051113,0.000577,-0.042297,-0.026801,0.062554,-0.033641,0.013508,-0.016984,-0.042473,0.046092,-0.088823,-0.027861,-0.010955,-0.017969,-0.070231,0.046667,0.010868,-0.034259,-0.035519,-0.067403,-0.024488,-0.000008,-0.031392,0.129849,0.036165,-0.007805,-0.015125,-0.036353,0.059187,0.018686,-0.022655,0.147975,0.047100,-0.020144,0.079164,-0.093973,-0.002878,0.068493,-0.023947,-0.091662,-0.033117,-0.020469,0.013647,0.114797
-0.012601,-0.026605,-0.021781,-0.088928,0.178427,-0.002954,0.078640,0.005310,0.000192,0.140501,0.159080,-0.088783,0.017286,0.011072,0.026465,0.006751,0.047961,-0.069591,-0.145421,-0.072797,-0.017851,0.000914,0.011519,0.110712,-0.083788,-0.037381,0.006789,0.002468,-0.034351,-0.046939,-0.009797,-0.013814,0.083754,0.197422,-0.106107,-0.010004,0.012738,0.136216,-0.006239,0.003843,-0.051592,0.097362,0.157854,-0.043525,-0.046196,0.027578,-0.021841,-0.064273,0.072458,-0.034880,0.082068,-0.064928,-0.026750,0.113404,-0.035079,0.000531,0.023358,0.010390,-0.021820,-0.027495,0.054627,0.051875,0.008909,-0.019041,-0.054596,0.077617,-0.007436,0.085922,-0.012753,-0.067773,-0.062102,-0.003598,0.205312,0.013329,-0.211742,0.148943,-0.009154,0.024976,0.019264,-0.025659,0.016300,-0.029950,0.055476,-0.011075,-0.053030,-0.047407,0.065352,0.015629,0.012429,-0.115154,-0.033114,-0.015834,-0.132515,-0.019993,-0.113611,-0.156979,0.009701,0.024650,-0.017054,-0.031534,0.026297,0.141506,0.049302,0.080314,-0.062103,-0.018875,0.020130,-0.009719,0.084885,-0.065865,0.008129,0.162926,0.012261,0.014058,0.029838,-0.011014,0.101009,0.056662,-0.009167,-0.079407,-0.075982,0.035323,0.011675,-0.044299,0.014639,0.011018,-0.045153,0.024302
0.027639,0.089957,-0.030236,0.033344,-0.084031,-0.189007,-0.198205,0.128628,0.019122,0.056368,0.089339,-0.007609,0.010670,-0.020077,0.019796,-0.004559,-0.082198,-0.118526,0.063730,-0.002333,-0.028332,-0.306739,0.007711,-0.012972,-0.007940,0.010324,-0.010165,-0.018212,-0.073784,0.210911,-0.019324,-0.023854,-0.040104,0.028811,-0.047452,0.058537,-0.040667,-0.132720,-0.195298,-0.081505,0.102779,-0.061024,0.125290,0.220980,-0.078237,-0.022274,-0.007991,0.023222,-0.070388,-0.043598,-0.029388,0.022569,-0.051037,-0.031219,0.104090,0.084107,-0.034672,0.089514,-0.066822,-0.009094,0.046679,0.024427,0.276992,0.032922,-0.220205,-0.295341,0.179402,-0.130190,0.280972,-0.007228,0.075535,0.146187,-0.002450,-0.009577,-0.002944,-0.015410,-0.111654,-0.157480,-0.109634,-0.036320,-0.002405,-0.080622,-0.037621,0.024522,-0.031167,-0.002039,-0.055175,-0.050355,-0.149972,-0.021917,-0.028202,0.118118,-0.080701,0.302341,0.036236,-0.089577,-0.015706,-0.054265,-0.058436,-0.278879,-0.001761,-0.119714,0.056254,-0.001649,-0.025850,0.106999,0.035487,0.214996,0.052514,-0.036836,0.029404,-0.155497,0.152400,0.007698,-0.009883,-0.051279,-0.012505,0.038739,0.516002,-0.092545,0.016564,-0.160673,-0.115764,0.109716,0.000728,0.006075,-0.064648,-0.003897
0.068118,-0.041084,-0.036945,-0.048432,0.057148,0.058571,0.112046,-0.110824,-0.150885,0.029299,0.032027,-0.098922,0.137628,-0.119701,-0.087325,-0.000639,0.080674,0.084413,-0.057496,0.154306,-0.008297,0.085117,-0.063693,-0.023831,-0.070101,-0.093690,0.198030,-0.015836,0.039933,0.047401,-0.010983,0.034435,-0.043717,0.035795,0.041084,-0.065976,0.089023,-0.013725,-0.220015,0.073860,0.079510,0.000712,-0.190310,0.008976,0.006217,0.052694,0.028022,-0.052492,-0.039466,-0.139339,-0.061050,-0.118207,-0.067343,-0.030509,-0.062163,0.114480,-0.079019,-0.048945,0.090976,-0.140421,-0.018980,-0.003570,-0.035651,-0.021690,0.007115,0.050158,-0.014321,-0.027351,0.106810,0.004411,-0.008417,0.013674,-0.037291,-0.088944,-0.069629,0.171821,0.048315,0.080037,0.055414,-0.012554,-0.137608,-0.098580,-0.021488,0.059068,0.023603,-0.112956,0.036502,0.015032,0.139374,-0.116869,-0.020657,0.221118,0.126277,-0.009953,-0.141771,0.052122,0.000474,-0.104796,-0.041897,0.037771,-0.030583,0.097264,0.087051,-0.621600,-0.007648,0.029551,0.004236,0.063966,0.083803,-0.156626,0.047091,0.084165,-0.028267,0.051111,-0.066791,0.053667,-0.108462,-0.035404,0.067743,0.047886,0.176090,0.031971,0.092934,-0.025595,0.044842,0.036263,0.079361,-0.061295
-0.087260,-0.046546,-0.081344,-0.008913,0.005802,0.024079,0.073659,0.017598,-0.029513,0.044120,0.053274,-0.061798,0.032252,0.088875,-0.047914,0.007913,0.068884,0.016838,-0.040814,0.037158,0.091980,0.087284,-0.109966,-0.011968,0.008066,-0.081382,0.069131,0.061331,0.002367,-0.045871,0.023088,0.009967,0.062291,0.020028,0.030078,0.014927,0.092110,-0.138791,-0.031550,0.003524,-0.020850,0.040449,0.007339,0.052442,0.004509,0.004546,-0.043626,-0.012660,0.044056,-0.000242,0.020484,-0.089737,-0.034513,-0.078717,-0.168794,0.059351,0.012047,-0.056706,-0.020672,-0.063376,-0.025644,-0.040676,-0.034828,0.053847,-0.020092,0.000475,0.033060,0.080612,0.059199,0.033726,-0.008141,0.039771,0.040850,0.040327,-0.005312,-0.075252,-0.042543,0.030812,-0.028034,-0.041840,0.052975,-0.014602,0.046290,-0.009288,0.019141,1.200674,-0.014089,0.000197,0.044825,0.000274,0.012298,-0.004976,-0.001536,0.101186,0.054116,-0.055717,0.008655,-0.007294,-0.072221,-0.043797,0.043934,0.019117,-0.017165,0.083631,0.020716,-0.003391,0.028118,-0.009305,0.013730,0.087492,0.033686,0.029379,0.096440,-0.046744,-0.017674,-0.001979,-0.005676,0.009523,-0.068882,0.043619,-0.021740,-0.008764,-0.075931,0.020417,0.042221,0.059206,0.026133,-0.011768
0.068834,0.054879,0.032650,-0.023291,0.069746,-0.020269,0.049868,-0.024276,0.044843,-0.046418,-0.053740,-0.041524,0.052430,0.059059,0.024590,-0.012337,0.017801,-0.077377,0.038358,-0.023574,0.019503,0.104084,-0.043975,-0.005879,0.013611,-0.050278,-0.110261,-0.086602,0.069130,0.191730,0.019475,0.029469,-0.065382,-0.024245,0.008098,-0.023529,-0.009581,0.044182,-0.129637,0.053679,-0.071551,0.014827,0.066339,0.260172,-0.009515,0.004798,-0.006229,0.027638,0.013217,0.048709,0.025424,-0.007357,-0.039172,0.048297,-0.060050,-0.039698,0.043155,0.128776,0.194795,0.002765,-0.012115,-0.021917,-0.136437,-0.097758,-0.077396,0.082096,0.098090,0.059022,0.131188,0.029039,-0.010967,-0.200665,0.090392,-0.020864,0.091468,0.017058,-0.088756,0.108663,0.152140,-0.017737,0.023768,0.061781,0.047349,0.031940,0.008284,-0.029799,-0.007896,0.001714,0.013957,-0.016275,0.055745,-0.033222,-0.095652,0.058106,-0.061970,0.144265,-0.002736,0.082158,-0.015688,0.037449,0.071970,-0.033310,-0.099761,0.114927,0.018283,0.207914,-0.028921,0.176354,-0.092543,-0.042510,-0.022709,0.008629,-0.093596,-0.037540,0.017813,-0.193533,0.000291,0.033113,0.085061,0.013583,-0.014483,0.002976,-0.104549,0.019302,-0.055713,-0.057417,0.039835,-0.034839
-0.007113,-0.090310,-0.036681,-0.000448,0.015071,0.299656,0.019389,-0.055058,0.017104,-0.061767,-0.069833,0.015699,0.001615,0.086554,-0.026114,0.023224,-0.020337,0.075934,-0.067660,-0.039847,0.036627,0.303429,-0.034130,-0.017417,-0.021855,-0.006889,0.005476,0.059525,0.044728,-0.121336,-0.011369,-0.040645,-0.035836,0.021936,0.020811,0.012659,-0.076817,-0.025540,-0.085841,0.007081,0.143611,-0.029744,-0.020167,-0.050249,0.078854,-0.000503,-0.040256,0.005220,0.063036,0.011940,-0.019285,0.043322,-0.002595,0.002262,0.034040,-0.084288,-0.001345,-0.164574,-0.134692,-0.004361,-0.045833,0.013258,0.515653,-0.083142,0.129486,0.067397,-0.106620,0.021510,0.418288,-0.002467,-0.113143,0.239341,-0.041772,-0.044848,0.016521,0.011098,0.009593,0.113225,0.127443,-0.040648,-0.003003,-0.013347,-0.032198,-0.001796,-0.002778,-0.026424,-0.127909,-0.000258,-0.066476,-0.029122,0.002957,0.042382,-0.010550,-0.054852,-0.055417,0.012987,-0.009391,0.066120,0.018258,-0.045416,-0.060594,-0.009498,0.013549,0.243477,-0.013846,-0.058377,-0.011932,-0.240326,-0.015842,0.031272,-0.031688,0.047136,-0.064355,0.003011,-0.000106,-0.069898,-0.018888,-0.084568,0.343851,0.038862,-0.030649,0.062136,0.202745,-0.024372,0.001534,-0.075638,-0.057345,0.248130
-0.060185,0.018965,-0.137345,-0.068921,0.077872,-0.051848,0.012982,0.046191,0.071492,-0.012028,0.017439,0.043642,0.023859,0.087236,0.021995,-0.039079,0.009065,-0.005910,0.054162,0.127920,0.007392,-0.009441,-0.003785,-0.063611,-0.084468,0.100867,-0.071809,-0.034092,-0.110068,0.025783,-0.021391,0.003847,0.005727,-0.082314,-0.134707,-0.057696,-0.038096,0.110999,0.005880,-0.072387,0.022833,0.010154,0.094766,0.003710,-0.035339,0.018759,-0.026338,-0.031579,-0.030644,-0.034686,0.007400,-0.098277,-0.170316,0.117459,0.169992,0.012825,0.063492,-0.009004,-0.096374,0.143410,-0.017937,-0.000411,-0.037809,-0.000870,0.013180,0.003952,0.042139,0.073207,-0.016477,0.019031,-0.016092,-0.048482,-0.042210,-0.092145,0.005118,0.011674,0.031216,0.074028,0.022112,-0.135305,0.006546,-0.032041,0.078757,-0.119758,0.050867,0.003132,-0.005712,-0.121095,0.018563,0.131065,0.075734,-0.043970,0.071216,0.043529,0.069321,-0.032545,0.005065,-0.003279,-0.096963,0.014093,0.044869,-0.215935,-0.151287,0.026705,-0.067977,0.086984,0.039398,-0.016419,0.129977,-0.102082,-0.037648,0.117059,0.051529,0.046601,0.107932,-0.027060,-0.002918,-0.115241,0.016988,0.180572,-0.017262,0.048064,-0.039399,0.024720,-0.162358,0.019586,-0.074435,0.076737
-0.001186,-0.000532,-0.006054,0.000923,-0.015544,-0.005552,0.010674,0.000441,0.013493,-0.009177,-0.004368,-0.002284,0.004643,-0.018677,0.016452,-0.001119,-0.004049,0.005216,-0.017982,0.014462,0.002465,0.001771,-0.000891,0.014923,-0.007566,-0.019020,-0.005547,-0.001084,-0.010940,0.000577,0.003919,0.001276,0.000114,-0.005355,0.004367,0.003849,-0.001745,0.004999,0.001260,-0.003985,0.000341,0.009606,0.004830,0.006388,-0.007470,0.003050,-0.003807,0.000868,-0.003178,-0.000875,-0.000780,0.024057,-0.000470,-0.010739,-0.003295,0.008332,-0.014384,0.004597,-0.003177,0.000754,0.004407,0.020988,0.001741,-0.000728,-0.003011,-0.007369,0.008170,0.000338,-0.002077,-0.012926,-0.003879,-0.002411,0.003538,-0.000236,-0.008174,0.003783,-0.000542,0.008713,0.004910,0.012676,-0.000281,0.005650,-0.005879,-0.011506,-0.003410,-0.000107,-0.000509,0.011436,0.002444,-0.001479,0.002611,-0.004226,-0.012765,-0.001191,-0.005260,-0.005603,0.023699,0.007155,0.005838,-0.006024,0.000650,0.006063,0.008259,0.001485,-0.001400,0.003608,0.004195,-0.005895,-0.006320,-0.000073,-0.009047,-0.003495,-0.000278,-0.005783,0.005747,-0.003463,0.018397,0.000328,-0.001335,0.005609,0.014233,-0.002847,-0.000128,-0.000914,0.000744,-0.000085,-0.003197,0.002077
-0.095944,-0.007623,-0.051860,-0.045986,-0.188423,-0.094419,0.115101,-0.023454,-0.129777,0.048797,-0.158309,0.051223,-0.065324,0.049832,-0.137234,0.075746,0.138874,-0.013071,0.016497,0.017698,-0.016167,0.067542,0.000953,-0.005810,0.068876,0.102065,-0.107178,-0.077763,0.031899,-0.013014,-0.053564,0.046036,-0.032912,-0.209191,0.005883,-0.028993,-0.074471,0.030969,0.082721,0.023589,-0.080550,-0.047300,0.017649,-0.121634,-0.017808,-0.011185,-0.052314,-0.107191,-0.005657,-0.119024,-0.225854,0.029804,0.050372,-0.141541,0.061504,-0.147746,0.164606,-0.115899,-0.043930,-0.257858,-0.096813,-0.104192,-0.017573,0.011043,0.027811,0.126240,-0.012852,-0.001822,0.041356,-0.091020,0.194171,-0.077440,0.088378,0.190001,-0.121526,-0.072655,0.052946,-0.056884,-0.131470,0.314151,-0.034161,-0.024239,-0.096315,0.008114,0.073660,-0.068012,0.002944,-0.017964,0.225231,-0.029523,-0.004260,0.064223,-0.046001,0.171926,0.326606,0.010508,-0.017605,0.042532,-0.038973,-0.035252,0.034815,0.120361,0.115009,0.198581,0.062609,-0.102038,-0.052396,0.009578,-0.114797,0.037313,0.019281,0.095473,0.015764,0.028720,0.241098,-0.073726,-0.098579,-0.054623,0.070113,0.128455,-0.050528,0.121881,-0.040682,-0.104298,0.287261,-0.078374,-0.216773,-0.000791
0.078497,-0.013359,0.063864,-0.055963,-0.046313,-0.096695,-0.010002,-0.007336,0.091847,0.049178,-0.238233,0.003806,-0.038422,0.177693,-0.056487,0.111385,0.137903,0.092761,-0.020235,0.019934,-0.023731,0.117663,-0.009011,-0.276532,0.110491,0.072475,-0.028584,0.052223,-0.067619,-0.047663,0.034064,0.019411,0.137002,-0.081744,0.223518,0.091419,0.059890,-0.048579,-0.161605,-0.090239,-0.103318,-0.065448,0.162614,-0.030669,-0.218405,-0.048077,0.111618,-0.081140,0.143488,-0.143025,-0.025312,0.010584,0.055881,-0.141786,0.000454,-0.092773,0.013111,0.202116,-0.026101,0.120264,0.058470,-0.069566,0.119294,0.001638,-0.071335,0.010820,-0.023512,-0.058905,0.061269,-0.009383,0.168660,-0.078350,-0.029836,0.045020,0.034450,0.006609,-0.063501,0.081696,0.184175,-0.080172,-0.012017,-0.171201,-0.146441,-0.014295,0.148873,0.083048,0.058196,-0.105958,0.080483,-0.104061,0.001411,-0.004463,-0.081535,-0.246913,0.035405,0.003263,-0.013538,0.078973,0.057273,0.080203,-0.047398,-0.085114,-0.112933,-0.096689,0.141758,0.027313,-0.000844,0.006067,0.271755,-0.039814,-0.032072,0.007781,-0.031541,-0.107442,0.064085,-0.108272,-0.077455,0.052410,-0.168527,0.257084,-0.024760,-0.193120,-0.102399,0.072131,0.106940,0.026928,0.022690,0.003753
-0.000311,-0.017445,0.017269,-0.112711,-0.007119,0.003489,0.033064,0.059563,0.013746,0.012118,-0.044539,0.074478,-0.059184,0.106411,-0.043600,0.083566,0.067407,-0.030544,-0.023197,-0.114966,0.032338,0.008421,-0.003706,0.005207,-0.013928,0.100044,0.023805,-0.011325,-0.053685,0.016242,0.022723,0.001770,0.031266,-0.067515,-0.101264,0.006468,0.023618,0.026597,-0.000416,-0.067529,0.024365,0.015399,0.008610,-0.010128,0.017283,-0.020473,-0.042112,-0.069262,0.049582,-0.164788,0.088134,0.090764,-0.017914,0.029879,-0.003429,0.008143,-0.021987,-0.011011,-0.040329,-0.013107,-0.035259,-0.005926,-0.004333,0.037829,-0.007734,0.024771,0.014505,0.036296,-0.016356,-0.051467,-0.018587,0.005899,-0.043018,0.018405,-0.152698,0.063477,0.035888,-0.014777,-0.000596,0.027948,0.009610,0.016202,-0.027726,-0.163724,0.018531,0.031827,0.020304,-0.029628,-0.020250,0.089345,0.029672,-0.038045,-0.038364,-0.015997,0.065145,0.016826,0.003287,-0.012434,0.074761,0.008999,-0.013189,0.043024,0.012872,0.009746,-0.046777,0.015955,0.027766,0.001522,-0.004982,0.017432,-0.049980,-0.004969,-0.022317,-0.021554,0.013293,-0.084811,-0.144559,-0.024007,0.015307,-0.097579,0.094575,0.000015,0.001191,0.003383,0.047536,0.025150,0.046387,0.013226
-0.049892,-0.015793,0.069587,0.122972,0.114724,-0.030382,-0.128589,-0.003376,-0.051316,-0.047029,-0.130655,0.094459,-0.024106,0.223237,-0.050535,0.106174,-0.054857,-0.022023,0.036416,0.076785,0.022990,0.022849,0.016869,0.098433,0.048077,0.102129,0.111126,0.027318,-0.001174,-0.010589,0.103693,0.089994,-0.018854,-0.019652,-0.081762,0.005291,-0.036760,0.107127,-0.012831,0.012968,0.015090,-0.014875,0.007938,0.016514,0.055955,-0.014781,0.004524,0.008391,0.173266,0.012759,-0.051062,0.041994,0.023198,0.109939,0.152253,0.039337,-0.001692,0.001938,0.025701,-0.206968,0.123442,-0.085207,0.028836,0.041138,-0.003620,-0.125553,0.044916,0.038553,0.012545,0.045061,-0.025894,0.019624,0.024373,-0.143287,-0.002472,0.056764,-0.008268,0.004874,-0.022360,0.118979,-0.071639,0.069804,-0.089504,-0.078035,-0.090524,-0.001041,-0.025782,-0.015053,-0.044414,-0.032136,0.089835,0.027061,0.024739,0.001716,0.074042,0.012905,0.001275,-0.119170,0.148342,0.057825,0.027149,0.002985,0.024849,-0.069978,-0.042243,-0.113317,-0.037320,-0.028152,-0.185681,0.044387,0.015180,0.065418,0.018856,-0.011285,-0.031341,0.010465,0.011744,0.153212,0.007594,-0.074986,0.072747,0.039518,-0.057253,0.022513,-0.059450,-0.084797,-0.100814,0.015286
0.048654,-0.029940,0.058418,0.067242,-0.119521,0.036318,-0.227382,0.043587,-0.195383,-0.193650,0.051694,0.064184,0.029587,0.132913,-0.065206,-0.034111,-0.158460,0.124436,0.016556,0.077571,-0.061343,0.030038,0.025751,0.008653,-0.074863,0.099501,-0.079667,-0.016206,-0.037057,-0.030706,-0.059351,-0.064573,-0.065037,-0.003519,0.081380,0.049668,0.046753,-0.038458,0.032158,0.028333,-0.032582,-0.237544,-0.036376,0.006714,0.143133,0.053083,0.080458,-0.072663,0.060003,-0.033058,0.039060,0.036987,-0.014717,0.062533,0.014719,-0.043831,0.060486,0.014218,-0.054712,-0.063119,0.038781,0.041176,0.003131,0.088712,0.024775,-0.170599,0.080905,-0.042063,0.017259,0.006687,-0.022376,0.003995,0.036682,-0.220162,0.120823,-0.001216,0.005081,0.018412,-0.001268,-0.153629,0.011926,-0.130557,-0.176418,-0.128274,0.062371,0.000994,-0.000578,-0.057818,-0.064425,-0.053875,0.034873,-0.006635,-0.086473,0.058471,-0.051425,0.113895,0.012123,0.059880,-0.081232,0.035819,0.006597,0.051624,-0.035223,0.073309,-0.174455,0.081616,-0.122001,-0.016829,0.229756,0.047901,0.075875,-0.215048,-0.017514,-0.002654,-0.024203,0.112982,-0.038034,0.112656,-0.092529,0.097333,0.041977,0.075290,-0.021035,-0.001893,-0.027249,-0.039175,-0.047279,-0.020728
-0.033962,0.178648,0.019594,-0.008359,0.093386,0.123316,0.167128,-0.012225,0.050416,0.005041,-0.059246,0.000182,-0.006716,0.043579,-0.005644,-0.022949,-0.011013,0.014041,-0.093832,0.030008,0.047200,0.067427,-0.053082,0.006790,-0.012297,-0.014841,0.000795,-0.045353,0.051657,-0.050904,-0.004810,0.023695,-0.018272,0.003392,0.039395,-0.113244,-0.015392,0.069565,-0.037953,0.013103,-0.099910,-0.011973,0.081261,0.141863,-0.015389,0.009462,-0.010113,0.009016,0.059787,-0.003038,-0.043137,-0.001092,-0.008930,0.031705,0.091422,-0.092007,0.054639,0.031233,0.178753,0.066076,0.004860,0.014018,-0.197335,-0.010443,0.155275,0.106458,0.286658,0.066388,-0.001929,0.014694,0.036476,-0.143573,0.032013,-0.007480,-0.023013,0.025389,-0.045675,-0.251158,-0.063591,0.038512,0.116752,0.003620,-0.091558,0.036921,-0.025194,0.094651,0.241229,-0.004816,0.159531,-0.015083,-0.016129,0.175102,-0.014711,-0.048097,-0.062731,0.088934,-0.010163,0.010947,0.002605,-0.041077,0.066949,-0.045222,-0.012485,0.024691,-0.004605,0.075929,-0.038809,0.258494,0.046625,0.015071,0.011515,-0.009020,-0.086827,-0.036214,0.032008,0.224932,-0.010716,-0.083114,0.131547,-0.005757,-0.053664,0.068608,-0.022664,0.075594,-0.046756,-0.016897,0.081915,-0.066253
-0.028696,-0.070166,0.009114,0.011887,0.032413,0.007412,-0.009352,-0.012990,0.074023,-0.004283,-0.036592,0.000933,0.005121,-0.060100,-0.008803,0.034353,0.040377,0.028004,0.015927,0.003377,-0.006449,0.139091,0.020673,0.030291,0.043337,-0.039621,-0.002425,-0.169629,0.005271,0.066969,-0.006374,-0.018152,0.056609,0.038657,-0.057968,0.014403,0.009600,-0.015600,0.210708,0.011101,0.101296,0.020999,0.040708,0.097511,0.085611,-0.003539,-0.005652,0.019674,0.020759,0.033693,-0.024335,-0.025946,-0.011606,-0.019413,-0.030500,0.008692,-0.071789,-0.051135,0.023181,0.062181,0.000832,-0.006688,0.204629,0.020178,-0.031237,0.024058,-0.245132,0.012773,0.375241,-0.000093,-0.061437,-0.092188,-0.024663,-0.017885,-0.033169,0.007108,0.024673,0.097527,0.117620,-0.010640,-0.020461,0.019649,-0.041094,0.007459,0.033918,0.011851,-0.040351,-0.029142,0.025652,-0.039461,0.010314,-0.055975,-0.017799,-0.159402,0.003136,-0.021161,-0.002954,-0.029202,0.023164,0.004005,0.021429,-0.018601,-0.005216,0.053115,0.022063,-0.021074,0.012555,-0.160784,0.008450,-0.006446,0.002006,0.033092,-0.028902,-0.011589,-0.053788,0.043698,0.035265,-0.046924,0.048910,0.000679,0.030529,0.006387,-0.077878,0.012201,0.036139,-0.018694,0.027734,-1.151659
-0.004923,-0.002326,0.065739,-0.022284,-0.190985,-0.023088,0.109164,-0.053066,-0.051524,0.111331,-0.029995,-0.029263,-0.005607,0.012371,-0.034035,0.072825,0.040239,-0.093615,-0.069498,-0.064004,0.062988,-0.011773,0.030448,0.117570,0.005607,-0.019877,-0.063004,-0.016300,0.019438,0.007494,0.035178,-0.044401,0.074756,0.093016,-0.085298,-0.080515,0.065520,-0.144533,-0.008914,-0.004256,-0.025513,0.088603,0.023476,-0.027022,-0.174898,0.035924,0.013202,0.050199,0.060223,0.043227,0.023204,-0.211341,-0.258688,-0.288387,0.042705,-0.045139,-0.151313,-0.020206,-0.042178,-0.068742,0.041934,0.045230,0.022219,0.052485,0.035705,0.076524,0.032674,-0.091307,0.012529,-0.039496,-0.074339,-0.014038,0.029898,-0.060076,-0.076188,-0.041864,0.029599,-0.006378,-0.003733,-0.075637,0.007454,-0.069648,0.095558,0.153614,0.073011,-0.005175,0.028977,0.056429,0.021476,-0.106334,-0.013014,0.045583,-0.049084,-0.027420,-0.079573,-0.095763,-0.013209,0.078806,0.112031,-0.241804,0.014554,0.039185,-0.006891,0.106121,-0.023027,0.053842,0.041500,-0.004552,0.078449,-0.173220,0.027108,0.101884,0.023101,-0.064234,-0.106618,0.014342,0.020160,0.085711,-0.078496,0.156611,0.078356,-0.042207,0.075709,-0.045854,-0.008743,-0.003409,0.044056,0.043701
0.197350,-0.157570,-0.036047,-0.008491,-0.060548,0.265848,-0.118300,-0.007948,-0.020376,0.016084,0.040041,0.021555,0.019634,-0.004775,0.021139,-0.010247,-0.049040,0.033069,0.086833,0.052667,0.030108,0.295453,0.086115,-0.008576,-0.035179,0.035912,-0.004412,0.245245,-0.034066,-0.009287,-0.015358,0.031637,-0.045768,-0.036494,0.003713,0.069545,0.333887,-0.090617,0.233309,0.007583,-0.063030,-0.000531,0.095477,0.188967,-0.073779,-0.004974,0.043207,0.005941,-0.077835,-0.027452,0.028028,-0.007849,0.018620,0.025345,-0.014361,0.022740,0.040633,-0.221742,-0.068289,0.061827,0.012228,0.007164,-0.381858,-0.018601,-0.055523,-0.112562,-0.229547,-0.021018,-0.025233,0.022440,-0.185239,-0.147652,-0.040362,-0.013735,0.015109,-0.019319,-0.013493,0.332166,0.232522,-0.027272,-0.301120,0.010709,0.045256,-0.001142,0.011083,-0.068739,-0.231766,0.006438,0.066177,-0.034695,-0.014091,-0.029543,-0.018225,0.341326,0.012178,-0.014030,-0.010056,0.116942,0.001185,-0.062803,0.037077,-0.026976,-0.028433,0.071190,-0.000934,-0.086883,0.003661,0.232927,0.062055,-0.007874,0.025273,-0.059837,0.082822,0.042239,-0.000929,-0.037922,0.035629,0.054368,-0.061806,-0.006840,-0.005201,-0.047640,-0.017871,0.028416,0.025259,0.075259,-0.161005,0.012276
0.026917,0.193995,0.054313,0.023968,0.015453,-0.180093,-0.046855,-0.027563,-0.001661,0.070416,-0.022619,-0.015244,-0.047896,-0.002313,0.010159,-0.036062,0.060603,-0.036967,0.118167,0.025074,-0.039071,0.091386,0.045078,0.000519,-0.004340,-0.035719,-0.033658,0.087763,-0.036482,-0.053569,-0.004821,-0.032232,-0.010935,0.046519,0.031972,0.008955,-0.014940,0.014896,0.315697,-0.033189,0.123811,-0.021056,0.044028,-0.086621,-0.003161,0.020335,0.007358,-0.035100,0.044805,-0.077435,-0.014705,-0.003763,0.011478,0.010365,0.004017,0.005782,-0.047108,0.254990,0.014658,-0.002633,0.014988,-0.005483,0.019160,0.020195,0.023983,-0.019271,0.034863,0.012450,0.146957,-0.078715,0.023813,0.047924,0.042015,-0.026100,0.006869,-0.011242,0.054933,-0.016260,0.114115,0.010979,0.163647,-0.023768,0.038015,-0.055532,0.036482,0.027382,0.037114,-0.002231,0.088344,0.040800,0.031771,-0.015414,-0.118178,0.041941,-0.015937,-0.022629,0.020735,-0.094605,-0.001620,-0.020543,-0.197320,0.112480,-0.025805,-0.035744,-0.003419,-0.099265,-0.031349,-0.002022,0.058670,-0.111198,-0.024456,-0.043805,0.172653,-0.003830,-0.022665,-0.015999,-0.052938,0.043764,0.041982,0.068060,-0.011775,0.059025,0.201491,0.040426,-0.052166,0.035137,0.020450,0.095908
0.212286,-0.102845,-0.004219,0.020616,0.067867,0.096745,-0.003456,-0.038458,-0.037506,0.080487,-0.093494,-0.022723,-0.051838,-0.097708,-0.010017,0.043548,0.031049,-0.060119,-0.050999,-0.009422,0.083468,0.133348,0.041089,0.017955,0.016108,-0.031930,-0.059621,0.150055,-0.096528,0.648468,-0.011204,-0.007752,0.030708,0.038086,-0.052411,-0.067705,0.067737,-0.067583,0.163603,-0.096659,-0.237545,-0.058834,0.033410,0.011149,0.068210,-0.059505,-0.028357,-0.010614,0.040529,0.052817,0.011784,-0.039007,0.034636,-0.082088,0.013528,0.015193,-0.072034,-0.141694,0.188848,-0.059218,0.077608,-0.046486,0.117325,-0.069162,0.217376,-0.068199,0.195812,-0.081223,-0.069467,-0.132105,-0.047256,-0.108421,0.010643,-0.052262,-0.060280,0.000473,0.007631,-0.088782,-0.105765,0.027056,-0.062390,-0.062974,-0.093770,-0.172654,0.079363,-0.016745,0.323176,-0.100102,-0.013400,0.046981,-0.022466,-0.033945,0.175644,0.024690,-0.062843,0.065316,-0.001551,0.038640,-0.009642,-0.181297,0.021696,0.079865,0.119583,0.024479,0.025926,-0.187381,-0.050478,0.047368,-0.048824,-0.089041,-0.069302,-0.010836,-0.030018,0.215823,-0.046910,0.117944,0.065765,-0.053309,0.117304,0.073744,-0.001148,-0.008330,-0.179189,-0.120057,0.042222,-0.033114,0.051423,0.007978
-0.022767,-0.073859,0.001463,0.046217,-0.027087,-0.101614,0.045172,0.035680,-0.002757,-0.050558,0.010192,0.002211,-0.037747,0.060442,0.062860,-0.022509,-0.072117,0.032590,-0.061027,0.005395,-0.037007,0.035157,-0.023878,-0.006558,0.015958,0.063712,0.159628,-0.079353,0.003265,0.088331,0.044583,-0.026507,-0.033626,0.041857,0.046629,0.137098,0.083266,-0.104435,-0.039458,-0.036401,-0.008915,0.055222,0.115219,0.022474,-0.001588,0.017850,-0.035093,0.015496,-0.016641,-0.023476,0.081533,0.093720,0.057280,0.192460,0.018047,0.004003,-0.010409,0.006533,-0.039458,0.056974,0.054287,0.032318,-0.012550,-0.018829,-0.092848,0.005258,0.051156,-0.024435,0.023184,0.027780,-0.030383,-0.149498,-0.110780,-0.019348,-0.022046,-0.021097,0.034402,0.073314,-0.020467,0.018834,-0.014710,-0.012292,-0.011925,-0.022116,0.010228,0.045955,0.030898,0.043957,-0.014788,0.100499,-0.052891,1.156415,0.067092,0.019776,-0.038284,-0.024411,0.004375,0.103494,0.091454,0.086842,-0.081593,-0.029780,0.109983,0.206050,0.008555,0.047136,0.037798,-0.050850,-0.016167,-0.014450,0.017722,0.031015,-0.006891,-0.050704,0.000751,0.027933,-0.010805,-0.046180,-0.077895,0.100923,0.018397,0.025795,-0.037306,-0.012346,-0.032996,0.020012,-0.052490,-0.028024
-0.144268,-0.342504,-0.028717,0.005591,0.014719,0.035906,-0.029411,0.163449,0.105098,-0.000202,0.040831,-0.030373,-0.011721,-0.010321,0.008221,0.034426,0.017193,-0.099807,-0.032358,0.036495,0.033613,0.182848,-0.010609,-0.000191,-0.008910,0.015374,-0.067250,0.135514,0.047052,-0.039854,0.026748,-0.014292,0.013172,0.019061,0.015110,0.034569,0.071052,-0.641185,-0.035197,-0.021600,0.146368,0.037358,-0.036605,0.004840,0.057672,0.015822,-0.043887,0.085335,-0.012722,0.033697,-0.002474,-0.073997,-0.034729,0.114779,-0.110974,0.083188,-0.011847,0.093313,0.089819,0.103410,0.080531,-0.014610,-0.146345,0.022322,0.022109,-0.117793,0.200054,0.123739,-0.150454,0.101464,0.276259,0.035872,-0.127986,0.005088,-0.010213,-0.031352,0.144702,-0.128935,-0.092394,-0.034140,0.057505,0.031148,-0.067649,0.046051,0.042837,-0.365805,0.154832,-0.030383,0.178466,-0.075301,0.018343,-0.115860,-0.110676,-0.030934,-0.011105,-0.031862,0.001043,-0.001977,0.086164,0.007829,-0.044183,-0.075449,-0.094133,0.141804,0.023919,-0.088322,-0.007257,0.084831,-0.177760,0.058315,0.001216,0.128759,0.199489,-0.173673,0.036772,-0.055022,-0.006070,0.104510,-0.154963,0.081296,0.021667,-0.044757,0.063528,-0.021437,0.017862,-0.025629,0.047635,-0.048636
-0.014206,-0.013306,-0.041928,0.041276,-0.049307,0.029826,0.179619,-0.084281,-0.142579,0.242747,0.030656,-0.066243,0.008692,-0.050227,0.021412,0.090418,-0.013649,0.072975,-0.023111,0.120300,-0.036633,0.007918,0.050812,-0.105186,0.009910,0.033085,-0.013651,-0.007761,-0.012341,0.028794,0.121139,-0.115360,0.057669,-0.007731,-0.044788,-0.044247,0.054625,-0.017084,-0.051699,-0.046549,-0.259245,-0.003816,-0.009073,0.019538,-0.028872,0.023421,-0.170840,0.007990,0.078891,-0.072431,0.039247,-0.105730,-0.056749,0.004666,0.039548,0.117674,0.009184,-0.021465,0.014148,0.146350,0.071139,0.026300,0.001112,-0.098387,-0.023988,0.023484,0.005417,0.101791,-0.029494,0.037700,0.078678,0.006115,0.038559,-0.013966,0.010127,0.021149,0.000591,0.002101,0.007523,-0.050679,0.013412,-0.020214,0.082796,-0.086255,-0.100029,-0.003859,-0.053573,-0.030273,-0.019706,0.108021,-0.050295,-0.064547,-0.005582,-0.062556,-0.051774,-0.010061,-0.002539,-0.100433,0.254356,-0.031811,0.001765,0.021874,0.122273,-0.027806,-0.034051,0.091130,0.027931,-0.037563,0.060719,0.030950,0.027464,-0.059896,0.019548,0.076306,-0.033930,-0.098180,-0.008410,-0.094547,0.007894,-0.052656,0.065203,-0.084149,0.046540,0.078558,-0.031398,-0.172529,-0.037715,0.033585
-0.030871,0.143922,-0.003625,0.004793,-0.083307,0.181977,-0.020482,0.053687,0.010953,-0.047290,-0.002722,0.048859,-0.001858,0.065867,0.048662,-0.009380,-0.048114,0.036397,0.154035,-0.002034,-0.100684,-0.167649,-0.065920,-0.004282,0.028169,0.081710,0.060881,0.059468,-0.042981,-0.208947,0.052403,0.031309,-0.129931,0.019764,-0.047729,0.035527,-0.036032,-0.102289,0.251388,-0.041781,0.037505,0.025534,-0.197684,-0.263757,0.104167,-0.028434,0.027040,0.032272,-0.089938,0.006527,0.023429,0.113659,0.073122,0.060689,-0.115939,0.053717,-0.029928,-0.033781,0.124349,0.063759,-0.021932,0.043347,0.212305,-0.017505,0.396802,-0.046021,0.433690,-0.057632,0.019175,0.071730,0.022656,0.087432,-0.067772,-0.023942,0.029485,0.000822,0.154072,0.216581,0.027055,-0.010769,-0.008398,0.041556,0.034762,-0.023104,-0.027570,0.096288,0.059291,0.012481,-0.005703,0.111873,0.002810,0.005429,-0.250387,-0.163015,-0.003705,-0.056860,-0.013587,-0.018150,0.006786,0.098690,0.017346,-0.000960,0.011330,-0.089645,0.030283,-0.006461,0.061705,0.253989,-0.121838,-0.011430,0.036864,-0.028426,-0.054778,-0.110713,0.009283,-0.028525,0.009982,-0.035022,-0.011951,-0.062853,0.051951,0.102755,-0.128207,0.021139,-0.042260,-0.019020,0.083520,-0.129054
0.002866,0.580076,0.013048,0.004760,0.019549,-0.059899,0.056669,0.010018,0.097520,-0.035484,0.031175,0.007534,-0.004753,0.075678,0.022321,0.062501,0.027014,0.108779,-0.002549,-0.041395,0.038746,0.436690,-0.088130,-0.026175,0.038137,0.029026,-0.030710,-0.034268,0.035513,0.091181,-0.014741,0.047529,-0.003134,-0.004418,0.026568,0.011180,-0.013098,0.052262,0.030820,-0.011045,-0.089402,0.039217,-0.032420,0.010910,0.051519,0.011008,-0.002764,0.061932,-0.035742,0.072881,0.007163,0.029704,0.033534,-0.058325,0.023129,-0.015941,0.031810,0.024140,-0.141497,-0.009472,0.002664,0.040815,-0.064712,0.010842,-0.058771,0.058191,0.091025,-0.049806,-0.057303,0.084020,0.103620,0.004259,0.000401,0.062028,0.013708,0.016413,-0.028504,-0.080511,0.011010,0.079267,0.210126,0.024093,0.036343,0.022868,0.032347,-0.133261,0.043682,0.016654,-0.085846,-0.032594,0.017652,0.028128,0.126938,0.100765,0.101795,0.032617,0.001476,-0.036388,-0.008290,0.053858,-0.117956,-0.050935,0.068537,-0.050773,0.018074,-0.087324,0.066320,0.070351,0.120544,0.071893,0.035338,0.005252,-0.031326,0.055522,0.055285,0.024907,0.043829,0.069165,0.122118,0.050627,0.058909,0.018112,0.179815,0.122463,0.095118,0.054397,0.014947,-0.160595
0.005257,-0.004456,0.133112,0.061639,-0.012956,0.007598,-0.041278,-0.050755,0.044707,-0.154989,-0.083562,0.067599,0.027098,-0.081716,-0.015935,0.139740,0.058782,0.249616,0.063796,0.019511,0.021192,0.062021,-0.024223,0.052311,0.099189,-0.059133,0.204845,0.023068,-0.050907,-0.058744,0.131810,0.133496,0.065555,0.010939,-0.105251,0.059318,-0.018922,0.049259,-0.054636,-0.066691,-0.143501,-0.024473,-0.053972,0.003104,-0.052161,-0.027265,-0.000934,-0.004017,0.012609,-0.053078,-0.044989,-0.038936,-0.059989,-0.262022,-0.075449,0.158533,-0.154951,0.011612,0.009163,0.084023,0.068291,-0.174291,-0.009512,-0.036310,0.042013,-0.103553,0.003866,-0.036237,-0.023030,0.026573,-0.102476,0.065912,-0.148776,0.048191,0.131017,0.063902,0.030473,-0.001502,-0.039276,0.237690,0.053144,0.181888,0.031236,-0.017627,0.142397,0.002031,0.040948,0.000396,-0.081603,-0.028630,0.042696,0.028708,-0.085653,0.040150,-0.033536,-0.056076,0.013352,0.010646,0.225190,-0.048399,0.046036,-0.079195,-0.069182,0.004334,0.086637,-0.077388,0.090370,0.050782,0.207981,-0.049575,-0.023381,0.236409,-0.041619,0.002753,-0.105975,0.117297,-0.028893,-0.092228,-0.049087,-0.135506,0.093174,-0.003131,-0.052840,-0.029452,0.061801,0.121509,-0.051016,0.084563
-0.024193,-0.137419,0.670458,-0.020320,0.006119,-0.006807,-0.112403,0.037579,-0.015988,0.052866,0.041887,0.022822,-0.011072,0.084155,0.524554,-0.074017,0.014321,-0.025823,-0.006370,-0.011799,-0.053196,0.076564,-0.055728,-0.140599,-0.096636,0.036587,-0.033483,0.021453,0.023462,0.060431,0.012452,0.018198,0.019255,0.066224,0.150089,-0.027455,-0.029265,-0.106509,0.070585,-0.051900,-0.018595,0.021717,0.118775,-0.050120,0.054117,-0.000796,-0.069420,-0.040948,0.019782,-0.020408,0.046791,0.009478,0.009284,-0.123958,0.090595,-0.008183,0.053313,-0.026319,0.088761,0.020359,0.016065,0.055877,-0.016487,0.089842,-0.006609,-0.038448,-0.009228,-0.023489,0.061026,-0.005802,-0.082284,0.073514,0.031113,0.222401,-0.037331,0.011487,0.002955,0.011466,-0.015728,0.373392,0.006784,-0.011004,0.256977,-0.026450,-0.127225,0.041494,-0.002511,0.025903,0.009392,0.049637,0.025297,-0.043869,0.050074,0.040631,-0.028319,0.167493,0.001629,0.025209,-0.031626,-0.026699,-0.005648,-0.105695,-0.003934,-0.008044,-0.023699,-0.030008,-0.042358,-0.045765,0.307558,0.105427,0.066668,-0.073965,-0.071454,-0.069612,0.079257,0.026586,-0.018696,0.083758,-0.015056,-0.103936,-0.022238,0.104709,-0.029420,0.095419,-0.282093,-0.202110,0.069041,-0.068701
-0.052868,0.077323,0.003781,0.018526,-0.019051,0.028093,0.009715,0.118077,-0.075158,-0.008603,-0.010284,-0.006517,-0.001879,-0.031766,0.006199,0.023991,-0.018473,0.043643,-0.059309,-0.006559,0.032481,-0.310722,-0.014434,-0.028899,0.008008,-0.003732,0.070711,-0.026523,-0.044982,0.028920,-0.007492,0.032645,-0.056325,0.016340,-0.011887,0.023961,-0.120299,0.061704,-0.067794,-0.012058,0.219426,-0.012947,-0.123146,0.483376,-0.040216,-0.018691,-0.043200,-0.081887,0.032619,-0.069030,0.021690,-0.019044,0.059176,-0.087492,0.020526,0.023639,0.005310,0.185314,0.230776,0.041272,-0.004928,-0.063700,0.085840,-0.074471,-0.209377,-0.060865,-0.094724,0.032435,0.145026,-0.013361,-0.161163,-0.029024,-0.025715,-0.039255,0.013943,-0.004713,-0.002678,-0.227625,0.015291,-0.014476,0.269270,0.072489,-0.019981,-0.112405,0.044840,0.030838,-0.077412,-0.006565,0.309854,0.028149,-0.028560,-0.049216,0.146099,-0.091415,-0.030055,0.010765,-0.007315,0.008727,-0.022215,0.058292,-0.044312,-0.024976,0.192128,0.237889,0.045925,-0.213505,0.004433,0.278280,-0.028688,-0.027723,0.005390,-0.019423,0.186019,0.046431,-0.013777,0.011914,-0.029121,0.019169,-0.411809,0.035044,0.010338,-0.071710,0.338671,-0.043701,-0.008706,0.006113,0.101422,-0.043348
0.004384,-0.019395,0.142824,0.000234,0.090740,-0.019623,0.109252,0.129883,0.064008,-0.054479,-0.053063,-0.098264,-0.063157,-0.127577,0.029583,-0.044405,0.033618,-0.069964,-0.122558,-0.085072,-0.047148,0.013790,-0.029051,0.086465,0.028318,-0.171969,0.088379,-0.039754,-0.060171,0.075500,0.049838,0.067919,0.019783,-0.049451,0.040527,0.188359,-0.028358,0.014350,0.017325,-0.156766,0.024477,0.002785,-0.154570,0.046467,-0.020822,0.028413,0.042397,-0.028471,0.207121,0.045011,0.138336,-0.069735,-0.025226,0.159015,-0.168023,0.015566,0.185008,-0.006399,0.027473,0.024922,0.084427,-0.007739,0.008969,-0.007099,0.046627,0.042493,0.037591,0.138029,-0.013874,-0.059888,0.137060,-0.012285,0.114009,-0.092842,-0.055889,-0.069889,-0.036213,0.015350,0.038935,0.048453,-0.027220,-0.024874,-0.018319,0.046084,-0.042175,-0.038679,0.052199,0.092181,0.048352,0.124505,0.141224,0.132706,0.136544,0.050404,-0.043312,-0.087948,-0.005361,0.008247,0.036675,-0.025631,-0.008408,0.066691,-0.371183,-0.002558,-0.024083,-0.129443,0.053540,-0.013314,-0.032801,0.116982,-0.016731,-0.027759,-0.039531,0.025331,0.148224,-0.272285,0.054762,0.000845,0.061333,-0.100141,-0.129866,0.075109,-0.012916,-0.042373,0.025815,0.154142,-0.060532,-0.055013
-0.077456,0.031580,0.051238,0.039652,0.064184,0.066462,0.243347,-0.071799,0.026505,-0.069623,0.021802,-0.023399,0.014526,-0.041192,0.013965,0.002604,0.005974,-0.013113,-0.020294,-0.129284,0.044649,-0.073937,-0.002072,0.055643,-0.042817,-0.038421,0.074107,-0.038418,-0.001660,-0.017783,-0.013834,0.036792,0.035998,-0.018904,-0.037004,0.065259,0.003628,0.016958,-0.049467,-0.043609,-0.018581,-0.087190,-0.031164,-0.028688,-0.068296,0.013151,-0.089286,0.042191,-0.027141,0.084738,-0.032074,-0.012468,-0.033466,-0.020123,0.180922,-0.038616,0.046221,0.102322,-0.087810,0.028223,-0.005145,0.011073,0.088758,0.091784,0.014594,0.069604,-0.080736,-0.125757,0.000709,-0.102931,0.071724,-0.039129,0.031680,0.036068,-0.041681,0.039528,-0.011996,0.128334,0.078699,-0.009519,0.013772,-0.015913,0.011470,-0.006087,0.028791,-0.034429,0.010349,0.026069,0.022903,-0.099831,-0.036542,0.047752,-0.052561,-0.037683,0.071897,1.049290,0.005692,-0.048850,-0.041242,-0.193617,0.010506,0.022670,-0.002861,-0.024360,-0.039539,-0.055195,0.022190,0.014770,-0.061567,0.032248,0.026801,-0.068201,0.170127,0.090145,0.088968,-0.042415,0.033428,-0.105969,-0.053005,-0.003967,0.024528,-0.040013,-0.014149,-0.056721,0.026204,0.024627,-0.045931,0.028029
-0.027659,0.051993,0.138218,0.041785,0.116958,-0.058451,-0.106902,0.043600,-0.005080,0.028186,-0.022737,-0.065267,-0.000725,-0.600690,0.036366,-0.000481,0.133608,-0.280972,0.091968,0.026507,0.026006,0.055033,0.007390,-0.064447,0.024657,0.022493,0.071476,-0.032156,-0.025274,0.079347,0.001602,0.037420,0.004977,-0.097626,-0.035313,-0.077631,0.116403,0.034532,-0.030543,0.023350,0.075988,-0.078668,-0.112939,-0.032525,0.084273,0.006201,0.041940,0.007473,0.001972,-0.008043,-0.071167,0.062971,0.032114,0.376061,0.033819,0.076599,-0.064393,-0.106592,-0.038711,-0.093797,0.289509,0.019025,-0.070068,-0.053580,0.059430,-0.066675,0.004814,-0.014202,0.016077,-0.003290,-0.247459,0.061029,0.090431,0.314050,-0.001141,0.120730,0.067800,-0.014740,-0.091349,0.047237,0.098955,-0.030211,-0.026603,-0.028123,0.118184,0.229013,0.056745,0.001972,-0.078015,-0.084661,-0.000564,-0.070104,-0.033228,0.099317,0.248588,0.057370,0.000891,0.031505,0.088709,0.000549,0.001274,0.069231,-0.000430,0.067264,-0.004570,-0.033447,0.032846,0.002692,0.018423,-0.165442,0.015827,0.012006,0.031179,0.047074,0.005776,0.148156,0.006317,0.048370,-0.063183,0.126276,0.081088,-0.039990,0.118067,0.049243,-0.008103,0.024859,0.012934,0.029324
0.013122,-0.075827,-0.013659,-0.020641,0.085829,-0.096591,0.005843,-0.011043,-0.079408,0.084477,0.500872,0.049190,0.005077,-0.005936,-0.003905,-0.020678,0.014296,0.006369,0.009551,0.099176,-0.112981,0.123884,-0.027368,-0.005262,0.002701,0.009552,-0.062268,0.024900,0.011193,-0.025137,0.046954,0.273026,0.034173,-0.175869,0.079311,0.064039,-0.063619,-0.023967,-0.087788,0.022559,-0.129170,0.039452,-0.117509,-0.017018,-0.819234,0.004336,0.046156,-0.030030,-0.017382,-0.012868,0.002000,-0.034823,0.130099,0.069963,-0.045051,-0.058876,0.051498,0.121966,-0.008926,-0.035691,0.003315,0.002608,0.130439,0.064308,0.075087,-0.054384,0.033200,-0.085810,0.090142,0.021599,-0.028928,0.078782,-0.003765,-0.011394,-0.131967,0.009363,0.018823,0.023839,-0.020030,-0.072804,0.072406,0.050684,0.011005,-0.063910,-0.002044,-0.040048,-0.049528,0.109362,0.007449,0.004385,0.049340,-0.079918,-0.001519,0.164297,0.083758,0.005820,0.006634,-0.005169,0.034890,0.092977,-0.057513,0.044533,-0.086407,0.016643,0.037023,-0.029970,0.017832,-0.031933,-0.165866,-0.054651,0.040773,0.117045,-0.056363,0.037739,-0.030512,0.137268,0.043118,-0.010138,0.110250,0.015106,-0.021020,-0.140079,-0.272134,0.002096,-0.003605,-0.183595,0.214121,-0.080878
-0.038016,-0.000104,-0.041749,-0.063075,-0.032696,0.022344,0.036731,-0.068623,-0.081471,-0.015433,-0.013328,-0.083867,-0.003010,-0.039303,-0.049751,-0.073715,-0.007379,-0.001664,0.017398,-0.068694,-0.016884,0.014149,-0.025316,-0.071437,-0.057540,0.014588,0.016949,-0.021515,0.067641,0.043018,-0.098228,0.014786,-0.100918,0.096299,0.010018,-0.018918,-0.000495,0.023635,0.023325,0.015779,0.070138,0.026881,-0.040588,0.005394,0.011700,0.027872,0.008847,0.011758,0.018521,0.029162,-0.087022,-0.044484,0.012387,0.020280,0.013829,-0.085452,-0.078442,-0.028707,0.053145,0.035596,0.000664,0.060511,-0.012481,-0.021368,-0.003618,0.038175,-0.003498,0.022945,0.026787,0.030935,0.089639,0.067640,0.124609,-0.073951,-0.165312,0.049994,0.026569,0.035555,-0.021285,-0.294862,0.007622,0.018317,-0.032905,-0.002222,-0.073812,0.013748,-0.034026,0.058633,-0.025068,-0.011784,0.020111,-0.049024,0.047160,-0.013403,0.136365,0.004613,0.013482,0.036067,-0.033594,0.066784,-0.009743,-0.038818,-0.087627,0.033052,-0.084009,-0.046477,-0.013692,-0.014002,0.113192,0.082481,-0.016550,-0.065154,-0.022408,0.065253,-0.087569,0.021041,-0.111212,0.086821,-0.052125,-0.075629,0.096727,-0.047947,-0.023896,0.004523,-0.130895,0.000450,0.097518,0.066811
0.002040,-0.000064,-0.002482,-0.006088,0.004956,-0.001188,-0.000600,0.009021,0.013864,-0.005671,0.008681,0.012281,0.001331,-0.013806,-0.006203,0.004609,-0.007116,-0.002220,-0.006336,0.019008,-0.002383,0.001663,-0.000972,-0.005394,-0.013337,0.005899,-0.001790,0.001352,-0.009071,-0.002797,-0.002084,0.004488,-0.006915,-0.001612,0.007479,0.000008,0.000796,0.005710,0.007533,-0.001234,-0.003539,-0.007323,-0.003513,0.005775,0.004685,-0.024040,0.002753,-0.008585,0.001391,-0.003193,-0.001402,-0.003512,0.006474,-0.006348,0.009643,-0.003474,0.010344,-0.004603,-0.002421,0.007467,-0.002555,0.003754,0.001669,-0.009502,-0.000004,-0.000027,0.003127,0.001118,-0.002367,-0.009988,0.004452,-0.003319,-0.009340,-0.012421,-0.002886,0.007816,-0.001305,0.000523,-0.001965,0.001835,0.001016,0.006838,0.001578,0.010018,0.004104,0.006518,-0.000093,0.002572,-0.000444,0.007692,-0.020462,0.001811,-0.008475,-0.001012,0.003061,-0.000693,-0.008601,-0.010382,0.005342,0.002550,-0.001806,-0.004131,-0.008750,0.001729,-0.007235,0.004832,-0.011438,-0.001725,0.000807,0.010090,0.013465,0.011440,-0.000419,0.001039,0.010357,0.008098,-0.002981,0.002114,0.001729,0.002067,0.005877,-0.009143,0.008596,0.000173,-0.003488,0.003906,-0.001184,-0.000116
0.026320,0.004074,0.024414,0.057478,-0.028755,0.035017,0.120611,0.087070,0.042631,0.114849,-0.063839,-0.006354,0.020473,0.083249,0.061290,0.012480,0.046284,0.102514,0.046245,-0.110675,-0.027219,-0.021750,0.012107,0.052483,0.034432,-0.013589,-0.068277,-0.042185,-0.262446,-0.005471,-0.010628,0.117439,-0.161848,0.005299,0.016139,0.010612,0.011784,-0.066272,0.009036,-0.091300,-0.092132,-0.156139,-0.029983,0.010693,-0.070377,0.056820,0.057741,-0.000915,0.072558,0.016579,-0.028430,-0.077200,-0.080068,-0.049444,0.081552,0.040971,-0.038267,-0.028311,0.033871,-0.021965,-0.046999,-0.123866,0.020755,-0.042446,0.009237,-0.024999,0.015091,-0.008739,-0.007114,-0.092728,-0.055916,-0.017117,-0.049783,-0.113918,0.013070,-0.087996,-0.014745,-0.014760,0.014425,0.128638,-0.012042,0.000243,0.050485,-0.158193,-0.005792,0.011391,-0.065802,-0.026251,0.020653,0.094353,0.016283,-0.021721,0.006815,-0.013900,0.053241,-0.024430,0.012441,0.066844,0.029650,-0.018658,0.013360,0.005171,0.032771,0.022406,0.023342,0.043608,0.050102,-0.002057,-0.079754,0.047887,0.017576,-0.068363,0.003080,0.003242,-0.059339,-0.025963,0.027473,0.157600,-0.000586,-0.000489,0.042741,-0.004368,0.119397,-0.074743,0.015943,-0.026630,0.034458,0.012618
-0.110260,0.406598,0.027542,0.011120,-0.049512,-0.018274,-0.042700,0.029697,-0.031833,0.039129,-0.015893,-0.026707,-0.014233,0.033269,0.006077,-0.008050,-0.003268,-0.051930,0.123651,-0.022992,-0.012169,0.414306,-0.027664,-0.001207,0.006324,0.013388,0.003324,-0.109209,-0.024432,-0.119559,-0.005323,-0.043253,0.031464,0.096906,-0.003259,-0.014101,-0.119889,0.028790,0.040280,-0.045701,-0.026116,0.025525,-0.019177,-0.011032,0.067058,0.007682,0.030999,-0.003442,-0.065435,0.008946,0.024223,-0.068657,0.000525,-0.027301,-0.092318,0.059975,0.002085,0.111861,-0.014626,0.048780,0.022497,0.020922,-0.102156,0.018857,-0.137797,-0.073435,-0.021410,0.005642,0.004815,0.003614,-0.108835,0.060079,0.042204,-0.011702,0.021166,0.001727,0.089863,0.086679,-0.081353,-0.053864,0.217258,0.028165,0.003501,-0.004913,0.000010,-0.042817,0.068050,-0.028716,-0.113643,-0.007852,-0.009025,-0.019060,-0.158428,0.175051,-0.054354,-0.088666,-0.011968,-0.023584,-0.020393,-0.013939,-0.097092,0.011504,-0.020944,0.055529,0.016658,-0.088865,-0.014300,0.010465,-0.009277,-0.023094,-0.034263,-0.093746,-0.078406,0.049932,-0.003024,0.025371,0.014564,0.004555,-0.008582,-0.046362,0.008849,-0.026865,0.143398,-0.118917,-0.028506,0.024133,0.089694,0.049789
-0.075986,-0.111857,0.023812,0.029847,0.123574,0.065579,0.115200,0.047006,0.009973,-0.022800,0.021569,0.037858,-0.050076,0.039853,0.064269,-0.006555,0.089555,0.070478,-0.013103,-0.088331,-0.048171,0.017502,-0.049898,0.041901,0.021653,0.072303,-0.010482,-0.028362,0.009264,-0.161376,0.053131,-0.042934,0.052596,0.007602,-0.031625,0.052480,-0.090336,0.047789,-0.149698,0.040471,0.243653,0.046689,0.054591,0.119637,0.048724,-0.029596,-0.014995,-0.029698,0.018829,0.080277,0.093511,0.043593,0.063731,0.007462,-0.074478,-0.009681,0.049311,-0.043470,-0.184142,0.043139,0.034247,-0.020284,0.069854,0.000564,-0.076846,0.008696,-0.050259,-0.041031,0.171731,-0.039174,-0.022509,-0.109507,-0.080783,0.042767,0.042618,0.021674,0.013775,0.171574,-0.067551,0.038284,-0.126510,0.000204,-0.067150,-0.013366,0.078569,0.039640,0.004644,-0.009816,0.075630,0.135312,0.034001,-0.028736,-0.086532,0.281910,0.130327,-0.097517,-0.000740,0.147658,0.054402,-0.021946,-0.065646,-0.056420,0.030975,-0.761142,0.007632,-0.059161,-0.049007,0.225977,-0.051982,0.003762,-0.056450,-0.033907,-0.080112,0.006423,0.011386,0.013938,0.030292,-0.048864,-0.026161,0.136504,0.044010,-0.052869,0.071693,-0.070913,0.000590,-0.121615,0.024752,0.100613
0.022074,-0.120148,0.109937,0.006492,-0.177335,0.071207,0.018044,0.113298,0.004121,0.043292,-0.054944,0.081404,-0.082630,0.108247,0.048296,-0.006366,0.084984,-0.051470,-0.129263,0.093406,-0.021510,-0.038930,0.004797,0.069658,0.049315,0.044036,-0.062911,-0.057751,-0.118024,-0.046862,-0.016124,0.014366,-0.163611,0.019742,-0.040650,0.029491,-0.189706,0.212761,0.200967,-0.062784,0.086161,-0.010562,0.066794,0.178961,-0.024504,0.015839,0.076678,0.024774,-0.163108,-0.188647,-0.064321,-0.060005,-0.070814,-0.045286,0.141179,0.003684,0.121999,-0.079238,0.216798,0.080394,-0.068656,0.038103,0.006891,-0.204804,0.089160,-0.098117,0.068652,-0.079214,-0.023881,0.045623,-0.095280,-0.037266,0.087775,0.109708,-0.046971,0.020855,-0.044137,0.123753,-0.078714,-0.000920,-0.037754,0.083350,0.025836,-0.036279,-0.023901,-0.013213,0.008419,-0.037380,-0.015954,-0.096887,-0.005189,-0.031709,-0.054566,0.190742,0.016217,-0.004564,-0.018827,0.071652,0.003912,0.076313,0.005479,-0.054970,0.090705,-0.163303,-0.015791,-0.026009,0.068111,-0.055134,-0.008140,-0.074470,-0.011860,0.030698,0.022000,0.041151,0.160646,0.130598,-0.135157,-0.125883,0.027571,-0.123267,-0.051773,-0.002598,0.093996,-0.108949,-0.044226,0.091459,0.079812,-0.004259
-0.137375,0.103981,-0.009117,-0.042814,0.017770,0.126871,0.042614,-0.084167,0.070193,0.041220,0.099106,0.004625,0.039713,-0.014854,-0.002756,0.030494,-0.012493,0.024953,0.019683,0.110928,-0.001993,-0.188681,0.007409,0.000970,0.035899,-0.001138,-0.061619,-0.164053,-0.060737,0.298707,0.068022,0.060057,0.186461,-0.072618,0.035790,-0.037248,0.002608,-0.156470,-0.101643,0.055025,0.053246,0.096545,-0.026971,0.005122,-0.077984,-0.006917,-0.066433,-0.008635,0.091959,-0.000661,0.056888,0.026629,0.039237,0.036233,-0.081549,0.012121,0.067362,0.036670,-0.029275,0.073499,0.069856,-0.110678,0.018105,0.084630,0.372972,0.070617,-0.092131,-0.017931,0.027350,0.040301,0.042993,-0.026666,-0.059856,-0.033881,0.018684,-0.033898,0.014050,0.185348,0.017145,0.048813,0.189837,0.053577,0.086294,0.009107,0.022073,-0.046596,-0.026940,-0.006330,-0.106426,0.028843,0.008451,-0.053872,0.012646,-0.075636,0.079003,-0.082356,-0.008345,0.106116,0.031255,0.046738,0.016425,-0.013542,0.164913,-0.026791,0.043827,0.015921,0.016028,-0.068122,0.065802,0.144891,0.049087,0.122662,-0.064172,0.019237,0.004375,-0.077077,-0.006651,0.107980,0.214338,0.084220,0.051031,-0.037674,0.405816,0.076583,-0.009463,0.129708,-0.067149,0.035833
0.021695,-0.037383,-0.062014,-0.041709,0.073432,0.024085,-0.092384,0.000102,0.227460,-0.002387,0.074446,-0.111414,-0.017219,-0.084325,-0.109457,-0.021993,0.085708,-0.047212,0.122121,0.066126,-0.025833,-0.000565,-0.027670,-0.008991,-0.145379,-0.134688,0.018581,-0.013500,0.066165,-0.008370,-0.054001,0.108983,-0.004911,0.037628,0.147258,0.047393,0.004029,0.073512,-0.009628,-0.046479,0.051034,0.043854,-0.025869,-0.004183,0.082245,0.009880,0.033993,0.035586,-0.101257,-0.011227,-0.066850,-0.194956,-0.016894,-0.149388,0.167071,-0.033598,0.068708,-0.012255,-0.000255,-0.007285,-0.001759,0.074280,-0.023223,-0.027241,-0.016831,-0.076066,0.029022,0.009377,0.035098,-0.083269,0.004464,-0.008556,-0.030914,0.056441,-0.096064,0.022805,0.032883,0.002240,-0.018603,-0.062631,0.035521,-0.011304,-0.092099,0.024936,0.003302,0.012293,0.042811,0.094013,-0.015355,-0.001241,0.063910,-0.023873,0.021322,0.016890,-0.169006,0.051043,-0.002694,0.036465,0.010507,0.193368,-0.014460,0.025658,-0.042428,0.024570,-0.052940,0.016700,-0.017962,-0.001953,0.001088,0.011179,0.058423,0.022569,-0.017540,0.024885,0.076801,0.074823,0.027041,-0.001740,-0.021028,-0.085978,-0.164089,-0.031946,0.021856,-0.024588,0.096013,-0.067978,-0.021925,0.016322
-0.015599,0.072659,-0.096637,-0.057140,-0.136727,0.068237,0.049800,0.014155,0.118966,-0.111634,-0.037703,0.007558,0.036038,-0.125754,-0.090845,-0.045116,0.017713,0.112278,-0.002841,-0.152631,-0.057220,-0.028638,-0.021556,-0.047580,-0.023927,0.038148,-0.054438,0.013605,0.124566,-0.053957,0.081783,0.034899,-0.362250,0.030236,-0.063143,0.071736,-0.169077,0.018414,0.016331,0.008218,-0.057435,0.050186,-0.061013,0.065367,0.084026,-0.008391,0.002141,0.047262,0.011250,0.119760,-0.050443,-0.077997,-0.128486,0.133254,0.045221,0.075891,-0.032535,-0.006708,0.125354,-0.067913,0.017001,0.024060,-0.065939,-0.062089,0.014046,0.052516,-0.030190,-0.006357,0.007040,0.007243,0.082952,-0.016064,-0.092659,0.188117,-0.018946,0.060295,0.022785,0.005812,0.031248,-0.152700,-0.001762,-0.051176,0.038523,0.103993,0.052885,0.028061,-0.082008,0.044325,0.008534,0.036372,0.079344,-0.003562,0.167312,0.066270,0.126609,0.105160,-0.021697,-0.035165,0.132214,0.057710,-0.004282,-0.041471,-0.140852,0.054167,-0.060978,0.094886,0.024619,-0.002390,0.189695,0.053606,-0.014304,-0.113761,-0.018264,-0.164546,-0.134308,-0.090313,0.092877,-0.032384,-0.011528,0.190373,0.128468,0.003372,-0.069955,-0.004661,-0.023718,-0.116261,0.109478,-0.022753
-0.028872,0.013108,-0.085589,0.039132,0.001668,0.000017,-0.054892,0.041340,-0.055338,0.056492,-0.026081,0.033001,0.026622,0.026520,0.043035,0.016081,0.005671,-0.041471,-0.034555,0.061654,-0.037479,-0.003658,-0.015032,0.048890,-0.049658,-0.009571,-0.009907,0.012066,0.083785,0.061555,-0.045999,0.008998,0.056674,0.012620,-0.042955,-0.081763,-0.018537,0.048580,0.016198,0.171725,0.076459,0.074679,0.063380,-0.001565,-0.017505,0.055874,-0.040645,0.016492,-0.059171,0.152449,0.042825,0.013590,0.077700,0.044419,-0.058115,-0.067037,-0.090699,0.015767,-0.000796,0.014110,0.036785,-0.093965,0.003626,-0.013505,-0.003638,-0.011047,0.003127,0.084856,0.014123,0.006048,-0.083045,0.028719,0.019130,0.070655,0.017864,0.080420,0.004114,0.010061,0.013638,0.004608,0.017788,-0.133850,0.023780,0.162532,0.005543,-0.017363,-0.040093,-0.110597,0.007546,0.094561,0.006913,0.017148,-0.057936,0.023791,0.085823,0.047996,0.022128,0.040791,0.046147,-0.010974,0.029471,-0.011138,-0.003691,0.008414,-0.035599,-0.050257,-0.093662,0.000042,-0.095293,-0.052158,-0.034697,0.084640,0.019956,0.134941,0.135765,0.069934,0.065444,0.023477,0.004711,0.003236,0.094316,0.032621,0.004339,0.025421,0.053558,-0.021595,-0.029581,-0.020166
0.014959,-0.026184,-0.012127,0.041498,-0.020378,0.016525,-0.101618,-0.160274,-0.038045,-0.092952,-0.015665,0.078684,0.010233,-0.196692,0.079661,-0.079377,0.130628,0.298236,-0.056424,-0.041788,-0.009976,-0.002838,0.009768,-0.016915,-0.019976,0.116970,-0.015171,-0.055476,-0.019592,0.061233,0.039761,0.140235,0.143475,0.181035,-0.088098,0.053762,0.007046,-0.076223,-0.017893,0.029209,-0.072296,-0.004610,0.033663,0.011168,0.030473,0.092555,0.059036,-0.021297,-0.022119,0.055217,0.016332,-0.071761,-0.112807,-0.081564,-0.036025,-0.116183,0.073622,0.036528,0.070466,0.019170,-0.154941,0.033128,-0.028012,0.085843,-0.033152,-0.005661,0.022431,-0.105992,0.003708,-0.078068,-0.102611,0.036187,-0.133001,0.192819,-0.103800,0.075155,0.015977,-0.000949,0.024365,-0.172649,0.099974,-0.014180,0.047461,-0.019440,0.059883,-0.006813,0.110401,0.056684,-0.025188,0.061353,0.169853,-0.015613,-0.048332,0.062799,0.014417,-0.060132,-0.002952,-0.040773,-0.005379,-0.095000,0.002716,0.169524,-0.068956,0.022722,-0.034967,-0.068806,0.152109,0.011831,-0.228896,0.169102,0.025784,0.180797,-0.004858,-0.100238,0.106201,-0.111615,0.126021,-0.391207,-0.047015,-0.035813,0.169965,-0.046853,0.047884,0.095490,-0.009595,0.024747,0.070801,0.049693
-0.087224,-0.190239,0.024555,-0.020139,-0.015746,0.218585,-0.012031,-0.047471,0.026608,-0.041833,0.005943,0.002857,-0.003975,0.016066,0.023278,0.034490,-0.008478,-0.108534,-0.142224,-0.033775,0.011910,-0.016124,-0.129883,-0.029277,0.021939,0.014033,-0.082083,-0.058464,0.043654,0.038263,-0.018169,-0.045489,-0.032361,0.004299,0.000417,-0.010826,-0.092129,0.076283,-0.250027,-0.000086,-0.096774,-0.030027,0.039767,0.177817,0.000837,0.017534,0.050205,0.017708,0.009565,-0.007146,-0.016133,-0.000809,0.013699,0.059785,0.070946,-0.034056,0.002786,-0.148655,0.087506,-0.009565,0.018970,0.005075,-0.005794,-0.032676,0.276599,0.025243,0.218899,-0.016196,0.356581,0.026989,0.004202,0.129390,0.022503,0.035189,-0.011148,-0.014134,0.118272,0.325976,-0.035605,-0.050243,-0.126826,0.031902,-0.026933,0.043161,-0.019321,0.011335,0.011658,-0.005181,0.153211,0.001610,0.020822,-0.053145,0.132113,-0.084593,-0.019832,-0.020899,0.015164,0.085481,0.004527,0.052723,0.071950,-0.057709,0.097794,0.252224,-0.001286,0.013488,-0.030145,0.394420,-0.024151,0.003019,0.010762,-0.042191,-0.233098,-0.002191,-0.003028,-0.038476,-0.000466,-0.010352,-0.070657,-0.081161,-0.014047,-0.004971,0.015403,-0.063264,-0.033041,0.061850,0.116482,0.111207
0.006273,0.013054,-0.077122,-0.045155,-0.014341,0.028101,0.008506,-0.043198,0.016016,0.091776,0.234375,0.070201,0.020301,-0.098499,-0.016477,-0.013873,-0.081765,0.023437,0.003110,-0.094223,-0.049839,-0.005792,0.021634,0.141037,0.017865,0.101894,-0.072951,0.023525,0.024885,-0.020417,0.102173,-0.061508,0.057650,0.088564,0.103960,-0.058886,-0.026467,0.074949,-0.010884,0.000719,0.011581,-0.029448,0.106028,0.000859,0.053782,-0.016565,0.039074,0.041476,0.056175,0.000587,0.147072,0.055568,-0.187316,0.003140,-0.050270,-0.080047,0.056593,0.018939,0.051979,0.059050,-0.055764,0.009744,0.002521,-0.118530,0.003779,-0.033160,-0.014853,0.080622,0.019457,0.047451,-0.063528,-0.026151,-0.027340,0.041471,0.010101,-0.017546,0.027409,0.020487,0.010440,0.158489,0.018312,0.094731,0.051605,-0.013729,-0.015275,-0.016401,-0.020263,0.159367,0.030597,0.143654,-0.044423,-0.010203,0.077828,0.021594,-0.021527,0.100102,-0.003237,0.078660,0.112029,-0.060327,0.000440,0.088654,-0.033239,0.035269,0.003142,-0.017812,0.018766,0.002029,0.034137,-0.146339,0.013484,-0.093314,-0.028392,-0.020671,-0.054602,-0.047073,0.045097,0.013093,-0.014560,0.108067,-0.008786,-0.055488,-0.029596,-0.049172,0.289922,0.035160,0.052885,0.021860
0.029172,0.050306,0.012532,0.053759,0.086530,-0.070462,-0.065702,0.174391,0.212148,-0.208265,0.001396,0.040639,-0.030413,-0.109936,-0.000967,0.033803,-0.014514,0.070070,-0.029791,-0.064016,0.056537,0.049040,0.022758,-0.103379,0.018252,-0.039890,-0.156026,0.091522,0.010878,0.021648,-0.041767,-0.039287,0.079655,-0.024206,0.067593,0.028736,-0.071609,-0.023974,-0.026472,0.005412,0.204611,-0.029457,0.231066,0.039277,0.029973,0.013045,-0.138346,0.102872,0.391201,0.119082,0.039583,0.033991,0.019605,-0.127634,-0.084241,-0.064093,0.026217,-0.035539,0.041680,0.108308,-0.004226,-0.026046,0.065865,0.087449,0.027148,-0.064760,-0.029476,0.195049,-0.051168,-0.028364,0.076039,0.082397,0.067366,0.065603,0.025266,0.060850,-0.065968,0.057154,0.007600,0.026399,-0.069918,-0.034020,-0.133940,0.040969,-0.006915,-0.008858,0.018560,0.042702,0.012374,0.053107,-0.008863,-0.035176,0.094184,0.010319,0.026718,0.069637,0.000967,-0.023901,0.092521,-0.077163,0.038320,-0.093385,0.031041,-0.157336,0.022879,-0.113040,0.007498,0.047088,0.175825,0.091562,0.016002,0.142827,0.066497,-0.077772,-0.079716,-0.025669,0.060815,0.086157,0.002734,0.152856,-0.095903,-0.109116,-0.095447,0.121413,0.007189,-0.089432,-0.062382,0.105409
-0.029314,-0.459867,-0.067353,-0.027626,0.032451,-0.135830,0.036203,-0.005660,0.036895,-0.099765,-0.059979,-0.030087,0.043490,-0.030617,-0.031247,0.055318,-0.046063,-0.047584,0.089990,0.011311,0.116914,0.345756,-0.024444,0.023902,0.027128,-0.001833,0.048811,-0.031142,-0.037721,0.003381,0.050804,-0.010632,0.006969,-0.008079,-0.041144,0.003659,-0.221911,0.011354,0.248537,-0.011062,0.063309,-0.042293,0.030527,-0.041190,0.003862,-0.001625,-0.037189,0.043023,-0.051434,0.038468,-0.020480,0.003213,-0.028850,0.099932,-0.031525,0.013726,0.009594,0.001840,0.062896,0.031496,0.092070,-0.004594,0.121433,-0.049488,0.023680,0.014295,0.037464,-0.024794,0.007422,0.044908,-0.049548,0.253513,-0.026708,0.028586,-0.005285,0.032214,0.058859,-0.162006,0.064065,-0.017897,0.439746,-0.009524,-0.119020,0.034196,0.002885,0.042938,-0.020279,-0.025355,-0.090055,-0.021803,-0.021390,-0.008367,0.118805,0.161074,-0.006761,0.087101,-0.013303,-0.076504,0.020325,0.001303,-0.039033,-0.157557,0.015978,-0.099361,-0.012209,0.537029,-0.002828,-0.129054,-0.069388,0.040962,0.048280,-0.088553,0.046374,0.047096,0.016990,-0.113053,0.016117,-0.063838,-0.106794,-0.017461,0.032607,-0.038800,-0.142383,-0.055626,0.056846,0.115639,-0.072201,0.088471
-0.011131,-0.032046,-0.036951,-0.007911,-0.034018,0.049669,-0.024418,0.015734,0.024145,0.001103,-0.066006,-0.008963,0.027076,-0.108938,0.002696,-0.029400,-0.070204,0.070815,-0.030143,0.026152,-0.100868,-0.049404,-0.036867,-0.012891,-0.000858,0.056401,0.106588,-0.000407,-0.023434,-0.339731,0.014191,-0.030675,0.862019,-0.050717,-0.025759,0.010294,-0.043591,0.322518,0.180728,-0.006607,-0.087695,-0.006815,-0.062841,0.171760,0.054757,-0.009624,0.037806,0.012298,-0.081953,0.020741,-0.074977,0.017649,0.024095,0.036363,0.205028,0.019877,-0.068263,-0.132628,0.225719,0.011102,0.029728,0.023507,-0.038088,0.507882,0.029354,0.050314,0.079404,0.017087,0.032773,0.008206,0.124850,-0.002682,-0.053015,-0.036907,0.060192,-0.039175,0.027740,-0.102463,-0.071986,-0.036674,-0.059639,-0.063440,0.019545,0.022275,-0.012748,-0.046625,-0.086423,0.009708,0.126970,-0.080782,0.005869,0.021396,0.045516,-0.014282,0.016079,-0.045367,-0.001034,0.052466,0.086843,-0.068301,-0.018083,-0.014235,-0.100082,0.073200,-0.022053,0.152062,0.028149,0.147338,0.063454,0.042424,-0.019951,0.010579,0.030568,0.167070,-0.031667,0.002724,0.025371,0.230221,0.135912,0.063659,0.024763,0.045157,-0.061789,-0.116828,0.006200,0.006230,0.108433,-0.009746
0.002129,0.000173,-0.003189,-0.005673,-0.004725,-0.012866,-0.003158,-0.008387,-0.002964,-0.013067,0.007192,-0.014085,-0.005531,0.010119,0.002050,-0.006370,0.002631,0.002580,0.013316,-0.000836,-0.003073,0.002451,0.003010,-0.007158,-0.004173,-0.015539,0.017847,0.000793,-0.015570,-0.003188,0.008645,-0.001332,0.001349,0.004767,0.003579,-0.026794,0.001734,0.000654,-0.000860,0.006604,0.003055,-0.005544,-0.013011,0.006776,-0.004332,0.043677,-0.005278,0.016466,0.005090,-0.008130,-0.014636,-0.000606,-0.000912,-0.010427,0.006624,0.005312,-0.004392,-0.016518,0.002542,0.023427,0.001005,0.012437,0.005010,-0.010193,0.003599,0.002054,0.007962,0.003390,-0.001210,0.007707,0.001249,-0.004280,-0.005772,0.017798,0.017769,-0.004841,-0.001620,0.005651,-0.002442,-0.004885,-0.000327,0.012065,-0.003138,0.006173,-0.003621,-0.002975,-0.002118,-0.013699,0.011139,-0.000562,-0.011990,0.002926,0.007607,0.003004,0.015569,0.005760,0.006812,0.004865,0.017893,-0.001095,0.001978,0.005724,0.007425,-0.000093,-0.005048,0.000637,-0.008122,-0.008677,-0.001890,-0.009844,0.005686,0.006499,-0.000246,-0.006015,-0.000482,-0.005968,0.009861,0.002499,0.000651,-0.014186,-0.018429,0.005377,0.006608,-0.005444,0.001010,0.010982,0.002593,0.001432
0.178257,-0.024268,-0.002249,0.032608,-0.152350,-0.306944,0.067539,0.182241,0.023227,0.061905,-0.059706,0.045486,-0.040091,0.017694,0.000359,0.045124,0.041674,0.034029,-0.248623,-0.192115,-0.047103,0.052644,-0.022015,-0.041265,0.015700,0.119543,0.672331,0.042842,0.019344,0.009109,0.027620,0.013817,0.000289,0.104136,0.000940,0.135498,0.063356,-0.108951,-0.092522,-0.000810,0.054264,0.095631,-0.088565,0.000128,0.047070,0.022304,-0.153599,0.011604,0.038465,0.064037,0.007097,0.070156,-0.028931,0.077687,0.019488,0.018941,0.165775,-0.044638,-0.035093,0.007656,-0.040776,0.034941,-0.045304,0.059136,0.034800,-0.024676,0.034096,0.039757,0.030059,-0.060169,0.088999,0.016837,0.081567,0.037003,0.034465,-0.116585,-0.036984,0.062216,0.197258,-0.066310,-0.081823,0.028592,0.045285,-0.018397,-0.040030,-0.064018,-0.049242,0.017718,-0.021288,0.124087,-0.244041,-0.292466,0.087792,0.031424,0.057639,0.019073,-0.014913,0.114594,0.004968,-0.000031,-0.033822,0.070064,0.062529,0.075396,0.016794,0.069112,0.065566,0.023731,-0.071015,0.064229,0.000354,0.013448,-0.009197,-0.120494,0.007312,0.656396,-0.009948,-0.065373,0.052974,0.068382,-0.130864,-0.090418,-0.076106,-0.007345,-0.059219,-0.033546,-0.016950,-0.003208
0.003366,0.120847,0.016922,0.039344,0.074952,0.072122,-0.054274,0.137491,-0.075780,-0.069044,-0.068877,0.003329,-0.003065,0.023293,-0.046654,-0.028699,0.088961,0.097696,-0.064898,0.054840,-0.134577,0.014250,-0.083659,-0.008490,-0.029993,0.076404,0.145014,0.036040,0.152450,0.419050,0.046218,-0.021906,0.046004,0.108583,-0.022064,-0.029857,-0.221611,0.084629,0.044436,0.126972,-0.048587,0.079485,-0.149993,-0.050990,-0.152830,0.058577,0.127046,-0.026650,0.045920,-0.005723,0.031545,0.053142,-0.067644,-0.017899,0.085486,0.054832,0.074863,-0.055163,-0.025357,0.022547,-0.028959,0.021488,0.139251,-0.075590,0.017181,-0.085016,-0.117549,0.144374,-0.157504,0.064470,0.050631,-0.050821,-0.049280,0.044276,0.266853,0.070313,-0.027788,-0.010893,-0.075670,0.003982,0.021226,0.069421,-0.016888,0.022687,0.109875,-0.044923,-0.233558,0.010447,0.243123,-0.017139,0.047634,-0.001145,-0.141675,0.185707,-0.001467,-0.025204,0.005774,-0.091718,0.004707,0.071078,0.046871,0.080679,-0.113280,0.114509,-0.012532,0.277452,0.019766,0.076871,0.104619,-0.082182,0.029701,-0.074501,-0.042269,-0.113333,0.039618,-0.039125,-0.067243,0.031282,0.044732,0.236466,0.120993,-0.169902,-0.041856,-0.103277,-0.062753,0.078997,-0.036901,-0.027085
0.001985,-0.001628,-0.015350,0.004933,-0.008913,-0.002986,-0.002270,-0.008792,0.004971,-0.005773,-0.009712,0.003378,0.004827,-0.007465,0.011656,-0.004028,-0.002661,0.002855,0.002790,0.005939,0.001199,0.002894,-0.000255,-0.003286,-0.004183,-0.003244,0.002929,-0.000755,-0.008716,-0.004908,0.006270,-0.002364,-0.008981,0.014976,-0.000025,0.001496,-0.002258,-0.005709,0.001448,-0.000155,-0.009449,-0.005674,-0.012453,0.001779,-0.012763,-0.004183,-0.016826,0.001482,0.002806,-0.001412,-0.010155,0.000802,-0.012995,-0.002306,0.000457,-0.014359,-0.012084,-0.004535,-0.002568,0.019481,0.008972,0.009548,0.006006,0.004348,-0.000060,-0.004838,-0.000887,-0.002163,-0.003186,0.016394,0.003449,-0.001752,0.008989,0.007046,-0.005456,0.005154,-0.001820,-0.000013,-0.001499,0.012406,-0.001322,0.000639,0.006895,-0.003416,-0.006451,0.001800,0.001648,-0.001540,0.006963,0.000738,-0.001103,0.002406,0.000756,-0.000862,-0.004900,-0.003528,0.019951,0.001820,-0.000741,0.004981,0.000078,0.015262,-0.008361,-0.000224,-0.028442,-0.000679,0.011197,0.004981,0.000428,0.000305,0.000258,0.000402,-0.000340,0.004012,-0.002990,-0.000424,-0.005670,-0.000889,0.000720,-0.000417,-0.003457,0.001385,0.007289,-0.002846,0.018891,-0.000680,0.000347,0.000868
-0.154808,-0.014732,-0.070035,-0.011773,0.016843,-0.017856,-0.008899,0.032702,-0.093215,-0.032051,-0.049359,-0.014257,0.049308,-0.055710,-0.019892,-0.025312,-0.010943,-0.033041,-0.022475,0.032869,-0.066017,0.141565,-0.090812,0.058194,-0.015209,0.015811,-0.030990,-0.099824,0.019737,-0.021244,-0.022458,0.045207,0.009246,0.041445,-0.044141,-0.036050,0.023381,-0.122815,0.187275,0.018929,-0.047914,0.038512,-0.044236,-0.078729,0.115262,0.001636,-0.021760,-0.000473,-0.074442,-0.022139,0.031519,-0.006765,-0.006312,0.081342,0.030737,0.040735,-0.010880,0.036693,0.006653,-0.013252,-0.026611,0.037592,-0.024011,0.028443,0.040119,-0.054312,-0.060080,-0.023936,0.195232,-0.000344,0.060187,0.044691,-0.043798,-0.029347,-0.025152,0.004429,-1.213661,0.121354,-0.267305,0.046504,-0.014412,0.042261,0.016342,0.004457,0.050502,-0.028571,0.006911,0.035993,0.147817,0.041611,-0.027341,-0.043073,0.025527,-0.129657,-0.073900,-0.021467,-0.006101,0.050280,0.010234,0.006548,0.015736,0.040833,0.038865,-0.019764,0.027984,-0.018743,-0.014716,-0.018115,-0.067941,-0.053361,0.033515,0.022857,0.049108,-0.048226,-0.002852,-0.022745,0.011343,0.015902,-0.049405,0.033903,0.030271,-0.026305,-0.034757,0.007174,0.002208,0.023801,0.049720,0.114906
-0.001543,0.002732,-0.003860,0.011028,-0.001703,0.007598,-0.008432,0.016225,-0.011375,0.008575,0.010285,-0.002326,-0.010043,-0.017023,0.011173,0.011957,-0.004479,-0.002028,-0.012313,0.019838,-0.006868,0.002282,0.000548,0.003910,-0.007975,-0.004486,-0.003684,-0.002298,0.009015,0.002181,-0.008052,-0.000414,-0.000575,0.011716,-0.009362,-0.004577,-0.012983,0.008467,-0.003179,0.001368,-0.014962,-0.009712,0.007330,-0.002761,0.015272,-0.007638,-0.008385,0.000180,0.008998,-0.001292,-0.004420,0.000784,-0.010904,0.005512,0.002462,0.004951,-0.002818,0.013610,-0.002075,-0.002682,-0.009644,-0.010077,-0.004028,-0.004635,-0.004669,0.001607,0.003299,0.006324,0.000871,0.000775,0.009975,0.003646,-0.021119,-0.002521,-0.004497,0.002386,-0.000194,0.004696,0.011127,-0.004631,0.004429,-0.010529,-0.002073,0.003062,0.011264,0.001322,-0.008843,0.012435,0.011895,-0.004369,-0.003212,0.001100,-0.006522,0.002238,0.008439,-0.007326,0.007801,-0.007679,0.008116,0.002839,0.000318,-0.013398,-0.006873,-0.000722,-0.011480,-0.014306,-0.016279,-0.004833,-0.007926,0.016610,0.020334,-0.000059,-0.003795,0.016019,0.004058,0.004048,-0.005295,-0.007493,-0.001415,0.009295,0.002747,0.004183,-0.010432,0.006927,-0.012615,-0.009270,-0.006769,-0.000524
-0.004960,-0.503999,0.044413,-0.026482,-0.000836,0.011511,0.057504,-0.053121,0.000871,0.065340,0.040622,0.005341,-0.022137,-0.005205,-0.007299,-0.019231,0.063347,-0.035032,0.073145,-0.062096,-0.032987,0.216713,0.011547,0.020408,0.015941,-0.015009,0.007744,-0.000701,-0.033374,-0.032995,-0.031580,0.011610,0.022449,0.012548,0.026316,0.008553,-0.025008,0.099011,-0.134721,-0.026107,-0.000683,-0.007655,0.039846,-0.181074,0.102710,-0.004640,0.023134,-0.012371,0.047538,0.020831,-0.039935,-0.001195,0.013493,-0.063077,0.044538,-0.016909,0.010412,0.222078,-0.160047,-0.049532,0.059578,0.007019,0.026689,0.015126,-0.002532,0.062575,0.424779,-0.023694,-0.268711,-0.072136,0.005791,-0.104376,0.097285,0.015561,-0.051011,0.012191,-0.131759,-0.120995,-0.026416,-0.001756,0.135748,0.039637,-0.030538,-0.023980,0.032076,-0.009217,-0.832417,0.013613,-0.104568,-0.011442,0.017181,0.093584,0.067978,-0.010203,-0.020486,-0.019547,-0.000216,-0.056374,-0.043101,-0.031712,0.037019,0.114454,0.057917,0.009625,0.029856,-0.166822,-0.012984,0.223912,0.047264,-0.025781,-0.035860,0.024555,0.032801,-0.007302,-0.015430,0.045723,0.008230,-0.065209,0.082767,0.039731,-0.022624,0.019443,0.335071,0.057185,-0.026143,0.002103,0.191418,-0.171267
0.048870,0.052901,0.045953,-0.025369,0.020290,0.131721,0.102845,-0.078511,-0.022307,0.026148,0.039031,0.001921,0.009589,-0.137344,-0.021963,0.031579,0.018349,0.015538,0.120878,0.050105,0.163206,-0.259003,-0.027111,-0.008862,-0.018642,-0.015955,0.107446,0.071071,0.006573,0.030623,0.032251,0.009234,0.026385,-0.026564,0.079105,-0.036842,-0.113685,-0.085062,0.163296,0.045196,-0.084413,0.034441,0.089585,-0.308645,0.013438,0.019908,0.021707,-0.046815,0.059163,-0.012408,-0.025367,-0.090744,0.000954,-0.040414,0.028121,0.001080,0.039082,-0.158516,-0.062779,0.010038,0.058855,-0.058178,0.258009,-0.049097,-0.793594,0.091615,0.463079,0.149469,0.092987,0.016746,-0.131482,0.069075,-0.013255,0.017681,-0.018898,-0.050196,-0.049080,0.281097,-0.008528,0.061288,-0.026041,-0.031336,-0.021129,0.031790,0.037343,-0.090345,0.096138,-0.022343,-0.074345,-0.054944,-0.019531,-0.069464,0.032029,-0.039406,0.030316,0.033617,0.001065,0.071622,0.041163,0.117401,0.031648,0.036173,-0.167944,0.081286,-0.010716,-0.082704,0.007648,0.168173,0.045138,-0.023809,0.002900,0.061570,-0.108982,-0.060664,0.033986,0.013702,-0.012974,0.028235,0.040123,0.100369,-0.031982,0.015602,-0.070262,-0.018533,0.057255,0.124394,0.133649,-0.027284
0.036400,-0.072934,-0.006325,0.017097,-0.041353,0.291186,-0.047726,-0.077324,-0.165244,0.079112,-0.012394,-0.067053,-0.108739,-0.028796,-0.002320,0.045552,0.100718,-0.037493,-0.066291,-0.071433,-0.022800,-0.074431,-0.275183,-0.069138,0.022789,-0.035254,-0.016776,-0.056738,-0.007565,0.056217,0.008987,0.032562,0.045295,0.006580,0.065616,-0.072710,-0.404993,-0.124962,0.109871,-0.087679,0.136634,-0.042393,-0.017425,-0.069037,0.034957,-0.029273,0.079906,-0.123509,0.065004,-0.205763,0.025047,0.006761,-0.000336,0.020773,-0.063440,-0.037924,-0.043254,0.143453,-0.047378,-0.005766,0.015285,-0.025454,-0.069233,-0.007001,-0.088727,-0.079459,-0.191920,-0.033312,-0.125495,0.069791,-0.137333,-0.053944,0.051720,-0.013990,-0.087708,-0.040977,0.021979,-0.048679,0.071199,0.022268,-0.052719,0.014351,-0.060349,-0.063950,-0.034697,0.016662,0.042114,0.000160,0.171434,-0.046048,-0.007189,-0.034793,-0.016194,0.177823,-0.021901,0.058706,0.004965,0.047700,0.066358,0.006162,0.012377,0.120786,-0.020220,0.034238,0.072660,0.413445,0.038003,-0.050688,-0.054465,0.061713,-0.007819,0.013993,-0.001848,0.013504,-0.032057,0.084018,-0.040110,-0.003354,0.142097,-0.127929,-0.034102,-0.015212,0.116346,0.051862,0.026130,0.073321,0.007743,-0.036119
-0.006237,0.003360,-0.013495,0.027093,-0.096651,0.040217,0.041249,-0.050222,-0.138381,0.131649,0.013495,-0.008318,-0.010451,-0.054300,0.025615,0.004039,-0.048251,0.064083,0.005825,-0.021064,-0.033127,-0.013513,0.041741,-0.018822,0.032693,-0.038022,-0.054009,-0.026590,-0.008050,-0.001946,-0.108482,0.039077,-0.049760,-0.030077,-0.076784,0.094724,0.019497,-0.069236,-0.006916,-0.091982,-0.168581,-0.188673,-0.032676,0.009578,-0.007849,0.041967,0.073086,-0.069251,0.108716,-0.145198,0.024388,-0.004698,-0.033573,0.010811,-0.056555,-0.086761,-0.058534,-0.038245,-0.004502,0.086023,-0.082983,0.056179,-0.001880,0.049279,0.014019,-0.016883,-0.015253,0.064288,-0.019424,-0.179761,0.040794,0.022775,0.075887,0.016071,-0.120878,-0.083866,-0.020248,-0.026487,-0.008816,-0.006287,-0.003126,-0.003379,0.008528,-0.116004,-0.076215,0.000233,-0.005986,-0.038351,0.002890,0.031644,0.006676,-0.009223,-0.000577,-0.036747,0.041855,-0.001605,-0.011148,-0.078069,0.113775,0.147251,-0.014467,-0.088420,0.145363,-0.021335,-0.050844,0.057771,0.043037,-0.022223,0.100007,0.019991,0.033851,0.007972,0.005868,-0.055184,-0.057363,0.000020,-0.116400,0.033036,0.019088,-0.008296,0.044340,-0.038600,0.107528,-0.027388,0.067843,-0.146981,-0.026425,0.030685
0.001847,0.012564,-0.242601,-0.058027,0.080787,-0.003753,-0.129514,-0.031258,0.009437,0.074383,0.000309,-0.032204,-0.007141,-0.005247,-0.098225,0.007533,-0.023288,-0.091200,-0.024797,-0.161674,0.029290,-0.004845,-0.037035,0.128295,0.081045,-0.021303,-0.061794,0.058136,-0.041254,-0.004885,0.018772,0.006471,-0.191791,-0.117239,-0.006925,0.044039,0.003804,0.222545,0.012215,-0.034417,0.105572,0.052176,0.109307,-0.036777,-0.015861,0.026269,-0.061488,0.020759,0.076312,0.028607,0.036168,-0.028624,-0.023619,0.019698,0.039277,-0.053607,-0.021583,-0.015653,0.069312,-0.073410,0.082900,0.079584,-0.008012,-0.180096,0.006031,0.102083,-0.018799,-0.129124,0.034013,-0.165191,0.036150,0.012504,0.089483,-0.022956,0.098397,-0.013551,-0.002146,0.008645,0.000095,-0.018409,0.041629,-0.033923,0.110644,0.099736,0.048178,-0.017754,-0.037478,0.011308,0.016298,0.057401,0.036727,0.012457,-0.023730,0.005836,-0.035120,0.007441,-0.003050,-0.028361,0.167500,-0.013730,-0.040591,0.059477,-0.070501,-0.002461,0.052499,-0.093915,0.048922,-0.002275,0.090401,0.103211,0.058742,-0.005856,0.021257,-0.116037,-0.028946,0.154140,0.029613,0.161884,0.008479,-0.003554,-0.056369,0.090940,-0.028459,0.006821,0.035285,0.096610,0.070015,-0.016983
0.008519,0.013207,0.064953,0.046443,0.101813,-0.007293,-0.071411,-0.095254,-0.167353,0.022287,0.009582,0.061826,-0.185833,-0.104182,-0.093409,0.098906,0.030175,-0.048262,-0.087794,0.107849,-0.036771,0.010772,-0.043898,0.122848,0.006514,-0.032653,-0.097026,0.034949,-0.023712,0.011203,0.129452,-0.082171,-0.119702,0.073566,-0.047834,0.141859,0.047104,0.221464,-0.023793,-0.079470,0.033846,0.043792,0.043396,-0.021491,-0.055362,0.011129,-0.046295,0.047083,0.041640,0.019096,-0.028740,-0.085731,-0.032802,-0.109488,0.036295,0.090779,0.031689,-0.014597,0.060240,0.032633,0.121050,-0.138869,-0.005950,-0.111584,0.003919,0.097649,0.002743,0.017612,0.002668,-0.036095,0.172575,0.010008,0.222047,-0.105209,-0.082530,0.112126,-0.028014,0.018588,-0.004074,-0.141966,0.007437,-0.063260,0.085739,0.117880,-0.150765,0.026483,-0.078184,0.053285,-0.028685,0.037554,0.040195,-0.030528,-0.034436,-0.030624,-0.002744,-0.032089,-0.007804,-0.049777,0.126031,-0.002920,-0.012172,0.065436,-0.026500,0.018497,-0.019972,0.025965,-0.032374,0.004599,0.062430,0.024910,0.024199,0.053199,-0.004915,-0.061053,-0.042989,0.095287,0.017785,0.110846,-0.039009,-0.032211,-0.034988,0.101100,-0.036425,-0.006821,0.044294,-0.047866,0.000755,-0.018630
0.007051,-0.015239,0.040740,-0.075129,0.062915,-0.043465,-0.008012,0.080908,-0.008671,-0.003304,-0.037348,-0.021866,0.024431,-0.080600,0.021337,-0.047775,0.012907,0.033528,0.084753,0.034726,0.029366,-0.298197,0.114757,-0.015056,-0.008014,0.012277,0.003891,-0.004726,0.116824,-0.008173,-0.003284,0.001965,0.077373,0.027604,0.022918,0.022441,0.128838,-0.016089,0.152378,0.022191,-0.062390,0.033090,0.169629,-0.247899,-0.025173,0.000106,0.047345,0.039905,0.007070,0.063379,-0.030127,-0.117820,-0.019289,-0.071548,0.097351,0.035293,-0.075822,0.205832,0.008933,-0.034486,0.017817,0.009182,0.063808,0.026419,0.258164,-0.012823,-0.066596,0.009629,0.026137,0.103661,0.341914,0.062883,0.016576,0.003975,0.004765,0.084070,0.039868,0.330080,0.240379,0.047860,-0.000876,0.014854,-0.064532,0.053305,-0.023190,0.105703,-0.033425,-0.018226,-0.001836,-0.031124,0.059981,0.062458,0.018215,0.333693,-0.150733,0.139433,-0.002795,-0.016143,0.036231,0.031691,-0.011155,0.004078,0.063008,0.148470,0.020806,-0.004709,-0.044430,0.035464,0.011518,0.118229,0.003083,-0.002481,0.213283,0.056765,-0.076638,0.011330,0.022644,-0.017326,0.087501,-0.030769,0.067048,-0.043965,0.198370,-0.291124,0.038703,0.006288,-0.007212,0.029567
-0.021744,-0.012637,-0.072126,0.123703,-0.093079,0.120168,0.036423,-0.030795,-0.088697,-0.042363,-0.078829,-0.054800,-0.045231,-0.000062,-0.042162,-0.039858,-0.009269,-0.098764,-0.131786,0.020282,0.947575,-0.072004,0.000236,-0.023026,0.015916,0.067530,0.047925,0.021387,0.000481,-0.059492,0.018698,0.044130,-0.016083,-0.053479,-0.009054,0.035435,-0.106672,0.014981,0.052980,-0.031675,-0.071459,-0.074553,0.036017,-0.057975,-0.092113,0.006710,-0.039802,-0.044922,-0.165712,-0.043635,0.067106,0.036294,-0.033556,0.068400,-0.106863,0.019414,0.035657,0.037562,0.016754,-0.026010,-0.015687,-0.024390,0.039201,0.066857,0.060646,-0.088949,-0.016942,0.530210,0.061333,-0.028469,0.033797,-0.078554,-0.029391,0.056084,0.159198,-0.039015,-0.027809,0.058688,-0.025368,-0.065823,0.084587,0.063326,0.157722,-0.111540,0.014559,-0.100537,-0.055401,-0.003696,0.003809,0.117661,-0.001501,0.027471,-0.037946,0.047374,0.084758,0.061954,-0.000380,-0.044288,-0.035904,-0.018461,-0.017281,0.046142,0.002298,-0.144004,0.013064,-0.001817,-0.028465,0.033953,0.107023,0.156191,0.055840,0.042475,0.008010,-0.006762,0.021156,0.009866,-0.003446,0.089438,0.043344,-0.066744,0.019653,-0.014534,0.040701,0.051685,0.015050,-0.047163,0.060416,-0.057449
0.101232,-0.080929,0.091130,0.011450,0.035276,-0.055799,-0.020888,0.122470,0.075516,0.137792,-0.068280,0.060567,0.078871,0.041223,0.036608,0.083340,0.022932,-0.004279,-0.048961,-0.137455,0.002180,-0.019153,-0.029640,0.001642,0.028930,0.054978,-0.563429,0.201793,-0.003588,-0.050199,-0.005131,0.019941,0.041100,0.012897,-0.024968,-0.684760,-0.005759,0.064613,-0.058369,0.067016,-0.018803,0.016044,-0.566572,-0.080678,-0.006955,0.004680,-0.054090,0.012135,0.076970,-0.000192,-0.015912,0.095508,0.028332,-0.025943,-0.070484,-0.038443,0.050775,0.002544,0.006857,0.010629,-0.065963,0.053216,0.039842,0.036262,-0.032476,0.007683,-0.032240,0.237424,0.076072,-0.021332,0.143093,0.047492,0.077764,-0.032654,0.015545,0.087436,-0.027379,-0.069658,0.158019,0.019556,-0.050049,0.012357,0.052427,-0.024740,-0.032569,0.049794,-0.014667,0.001195,-0.101048,0.017002,0.146862,0.236954,-0.018836,0.127785,0.019986,-0.039566,-0.008868,0.046851,-0.023448,-0.079542,0.011869,0.034872,-0.067640,-0.060351,0.015096,0.005202,0.044159,0.107121,-0.010147,-0.029049,0.000310,0.019246,0.027433,-0.113652,0.057044,0.250546,-0.004215,-0.049997,-0.072100,-0.023769,0.064484,-0.088850,-0.073350,-0.016821,-0.031182,0.068911,-0.124633,-0.058960
0.004752,0.039170,0.177606,-0.041934,-0.006295,-0.004094,-0.124127,-0.035293,-0.024915,0.141394,-0.029009,-0.010808,-0.054194,0.123488,-0.005696,-0.051273,-0.003973,0.061121,-0.000996,-0.015825,-0.102756,0.049985,0.009517,-0.164130,-0.094114,-0.036532,-0.045129,-0.027095,0.015599,0.042911,0.061004,-0.056443,0.105987,0.122626,0.109004,-0.065611,-0.022885,-0.114232,0.039351,0.104748,0.097049,0.000848,0.048734,0.057520,-0.003180,0.054876,0.033690,-0.027451,-0.057010,-0.053111,-0.069537,-0.046543,-0.010140,-0.017664,-0.099886,0.018138,0.064123,0.003093,-0.043110,-0.031340,0.052677,0.102979,0.013916,-0.049386,0.018282,-0.235763,-0.006318,-0.023045,0.034188,-0.072784,-0.146143,0.036723,0.003976,-0.090765,-0.135833,0.054074,0.044180,-0.005152,0.005571,0.060934,-0.057749,-0.162623,0.023994,0.091702,-0.020934,-0.007275,0.017811,-0.022778,0.066308,-0.057827,-0.038095,0.002728,0.210477,0.011221,-0.066799,0.111882,-0.017261,0.005848,0.067044,0.041543,0.014829,0.008494,-0.249851,-0.009012,-0.054578,-0.059555,0.015304,0.022649,-0.192671,0.021883,0.000618,0.106918,0.009591,-0.053372,0.037700,-0.167394,-0.049462,0.074892,0.001459,0.030370,0.012864,-0.114735,0.139830,0.042258,-0.029798,0.161308,0.190057,0.023633
0.022029,0.009879,-0.091427,-0.028370,-0.089919,0.018951,-0.074620,-0.020974,-0.026955,-0.000715,0.095758,-0.023828,0.032260,-0.146733,0.040926,-0.011202,0.043187,-0.008534,-0.051572,-0.022923,0.008588,-0.000689,-0.012338,-0.010211,0.017621,-0.066706,-0.074092,0.027735,-0.018537,0.030829,0.024393,-0.077392,0.138272,-0.042646,0.078276,0.128161,-0.002261,-0.036211,-0.008612,0.100627,0.024908,0.013705,-0.014083,-0.046048,0.059824,0.037988,0.047895,-0.032677,0.015821,-0.045958,-0.002289,0.070796,-0.033359,-0.076916,-0.093198,-0.044122,0.090593,-0.017654,0.012327,-0.056616,0.011195,0.031268,-0.014756,0.060669,0.018413,0.032650,-0.041726,-0.044863,0.017229,-0.023506,0.092142,0.016816,0.049996,0.073891,-0.096063,-0.077633,0.001911,-0.001765,-0.003962,0.003476,0.020183,0.187716,-0.017868,0.043029,-0.038414,-0.008973,0.018717,0.080215,0.006480,-0.034251,-0.009131,0.020207,0.014464,0.014360,0.080468,-0.010589,0.014309,0.087332,0.046848,0.248019,-0.013606,0.052107,-0.011423,-0.016089,0.005169,-0.064587,-0.044988,0.016210,0.084569,-0.077382,-0.005293,-0.132664,0.026070,-0.038450,-0.046999,-0.054839,-0.170277,-0.082709,0.010631,-0.126538,-0.090295,-0.021575,0.037180,-0.020680,0.021085,-0.048161,0.006213,-0.059123
0.055815,-0.045517,0.001803,0.044094,-0.033948,0.261694,-0.061419,0.046888,0.021522,-0.096211,-0.051982,-0.005254,-0.035987,-0.041938,0.011650,-0.025970,0.095022,-0.102223,-0.106826,-0.042581,-0.055915,0.064392,0.166173,-0.033523,0.009376,0.043035,0.007216,0.030717,0.060206,-0.332563,0.034353,0.006215,-0.117523,0.060020,0.013846,0.004784,0.265911,0.021653,-0.003365,0.042190,-0.113643,0.060884,-0.077335,0.204211,-0.052902,0.038978,0.070612,0.027688,0.005253,0.052202,0.034746,-0.020229,-0.047595,0.088666,0.006824,0.070789,0.034319,-0.013488,0.072776,0.027231,-0.039195,-0.032039,0.090356,-0.076368,-0.138277,-0.109648,-0.006360,0.005920,-0.159450,0.082104,0.071918,0.030076,-0.003066,0.039661,0.106905,0.021899,0.019324,-0.222224,0.071694,-0.045200,0.072196,0.046770,0.006103,0.003555,0.074881,0.098762,0.056211,0.011822,0.075472,0.048803,0.039400,-0.008697,0.092587,-0.110991,-0.019001,0.023316,0.009354,-0.027426,-0.006896,0.146530,0.094237,-0.021640,0.169616,-0.021737,0.026137,-0.372734,0.002455,-0.130935,-0.058482,0.019213,-0.051977,-0.020432,0.095840,0.007393,0.071251,-0.110068,-0.004105,0.012215,0.683718,0.054874,0.009218,-0.172109,-0.040888,-0.069277,-0.040278,0.114166,0.027414,0.026203
0.042573,-0.070358,-0.062029,-0.004844,0.083604,0.020452,-0.133853,-0.033994,-0.034833,-0.007012,-0.038534,0.026213,-0.073735,-0.032168,-0.015022,0.050566,0.093923,0.052444,0.095893,-0.046340,0.009979,0.037509,0.039315,0.123118,0.126111,-0.068122,0.060328,-0.046754,0.003196,-0.025912,0.016738,0.032742,0.126250,-0.108075,-0.098956,0.044554,0.058637,-0.008657,-0.007953,-0.078972,-0.109574,-0.034056,0.069958,-0.000800,0.083071,-0.018999,0.040359,-0.017884,0.190050,0.042621,0.127946,0.021186,0.024245,-0.081883,0.303061,0.082868,-0.120931,0.012558,0.018645,0.048531,-0.058450,-0.140731,0.006399,-0.036782,-0.022569,-0.051865,0.030414,0.027288,0.001572,0.006593,-0.081305,0.029142,0.068804,-0.044504,0.108441,0.057696,0.050773,0.015230,-0.041312,-0.023685,0.086956,0.129092,0.069042,-0.093655,0.008576,-0.013439,-0.022856,-0.013678,-0.019160,0.280143,-0.077101,0.078063,-0.113319,0.002717,-0.144798,0.022164,0.004348,-0.077368,0.070665,-0.210178,-0.011297,0.074034,-0.028204,-0.067666,0.145690,0.004922,-0.019338,-0.009137,-0.136006,-0.033977,-0.026654,-0.027274,-0.022853,-0.042625,-0.106982,0.002830,0.005837,0.020970,-0.050057,-0.056299,-0.045327,-0.011298,0.006118,0.089355,-0.018161,0.054352,-0.135361,-0.021557
0.162371,-0.021995,-0.011251,0.024529,0.280353,0.042481,-0.048812,0.032662,0.044542,0.027076,0.035862,-0.104670,-0.014495,0.049581,-0.030315,-0.040012,0.194674,0.060462,-0.048383,-0.025611,0.029952,0.023377,-0.111135,-0.055217,0.014461,-0.017273,0.079431,-0.092076,-0.066662,-0.130721,-0.003987,-0.018597,-0.000529,-0.028978,0.058089,-0.061354,0.083549,-0.067817,-0.162022,-0.036967,0.074003,0.004476,0.055798,0.028390,0.025190,0.008824,0.034498,-0.018126,0.045339,-0.007044,0.028104,-0.011377,-0.021570,-0.015894,-0.149518,0.061147,-0.088976,-0.017912,-0.049754,-0.014233,-0.022979,0.050541,0.020035,0.046438,-0.005747,0.071227,-0.043730,-0.085647,0.055415,-0.027635,-0.064466,-0.075043,0.106938,0.142792,0.006128,0.217247,-0.096454,0.122854,0.068116,0.202541,-0.084535,-0.038815,-0.021905,-0.031519,-0.018275,-0.135169,0.026937,0.008159,0.031580,0.130082,0.031681,-0.020229,-0.012228,-0.009755,0.196793,-0.126549,-0.000527,-0.940267,-0.127983,-0.010446,-0.030181,-0.010295,0.028311,0.284138,-0.005808,0.072446,0.010305,0.171258,0.064759,0.052929,-0.034778,-0.104967,-0.085921,0.010160,0.029789,-0.018030,-0.030062,0.017426,-0.046876,-0.028115,0.152370,0.011603,-0.105556,-0.304020,0.001994,0.003028,-0.018816,0.079946
-0.035679,0.071315,0.032293,-0.065415,-0.062606,0.077447,-0.002042,0.057741,0.139629,0.062601,-0.002151,0.039641,0.079449,-0.206773,0.018197,-0.006773,-0.026690,-0.002188,-0.009470,-0.017234,-0.048841,0.061662,-0.084268,0.095369,0.058205,-0.020531,0.098225,-0.003196,-0.093258,0.011359,-0.012915,-0.034117,-0.066573,-0.067512,-0.169093,-0.021356,-0.401917,-0.013984,-0.067268,0.072541,0.126844,-0.030380,0.200653,0.028073,0.008407,0.002614,-0.133928,0.016571,0.020593,0.074898,-0.061304,-0.168541,0.058925,-0.261580,-0.071173,0.075384,-0.080994,0.075548,-0.090367,-0.026774,-0.111930,-0.075740,-0.014807,0.104780,0.028896,-0.014896,-0.152315,-0.072576,-0.127811,-0.094569,0.005134,-0.125591,0.042669,-0.068140,0.084982,0.020889,-0.002553,0.079896,0.057164,-0.046725,0.020133,0.122753,0.159815,-0.021294,-0.080386,0.039107,-0.004532,-0.092032,0.142521,-0.002165,0.065526,0.191772,0.101831,0.008469,-0.098548,-0.015338,-0.008500,0.063074,-0.027561,0.084201,0.079224,0.012917,-0.217179,0.011442,-0.000171,-0.020882,0.037529,0.056507,-0.222487,0.108789,-0.027973,0.030036,0.049868,-0.185159,-0.052819,0.064440,0.024204,0.169039,0.104295,-0.309360,-0.023355,0.019943,-0.110731,-0.044671,0.023054,-0.200036,-0.095282,0.101243
-0.122026,0.022977,0.023118,-0.018939,-0.021579,-0.129701,0.080777,-0.015417,0.011970,-0.003568,0.158551,0.061590,-0.019396,0.099946,0.002114,0.108717,0.033404,0.013680,0.044978,-0.010059,0.123310,0.064915,0.146870,-0.048202,0.015558,0.015717,-0.000006,-0.120475,-0.008315,-0.052041,0.088373,-0.035757,-0.015004,0.046457,0.014642,-0.028426,0.046110,0.006324,0.007562,-0.010531,-0.157447,-0.032758,-0.006186,0.108471,0.198585,0.031102,0.034463,0.006711,-0.008797,-0.028539,0.016988,0.056770,0.075769,-0.014998,0.081867,-0.001130,-0.004268,0.498443,0.069398,0.026575,0.031384,0.035111,0.199471,-0.036998,0.179462,0.105325,0.011317,0.050055,-0.127764,0.010284,-0.293936,-0.047114,0.080117,-0.031266,0.018308,0.034476,-0.062670,-0.029270,-0.176455,-0.047550,-0.448691,-0.027667,-0.025873,-0.014830,-0.041773,0.004552,0.037421,0.041318,0.086279,0.028417,-0.004487,-0.034687,-0.047478,0.074662,0.029495,0.039444,0.011366,-0.000148,0.054445,-0.017516,0.004983,0.027136,-0.264255,0.012056,-0.009734,0.104526,0.017261,-0.134438,0.018115,-0.024552,-0.018797,-0.002388,0.026118,-0.059440,0.032001,-0.018495,-0.086565,-0.063220,0.101798,-0.024024,-0.034153,0.117834,-0.192356,0.113591,-0.005151,0.093672,0.283196,0.056354
0.054490,-0.031416,-0.054914,-0.001396,0.019370,-0.076228,0.023492,-0.044226,0.022836,-0.041964,0.010093,0.007031,0.001439,0.042908,-0.062953,0.064970,0.018914,-0.063186,0.089364,0.032814,-0.114184,-0.091660,0.032766,0.039372,0.052690,-0.028311,-0.059711,0.229433,-0.027033,-0.095387,0.019350,-0.032200,-0.011048,0.004263,-0.099264,0.017762,0.105174,-0.077838,0.120783,-0.044731,-0.249558,-0.002091,-0.102462,0.186033,-0.022767,-0.002478,0.025781,0.017402,-0.049448,-0.031472,-0.006093,0.121781,0.008901,0.084716,0.029790,0.022742,-0.059624,0.103404,0.104729,-0.077577,0.048982,-0.032414,0.044032,0.011988,-0.282580,0.111107,-0.085526,-0.071584,-0.034046,-0.021083,-0.009236,-0.083906,-0.039141,-0.012232,0.002376,0.000856,-0.092782,0.179532,0.208961,-0.029594,0.023479,0.005252,-0.024859,-0.030537,-0.028531,0.033081,0.000039,-0.009789,0.001239,0.098699,0.055069,-0.076235,-0.054019,0.233494,0.040122,0.116689,-0.021344,0.016478,0.012903,-0.015103,0.047084,0.091669,-0.035254,0.005256,-0.019531,-0.081044,-0.011051,0.069219,-0.019321,0.026553,0.017556,0.067972,0.172028,0.014895,-0.025171,-0.106545,-0.059411,0.017589,-0.028663,-0.100421,-0.010632,0.140372,0.113820,0.105265,-0.027009,0.007843,-0.077197,-0.038960
0.004477,0.030461,-0.086946,0.109474,0.110334,0.004908,0.072966,0.052720,-0.201672,0.069710,-0.239025,0.016207,0.051755,0.066678,-0.055965,0.098526,-0.158095,0.016415,0.064645,0.124283,0.090679,0.008560,-0.023818,0.006643,0.072733,0.066335,-0.049758,0.008613,-0.099927,0.036203,0.056482,-0.011007,-0.065168,0.109049,0.061229,-0.067615,0.026233,-0.036348,0.002254,0.109868,0.045249,-0.016888,-0.086937,0.014783,0.023200,-0.005772,-0.104787,0.022627,0.089233,0.090631,-0.113237,0.051665,0.222000,-0.018481,0.037611,0.177483,-0.057631,-0.008558,0.032975,-0.035055,0.026533,0.093137,0.013672,0.022326,0.039595,-0.085122,0.003719,-0.072509,-0.003389,0.042215,-0.061847,0.019039,-0.018795,-0.057369,0.092677,0.001846,0.020239,0.011349,0.002392,0.154318,0.025463,-0.068558,-0.059720,0.123384,-0.098946,0.023168,-0.078122,0.023405,-0.020228,0.065279,-0.087072,-0.042811,0.053458,0.043111,0.009994,0.040468,-0.003595,0.022511,0.062951,-0.068710,0.015330,0.115378,-0.054299,0.007022,0.061244,-0.042075,0.116402,-0.008238,-0.004400,-0.000132,0.116232,0.021035,-0.025385,0.038930,-0.008612,-0.026637,0.070345,0.223379,0.014348,0.031421,0.003121,-0.005999,-0.014811,0.009667,0.068353,-0.184567,0.116230,0.006770
0.086675,0.050047,-0.019193,0.007406,0.016298,-0.127015,-0.027838,0.012690,0.024393,0.037317,-0.002048,-0.010220,0.002735,0.054835,0.002507,0.000734,0.009790,-0.018612,-0.049295,-0.021929,-0.024570,0.047596,-0.007366,-0.053052,0.000374,0.014507,0.056484,0.012580,-0.002506,-0.050711,-0.017945,0.007559,-0.025024,-0.013788,0.067567,0.017074,0.023651,0.053138,0.032593,-0.009901,0.028154,-0.007254,0.017131,-0.054307,0.004810,-0.008898,0.024027,-0.021694,0.003370,-0.038922,0.011140,0.035462,-0.001672,0.006903,-0.036743,-0.024440,-0.022619,0.026732,0.022472,0.047712,-0.036681,0.021567,0.054583,0.014974,-0.009941,0.017890,-0.013153,-0.007340,-0.018070,-0.019745,0.002033,0.051602,-0.019359,-0.022537,0.016641,-0.002393,0.009289,0.042927,0.046266,-0.015970,0.221961,-0.016589,-0.015865,0.001297,0.024375,-0.053794,0.060413,-0.010677,0.000814,-0.007812,0.001462,0.049885,-0.004851,0.035977,0.009040,-0.015756,-0.000284,-0.034498,-0.009893,-0.013672,1.309949,-0.034585,-0.026790,-0.089233,0.010497,-0.001153,-0.020240,-0.049658,-0.020849,-0.059482,-0.010563,-0.019092,0.035311,0.006634,-0.019161,-0.011595,-0.018362,0.007206,-0.043103,0.031899,0.030769,0.042288,0.087440,-0.060127,-0.023638,-0.085341,0.098749,0.003218
0.001169,0.002466,0.002077,0.001250,0.008609,0.007205,0.000895,-0.020522,0.011493,-0.009387,-0.008588,0.002693,-0.009107,0.002436,-0.010002,0.013719,0.005491,0.005357,0.001157,-0.000174,-0.008381,-0.006477,0.000328,0.006173,0.007800,-0.005703,-0.005785,-0.001170,-0.005906,-0.003556,-0.005015,0.004553,0.002240,0.008659,-0.013492,-0.007622,0.003745,-0.012508,-0.005171,0.010666,0.002405,-0.019085,0.010687,-0.001946,-0.003765,0.024005,-0.006730,-0.002536,0.002010,0.007107,-0.006077,-0.000744,-0.001595,0.011764,0.004217,-0.012153,0.004010,-0.000784,-0.000395,0.023581,-0.015672,0.015800,-0.005100,0.004204,0.000758,-0.006288,0.008607,0.003227,0.009366,-0.004411,0.003272,-0.000675,0.016684,0.013194,0.001469,-0.005552,0.000978,-0.004035,0.002214,-0.002667,0.002448,0.004110,0.012791,0.001379,-0.006740,-0.004145,0.000334,-0.001064,0.006537,-0.005679,-0.017104,0.006125,0.003454,0.007185,0.012703,-0.008963,0.006570,0.008528,-0.017145,-0.006099,0.000186,0.017829,0.001255,-0.003686,-0.000657,0.003134,-0.010862,-0.013236,0.008833,-0.004967,0.009985,-0.009932,0.004110,0.000268,-0.004087,0.001690,0.010886,-0.001788,-0.003917,-0.000957,-0.001768,-0.005561,0.003234,-0.009928,0.001737,-0.002751,0.009014,-0.001757
-0.021293,-0.023711,0.013305,0.110239,0.013137,0.027489,0.017109,0.018390,-0.031685,0.042545,-0.084675,0.129616,-0.126326,0.108299,-0.000105,-0.062648,-0.050054,0.025751,0.027664,0.056638,-0.015344,-0.005581,-0.019007,0.093361,-0.098726,0.060752,0.008088,-0.026178,-0.004370,-0.035548,0.035671,0.096814,-0.008993,-0.050519,-0.040197,-0.015233,-0.008108,-0.028818,0.007908,-0.022879,-0.010191,-0.018185,0.042189,-0.006771,-0.036782,-0.004831,0.021625,0.040593,-0.175457,0.060976,0.002596,-0.210315,0.023194,-0.246856,-0.051813,-0.076904,-0.024395,0.032343,-0.000140,0.085857,-0.001265,0.114088,0.000445,-0.048947,-0.006608,-0.110298,0.010899,-0.010320,0.012209,0.023035,-0.048962,-0.023337,-0.011579,0.226078,0.115015,0.075210,-0.017497,0.007447,0.014868,0.041713,0.004736,-0.136071,-0.026383,0.025241,0.005952,0.000939,-0.016391,-0.057918,0.003106,0.040664,-0.033730,-0.008399,-0.026833,0.020658,-0.027769,-0.058774,0.033117,0.121019,-0.000754,0.094834,0.009235,-0.145938,0.022205,0.055104,-0.093673,0.032524,-0.118681,0.006265,-0.064325,-0.008536,0.055688,-0.066307,0.037794,0.048301,0.089203,0.080896,0.171173,0.061230,-0.011164,0.114245,-0.042725,-0.065643,0.022017,-0.057838,0.172599,0.005501,0.054739,0.018213
-0.000513,-0.001694,0.006527,0.009669,-0.001423,-0.007709,-0.006815,-0.015730,-0.009781,0.020253,-0.005614,0.005068,0.014123,-0.006224,-0.010955,0.004105,0.004227,0.000447,0.008273,-0.001636,0.003030,0.002219,0.000299,0.013340,0.005230,0.015502,0.002057,-0.002310,-0.000749,0.003476,0.000451,-0.005748,0.008612,0.004519,-0.001435,0.010367,-0.009714,-0.006166,0.000373,-0.001907,-0.001534,0.003424,-0.007617,0.009625,-0.001600,0.006293,0.001477,0.009239,0.009723,0.000443,-0.009618,-0.007592,0.006344,-0.002417,-0.004540,-0.002252,-0.000389,-0.002688,0.001315,0.009056,-0.000905,0.004168,0.004739,-0.004796,-0.000142,0.005979,-0.004428,0.006494,-0.012368,0.011599,-0.001117,0.001687,0.001547,-0.013764,0.005861,-0.007155,0.001336,0.005777,-0.001226,0.012457,-0.002149,0.001379,-0.011024,-0.003303,-0.003774,0.004766,-0.000770,0.008433,-0.004582,0.004135,0.008437,-0.000356,0.010193,-0.002249,0.003963,0.003959,-0.004945,-0.003593,-0.000787,0.018661,-0.000554,0.001335,0.000297,0.000088,-0.002523,-0.009926,-0.003894,0.003322,0.002152,0.001394,-0.001785,-0.007364,-0.001055,0.004059,-0.001170,-0.005381,-0.009934,-0.004273,0.000931,-0.001747,-0.003476,-0.000470,-0.006046,0.004863,-0.010551,-0.005746,-0.000803,0.002398
-0.098148,0.110169,-0.053589,0.001818,0.005370,0.142960,-0.161460,0.105339,0.056718,0.038639,0.087480,-0.049861,0.027471,-0.065135,-0.043066,0.016897,0.025413,-0.055100,-0.044916,-0.132082,0.046356,0.009839,-0.000783,-0.040935,-0.001305,-0.020292,0.015433,-0.129290,-0.021723,0.090644,-0.005084,0.028596,0.017577,0.017464,-0.002192,-0.069178,0.122940,0.077522,0.343177,0.013752,0.135028,-0.002009,0.012180,-0.250512,-0.275136,0.005701,-0.082452,-0.054508,0.128860,-0.067725,-0.024286,0.023453,-0.032151,0.064061,0.175307,0.074999,0.026364,0.320667,-0.079615,0.058928,-0.002571,-0.015608,-0.032312,-0.034533,0.086942,-0.240106,-0.049937,0.025378,-0.088376,0.006889,-0.088695,0.034870,0.022540,-0.002839,0.052401,-0.023175,0.171656,0.232930,-0.346663,-0.120656,-0.192705,0.003039,-0.065836,0.021208,0.000550,0.045504,-0.122190,0.008771,0.172767,-0.025296,-0.046196,0.081410,0.089714,-0.243002,0.048014,-0.008156,-0.013518,-0.040646,-0.020457,-0.071317,0.076517,0.030034,0.157683,-0.058371,0.002723,-0.134821,0.027879,-0.010560,-0.028031,0.026800,-0.046498,-0.061076,0.010054,-0.028349,0.025972,-0.041245,-0.077542,0.042029,-0.145057,0.017911,-0.040400,-0.285728,-0.094382,-0.090981,0.011563,0.004229,-0.068185,-0.019803
-0.036245,0.001396,0.002798,0.008080,0.041467,-0.137708,-0.060490,0.002689,-0.019192,-0.087784,0.109794,-0.001394,0.022378,0.119123,0.016794,0.023551,0.036438,-0.005294,-0.593837,0.050005,0.029548,-0.018879,0.059265,0.067124,0.004287,-0.017541,-0.072983,-0.003777,0.012182,-0.090590,-0.019312,-0.026827,-0.061275,-0.057752,-0.047618,0.003771,0.047607,-0.005628,0.247694,0.008268,-0.115758,-0.088299,-0.052428,-0.106821,0.032050,0.000007,0.057785,0.006361,-0.035313,-0.012327,0.047795,0.012486,0.035212,-0.089756,0.193052,-0.066849,-0.084023,0.089356,-0.091871,-0.048266,-0.054187,-0.050018,-0.015878,-0.038150,-0.102076,-0.051779,0.050545,-0.049435,0.025273,0.021585,0.033444,-0.004106,-0.065138,0.021526,0.077345,0.023794,0.091212,0.103859,0.088076,0.064629,0.078762,-0.008674,0.061030,0.030151,0.031014,0.029040,0.061411,-0.016088,-0.090410,0.025621,0.081051,-0.100838,0.899942,-0.015338,-0.008858,-0.145476,0.004641,-0.032867,-0.009739,-0.094151,-0.089686,-0.022051,0.049301,-0.074483,-0.012090,0.164885,-0.057949,0.045889,-0.048896,-0.069005,-0.007650,-0.021929,-0.009060,-0.042688,0.006833,-0.076077,0.003694,0.036607,-0.022535,-0.038324,0.066792,-0.010952,0.039403,0.012325,0.059879,-0.047874,0.034698,-0.004603
0.117928,-0.038274,0.051845,0.047245,0.055488,0.153601,0.064916,-0.174305,-0.013330,-0.064306,0.119863,0.018124,0.100132,0.218640,0.032998,-0.000561,-0.139602,0.007070,0.153920,0.091493,0.090378,-0.000786,-0.015033,-0.030000,-0.004836,-0.068484,0.333020,-0.189337,0.001853,0.171193,0.016642,-0.036191,-0.104886,-0.001430,-0.014031,-0.036058,-0.019062,0.115714,-0.095475,0.148895,0.039938,-0.059791,0.051331,-0.108513,0.040716,-0.002655,-0.028580,-0.002062,-0.004934,-0.046910,0.033705,0.409716,0.115280,0.023261,-0.050468,-0.173379,-0.117796,0.111404,0.006206,0.001361,-0.281251,0.064282,-0.158143,-0.074210,-0.010341,0.040746,0.019847,-0.031554,0.004233,-0.011165,0.367387,-0.029473,-0.073428,-0.184678,0.020968,0.052401,0.004699,-0.032077,0.023641,0.072711,0.040522,-0.094286,0.067378,0.014781,-0.058026,0.102994,0.015124,0.053512,-0.000512,-0.023473,-0.040458,-0.215550,0.042243,0.226132,0.025170,-0.131393,0.003292,0.060853,0.039665,-0.037028,-0.027775,-0.000397,-0.048565,0.143580,0.014292,-0.049213,0.060267,0.094674,0.019031,-0.275703,0.001002,0.328293,0.188049,0.027952,0.110681,-0.206377,-0.013483,-0.025754,0.008538,-0.075098,0.052410,-0.039475,-0.075308,0.026437,-0.011235,-0.009903,0.008606,-0.075215
0.015729,-0.027950,0.009046,0.072366,-0.030766,-0.010884,0.044748,0.017723,0.015401,-0.015034,0.026675,0.003643,0.002987,-0.040614,0.009923,0.065169,-0.084169,-0.001763,0.066661,0.010879,0.020781,-0.110317,-1.238522,0.010082,-0.003368,-0.005522,-0.023907,0.026207,0.006836,-0.017658,0.010030,-0.005363,0.001527,-0.001951,-0.011616,0.012696,0.365226,0.062761,0.141834,0.033290,-0.061554,-0.008753,0.005211,0.030601,0.030953,0.002403,-0.003126,0.030886,-0.032295,0.066023,-0.003681,-0.027604,0.022543,-0.007721,0.012208,-0.019292,0.049244,0.124937,-0.049906,0.046834,0.023700,-0.008401,0.113269,-0.027688,-0.009428,0.051851,0.013937,-0.042586,-0.148473,0.006299,0.007494,-0.045712,0.022497,0.037284,0.013954,-0.045768,0.056812,-0.021183,0.039128,-0.031165,-0.034133,-0.025066,0.004207,-0.043755,-0.006293,-0.082455,0.033282,0.030900,0.024511,0.017113,-0.031168,-0.016905,0.050431,0.056097,0.028276,-0.062428,-0.003576,0.011423,0.027707,-0.016691,-0.015930,-0.098779,0.093318,-0.040888,-0.034899,-0.056150,0.034670,-0.122356,0.020611,-0.001838,-0.001441,-0.014041,0.085674,0.017146,-0.022585,-0.072706,0.039352,-0.058713,0.048750,0.004870,-0.026873,0.026604,0.033480,0.064293,-0.034709,-0.026542,0.008033,0.004483
0.011397,-0.078685,-0.063693,0.024427,0.047388,0.010679,-0.065739,0.019422,0.120437,0.085962,0.115320,0.091333,-0.036262,0.095726,0.002640,0.123689,-0.015529,0.127985,-0.038927,-0.087142,-0.046950,0.010213,0.018071,0.121393,0.192845,0.012997,-0.063223,-0.011119,0.064540,-0.057371,0.087275,-0.066317,-0.172573,0.131145,-0.162771,-0.045854,-0.051741,0.167036,-0.000545,0.031436,-0.029730,0.080963,0.034939,-0.001907,0.134948,-0.009779,-0.184545,0.043693,-0.060003,-0.056422,0.158517,-0.015708,-0.086531,0.125577,0.108458,0.002332,0.031208,0.030601,0.012293,0.164307,0.018503,-0.155950,0.001569,0.042173,-0.004469,-0.060527,-0.020637,-0.073570,-0.062484,-0.027061,-0.096956,0.035023,-0.074334,0.027391,-0.022680,-0.078606,0.043992,0.076566,0.045829,0.174574,0.066919,-0.042103,-0.026268,0.029909,0.013190,-0.034276,0.042138,-0.129412,-0.009389,0.104281,-0.056189,-0.044636,-0.112247,-0.015256,0.093619,-0.020520,-0.006726,0.086251,0.093425,-0.056457,-0.028822,0.084818,-0.022298,0.072139,0.124777,-0.003201,0.074612,0.018225,0.219360,-0.004395,0.077509,0.163418,-0.019160,0.034435,-0.024380,-0.075875,-0.036932,-0.034137,-0.035640,0.062181,-0.023479,-0.059666,-0.055100,-0.048428,0.100393,0.206771,0.119108,0.000747
0.013232,-0.012379,-0.000538,0.022990,0.115918,0.230980,0.136361,0.049276,0.052944,-0.002058,0.038346,-0.053910,-0.015454,-0.048640,-0.080324,-0.011315,0.083656,-0.013120,0.026507,0.003073,-0.008842,-0.017570,0.127436,0.015144,0.017947,-0.064948,0.045077,-0.048678,-0.023886,-0.067462,-0.042494,0.028307,-0.021518,-0.001763,-0.048999,0.034824,0.061502,0.076204,0.100181,-0.031442,0.169856,-0.026612,-0.109558,-0.018843,-0.052807,-0.007692,-0.011380,0.021640,-0.065437,0.058952,-0.003932,-0.048829,-0.012429,-0.129397,0.015838,-0.003094,-0.020142,-0.037826,0.071016,0.009463,-0.010243,0.012567,0.042495,0.041491,0.013457,0.014642,-0.053055,-0.035760,-0.046699,-0.004527,0.130722,0.029274,0.071920,0.079394,0.047400,0.039443,0.056761,0.085506,-0.063202,0.111480,-0.172271,-0.001266,-0.013502,-0.025852,0.062726,-0.049363,-0.024581,-0.025471,0.061052,-0.061103,-0.000616,0.063120,0.036993,0.047359,0.076210,-0.088874,-0.007873,-0.080582,-0.061059,-0.003302,0.090955,-0.044435,0.054921,0.217092,0.005300,0.147955,0.003246,-0.008846,-0.005258,-0.101545,-0.011072,-0.100388,-0.068513,0.057110,0.053516,0.054347,0.040948,0.011637,-0.014562,0.060185,0.037866,-0.001641,0.091356,1.099355,0.068554,-0.029432,-0.001848,0.092277
0.017934,-0.572973,-0.083436,0.102947,-0.061326,0.068985,0.047262,0.079757,-0.032117,-0.039908,0.044311,0.019520,-0.005780,0.016024,-0.037017,-0.032784,-0.030280,0.112628,0.082686,-0.014386,-0.171687,0.112611,0.053539,-0.033176,-0.049017,0.014633,-0.012554,-0.060682,0.031289,0.076167,-0.047373,-0.080323,0.004721,0.009390,-0.011656,0.022370,-0.130809,0.236399,-0.098114,0.087275,0.068520,0.039959,-0.014092,-0.128140,-0.134179,0.019836,0.048792,0.040180,-0.044439,-0.020906,-0.025282,0.099261,0.035817,-0.053167,0.097486,0.127363,0.035091,0.237220,-0.053549,-0.021236,-0.058642,0.090232,0.025297,-0.014734,-0.107655,0.172345,0.072332,-0.039469,-0.108773,0.010880,-0.071438,-0.042965,0.002607,0.047257,0.346313,0.021241,-0.078398,0.083489,-0.014629,-0.085741,0.033731,0.001534,0.209565,0.007589,-0.011311,0.070261,0.728193,0.061890,0.002046,0.013816,-0.020069,-0.010670,-0.031834,-0.063798,0.240027,-0.015446,-0.006874,-0.007415,-0.061982,0.014802,-0.059167,0.002139,-0.032420,0.023757,-0.065004,-0.156770,0.057153,0.030044,0.069756,0.040858,0.031640,-0.189179,0.016824,0.074373,-0.105612,0.030252,-0.005598,0.269574,0.050354,0.018452,0.032776,-0.016991,0.262487,0.003786,0.002524,-0.057919,-0.155095,-0.105591
0.046018,-0.060450,0.004873,0.000436,-0.012604,-0.275290,0.166186,-0.106029,0.000964,-0.048935,-0.044395,-0.002598,-0.025347,-0.057609,0.006572,0.008454,0.008891,0.018434,0.092450,-0.005584,0.095982,-0.297077,0.220986,-0.062801,-0.027373,-0.002617,0.028535,0.120110,0.061577,0.101506,0.014845,0.011871,0.054511,-0.026716,0.078646,0.064370,0.174507,0.094008,0.150191,-0.003389,-0.038163,-0.019742,-0.128556,-0.018995,0.112582,-0.017022,-0.040171,0.014059,0.096143,0.092230,-0.002858,-0.044932,0.034743,-0.000641,-0.120170,-0.072847,0.083642,0.363547,-0.088476,0.057513,0.003846,-0.028203,-0.015627,-0.030701,0.230944,0.158508,-0.085981,0.036852,0.072661,0.033372,-0.425045,0.091126,-0.028731,0.055660,-0.000193,-0.042874,-0.108594,0.034896,0.253872,-0.003568,-0.018259,-0.006931,-0.033511,0.092056,0.007525,-0.137530,0.064095,0.019708,0.056654,-0.071000,-0.017995,0.100864,0.034977,0.169551,0.063441,-0.302322,-0.002129,0.012001,0.035460,0.162040,0.005357,-0.110485,0.017709,0.061680,0.003498,0.052013,0.010272,0.110903,-0.006954,0.098665,-0.002833,-0.037408,0.030422,0.047145,0.046005,0.074528,0.045776,-0.041199,0.120040,0.026121,-0.020498,0.095408,0.076780,-0.039805,0.016230,-0.074571,0.083065,0.013126
