0.009929,0.004508,0.014191,-0.004642,-0.006320,-0.006518,-0.010812,0.056476,0.015588,0.012646,-0.009836,-0.009473,0.004806,0.009292,0.010697,0.002066,0.006153,0.006961,-0.013942,-0.847663,-0.009564,-0.019947,-0.166472,0.007474,-0.008562,0.092879,0.109473,0.007783,-0.003584,0.007479,0.000729,0.007319,-0.026879,-0.009017,-0.009358,0.006803,0.014330,0.009391,0.005478,0.001403,-0.001620,0.011983,-0.016334,0.011782,0.009721,0.010989,-0.014325,0.002068,-0.006454,-0.022152,0.055362,0.006790,0.001748,-0.004280,0.000678,-0.003311,0.003707,-0.032292,0.016771,0.005674,0.013245,-0.004505,0.001105,-0.002366,0.027916,-0.002664,-0.000177,-0.018444,0.004299,0.003253,0.003287,0.020748,0.025379,0.017690,-0.003893,-0.000377,-0.000036,-0.004470,-0.000938,0.013218,-0.022816,0.015887,-0.038731,0.000170,-0.004651,-0.000219,-0.003307,-0.018878,-0.077580,-0.000960,0.012083,-0.001472,0.011888,0.102961,-0.000974,-0.007731,-0.012329,0.274679,-0.000828,-0.020168,0.013518,0.083018,-0.016395,0.005868,-0.005799,0.004033,0.013698,-0.108803,0.011268,0.013924,0.009881,0.026689,0.004302,-0.004723,0.034405,-0.004211,0.006768,0.018002,0.005881,0.005056,-0.001516,0.010785,-0.000297,0.070409,0.016994,0.002393,0.006262,0.009257
0.003722,0.004192,-0.005739,-0.007549,0.001838,0.004605,-0.011958,0.005365,-0.032534,-0.012344,-0.011836,-0.013112,-0.015402,0.023872,0.073878,-0.060318,-0.022380,0.008486,0.067874,-0.018796,-0.027573,-0.017577,-0.005754,-0.010681,-0.000063,0.008887,0.024886,0.007737,-0.034351,0.012306,-0.000797,0.076881,-0.048970,-0.006754,-0.027744,0.010919,0.009131,0.043924,-0.021629,-0.008580,0.001081,0.012836,-0.011000,0.002222,0.007938,-0.037366,-0.018799,0.029261,0.008648,-0.070301,-0.033062,-0.027295,-0.002100,0.039242,-0.039235,0.001764,-0.003149,-0.009732,0.012247,0.098212,-0.006360,0.007856,0.020732,0.000660,-0.014111,0.025962,0.002035,-0.000222,-0.009397,-0.012328,0.040548,-0.023751,0.053549,0.026957,0.004588,0.004637,0.001512,-0.004772,0.005888,-0.024637,-0.044892,-0.124306,0.011634,0.015120,0.022644,0.003814,0.013764,-0.013360,-0.001367,0.011747,0.029081,-0.005153,-0.023135,0.004156,0.009782,0.010701,0.011810,-0.089711,-0.023130,-0.000763,0.016774,-0.000072,0.026708,0.030596,0.019616,0.003537,-0.001994,0.018699,-0.007625,0.036823,0.009554,0.007168,-0.016821,-0.011463,-0.019103,0.001084,-0.016234,0.022081,0.012022,0.008748,-0.017528,0.043521,0.030464,-0.039817,0.001597,-0.006409,-0.002471,-0.004273
-0.004994,-0.016318,0.092948,0.024999,-0.018304,0.002069,-0.086840,0.000728,0.003584,0.107555,0.033738,0.023078,0.042160,0.014632,-0.029279,-0.009627,-0.008990,0.164201,-0.034417,-0.004929,0.020227,0.013417,-0.011465,-0.024652,0.006151,0.001512,0.013934,0.044988,0.010749,0.157465,0.027523,0.014917,-0.088932,0.018598,-0.008601,-0.007778,-0.008020,0.023116,0.064498,-0.002242,-0.002955,0.007095,-0.015649,0.042462,-0.009867,0.008685,0.005545,-0.034826,-0.028965,-0.050346,-0.044117,-0.016409,0.022919,0.031506,0.097458,-0.004763,-0.013605,-0.001500,0.017500,-0.031515,-0.024239,-0.013525,0.006831,-0.001925,0.004038,-0.019412,0.059260,0.017976,-0.021003,0.001530,-0.013880,0.101275,0.061850,-0.009402,-0.009324,-0.017661,-0.006037,0.009127,0.054167,0.002264,-0.091987,0.015812,-0.000072,-0.007010,-0.005551,0.004538,-0.025321,0.011931,0.004116,-0.006624,0.008221,0.037739,0.018759,-0.004930,-0.002188,-0.016033,-0.013794,-0.061835,0.014329,0.001935,-0.011817,0.008599,0.007879,0.035922,0.022576,-0.018381,-0.012054,0.024048,-0.004523,-0.002390,-0.043806,0.000666,0.019675,0.011042,0.007092,-0.022697,0.006442,0.002048,-0.008552,-0.019277,0.008013,0.016128,0.032465,-0.028127,-0.003017,-0.012183,-0.024442,-0.036943
-0.009247,0.005743,0.083382,0.031460,-0.007147,-0.019883,0.007350,0.003056,-0.013611,0.026202,0.008276,0.005827,-0.006695,0.020991,-0.034997,-0.042978,-0.011301,0.077379,-0.036675,0.011173,-0.031740,0.004999,0.001739,-0.028288,0.022776,0.015666,-0.012575,0.024031,0.029957,0.008318,-0.002954,-0.050251,-0.063485,0.025378,-0.005787,-0.026935,0.005199,-0.017517,0.053873,-0.004073,0.015061,-0.010110,0.008650,0.031922,-0.007436,-0.011796,0.037207,0.006934,-0.024211,-0.006646,-0.009427,0.035437,-0.007503,0.023485,0.042714,-0.013171,-0.010523,-0.023347,0.013882,-0.037529,-0.002265,0.017161,0.008148,-0.029275,0.013520,0.001549,0.021782,-0.006878,0.005685,0.003411,0.013595,-0.017448,0.054884,-0.002973,0.029439,-0.018492,-0.012729,0.004665,-0.010537,0.040476,-0.029721,-0.109498,0.001099,0.022059,-0.019443,0.034161,-0.055655,0.002903,0.003042,0.020557,-0.015534,0.012273,0.039095,-0.002855,-0.011457,0.012930,-0.018104,0.005611,-0.010872,0.007389,0.004420,-0.020682,0.050146,-0.008731,0.010518,-0.026877,-0.011369,-0.003006,-0.014540,-0.016193,0.062155,0.003601,0.006283,-0.062928,-0.014001,0.019731,0.016186,0.024817,0.010024,0.018407,-0.001275,-0.006669,0.034607,-0.011183,-0.002242,0.008223,-0.001605,-0.014958
-0.065433,0.034859,0.008514,-0.016821,-0.014344,-0.008668,-0.008803,-0.005474,0.027751,0.062451,0.016942,0.006494,0.021718,-0.023117,-0.033664,-0.039705,0.000945,-0.046875,-0.005282,-0.013500,-0.042468,0.017710,0.012465,-0.000235,0.004693,-0.016116,0.011210,-0.029614,-0.000747,0.037205,-0.004854,-0.006339,0.077422,0.003958,0.000197,0.033919,-0.002701,-0.027818,-0.011011,0.001316,-0.027582,0.038383,0.014339,0.036797,0.019855,0.075093,-0.003168,-0.037169,0.045924,0.003365,0.005649,0.048594,0.022079,-0.036074,0.004020,0.016984,-0.040794,-0.024539,0.009244,-0.015629,-0.049253,-0.029095,-0.031135,-0.034416,0.003974,0.013707,-0.036716,0.009380,0.018386,0.025341,0.019514,0.040997,-0.000560,0.014072,-0.015888,0.023468,0.005151,-0.002144,0.000040,0.008165,0.037748,-0.106223,-0.011367,-0.022087,0.022214,0.026394,0.049626,0.001313,-0.009673,0.047838,-0.006268,0.010401,0.002951,0.001229,0.007937,-0.030280,0.033389,0.013468,-0.001796,-0.063350,-0.023952,-0.004094,0.000435,-0.032949,0.005555,0.019864,0.012470,0.031557,0.018668,-0.051415,-0.051318,0.003071,0.012657,0.056973,-0.001424,-0.035839,0.029462,-0.050707,0.017833,-0.030032,0.005378,0.000534,-0.000424,0.000132,0.019309,-0.002044,0.011566,-0.011110
-0.031092,-0.021551,0.015637,0.050402,-0.007126,-0.047709,0.065244,0.002228,0.007132,-0.011933,-0.008199,0.037604,0.005662,0.012063,-0.013003,0.020556,-0.031437,-0.002358,0.049651,-0.011504,-0.003274,-0.035576,0.018687,-0.044121,0.026575,0.012313,-0.019754,-0.003701,0.007068,-0.006066,0.007247,0.011336,0.018373,0.022055,-0.058420,0.017068,0.004330,0.015266,0.015335,-0.009067,0.050935,-0.075081,0.016285,-0.028518,-0.045173,0.069295,0.035467,-0.003259,-0.033365,-0.014861,-0.020206,0.020802,-0.003668,-0.049859,-0.000380,-0.009072,0.025011,0.013081,0.008538,-0.007266,0.014164,-0.008749,0.034562,-0.008914,0.039446,-0.009760,-0.016458,-0.039630,-0.007071,-0.018793,-0.070672,0.000656,-0.005980,0.012655,-0.015600,-0.004474,-0.004487,-0.026975,-0.004521,0.059602,-0.029386,0.006367,0.013917,-0.010057,0.042749,-0.157193,0.024739,-0.011460,0.018221,-0.038840,0.106999,-0.001416,0.014936,-0.022937,-0.001591,-0.005629,0.018355,-0.021342,0.012165,-0.000527,-0.005711,-0.027769,-0.012942,0.007787,0.020199,-0.143024,-0.001253,0.005259,-0.005244,-0.003752,-0.008117,0.005756,-0.006237,0.060764,-0.013084,-0.015971,-0.036529,0.032791,0.009668,-0.046072,-0.033046,0.018870,-0.002550,-0.010212,0.018679,-0.019251,0.000396,-0.000326
0.053918,0.064843,-0.022027,-0.011003,0.019502,0.031322,0.034569,0.227083,0.009923,-0.007125,0.032073,-0.028566,0.006376,0.157236,0.087305,0.045083,0.007276,0.033802,-0.017894,0.007883,-0.001132,0.014354,0.021915,0.015584,-0.028862,-0.131703,0.007621,-0.171658,-0.009413,0.012547,0.010679,0.065973,0.082136,-0.025524,0.004376,-0.008894,0.044495,0.050185,-0.007451,0.050477,-0.017433,0.038262,-0.022151,-0.002181,0.062318,0.002568,-0.031800,0.011133,0.011461,-0.028876,0.141388,0.007208,0.048366,0.182798,-0.008384,-0.008915,0.034298,-0.117207,0.014637,0.089757,0.023836,0.036974,0.037756,0.012077,0.054155,0.055872,0.008901,0.017003,0.050801,0.051444,0.143371,-0.005423,0.043263,0.018118,0.027772,0.041691,0.058421,-0.002047,0.029640,-0.008250,-0.019096,0.032397,0.016718,0.045776,-0.024277,0.022961,0.011141,0.021865,0.181785,0.002423,-0.035185,0.043030,-0.014210,0.022995,0.060459,0.038257,-0.006618,-0.128489,-0.005892,-0.097186,0.068378,-0.019766,-0.048036,0.010205,0.035666,0.056103,0.006644,0.108573,0.004010,0.072738,0.007449,0.039168,0.048746,0.015169,0.060272,0.050582,-0.002939,0.016375,0.000914,0.058317,-0.001983,0.039772,0.092271,0.016720,0.014350,0.014239,0.008609,0.036800
0.004843,-0.006249,0.017096,0.004303,-0.006353,-0.009486,0.014252,-0.063401,-0.033375,0.017681,0.007862,0.001636,0.003652,0.030547,0.008385,0.001885,0.014896,0.003897,-0.003304,0.034080,-0.007666,-0.003030,0.078002,0.007672,-0.005835,-0.019262,0.021822,-0.012255,0.005765,0.023204,0.008857,0.011072,-0.033841,0.004758,-0.000992,0.013652,-0.018571,0.010974,0.005729,-0.001591,0.008721,0.002347,-0.002767,-0.008500,-0.002742,-0.006785,-0.005339,0.020482,0.001936,0.027541,-0.078506,-0.005000,-0.003816,0.004210,0.003630,-0.002609,0.005791,-0.004670,-0.014607,0.015348,0.015148,-0.002352,0.039183,0.005040,-0.013338,-0.000684,0.010404,0.000864,0.002530,-0.002593,-0.002707,0.003239,-0.003540,-0.020614,-0.003440,-0.000343,-0.002154,-0.006285,-0.003388,0.006876,0.023370,0.012033,-0.888118,-0.006187,-0.016023,0.002318,-0.005707,-0.000013,-0.028147,-0.011595,0.012086,-0.001468,0.014369,0.001062,-0.001401,-0.001180,-0.021217,-0.017290,-0.003177,-0.026790,-0.006540,0.047405,-0.120629,0.021416,0.230887,-0.001306,0.001603,-0.025663,0.000382,0.008225,0.010637,-0.041646,-0.004786,0.002552,-0.015963,0.001374,0.008248,0.029216,0.011966,0.010358,0.004821,0.006762,0.000120,0.112327,-0.005296,0.006684,0.001583,0.005673
0.007189,0.002467,-0.041756,-0.011328,0.029791,-0.002756,0.065737,-0.004765,0.007863,0.026171,-0.002615,-0.031607,-0.055407,-0.007612,-0.004505,-0.013050,-0.050837,0.026232,-0.026410,0.040760,-0.058760,-0.025110,-0.010709,-0.036185,-0.112827,-0.004248,0.021998,-0.007653,0.002246,0.057968,-0.006746,-0.055899,0.009040,-0.031653,-0.043108,-0.016820,0.219442,-0.030797,-0.010506,0.001225,0.006583,-0.016422,0.009879,0.013982,-0.042381,0.012435,0.001800,0.053333,-0.001785,-0.012054,-0.008900,-0.002900,-0.011517,-0.021308,0.022796,0.017859,-0.021639,-0.000727,0.005577,-0.021403,-0.007410,-0.016251,-0.021151,-0.023472,0.017741,0.015507,0.013876,-0.030347,0.009871,-0.029156,-0.007634,0.067951,0.045640,-0.007985,0.006406,0.014373,0.056958,-0.015715,0.003064,-0.036950,0.000582,-0.094705,0.000731,-0.006733,-0.024282,0.015114,0.008363,-0.025460,-0.016528,0.009433,-0.013856,0.037613,-0.043611,-0.009578,0.022684,-0.015691,-0.011844,0.068197,-0.004305,-0.002249,-0.003884,0.015183,-0.003818,0.008352,-0.007947,-0.042557,0.037004,0.002892,-0.016995,0.023536,0.069382,0.018021,0.019250,0.022509,-0.008324,-0.018151,0.036230,-0.007411,-0.015101,0.048115,-0.004105,-0.093804,-0.022852,-0.028970,-0.012208,0.003239,-0.011256,-0.007579
-0.012061,-0.010522,0.009369,-0.010515,0.002350,-0.041800,-0.024083,0.007720,-0.006309,-0.026579,-0.003552,-0.008349,0.048434,0.011094,0.027731,0.033695,0.054845,-0.019339,-0.002451,-0.046925,0.012294,0.021945,-0.003179,0.049389,-0.022935,0.022198,0.019954,-0.058264,0.023274,0.007998,0.016193,0.032370,0.003197,0.025198,0.043541,0.036529,-0.004439,0.040884,0.030523,0.013531,-0.017847,0.002678,-0.010885,-0.021087,0.001166,-0.014726,0.029166,-0.018977,0.027202,-0.039325,-0.034145,0.005297,0.010908,-0.014334,-0.046493,0.001946,-0.003218,-0.023756,0.017370,0.033527,-0.026102,-0.014024,-0.018032,0.002219,0.003842,0.023004,0.032829,0.009230,0.047415,-0.032868,-0.010994,-0.009415,0.040596,0.001506,0.015314,-0.004024,0.014608,0.020743,0.022713,-0.028129,-0.020669,0.017251,0.020374,-0.027234,-0.032060,0.026142,0.054458,-0.001475,0.018055,-0.010102,-0.022671,0.008094,0.012722,-0.003407,0.037726,0.025287,-0.038521,-0.029020,0.006963,0.012807,-0.060821,0.000841,0.013400,0.055406,0.024505,0.029812,0.026895,0.021048,0.004221,0.015776,-0.032475,-0.000268,0.000678,0.046177,-0.015916,0.002215,0.032700,-0.040066,-0.007847,-0.001008,0.026464,-0.002901,-0.021634,-0.015750,0.003658,0.040829,0.015454,-0.027109
-0.001189,-0.010504,-0.000829,0.018202,0.010976,0.008491,-0.030274,-0.001661,0.067369,-0.046741,0.000987,0.014954,-0.065439,-0.034822,0.001664,-0.011313,0.032632,-0.030306,-0.016638,0.001703,-0.025889,0.002065,-0.003441,0.043191,-0.020075,0.011363,-0.003599,-0.023730,0.044664,-0.006729,0.016581,-0.008639,0.007462,0.005927,0.060904,0.114586,0.005086,-0.019802,-0.006299,-0.006132,0.020347,-0.025173,0.012289,0.008379,0.015797,-0.022344,0.011209,0.016356,0.068782,0.027547,-0.027895,-0.021328,-0.004406,0.017827,0.059549,-0.054092,0.036530,0.004255,0.015027,0.019794,0.005910,-0.004591,0.035624,0.029161,0.029522,-0.019848,0.016319,0.006246,-0.034404,-0.039755,0.018926,0.037831,0.000113,0.003578,-0.011646,-0.015456,-0.023278,-0.014147,-0.009848,-0.009885,0.024989,-0.000527,0.015889,-0.001681,-0.009923,0.025059,-0.055389,0.002034,-0.004707,-0.031016,-0.075152,0.002450,-0.024316,-0.001892,-0.004586,0.002354,0.002130,0.018016,-0.002912,0.016366,0.010949,-0.028875,0.012892,0.050746,0.017579,0.052224,-0.000302,0.034527,-0.012474,0.000618,0.045655,0.012587,-0.010765,-0.045316,-0.011514,-0.002496,0.027889,0.033056,-0.004148,0.037222,0.066313,-0.035576,0.018194,-0.016150,0.006681,0.013727,-0.001572,0.027227
-0.017064,-0.007718,-0.022084,0.023328,-0.014361,0.007849,0.011377,-0.010199,0.033873,-0.002149,-0.009574,0.007036,0.073875,-0.002470,0.007394,-0.035967,0.071620,-0.000611,0.005599,0.055898,0.025121,-0.003366,0.005765,0.073853,0.019279,-0.010031,-0.012167,0.020888,0.022989,0.035154,0.004908,0.017395,-0.002619,-0.019959,0.086500,0.081740,-0.002271,0.047099,0.029713,0.020113,-0.012133,-0.022590,0.008490,0.026362,0.027272,0.036235,-0.008428,-0.051584,0.028393,0.000662,0.018634,0.047899,0.002493,-0.012384,0.005538,-0.006203,0.036046,0.001087,-0.031298,0.002793,0.015076,0.009725,-0.057883,0.028385,0.032927,-0.001912,-0.013169,-0.007197,-0.009240,-0.039058,-0.022244,0.093765,-0.028241,-0.025903,-0.001884,-0.024519,0.032184,0.001969,0.005863,0.005327,0.072684,-0.035468,0.005597,0.021504,-0.026634,-0.017301,0.003061,-0.009975,-0.013366,-0.025850,-0.041320,0.009129,-0.007098,0.006062,0.043626,0.023618,0.041728,0.017147,-0.015715,-0.007945,0.014113,-0.006282,-0.014287,0.016934,-0.024237,0.052402,-0.005938,-0.016327,0.013077,0.026824,-0.047017,-0.000600,0.004579,0.009254,0.005740,0.022208,-0.029632,0.047388,0.020627,-0.028694,0.030519,0.005885,-0.016809,0.026312,-0.002551,0.029237,-0.014324,0.025765
-0.010632,0.004017,-0.023849,0.029540,-0.124686,0.008726,-0.032480,0.000101,-0.026921,0.034608,-0.002591,0.025813,0.029999,0.043817,0.044764,0.023635,-0.027997,0.015502,-0.024365,-0.026229,-0.005783,0.014023,-0.005212,-0.003279,-0.016090,0.031634,-0.014071,-0.039686,0.046762,-0.009004,0.039276,0.023797,0.007954,0.005698,-0.020096,0.025285,0.014551,0.037984,0.038382,0.018930,0.000671,-0.021530,-0.061374,0.029975,-0.007396,0.024635,0.022162,-0.021844,-0.034184,-0.009029,-0.011860,-0.011710,-0.019068,0.024386,-0.010443,-0.036483,-0.060173,-0.022298,0.009111,0.052092,0.015313,0.016735,0.109862,-0.065147,-0.007792,0.030221,0.037072,0.005567,0.016684,-0.026957,-0.026848,-0.043924,0.002908,0.002310,-0.002834,0.007471,0.008329,-0.004857,0.010860,-0.014134,0.005772,0.052955,-0.003694,0.021979,0.017555,0.018878,0.017441,-0.000066,0.009590,-0.037771,-0.032414,0.008787,-0.040433,0.006600,0.009076,0.022810,0.037337,-0.056475,0.007365,0.020582,-0.010929,-0.032927,0.024307,-0.002879,0.020591,-0.001896,-0.015611,-0.001555,0.016285,0.049147,-0.015267,-0.002651,-0.012379,-0.027558,0.010720,0.018523,-0.034502,-0.005254,0.000244,0.012677,0.032301,0.001731,-0.005569,-0.012192,-0.002004,-0.026090,0.010626,0.059909
-0.007499,0.048217,-0.023177,0.008675,0.020905,0.029989,-0.012192,0.002181,0.007901,-0.026608,-0.011013,-0.006282,0.005219,-0.009596,0.006888,0.048780,-0.040553,0.008543,0.001341,0.021574,0.021666,0.000840,-0.001763,-0.036999,-0.095806,0.006122,0.000992,-0.003527,0.003262,-0.024917,0.006731,-0.011340,-0.039705,-0.002962,-0.027246,-0.015481,0.028623,-0.015135,0.015262,0.098383,0.024623,0.001563,-0.051183,-0.002196,0.004179,0.010338,-0.009845,0.007104,-0.020116,0.005031,0.009709,-0.027896,0.108781,0.006669,-0.003219,-0.013587,-0.007188,-0.000974,-0.015908,0.009995,0.000297,0.011875,0.013628,-0.004886,0.013516,0.058597,0.020908,-0.020538,0.027742,0.066784,-0.004090,-0.029436,0.003220,-0.032665,0.005607,0.044430,0.164089,0.004856,0.088331,-0.021872,-0.009351,-0.006329,-0.011676,0.020345,-0.004218,-0.006877,-0.020514,0.016867,-0.003855,-0.004223,-0.008192,0.123768,-0.028957,0.002146,0.172560,0.003883,-0.008836,0.044760,-0.010937,0.011273,0.006516,0.000370,0.020704,0.016951,-0.016504,-0.006115,-0.017469,0.002077,-0.033569,0.009168,0.050155,0.017663,0.103550,-0.014743,-0.004381,0.023211,-0.001812,0.017931,0.009846,-0.030219,-0.014621,-0.035454,0.004491,-0.009617,0.001990,-0.014945,-0.009925,-0.016459
0.007314,-0.006988,0.014336,0.017070,0.007372,0.013957,-0.020447,0.482286,-0.036229,-0.014392,-0.099304,0.017576,0.002632,-0.065227,-0.004820,-0.004875,-0.003766,0.011421,-0.000658,0.068056,-0.002051,0.028062,0.049590,0.009704,0.024496,-0.039926,0.025867,0.078120,-0.002293,-0.001160,-0.004630,0.015507,-0.195733,0.009791,-0.004160,0.027357,-0.007631,0.004470,-0.000488,-0.009026,0.009517,-0.005329,0.021431,0.006254,-0.004876,-0.001089,0.008479,0.004218,0.016178,0.000455,0.016128,0.001129,-0.017195,-0.034263,0.020987,0.001226,-0.002259,0.016439,-0.006781,0.004028,0.018806,0.009315,-0.011102,-0.004990,-0.073651,-0.005005,-0.014827,0.032396,-0.007743,-0.003772,-0.029827,0.012816,0.003706,0.002208,0.009805,0.001148,-0.015316,0.001995,0.002116,0.006062,0.000007,0.061533,0.099241,0.000734,0.007548,-0.004369,-0.006030,0.018192,0.017436,-0.011272,0.018435,-0.007933,0.007074,0.104751,-0.011262,0.013242,0.005276,0.021671,0.024006,-0.000268,-0.004672,0.145854,-0.219434,0.009410,0.266473,-0.004169,-0.004961,-0.177741,0.002768,0.001831,0.011447,0.021629,-0.008870,0.006436,0.033190,0.013223,0.012684,0.040743,0.019148,-0.008364,-0.003041,0.006524,-0.007480,-0.028612,0.014080,-0.002256,0.007524,-0.000380
-0.006136,0.003349,0.000013,0.009916,-0.011704,-0.008366,-0.059615,0.026154,-0.023376,0.005221,-0.089425,0.003493,-0.016481,-0.774217,0.013833,-0.012128,-0.004645,0.012053,0.003469,-0.016042,-0.011931,-0.015007,-0.097326,0.005275,-0.000192,-0.018005,-0.021337,-0.041079,0.008071,0.004973,0.002491,0.018197,-0.002826,0.005623,-0.004633,0.005585,-0.011298,0.011039,-0.008371,0.006601,0.026826,-0.008498,-0.000666,0.015925,-0.006026,0.014071,0.003739,-0.017106,-0.013265,-0.014063,-0.076028,0.029479,-0.005966,0.046238,-0.016655,0.008633,0.023002,-0.139436,0.000811,0.011935,0.003084,0.004531,0.016824,0.012437,0.056456,0.010590,0.012445,-0.016419,0.005340,0.006571,0.031087,0.005110,0.015188,-0.003050,0.000817,0.008559,0.008789,-0.005414,0.004951,0.011688,-0.013953,0.011347,-0.022089,0.000950,-0.000087,0.002291,0.001702,-0.009423,-0.049620,-0.002058,0.012520,-0.000266,0.008503,0.098364,0.003178,0.000182,-0.001966,-0.053598,0.001596,0.314308,-0.005327,-0.104950,0.077572,0.010916,0.023711,-0.013946,-0.000071,0.228485,0.003728,0.018604,-0.030840,-0.007425,0.005037,0.005676,0.035525,0.003536,-0.008521,-0.011824,-0.007837,0.008385,-0.005753,0.007606,0.030207,0.112157,0.007463,0.000045,0.003711,-0.002880
0.024071,0.007696,-0.036869,-0.004846,-0.004197,0.044424,-0.025325,-0.008854,-0.008594,-0.039541,0.003768,-0.038087,-0.019786,0.003466,0.001999,0.025496,-0.012837,0.019540,0.014461,-0.008882,-0.005972,-0.004975,0.013479,0.022696,0.007516,0.010991,-0.002646,0.011953,0.031000,0.012312,0.002121,-0.020462,-0.003767,-0.054897,0.016297,-0.072733,0.003551,-0.061582,0.002844,-0.011836,0.027504,0.033701,0.031730,-0.025579,0.018242,0.020071,-0.012438,-0.020781,0.006955,0.007441,-0.031419,-0.036270,-0.006890,-0.025325,-0.003060,0.024558,0.001248,-0.005163,-0.012146,-0.021721,0.011028,-0.007884,0.025131,0.025426,0.000449,-0.000779,-0.009627,0.001648,-0.012899,0.019190,0.045314,-0.027392,0.030215,0.013166,0.009464,0.012077,-0.032303,-0.008283,-0.020564,-0.019223,-0.013206,0.028068,0.019859,0.026587,0.034786,0.038382,-0.000124,0.011213,0.018457,0.028752,-0.013114,-0.042525,-0.022532,-0.010741,-0.036949,0.001800,-0.055676,-0.027174,-0.009268,0.003671,-0.002984,0.014118,0.002735,0.050399,0.005986,-0.002748,-0.005770,0.013334,-0.001342,-0.012558,-0.020819,-0.004016,-0.015552,-0.017373,0.017604,0.002291,0.002362,0.029985,0.043717,0.085502,-0.012255,0.007144,0.007166,0.002528,-0.000690,0.003144,-0.001618,0.012658
0.016973,0.010317,-0.013366,-0.020500,0.000422,0.003581,0.069646,-0.022622,-0.019284,0.038470,-0.001447,-0.025717,-0.062159,0.018365,0.000628,-0.060544,-0.034783,0.026224,-0.004848,0.061093,-0.058788,-0.031758,0.030247,-0.014442,-0.014405,0.069626,0.043390,-0.052662,0.001674,0.025110,0.002495,-0.010974,-0.181706,-0.036860,-0.024807,0.071106,-0.008358,-0.043429,-0.040046,-0.018296,0.007311,0.013321,-0.004782,0.083157,0.010450,0.034249,-0.010304,0.040175,0.004914,-0.006462,-0.028894,0.092163,0.001386,0.024757,0.048493,-0.016701,-0.023573,-0.051638,0.012348,0.007531,0.007649,0.015440,0.004465,-0.017972,0.034817,-0.019578,0.005058,-0.037035,-0.020638,0.005522,0.032395,0.020733,-0.003452,0.024476,0.029027,-0.011413,-0.013434,-0.023265,-0.018259,0.007277,-0.000261,0.737908,-0.033213,0.027263,-0.002450,0.006982,0.025273,-0.025551,-0.033410,0.023541,0.017715,-0.014790,0.001941,0.080491,-0.020387,0.013014,-0.023892,0.001047,-0.010693,-0.037635,0.023404,-0.045866,0.186204,0.005820,0.029232,0.000682,0.038673,0.049623,0.003593,-0.039313,0.067444,0.059436,-0.005001,-0.006504,-0.085372,0.020420,0.027685,-0.019083,-0.004110,0.043901,-0.013350,0.032713,0.024206,-0.068690,-0.006446,-0.005215,0.002180,0.009445
0.016979,0.012985,-0.061483,0.013985,0.028956,-0.006400,0.032099,-0.003736,0.005990,-0.019481,0.011796,-0.005274,-0.075517,0.000439,0.047615,0.032415,-0.028302,0.075382,0.031136,0.001448,-0.000806,-0.013992,-0.032141,-0.050419,-0.151297,0.027870,-0.003228,0.018041,0.023271,-0.017624,0.004893,0.009114,-0.014781,0.005589,-0.085045,0.001293,0.063090,0.008759,-0.017748,0.045180,0.008664,-0.043808,-0.026257,0.003093,-0.010932,0.001477,0.006876,0.043543,-0.015362,0.010001,0.006541,0.020445,0.016981,-0.008976,-0.028680,-0.002398,-0.073504,0.002806,-0.010198,0.023556,0.005510,0.009404,-0.037055,-0.057369,0.003850,0.021396,-0.025076,-0.009680,0.023117,-0.019224,-0.016746,-0.028188,0.096647,0.004416,0.005354,0.010025,0.074954,0.004044,-0.012670,-0.060440,0.003844,0.001614,-0.012740,-0.001905,-0.017250,0.033102,0.009037,0.008527,-0.024220,-0.044291,-0.015082,0.043006,-0.068139,0.004202,0.074282,0.005489,0.002287,0.032609,-0.012766,0.000809,-0.016938,-0.008912,-0.022095,0.037874,-0.008201,0.012717,0.001835,0.009774,-0.035739,0.064679,0.014354,0.012985,0.016257,-0.010967,-0.005385,0.001790,-0.021639,-0.013711,0.001580,-0.014750,0.003764,-0.095899,0.028465,-0.013385,-0.022417,-0.017460,-0.012508,-0.009731
0.037095,0.000449,0.052876,0.008059,-0.003076,-0.022371,-0.026025,0.001926,-0.007998,-0.004646,0.004459,0.024353,-0.010521,0.007846,0.013113,0.017873,-0.037801,0.048852,0.026044,-0.000358,-0.017061,0.014927,-0.002531,-0.030100,-0.001613,0.020407,-0.026576,0.067898,0.003072,-0.000283,-0.012660,-0.010359,0.001963,0.043071,-0.021641,0.021472,-0.009793,-0.008660,0.024233,0.011808,0.007596,0.001977,0.014025,0.010593,0.020527,-0.023620,0.014393,0.014801,0.016693,-0.011825,-0.010931,0.001563,-0.003372,0.035628,0.024614,0.007130,-0.036953,-0.030258,0.014551,-0.005753,0.034425,0.029110,-0.003522,-0.014346,0.009659,0.018882,-0.006567,0.000179,0.036530,-0.029500,0.028015,-0.004287,0.042445,0.032459,0.014573,-0.001974,0.018073,-0.017024,-0.036533,0.025355,0.012599,-0.043751,-0.009499,0.045096,0.008375,0.011759,-0.059056,-0.002729,0.009386,-0.025424,0.001207,0.009206,0.028801,-0.006141,0.021739,0.045600,0.019513,-0.014218,0.018461,-0.004867,0.032732,-0.012844,0.018066,-0.018349,0.009031,0.007973,0.012244,-0.008152,0.009902,0.006234,0.038162,0.007456,-0.005989,-0.022303,-0.001876,0.054564,0.033811,-0.024177,0.008891,0.001148,-0.004109,-0.042092,-0.001575,-0.001329,0.013714,0.006853,0.035399,0.048923
0.014673,-0.009079,0.027175,0.055664,-0.017813,0.027145,0.013766,-0.036665,0.020685,-0.318798,0.055209,0.030503,-0.005819,0.000664,-0.002060,-0.059313,0.000613,-0.027870,0.001270,-0.008411,-0.006323,-0.005512,-0.016595,-0.019660,-0.015087,-0.039802,0.030513,0.049232,0.008849,-0.412045,-0.015893,0.001208,0.029727,0.017707,-0.011023,-0.051024,0.002451,0.005111,0.013402,0.001617,0.028479,-0.000453,-0.003305,0.024370,-0.013410,-0.216010,0.013097,-0.075116,-0.051389,0.025842,0.004800,0.015983,0.007158,0.030320,0.029130,0.030897,-0.029366,-0.022637,-0.020119,-0.011106,0.007825,0.003932,0.018723,-0.013249,0.028812,-0.009575,0.010140,-0.008107,-0.019516,-0.006073,0.005542,-0.333591,0.008884,0.020917,0.011777,-0.011097,0.001534,-0.013463,0.007513,0.018135,0.071906,0.040884,-0.046905,0.025510,0.031640,-0.004207,0.017316,0.004535,0.025578,-0.009309,0.014178,0.001415,0.017398,-0.005080,0.008134,0.009014,0.013502,-0.018523,-0.003690,0.022932,0.009506,-0.024809,0.020962,0.001546,0.017498,-0.024372,-0.006779,-0.005746,-0.008971,-0.000771,-0.075021,0.023427,0.007494,-0.032261,0.028529,0.008831,-0.002561,0.074467,0.032807,0.000279,-0.014439,-0.023086,0.028953,0.020839,-0.000407,-0.018738,-0.004027,-0.033878
-0.002801,-0.006802,0.000803,0.001545,0.002908,0.004137,0.016690,0.009855,0.013278,0.018788,-0.041544,-0.000118,-0.011653,0.037517,-0.006089,0.002067,-0.008305,0.007126,-0.014057,0.013730,-0.001548,-0.001690,0.034064,-0.013501,0.002508,0.034783,-0.013415,0.033353,-0.002338,0.016840,-0.011919,-0.006695,-0.002122,0.000095,-0.014091,0.023299,-0.012671,-0.008336,-0.007347,-0.007255,-0.004696,0.002620,0.006104,0.013851,0.002559,-0.011004,-0.000204,0.008892,0.008560,0.002998,0.004089,0.002108,-0.006857,-0.019920,0.007323,-0.006240,-0.024419,-0.008343,0.000249,-0.006604,0.000445,0.001730,-0.029362,-0.023381,0.012202,-0.006027,-0.017310,0.000164,0.004194,-0.007375,-0.010806,0.008846,-0.005064,-0.000903,0.006929,-0.010469,-0.012824,-0.006618,-0.019250,0.004100,0.000305,0.020707,-0.029791,0.008366,-0.005686,0.001640,-0.008058,0.002237,-0.001605,-0.004585,-0.006895,-0.013662,-0.001820,0.012697,-0.011288,0.005285,-0.002891,-0.009814,-0.000919,0.006686,0.002425,-0.047598,0.020262,-0.002945,0.029871,0.008748,0.000218,0.060043,-0.002022,-0.009040,0.015728,0.001962,-0.008423,-0.013036,0.940302,0.010687,0.005190,-0.002850,-0.000046,-0.007774,-0.006412,0.008181,-0.005045,-0.040164,-0.001644,-0.006288,-0.002210,-0.003231
0.006931,-0.025825,-0.000201,0.060342,-0.004467,0.013479,-0.031312,-0.008157,0.028795,0.005324,-0.003791,0.031257,0.016556,0.014422,0.022534,-0.205502,-0.061734,-0.002045,0.004103,-0.022796,0.036546,-0.002733,-0.009955,-0.039951,0.000648,0.011348,-0.003196,-0.005087,-0.014602,-0.048820,-0.014997,-0.023739,-0.145349,0.005520,0.009010,0.034465,0.019193,0.006753,-0.012215,0.003783,0.010690,-0.024102,0.016239,0.078574,-0.043764,0.014451,-0.023707,-0.003712,0.007084,-0.037212,-0.011125,0.064221,0.012539,-0.005770,-0.050455,0.002712,-0.029680,0.000575,0.020016,0.001745,-0.021925,0.014873,0.013303,-0.036752,0.013031,0.011826,0.006490,-0.000072,-0.005276,-0.018329,-0.001254,-0.061817,0.010029,-0.041941,-0.000435,-0.004028,0.024776,0.055696,-0.030255,-0.022961,0.006366,-0.029450,0.005009,0.000050,0.008063,-0.022191,0.012017,0.042385,0.010184,-0.008904,-0.002541,0.026111,-0.028232,-0.007450,0.030638,0.008734,0.031400,-0.074733,0.020451,0.001196,-0.013305,0.007379,0.027091,0.024844,0.006745,-0.022879,-0.006273,-0.002794,0.009036,0.022045,-0.025177,0.000197,0.001970,-0.012792,-0.006880,0.011486,-0.046536,-0.016279,-0.005320,-0.024523,0.023518,-0.031550,0.001233,-0.008030,0.011114,-0.014106,0.003400,-0.007844
-0.011078,-0.006502,-0.067809,0.011381,-0.009536,0.014123,0.022496,0.032679,-0.004510,0.023007,0.036888,-0.001195,0.024350,0.001037,-0.037422,0.007524,-0.033588,-0.256919,0.010314,0.060413,0.016043,0.007708,-0.009253,0.007748,-0.005574,-0.005693,-0.028102,0.008335,-0.010391,-0.004070,0.005830,-0.076723,0.000350,0.034453,-0.003744,-0.000902,0.048275,-0.055101,-0.023819,-0.000703,0.001335,0.019831,0.005809,-0.002530,-0.010083,0.025849,0.010745,0.017372,0.016125,-0.010574,0.000125,-0.038809,-0.005577,-0.019196,0.003158,0.011936,-0.021852,0.001853,0.014494,-0.052547,0.000760,-0.024033,-0.013482,-0.016007,0.003871,0.005777,-0.019115,-0.012043,0.028819,-0.018089,-0.005548,0.027140,0.022709,-0.003453,-0.012562,-0.010044,-0.011034,0.027542,-0.015963,-0.016651,0.000099,0.036244,0.008492,-0.040227,-0.021015,0.010130,-0.008877,0.003825,-0.009215,-0.001678,-0.021183,-0.013047,-0.057942,-0.002407,-0.013371,-0.021767,-0.031907,0.135724,-0.009460,-0.008030,-0.056210,-0.005008,0.000653,0.002363,0.013330,0.029613,-0.014927,-0.007134,0.010790,-0.008824,-0.007071,-0.000189,-0.006613,0.006167,0.016367,-0.036313,-0.024211,0.042385,0.015032,-0.009635,0.046987,-0.052048,-0.006414,-0.011328,0.006227,0.016228,0.012265,0.010125
-0.003688,0.028178,0.041923,-0.007351,0.025128,-0.031885,0.004982,-0.002214,0.008890,0.039597,0.005801,0.004329,0.019564,0.009887,0.014131,-0.038694,-0.035317,-0.023317,-0.045145,-0.016599,0.009589,0.010266,0.009916,-0.017032,0.014072,0.015300,-0.003645,-0.013135,0.026910,0.053396,0.025370,0.023022,-0.076513,0.025411,-0.016131,0.086434,0.032724,-0.004063,0.027133,0.002133,-0.016943,0.007914,0.010987,-0.002880,0.010340,0.073898,0.041646,0.065076,0.044558,0.126070,-0.021551,0.086990,0.022370,0.068947,-0.014623,-0.015442,-0.004302,-0.016055,-0.133239,0.019684,0.037345,-0.004397,0.007049,-0.017906,0.002485,-0.013841,0.026266,-0.002890,0.017680,0.037573,0.039779,-0.109850,-0.028007,-0.070632,-0.020993,-0.003721,0.000293,-0.013572,0.006605,0.027724,0.154309,-0.026520,0.024408,-0.009704,0.030978,0.023750,0.002518,0.004981,0.002849,-0.002964,-0.003786,-0.006280,0.010018,0.009817,0.003325,-0.012325,0.043036,0.052327,0.050876,0.027634,0.025391,-0.007971,0.050140,0.028167,0.018893,-0.012162,-0.076808,0.011632,0.013237,0.035198,0.004704,0.021349,0.008321,-0.002894,-0.014517,-0.025792,-0.002105,0.050859,0.025764,-0.005704,0.012822,0.005625,0.027905,-0.006180,-0.021623,-0.001399,0.025256,0.049344
-0.006984,-0.012564,0.002008,-0.001073,-0.019177,-0.016925,0.006695,0.457638,-0.075667,0.005326,-0.007706,-0.000551,-0.003619,-0.006987,-0.010513,-0.009514,0.006729,0.002169,0.005340,-0.020476,0.008178,-0.012494,0.011248,-0.000752,0.004272,-0.292229,-0.058995,0.113339,0.005730,-0.013610,-0.000045,-0.029125,0.134920,-0.000346,0.002238,-0.026797,-0.023922,-0.015530,-0.000924,-0.015546,0.003002,-0.015731,-0.003556,-0.008872,-0.015021,-0.021089,-0.000120,-0.015279,-0.017052,-0.001557,0.152638,-0.007168,-0.015099,-0.115710,0.006599,-0.005328,-0.003657,-0.027392,0.004173,-0.016366,0.002547,-0.006015,0.032862,0.000803,-0.028058,-0.018974,0.016718,-0.016349,-0.010490,-0.025901,-0.074440,-0.016312,-0.023507,-0.002426,0.008877,-0.016777,-0.014458,-0.003331,-0.009387,0.005125,-0.003418,-0.022071,-0.078261,0.016078,-0.008493,-0.001947,-0.002194,-0.009109,0.076786,0.005408,-0.005948,-0.008594,0.000352,0.083470,-0.017471,0.005254,-0.009337,0.045145,-0.010780,-0.073601,-0.009326,-0.029511,0.000749,-0.019209,0.092061,-0.007446,-0.002721,0.255691,0.007522,-0.023442,-0.019677,-0.022715,-0.014623,0.001657,-0.068518,0.022191,-0.008171,0.021265,0.002832,0.000770,0.004730,-0.006880,-0.079064,-0.072598,0.000102,-0.002477,-0.002638,-0.006457
-0.002066,0.000836,-0.025439,-0.025191,0.018098,0.009843,0.017515,-0.015813,-0.074130,-0.003348,0.023104,-0.012771,-0.001615,-0.067529,0.000081,0.008158,-0.024895,0.000037,-0.001790,-0.005328,0.003010,0.008296,0.130121,-0.027121,-0.026644,-0.064311,0.172570,-0.085024,-0.005745,0.005499,0.010538,-0.002650,-0.107974,-0.001569,-0.018515,-0.024193,0.037133,-0.001848,-0.007041,-0.020237,-0.017199,0.001399,0.004762,0.004889,0.006770,-0.054597,0.003482,-0.043012,0.009858,0.020588,-0.029983,-0.003665,0.003304,0.060476,0.004325,0.013874,-0.016656,0.046750,-0.015797,0.002009,-0.016481,0.008111,-0.006268,-0.022205,0.011172,0.001786,0.013007,0.010887,0.003722,0.020405,0.016852,-0.024080,-0.019975,0.008953,0.013527,-0.001806,-0.009121,0.002947,0.005364,-0.005935,0.015419,-0.066152,0.056378,0.024646,0.019961,0.010932,0.003156,0.009956,-0.016463,0.024099,0.010392,-0.015457,-0.011878,0.088841,0.001954,0.008667,0.001733,0.035506,-0.002362,-0.192749,0.010381,0.032734,-0.106075,0.011046,-0.010901,0.002867,-0.000669,0.080418,0.005074,-0.000260,-0.025218,0.096113,-0.000377,-0.011391,-0.007872,0.004578,-0.006853,-0.031877,-0.013846,0.006401,-0.023149,0.001589,0.039562,0.102805,-0.030093,-0.010679,-0.008424,0.003660
-0.015050,0.001501,-0.060544,-0.049710,0.041056,0.012522,0.037515,-0.009594,0.000730,0.038519,0.035504,-0.020170,0.004792,-0.018023,-0.031274,0.007158,0.017856,-0.001951,0.062599,-0.004146,-0.013155,-0.013939,0.029637,0.050568,0.010755,0.004457,-0.013031,-0.066998,-0.027294,0.048992,0.025647,-0.006313,-0.094835,-0.041268,0.054334,-0.058283,0.010896,-0.008424,0.003843,0.000213,-0.066692,-0.003758,-0.004260,-0.022495,-0.004731,-0.051635,-0.029886,0.058453,0.007192,-0.028960,-0.023770,-0.041952,-0.025700,-0.054964,0.022362,0.007192,0.073820,-0.011079,0.049141,-0.009944,-0.032219,0.011929,-0.007775,0.047598,0.012479,0.010945,-0.016078,-0.002664,0.002978,0.020927,-0.031001,-0.070544,-0.056227,0.027224,0.001417,0.006700,-0.039588,0.027066,0.011178,-0.024687,0.018576,-0.048977,0.003115,-0.004752,-0.008574,0.002821,0.043421,0.011926,0.027989,0.069073,-0.026305,-0.018109,-0.022667,-0.013728,-0.012994,0.005422,-0.022811,0.009155,-0.036643,-0.027401,0.008578,0.045368,0.009640,0.028906,-0.002754,-0.052250,-0.007736,0.004725,-0.001192,-0.029889,0.061074,-0.005149,-0.038728,0.038913,-0.004157,0.003583,-0.018350,-0.025755,-0.019635,-0.016561,-0.001818,-0.031083,-0.078934,-0.002044,0.003320,0.056859,0.017568,0.002670
0.001267,-0.012435,0.002355,0.004077,0.006826,-0.006839,0.541542,0.018139,-0.023003,-0.030022,0.020786,0.003825,0.008505,0.024831,0.028167,-0.000286,-0.006255,-0.004188,-0.009663,-0.023181,-0.002009,0.015580,-0.000285,-0.010788,0.000437,0.013605,-0.011071,0.011319,-0.022204,-0.010929,-0.011152,0.002621,-0.017597,0.008280,-0.001964,-0.025786,-0.037415,0.014451,-0.002926,-0.003385,-0.002555,0.004221,0.010361,0.003981,-0.009853,0.009151,-0.037673,-0.000416,-0.010966,-0.021247,-0.012932,0.011599,-0.008706,0.064915,-0.005480,0.005758,-0.003943,-0.013893,0.004199,0.015965,0.000813,-0.003955,0.046057,0.001610,0.021173,0.005794,-0.007478,0.021106,0.004841,-0.003855,0.026124,0.003458,-0.001046,-0.015204,-0.011744,0.011024,-0.010784,0.013752,-0.008228,-0.017007,-0.017746,0.020807,0.029099,-0.003642,0.002168,0.001061,-0.027271,0.014692,0.003439,0.013124,0.018780,-0.011078,0.002555,-0.009629,-0.009145,-0.009085,-0.000455,-0.024488,-0.001503,0.045796,-0.009469,-0.048984,0.003512,0.025914,0.010031,-0.013262,0.001520,0.034602,0.002112,0.020136,-0.014969,-0.005090,0.000223,-0.036817,0.003053,-0.007166,0.015288,0.032427,0.001275,-0.016798,-0.006535,0.004772,0.021295,0.007385,0.000061,-0.005679,-0.001451,-0.004376
0.019367,0.001014,0.021977,0.025842,0.023867,0.013564,-0.072763,0.004951,-0.015230,-0.035127,-0.030579,0.013005,0.068996,0.022604,0.073191,0.092989,0.033676,0.025900,0.000704,-0.019494,0.049232,0.026742,-0.003070,0.022405,0.000995,0.010726,-0.000990,0.016810,0.039287,-0.056135,-0.013887,0.036158,0.023677,0.023571,0.010595,-0.023611,0.018044,0.041403,0.062694,0.025022,0.000833,-0.023794,0.000254,-0.025248,0.003925,-0.019468,-0.038946,-0.048105,0.018564,-0.003465,-0.002180,-0.017441,-0.015384,0.018922,-0.022467,0.009133,-0.016820,-0.013068,0.002323,0.056109,0.006739,-0.007888,0.030066,0.002792,-0.004988,0.034736,-0.016685,0.000282,0.056035,-0.035438,0.031170,-0.013144,0.032920,0.009682,-0.016271,0.003616,0.005872,0.025246,-0.014869,-0.016063,0.020457,0.083481,0.004733,-0.012584,-0.004267,0.030300,-0.012342,0.006496,0.011172,-0.010982,-0.015743,-0.004999,0.005141,0.000334,0.012599,-0.004471,0.007495,-0.087952,-0.021954,0.014447,-0.012354,-0.011784,0.001764,-0.021509,0.014315,0.016698,0.034578,-0.002334,-0.019698,0.056442,-0.018504,-0.008100,-0.024293,0.007674,-0.007220,-0.008514,0.012053,-0.011223,-0.011341,0.014342,0.027468,0.014167,0.037036,-0.011022,0.003244,0.023482,-0.002137,0.022367
-0.025696,-0.002114,0.026124,0.026271,-0.015459,-0.014365,-0.005036,0.009216,0.001512,0.033232,-0.008325,0.018745,0.016364,0.023274,-0.035927,-0.102363,-0.003032,0.037370,0.027145,-0.016386,-0.019836,-0.001789,0.018730,0.010369,-0.024738,0.001886,-0.004302,0.030345,0.008743,0.059853,0.013822,-0.027649,-0.067744,0.011829,0.038581,-0.005934,0.008896,-0.004837,0.035107,-0.022143,0.013997,0.012042,-0.023610,0.029111,-0.006597,0.015108,0.032812,0.020119,-0.009578,0.099976,-0.027362,0.052309,-0.001930,0.017652,-0.013527,0.018358,-0.016376,0.000230,-0.033048,-0.044857,-0.038725,-0.004326,0.013728,0.024955,0.004992,-0.024513,0.028584,-0.005273,-0.024237,-0.050292,-0.020181,0.003528,0.020982,-0.012880,-0.020557,-0.008802,-0.008505,0.032461,0.015102,-0.021557,0.086616,-0.051962,0.012607,-0.035988,-0.020275,0.047718,-0.030314,-0.007319,0.004399,0.021024,-0.047652,0.007654,-0.029130,-0.007710,-0.018245,-0.021301,-0.033726,-0.027654,-0.005082,-0.018819,-0.000122,0.013086,0.008738,0.047451,0.013901,0.041314,-0.008650,0.015729,-0.034918,-0.022121,0.045555,0.012932,-0.021423,-0.012558,-0.000391,-0.050058,0.001249,0.082010,0.026330,0.008408,0.039969,0.001097,-0.006610,-0.000907,-0.008068,0.017632,-0.013604,-0.059452
0.002610,0.019138,-0.009372,-0.001861,0.144234,-0.008708,-0.014090,0.006235,-0.007626,-0.033275,0.005294,-0.007230,-0.048917,0.033929,0.003820,0.034774,-0.016999,-0.006605,-0.017897,-0.014798,0.006296,0.000355,-0.028742,0.006446,-0.011282,0.000688,-0.028694,-0.011621,-0.004728,0.020332,-0.126306,-0.018052,0.015045,0.020013,-0.029102,0.012498,0.003921,-0.009219,-0.019796,0.007330,0.015330,-0.021875,0.145775,0.000951,-0.024322,0.020084,0.000369,0.024726,0.087264,0.009752,-0.022493,-0.020022,-0.015886,0.016606,-0.027008,0.005488,0.009063,0.004458,-0.030976,-0.003446,0.001053,-0.003636,0.016355,-0.001736,-0.004900,0.011274,-0.259381,-0.010975,0.003670,0.012683,-0.013804,0.019225,0.035559,-0.001693,0.006864,-0.010603,0.002026,-0.004613,-0.047464,-0.000775,-0.005583,-0.019625,-0.023526,0.003590,0.009265,0.001366,-0.026624,-0.014315,-0.011813,0.030636,0.008755,-0.007836,-0.004969,0.037897,-0.003392,-0.005463,0.031424,-0.014736,-0.001958,0.012041,-0.005695,-0.041879,0.057828,0.176495,0.002484,-0.034733,-0.002822,0.019676,-0.079600,0.025289,-0.003711,0.007709,0.015236,0.004330,-0.013760,-0.008206,-0.002720,0.030971,0.006937,-0.126240,-0.005986,-0.006312,0.002180,-0.022802,-0.000733,-0.001109,-0.018773,-0.052491
-0.002749,-0.016649,-0.019925,0.012638,-0.037308,-0.025960,0.039077,0.007553,0.000934,0.039180,0.004910,0.022254,0.033950,0.011646,-0.011862,-0.052869,0.004291,0.033972,0.023175,0.016303,0.028407,-0.011132,0.002531,0.021621,0.006329,0.003426,-0.017119,0.033084,0.003908,0.046907,0.018954,-0.006801,-0.021879,-0.002494,0.043861,0.031770,0.014397,0.015410,-0.001162,-0.018380,0.020869,0.001314,-0.013806,0.022100,-0.029899,0.061051,0.012048,0.000750,0.010788,0.044758,0.000773,-0.006316,-0.011460,0.004336,-0.027620,0.018796,0.034363,-0.013295,-0.034660,-0.043172,0.016734,0.021674,0.011291,0.015473,0.004717,-0.034718,0.004418,-0.019871,-0.073393,-0.015339,-0.047273,0.013662,-0.020009,-0.026924,0.021568,-0.020765,-0.018941,0.027126,0.012004,0.013697,0.086551,-0.020665,-0.003535,0.027685,-0.029705,-0.004011,0.039193,-0.013170,0.003188,0.044119,0.000023,0.009912,-0.017785,-0.003608,-0.007061,0.011093,-0.012454,0.029782,0.018023,-0.006700,-0.016451,-0.001186,-0.001007,0.024943,0.005614,-0.013142,0.001009,0.006563,0.012850,-0.013979,-0.012628,0.004279,-0.019012,0.067719,0.003585,0.016713,-0.012030,0.094489,0.054062,0.018227,0.021692,0.006808,-0.012610,0.009724,0.016180,0.022857,0.001967,-0.025940
0.033740,-0.002288,0.035010,0.009278,0.023321,-0.029181,-0.011396,-0.011916,0.001817,-0.000953,0.019710,0.019046,0.009783,-0.015511,0.000543,0.034842,0.044421,-0.015763,-0.081122,0.012929,0.011515,0.013285,-0.014254,0.025928,0.003034,0.011669,-0.018044,-0.027800,0.006626,-0.016295,-0.006151,-0.018537,-0.008475,0.003972,-0.005468,0.033185,0.025436,0.022095,0.026918,-0.000781,0.009291,0.036162,0.057263,-0.119191,0.006799,0.017694,-0.023439,0.045449,0.042653,0.025384,-0.013496,-0.111001,-0.014614,0.019568,0.031974,-0.016731,0.016855,0.006099,-0.029660,-0.008005,0.042948,-0.010131,-0.016745,0.033945,-0.002515,-0.015588,-0.009712,-0.007326,0.001396,-0.015211,-0.020173,-0.051578,-0.005030,-0.034971,0.015799,-0.005618,-0.034736,-0.004064,-0.016685,0.010235,0.039827,-0.039617,0.009684,0.006191,-0.012513,-0.012030,-0.018494,0.005251,0.003511,-0.006075,-0.007915,-0.011064,0.027550,0.015244,-0.038357,-0.002340,-0.026517,0.030774,0.027592,-0.006250,0.006806,-0.006680,0.043514,0.035338,0.010104,0.014460,-0.001491,0.009828,0.031880,0.021221,0.090317,0.008390,-0.008384,0.003517,-0.005678,0.016312,0.034764,0.013087,0.015216,-0.039879,0.024703,-0.019548,0.002764,-0.020696,-0.006296,-0.011974,0.017645,0.011035
-0.025078,-0.008880,0.015844,0.021278,-0.021242,-0.014214,-0.003019,-0.034742,0.048234,-0.017639,0.018623,0.017499,0.010849,-0.023282,0.005998,0.001383,-0.025167,-0.048242,-0.018248,0.007716,-0.004850,0.014837,-0.011683,-0.053495,0.032646,0.030145,-0.026263,-0.039528,-0.015602,-0.019087,-0.000474,0.038974,-0.205494,0.037821,-0.055663,0.098546,-0.011957,0.027103,0.013262,-0.020146,-0.012482,0.009603,0.023900,-0.277170,0.002309,0.109035,-0.003572,0.192480,0.009063,0.040176,-0.005313,-0.218442,-0.018987,0.023424,-0.086439,-0.011107,-0.086243,-0.003874,-0.016511,0.016716,-0.018831,-0.022164,-0.000644,-0.094791,0.006938,-0.012283,0.027117,0.044606,-0.011773,-0.015876,0.000128,-0.014393,0.019118,-0.032286,-0.013789,-0.002404,0.015740,-0.020926,0.005386,0.025347,0.034524,0.082925,0.023269,0.005350,0.030342,-0.013903,-0.010641,0.008916,0.021095,-0.043631,-0.000580,0.018081,0.007279,0.033679,0.012457,-0.015089,0.019434,-0.015482,0.006453,-0.018469,-0.018562,0.012156,0.039562,0.034678,0.003452,0.004161,-0.047828,0.000286,0.003369,0.007786,0.200410,0.026528,0.006802,-0.018064,0.003785,-0.024887,-0.024273,-0.029280,-0.007122,-0.044126,0.003013,0.044972,0.034674,-0.013108,-0.018092,-0.014894,-0.016692,-0.032949
-0.000963,0.004091,-0.011189,-0.008937,0.007999,-0.008137,0.058328,0.018504,-0.030423,-0.015794,-0.123133,0.001321,0.000478,0.040374,0.019507,0.030597,0.004723,0.011633,0.001153,0.197292,0.017962,-0.014819,-0.221391,-0.008406,0.014287,0.243443,0.147243,-0.018167,0.004047,-0.015097,-0.004792,0.013741,0.058891,0.000733,0.013355,-0.038166,0.062696,0.006716,-0.000917,0.001951,0.006427,-0.000976,-0.005886,-0.002654,0.009956,-0.016395,-0.000099,0.002462,-0.008552,0.006423,0.057156,-0.000567,0.007205,0.019689,-0.001241,0.010353,-0.004518,-0.133433,0.002496,0.022876,0.000653,0.006562,-0.015105,0.000796,0.018042,-0.000328,-0.008004,-0.022068,0.012329,0.003382,0.016570,-0.013177,-0.007995,0.008514,0.008404,0.001086,-0.004985,0.006282,-0.002406,0.001647,0.000655,-0.043036,0.017892,0.014031,-0.005005,0.001628,-0.005012,-0.013812,-0.095370,0.012205,-0.000804,-0.003731,0.002183,0.294077,0.000381,0.009790,0.001051,-0.035236,-0.002337,0.023547,0.010485,0.571635,0.197821,-0.013784,0.166162,0.005983,0.003416,-0.159492,-0.005194,0.011401,0.011650,-0.018731,-0.001004,-0.001412,0.012624,0.016408,-0.001149,-0.000206,0.003929,0.001184,-0.001277,0.005690,0.006633,0.016182,0.004400,0.004992,-0.004711,-0.004429
0.039034,0.023705,-0.000535,0.020154,-0.270903,0.023650,-0.001713,-0.014917,0.019514,0.020772,-0.003638,0.009100,0.000750,-0.021042,-0.008080,0.006606,0.037399,-0.013305,-0.001498,0.030158,0.019098,-0.004597,0.017641,0.031179,0.026399,-0.007122,-0.021739,-0.009867,0.013183,0.010702,0.030184,0.003320,-0.001977,0.016449,0.028596,-0.045316,0.024596,0.008237,-0.003326,-0.017422,0.022783,0.016056,-0.083271,-0.023927,0.006572,0.003242,-0.004862,0.012529,-0.101589,-0.038708,0.003050,0.008603,0.008127,0.004701,0.017233,-0.006955,0.006759,-0.004724,0.021121,-0.011992,0.034104,0.013894,-0.021339,0.034007,0.029154,-0.037553,0.079464,-0.002526,-0.016854,-0.010716,-0.048292,0.005931,0.009527,0.029366,0.021979,-0.037417,-0.046180,0.012253,-0.033947,0.013642,0.002314,-0.075794,-0.011854,0.024208,-0.047115,-0.004228,0.032074,0.012376,0.013753,0.019587,-0.011477,-0.019623,-0.011496,0.001499,-0.058637,0.017226,-0.062460,0.060165,0.019389,-0.011368,0.018923,-0.010325,0.035113,-0.114291,-0.025314,-0.011805,0.036387,-0.028739,0.041337,0.000368,0.101573,0.001461,-0.013620,-0.001969,-0.005213,0.010791,-0.000231,-0.023625,-0.002147,0.023903,0.046690,-0.013914,-0.041321,0.007965,-0.004726,0.008524,0.030731,0.011942
0.020560,-0.001048,-0.065234,-0.032251,-0.040994,0.028611,-0.138139,-0.006496,-0.015222,-0.039435,0.024030,-0.016571,-0.008324,0.005004,-0.001109,0.059218,-0.040995,0.023461,0.019246,-0.035124,0.060197,0.045875,0.015728,-0.031630,-0.014882,-0.016917,0.014552,-0.005216,-0.036903,-0.007968,0.011272,-0.006808,0.045220,-0.021978,0.003151,-0.054868,-0.002247,-0.014888,-0.050342,-0.000472,-0.044478,0.019248,-0.032481,-0.003444,0.018978,-0.079702,0.029216,0.005750,-0.031669,0.035967,-0.013450,-0.026831,-0.024409,0.001084,0.057785,0.018576,-0.068568,0.010741,0.015656,0.003016,0.001960,-0.000777,0.074720,-0.043653,-0.003326,0.006306,0.002348,0.041152,0.014997,0.002781,-0.004206,-0.048172,-0.013471,0.030898,-0.012272,-0.014253,-0.009993,0.015768,-0.029186,-0.027481,0.068141,0.109521,0.015482,0.007757,-0.058392,-0.007215,0.025599,0.050553,0.018837,0.007904,-0.029342,-0.009282,-0.061827,-0.022712,-0.005332,0.007749,-0.029277,-0.033202,-0.029486,0.004032,0.002955,0.030528,-0.025856,-0.022233,-0.009778,0.038626,0.017585,0.011369,0.002597,-0.001678,0.011058,-0.008960,-0.030261,0.051340,0.022598,-0.001738,-0.017833,0.033187,0.019775,0.060363,-0.001758,-0.004245,-0.008650,0.008098,0.003598,0.006404,0.000193,0.038968
-0.000296,0.008699,-0.001143,-0.010353,-0.000129,-0.002111,0.026356,-0.246478,-0.007802,0.003149,0.264395,-0.012831,0.011172,-0.155862,0.022921,-0.000388,0.002749,0.007918,-0.001286,-0.041123,-0.006663,-0.016553,0.317887,0.004565,-0.011012,-0.091139,0.015758,0.021826,-0.017029,-0.003745,0.002230,0.007949,0.214247,-0.012096,-0.008496,-0.017661,0.039342,0.017815,-0.004190,0.002108,-0.001477,0.000101,-0.011364,0.014670,0.001574,0.011960,-0.033138,-0.002935,-0.005688,-0.014586,-0.016519,-0.004391,0.005919,0.009860,0.001147,-0.009514,0.012098,0.122588,0.008704,0.016468,0.004517,-0.012285,-0.037553,-0.004058,-0.095642,0.005350,0.008422,-0.000440,0.001716,-0.002401,0.009848,0.000613,0.007733,0.005378,-0.008395,0.007983,0.009478,-0.003986,0.012766,-0.001703,-0.006614,0.003862,0.071385,-0.013397,-0.005017,0.001030,0.000965,-0.010265,-0.173914,0.007544,-0.005938,0.008553,-0.004521,0.202671,0.004079,-0.008997,0.000229,-0.013830,-0.002256,0.092529,0.009882,0.107358,0.034573,-0.013838,0.264294,0.004319,-0.001630,-0.164623,0.005638,0.005115,-0.006303,0.065946,0.010194,0.004279,0.018711,-0.014034,0.002906,0.017057,-0.000955,0.007374,0.004642,0.015559,0.012055,-0.083714,0.012683,-0.005860,0.002404,0.006527
-0.018902,-0.005480,0.111448,0.062355,-0.000680,-0.033367,0.053211,-0.007939,-0.014540,-0.017120,0.020882,0.035421,0.150605,-0.003391,-0.024210,-0.005174,0.062094,0.013108,0.005806,0.014705,-0.007991,0.012466,0.009487,0.019395,0.058003,0.040148,0.003606,-0.021315,0.012069,-0.017422,-0.016945,0.003099,0.040273,0.072960,0.040027,0.028782,-0.018036,0.026491,0.178287,0.001093,0.009346,0.018284,0.026003,0.005131,0.039592,0.085874,0.028351,-0.021145,-0.004413,0.042091,-0.035477,-0.015476,0.015992,-0.047276,-0.006139,0.003398,0.018917,-0.004815,-0.028276,-0.011506,0.012324,-0.003512,-0.004099,0.018801,0.018722,-0.020762,-0.006193,0.026532,0.038637,-0.039866,-0.054439,0.019297,-0.018098,0.018730,0.015324,-0.018930,-0.003280,-0.013711,0.013704,-0.001175,0.029047,-0.001033,0.009427,-0.003649,-0.009607,0.031046,-0.040373,0.008879,-0.006498,-0.033573,-0.005993,0.023117,0.052216,-0.006127,0.018624,0.015460,-0.024369,0.018272,0.008783,0.006312,0.018115,-0.021054,0.004096,-0.022089,0.029961,0.039702,-0.026580,0.006220,0.009845,0.002443,-0.016266,-0.009055,0.000423,-0.037394,-0.023157,0.017057,0.026487,-0.028857,-0.002781,-0.026948,0.038025,0.013022,-0.020427,0.003871,0.008346,-0.002021,0.016408,0.007337
0.020673,0.010865,0.025430,-0.008595,-0.031107,-0.010332,0.063769,-0.043810,-0.001770,0.044900,-0.019909,-0.005003,-0.003333,0.039879,-0.031475,-0.055162,0.023983,0.007628,-0.019096,0.041092,-0.020843,-0.001557,-0.009806,0.016818,-0.003666,0.006729,0.027614,0.006565,-0.011105,0.033019,0.016133,-0.026587,0.084610,0.008288,-0.001246,0.072940,0.245567,-0.013566,-0.007009,0.016029,-0.006365,0.013844,0.012332,0.136659,0.008751,0.014441,-0.021009,-0.245446,-0.011893,-0.004060,0.010487,0.119705,0.014411,0.019447,0.041119,-0.004207,0.017915,-0.019677,0.006483,-0.022581,-0.013372,0.026041,-0.021183,0.018200,-0.000262,0.020641,0.022452,-0.008755,-0.012076,0.044397,0.017654,-0.026190,0.017901,0.001473,0.023930,0.038091,0.045399,0.006588,0.011873,0.025515,-0.006064,0.006761,0.004376,0.023080,0.027666,-0.021666,0.004509,-0.003818,0.021445,0.007671,-0.007299,0.029798,0.037923,0.025373,0.031309,0.013159,0.011883,0.081857,0.010224,0.009466,0.000926,0.044135,0.019775,-0.002170,-0.019677,-0.011892,0.006534,-0.013851,-0.001593,-0.016961,-0.294415,0.011021,0.031745,-0.026228,0.032269,0.025095,0.003553,-0.035006,-0.020749,0.033383,-0.013378,-0.021709,0.008235,-0.023458,-0.019387,0.006940,-0.000851,0.002807
-0.007344,-0.014044,0.003049,0.001693,0.006725,-0.002570,-0.055143,0.035732,0.055412,0.019049,0.521752,0.008649,0.011929,0.048160,-0.011961,-0.004970,0.006366,0.000381,0.005875,0.078517,0.008024,-0.043378,-0.141111,0.003016,0.029602,0.113910,0.479629,0.061145,-0.005380,0.024282,-0.001666,0.000513,0.004420,0.006705,0.010001,-0.002716,0.033138,0.005084,0.008162,-0.010640,-0.002942,-0.012039,0.013041,-0.007598,-0.004914,0.021276,0.004528,0.005405,0.011403,0.016614,0.270203,-0.005440,-0.011481,-0.067476,-0.004105,0.003473,-0.009075,-0.261244,-0.006373,-0.012805,-0.003525,0.002309,-0.003813,-0.002767,0.107855,-0.009068,0.000287,-0.038588,-0.010599,-0.012997,-0.042478,0.020843,-0.019487,-0.003759,0.003425,-0.004281,-0.016257,0.006064,-0.005219,0.003036,0.022215,0.007805,-0.031207,-0.002732,-0.001444,0.000032,0.003295,-0.029220,0.004897,0.006355,-0.002361,-0.011302,0.007693,-0.061496,-0.013909,0.009290,0.001276,0.001266,0.006671,0.113987,-0.004938,-0.046821,-0.064772,0.008235,-0.088576,0.002023,-0.003985,0.233519,-0.008349,-0.008915,-0.006847,-0.014351,-0.015248,0.014468,0.001854,0.008874,0.003476,-0.020351,-0.006972,-0.013063,0.000508,0.004588,-0.035135,0.005291,-0.001839,-0.001415,-0.001862,-0.003381
-0.008532,-0.013608,0.007857,-0.004041,0.010123,-0.013467,0.592254,0.022621,-0.027353,-0.028231,0.019427,-0.007573,0.011266,0.004847,0.013274,-0.005465,0.002355,-0.000738,-0.020361,-0.019500,-0.020694,0.038353,0.014978,-0.009010,0.007809,0.007575,-0.010972,0.012612,-0.025262,-0.017493,-0.008247,0.020797,-0.022596,-0.011108,-0.008009,-0.015060,-0.041676,0.019266,-0.001369,-0.010353,0.000119,-0.011297,0.009909,0.011539,-0.012143,-0.004537,-0.056009,-0.016062,-0.001860,-0.012326,-0.000048,0.020391,-0.016597,0.061965,-0.002391,0.007563,-0.003686,-0.019183,0.001099,0.026552,0.002339,-0.012921,0.031002,0.004477,0.027753,-0.002638,-0.007144,0.040419,-0.001718,0.000394,0.027739,0.002196,0.014815,-0.014601,-0.016885,0.008047,-0.004524,0.007927,-0.021241,-0.002909,-0.032872,0.012193,0.035254,-0.010258,0.001999,-0.023031,-0.021811,0.015799,0.007984,-0.001022,0.013355,-0.008797,0.002275,-0.014355,-0.017643,-0.018285,-0.004561,-0.047373,-0.002364,0.041072,0.000889,-0.051278,-0.012470,0.020833,0.005164,-0.017313,0.004758,0.025182,-0.005378,0.015641,-0.009852,-0.004897,-0.010343,-0.049297,-0.007259,-0.007443,0.021621,0.028057,0.016290,-0.006843,0.004166,0.007265,0.021127,0.020663,0.022372,-0.001540,0.003292,0.001801
0.007376,0.027999,0.025908,0.018772,0.029703,0.000837,0.012889,-0.001864,0.016811,-0.049417,0.015874,0.026358,-0.015363,0.012265,0.003257,0.011325,-0.010488,0.059095,0.008926,0.004228,-0.003287,-0.009177,-0.013683,-0.003492,-0.004734,-0.001087,-0.019462,0.034642,0.017825,0.008700,0.001029,0.011774,-0.023294,0.026030,-0.045088,0.003990,0.002449,0.004558,0.014579,-0.019722,0.013289,-0.014950,0.004358,-0.005672,-0.037115,-0.014481,0.033138,-0.017304,-0.034555,0.108762,-0.014225,0.032860,0.002046,0.017921,0.014897,0.001162,-0.001673,0.019165,-0.061144,-0.029215,0.006601,0.003985,-0.014929,-0.021309,-0.010400,0.002967,0.028851,0.006001,-0.044865,0.017984,0.000217,-0.015315,-0.010947,0.016590,0.032046,0.006866,0.015895,-0.028349,0.000861,0.022723,0.089383,-0.025568,0.029406,0.018145,0.051233,0.021520,-0.063402,0.003443,-0.007995,0.033696,0.003138,-0.001392,0.004850,0.005817,-0.007699,-0.012336,0.032733,0.076146,0.000184,-0.012525,-0.007916,-0.009134,0.030617,0.029173,0.024389,-0.056738,-0.008382,0.015965,-0.059476,0.026155,-0.009558,0.015794,0.001436,-0.063557,0.003183,0.000793,0.025252,0.085187,0.036853,-0.009864,-0.011228,0.034762,0.014813,-0.008196,0.005662,-0.001671,-0.031249,-0.039136
0.004166,0.004461,0.041656,0.007076,0.026913,-0.012977,-0.016116,0.004827,-0.029200,-0.020534,-0.012064,-0.009672,-0.004858,0.031940,0.070828,-0.035180,0.007269,0.022323,0.035085,-0.027317,-0.034769,-0.007174,0.005354,0.018941,0.002557,0.016486,0.020972,-0.004470,-0.006318,-0.005326,0.007299,0.068994,0.099895,0.042376,-0.032214,0.020077,0.005735,0.042418,0.020380,-0.014491,0.015280,-0.005223,0.021758,-0.020131,-0.015184,-0.034077,0.014376,-0.018669,0.010866,-0.017939,-0.028989,0.010879,-0.008847,0.055275,-0.049894,-0.004126,0.069057,-0.009988,0.004372,0.087144,-0.013079,0.013514,0.028873,0.030673,-0.018889,0.019763,-0.014494,0.005865,-0.029631,-0.013251,0.025984,-0.005953,0.034501,0.016449,-0.007456,-0.001298,0.000138,-0.033954,0.030936,0.018039,0.027222,0.019807,0.026212,0.020267,0.018302,-0.003115,0.028106,-0.006868,0.016974,0.027485,0.012772,0.007368,0.008875,0.000162,-0.012272,0.006034,0.002044,-0.034342,-0.011976,0.003755,0.009884,0.006755,-0.001828,0.026791,0.025602,-0.032029,0.016040,0.027855,0.002806,0.033074,0.015504,-0.010397,-0.006132,-0.003657,-0.004196,0.004846,0.017111,0.026344,0.015388,-0.018360,-0.025016,0.058246,0.021270,-0.031623,-0.000593,0.014621,-0.007465,-0.021659
0.018581,0.001598,0.013259,0.005229,-0.048782,0.014265,-0.038927,-0.025219,-0.020403,-0.004230,0.005218,0.002889,-0.014588,0.027622,-0.025916,-0.038969,0.006354,0.013803,0.000106,0.080260,0.005990,0.010972,-0.017378,0.016764,0.025537,0.000837,-0.001484,0.005975,0.005603,-0.001064,0.017820,-0.011336,-0.006831,-0.027343,0.006692,0.260989,0.097693,-0.006932,-0.037250,0.011908,0.002341,0.013834,0.010344,0.001985,-0.005822,0.086546,-0.003826,-0.027049,0.076628,-0.019247,0.009289,0.003651,0.016309,-0.028589,-0.120926,0.015930,0.021011,0.011539,0.022303,-0.030903,0.036040,0.024793,0.002185,0.030895,0.036766,0.004756,0.023391,0.008133,-0.003709,0.020494,-0.022306,0.052732,-0.034476,0.053123,0.015886,0.005873,-0.008799,0.004764,-0.004379,0.009668,-0.031486,-0.025215,0.023887,0.021294,0.205517,-0.000123,0.020312,0.011399,0.024397,0.009124,0.028478,-0.009603,0.004924,0.023264,-0.006519,0.017062,0.184430,0.005888,0.044529,0.000109,0.021968,-0.002435,0.055286,-0.020180,-0.020441,-0.013796,0.019071,-0.037046,0.041599,-0.023989,0.054504,0.009651,0.001042,0.010882,0.004590,0.023735,0.000281,-0.000240,0.013561,0.036063,-0.005730,-0.000274,-0.008358,0.026070,0.021543,0.003052,0.015161,0.043844
0.006209,0.002585,0.009682,0.012576,0.001737,0.003853,-0.023882,-0.127979,-0.013366,0.005088,0.162254,0.014107,-0.001343,-0.027411,0.003023,0.011496,0.006653,0.006670,-0.001205,-0.057036,0.001202,-0.010849,0.176206,0.010913,0.002962,-0.256555,-0.041326,0.079373,0.008865,0.015335,0.002713,0.010865,-0.099316,0.003077,0.015139,0.004004,0.014142,0.001698,-0.005735,0.008618,-0.000828,0.012798,0.008167,-0.018318,0.003817,0.027198,0.015943,0.030325,0.003880,-0.008507,0.297638,-0.004410,0.012511,-0.006950,-0.020607,0.010879,0.003128,-0.110078,0.018640,0.012001,0.008708,0.006577,-0.007139,0.024826,0.002082,0.002938,0.000318,-0.015772,-0.001074,0.006686,0.009610,0.027526,0.010990,0.006827,-0.003552,-0.006936,0.006531,0.010315,-0.003675,0.000119,-0.014753,-0.005804,0.081901,0.005319,0.001536,-0.003184,0.002609,-0.005773,0.081337,0.000905,-0.000350,0.006126,0.004883,0.184609,0.002543,0.005562,-0.000805,0.017574,0.005149,0.006152,0.004211,0.105380,0.027979,0.004957,0.312323,0.010514,0.004496,0.040953,0.007388,0.009085,0.024640,-0.026210,0.006178,0.002585,-0.007991,0.001445,-0.007628,0.033625,0.018233,-0.005114,0.007349,0.009654,0.004819,-0.186480,0.001296,0.005050,0.002327,0.013197
-0.004876,-0.017295,0.003024,0.006823,-0.014220,0.001186,-0.009544,0.035824,0.017205,0.011882,-0.028742,0.003009,0.014375,0.008740,-0.011659,0.000646,0.013057,0.001175,0.004606,0.025902,0.016438,0.003318,0.007158,0.018428,0.024714,0.061191,-0.027725,0.002301,-0.005221,0.009356,-0.005911,-0.007351,0.062313,-0.001085,0.022665,-0.014678,0.015359,0.001462,0.002866,-0.019592,-0.004321,-0.003553,-0.014727,0.000567,0.002109,-0.002996,-0.005646,-0.016792,-0.004588,-0.005625,0.026543,-0.005263,-0.026841,0.006977,-0.004107,0.007407,0.008803,0.004756,0.011471,-0.015736,0.004767,-0.000322,0.001657,0.009528,-0.011789,-0.015033,-0.002761,0.005167,-0.009325,-0.022492,-0.001416,0.006664,-0.004331,0.007076,-0.004609,-0.019385,-0.032657,0.009046,-0.013126,-0.000347,-0.005166,-0.024688,-0.052544,0.001602,-0.002925,-0.000545,-0.001084,0.004047,0.030611,-0.000822,-0.008029,-0.027357,0.005237,-0.001100,-0.032775,0.003889,0.001919,-0.009986,0.000432,0.066705,-0.014391,0.022711,-0.048091,-0.005255,-0.026647,0.008891,0.004308,0.002430,-0.000742,-0.013330,-0.018508,0.922758,-0.025874,0.000252,-0.013499,0.008251,-0.000133,0.010946,0.002487,-0.017342,0.012983,0.005219,-0.002783,-0.048250,0.002266,0.010721,-0.001045,0.000350
0.036392,-0.016242,0.059197,0.022890,0.000867,-0.029170,-0.000191,0.000148,0.010559,-0.007271,-0.013047,-0.007738,0.017789,-0.002768,-0.003497,-0.008595,-0.015355,0.063439,0.018821,0.028767,-0.005958,-0.006756,0.025894,0.000705,0.063292,0.007512,0.001331,0.073204,0.026199,-0.025644,-0.022114,-0.030123,-0.001652,0.014988,-0.016389,0.050809,0.005719,-0.029836,0.046321,-0.009477,0.025552,0.006051,0.014547,0.042808,0.002438,0.012694,0.007091,0.020273,-0.044978,-0.013221,-0.007590,-0.034161,-0.014546,0.025564,0.055492,-0.007847,0.019590,-0.032974,-0.018890,-0.048506,0.038364,-0.000580,-0.019536,0.006469,0.012083,-0.001864,0.016762,0.000115,-0.018890,-0.021444,-0.014712,0.007375,0.004486,0.002500,-0.009773,-0.003749,-0.034722,-0.004097,0.009576,0.046636,-0.017921,-0.090100,-0.005905,0.037215,0.002460,0.002930,-0.053245,-0.019577,0.014783,0.013100,0.058560,-0.005153,0.049505,-0.006207,-0.019900,-0.011464,-0.017994,0.039895,0.003585,-0.013856,0.038766,-0.010644,0.023223,0.024267,0.003806,-0.035921,0.007784,0.002444,0.008708,-0.006590,0.052387,0.009280,-0.017596,-0.070145,-0.006158,0.008692,0.022746,0.015432,0.033366,0.017310,-0.008520,0.006089,0.003915,0.001817,0.006970,-0.017347,0.007720,0.024729
0.003281,-0.011739,0.006320,-0.003603,-0.013664,0.009485,0.016604,0.254889,0.036912,-0.020421,0.033139,0.004941,0.002591,-0.090542,-0.007212,-0.019191,-0.010889,-0.014954,-0.003667,-0.018105,-0.001580,0.002225,0.203005,-0.010300,0.018185,0.213849,0.028673,-0.017786,0.001519,-0.010701,0.004178,-0.005456,0.030022,0.004153,-0.008597,-0.033024,0.023133,-0.006214,0.002456,-0.006686,-0.002792,0.008732,-0.010370,-0.000947,-0.010612,-0.029363,0.010169,-0.010989,-0.023904,-0.004793,0.004490,-0.007077,-0.012058,-0.006736,-0.007763,-0.008139,-0.013986,-0.110576,-0.010403,0.000343,-0.013795,0.002358,-0.010563,-0.009346,-0.097208,-0.004801,0.002885,0.010420,-0.001412,-0.011508,-0.015992,-0.021172,-0.011593,-0.011132,-0.010577,-0.014280,-0.013268,-0.008450,-0.002718,-0.009322,-0.005817,-0.048948,-0.084013,-0.006715,-0.007425,-0.019366,-0.002604,0.000818,0.049591,-0.001051,-0.017914,-0.009772,-0.002513,0.155838,-0.017625,-0.004215,0.000137,0.051552,-0.003481,-0.078764,-0.014494,0.014645,0.115385,-0.020758,-0.145683,-0.011176,-0.012063,0.144954,-0.005369,0.005972,-0.006747,-0.009391,-0.001604,-0.016959,-0.061930,-0.008137,-0.008052,-0.026851,-0.009381,-0.000611,-0.005235,-0.002621,0.021283,-0.043828,-0.012860,-0.014455,-0.003825,0.007576
0.007150,0.004084,-0.009422,0.003014,0.004911,0.023775,0.017420,-0.088727,0.070521,-0.011965,0.129867,-0.014878,-0.009452,-0.112331,0.003994,0.006259,0.004306,-0.006296,-0.015903,0.035758,-0.001259,0.039522,-0.002991,-0.000569,0.011631,0.195544,0.027894,0.038008,0.003236,-0.005021,-0.016639,-0.014907,0.011057,-0.006268,0.000893,-0.009616,0.021458,-0.007571,-0.001250,-0.000986,-0.003654,-0.001407,0.000546,0.007029,0.004749,0.009215,-0.013790,-0.023256,-0.005352,-0.010795,0.118655,0.014782,-0.019609,-0.003978,-0.000625,-0.002943,-0.010750,0.252792,0.005719,0.001061,-0.006687,-0.004528,-0.024045,-0.019735,0.047998,0.006635,-0.011828,0.031682,-0.003136,0.002513,0.004055,0.001178,-0.001753,-0.000760,-0.012001,-0.005524,-0.003561,-0.005247,-0.001411,0.002937,0.001587,-0.039680,-0.073218,0.003290,0.009571,-0.002643,-0.008190,0.037440,0.289507,0.005092,-0.004784,-0.013671,-0.002749,0.024081,0.000962,-0.008143,0.006491,-0.031318,-0.009641,0.148405,0.003657,0.151416,-0.282671,-0.011585,-0.117349,0.002801,0.006810,-0.055988,0.004874,-0.002744,-0.003535,-0.094877,-0.003045,-0.004269,0.002721,-0.005463,-0.006000,0.005213,-0.008735,-0.003505,-0.006308,-0.006687,-0.022167,-0.165513,0.000980,-0.009104,-0.007935,-0.005565
0.034174,0.005359,0.056524,0.030430,0.024115,-0.003487,-0.060784,-0.020535,0.026851,-0.042857,-0.011842,0.013053,0.007789,0.016736,-0.020978,0.033165,-0.009780,-0.004963,-0.019631,0.016369,-0.012122,0.007971,-0.026038,0.004001,0.007246,0.012881,-0.023723,0.004577,0.010171,-0.011804,-0.004184,-0.003155,-0.096737,0.011839,-0.034175,-0.418234,0.020619,-0.012126,-0.003659,-0.003301,0.009802,0.014392,-0.004652,0.081795,0.008983,0.115252,-0.009484,0.057983,-0.076370,-0.024987,0.007667,0.055585,-0.010317,0.035138,0.028197,-0.014430,-0.017315,-0.000135,-0.018806,-0.028581,0.023268,0.010298,0.037920,-0.021158,0.008069,0.003637,-0.003950,0.014759,0.003627,0.007874,-0.008887,-0.017478,-0.000176,-0.016292,-0.007667,0.011240,0.015596,-0.031200,-0.005402,0.030880,-0.014993,-0.030177,0.030377,-0.003915,-0.204691,-0.003086,-0.006947,0.023457,0.007042,-0.015782,0.026287,-0.007792,0.029095,0.014062,0.004491,-0.011597,-0.227598,-0.066961,-0.004041,0.006272,0.007345,-0.021030,0.048766,0.072933,-0.003900,0.035117,-0.001873,-0.018568,-0.025282,0.001829,-0.055918,0.009154,-0.008233,-0.010426,0.011387,-0.014482,0.020475,0.017880,0.011807,0.004425,-0.006197,0.016810,-0.011330,0.006832,-0.012891,-0.003320,0.003903,0.002535
-0.025069,-0.014090,0.009806,-0.039212,-0.133519,0.002951,0.040027,-0.021895,0.034083,-0.025763,0.025181,-0.001068,-0.010031,-0.000105,-0.003975,0.011419,0.030844,-0.008302,0.022516,-0.018879,-0.024309,-0.018422,0.029335,0.012314,0.014337,0.021150,0.006241,-0.005935,-0.008334,-0.029053,0.079684,-0.000918,-0.022277,0.013486,0.001227,0.004309,0.031082,-0.012188,-0.012722,-0.004652,0.010471,-0.035099,-0.190717,-0.087102,-0.014395,0.012947,-0.005252,0.069270,-0.111648,-0.024073,-0.008762,-0.024182,0.019664,-0.016810,-0.033773,-0.029947,0.091177,-0.027705,0.002288,-0.002309,-0.028351,-0.031388,0.039085,0.039494,-0.033225,-0.007079,0.133010,-0.028623,-0.039606,0.003001,-0.011452,-0.045977,-0.022552,-0.009628,-0.014100,0.018226,0.007091,-0.018170,0.090337,-0.014141,-0.052106,0.010449,-0.011376,-0.013309,0.028565,-0.002728,-0.040495,-0.020283,0.042573,-0.008144,0.038100,0.021508,0.019537,0.005278,0.034760,-0.027908,0.008508,-0.061044,0.000576,-0.021167,-0.019114,-0.011519,0.070652,-0.111015,-0.018373,-0.020835,0.014091,0.031237,0.002155,-0.030068,0.168796,0.001696,0.010468,-0.028669,0.011516,-0.031802,0.020752,-0.029270,-0.015750,0.073810,-0.033162,0.015783,-0.032612,-0.006345,-0.013995,0.009919,-0.021241,-0.018543
-0.033250,0.020762,0.039171,-0.020170,-0.008363,-0.038428,-0.126327,0.005704,0.014479,-0.023811,0.005357,0.030985,0.005374,-0.005668,0.015075,-0.008820,-0.003325,-0.046924,-0.038248,0.019256,-0.082739,0.057040,0.032424,-0.070838,0.023820,0.006204,-0.044002,-0.017822,0.007469,-0.024556,-0.016459,0.014531,0.066990,0.049811,-0.083476,0.003910,-0.020072,0.035234,0.036565,0.015674,-0.007383,0.090446,0.029792,0.016684,0.044869,-0.033035,0.046478,-0.002452,-0.010618,0.002613,0.036568,0.034740,0.047002,0.008208,0.020965,-0.006175,-0.084603,-0.025193,0.009345,0.047644,0.041267,-0.016384,0.003348,-0.085206,0.013402,-0.008695,-0.026051,0.064178,0.035258,0.024014,0.034976,0.004349,-0.017245,0.032709,0.005264,0.021862,0.023760,-0.031434,-0.010781,0.047670,0.031882,0.061159,0.040142,-0.027474,-0.015808,-0.002665,0.023700,0.042837,0.014417,-0.001571,0.022790,0.024297,0.028601,-0.004338,0.039910,-0.023461,-0.021377,0.050845,0.032486,0.005825,0.015024,-0.002860,-0.015868,-0.029336,-0.001163,-0.010147,0.006999,-0.006410,0.039573,0.003821,-0.057371,0.006384,0.033752,-0.003362,0.006636,-0.029382,0.021588,0.032701,0.017194,-0.084702,-0.003940,0.043913,0.046559,0.027142,0.007497,-0.067043,0.030018,0.004269
0.014777,-0.018474,-0.011279,-0.003212,0.009323,0.225669,0.041376,0.022145,0.018946,0.007706,-0.026042,0.012402,-0.007705,-0.025441,-0.013427,-0.002831,0.002721,0.020567,-0.000260,-0.047096,0.010034,0.375642,0.000703,0.008690,-0.008071,0.041359,-0.013583,-0.053845,0.000367,0.009130,-0.008206,-0.016267,0.063430,0.011788,0.009393,0.022777,-0.031781,-0.014711,-0.000515,0.010058,0.017650,-0.032593,-0.004343,0.011847,-0.013211,-0.011811,0.024820,0.025125,0.010300,-0.004464,-0.022512,-0.002332,0.004842,0.000415,0.005704,0.014345,0.005280,0.024602,0.017636,-0.031045,0.008368,0.005123,0.005253,0.018290,0.011128,-0.000606,-0.016900,0.361599,-0.017716,-0.010950,-0.010942,-0.000879,-0.002547,0.037073,-0.000895,-0.001991,0.007221,0.013447,-0.001162,0.014451,-0.005635,-0.038952,-0.009382,0.010739,0.009242,-0.000664,-0.000358,0.335065,-0.008432,0.011975,0.008983,0.007692,0.005253,0.005975,0.010605,0.005391,0.001141,0.007814,-0.000647,0.022600,0.004363,-0.033572,0.009418,0.011235,0.035232,0.007907,0.017277,0.000883,-0.012262,-0.013052,0.038473,-0.009005,-0.001761,0.008468,-0.057613,0.007059,-0.009412,0.047080,0.032172,-0.016785,-0.020062,-0.012504,-0.001644,0.002425,0.006297,0.011158,-0.004780,-0.001240
0.014855,-0.013486,0.075517,0.010376,-0.013652,-0.015777,0.007686,0.003989,0.000898,-0.007078,-0.002673,0.009398,0.043878,0.009407,-0.054218,0.003300,0.037238,0.060286,-0.013878,0.008400,0.035652,-0.000559,0.025758,0.043889,0.013781,-0.005992,0.015108,0.050801,0.008934,0.025649,-0.020273,-0.032939,-0.092649,-0.019741,-0.016022,0.003173,-0.004093,-0.022644,0.018626,0.036347,0.004777,-0.012966,-0.040550,0.006119,0.012321,-0.029243,-0.004466,-0.014015,-0.019435,0.010247,0.002958,0.008907,0.026984,0.038646,-0.023421,0.014560,0.015187,0.008558,-0.021028,-0.117878,0.007180,-0.041175,0.009760,-0.017566,0.004036,0.031151,-0.010805,-0.002227,0.009081,0.056887,0.044317,-0.003120,0.027401,-0.063759,-0.041923,0.032931,0.054879,0.001412,0.005050,0.029800,0.003425,0.022155,0.021251,-0.028575,0.007739,0.009626,-0.012837,-0.022817,0.001976,0.030516,-0.026294,0.024837,0.040486,-0.008635,0.060328,-0.035051,0.024326,0.034037,-0.000289,-0.029199,0.008866,0.029485,0.006500,-0.003275,-0.007799,0.017997,-0.015389,0.004032,0.004155,-0.017118,-0.030808,-0.003249,0.019946,0.008318,-0.004732,-0.048722,-0.013578,0.003388,0.007489,0.001257,-0.026020,-0.082587,-0.021793,-0.003019,-0.013572,0.041637,0.010892,0.007504
-0.000450,-0.008868,0.006905,0.025028,-0.014339,-0.010469,0.034599,-0.037535,0.014510,0.106262,0.006786,0.001345,0.001570,-0.047497,-0.007710,0.041095,-0.028079,-0.018448,0.005230,-0.004687,0.025944,-0.001195,0.001684,-0.001186,-0.005684,0.002018,-0.005516,0.016012,0.002303,0.090641,0.004923,-0.002239,0.042287,0.019285,0.003075,0.093428,0.002202,0.000653,0.007701,0.018788,-0.014920,-0.017969,0.012358,0.098018,-0.003556,-0.545394,0.006499,-0.075492,0.064787,0.013065,0.033779,-0.086220,0.004594,-0.025840,0.305932,-0.020575,-0.008660,0.015827,-0.006074,-0.012062,0.016318,-0.009538,-0.016815,0.002579,0.019902,0.012672,-0.013672,-0.000664,0.013517,-0.005311,-0.021587,-0.023721,0.008859,-0.001929,-0.018152,-0.000659,0.017835,-0.010306,0.001655,0.004181,0.041231,0.046785,0.023453,-0.013118,0.004450,0.001692,-0.028453,-0.007125,0.046067,-0.021655,0.011312,0.007331,-0.019658,0.004346,0.021699,-0.006013,0.016116,-0.003448,0.026837,-0.010780,-0.005656,0.008636,0.002293,0.037822,-0.012983,0.006256,-0.024500,-0.023229,0.012739,0.001309,0.036401,-0.006595,-0.004001,-0.006421,-0.013855,-0.024128,-0.019583,-0.002993,0.002023,-0.005532,0.021797,0.004713,-0.030866,0.025144,0.019089,0.003033,0.025327,0.045345
-0.006178,-0.002465,0.012401,0.026197,0.023845,-0.037459,0.033247,0.009025,-0.012049,0.000810,-0.009331,0.029166,-0.057664,-0.014605,-0.013525,-0.034147,-0.161685,0.079063,-0.004436,0.030847,-0.026702,-0.001003,-0.008652,-0.116412,-0.283466,0.014695,0.003116,-0.034351,0.000321,0.022802,-0.026914,-0.048452,0.072672,0.019624,-0.126326,-0.036333,0.002958,-0.021068,0.013225,0.055038,0.000810,0.012458,0.037432,-0.013968,-0.030171,0.028900,-0.006977,0.068409,0.016543,0.029032,0.016104,-0.055602,0.020754,-0.035320,-0.019405,-0.015045,-0.090165,-0.001205,-0.010379,-0.016369,-0.003613,-0.006550,-0.040550,-0.054486,0.007966,0.066631,0.010281,-0.015656,0.006165,-0.008092,-0.025286,0.008927,0.098614,-0.016960,0.002823,0.031581,0.113386,-0.014474,0.021549,0.019355,-0.015124,0.047565,-0.004955,-0.008058,0.001069,-0.021874,-0.010251,-0.024063,-0.015531,-0.039267,-0.008093,0.067720,-0.099371,-0.007734,0.089197,0.001465,0.002784,0.076825,-0.033813,0.032383,0.018728,0.000336,-0.027821,0.011952,-0.001732,-0.030421,-0.027172,0.002463,0.000186,0.001634,0.019043,0.042671,0.059533,0.002666,-0.004192,0.008253,-0.008582,0.002433,0.012994,-0.034780,-0.003577,-0.137275,-0.056230,-0.004989,0.004428,-0.044575,0.015771,-0.028606
0.047292,0.031382,0.004418,-0.004846,-0.026953,-0.002716,0.009186,0.045886,0.055213,0.053029,0.004445,-0.004953,-0.026952,0.006989,0.011258,-0.007417,-0.002863,0.033144,-0.015882,-0.037716,0.018706,0.024820,-0.029452,-0.006700,-0.015949,-0.063554,-0.089131,0.056048,0.009650,0.015527,0.000434,0.022236,0.026150,-0.000445,0.009896,0.054883,0.030927,-0.007142,-0.004021,0.006217,0.001943,0.028337,0.035200,0.016115,0.005680,0.069464,-0.002681,-0.012201,0.024381,-0.002311,-0.015129,0.040024,0.024304,0.014811,-0.025394,-0.012703,-0.001465,0.023950,0.031291,0.015870,0.094285,0.010495,0.043333,0.011320,0.032710,0.020981,0.009275,0.029857,-0.001723,0.042923,0.008285,0.012384,0.015604,0.056964,0.022897,-0.001617,0.011097,0.000724,-0.022614,0.003511,0.049149,-0.000433,-0.021251,0.009016,0.030298,0.018636,0.039121,0.001826,0.066513,0.008495,-0.000281,0.000896,-0.002724,0.024482,0.000777,0.005215,0.021006,-0.056211,0.024796,0.055111,0.026006,-0.004285,0.003425,0.011780,-0.011253,0.008986,0.017379,-0.007441,0.148610,0.014780,-0.048308,-0.022769,0.018187,-0.003192,-0.005850,0.005670,0.010452,0.124742,0.073061,0.053071,0.025155,0.017766,-0.007625,-0.049328,0.086186,0.000731,0.071373,0.090108
0.024152,0.014585,-0.032458,0.006517,0.152775,-0.005530,-0.004744,-0.001917,-0.005287,-0.051056,0.004611,0.001812,0.002461,0.016041,-0.008891,0.026695,0.041569,-0.028738,-0.001228,-0.020536,0.026947,-0.009719,-0.011846,-0.007415,-0.014554,-0.001714,-0.009945,-0.005694,0.001991,0.022756,-0.189817,0.003358,-0.009459,0.005899,0.036897,-0.031871,-0.015891,0.004475,0.002654,0.014877,0.003642,-0.011060,0.156647,0.004321,-0.001636,0.014353,0.004829,0.005979,0.082933,-0.020838,-0.014883,-0.025831,-0.008199,-0.021914,0.002993,0.022221,0.031822,-0.001186,-0.009865,-0.003569,0.000920,0.001723,-0.077382,0.056075,-0.014622,-0.003894,-0.340785,-0.003125,0.009662,0.008267,0.031556,0.051296,-0.006450,0.036736,-0.001552,-0.004170,-0.005612,0.013550,-0.066507,-0.015338,-0.020912,0.016224,-0.035262,-0.007698,-0.025118,-0.007405,-0.005591,0.002720,-0.003965,0.017286,-0.018008,-0.017585,-0.019127,0.028823,-0.010033,0.012626,-0.001117,-0.034854,-0.001417,-0.007831,0.010066,-0.032301,0.035639,0.142214,-0.014453,0.002690,-0.009050,0.002881,-0.030637,0.000685,-0.004152,0.004803,-0.012291,0.000227,-0.002813,0.010481,-0.038063,0.012292,-0.006437,-0.070872,0.007948,-0.034050,0.009597,-0.010397,-0.007980,-0.005247,-0.002537,-0.008153
0.009722,0.006107,-0.012369,-0.003476,0.005865,0.002348,-0.005939,-0.079735,-0.011088,0.003655,-0.169106,-0.006066,0.006819,-0.024239,0.008170,0.016180,-0.007179,-0.004271,0.006144,-0.092970,0.018620,0.017568,0.327376,-0.001176,-0.007471,0.240057,-0.119717,0.027580,-0.001586,0.005122,-0.001466,0.008959,-0.038846,-0.002524,0.008119,-0.005485,-0.018163,0.008772,0.004462,0.003595,0.007560,-0.004492,0.000363,-0.001457,0.005632,0.001762,-0.001288,-0.022639,0.008712,-0.006856,0.365022,0.000057,-0.000518,-0.006420,-0.001047,0.011075,-0.005982,0.181354,0.008910,0.005913,0.007029,0.009563,-0.041450,-0.007267,-0.012081,0.005748,-0.005966,0.013513,0.005037,0.015330,0.008409,0.007360,0.008771,0.013004,0.011965,0.007966,0.003248,0.007254,0.001129,0.004802,-0.010812,-0.019305,0.038678,0.008600,0.006305,0.002019,0.010629,0.004035,-0.093004,0.008662,0.003936,-0.005824,-0.001670,-0.222281,0.006496,0.010646,0.005403,-0.004997,0.011499,-0.115166,0.006590,0.004831,0.079584,-0.002847,0.242792,0.002307,0.005858,0.370937,0.001939,0.007910,-0.013655,-0.014628,0.001665,0.012811,-0.032375,0.009382,0.000623,-0.005077,-0.002634,0.008914,0.003026,-0.014164,-0.001266,0.011472,0.009145,0.002103,-0.000896,0.007962
-0.006586,0.045670,0.032446,0.005438,0.022810,0.021720,0.011924,0.006677,0.009671,0.004723,-0.028840,-0.000098,0.019992,0.013981,-0.029737,-0.030735,0.155050,-0.025034,0.043544,-0.019195,-0.003685,0.005357,-0.008855,0.206003,0.015797,0.025378,0.006009,-0.008672,0.012043,0.023573,0.017959,-0.019001,-0.067483,0.011551,0.159756,-0.042619,0.066201,0.027339,-0.001091,0.083704,0.013978,0.025316,0.007537,0.042837,0.019071,0.004867,-0.008431,0.007281,0.027335,0.009415,-0.025961,0.016268,0.104065,-0.014015,0.007551,0.003157,0.324959,0.009025,-0.012896,-0.000884,-0.017205,0.019027,-0.027840,0.271376,0.007077,0.042859,0.006091,0.004040,-0.036381,0.062653,-0.014000,0.019348,-0.026719,0.023976,-0.010240,0.039828,0.082711,-0.008942,0.089590,0.031267,0.001617,0.044350,0.009905,-0.001537,0.030758,-0.012731,0.016532,0.005050,0.003429,0.013955,0.059354,0.091656,0.082863,-0.022035,0.101695,0.029664,0.009596,-0.007026,-0.006267,0.009041,-0.020904,0.012564,0.040540,0.006343,0.005662,0.025202,0.003454,0.023094,-0.018652,-0.013565,0.070962,-0.018151,0.068121,0.013646,0.055437,0.019558,-0.003487,-0.010077,-0.007221,-0.008441,0.026624,0.004728,-0.008092,-0.026630,0.006244,0.098565,0.000021,-0.019447
-0.056829,0.001446,-0.030832,-0.059193,-0.008222,-0.061608,0.013499,-0.004939,0.007565,0.059251,0.006600,-0.034402,0.027919,-0.023692,0.003619,-0.028237,-0.009968,-0.026437,0.036655,-0.033845,-0.015142,0.019423,0.023469,-0.019196,-0.025543,-0.013894,-0.012106,-0.089037,-0.022934,0.022415,0.017142,-0.004152,0.045068,0.023605,0.006613,0.026339,0.018436,-0.028853,0.012800,-0.011007,-0.056007,0.009902,-0.018824,0.055421,0.019551,0.018242,0.001650,0.029872,0.002806,0.057758,-0.024398,0.045272,0.010636,-0.010574,0.012940,0.041491,-0.045926,-0.013089,0.022682,0.020297,-0.141844,-0.018941,0.043624,-0.030933,0.001035,0.019528,0.055695,-0.000821,0.009176,0.017028,-0.001036,0.003364,-0.006350,0.020755,0.003525,0.011238,0.005138,0.004543,0.027878,0.033603,0.061014,-0.064065,-0.016265,-0.027244,0.000120,0.021378,0.035158,0.008685,0.013173,0.037003,-0.025485,0.015779,0.000584,-0.001049,0.001236,-0.007458,0.011732,-0.098090,-0.046807,-0.028507,-0.022381,0.045475,-0.053133,0.024036,0.020815,0.025086,0.022772,0.016152,-0.028692,-0.044341,0.063123,0.002854,0.005424,0.015926,0.001742,-0.036933,0.014169,-0.063415,-0.016927,-0.011184,-0.041212,-0.010971,-0.015350,-0.002863,-0.006411,0.027481,-0.004411,-0.069429
0.017177,0.008923,0.006009,-0.002254,-0.004782,-0.001130,0.002312,-0.144682,-0.033582,-0.007098,-0.142251,0.007829,0.000368,0.073666,-0.000569,-0.009578,0.009601,0.004125,0.017030,0.040983,0.015389,0.002408,0.034993,0.014786,0.013289,0.158942,0.016116,-0.034229,0.011711,-0.001652,0.017097,-0.001048,-0.096379,-0.004983,0.019750,0.007253,-0.007336,-0.004990,-0.008784,-0.000640,0.018679,0.002782,-0.016390,0.016927,0.002238,-0.015890,0.001583,0.040467,-0.001377,-0.016597,0.004595,0.007283,0.014899,0.006298,0.025270,0.017187,0.015250,-0.174705,0.003548,-0.004674,0.016259,-0.000042,-0.021757,0.021024,0.016900,-0.004182,0.017780,-0.003466,0.000305,0.011420,0.003373,-0.026750,-0.002488,0.011435,0.007258,0.006850,0.003722,0.011020,0.019778,0.004127,-0.014565,0.010814,0.101400,-0.000393,0.000274,0.004332,0.011882,-0.004787,-0.043843,0.023824,0.000100,0.010430,0.014825,0.364984,0.000086,0.000730,0.002589,0.014331,0.007744,0.081031,0.006462,-0.321231,-0.635906,-0.014477,0.086155,-0.000490,0.003044,-0.009322,0.008060,0.001025,0.046429,-0.013119,0.003671,0.008176,-0.027594,0.002108,0.000659,0.036936,0.018986,0.013246,0.005977,0.002458,0.005969,-0.024672,0.012178,0.016124,0.007477,0.006578
-0.037046,-0.016075,0.041124,0.030647,0.032187,-0.042301,0.010174,-0.002184,0.007698,-0.020244,0.001968,0.031663,0.018333,-0.000763,-0.007345,-0.053812,-0.032151,0.039039,0.020108,-0.027878,0.005332,0.007255,0.016306,-0.083035,0.008988,0.011341,-0.002975,0.031234,-0.014950,-0.020638,0.015381,0.017668,-0.014736,0.030638,-0.021026,0.010808,0.031935,0.042964,0.020968,-0.012325,0.009099,-0.010936,-0.005889,0.044440,0.009437,0.039234,0.030464,0.026859,0.034968,0.049268,-0.048853,0.031433,-0.019007,0.002019,-0.037103,0.039409,-0.051401,-0.007906,0.022902,-0.004654,-0.069924,-0.008560,0.009527,-0.040884,-0.008372,-0.001240,0.048361,0.009496,0.032410,-0.044489,-0.000202,-0.054530,0.060232,-0.003424,-0.026236,-0.000373,-0.011101,0.021962,0.027293,0.050419,0.051428,0.011616,0.009180,-0.050932,0.010316,0.000945,-0.010408,0.000734,0.030272,0.004896,0.017665,0.006012,0.019173,-0.010051,-0.014101,-0.008010,0.061581,-0.004795,-0.007456,-0.011118,-0.018786,0.024939,-0.009499,0.035127,0.013078,0.005627,0.011811,0.020727,-0.043389,0.002520,0.023853,-0.002461,-0.020053,0.001822,0.004630,-0.048258,-0.018408,-0.034437,-0.012677,-0.018926,0.002639,-0.009937,0.028966,-0.006109,-0.018320,-0.010487,0.023743,-0.072770
-0.007667,-0.000351,-0.084072,-0.010202,-0.009074,0.004125,-0.007686,0.056989,-0.046553,-0.012043,0.022267,-0.009617,-0.003978,0.033395,-0.066242,0.015786,0.014265,-0.307159,0.007553,0.022634,-0.005548,0.006883,0.007802,0.004622,-0.025247,-0.017564,-0.010092,-0.004334,0.013934,-0.056015,-0.001737,-0.085770,-0.009140,0.061556,0.012841,0.004368,0.035019,-0.049419,-0.003761,-0.003978,-0.007991,-0.017928,0.003991,-0.019759,-0.020630,-0.004838,0.017013,0.002477,0.004950,0.008674,-0.000421,-0.029889,-0.031729,0.029739,0.004366,-0.008306,-0.014558,-0.024209,0.035307,-0.058458,0.005910,-0.035041,0.014649,-0.002401,-0.000543,0.010649,0.002811,0.018279,0.048107,-0.022925,0.046433,-0.018016,0.003729,0.033835,-0.034604,-0.000950,0.002618,0.001439,0.003055,-0.021471,0.002478,0.057357,0.047797,-0.050110,-0.015105,0.011692,-0.003245,0.014764,-0.015038,-0.028750,-0.010352,0.004869,-0.036566,-0.007549,0.002421,-0.038135,-0.005956,0.201953,-0.001315,0.016996,-0.060659,-0.003809,0.002136,-0.014583,0.023522,0.008609,0.008277,-0.037416,0.036868,-0.037882,0.006643,0.005410,-0.022905,-0.008518,0.023516,-0.048134,0.000865,0.052629,0.022608,0.004226,0.056657,-0.060502,0.018921,-0.022288,0.031309,-0.006327,0.026179,0.010511
-0.013686,-0.012511,0.072126,0.012226,-0.016225,-0.051436,0.022947,0.003968,-0.026274,0.008673,0.005567,-0.002673,0.050769,-0.007672,-0.003026,-0.005677,0.028780,0.031480,0.009426,-0.000694,-0.010342,0.009420,0.020667,-0.002221,-0.003527,0.016212,0.000029,-0.036594,0.002322,-0.005232,0.011897,-0.004010,0.012904,0.012623,-0.007251,0.013899,0.006029,0.018832,0.099917,-0.018487,-0.002880,-0.039672,-0.009391,0.006821,-0.045396,0.021136,0.008502,-0.004982,-0.008450,-0.003249,-0.040105,-0.031722,-0.049421,-0.026575,-0.012043,-0.005118,0.064255,-0.024810,0.017539,-0.003136,-0.001109,-0.018928,-0.038994,0.035937,0.011949,0.016943,0.026928,0.000073,0.001206,-0.027564,-0.027324,-0.028229,0.037829,0.027852,-0.023150,-0.004750,-0.003725,-0.013685,0.011730,-0.020847,0.014935,0.010556,0.001572,-0.031775,0.020566,0.013349,-0.017862,0.027636,0.034047,-0.009742,-0.001380,-0.003137,0.029001,-0.007266,-0.015306,-0.013335,0.007466,0.050228,0.005155,0.017689,-0.016556,-0.007456,0.017681,-0.010648,0.020384,-0.094885,0.007689,0.005668,0.001921,0.012333,-0.012240,-0.013930,-0.026267,0.007555,0.001817,-0.003236,0.017543,-0.043921,-0.002988,-0.001002,0.023918,-0.005128,-0.004936,-0.011221,0.018722,-0.005863,0.014724,-0.004002
0.001615,0.001168,0.002857,0.008737,-0.000221,0.005352,-0.018489,-0.095745,-0.904634,-0.008303,0.036838,0.009857,0.001365,0.026533,-0.007462,0.002724,-0.002025,-0.012038,-0.010092,-0.006895,0.001065,0.006384,-0.100105,-0.002599,0.005184,0.004100,0.002669,0.016191,-0.002311,0.001214,0.005292,-0.000485,-0.014446,0.001817,-0.005573,-0.001684,-0.012266,-0.005119,0.005804,0.005708,0.016127,0.001602,-0.006656,0.014618,0.001241,0.026358,0.005318,0.017091,0.000022,0.000301,0.034505,0.006004,0.002673,0.009024,0.040199,-0.001649,-0.007865,0.106266,-0.006126,0.002049,0.008871,0.000674,-0.025993,-0.009322,0.014662,0.000902,0.013224,0.010083,-0.002665,-0.004298,-0.003498,0.003789,0.000351,-0.008732,-0.001558,0.000688,0.008689,-0.001116,0.005664,0.004493,0.010390,-0.009380,0.015708,-0.002183,-0.007216,-0.005548,0.000829,0.006246,0.109362,-0.006846,-0.002251,0.007094,-0.001878,0.027791,0.009686,0.004487,0.001858,0.014410,0.009372,0.030942,-0.008747,0.041667,0.004884,-0.018161,-0.057877,0.013572,-0.004897,0.089438,-0.000317,-0.006548,0.014790,0.011703,0.008335,0.000217,0.018658,0.000757,-0.001301,0.003109,0.001110,0.002977,0.009850,0.004561,0.004869,0.068634,-0.003875,-0.000619,-0.000136,0.004119
-0.008439,-0.014070,0.039641,-0.005132,0.038077,-0.024153,0.041449,0.007484,-0.002498,0.004799,-0.004295,0.008427,-0.024779,-0.013330,-0.051301,-0.030759,-0.022495,0.044680,-0.005201,0.010864,-0.007433,-0.009069,0.020526,-0.003698,0.053237,-0.003687,-0.006664,0.053881,-0.018701,-0.019467,-0.002889,-0.012326,0.060801,0.033053,-0.026671,-0.005244,0.000700,0.004651,-0.004879,-0.002587,0.011297,0.005102,0.025371,0.026366,-0.002934,0.054623,0.021226,0.001325,-0.021544,0.046477,-0.010546,-0.016447,0.029974,0.012140,-0.019687,0.020350,0.006723,-0.007756,-0.037633,-0.028627,-0.013698,-0.001186,0.007779,-0.028470,0.000579,-0.016947,0.006042,-0.018344,-0.041551,-0.002976,-0.015621,0.008361,-0.035572,-0.018536,-0.013816,-0.015214,0.006520,-0.001138,0.029484,0.049727,0.077581,-0.001579,-0.001933,0.047775,0.010930,-0.012121,-0.036235,-0.017454,0.013315,0.058475,0.061977,0.014668,0.048605,0.002460,0.001497,0.005535,-0.012465,0.031324,-0.009426,-0.012492,0.028108,-0.001235,-0.017111,0.012445,0.004899,-0.049059,-0.018496,0.004302,-0.019428,-0.025597,0.026142,0.003247,0.015239,-0.035759,0.000478,0.005229,0.017151,0.095782,0.031347,-0.062854,-0.025039,0.053880,-0.024205,0.006950,0.020982,0.000897,-0.013015,-0.069173
0.005821,0.012547,-0.042690,-0.007224,-0.012385,0.010164,-0.059472,0.008466,-0.021772,-0.016394,0.001831,-0.013357,0.018863,0.020516,0.045365,0.009220,-0.040197,-0.036657,0.057024,-0.035473,0.019564,0.019235,-0.000509,0.031455,-0.041581,0.007288,-0.016663,-0.048031,0.015622,-0.018221,0.013980,0.037718,0.008075,-0.016969,0.053444,0.029275,0.032598,0.000271,-0.012983,0.018515,-0.022671,-0.026965,-0.035965,0.027700,-0.020396,-0.015614,-0.017248,0.042572,-0.017291,-0.001766,-0.010885,-0.000695,-0.008222,0.065628,0.016485,0.003506,-0.000036,-0.016093,0.017812,0.071868,-0.024120,0.007120,0.028678,0.015363,-0.006551,0.002948,-0.000716,0.010193,-0.026658,-0.011806,0.013918,-0.000738,-0.001178,0.018213,0.000302,0.012864,0.034096,0.014449,-0.001262,0.013238,-0.006399,-0.086782,0.009174,-0.006269,-0.030436,-0.010202,0.016900,0.007130,0.000151,-0.011913,-0.033615,0.016803,-0.051982,-0.004929,0.034640,0.031227,-0.014450,-0.244058,-0.016630,-0.013225,-0.016838,0.029152,-0.001992,0.016209,0.011460,0.003532,0.035631,0.000629,-0.039883,0.041021,0.065357,0.009134,0.005588,0.011206,-0.002769,0.018857,-0.009365,0.005125,-0.009002,0.023677,0.021547,0.017713,-0.015229,-0.018750,0.003727,0.044932,-0.006651,0.003036
-0.000949,-0.010670,-0.005694,-0.001660,0.000166,0.003300,-0.014248,-0.209418,0.188363,0.000150,-0.129646,-0.002857,-0.002901,0.025169,-0.014500,0.003548,-0.008671,-0.021151,-0.005351,0.033288,-0.002049,0.007069,-0.248050,-0.002385,-0.002501,-0.021606,-0.016778,0.031163,-0.006953,-0.005213,-0.005503,-0.019026,0.045478,-0.003029,-0.011414,0.005366,-0.021997,-0.011074,-0.006172,-0.011512,-0.007839,-0.009209,-0.002055,-0.003674,-0.016187,0.039169,-0.004333,0.032690,-0.008134,-0.021247,0.084138,-0.005082,-0.019167,-0.043621,-0.015341,-0.013815,-0.000260,0.161751,-0.005297,-0.015963,-0.000223,-0.011331,-0.012024,-0.002271,0.184476,-0.009204,-0.011643,0.012292,-0.004822,-0.017669,-0.033831,0.002071,-0.006275,-0.002221,-0.012144,-0.011264,-0.013263,-0.003558,-0.009313,-0.012889,-0.022061,0.037218,0.094865,-0.016562,0.003555,-0.004773,0.001838,0.005871,0.389681,-0.002589,-0.004880,-0.008838,-0.008241,0.124048,-0.020483,-0.011647,0.004933,0.024527,-0.007645,-0.064853,-0.019868,0.101626,-0.005939,-0.003568,0.262001,-0.010894,-0.006990,0.218556,0.002941,-0.008786,0.033044,0.035258,-0.011939,-0.004450,-0.012551,-0.011591,0.000199,0.015418,0.001264,-0.008037,0.001164,-0.003493,-0.021791,0.459260,0.000620,-0.004366,0.003665,0.000788
0.032543,-0.031575,0.046206,-0.009466,-0.026230,0.002508,-0.049097,0.005403,-0.012692,0.077687,0.028932,-0.011694,-0.006306,0.010305,0.037965,-0.049908,-0.007341,0.054633,-0.018048,-0.005290,0.004826,0.026866,-0.008980,0.007834,-0.041090,0.009254,-0.019631,0.061671,-0.003133,0.096924,0.005790,0.021255,-0.064096,0.004292,0.002069,-0.035404,0.005885,0.054592,0.038172,-0.020752,0.019849,-0.018534,-0.062729,0.024368,-0.007785,-0.010887,-0.013605,-0.010624,-0.022133,-0.058019,-0.012444,0.034862,-0.020268,0.072843,0.012997,0.001444,0.015606,-0.004570,0.014178,0.015040,-0.009402,-0.003013,0.034565,0.012587,-0.002083,-0.010725,0.050816,0.018997,-0.017038,-0.010299,0.030587,0.020048,0.040792,0.004965,-0.003436,0.002543,-0.017439,-0.003739,0.002601,0.023479,-0.069445,0.088592,0.015722,0.001233,0.007649,0.026405,-0.039833,0.015847,0.013807,0.004829,-0.001227,-0.001385,-0.014351,0.001899,-0.012467,-0.002963,-0.006601,-0.012433,-0.023023,-0.007008,0.004141,-0.004847,0.000964,0.005137,0.001198,-0.038780,0.007027,-0.000395,0.003632,0.028860,-0.017221,-0.014041,-0.036116,0.014246,0.013929,0.014629,0.013456,-0.015105,-0.012543,0.000898,0.023406,-0.006656,0.011777,0.000205,0.004119,0.002299,-0.024186,-0.037480
-0.031298,-0.004665,0.009583,0.015148,0.013502,0.019578,0.057785,0.032226,-0.000634,0.031331,-0.018284,0.014626,-0.003582,0.007075,-0.017903,0.002172,0.001513,-0.017439,-0.003296,0.001452,-0.012757,-0.002103,-0.007770,-0.032220,0.017957,-0.060309,-0.063513,0.106147,0.006305,0.014451,-0.001582,-0.003254,0.025706,0.013172,-0.024549,-0.012929,0.004245,0.004414,0.011152,-0.002721,0.025025,0.014047,-0.027212,0.006054,0.032705,0.002259,0.020921,-0.010791,-0.036585,0.153432,0.002854,-0.004200,0.005144,-0.019504,-0.000356,0.001394,0.000567,0.014781,-0.082741,-0.027630,-0.118901,0.023321,-0.008802,-0.001959,0.010345,-0.004127,-0.012293,-0.004175,0.018964,-0.004696,0.004309,0.011025,-0.037802,-0.142308,0.026941,-0.003628,-0.008757,-0.011374,-0.004994,0.021024,0.128242,-0.011921,0.014302,0.021724,-0.010592,0.002471,-0.007176,0.008945,-0.007026,0.001828,0.020636,-0.011215,0.031225,0.019426,-0.014530,0.017507,-0.010409,0.078975,-0.009477,0.000812,0.004692,-0.013656,-0.057610,0.003486,0.063351,0.031078,0.002469,-0.028835,-0.121041,-0.009121,-0.006028,0.020446,-0.004791,-0.021383,-0.001613,0.027632,-0.002452,-0.675981,-0.267019,0.005131,-0.029890,0.018434,-0.000411,0.011842,-0.157799,-0.030421,-0.073315,-0.023774
-0.014998,-0.004094,0.004920,-0.053377,0.004628,-0.020300,0.015386,0.000240,-0.008651,0.023487,0.010157,-0.011770,-0.014396,0.020584,-0.007719,-0.045908,-0.010217,0.104286,0.009217,-0.004761,-0.034191,-0.008491,0.014413,-0.000107,-0.002931,0.003111,-0.007769,-0.015645,-0.005794,0.023933,0.002743,-0.030113,0.009013,0.000590,-0.040856,0.011443,0.009505,0.006472,0.029582,-0.023480,-0.018065,-0.004836,0.000219,0.008556,-0.011806,-0.022841,0.011683,0.013070,0.011366,0.032721,-0.030659,0.031548,-0.019992,-0.029722,0.010656,0.034133,0.008946,-0.003232,0.024418,-0.016198,0.004802,0.010774,0.058085,0.009879,-0.011628,0.006492,0.009941,-0.014794,-0.036342,-0.011859,-0.015461,-0.007912,-0.006350,0.019688,-0.003713,0.013090,-0.022391,-0.002026,-0.007346,-0.022745,0.043593,-0.020616,0.016383,0.000819,-0.002789,0.009860,0.013214,0.012750,0.017367,0.058394,-0.003431,-0.021675,-0.001731,-0.003200,-0.014362,0.022268,0.023873,0.017285,-0.031262,-0.012873,-0.011580,0.020185,-0.007445,-0.045861,0.010828,-0.034308,0.013557,0.016944,-0.025987,-0.027614,0.021345,0.000183,-0.008367,0.038769,0.004355,0.012812,0.011036,0.071190,0.016826,0.022459,-0.031058,-0.023617,-0.018110,-0.011834,-0.002735,0.019570,-0.006483,-0.037487
0.006576,0.003671,-0.058366,-0.026385,-0.007054,0.018317,-0.000305,-0.008761,-0.010816,0.017787,0.026311,-0.017138,-0.055377,0.015289,0.050813,-0.072686,-0.035778,-0.035982,0.052825,-0.024975,-0.094022,-0.005272,0.009954,-0.052497,-0.057575,0.025951,-0.020532,-0.015877,-0.017520,-0.026507,-0.009849,0.057988,0.059445,0.001951,-0.061185,0.035467,0.064790,-0.008190,-0.007988,0.022220,0.004241,-0.024316,0.017788,0.027796,-0.017918,-0.017986,-0.004133,0.064110,0.015880,-0.014689,-0.009740,0.040526,-0.009800,0.025968,-0.025226,-0.001994,0.025826,-0.011196,0.013386,0.071430,-0.004242,0.003586,0.032169,0.000047,-0.026596,0.007231,-0.024423,-0.009930,-0.025764,0.004860,-0.005744,0.013038,0.022894,0.018027,0.033967,0.010769,0.039094,-0.027232,0.006331,-0.043654,-0.033028,-0.055026,0.023246,-0.010419,0.015430,-0.010207,0.017772,-0.015004,0.016176,-0.008517,-0.017711,0.038033,-0.073117,-0.004542,0.016140,-0.017204,-0.015920,-0.067708,-0.034431,-0.007346,-0.012683,0.027822,-0.033884,0.053667,0.014831,-0.046809,-0.002426,-0.000124,0.005277,0.036469,0.013756,0.010897,0.016442,-0.005130,-0.002331,-0.006259,0.004489,0.012105,-0.009600,-0.019394,-0.030013,0.058966,0.007693,-0.022440,0.002946,-0.016983,0.002824,-0.029359
0.010425,-0.031146,-0.025466,-0.053821,0.008122,0.003624,0.038316,-0.014082,0.001654,0.058979,0.004040,0.000015,0.017047,-0.004214,-0.017090,-0.044563,0.016361,0.016066,0.013817,-0.028803,0.019225,-0.017331,0.015269,0.010741,0.016223,0.011280,-0.012507,-0.000705,-0.033982,0.036432,0.001001,-0.005863,-0.209377,-0.004526,0.033984,0.021608,-0.002681,-0.010905,-0.000371,-0.011585,-0.020706,-0.033109,0.010786,-0.104999,-0.002963,-0.023215,-0.015943,0.052481,0.046085,0.007796,-0.017555,-0.042829,-0.020752,-0.024838,0.020217,-0.011107,0.001414,-0.024086,0.022576,-0.033616,-0.008865,0.004039,-0.003877,0.001668,0.009928,0.001371,-0.000236,-0.001865,0.016682,0.014289,-0.048651,-0.078158,-0.045819,-0.014536,0.014721,0.012296,-0.035698,0.015347,0.007302,-0.039342,0.002221,-0.092789,0.014032,0.002346,-0.001978,-0.003011,0.029403,-0.002651,0.020147,0.038390,-0.030942,-0.018555,-0.032013,0.006565,0.003034,-0.000301,0.012765,0.013980,0.002730,-0.018446,-0.002019,0.036666,0.033729,0.005170,0.007558,0.000988,-0.013362,-0.000108,0.013539,-0.027582,0.016298,-0.002980,-0.019841,0.001534,0.000763,0.008436,-0.002475,-0.025395,-0.006058,-0.009477,-0.021031,-0.009489,-0.026406,-0.012495,-0.007048,0.009344,-0.007909,0.028789
0.010701,-0.011054,-0.071929,-0.047265,0.003334,0.002979,0.015742,0.008334,-0.029260,0.038374,0.086585,-0.042353,-0.036664,-0.028340,0.026505,0.013269,-0.038546,-0.023208,-0.021313,-0.092368,0.017538,0.014404,0.054994,0.019884,-0.028340,-0.018260,-0.003241,-0.023826,-0.021736,0.011454,-0.028893,-0.001332,0.057328,-0.107983,-0.014865,0.028184,-0.044981,-0.013734,-0.062606,-0.006670,-0.020125,-0.024869,-0.005917,-0.018816,-0.029683,-0.038514,-0.044566,-0.018581,0.039859,0.039104,-0.116928,-0.044722,0.024739,0.035644,0.022818,0.000003,0.015820,-0.012712,-0.061135,0.025998,-0.022690,-0.023043,0.032616,-0.017725,0.008276,-0.002063,-0.028295,0.020599,-0.045914,0.033211,0.006326,-0.014890,-0.017883,-0.092596,-0.004045,0.012182,0.022539,-0.006487,0.015173,-0.052220,0.076980,-0.057558,0.033972,0.020936,0.009655,-0.011375,-0.013635,0.015144,0.073075,0.040289,0.019090,0.017928,-0.038683,-0.006709,0.034021,-0.024692,-0.005666,-0.184407,-0.017775,-0.057305,-0.004541,0.102618,-0.057325,0.058439,-0.009702,-0.053524,-0.008730,0.035023,-0.010098,-0.004864,-0.010608,0.008000,0.014751,0.052237,-0.022013,0.007815,0.006792,-0.082139,-0.049145,-0.000525,0.012602,0.017516,-0.066991,-0.011375,-0.029463,0.016119,-0.023244,-0.032009
0.010745,-0.004315,-0.069286,-0.006375,-0.006207,0.002034,-0.005703,-0.010605,-0.013028,0.019248,-0.006756,-0.008898,-0.013946,0.009441,0.067830,-0.030898,-0.010024,0.007299,0.055835,-0.023054,-0.014600,-0.000590,0.006746,-0.006385,-0.058103,0.007545,0.007287,-0.075176,-0.008741,-0.001478,-0.001976,0.046816,0.080950,0.019871,-0.004600,-0.054582,0.051655,0.020100,0.002572,0.009667,0.014812,-0.035372,0.014486,0.046628,-0.027438,-0.030257,-0.006179,0.018982,-0.016779,0.019018,-0.003763,0.037918,0.002572,0.022537,-0.040863,0.009686,0.034953,-0.007854,0.035178,0.057088,-0.013079,-0.012199,0.030103,0.025215,-0.020274,0.018320,-0.014571,-0.017305,-0.010136,0.000820,-0.027349,0.032341,0.032425,0.033622,-0.015269,0.021571,0.028104,-0.003569,-0.021613,-0.003356,0.029379,0.026133,-0.009752,-0.015466,-0.021847,0.005105,0.046824,-0.006174,0.011184,0.025177,-0.027596,0.014438,-0.060425,-0.003390,0.028762,-0.023492,-0.001294,-0.009924,-0.038289,0.020296,-0.026741,0.012147,-0.016573,0.036412,0.025522,-0.029885,0.039773,0.011462,-0.027502,0.048615,0.025247,-0.009116,0.016768,0.024327,0.009396,-0.009587,-0.001237,-0.037044,-0.006235,-0.023708,0.010202,0.015105,0.000362,-0.022710,-0.001291,0.011841,-0.014348,-0.017030
0.048089,0.014066,0.069826,0.034491,0.050272,-0.025239,-0.020877,0.003655,0.000690,0.017102,0.012550,0.026992,0.012959,0.002979,-0.016440,-0.000016,-0.023132,0.070578,0.009667,0.036822,0.010221,0.010524,-0.016108,-0.049449,0.033470,0.022001,-0.028238,0.058411,0.033069,0.015537,-0.002731,-0.021818,-0.065904,0.020502,-0.033694,0.042864,-0.009310,0.010958,0.043468,-0.001527,0.025955,0.009479,0.000357,0.003735,0.027726,-0.003003,0.032004,0.012524,0.018519,0.036405,-0.005763,-0.006588,0.013414,0.034856,0.093955,0.005281,-0.007888,-0.017703,-0.012767,-0.038166,0.041063,0.052817,-0.012173,-0.030591,0.025228,-0.001418,-0.005907,-0.005433,0.011193,0.007621,0.017986,-0.029780,0.049908,0.014642,0.006830,-0.017828,0.033590,0.009623,0.013093,0.017586,0.000967,-0.133960,0.003579,0.049151,0.002526,0.017316,-0.006158,-0.010409,-0.008968,-0.000625,0.029483,0.016240,0.044058,0.007608,0.022797,0.031245,0.007423,0.048530,0.015155,-0.013615,0.047949,-0.021864,0.043243,-0.016864,0.011302,-0.018999,0.010506,0.004314,-0.019936,0.013086,0.023606,0.006015,-0.013846,-0.020350,-0.012680,0.053509,0.022910,0.021048,0.025331,0.011998,0.009306,-0.004807,0.053860,-0.021423,0.008780,0.007964,0.015067,0.002198
-0.012466,0.015405,0.013400,-0.029983,-0.007319,-0.022023,0.118810,0.003524,-0.013596,0.047724,-0.007364,-0.002353,0.104884,-0.087981,0.019428,0.035235,0.088825,0.015549,-0.012119,-0.013301,-0.006048,0.011831,0.011714,0.107775,-0.007511,0.014835,-0.003825,-0.020037,0.021075,0.010744,-0.003805,0.016453,-0.069071,-0.003872,0.078255,-0.017891,-0.028000,0.032197,0.040068,0.006979,-0.028537,0.128534,0.009145,0.047665,0.139726,0.037164,0.002190,0.007925,0.003775,0.011604,0.007307,0.034036,0.016306,-0.023987,0.035729,-0.010815,-0.006711,0.033609,0.037437,0.020164,0.000240,0.010395,-0.041962,0.012626,0.011939,0.009359,-0.014768,0.003135,0.033223,0.000953,-0.025530,0.016452,0.021126,0.022783,0.024161,-0.003940,0.002884,0.022082,-0.008052,-0.029308,0.033249,0.029945,-0.008288,-0.003410,-0.082766,0.072581,-0.007602,-0.021794,-0.006662,0.018012,-0.193386,0.002719,-0.024052,-0.003313,0.001522,0.017041,-0.027623,0.014193,0.005162,0.018793,0.033238,0.007396,-0.026540,-0.035413,-0.000296,0.239305,-0.000641,-0.017133,-0.003437,0.018639,-0.015142,-0.008480,0.005454,-0.013262,-0.044021,0.011004,0.028517,0.001000,-0.000543,-0.015852,0.061709,-0.001979,-0.009925,0.050903,0.011290,0.038071,0.010022,0.017514
-0.001042,0.006054,0.008129,-0.018122,0.056912,-0.030828,0.042476,-0.001088,-0.008005,-0.026463,0.013610,-0.009742,-0.042485,0.002209,-0.031900,-0.029294,-0.005592,0.033574,0.038397,-0.023413,-0.029174,-0.006904,0.020689,-0.012654,-0.021409,0.001540,-0.019972,0.049427,-0.031202,0.012317,0.029009,0.005926,0.049212,0.005224,-0.018717,-0.007004,0.005675,-0.009645,-0.025403,-0.006323,-0.030076,0.011488,0.032785,-0.007343,-0.023650,0.025304,0.030560,-0.018276,0.042166,0.051737,-0.037469,-0.000823,0.015020,-0.019120,-0.046069,-0.003595,-0.000393,-0.005098,-0.024055,-0.030789,-0.036408,0.007101,0.017420,0.015630,0.000635,-0.033803,0.032650,0.007133,-0.039970,0.002766,-0.003578,0.043593,0.006152,0.032919,0.027902,0.004822,-0.002811,0.018776,0.003378,-0.016527,0.086352,0.007439,0.025209,0.000523,0.030008,-0.009390,-0.020930,0.004309,0.024645,0.063199,0.056499,0.000436,0.012918,0.000698,-0.011302,-0.006108,0.019340,0.009384,0.001999,-0.017336,-0.006192,0.021444,-0.026229,0.017556,0.015445,-0.035461,-0.007169,0.021174,-0.041121,-0.014773,0.000529,0.009047,0.011478,0.003510,0.001196,0.001101,0.001838,0.099733,0.037110,-0.004559,-0.047265,0.016051,0.006464,-0.003811,-0.016426,-0.011805,-0.005322,-0.099077
-0.032328,-0.040028,-0.044502,-0.048029,-0.024595,0.029290,-0.014019,0.004412,0.000187,-0.017523,0.030828,-0.033908,0.037291,-0.000879,-0.016012,-0.020531,-0.007583,0.080221,0.034616,-0.022345,-0.009509,0.004101,0.000099,-0.064625,-0.024901,-0.001273,-0.011792,0.015518,-0.030010,-0.054023,0.037582,-0.050387,0.026051,-0.016529,-0.002245,-0.023080,0.015291,-0.011055,-0.016773,-0.004915,-0.060137,0.016988,0.011407,-0.030679,0.019121,-0.002450,0.007027,-0.004629,-0.002312,-0.028895,-0.035910,-0.012045,-0.018459,0.008420,-0.056449,0.007230,0.001651,-0.000915,0.004904,-0.033306,-0.068316,-0.001064,0.061662,-0.006830,-0.024090,-0.030683,0.041662,0.004383,0.030916,-0.021737,0.006385,-0.060351,0.021192,-0.024346,0.009614,-0.011871,-0.044808,0.023507,-0.015775,-0.042455,-0.022437,0.049581,0.011939,-0.012319,0.027900,0.023263,0.050659,0.004803,0.020640,0.025074,-0.019489,-0.034266,-0.009233,-0.003568,-0.037969,0.011487,0.048824,-0.027062,-0.010209,-0.013439,0.023993,0.018279,-0.023766,-0.008514,0.003785,0.038177,-0.004918,0.017080,-0.009075,-0.003573,0.016667,-0.007401,-0.015697,0.032265,0.010288,-0.026478,-0.021732,0.038320,0.016308,0.060789,-0.065488,-0.058689,-0.038270,-0.007080,-0.006269,0.013530,-0.014165,-0.014231
-0.010671,-0.007963,0.014936,0.006382,-0.051371,-0.006986,-0.011739,-0.004568,0.009402,0.094929,0.022804,0.013492,-0.009709,0.013076,0.006574,-0.027116,0.023778,0.094008,0.023344,0.001831,-0.001677,0.007190,0.010860,-0.005066,0.001687,-0.018089,0.002928,0.014154,-0.045787,0.087485,0.012708,0.009117,-0.041279,-0.001938,0.012826,-0.016106,0.016307,-0.004564,-0.012040,-0.009147,0.032783,-0.009688,-0.040413,0.018132,-0.044064,-0.047751,-0.002870,0.022362,-0.012210,-0.110824,-0.029966,0.020064,-0.017557,0.015574,0.014246,0.001221,-0.001760,0.010921,0.027502,-0.016722,-0.030107,-0.016052,0.046123,0.011758,-0.012902,-0.010704,0.033804,0.014730,-0.006736,-0.025803,0.017772,0.029818,0.060907,0.026186,-0.016176,-0.013410,0.003587,0.006366,-0.016206,-0.010432,-0.110723,0.048845,0.016555,-0.014226,-0.009796,0.008668,0.009812,0.021718,0.011369,-0.004377,0.012824,-0.019615,0.020574,-0.017751,-0.014461,0.007978,0.016395,0.010577,-0.033039,-0.019321,0.000866,0.028836,-0.006149,-0.009492,-0.000464,-0.021679,-0.007112,0.008250,-0.007128,0.019967,0.014978,-0.014553,-0.010360,0.018809,0.009544,-0.005959,-0.012900,-0.063316,-0.027939,0.008208,0.006098,-0.037644,0.008812,-0.010235,0.008849,-0.001870,0.001653,-0.046006
0.038522,-0.040205,-0.043940,-0.039827,0.060829,-0.007741,-0.016428,-0.008379,0.008925,0.000490,-0.004114,-0.024215,0.005506,0.001797,0.013780,-0.029674,-0.047780,-0.012759,0.039789,0.020520,0.029478,0.002358,-0.021188,-0.022925,0.005988,-0.004865,0.010235,-0.022747,0.013148,0.029283,0.000341,0.029659,-0.129573,-0.011711,-0.015793,0.017089,0.010955,0.008506,-0.051797,-0.004684,0.003133,0.035080,0.043867,-0.006475,-0.008329,-0.029865,-0.010896,0.039907,0.037060,0.027256,-0.010867,0.073465,0.004760,0.009040,0.014151,0.048976,-0.048953,0.006645,-0.028886,0.022625,0.048060,0.009083,-0.020818,-0.002860,0.005810,-0.017290,-0.046591,0.010258,0.022591,0.043554,0.041209,0.012352,0.040307,-0.019716,0.004353,0.006475,-0.024475,0.056349,-0.000608,-0.071015,-0.020543,-0.079789,0.001431,-0.005851,0.006305,0.009384,0.079081,0.019406,-0.011350,0.024839,0.031621,-0.024378,-0.052641,0.008061,0.002777,0.025562,-0.044287,0.033083,0.031423,-0.000856,-0.001594,-0.009769,0.025645,0.033056,0.005466,0.026363,0.031940,0.015153,0.002471,0.019526,0.020906,0.002565,0.009798,0.050158,-0.008782,-0.000758,0.006959,0.011480,-0.003223,0.011922,-0.012643,0.013731,0.016788,-0.030680,-0.012753,-0.000694,-0.031768,0.019637
-0.003903,0.007678,0.043262,0.000415,-0.002146,-0.012195,-0.013283,0.043469,-0.014961,0.007971,0.005594,-0.003530,0.039877,-0.005763,0.044119,-0.009446,0.001708,0.036327,-0.002500,0.019351,-0.015531,-0.012600,-0.004368,-0.003098,-0.011669,-0.001189,0.012263,0.016347,-0.001843,0.022467,-0.004949,0.012979,-0.036822,0.029579,-0.004831,-0.007464,-0.000321,0.044165,0.030848,0.005777,0.000381,-0.024289,-0.016263,-0.008116,-0.057940,-0.005057,0.007274,-0.030580,0.000089,-0.009487,-0.048590,0.014906,-0.001278,0.002306,-0.000655,-0.009615,0.022746,-0.017290,-0.016205,0.035376,-0.021069,-0.189114,0.018267,0.004389,0.001496,0.035254,-0.013652,-0.005117,0.023759,0.009026,0.014719,0.001658,0.008597,-0.028804,-0.228827,0.024107,0.038929,0.007318,0.008905,0.030401,-0.012647,0.021368,0.006050,-0.314517,0.006414,0.021000,0.014887,0.003475,0.035463,0.017554,-0.005846,0.028899,0.020047,-0.020499,0.018529,-0.296876,0.006274,0.025617,-0.006852,-0.059706,-0.029954,0.022022,-0.009281,0.017335,0.024079,-0.048209,-0.012402,0.027357,-0.018373,0.041275,-0.047403,0.004222,0.014561,0.007027,0.014814,-0.396821,0.021113,0.043645,-0.013354,-0.004411,-0.000366,-0.008454,-0.009482,-0.003491,-0.010271,-0.009149,-0.013298,0.003760
0.005406,0.015805,0.030932,0.027856,-0.027424,-0.003384,-0.070687,0.007179,-0.007360,0.041751,0.004359,0.034216,-0.000364,0.020865,0.000395,-0.027833,0.010118,-0.018727,-0.031142,-0.060756,-0.014954,0.013820,-0.011355,-0.017564,0.007051,-0.011727,-0.015085,-0.002603,0.044465,0.004367,-0.001812,-0.002161,-0.035675,-0.007277,-0.016262,0.063790,0.035757,0.005185,0.026583,0.029249,-0.002638,0.041973,-0.004214,0.038838,0.014541,0.002392,0.028102,-0.005910,0.023421,0.186009,-0.022690,0.031128,0.034677,0.055682,0.058660,-0.016360,-0.009397,-0.000098,-0.174745,0.011418,0.010666,0.011304,0.028266,-0.003630,0.021438,0.001857,0.004845,0.029723,0.012601,0.004837,0.041686,-0.041082,-0.036645,-0.128804,0.009939,-0.007746,0.012814,0.016459,0.023472,-0.004033,0.202715,0.086487,0.031666,0.008454,-0.000420,0.028294,-0.033015,0.012745,0.015307,-0.001044,0.005926,0.036447,0.000057,0.007645,0.032615,0.000741,0.011283,-0.111967,0.025288,0.031426,-0.002601,0.002893,0.004224,0.014312,0.023571,0.022146,-0.027490,0.003873,0.033793,0.020278,-0.010264,0.008492,0.026813,-0.020667,0.006011,-0.004006,-0.004399,-0.035564,0.000930,0.024880,0.034361,0.011965,0.016994,-0.018031,-0.073995,-0.009346,0.005982,0.029189
-0.018801,-0.014385,0.043296,0.045564,-0.034662,-0.006833,0.055645,-0.036264,0.037486,0.021157,0.051842,0.028901,0.002277,-0.011075,-0.002539,-0.005506,0.019355,-0.009009,-0.009769,-0.021104,0.032690,-0.049406,0.066556,0.014117,0.018037,-0.050192,0.037857,-0.385821,0.035400,0.006521,0.003663,0.005443,0.046987,0.017239,0.008258,0.010253,-0.063900,-0.000789,0.020999,-0.012728,0.021651,0.007422,0.000430,-0.010022,-0.016272,-0.014129,0.038732,-0.010266,-0.011177,0.032874,0.054971,-0.026479,-0.010711,0.419689,0.026702,-0.002362,-0.004308,-0.047451,-0.006996,0.002195,0.000282,-0.023699,-0.010053,0.003293,-0.031496,-0.023838,0.016622,-0.052371,0.005054,-0.025926,0.189621,0.021519,-0.025205,-0.006983,-0.021016,-0.030106,-0.024299,-0.002138,-0.002713,0.029267,0.017399,-0.111674,0.015300,-0.033576,0.010739,-0.004828,-0.020381,-0.034876,0.027992,-0.023757,0.018356,-0.015178,0.030675,-0.059962,-0.019730,-0.023145,0.006614,0.024204,0.013110,0.053624,-0.021180,0.082086,0.001923,-0.016356,0.033227,-0.003528,-0.007874,0.007385,0.013945,-0.012113,0.004937,-0.036176,-0.021647,-0.010832,0.010734,-0.035349,-0.006183,-0.021642,-0.000297,-0.024186,0.021304,0.024261,0.240001,-0.036648,-0.005598,-0.004387,0.007643,-0.018632
0.013119,0.050808,0.000613,0.023567,0.010381,-0.002788,0.012485,0.006479,0.022228,-0.021105,-0.024530,0.025953,-0.006613,-0.023015,-0.026523,-0.002543,-0.001275,0.009974,0.019824,0.046957,-0.013105,-0.007998,0.003269,0.012966,-0.136611,-0.017140,0.028133,0.030962,0.006954,-0.009079,0.023749,-0.018530,0.003814,0.004365,-0.004924,-0.002444,-0.010708,-0.021020,0.017114,0.142085,0.007920,0.023893,-0.028934,-0.010167,0.005467,0.015781,0.010881,0.001700,-0.010580,0.002379,0.002506,-0.014076,0.162399,-0.032599,-0.008921,0.009010,0.071827,0.019964,-0.001624,-0.049456,-0.004718,0.000777,0.003726,0.041333,0.010879,0.082891,0.041538,0.001413,0.011435,0.114133,0.036228,0.014747,0.023854,-0.000322,0.009630,0.104999,0.180196,-0.002773,0.102998,-0.003366,0.013074,0.034816,-0.023594,0.030967,0.010883,-0.008767,-0.011959,0.000403,-0.007965,0.016212,0.025293,0.161737,-0.022465,-0.011604,0.192445,0.005333,0.001529,0.102203,-0.000945,-0.003286,0.009008,0.022411,-0.021022,-0.011597,-0.024094,-0.006146,-0.010069,0.008134,0.011093,-0.026913,0.002203,0.034639,0.161311,-0.005887,0.004128,0.022514,-0.003429,-0.001707,0.008132,-0.022116,0.008182,-0.053142,-0.016812,-0.017713,-0.006384,-0.012178,0.002996,-0.005035
0.010807,0.009272,-0.008383,-0.000308,-0.008207,0.008794,-0.043325,0.217760,-0.039792,0.004797,0.211246,-0.008762,-0.012388,-0.056869,0.005115,0.007153,-0.013614,0.009034,-0.007726,0.058837,0.005531,0.030363,0.101398,-0.004007,-0.000091,0.153554,0.154696,0.049096,-0.001519,0.002604,0.001730,-0.000706,-0.036206,-0.016497,-0.009038,0.001112,-0.039938,-0.001307,-0.006781,0.002982,-0.007483,0.002658,-0.014902,-0.016381,0.001694,-0.012822,-0.008266,-0.007973,-0.004868,-0.006285,-0.144894,-0.005045,0.000594,-0.030471,-0.013891,-0.008953,-0.005514,0.243854,0.004844,0.005631,0.008420,0.002658,-0.009548,-0.006604,-0.134912,0.006120,-0.001563,0.022341,0.000994,0.005239,-0.018526,-0.013971,-0.003565,0.001583,0.004914,-0.000635,0.009122,0.003035,-0.004805,-0.000985,0.001714,0.015105,0.133787,0.014680,0.003856,-0.005510,0.009832,0.022420,-0.172257,0.004756,-0.006410,0.002780,-0.007766,-0.155238,0.003982,-0.000640,0.003728,-0.041153,-0.002128,0.161636,0.000363,-0.034248,-0.007889,-0.013024,0.219094,0.003979,0.005512,-0.155462,0.014439,0.006844,-0.017686,-0.020023,0.003349,0.000770,0.017281,0.009117,-0.006762,0.024624,0.005474,0.008171,-0.001435,0.012341,-0.037937,0.210587,0.003962,-0.000368,0.007118,0.016134
0.005581,-0.007940,-0.007933,-0.004683,0.006294,-0.047321,-0.010515,0.063748,0.002821,-0.008712,-0.049380,0.005553,0.015883,-0.015447,0.018792,-0.005476,0.017577,-0.001838,-0.011345,-0.010060,-0.002370,-0.419565,0.010551,0.008816,0.001694,0.073668,-0.051286,-0.037280,0.000179,-0.018631,-0.010439,0.009239,0.022211,0.010626,0.013550,0.010726,-0.020408,0.011621,-0.003205,0.009577,0.008139,0.007565,0.000993,0.000084,0.010626,-0.011273,-0.001787,-0.008704,0.007845,-0.003611,-0.028096,-0.006644,0.003039,0.012269,0.014601,0.007344,-0.000886,0.172011,0.019268,0.016458,0.016369,-0.000246,0.007581,0.018950,0.012158,0.004434,-0.009522,-0.412300,0.009307,-0.009329,-0.004491,-0.014702,-0.002910,0.028034,-0.000773,-0.002166,-0.005590,0.017324,-0.005025,0.008293,0.003737,-0.014188,0.036285,0.002207,-0.006977,0.011927,-0.007831,-0.280969,-0.011787,0.002359,0.031280,0.001758,0.005767,-0.025938,0.004786,0.007959,-0.003139,-0.061069,-0.002089,-0.050585,0.006875,-0.047476,-0.080416,0.009553,0.040407,0.030454,0.009261,-0.009962,0.014464,0.017124,-0.013135,-0.003100,-0.004631,0.011210,-0.032858,0.013162,0.003893,0.041161,0.028904,-0.015062,0.006897,-0.001345,-0.010218,0.033816,0.022407,0.020249,0.009686,0.008610
0.001878,-0.012106,-0.014697,-0.003354,0.054462,0.000555,-0.022451,0.040082,0.026870,-0.002398,0.043398,0.028467,-0.008454,0.081937,0.025870,-0.016995,-0.043126,-0.014344,0.002878,-0.056850,0.018252,0.006998,0.030718,-0.034792,-0.006607,-0.039997,-0.086739,0.003303,-0.008344,0.014257,0.024723,0.011635,-0.006456,0.006549,-0.019000,-0.053015,-0.004147,-0.000560,-0.009019,-0.015975,0.009378,-0.027928,-0.004396,0.003771,-0.019656,-0.013623,-0.001192,-0.024544,-0.011552,-0.017056,-0.085537,0.004115,-0.025969,0.055868,-0.011949,0.042787,-0.016748,-0.039468,0.004466,0.017974,0.010980,-0.012092,-0.835370,-0.020947,-0.004278,0.016700,0.046867,0.002123,-0.002779,0.016127,0.015596,0.004017,0.010127,-0.006617,-0.014241,0.025624,0.000892,0.023441,0.056825,-0.005657,-0.008778,0.042931,-0.044477,-0.012880,0.013160,-0.006653,-0.003335,0.010886,0.017260,0.047817,0.002911,-0.003208,-0.016668,0.080842,-0.005490,-0.017958,0.003047,-0.127096,0.025879,0.044525,-0.013676,0.008861,0.030188,-0.256200,-0.059344,-0.032681,-0.009810,0.063002,0.020181,0.022410,-0.008154,-0.004787,-0.014127,-0.013222,-0.023173,-0.022189,-0.021492,0.012428,0.004161,-0.001158,-0.023337,-0.002520,-0.004952,0.039745,0.022956,-0.005627,-0.001571,0.003325
0.011125,-0.007995,0.031569,-0.006133,-0.003794,-0.038680,0.041608,0.005421,0.000481,0.015603,0.031293,0.003084,0.050719,-0.023946,-0.051510,0.024200,0.047372,0.017937,0.006391,0.029317,0.045843,-0.003352,0.014725,0.050783,0.022211,-0.014007,-0.014949,0.005138,-0.031929,0.065170,-0.020692,-0.010740,0.007074,-0.020036,0.039957,-0.019994,-0.015011,-0.020495,-0.006363,0.026179,-0.001997,-0.030778,0.029677,-0.007312,0.014312,-0.039755,0.012676,0.006356,-0.007892,-0.028441,0.019625,-0.038107,0.015075,-0.017053,0.009952,0.030559,0.066045,0.013004,-0.004592,-0.093334,0.005617,0.001512,-0.023879,0.012604,0.002988,0.005616,-0.023112,0.005990,-0.022417,0.013954,-0.016188,0.048181,-0.043353,-0.037430,0.015209,0.027989,0.024321,0.004294,0.006673,0.046014,-0.000109,0.063482,0.000771,0.023292,-0.004197,0.010053,-0.003422,0.000915,-0.001472,0.030387,-0.010401,0.018116,0.031795,-0.007592,0.056877,0.002566,0.010663,0.077216,-0.008803,-0.037821,0.002084,0.031848,-0.021477,0.011395,-0.019289,0.004480,-0.013075,-0.010094,0.015874,-0.030882,-0.029594,-0.005797,0.017618,0.023679,0.000108,-0.001040,-0.029841,0.025101,0.010928,-0.017429,-0.029449,-0.023127,-0.037235,0.009984,-0.000789,0.047733,-0.015684,-0.018025
-0.029195,0.018634,-0.011333,0.003940,0.009267,0.010103,-0.047952,-0.013909,0.033015,0.142191,-0.000043,-0.020805,-0.017971,0.015757,0.043283,-0.001134,-0.019267,0.068629,-0.003561,-0.002780,-0.013836,0.029538,0.000148,-0.009861,-0.043827,-0.023115,0.035182,-0.029651,-0.012545,0.137281,-0.021784,0.016756,-0.015301,0.024362,-0.029384,0.055561,0.004007,0.012553,0.002162,0.003695,0.007759,0.020722,0.001730,0.006238,-0.008648,0.030014,-0.022076,0.003679,0.011466,-0.062952,-0.000546,0.015419,0.001163,0.036376,-0.006113,0.010846,0.000465,0.009994,0.056486,0.031223,-0.003078,-0.006862,-0.007195,-0.010640,-0.004041,0.019125,-0.030335,0.006562,0.017669,-0.003502,-0.018251,0.135689,0.030693,0.000833,-0.010998,0.010108,0.010322,-0.000789,-0.011801,0.024204,-0.078413,0.056009,0.018664,0.027834,0.023773,-0.010829,-0.008167,0.018671,-0.000603,0.006573,0.046122,-0.022707,-0.015645,-0.009431,0.020607,-0.025744,0.018404,-0.028093,-0.000141,0.014500,0.018312,0.002169,-0.038048,0.014063,0.008200,-0.031241,0.013180,0.004596,0.033239,0.034313,-0.014907,0.013382,0.010695,0.027268,0.003166,-0.012762,0.009739,-0.105263,-0.042131,-0.006523,-0.034694,-0.004828,-0.010972,-0.002807,0.019972,-0.014454,0.014257,0.018403
0.036463,0.021238,0.000762,0.006103,0.006199,-0.048961,-0.006972,-0.013501,-0.003080,-0.004270,-0.000621,-0.008326,0.078589,-0.001583,0.023089,0.122699,0.019651,-0.001085,0.005872,-0.026842,0.089633,0.012768,0.013456,0.003136,-0.001574,0.005315,-0.005248,-0.048183,-0.002227,-0.014472,-0.029239,0.000127,0.152936,0.005724,0.002220,0.046765,-0.005811,0.016873,0.040391,-0.006572,-0.031237,-0.021305,0.032679,0.005955,0.006872,0.000986,-0.022275,-0.075961,0.002600,0.001819,-0.034879,-0.027527,-0.015055,-0.003127,-0.098811,0.017794,0.051888,-0.006133,0.007226,0.021657,0.007737,-0.006995,0.029231,0.020490,-0.013585,0.032375,-0.032102,0.001071,0.037407,0.012673,-0.029962,0.056102,-0.019708,0.034040,-0.023710,-0.012029,-0.004963,-0.009726,-0.019399,0.007800,0.052509,0.135704,0.020884,0.004243,0.068107,0.016854,-0.018600,0.033529,0.030332,0.009507,0.014177,-0.024258,-0.014969,-0.004886,-0.010473,0.006229,0.089728,0.019109,-0.012173,0.013080,0.021416,0.013929,-0.044225,0.021679,0.019060,-0.020115,0.035246,0.013417,-0.000131,0.021805,0.015477,-0.010563,-0.003765,0.007312,0.004053,0.006258,0.006394,0.014380,0.010552,0.001779,-0.028855,-0.001604,-0.049378,-0.005758,0.006065,0.010261,0.008803,0.001935
0.007396,-0.012393,-0.002820,0.013838,0.004885,0.013797,-0.023724,-0.157364,0.010171,-0.013521,0.056446,0.000469,0.016631,0.173831,-0.025054,0.029589,0.010407,-0.012200,-0.002397,0.004552,0.019974,0.003009,0.210537,0.012263,-0.001077,-0.113521,-0.035328,0.038765,0.002916,-0.011485,-0.004719,-0.023664,0.028060,0.008971,0.010839,-0.003727,0.014303,-0.004800,0.019986,0.009302,-0.007592,-0.010476,0.007593,-0.004413,-0.004442,-0.002910,0.005681,-0.009481,0.004650,0.001598,-0.064370,-0.003314,-0.017554,-0.077251,-0.003708,-0.004661,0.002945,-0.047251,-0.000443,-0.027085,0.015752,-0.007228,0.128603,-0.001037,-0.008273,-0.001792,0.003740,-0.004294,0.009095,-0.014612,-0.051027,0.001110,-0.008762,-0.004117,-0.020601,-0.008548,-0.005895,0.004338,-0.004596,-0.006104,0.008101,-0.049606,0.031416,-0.020655,-0.012785,-0.002967,-0.004965,0.008943,-0.309302,-0.020210,-0.012123,-0.003447,-0.006781,0.436181,0.003392,-0.015406,-0.003628,-0.024407,0.000737,-0.067770,-0.016831,-0.052920,0.133075,0.029751,-0.151614,0.005598,-0.002135,0.184197,0.003228,-0.000939,-0.002816,-0.003490,-0.008316,0.009264,-0.002162,-0.011327,-0.002660,0.004642,-0.002036,-0.000066,0.005311,-0.033111,-0.064088,0.160753,0.003928,0.005791,0.003457,0.011749
0.004966,-0.010090,-0.074078,-0.022480,-0.003757,-0.000539,-0.006199,0.012182,-0.005841,-0.025454,0.028389,-0.019495,0.021578,-0.001199,0.020781,-0.025805,0.009070,-0.092935,0.041824,-0.022175,0.025707,-0.009476,0.023288,0.055827,0.011201,0.027607,-0.023048,0.043479,0.028280,0.030337,0.010875,0.055576,-0.078245,-0.049134,0.082914,0.020729,-0.031849,0.025455,0.006760,-0.004642,-0.000058,-0.050456,-0.044214,-0.003057,-0.050124,-0.005103,0.004751,0.004200,0.014593,0.052067,-0.037016,-0.017037,-0.027777,0.003304,-0.017575,0.014001,0.050214,-0.045754,-0.026541,0.027563,-0.031945,-0.009528,0.001352,0.020919,-0.004846,0.013420,-0.006684,-0.025414,-0.060541,0.046387,0.001794,0.025288,-0.076832,-0.003004,-0.038919,0.026707,-0.010208,0.005746,-0.003529,-0.014435,0.021724,0.006139,0.000216,-0.027922,0.025861,0.013353,0.005395,-0.005532,0.041497,0.048520,-0.038544,0.001598,-0.045963,-0.007398,0.010702,-0.041404,0.031810,0.056186,-0.016938,0.014162,0.003071,0.022009,0.005992,0.056934,0.017402,-0.076182,0.022015,-0.003510,-0.048265,0.029580,-0.040026,0.002472,-0.028026,0.008401,0.009470,-0.055182,-0.011673,0.007925,-0.008139,0.000762,-0.010541,0.016800,0.002880,0.012503,-0.035469,0.042303,-0.027649,-0.021673
-0.002640,0.011126,0.025381,0.046979,0.005660,0.029067,-0.118231,-0.007506,-0.047688,-0.034027,0.008474,0.039350,-0.085338,0.061365,0.007993,-0.002857,0.085784,0.037513,0.040661,-0.003923,-0.026672,0.035131,0.026073,0.084824,0.021252,0.038025,-0.002004,-0.008600,0.042747,-0.043154,-0.013401,0.002044,-0.057957,0.021517,0.032199,0.025988,0.016865,0.003402,-0.107555,-0.015642,0.061067,0.021466,0.027688,-0.020584,0.016916,-0.053630,0.023063,0.025196,0.007362,0.002889,-0.022809,-0.009818,-0.007445,0.031693,-0.001938,0.015773,0.141087,0.003537,0.013871,0.008169,0.011891,-0.007218,-0.019786,0.111843,0.009214,-0.007045,-0.014464,0.004770,-0.000929,-0.032473,0.007765,-0.049147,0.027772,-0.013937,-0.013220,-0.003077,-0.026633,-0.010060,-0.015648,0.072272,0.011162,0.031271,0.027884,-0.000557,0.001197,-0.016705,-0.002426,0.018041,-0.013486,-0.018741,0.069504,-0.012895,0.063934,-0.045423,-0.033184,0.000205,0.006402,-0.014518,0.004331,0.006528,0.029780,0.001786,0.033620,0.019678,0.006929,0.024272,-0.004318,0.018946,0.005266,0.024128,0.017849,0.034463,-0.014914,0.037910,0.008386,0.000408,-0.016977,0.009741,0.006137,-0.018173,-0.009326,0.019149,0.011504,0.011432,0.013181,0.032927,0.016782,0.010433
0.022556,0.000013,0.016006,0.040364,0.022244,0.007841,-0.125288,-0.008774,-0.012520,-0.028168,0.016853,0.019206,-0.002741,0.030475,0.032383,-0.020977,0.109957,-0.011470,0.030705,-0.014022,-0.054322,0.018377,-0.008860,0.061395,0.035993,0.024049,-0.005704,0.006883,-0.011612,-0.064980,-0.017622,0.046717,-0.093136,0.010233,0.026486,0.037530,0.017941,0.032312,-0.064816,-0.011826,0.030307,0.020202,0.029504,0.049580,0.032545,-0.032189,-0.001981,0.013431,-0.034763,0.026312,-0.003646,0.043430,0.007579,0.034743,0.018230,0.005679,0.157179,-0.008375,-0.009508,0.033191,0.025347,0.005749,-0.016307,0.125260,0.008329,-0.010420,-0.008517,0.053189,0.003273,-0.002877,0.001579,-0.012478,0.023734,-0.012077,0.019289,0.013082,-0.009004,-0.007401,-0.005297,-0.000799,0.025634,-0.021433,0.001724,0.005298,-0.017131,-0.014546,0.052077,0.023340,-0.010272,-0.017453,0.063713,-0.000773,0.089189,-0.018057,-0.028696,-0.004442,-0.025729,-0.013185,-0.001325,0.004186,0.035993,-0.012214,0.033484,0.011447,0.002357,0.022431,-0.001611,0.009973,0.018183,0.025500,0.050007,0.012901,0.008988,0.050850,-0.005492,0.009622,-0.000041,-0.005697,-0.001778,0.025736,-0.015747,0.032473,0.027124,-0.003528,0.012685,0.017731,0.009126,0.018597
-0.014046,0.015235,0.033423,0.015305,0.087699,-0.027003,0.005217,-0.002646,0.002418,-0.014640,0.007586,0.026875,0.052399,-0.006471,0.006425,0.004117,0.001798,0.007828,-0.049889,-0.005086,-0.002412,0.006706,-0.005690,-0.006775,0.007758,0.007958,-0.012716,-0.043957,0.007757,0.019579,-0.031691,-0.010163,0.005620,-0.009746,-0.007257,0.021989,0.019097,0.023882,0.030188,-0.001529,-0.008315,0.015783,0.072256,-0.049718,0.031572,0.002230,0.011186,0.022678,0.069802,0.026461,-0.011400,-0.102794,-0.003000,0.001852,0.003167,0.023681,0.019553,-0.004349,-0.084168,-0.008410,0.018688,-0.000878,-0.079360,-0.004221,-0.003054,0.024741,-0.134820,-0.027139,-0.003651,0.017039,0.010081,-0.025330,-0.003700,-0.046639,-0.002536,0.029897,-0.000002,0.005123,-0.051016,0.026658,0.083527,0.003333,-0.006270,0.011050,0.012929,-0.002173,0.004400,0.008093,-0.000025,-0.000813,-0.015205,-0.009503,0.009140,0.018461,-0.007839,-0.001942,0.034742,0.034105,0.033648,0.004865,0.021255,-0.020296,0.041414,0.118899,0.006824,0.016403,-0.029917,0.010450,-0.007066,0.011949,0.004798,0.002339,0.012803,0.018071,-0.010373,-0.011236,0.015160,0.059312,0.015579,-0.076506,-0.011262,-0.017481,0.005218,-0.014858,-0.000326,0.004335,-0.006969,0.037845
-0.031411,-0.049556,-0.033877,-0.024589,0.004750,0.010374,-0.129373,0.038873,-0.040731,-0.024006,-0.019765,-0.010172,-0.019331,0.002872,-0.205671,-0.016121,-0.007318,-0.000205,0.030871,0.049985,0.002392,0.000451,0.012636,0.003221,-0.003581,-0.016304,-0.057557,-0.281786,-0.009455,-0.017469,-0.009368,-0.151956,0.046916,-0.023810,0.015900,-0.005247,-0.007965,-0.097842,-0.015868,-0.020855,-0.030441,-0.051180,-0.003683,-0.000486,-0.022060,0.008634,-0.007453,-0.011513,0.003324,-0.027962,0.037259,0.001370,-0.021453,0.288667,-0.030307,-0.005140,0.001024,-0.026615,0.001500,-0.241728,-0.025429,0.013080,0.015468,0.007496,0.012996,-0.027848,-0.008293,0.001298,-0.068598,-0.024948,0.089161,-0.012107,-0.036119,0.012776,0.021764,-0.006989,-0.024123,0.022293,-0.011163,-0.049890,-0.001621,0.057726,-0.002603,0.000495,-0.004282,-0.019303,0.021449,0.000007,-0.013339,0.024198,-0.013920,-0.012408,-0.009284,-0.020560,-0.018643,0.021784,-0.008136,0.219313,-0.008278,0.018010,-0.036940,0.031965,-0.060691,0.008114,0.053748,-0.033269,-0.000548,0.003526,-0.012852,-0.138419,-0.008225,-0.047704,-0.019916,0.003231,-0.000565,0.026628,-0.009691,-0.020329,-0.018018,0.003457,-0.008661,-0.123684,0.105149,-0.024151,-0.003837,0.034879,-0.020638,-0.008127
0.008124,0.011073,0.001700,-0.007898,0.009315,-0.008639,0.006530,-0.043983,0.005093,-0.006150,-0.055813,0.002685,0.014245,0.030701,-0.005408,0.029099,-0.006512,-0.014089,-0.001024,-0.028003,0.008104,0.015709,0.165319,-0.005200,0.012103,0.327683,-0.017781,0.033768,0.001111,-0.017541,0.001494,-0.005711,-0.042751,-0.005379,-0.014984,0.003055,0.004297,-0.010358,0.006458,-0.000824,-0.009196,0.012942,0.018351,-0.003307,-0.005532,0.004813,0.005433,0.034160,0.008575,0.005775,0.163068,-0.007440,0.009769,-0.012443,-0.006089,-0.005468,-0.012595,0.110512,-0.019218,-0.003164,0.006254,-0.012387,0.009023,-0.002787,0.014538,0.000291,-0.008719,0.016101,0.020610,0.006040,-0.013912,-0.008316,-0.001560,-0.009762,-0.002953,0.000845,0.003409,0.009192,0.000505,-0.010104,0.010440,0.030142,-0.057377,-0.019091,-0.009586,0.023384,0.007268,0.009234,-0.043101,0.007155,0.002633,0.015410,-0.002764,-0.104466,-0.004094,-0.023208,-0.006013,0.027173,0.002427,0.159081,0.000073,0.132169,-0.045683,-0.006252,-0.148240,-0.000094,0.001644,0.148039,0.001905,0.002789,0.031803,0.037526,0.005857,0.016344,-0.006052,-0.021670,0.009140,-0.011742,0.002542,0.020365,0.001988,0.013281,-0.011702,-0.150728,-0.008537,0.008114,0.004092,0.001171
-0.026498,-0.015161,0.001537,-0.021026,0.081036,0.041757,-0.051739,0.008463,-0.024598,0.078160,0.043621,0.005768,-0.020126,-0.009470,0.001376,0.012493,-0.001779,0.053994,0.002959,0.021392,-0.004799,-0.005205,-0.031638,-0.002529,0.016578,-0.009930,-0.011102,0.004092,-0.006933,0.111725,-0.046689,-0.001680,0.032136,0.006347,-0.004214,0.056173,0.014968,-0.018709,-0.018899,-0.000805,0.007735,-0.025043,0.092118,-0.006639,-0.013275,0.063967,0.003983,0.018540,0.088787,-0.014524,-0.007506,-0.030770,0.017435,0.032250,0.002866,0.003000,0.003272,0.003511,0.032956,-0.009950,-0.005502,-0.018047,0.000650,0.000095,0.010465,0.000760,-0.166106,0.009588,-0.020540,0.038350,0.007047,0.126998,0.029859,0.011257,-0.005026,0.008392,-0.011241,-0.000920,-0.018828,0.006072,-0.097413,-0.021880,-0.023989,-0.010988,-0.008597,-0.015273,-0.000839,0.007078,-0.010057,0.033690,0.011963,-0.005905,-0.010649,0.021635,-0.006658,-0.016312,-0.015884,-0.065504,0.000386,0.009067,-0.009235,-0.031335,0.004808,0.121451,0.001942,-0.023541,0.010456,0.011029,-0.026382,-0.011697,-0.012562,0.008515,-0.004557,0.011969,-0.001788,-0.016549,0.008092,-0.038068,-0.006587,-0.069422,-0.011089,0.007518,0.026282,-0.010529,0.019774,0.003133,0.003222,-0.005725
-0.002118,0.004825,-0.006318,-0.007086,0.018597,-0.014140,-0.012444,0.022364,0.039697,0.000902,0.166847,0.005677,0.008482,0.002506,-0.006429,0.027516,0.000008,0.007233,0.026740,-0.053321,0.006813,-0.011518,0.121689,0.003164,0.002511,-0.170728,0.029320,-0.018080,0.003483,0.006872,0.017556,0.002374,-0.107157,0.008557,0.006860,-0.012182,-0.047962,-0.000337,0.004566,0.004208,0.003845,0.003250,-0.000833,0.007747,0.013895,0.015763,0.012445,0.016083,0.003005,0.010259,-0.023179,0.008762,0.008780,0.017758,-0.008244,0.017989,-0.003248,0.354657,0.015079,-0.004510,-0.005740,0.006293,0.055789,0.002820,0.073517,0.000968,0.026255,-0.021150,0.016141,0.004702,0.010638,0.016118,0.000083,0.023347,0.009060,0.011191,0.004679,0.011296,0.008241,0.002355,-0.000512,0.001975,-0.075593,-0.006527,-0.003020,0.008348,0.016718,-0.024272,0.398207,0.007457,0.004403,0.006737,0.010356,0.247203,0.008195,0.003092,-0.001852,0.057055,0.002966,0.196460,0.001839,-0.128812,0.204634,0.011407,-0.138865,0.016475,0.012452,-0.152593,-0.008657,-0.000266,0.029929,0.044860,0.000544,0.018167,0.020981,0.000031,0.010890,-0.013828,0.002723,0.016383,-0.002445,-0.014744,0.018117,-0.107200,0.004785,0.014877,-0.000586,-0.007113
-0.021996,-0.001918,0.014334,0.018238,-0.001601,-0.005627,-0.030951,0.231046,0.015266,0.013017,-0.072893,0.008377,0.000408,-0.020414,0.006423,0.002606,0.009621,0.000082,-0.006129,0.045690,0.000125,0.006669,0.197555,-0.001094,0.008213,0.289047,0.053756,-0.083393,0.000866,-0.001315,0.007137,0.015948,0.113668,0.003219,0.005709,0.013131,0.028112,0.015512,-0.000198,-0.001731,0.002807,-0.001939,0.018448,-0.011613,-0.000792,0.008017,0.002410,0.019199,0.006235,-0.007847,-0.065539,-0.005910,0.005283,0.041328,0.001494,0.004643,-0.005844,0.193570,0.004252,0.003018,-0.009933,0.001986,0.044016,0.002697,0.039995,-0.003327,0.019399,0.013714,-0.012327,-0.004768,0.038774,0.012006,0.010929,-0.012968,0.004858,-0.005044,0.002313,0.003886,-0.004172,0.011542,-0.013564,-0.004462,-0.027253,0.006895,0.005873,0.001278,-0.006424,0.007766,0.088110,-0.004064,0.009744,-0.002185,0.005720,0.336613,-0.002644,0.012943,0.001923,0.000490,0.000835,-0.130631,0.002169,0.021003,0.030273,0.029351,-0.256898,0.006059,-0.003965,0.059591,0.007026,-0.004050,0.008167,-0.097152,-0.002003,-0.006606,0.015422,0.008558,-0.004938,-0.019736,-0.012470,-0.004946,0.011633,0.021919,0.028528,0.131549,-0.005370,-0.010628,-0.000945,0.001273
-0.023796,-0.003612,0.001462,-0.005999,0.000739,-0.016957,-0.234461,0.005424,0.009477,-0.005134,-0.007196,0.010150,-0.067568,0.045255,0.010199,-0.050185,-0.032312,-0.001771,-0.004485,0.003587,-0.012222,0.028793,0.029219,-0.027207,0.005312,-0.004893,-0.026211,-0.006085,-0.008685,-0.011962,0.012909,0.024651,-0.006116,0.028223,-0.028935,-0.013726,-0.035420,0.009821,-0.030686,-0.001292,0.027668,0.020640,0.004187,0.004584,-0.011154,-0.083306,0.002370,-0.004971,-0.011863,0.042996,-0.004050,0.010488,0.004558,-0.004326,0.011976,0.011690,-0.019401,0.011381,-0.022225,0.025019,-0.010176,-0.024553,0.045534,-0.024856,-0.003838,0.004888,0.040017,0.040214,0.014874,0.013283,0.006433,-0.015756,-0.013143,-0.016014,-0.044720,0.004211,-0.000069,-0.012726,0.026164,0.000904,0.028029,0.027214,0.007489,-0.030319,0.036338,0.017340,-0.008560,0.018119,-0.003543,0.042465,0.041110,-0.004835,-0.003229,-0.006949,0.003258,-0.041943,0.019489,-0.011960,-0.006806,-0.025510,-0.016483,-0.006753,-0.045768,0.044604,0.013177,-0.023799,-0.011072,0.026667,-0.011396,0.011665,-0.015802,0.002278,0.000123,-0.012338,-0.011933,-0.037686,0.023403,0.025752,0.017783,-0.066821,-0.003618,0.012243,0.015100,0.013505,-0.001348,-0.016528,0.007787,-0.101552
0.011169,0.017932,0.004976,-0.007646,-0.004296,0.001321,0.018792,0.080521,0.056834,0.015231,0.088262,-0.001344,0.010103,0.162875,0.012165,-0.016977,0.005492,0.010620,0.008126,0.002976,-0.016321,-0.010252,0.042326,0.004732,0.014362,-0.224912,-0.202345,-0.014307,-0.000720,0.014047,0.011320,0.015078,-0.123981,0.000953,0.003866,0.020418,-0.021775,0.004913,-0.000339,0.000906,0.007362,0.017558,-0.003237,-0.008089,0.012553,-0.033017,-0.001405,0.000090,0.009158,-0.013334,-0.113715,-0.013279,0.016389,0.031414,0.009823,0.009595,-0.009802,0.041858,0.025342,0.017382,0.009815,0.006003,0.084070,-0.003877,0.070473,0.005480,0.011932,-0.010245,-0.001749,0.009749,0.032249,0.009325,0.019811,0.018333,0.013858,0.009580,0.010401,0.006873,0.014694,0.007900,-0.016117,0.013678,0.005264,0.008102,0.010125,0.003672,0.002231,-0.012524,-0.213521,0.018356,0.010383,0.011699,0.006353,-0.045600,0.007832,0.007851,0.003373,0.055576,0.010946,0.390818,0.023673,0.347550,-0.174752,0.026286,-0.204185,0.005247,0.015993,0.259083,0.009929,-0.001007,0.004368,0.036631,0.009363,0.006544,0.023371,0.000762,0.010503,0.011884,0.012153,0.017860,0.001456,0.013289,0.033068,0.296744,0.016634,0.000804,0.006220,0.009704
0.005476,0.000195,-0.017994,-0.008489,-0.013556,0.018590,-0.001720,0.009591,-0.022928,0.027358,0.001646,-0.022986,0.003062,0.007100,0.120608,-0.042686,0.015537,-0.007201,0.034196,-0.012631,-0.025448,-0.002025,-0.001802,0.000837,0.019136,0.017423,0.005213,0.027743,-0.024445,0.027711,0.014948,0.119555,-0.064942,0.019675,-0.024934,-0.011133,0.022551,0.065179,-0.027934,-0.017229,-0.007349,0.013873,-0.012504,-0.017641,0.008578,-0.001767,-0.034887,0.040390,-0.017316,-0.008166,-0.023157,-0.001214,0.009074,0.028236,0.056624,-0.001160,0.019491,-0.014290,-0.023841,0.124542,0.011707,0.005503,0.035602,-0.002862,-0.000761,-0.009721,0.030854,-0.030315,-0.007000,0.030627,0.050582,0.004517,0.038245,0.009507,0.028383,0.011900,-0.003330,-0.020870,0.011159,-0.013985,-0.026573,-0.113785,0.012825,0.011783,-0.006448,-0.003598,0.018647,-0.006046,-0.001588,0.017831,0.030644,-0.027783,0.010336,0.003494,-0.009952,0.000256,-0.013881,-0.016681,-0.016499,-0.012273,-0.007381,0.006424,0.022976,0.022222,0.008502,-0.022277,-0.012749,0.007922,0.022824,0.098128,0.020093,0.003089,0.007753,0.004437,-0.011673,0.011499,0.014317,0.004078,0.005547,0.033314,-0.008580,0.096058,0.027939,-0.016395,-0.009075,-0.017125,0.014056,0.002767
0.006071,0.013655,0.007712,-0.007180,-0.026968,-0.010453,-0.028179,0.020160,-0.008622,0.001145,0.013406,-0.025154,0.044083,0.024795,0.102980,0.033450,0.029315,-0.045484,-0.091921,-0.039505,0.007853,0.010461,-0.025148,0.001293,0.039686,0.008707,-0.014362,-0.056467,0.008611,0.022576,-0.004518,0.086518,0.014826,-0.052212,0.051150,-0.009916,0.004963,0.050711,0.017455,0.001336,-0.037050,0.023676,-0.032605,-0.020549,-0.000904,0.014545,-0.019283,-0.009524,-0.010613,0.040135,-0.007732,-0.075146,0.032050,0.006046,0.001219,-0.000130,-0.013084,-0.003423,-0.013609,0.114658,-0.005234,0.016690,0.005974,-0.018350,0.001716,0.009186,0.007365,0.008379,0.038894,0.028766,0.016339,0.017082,-0.008473,-0.015002,0.022563,-0.007603,0.008850,0.003453,-0.002110,0.006341,0.049933,0.102699,0.027558,0.009680,-0.015466,-0.001039,-0.033631,0.007877,-0.019028,-0.009922,-0.043509,0.007621,0.006583,0.009488,-0.002455,0.003986,-0.018754,-0.134953,0.004629,0.002891,0.013348,0.003379,-0.037993,0.031755,0.004720,0.021159,-0.039813,0.005931,0.015498,0.069275,-0.043838,0.000892,0.013008,0.030300,0.000250,0.009786,-0.009241,-0.004656,-0.004004,-0.040062,-0.007931,0.069327,0.004256,-0.005961,-0.008050,0.000574,0.005079,-0.013532
0.004069,0.004086,0.037361,0.044203,-0.005743,0.002632,0.028079,0.020950,0.004474,-0.007050,0.002334,0.026605,-0.013216,0.023290,-0.011578,0.054397,0.042288,0.037253,0.016419,0.043118,0.010405,-0.015263,-0.032066,0.037919,0.047627,0.020837,-0.018001,0.057260,0.022470,-0.027297,0.020046,-0.021464,-0.018257,0.070109,-0.024423,0.113821,0.012967,-0.019735,-0.013379,-0.043642,0.010775,0.027716,0.044735,0.005093,0.007085,0.006697,0.054842,0.022044,0.033361,0.037575,0.014398,0.049255,-0.010428,0.006065,-0.055210,-0.016139,0.008939,-0.011586,0.024039,-0.041597,-0.005150,0.004493,-0.007217,-0.021892,0.010226,-0.022984,0.001656,-0.009446,0.020085,0.038819,0.005212,-0.033528,0.072394,0.000503,0.039074,-0.004377,-0.066626,-0.000362,-0.032851,0.042873,0.029469,-0.069235,-0.000496,0.032541,0.014809,0.026697,0.031727,0.002705,-0.005868,0.012349,0.007402,-0.047534,0.058964,0.015360,-0.079793,-0.008179,0.000565,-0.026926,0.001002,0.009601,-0.028754,-0.024865,0.033667,0.077464,-0.005751,0.016331,0.011393,0.001870,0.010188,-0.005668,0.031962,-0.010496,-0.030123,-0.028569,-0.018060,0.007089,0.007043,-0.026785,-0.010975,0.010036,0.025458,0.001326,0.049709,-0.010159,-0.006328,0.033050,-0.002788,-0.011998
0.034709,0.006365,-0.099500,-0.019751,0.050925,0.005700,0.020240,-0.001349,0.008243,-0.000030,0.016765,0.013425,-0.002948,-0.045464,-0.044339,0.009593,0.000056,-0.040029,0.053912,0.002707,0.015138,-0.006354,0.008309,0.032753,0.007468,0.008641,0.001148,0.017386,0.012054,-0.017310,0.022411,-0.020876,0.006433,0.022877,0.025505,-0.052550,-0.012990,-0.040611,-0.074398,-0.003125,-0.007096,0.006698,0.010282,0.000071,0.043330,0.022888,0.025063,-0.042113,0.032005,0.013644,-0.010673,-0.031361,0.004873,-0.008888,-0.069065,0.017592,-0.003515,-0.003977,0.016765,-0.043362,0.011908,0.034467,-0.002098,0.017445,-0.002264,-0.007379,-0.012912,-0.007892,-0.008136,0.026283,-0.004678,0.012523,-0.017896,-0.013987,0.002276,-0.021516,-0.017065,0.043987,-0.006331,-0.022687,0.024796,0.013355,-0.000883,-0.001667,0.005501,0.044349,0.027492,-0.008451,0.006260,0.019051,-0.013125,-0.000126,-0.026227,-0.006651,0.009346,0.004429,-0.022631,-0.015292,0.011826,0.003434,0.036901,0.004840,0.004203,0.008885,0.001161,0.041910,0.026532,-0.001175,-0.003148,-0.023221,-0.027999,-0.005346,-0.016669,0.046842,-0.002084,-0.008046,-0.003646,0.014294,0.011994,0.020927,-0.001690,0.017886,-0.039599,0.003481,-0.012591,0.040139,0.022202,-0.003878
-0.041643,-0.012058,0.048592,0.023539,-0.044798,-0.020966,-0.019507,-0.005851,0.000432,-0.001079,-0.004659,0.016606,0.036862,0.030103,-0.002824,-0.101367,-0.008036,0.018652,-0.022523,-0.017312,-0.028967,0.001377,0.009101,-0.063979,0.026077,0.014381,-0.000667,0.041882,-0.007636,-0.039763,-0.001304,-0.001177,-0.071154,0.031066,-0.023017,0.059057,0.022784,0.002650,0.017579,0.009248,0.001795,0.019533,0.003669,0.067624,-0.011946,-0.006303,0.007123,0.035564,-0.014709,-0.071029,-0.020227,0.038657,0.017580,0.002564,0.031956,-0.014956,-0.081186,-0.013727,0.017486,0.025066,-0.005176,-0.011735,0.045190,-0.052781,-0.003349,-0.005676,0.052285,0.018254,0.050661,-0.017862,0.021581,-0.036430,0.034599,-0.054558,0.019364,-0.012315,-0.009366,-0.009103,0.013080,0.020970,-0.054027,-0.049870,-0.002033,-0.013073,0.030752,-0.000691,-0.013773,-0.005314,0.016577,-0.039362,-0.005853,0.022208,0.037638,-0.006720,0.001713,-0.008753,0.059430,-0.032603,0.012041,-0.003584,0.009069,0.000984,0.023313,-0.024663,0.011966,0.018391,-0.041808,-0.003252,0.010019,0.019787,0.048307,0.004166,-0.002280,-0.041450,-0.002698,-0.003619,-0.016778,-0.044038,-0.026568,-0.060466,0.004221,0.002092,0.053220,-0.003568,0.019333,-0.084746,0.023819,-0.016761
0.015829,0.006041,-0.016194,-0.010392,0.025286,0.002638,-0.033452,-0.041256,0.020530,0.012420,-0.027414,0.012741,-0.028280,0.021711,-0.000397,-0.183317,0.006763,0.003314,0.025457,-0.010349,-0.071894,0.014925,0.005598,0.012821,-0.004027,0.029827,-0.004334,-0.001245,-0.002327,0.028343,0.024181,0.017537,0.016063,0.008921,-0.015616,0.037896,-0.052730,0.002331,0.002345,-0.039579,0.013790,0.007760,0.020675,0.168208,0.001245,0.062010,-0.007219,-0.163710,0.016486,-0.006694,0.011518,0.195390,-0.015140,0.019918,0.020010,0.003189,0.001505,0.026756,-0.008362,0.014606,0.003928,-0.016458,0.043806,-0.005969,0.001857,-0.025347,0.046780,0.036140,-0.008934,-0.006340,-0.015572,-0.004283,-0.012348,-0.037699,0.007378,0.009915,-0.032748,-0.013671,0.005154,-0.019508,-0.045670,0.037598,-0.011696,0.010068,0.026002,-0.000782,-0.000053,0.004486,0.034749,0.016336,0.004894,-0.008726,-0.000319,0.037036,-0.035565,-0.007825,0.023623,-0.023571,0.017356,-0.025356,0.017837,0.010601,0.003422,0.007594,-0.009779,-0.020601,-0.015517,-0.000872,-0.020297,0.000701,-0.415238,-0.018654,-0.016672,-0.000312,-0.014273,0.008010,0.011197,-0.016398,0.010896,0.026962,-0.007826,0.009063,-0.011231,-0.025027,0.012105,0.007582,-0.007543,-0.008041
0.004833,0.004779,-0.000361,0.003361,-0.002650,-0.001037,-0.000570,-0.002274,-0.002214,-0.007700,-0.002378,-0.008022,0.007327,0.002877,0.001530,0.012671,-0.004491,0.002107,-0.002970,-0.001804,0.006165,-0.000454,0.016686,0.003364,0.005174,0.004279,-0.002140,0.001444,0.007857,-0.001668,-0.002006,0.001004,0.002318,-0.002538,0.006596,-0.001463,0.000280,-0.009693,-0.004064,-0.007892,-0.000088,-0.011106,0.002265,-0.006331,-0.011322,-0.006193,0.004403,-0.007884,-0.003394,0.000779,-0.010190,0.006815,0.001985,0.001342,-0.000191,-0.012872,-0.002932,-0.019527,-0.005476,-0.002125,0.005136,0.003247,0.003885,-0.002839,0.001696,-0.002580,-0.008163,0.000275,-0.013212,0.003183,-0.013753,0.006956,0.008313,0.001215,-0.009373,-0.009134,0.005615,-0.001978,0.013374,-0.000330,-0.014979,0.000949,0.002526,-0.007285,0.000932,-0.002250,0.006150,-0.003546,0.015873,0.003514,-0.002934,-0.002804,-0.013253,-0.006444,0.008230,0.010871,-0.000268,0.006998,0.000728,0.007515,-0.009489,0.003122,0.002130,-0.003216,0.002589,0.001561,0.000781,-0.003739,0.011465,0.004918,0.000984,-0.000904,-0.003585,0.000220,0.000108,0.004456,0.002378,-0.012847,0.007762,-0.016869,-0.002174,0.010731,-0.006870,0.005549,0.003267,0.002863,0.003398,-0.002856
0.010615,0.008741,0.004589,0.010382,0.009275,-0.002765,0.025459,-0.084100,0.049653,0.014754,-0.035042,0.006169,-0.003218,0.050346,-0.018779,0.012642,0.003957,-0.011916,-0.002584,-0.003375,-0.002733,-0.008886,-0.105487,0.005656,0.002111,-0.004951,0.040649,0.011706,0.003951,0.004577,0.001615,-0.016086,-0.036001,-0.006182,0.000488,0.027630,0.008157,-0.007448,0.000933,0.006826,0.010621,0.006548,0.007975,0.024782,0.013193,0.007733,0.000317,0.005312,0.015850,0.009958,0.081337,-0.000883,0.015220,0.013854,0.031712,0.003712,-0.000234,-0.026032,-0.004998,-0.022122,0.006854,0.003493,0.016322,-0.000444,-0.889564,0.003815,0.004740,-0.008221,0.002245,0.007882,0.005289,0.010318,-0.001041,-0.003967,0.004486,0.005866,0.007461,0.000109,0.006737,0.004881,0.008355,0.015317,-0.003861,0.003340,-0.000485,0.004825,0.001405,-0.006795,0.177046,-0.003373,0.003806,0.007200,-0.000168,0.046080,0.011802,0.003613,0.003189,0.014999,0.005100,0.114313,0.012075,-0.020371,0.017581,0.011647,-0.050504,0.014073,0.003460,0.097209,0.004790,-0.012291,0.012817,-0.007522,0.008836,0.011261,0.006977,0.000243,0.003172,-0.002415,0.003323,0.008073,0.008453,-0.012572,0.003881,0.140751,-0.002898,0.001635,0.002387,0.001676
-0.003480,0.007070,-0.015161,-0.002362,0.038514,-0.056679,0.019917,-0.002627,-0.005232,0.002659,0.012949,-0.004913,0.017811,-0.034402,0.006308,-0.019503,0.005786,0.017127,0.056407,0.012931,-0.025015,0.031237,0.014983,-0.032015,0.008707,0.005789,-0.006738,-0.016694,-0.037265,-0.025537,0.024518,0.007849,-0.032052,0.006369,0.001485,-0.046204,0.029385,0.001764,-0.020925,-0.029321,-0.003027,-0.054409,0.012983,0.016237,-0.045791,-0.022865,-0.024151,0.037756,0.030594,0.014719,-0.019503,0.015702,-0.019703,-0.015178,0.005713,0.013469,0.008193,0.002140,-0.002372,0.002653,0.002951,0.013556,-0.017443,0.032049,0.000675,-0.003492,0.026938,0.010113,-0.022865,-0.008262,0.023514,-0.014947,0.016580,0.014074,-0.007827,0.019990,-0.016160,-0.012212,0.014377,-0.025113,0.013864,-0.013416,0.005133,0.027273,0.012518,-0.015318,0.022120,-0.007353,0.012567,0.036172,0.058637,-0.019704,0.038120,-0.014719,-0.034068,0.019031,0.026606,0.066553,-0.011747,-0.006145,0.022125,0.009437,-0.002283,-0.024385,-0.000108,-0.116195,-0.005276,0.008045,-0.019470,0.002419,0.029995,-0.003628,-0.030431,0.042929,0.016579,0.037071,-0.001762,0.001020,0.004336,0.017580,-0.041397,0.010959,-0.018974,0.002225,-0.003582,0.001207,0.006885,-0.036935
0.016439,0.036137,0.011893,-0.020710,-0.017573,-0.022240,0.019540,0.040099,-0.023492,0.004838,0.011731,0.003660,0.040775,-0.018666,-0.003754,0.029573,0.064128,-0.006381,-0.023913,0.077605,-0.018243,0.024416,-0.003536,0.031672,0.037108,-0.008875,-0.005794,-0.004597,0.020125,-0.028643,0.009338,0.002935,0.033205,0.039805,0.025631,0.034773,0.002965,0.004890,0.034573,0.022831,-0.016808,0.039866,-0.007569,0.011618,0.025824,0.027418,0.012294,-0.002509,-0.006265,-0.036627,0.041015,0.002095,0.018016,-0.032989,-0.014268,-0.003922,0.002867,-0.019302,0.005443,-0.003748,0.015735,-0.143457,-0.012928,-0.007525,0.007094,-0.000355,0.006731,0.009116,0.051778,0.009354,0.006066,0.007403,-0.020481,-0.000480,-0.155823,0.000875,0.005183,-0.009351,-0.017204,-0.011182,-0.012468,-0.013922,-0.005205,-0.214821,-0.015807,-0.003067,0.013145,-0.009616,0.000595,-0.028859,0.007965,-0.011960,0.071346,-0.000557,0.009847,-0.178955,-0.022379,-0.005671,-0.003914,-0.041488,0.017662,-0.002873,-0.018467,-0.005780,-0.009727,0.021817,0.024031,-0.023705,0.002869,-0.008024,0.024763,0.028265,0.008227,0.007946,0.014632,-0.307466,0.005915,0.022354,0.016168,0.037057,-0.015117,0.014170,-0.000078,0.032292,-0.002814,0.004593,0.007468,0.001832
-0.006225,0.005806,0.019454,-0.008331,0.009877,-0.041311,0.001972,0.008743,-0.000034,0.000930,-0.006700,0.016024,0.054304,-0.017247,0.022319,0.023787,0.059059,0.010522,-0.007305,0.021158,0.000519,0.003579,-0.003551,-0.025726,0.004508,0.008413,-0.000302,-0.024788,-0.015252,0.008994,0.003152,0.009477,0.061849,0.053768,-0.026217,-0.008336,-0.004794,0.015392,0.060655,0.017262,-0.004084,0.020325,0.026024,-0.013034,0.059097,-0.015404,0.030546,0.006983,0.027271,-0.023088,-0.005321,-0.036790,-0.009696,-0.032819,-0.011547,0.016153,-0.036297,-0.014339,0.024890,0.041968,0.000235,0.097362,-0.041392,-0.043277,0.000138,-0.008359,-0.014278,-0.004255,0.046840,0.006667,-0.019365,-0.018536,0.033422,0.008516,0.104170,0.011390,0.000618,0.003933,-0.002822,0.004805,-0.034222,-0.004420,-0.012793,0.123384,0.012479,0.018424,0.018482,-0.022623,0.003126,0.005281,-0.008832,0.004132,0.047670,-0.005860,-0.001617,0.115656,-0.027672,0.041130,0.003570,-0.008059,0.059900,-0.007816,-0.011899,-0.008490,0.015092,0.037700,-0.006257,0.006929,-0.000740,0.027307,0.024006,0.002031,0.005568,0.048640,-0.012848,0.145030,0.032755,-0.019298,0.011390,0.008876,-0.001975,-0.018691,-0.017456,0.005880,0.020870,-0.001415,0.006760,-0.025601
-0.027664,-0.016210,-0.001736,-0.012944,-0.020778,-0.006825,-0.029185,0.083629,0.027021,-0.009248,-0.088843,-0.011881,-0.008628,0.260391,-0.008406,-0.016919,-0.002510,-0.001056,0.003531,-0.031516,-0.007833,-0.018608,-0.067382,-0.005902,0.011269,0.041753,-0.130298,0.055561,0.004498,-0.000136,-0.003921,-0.004135,0.111153,-0.008778,0.004368,-0.007532,0.001037,-0.007263,-0.007370,-0.008563,-0.017957,-0.018962,-0.021495,-0.006579,-0.004082,0.002357,0.010826,0.000999,-0.015509,0.026263,0.076856,-0.001885,-0.014505,-0.024731,0.015117,-0.017294,0.011380,0.114371,-0.003866,-0.003652,-0.024539,-0.018397,0.009161,-0.002831,0.051372,-0.007049,-0.011654,-0.011695,-0.000589,-0.013489,-0.010912,-0.017761,-0.029171,0.004342,-0.032326,-0.003743,-0.014370,-0.023109,-0.016542,-0.003883,0.015719,0.041083,0.007563,-0.021772,-0.011714,-0.007091,-0.000811,-0.006319,-0.056099,-0.023798,-0.009830,-0.020038,0.004412,0.054098,-0.007410,-0.017277,-0.014969,-0.021487,-0.019182,0.492051,-0.019920,-0.019024,0.024195,0.003464,0.100773,-0.008969,-0.009844,0.056453,-0.020594,-0.013211,0.005726,-0.132544,-0.008928,-0.015165,-0.066633,-0.029443,-0.005594,-0.033364,-0.022446,-0.023536,-0.006133,0.009536,0.000865,-0.171952,-0.023425,-0.006233,-0.008873,-0.012704
0.015647,0.003989,0.038793,0.059806,-0.024795,0.009762,-0.006261,-0.001315,-0.005900,-0.022051,-0.004046,0.033319,0.024217,0.013705,-0.023037,-0.018496,-0.006923,-0.026371,0.003781,0.017735,-0.016456,-0.009844,0.000567,0.004911,0.011982,0.023806,-0.010185,-0.031814,0.037735,-0.020849,-0.007160,-0.033568,-0.016721,-0.001544,0.014125,0.012319,0.002246,-0.008389,0.053217,0.010648,0.004761,-0.025438,-0.001986,0.011178,0.008636,0.037694,0.028580,-0.019185,-0.008228,0.014536,0.001098,-0.032134,-0.015987,-0.014295,0.015757,-0.005415,-0.028030,-0.022517,-0.010944,-0.012043,0.038286,0.042991,0.012835,-0.032969,0.000544,0.005233,-0.001506,0.009725,0.024699,-0.022909,-0.007889,0.009005,-0.018007,0.001774,0.026884,-0.012524,0.000599,-0.001412,0.000535,0.048087,0.025600,-0.016613,-0.004949,0.062764,-0.021504,0.009017,-0.024259,0.006614,0.005586,-0.030774,0.004563,0.012855,-0.009156,-0.003180,0.014646,0.046404,0.001456,-0.026969,-0.004585,0.013375,0.012846,-0.023490,0.019009,0.040267,0.010317,0.004645,-0.009702,-0.013699,-0.000171,-0.003695,-0.010597,0.012203,0.004659,-0.053922,0.006841,0.042195,-0.020527,0.032657,0.021028,-0.024951,0.009325,0.023448,-0.006612,-0.000732,0.022387,-0.015364,0.032835,0.033525
0.009036,-0.014626,0.010123,0.015117,0.028579,-0.000460,-0.026211,-0.018189,0.030785,-0.013374,-0.018330,0.012501,0.016260,0.010460,-0.007042,0.047587,-0.012808,-0.009716,-0.010532,0.010729,0.005616,0.017660,-0.028208,0.000319,-0.020094,-0.012490,0.008999,-0.069512,0.000534,0.040470,-0.004361,-0.013262,-0.024255,0.003662,0.001368,-0.386443,0.000097,0.005781,0.006508,0.001535,-0.010484,-0.000219,-0.009390,0.038807,-0.012038,0.102403,0.008112,0.074462,-0.026631,0.014528,0.009216,0.032636,-0.029122,-0.017930,0.045510,0.013945,0.019308,0.022887,-0.001061,-0.002998,0.010330,-0.003632,0.045352,0.000401,-0.002872,0.008814,-0.007634,0.009416,-0.018150,0.002248,-0.033555,0.018879,0.009490,-0.004842,-0.001270,-0.001035,0.004824,-0.001272,-0.000280,0.039753,0.031566,0.025425,0.028346,0.007362,-0.179729,0.003089,-0.003798,-0.007936,-0.002640,-0.004854,0.005235,-0.000860,0.010899,0.007910,0.002719,-0.015351,-0.239432,-0.065321,0.001228,0.002594,0.002707,-0.001069,0.008338,0.013722,-0.008780,0.005686,0.014866,-0.009673,0.004691,-0.012374,-0.055084,0.001737,0.002737,0.009326,0.009671,-0.005686,0.001145,0.015230,-0.006830,-0.000355,-0.012295,-0.008936,-0.011258,-0.005504,0.017332,0.002286,0.004113,0.019427
0.005473,0.021629,-0.009069,0.003772,-0.009967,-0.003105,-0.015695,-0.027500,0.011553,0.010716,0.023423,-0.011874,-0.025761,0.029181,0.001141,-0.020835,-0.002080,0.005952,0.012267,0.031986,0.001295,-0.014840,-0.013829,0.001202,-0.033812,0.041539,0.047168,0.013985,0.001334,0.007056,0.012817,-0.002392,0.028396,0.000370,-0.011020,0.031799,-0.859887,0.002434,-0.010940,0.023926,0.003556,0.006138,-0.001323,0.049840,-0.006431,-0.001314,-0.009965,0.009898,0.004949,0.009058,-0.008178,0.061183,0.017173,-0.016365,-0.011725,0.002794,0.022428,-0.057182,0.000756,-0.006078,-0.004194,0.011139,0.000345,0.026000,-0.004602,0.022488,0.017367,-0.014672,0.009340,0.018449,-0.011689,0.012501,0.036138,0.001177,0.011008,0.019818,0.036728,0.003395,0.008585,-0.002786,0.011598,-0.034383,0.029203,0.004295,0.024150,-0.003254,0.016635,-0.007951,-0.003742,-0.000856,-0.005711,0.023122,-0.012003,0.048619,0.026636,0.006722,0.018912,0.039697,0.005383,-0.039787,-0.001507,0.081476,0.022042,-0.007449,-0.017113,-0.018491,0.019296,-0.001523,-0.010018,0.021927,-0.015199,0.030282,0.025432,0.004272,0.010908,0.008261,-0.000907,-0.012924,-0.009374,0.026549,-0.001454,-0.029703,0.000765,-0.055298,-0.006728,0.006766,0.000670,0.000348
0.038353,0.008987,0.055885,0.014808,0.040536,0.010529,0.029554,-0.000173,0.004199,-0.003581,0.019651,-0.009244,-0.019963,-0.009101,-0.036568,-0.023029,0.061646,0.002542,-0.082458,0.029849,0.005374,0.005281,-0.007723,0.012980,0.002632,0.009789,-0.030619,0.040197,0.015418,0.015109,0.017376,0.000809,-0.054435,-0.012593,0.025548,-0.036749,0.028522,0.057628,0.023802,0.001073,0.032650,0.093034,-0.017362,-0.030685,0.010258,-0.016865,-0.026915,0.021463,-0.002105,-0.057485,0.014328,0.038722,-0.046012,0.053712,-0.002374,-0.005875,-0.002096,0.009018,-0.031563,-0.019220,-0.010074,0.028608,-0.015499,0.016632,0.012215,-0.034335,0.007983,0.004296,0.014916,-0.019228,0.035119,0.023515,-0.004476,-0.013522,-0.007197,-0.026194,-0.070172,0.019523,-0.009653,-0.017581,-0.078347,-0.042213,0.004536,-0.048493,0.025696,0.036018,-0.006709,0.029332,-0.014446,-0.027518,-0.014801,-0.041358,-0.002156,0.004638,-0.067126,0.014714,0.032518,0.066604,0.008118,0.003064,0.015414,-0.015825,0.021564,-0.012077,-0.003107,0.031618,-0.013033,-0.001522,-0.002799,0.000606,0.009448,0.000934,-0.048043,-0.000473,-0.007329,-0.011089,0.016615,-0.011487,0.000517,-0.009405,-0.007403,-0.048320,0.035496,-0.021034,0.007362,-0.012868,-0.004640,-0.021443
-0.004073,0.032160,0.020708,0.011192,0.024535,0.006733,-0.005902,0.004805,0.007873,-0.026546,-0.013644,0.012751,0.028697,-0.008178,-0.014898,0.025309,0.001221,0.003645,0.019731,0.031584,0.012731,-0.005683,0.009190,-0.000515,-0.046103,-0.003950,0.004151,-0.002904,0.008804,-0.012970,0.023857,-0.029939,-0.026736,-0.006444,0.029103,0.009433,-0.009147,-0.007946,0.008250,0.111400,-0.001763,0.017396,-0.027130,-0.013667,0.038038,-0.000689,0.009439,0.014121,0.011733,0.015424,0.015281,-0.025268,0.137646,-0.011499,0.002916,-0.005697,0.047120,-0.002965,-0.005144,-0.012280,0.012085,0.009341,0.027847,0.029254,0.013278,0.050706,0.006194,0.002765,0.008358,0.082080,0.005615,-0.011697,-0.012965,0.012339,-0.008295,0.064705,0.147294,-0.004816,0.113983,0.001979,0.025958,-0.042112,-0.013934,0.008442,0.004762,-0.008848,0.005910,0.006529,0.000777,0.000302,0.005451,0.135606,0.005715,-0.001244,0.162347,0.002617,-0.001671,0.031212,-0.007198,0.007096,0.008275,0.002871,0.015713,-0.027755,-0.018534,0.021000,-0.010751,-0.010052,-0.007277,-0.018182,0.022293,0.009093,0.118013,-0.007094,-0.002945,0.011186,-0.003035,0.005572,-0.001132,-0.028602,-0.002611,-0.014250,0.008396,-0.009179,0.010580,-0.000958,0.000275,0.001368
0.016186,-0.016103,-0.030436,-0.012471,0.001215,0.019030,0.017079,-0.016486,-0.004318,-0.006395,-0.004770,-0.005110,0.001149,-0.048283,0.016169,-0.014302,-0.008710,0.007124,-0.045875,-0.013756,-0.011313,0.004359,0.021919,-0.028193,-0.021585,0.016513,-0.033288,0.106624,0.020443,0.032685,0.011176,-0.020098,-0.067956,-0.033326,-0.005471,0.076878,-0.018187,-0.040044,0.012155,0.018931,0.002567,0.018905,-0.038801,-0.015322,0.009116,0.071721,0.002653,-0.020525,-0.005611,-0.034862,-0.002014,0.026965,0.046192,-0.026015,-0.073292,-0.007937,-0.066960,-0.011816,0.026571,0.002883,0.041033,0.004726,0.014335,-0.048844,0.000176,0.013675,0.014270,-0.015427,0.021725,0.028381,0.012316,-0.014042,-0.026402,0.031267,0.019079,0.019149,0.023271,-0.002171,0.031927,-0.044399,-0.043921,-0.067304,0.014919,0.000427,0.042968,0.052678,0.029948,-0.003534,0.019556,0.037097,-0.051420,0.027300,0.000547,0.000516,0.057788,0.009095,-0.001407,-0.019206,0.014304,0.002149,0.032875,0.019260,0.023990,-0.031821,0.006826,0.026150,0.012086,0.000801,0.042221,-0.001262,-0.078532,0.014689,0.010023,-0.023545,-0.004880,0.003542,0.016060,0.074522,0.031330,0.027063,-0.026080,-0.060510,0.000663,-0.003413,0.030487,-0.019788,0.013961,0.053896
-0.000163,-0.016015,0.057328,0.042058,0.013452,-0.001627,-0.025641,-0.004311,0.005337,-0.010387,0.002055,0.037201,0.056617,0.002843,0.044467,0.024657,-0.043555,-0.023999,0.028615,-0.034427,0.017872,-0.007208,0.006070,-0.057465,0.042104,0.020150,-0.020781,-0.026223,-0.018798,-0.020276,-0.016974,0.029771,0.037938,0.038637,-0.010212,0.019698,0.031965,0.021244,0.023581,0.019767,0.011168,-0.034727,0.005098,0.056447,-0.024823,0.030752,-0.028347,-0.013287,-0.017164,0.015208,-0.027296,-0.001045,0.000466,-0.008089,0.008875,0.009424,-0.008683,-0.020416,0.018889,0.023525,-0.002701,-0.013246,0.069964,0.013150,-0.014995,0.005331,-0.008017,0.006030,0.007928,-0.007069,0.011459,0.015922,-0.004582,0.010503,-0.035384,0.011546,0.009071,0.016443,0.006477,0.041687,0.013384,0.082553,0.011602,-0.012132,0.022672,-0.039457,-0.015592,0.016542,0.019608,-0.022654,0.070187,0.010694,0.034451,-0.015023,0.008819,-0.009390,0.050517,-0.053437,-0.028473,0.004534,-0.002749,0.007350,-0.009970,-0.007048,0.015809,-0.007519,0.007213,0.005019,-0.037610,0.021103,0.042872,0.004200,-0.009149,-0.010676,0.001133,-0.013448,-0.010267,-0.005979,-0.009312,-0.035252,-0.012250,0.018583,0.007622,0.000467,0.006353,-0.017698,-0.012008,0.005356
0.009262,0.009161,-0.004027,-0.011384,-0.004101,-0.006106,0.016731,0.087313,0.003760,0.013419,0.139372,0.000307,-0.012495,0.163800,-0.010271,-0.012836,0.001673,-0.002246,0.009788,-0.006724,-0.004782,0.022601,0.065316,-0.008742,-0.030891,0.097382,0.220360,-0.094087,0.013488,0.017885,0.001383,-0.008674,0.027590,-0.003578,0.006306,-0.009288,0.000872,-0.022473,0.000195,0.014518,-0.003520,0.013895,-0.010415,0.003875,0.004890,0.015055,0.010233,-0.014557,-0.006638,0.005259,-0.101265,0.013020,0.019968,0.037140,0.002649,0.007782,-0.002783,0.144906,0.003358,-0.005827,-0.007423,0.010624,-0.020672,0.002416,0.061387,0.003590,0.005016,0.020827,0.003194,0.021663,0.042020,0.020980,0.001250,0.000027,0.010111,0.007688,0.015826,-0.005197,0.011956,-0.005248,-0.000676,-0.047930,0.042919,0.007802,-0.002807,0.011678,0.008865,0.011352,-0.026361,0.007921,-0.000192,0.015801,-0.003999,-0.059284,0.017067,0.009155,0.001642,0.027786,-0.009818,0.050076,0.001421,-0.258924,0.095023,-0.030879,0.248905,-0.005045,0.004331,-0.017457,-0.009974,-0.015391,-0.019370,0.037641,0.019167,0.007428,-0.005925,0.011688,0.000268,-0.013623,-0.001486,0.012203,0.001922,-0.021733,0.035146,0.340603,-0.010047,0.002996,-0.012511,-0.010553
-0.020850,0.001685,0.022757,0.004963,0.000841,0.032804,0.056905,-0.018859,0.034161,0.077188,-0.003430,0.009532,-0.010057,-0.019187,-0.020074,0.032860,-0.014240,-0.001374,0.003786,0.010285,0.016255,-0.015391,-0.018392,-0.001108,0.003144,0.005104,0.002233,0.050201,-0.013972,0.093030,0.002280,-0.011703,-0.026412,0.015453,-0.015232,0.019263,0.011716,-0.017057,0.006599,-0.005601,-0.000074,0.015495,0.011870,0.044414,-0.001952,-0.399090,0.020120,-0.008088,0.050535,0.019158,0.030948,-0.089885,-0.005915,-0.006339,0.288885,0.015596,0.007050,0.015139,0.001263,-0.024962,0.002027,-0.008412,-0.005114,-0.024484,0.032943,0.004006,-0.008707,-0.010931,-0.007666,-0.022567,-0.004359,0.002711,-0.001119,-0.021164,0.001902,0.005685,-0.007702,0.007972,0.011027,0.016548,-0.001629,0.014102,0.017578,-0.019974,-0.088696,0.002982,-0.042516,0.002624,0.023026,0.008798,-0.007137,0.002807,0.000971,0.010936,-0.007811,-0.012374,-0.071657,-0.023579,0.008660,-0.003316,-0.003934,-0.013051,0.043493,0.045240,-0.001476,0.013942,-0.018187,-0.012799,-0.001892,-0.023315,0.058156,-0.002264,0.009446,-0.010297,-0.012307,-0.008404,-0.014138,0.041288,0.018551,-0.002944,-0.040528,-0.011797,0.009087,0.004243,-0.003937,0.001084,0.005531,-0.031487
-0.005455,0.009244,0.079284,0.079066,-0.007412,-0.005579,-0.018402,-0.000222,-0.021845,0.068493,0.014055,0.051890,0.017167,0.028095,-0.034649,0.016350,0.022702,0.222765,0.045716,0.021401,0.007317,-0.012016,0.014526,-0.029107,0.009578,-0.015569,-0.002869,0.008324,0.025536,0.069832,-0.008316,-0.052641,-0.006639,0.068279,-0.026711,-0.013084,-0.014397,0.005175,0.049813,0.008656,0.002777,0.007804,-0.002768,-0.029380,0.012407,-0.046450,0.055500,-0.002388,-0.018699,-0.242641,-0.005970,-0.035153,-0.018127,0.065678,0.014145,-0.019035,-0.003059,0.005480,0.096774,-0.048192,-0.009921,0.013724,0.030930,-0.023691,-0.006626,0.017929,-0.013846,-0.006939,0.028313,0.000872,-0.008977,0.017586,0.136495,0.046955,-0.007439,-0.006257,0.005124,-0.016592,-0.029439,0.037129,-0.222593,0.002414,-0.011393,0.033873,-0.012571,-0.006031,-0.007864,0.002043,-0.011789,-0.023967,0.018011,-0.015421,0.069708,-0.011977,0.006704,-0.002828,-0.001540,0.034973,0.006238,0.005727,0.016337,0.018909,-0.008375,0.020691,0.008364,0.012054,-0.003698,-0.017463,0.003421,-0.009450,0.020536,-0.007601,-0.001381,-0.035413,-0.010447,0.012175,-0.008376,-0.008267,0.018488,0.000543,0.001376,-0.061086,0.010880,-0.005571,0.046901,-0.019364,0.023392,0.036785
