0.003709,0.014251,0.023240,-0.016545,0.004248,-0.043874,0.037269,0.010103,0.000017,0.044786,-0.007888,0.019721,-0.078637,-0.067084,0.018832,0.026304,0.033564,0.015118,0.019957,0.030233,-0.038715,-0.044731,-0.014188,0.000968,-0.009647,-0.020134,0.047580,-0.006531,0.025499,-0.003386,-0.015264,0.203446,0.019744,-0.026004,-0.030240,-0.046773,0.039704,-0.008836,0.054983,-0.066231,-0.016376,-0.014145,0.096272,0.008799,-0.031783,-0.028424,-0.037726,-0.014198,0.043254,-0.001985,0.038761,0.017969,-0.085375,0.035631,-0.005220,-0.005959,0.013466,0.019978,0.086297,0.252878,0.025186,-0.047973,-0.063113,0.008675,0.008334,-0.008576,-0.011449,0.021678,-0.003904,0.010561,-0.036578,0.098511,-0.158794,-0.045070,-0.006672,-0.000106,0.127046,-0.018346,-0.038028,0.025175,-0.006180,-0.176305,0.047983,0.043461,0.014943,-0.012464,-0.108130,-0.025041,-0.009689,-0.033066,0.196842,0.061340,0.048662,-0.004844,-0.045209,0.009526,0.024869,0.016248,0.097717,0.028369,-0.079038,0.187059,0.019976,0.014116,-0.003625,0.014132,0.016267,0.022145,0.026766,0.049446,-0.030038,0.026441,-0.014611,0.061416,-0.000516,-0.040505,0.001051,-0.142901,-0.005277,0.015160,0.004573,-0.034520,-0.069323,-0.006358,0.015510,-0.109710,0.032386,-0.029201
-0.017525,0.030011,0.018179,-0.028004,-0.043263,0.013495,0.000855,-0.002441,0.011863,-0.057942,-0.110757,-0.009083,-0.009620,0.048629,-0.015180,0.042617,0.005376,-0.027479,-0.080232,-0.015971,0.041263,-0.020873,0.013528,0.010204,-0.029177,0.014285,-0.009356,-0.021471,0.021405,0.039534,-0.030752,-0.014155,-0.134191,0.024291,0.100107,0.029951,0.001089,0.085991,-0.007072,0.086173,0.040560,0.016021,-0.021129,0.062381,0.019653,-0.002495,-0.015196,0.001585,0.027223,-0.010591,-0.019442,-0.005511,-0.043956,0.029171,0.163471,-0.047872,-0.010951,0.008995,0.076464,0.079803,0.027063,-0.027240,0.059970,0.021871,0.032562,0.013497,0.011525,-0.010331,-0.083095,-0.004669,-0.030528,-0.066916,0.090389,-0.002047,0.044121,-0.020321,-0.127207,0.034589,-0.021964,0.023890,0.017139,0.071497,-0.021576,-0.060672,-0.005921,-0.038551,-0.030572,-0.000747,-0.022849,0.069473,0.041138,-0.073236,0.010538,0.006883,0.007387,0.039274,0.103975,0.028050,0.009933,-0.001998,0.013809,-0.029455,0.038651,-0.031711,-0.014232,0.022911,-0.010395,-0.040588,0.025975,-0.040870,0.018534,-0.007044,-0.001679,0.007919,-0.061789,0.101788,0.024581,-0.028837,-0.020069,-0.006836,0.023234,-0.000490,0.013508,-0.040087,0.060717,0.024293,0.092094,0.042984
-0.001622,0.022702,-0.019835,0.000707,-0.045097,-0.040248,-0.076330,0.015334,-0.023816,0.016033,-0.010145,-0.015228,0.005573,-0.014581,0.013820,0.002362,0.000524,0.007972,-0.036150,0.006767,-0.021888,0.022305,-0.023267,-0.012771,-0.005181,0.035003,-0.008943,0.026714,0.010086,0.016365,0.001202,0.004716,0.003556,0.032273,0.044168,0.383626,0.019719,-0.006212,0.174186,-0.007668,-0.029763,-0.297684,0.015209,-0.013613,0.009901,-0.019178,0.153747,-0.037689,0.027484,-0.041529,-0.129602,0.031041,0.009670,0.000118,-0.014765,-0.011661,-0.046191,-0.007707,0.069102,-0.008969,0.108591,-0.018679,0.031213,-0.377980,-0.015824,0.006889,-0.008062,0.000561,-0.000680,0.029047,0.125132,-0.014224,0.000148,-0.012543,0.021595,0.035819,-0.013622,0.031623,-0.002542,0.012368,-0.006084,0.000249,-0.028587,0.021161,-0.010632,0.003378,0.109249,-0.050435,-0.047595,-0.020711,0.047133,-0.024215,0.001909,0.032192,0.128000,-0.008151,-0.008480,0.010989,-0.003718,0.109166,0.036231,-0.005891,0.001589,-0.037164,-0.026905,0.410617,0.023876,0.030866,0.001969,-0.002676,-0.002300,-0.067996,-0.004728,0.017074,-0.013761,-0.008175,0.007226,0.210036,-0.001839,0.029809,0.023512,-0.027681,-0.019413,-0.011945,0.015905,-0.159588,-0.025171,0.019889
-0.013797,-0.023579,-0.037231,-0.046099,-0.024062,0.064975,0.018075,0.010119,-0.022344,0.067818,-0.010462,-0.029204,-0.099662,0.025261,0.010512,0.006027,-0.049483,0.004998,-0.059518,-0.077267,-0.000718,-0.012992,-0.036384,-0.014052,-0.019101,0.016007,-0.001911,-0.036195,-0.022855,0.009138,-0.028842,-0.079468,-0.008693,0.122702,-0.003857,0.007533,0.003778,0.039194,0.018984,-0.044120,0.136728,0.005358,-0.011488,-0.008730,-0.022900,0.031937,-0.021289,0.017808,-0.047144,-0.011943,-0.000728,-0.028318,-0.000061,0.048878,0.047208,-0.077110,-0.062211,-0.093595,0.027694,0.035729,0.011659,-0.024605,-0.002596,0.059211,-0.064394,0.028279,-0.024726,0.002495,-0.021700,0.001444,-0.010522,-0.070753,0.019639,-0.039568,-0.085309,-0.076880,-0.180967,0.015549,-0.083267,0.042224,-0.046032,-0.018171,-0.032175,0.049419,-0.030406,-0.038329,0.026671,0.028433,-0.004321,0.010503,-0.035058,0.009853,-0.006776,0.035992,-0.014282,-0.084177,-0.017838,-0.022049,0.101852,-0.059119,0.014309,0.035085,0.021313,-0.005547,-0.035740,0.014484,-0.026239,0.047721,0.072336,-0.025643,-0.066488,-0.028767,0.008028,-0.013503,0.023240,0.049774,0.017948,-0.000720,-0.122203,-0.038804,0.075824,0.033572,0.060079,0.002557,0.020058,0.009086,0.043335,0.023432
-0.072095,0.011776,0.068307,0.013728,0.023538,-0.046936,-0.039853,-0.054212,-0.054261,0.029327,-0.017342,0.059646,0.053051,0.013879,-0.005602,-0.120284,-0.038660,0.000327,0.001944,0.032201,0.012807,0.017707,0.082348,-0.042538,0.106040,-0.030179,0.025680,0.015164,-0.033576,0.026704,0.013388,-0.005190,0.011077,-0.035368,0.082893,-0.019324,-0.019459,-0.047970,0.055895,0.004884,0.049585,-0.016015,-0.033329,-0.047658,-0.024494,0.363252,-0.004843,-0.020549,-0.023564,0.010164,-0.019899,-0.358150,0.157389,-0.084651,-0.004289,0.027696,0.071436,-0.017948,-0.002664,-0.045427,-0.023133,0.013894,0.016987,0.010821,0.054938,-0.059448,0.021808,0.117666,-0.009823,0.061117,0.015032,0.072276,-0.004138,0.001354,-0.021992,0.052916,-0.018149,-0.008812,0.005509,0.015121,-0.031462,0.013665,0.042308,0.024083,-0.001833,0.065302,-0.087048,0.004393,-0.075608,-0.062570,-0.021111,0.004716,0.109742,0.047355,-0.113089,0.033373,-0.011321,-0.001803,0.026235,0.065057,-0.042011,0.031003,-0.014702,0.041818,-0.029135,0.107531,-0.030686,0.014821,0.032254,-0.044047,0.076062,0.145187,0.001229,0.009695,-0.022700,0.014035,-0.023180,-0.082976,0.008695,-0.255468,0.070559,-0.003161,0.020034,0.013050,0.067710,0.027439,-0.107671,-0.059075
0.021914,-0.038032,0.036674,-0.000865,0.040555,-0.027928,0.014929,-0.013958,-0.058489,0.075445,-0.003578,0.064555,0.004760,0.107211,-0.000952,-0.034884,-0.018437,-0.015397,-0.078981,-0.060993,-0.035917,-0.014436,-0.003800,-0.010482,-0.045467,-0.034842,-0.017220,0.024482,-0.028940,0.004346,-0.069020,-0.041067,0.046631,-0.065425,-0.049710,-0.015456,-0.065619,0.056469,0.008491,-0.004258,-0.005279,0.005509,-0.010394,-0.036017,-0.028358,-0.071985,-0.021570,0.008496,-0.014001,0.020134,0.001257,0.016286,0.060130,0.000743,0.023567,0.004793,-0.001282,-0.154581,0.009861,-0.011277,0.014171,0.067148,-0.036204,0.025039,-0.002258,-0.012775,-0.011151,0.015338,0.007216,0.054808,0.010306,0.032165,-0.017779,-0.031609,-0.009485,-0.020423,-0.023450,0.016174,-0.000445,-0.134006,-0.023329,0.004817,0.023536,-0.040601,0.025247,-0.012425,-0.010627,0.003393,0.031402,0.009631,0.030477,0.028455,0.043214,0.035925,-0.012246,-0.078377,-0.255952,0.048424,-0.027196,0.008326,0.012094,-0.011411,-0.018838,0.001341,-0.033894,0.017310,-0.006539,0.018831,0.053633,0.013797,-0.009645,-0.043600,-0.011602,-0.028256,0.095833,0.047526,0.009133,0.028220,-0.141934,-0.056905,-0.037079,-0.145481,0.108111,0.012250,-0.096955,-0.025108,-0.029826,-0.001064
0.054328,-0.007203,0.013257,0.005592,0.006331,-0.040784,0.033742,-0.005457,-0.021517,-0.001693,0.017538,-0.012643,0.008242,-0.000389,-0.052347,0.029151,-0.001916,-0.046765,-0.022194,-0.002468,0.017898,-0.064683,-0.003242,-0.006404,0.007945,0.002536,-0.043743,-0.015871,0.002524,0.010541,0.011749,-0.013061,0.014594,-0.002952,0.009021,-0.015836,-0.031549,0.013728,-0.044877,0.010681,0.016982,0.011374,-0.001578,0.025235,-0.011122,0.028716,0.018452,0.019898,-0.013497,0.051992,0.011430,0.003047,-0.007713,0.000445,0.013704,-0.002946,-0.002077,-0.016264,-0.004189,-0.019771,-0.019234,-0.012012,-0.007999,-0.007114,0.002920,-0.021638,0.003838,0.088112,0.001722,-0.007658,0.086498,0.003657,-0.023838,0.006516,-0.010673,-0.011292,-0.027998,-0.003481,0.006949,-0.005888,0.008369,0.014487,-0.013965,0.013687,-0.015666,-0.005403,-0.015344,-0.000994,0.010579,-0.009121,0.029954,-0.004254,-0.016081,0.017396,0.019371,0.018560,-0.039654,-0.017731,-0.007814,-0.011673,-0.004766,-0.037298,0.021733,-0.020418,0.001880,-0.000634,-0.006028,-0.003784,-0.004946,-0.010470,-0.005291,0.021268,-0.001291,1.066437,0.004926,-0.009250,-0.009173,0.022395,-0.008169,0.011880,-0.007566,0.009086,0.000658,-0.014214,0.000249,-0.025190,-0.019117,-0.036556
-0.010243,0.031443,-0.006015,-0.018593,0.001981,0.047725,-0.059551,-0.004814,-0.014170,0.040033,-0.065179,0.058416,0.013838,0.074964,0.003265,0.008217,0.000295,0.030727,-0.041211,0.014997,0.004051,0.016112,-0.013917,-0.023707,-0.032319,0.033937,-0.004883,0.033364,0.002473,0.015807,-0.018312,-0.016676,-0.051416,-0.012069,-0.114762,0.014470,-0.193278,0.095148,-0.017688,-0.001996,-0.041128,0.002925,0.011227,-0.023034,-0.057147,0.066182,0.016549,-0.013108,0.017543,0.006951,0.021315,0.026252,0.057468,0.061514,-0.026090,-0.072292,0.017814,-0.033738,0.014919,0.014631,0.017795,-0.012895,0.024722,0.025154,0.005348,-0.034505,-0.072070,0.004142,0.059248,0.059889,-0.019075,-0.016191,-0.067501,0.017496,0.023875,0.030354,-0.002811,-0.036025,0.008222,0.086757,0.031794,-0.001852,-0.033197,0.086811,-0.059973,-0.036241,-0.010352,-0.019441,0.015984,-0.032863,-0.024919,-0.007190,-0.006998,0.041602,0.016388,0.090922,-0.010446,0.034787,-0.164589,0.068850,-0.015860,0.079079,0.034671,-0.019287,0.054622,-0.002948,0.046505,0.054108,-0.089437,0.050138,0.003791,0.083625,0.004739,-0.006173,-0.013061,0.011852,0.018111,-0.003892,-0.009688,-0.004999,-0.047751,-0.121305,0.078897,-0.055870,0.075616,0.009603,0.015361,-0.105267
-0.000053,-0.028304,0.009452,0.052643,0.008288,0.008379,0.037840,0.010060,-0.000486,-0.010942,0.011759,0.010458,0.035653,-0.030269,0.009949,0.019844,-0.094532,-0.043279,-0.007228,0.054318,-0.050395,0.018598,-0.000344,0.014604,0.102552,-0.050330,0.056819,0.097063,0.041137,-0.058052,-0.148949,-0.028466,0.008121,0.037069,-0.001356,0.006192,-0.013010,0.048972,0.015314,-0.018844,-0.092059,0.011458,0.073770,0.023648,0.018598,-0.046439,0.020288,-0.014443,0.066178,0.021645,0.028548,-0.048716,-0.043125,0.114412,0.119096,-0.096195,0.070670,-0.043138,0.023643,0.027172,-0.002547,0.036210,0.036491,-0.041091,0.047202,-0.008647,0.107904,-0.019452,0.043471,-0.014304,0.014874,0.020881,0.064068,0.055602,0.041861,0.034331,0.048671,0.036751,0.006148,-0.247442,-0.008548,-0.050583,0.016553,-0.021338,0.032884,-0.010177,-0.162617,-0.062421,0.008406,0.151077,0.043126,-0.074659,-0.046944,-0.052558,0.021265,0.010000,0.085789,0.042669,-0.019757,0.116272,0.029921,0.026144,-0.001530,0.003621,0.097332,0.002420,0.001025,-0.065172,-0.018905,-0.068539,-0.003235,-0.030669,0.003833,0.005202,0.132168,-0.006473,-0.015106,0.002711,0.003417,0.009634,-0.000320,0.027108,-0.002856,0.022164,-0.010272,0.006573,-0.003427,-0.012520
0.025391,0.051760,-0.046653,0.002597,0.049797,0.001789,-0.038818,-0.018114,-0.035898,0.111505,-0.080441,0.048716,-0.043883,-0.019294,-0.018706,-0.028382,0.018505,0.044897,-0.050104,-0.020299,0.104873,0.018654,0.030193,-0.005573,-0.120375,0.014427,-0.007278,0.006417,-0.016909,0.021983,0.066015,-0.040442,0.101808,0.040946,-0.064541,-0.002027,0.033391,0.124170,0.012707,0.003621,-0.036084,-0.007695,-0.016541,-0.126461,0.025194,-0.056876,-0.011605,-0.009242,-0.000699,0.011103,0.016688,-0.068793,0.062648,0.012187,0.054986,0.013689,-0.061630,-0.028698,0.046701,-0.011359,-0.012632,-0.050058,0.040863,0.004358,0.052115,0.031674,-0.056243,0.014967,0.080328,0.074720,-0.003013,-0.058714,0.076255,-0.021692,-0.036231,-0.013209,0.034086,-0.031284,-0.039633,0.054071,0.041105,0.058468,-0.039771,0.126016,-0.004188,0.028784,0.020114,0.024872,0.007407,0.009257,-0.009217,0.000837,0.000890,0.038727,-0.010350,-0.161143,0.013916,0.006728,0.061941,-0.005811,0.000949,0.019440,-0.002813,-0.028595,0.060713,0.014930,-0.011635,-0.005764,0.050803,0.027530,0.038763,-0.099614,-0.010251,0.008890,-0.060360,0.033505,-0.010446,-0.053528,0.003709,-0.030457,-0.078900,-0.061627,-0.002408,0.040529,0.034296,-0.008973,-0.066446,0.144793
0.021499,-0.018207,-0.013618,-0.036577,-0.001405,0.049100,0.140754,0.040707,-0.019140,-0.000180,0.038124,-0.049341,0.041548,-0.004690,-0.070372,0.086733,0.028460,0.015885,0.026788,-0.042395,0.021609,-0.036642,-0.011010,-0.004147,-0.010102,0.027578,0.031160,-0.031866,0.025795,-0.000473,0.028088,0.120515,0.009430,-0.030204,-0.036959,-0.016462,-0.063593,0.039218,-0.041908,-0.054015,-0.000602,-0.024204,0.028276,0.039790,-0.008264,0.033290,-0.025542,-0.022656,-0.009250,-0.055236,-0.076876,-0.018844,-0.032331,-0.025470,-0.005773,-0.005736,0.013712,-0.016085,0.045750,0.029749,-0.020408,-0.013222,0.038315,-0.009542,0.016399,-0.006039,-0.030663,-0.072532,0.021841,-0.006999,-0.013006,-0.004386,-0.003315,0.029335,0.008833,-0.029034,0.151745,0.019905,-0.032155,-0.074909,0.041290,0.029893,0.012400,-0.003982,0.018908,0.017023,-0.068842,-0.003305,0.026710,-0.023984,-0.894670,-0.011167,-0.037387,0.028160,0.119505,0.049988,0.020153,-0.008505,-0.015058,-0.010133,-0.027276,0.096720,0.109935,0.121603,0.044160,0.160951,0.000713,-0.017487,0.045268,0.036626,-0.017107,0.033346,-0.008146,0.019701,-0.026974,-0.002806,-0.042710,0.003429,-0.023625,0.006749,0.030564,-0.027002,0.007678,-0.030708,0.000967,-0.138198,-0.002707,-0.003961
0.013102,0.016276,-0.086954,-0.031604,-0.154632,0.060464,0.014032,0.007849,-0.024763,-0.102920,0.051177,0.092257,0.049191,-0.015035,0.019146,-0.033957,0.032113,0.021373,-0.035634,0.023157,-0.022910,-0.021334,0.098705,0.003370,0.030819,-0.008984,0.027112,0.087782,-0.025450,0.000433,-0.067649,0.055042,0.058903,0.044161,-0.051271,-0.015489,-0.000696,-0.053604,0.017928,-0.063189,0.059151,-0.011417,-0.040832,-0.129462,0.074816,-0.013943,-0.007418,-0.007496,0.073419,-0.007942,-0.018319,0.012701,0.136962,-0.011732,-0.015435,-0.033688,-0.005637,0.023492,0.039482,0.006621,0.012143,-0.105779,0.022148,0.006906,0.019564,-0.018963,-0.042488,0.019798,0.074611,-0.042362,0.004981,-0.105543,0.076128,-0.031717,-0.033414,0.000701,-0.098700,0.013855,-0.026656,-0.006001,-0.052605,0.031565,-0.050975,-0.030048,0.048133,-0.074020,0.040320,-0.019193,-0.000935,-0.050217,-0.017318,-0.034126,0.004039,-0.083508,-0.040665,-0.065565,0.049676,-0.071377,0.074589,-0.047469,0.000846,0.054249,-0.017890,0.002542,-0.089625,0.021212,0.023807,0.044298,-0.028091,0.058954,0.058801,0.009188,-0.001618,-0.000630,0.011045,0.041548,-0.162145,-0.063929,0.124014,0.006082,0.008078,0.030887,0.017439,0.011097,0.066446,0.001240,0.010935,-0.065446
-0.034012,-0.034950,-0.051229,-0.005781,0.001243,0.056404,0.009397,-0.014296,0.060658,0.014552,0.038170,-0.022456,0.008907,0.017507,-0.035047,-0.027270,0.044213,-0.058518,0.043751,-0.003869,-0.057001,-0.015105,-0.155990,-0.028350,-0.033577,-0.004278,0.013932,0.039047,-0.001024,0.016873,-0.029711,-0.036555,-0.017174,0.148647,0.228744,0.050270,0.111774,0.004099,-0.005058,-0.024735,-0.188607,-0.049746,-0.008887,-0.039335,-0.012725,0.115832,0.025623,-0.039163,-0.002473,0.011106,0.054998,-0.170909,0.191305,0.082205,-0.013355,-0.062813,0.024795,-0.003927,-0.037255,-0.036715,-0.039007,0.021407,-0.001295,-0.008777,-0.085350,-0.001627,0.004840,0.023597,-0.002752,0.074628,0.057737,-0.058697,-0.031008,-0.028886,-0.027203,0.014049,-0.025709,-0.009050,-0.020872,0.062873,-0.068255,0.002641,-0.005934,-0.060774,-0.045308,-0.046511,0.006288,0.020640,0.003032,-0.048848,0.012324,-0.045064,-0.035588,-0.031269,0.042913,-0.082834,-0.003444,-0.020195,0.027066,-0.032026,0.079166,0.040039,0.060001,0.027557,0.026652,-0.068848,-0.027193,-0.029421,0.049569,0.035286,-0.064362,-0.618331,-0.008573,0.047042,-0.006315,0.057098,0.006221,-0.016776,-0.001130,-0.101787,-0.075124,-0.055408,0.049441,0.125275,-0.020986,-0.023821,0.047397,-0.006487
-0.046995,-0.017283,-0.035844,0.013959,0.014038,0.004320,0.032982,-0.017091,0.005780,-0.024204,-0.086010,-0.043659,-0.036029,0.053531,-0.050687,0.121677,0.009186,-0.022448,-0.000560,-0.002400,0.032324,-0.059267,0.069785,0.007598,0.010332,-0.021087,-0.028565,0.026618,0.056392,-0.028645,0.060678,0.011991,0.024122,-0.036180,0.088167,0.047297,0.021441,-0.053639,0.000276,0.014858,-0.009786,0.017707,0.019569,0.001522,-0.038700,0.007758,0.006279,-0.018445,0.049511,-0.019591,0.030159,0.133205,-0.014591,-0.037579,0.040885,-0.009755,-0.615538,0.001668,0.049821,0.013835,0.017288,0.040481,0.029604,0.024145,0.052105,-0.025272,0.007394,0.039127,0.057418,-0.013278,0.057008,-0.016571,-0.028151,0.010324,-0.035768,0.015794,-0.027930,-0.037424,0.042788,0.047264,0.043751,0.015438,-0.024966,-0.017055,-0.001937,0.033185,-0.074096,0.014725,-0.045034,-0.034170,0.031281,-0.026055,-0.050065,0.057663,-0.031369,-0.027503,0.019068,0.000882,-0.015633,0.009710,0.020062,-0.036413,0.081002,-0.017956,-0.013591,-0.072912,-0.013770,-0.037473,0.030830,0.029956,0.005857,0.053232,-0.004500,-0.015390,0.017213,0.005832,-0.002461,-0.002023,0.016912,0.101381,-0.000810,0.034784,0.020246,0.068162,0.032193,0.043377,-0.482645,-0.070624
-0.002568,0.037537,0.061127,0.004292,-0.027939,0.016625,0.012381,-0.006978,-0.024072,0.091103,0.061451,-0.038553,0.115149,0.027721,0.001384,-0.013143,0.018776,0.005580,-0.032188,0.007760,0.056204,0.014048,0.042373,-0.038676,0.063450,0.013330,-0.027287,0.020548,0.023221,0.001647,-0.065240,0.009623,0.032470,-0.000433,-0.010423,-0.016863,-0.046541,0.045773,-0.004215,0.007671,-0.002827,0.000373,0.033003,-0.114255,-0.032143,0.005895,-0.008327,0.020293,0.002150,-0.021902,-0.065792,0.011337,0.065084,-0.040687,-0.012836,0.039046,0.014383,-0.019211,0.052994,0.028448,-0.027439,-0.115942,0.025557,0.009546,-0.108468,0.002451,0.010083,-0.000774,-0.055866,-0.003354,0.024660,0.021643,0.022419,-0.090132,0.025218,0.021522,0.044792,0.048663,0.072973,-0.013444,-0.166530,-0.082949,0.075537,0.162438,0.042324,-0.043649,-0.046203,-0.005162,0.030104,-0.006005,0.014776,-0.018692,0.001465,0.002655,0.015879,0.056973,0.017202,0.114553,-0.011153,0.101505,0.042881,-0.024922,-0.013661,-0.003775,-0.008969,-0.042336,0.045046,0.069096,-0.014482,-0.024096,-0.015892,0.059225,0.009236,-0.015243,-0.072646,-0.021493,-0.025758,0.037403,-0.007306,0.029663,-0.031389,-0.045248,0.022590,0.008478,-0.062952,-0.037715,-0.027048,0.069986
0.006011,-0.009500,-0.002128,-0.013250,0.001802,0.045600,-0.004667,0.023100,-0.034408,-0.043357,0.038113,0.184937,-0.067580,-0.023365,0.007159,0.039804,-0.081481,-0.021354,0.030437,-0.034037,0.000359,-0.014343,0.065580,0.009001,0.009850,-0.021331,-0.034948,-0.044647,0.006827,-0.062209,-0.042992,-0.000701,0.042986,-0.121666,-0.027477,0.009270,0.035992,-0.044178,-0.017857,0.026038,-0.059498,0.012288,0.017322,-0.042211,-0.045723,0.069630,-0.040905,0.002616,0.052896,-0.033029,0.010484,-0.070849,-0.122578,0.128785,-0.004911,-0.003591,0.173894,0.009475,0.009783,0.012826,0.018593,0.071244,0.009275,-0.027226,-0.001634,-0.019021,0.007816,0.018250,0.028701,-0.038514,0.013810,-0.028244,0.017119,-0.016806,0.016149,0.013801,0.027000,0.073967,0.043589,0.137230,-0.006820,-0.016932,-0.031799,0.037948,-0.008034,0.047035,-0.067429,0.061064,0.000394,0.041256,0.048172,-0.001237,0.029739,-0.027118,0.057543,0.003610,-0.039055,-0.021189,-0.021988,0.026776,-0.004180,0.028493,0.014672,-0.027399,-0.031041,-0.035890,0.031780,-0.018023,0.045899,-0.011484,0.044879,0.086814,-0.008447,-0.024129,-0.010980,-0.016587,-0.040263,0.035095,-0.015789,-0.023690,0.000955,-0.004516,-0.005779,-0.037589,-0.004157,-0.015008,0.162178,0.010037
-0.054477,0.007609,-0.020915,-0.022619,-0.018498,-0.074635,0.406574,0.035454,0.044587,-0.010024,0.032107,-0.006803,-0.005063,0.042106,-0.082905,-0.048832,-0.002746,-0.016902,0.006639,0.009530,0.036822,0.026383,-0.009793,-0.001074,-0.041324,0.334948,0.077405,0.002601,-0.065219,0.006266,-0.054873,-0.031727,-0.028539,-0.004702,-0.021950,-0.021354,0.017360,0.030570,-0.123270,-0.023364,0.042849,0.172438,-0.065447,-0.037010,0.014062,-0.032869,0.119222,-0.086212,-0.003236,0.122903,-0.159130,0.007166,0.072812,0.029953,0.024247,0.014114,-0.013036,0.021912,0.048962,-0.004451,0.024184,-0.004387,-0.019374,0.021165,-0.010900,-0.018425,-0.001072,0.086697,-0.019754,0.001063,0.061043,0.001842,0.026253,0.004378,-0.020275,-0.023430,0.050816,-0.002177,-0.015969,-0.005521,-0.005299,0.014501,0.013803,0.000685,0.019068,-0.056787,-0.016071,0.069491,-0.105999,-0.138111,0.144501,0.009208,-0.007943,-0.013595,0.311779,-0.050933,-0.047357,-0.021471,-0.008788,-0.025040,-0.083484,-0.024025,0.076460,0.080390,-0.013684,0.300209,-0.019157,0.002939,-0.043337,0.002090,-0.004074,-0.026994,0.006212,-0.043872,0.012033,0.002480,0.010758,0.010519,-0.018600,0.012218,-0.043974,-0.018792,0.040649,-0.000196,-0.003786,0.075476,-0.007526,0.027867
0.052342,0.003071,-0.002770,0.012409,0.036457,0.007200,0.204574,-0.031929,0.005951,0.020331,0.006827,-0.009514,-0.013204,-0.028597,0.089411,-0.036372,-0.004373,-0.039230,0.000740,-0.004227,0.061696,-0.062305,0.011874,0.017159,0.011189,0.241198,0.079121,-0.004874,-0.005061,0.005499,0.011073,-0.020174,0.000013,-0.015018,-0.058584,0.005103,-0.007688,0.016083,0.028439,0.017221,0.020076,0.308465,-0.009722,0.034080,0.014255,-0.025386,0.310805,-0.186547,-0.013070,-0.017448,-0.135287,-0.004484,0.021521,-0.000888,0.026061,-0.029255,0.034374,0.002299,-0.043948,-0.014893,0.164715,-0.033423,0.038047,0.000782,0.008375,0.025237,0.018585,-0.004667,-0.004553,0.029471,0.295171,-0.003821,0.055182,0.000736,0.026500,-0.010090,0.000373,0.001549,-0.015010,-0.020212,0.004627,0.000016,-0.001897,-0.024334,0.010725,0.060501,0.086916,-0.025842,0.061411,-0.038068,0.054955,-0.006288,-0.007942,-0.007251,0.004682,0.020422,-0.025633,0.008618,-0.023388,0.076430,-0.133277,-0.018093,-0.207435,-0.196621,0.001378,-0.017291,-0.005907,0.000462,0.006329,0.001925,-0.002195,0.006463,-0.000370,-0.023635,0.012057,0.001811,0.029430,-0.006016,-0.005386,0.007003,0.019613,-0.011718,-0.024419,-0.031002,-0.005778,0.147742,0.016594,-0.007699
-0.032734,-0.038383,0.113601,0.037134,0.100265,-0.033072,0.060803,0.014453,-0.032998,-0.062666,-0.018817,-0.069826,0.015368,-0.034498,-0.013926,0.032742,0.023125,0.007266,-0.005063,0.061172,0.015331,0.005027,-0.019857,0.068194,-0.071157,0.003911,-0.002124,0.044651,0.068021,-0.064810,-0.080134,0.003426,-0.107948,-0.018284,-0.048258,0.035917,-0.108696,-0.007276,-0.010235,0.043589,-0.032274,-0.012030,0.068626,-0.013338,-0.040250,0.070614,-0.006436,-0.007893,0.011481,-0.012680,0.037754,0.017565,-0.086261,-0.035402,-0.012179,0.030776,-0.011890,0.035529,-0.011934,-0.026688,-0.015905,0.003293,0.036691,-0.004077,0.047459,0.131232,0.070024,-0.050952,-0.070164,-0.046400,-0.016043,0.092104,0.094186,0.040332,-0.041155,0.022334,0.039477,-0.028242,0.074182,0.071215,-0.021372,0.020422,0.122910,-0.039881,-0.070658,-0.056353,-0.042532,-0.093215,-0.002882,0.027033,-0.003989,0.067209,0.046579,0.035929,0.030496,-0.045122,0.116398,0.013566,-0.016909,-0.044659,0.030336,-0.060437,-0.001648,-0.019860,-0.011144,-0.026852,-0.069676,-0.036015,-0.015496,-0.052342,-0.018696,0.007858,0.000685,-0.008946,0.013238,0.083221,0.024138,0.002962,0.045266,-0.010810,0.013726,-0.001865,-0.048994,-0.072102,-0.019622,0.018256,-0.022570,0.066368
-0.025657,-0.008956,0.025462,-0.015341,0.055658,0.035574,0.043682,0.016189,0.005552,-0.087457,0.020237,0.024820,-0.045291,-0.130335,-0.011213,0.021631,-0.015836,0.005250,-0.059816,-0.082282,-0.042988,0.022009,0.006230,-0.004760,0.048353,0.029649,-0.008700,0.005062,0.009340,-0.115549,0.041320,-0.020088,-0.008449,0.072083,0.034006,0.029508,0.003771,-0.028254,0.004253,0.071605,0.023386,-0.008848,0.011414,-0.037601,0.024973,-0.056932,-0.006963,0.022453,-0.033802,0.011181,0.036884,-0.046260,0.029308,0.031571,0.028312,0.012573,0.004760,0.015512,-0.043968,-0.035302,-0.003205,0.063789,0.016241,-0.008095,0.022112,-0.012648,0.043330,-0.014073,-0.011190,-0.024317,-0.004001,-0.053254,-0.070452,0.103426,-0.014025,-0.007430,-0.021943,-0.013053,-0.064279,-0.037761,-0.007177,-0.006324,-0.022280,0.045249,0.011505,0.066014,-0.047095,-0.076999,0.009800,0.008846,-0.022162,-0.022522,0.050066,0.011843,0.009207,0.022487,0.000447,-0.032214,0.057566,0.032120,0.008977,-0.036199,0.013928,-0.015001,0.088731,0.011724,-0.053923,-0.074623,0.037874,-0.026709,0.058576,0.024533,-0.006909,0.000104,0.027470,-0.153728,0.045851,-0.008064,-0.074286,-0.045729,-0.003017,-0.029446,-0.068092,-0.023137,-0.022773,-0.007281,-0.006647,-0.055266
-0.020174,-0.064253,-0.073692,-0.039409,-0.018911,-0.030240,-0.029436,0.002013,0.046077,-0.020909,-0.037736,-0.034328,-0.025981,0.040623,0.028492,-0.015021,0.029381,0.015869,0.014101,-0.045372,0.011872,-0.015820,0.041309,0.014189,-0.033871,-0.000971,-0.034129,-0.018479,-0.039311,-0.115796,-0.017984,0.051099,-0.066784,0.073994,-0.014267,-0.004180,0.011897,-0.023550,0.001289,0.012608,0.069233,-0.012294,-0.017619,-0.118956,-0.021652,-0.004677,-0.008329,0.005189,0.011783,0.007300,0.021671,-0.125363,-0.040435,0.032063,0.009418,-0.039374,0.012171,0.030276,0.012561,0.036105,0.032179,0.005364,-0.043944,0.010584,0.002530,0.030562,-0.057065,-0.020301,0.017011,-0.066682,0.013472,-0.075353,0.058845,-0.007524,0.097244,0.037380,0.015948,0.012937,-0.117405,-0.065447,-0.060200,0.001883,-0.008647,-0.006663,0.011533,-0.108539,0.085876,0.063005,-0.003277,0.025530,-0.032565,-0.005718,0.057686,-0.017920,-0.002780,-0.039616,-0.039674,-0.015183,0.005976,-0.148223,-0.028008,-0.004113,0.003737,-0.008186,0.010873,0.002648,0.012796,0.054476,-0.062352,0.004636,0.109964,-0.011109,-0.002019,0.014663,0.012668,-0.017257,-0.006652,0.003130,-0.017913,-0.079443,0.038257,-0.014584,0.028043,0.048753,-0.025599,-0.005681,-0.063330,-0.033131
0.032968,-0.052590,-0.020735,0.024216,-0.021087,0.011617,0.033091,0.020094,-0.010790,-0.030656,0.159192,0.099129,-0.042561,-0.012486,-0.005211,0.042329,-0.027678,-0.033684,-0.059635,0.067193,0.025052,-0.053131,0.003042,-0.022539,0.000907,-0.076841,0.015616,0.061927,0.005245,-0.015691,-0.063621,0.059797,0.008111,0.056586,-0.044762,-0.050282,0.054107,0.015451,0.023009,0.021193,-0.033920,0.017163,0.029967,-0.035594,-0.026845,-0.020303,-0.002233,-0.013805,0.022913,0.031242,-0.006859,-0.068989,-0.189772,-0.044797,-0.037235,0.016314,0.042581,-0.015531,0.015085,0.107852,0.042185,0.028332,-0.123278,-0.022413,-0.087053,0.021978,0.007315,0.005719,-0.021839,0.001431,0.009615,-0.048879,0.068807,-0.031528,-0.062830,0.038082,-0.114468,-0.030168,0.034050,-0.032136,-0.097456,-0.066084,-0.036148,-0.002867,0.053976,-0.002681,0.056364,0.011210,0.043723,-0.000217,-0.008868,0.036895,0.024440,0.026653,0.009846,0.029899,0.021360,-0.054079,0.063353,-0.056249,-0.083707,0.027892,-0.029128,0.021713,-0.076281,0.009156,-0.048173,-0.048253,0.006935,-0.025989,-0.077015,-0.053674,-0.002443,-0.032490,-0.039914,0.029480,-0.023690,-0.004588,0.013201,-0.028858,-0.032684,0.032366,0.044462,0.069429,-0.064553,-0.134861,-0.018897,0.045329
0.008350,-0.033453,0.014767,0.005383,0.074189,-0.021677,-0.000493,0.016310,-0.035759,0.012488,-0.007639,0.004392,0.121511,0.035234,0.012709,-0.046306,0.093899,0.013438,0.026027,0.048853,0.048945,0.005889,-0.001480,-0.018029,0.062743,-0.054661,-0.014205,0.064402,-0.059437,0.046025,-0.064882,-0.029635,0.023117,0.082584,-0.027484,-0.086860,0.079501,0.007872,0.030006,0.128991,0.031531,-0.013633,-0.058956,-0.011490,0.034667,0.049802,-0.003740,0.001313,0.043191,-0.001829,0.014601,0.048311,-0.132240,0.101218,0.018528,0.022351,-0.030489,-0.036689,0.002438,0.031287,-0.004100,-0.059924,-0.150114,-0.020246,-0.060173,-0.015858,0.029673,0.071042,-0.065876,0.015302,0.032193,-0.060767,0.033841,-0.006148,-0.014819,0.031528,-0.037376,0.060613,0.031393,-0.040609,-0.125249,0.026247,-0.045524,-0.025110,-0.015907,-0.019379,0.070202,0.047148,0.038094,0.013689,-0.005176,0.025229,0.008148,0.040412,0.027304,0.018049,-0.209840,-0.050498,0.055027,-0.088104,0.015115,-0.086917,-0.054167,0.004559,-0.047457,-0.017293,-0.034059,-0.003913,0.002522,0.025681,-0.048436,0.044059,-0.010066,-0.009049,-0.016159,0.030189,-0.002694,-0.031514,0.082545,-0.005940,0.012141,-0.042558,0.024188,0.147294,-0.010553,-0.051134,-0.114281,-0.032580
0.029942,0.008156,-0.069079,-0.023104,-0.020540,0.043632,0.042997,0.000531,0.015216,-0.014353,0.037224,-0.002265,-0.032901,-0.027007,0.023768,-0.004901,-0.004788,0.012791,0.067899,-0.008756,-0.005274,0.050534,0.035214,0.016179,-0.027017,-0.023048,-0.026510,0.021146,0.011904,0.010563,0.007380,0.002019,0.001293,0.010347,0.097206,0.018281,0.026749,-0.002164,0.000531,-0.015274,0.022412,-0.003439,-0.018021,0.029022,-0.017426,-0.014721,-0.101340,0.017711,-0.028990,0.012413,0.065670,-0.033541,-0.082157,0.017366,0.036444,0.033993,-0.015778,0.127356,-0.028180,0.004407,0.046565,-0.766399,0.003271,-0.026735,0.001086,-0.016755,-0.037172,-0.027860,0.045820,-0.016756,0.001548,-0.007529,-0.016594,0.025183,0.047333,0.040935,-0.008383,0.042954,-0.040963,0.013328,0.040855,0.028459,-0.017568,0.003997,0.012173,0.082541,-0.031032,-0.070783,0.021073,0.028219,0.008389,0.017717,0.001518,0.024128,0.016594,-0.009295,-0.043627,-0.040743,-0.032218,0.032587,0.055350,-0.036495,-0.012599,0.026218,0.022279,-0.023671,0.003979,-0.039604,-0.044123,0.024152,0.009742,0.047459,0.002955,0.012082,0.026728,0.003838,0.000868,0.006377,-0.036637,-0.018587,-0.023926,0.031594,-0.024957,0.028512,0.021058,-0.029272,-0.005204,-0.048531
0.000265,0.124820,-0.030595,0.020581,-0.036736,0.008019,-0.000562,-0.007859,-0.048584,-0.033380,-0.037802,-0.048206,0.056868,0.000977,-0.020631,0.020392,0.023920,0.039654,-0.019305,0.056455,0.021102,0.031488,0.044088,0.002798,-0.015162,0.006486,0.003116,0.073152,-0.029696,0.137085,0.018523,0.015927,-0.002283,-0.098477,0.032347,0.021891,-0.039733,0.075803,0.023156,0.014169,0.014867,-0.000809,-0.025698,-0.009831,0.146665,0.030924,-0.000188,0.008549,-0.054507,0.013778,0.041099,-0.062079,-0.046287,0.047671,0.035507,-0.050556,0.026018,-0.030519,-0.001776,0.083622,0.018730,0.048996,0.045674,0.022287,0.037881,0.057841,0.009418,-0.023168,-0.021717,0.133372,-0.028487,0.052896,0.005038,0.030183,0.141919,0.017436,-0.086211,0.126355,0.002445,0.038203,-0.003083,0.034420,0.038383,0.027486,0.054393,0.024112,0.052673,0.017310,-0.008879,0.019751,-0.033087,-0.004938,0.015182,0.064968,-0.001597,0.037365,0.008614,0.027663,-0.093659,0.051810,-0.010548,-0.009964,-0.002283,-0.015102,0.017238,-0.020819,0.089959,-0.024756,-0.019862,0.063351,-0.017575,0.032680,0.005298,0.008802,0.034375,0.014318,0.017416,0.061582,0.044956,0.019679,0.028794,-0.196243,0.051940,0.009458,0.080780,0.038780,-0.057446,0.085326
0.024503,-0.009485,0.062419,-0.041654,-0.029821,0.025272,-0.070554,-0.018462,-0.030306,-0.025245,-0.070583,0.072138,-0.009107,0.039434,0.006017,0.014218,-0.027736,0.022458,-0.011738,0.008231,0.041632,-0.006720,0.017636,-0.011488,0.017536,0.031101,0.065527,0.017618,0.036542,0.003545,-0.123358,0.019883,-0.124619,-0.020895,0.052857,-0.008019,-0.109522,0.042810,0.005162,0.010483,-0.003003,0.013067,0.005380,0.016922,0.032219,0.024094,0.062093,0.016021,0.096941,0.027296,0.034456,0.078806,0.028570,0.111910,0.082164,-0.015069,0.080680,0.038044,0.051993,0.016285,-0.005564,-0.041412,-0.017403,-0.014586,0.016863,-0.015807,-0.081073,-0.038123,0.062170,-0.039375,0.013568,-0.019910,0.021940,-0.042490,0.010265,0.021327,-0.013639,-0.063738,0.008802,0.022076,0.020416,-0.023275,-0.078732,0.033700,-0.019444,-0.047442,0.029682,0.036811,-0.027488,0.080022,-0.044923,0.020755,-0.002712,-0.007310,-0.026054,-0.015954,0.074787,-0.009898,-0.022056,-0.002973,-0.003974,0.039195,-0.006156,0.022671,0.041484,0.034879,0.022127,0.005241,0.005539,-0.032300,0.105424,-0.049367,-0.000530,-0.002208,-0.070025,0.053971,0.041730,-0.077367,0.047233,0.002131,-0.061886,-0.013690,0.025092,0.008681,0.047601,0.033045,0.043748,-0.070026
-0.046250,-0.026070,0.041722,0.029224,-0.025408,0.024819,0.048167,-0.005565,0.040266,0.040182,0.000774,-0.013242,-0.008644,0.012949,0.026591,0.011785,0.017435,-0.028941,-0.009569,0.001083,-0.003170,0.023530,0.001328,-0.048697,0.074677,0.023852,-0.037660,-0.021079,0.029412,0.003030,0.077593,0.052616,0.017812,0.025212,0.052902,-0.024944,0.004930,0.038336,0.026959,0.046687,0.013628,-0.016919,0.019570,0.079087,-0.017333,-0.012648,0.034933,0.025016,0.047060,0.026299,-0.015076,-0.003539,0.022136,0.004522,0.026703,-0.012071,0.013393,-0.015440,-0.442926,0.029867,-0.077007,-0.005253,-0.005362,-0.020029,0.039690,-0.034663,0.025482,-0.008311,0.022660,-0.004380,0.023510,0.009844,0.156476,0.009320,-0.017924,0.016357,-0.101717,-0.014483,0.032455,-0.016562,0.029540,0.003916,0.022069,0.009720,-0.039137,0.082290,-0.063899,0.009350,0.010510,-0.032065,-0.010581,-0.013774,0.004223,0.008913,-0.029928,0.004247,0.012624,0.029752,0.019343,0.015249,-0.002549,0.029891,0.073615,-0.000375,0.080219,0.010877,0.003689,0.001414,0.005548,-0.008316,0.049675,0.031564,-0.007484,-0.011296,0.012168,-0.024321,0.037958,0.112264,-0.015243,-0.007222,0.006319,0.020333,0.015310,-0.012861,0.031195,-0.018735,0.022592,-0.072190
0.016117,0.024270,-0.031452,0.000717,0.014176,-0.052976,0.028508,-0.025985,-0.010628,-0.039780,-0.081419,-0.134705,-0.036614,-0.016175,0.005551,0.128223,0.049391,-0.004440,0.026129,-0.011485,0.032829,-0.061938,0.049458,0.042096,-0.159942,-0.043320,-0.020961,0.080417,0.088540,-0.002289,0.042950,0.058442,-0.014770,-0.037324,-0.022990,0.028995,0.020786,-0.015478,0.026619,0.000611,-0.021407,-0.023496,0.111833,0.031094,-0.019604,0.049076,-0.051649,-0.003233,-0.038700,0.002722,0.025668,0.025926,0.044011,-0.009087,0.073253,0.056537,-0.067707,0.034703,0.030823,-0.005486,0.010921,0.000534,0.005316,-0.005511,0.010429,0.029284,-0.024988,-0.014188,-0.029166,0.005843,0.007011,0.016120,0.027776,-0.032392,-0.039684,0.009709,-0.078288,-0.026958,0.026674,-0.619530,-0.000972,0.038336,0.006053,0.034390,-0.017618,-0.042372,-0.055298,0.016402,0.014362,0.014277,0.012936,0.028955,-0.005572,0.005542,-0.029159,-0.075708,-0.031443,-0.018097,-0.075230,0.025322,0.005605,0.029963,0.023605,-0.017653,0.016811,-0.016865,-0.033796,-0.002259,-0.020940,0.085124,-0.025001,-0.042987,-0.004390,-0.038406,-0.002018,0.020259,-0.046695,-0.057521,0.031964,0.028977,-0.014331,0.002866,0.001673,0.029146,0.007406,0.040568,-0.003292,0.010414
-0.029411,0.077109,-0.008878,0.043707,0.045525,0.018223,-0.053039,-0.013847,0.002720,0.016271,0.019145,0.036671,-0.026848,0.020537,-0.094619,-0.008819,-0.014685,-0.958347,0.017575,0.012394,-0.022039,-0.089931,0.004877,-0.028310,0.045541,0.038795,0.083386,0.004633,0.026485,-0.023980,0.019341,0.038412,0.009364,0.048638,-0.009296,0.109804,0.030478,-0.041854,0.062095,0.010896,-0.026474,0.061239,0.037457,0.002742,0.007475,-0.005747,0.034092,0.049222,0.040783,0.122320,-0.079168,0.002994,0.011524,-0.032638,-0.055241,-0.012835,-0.038670,-0.007080,-0.012808,0.014198,0.063131,-0.048487,0.029016,0.069665,-0.005876,-0.035210,-0.016536,-0.029477,0.019155,0.046468,-0.121980,-0.044937,-0.000602,0.016563,0.041578,0.023894,0.057866,-0.011886,0.055147,-0.008775,0.016793,-0.018548,-0.041327,0.053408,-0.006637,-0.004566,0.090575,0.003414,-0.028214,0.057874,-0.032205,-0.014749,-0.016618,-0.056436,0.150714,-0.005250,0.003108,0.010473,0.039563,0.016966,-0.006372,0.032423,-0.010887,0.082597,-0.000979,-0.119525,0.089644,0.003712,0.023855,-0.010560,0.024651,0.031102,0.000629,-0.026340,-0.001305,-0.002158,0.005501,-0.126855,0.008169,-0.016223,0.093971,0.024964,0.028654,-0.000333,-0.026195,-0.019698,-0.026909,0.003236
-0.065096,0.035083,0.020561,0.008962,-0.028902,-0.031729,0.049836,-0.028174,0.239769,-0.008823,0.014703,-0.016872,-0.003335,0.045698,-0.002813,0.028187,-0.002244,-0.040331,0.041930,0.001147,-0.035792,-0.034515,0.012172,0.088370,0.015825,-0.026450,0.017208,0.045636,-0.032925,-0.013423,0.014192,0.044285,0.018701,0.042457,0.084705,0.174101,0.006257,-0.004583,0.137888,-0.052952,0.257644,0.094257,-0.034407,-0.010215,-0.001713,0.082723,0.020185,0.012133,0.000485,0.028761,-0.013636,0.041146,0.005806,-0.022684,-0.039489,-0.000236,0.001045,0.005500,-0.021813,0.001644,-0.033278,0.041791,-0.000981,0.049787,0.000664,0.075911,0.006852,0.007775,-0.031944,0.012504,-0.043749,0.019876,-0.021498,0.007084,0.066974,0.088948,-0.068583,0.051955,0.014092,-0.012477,-0.013505,0.001962,0.033695,0.049923,-0.032592,-0.009702,-0.150418,-0.002883,-0.127403,-0.012197,-0.071958,0.009255,0.043559,-0.051371,-0.093304,0.002745,0.021590,0.018131,0.012631,-0.014965,-0.013446,0.042950,-0.037928,0.096298,0.010273,-0.038340,0.043923,-0.011066,0.036445,-0.011667,0.008614,-0.039281,-0.000670,0.004756,0.031708,0.010538,0.014632,0.003401,-0.008004,0.025121,-0.887586,0.051625,-0.011602,-0.024289,-0.007990,-0.018689,0.031981,0.016203
-0.085927,-0.182127,-0.054144,0.012206,-0.032586,-0.007816,-0.482380,0.007587,0.051882,-0.082842,0.012646,-0.009329,-0.049955,0.028241,0.186100,-0.116471,-0.011695,-0.011716,0.006658,-0.030206,-0.014349,-0.030879,-0.042412,0.112222,-0.036300,0.300961,-0.026687,0.009641,-0.098498,-0.117234,-0.025448,-0.034509,0.022353,0.002067,-0.050303,-0.023572,0.031792,-0.007386,-0.128149,-0.022872,0.043448,0.057896,-0.108628,-0.008421,-0.147286,0.007275,-0.014719,0.033080,0.048922,-0.002226,-0.035816,-0.008308,-0.024004,-0.012022,0.006789,0.120930,-0.013021,0.061173,-0.016032,0.002925,0.030129,0.030838,-0.061463,0.032528,-0.025055,0.099187,-0.018160,0.008055,0.027128,-0.176205,-0.031625,-0.038693,0.074913,0.021048,-0.100094,0.004565,-0.097925,-0.050719,0.022152,-0.029962,-0.012509,0.010636,0.015326,-0.038706,0.023134,-0.043413,0.105028,0.100186,0.002668,-0.020441,-0.099715,0.120745,-0.040912,-0.041946,0.072267,-0.003745,0.042614,0.015046,-0.013994,0.526749,-0.025839,-0.013559,0.075568,-0.068354,-0.002572,-0.001915,-0.200113,-0.181700,0.001543,0.038299,-0.045020,-0.026918,-0.003478,0.062902,0.015951,0.054419,-0.033288,0.040236,-0.003980,-0.004481,-0.056458,0.027557,0.045704,0.034123,-0.051157,-0.000465,-0.004500,0.031006
-0.009297,0.024093,0.027221,0.013348,-0.061562,0.013813,-0.045046,1.023351,-0.029905,0.010199,-0.005049,-0.026594,0.006950,0.003047,0.011442,-0.074203,0.015104,0.018362,-0.008743,0.014826,0.080693,-0.001582,0.004175,0.014197,0.044078,0.030309,-0.024540,0.037531,0.019547,-0.004557,0.000906,0.040901,-0.003526,0.027251,0.080304,0.006965,0.009255,-0.014068,0.040983,-0.001579,-0.084688,0.014954,0.020843,-0.018113,-0.006167,-0.025045,0.015757,-0.060577,0.013374,-0.013633,-0.012786,-0.011751,0.050932,-0.002196,-0.016751,-0.002513,-0.040082,-0.018401,-0.048105,-0.004950,-0.012041,-0.010571,-0.019589,0.060966,-0.009888,0.025131,0.013657,0.020085,-0.011945,0.001903,0.022025,0.026216,0.000818,-0.010903,-0.002136,0.055616,-0.035499,0.001132,0.017913,0.001564,-0.029790,-0.022404,0.010383,0.025302,-0.008483,-0.016250,-0.021728,-0.034425,-0.002859,0.026441,-0.048897,-0.002772,-0.000875,-0.035527,-0.039153,0.008166,0.022138,0.014304,0.021190,0.001947,-0.048906,0.037195,-0.046083,0.012183,0.041817,0.037538,0.029817,-0.003977,0.021580,-0.017172,0.019138,-0.009184,-0.004835,0.012267,0.003353,-0.000973,0.014905,-0.007604,0.020165,-0.028191,0.012738,0.000998,-0.011395,0.034265,-0.012506,0.087699,-0.009700,0.025567
-0.003420,0.011007,-0.012906,0.007060,0.076515,-0.017141,-0.069964,-0.037854,-0.035154,0.034540,0.058493,0.039996,-0.011289,-0.014541,-0.002737,-0.034197,-0.024596,0.022363,-0.005243,0.050942,0.019144,-0.055643,0.042849,0.033395,0.036804,0.006726,0.063513,-0.027449,0.006034,0.014900,-0.038773,0.007198,-0.014307,-0.025242,0.005645,-0.023022,0.004174,0.071281,0.035391,-0.781308,-0.048743,0.024377,-0.000744,-0.048440,-0.004041,0.054759,-0.021981,-0.040264,0.005438,0.000085,0.010542,0.043481,-0.001449,0.017354,0.056494,0.040632,-0.002055,0.015672,-0.041550,0.033214,-0.003033,0.016051,0.040222,0.017820,-0.014456,-0.051665,-0.087967,0.031421,-0.002500,0.064144,-0.003415,-0.053049,-0.056494,-0.017780,-0.017084,-0.022181,-0.000320,0.003161,0.021450,-0.050851,-0.021619,0.012184,-0.052276,-0.000335,-0.006243,0.014757,0.036732,-0.061636,0.045538,0.115672,-0.017937,0.020544,0.035810,0.034642,-0.009166,-0.051810,0.058432,0.014810,-0.031254,-0.060457,0.013527,-0.036743,-0.037462,0.000341,0.093931,0.002453,0.010242,0.004997,-0.014819,0.080792,0.023973,0.013587,-0.008325,0.011942,0.018689,0.020162,-0.016691,-0.006408,-0.015957,0.005355,0.046596,-0.033385,-0.020565,-0.068651,0.021423,0.034792,-0.025124,-0.001384
0.021335,0.029926,0.093682,0.017779,0.038007,0.006347,-0.009126,-0.014840,0.031873,-0.141026,0.060223,0.147931,-0.010817,0.002794,0.010870,-0.023622,-0.056148,-0.008422,-0.019764,-0.014682,0.031803,-0.007566,0.065301,0.030730,0.104905,0.004036,0.009673,0.067431,-0.000622,0.025285,-0.196537,0.040544,0.017148,-0.066276,0.054322,-0.002796,0.051875,0.050651,0.012132,-0.081361,0.032312,0.020505,-0.007227,-0.136631,-0.067738,-0.031564,0.038512,-0.008874,0.002148,0.028888,0.014060,0.024760,0.031728,0.003543,0.238194,0.106263,-0.008654,0.015299,-0.061707,0.049168,-0.017125,-0.029783,0.039404,-0.016164,0.032906,0.022119,0.033391,0.003589,-0.044024,0.078856,0.024965,0.004409,-0.039675,-0.040627,-0.000995,0.031971,-0.000847,-0.008353,-0.010511,-0.143930,-0.054917,0.092824,0.072413,-0.080693,-0.060499,0.013432,0.011777,0.024651,0.001385,0.205912,-0.050327,0.093262,0.024042,-0.025681,-0.005138,0.054584,0.055729,0.010176,0.031201,-0.033320,-0.003709,0.053987,-0.019462,0.015219,-0.008745,0.023458,-0.056170,0.143041,-0.026324,-0.058773,0.081991,-0.010731,-0.011059,0.006106,0.039558,-0.037856,-0.048768,-0.019242,0.090516,-0.005365,0.016520,-0.030431,-0.017685,0.095954,0.044288,0.003701,-0.037376,-0.055586
0.032592,0.028149,-0.023073,-0.040920,0.089200,-0.008312,0.016110,-0.014600,-0.010021,-0.010745,-0.019990,0.007720,-0.058389,-0.042917,0.009482,0.026742,0.006161,0.006802,-0.050682,-0.036425,-0.090395,0.016455,-0.024658,0.043480,-0.000141,0.008598,-0.018304,0.011479,0.037670,0.001811,0.044052,0.015935,-0.058093,0.032364,-0.046099,0.023574,0.037195,0.075687,-0.000068,-0.006603,0.031023,-0.001230,0.030508,-0.046358,-0.014950,-0.062957,-0.016494,-0.019476,-0.002354,0.014055,0.019220,-0.030036,-0.081242,-0.006742,0.048562,0.085009,-0.002729,-0.041728,-0.054445,-0.050013,0.039677,0.054080,0.088195,0.031238,-0.051106,-0.018971,-0.095274,0.002739,-0.019034,0.025482,-0.007465,-0.014533,-0.056265,-0.018515,-0.031946,0.000902,0.030674,-0.017593,-0.066403,0.337181,-0.066945,-0.000990,-0.028813,0.005441,-0.085951,-0.050055,-0.016467,-0.003683,0.030476,0.070633,-0.012164,0.038114,0.028591,0.020954,0.009144,-0.008542,0.014966,-0.058701,0.017627,-0.017032,-0.018722,-0.019736,0.022165,-0.001368,0.035996,-0.016167,0.002556,0.063277,0.010386,0.024388,0.018398,-0.013835,0.002157,-0.006515,-0.202111,-0.051822,-0.011194,0.014001,0.074711,-0.014592,-0.051440,0.014750,-0.018271,0.081620,-0.039934,0.016888,-0.022938,-0.033586
0.000557,0.001674,0.022804,0.005632,-0.075022,-0.661079,-0.032789,-0.053983,0.002539,0.000010,0.201606,-0.031708,0.037265,0.011082,-0.000637,-0.000478,0.002495,-0.009838,0.043825,0.024173,0.089376,0.016553,0.029881,0.023824,-0.011367,0.037678,0.083549,-0.008999,0.050471,0.005359,0.035219,0.090232,-0.049747,-0.097895,-0.000121,-0.059758,-0.067560,-0.014802,0.011064,0.005530,-0.022106,0.001484,0.036182,0.023717,-0.002342,0.052427,0.007578,-0.007803,-0.003485,0.014428,0.006592,-0.005332,0.076985,-0.021474,0.026334,0.060409,0.018003,0.023049,0.032350,0.025454,0.035557,0.004290,-0.024199,0.003699,0.025181,0.029652,0.011321,-0.061670,-0.025911,-0.021996,0.037352,0.037928,0.045706,0.002566,0.019087,0.008328,-0.159737,0.025717,0.011746,0.130775,0.006166,0.006729,0.013493,0.002758,0.002263,-0.009938,0.071459,-0.042251,0.002067,0.053824,-0.068924,0.013873,-0.022211,-0.014459,-0.030008,-0.008525,-0.040223,-0.035773,-0.015062,-0.047119,0.000547,0.023646,0.011931,0.002353,0.057842,-0.007020,-0.030246,-0.005034,0.071341,-0.005759,-0.008847,0.019090,-0.004174,-0.000081,0.021450,-0.001529,0.013822,-0.040767,0.021921,-0.019113,0.017690,0.016948,-0.021355,0.047455,-0.014829,0.006153,0.047828,0.003870
0.009422,0.013770,0.011978,0.018583,-0.006644,-0.028857,0.023070,-0.024673,-0.024567,-0.014105,0.012110,0.001545,-0.004328,0.011650,-0.123312,0.042098,0.015181,-0.116058,0.001446,0.003644,0.084289,-0.055267,-0.001948,0.019138,-0.008083,-0.185621,-0.089731,0.019701,-0.059393,-0.014993,-0.004812,0.050429,-0.006003,0.000446,-0.003620,-0.066720,-0.002306,0.014173,0.322676,0.039072,-0.020326,0.412735,-0.078700,-0.002859,-0.014070,-0.013938,0.083445,0.020248,-0.005318,-0.138378,0.216344,0.002897,-0.058186,0.016672,0.014356,0.009345,0.002231,-0.007970,0.017717,0.013360,-0.162468,-0.015128,-0.012317,-0.187167,-0.003897,0.059724,0.011210,0.050459,-0.005147,-0.005752,-0.295785,-0.003163,-0.103018,-0.012379,-0.007432,-0.004991,0.004082,-0.008295,0.014865,0.027774,-0.003641,0.006866,0.002251,0.005092,-0.017649,-0.036246,0.135705,0.010028,0.393020,-0.063074,-0.016740,0.006025,0.001607,-0.010872,-0.083918,0.002061,0.010899,0.014459,0.020448,0.059233,0.094569,0.040788,0.285016,-0.228744,0.004490,0.316506,0.002711,-0.008961,0.013874,0.010767,0.014860,-0.047069,-0.002006,-0.007498,0.002364,-0.013258,-0.035201,0.263129,0.009839,0.001011,-0.017823,0.017204,0.019218,-0.005056,0.000418,0.172460,0.003531,0.078805
0.028957,0.014074,0.020931,0.012902,0.028887,0.045987,-0.036954,0.005989,-0.008971,0.014576,-0.002196,-0.009859,0.005215,0.008489,-0.099903,-0.066580,0.012854,0.153328,-0.014058,0.004486,-0.045250,-0.924634,0.005147,-0.029669,0.025329,0.104188,-0.004600,0.024716,0.028576,0.016296,0.043331,0.007628,0.015204,-0.002513,0.017703,-0.167193,0.009499,-0.007063,0.069094,0.059217,-0.017097,-0.043819,0.031190,0.003591,0.034660,-0.014821,0.032719,0.098551,-0.014760,0.146400,0.003066,-0.035057,0.019075,0.004525,0.001025,0.013039,0.004130,-0.002449,0.016147,-0.002079,0.343430,0.012983,0.033072,0.016268,0.005916,-0.029478,0.017656,-0.009463,0.001605,0.021818,-0.088003,0.012790,-0.007192,0.015485,0.022923,-0.001999,0.019656,0.024818,0.001348,0.046614,0.017015,-0.003973,0.012200,-0.006195,-0.030948,0.024850,-0.001583,0.020466,-0.058858,0.057593,0.014155,0.003763,0.009371,0.003643,0.037238,-0.005668,0.013015,0.007717,0.008043,-0.015699,0.171713,-0.010472,-0.032978,0.054087,0.030363,0.036810,0.009029,0.014848,-0.015354,-0.004651,0.006694,0.018921,0.000512,-0.047709,0.004046,-0.032577,0.001147,0.155838,-0.001956,-0.015948,-0.029170,0.014496,0.008096,0.006329,0.020263,-0.011986,0.004694,0.000049
0.027224,-0.029527,0.014605,-0.001694,0.027519,-0.044374,0.000249,-0.000101,0.148951,0.030719,0.063338,-0.026248,0.000679,0.055326,0.009743,-0.009796,0.033240,0.002419,0.046839,-0.060391,0.004698,-0.001398,0.031844,0.040855,0.042159,0.001647,0.022694,-0.021813,-0.023318,0.064815,0.048896,0.104285,0.068258,-0.005305,-0.002666,0.000832,0.045955,0.056501,0.006279,-0.018899,0.126389,-0.016922,-0.019721,0.033425,0.073107,-0.040473,-0.002179,0.012686,-0.066224,0.005870,-0.004909,-0.041091,0.019519,0.045263,-0.058438,-0.004862,-0.006083,0.077413,-0.004192,-0.043618,-0.003759,0.046239,0.014325,0.040223,-0.045873,0.002280,-0.031857,0.001630,0.008417,-0.051022,-0.004629,-0.055182,-0.005806,0.014314,-0.038860,-0.065590,-0.042756,0.017655,-0.082588,-0.089693,0.004792,-0.043269,-0.079059,-0.048042,0.053256,0.040724,-0.025609,0.090895,-0.004431,-0.037338,-0.020880,-0.075292,-0.008163,0.026546,-0.052733,-0.207189,-0.023485,-0.046839,0.056869,-0.013262,0.021888,0.044776,-0.002277,-0.002262,0.026010,0.039873,-0.050134,-0.046736,0.086134,0.000917,0.048997,-0.045044,0.002743,-0.005530,-0.073876,-0.126121,0.050888,-0.036829,-0.064894,-0.009965,0.138811,0.028884,0.018093,-0.005783,0.067035,0.035062,-0.047664,-0.065740
0.002160,-0.070165,0.012430,-0.011118,-0.005991,-0.005510,0.048052,-0.000460,-0.058640,-0.146837,-0.096918,0.070873,0.006365,-0.005032,0.039657,0.039822,0.027572,0.000854,-0.080921,0.017968,-0.049206,0.013562,0.000136,-0.001844,0.056008,-0.005978,0.015841,-0.015845,0.016304,-0.032845,0.018425,0.089118,-0.100382,0.012628,0.016176,-0.000377,-0.045123,-0.000456,0.015446,0.009448,0.027670,0.012358,0.004847,0.014926,-0.003835,-0.017242,0.031465,0.036100,0.053552,0.014364,0.056407,-0.087473,-0.042084,-0.108639,0.060488,0.021215,-0.003431,-0.043222,-0.067085,0.036447,0.016730,-0.012142,-0.028576,0.022298,0.022383,0.078024,-0.110889,-0.045456,0.028115,-0.017770,0.009660,0.002949,-0.033649,-0.003706,-0.051726,0.011515,-0.096269,-0.048534,0.033474,0.025877,0.008930,-0.021372,0.011842,-0.011123,0.007925,0.061784,-0.041725,0.004298,-0.001201,0.101006,-0.022333,0.014105,-0.013330,0.002941,0.027990,0.022189,0.112245,-0.009894,0.044800,0.080288,0.032098,0.024927,0.004678,-0.003650,-0.185741,0.029329,-0.049451,0.085870,-0.023858,0.055112,0.030636,0.027518,0.018238,0.005751,-0.098577,0.025396,-0.048329,-0.080468,0.120814,-0.054981,-0.054376,-0.029526,0.036734,0.025997,0.069761,0.017770,0.014921,-0.038767
-0.016580,0.007095,-0.034802,0.014184,0.010448,-0.028710,0.023602,0.017570,0.061978,0.052500,0.050455,-0.025297,-0.162237,-0.065459,-0.014291,0.009913,0.077718,0.022005,-0.044982,0.033336,-0.050267,0.068683,0.018550,0.069341,-0.020639,0.016237,-0.029650,0.025087,0.034127,-0.026322,0.025150,-0.005785,0.042141,-0.048590,-0.015274,0.034300,0.014537,-0.016404,-0.029158,0.068286,0.054506,-0.019508,0.053276,0.042419,-0.004137,0.031790,-0.018280,0.030703,0.022567,-0.009607,-0.019559,-0.044978,0.042226,-0.101040,0.029252,0.030399,-0.000271,-0.028794,0.022517,0.016602,0.025684,0.193570,0.002274,0.021120,0.018435,-0.022782,0.005532,0.022345,0.026163,-0.021360,-0.012931,-0.018328,0.004196,0.025117,0.043613,0.026694,0.019505,-0.023504,-0.023751,-0.021844,0.084890,0.064613,0.012318,-0.012417,-0.036908,-0.066259,0.026928,0.037998,0.008285,0.045455,-0.029102,0.057039,0.021625,0.097915,0.044865,0.015379,0.076811,0.061385,-0.006637,-0.060080,0.023787,-0.048691,0.012725,-0.027301,-0.052339,-0.040239,0.017242,-0.039218,-0.045688,0.077609,-0.006432,-0.006112,0.016291,-0.000071,0.069147,-0.027962,-0.016352,0.064184,-0.063647,0.026356,0.003836,0.019544,-0.063382,-0.033038,-0.000414,0.026255,-0.007338,-0.010142
0.014299,-0.023474,-0.061275,0.012117,-0.015877,-0.008012,-0.000584,0.010451,-0.064882,0.026566,-0.043032,-0.055534,0.050347,-0.042865,0.023180,-0.003798,-0.049333,0.022370,-0.056012,0.070616,0.031730,-0.005159,0.090992,-0.028178,0.003678,-0.007235,0.019064,0.056079,0.013845,0.068786,-0.115697,0.067484,-0.127047,0.090747,0.062581,-0.002691,-0.031026,0.010388,-0.000335,0.021270,0.024077,0.011110,0.012044,-0.006897,-0.054292,-0.056183,-0.005069,-0.019318,0.019357,0.017102,0.043548,0.012711,-0.175057,0.004946,-0.024797,0.063866,0.077382,0.037039,0.062506,0.122495,0.020703,0.020702,-0.005811,-0.000960,-0.044414,0.006806,-0.008565,-0.012213,-0.064853,-0.023666,-0.006442,-0.054016,0.068111,-0.099402,-0.022074,0.026651,-0.020748,-0.064054,0.027678,0.040417,-0.067997,-0.031821,-0.047450,0.000482,0.034337,-0.051105,-0.007701,-0.057175,-0.014866,0.018412,0.041526,0.027165,-0.067828,-0.004003,0.042856,-0.059718,0.075256,0.029694,0.084456,-0.052388,-0.001278,0.015743,-0.007519,-0.018009,-0.049963,-0.030310,-0.030228,0.016251,-0.026472,0.007767,-0.001899,-0.100883,0.010425,0.002341,-0.077404,0.094135,-0.005428,-0.021716,0.054053,-0.010367,-0.063040,-0.035287,-0.023756,0.016283,0.020698,-0.008266,-0.065190,0.122738
-0.023066,0.019815,0.055275,-0.012890,-0.035640,-0.008355,0.011180,0.012895,0.004799,-0.006927,-0.045199,-0.018417,-0.037523,0.038089,0.022323,0.008281,0.019575,0.012500,0.089808,-0.025301,-0.027581,-0.008652,0.011058,-0.000939,-0.032525,0.034556,0.053214,-0.024079,-0.038575,0.018667,0.059212,0.038844,-0.020002,-0.006480,-0.044872,0.004631,-0.025279,-0.019284,-0.021827,0.060353,0.006230,0.012858,0.018380,-0.011527,-0.034100,0.014679,0.006144,0.002516,0.057850,0.010494,0.006158,-0.050243,-0.027337,0.002515,0.037026,0.019578,0.002755,-0.036128,-0.033100,-0.017128,-0.025656,-0.022870,0.018834,-0.011100,-0.016638,0.030890,-0.032596,-0.002828,0.032242,0.045589,0.030363,-0.053377,-0.023195,-0.030491,-0.012098,-0.008890,0.026720,0.004014,0.019930,0.017325,-0.024569,-0.039586,-0.037632,0.009080,0.304635,0.012336,0.002709,0.052996,-0.006191,0.057978,-0.001658,-0.068503,0.014973,0.045989,0.029508,-0.013588,-0.006277,-0.042132,-0.029483,-0.020363,0.019035,0.053117,-0.021184,-0.012524,0.056940,-0.043357,0.063023,-0.008497,0.080302,0.003665,-0.006577,-0.021280,0.008009,-0.010299,-0.027524,0.199437,-0.254945,0.022680,-0.034174,-0.006397,0.024122,0.014460,0.005870,0.002876,0.015448,0.025066,-0.004430,-0.001337
0.001989,-0.008668,0.028625,-0.012798,-0.028234,0.031497,0.015564,0.057744,0.007076,-0.042032,0.014503,0.030027,-0.005698,0.013706,0.082601,-0.011363,0.015242,-0.007920,-0.021662,-0.048804,0.061471,-0.001683,-0.014696,0.050058,0.017372,0.098280,-0.030877,-0.002656,0.044724,-0.027151,0.081305,0.028441,0.080573,0.022950,0.007589,-0.046733,0.006888,0.044849,0.031784,0.005565,-0.005717,-0.090388,0.045277,0.129036,0.023423,-0.016507,0.068090,-0.009434,-0.027960,-0.010607,-0.024225,0.023790,-0.065053,0.033164,0.023550,0.013568,0.015015,0.003967,0.077226,0.061564,-0.036969,0.011457,-0.026834,0.030482,-0.000233,0.072912,-0.010187,-0.009814,0.061592,-0.025990,0.070479,-0.026937,-0.814857,0.076200,0.004513,-0.002282,-0.146740,-0.009951,-0.032395,0.010681,0.100695,0.070846,-0.013836,-0.037629,0.072952,-0.111666,0.015727,-0.003495,0.054155,0.053426,0.072172,0.021211,-0.066049,0.012631,-0.029609,0.001026,-0.024852,-0.022541,0.038656,-0.038687,-0.061739,-0.007641,-0.028262,-0.038353,0.080141,0.014213,-0.014324,0.025015,-0.054490,-0.020012,-0.018818,-0.019675,-0.001324,-0.043511,0.008419,0.031771,-0.005495,-0.067694,0.011239,0.032634,-0.028035,0.049572,0.006853,0.029967,-0.008452,-0.026206,0.043149,-0.015011
0.023071,0.034231,0.057819,-0.008924,0.064879,0.025305,0.034669,-0.021109,0.131336,0.070189,-0.041352,-0.036759,0.006848,-0.005877,0.007634,-0.002017,0.048493,-0.000925,0.161539,-0.025528,0.039175,-0.006999,-0.004857,0.094365,0.042120,-0.011129,0.000995,-0.015316,0.070199,-0.005287,0.076802,0.072537,0.047146,0.065987,-0.005951,0.015073,0.006517,0.006155,-0.007024,-0.155216,0.105709,-0.018993,0.023367,-0.050011,0.075068,-0.003113,0.011994,-0.006714,-0.070859,-0.009031,0.053243,-0.013704,-0.028174,0.079183,0.039330,0.004493,0.013120,0.084045,-0.000297,0.011376,-0.006932,-0.032542,-0.014645,-0.004414,0.020182,0.132131,0.026980,-0.033964,-0.013977,-0.053116,-0.025570,0.022294,0.130233,0.009221,0.002532,-0.033957,-0.012858,-0.019748,-0.060582,0.047202,-0.025935,-0.017913,0.058923,-0.022553,-0.070564,0.047122,-0.048566,-0.005214,0.002981,0.037412,0.020146,-0.028905,-0.012489,-0.050488,0.001887,-0.223747,0.001025,-0.013536,0.107731,-0.000457,0.044245,-0.027966,-0.008466,-0.030399,-0.007504,0.028454,-0.075030,-0.143865,0.101598,-0.026888,-0.000866,-0.057480,-0.004767,0.004254,0.000076,0.017581,0.047922,-0.083349,-0.009639,-0.022608,0.080728,0.024568,-0.087485,0.050097,-0.032959,0.026736,-0.006638,0.146891
0.008247,-0.012426,-0.024278,-0.012254,0.036205,0.002549,0.043092,-0.015197,-0.025475,-0.015118,0.012838,0.036619,0.017971,0.022898,0.041936,0.014625,-0.006379,-0.023143,-0.003863,0.009645,0.030413,-0.020503,0.020357,0.016651,-0.032510,0.056457,-0.062481,0.015989,0.047391,-0.013895,0.014880,0.022305,0.038666,-0.007526,0.004715,-0.052374,0.043740,0.020646,0.028620,0.006171,-0.003224,-0.053194,0.057456,0.002745,-0.009160,-0.002304,0.021611,0.010381,-0.008349,-0.009713,0.011800,0.028755,0.012785,0.060968,-0.012755,0.005826,-0.011049,-0.001815,-0.745294,-0.005759,-0.065210,0.025326,0.043138,-0.010655,0.013750,-0.004845,-0.018629,0.011153,0.054477,0.018190,0.027833,-0.005430,0.093257,0.009230,0.028301,-0.011831,-0.127895,0.005965,-0.031478,0.027141,0.053461,0.044563,-0.021486,-0.032091,0.034692,-0.036126,0.001895,0.016223,-0.022828,-0.026652,-0.000681,0.019168,-0.024842,0.009403,-0.014841,0.041137,-0.045610,-0.032501,-0.034059,-0.053928,-0.018301,0.012611,0.078135,0.012993,0.103477,0.002187,-0.001525,0.023236,-0.015972,-0.007863,-0.000130,0.025567,-0.001947,-0.023851,-0.016371,-0.006264,-0.005673,0.104843,0.020608,0.013275,0.001672,0.002617,0.013071,-0.016875,-0.008583,-0.055646,0.004928,-0.030225
0.045755,-0.084934,0.094442,0.023845,0.034488,0.038623,0.030341,-0.034975,0.043814,-0.003889,-0.027082,0.035241,0.000989,0.041808,-0.028141,-0.029711,0.046144,-0.032342,-0.257358,0.033603,0.053878,0.044878,0.008710,0.045126,0.032838,-0.033007,-0.038647,0.040043,0.019821,0.052018,0.028436,-0.043668,0.030918,-0.036187,-0.000574,0.050625,-0.051948,0.060130,-0.063298,0.012074,-0.004045,0.001532,0.024814,0.013806,-0.068915,0.030428,-0.039565,0.059528,0.009483,-0.071941,0.089385,0.064589,0.068885,0.010049,-0.009438,0.117677,0.038492,-0.160257,0.022094,0.012624,0.056841,0.000206,0.007537,0.021149,0.028160,-0.022164,0.017201,-0.000946,0.026203,-0.069931,-0.113532,0.051506,0.063250,0.040753,-0.300720,0.005317,0.059289,-0.232847,0.022927,-0.046807,0.033017,0.037213,0.079418,-0.008751,0.005247,0.103994,0.102803,-0.063985,-0.026556,-0.001535,0.049289,0.029681,0.018118,-0.013460,0.049589,0.081180,-0.078499,-0.074667,-0.083827,0.021851,-0.087201,-0.016924,-0.054886,-0.060428,0.097198,-0.008861,-0.058068,0.055326,-0.141509,-0.010593,0.021449,-0.013654,-0.013563,-0.014488,-0.002059,0.013134,-0.022864,0.078125,-0.005202,0.079937,-0.054957,0.101724,0.002060,0.034766,0.056506,0.003306,0.071199,-0.011237
-0.049929,-0.038912,-0.016789,0.012661,-0.010079,0.030501,0.103765,-0.012533,-0.031649,-0.056464,-0.013006,-0.018931,-0.007715,-0.001958,-0.006056,0.094893,0.021978,0.039718,-0.005836,0.003166,0.012336,-0.098448,-0.020772,0.025787,0.035844,-0.046722,0.047653,0.025928,0.063318,-0.029316,0.000498,0.011088,0.020766,0.053926,0.047283,0.132684,0.013469,-0.027210,0.058689,-0.020607,-0.062180,-0.045050,0.060201,-0.013532,-0.072745,0.026701,-0.033262,0.002117,0.007017,0.044659,0.175283,0.024879,-0.025835,-0.017247,-0.031552,0.048437,0.069802,0.011950,0.058026,-0.013618,-0.003627,-0.038916,-0.061634,0.183540,-0.010803,0.000896,-0.004675,0.054122,-0.012478,-0.063969,0.152979,0.014119,-0.026814,-0.012239,-0.070822,0.076343,0.021034,-0.101629,0.021627,-0.003044,-0.015187,-0.011772,0.011276,0.016343,-0.003586,0.025808,0.017907,-0.013737,0.031386,-0.000375,-0.048932,0.035763,0.001562,-0.054857,0.034202,0.050123,0.004552,-0.021747,0.017163,-0.003358,0.059132,0.019941,0.138691,0.025537,-0.045716,-0.186432,-0.032922,-0.003308,0.024117,-0.011466,-0.021705,-0.003745,0.002888,-0.002684,0.005593,0.026819,-0.044029,0.072933,0.018832,0.005300,0.112176,0.041157,-0.001434,0.046200,-0.030535,-0.098007,0.074480,-0.002694
0.017399,-0.012250,0.017788,0.093714,-0.081701,0.047822,0.032303,-0.032273,0.029755,-0.078530,0.037417,0.039534,0.035229,-0.116260,0.001122,-0.007595,-0.059093,-0.030866,-0.080933,0.088036,-0.008083,-0.006121,0.024808,-0.004575,0.096374,0.001121,0.013055,-0.007385,0.005664,0.028903,-0.022726,0.066595,0.025181,-0.001803,-0.020647,-0.020200,0.007838,-0.047636,-0.000156,0.001330,-0.012078,0.005562,0.003142,-0.079094,-0.034570,-0.090978,0.012059,-0.026018,0.062247,0.007923,0.017992,-0.039721,0.078424,-0.022904,-0.001251,0.103276,-0.020117,0.061325,-0.038816,0.027809,-0.046197,0.061467,-0.002299,-0.044648,0.024984,0.029264,0.150602,-0.024334,0.075873,-0.003136,0.034962,0.037071,-0.042375,0.058059,0.077902,0.055262,0.169667,0.055418,0.072108,0.018485,-0.026217,0.045270,0.053064,-0.120243,0.186968,0.066169,-0.033262,-0.034067,0.021874,0.021729,-0.019122,0.056549,-0.047017,0.085400,0.009913,0.060227,-0.012516,-0.039506,0.006076,0.092859,0.053697,-0.034442,-0.022305,-0.008401,-0.004100,-0.011771,-0.090840,-0.040675,-0.188460,-0.016548,0.064036,0.011341,-0.006149,-0.005779,0.065692,0.006846,-0.021409,-0.006581,0.034531,-0.074878,-0.041460,0.069392,-0.043752,0.040921,0.054521,-0.011350,-0.047376,0.081376
0.022484,-0.033845,0.001839,0.022174,0.094372,0.015412,-0.023536,0.009327,0.179097,0.018724,0.005080,0.000546,0.021496,0.164450,0.007930,0.018105,-0.024430,0.031085,0.197663,0.037616,-0.022629,-0.008068,0.005299,0.006685,-0.030542,-0.029885,-0.002940,-0.142619,0.046522,0.004191,-0.017492,0.032961,-0.038451,-0.028217,0.054613,0.002826,0.002857,0.002893,-0.020448,-0.084506,0.058895,-0.003011,0.055084,-0.000661,-0.041192,-0.033145,-0.011435,0.069280,-0.026307,0.002026,-0.032790,-0.010725,0.002212,0.010376,-0.027558,0.050643,0.000641,0.316009,-0.022482,0.013678,-0.016101,-0.033043,0.023481,0.018966,0.000245,0.049388,0.036382,0.004722,0.007401,0.022352,-0.012033,0.023045,-0.017603,-0.000748,0.027232,-0.070369,0.068002,-0.005515,-0.021381,-0.039208,0.030797,-0.005507,-0.024301,0.004869,0.014801,-0.011797,-0.029730,0.253503,0.003072,0.013219,0.000324,-0.008231,0.000550,-0.004446,-0.023468,-0.065201,-0.029728,-0.066668,-0.036256,-0.009205,0.029725,0.006343,-0.019101,-0.028810,0.074001,0.008768,-0.111696,-0.117546,-0.111429,-0.020162,-0.014454,-0.054271,0.001986,-0.016623,-0.010753,-0.119056,0.040520,0.002296,0.018409,0.041989,0.093186,0.002483,0.097769,-0.034476,-0.020207,0.006510,-0.009038,0.065475
0.035682,0.037343,0.000461,-0.021386,-0.072613,0.004670,-0.225813,-0.062481,0.020502,0.053201,-0.000614,-0.018757,0.011622,-0.232077,0.010460,-0.018847,0.016645,-0.009143,0.013088,-0.034291,-0.008531,-0.009943,0.000110,-0.029499,-0.019285,0.133629,0.008106,-0.089358,0.006644,0.028452,-0.041372,-0.007193,-0.016608,-0.000598,-0.071185,-0.011091,-0.005567,0.009518,-0.072483,-0.013962,0.017701,-0.001133,0.065091,-0.032662,0.070325,0.035386,0.056075,0.188082,0.007999,0.059850,0.007364,-0.040898,0.045844,-0.009852,0.023523,-0.174689,-0.030003,-0.099079,-0.011118,0.007676,-0.041119,-0.104991,-0.054481,-0.032894,0.013055,0.004027,-0.011412,-0.028886,-0.042782,0.018818,-0.005940,0.019701,-0.084014,-0.006304,0.073047,-0.003656,-0.071631,-0.012248,-0.035385,-0.031682,-0.004649,0.033281,0.012080,0.032558,-0.016648,-0.143492,0.109021,-0.346001,-0.044704,0.014141,0.024612,-0.126833,0.013192,-0.014743,-0.040300,-0.010238,0.032156,0.005762,-0.064995,0.063999,0.046298,0.055308,0.051020,0.055398,-0.032959,0.032666,0.049631,0.032731,0.098380,-0.009612,0.003947,0.090900,-0.005951,-0.049721,-0.022537,-0.020889,0.003153,0.102103,-0.013885,-0.026317,0.031548,0.063416,-0.301947,-0.037514,-0.025207,-0.050910,-0.042670,0.003934
-0.024375,-0.092102,0.033866,-0.068297,-0.087973,0.021857,0.085922,0.005884,0.088194,0.027463,-0.028996,0.074139,-0.029395,0.052523,-0.017263,-0.030372,-0.027594,-0.015226,0.069545,-0.062672,-0.013183,-0.007691,-0.011759,-0.014007,0.017713,-0.023806,-0.016298,-0.015341,0.054190,-0.075860,0.012194,-0.020101,0.013605,-0.012571,0.021593,-0.023175,-0.002853,0.054792,0.080506,0.013097,-0.051828,0.091539,0.073523,0.006096,-0.019474,-0.006042,0.030791,0.017176,0.001222,0.029653,-0.023621,0.028983,-0.050724,-0.038190,-0.076766,0.026446,0.054475,0.115276,0.071964,-0.007051,-0.010839,-0.054897,0.099050,-0.015206,0.010086,-0.025842,-0.052470,0.023677,-0.040210,0.010395,0.007284,-0.048277,-0.009980,0.028358,0.123805,-0.009042,-0.074345,0.135807,-0.123731,0.067401,-0.019033,0.046856,0.021304,0.004553,-0.009808,0.007147,-0.495232,0.051959,0.039135,-0.069925,0.042594,0.083322,0.065584,0.015017,-0.050593,-0.012600,0.052191,0.034478,0.001470,0.290217,0.047610,0.024089,0.003915,-0.023127,-0.058456,-0.009049,0.020932,0.079331,-0.042837,0.004793,0.000356,0.007430,0.001710,0.018595,-0.020457,0.048202,0.003753,0.043333,0.037669,0.019527,0.147393,0.060018,0.027941,-0.055732,-0.013325,-0.056081,0.010271,-0.029120
-0.012990,0.016772,0.058905,0.101828,0.064977,0.008179,0.037999,0.014206,0.050019,-0.006794,0.006065,0.024185,-0.079985,-0.093301,-0.005608,0.043344,-0.025797,0.013489,0.039919,0.031199,0.049311,-0.002727,-0.004784,0.021765,0.016481,-0.000462,-0.019296,0.030861,0.009870,0.007803,-0.004153,0.003393,0.001890,0.043732,-0.044601,0.010991,0.059661,-0.010894,-0.002797,0.081584,0.041563,0.009057,0.004762,0.090947,0.017779,0.013103,-0.005762,-0.015705,0.075023,0.003513,0.011204,-0.025840,-0.070716,-0.025893,0.030111,-0.021137,-0.039763,0.016307,-0.013111,0.002422,-0.004981,0.013488,-0.035791,0.016526,-0.031281,0.038438,0.046163,-0.027029,0.047590,-0.016649,-0.012828,0.023751,0.001287,-0.006492,-0.035312,0.021722,0.005384,0.000215,0.029680,0.013146,0.053564,-0.077103,0.019781,-0.011884,-0.008445,0.090329,-0.001568,-0.009015,0.001892,0.020356,-0.005128,-0.023697,-0.050005,0.028392,0.029333,-0.039026,0.039470,-0.029072,0.059149,-0.001286,0.028594,0.008278,0.018572,-0.023412,-0.014426,-0.016153,-0.051912,-0.096897,0.140869,-0.053964,-0.009921,-0.055936,0.010701,0.009384,0.025523,0.038411,0.030202,0.053764,0.014578,-0.021868,0.016205,0.072560,-0.082741,-0.009874,-0.048225,0.033607,-0.012126,0.095601
-0.019027,-0.047824,0.104081,-0.018311,-0.036964,-0.028049,-0.012121,0.053460,0.069587,-0.047582,-0.028266,-0.027457,-0.022567,-0.023898,0.090579,0.065698,0.014185,0.043623,0.040382,-0.023398,0.053109,0.017019,-0.009222,-0.312091,-0.028514,0.055521,-0.008933,-0.014282,0.015504,-0.003679,0.019267,0.030830,0.005763,0.026919,0.001336,0.048064,0.001212,0.046365,0.017765,-0.035484,0.033807,0.020251,0.018716,0.029789,-0.004995,0.046590,0.029445,0.024985,-0.018666,-0.037356,0.039929,-0.042783,-0.051659,-0.019706,0.023665,0.018995,-0.038370,0.048538,0.042233,0.005560,-0.033184,-0.028452,-0.019352,0.021909,-0.004411,-0.915578,-0.002679,-0.076524,-0.014631,-0.018021,-0.123126,-0.010942,0.065403,0.038156,-0.001016,-0.010908,-0.023855,0.001040,-0.003030,0.016243,0.006244,-0.000804,0.000720,-0.029447,0.034997,0.029545,0.011217,0.021056,0.060519,0.021150,0.014820,0.026916,-0.029597,-0.019170,0.006959,-0.049824,-0.002270,-0.035842,0.035277,-0.017646,-0.069093,0.040995,0.003281,-0.052105,-0.017644,-0.038425,-0.030452,0.024480,-0.016139,-0.018002,-0.017482,-0.046349,0.001474,-0.015763,0.009880,0.017526,-0.027165,0.067929,-0.019570,-0.021085,-0.074822,0.036536,-0.003367,0.016040,-0.015079,0.031022,-0.019804,0.034026
0.004825,0.027114,-0.037056,0.031564,0.013045,-0.059499,-0.052584,0.025250,0.033638,0.094599,-0.037785,-0.015204,-0.074088,0.019962,-0.007476,0.023776,-0.058492,0.047816,-0.145112,0.027476,0.026646,0.026800,0.006344,-0.014566,0.029146,-0.064955,0.029972,0.054433,0.046325,0.002664,-0.077206,0.147448,0.031595,0.084054,0.066490,0.005582,-0.046169,-0.061356,-0.035257,0.139772,0.002059,0.031390,0.024690,-0.019710,0.090683,-0.016534,0.005526,0.018659,0.029841,0.036955,0.015049,-0.008739,-0.095747,0.036056,0.050717,-0.077448,0.007673,-0.038135,0.013505,0.201752,0.039769,0.067827,0.033730,-0.050658,0.029562,0.020812,0.096134,-0.001114,0.050007,-0.036666,-0.041517,-0.025953,0.010133,-0.011340,0.026517,-0.003340,0.050772,-0.012490,-0.005768,0.036539,0.078756,0.032301,-0.056480,-0.002457,0.005734,-0.050052,-0.077415,-0.066808,-0.016945,0.124996,-0.063186,-0.005068,-0.004954,0.029712,0.028137,-0.057708,-0.106813,0.055538,0.119647,0.017443,-0.087527,0.049780,0.013180,0.004454,-0.025934,-0.012789,-0.011562,-0.040511,-0.081095,-0.105507,0.018527,-0.070761,0.000289,0.018907,0.102118,-0.011538,0.085078,-0.025783,-0.059303,0.005763,-0.015840,0.030537,0.011793,0.010680,-0.017996,0.000476,0.018923,0.027487
-0.043093,0.031405,0.014431,-0.000833,0.058004,-0.001921,0.036101,-0.029986,-0.038642,0.020043,-0.016622,0.002072,0.017676,0.012873,0.508488,-0.037210,-0.006548,0.119403,0.012576,0.012634,-0.020188,-0.081447,0.004925,-0.001869,0.000091,0.043123,0.006374,-0.009318,0.026256,0.017648,-0.001435,-0.031362,-0.007763,-0.022122,-0.006258,0.454308,-0.002447,-0.010140,0.362164,0.010885,0.004864,-0.037084,0.026367,-0.022612,0.040079,-0.008482,0.291902,0.010379,-0.017115,0.128604,-0.048189,0.007009,-0.018052,-0.003455,0.002304,0.014849,0.001143,-0.008928,0.032424,-0.015736,-0.109564,0.026827,0.029363,0.146288,0.010610,0.070282,0.006479,-0.108674,-0.004195,0.030902,-0.173857,0.018374,0.023583,-0.002156,0.008926,-0.019735,0.085932,0.028913,0.008338,0.013075,-0.003305,0.004069,0.027205,-0.004432,0.016933,-0.002454,0.114756,0.024832,0.163502,-0.060039,-0.038972,0.000976,0.022664,0.007183,-0.102882,-0.015589,0.004583,0.005542,-0.005719,0.047709,-0.096582,-0.012874,-0.039409,0.138272,-0.016209,-0.271613,0.020353,0.010146,0.009424,0.000963,0.016400,0.029407,-0.011602,0.058396,0.000246,-0.015200,0.026597,-0.015734,-0.000276,0.006792,0.120585,-0.012619,0.015844,-0.000258,0.007561,-0.018896,-0.000046,0.066349
-0.017881,0.005822,-0.052054,-0.007576,0.014982,-0.065728,-0.020787,0.017851,-0.002444,-0.061395,-0.081267,0.002156,0.002812,0.098370,0.035051,0.007900,-0.032840,0.007060,0.047495,0.062183,0.039550,-0.003330,0.002744,-0.031118,0.047285,-0.013279,-0.037352,-0.009937,0.006198,-0.017330,-0.067833,0.004018,-0.017253,0.022660,-0.037742,-0.003498,-0.128490,-0.049501,-0.016471,0.000594,0.017841,-0.009595,0.003541,0.018543,-0.057686,0.013401,0.006831,0.028150,0.058683,0.004831,-0.050058,-0.010146,0.096735,-0.019022,-0.041292,-0.084626,-0.029647,0.072038,0.052938,-0.053487,0.004932,-0.070946,-0.047727,0.001151,0.043821,0.010820,0.000348,0.008138,0.044343,-0.068634,0.019282,-0.037562,-0.024307,-0.062925,0.018259,0.042509,-0.068648,-0.056096,0.062965,-0.032441,-0.003202,-0.013578,-0.023025,0.069108,0.011951,-0.104211,0.071018,0.119967,-0.021673,0.011383,0.047408,-0.042211,0.031830,-0.012861,-0.002860,0.080147,-0.024207,0.013628,-0.024519,-0.029335,0.049040,0.018448,0.015080,-0.016085,0.036389,0.012374,0.029789,0.021595,-0.181431,0.001173,0.051112,0.037592,-0.000288,0.003456,-0.029271,-0.037222,-0.030802,0.003465,-0.032742,-0.037349,-0.034445,0.020103,0.089298,-0.042327,0.029903,-0.010202,-0.020796,-0.028937
-0.002904,0.028727,0.038672,-0.092292,-0.000164,0.026246,-0.074148,-0.038770,-0.011878,-0.010626,0.009501,0.028941,-0.136680,-0.001424,-0.014238,-0.032252,-0.013977,0.012664,-0.027271,-0.073987,0.082231,0.003777,-0.017025,0.032544,0.122886,0.043634,0.069856,-0.043584,-0.043707,-0.108350,-0.143192,0.016041,-0.015533,0.014853,0.072630,0.005502,-0.154137,0.100191,0.006786,-0.057133,0.002201,-0.001241,-0.044506,-0.083261,-0.027922,0.010032,0.010846,0.002391,0.036053,0.008300,-0.012608,0.026089,0.058153,0.064956,0.208475,-0.011375,0.010000,-0.026488,0.044350,-0.096644,-0.005864,-0.052429,0.086613,0.010661,-0.024173,0.006359,-0.086016,0.015903,-0.065507,0.071623,-0.014484,-0.072535,-0.006273,-0.007831,0.044399,-0.012782,-0.195716,-0.015481,-0.059622,-0.074871,-0.074255,0.062766,0.023770,0.039163,0.005414,0.106820,0.061399,0.046231,-0.032547,0.100904,-0.009004,0.003980,0.038769,0.013927,-0.048185,-0.025897,0.012221,-0.002643,0.069766,-0.083864,-0.011523,0.032056,-0.003547,0.013908,-0.015950,0.039757,0.053037,0.110591,-0.057248,-0.086559,0.054326,0.055682,-0.012211,0.005771,0.042398,-0.049592,0.002306,-0.033967,-0.090233,0.058961,-0.000165,0.059816,0.027275,0.033359,-0.060324,0.029829,0.002567,0.111162
-0.004146,-0.003896,-0.014860,0.047296,-0.048707,-0.008564,-0.007058,-0.008992,-0.005864,0.039478,0.054655,-0.008962,-0.053216,0.047003,0.004952,-0.004316,-0.047396,0.039486,0.027847,-0.024258,0.084865,0.015293,0.005649,0.020576,0.003284,0.021070,0.013437,-0.012903,-0.023998,-0.000802,-0.014661,0.075864,-0.023867,-0.032323,-0.016547,0.004646,-0.126273,-0.054646,0.012277,0.033414,0.019330,-0.005034,-0.013636,-0.090220,-0.056898,-0.016806,-0.015708,0.004527,0.024081,-0.005977,-0.018012,0.000832,0.087084,-0.039425,-0.010146,-0.043999,0.002749,-0.031462,0.014657,0.005961,0.007001,-0.035021,0.003745,0.013941,-0.095750,-0.039079,-0.032985,-0.003787,0.030107,0.042422,0.003964,0.051383,-0.027643,-0.019498,0.016250,0.032229,0.074390,-0.034607,-0.005627,-0.024609,-0.089420,-0.058555,0.033491,0.043634,-0.058717,-0.062682,0.051655,0.030147,0.016154,-0.046703,-0.015806,-0.047985,0.023032,-0.047907,-0.003717,0.021420,0.007275,0.019241,0.021153,0.023838,0.023102,0.047324,0.014708,-0.014964,-0.049762,0.011476,0.008533,0.004164,-0.041461,0.004556,0.025447,0.076391,0.008339,-0.006821,-0.022106,0.066708,-0.051671,-0.015440,-0.035476,0.049306,-0.000257,0.006652,0.003970,0.042940,-0.018613,0.007290,-0.027426,0.020883
0.007884,0.021010,-0.056173,0.051815,-0.059129,0.029920,-0.007681,-0.044667,0.042480,-0.046996,0.075345,0.097135,0.014652,-0.029013,0.003330,-0.003107,0.013027,0.020651,-0.014760,0.080108,-0.012773,0.027964,-0.021037,-0.040572,0.028493,0.014815,0.009593,0.027903,0.041035,0.038667,-0.030351,0.056194,-0.007574,0.008026,0.049458,0.003625,0.026401,0.013143,0.009682,0.042120,0.040594,-0.015737,0.020249,-0.002624,0.136790,-0.068829,0.007351,0.015322,0.012139,-0.000447,0.017597,-0.107150,0.008956,0.144660,-0.042249,-0.107884,-0.005798,0.028239,0.021871,0.022707,-0.001009,0.013465,0.005421,0.013889,-0.041035,-0.007621,0.005279,-0.008007,-0.010094,0.061606,0.012929,0.002402,-0.053188,0.052698,0.101663,-0.065713,-0.025620,0.083638,0.069675,-0.007379,-0.025635,-0.009628,-0.008318,-0.034125,-0.005477,0.011940,-0.007807,0.035168,0.005882,-0.020733,-0.023975,0.011756,0.016419,-0.033357,0.001003,0.049811,0.074146,0.024473,0.008321,0.060475,-0.007244,0.002241,-0.022028,0.006545,0.119411,-0.025608,-0.005982,-0.018361,-0.053808,-0.006091,-0.050933,0.046096,-0.005600,0.006951,0.062416,0.052114,-0.011000,0.044342,0.017352,-0.057538,-0.000536,-0.008390,0.066149,0.012289,0.017647,0.012591,-0.020722,-0.030904
0.007511,0.026188,0.051846,0.021100,0.018346,0.021811,0.016126,-0.008927,0.021861,-0.014318,0.004405,0.025570,-0.008120,0.181604,0.009192,0.032563,-0.022677,0.007646,0.079520,0.051358,0.043238,0.012805,0.029759,-0.036209,0.029972,-0.001791,0.015507,0.008550,-0.011540,-0.022346,0.005795,0.032898,-0.016143,0.013616,-0.029810,0.008094,-0.001723,-0.058150,-0.017051,0.012233,0.017333,0.017290,0.015677,0.025417,0.004335,0.018277,0.009208,0.069849,-0.006576,-0.015889,-0.001932,0.036911,0.001206,-0.002170,0.119054,0.011837,-0.008375,0.201086,0.031181,0.078769,-0.011688,0.054825,-0.006690,0.004398,-0.011768,-0.021568,-0.004189,-0.005513,0.022485,0.021933,-0.024104,0.022259,-0.034436,-0.020518,0.056878,0.022488,0.008087,0.011637,0.066836,0.009683,0.027217,-0.016034,-0.009095,0.022710,0.001088,-0.026029,-0.032816,0.272686,-0.015013,0.077024,-0.011263,0.023964,0.001573,-0.036602,-0.005976,0.079915,-0.014927,-0.075604,0.027759,0.094375,0.012661,-0.012952,-0.002119,-0.019304,-0.004833,0.020362,-0.028658,-0.020451,-0.105750,-0.006590,-0.028610,0.032313,0.005779,-0.014294,0.008923,-0.066396,0.014994,0.009356,0.029231,0.025181,0.082499,-0.103471,0.196170,0.045710,-0.023982,0.017316,-0.018129,0.054701
0.032875,-0.002455,-0.013805,0.024283,0.108367,0.004383,-0.000897,0.032783,-0.032408,0.034779,-0.095392,0.005701,0.062094,0.038676,0.022988,-0.000784,-0.063559,-0.021809,0.064059,0.023298,-0.023725,-0.005657,-0.027405,-0.004495,0.022234,-0.011717,-0.005027,-0.098373,-0.007423,0.049777,-0.056863,-0.033991,0.020875,-0.087583,0.048536,-0.015875,-0.126164,0.004186,0.006084,0.015170,-0.047838,-0.026789,0.022496,-0.013726,-0.066832,-0.064631,-0.001259,0.007179,0.000365,0.000711,0.046457,-0.024603,0.047331,-0.106795,-0.022849,0.108029,0.004282,-0.098465,-0.056114,-0.059564,0.018612,-0.061646,0.050386,-0.024900,0.046622,-0.035486,0.044306,-0.027414,-0.030038,0.037753,0.032586,0.047650,-0.057078,0.002255,-0.097057,-0.028801,0.012451,-0.061429,0.011642,-0.047871,0.001786,0.013065,-0.001676,0.008523,0.041766,0.029438,-0.038628,0.022373,0.015565,0.084510,0.035754,0.060456,-0.041634,0.020641,0.021691,0.013988,-0.195733,0.020822,-0.066501,0.020080,0.039395,-0.029521,-0.024862,-0.002726,-0.107788,-0.023232,0.016067,0.085978,0.107817,0.022033,0.012528,-0.057553,0.001566,-0.029947,0.031276,0.130494,0.090459,-0.022335,-0.022689,0.039076,-0.063389,-0.008734,0.050959,-0.109197,0.014709,-0.039851,0.022319,0.050942
-0.003412,0.062795,0.055043,0.029332,-0.065228,-0.110223,-0.024070,-0.053883,-0.064641,0.065924,0.011309,0.024609,-0.029624,0.003288,0.008401,-0.040104,-0.027563,0.023761,0.041966,0.012595,0.042113,0.032659,0.036784,-0.013202,0.046282,0.014317,0.087869,0.020020,-0.049026,0.007527,-0.018133,0.057766,-0.047426,0.015859,-0.034147,-0.024785,0.023305,-0.012006,0.003206,0.045473,0.074561,-0.006759,-0.056223,0.032389,0.073969,-0.060833,0.013622,0.012160,0.019208,0.008525,-0.008716,-0.083828,0.093502,0.016900,-0.005444,-0.008995,-0.085250,0.021163,-0.075338,-0.010947,0.003078,0.085064,0.005165,0.008333,0.022720,0.022328,0.040125,-0.017319,-0.033943,0.077213,0.007805,0.004136,-0.116514,0.027739,0.077210,0.023905,0.018400,0.062995,0.045578,-0.057869,-0.032111,-0.078595,0.010295,0.043699,-0.085035,0.094475,0.060108,0.006016,-0.010922,-0.005323,-0.050051,-0.032168,0.013195,-0.044332,-0.047213,-0.064970,-0.031312,-0.007249,0.032145,0.031041,-0.024375,0.061053,-0.000416,0.002428,-0.026278,0.051500,0.058610,0.035616,0.081515,-0.060806,-0.025254,0.033889,0.005388,0.026573,-0.006205,0.052999,0.063372,0.000330,-0.022909,-0.050346,0.049258,-0.021510,0.008852,0.034477,0.024382,0.031309,-0.018052,-0.010701
-0.026432,-0.012252,0.000761,0.006703,0.029075,0.053840,-0.021893,0.002929,-0.004597,0.023125,0.012601,0.036789,-0.018393,0.029585,-0.065609,-0.129375,0.004986,-0.037611,0.019383,0.008058,0.013787,0.015243,0.031045,-0.007264,0.026472,-0.092282,-0.115455,0.021857,-0.017161,-0.004052,0.021863,-0.006479,0.014255,0.024674,0.030023,-0.036965,0.037177,-0.010671,-0.023153,-0.009873,0.027760,0.085132,-0.028593,-0.001257,-0.022743,-0.030582,-0.015487,0.023890,0.007661,-0.004377,0.074588,0.053802,0.034475,-0.007145,-0.039765,0.002464,0.020135,-0.005243,0.059759,-0.002123,-0.010033,0.052505,0.012707,-0.003433,0.002819,-0.010502,-0.013541,-0.979233,-0.005184,0.007827,0.279045,0.003517,-0.006717,-0.012695,-0.017364,0.011198,-0.008215,-0.004208,0.010170,-0.004242,-0.010084,-0.007214,0.009143,0.022929,0.001182,0.004784,0.002959,0.046656,-0.092094,-0.001621,0.067905,-0.000933,0.041521,-0.004867,-0.014413,-0.010164,-0.013645,0.010663,0.023941,-0.019554,0.014694,-0.004106,0.060274,0.037079,-0.023083,0.090584,-0.013295,-0.012740,0.010008,0.003112,-0.002097,0.032966,-0.007476,0.049606,-0.010127,-0.005144,-0.014952,0.092928,0.007064,0.048686,-0.000544,-0.009294,0.025375,0.005802,0.010892,-0.000304,0.042285,-0.022773
-0.014236,0.004208,0.052269,0.028166,-0.052961,0.017142,0.037526,0.001787,-0.040561,0.018055,0.102312,0.037948,0.002218,-0.012548,0.007905,-0.013341,-0.011344,0.022585,0.053320,0.055901,0.030383,0.002565,0.007449,0.030289,0.087809,0.012590,-0.052897,-0.039837,-0.047344,0.032505,0.096331,-0.084503,0.026074,0.105473,0.076905,-0.039557,0.005649,0.116331,0.009351,-0.014099,0.007021,-0.021184,-0.029649,0.127437,-0.019139,-0.026146,-0.017764,0.027513,-0.000703,-0.037803,0.000197,0.017987,-0.058567,-0.011792,-0.009207,-0.028760,0.033333,0.023227,0.177312,-0.087422,-0.036980,-0.034257,-0.022482,-0.007046,0.047659,0.056022,0.008551,0.047748,0.031679,0.034674,-0.001532,0.047605,0.139255,0.004287,-0.017495,-0.022235,0.119038,-0.032813,0.065838,-0.052459,0.085412,-0.030843,-0.008281,-0.020950,-0.008253,0.252917,0.109366,0.016964,0.006070,-0.008504,-0.006875,-0.023080,0.009130,0.048331,0.024900,-0.085716,-0.014860,-0.012510,0.050880,0.000289,0.006798,-0.087402,-0.013578,-0.040727,0.038362,-0.010052,0.012833,0.027427,0.015594,-0.023041,0.020110,0.009738,-0.004979,-0.027732,0.018350,-0.013592,-0.018120,0.044831,0.001333,-0.016998,-0.078685,-0.021265,0.017567,-0.090116,-0.011366,-0.025991,0.060410,0.022790
-0.013440,0.016316,0.032812,0.020778,-0.025356,-0.038305,0.070409,-0.063774,-0.052590,-0.001444,-0.004677,-0.017620,0.005446,0.013997,-0.007776,-0.056883,-0.000654,0.051155,-0.016946,0.002981,0.001182,-0.087799,0.013922,-0.011933,0.041210,0.001718,-0.004169,0.048677,-0.005183,-0.019537,0.012572,0.001936,0.009550,0.033197,0.085253,0.262346,0.022644,0.005976,-0.188767,0.010698,-0.069576,0.339408,-0.010827,0.003886,0.004072,0.008767,0.043406,0.175412,-0.002117,0.013955,0.201631,0.020686,0.030489,-0.010194,0.027132,0.028751,0.037053,0.003622,0.053525,-0.030028,-0.254494,-0.004637,-0.023619,0.192328,-0.001861,-0.012291,-0.004487,0.223625,-0.009919,-0.023978,0.325932,0.015205,-0.047122,0.002767,-0.018351,0.063667,0.018616,-0.023804,0.022174,0.015882,-0.008081,-0.012140,0.001271,0.014167,-0.002233,0.043130,-0.047730,0.002131,-0.223417,-0.023212,0.037089,0.011271,-0.008493,-0.053360,0.046727,0.010443,-0.022637,0.001066,0.007785,0.008296,-0.002090,0.009436,0.181917,0.181980,-0.016443,0.132395,0.020956,0.000792,0.000686,-0.014130,0.004211,-0.008261,-0.018392,-0.110986,0.000915,-0.009327,-0.001035,0.102862,0.007419,0.013248,0.126206,-0.009715,0.017796,0.045635,-0.028378,-0.130523,0.042931,0.015316
0.020960,0.032646,-0.010926,-0.033987,-0.017065,-0.005028,-0.101058,0.017270,-0.008172,0.013177,0.051772,-0.014740,-0.086190,0.001050,-0.007334,-0.071139,0.039217,0.048755,0.030993,-0.066610,-0.029159,0.019530,-0.003457,-0.021413,0.015393,0.035226,0.109088,-0.007063,-0.047053,0.005060,0.097715,0.376273,0.036088,0.014578,-0.040839,0.008571,-0.184582,-0.037648,-0.026778,0.015282,-0.004359,-0.007992,-0.065392,0.119134,0.061966,0.062907,0.028402,-0.008754,-0.024201,0.000524,-0.089327,-0.074615,-0.006991,-0.047004,-0.037481,-0.004848,-0.031192,0.041888,-0.075462,0.243759,0.017949,0.035342,0.061892,0.061149,0.031246,0.011347,0.025475,-0.014499,0.074811,0.007959,0.014093,-0.046125,0.127417,0.016897,0.004261,-0.017715,0.238661,-0.006771,-0.034302,-0.108645,0.091902,0.041552,-0.048900,0.040398,0.020007,0.054023,0.029158,-0.006602,0.006521,-0.047260,0.327961,-0.001793,-0.036206,0.061030,-0.072328,0.063387,-0.021999,-0.056859,0.102400,-0.044468,0.020388,0.154895,0.097708,0.019697,0.057196,0.021667,0.006363,-0.015163,0.027525,0.039629,-0.039229,-0.016286,-0.006409,0.011282,-0.007485,-0.050518,-0.026495,0.063888,-0.018038,-0.050406,-0.035229,-0.025047,0.002260,-0.010113,-0.025569,-0.012096,-0.039883,0.046610
0.001090,0.037721,-0.035800,0.027512,0.077165,0.056184,0.042626,0.034598,-0.003807,-0.072840,0.035118,0.140058,-0.037377,-0.075816,0.008560,-0.001579,0.023354,0.034007,-0.015044,0.075522,-0.001398,0.027392,-0.022126,0.005459,0.024155,0.005275,-0.012438,0.041550,0.003831,-0.026714,0.116781,-0.015139,0.094786,-0.051466,0.069694,0.019264,0.087198,-0.121437,0.013147,-0.001147,0.010030,0.008448,0.002299,-0.008505,-0.013325,-0.037746,0.001411,0.008415,0.102167,0.029520,-0.005145,0.027359,-0.031532,-0.030170,0.060967,-0.042121,-0.004542,-0.031852,-0.043698,-0.053731,0.001379,0.014976,0.052030,0.022486,-0.044662,-0.011147,-0.025620,0.011514,0.090882,-0.021733,0.004454,0.009905,-0.003295,-0.009406,-0.021540,0.016729,0.047798,-0.066310,0.010044,-0.004846,0.064705,0.016785,-0.045095,-0.011220,0.069890,0.048208,-0.062158,-0.019515,0.005154,0.009002,-0.007061,0.004382,0.048298,-0.039801,-0.014499,0.007996,0.056604,-0.000606,0.068148,0.027901,0.029243,-0.028292,0.018250,-0.016151,0.022506,0.018035,0.012479,-0.063231,0.052378,0.061296,0.027821,0.022069,0.000789,0.007822,-0.017473,0.107817,-0.014007,-0.034606,0.044705,-0.005753,-0.004335,-0.067492,-0.039502,0.038100,-0.011997,0.003716,0.002765,-0.010195
0.042781,-0.004110,0.001170,-0.006823,0.092042,0.054956,-0.201953,0.045905,-0.005933,0.017212,-0.001848,0.004345,0.017435,0.008485,0.029262,0.933412,0.009887,-0.005833,0.023061,-0.003565,-0.011302,0.015500,0.006302,-0.001473,0.024233,0.084813,0.012196,-0.006547,-0.043251,0.005708,-0.000442,-0.021206,0.005867,-0.007761,0.006552,-0.173599,0.008075,-0.007376,0.088048,-0.013061,0.009316,0.079454,-0.052771,-0.036718,0.019333,-0.014319,-0.023102,-0.042603,-0.028993,0.105527,-0.035711,-0.016881,-0.012527,0.008741,-0.041362,-0.002114,0.033502,0.010060,0.026657,-0.037436,-0.040812,0.021923,0.054415,0.067176,0.011392,0.012672,0.014160,-0.018691,-0.007201,0.028262,0.166980,0.002863,0.025675,-0.012099,0.011708,-0.027464,0.040315,0.031001,-0.019357,0.040246,-0.019062,0.012733,0.014496,-0.024881,0.009979,0.021988,0.121676,0.000151,-0.037492,-0.035487,0.094182,0.003488,0.046595,0.004220,0.013864,0.009503,0.036056,0.024939,0.011108,0.037974,-0.063470,0.001320,-0.101628,0.083104,0.021896,0.137737,0.001671,0.009674,-0.014403,0.011182,0.003238,0.004328,-0.006247,-0.021067,0.015337,0.002137,0.005758,-0.013340,0.015644,-0.014422,-0.021699,-0.007565,-0.001807,0.020150,0.020657,-0.104746,0.006519,-0.004024
-0.068174,-0.031533,-0.041182,-0.017099,0.016550,-0.000848,0.159897,0.046975,0.015310,-0.003869,-0.009047,0.031543,0.007909,-0.033639,0.103533,0.037474,-0.028981,0.121519,-0.017283,-0.014091,0.005667,-0.066129,-0.028603,0.028878,-0.036125,0.116295,0.155995,-0.049708,-0.022110,0.019376,-0.035141,-0.018382,0.004866,-0.047201,-0.083423,-0.063981,-0.020499,-0.011599,0.130050,0.013521,0.056846,0.116940,-0.010784,-0.012494,-0.004467,0.055430,-0.027637,-0.164600,0.001018,0.095957,-0.040848,-0.027872,-0.008413,0.002291,-0.001915,-0.012343,-0.020766,-0.023593,0.005768,0.000164,-0.138509,-0.050719,0.011672,-0.025086,0.013010,0.052230,-0.015917,-0.156211,0.013940,0.003256,-0.136601,-0.015268,0.086279,0.011294,0.008183,-0.055734,-0.061654,0.000447,-0.025147,-0.002807,0.013659,0.039172,-0.015218,-0.035740,-0.039109,0.011217,-0.101067,-0.046951,0.139744,0.056543,0.063228,-0.000521,-0.011188,0.072345,0.287643,0.003974,-0.042681,-0.040420,-0.022373,-0.008481,-0.121028,-0.014032,0.020020,0.164438,-0.008851,-0.004288,-0.021212,0.015550,-0.001326,0.005601,-0.014193,0.034515,-0.000138,0.044216,-0.005873,0.030491,-0.001747,-0.032106,-0.003106,-0.024110,-0.010057,0.001835,-0.039764,-0.052154,0.013697,0.177446,-0.046235,-0.019524
-0.010608,0.002370,-0.032084,-0.041225,0.014868,0.043193,0.037230,0.009538,0.018360,0.030660,-0.053916,-0.019801,-0.037529,0.008028,-0.014270,0.028138,0.024829,0.015440,0.022915,-0.039087,0.013665,0.003950,0.019999,0.015788,-0.102287,0.020316,-0.004931,-0.000851,-0.018307,0.031473,0.040631,-0.064136,-0.067248,0.073314,-0.028291,0.032226,0.022643,0.075663,-0.025164,-0.009323,0.070585,-0.004138,-0.017023,0.069522,-0.022531,0.048006,-0.021817,0.001866,-0.053265,-0.021613,-0.010146,-0.038618,-0.028959,0.066982,0.032979,-0.068144,-0.038032,-0.028782,0.042213,0.012734,0.035344,0.083500,-0.036576,0.080759,-0.027713,0.032403,-0.013000,0.001991,-0.070551,0.020610,-0.004800,0.048762,-0.002965,-0.007661,-0.013870,0.041435,-0.020151,0.003293,-0.031557,-0.035466,-0.028236,0.013877,-0.013859,0.117189,0.000982,-0.147102,-0.004199,0.000471,0.010150,-0.011479,-0.005129,0.010622,-0.065577,-0.086031,-0.009069,-0.007309,-0.121672,-0.073134,-0.035734,0.034701,-0.010585,0.033718,0.052895,-0.031563,0.036704,-0.019873,0.019577,-0.009509,-0.078003,-0.014598,-0.049264,0.029486,0.013915,-0.021990,0.004566,-0.016210,0.048231,0.045722,-0.029116,-0.016485,0.042145,0.085110,0.010516,0.057011,-0.060196,-0.005695,0.019238,-0.080391
0.016756,-0.000750,0.042966,-0.007836,0.049090,0.048789,0.136898,0.007806,-0.010804,0.035699,0.008655,0.019983,0.022583,0.015902,0.152955,0.115000,-0.006618,-0.018250,0.013057,-0.025932,-0.030896,0.079499,0.020044,-0.028688,0.043313,0.059177,0.043657,0.037206,0.036955,0.008010,0.004160,0.063291,0.008040,0.012066,0.054348,0.123655,-0.011804,-0.030153,0.025631,-0.021828,-0.014197,-0.122764,0.023878,-0.000172,-0.004057,-0.006822,0.058272,0.063280,-0.036842,-0.081544,0.133936,0.014909,-0.080998,0.025331,-0.008558,0.028204,0.029932,-0.005370,0.017917,0.043091,0.256061,0.031511,0.031558,0.034143,0.031314,-0.010804,0.012410,0.022296,-0.009728,0.013063,0.099972,0.030776,0.150903,0.001504,-0.024022,0.038621,-0.031223,0.021277,0.006606,0.028284,-0.011737,-0.000984,0.026769,0.038873,0.008703,0.010342,0.094944,-0.011031,-0.006608,0.088583,-0.009138,0.009528,0.035287,0.001419,-0.101473,0.024838,0.021751,0.015822,0.079627,0.144435,-0.029397,0.065479,0.115179,0.020470,0.028932,0.079731,0.021863,0.030557,0.059781,-0.004663,0.014520,0.026085,0.014679,0.013676,0.012845,0.025613,-0.000189,0.129690,0.005987,-0.015980,0.021876,0.060855,-0.002736,0.041064,0.024184,-0.105935,0.016616,0.006091
0.004734,0.013568,0.012829,-0.000067,0.014418,0.047420,-0.059101,0.003268,0.009507,-0.018802,-0.142577,0.027409,-0.040965,-0.005174,0.005823,0.023588,0.009320,0.012217,-0.037986,0.020413,0.083950,0.012094,0.015470,0.030038,0.015847,0.064193,0.013129,-0.016659,0.021989,-0.028974,0.081623,-0.067650,0.090776,0.078364,0.061265,0.005246,-0.077713,0.087636,-0.019067,0.093110,-0.042727,-0.004733,0.021812,0.005893,0.011476,0.052344,-0.008435,-0.012430,0.037602,0.026373,0.032552,-0.021839,0.012156,0.056464,0.046857,-0.035827,0.001086,0.034005,0.104317,-0.009579,-0.003026,-0.031021,0.055060,-0.019017,0.040705,0.019402,-0.047168,-0.000343,0.109424,0.031182,-0.030627,-0.090365,0.038974,0.051820,0.015235,0.009487,-0.146981,-0.006302,0.045106,0.097126,0.105512,0.077447,-0.044606,0.120011,0.025203,0.125068,0.091427,0.012040,-0.041424,0.035589,-0.066802,-0.024685,0.033916,0.046960,0.025146,-0.093502,0.035761,-0.003976,0.033591,-0.042832,-0.012986,-0.021451,0.020611,-0.042573,0.058200,0.008253,-0.016321,-0.043336,-0.075928,-0.012596,0.028269,-0.009150,0.004306,-0.030997,-0.005040,0.012141,0.012463,-0.031286,-0.005212,-0.029863,-0.014906,-0.030515,0.022615,-0.041240,0.061864,0.060675,0.047872,0.095150
0.067810,-0.009887,0.051362,0.028464,0.018818,0.023156,-0.119616,-0.040272,-0.013654,-0.003717,0.019786,-0.006460,-0.008012,0.045121,-0.254524,0.073878,0.013103,0.176729,0.021046,-0.009681,-0.029760,0.038647,0.028511,0.005615,0.074005,0.035344,-0.069643,0.027381,0.069025,-0.037508,0.027191,0.018838,0.006377,0.065051,0.083948,0.164158,0.031059,0.000729,0.109202,-0.019610,-0.003967,0.006719,0.067347,0.017919,-0.033558,0.000497,0.072916,-0.110502,-0.015449,0.115301,-0.222031,0.006159,0.068761,-0.021997,0.023769,0.046088,0.013275,0.005469,-0.033434,-0.008682,0.079351,0.016332,-0.082069,-0.631218,-0.010582,-0.026858,-0.002044,0.006686,-0.019270,-0.057793,-0.006774,0.031514,-0.041982,0.004133,-0.059688,0.073354,-0.012383,-0.042403,0.021571,0.013684,-0.033802,-0.016289,0.047312,0.041028,0.012379,0.022280,-0.048920,0.033844,-0.022090,-0.028451,0.034101,0.044120,0.001798,-0.109739,0.215199,0.015255,0.025189,0.014781,0.035893,-0.063144,-0.047736,0.035009,0.251700,0.103634,0.010635,-0.244411,0.011924,-0.040253,0.015655,0.002435,0.003542,0.046350,-0.001339,-0.031305,0.008605,-0.009803,-0.015211,-0.189064,-0.020433,-0.006616,0.068407,0.057454,0.037752,0.077936,-0.035145,0.008245,0.048930,-0.002059
-0.006861,-0.002472,0.034932,-0.045104,0.031088,0.061720,0.031203,-0.033578,-0.026757,0.000810,-0.005011,0.001269,-0.022479,0.001622,0.016251,0.023408,0.024758,-0.018659,0.009193,-0.024659,0.072874,-0.006032,-0.042881,-0.021664,-0.030801,0.005256,-0.016108,-0.039406,0.067230,-0.016112,-0.080113,-0.091191,-0.029817,-0.009851,0.027551,-0.000419,-0.017780,-0.074830,0.006864,-0.062798,-0.032143,-0.034679,0.012916,-0.074861,0.014301,0.046093,0.014695,0.004563,-0.040143,-0.036070,0.011154,0.031154,-0.060555,0.087162,0.000909,-0.028471,-0.027323,-0.002855,-0.237275,-0.038586,-0.002554,0.011619,-0.028035,-0.001166,-0.069386,0.028243,-0.000765,-0.009179,-0.021474,-0.004534,-0.026726,0.018766,-0.002254,-0.019085,0.055337,-0.002997,-0.102468,0.030239,-0.011733,0.039211,-0.038946,-0.004432,-0.006689,0.028639,-0.011166,-0.427224,-0.003032,0.072824,-0.043592,-0.019428,0.068516,-0.013175,0.047644,-0.011044,-0.024578,0.000188,0.001615,-0.000470,-0.023952,0.002236,-0.056170,0.028675,0.074395,-0.011588,-0.037463,0.037575,-0.007437,-0.011307,-0.016854,-0.023190,-0.030178,0.034201,0.001673,-0.025121,-0.015932,0.016141,-0.032475,0.080862,-0.039946,0.010254,0.005757,0.041938,0.017568,0.049551,-0.037570,0.014634,-0.006676,-0.015809
0.005294,0.016444,-0.048391,-0.025578,-0.081182,-0.008451,0.052400,-0.004369,0.001520,-0.013840,-0.033449,-0.013028,-0.033057,0.003845,0.008395,0.016898,-0.002484,-0.028360,0.022987,0.022460,-0.060595,-0.036001,-0.072141,0.094786,-0.015741,-0.029003,0.016847,-0.060505,0.000696,0.005179,-0.072909,0.189375,-0.067219,0.039418,-0.043038,-0.008342,-0.423240,-0.023152,-0.007230,0.006994,-0.052491,-0.018025,-0.013357,0.017291,-0.012970,0.045170,-0.000937,0.003118,0.001261,-0.012376,0.064846,-0.001655,-0.080452,0.005926,-0.035619,0.013539,0.008218,0.029174,-0.020039,0.200568,0.015020,0.021435,-0.077869,-0.027188,0.012889,0.046593,-0.022297,0.007132,-0.025755,-0.038373,-0.032007,-0.045889,0.030316,-0.019360,0.003758,-0.000608,-0.066931,-0.026110,0.066352,0.020871,0.002218,0.032353,-0.032069,0.073175,0.040744,0.014072,-0.005483,0.035801,-0.057542,-0.077639,0.004896,-0.006546,0.032689,0.110727,0.028465,-0.023098,0.042336,0.067816,0.052529,-0.067204,-0.025970,0.149424,0.035836,-0.005093,-0.037018,-0.029004,-0.006400,-0.056330,-0.009027,0.002731,-0.038952,0.039703,-0.005012,0.003616,-0.005135,0.044882,0.010709,-0.026450,-0.038727,-0.040854,0.047003,-0.008835,0.029305,0.078537,0.010462,0.034107,0.050816,-0.031937
0.052883,-0.018568,0.023605,-0.009457,0.018649,0.023546,-0.138852,0.042884,0.003198,-0.022004,-0.053163,-0.027175,0.015431,0.000659,-0.193745,-0.110089,0.001726,0.096436,0.008212,-0.024570,0.004553,0.354814,0.003153,0.001232,-0.031283,-0.169888,0.125888,0.012535,-0.040976,-0.022696,0.018113,-0.047604,-0.010787,-0.023575,-0.017965,-0.150000,0.008963,0.032101,0.374359,0.016732,0.038268,-0.028923,-0.053603,-0.002509,-0.017361,-0.033851,0.100210,-0.002492,-0.012260,0.146151,0.033840,0.027007,0.037499,0.008491,0.006523,0.010528,0.002909,0.030637,-0.029918,-0.025290,0.343641,0.004938,0.035186,0.352323,0.016531,0.005073,0.010010,0.036025,-0.006308,-0.004436,-0.144504,0.011477,-0.016952,0.003677,0.001583,0.000914,0.003354,0.016331,-0.011488,-0.025995,0.004521,0.005089,0.020246,-0.019426,-0.009815,0.006803,0.028915,0.008258,-0.058335,-0.008578,0.079350,0.000545,-0.000063,-0.009345,0.394624,-0.006992,0.010847,-0.011083,-0.024024,0.053844,0.222688,-0.022736,0.064054,0.262411,0.016392,0.012220,-0.032563,-0.010685,-0.040724,-0.012410,-0.005742,0.036322,-0.008502,0.020967,0.000585,-0.026031,-0.019581,0.077481,0.000236,0.030297,0.017330,-0.001823,-0.006449,0.005281,0.000836,0.019203,0.005071,-0.000190
-0.003323,0.056713,-0.052730,0.021301,0.053840,-0.038886,-0.032603,0.011685,0.015813,0.031707,0.097749,-0.038027,0.009015,-0.044290,0.026382,-0.005100,-0.003998,0.029741,0.039292,0.019544,0.078866,0.029332,0.067803,-0.009283,0.075526,0.023470,-0.037317,-0.048271,-0.058121,0.043180,0.044702,0.029233,-0.009692,-0.016937,0.055887,-0.032577,0.023313,-0.123081,-0.012054,-0.007582,-0.017782,0.003298,-0.087996,-0.034196,0.046066,-0.020288,-0.008837,0.015222,-0.011545,-0.009702,-0.013645,-0.022624,-0.019190,-0.110179,0.075836,0.053662,-0.010775,0.046176,-0.062818,-0.004003,-0.022939,0.010837,-0.031859,0.006120,-0.019272,-0.023280,-0.025032,0.017112,-0.035408,0.098445,0.029602,0.009831,-0.151617,-0.002119,0.062025,0.019693,0.052042,0.039997,-0.064479,-0.081032,-0.066508,-0.029424,0.049804,-0.022791,0.006331,0.083015,0.109826,0.055455,0.046300,0.016319,-0.012729,0.004171,-0.015654,-0.065951,0.045474,-0.003460,0.019618,-0.012703,-0.012157,0.033727,0.058919,-0.006861,0.001772,-0.024187,-0.192969,-0.018331,0.001733,-0.005917,-0.027851,0.032420,0.031808,0.010189,0.021409,0.009859,-0.043470,-0.110691,-0.017482,0.049086,0.042030,-0.007790,-0.067997,-0.081735,-0.056212,-0.015959,-0.013492,-0.019636,-0.022904,0.034229
-0.006881,-0.023390,0.114047,-0.010443,0.011844,-0.019305,0.012170,0.058591,0.045275,-0.040937,0.014802,-0.003594,0.003559,-0.012693,-0.018047,-0.000290,0.017040,0.013502,0.012401,-0.027640,-0.625279,0.020230,-0.021614,-0.018332,-0.020049,0.010019,0.001545,-0.041015,0.016768,-0.023470,-0.005086,-0.047151,-0.003580,-0.007306,-0.027889,-0.004056,0.023239,0.052282,0.016631,-0.035748,0.026517,0.041001,0.018671,0.044022,-0.026426,-0.025099,0.024369,0.002186,-0.012388,-0.025425,0.036485,0.022118,0.043278,0.031552,0.058952,-0.019674,-0.040479,-0.004471,0.048826,-0.002071,-0.042927,-0.016217,0.012673,0.014243,-0.048179,0.020395,-0.029959,0.003423,0.012667,-0.003764,0.008313,0.023456,0.036164,0.022056,0.003367,-0.014991,-0.011523,-0.011721,-0.014769,-0.014275,0.008971,0.001573,0.031587,0.036716,-0.005829,0.004075,0.043713,0.010901,-0.005078,0.014686,-0.004053,-0.009240,0.187703,0.016052,0.001691,0.018497,-0.031443,0.001981,-0.041807,-0.025298,0.015624,0.145739,0.027605,-0.063747,-0.002946,0.008671,-0.002312,0.014354,-0.060673,-0.022923,-0.015401,-0.008851,0.006205,0.031208,-0.013272,0.009295,-0.009551,-0.039998,0.004902,0.009302,0.033747,-0.000764,-0.008486,0.017258,-0.012911,0.056199,-0.022693,-0.028770
-0.001440,0.047661,-0.041889,0.031086,0.088571,0.002334,0.020414,0.023983,0.023048,-0.025944,0.034206,0.138755,-0.057727,-0.000936,-0.049332,0.062070,-0.116138,0.004225,-0.044827,-0.017377,0.015407,-0.008000,0.136007,0.064832,-0.029059,0.007072,-0.045692,0.013406,0.039653,-0.022261,0.017171,-0.068721,0.083912,-0.100876,-0.013432,0.049558,0.025550,0.008720,-0.025233,-0.045030,-0.034127,0.011402,0.005526,-0.196092,-0.011140,0.023501,-0.040792,-0.007615,0.006065,-0.035691,0.025521,-0.161795,-0.130144,-0.029392,0.064567,0.016802,0.102448,-0.065645,-0.028513,0.052345,0.039874,0.024158,0.045704,0.003925,0.046687,0.014959,-0.021837,-0.023365,0.027499,-0.022491,-0.012349,-0.035165,0.016289,0.026415,0.024377,0.071020,0.022751,0.014538,0.081637,0.106326,-0.070462,-0.022824,0.018514,0.056603,-0.022806,0.045393,-0.116494,0.015223,0.024819,0.056776,0.079060,0.002699,0.073171,-0.070942,0.063998,-0.005822,-0.096981,-0.060850,-0.005071,0.030168,-0.035611,0.024077,0.027573,-0.056099,-0.017061,-0.035352,0.005864,-0.007082,0.016347,0.033609,0.077548,0.043511,-0.005619,0.002603,0.048819,-0.021106,-0.019709,0.047570,-0.067279,-0.105080,-0.020758,-0.001208,0.011577,-0.065181,0.030826,0.006522,0.062904,0.012036
0.007212,0.003465,0.006883,-0.016836,0.035345,0.066134,-0.098535,0.023839,0.017838,0.002777,-0.062262,-0.023271,-0.001105,0.019144,0.094011,-0.090442,0.006859,-0.175044,0.005163,0.002625,-0.002052,-0.091610,0.000691,-0.013466,-0.049471,0.031038,0.094372,0.003512,-0.030791,0.004474,0.009679,-0.047876,-0.022378,-0.026970,-0.080844,0.012397,-0.005320,0.039237,-0.013587,0.033684,0.039786,-0.277485,-0.037601,-0.015351,0.015975,-0.002838,-0.354853,-0.072072,-0.036858,-0.033342,-0.057646,0.019736,-0.031446,-0.025556,-0.035565,-0.018751,0.034666,0.024034,0.061599,-0.008014,-0.040145,-0.007065,0.047904,-0.097012,0.003973,-0.001602,0.003195,0.113659,-0.037787,0.031408,0.342103,0.005972,0.062202,0.004883,0.018205,-0.033753,0.096512,0.017718,-0.023559,0.023996,-0.010872,0.000226,0.034635,-0.021876,0.003840,0.031688,-0.022280,0.011511,0.320488,0.151552,0.069231,-0.006023,0.019127,-0.007419,-0.107670,-0.003331,0.030110,0.009127,-0.017105,-0.002343,-0.191525,-0.037009,0.255592,0.246128,-0.024235,0.082065,-0.007124,0.005482,-0.055004,-0.011377,-0.015699,-0.003218,-0.001748,-0.022856,-0.003475,-0.026430,0.032652,0.065946,-0.004534,0.030453,-0.080348,-0.023114,-0.000187,-0.045245,-0.000392,0.429317,0.016678,0.022063
-0.012652,-0.009114,-0.017464,0.003042,0.002674,-0.004997,0.029132,-0.003475,0.014865,0.016585,-0.017706,-0.000382,0.015081,-0.018078,-0.001368,0.012962,-0.039909,-0.001378,0.027245,-0.036817,-0.026056,0.007150,0.020628,0.007942,-0.003397,0.004737,0.005918,0.044808,-0.001846,0.000180,-0.007403,0.001656,0.034008,-0.025782,0.008844,-0.000186,-0.003332,-0.004781,0.014306,0.041986,0.018161,-0.010266,0.004298,-0.002572,-0.021742,-0.008570,-0.008788,0.001474,0.003017,0.017165,0.017507,-0.006318,0.033108,0.008073,0.011068,0.057158,0.001063,0.015939,-0.005535,0.043815,-0.014496,-0.018458,0.004484,0.002078,-0.012886,-0.007915,0.008980,-0.012554,-0.002413,-0.013121,0.005279,-0.029897,-0.013223,0.002362,0.014855,0.113841,0.001132,-0.002623,0.007572,0.018552,-0.008273,-0.013566,-0.044857,0.013019,-0.007013,0.019965,0.005080,-0.022011,0.005069,-0.004241,-0.005948,0.051269,-0.034281,0.003381,-0.009245,-0.058029,0.019137,0.032851,-0.022515,0.006115,0.010799,0.008745,-0.006460,-0.014145,-0.002964,0.009149,-0.051151,-0.075521,0.065330,0.015280,0.036533,-0.003710,-0.004896,-0.002936,0.030633,0.000481,0.038286,-0.003804,0.033915,-0.007543,0.021806,-0.094776,-0.010606,0.019898,-0.007407,-0.001818,-0.000531,-0.021155
0.095135,0.008255,-0.026453,-0.053258,0.088224,0.074166,0.052206,0.038060,0.024882,0.112860,-0.057811,0.033666,0.069627,0.098957,-0.017030,0.013741,-0.013364,-0.027021,0.233474,-0.054688,0.028278,-0.041705,-0.076880,-0.072316,-0.030879,-0.022501,-0.082590,-0.061380,0.006848,-0.003713,-0.048535,-0.070934,-0.006914,-0.001916,-0.018676,0.026898,-0.067366,-0.026908,-0.105820,0.036001,0.011943,0.056619,-0.000544,-0.022105,-0.005852,0.035612,-0.024868,0.028405,-0.029091,-0.080037,0.108345,0.017550,-0.002644,0.024149,0.030664,0.005364,-0.002989,-0.032875,-0.012065,-0.044794,0.037007,0.139057,-0.072995,-0.004201,-0.021509,-0.019351,-0.048253,0.033603,-0.048717,-0.105433,-0.069153,0.026592,-0.046152,-0.012632,-0.011627,0.059551,0.044216,0.027598,-0.036703,0.057467,-0.053457,0.005792,0.034400,0.004210,0.049396,0.025930,0.031374,0.009188,-0.002193,0.046750,0.042999,-0.067001,0.018999,0.017874,0.132167,0.036651,0.345679,0.308755,0.003765,-0.032960,0.001903,-0.049520,-0.078520,-0.030699,-0.021854,-0.079233,0.074133,0.046464,0.076238,-0.002979,-0.008331,0.014577,-0.012696,0.021766,-0.026888,0.080375,0.068954,-0.000714,-0.004660,-0.017214,0.019212,0.054064,0.021084,-0.012436,-0.037021,0.049342,0.018037,-0.022017
0.014788,0.020417,0.000543,-0.024337,0.127991,0.045804,0.011399,0.038464,-0.010743,-0.002617,-0.008921,-0.023136,-0.022065,-0.073287,-0.007404,0.005001,-0.046792,0.031422,-0.044697,0.013025,0.032858,-0.036873,-0.039946,0.055732,-0.149667,0.008747,-0.038591,-0.027848,-0.007239,0.028431,-0.012984,0.065308,0.028155,-0.052307,-0.031927,0.004070,-0.029950,0.030345,-0.078543,0.022785,0.007835,-0.031405,-0.037880,-0.003795,0.016364,0.058188,-0.015717,0.016964,-0.063822,-0.084004,0.045045,-0.056071,0.044625,-0.102978,-0.012324,-0.012100,-0.073031,0.021672,-0.116330,-0.022829,0.013853,-0.031536,-0.010890,0.011266,-0.002983,0.089048,-0.045212,-0.006043,0.008602,0.011135,-0.029949,-0.006485,0.052904,0.004363,0.027010,-0.080903,0.114054,0.017673,0.030395,0.010251,0.043583,0.022193,0.028091,0.062299,-0.002577,-0.040414,0.016206,-0.012697,-0.012613,-0.019488,-0.014059,0.005109,0.047270,-0.006344,0.043965,-0.004606,0.022285,0.065826,-0.020874,-0.037164,-0.028946,0.001467,-0.016265,-0.036307,-0.022440,-0.038028,-0.023771,0.078910,-0.054469,-0.010487,-0.051159,-0.034203,-0.017174,-0.016876,-0.010433,-0.040654,0.049834,-0.015825,-0.105167,0.021168,-0.002049,0.046981,-0.042542,0.023588,0.001081,0.005996,-0.022450,0.056788
0.007318,-0.007392,-0.001635,-0.044925,0.044298,0.060719,-0.042304,-0.011366,-0.014110,0.064350,-0.015615,0.061084,-0.034233,0.044999,-0.030867,-0.014453,-0.012886,-0.011806,-0.100340,-0.017158,0.011203,0.073949,0.024629,-0.003285,0.008158,0.054359,0.049896,0.070115,0.037961,0.023023,-0.009398,0.004126,0.046032,-0.014621,-0.024308,0.033045,0.050319,-0.003474,-0.011745,0.038902,0.006432,-0.019352,0.056047,0.023426,0.087871,0.009021,-0.029582,0.015681,-0.048114,0.004714,0.015677,-0.038061,0.131231,0.044346,0.032387,0.097675,-0.014181,-0.060399,0.059964,0.054435,0.010243,0.353318,0.024628,0.015843,-0.069564,-0.047711,0.028865,0.008034,0.014356,0.047920,-0.014086,0.017453,-0.008394,-0.014661,0.066922,0.040283,-0.054576,0.065137,-0.028696,0.033430,0.031075,-0.035389,-0.014804,0.014591,0.028524,0.019999,0.030201,0.175946,0.008216,0.008507,-0.050330,0.126541,0.000537,0.017975,-0.018591,-0.000459,0.119114,0.127593,-0.018257,-0.028381,0.002265,0.020593,-0.010086,-0.013952,0.043286,0.001353,0.003859,0.046985,-0.007404,0.005990,-0.059417,0.029635,-0.005963,0.014406,0.022884,0.033314,-0.009620,0.046220,-0.020292,0.003694,0.031044,-0.030073,0.106005,-0.058880,0.001838,0.013341,-0.031027,-0.008100
0.003132,0.013857,0.115000,0.044049,-0.045702,0.044391,-0.070481,-0.020501,0.027687,0.000195,-0.049947,-0.009752,0.003653,0.022821,-0.002986,0.015578,-0.084448,-0.009353,0.031656,-0.002525,0.055676,0.020110,-0.006409,0.012913,0.087120,0.056752,0.015868,0.013223,0.024794,0.006222,0.054246,0.085862,-0.039089,-0.059135,0.070370,0.005665,-0.020484,0.090845,-0.019043,-0.010773,-0.061631,-0.007427,-0.002983,0.140323,0.042875,-0.017950,-0.006355,-0.007916,0.011289,-0.012029,-0.057769,0.070303,0.093144,0.206466,0.016218,-0.072738,-0.000657,-0.056918,0.064516,-0.032037,-0.006189,-0.073687,0.032539,0.002278,0.029852,-0.030857,-0.051228,0.013229,0.028007,-0.022474,-0.008676,0.002421,0.041216,0.011051,-0.012331,0.043650,-0.096345,0.034320,0.064128,0.005901,0.048421,0.010894,-0.022026,0.023978,0.010092,0.104846,0.014064,0.031480,-0.030929,-0.006589,0.023385,-0.035904,-0.031230,0.006901,0.009254,-0.081261,0.016409,-0.001403,0.021121,0.080770,0.042265,0.006232,0.019544,-0.016500,0.221558,-0.010227,0.022083,0.019993,0.074507,-0.045711,0.023209,0.038627,-0.000516,0.007264,-0.024832,0.048127,0.015319,0.041769,0.034825,0.015657,-0.006828,0.005747,0.052206,-0.068443,-0.045522,0.057327,0.091379,-0.074521
-0.004529,0.011371,-0.040292,0.001099,-0.096241,-0.023475,0.014888,0.048899,-0.000399,-0.046144,0.058946,-0.018403,-0.019317,0.129403,-0.027854,0.026911,-0.004943,0.001798,0.107203,0.066817,0.004823,0.009793,0.013393,0.081485,-0.014712,0.002220,-0.019028,-0.046386,-0.031991,0.059953,0.002793,0.016804,-0.025657,-0.049710,0.111982,0.047534,-0.122405,0.078347,-0.045895,-0.036007,-0.286483,-0.070612,-0.031451,-0.020388,-0.063005,-0.009309,0.012970,0.017475,0.033268,-0.005915,0.042200,0.040503,-0.054718,-0.194886,0.063351,-0.006875,0.037910,0.030063,-0.117563,0.028896,0.021053,-0.054129,0.039335,-0.037496,0.053864,-0.003371,-0.036124,0.002391,-0.031106,0.109337,0.010391,-0.014577,-0.039956,0.008751,0.019622,-0.089662,-0.017823,-0.011840,0.060327,-0.006726,0.006993,-0.017302,-0.023991,0.038341,-0.018942,0.018252,0.053546,0.074152,-0.036430,0.010597,0.040004,0.039264,0.000549,0.064274,0.063855,-0.011805,0.022042,-0.001495,0.023391,-0.014366,0.041058,-0.007612,0.005869,-0.028130,-0.283877,-0.081530,-0.001837,0.024342,0.017045,-0.015633,0.048889,-0.180356,-0.004135,-0.014042,0.015873,0.009314,-0.038259,0.052898,-0.001678,0.009269,-0.018319,-0.013979,0.054068,-0.316039,0.063926,-0.020506,0.027223,0.013866
-0.058183,0.045078,0.079642,0.024860,0.056587,0.028846,0.027627,0.010093,0.010382,0.010290,-0.005096,0.013918,-0.032831,0.003974,0.001892,-0.001682,0.023469,-0.013220,-0.023733,-0.086494,0.038756,0.002224,0.010850,0.075827,-0.046417,0.046234,0.007933,0.015453,0.002830,0.015413,0.082171,0.000813,0.024561,-0.015217,0.034092,0.040376,-0.008603,-0.002957,-0.015814,0.040570,-0.001199,0.004280,0.009672,-0.025215,0.010416,0.018112,-0.009033,-0.011566,0.048066,0.020089,-0.016138,-0.022913,-0.078828,0.039488,-0.017043,0.045709,0.004521,0.025890,0.001354,-0.004975,0.001465,-0.017710,0.025348,0.026437,0.069513,0.048931,0.073649,0.010773,0.028865,0.005633,0.011329,0.010599,0.014457,0.011667,-0.010865,-0.003324,-0.041758,0.019401,-0.019074,-0.011633,0.024447,-0.007099,0.010651,0.054560,0.338231,-0.034811,-0.016971,0.038801,0.007711,-0.002572,0.009174,-0.006248,-0.008238,0.007963,-0.020552,0.073438,-0.010120,-0.039552,-0.024934,-0.064415,-0.002913,0.043700,0.000390,0.005986,0.102957,-0.020039,0.026045,-0.011515,0.015671,-0.011745,0.037335,-0.006514,-0.005386,-0.014751,-0.016200,0.300282,-0.299655,-0.051821,-0.043816,-0.017553,0.020876,0.018788,0.006235,-0.016537,0.041134,0.007781,0.009304,0.025368
-0.015327,0.035910,-0.018614,0.018971,-0.027053,0.054619,0.041852,0.024034,0.028016,-0.060148,0.006291,-0.019936,-0.073880,-0.044074,0.014376,0.012053,0.017757,0.000929,-0.057587,0.070875,-0.027802,-0.027755,-0.027793,-0.019225,0.014831,-0.006675,-0.017412,-0.112602,-0.010236,0.027590,0.009900,-0.026277,0.011062,0.020065,-0.001074,-0.009237,0.012618,-0.009496,0.000199,0.030914,0.090675,-0.005039,-0.002434,0.064350,-0.052238,0.046587,-0.013585,-0.008313,0.030889,-0.013230,0.024174,0.018214,0.003744,-0.034547,-0.046864,0.036614,-0.008608,0.069558,-0.008463,0.040418,0.007871,-0.022327,-0.080501,0.020305,0.003024,0.028442,0.014062,0.001412,0.023182,-0.035351,-0.003606,0.006343,0.007073,-0.045922,-0.116205,-0.068975,-0.084177,-0.120953,0.054675,0.012200,-0.001898,-0.055451,-0.011127,0.081609,-0.024335,0.051138,0.039786,-0.050403,0.012875,-0.051147,-0.001579,0.031555,-0.009678,0.070933,0.020273,-0.009647,0.052504,0.018576,0.012246,-0.033358,0.029431,-0.058113,-0.005913,-0.016623,-0.029455,-0.014379,-0.022395,-0.019865,0.094973,-0.025201,-0.042994,-0.011254,0.010964,-0.020777,0.011269,0.005240,-0.008080,0.002924,-0.001149,0.002827,0.042457,0.041627,-0.039337,-0.107420,0.008904,-0.005074,0.037278,0.032644
0.005650,0.005388,-0.009044,0.005389,-0.025139,-0.009942,0.318661,0.018967,-0.018306,-0.018718,-0.004849,-0.002593,-0.000037,0.015037,0.254891,0.049245,0.008116,-0.025676,-0.009471,0.003388,-0.027275,0.225565,-0.012063,0.019039,-0.011522,0.251554,-0.028915,0.000195,-0.045610,-0.010928,0.013555,-0.015703,0.006920,-0.003337,-0.026358,-0.010194,0.013092,-0.000358,-0.208721,-0.026249,-0.024719,0.039922,-0.053466,-0.005107,-0.024405,-0.034727,-0.192366,0.326897,0.015924,0.306816,0.080223,0.011715,0.017306,0.019843,-0.031790,0.017626,-0.045222,-0.001704,0.006922,-0.023460,0.306284,0.046433,-0.037233,-0.268222,-0.014432,0.026114,-0.004994,-0.049777,0.001278,0.000892,-0.222207,-0.001540,-0.032620,-0.012642,-0.016495,-0.005731,0.001345,-0.032924,0.009807,0.021681,-0.010780,-0.005729,-0.007148,-0.015832,0.020041,-0.012739,-0.024939,0.022426,0.180755,0.084906,0.017280,0.012417,-0.009451,-0.034994,-0.196480,0.013373,0.025848,0.002089,-0.018514,-0.065734,0.274787,0.003588,-0.079770,0.253092,0.008627,0.104138,0.007613,0.002252,-0.010951,0.000493,-0.004547,-0.026917,-0.010167,0.027454,-0.002394,0.030562,-0.007931,0.049720,0.014918,-0.000296,-0.004836,-0.010120,0.026128,0.037173,-0.012751,-0.006544,-0.025885,-0.005422
0.033545,0.006623,0.039792,-0.050320,-0.018137,0.027159,0.020992,0.023766,-0.033959,0.021673,0.014274,-0.015271,0.048858,-0.031614,0.013131,0.065085,-0.054464,-0.035816,-0.060961,-0.028743,-0.111923,-0.032288,-0.003695,-0.020720,-0.032458,-0.030816,0.046557,0.017217,0.061605,0.033513,-0.027434,-0.015104,-0.032165,0.044214,-0.009897,-0.021691,-0.023645,0.002301,0.014511,-0.062406,-0.015921,-0.004585,0.075597,0.051170,0.020478,-0.037051,0.035538,-0.015017,-0.033093,0.027136,0.055067,-0.024609,0.000225,-0.007888,-0.034166,0.005477,0.030806,-0.006051,-0.087499,-0.062527,-0.012288,0.004847,0.008943,-0.039752,0.013894,-0.006231,0.025468,-0.017087,-0.010850,-0.005180,-0.002118,-0.035921,-0.010250,0.028955,-0.059701,0.016295,-0.050826,0.027086,-0.010217,-0.316807,0.027605,-0.049685,-0.001893,0.022640,0.005949,-0.099121,-0.168668,-0.051133,0.024215,0.087222,0.067943,-0.009793,0.047183,0.022939,-0.010865,0.036385,0.034461,-0.018989,0.004761,0.110072,0.045239,0.041661,0.018619,-0.012098,0.007998,0.023424,-0.001944,-0.088401,0.039308,0.022089,-0.051393,-0.000589,0.010123,-0.034857,0.090784,0.002421,-0.028120,0.000841,-0.052446,-0.026771,0.017288,-0.078437,-0.051559,-0.035285,0.005501,0.046847,0.020139,-0.046567
-0.012567,0.010126,0.020413,-0.004128,-0.081629,-0.030337,0.001274,-0.014908,-0.074356,-0.001332,0.072261,-0.022691,-0.159819,0.056832,-0.028556,0.048028,-0.033621,0.030490,-0.085506,-0.026633,0.054951,0.074731,0.019183,-0.048313,-0.006279,-0.001414,-0.006257,-0.072939,0.005665,-0.028731,0.016678,0.057296,0.001965,0.060020,0.042517,0.033984,0.035379,0.012412,-0.016451,-0.014473,0.063028,-0.015797,0.002551,-0.060595,0.070606,0.016494,-0.017028,0.017744,0.010537,0.008879,-0.042667,0.008972,0.017395,-0.173534,0.072896,-0.132225,-0.010933,-0.073529,0.014495,0.123921,0.062381,0.104235,0.007600,0.048376,0.038723,0.004680,0.030509,0.002324,-0.000906,0.002361,-0.023870,-0.018720,-0.017254,0.026882,0.059999,-0.073933,0.079778,0.010994,-0.047918,-0.036494,0.040830,0.033903,0.026936,-0.012274,0.021706,0.036076,-0.083536,-0.031641,0.005412,0.017512,-0.016738,-0.046371,0.016460,0.045398,-0.006996,-0.037868,-0.019857,0.075146,-0.020433,0.078395,0.011789,-0.069944,0.045624,-0.029822,-0.083597,-0.005841,0.009240,-0.001829,-0.035233,-0.060608,0.081876,-0.134580,0.001568,0.005034,0.060504,0.033867,0.014186,0.019003,-0.091454,-0.030773,0.039013,0.111903,-0.043711,-0.206316,0.057560,0.009557,-0.005151,0.020935
-0.034644,0.005473,-0.027200,0.000254,-0.080805,-0.051158,-0.016365,-0.042323,0.028247,-0.016268,-0.070764,-0.004305,-0.032900,-0.007251,-0.010341,-0.012390,0.019523,0.019478,-0.002190,-0.034520,0.025219,-0.042172,0.004951,-0.020540,-0.012693,-0.006613,-0.016783,0.054474,-0.018744,-0.002499,-0.011720,0.044546,-0.011608,0.050733,-0.071811,0.058299,-0.023401,0.038512,0.023479,-0.013860,0.035683,-0.038964,0.006107,-0.045275,-0.004473,-0.797097,-0.047330,-0.010762,-0.007333,-0.016258,0.014353,0.145528,0.002384,-0.065433,0.020080,-0.046028,0.070250,-0.020004,-0.058299,0.042525,-0.063901,0.054982,-0.008747,0.065393,-0.029364,-0.036467,-0.013642,0.104314,0.003867,0.062853,0.018645,-0.022853,0.071898,-0.006273,0.010379,0.057392,-0.047244,0.022916,-0.020835,0.050486,-0.019886,0.005769,0.013231,0.043291,-0.025754,0.022295,-0.017893,0.015507,-0.034787,0.009034,-0.047541,-0.022026,0.001932,-0.094709,0.016149,-0.063641,-0.005327,0.003938,-0.003178,-0.064659,-0.009698,0.058756,0.040923,0.000577,-0.020828,-0.029440,-0.005356,-0.009673,-0.015997,-0.009851,-0.009712,0.069524,-0.001535,0.052293,0.011522,0.001577,-0.040246,-0.022000,-0.027806,0.153604,0.000186,-0.007832,0.010162,-0.001710,0.028417,0.020617,0.105518,-0.004005
0.002213,0.049728,0.018826,0.001997,-0.011517,0.123202,0.026193,-0.018583,-0.056508,0.079512,0.003571,0.014151,-0.082655,0.066423,-0.006147,0.009182,-0.060540,-0.000546,-0.044271,0.005905,0.003418,0.004733,0.016471,-0.035737,0.031327,0.000360,0.044360,-0.011424,-0.032935,-0.023811,-0.070329,0.108042,0.035629,0.027739,0.001818,-0.002646,-0.038007,-0.009647,0.013077,-0.100163,0.087795,-0.009809,-0.016339,0.031778,0.026175,0.020378,-0.007898,-0.003555,-0.067611,-0.006425,-0.008354,0.010985,0.079438,0.010707,-0.024268,-0.003217,-0.031685,-0.044015,-0.032353,0.005197,-0.001477,-0.045371,-0.027856,0.017458,-0.039773,0.076315,-0.055545,-0.011370,-0.047077,-0.002589,-0.014300,-0.031555,-0.011884,0.027318,-0.060123,-0.043097,-0.079976,-0.055007,0.075741,0.097639,-0.003424,0.008584,0.001443,-0.033954,0.005094,0.102421,-0.003604,0.003070,0.004470,-0.086005,-0.002382,0.036222,0.036517,-0.033389,-0.049593,-0.136328,-0.016671,0.023999,0.042557,-0.049065,0.005877,0.004400,0.007948,0.011562,0.001355,0.029748,-0.033458,-0.127285,0.092922,0.023335,0.044388,-0.017241,0.001922,0.000283,0.037875,0.020325,0.011667,-0.010162,-0.072981,0.000599,0.065039,0.008797,-0.001311,0.007495,-0.055962,0.018228,0.019682,0.034824
-0.009276,-0.011538,0.011955,-0.026339,0.004688,0.002071,0.014029,-0.031724,0.084438,-0.003401,-0.064234,-0.057255,0.027145,0.061647,0.007822,0.001771,-0.024016,0.008558,0.053672,-0.044231,0.082885,-0.031125,0.078927,0.015981,-0.053962,-0.013368,-0.011265,0.036239,-0.028296,-0.090323,0.027765,0.017065,-0.035844,-0.066321,0.022754,0.021242,0.002778,-0.044026,-0.007608,0.002457,0.000206,-0.030736,0.011383,-0.061226,-0.029081,0.057431,-0.025463,-0.005854,-0.033940,-0.027920,0.042379,-0.028527,-0.090875,0.007371,-0.033000,0.034803,0.010573,0.041529,0.050861,0.055275,0.038648,0.000286,-0.050333,-0.005796,0.038545,0.043065,0.021531,0.012684,-0.051722,-0.073871,-0.013447,0.110961,0.096682,0.016736,0.036282,0.081458,-0.051743,-0.019189,-0.095953,-0.012765,-0.004399,-0.019686,0.058342,0.060280,0.013707,-0.032520,0.040056,-0.014875,-0.009631,-0.027966,0.001559,0.065455,0.069501,-0.024898,0.009262,-0.031032,0.003715,0.009462,-0.051195,-0.065322,-0.010534,0.003020,0.011509,-0.024912,-0.001914,-0.006423,0.001355,-0.013525,0.014965,-0.029562,0.088686,0.077314,-0.001992,0.005949,0.014492,-0.010457,0.025984,-0.032772,0.011791,-0.056484,0.036534,0.000971,0.005611,0.005026,0.008676,0.003896,0.016684,-0.002453
-0.030941,-0.011067,0.007582,-0.001521,0.016013,-0.028465,-0.101761,0.030793,0.039021,0.130897,0.087204,0.011170,-0.050842,0.049302,-0.005824,0.095414,-0.051308,0.007716,0.008519,-0.022171,0.006300,-0.004563,-0.046082,-0.019606,0.030586,-0.005619,0.066947,-0.020845,0.110787,-0.016311,-0.069230,-0.040907,-0.051552,-0.014093,-0.035306,0.025936,-0.040806,-0.009478,0.014187,0.174837,0.017012,0.042094,0.133539,0.053331,-0.021283,-0.004044,-0.008658,0.057556,-0.017204,0.024191,-0.014081,-0.018746,-0.016340,0.068325,0.075884,0.001887,0.000135,-0.023057,-0.012529,-0.001283,0.050213,-0.101492,0.018924,0.011471,-0.021686,0.019072,0.094067,-0.010607,-0.039492,-0.014588,0.001515,0.011752,-0.032584,-0.024204,-0.024833,-0.043237,0.035052,-0.022558,-0.015017,0.119091,-0.009525,-0.010438,0.008866,0.002257,0.002476,-0.028049,-0.050496,0.041784,0.073666,0.134386,-0.090114,-0.021201,-0.037830,0.042003,-0.031284,-0.068170,-0.534902,-0.132952,0.007034,0.010634,0.001172,-0.045294,0.015614,0.009736,-0.089022,-0.023370,0.024110,0.033452,-0.027185,-0.050831,-0.026443,-0.004882,-0.009215,-0.030157,0.087243,0.031391,0.118094,-0.016326,-0.135054,-0.007557,-0.016874,-0.000881,0.037642,-0.043210,-0.049422,-0.017622,-0.018839,-0.005685
0.005721,0.005516,0.078024,0.004788,-0.196867,0.046767,-0.036014,-0.033571,0.020177,0.059478,0.021121,-0.020909,0.033345,0.068385,0.016170,-0.008921,0.007737,0.003203,0.041941,-0.003115,0.025941,0.031583,-0.062328,-0.049232,0.025131,0.033590,0.054768,-0.038682,-0.036669,-0.011718,-0.018401,0.067648,-0.239882,-0.021071,-0.006480,-0.034351,0.067024,-0.075272,-0.025453,0.118731,0.066011,0.007291,-0.045375,0.113900,-0.047566,0.008804,0.028249,-0.012240,0.095821,0.020088,-0.014246,0.025001,0.093900,0.051144,0.020841,0.055088,0.068905,0.040107,-0.077004,0.076404,-0.017237,-0.096305,0.017718,-0.013222,0.027545,0.018879,0.035679,-0.003955,-0.035521,-0.002569,0.031557,0.094777,0.009944,-0.022268,0.038615,0.007492,-0.074091,0.033216,0.033698,0.036745,-0.005749,-0.130922,0.030979,0.000926,-0.022421,0.023322,0.092865,-0.037962,-0.008667,-0.009353,-0.036984,0.052584,-0.061136,0.009435,-0.005140,0.062710,0.047907,0.039884,-0.018034,-0.054144,-0.006231,0.086436,-0.013769,-0.004862,0.004751,0.006266,0.062332,0.038136,0.061501,-0.007617,0.017086,0.012105,-0.013840,0.008136,-0.004697,0.024176,0.033788,-0.011254,0.027819,-0.004230,0.004300,0.019526,-0.015518,-0.032240,0.034903,0.011817,0.013111,-0.018936
-0.070425,-0.054086,-0.055575,-0.021057,0.048449,-0.042739,0.078760,0.168749,0.078827,-0.028273,-0.006206,0.054056,-0.013134,-0.022826,-0.096384,-0.009118,-0.010306,-0.084557,-0.000672,-0.007615,0.092199,-0.044627,-0.026428,-0.006090,-0.110464,-0.105146,0.016854,-0.113205,-0.020843,0.008708,-0.043668,-0.046400,-0.030108,-0.110009,-0.282331,0.221400,0.000429,0.023474,0.166744,-0.032041,0.320288,-0.104980,-0.013303,0.020030,0.010035,0.097627,0.032613,0.071298,0.012780,-0.007182,0.403354,-0.012800,-0.031494,0.049355,0.047500,-0.005015,0.084712,-0.000429,0.013027,0.007376,-0.008155,0.010377,0.050754,-0.194384,-0.007830,-0.037891,-0.022500,0.083384,0.035180,0.015276,0.247858,-0.062195,-0.012277,0.017460,0.041357,-0.208254,0.022220,0.026509,-0.031487,-0.020216,0.044769,0.019662,-0.031397,-0.113567,-0.008247,-0.029906,0.089170,0.044887,-0.164854,-0.029647,0.043545,0.014992,-0.053862,0.095643,0.072356,-0.038008,-0.005507,-0.026017,-0.076375,-0.020764,0.108593,-0.063260,0.036846,0.057000,0.025262,-0.032045,-0.077412,-0.049479,-0.043147,0.025807,-0.022378,0.162065,0.008010,-0.015740,-0.019936,0.035553,-0.016780,-0.046285,0.007113,-0.014442,-0.022116,-0.019509,0.007150,-0.027098,-0.002314,-0.058764,0.006588,-0.019557
-0.008281,-0.005136,-0.039247,-0.082155,0.032349,0.007062,0.047413,-0.023789,0.001629,0.012380,-0.093025,-0.001877,-0.009963,-0.093282,-0.047025,0.012173,0.104403,-0.004338,-0.030033,-0.007067,0.149147,0.006111,0.000356,-0.002478,0.006961,0.017116,0.026861,-0.029687,-0.053525,-0.020348,-0.025280,0.018002,0.009045,-0.033613,0.022361,-0.009438,0.013194,0.184083,0.047944,-0.023747,-0.035167,0.032516,-0.017754,-0.113599,-0.005056,-0.004078,-0.022952,-0.028039,-0.019645,0.021515,-0.002840,-0.022961,0.011910,-0.006655,0.042640,0.024409,-0.055203,0.001667,0.025463,0.109714,0.005270,-0.030884,0.029555,0.011244,-0.030385,0.037638,0.006977,-0.021971,-0.030510,0.013125,0.007712,-0.039330,0.066207,-0.009754,0.027945,-0.038882,0.040558,0.039653,-0.012360,0.034606,-0.067234,0.056016,0.019637,0.066439,-0.002395,-0.068661,-0.149090,-0.051962,0.031322,0.005280,0.031985,0.020518,-0.032512,-0.044571,-0.032260,0.034068,0.009815,0.068308,-0.060704,0.144596,-0.018257,-0.032482,0.002249,-0.039013,-0.116214,0.010554,-0.029558,0.017698,0.032038,0.050017,0.006622,-0.016497,-0.009824,0.012662,0.032847,0.029114,-0.014618,-0.009196,-0.011007,-0.025681,0.018515,-0.051964,-0.063882,0.010041,-0.012492,-0.036659,-0.054173,0.029043
-0.003428,0.022454,0.176085,0.012677,0.027794,0.022893,0.018741,0.074027,0.024534,0.018304,-0.031337,0.006904,0.014779,-0.007360,-0.006879,-0.012284,-0.019195,-0.004408,0.009750,0.015416,-0.539763,0.009606,-0.015505,0.028603,0.005539,0.001792,-0.015527,-0.037447,-0.042914,-0.032110,0.007519,-0.016514,0.006290,-0.011776,-0.010002,-0.040500,0.004725,-0.094094,0.040565,0.002448,-0.012116,0.063734,-0.052200,-0.084728,0.009067,-0.022822,0.026425,0.037673,0.024656,-0.031029,0.023160,0.000958,0.034353,-0.017334,0.039949,-0.003381,-0.026844,0.040018,0.105040,-0.001453,-0.057259,-0.020012,0.002678,-0.021216,-0.010132,0.014232,-0.012043,0.017968,0.003380,-0.003493,0.033837,0.120647,0.069773,-0.018298,0.021651,-0.015509,-0.075943,0.000331,0.002283,0.030553,-0.008712,0.004902,0.105145,0.010425,0.015868,-0.021966,0.112455,-0.002620,0.036001,-0.025445,-0.012810,0.002376,0.202645,-0.022266,-0.006880,-0.028559,-0.036486,-0.039407,-0.070435,-0.060092,0.026676,0.209009,0.004447,-0.042501,-0.009539,0.026903,0.016272,0.028259,-0.026806,-0.004005,-0.003164,-0.005935,-0.002598,0.020512,-0.024286,0.007381,0.018046,-0.027864,-0.034621,0.033809,0.016876,0.019135,-0.003757,0.016420,-0.014149,0.035022,-0.018344,0.045403
0.101150,-0.074797,-0.169252,-0.099756,0.039795,-0.034832,-0.042069,0.045348,0.034789,-0.020585,0.007694,-0.057459,0.010521,0.016460,0.073200,-0.039565,0.000662,-0.007891,0.005258,-0.105161,0.034568,0.016531,-0.018404,0.082661,0.163427,0.032875,-0.057442,-0.020801,0.073641,-0.053283,-0.024280,-0.029942,-0.022710,0.043973,0.057840,-0.009140,-0.017743,0.024658,0.082012,-0.042169,0.005105,0.030999,0.074494,0.079969,-0.036732,-0.015800,0.030428,0.034066,-0.086232,-0.013565,-0.011306,-0.059898,-0.063816,0.027725,0.043977,-0.030996,0.001695,-0.023971,0.081231,-0.002531,-0.072418,0.019982,0.017215,-0.019697,-0.027345,0.143807,-0.039694,0.003611,-0.056275,-0.019714,-0.022882,-0.051877,0.145878,-0.024469,0.028453,0.000017,0.187799,0.024896,-0.079896,-0.011440,-0.011695,-0.078237,-0.117800,0.010612,0.018533,0.212712,0.032205,0.025297,0.093278,-0.000663,0.056747,0.014167,-0.066189,-0.035040,0.008325,0.149921,0.002742,-0.004213,0.069719,-0.104232,0.040930,-0.070259,-0.016722,-0.080999,0.019958,0.010332,0.026617,0.144199,-0.050441,0.005941,-0.093476,-0.050411,0.005831,-0.058492,-0.014149,0.022042,-0.050653,0.069628,-0.026555,-0.017482,-0.048285,0.027068,0.020311,0.023070,-0.026431,-0.035970,-0.033078,-0.665504
-0.024801,0.024220,-0.028553,0.033747,-0.043163,0.078788,-0.059417,-0.037335,0.029490,-0.040792,-0.048867,0.017309,0.007972,0.015657,0.028892,-0.092361,-0.017627,0.023905,0.049276,0.011127,0.031612,0.106747,-0.003382,0.001268,-0.018677,0.097579,-0.021047,-0.008772,0.600869,-0.012702,-0.009071,-0.020913,0.016878,-0.012046,-0.009685,-0.097455,0.000332,-0.063121,0.035953,-0.016090,0.052778,0.112595,0.680202,-0.035672,0.012811,0.000841,-0.046594,-0.053598,0.024972,0.025977,-0.017984,-0.023446,0.045396,-0.088920,0.036270,0.015871,0.028164,0.020096,0.035605,-0.021371,0.051555,-0.006166,-0.012753,0.082534,0.001698,-0.009455,-0.015699,0.041298,0.015652,-0.005540,0.024502,-0.012183,0.041068,0.009579,0.010637,0.006579,0.045433,0.021526,0.010951,0.008513,-0.014411,0.001789,0.013687,-0.021429,-0.011165,0.011172,0.208742,0.009122,-0.034169,-0.055569,0.018544,0.022976,-0.004269,-0.003166,-0.059988,-0.007224,0.030226,-0.015315,-0.024856,-0.067017,0.021023,-0.030293,0.031917,0.002707,-0.112582,0.212054,0.023193,-0.019362,0.039543,0.005707,0.009454,-0.007835,-0.001761,0.050279,-0.003513,-0.018273,-0.006783,-0.001308,0.019285,-0.022824,-0.069505,0.032672,0.004347,0.014392,0.008772,0.084494,0.028569,0.074604
-0.029836,-0.098133,-0.078677,-0.008868,0.028744,-0.022387,0.017720,-0.025681,0.014006,-0.024161,0.033548,0.057867,-0.002364,0.116530,-0.029543,0.023679,0.017471,0.012199,0.007548,0.055637,-0.003059,0.024472,-0.105178,-0.051663,-0.053078,0.005163,-0.015813,-0.029916,0.005996,0.041829,0.007987,0.081179,0.009671,0.036480,-0.106863,0.015491,-0.033265,0.021714,0.004458,-0.020032,0.050969,0.013825,0.019486,0.076085,-0.036160,0.038084,0.038204,-0.012475,0.050148,0.024505,-0.042024,0.012314,0.042355,0.043978,0.064654,-0.046035,-0.008467,-0.027207,0.011652,0.013347,-0.006445,-0.095993,0.076556,0.029244,-0.044962,0.008664,-0.003074,0.009258,0.003520,-0.030354,0.002201,-0.013094,-0.014335,-0.013512,0.019740,-0.025094,0.152419,0.000677,0.030638,0.052926,0.074666,0.011350,-0.049656,-0.016790,-0.025759,-0.141328,-0.058693,-0.025397,-0.003399,0.052040,0.001675,-0.017770,0.019679,0.075203,-0.018514,-0.009728,0.060297,0.094266,0.027864,0.071159,-0.010514,0.038820,0.013964,-0.005534,0.027556,-0.005254,-0.022634,-0.037913,0.030453,0.043445,-0.001463,0.019159,-0.010048,-0.023349,0.003032,0.027001,0.050306,0.050604,-0.014624,0.020477,0.001571,-0.044749,-0.006033,-0.049056,-0.017158,0.019377,0.009802,-0.037469
-0.028326,-0.017095,-0.005946,-0.003269,0.337106,0.086698,-0.130225,-0.051578,-0.033132,0.015278,-0.067406,0.036417,0.035853,-0.033997,0.068421,-0.236399,0.038156,0.017397,-0.004545,-0.003394,-0.071603,0.124416,0.006913,-0.048440,-0.023397,0.066302,-0.092031,0.014319,0.023914,0.011494,0.058518,0.137147,0.033045,-0.016048,0.047590,-0.100079,-0.023195,-0.016463,-0.030953,-0.010154,-0.047873,0.158809,-0.040038,-0.016611,0.003616,-0.004982,-0.021923,0.066261,-0.111929,0.057855,-0.064107,0.033249,-0.498969,0.065243,-0.005148,0.020820,-0.075246,-0.036566,0.025574,0.116408,0.000136,0.001180,0.076700,-0.096921,0.003701,-0.070971,0.012360,0.101809,-0.040601,0.060164,0.120214,0.018181,-0.062898,-0.008006,0.027743,-0.018532,-0.033728,0.058222,-0.006681,-0.047689,-0.001092,-0.023134,0.029090,-0.015140,-0.003051,-0.017405,0.066884,-0.045011,-0.167795,-0.034427,-0.106305,0.013224,0.068808,0.018008,0.162654,0.001743,-0.051700,-0.041339,0.075467,0.021962,-0.065814,0.074991,-0.070674,0.106039,0.065351,-0.014320,0.004342,0.066422,0.072036,-0.034756,0.019691,-0.045155,0.003543,-0.011905,-0.001782,0.005885,0.007914,0.132760,0.028126,0.016340,-0.052389,0.038012,-0.025759,-0.082672,0.027482,0.064266,-0.058658,-0.014871
-0.036936,-0.065741,-0.081712,-0.054422,0.081740,-0.108913,0.019278,0.010042,0.023917,-0.016783,0.214599,0.026310,-0.087309,-0.068391,0.005096,0.040421,-0.132491,0.010595,-0.032718,-0.099857,-0.065877,0.014183,-0.082837,-0.015396,-0.112436,-0.015174,-0.055880,0.001171,-0.002456,0.015261,-0.026489,-0.049066,0.002469,0.056248,-0.004635,0.021629,0.020397,-0.037114,-0.000568,-0.074365,-0.014386,0.004824,0.040940,-0.031625,0.019539,0.028311,-0.035916,0.001056,0.000810,0.001683,0.009862,-0.055239,0.014661,-0.044188,0.011259,-0.025311,0.072759,0.004821,0.054884,0.032882,0.034334,0.067915,0.043432,0.036964,-0.044906,-0.006811,0.001814,-0.009504,-0.000547,-0.064258,0.014377,-0.055882,-0.000758,0.007498,0.046279,-0.015142,-0.101746,-0.002371,-0.036259,0.016673,0.019185,0.005921,-0.065085,0.004629,-0.000462,0.005179,-0.049262,-0.010810,0.018562,0.019031,-0.009110,-0.034586,0.026426,0.052227,0.050084,0.025085,0.003182,0.001664,0.001499,0.015415,0.025789,0.012974,0.041412,-0.034605,0.033326,-0.051170,0.038969,-0.017815,-0.026802,-0.068920,-0.072634,-0.114085,0.006240,-0.010071,0.031237,-0.009378,-0.003366,0.028569,-0.133064,-0.028177,0.018306,0.061647,-0.030949,-0.245649,0.040298,0.016969,0.007970,-0.029367
-0.036855,-0.010099,-0.066158,-0.020884,0.043415,0.023387,-0.002998,-0.010163,-0.004646,-0.057414,0.059543,-0.018856,0.010538,0.028869,0.005051,0.000167,0.010881,0.005127,-0.043858,-0.036162,0.000538,0.004737,0.025468,0.031267,0.044329,-0.001654,-0.005457,0.045913,0.006387,-0.104354,-0.050938,0.066181,0.063738,0.015593,-0.036605,0.007840,-0.019516,-0.005882,0.002220,0.068047,0.008740,-0.009527,0.029902,-0.095305,-0.031367,0.014589,-0.004436,0.021341,0.034441,0.003264,0.035078,-0.148174,-0.064317,0.079232,0.025856,-0.063370,0.025573,-0.028384,0.022998,-0.034110,0.013121,0.011179,-0.025096,0.006406,-0.033508,0.031609,0.028466,-0.059912,0.022754,-0.036200,0.017531,-0.101453,0.064804,-0.027272,0.110732,0.067612,-0.050745,-0.024180,-0.010666,-0.029992,-0.034780,0.019859,0.020739,-0.019238,0.012840,-0.035338,0.023121,0.069597,-0.001857,0.045052,-0.012322,-0.029508,0.026487,0.005371,0.011250,-0.026327,-0.053106,-0.014775,0.019100,-0.093200,-0.001283,0.017793,-0.006364,-0.011736,0.107673,-0.017677,0.004044,0.021497,-0.044620,-0.007117,0.087235,0.008400,0.004458,0.032912,0.032368,-0.046644,0.023752,0.015157,0.013643,-0.114214,0.025010,-0.049464,0.038482,0.135326,-0.031873,-0.005016,-0.073010,0.016659
0.001968,-0.029721,0.001373,0.023947,-0.110828,0.083625,0.075722,-0.008044,-0.004530,0.040267,0.006667,-0.006099,-0.044494,-0.100488,-0.004088,-0.015722,-0.049432,-0.017439,0.039037,-0.022878,0.095506,0.005990,0.039538,0.023517,-0.033793,0.012653,-0.025801,-0.040065,0.019614,-0.014223,-0.025288,-0.027687,-0.046056,0.029164,0.045908,0.007824,0.059132,-0.031967,-0.007178,-0.005688,0.019117,-0.006253,0.014002,-0.051554,-0.069275,-0.014855,-0.023029,-0.033276,0.055834,-0.030543,-0.034189,0.041162,0.088384,0.024848,0.054525,-0.015961,-0.090705,0.032437,0.110105,-0.001769,-0.031697,-0.020152,-0.073942,0.031334,-0.038812,0.013749,0.084934,0.000172,0.015438,-0.051312,0.006764,0.024728,0.050073,-0.029002,0.073605,-0.024416,0.023861,0.020125,-0.011502,0.025867,-0.097713,-0.006142,-0.007360,0.069680,0.050345,-0.047376,-0.077467,-0.066668,-0.009883,0.001937,0.035644,0.017004,0.039804,0.025734,-0.007462,0.005938,-0.017745,0.050273,-0.015614,0.107178,0.064279,0.005161,0.018596,-0.018054,0.001862,-0.049153,0.006254,-0.028194,-0.058804,-0.074641,0.015118,0.032693,-0.001821,-0.031555,0.020019,0.026987,0.040669,0.019539,-0.103267,0.055739,0.017628,0.081351,-0.078310,0.016083,-0.036882,-0.013777,-0.044907,0.044027
-0.009275,-0.000334,-0.011329,-0.003365,-0.022289,0.043434,0.035128,-0.027399,-0.005087,0.006196,0.014937,-0.018706,0.010056,-0.012894,-0.077237,0.027841,0.017769,0.020042,-0.001603,-0.004291,0.020851,0.131830,-0.008306,-0.017853,0.021677,-0.057503,0.007982,0.003287,-0.044227,-0.001031,0.001933,0.012427,0.009780,0.041059,0.040986,-0.123968,0.014049,0.005939,0.043772,0.003327,-0.016238,0.141384,-0.036379,0.004401,0.011936,0.001690,0.242471,0.016270,0.010389,-0.113080,0.088693,0.008941,0.029902,-0.008582,-0.064283,-0.000182,0.018432,-0.003966,-0.006957,0.002059,0.462677,0.005046,-0.010215,-0.024075,0.006036,-0.034163,0.002223,0.110546,0.001276,-0.006475,0.386941,0.000365,0.012274,0.003833,0.003186,0.018890,0.023073,0.023010,0.001759,0.008480,0.009218,-0.004562,-0.009775,0.023490,-0.012895,-0.015494,0.033073,-0.019105,0.116522,0.051218,-0.131635,-0.012841,-0.004510,-0.002179,-0.280361,-0.013170,0.021168,-0.007032,0.032120,0.061342,0.147023,0.019480,0.123909,-0.004971,0.018333,-0.275355,0.003024,-0.009770,0.012684,0.005634,0.005341,0.005564,-0.009387,-0.016644,0.001839,-0.027869,-0.002579,-0.036078,-0.001581,0.004461,-0.045892,0.002357,-0.010217,0.014838,0.002999,0.218323,0.024733,-0.002404
-0.021583,-0.027416,-0.005987,-0.041061,-0.159868,0.085039,-0.062658,-0.066483,-0.001616,-0.059336,0.021354,0.121103,0.048768,0.004960,0.008714,-0.032658,0.062071,0.023478,0.005063,0.002237,-0.105767,-0.012654,-0.014806,0.018990,-0.018328,0.012074,0.079055,-0.060359,-0.015592,0.026015,0.027259,0.000324,0.021378,0.021671,-0.009304,-0.050850,0.027821,-0.031537,0.030631,0.102127,0.038660,-0.016389,0.027026,0.027379,-0.014487,0.030729,0.035267,-0.037586,0.025581,0.014795,-0.034120,0.069860,0.042352,0.046350,0.014216,-0.089489,0.018511,0.000024,-0.041539,-0.063726,0.000979,0.036720,0.016145,0.005271,-0.060289,-0.009369,-0.036847,0.027333,0.025213,0.043482,0.047314,-0.050720,0.010386,-0.021282,0.009779,-0.102062,-0.042378,0.018877,0.005844,0.007112,0.010457,-0.004782,-0.094590,-0.054142,-0.023035,0.003027,0.003858,0.044115,0.024115,0.098123,-0.076302,-0.005712,0.032090,0.123412,0.014925,0.002226,-0.053672,0.001164,0.000584,0.045503,0.010433,0.072870,-0.061961,0.031383,-0.367671,0.007760,-0.001371,0.028154,-0.000090,0.013394,-0.029731,-0.028933,-0.001998,-0.036990,-0.051566,0.024371,-0.023296,-0.008237,0.063615,0.022919,-0.045612,-0.055845,0.007292,-0.081275,0.053886,0.000835,-0.008188,-0.052257
-0.038169,-0.001006,0.024937,0.007201,-0.042038,0.009580,-0.291455,0.022780,0.012804,0.008114,0.041931,0.014739,0.015131,-0.007998,-0.018728,0.022182,0.017736,0.119496,0.001141,0.014865,0.032479,-0.054078,0.022730,0.008902,0.034389,-0.171267,0.028865,0.022882,0.012557,0.023961,0.027987,0.011021,0.006767,0.020864,0.011247,0.302817,0.005525,0.011841,-0.135076,0.044590,0.022476,0.290425,0.004067,0.035311,0.012113,0.028642,-0.236842,0.135439,0.011350,0.171286,-0.012217,0.020791,0.053663,-0.028627,-0.007202,-0.017137,0.014258,0.008794,-0.088024,0.029284,-0.086694,0.042596,-0.001108,0.051857,0.023241,-0.013537,0.024411,0.027443,0.012855,0.026940,0.068206,0.003365,-0.000303,0.014526,0.008940,0.003433,-0.018675,0.021132,0.014202,0.013998,0.005782,-0.006298,-0.009297,0.017363,0.013600,0.008727,-0.057111,-0.000976,0.224807,-0.051155,0.054737,0.005596,-0.014693,0.026054,0.090058,0.019965,0.012262,0.009406,0.031504,-0.056529,0.234744,0.010349,-0.115348,0.270054,0.009153,0.134745,0.006021,0.037419,0.048163,0.010819,0.006978,0.019754,0.010016,0.006003,0.012678,0.015180,0.013197,-0.083485,0.027747,0.006258,0.037944,0.012988,0.000313,-0.005962,0.028939,0.089237,0.013492,-0.022165
1.048477,-0.022600,0.000019,0.015290,-0.016703,-0.015016,0.014750,0.009971,0.018422,-0.006799,0.006159,0.002135,-0.020981,0.001313,0.025853,-0.039810,-0.008505,-0.020069,0.005891,0.011540,-0.013907,-0.001471,-0.006755,-0.021856,-0.015399,0.012433,0.018796,-0.000369,-0.008797,-0.027634,-0.000123,0.002349,-0.003314,-0.006178,-0.002871,0.105159,0.014473,-0.007505,-0.003047,0.005396,0.055819,0.026453,-0.015351,-0.007326,-0.020882,0.027180,-0.009705,-0.000823,0.029053,0.046935,-0.020388,-0.031122,-0.018746,-0.009309,-0.012613,-0.007806,-0.026747,0.003039,0.000354,0.003480,-0.062784,0.013234,-0.006960,0.063314,0.009058,-0.006926,0.019829,-0.014325,0.015148,-0.035930,0.027064,-0.005435,0.008239,0.006057,-0.003735,0.029349,-0.084357,0.008833,0.010679,0.015737,0.014203,0.012102,-0.000130,-0.014619,-0.015154,-0.039493,-0.025939,0.010199,-0.041690,0.011867,-0.035459,-0.001695,0.005544,0.040215,-0.019645,0.007781,-0.032878,-0.007441,-0.013602,0.028233,-0.002064,-0.019737,0.027623,0.013010,-0.031727,-0.003827,-0.002816,-0.041213,-0.018294,-0.006341,0.015708,-0.001051,0.000830,-0.036037,0.021071,-0.014475,-0.016936,0.015553,-0.015152,-0.023585,-0.026437,-0.005562,-0.000727,-0.026468,0.022119,0.056052,-0.031881,0.055377
0.018335,0.002630,0.013152,0.021580,0.079505,-0.544187,-0.035156,0.048072,-0.012500,-0.010234,0.195288,0.015592,-0.006940,-0.033298,-0.022016,0.010177,0.029549,-0.041850,-0.013036,0.017979,-0.022767,-0.004689,0.010599,-0.015175,-0.074562,0.054311,-0.042851,0.002580,0.032925,-0.009916,0.077982,0.009039,0.043606,-0.004430,0.037901,-0.002152,0.036907,-0.037149,0.029710,-0.039652,-0.095483,-0.017216,0.038404,-0.011530,-0.029311,-0.048469,-0.040799,0.008131,-0.028273,0.017123,-0.008440,0.016408,0.000908,0.035888,-0.004147,-0.002180,0.042736,0.025391,0.035068,-0.020768,0.022511,-0.003583,0.033088,0.051255,-0.017385,0.004351,-0.051117,-0.014035,0.018073,-0.011678,0.041446,-0.010046,0.030729,-0.004833,-0.037889,-0.018306,-0.024805,-0.030202,-0.024715,0.186816,-0.013520,0.039141,0.024280,-0.035337,0.029908,0.000520,-0.057899,-0.028253,0.043324,0.013039,0.004150,0.033848,0.035406,-0.028198,0.013552,0.017623,0.072015,0.019014,-0.084007,-0.002324,0.048604,0.007591,0.032311,-0.005257,0.123770,-0.046870,-0.033346,-0.013414,-0.048743,0.059963,-0.003471,0.033930,0.004776,-0.079604,0.000404,0.052369,-0.023195,0.022170,-0.003869,0.045553,-0.017930,0.001102,-0.032423,0.016182,-0.035556,0.040695,-0.017208,0.005056
0.018653,0.030164,-0.002296,0.026686,-0.017944,0.032609,0.036017,-0.026461,0.003449,0.020587,0.035486,0.016583,0.032445,0.021055,0.141220,-0.004996,-0.002595,0.025703,-0.010406,0.022585,0.040008,-0.003313,0.018072,0.006642,0.037371,0.169071,-0.029848,0.016289,0.003334,0.023670,0.011067,-0.018001,0.007346,0.009777,0.050831,-0.388735,0.054399,-0.023557,0.049818,0.004511,-0.009668,-0.156320,-0.001964,0.007342,0.015753,0.034677,0.159076,0.061487,0.023782,0.102695,0.161321,0.021953,0.057198,-0.026819,-0.038865,-0.001384,0.009191,-0.019644,0.114156,-0.023051,-0.257176,0.023246,-0.002632,0.033295,0.001551,0.014654,0.030269,-0.006046,0.017128,0.006404,-0.036737,0.016868,0.013666,0.001759,0.014064,0.021799,0.007712,0.010549,0.018557,-0.000041,-0.001604,-0.001181,-0.014005,0.009852,0.000018,0.029300,-0.012811,0.005510,-0.022494,0.075751,0.048275,-0.017830,-0.003413,0.011871,0.074917,0.014008,-0.000390,0.031649,-0.005150,-0.049981,-0.101995,-0.027095,0.565113,0.221231,-0.017287,-0.143072,0.034461,0.017713,0.036254,0.011016,0.031753,0.008479,0.002941,-0.008356,0.009638,0.000198,0.020311,-0.015283,0.022432,0.007710,-0.030922,0.004777,0.021283,0.003130,0.015502,-0.026167,0.005444,0.003270
-0.026920,0.002236,-0.032376,-0.015982,-0.020037,0.016887,-0.070167,-0.042797,-0.006795,0.007771,0.000434,-0.009693,0.016355,-0.031702,-0.029086,-0.001547,-0.009399,0.111865,-0.018080,-0.000607,0.035233,-0.044248,-0.024365,-0.013291,-0.026051,-0.027472,0.118503,-0.012353,0.004019,0.010460,0.001822,-0.022922,0.017089,-0.005053,0.017786,0.061015,0.001762,-0.001201,0.017975,0.013446,-0.008249,0.387552,0.017169,-0.001009,0.009886,0.006711,-0.131525,-0.059262,0.022021,0.074929,0.040719,0.014629,0.033474,0.004285,-0.041359,-0.042822,-0.013609,-0.016981,-0.075630,-0.024964,0.047395,0.002270,-0.016578,-0.122053,-0.016920,-0.004846,-0.001111,-0.055469,0.028382,-0.005999,0.042063,-0.001231,-0.031946,-0.004484,0.009860,-0.022772,-0.007707,-0.012635,-0.003916,-0.031183,0.017413,0.005493,-0.028615,-0.000601,0.020394,-0.050701,0.041099,-0.031330,0.091022,-0.025417,-0.093830,-0.030052,-0.014578,0.017066,0.065132,0.011024,0.040776,-0.003279,-0.030762,-0.070432,-0.181103,-0.013614,-0.064194,0.018688,0.004426,-0.259086,-0.005228,-0.004155,-0.022708,0.024656,-0.010940,-0.009392,0.003639,0.017122,-0.020360,-0.007377,0.011354,-0.131082,0.014260,0.017527,0.055894,-0.048180,-0.026693,-0.016393,-0.000266,0.131679,0.012183,-0.033294
0.017780,0.052275,0.019557,-0.008314,0.040803,0.055188,0.017146,-0.021085,-0.042587,0.158189,-0.039639,-0.040473,0.077432,-0.027146,0.002881,0.028105,0.002492,0.008881,0.007763,0.031663,-0.013456,0.028566,-0.030315,0.018490,0.089356,0.017743,0.031997,-0.044144,0.053189,0.059122,-0.061826,0.006162,0.012220,0.003729,0.040531,0.040444,-0.074571,0.089385,-0.008401,-0.019466,-0.060384,-0.005408,0.061390,-0.020002,0.027726,-0.006051,-0.035724,0.021871,-0.046690,-0.007303,0.024366,0.023964,-0.038806,0.077439,-0.005516,0.081441,-0.008335,0.004762,-0.007541,-0.071428,0.013836,-0.044820,-0.015689,0.023553,0.015024,-0.000126,-0.046927,-0.027441,0.000041,-0.051678,-0.001388,-0.075536,-0.023773,-0.017996,0.006532,0.052097,-0.068359,-0.003954,0.024076,0.113689,-0.014783,0.002299,0.002582,0.052804,0.025228,-0.017624,-0.088315,0.040611,0.006045,-0.020117,0.020700,0.015308,-0.044907,0.018315,0.029571,-0.045226,-0.003685,-0.023272,-0.033502,0.076508,0.036900,0.052978,0.048026,-0.031260,0.196826,-0.008361,0.023635,-0.014175,0.019021,0.014791,0.017654,0.027556,0.006934,0.001474,-0.088356,-0.013259,0.080749,-0.000175,0.003039,-0.020739,-0.065626,-0.019956,0.058732,0.036256,0.016341,0.021995,0.035657,0.020942
-0.037830,0.043749,0.004054,0.013623,-0.060950,-0.100355,-0.003064,-0.017349,-0.002075,0.016763,0.012158,0.030647,-0.079732,0.040770,0.026569,-0.025629,-0.219085,0.052406,0.037634,0.029602,-0.005959,-0.014835,-0.037885,-0.058486,-0.040523,0.019358,-0.017778,-0.126414,-0.009739,-0.092604,-0.211085,-0.028042,-0.096923,-0.004456,0.026612,-0.006504,0.047869,-0.018121,-0.008489,0.074092,-0.054544,-0.008933,-0.107424,-0.013835,0.016601,0.029286,0.004811,-0.025434,0.058496,0.023805,-0.025231,0.044552,-0.066319,0.089150,0.177175,-0.085320,0.033998,0.032206,-0.035214,0.004463,-0.010459,-0.008553,-0.119000,0.021843,-0.057961,-0.050052,0.037546,0.030184,0.033720,-0.091141,0.022295,0.056638,-0.030150,-0.033216,-0.028954,-0.012069,0.105782,-0.045917,0.036382,-0.197039,-0.023273,-0.031502,-0.001372,-0.019099,-0.002864,0.022980,0.094031,-0.005381,-0.020773,0.124406,-0.007875,0.014615,0.010811,0.130945,0.023234,-0.004907,0.091174,0.119347,-0.011260,-0.086442,0.039786,-0.077539,-0.011239,-0.022735,0.240700,0.012960,0.075080,-0.038755,0.046562,-0.030799,-0.037756,0.040996,0.010758,0.003105,0.005041,-0.009016,0.079765,0.035750,-0.058465,0.049722,-0.073339,0.050754,0.016610,0.037705,-0.092304,0.016955,0.005868,0.023134
-0.027840,-0.029887,-0.021054,0.007408,-0.051796,0.006319,0.035443,0.007172,-0.039001,0.016622,-0.054935,-0.007797,-0.036597,-0.031142,-0.000216,0.018143,0.003026,-0.004211,0.004355,0.020835,0.002180,-0.005806,-0.022298,0.035752,0.034793,0.019344,0.019162,0.014586,0.014810,0.016868,-0.068671,0.058233,-0.054443,0.026585,0.059812,-0.003247,0.071847,0.008724,0.016926,0.043087,0.113044,0.002768,0.000365,0.003872,0.007397,0.054715,0.024516,0.038132,-0.010460,0.012968,0.037000,-0.017889,-0.085165,0.080380,0.025093,-0.020989,0.011336,-0.062511,-0.009303,0.033695,-0.017156,0.046829,0.027404,0.024561,-0.037348,0.022942,0.009784,-0.027498,-0.059511,0.034422,0.001633,-0.034572,0.028923,0.001191,-0.100569,0.031807,-0.108321,-0.039769,-0.007140,0.017066,-0.067469,0.010687,-0.055951,-0.082375,-0.026175,0.044088,-0.018434,-0.119454,-0.002486,0.041102,-0.022630,0.016218,-0.068705,-0.086871,-0.014287,-0.018092,0.041153,0.011419,0.022848,-0.016973,0.025153,-0.013629,-0.014527,0.022083,-0.052298,0.018339,-0.014613,-0.097450,0.038536,0.052129,0.028327,0.006295,0.016059,0.017314,0.044940,0.090449,0.096348,0.000736,0.002459,0.007209,0.129222,-0.009490,-0.029075,-0.029870,0.012202,0.021431,0.020574,0.014156
0.012344,-0.029753,0.032565,0.010937,-0.105308,0.023690,0.017965,-0.028903,-0.015256,-0.037079,-0.049283,-0.198040,-0.005710,-0.051328,-0.003265,0.015981,0.110411,0.000183,0.003677,0.007160,-0.050932,0.017422,-0.061312,0.051885,-0.011296,-0.007118,0.025207,0.004334,0.075828,0.022476,-0.015604,0.129157,0.022142,-0.118635,-0.144830,0.018137,0.005398,0.090646,0.000298,0.002132,-0.080789,-0.008647,0.051678,0.096782,-0.045141,0.051269,0.008323,0.011303,0.024008,-0.011781,0.025083,-0.016113,0.061814,0.099799,-0.096663,0.014683,-0.014713,-0.014089,0.011875,0.086126,0.001679,-0.001058,0.001474,-0.009402,-0.040053,-0.013723,-0.078631,-0.020415,0.026121,0.032950,0.012106,-0.059359,-0.020357,0.024595,-0.009776,-0.022945,-0.018704,-0.042080,0.069327,0.089016,0.078943,0.028444,-0.044615,-0.062668,-0.007704,-0.010204,-0.077846,0.051926,-0.000672,-0.026257,-0.003267,-0.021838,-0.002918,0.087563,0.026193,0.039742,0.031146,-0.028310,-0.028566,0.084281,0.003354,0.020308,-0.000416,0.007545,0.051013,-0.013123,0.000706,0.007072,0.053189,0.074829,-0.062547,-0.035277,-0.000222,-0.022754,-0.024967,-0.029319,0.001339,-0.002375,0.003306,0.015058,-0.052620,-0.060921,-0.010950,0.118143,-0.028013,0.030613,0.017961,-0.033639
0.002213,0.045565,0.025867,0.003139,-0.002879,0.051484,-0.394857,0.012838,-0.005029,-0.017308,-0.036691,0.000387,-0.001897,-0.001773,0.163855,-0.025168,-0.008249,-0.115680,0.008645,0.070295,0.019103,0.092509,0.013083,0.019750,-0.086168,0.331008,-0.068281,-0.000306,-0.043807,0.060986,-0.002641,-0.039270,0.001027,-0.046761,-0.075095,0.005273,-0.011272,0.007228,0.083055,0.004610,0.026297,0.118991,-0.046714,0.004574,0.020330,0.000045,0.157493,0.006610,0.028146,-0.016549,0.117034,0.027796,0.058893,-0.049789,-0.034127,-0.000047,0.025601,0.017213,0.078758,-0.025553,0.103209,-0.009976,-0.066228,-0.040200,0.012225,0.020481,0.001098,0.040204,0.023553,0.025861,0.047361,0.025318,0.052548,0.013358,-0.000742,0.009632,0.031562,-0.027975,0.034866,-0.047310,0.025288,0.006664,0.029196,-0.036874,-0.007087,0.017072,-0.525339,-0.002172,-0.002540,-0.015378,-0.047008,-0.006283,-0.001902,0.024648,0.001304,0.005434,-0.011007,-0.004664,-0.048405,-0.532562,0.058199,-0.030042,0.045895,-0.213875,-0.053012,0.022911,0.012487,-0.019100,-0.004024,0.012209,0.000740,0.012444,0.004403,0.003789,-0.011116,-0.016245,0.023562,0.152542,0.013097,0.008329,0.035944,-0.033870,-0.004668,0.061574,0.021104,-0.135107,0.020431,0.060477
-0.017569,0.009530,0.014004,0.030232,-0.061375,0.005471,0.016918,-0.198154,0.002943,0.005306,0.025719,0.011376,-0.005685,-0.006960,0.149767,0.025359,0.031068,-0.006123,0.013850,0.008790,-0.025031,-0.021641,0.010735,0.003059,0.032214,-0.138372,-0.097328,-0.010532,-0.014527,-0.018942,0.030779,0.046151,0.022659,0.034627,0.091572,0.040777,-0.012639,-0.047684,0.073368,0.028058,-0.078039,-0.226341,-0.016042,0.039676,-0.033278,0.063612,0.032476,-0.115476,0.032273,-0.158916,-0.036926,0.004425,-0.004148,-0.006286,-0.036665,0.033024,-0.039502,-0.006968,-0.038469,0.004236,0.088436,-0.000605,-0.134922,0.218785,0.002902,-0.014970,0.008746,0.013057,0.018785,-0.082173,0.182131,0.038099,-0.044872,0.006301,-0.030860,0.066483,-0.073244,-0.080188,0.037369,0.030859,0.020373,-0.018683,0.014540,0.039278,-0.006406,-0.051628,-0.195216,-0.012325,0.296061,0.108905,-0.046435,-0.000107,-0.004974,-0.059244,0.337770,0.015497,0.048496,0.008894,-0.006586,-0.139565,-0.024560,0.031793,-0.203382,0.024374,0.039506,0.239974,0.022594,-0.027348,0.026265,0.000778,0.028686,-0.002211,-0.005011,-0.000007,0.004797,-0.012219,-0.011078,0.044558,0.007640,-0.023818,0.007739,0.047019,-0.006341,0.091235,-0.026341,0.170932,-0.003325,0.016774
0.003959,0.015321,0.012802,-0.004610,-0.002453,-0.014453,-0.046590,-0.031182,0.001326,0.016237,-0.001570,-0.008907,-0.004081,0.015808,0.037716,-0.027211,0.016729,-0.055230,0.007650,0.000616,-0.051579,0.009938,0.003556,-0.013510,0.011235,0.028794,-0.152384,-0.019329,-0.008814,0.003744,0.000664,0.029917,-0.010187,-0.001571,-0.000372,0.057634,-0.023750,-0.012253,-0.210065,0.018187,0.017764,0.054740,-0.015765,0.001760,0.034857,-0.009650,-0.055440,-0.905294,-0.012042,0.123568,0.261303,-0.007179,-0.011742,0.004637,-0.027964,-0.022775,-0.000056,-0.000446,0.032646,0.008891,0.039507,0.011784,0.002772,-0.015025,0.008145,-0.007088,-0.000880,0.023705,-0.003087,0.001078,-0.128945,0.003811,-0.038924,-0.005074,0.013488,-0.006292,-0.023518,-0.001084,0.002498,-0.003197,0.003431,-0.005812,-0.004155,0.008279,-0.014629,-0.004948,0.034278,0.023200,-0.031308,0.054827,-0.003396,-0.021083,-0.001041,-0.015636,-0.150296,-0.001441,-0.033359,-0.034728,0.019040,0.048766,0.183649,0.007582,-0.007977,0.216997,0.006469,-0.022398,0.016185,0.019290,0.014933,-0.005094,0.010162,0.048731,-0.001472,-0.010353,-0.003650,-0.042645,0.017255,0.200017,-0.000696,0.002188,0.023849,0.004695,0.014015,0.004890,-0.002882,-0.138900,0.006778,-0.024512
0.039669,-0.012217,-0.000118,0.010284,0.018250,-0.033448,-0.036932,0.018530,-0.012945,0.007771,0.014903,0.002311,0.029704,-0.000139,0.109780,0.015475,-0.002221,-0.108678,-0.005736,0.015351,-0.031541,-0.038268,0.006947,-0.007482,0.015331,-0.051185,0.022367,0.010828,0.002555,0.020523,-0.012093,0.011460,-0.014188,0.005353,0.023209,-0.107291,0.007496,0.027988,-0.054359,0.019215,-0.035137,-0.138952,0.028564,0.011384,0.000979,-0.000716,-0.012627,-0.022393,-0.007809,0.033525,0.105574,0.024420,-0.032605,0.033277,0.691276,-0.008315,0.020086,-0.008063,0.004895,-0.015308,0.071752,0.026377,-0.000655,-0.033723,0.006551,0.000716,0.016496,-0.047735,-0.005801,0.001674,0.060120,0.002626,-0.012854,-0.001277,-0.008522,0.017527,0.024368,-0.003457,0.007935,0.025522,0.014272,-0.004477,-0.005493,0.014081,0.012016,-0.005675,-0.086906,-0.013816,0.121293,-0.737903,-0.026282,-0.012434,0.000534,0.002910,0.004109,0.010385,-0.024095,0.011206,0.007980,0.008169,0.016025,-0.000224,-0.030814,0.090087,-0.008125,-0.059593,-0.003391,-0.006541,-0.004914,0.002665,0.003604,0.004855,0.001721,-0.029563,0.006273,-0.004577,-0.024807,-0.001426,0.014660,0.016659,-0.047966,0.004888,-0.002751,-0.013853,0.005823,0.051073,0.007454,0.021197
-0.053136,0.046988,-0.007747,0.093713,0.019607,-0.020974,0.070251,0.043089,-0.035547,-0.048290,-0.043772,0.017533,0.032012,0.016591,0.028235,0.024969,0.040124,0.002846,-0.057539,0.071986,0.006872,0.021473,0.034994,0.000612,-0.061904,0.035716,-0.006405,0.037440,-0.012436,0.029993,0.011102,-0.010236,0.047521,-0.010549,0.004627,0.023925,-0.016745,-0.043617,-0.055384,0.021890,0.001411,0.000005,-0.024950,0.019407,0.005153,0.008985,-0.009596,0.034040,0.074775,0.008816,-0.030204,-0.031630,-0.107732,-0.001744,0.038788,-0.015800,0.036728,-0.010622,0.035687,0.024564,-0.019078,0.003329,-0.005667,-0.018816,0.002676,0.006172,-0.008139,-0.000404,0.096054,0.011749,-0.016198,-0.019449,0.002894,0.016144,-0.038904,0.041017,-0.065009,-0.013987,0.147905,-0.017905,0.022035,0.004180,-0.008809,0.003002,-0.577976,-0.019529,-0.050433,0.062013,0.003502,0.010084,0.010168,-0.001540,0.003807,-0.013697,-0.011653,0.040380,0.008772,-0.036219,-0.047922,0.059576,-0.002272,0.005500,-0.020974,-0.032491,-0.014764,-0.022230,0.087352,0.017085,0.055519,0.003498,0.022782,0.000462,-0.002385,-0.051385,0.019639,-0.383825,0.111413,-0.103901,0.081006,-0.035676,0.030941,0.078864,0.025751,0.032458,0.029066,0.011601,0.027035,-0.007851
-0.014968,-0.036262,0.106893,0.085327,0.052077,0.001217,0.048345,-0.000495,0.065688,0.080673,0.028429,-0.040644,0.025566,0.040589,0.000528,0.002362,0.014791,-0.007638,-0.077360,-0.036661,0.024016,-0.026886,0.082635,0.017668,0.016865,-0.018890,-0.049618,0.031857,-0.010317,0.065171,0.024661,-0.011388,0.023938,0.073041,-0.020466,-0.009510,0.015193,-0.021925,0.024383,0.007862,0.048804,0.019209,-0.033111,0.002742,-0.038092,-0.017374,0.022291,-0.039189,-0.007562,0.030264,-0.052405,-0.018899,0.003502,-0.016185,0.038811,0.041620,0.019844,0.007477,-0.007618,-0.028872,-0.010967,0.010482,0.001325,-0.005428,0.046349,-0.011589,0.101350,0.031165,-0.024691,-0.055017,0.006047,0.077359,-0.033459,0.036168,-0.094227,-0.000795,-0.095867,-0.053979,0.008545,-0.041306,0.043791,0.047105,0.044932,0.012375,0.154024,-0.015081,0.047255,0.053065,0.032201,0.015021,0.008620,-0.010134,0.046127,-0.008676,-0.047444,0.081272,-0.053169,0.012021,-0.023244,-0.037111,0.049168,0.084248,0.023125,0.010034,-0.027842,-0.000734,-0.009184,0.004995,-0.034974,-0.085166,0.040808,0.033964,0.000694,-0.024763,0.004035,0.060236,-0.066626,0.014665,0.002077,-0.040170,0.034166,0.109370,0.025100,-0.059877,0.081390,-0.010034,-0.000699,0.050545
-0.002793,0.129001,-0.019734,0.063844,0.034337,0.028535,0.006361,-0.007282,0.125145,0.035403,0.044717,-0.003388,0.036537,0.035247,0.004807,-0.001919,-0.022539,0.049320,0.068489,0.052682,-0.067813,0.046434,0.022990,0.044132,-0.087993,0.020938,-0.070403,0.006136,0.032552,0.127443,-0.005200,-0.019748,0.001063,-0.021985,0.105105,0.001837,-0.058965,0.005442,-0.004236,0.047956,-0.073206,-0.028303,0.013343,-0.020100,0.141261,-0.028117,-0.034037,0.046202,0.019712,0.015148,0.036628,-0.064062,-0.041271,0.064510,-0.058464,-0.088293,-0.020107,0.105371,0.001181,-0.075572,-0.055368,-0.028669,0.046882,0.003679,0.013252,0.088722,0.039547,-0.012840,-0.000106,0.129265,0.017285,-0.007398,-0.017388,0.018771,0.164253,0.011565,-0.035260,0.154047,0.056146,-0.041101,-0.010656,-0.008062,0.040044,-0.015173,0.030026,0.059585,0.107110,-0.033988,0.009996,-0.013626,-0.031242,-0.078126,0.012039,-0.018463,0.073861,0.050460,0.036733,-0.025557,-0.000373,-0.038902,0.025025,-0.101398,-0.038329,-0.048757,0.067556,-0.099351,0.051523,-0.039583,-0.032707,0.004607,-0.014277,-0.022292,-0.001580,0.022328,0.010441,0.008920,-0.006437,0.126948,0.050364,-0.029592,0.040855,0.027599,0.017239,-0.039971,-0.000613,0.025349,0.000317,0.130512
-0.008238,0.014100,-0.015816,-0.063482,-0.009516,0.005333,-0.046392,-0.033638,0.009669,-0.045295,-0.117377,-0.059230,-0.043053,-0.007795,-0.060109,0.021069,-0.016150,0.022723,-0.099534,-0.007390,0.011154,-0.024774,0.011021,0.012584,-0.156999,0.086886,0.081636,0.102315,-0.070353,-0.062775,-0.019982,-0.016452,-0.028728,-0.054666,0.145110,0.187211,0.026362,0.058407,-0.019361,0.022659,-0.248508,0.057494,-0.058842,0.035673,-0.012807,0.011856,0.058827,-0.039536,-0.017764,0.047200,0.028028,0.011329,-0.037208,0.039462,0.017588,0.063388,0.045280,0.008586,-0.061847,0.012110,0.105689,-0.064616,0.039034,0.174038,0.005453,-0.024751,-0.020928,-0.103169,-0.044285,-0.032258,-0.022723,0.001518,-0.022722,0.010727,0.072172,0.083819,0.187437,0.043230,-0.023422,-0.024348,0.013411,0.036712,0.074136,-0.036202,-0.007752,-0.111571,0.115586,-0.023783,0.000514,-0.022434,-0.046086,0.085832,0.080808,0.109970,-0.103660,0.083139,-0.054314,-0.011163,-0.036167,-0.070820,0.013744,-0.068610,0.212028,0.019740,0.079369,0.106650,0.024894,0.040839,-0.095813,0.017179,0.001207,-0.147666,0.027772,0.043148,-0.025975,-0.083318,0.023000,-0.207316,-0.019688,0.020031,0.026081,0.036213,-0.039876,-0.060848,0.005326,0.023969,0.003292,-0.039286
-0.014478,-0.009251,-0.036466,0.030653,-0.020147,0.011559,0.023760,-0.002896,-0.078118,0.096458,0.095377,0.106113,-0.006894,0.013434,-0.013755,-0.005989,-0.009159,0.060635,0.023001,-0.003141,-0.089252,0.028514,-0.043936,-0.030426,0.097494,0.023703,0.031524,0.043626,0.000176,0.021556,0.010729,-0.011952,0.060392,0.124265,-0.082558,0.016599,0.038703,-0.018215,0.010173,0.002837,0.052293,0.006983,-0.003639,0.013482,-0.000751,-0.026340,-0.001758,0.006252,0.028616,0.012680,0.014022,-0.037124,0.103899,0.073808,0.031161,-0.047355,-0.030036,-0.091542,-0.029048,-0.040019,-0.017900,-0.027799,0.060271,0.044378,-0.072364,-0.009657,0.032688,0.009598,0.061847,0.027806,0.007661,-0.048303,-0.010401,-0.001374,-0.017036,-0.016524,0.052868,-0.041384,0.055830,-0.045386,0.011879,0.004213,-0.078717,0.085716,-0.015034,-0.058378,-0.098583,-0.097506,0.001278,0.000661,-0.033608,0.013389,0.028014,0.005875,-0.007216,-0.026693,0.000916,0.036337,0.103103,0.089044,0.007385,-0.000167,0.009196,-0.014444,0.069550,0.005612,-0.032391,0.008955,-0.030960,-0.005275,-0.066206,0.038464,-0.003569,0.000338,-0.003910,-0.030707,0.042157,0.030150,0.014787,0.037345,0.038086,-0.019556,0.012916,-0.013993,-0.027964,0.012018,0.010347,-0.021852
-0.045157,-0.005002,-0.065023,-0.024703,-0.055098,-0.051968,-0.020634,0.005847,0.011263,-0.001782,0.107628,0.172748,-0.011109,0.011339,-0.050551,-0.012181,-0.084517,0.039578,-0.026090,-0.027703,-0.099918,0.003686,0.013790,0.045691,0.059758,-0.034886,0.011331,-0.102595,-0.008169,0.000750,-0.112976,0.005246,-0.023398,-0.067415,0.182655,0.061681,-0.039925,-0.021229,0.006087,0.021628,-0.118978,0.000020,0.054388,-0.019679,0.003022,0.040171,0.003265,-0.000809,-0.027840,-0.015062,0.045754,0.102188,0.005604,0.057739,-0.009060,-0.002515,-0.409430,-0.029140,0.037087,0.014485,0.012026,0.017746,-0.004232,0.009770,0.041641,0.035629,0.002308,-0.018849,0.003962,-0.020399,0.023599,-0.032447,0.105538,-0.025836,0.006612,-0.024693,-0.096486,0.035739,-0.059162,0.095572,0.004511,-0.027840,-0.017713,-0.025871,-0.019506,0.017743,-0.025155,0.014262,-0.023307,0.063819,-0.005845,0.008278,-0.049736,-0.067199,-0.037581,0.054092,-0.003072,-0.001006,-0.016703,-0.035729,-0.067111,-0.024368,0.051526,0.010951,0.017718,0.015894,0.013049,0.006104,-0.003903,0.008265,0.029159,0.075527,0.002481,-0.016564,0.007649,0.020308,-0.001141,0.023626,-0.003322,0.102674,-0.012098,-0.008474,0.002011,-0.094350,0.025061,-0.000895,-0.230365,0.022134
