-0.118687,-0.147018,-0.051204,-0.170746,0.002912,-0.133892,-0.027547,0.068138,0.005024,0.078407,0.071202,0.048294,-0.012753,-0.257845,-0.364201,-0.139169,0.297667,0.245700,-0.010449,-0.007126,-0.076596,-0.000923,-0.202852,-0.068596,-0.067869,0.145195,-0.039435,-0.098348,0.199702,0.065370,0.005713,-0.015351,0.136709,0.354781,0.072697,0.031116,-0.197542,0.847239,0.279013,-0.129430,-0.116830,-0.114881,0.333173,0.343074,-0.021072,0.162997,0.001255,-0.022041,-0.150615,-0.338514,-0.076334,-0.024710,-0.212559,0.013884,0.090456,-0.064583,-0.080473,0.067673,-0.107053,-0.142957,-0.219061,0.566030,-0.301398,0.024735,-0.039218,-0.006507,-0.308293,0.229471,0.030372,-0.247581,-0.009214,0.232777,0.027725,0.144461,0.115451,-0.226147,-0.000724,-0.046644,-0.004663,-0.076331,-0.301279,-0.153881,0.080681,0.098072,0.007095,-0.132196,0.133728,0.569657,0.173828,0.133773,-0.073646,0.130385,-0.102652,0.271250,0.094105,0.225771,0.167626,-0.239784,0.083952,0.359961,-0.153067,-0.014583,-0.068032,-0.072438,0.067747,-0.134077,0.056923,0.126140,-0.002186,0.083205,-0.039296,0.091240,-0.022354,-0.048609,0.234362,0.180028,-0.079940,-0.119691,-0.165737,0.086659,0.094533,-0.385325,0.107616,-0.510258,-0.030008,0.056062,0.068219,-0.137680
0.209243,0.033500,0.025514,-0.301746,0.046615,-0.049973,0.213539,-0.003156,-0.060243,0.096727,0.439121,-0.061016,0.088879,0.268025,0.121302,0.133450,-0.198449,-0.059177,0.027027,0.063022,0.013530,0.022053,0.231706,0.289603,0.036843,-0.011281,0.448410,-0.113903,0.048819,-0.120097,0.013663,0.231950,0.183679,-0.035492,-0.237819,0.079299,-0.082762,0.210718,0.046415,0.005913,0.145887,-0.174166,-0.105810,-0.044742,0.012159,-0.292980,-0.003820,0.370379,-0.278130,-0.228373,0.164386,0.058362,0.023566,-0.053002,-0.344301,0.166331,-0.448399,0.022409,-0.258785,0.087144,0.309068,-0.042343,-0.137170,0.030344,0.058828,-0.002204,-0.410372,0.127551,0.358933,0.144587,0.007493,0.641584,0.363630,-0.024395,0.028897,-0.092717,0.156488,0.130448,-0.003063,-0.188040,-0.006536,0.133265,-0.106908,-0.142739,-0.147360,0.200701,-0.278812,0.117255,-0.051218,0.010005,-0.151918,0.069132,0.070573,-0.211327,0.106474,0.095531,-0.401848,-0.041081,0.137490,0.021724,0.134397,0.020495,0.226391,0.081942,-0.053901,-0.084296,0.183756,0.067740,0.005512,0.117861,-0.207981,-0.228215,-0.032716,-0.252767,-0.235180,0.055096,0.335332,0.103325,-0.303960,-0.070261,0.148139,-0.069227,0.151759,0.283003,-0.069840,0.067108,-0.036052,-0.092322
0.142008,0.251028,0.230273,0.021622,-0.176878,-0.079824,-0.017742,0.191152,0.301261,0.021619,-0.057131,-0.206998,0.341072,-0.114884,0.098968,0.150071,0.119894,0.096088,0.052580,0.017046,-0.002287,-0.006277,0.123879,0.202677,-0.128250,-0.046151,-0.092395,-0.149431,-0.094710,-0.038658,0.003114,-0.047214,-0.199277,0.043006,-0.126375,-0.128816,-0.032053,-0.049938,-0.067493,-0.118665,-0.095333,-0.051085,0.490756,0.133068,-0.011641,-0.057913,-0.014769,0.205826,-0.332262,-0.011861,-0.127264,-0.003138,-0.142847,0.085887,0.174648,0.173460,0.165096,0.342988,-0.205244,0.097541,0.056975,-0.373871,0.134764,-0.019929,0.067202,0.001108,-0.010387,0.256430,-0.011632,0.299842,-0.018261,0.016767,-0.004672,-0.063694,-0.066499,0.047188,-0.023955,-0.063371,-0.015752,-0.077466,0.769448,-0.185990,-0.787372,-0.781653,-0.041181,0.049430,-0.165909,0.361958,-0.198699,0.006983,-0.068472,0.150909,0.418693,-0.114945,-0.066027,0.109210,0.041419,-0.006993,-0.267272,0.123579,0.054635,-0.011327,0.141394,-0.356705,0.085329,-0.039747,-0.223847,0.018919,-0.004347,-0.100325,-0.145870,-0.055955,0.197032,-0.037951,-0.073561,-0.154188,0.060346,-0.248001,-0.152253,-0.122568,0.110583,0.158691,0.374534,0.075746,-0.056768,-0.275628,-0.055970,0.074553
0.027737,0.080188,-0.089556,-0.018979,0.071998,-0.031676,-0.283268,-0.151832,-0.100697,0.383324,-0.110938,0.209299,0.036549,0.149120,-0.170867,-0.066656,0.090981,-0.159874,0.114298,0.061614,0.046179,-0.004015,-0.338949,-0.063155,0.101917,0.126928,-0.246817,0.069410,0.134442,-0.189012,0.008800,0.001488,0.320623,-0.299921,-0.248901,-0.060046,-0.760228,-0.168121,-0.008422,-0.460179,-0.149284,0.035532,0.237973,-0.105777,-0.016965,-0.024311,-0.009002,0.236208,0.044347,0.015108,-0.181563,0.291061,0.191436,0.108609,0.495665,0.174617,-0.036642,0.054982,-0.060578,-0.292141,0.023620,-0.014812,-0.149048,0.005081,0.158647,-0.003296,0.175736,0.002810,-0.186004,-0.005006,-0.023409,0.275367,0.102842,-0.147341,0.209194,0.095897,0.004027,-0.167013,-0.018778,0.691365,-0.083891,0.019990,0.101124,0.053478,0.175273,-0.202752,-0.015388,-0.174589,0.034380,0.153502,-0.085016,0.008374,-0.157461,-0.081692,-0.058615,-0.049051,-0.148431,0.058665,0.100052,-0.168867,0.190527,-0.001252,0.184944,0.226787,0.245156,0.132335,-0.111526,0.023267,-0.014004,-0.064295,0.010723,0.414097,0.039648,-0.299249,0.271994,0.392586,-0.065087,0.099895,-0.276478,-0.002470,0.566581,-0.046974,-0.341337,0.017955,0.023062,-0.054125,-0.471882,-0.230259
0.171268,-0.064079,0.118753,-0.147340,-0.117280,0.338330,0.013222,-0.014279,-0.067538,0.019657,0.048822,-0.090805,-0.177836,-0.110765,-0.217725,-0.058051,-0.027488,0.125247,0.076605,0.028527,0.048326,0.000460,0.130704,0.232722,0.277192,0.071113,0.142953,0.098880,0.363055,0.091675,0.001943,0.069549,0.052980,-0.173001,-0.269440,-0.004733,-0.130580,0.055093,0.246896,-0.048597,0.130778,0.005457,0.055316,-0.191962,0.003012,0.323759,0.025118,0.256391,0.120573,0.021812,-0.062205,-0.751070,0.330353,0.106554,-0.178303,0.042616,0.019268,0.137517,0.088581,0.081987,0.209268,0.015588,0.123305,-0.065057,0.109574,-0.009127,0.087308,0.323018,0.122680,0.163787,-0.001957,-0.029280,0.172297,0.269082,0.003103,-0.019416,0.037380,-0.148977,-0.004217,-0.258103,0.034432,-0.046260,-0.097261,0.183715,-0.758027,0.157367,-0.168326,-0.121174,-0.036172,-0.183896,0.244613,0.304650,0.256761,-0.254328,-0.088261,-0.104914,-0.158244,-0.133597,-0.185177,-0.020883,0.123951,0.008228,-0.004546,-0.055407,-0.258076,0.097919,-0.213375,-0.000779,-0.001553,0.065574,0.130803,0.336968,-0.084017,-0.145657,-0.017510,-0.025601,0.113414,0.028167,0.057843,0.741069,0.321954,-0.110734,-0.126121,-0.266993,0.036411,-0.198688,0.280396,-0.200109
0.069252,-0.198744,-0.060787,-0.027750,0.130652,0.008300,0.264714,0.412257,0.335742,-0.287969,0.295592,0.063529,-0.085691,0.445435,-0.231337,-0.162832,-0.041388,0.183799,-0.179601,-0.061637,-0.011213,0.013655,0.234858,-0.121135,0.517871,0.038093,0.071969,-0.028746,0.067433,1.287726,-0.001850,-0.025864,0.039096,-0.105181,0.284722,0.028805,-0.143950,-0.008462,-0.206743,-0.114494,-0.031053,0.176641,0.024135,0.170384,0.000542,0.196632,-0.010012,0.094764,-0.172232,-0.029050,0.125292,0.068288,0.255964,-0.025572,-0.157881,0.111652,-0.211483,-0.165834,0.051533,-0.211151,0.145321,0.037274,0.053436,0.034283,0.025947,0.004610,0.126881,-0.050525,-0.251036,-0.052490,-0.015344,0.053974,-0.011311,0.465089,-0.053046,0.062171,0.064243,-0.006677,-0.006181,0.081449,0.140425,0.014795,0.139483,0.037514,0.036037,-0.189626,0.008189,0.009158,-0.045103,0.178203,-0.535697,0.152006,-0.014940,-0.118906,-0.078724,-0.184868,-0.022278,0.002518,0.111280,0.042244,-0.033620,-0.014313,-0.130252,-0.228979,-0.026567,0.111401,0.546545,-0.177500,0.001974,0.035769,0.044042,0.027451,-0.254978,0.116334,-0.024015,-0.096786,-0.001194,-0.126559,0.269713,-0.212693,0.095391,0.140873,-0.002819,-0.124118,0.063081,0.062665,-0.247987,-0.039448
-0.087578,-0.162002,0.094789,-0.059888,0.048489,0.140346,0.298236,0.109276,0.216357,0.181978,0.097288,-0.055682,-0.181071,0.047756,0.091101,0.071563,0.149390,-0.328173,0.024271,-0.009857,0.082258,-0.014215,0.054335,0.033556,0.011534,0.005580,-0.264171,0.260992,0.101312,-0.000525,-0.037697,-0.049202,-0.093105,-0.070294,-0.034157,-0.037195,-0.055870,-0.193605,0.019468,0.075838,0.101230,-0.100644,0.093702,0.457411,0.023857,-0.124965,0.001035,-0.115617,0.165384,0.096318,0.112112,0.135202,0.489197,0.167857,-0.129719,-0.206082,0.140748,0.052021,-0.033714,0.175033,0.257625,0.186310,0.058766,-0.032985,-0.077276,-0.012847,-0.147323,0.149762,-0.280353,-0.395496,-0.003829,0.106604,-0.149460,-0.083465,0.729045,-0.041008,-0.140510,-0.046562,0.008119,-0.085115,0.282397,-0.072578,0.065150,-0.119838,0.037015,-0.070039,0.130887,0.237556,-0.100439,-0.020134,-0.132643,0.169738,-0.042357,-0.026512,0.070162,-0.612324,-0.069240,0.085277,-0.144746,-0.026964,-0.079007,0.004887,0.012229,0.178762,-0.045142,-0.446655,-0.011125,-0.135337,-0.034256,-0.116199,-0.174646,-0.102085,0.027365,0.086119,0.267138,0.001905,0.057972,-0.155402,-0.177625,-0.008676,-0.013969,-0.375617,-0.022980,0.184606,0.017706,-0.104742,0.086235,0.029849
-0.029720,-0.148258,-0.277365,-0.068665,0.100839,-0.139897,-0.026874,-0.018979,0.102140,0.140130,0.339323,0.165107,0.018479,0.101468,0.321762,0.041573,-0.032187,0.067325,0.064173,-0.016692,-0.013359,0.003202,0.001556,-0.200277,-0.096040,-0.113960,0.125844,-0.013670,-0.135047,-0.121013,0.020050,0.058554,0.096583,-0.174894,0.151859,-0.079267,0.206071,-0.077576,0.530702,-0.224795,0.114659,0.152239,-0.214538,-0.069186,0.003007,0.235610,-0.002277,-0.114809,0.016531,0.085067,0.548354,-0.019579,0.009315,0.155430,0.063500,0.038516,0.094800,-0.044848,-0.039799,0.029548,-0.159845,-0.018079,0.182859,0.016941,-0.032053,0.007063,0.893979,-0.032847,0.019632,-0.005554,-0.010170,0.106419,0.122555,0.081551,0.036169,-0.020260,0.048903,0.254980,-0.000693,-0.099278,-0.058422,-1.259561,0.112768,-0.157394,-0.046480,-0.071634,0.054839,-0.085123,0.123344,-0.027712,-0.113776,0.279832,0.032047,-0.228306,0.015205,-0.106789,0.180645,-0.007130,0.260644,-0.104760,-0.040334,-0.009001,-0.203521,0.134605,0.066604,-0.005354,0.022567,0.085683,0.006910,-0.141858,-0.381047,-0.353556,-0.120576,-0.159219,-0.064084,0.198214,-0.058866,-0.185326,-0.010045,0.107448,-0.033134,0.095407,-0.226215,0.104089,-0.017608,0.173304,0.146220,-0.106680
0.077373,-0.061518,0.039249,0.082631,0.192508,0.057078,0.123581,0.180785,-0.140472,-0.268322,0.082168,-0.269443,0.134174,-0.094881,-0.098754,-0.053627,0.336601,0.129280,-0.240998,0.067721,-0.023603,-0.018004,0.168856,-0.286103,0.045242,0.083357,0.064904,0.106866,-0.013504,-0.292601,-0.015984,0.026721,0.450110,0.008345,0.194745,0.082321,0.343987,-0.006055,-0.069603,0.091384,-0.130698,0.071678,-0.165731,0.451995,0.007876,-0.204403,-0.006779,0.089482,0.008509,0.106934,0.191619,0.011508,0.190188,0.166218,0.009421,0.067190,-0.102083,-0.106321,-0.053335,-0.096581,-0.172943,-0.069245,0.196186,-0.025642,-0.021382,0.013026,-0.294750,-0.006705,0.208840,-0.061699,-0.023504,-0.247263,0.059626,-0.034631,0.091874,0.342976,0.097678,0.214933,0.001327,0.129305,-0.022234,0.158344,0.015260,0.178813,-0.108095,-0.160343,-0.125129,0.280391,0.069844,-0.057071,0.332896,0.521204,0.052060,-0.188399,-0.103421,-0.109991,-0.409853,0.083510,0.314017,-0.032276,-0.046344,-0.002976,0.113657,0.185459,-0.066469,0.206792,0.047131,-0.132890,-0.005911,-0.069838,-0.069374,-0.206676,-0.375853,-0.109434,-0.346415,0.049405,-0.196775,-0.110069,-0.101167,0.058004,-0.117303,0.130239,0.223302,0.013246,0.029530,-0.427058,0.618519,0.100223
-0.003574,0.347463,0.028320,-0.242375,-0.217865,-0.300417,-0.040028,-0.319122,0.023051,-0.059720,-0.307130,0.139187,0.733508,-0.050616,-0.369419,0.208524,0.294141,-0.003915,0.032118,0.021976,0.031209,-0.025825,0.091243,-0.148999,-0.011256,-0.292501,0.052839,0.066947,0.577313,0.168509,0.003095,0.051821,0.117428,0.193089,-0.294463,0.004819,0.242300,0.396686,-0.243886,0.152738,-0.077438,0.068943,0.137720,-0.147698,-0.003808,-0.101817,-0.008807,-0.097225,-0.054891,0.138103,0.183021,0.186408,0.102137,-0.139169,0.092717,0.004248,0.125853,-0.080997,-0.291303,-0.181508,-0.322592,0.386827,-0.327223,0.022761,-0.016781,0.004687,0.020372,-0.160083,0.153788,0.196548,-0.003531,0.172987,-0.009956,-0.256007,0.126599,0.327514,0.120388,-0.050990,-0.002444,-0.240583,0.136461,-0.138400,0.346716,-0.087371,-0.068970,0.248486,-0.246799,0.173248,0.059827,0.060937,0.273865,0.035078,0.168082,-0.206546,0.035809,-0.205809,0.125850,-0.071312,0.094334,0.052600,0.043558,-0.017919,0.101287,0.069718,-0.145893,0.153944,0.207989,-0.402424,-0.009016,0.110679,0.090475,0.017365,-0.257997,-0.126548,0.043081,-0.082973,-0.040519,0.027659,0.232576,0.076984,-0.020199,0.330946,-0.019801,0.007060,0.017011,-0.049112,-0.210521,-0.434094
-0.084025,-0.003548,0.108467,-0.127470,-0.049661,-1.080921,-0.350145,0.086394,-0.005654,-0.153577,0.008354,-0.005239,0.204572,0.008163,-0.161020,-0.031905,-0.150819,0.119490,-0.378756,0.125794,0.035610,0.013152,0.224494,-0.136960,0.121717,0.008475,-0.090853,-0.067562,0.267388,-0.271293,0.008018,-0.063106,0.329309,-0.006653,-0.134500,0.076683,0.146781,0.070262,-0.047880,-0.002123,0.184381,-0.039933,-0.065630,0.091905,-0.002811,0.112895,-0.005497,-0.066543,0.151390,-0.208305,0.538032,-0.050834,0.152447,-0.123287,0.141030,0.071154,-0.081887,0.296480,0.012229,0.097851,-0.107884,-0.067927,-0.105310,-0.001923,-0.192222,0.004579,-0.019204,0.160720,-0.031714,-0.088001,-0.009137,-0.025540,0.096346,-0.031475,0.033197,0.220437,-0.114894,-0.058011,-0.000031,0.199492,-0.008521,0.093095,0.283923,0.163487,-0.674593,0.106948,0.012513,-0.305881,0.314534,-0.189827,0.025268,0.103877,0.008338,0.086284,-0.101169,0.193956,0.172254,0.184977,0.048017,-0.001021,-0.076781,-0.014235,-0.098004,-0.065649,0.104277,0.203727,-0.141166,-0.016660,-0.007120,-0.096791,0.083089,0.186178,0.062496,0.034082,-0.129140,0.103758,0.620574,-0.099410,-0.192870,0.146994,0.005814,-0.313715,0.174829,0.000387,0.002179,-0.019415,-0.141387,1.027503
0.080131,0.226788,-0.172535,-0.073251,-0.227324,0.178060,-0.000848,0.080769,0.211708,-0.101638,-0.040117,0.146466,0.156835,0.160757,-0.198258,0.035429,0.087381,0.435403,-0.027400,0.033812,0.079662,-0.005726,-0.315406,-0.229206,-0.345157,-0.020173,-0.155652,-0.081402,-0.201812,0.122887,0.011388,0.050511,0.160840,0.362278,-0.191453,0.014931,0.100817,-0.096163,-0.022583,-0.115107,0.119260,0.256587,-0.241486,0.001565,-0.019485,0.182428,-0.008827,-0.093214,0.169042,0.248863,0.116557,0.019144,0.085765,-0.159942,0.037863,-0.044895,0.095667,-0.161627,0.106609,0.540858,0.226398,0.242612,-0.025015,0.026945,0.021053,-0.003133,-0.211600,0.355984,-0.222177,-0.271942,0.003622,0.122312,0.003196,-0.129721,0.033559,-0.241989,0.069156,0.067396,-0.012788,0.103013,0.166775,-0.002107,-0.157840,-0.245855,-0.023226,-0.121561,0.198141,-0.972779,-0.046708,0.128229,-0.045181,-0.015860,0.481342,0.382797,0.063593,-0.101923,-0.220011,-0.020960,-0.022673,0.000190,0.209886,-0.006141,0.307316,0.026436,0.095112,-0.013967,0.401301,0.043758,-0.001155,0.239658,-0.259786,-0.183695,-0.209629,0.215008,-0.046489,-0.117309,0.080119,0.010586,0.050102,0.198974,-0.064685,0.133066,0.159785,0.203961,-0.056369,-0.169580,-0.102573,0.033485
-0.185076,-0.231710,-0.219375,0.107646,-0.041717,-0.143879,-0.234032,-0.008127,0.061296,0.056475,0.107395,-0.451159,0.063978,0.135983,-0.124796,-0.076247,-0.035121,0.094019,-0.459925,0.146431,0.010162,0.000312,0.314238,0.534832,-0.956195,-0.040230,-0.053094,-0.030317,0.054518,-0.107031,-0.025239,-0.029050,-0.156307,-0.092273,0.286714,0.030201,0.084025,0.249876,-0.224864,-0.033780,-0.170052,-0.189692,-0.036195,0.193425,-0.009631,0.120094,0.006465,0.072771,0.474827,-0.082852,-0.208481,-0.138654,-0.045223,0.141994,-0.257859,0.513261,-0.105972,0.351045,0.231588,-0.011483,-0.139961,0.036038,0.241280,0.055533,0.049577,-0.003940,0.252165,0.160988,-0.146063,-0.101488,-0.012890,-0.219436,-0.019474,0.144001,-0.028799,0.142836,0.135040,-0.249688,0.007508,-0.161647,0.160771,-0.087135,0.321963,-0.170188,0.116488,0.017372,0.020670,-0.202392,-0.035911,0.196760,0.391195,-0.124255,0.031540,0.076842,0.290025,0.037706,0.010956,-0.094179,-0.210067,0.185081,0.034280,-0.004703,-0.000454,-0.195890,0.093299,-0.207699,0.518842,0.076044,-0.012676,0.168760,0.032072,0.007062,-0.057686,-0.231009,0.082431,0.334435,0.125706,-0.106791,0.147657,-0.208985,-0.070392,0.132744,-0.471807,0.004305,0.092286,-0.132085,-0.010798,0.034535
-0.067328,-0.179959,-0.257589,0.077966,-0.350216,0.082912,0.044901,-0.144665,-0.428115,0.069036,0.057857,-0.342624,-0.339439,-0.019932,-0.294454,-0.001138,0.095375,-0.021150,-0.068814,0.000989,0.022291,0.000424,0.164554,-0.286943,0.091692,-0.047395,0.049877,-0.131308,-0.205903,0.139417,-0.022652,-0.059444,0.063815,0.321207,0.049353,-0.081754,0.079851,0.146789,0.354912,-0.260649,0.089480,-0.194179,-0.195383,-0.132819,0.003501,0.052575,0.007132,0.086810,0.174476,0.269768,-0.157310,-0.228510,-0.093742,0.076338,-0.133280,0.084866,0.077994,0.200481,-0.553817,0.184869,0.086212,0.130458,0.127664,-0.004110,0.026354,0.007722,0.213005,-0.118434,-0.160168,0.123343,-0.002588,0.237531,0.191951,-0.056856,-0.061375,0.331320,-0.089142,-0.012090,0.003820,-0.146855,-0.285966,0.270136,-0.033473,-0.352359,-0.023199,0.139056,0.225474,-0.044933,0.207633,0.426893,0.078525,-0.356956,-0.087477,0.005825,0.264551,0.155661,-0.253459,0.163037,0.036937,0.180019,-0.126633,-0.005661,-0.260543,-0.156441,0.193641,0.206599,-0.328614,0.086085,-0.021018,0.283164,0.320815,0.055457,0.200168,-0.042971,0.213328,-0.128886,0.166479,-0.005357,0.690613,0.247738,-0.112735,0.135096,0.140177,0.188780,-0.082401,0.041403,0.042580,-0.056787
0.158302,0.612470,-0.048837,0.277822,0.044247,-0.288795,-0.246399,0.075769,0.082858,0.315892,-0.008371,-0.034913,-0.366965,0.266557,-0.493203,0.032689,0.032044,0.092076,-0.365067,-0.176016,0.029523,-0.018043,-0.005671,0.398362,0.074742,0.035955,-0.030428,-0.009979,-0.214910,0.020090,-0.002160,0.070635,-0.086284,0.337814,0.141808,0.216046,-0.021195,0.061935,0.010984,-0.038401,-0.117683,-0.069047,-0.057166,0.075975,0.004566,0.180346,-0.003096,0.156082,0.345348,-0.392675,-0.000728,-0.213747,-0.153235,0.005791,0.101968,0.101521,-0.129966,-0.189104,-0.071188,-0.195928,0.053577,-0.113653,-0.088992,-0.027703,-0.035399,0.009862,-0.222162,-0.118957,-0.133220,-0.079485,0.003711,0.327885,0.249938,0.044414,-0.056683,0.022163,0.022649,-0.127050,0.010071,0.195305,0.197521,0.118653,0.134387,0.057942,0.213030,-0.152021,0.042516,-0.186804,-0.037761,-0.303254,-0.068308,-0.096123,-0.056220,0.082621,-0.039540,-0.348735,0.031590,0.355774,0.052554,-0.137415,-0.016259,-0.000360,-0.248491,0.081504,0.142060,-0.348069,-0.254233,-0.303784,0.002719,-0.055897,-0.333468,-0.041250,0.438690,0.228604,0.062825,0.306628,-0.074283,0.112839,-0.079922,0.263092,0.138671,-0.071669,0.105433,0.066552,-0.048301,0.176911,0.185142,-0.113125
0.211063,0.297985,0.251638,0.224173,0.616795,-0.206217,0.127030,-0.061324,-0.061719,-0.251606,0.041009,0.211196,-0.318769,0.095320,-0.098162,0.092898,0.241346,-0.200089,0.076632,0.052052,-0.031821,-0.003578,-0.051903,-0.108893,-0.125036,-0.198861,0.423207,0.599320,-0.125805,-0.103009,0.000444,-0.028402,-0.008356,0.497754,-0.058982,0.213324,-0.034351,-0.076057,0.129771,0.144273,0.081845,-0.172939,0.415226,0.146349,-0.003204,-0.240763,0.008302,-0.028318,0.242690,0.118072,-0.121773,0.174380,-0.277835,-0.060098,-0.088799,-0.154693,0.221641,0.187237,-0.199562,-0.220709,-0.027728,0.061409,-0.016561,0.079785,0.228124,-0.007933,0.399085,0.252165,-0.007079,-0.084661,0.010624,-0.199192,0.210274,0.145839,0.027005,-0.176506,0.015558,-0.058628,0.005246,-0.236941,-0.127847,-0.413810,0.090501,-0.520064,0.137810,0.358526,0.216541,-0.171608,0.014459,0.143354,0.020137,0.176279,0.011177,-0.144675,-0.066317,-0.125264,-0.164695,-0.147803,0.231877,0.021876,-0.030746,0.005177,-0.081599,-0.058095,-0.085816,0.199993,-0.089391,0.040039,-0.002880,0.026772,0.284269,-0.063049,-0.024964,-0.204955,-0.031263,0.017281,0.101340,-0.109550,-0.182893,-0.007945,0.158095,-0.093226,-0.028430,0.209092,0.105040,0.304306,0.178266,0.008547
0.116243,0.176450,-0.031325,-0.177407,-0.237676,0.193997,-0.312768,0.099372,-0.028860,-0.116869,0.129414,-0.034586,-0.061335,-0.217343,0.210463,-0.038261,0.001521,-0.058582,-0.231202,0.016539,0.067219,-0.000039,0.136522,0.322864,0.076930,0.033045,-0.087230,0.321902,-0.329608,0.107438,-0.007013,-0.007775,-0.466412,-0.306743,0.257947,-0.032246,0.036090,-0.020001,0.114280,0.040079,0.019245,-0.364900,0.066872,0.226831,-0.014995,-0.190353,-0.006092,0.052320,-0.331382,-0.196183,0.029390,-0.203798,0.168064,0.112428,0.065521,0.036637,-0.462070,0.278404,0.171388,0.138656,0.020595,0.321872,-0.160975,0.047319,0.010663,-0.008992,0.291651,0.200386,-0.270630,0.254972,0.004484,-0.061127,0.311701,-0.307549,0.059955,-0.206690,-0.095042,0.036320,0.004102,0.260359,-0.112974,-0.428757,0.150602,0.423726,-0.064329,0.181089,-0.431238,-0.095195,-0.109115,0.324529,0.464784,-0.070268,0.221176,-0.149250,0.262715,0.097967,0.236203,0.050263,-0.017446,-0.218100,-0.057758,-0.018360,-0.011030,0.075103,-0.081428,0.293773,0.010249,0.073524,-0.000955,-0.225566,-0.131721,-0.010342,0.117105,0.067920,0.013011,-0.360842,-0.209592,0.141649,-0.181739,-0.087949,0.079801,0.163373,0.183381,0.150407,-0.012437,0.098682,-0.090221,0.083322
-0.130770,0.053362,0.218578,-0.117148,0.157392,0.112381,-0.167838,-0.111811,0.170826,-0.091633,-0.017637,-0.004418,0.083531,0.245455,0.356277,-0.057346,-0.348322,0.191133,-0.001138,0.089148,-0.009063,-0.009998,0.161233,0.271498,-0.085361,-0.102993,-0.076112,-0.123890,-0.162899,0.089716,-0.004353,0.040220,0.428390,-0.028499,-0.071905,0.073276,-0.080808,-0.262420,0.074303,-0.050735,0.051590,0.052086,0.035464,0.089566,0.000498,-0.206165,-0.004479,-0.302714,0.336860,-0.364317,-0.074318,-0.040638,0.102854,-0.027503,-0.353702,-0.283275,0.306413,-0.057354,0.440681,0.079355,-0.600629,0.004594,-0.013789,0.031172,0.122715,0.001444,0.076264,0.145269,-0.160608,0.548203,-0.002431,0.360263,0.181966,-0.038799,0.186752,-0.225399,-0.028663,-0.036264,0.005626,-0.036341,0.139732,0.240921,0.048107,0.014261,-0.330984,-0.335840,0.135831,0.208933,0.064513,0.126885,-0.065575,-0.083011,-0.035941,0.235085,0.134108,-0.314970,-0.040930,-0.166205,-0.289748,0.126696,-0.035484,-0.006803,0.158091,0.163923,-0.333234,-0.017214,0.179095,0.174646,-0.002770,0.098367,0.251155,0.332324,0.198420,-0.018752,-0.309728,0.309144,-0.176075,-0.044583,0.133750,0.190346,-0.151391,0.179292,0.063268,-0.136711,0.021594,-0.093421,-0.271601,0.006602
-0.053071,0.090972,0.155896,0.776668,-0.044665,-0.135930,-0.020252,0.038190,-0.196019,0.328446,-0.011701,-0.242578,-0.165858,0.098255,0.145594,-0.017523,0.099376,0.004831,0.595856,0.060991,-0.020981,0.002670,0.991451,-0.108835,-0.066098,0.127243,-0.101823,-0.198588,0.262305,-0.176975,0.008771,-0.015530,-0.208058,-0.008364,-0.199933,0.063921,-0.037791,-0.108047,-0.004125,0.158674,0.169300,-0.202042,0.046540,0.030024,-0.015921,0.031812,0.000492,-0.021358,0.191312,-0.146237,0.126038,0.054904,-0.076890,-0.049488,-0.315989,-0.156448,-0.135292,-0.310523,0.262085,-0.083401,0.262667,0.249750,-0.212579,0.022816,0.011591,-0.003203,-0.105045,-0.251931,0.107716,0.221250,-0.011219,0.111220,-0.117307,0.292066,0.050204,0.227677,-0.040203,0.119373,0.004559,0.148638,-0.003923,0.130060,-0.153685,-0.142772,0.094826,0.127316,-0.325165,-0.378259,-0.071815,0.246724,-0.097241,0.144049,-0.155475,0.048748,-0.132010,-0.401704,0.192842,-0.097611,-0.085656,-0.085230,-0.003695,-0.008564,0.035459,0.079643,-0.071275,0.190957,-0.013727,0.091578,0.006105,-0.000679,0.199002,-0.149739,0.176002,0.089986,0.184076,-0.720627,0.108433,-0.078190,0.121642,0.114030,0.029514,-0.097300,-0.151860,-0.193971,0.045880,0.070517,-0.107871,-0.101974
-0.047200,-0.148278,-0.039249,-0.136018,-0.003276,-0.082587,0.423968,-0.213756,0.446513,0.193444,0.055334,-0.123997,0.034849,0.175572,0.086862,-0.075926,0.244475,0.104931,0.273846,0.079119,0.071649,-0.009320,-0.110010,0.323818,1.049182,-0.030359,-0.066907,-0.224141,0.133897,-1.009787,0.006580,-0.061814,-0.349503,-0.219062,0.248162,-0.063618,0.397894,0.184098,-0.162039,0.027687,-0.008493,-0.033306,0.093278,-0.076289,0.004887,0.017699,-0.008681,-0.018714,-0.014931,-0.262399,0.044762,0.170802,-0.065101,0.207805,0.036935,-0.151705,0.029046,0.167039,0.121389,-0.016596,-0.187510,0.034690,-0.071468,-0.032371,0.023511,0.011776,0.139122,-0.000192,-0.218950,-0.120758,0.006085,-0.106447,-0.100703,0.277100,-0.061291,0.276215,-0.024775,-0.176869,0.002860,-0.057545,0.006218,-0.054416,-0.181484,0.172737,0.233725,0.069688,0.163802,-0.058487,-0.059635,0.372057,-0.157393,0.038129,0.059514,0.045687,-0.121876,-0.144542,-0.099133,0.074720,-0.085096,-0.021009,0.078317,-0.005170,0.095359,-0.298530,-0.057407,0.302318,0.229927,0.050642,-0.006605,0.062516,0.181969,0.022906,0.006291,-0.245132,0.100168,0.066266,0.243691,0.038978,0.049434,-0.184347,0.002794,-0.024916,-0.190888,0.057532,-0.054609,0.114003,-0.069969,-0.000348
0.026614,-0.224007,-0.263940,0.077223,0.062278,0.053132,-0.003094,-0.091951,0.230604,0.219301,0.178986,0.196943,0.063032,0.392931,-0.125491,0.042820,0.415195,0.430444,0.145772,-0.040813,0.011068,-0.010873,0.020850,-0.117206,-0.043746,0.045808,-0.157359,-0.219918,-0.076624,0.008806,-0.000203,0.015570,-0.256120,0.108016,0.071810,0.093000,-0.011045,0.002744,-0.667508,0.042621,0.121802,-0.057865,-0.170342,-0.148524,0.003867,0.125685,-0.004955,0.223114,0.115366,-0.064401,0.262079,-0.006207,0.101359,-0.146957,-0.041363,0.281848,0.101375,-0.024396,-0.269233,-0.025537,-0.108558,0.120428,0.254681,0.017029,-0.024082,-0.011977,0.221777,0.352913,-0.150394,-0.139921,-0.001639,0.207412,-0.100383,-0.231048,-0.154888,-0.350620,-0.013605,0.411160,0.008856,-0.243721,-0.200483,0.225913,0.070516,-0.243520,0.212648,0.168167,-0.127374,0.170783,-0.094413,-0.176366,0.127713,0.053106,-0.295026,-0.270532,0.013771,0.112904,0.306981,0.035529,-0.078851,0.038147,0.064610,0.003232,0.337902,0.203563,-0.200018,-0.164939,-0.209270,0.116154,-0.010460,0.049862,0.241270,0.218085,0.417843,-0.237291,0.220761,0.305022,0.103547,0.196888,-0.340046,0.088119,-0.386362,0.311448,-0.083978,-0.067115,-0.025518,0.100043,0.099028,0.150416
-0.075940,-0.231592,0.408091,0.032569,0.245202,0.047806,0.000885,-0.006386,-0.138404,0.332227,0.376610,-0.529418,0.351984,-0.224576,-0.098824,0.050971,0.274229,0.212127,-0.026706,0.027122,-0.001054,-0.008956,-0.194124,-0.085495,0.069091,-0.084238,-0.122293,0.052214,-0.192097,-0.069171,0.022077,-0.035459,-0.064915,-0.005664,0.051821,-0.113406,-0.180344,-0.056907,0.039934,0.015707,0.929903,-0.055620,-0.074387,-0.114720,0.003918,-0.356166,-0.015983,0.145381,-0.178703,-0.123328,0.093119,-0.014478,-0.262336,0.444723,0.116505,-0.027842,-0.184856,0.115212,-0.045597,0.068093,0.420558,-0.028828,-0.116756,0.017207,-0.033996,-0.009683,0.219752,-0.213214,-0.014368,0.083385,-0.024672,0.097517,-0.164953,-0.437927,-0.047663,0.075461,-0.007544,0.077797,0.009217,-0.202148,-0.033183,-0.059836,0.186154,0.090276,0.084502,0.054212,0.016796,-0.306149,-0.368922,0.197437,0.204075,-0.109018,-0.178992,0.238421,0.105263,-0.110859,0.114109,-0.030594,-0.051294,-0.153586,0.044362,-0.006646,-0.132638,0.180478,-0.024126,0.149902,0.238719,0.047212,-0.008224,0.004207,0.171059,0.221076,0.030445,0.459460,-0.019760,0.347512,-0.046851,-0.045397,-0.186871,0.123415,0.100442,-0.083520,0.038596,-0.333088,0.048238,-0.557962,0.053229,-0.179916
0.048048,0.112658,-0.128584,-0.081552,0.151808,-0.165712,0.091237,-0.015771,0.221898,0.136446,-0.602180,0.136230,0.399590,0.113238,-0.056090,-0.099384,-0.158708,0.079192,0.140164,0.010336,-0.079793,0.000868,0.059234,-0.260603,0.090651,0.076066,-0.127500,-0.025112,-0.047183,0.104280,-0.003642,0.139896,0.125457,-0.001603,0.296916,0.020092,-0.106506,-0.036961,0.008670,0.122826,0.012843,-1.551838,-0.032047,0.392983,-0.001574,0.028566,0.002538,-0.352735,0.141107,0.024565,-0.081840,-0.028350,0.476203,-0.128243,0.069862,0.125617,0.032655,0.133408,0.147291,-0.049865,0.566253,-0.151149,0.181254,0.010422,0.047805,0.001168,0.239640,-0.043302,0.469223,-0.231411,-0.002892,0.076264,0.055005,0.004962,-0.058337,-0.040064,-0.005697,0.076725,0.001547,0.008893,0.127205,0.089791,-0.092666,0.075960,0.068294,0.136909,0.041276,-0.090692,0.015000,0.506945,-0.236055,0.039830,0.169054,-0.126370,0.052940,-0.036463,0.022469,0.069217,0.054612,0.067704,-0.042267,-0.003016,-0.016711,0.292496,-0.095863,-0.149934,-0.061301,-0.130032,0.001276,0.307402,0.118642,0.038438,-0.210118,-0.191537,0.053337,0.011274,-0.067924,0.077460,-0.010603,-0.072193,0.027139,-0.108330,0.049006,-0.029133,-0.043964,0.123247,0.026509,-0.012925
0.212410,0.198359,-0.071128,-0.020657,-0.087506,-0.213587,0.171274,0.243906,-0.074395,-0.015756,0.278101,0.022030,-0.281444,-0.098327,0.253156,-0.007273,-0.111840,-0.509316,0.298731,0.021263,0.024769,-0.003926,-0.223353,0.099141,0.027984,-0.385181,-0.139973,0.042336,-0.102132,-0.075616,0.007824,0.021427,0.420950,0.135100,0.286437,-0.039912,0.146676,0.002820,-0.198346,0.168950,0.228160,0.004366,-0.137506,-0.032841,-0.047289,0.106438,-0.007032,-0.218991,0.091399,0.028206,0.149007,-0.430553,0.114474,0.210417,0.017365,0.203833,0.026259,-0.417283,-0.460244,-0.005875,0.299801,-0.023190,-0.019839,0.000798,-0.028939,-0.021727,-0.161225,0.147657,0.183353,0.190832,-0.010153,-0.176318,0.129215,0.092359,-0.040766,0.212867,-0.050445,0.065466,-0.035591,-0.329990,-0.104140,0.022608,0.061320,-0.010402,0.280371,0.087843,0.132225,0.407536,-0.651385,-0.086610,-0.148219,0.207464,-0.097753,0.029460,-0.062382,0.245529,0.105993,-0.025389,-0.123037,0.126353,-0.077406,-0.028229,0.090446,0.118718,-0.060257,-0.014178,0.192479,0.184849,-0.016840,-0.002475,-0.184835,0.651994,0.014196,0.147597,-0.061232,0.268768,-0.181417,0.028723,0.098854,-0.181898,-0.097088,-0.079026,-0.222489,-0.060092,-0.044704,-0.353408,0.056389,0.101451
0.139558,0.185751,0.357164,0.170213,0.000544,0.167012,0.155544,-0.078687,0.010070,-0.011071,-0.016594,-0.000418,-0.212704,-0.148364,-0.139602,-0.001132,0.895015,-0.109210,0.265084,-0.007192,0.054375,0.017132,-0.082603,-0.016788,-0.271419,0.115209,-0.215976,0.011195,0.020825,0.166741,0.002842,0.018950,0.054816,-0.011716,0.018346,0.065195,-0.022798,0.250070,-0.051136,-0.138497,-0.078037,-0.067156,-0.701696,0.457293,0.008072,0.050953,-0.001452,0.056353,-0.115626,-0.108278,0.136147,0.147665,0.108041,0.178909,0.009985,0.043476,0.379276,0.140883,0.002031,0.238943,0.218676,-0.030226,0.132205,-0.035300,0.099484,0.010720,0.084952,-0.028284,-0.090689,0.109133,0.001024,0.173067,0.296535,-0.144954,0.064241,0.020032,-0.010907,-0.067003,-0.003913,-0.155587,0.798500,-0.180456,0.364494,0.977669,0.054086,0.225576,-0.122797,0.087996,0.301698,-0.207247,-0.068649,-0.054403,0.298146,0.214414,-0.054424,0.240711,0.104732,-0.169094,-0.064800,0.098472,-0.059492,0.009404,-0.117981,0.012677,0.248645,0.057485,-0.064549,0.000457,0.005032,-0.238803,0.087379,-0.077336,0.217004,-0.113208,0.121294,-0.115026,0.172957,0.035753,0.092190,-0.029576,-0.067511,0.172631,-0.432451,-0.118307,-0.051868,0.010484,-0.026102,-0.084978
-0.170189,0.167482,-0.011216,-0.142633,-0.488588,-0.146032,-0.173014,0.025611,0.282069,-0.105450,0.105301,-0.122712,-0.458411,-0.081993,0.135537,-0.090620,0.109813,0.428975,0.217970,-0.215433,0.006643,-0.010492,0.172466,-0.095985,0.130135,-0.037519,0.122946,-0.148757,-0.156265,-0.107448,-0.017334,0.014803,0.073031,0.266495,-0.187696,0.116360,0.078379,0.006474,0.155319,0.079302,0.037914,-0.129419,0.338534,0.009246,0.020527,-0.194331,0.004194,0.067050,0.208567,-0.133702,-0.092253,-0.070869,0.118600,0.207602,0.018060,0.018731,0.157981,-0.021394,-0.197142,-0.207813,-0.108416,0.045734,0.207924,0.029226,0.020611,-0.001827,0.325255,-0.118326,0.152321,0.081398,0.009071,0.122046,-0.367304,0.140456,0.206655,0.307211,0.026087,-0.067209,0.014143,-0.270982,0.334590,-0.000923,0.135377,0.222201,-0.036064,-0.301938,0.338877,-0.095924,0.013670,0.009114,0.079518,0.039740,0.019349,-0.221599,-0.068766,0.839113,-0.346313,0.188201,0.010873,0.121017,0.035028,-0.000225,0.097456,0.293769,0.371795,0.127937,0.121942,-0.043011,0.011823,0.279355,-0.343641,0.378098,0.086483,-0.087517,0.154068,-0.244978,-0.338472,0.339674,0.034326,-0.002234,0.081968,0.224044,0.346322,-0.190353,0.013197,0.045067,-0.037693,-0.144813
0.345874,0.141830,0.277000,-0.125917,0.342278,1.253267,-0.229025,-0.257967,0.049329,0.300738,-0.073884,-0.016637,-0.239401,-0.171811,-0.395445,0.052812,-0.023779,0.071335,-0.297650,0.016055,-0.061685,0.007707,-0.069928,-0.021755,-0.013564,0.069345,0.447291,-0.030821,0.099203,-0.205813,-0.002327,-0.070191,0.085303,0.153032,-0.162576,0.032805,-0.066394,0.137295,-0.116940,0.043475,0.164892,-0.294807,-0.110507,0.088248,-0.004328,0.137126,-0.010111,0.131308,0.142520,-0.030591,0.204004,0.145743,-0.061784,0.056942,0.037341,0.026932,-0.063467,0.114786,0.164042,-0.017774,-0.158771,-0.146045,-0.243531,0.031845,0.053155,-0.005536,-0.230868,0.182162,0.203637,0.230958,-0.000403,-0.143564,-0.400730,0.273747,-0.004220,-0.003763,0.023049,-0.129792,0.001399,0.063575,-0.050465,-0.158935,-0.107159,0.002698,0.055146,0.026472,-0.106850,0.004280,0.144945,-0.000017,0.030632,0.009771,0.120398,0.211226,0.031989,-0.057463,0.209204,0.113556,0.265082,-0.098555,-0.002309,0.000099,0.005934,0.003902,0.006525,0.292816,0.031851,-0.156842,-0.009565,0.120021,-0.094787,0.267145,-0.235751,-0.073026,-0.209972,0.216441,-0.009078,0.035802,0.437108,-0.286290,-0.112329,0.006801,0.124561,0.153570,0.084757,0.237777,0.152525,0.017373
0.137193,0.250006,0.134933,-0.001121,0.012193,-0.288029,0.099232,-0.078630,0.097595,0.048709,0.255277,-0.029668,0.026031,0.459967,-0.290732,0.087932,0.363262,-0.379286,0.127655,0.077416,0.048640,-0.022525,-0.106615,-0.240313,-0.140995,-0.034255,0.563103,-0.160511,0.068009,-0.015123,0.000085,-0.074466,-0.281765,-0.471710,-0.138442,0.059049,-0.139231,-0.014078,0.172189,0.041623,-0.074182,0.023231,-0.314806,0.298944,0.000987,-0.053705,-0.011232,-0.172132,-0.178091,0.007855,-0.100938,0.177095,0.066792,0.263070,-0.233969,0.446286,0.231645,-0.009681,-0.180177,-0.010888,-0.004345,-0.091607,-0.020011,0.013819,-0.003513,-0.008689,0.102471,0.069698,0.226108,-0.222260,0.005860,-0.021382,0.210200,-0.228597,-0.063324,0.174595,-0.041036,-0.022789,0.006300,0.268998,-0.003043,-0.010540,-0.271747,0.026140,-0.167578,-0.819535,0.090068,0.317703,0.006938,-0.329315,0.191878,-0.473652,0.035832,-0.149275,0.057726,-0.004436,-0.279632,0.094148,-0.119522,-0.092546,0.072466,-0.003109,0.081249,0.352252,-0.147303,-0.086606,0.126250,0.600049,-0.001956,0.147370,0.014577,0.053964,-0.095131,0.195419,-0.232318,-0.131549,-0.064877,0.020154,0.214012,0.018478,0.115614,-0.035763,0.167318,-0.148307,0.024915,0.090151,-0.264276,0.127642
0.346763,-0.228553,0.046787,-0.058753,0.141751,-0.004877,-0.123537,-0.079694,-0.214849,0.209533,0.237101,-0.569368,0.270464,0.203312,0.024601,0.214897,0.024345,-0.311465,0.220832,-0.003398,-0.131374,-0.005690,-0.068067,0.376769,0.327901,0.126540,-0.293456,0.377055,0.103788,0.204747,-0.007085,0.045987,-0.112884,-0.088681,0.182562,0.252781,0.305914,0.326804,0.086931,-0.018304,-0.106159,-0.240457,-0.197149,-0.242411,-0.002568,0.202726,0.011858,0.207321,0.098871,0.396386,0.319382,0.004152,0.264557,-0.111031,0.141966,0.110334,-0.024013,-0.144574,-0.267427,-0.108516,-0.091474,-0.064262,-0.204353,0.041643,0.117825,0.004428,0.144457,0.240195,0.074658,0.427802,-0.001596,-0.267898,0.302454,0.154744,0.159249,-0.175262,0.049317,-0.058271,0.006872,-0.078655,-0.102074,-0.065743,0.279389,-0.222408,-0.018946,-0.665664,0.028357,-0.105312,0.158012,-0.013148,-0.003712,-0.067793,-0.046459,0.402785,0.137810,0.035332,0.014212,-0.062390,-0.403090,0.059129,0.046664,0.012532,0.019341,-0.054782,-0.276145,0.181883,-0.125248,-0.126548,0.000097,-0.014322,-0.032113,-0.103417,0.101209,0.445990,-0.277826,-0.061126,-0.226410,0.226468,0.083563,-0.114211,0.079800,0.130631,0.086426,0.002615,0.042208,0.473448,-0.042445,0.259757
-0.372895,-0.137864,0.014311,-0.047599,0.170056,-0.093321,-0.124300,0.214654,0.200128,0.150436,0.094549,0.106524,0.040482,0.164359,-0.371767,-0.020693,-0.001798,0.251107,0.013647,0.029652,0.145794,0.006490,-0.189076,0.388421,-0.048410,-0.043221,-0.263027,-0.061389,0.018776,0.057233,0.016010,0.108670,0.080867,0.276030,-0.388696,-0.011172,0.314277,-0.032169,-0.192145,0.247974,0.073125,0.022943,-0.180057,0.230410,-0.011858,-0.153049,0.000899,0.115565,-0.284434,0.085957,-0.114844,0.172265,-0.096273,-0.055639,0.080085,0.109450,0.061529,-0.038519,-0.206947,0.118100,0.074769,-0.355349,-0.083824,0.039116,0.141599,0.004989,0.275433,0.062494,-0.192240,-0.023009,0.002887,0.129507,-0.191528,0.335011,-0.038519,0.325919,0.110773,0.075157,-0.007234,0.262201,-0.168779,-0.497285,-0.266418,0.099792,0.062020,-0.083982,-0.049880,0.374531,-0.358783,0.153313,0.223332,-0.182247,0.180479,0.333179,0.124312,-0.021261,0.210777,0.133862,-0.003484,-0.193748,0.135777,-0.002458,-0.098526,0.179990,0.066153,0.266550,-0.202200,-0.102247,-0.003830,-0.133038,0.223735,-0.223876,0.050227,-0.197493,-0.284467,-0.556812,-0.126499,0.106977,-0.186581,0.151533,-0.140976,-0.018019,0.002212,-0.335730,0.005207,0.110144,0.000097,0.083036
-0.039309,-0.025802,-0.185377,-0.089289,-0.048391,-0.006293,0.291273,-0.138343,-0.033396,0.237782,-0.137668,-0.092096,-0.224233,-0.112328,0.000342,-0.054930,-0.059033,-0.276268,-0.417096,-0.022209,0.018449,-0.010962,-0.073608,-0.254646,-0.038839,-0.178672,-0.280506,0.164856,0.103153,0.165042,0.012639,0.011694,-0.031271,0.629525,-0.051804,-0.066986,0.043058,-0.481503,0.282833,0.167649,0.184823,-0.074250,0.256889,0.131686,0.014660,0.068873,-0.005591,0.300199,0.124334,-0.352378,0.324517,-0.162689,0.095068,0.176200,0.372213,-0.049822,0.158445,0.189430,-0.021915,0.402297,0.014073,0.066680,-0.083541,0.024645,-0.089603,0.007580,-0.016133,0.176080,0.256401,0.196590,-0.009508,0.013698,0.017921,0.223494,0.117244,0.085271,0.021467,0.231997,-0.007772,0.222628,-0.032049,0.148285,0.080486,-0.008896,-0.233158,0.135386,0.037101,-0.046756,0.012838,-0.165462,-0.053047,-0.096824,0.195158,0.418113,-0.365191,-0.074526,0.239516,0.092086,-0.162304,0.094425,0.027569,0.003373,0.061128,-0.047503,-0.153250,0.021041,0.001807,0.859967,0.006284,-0.277469,-0.024527,0.013099,0.023468,-0.599633,-0.194424,0.043978,-0.166763,-0.032846,0.129943,-0.181998,-0.004339,0.239299,-0.172968,-0.195355,-0.008996,-0.015876,-0.011954,-0.048816
-0.346046,-0.287632,0.269052,0.064573,-0.760093,-0.065445,0.064460,-0.058006,0.633779,-0.007711,0.050683,0.615819,-0.212268,-0.046074,0.068667,0.024744,-0.001950,-0.281351,0.029671,-0.044157,0.081150,-0.014603,-0.041498,-0.332338,0.027886,0.294566,-0.006332,0.259025,0.119577,0.087642,0.001292,-0.034803,0.079703,0.018699,0.212750,0.032929,-0.239188,0.047124,-0.124589,-0.147567,-0.007424,-0.202540,0.003814,0.432337,0.008766,-0.025889,0.000015,0.029554,0.028655,-0.225592,0.314200,-0.226249,-0.435568,0.092113,0.152334,0.075118,0.006272,-0.081248,0.245332,0.021408,0.002584,-0.087732,0.292484,-0.027445,0.066940,-0.003138,0.043503,0.104875,0.221973,0.345991,0.011005,-0.129757,-0.015613,-0.199957,0.051691,-0.009914,0.045485,-0.185026,-0.008910,0.035889,-0.511217,0.022601,-0.120115,-0.086690,-0.023875,0.049059,-0.255513,-0.096953,0.116941,0.422884,0.025021,-0.023931,0.031861,-0.007510,-0.077429,0.010199,-0.096468,0.150892,-0.588547,-0.011853,0.103133,0.015043,-0.296545,-0.035041,0.119990,0.248070,0.163497,0.031709,-0.010799,0.101447,0.006328,-0.107254,0.029190,0.416574,0.030337,0.176225,0.130545,-0.044354,-0.090132,-0.099179,-0.090846,0.146161,0.202078,0.051399,0.006777,0.045191,0.163281,0.015340
0.228249,-0.059738,0.026136,-0.037285,-0.154199,-0.122402,0.085439,-0.160223,-0.540375,0.236858,-0.131636,0.110050,-0.032958,0.183164,0.041026,0.042736,0.218070,0.189407,-0.201895,0.062438,0.028051,-0.014676,-0.015201,-0.014409,0.089197,-0.222855,-0.250841,-0.067125,-0.175559,-0.040044,-0.003427,0.003441,-0.358328,-0.135825,-0.110677,0.002994,-0.075523,-0.160758,0.492378,0.082021,-0.138925,0.391171,0.216213,0.095371,0.001848,0.328422,-0.011838,-0.192842,-0.077384,0.404405,-0.171603,0.180367,-0.070729,0.274917,0.012858,-0.144736,-0.157926,0.100776,0.057877,-0.162971,-0.038580,0.060633,-0.010602,0.046847,-0.054028,-0.012284,0.058622,-0.030715,0.189989,0.104575,-0.020250,0.353024,-0.114152,0.058393,-0.206592,-0.217919,0.031401,-0.190683,-0.009687,0.186310,0.130512,-0.016002,-0.036591,0.248261,0.020778,0.219177,-0.369666,0.078293,0.094819,0.376046,-0.099507,0.072817,0.102456,-0.088337,-0.074871,0.464199,0.198291,-0.014928,-0.353045,0.321291,-0.054275,0.009065,0.053829,-0.085952,-0.174682,-0.330222,-0.040827,-0.442145,-0.016825,0.198083,0.034650,0.023058,0.026587,-0.096313,-0.372148,0.022527,-0.279968,-0.000102,-0.105687,-0.151822,-0.073028,-0.045878,0.189842,0.042341,0.039139,-0.247174,0.050590,0.205530
-0.200502,-0.113372,-0.296333,-0.061349,-0.171598,-0.010490,0.081006,-0.073170,-0.185479,0.085193,0.086237,0.619716,0.012302,-0.052655,-0.206978,0.119994,-0.039345,0.083759,-0.011436,0.101974,-0.054947,0.007253,-0.069670,-0.084641,0.011928,-0.107183,0.209678,0.283192,0.022696,-0.032514,-0.021333,0.007732,-0.094186,0.406914,-0.222067,0.079337,0.106838,-0.311505,-0.010511,0.272432,0.178425,-0.012515,-0.149697,-0.104117,-0.001128,-0.024352,-0.009051,-0.106321,0.257742,0.178299,-0.167418,-0.072655,0.180229,0.231679,-0.370648,0.074635,-0.083885,0.076178,-0.121962,-0.132720,0.095112,0.020278,-0.039175,0.003379,-0.056434,0.011191,-0.062043,0.050488,0.078564,-0.068895,0.001730,-0.052870,0.328880,-0.034429,0.001979,0.181797,0.088596,-0.189003,-0.008462,-0.058696,-0.032968,0.013843,0.057641,0.099920,0.094780,-0.222994,-0.193491,0.080373,-0.105175,0.094840,0.160809,-0.126166,0.101148,0.276554,0.161168,-0.139345,-0.206098,-0.276767,0.082656,-0.147866,-0.078170,0.001715,-0.038801,-0.080039,0.085725,0.265018,-0.008421,-0.135261,0.011002,0.009774,0.128847,0.220473,-0.045959,0.685323,-0.018244,-0.202193,0.059213,-0.121332,-0.780742,-0.033623,-0.028820,-0.100137,-0.130488,0.123931,0.105259,-0.037685,0.089363,0.080970
-0.087058,0.031412,-0.106242,0.027372,0.403780,0.183136,-0.083740,0.078524,0.171961,0.463273,-0.247741,-0.318617,0.090077,-0.073527,0.024741,-0.190010,-0.094623,-0.087993,-0.588674,0.036903,0.037854,-0.006342,0.427841,-0.111005,-0.067000,0.096413,-0.017533,-0.209588,0.033372,0.003711,-0.009987,-0.082489,0.118459,0.149816,-0.231316,-0.148843,-0.055285,-0.154709,-0.210805,-0.320947,0.321003,0.016408,-0.008199,0.019531,-0.009479,0.174438,-0.015225,-0.293553,0.149799,0.097921,0.347766,0.283027,0.268294,0.001689,-0.595379,-0.112319,0.031891,0.137661,-0.275198,0.056687,0.028611,-0.148934,0.199253,-0.021731,0.026140,-0.016310,-0.080130,-0.375956,0.020644,0.023871,-0.003272,-0.148253,0.059864,0.005655,-0.015428,0.032298,-0.089462,-0.200711,-0.041703,0.047804,-0.029951,-0.155384,-0.061629,-0.094931,-0.026695,-0.020240,-0.137204,0.032373,0.075341,-0.346536,-0.032898,0.029448,-0.120579,-0.478395,-0.056681,0.195103,0.223708,0.110491,-0.272361,0.134115,0.033975,-0.012265,-0.145114,0.023231,0.475485,0.492405,0.010959,-0.278416,-0.023189,0.110376,-0.140522,-0.197350,0.262821,0.117955,0.038624,0.102272,-0.708580,-0.160512,-0.205867,0.017118,0.039535,-0.083122,0.070464,-0.002329,-0.021918,-0.008526,-0.068838,-0.025433
0.531130,-0.218186,-0.089133,0.088678,-0.119721,-0.087107,0.551438,-0.082687,-0.047741,-0.372563,0.048641,0.105165,-0.189712,-0.333087,-0.100920,-0.109274,-0.162300,-0.103403,0.105364,-0.020097,-0.026917,-0.002374,-0.091747,-0.032297,-0.389875,0.136872,0.399071,-0.016163,-0.083146,-0.216267,0.022654,-0.036941,0.108294,-0.340531,0.009148,-0.067727,-0.015692,-0.371780,-0.258985,0.127352,0.019301,0.030381,0.369032,-0.078104,-0.006287,0.203063,0.000536,0.183186,-0.408831,-0.136244,-0.132386,0.248179,0.195522,0.227598,-0.245506,0.122609,-0.060422,0.131512,-0.257500,0.134816,-0.137540,-0.133646,0.094347,0.001560,-0.075104,0.005134,-0.028520,-0.154298,-0.284428,-0.090082,0.000809,0.140862,0.228476,-0.076877,0.008382,0.340210,-0.080912,0.044321,0.003748,-0.111668,0.233235,0.188055,0.223815,0.038477,-0.260632,0.062520,-0.073521,-0.110873,0.093058,0.367774,-0.022121,-0.118056,0.236790,0.415356,-0.041484,-0.051143,0.384749,0.214264,-0.220433,-0.054692,0.027802,-0.015604,0.118261,-0.123458,0.170918,-0.102698,0.477237,-0.137265,-0.002076,0.285572,0.186029,0.117862,-0.026348,-0.019124,0.045194,0.207666,-0.552466,-0.170293,-0.170459,0.222770,0.058265,-0.050138,0.226200,-0.116220,-0.012701,0.807065,0.394619,0.281212
0.643143,0.125133,-0.200197,-0.040098,0.065383,-0.239244,0.047745,-0.384494,-0.013826,-0.126268,0.056343,-0.117830,0.085319,0.003688,-0.149022,0.031436,-0.084791,-0.108503,-0.077301,0.008705,0.045752,-0.004923,0.222242,0.221238,-0.036840,-0.219576,-0.027524,-0.140095,-0.051240,0.049126,-0.005409,0.059144,0.130815,0.034425,-0.119474,-0.073196,-0.133470,-0.098089,0.202083,-0.101158,0.034863,-0.063206,0.068187,0.203890,-0.004183,0.206775,0.005799,-0.093002,-0.115319,0.146834,0.477141,-0.203389,-0.060425,-0.079213,0.132040,-0.140457,0.080253,0.250071,0.056717,0.062054,-0.000489,0.041329,-0.003778,0.003018,-0.079414,-0.002214,-0.098549,-0.146610,-0.156066,-0.017572,0.013220,-0.228259,-0.234814,0.154974,0.039909,-0.045750,-0.076514,-0.076343,0.022148,0.712388,-0.019998,-0.069611,-0.248739,0.197356,0.052556,0.125909,0.027633,0.064771,-0.089435,-0.008691,-0.118746,-0.031134,0.229754,-0.055453,-0.003685,-0.068179,-0.026419,-0.178920,0.086717,0.033624,0.114483,0.011139,0.497367,0.112359,0.131240,0.116616,0.058007,0.065816,-0.005181,-0.155665,-0.191233,0.769096,0.010342,0.162717,0.004649,-0.183961,0.149892,-0.050470,-0.126313,0.088277,-0.984567,-0.051566,-0.070712,-0.074547,0.022142,0.504717,0.280192,-0.411574
0.337379,-0.081583,-0.179475,-0.169728,-0.173553,-0.098445,0.063694,-0.032176,0.113266,-0.299554,0.116486,0.253857,0.243571,0.383478,-0.032369,0.110075,-0.103711,-0.284508,-0.090828,-0.018237,-0.003125,-0.019036,0.086586,-0.196410,-0.272886,-0.108730,0.058059,-0.125990,0.078880,-0.244541,-0.003170,0.007837,0.060793,0.063646,0.219735,-0.091682,0.156279,-0.043104,-0.032961,0.046900,0.181232,0.177184,-0.175707,-0.066705,0.002441,0.417601,-0.021732,0.533795,0.296025,-0.151444,-0.313463,-0.133328,-0.047089,-0.089675,-0.084411,-0.147148,0.297815,-0.050474,0.568998,-0.393103,0.143139,-0.060978,-0.084207,-0.014046,0.053187,-0.005542,0.149048,0.314749,-0.092588,0.237903,-0.013693,0.136690,0.020078,0.091045,0.025874,-0.118507,-0.061212,0.016994,-0.018713,-0.398812,0.156935,-0.092865,0.085079,0.151422,0.290945,-0.439882,0.052082,-0.123257,0.081262,0.106263,0.011823,0.184200,-0.058440,-0.235733,-0.078270,0.184577,0.423137,-0.015588,-0.005303,0.026869,-0.115478,0.007883,-0.110777,0.259106,0.175567,0.457063,-0.127177,0.058938,-0.001768,-0.104578,0.028110,0.153817,0.146070,-0.142672,-0.217608,-0.522293,-0.058638,-0.036869,0.028440,-0.184789,0.042599,-0.694412,-0.015195,-0.047325,-0.041803,0.117852,-0.093601,-0.313250
0.082095,-0.357168,0.146059,0.084024,-0.035091,0.131623,-0.121731,0.139405,-0.150270,-0.073394,-0.001473,0.056291,0.004487,-0.258091,-0.083989,0.100825,-0.424690,0.118590,0.134045,0.134150,0.023891,0.002582,-0.132777,-0.197663,0.226946,0.121015,0.087815,-0.076318,-0.152362,0.108459,0.011295,0.011898,0.100605,-0.067101,-0.194392,0.036122,0.072093,0.073552,-0.026830,0.070861,-0.036647,0.065849,0.122035,0.028025,0.014141,0.009676,-0.005065,-0.086607,-0.136580,-0.062018,0.194117,-0.306395,0.075935,-0.107386,-0.097973,0.020784,-0.112481,0.254466,-0.057236,-0.075151,0.011795,0.139679,0.143955,-0.018568,-0.131869,0.008310,0.014160,0.128097,0.253598,0.149014,-0.004241,0.026758,0.124174,-0.039487,0.053355,0.207769,-0.048371,-0.072855,0.003473,0.056761,0.246970,0.124691,0.141737,0.086150,1.583834,-0.095489,-0.005511,-0.133293,-0.021010,0.028134,0.274467,0.381752,0.253705,0.172923,-0.012796,-0.149776,0.064833,0.059393,0.000962,0.004021,0.027327,0.002687,-0.109659,0.078164,0.178287,-0.062389,-0.120815,0.067345,0.007412,0.061119,0.065315,0.073389,0.054770,-0.136128,-0.404429,0.238724,-0.038936,-0.031380,0.065866,0.488682,0.049755,0.179009,0.159839,-0.108151,0.025108,0.150963,0.061224,-0.041596
-0.123603,-0.448299,0.915757,-0.008957,-0.369716,0.053134,-0.108805,-0.148918,0.223634,0.115874,0.026581,-0.114468,-0.019278,0.219107,-0.166337,0.062258,-0.085655,-0.113796,-0.104674,0.051796,-0.051470,-0.002187,0.089839,0.079857,0.012166,0.386308,-0.005789,-0.292433,0.159103,-0.016518,0.008106,0.109257,-0.096417,-0.034668,0.237749,-0.018126,0.182517,-0.726101,0.120220,-0.020096,-0.223333,0.182808,0.060499,0.015635,-0.007481,-0.165657,0.010988,-0.023802,0.219490,0.048539,-0.139160,0.165583,-0.052255,0.011279,0.294051,0.065062,0.114370,0.031117,-0.377828,-0.141517,0.158007,0.034645,0.091193,-0.044326,0.048639,0.000202,-0.384382,0.085939,-0.279181,0.080198,0.008685,0.089306,0.104210,0.001176,-0.080342,-0.146554,-0.035375,-0.053257,-0.003284,-0.055623,0.070226,-0.158847,0.332425,-0.155547,-0.021416,-0.022828,-0.296460,0.039886,-0.265089,0.178898,0.115631,-0.064766,0.190085,-0.150936,-0.065373,-0.072950,0.293345,-0.056963,0.705175,0.186108,-0.056138,-0.017490,-0.001274,0.105923,-0.153820,-0.171753,-0.059341,0.224766,0.008267,0.266351,-0.725846,0.007160,-0.142831,-0.147847,0.000199,0.059962,-0.071974,-0.057357,0.323145,0.135505,0.007597,-0.136084,-0.231753,-0.140081,-0.078204,0.191265,0.068218,-0.017930
0.394662,-0.238358,0.295523,-0.047054,0.008824,-0.200239,0.248232,-0.234751,-0.160526,0.098105,0.106928,0.149072,-0.000070,-0.028828,-0.086941,-0.121646,-0.090993,-0.002517,-0.045435,-0.088923,-0.011528,-0.007415,0.429511,-0.121051,-0.027235,0.356219,0.128040,0.004712,0.011632,-0.199340,-0.008012,-0.064435,-0.243336,0.031373,0.192237,-0.043932,-0.065680,0.145106,-0.218590,-0.078586,-0.242626,0.091324,-0.179083,-0.042918,0.001210,0.308706,-0.010324,0.023679,-0.224503,0.034135,0.201677,0.175070,-0.236692,0.125620,0.026342,0.009192,-0.017598,-0.049192,0.290605,-0.203339,0.141297,0.014474,0.287283,0.022402,0.086937,-0.002538,0.029008,0.451254,0.176057,-0.334698,-0.017197,0.021428,-0.284087,-0.072206,-0.166996,0.081025,-0.007045,0.030130,-0.022842,-0.270679,-0.157824,-0.084686,0.222849,0.008555,-0.155929,0.226696,0.117343,-0.037945,-0.536250,-0.178053,0.121254,-0.492998,0.233067,0.185963,-0.052923,-0.359408,-0.471202,0.009880,-0.022808,0.008074,-0.116875,-0.000584,0.130692,0.061434,0.015883,-0.130244,-0.231570,-0.210094,-0.008403,-0.087901,-0.208757,0.396952,0.107055,-0.237650,-0.023943,-0.476413,0.021356,0.034809,0.101613,0.603166,0.093486,0.064906,-0.113146,0.179757,0.022956,-0.224716,-0.119221,-0.005500
0.078898,0.112450,0.107935,-0.011272,-0.195596,-0.009023,0.196922,0.150340,-0.093625,-0.022935,-0.091021,-0.023933,-0.321566,0.174507,0.419514,-0.144992,0.069822,0.381737,-0.125930,0.054412,-0.011900,-0.002614,-0.129351,0.120108,0.144875,-0.049976,-0.222617,-0.125108,0.114080,0.073216,-0.004734,0.035236,0.073042,0.163494,0.077631,-0.031377,-0.059421,-0.005641,-0.101092,0.023242,-0.196051,-0.166981,0.039034,0.191243,-0.008014,0.357997,-0.004720,-0.154770,0.017957,-0.013895,0.105264,0.116134,-0.163425,-0.017998,-0.025595,-0.013569,0.048557,0.170105,-0.412584,-0.164902,0.072931,0.162434,0.069462,-0.016005,0.067570,-0.006653,-0.163553,0.322309,0.021163,-0.071023,-0.003046,-0.033509,-0.293957,0.028909,-0.117606,-0.173795,0.007602,-0.063720,0.000658,0.068739,-0.174992,-0.090888,0.327912,-0.081416,-0.082818,-0.155812,-0.051968,0.146821,0.198289,0.088519,0.219339,0.103867,0.276523,-0.120439,0.009166,-0.067741,0.072762,-0.247531,-0.168747,-1.671041,-0.036061,0.006049,0.181999,-0.221602,0.122997,0.002892,0.114946,0.086018,0.006382,-0.128938,0.351553,-0.107633,0.073664,-0.042473,0.109741,0.131270,-0.060395,-0.023175,0.297860,0.088601,-0.074238,-0.457437,0.426536,-0.015154,0.015779,-0.275246,0.118453,-0.138474
-0.097713,-0.002538,0.051564,0.015664,0.331688,0.053235,0.168461,-0.136840,0.412236,-0.217346,-0.185457,0.694458,-0.044403,-0.093070,-0.187014,0.104394,-0.207645,-0.058707,-0.113576,0.001547,0.055396,-0.002954,0.203433,0.416293,0.356947,-0.099527,-0.140345,0.068401,0.207378,0.132121,0.006922,-0.056703,0.075896,-0.137749,0.405764,0.001385,-0.052903,-0.093207,0.066494,0.069439,0.149220,-0.066108,-0.074234,-0.108071,0.001323,0.011217,0.007230,0.129520,0.097214,0.000743,-0.012802,0.007009,-0.213288,0.071696,0.060439,0.096096,0.004236,0.193691,-0.103099,0.277583,-0.251094,-0.176453,0.166917,-0.008761,-0.116629,-0.007742,-0.509521,0.007930,0.294431,0.286942,-0.000917,0.021954,0.102554,-0.346877,0.192027,0.092326,0.131785,-0.064959,0.010100,0.064699,0.050988,0.086558,0.218076,-0.392405,-0.058093,-0.234327,0.160580,0.025870,-0.075076,0.149789,0.433668,-0.029749,0.222900,-0.035807,0.220098,0.328882,0.150875,0.014147,0.124136,0.174794,0.145312,-0.000508,0.001220,0.209688,0.011945,0.017054,-0.105964,-0.164071,-0.007737,-0.177098,0.370091,-0.048939,-0.035620,0.093694,0.289830,-0.501517,-0.167532,0.365468,-0.013138,-0.076019,0.085110,0.074985,-0.261513,-0.088389,0.029793,-0.090797,0.134848,0.091648
-1.091476,-0.006320,0.058513,0.394433,-0.062131,0.113566,0.156702,-0.210792,-0.289747,-0.075283,-0.013549,-0.318255,-0.076660,0.083477,-0.263864,0.221121,-0.093234,-0.003582,0.192030,0.040582,0.048128,0.003714,-0.014799,-0.242256,0.147207,-0.097804,0.114696,-0.112993,-0.021124,-0.038073,0.017457,-0.027183,0.117791,-0.652959,0.192806,-0.057756,0.149801,0.094594,0.416581,-0.030126,-0.011342,-0.180198,-0.065159,0.051118,0.009013,0.269375,-0.004240,0.078857,0.067811,0.170607,0.259067,0.236073,-0.118735,-0.147149,0.212691,-0.131679,0.014622,0.282389,0.374959,-0.038052,0.065848,0.303721,-0.019932,-0.082107,-0.014703,-0.002613,0.015915,0.301477,-0.045731,-0.185066,0.005986,-0.081242,0.145067,0.478368,0.032615,-0.222782,0.032233,0.217454,-0.005833,-0.093445,0.201671,0.005686,-0.016138,-0.372272,-0.241486,-0.094145,0.045286,0.217386,0.057529,-0.120397,0.035322,-0.024363,-0.023006,0.077121,0.047825,0.235194,0.058426,0.176493,0.176895,-0.171194,0.143500,0.013204,0.469778,0.046314,0.170429,0.040214,0.129861,-0.018500,0.004143,-0.025218,0.134135,0.217349,0.230604,0.180264,-0.212442,0.169802,-0.363149,0.040557,-0.295691,0.203623,-0.363691,0.291903,0.146098,0.153181,0.014900,-0.061826,0.038177,-0.195396
-0.199048,0.175962,-0.137613,0.068532,0.068683,-0.303540,0.092717,-0.116805,0.132544,0.018262,0.018688,-0.190932,-0.274131,0.076831,0.105029,0.020319,-0.233207,0.275462,-0.235991,-0.023995,0.162252,-0.010578,-0.028166,0.267084,-0.122238,-0.218023,0.100331,0.373992,0.351224,-0.001304,0.014663,-0.073405,-0.321112,-0.241576,-0.041290,-0.150448,-0.158197,0.016329,-0.148610,-0.060579,0.276089,-0.030311,-0.208631,-0.157797,0.001671,-0.064741,-0.009223,-0.155176,0.053485,0.108195,0.074934,-0.197988,0.183028,0.079814,0.057538,-0.082055,0.043854,-0.040416,-0.001992,-1.020260,-0.025060,0.317978,-0.018638,-0.046634,0.180248,0.001217,-0.141622,0.207153,0.078919,0.011466,-0.006303,-0.073124,0.007774,-0.384847,0.019576,-0.107019,-0.012539,0.008504,-0.017597,-0.044434,-0.102213,0.039073,-0.060733,-0.132409,0.122528,0.365186,0.030304,0.202101,-0.040514,-0.039138,-0.318800,-0.014869,0.058665,0.624302,-0.100057,-0.248755,0.278008,0.077720,-0.309534,0.068337,0.283094,-0.013894,0.003566,0.359976,0.633968,-0.064026,0.127451,-0.072580,0.006481,0.140229,-0.195177,-0.082391,-0.147311,-0.397187,-0.321898,-0.124326,0.112444,0.215794,0.210922,-0.077937,0.023815,0.254827,0.177417,0.180727,-0.077393,0.082036,0.274850,0.191298
0.017710,-0.199409,0.016483,-0.155538,0.135989,0.002048,-0.235524,-0.234192,0.137732,-0.177205,0.004934,-0.335048,0.305087,-0.093239,0.083663,-0.004602,0.110999,-0.290927,-0.098139,-0.138521,-0.046660,0.005731,0.021902,0.083020,0.237227,0.128971,0.076465,0.162439,-0.214060,0.168779,0.004088,0.045783,0.480254,0.049407,0.047321,0.085870,-0.170782,-0.069374,0.132418,-0.231997,-0.051321,0.183135,0.074689,-0.178518,0.006624,-0.216163,-0.004729,0.024436,-0.019962,0.021752,-0.654160,-0.012829,0.383685,0.023376,-0.143629,0.020363,0.146955,0.225927,-0.051951,-0.421228,-0.153187,0.277050,-0.066372,0.050192,0.007267,-0.003573,0.110812,-0.032596,-0.078642,-0.233859,0.023237,-0.172598,-0.148426,0.234074,0.104665,0.266777,0.039169,-0.098974,-0.021267,-0.073264,0.045646,-0.240423,0.089375,-0.099571,0.005557,0.043198,-0.174851,-0.133766,0.298405,-0.103383,-0.190104,0.054208,0.187790,0.394014,-0.120997,-0.027368,0.346767,0.272853,-0.318456,-0.139361,0.126849,-0.008477,0.190186,0.121045,-0.073513,-0.225957,-0.101910,0.182169,0.003515,-0.169625,-0.003102,0.023425,0.096442,0.332653,0.571835,-0.484006,0.242450,0.283709,-0.085770,0.073564,0.018008,-0.134453,-0.032297,0.105993,-0.061031,-0.551142,0.708653,-0.034310
0.190620,-0.075805,0.135202,-0.380264,-0.043681,-0.004650,-0.059086,-0.039571,-0.237106,-0.451430,-0.148714,-0.424239,-0.041971,0.257039,-0.068117,-0.048632,-0.054745,0.378920,0.055695,-0.143570,0.012388,-0.001764,-0.086736,-0.034590,0.258911,0.324150,0.323755,0.101658,-0.030074,0.101255,-0.012473,0.036725,-0.010094,0.040303,0.031323,-0.020339,-0.104830,-0.126889,0.148241,0.725520,-0.104623,0.068902,-0.083367,0.298043,-0.008476,0.068393,-0.006859,-0.021004,-0.035909,0.277434,0.117002,0.106968,0.014150,-0.107001,-0.008910,0.329831,0.338790,0.530228,0.041449,-0.066280,-0.103062,-0.000278,-0.346132,-0.011157,0.076555,-0.010680,-0.178581,-0.323753,-0.187714,0.025431,0.002420,-0.253992,-0.180843,-0.170449,0.141652,0.236426,0.085686,0.329953,-0.022067,-0.487078,0.044463,0.174377,-0.433606,-0.023555,-0.127654,0.120135,-0.115806,-0.273858,0.010513,0.316728,0.085434,0.070749,-0.289400,-0.090884,-0.020053,-0.257282,0.104179,-0.134025,0.005485,0.028478,0.059069,0.002519,-0.017455,0.477589,-0.019237,0.007602,-0.027885,-0.053290,-0.001744,-0.294151,-0.047238,-0.107392,0.698630,0.039376,0.061817,0.540799,0.064225,0.292311,-0.161182,-0.011719,0.033106,-0.261647,-0.228573,-0.221957,-0.046767,0.272828,-0.182783,0.054319
-0.276472,-0.126936,0.363394,-0.127977,0.083449,-0.002765,-0.058411,-0.384862,-0.292154,-0.180999,-0.056493,0.121606,-0.292917,0.004647,0.321347,-0.018715,0.105355,0.090657,0.199011,-0.244565,-0.055732,-0.007192,0.075471,-0.014035,0.201953,-0.429717,-0.185432,0.280815,0.001762,0.069931,-0.040017,0.231146,0.031080,0.235271,-0.060606,0.118844,-0.084261,-0.217582,-0.456162,0.021499,0.027024,0.150427,-0.162252,-0.135246,-0.001449,0.054410,-0.011994,0.165870,0.079644,-0.071452,-0.050328,0.202581,0.081299,-0.029153,-0.098479,-0.005986,-1.090051,0.064457,0.000067,-0.004646,-0.119639,0.124166,-0.008159,0.055649,0.064656,0.008584,-0.070256,0.074561,-0.152259,-0.242349,-0.002465,-0.054281,0.280404,0.104093,0.090815,0.382459,-0.031707,-0.352233,-0.004050,0.101990,0.148929,-0.250488,0.002426,-0.002036,-0.118908,0.012942,-0.138223,0.018254,-0.101065,-0.046303,-0.011619,-0.083868,0.208627,-0.219058,0.085190,0.040616,-0.012748,0.115306,0.066966,0.391094,-0.130543,0.012315,-0.009554,0.084604,0.256223,-0.060755,-0.003054,0.459248,0.003284,-0.099815,0.461115,0.033943,0.213778,-0.220562,-0.096535,0.195629,0.072236,-0.011563,0.204351,-0.131138,0.007700,-0.043723,0.262862,0.093653,-0.054351,0.112203,-0.070462,-0.128174
-0.447004,0.425133,-0.339834,-0.150498,-0.021286,-0.345053,0.169149,0.513189,-0.018545,-0.085141,0.123932,-0.227796,-0.183193,-0.099881,0.152939,-0.021060,0.066160,0.029981,0.111582,-0.075240,-0.013053,-0.019070,0.265990,0.248709,-0.132366,-0.051120,0.037408,0.141813,0.272341,0.443314,0.003207,-0.049363,-0.069480,0.075977,-0.090543,-0.144304,-0.028825,0.199051,0.073539,-0.136016,0.073030,-0.124877,-0.055765,-0.206788,0.008461,0.109454,0.001967,0.342497,0.017393,0.370968,0.091954,-0.006852,-0.001288,0.134203,0.097369,0.001823,-0.020907,0.345431,0.069665,-0.064780,0.256062,-0.255103,-0.111148,0.017575,0.063357,0.008385,-0.372831,0.030209,0.059324,-0.201914,-0.012918,0.116085,-0.055164,0.141484,-0.098263,0.108520,-0.039723,-0.272799,0.017117,-0.144933,-0.084770,0.024503,-0.182203,0.104332,0.414333,-0.038574,0.045621,-0.038099,0.329579,0.139186,0.416277,0.192396,0.398138,-0.019059,0.017031,-0.243294,-0.164597,0.028016,0.030087,0.114831,0.048339,0.009734,0.292745,-0.251921,-0.322739,0.036239,-0.130259,0.151832,-0.001371,-0.240344,-0.588022,0.064679,0.118186,0.103911,0.173380,0.171868,-0.157585,-0.161343,-0.188596,-0.159453,0.275158,0.051159,-0.316761,-0.037715,0.042563,0.276581,0.096446,0.038774
0.171307,-0.048343,-0.024535,0.061323,0.157005,-0.059984,0.636986,-0.064873,0.115652,-0.135480,-0.188399,-0.492369,-0.038568,0.123156,0.052767,-0.043034,0.136289,0.106265,-0.134540,0.083204,-0.098544,0.010571,-0.007232,-0.167702,-0.028362,0.113902,-0.139712,-0.034080,0.494546,0.104531,-0.003115,-0.028770,-0.281929,0.016218,-0.269264,-0.021122,0.210858,-0.077198,0.055468,-0.124650,0.184428,0.158216,-0.023151,0.186894,0.005585,0.025858,0.005730,0.028190,0.114911,0.388368,0.108640,0.036877,-0.081676,0.102686,0.080120,0.190368,-0.050101,-0.004718,-0.171319,0.141796,-0.751782,-0.140317,0.086079,-0.054345,0.023295,-0.005248,0.165178,0.117999,0.329234,0.123212,-0.006648,0.861143,0.005545,-0.076989,0.333801,-0.127365,-0.028537,-0.115820,-0.010193,0.243824,-0.197351,-0.038870,-0.181884,0.096220,0.211315,-0.020782,0.189442,-0.138813,-0.030512,0.334741,0.043925,0.002649,0.021032,0.063775,-0.002998,0.293422,0.226815,-0.050207,-0.034573,-0.175162,-0.246687,-0.005556,0.021687,0.254966,-0.082479,-0.480039,-0.019929,-0.239881,0.011322,0.101710,0.192368,0.210003,-0.056098,0.418487,-0.078300,-0.213398,0.100013,0.110640,0.015572,-0.072114,0.171073,-0.114795,-0.096824,0.444097,0.026530,0.004604,0.110527,-0.140002
-0.026567,0.050457,0.321904,0.372965,-0.192880,-0.126115,0.295590,-0.116216,-0.804010,0.060396,-0.195803,0.448699,0.114467,-0.098087,0.072746,0.102189,-0.008487,0.203751,0.110299,0.060413,0.048825,0.001359,-0.072523,0.294905,0.058532,0.347281,0.117597,-0.241525,-0.215659,-0.052050,0.015112,-0.005344,-0.079139,0.164325,-0.231551,0.009280,0.045001,0.105237,-0.010554,-0.143511,0.212071,0.238251,-0.149694,0.295396,-0.017307,-0.208273,-0.008534,0.229004,0.089152,-0.023619,-0.000409,-0.246328,1.434355,0.080736,0.156403,0.073560,0.042139,0.089265,0.346403,0.085460,-0.109695,-0.046401,0.149341,0.023417,-0.071566,-0.002059,0.013546,0.020643,-0.085142,-0.120062,-0.010294,0.042328,-0.166874,-0.028882,0.144203,-0.133569,-0.011337,0.030243,0.001988,-0.079718,-0.320171,0.016237,-0.083298,-0.274586,0.054645,-0.006794,0.611967,0.193237,-0.038804,0.311331,0.009556,-0.199114,-0.072834,-0.121430,-0.152938,0.098305,-0.030497,-0.036562,0.144594,-0.111630,0.021665,-0.004582,-0.235600,-0.085470,0.153324,0.176171,0.147278,0.063407,-0.008320,-0.249493,-0.328671,-0.206417,0.209530,-0.047998,-0.091635,-0.138329,-0.002875,0.145099,0.124503,-0.129215,0.048774,0.092073,0.087281,0.101349,0.051752,0.049109,0.116538,0.062226
0.033647,0.198918,-0.102974,0.119668,-0.023511,0.026277,0.087427,0.069452,0.130000,0.012967,-0.060086,-0.175346,-0.061940,0.052036,-0.054352,0.001668,0.248142,0.315310,0.354245,0.041670,0.007236,-0.005519,-0.089859,-0.147049,0.144112,0.149367,0.031213,-0.125579,0.289144,0.081322,0.020661,-0.060854,0.106085,0.102552,0.197069,-0.067054,-0.144843,-0.425009,0.024342,-0.141123,-0.244963,0.075303,-0.963667,-0.342615,0.001317,-0.130568,0.004683,0.042626,-0.430230,-0.288853,0.114234,0.061385,0.033508,-0.423103,-0.001931,0.091996,0.121566,0.210893,-0.172174,-0.177179,0.080470,0.152225,-0.051584,0.033001,-0.097505,-0.005374,-0.076330,0.299873,-0.000707,0.042243,-0.009791,-0.042720,-0.167445,-0.006007,0.000099,-0.255953,-0.011894,-0.107348,0.014075,0.119124,0.185279,-0.080661,-0.045582,-0.288154,-0.074651,-0.067226,0.007290,-0.043641,-0.057235,0.055246,0.344847,0.100578,0.200504,-0.179500,-0.048780,-0.198701,0.319285,0.032508,-0.010882,0.716742,-0.068130,-0.015056,-0.473066,-0.207515,0.096293,0.205280,0.014615,0.012751,0.000800,0.032131,0.398176,0.056629,0.035540,-0.048450,0.117906,0.256752,-0.143757,-0.048475,-0.142315,-0.003345,-0.018170,-0.392183,0.312142,0.448290,0.108170,-0.094122,0.269235,-0.015817
0.110563,-0.140578,-0.149356,-0.283975,-0.066541,-0.065280,0.520801,-0.226106,0.160750,0.549049,0.048210,-0.291147,0.110480,-0.266450,0.071764,0.123443,-0.037973,0.087562,0.068148,-0.113822,0.031171,-0.001005,0.048418,0.238774,-0.212998,-0.221323,0.323099,-0.006129,0.057241,-0.111461,-0.008731,0.030426,-0.249910,0.272058,0.191449,0.175967,-0.086883,-0.201780,0.431399,-0.644919,-0.097258,-0.042900,0.049893,0.117790,-0.011073,0.193203,-0.020671,-0.106961,-0.170635,0.036119,-0.000677,-0.088829,-0.094903,-0.203114,0.320284,-0.314071,0.012022,0.049445,0.073119,-0.035592,0.004225,0.178779,0.047947,0.046374,-0.087060,0.010851,-0.022203,-0.259128,0.140088,0.008224,0.000464,-0.136041,0.295147,-0.082636,0.082773,0.050873,0.009954,0.088935,-0.007552,-0.206898,-0.071883,0.180023,-0.136210,0.063340,0.074492,-0.241632,-0.267575,0.120272,0.027876,0.069317,-0.045267,0.141362,0.018731,-0.312618,-0.027678,-0.084015,-0.207485,-0.061378,0.215032,-0.097624,-0.110101,-0.018470,-0.080200,0.141290,0.105676,0.236570,0.162331,0.114790,0.011878,0.224562,0.115534,0.007725,0.246535,0.327734,0.028331,0.246246,0.365673,0.302833,0.221653,0.031913,0.153650,0.158238,-0.111021,-0.040196,0.032878,-0.044695,0.095376,0.298397
0.043237,0.173835,0.145235,-0.054849,-0.002828,0.052342,0.098587,0.142890,-0.308443,0.341382,-0.004778,-0.158206,-0.232983,-0.034474,0.476674,-0.064882,-0.020238,0.228085,-0.221492,-0.034192,0.046330,-0.006725,-0.396790,0.207848,0.057505,0.120741,-0.013591,0.141791,-0.044723,-0.178667,-0.026694,0.020173,0.504676,-0.201294,0.096955,0.135154,-0.003730,-0.173110,-0.029304,0.210174,0.134109,-0.084901,0.193261,-0.007995,-0.001495,0.127936,-0.004510,-0.100045,-0.166341,0.058531,0.027540,-0.118642,-0.290513,-0.189006,-0.082071,0.080489,0.161863,-0.035534,-0.215966,-0.195572,0.011358,0.242934,0.035743,-0.001320,-0.033703,-0.000900,0.159126,0.433266,0.052264,-0.408667,0.010853,0.407625,0.058818,0.020926,-0.024755,-0.183960,0.022305,-0.099225,-0.002195,0.098397,0.082064,-0.193033,-0.442199,-0.002428,-0.061486,-0.156260,0.010430,-0.721935,0.161184,0.188047,-0.000807,-0.003665,0.176562,-0.010141,-0.089428,-0.010757,-0.182685,0.036301,0.001641,0.699208,-0.097808,0.000022,-0.284739,-0.091443,-0.124019,0.131957,0.069277,0.005900,-0.007759,-0.145685,-0.042556,0.036567,-0.031062,0.157216,-0.004333,-0.336201,-0.017049,0.001025,-0.010245,-0.125957,-0.092678,0.019586,0.128931,-0.441584,-0.037872,-0.104086,-0.120416,-0.002084
0.104825,0.122634,-0.137015,-0.261203,0.012922,0.076287,-0.362099,0.326808,-0.342519,-0.013225,0.343845,-0.088677,-0.036322,-0.327937,-0.102965,-0.030349,-0.295076,-0.021060,0.251469,-0.033255,-0.044147,-0.003214,-0.115127,0.050994,0.239222,-0.377562,0.108185,-0.067006,0.361564,0.224611,-0.003857,0.014770,-0.362018,-0.041872,0.496528,-0.010393,-0.106425,0.035508,-0.028990,0.055211,-0.165411,0.072734,-0.032019,0.233885,-0.002006,-0.200096,-0.025159,0.074436,0.316456,-0.110560,-0.050220,0.143399,-0.087475,0.457358,0.064866,-0.206443,0.197940,-0.586040,-0.032708,-0.031807,0.137143,0.024691,0.221607,-0.008182,-0.022994,-0.022663,0.107050,0.091896,0.083871,-0.107185,-0.006243,0.085916,-0.340921,-0.127373,-0.008657,0.304370,0.011235,0.190538,-0.027696,0.369253,0.145000,0.004334,-0.237933,-0.118259,-0.303001,0.208863,0.248445,-0.054848,0.134596,0.051061,0.051415,-0.372477,0.351338,-0.132543,-0.154140,0.171971,0.310421,-0.030542,-0.021016,0.074682,-0.046054,-0.016321,0.058935,-0.030080,0.292062,0.088525,-0.083427,-0.001165,-0.023505,-0.101847,0.133156,-0.327327,-0.144629,0.409736,0.072449,0.290308,0.363609,-0.015487,0.149229,0.486874,0.057768,0.074487,-0.076814,0.169694,0.026864,0.566590,0.029743,-0.153719
0.006424,-0.090287,-0.059038,0.080598,0.111042,0.446884,-0.160029,0.097098,-0.095581,-0.050216,0.020349,-0.020766,0.216115,0.280185,0.262043,0.102794,0.261439,0.071763,-0.172299,0.081736,0.034830,0.000676,-0.082973,-0.426057,0.070777,-0.060963,-0.276553,0.045943,0.494802,-0.213644,-0.007657,-0.006469,0.022389,0.075072,-0.106374,0.132300,-0.156163,-0.039090,0.229060,0.143390,-0.167355,-0.117355,-0.066039,0.276522,-0.006885,0.144266,0.011853,0.247745,0.209552,0.153231,-0.751150,0.074118,-0.055910,-0.092826,-0.015071,-0.287304,0.033687,-0.104333,0.041188,-0.203004,0.056849,-0.053214,0.035494,0.017258,-0.049436,-0.003751,0.028077,-0.098128,0.014983,-0.016420,-0.011308,0.211482,-0.063001,0.064745,0.009829,0.201601,0.082216,-0.079574,0.014805,-0.082358,-0.069593,-0.047250,0.131604,0.041626,0.037354,-0.030038,-0.130986,0.022127,-0.322778,-0.135441,-0.134433,0.018134,0.154304,-0.163234,0.101558,-0.213654,0.049757,-0.155710,0.025828,0.024211,-0.022104,0.000328,0.299823,0.183667,0.316575,0.392506,0.009330,-0.000828,-0.003297,-0.201188,-0.211796,0.214490,0.002104,0.096086,0.140824,0.047063,0.093574,-0.220185,0.183278,0.012125,0.175062,0.806877,0.252391,-0.128649,0.010883,0.217893,0.201309,1.058976
0.043409,-0.163040,0.428782,-0.064016,0.255286,0.015825,-0.261719,0.335373,0.225101,0.062432,0.082808,0.180319,0.092869,0.159461,0.005608,-0.346281,-0.183035,0.127915,-0.434274,-0.185957,0.028382,-0.009802,0.005909,0.153299,0.044325,-0.020846,0.015906,-0.176969,0.075133,-0.016720,-0.010555,0.065473,-0.172596,0.183596,-0.091438,0.159401,0.449316,0.008316,0.293211,-0.118248,0.482404,-0.106576,0.130711,-0.093413,-0.009989,-0.260276,0.017270,-0.075207,-0.422317,0.110521,0.067731,0.200088,-0.001222,-0.070698,0.132302,-0.025347,0.116857,0.043262,0.149879,0.085918,0.149544,-0.113856,-0.063624,0.035579,0.218597,0.001094,-0.001030,0.097790,0.293389,-0.155514,0.001394,-0.159034,0.185377,0.174709,0.027305,0.032625,0.035693,0.091464,0.004282,-0.107772,0.176252,-0.037753,0.029193,0.124770,0.273087,-0.337720,-0.145099,-0.211093,-0.036203,-0.245186,-0.121583,-0.130624,-0.156993,-0.197142,-0.001637,0.262686,-0.348446,-0.105006,-0.353480,-0.110732,0.064882,-0.003624,-0.079155,0.102108,0.525538,-0.380809,0.155852,-0.037744,-0.013025,-0.012477,0.367366,-0.107682,0.185911,-0.198097,-0.149014,0.033804,0.395265,0.122641,0.216767,0.289598,0.007075,-0.190836,-0.027172,-0.005262,-0.084957,0.238068,0.262583,0.011226
0.265249,0.078239,-0.011974,0.191654,0.013674,0.063187,0.107445,0.386529,-0.096451,-0.167031,0.051387,0.133606,-0.033514,-0.048795,0.056463,-0.054049,-0.119836,-0.536311,-0.245960,-0.019875,0.016694,-0.015112,-0.112327,0.083898,0.158060,0.109247,0.110912,0.077092,-0.212050,0.321141,0.004604,-0.132928,-0.135705,0.102065,-0.033255,-0.115736,0.464217,0.036600,-0.292463,-0.099403,-0.028820,-0.038597,0.024352,-0.068796,0.009095,0.451201,-0.016168,-0.264251,-0.002388,-0.078330,-0.215620,0.164022,-0.092726,0.010366,0.366545,-0.101678,-0.116008,0.074476,-0.170876,0.073290,0.210405,-0.118296,-0.249061,-0.048356,0.006652,0.005153,-0.145446,0.045844,-0.049684,-0.026236,-0.032789,0.400735,0.227388,0.110397,-0.051656,-0.130377,-0.017618,0.148821,-0.013594,0.064346,-0.132964,-0.157273,-0.080930,-0.183254,-0.343408,0.020858,-0.056168,-0.105208,0.263900,0.241776,-0.011266,0.026813,-0.365543,-0.265515,0.049788,-0.027466,-0.076823,-0.026715,0.194546,0.032447,-0.027667,-0.020383,0.054858,0.352670,0.090970,0.313651,0.016743,-0.026835,-0.004727,0.019274,0.204084,0.294689,0.424781,-0.385315,0.239907,-0.047896,0.129821,0.170479,-0.051935,-0.303304,-0.143120,0.336292,-0.110087,-0.067444,-0.013466,-0.093528,0.197064,0.035138
-0.073521,-0.137835,0.090675,-0.110611,0.042826,-0.079406,-0.005604,-0.261422,-0.157717,0.057459,-0.053903,-0.236146,0.032027,-0.201211,-0.053088,0.022462,-0.193626,0.011280,-0.211387,-0.006448,-0.012934,-0.001823,-0.076624,0.005137,0.050382,0.060580,0.132378,0.091509,-0.268137,0.114298,-0.001525,-0.100792,0.152208,-0.165352,-0.262131,0.016992,0.374351,0.043570,-0.022825,0.102559,-0.012692,0.074548,-0.213681,0.153470,0.011034,0.148412,-0.001401,-0.025448,-0.072845,0.092367,-0.379488,-0.323100,-0.038559,0.190367,0.281726,-0.172063,0.002854,-0.074695,0.012489,0.156481,0.180178,-0.019446,0.358693,0.008487,0.098915,0.011197,0.018181,0.265667,0.432216,0.196966,-0.000909,0.083767,-0.074328,-0.121783,-0.012287,0.131108,0.028601,-0.009439,0.007712,0.021972,-0.209147,-0.025695,0.074038,-0.254156,0.121739,-0.099037,0.021167,0.052526,-0.096356,-0.232837,0.026995,0.641333,0.226013,0.028745,0.089263,-0.174525,0.323950,0.048597,-0.051729,0.002666,0.120243,-0.014617,0.190236,0.141393,0.033667,0.090277,0.116772,-0.096549,-0.000635,-0.014973,0.079294,-0.107481,-0.083630,-0.147070,0.754298,-0.025805,-0.039637,-0.067943,-0.136850,0.383071,-0.073171,-0.330140,0.218675,-0.020710,0.003427,0.319101,-1.310305,0.098481
-0.065600,-0.117975,0.139979,-0.246250,0.351620,-0.118668,-0.188816,0.123411,0.163084,0.151774,-0.005314,-0.035881,0.087023,-0.017319,0.232949,-0.004044,0.244396,0.165149,-0.110720,-0.044747,0.086450,-0.019549,0.151401,-0.082407,-0.116464,0.163042,-0.017421,0.077637,-0.562434,-0.055218,0.026358,-0.020308,-0.108087,0.108799,0.060504,0.011387,-0.215477,0.287891,0.042756,0.268841,0.147016,0.150073,0.044209,0.016772,-0.007305,0.023516,0.011597,-0.102199,0.185231,-0.305353,0.096567,-0.026093,0.189969,0.210643,-0.040229,-0.166861,-0.126115,0.052018,-0.015999,0.248429,0.099808,0.415391,-0.028530,-0.069774,-0.073190,0.017174,-0.099302,0.058650,-0.318602,0.487856,0.000862,0.395302,-0.293039,0.119298,0.020864,-0.295323,0.037032,-0.171402,0.001284,-0.110684,-0.077911,0.162128,-0.304420,0.100483,-0.103022,-0.038626,-0.151062,0.345915,-0.084620,-0.019456,-0.021912,0.147496,0.100638,-0.244490,0.046940,0.140612,-0.028314,-0.040823,0.021744,0.138727,0.295281,0.006468,-0.012970,0.183685,0.076287,0.090082,0.096509,0.029392,0.015034,-0.149098,0.018398,0.110751,-0.406990,0.221505,0.089788,0.016149,0.168399,-0.069041,0.173920,0.145653,0.210592,-0.179195,-0.138677,1.006832,-0.024943,0.390154,0.064243,0.096270
-0.014939,0.202513,-0.149537,-0.146945,0.259707,0.174109,-0.061767,-0.135290,-0.118359,-0.306372,0.143677,-0.156732,-0.257938,0.312784,-0.016614,0.005629,0.130587,-0.172781,0.023484,-0.018166,0.032208,-0.019179,0.295664,0.113919,-0.101985,-0.355297,0.047978,-0.028253,-0.209438,-0.203731,0.028686,0.061315,0.345045,0.106712,0.020666,-0.018504,0.086207,-0.068613,0.020079,-0.228813,0.022348,-0.047393,-0.050183,0.041904,-0.030210,-0.135310,-0.017108,0.395368,-0.276766,-0.037542,0.162144,-0.224935,-0.210906,0.146421,0.124598,-0.166456,0.109795,-0.041165,0.450667,-0.116298,-0.016919,0.088398,-0.061673,-0.011479,-0.095697,-0.019127,-0.170745,0.129988,-0.007518,-0.105673,-0.003870,-0.184097,0.099231,-0.171616,-0.175503,-0.006441,-0.046675,-0.098155,-0.022764,0.306740,0.335820,0.388604,-0.008260,0.112241,0.009177,-0.096618,0.106531,0.236076,0.296429,0.558445,0.007647,0.261568,-0.086221,0.263593,0.069948,0.065048,-0.075597,-0.106494,0.255769,-0.096373,-0.057246,-0.023440,-0.225496,0.274767,-0.066873,-0.114391,-0.207667,-0.139293,-0.012005,0.283612,0.157268,-0.794271,0.198154,-0.048534,0.065667,-0.185013,-0.137949,-0.094076,0.079105,0.256135,-0.014353,0.252332,-0.143234,0.087871,0.001300,-0.205730,-0.228070,0.108464
0.037233,0.107216,0.167722,0.038334,0.197344,0.124604,-0.260074,-0.143383,0.459432,0.486717,-0.157037,0.168468,0.104613,0.222285,0.291782,0.015408,-0.197856,-0.422024,0.436823,-0.020057,-0.085858,-0.010452,0.125832,0.123036,-0.240624,-0.021533,-0.139723,0.048753,-0.116887,0.040923,-0.004765,-0.023004,-0.137748,-0.103939,0.337330,0.148641,0.241893,-0.110574,-0.056700,0.059380,0.009428,-0.017011,0.085705,-0.241384,-0.001800,0.210305,-0.016099,0.199539,0.019290,0.196237,0.146907,-0.203700,0.266485,-0.177616,-0.104302,-0.019037,-0.060817,0.504686,-0.345600,0.252261,-0.092719,-0.145857,-0.008535,0.018527,-0.094455,0.000388,-0.057949,-0.041506,-0.012448,-0.433511,-0.022797,-0.112691,-0.392358,-0.169086,0.083924,0.329757,0.075569,0.127614,-0.006448,0.058279,-0.159767,-0.085102,-0.132329,0.192610,-0.042000,-0.067562,0.050735,0.188799,0.450012,0.195360,0.139022,-0.092503,-0.160871,0.201494,0.078694,-0.075653,-0.029394,-0.145177,0.055441,0.085946,-0.197292,-0.016549,0.102202,-0.050164,0.152325,-0.064418,-0.348598,0.036318,0.003757,-0.086119,-0.071650,0.241896,-0.350021,0.165122,0.068881,0.154340,0.063866,-0.235074,0.165980,0.292423,0.083362,0.023810,0.420593,0.141020,0.030611,-0.131149,-0.124234,-0.162482
-0.199904,0.067311,0.449687,0.169308,0.101540,0.077424,0.610429,-0.288136,-0.051061,0.135279,-0.136644,-0.187599,0.311622,0.170735,-0.181532,-0.032113,0.161927,0.125128,-0.348118,-0.032780,-0.016397,-0.001248,-0.009908,0.194222,0.157274,0.301725,-0.368938,0.094671,-0.049482,0.208572,0.020373,0.084901,-0.017513,-0.043607,-0.235683,-0.040456,0.011483,0.034806,-0.256668,0.065788,0.138187,-0.074226,0.045728,0.066900,-0.007667,0.165080,-0.023516,0.092679,0.080013,-0.032200,0.059630,-0.087984,-0.310903,-0.023507,0.033131,-0.207526,0.281529,-0.097444,-0.175816,0.159134,0.009752,0.047034,0.072531,-0.047317,-0.103076,-0.015609,0.046307,-0.080665,0.078245,-0.063571,0.015960,-0.407497,0.406015,-0.031898,-0.005000,0.208108,0.024563,-0.259106,-0.008295,0.129208,-0.042292,0.030833,0.447508,-0.186702,-0.219105,0.065031,0.294693,-0.012480,-0.219857,0.158963,-0.243983,0.016334,-0.020697,0.034127,0.021190,0.057199,-0.514981,-0.152843,-0.230793,0.305742,-0.088519,0.001259,0.138679,-0.137390,0.140973,0.290635,0.156806,0.018277,0.018046,-0.298485,-0.252599,-0.175253,-0.024414,0.014554,0.101914,0.075571,-0.144409,0.017589,0.045097,-0.029390,0.181017,-0.080208,0.027375,0.085843,0.036970,0.176663,0.013611,-0.209483
-0.184319,0.306585,-0.623251,0.231570,0.140824,0.125219,0.157188,-0.129527,-0.233860,-0.123891,-0.095717,0.440085,0.283395,0.093145,0.045198,-0.201008,-0.100679,-0.122957,0.045417,-0.009017,0.037912,-0.013695,-0.058270,0.140982,0.134494,0.725281,-0.011845,0.257631,0.157297,-0.122735,-0.001080,0.104183,-0.098568,-0.121360,0.029650,0.073604,0.269374,0.528342,0.038142,-0.078293,0.016916,0.110798,0.044995,-0.036875,-0.001836,-0.209364,-0.003868,-0.130946,-0.051767,0.074708,-0.007943,0.039924,0.050734,0.068967,-0.133410,-0.102581,0.203029,0.104508,0.018137,0.112541,0.112266,0.072217,0.264707,0.013252,-0.013513,-0.010046,-0.119065,0.038534,0.003979,0.480239,0.004773,-0.025500,0.061857,-0.046696,-0.019581,0.137743,-0.061221,-0.182217,-0.007102,-0.206139,0.445969,-0.351134,-0.497802,0.027825,-0.048644,-0.047511,-0.059908,-0.223525,-0.314901,-0.111429,-0.236229,-0.140851,0.156463,0.176070,0.129673,0.014915,0.135987,-0.049699,0.109929,-0.099192,-0.029682,-0.009090,0.009090,-0.138426,0.059803,-0.217145,-0.107093,0.071415,0.000367,-0.293869,0.185266,0.172817,0.074081,-0.070666,0.052637,0.549821,0.281163,-0.094996,0.260313,-0.101464,-0.019768,0.202770,0.190232,-0.250360,0.024941,-0.088174,-0.058657,0.032657
0.067158,0.061562,-0.204352,-0.107764,0.120082,0.118226,0.083896,-0.258026,-0.334389,-0.115914,0.044128,-0.123571,0.156661,0.027328,-0.229819,0.063466,0.336510,0.394902,0.001559,-0.156346,-0.015994,0.005965,0.057777,-0.098683,-0.204709,0.079419,-0.169131,-0.027754,0.091905,0.129065,-0.022176,0.012071,-0.130006,0.047859,0.410771,0.055579,-0.102546,-0.266551,-0.135580,0.172004,0.102759,0.121191,0.812183,-0.445096,0.004236,0.196066,0.012057,0.180740,0.061879,-0.115130,0.101721,-0.256670,0.087139,-0.202562,0.133924,0.257745,-0.007442,0.024945,0.144314,0.034018,0.466401,-0.051469,-0.014030,-0.072882,-0.006746,-0.003128,0.222221,-0.292847,-0.104277,-0.004497,0.014669,0.008885,0.045714,-0.192828,0.200375,-0.094207,-0.025806,-0.088182,-0.006188,0.211801,0.207753,-0.022078,0.212042,-0.478130,0.064460,-0.319333,-0.005491,0.494900,-0.027159,-0.195018,0.097527,-0.120708,0.237586,-0.054062,-0.123481,0.025765,-0.022942,0.031445,-0.165023,-0.344931,-0.015558,0.005969,-0.484788,0.173038,-0.155836,0.127478,0.113383,0.216689,-0.005384,0.042602,0.142298,-0.158009,-0.126787,-0.188831,-0.090000,-0.110540,0.315892,-0.110101,-0.150981,-0.045913,0.084833,0.109924,0.114855,-0.072190,-0.074792,0.169559,-0.036990,0.017402
0.190753,0.238246,-0.273647,0.231503,-0.004766,0.108192,0.452737,0.154729,0.103411,0.391027,-0.046188,0.111868,0.386237,-0.128092,0.073803,0.012621,0.033484,-0.188783,0.202300,-0.012085,0.069564,0.015882,0.160977,-0.136366,0.165643,-0.065705,-0.090459,0.175568,-0.107572,-0.017634,-0.007541,-0.063600,0.161304,0.196672,-0.430496,-0.138333,0.101556,-0.179654,0.003180,0.017668,0.031599,0.194848,0.039804,-0.115445,0.001809,0.089728,0.026822,-0.067754,0.393363,-0.279852,0.068555,0.010812,-0.120615,0.042882,-0.037509,-0.042878,-0.093562,-0.087762,0.050460,-0.178350,-0.388050,0.093536,0.188589,0.057631,0.037091,0.005677,0.025933,0.240171,0.170522,0.025455,0.004287,-0.381990,0.130198,0.029867,0.082255,0.073196,0.170675,0.122663,0.004878,0.029041,0.327319,0.065930,-0.021342,0.189886,0.090249,-0.166970,-0.195284,0.279984,0.173697,0.346094,0.240341,-0.066481,0.032160,-0.332826,-0.075910,-0.073101,0.169652,0.002844,-0.008209,0.032264,0.122212,-0.012708,0.089506,-0.237506,0.114042,-0.263992,0.077419,0.201616,-0.009151,-0.077242,-0.215353,-0.238362,0.494081,0.179669,-0.010611,0.113225,0.108134,0.106549,0.274247,0.208818,-0.001523,-0.267569,0.026477,-0.140039,-0.061851,0.012742,-0.079065,0.071203
0.130965,0.345528,0.148795,-0.481723,0.045563,-0.016983,0.050675,0.473104,0.102293,-0.035305,-0.110445,0.110891,-0.214219,-0.055033,-0.203952,-0.008370,0.183733,0.057720,-0.125245,0.020838,-0.020820,-0.015877,0.124107,-0.211473,0.318161,0.414565,0.016660,0.045844,-0.256711,-0.673676,-0.009056,-0.001230,0.005822,-0.063682,0.244311,0.076630,-0.074573,0.072439,0.425934,-0.034825,0.095258,-0.147706,-0.226064,-0.034567,0.009614,0.002414,0.002040,0.500137,0.372539,0.286141,-0.078816,0.021549,0.009863,-0.099326,0.031898,-0.247724,-0.421044,-0.223319,0.034846,0.194916,-0.096076,-0.115030,-0.031164,-0.001338,0.201464,0.002533,-0.109137,-0.188333,-0.401753,-0.046322,-0.025973,-0.054525,0.084304,-0.144945,-0.177613,0.241949,0.037886,0.192047,-0.017149,0.034827,-0.259869,0.008992,-0.048122,-0.167013,-0.038521,-0.252374,0.225828,0.136373,-0.025789,-0.133783,0.004645,0.189488,0.367531,-0.015565,0.050539,-0.257724,0.379992,-0.137328,-0.148596,0.034233,-0.051331,-0.004219,-0.076743,-0.258933,0.016776,-0.408327,0.675663,-0.052607,0.002272,0.104651,0.075831,-0.054825,0.077145,-0.023225,0.093945,-0.146252,-0.103437,0.082833,-0.095327,-0.103028,-0.248246,0.185666,-0.059905,-0.204124,-0.055949,-0.047227,-0.083697,-0.076026
-0.109103,0.161940,0.009658,0.166680,-0.196732,-0.062197,-0.029854,0.011394,0.448554,0.229184,-0.063312,0.194708,-0.120993,-0.161741,0.004004,-0.043493,0.136571,-0.011110,-0.161155,0.004294,0.023415,0.007122,0.057504,0.036651,0.047231,-0.349862,0.001958,0.048032,0.068895,-0.189948,0.025110,-0.000437,-0.143892,0.335948,0.354940,-0.028871,-0.111060,0.271437,0.184663,-0.051386,-0.096446,0.146393,0.157924,0.082188,0.004163,-0.088302,0.004171,0.129717,-0.489311,1.298762,-0.019216,0.076013,0.364487,-0.163512,-0.066155,-0.215297,-0.329307,-0.046459,0.150250,0.116688,0.076159,-0.004251,0.006570,-0.023717,-0.118688,-0.014749,-0.104130,0.013991,-0.144751,0.134441,0.012566,-0.036790,0.079397,-0.005092,0.150459,-0.257939,0.025080,-0.023454,-0.016127,-0.167862,0.286642,0.198923,0.369359,0.101075,-0.012082,-0.220201,-0.298573,-0.311015,-0.048723,0.015262,0.107982,-0.206217,-0.261224,0.131152,-0.238436,-0.148802,-0.020692,0.049200,0.119786,-0.047548,0.064890,-0.019974,0.042298,-0.091144,0.027339,0.135516,-0.025907,0.410636,-0.001963,0.079236,0.121968,0.220660,0.164774,-0.259284,-0.023510,0.031516,-0.144860,0.061883,-0.104821,0.145510,0.014606,-0.071803,0.165152,0.237296,-0.023073,0.164419,-0.286018,0.024254
-0.208247,0.148493,0.112033,0.614021,0.205752,0.155037,-0.021216,-0.257400,0.256418,-0.044425,0.178432,-0.183628,0.090726,-0.405060,0.014647,0.064051,-0.494575,0.139939,0.261726,0.111919,0.082713,-0.012997,-0.118812,0.212218,-0.104173,-0.080656,0.044321,0.107300,-0.384389,-0.146429,0.003686,-0.013410,0.035405,0.323486,-0.380988,-0.039053,-0.207797,0.116068,0.132281,0.137808,-0.141962,-0.055000,0.112080,0.137267,-0.008299,0.081576,-0.023682,-0.133351,0.154611,0.075990,0.224661,-0.031394,0.232597,0.113934,0.193742,0.114025,0.105328,-0.265810,-0.238318,-0.269713,-0.116278,-0.050031,0.181122,-0.008679,0.053116,-0.004187,0.052383,0.187602,0.064655,-0.302428,-0.035572,-0.024696,-0.008393,-0.081327,-0.145358,0.051754,0.002027,0.321023,-0.013308,-0.158008,0.196398,0.063573,0.190614,0.179407,-0.302632,-0.457472,-0.451183,-0.177637,0.012790,-0.075249,-0.219899,-0.110036,0.143044,-0.364411,0.057070,-0.003491,0.237754,-0.103470,0.171835,0.042591,-0.009145,0.012195,-0.237362,-0.166242,-0.423686,-0.338804,0.301471,-0.004761,-0.007096,0.042306,0.506014,0.024011,-0.182311,-0.121065,0.325795,-0.178527,0.091105,0.030375,-0.258224,0.050006,0.215375,0.286182,-0.059413,-0.069953,-0.012636,0.330341,0.167557,-0.077049
0.111740,-0.060664,-0.025865,0.059197,-0.005580,0.086249,-0.051564,-0.088526,-0.103482,-0.116631,0.100348,0.500163,-0.284214,0.001231,-0.042684,-0.144333,0.120016,0.047975,0.063854,0.007497,-0.005216,-0.007159,1.378099,0.188120,0.044430,0.049138,-0.185147,0.012983,-0.102413,0.154680,0.004849,-0.039909,0.027427,0.037289,-0.468641,0.055503,-0.024364,-0.072895,0.112002,0.288659,0.098076,0.027310,-0.003055,0.130215,0.007434,0.003719,0.002260,0.096931,-0.364088,-0.008780,-0.089236,0.129420,-0.116287,-0.140928,0.250744,-0.038097,-0.040452,-0.182461,-0.009320,-0.156257,-0.030666,0.045925,-0.128381,-0.065260,-0.041403,0.003113,0.211379,0.073158,0.003083,0.090270,0.003425,0.033182,-0.213547,-0.054572,0.099397,0.174963,-0.002506,0.254887,-0.007915,0.040526,0.040923,-0.468118,0.075778,-0.074164,-0.060374,0.039541,0.261684,-0.090972,0.059146,0.117024,0.078290,-0.099940,0.008572,0.123933,-0.077964,-0.021988,0.043037,-0.014960,-0.117295,-0.024454,-0.016206,-0.002807,-0.047007,0.062612,-0.104077,-0.118728,-0.127573,0.059803,0.003825,0.319412,-0.141009,0.085005,-0.122593,0.359920,-0.092377,0.826080,-0.085026,0.153959,-0.196327,-0.104126,0.066297,0.177834,0.082594,-0.120516,-0.045103,-0.167369,-0.121378,0.069692
-0.349680,0.305239,0.377702,-0.150132,-0.672598,0.230014,-0.051899,-0.187018,-0.223767,-0.191974,0.185118,-0.041931,0.162001,0.204836,-0.067227,-0.078214,0.049136,-0.389811,-0.294579,0.105681,0.000254,0.012777,0.328898,0.003845,-0.040582,0.241533,0.431242,0.259592,0.242333,-0.173814,0.008338,0.051411,0.090418,0.121893,0.513059,0.027004,-0.217441,-0.296230,-0.001668,-0.059228,0.263247,0.029069,-0.147746,-0.107142,-0.020857,-0.027743,-0.006589,-0.302145,0.188171,-0.018991,0.143389,0.175344,0.115463,0.083899,0.231830,-0.013149,-0.014002,0.060929,-0.159737,0.144483,-0.281642,0.287427,-0.144996,0.047872,-0.089812,-0.000724,0.099073,0.037217,0.109452,0.183103,-0.016774,-0.099878,0.098926,0.630694,-0.020476,0.069164,0.027014,0.122005,0.005802,0.037710,0.123513,0.137690,-0.210364,-0.081585,0.543150,0.074748,-0.097920,0.054946,0.233415,-0.219427,-0.086561,-0.244246,0.137340,-0.089985,0.033279,0.182519,-0.115169,-0.038844,-0.328467,-0.065687,-0.106133,-0.008739,-0.219855,0.252220,0.033403,-0.316296,0.082751,-0.336560,-0.009264,-0.296302,0.024364,0.092749,-0.169686,-0.142004,0.315482,-0.090654,0.203775,-0.119731,-0.561489,-0.025876,0.008013,0.139171,0.155072,0.046046,-0.000918,0.126566,-0.158048,-0.188465
0.236503,0.005505,0.119976,0.420790,-0.017102,-0.034944,-0.096542,-0.359139,0.101443,0.313371,0.407386,0.339170,-0.335422,0.085506,-0.173155,-0.079378,0.356825,0.356530,0.177788,-0.016759,-0.044229,-0.000083,0.054552,-0.134332,0.150941,0.093368,0.013301,0.005713,-0.105904,0.371978,0.002017,-0.021962,0.150852,-0.128466,0.065059,-0.074963,0.402357,0.013824,0.346690,-0.025900,0.110927,-0.150146,-0.066449,-0.023746,-0.003157,-0.051160,-0.024400,-0.425264,0.072042,0.090787,-0.261026,-0.903344,-0.096707,-0.003756,-0.169250,0.205006,-0.024256,0.360546,0.084611,0.000219,-0.305676,0.062972,-0.343618,-0.021698,-0.015629,-0.013606,-0.099927,0.033109,-0.283520,0.055137,-0.001077,0.085299,-0.022473,-0.049396,-0.104598,0.129381,-0.025682,0.068761,-0.026582,0.212152,0.077592,0.115416,-0.177158,0.056165,-0.027777,-0.021327,-0.027022,0.006293,-0.204865,-0.456291,0.159104,0.332434,-0.132366,-0.123827,-0.000926,-0.193296,0.006996,0.109717,0.045641,-0.084420,0.039823,-0.021292,0.221963,0.059990,0.034081,-0.083112,0.104232,0.035154,-0.028660,0.019836,0.091536,-0.095807,-0.196414,-0.107965,0.103295,-0.110402,0.097135,0.074511,0.040458,-0.549497,0.155699,0.181061,0.129099,0.128929,0.004141,0.132512,0.029170,0.065579
-0.016286,0.327939,0.120527,0.244110,-0.307463,-0.072325,0.152444,0.032245,0.110268,0.109427,0.145120,-0.084412,0.254070,0.061565,0.068551,0.172788,0.105278,-0.136831,-0.181687,0.058539,0.038424,0.009754,0.073887,-0.331962,0.053161,0.087502,0.273899,0.059497,0.218846,0.154144,0.010202,0.036317,0.371595,-0.177886,0.042428,-0.028505,-0.020013,0.319504,-0.007545,-0.036070,0.143809,0.055487,0.956816,-0.047735,0.007566,-0.477367,-0.015370,0.291374,0.090518,-0.075277,0.055850,-0.022189,-0.144305,-0.097695,0.032887,0.127184,-0.124694,0.047657,0.003022,-0.080960,0.102121,-0.005803,-0.079850,0.000787,0.006395,0.001939,0.117310,0.000677,0.075049,0.026015,-0.002570,-0.192563,-0.059315,-0.169785,0.071998,-0.276798,0.020229,-0.092044,0.008153,-0.004566,0.224974,-0.043388,-0.092139,0.330373,-0.107426,-0.064894,0.585051,-0.190478,-0.205893,-0.172669,0.048933,-0.003056,0.140443,-0.061571,0.137551,-0.315135,0.330376,0.031015,0.201522,-0.138324,0.009365,0.005162,-0.321326,0.070856,-0.194310,0.128461,-0.069037,-0.087002,0.008371,0.185829,0.131621,0.193730,0.225323,0.002279,-0.016168,0.064171,-0.195026,0.041728,0.322713,0.055136,-0.166045,-0.124555,-0.100315,0.436622,-0.017383,0.019333,0.107103,0.197522
0.228097,0.026405,-0.060549,0.232704,-0.092372,-0.105724,-0.243333,0.336138,-0.000676,0.083580,0.267010,0.028995,0.563537,-0.018606,-0.392908,-0.114029,-0.034457,0.004925,0.216846,0.118606,0.016689,0.011270,-0.284539,0.033833,-0.091624,0.002998,-0.144817,0.000787,0.223513,-0.237810,0.016267,0.048731,-0.261587,0.131865,0.144088,0.268467,0.091084,-0.333145,0.212673,0.159338,0.055576,-0.031274,0.093643,0.144031,0.001904,0.093809,-0.004735,0.000040,0.170508,-0.001711,-0.171653,0.096686,0.091199,0.099536,-0.155661,0.091881,-0.100951,0.061145,0.058354,0.054643,-0.198049,0.075105,-0.002739,-0.027723,0.142013,0.018613,-0.244352,0.167985,-0.075918,-0.058678,-0.012186,0.007750,0.032942,0.487907,0.030846,-0.072405,0.190791,-0.045904,-0.015433,0.070738,0.246944,0.130824,0.032543,-0.063241,0.079295,0.648455,0.157515,-0.116499,0.027444,0.039820,0.159833,0.087799,0.063625,-0.248012,0.339425,0.100678,-0.032303,0.014145,-0.140773,-0.160260,0.027650,-0.006550,0.114236,0.207584,-0.013279,0.119726,-0.005522,0.669056,-0.000451,0.479488,-0.035608,-0.203424,-0.055881,0.354905,0.002971,0.053412,-0.070615,0.106069,0.088528,-0.288738,-0.101055,-0.118211,0.106149,-0.070234,0.072717,-0.200528,-0.200299,-0.017236
-0.311602,-0.321775,-0.158506,-0.229551,0.135405,0.098301,-0.050113,0.160235,0.269379,-0.445994,0.131511,0.013364,-0.123202,0.085585,-0.190168,-0.008953,0.059254,-0.282989,-0.221008,-0.020590,-0.094457,-0.027715,-0.325054,-0.143221,-0.032151,0.155106,0.044625,-0.170507,-0.102727,0.151760,-0.008354,-0.008484,-0.313542,-0.102349,-0.313415,0.063335,-0.219920,0.062058,-0.232714,0.103290,0.030017,0.077398,0.116823,-0.224808,-0.017959,-0.149701,-0.012433,0.014703,0.013543,-0.252565,0.027341,-0.017627,0.119698,0.024805,0.032369,-0.145730,-0.174256,0.140989,0.111521,0.012526,-0.250410,-0.085330,0.215842,0.007496,0.019565,-0.005367,0.098500,0.318308,0.229728,-0.071908,-0.043093,0.021887,-0.044566,0.205253,0.139192,-0.196809,0.044050,0.150665,-0.014665,-0.064734,0.263750,0.015631,0.008567,0.080875,-0.017943,0.103829,-0.205246,-0.134173,0.159134,0.288732,-0.146428,-0.103338,0.034043,-0.062021,0.064081,-0.406648,-0.426335,-0.011712,0.148895,-0.091455,-0.023968,-0.045714,0.037219,0.169788,-0.164100,0.230676,-0.289884,0.126152,-0.029973,0.025649,-0.119212,0.070709,0.231844,0.156738,-0.066613,-0.072099,-0.066625,0.130931,0.058722,0.179593,-0.048449,0.221884,0.179503,0.014848,-0.012734,-0.169405,0.078800,-0.105390
-0.813861,0.025621,-0.219135,-0.023151,-0.019884,0.391263,0.017665,0.104229,-0.206195,0.084806,0.079417,0.018503,0.183659,0.004730,-0.047408,-0.224506,-0.048337,0.262662,0.425666,0.056204,-0.051797,-0.004224,0.023147,-0.097321,0.095088,-0.114307,0.057641,0.014866,-0.289918,-0.037600,0.001837,0.112124,-0.188739,-0.183213,0.009160,0.128558,-0.104258,-0.140122,-0.148622,-0.034595,0.153007,0.058464,0.241117,0.154365,-0.002243,0.500956,-0.008332,0.243324,-0.126451,-0.107481,0.283431,-0.101275,-0.107300,-0.009623,-0.024516,0.254249,0.006412,-0.154853,-0.060405,0.075467,-0.135894,-0.214931,-0.254378,0.078628,0.221448,-0.000851,-0.149335,0.091593,-0.064966,0.287188,-0.000684,0.104309,0.445796,-0.237580,0.043800,0.011015,0.127453,-0.025539,-0.008875,0.163183,0.131812,-0.138000,0.005907,0.038126,0.152255,-0.055617,0.059868,0.176467,0.088031,0.046971,-0.256309,-0.012215,0.003225,-0.025630,-0.043729,0.001419,-0.079103,-0.040114,0.009911,0.029681,0.000484,-0.007889,0.185374,0.061021,-0.007137,-0.056185,-0.202179,-0.165166,-0.003254,0.177573,-0.189593,0.260459,-0.035037,-0.141349,0.498020,-0.254706,0.006161,-0.098182,0.149413,0.274834,-0.143812,-0.449026,-0.291080,0.113704,-0.008763,0.083829,0.444943,0.779311
0.002341,-0.021385,0.133488,-0.247032,-0.008844,0.040207,-0.108237,0.386286,0.395306,0.278769,0.161246,0.175337,0.064716,-0.301718,-0.262392,-0.038472,-0.198653,0.287086,0.101308,-0.109687,-0.048187,0.004189,0.107688,-0.224908,-0.056802,0.223134,-0.015339,-0.076392,-0.268968,0.011196,-0.016700,0.021517,0.096238,0.025128,-0.208282,-0.053369,-0.003288,-0.223363,-0.176228,0.174811,0.319283,-0.019378,-0.120177,-0.158452,-0.005208,0.242772,-0.004385,0.534258,0.079174,0.824637,-0.067205,-0.129278,-0.253925,0.113886,0.013945,0.081140,0.551189,-0.029284,0.007749,-0.264748,-0.348645,0.288307,-0.100656,0.010272,0.010443,0.000851,-0.102910,-0.102837,0.013372,0.013695,-0.002558,-0.243564,0.191425,-0.042247,0.036295,-0.184479,-0.109339,-0.164464,0.021892,-0.053996,0.038095,-0.087806,-0.002125,0.146578,-0.078035,0.584757,0.329601,0.395618,0.266243,0.086227,-0.441349,-0.147502,-0.023372,-0.246431,0.010130,-0.013083,-0.044642,0.178181,0.030911,-0.042597,0.148596,-0.000399,-0.121354,-0.083126,-0.019404,0.052959,0.087285,0.329363,-0.000787,-0.234188,0.193838,0.047952,-0.040197,0.097589,-0.176025,-0.101689,0.101077,0.120164,-0.299508,0.123552,0.034822,0.159260,-0.007523,0.100629,-0.019734,0.054389,-0.158134,-0.054643
-0.038653,0.576861,0.200384,-0.219775,-0.153643,-0.153749,0.135834,-0.108354,-0.206363,-0.196486,0.368235,-0.031104,0.011933,0.049012,-0.157537,-0.087702,-0.326043,-0.136170,-0.188898,-0.193119,-0.022838,-0.008645,0.032737,-0.009913,-0.037111,0.182905,-1.327537,0.085522,0.127669,-0.105545,-0.005350,-0.081241,-0.042095,-0.116343,-0.033078,0.105531,-0.290494,-0.159844,0.030192,-0.031127,-0.012850,0.032045,-0.054680,0.101955,0.006517,0.154274,-0.012854,-0.152571,-0.238609,0.073537,-0.053094,-0.139639,-0.049695,0.003804,-0.499623,0.008138,0.045881,-0.011625,-0.029449,0.113371,-0.115723,-0.129509,-0.133500,0.004193,0.011924,-0.010606,0.527716,-0.037685,0.067844,0.218226,0.000527,-0.217094,-0.110010,0.128830,0.136598,0.029134,-0.006574,0.108977,-0.003885,-0.362603,-0.221832,0.305516,-0.324833,-0.071902,0.262772,-0.004309,-0.241407,0.070572,0.196749,-0.106971,0.025153,-0.084526,0.135628,0.073200,0.017489,0.077761,-0.095969,0.049272,1.105339,-0.022358,0.080853,-0.010488,-0.118314,-0.122492,0.066444,-0.092431,0.154692,-0.050672,-0.010067,0.196629,0.104486,-0.019319,-0.198273,-0.201236,-0.009838,0.005398,0.036303,0.100076,-0.023427,0.140882,0.002765,-0.169673,-0.028802,0.019540,-0.009964,0.022098,0.161114,0.160488
0.016047,0.003111,0.141658,-0.003278,0.008897,-0.173617,0.121471,-0.035147,-0.008048,0.391298,0.006750,-0.042213,-0.505374,0.277547,-0.032874,0.058933,0.003227,-0.155672,0.300830,0.053066,-0.009355,-0.014122,-0.769938,0.284344,-0.336046,0.261021,0.040495,-0.188173,0.217996,0.542764,0.004086,-0.014406,0.149254,0.230494,-0.082434,-0.001102,-0.040432,-0.098367,0.049679,-0.069714,0.233708,-0.066948,0.077531,-0.309308,0.009182,0.053314,0.017199,0.127555,-0.074646,0.042493,0.082699,0.230902,0.010302,0.035667,-0.040585,0.204395,0.010284,0.031913,0.985331,0.029436,-0.061607,0.261011,-0.185959,-0.034261,-0.001910,-0.002869,0.097232,-0.221496,0.087991,0.027994,-0.005527,-0.258215,0.080167,0.061889,-0.075807,0.892915,-0.038161,-0.044721,-0.000230,0.006634,0.065003,-0.157197,-0.088817,0.004319,-0.009869,0.170366,-0.151440,0.083357,-0.095645,0.168189,-0.033613,0.001415,-0.053730,-0.370659,-0.025192,0.081339,0.105532,-0.149936,0.001650,0.010771,-0.051341,0.001412,0.105038,-0.035807,-0.113296,-0.117918,0.044928,-0.192816,0.003513,-0.045295,0.143466,0.108266,-0.297475,-0.019379,-0.026521,0.050693,-0.063230,-0.059878,-0.013623,0.155870,-0.208397,-0.122527,0.370301,0.261162,-0.031062,-0.088433,-0.147073,0.392564
-0.066123,-0.339117,-1.030252,-0.078936,0.127429,-0.155896,-0.081851,-0.198709,0.120384,0.148795,-0.010172,-0.077288,-0.329767,0.128228,0.150774,0.200134,0.375794,-0.201293,-0.075964,0.015557,0.002527,0.004119,0.220118,0.233416,0.093107,1.170073,-0.092033,-0.202901,-0.159422,0.097907,-0.000579,-0.014463,0.081807,-0.059699,0.010216,-0.049351,0.092107,-0.160007,0.018334,-0.045791,0.113123,0.098340,0.182972,-0.029953,-0.013424,-0.344047,-0.013055,-0.080639,0.146351,0.232449,-0.086490,0.071675,-0.050074,0.236937,0.190055,-0.002670,0.135744,-0.210586,-0.151178,-0.045761,0.087870,0.050147,-0.057241,0.045155,-0.020234,0.002675,-0.335997,0.191333,0.187174,0.163349,-0.009366,-0.156896,-0.048551,0.154188,0.052322,-0.030115,-0.065597,-0.294871,-0.000310,0.020912,0.050722,0.037308,0.197811,0.051954,-0.076058,0.030875,-0.276374,-0.121269,-0.169807,0.029524,-0.034456,-0.086019,0.046396,0.015306,-0.040379,0.245078,0.051494,0.029725,0.518842,0.027482,-0.011479,0.014530,0.006955,0.139063,0.135916,-0.023078,0.152482,0.244563,-0.000274,0.124632,0.279386,-0.171028,-0.080209,0.040789,-0.094775,0.013225,0.122584,-0.076331,-0.114807,0.232879,-0.079428,-0.141368,0.216345,-0.071407,0.032540,0.153865,0.116407,-0.053107
0.273508,-0.353338,-0.154026,0.235182,-0.238397,0.028926,0.294894,-0.105674,-0.227231,0.171278,0.474281,0.263900,0.054247,0.029318,0.127533,-0.001642,-0.181348,0.217076,0.270848,-0.007415,0.002736,-0.022943,0.102760,0.329090,0.291082,0.075629,-0.048618,0.347621,-0.147634,0.158539,-0.004314,0.040601,0.142538,0.151224,0.216461,-0.069357,-0.515882,-0.082036,0.149176,0.193232,-0.091561,-0.250154,0.154698,0.028628,-0.009758,0.152316,0.004944,-0.354213,0.084047,0.342491,0.050415,0.744037,-0.296510,0.020848,-0.010077,0.140347,0.000641,0.408853,0.079772,-0.015082,-0.292157,-0.184131,0.053960,0.041030,0.137247,0.005511,-0.263818,0.101574,0.004522,0.109910,-0.025244,0.076658,-0.010916,-0.207385,-0.088606,-0.013972,0.029842,0.154201,0.003625,0.090145,0.249509,0.070582,-0.014095,0.106029,0.088434,0.021529,0.373511,-0.114198,0.227612,-0.711467,0.027612,0.111473,-0.131682,0.142525,0.033411,0.132386,0.027458,0.082663,-0.124329,0.048046,0.028742,-0.014647,-0.253516,0.076812,-0.101149,0.518998,0.282799,-0.069064,-0.007767,0.050455,-0.256646,-0.229961,-0.222169,-0.216467,0.014453,-0.121042,0.126518,-0.103772,0.128034,0.289787,-0.024214,-0.025393,-0.222730,0.115764,0.000034,-0.415528,-0.073459,0.099703
-0.478414,0.188113,0.203460,-0.037673,0.507828,0.005275,-0.047860,0.034797,-0.121213,-0.283264,0.286330,0.319344,-0.169950,0.212045,0.279359,0.063504,0.417550,-0.277811,-0.114613,-0.068299,-0.023694,0.008842,0.015570,-0.112235,0.256764,0.093989,0.359619,-0.050701,0.089256,-0.183530,-0.011418,0.014958,-0.233895,-0.239269,-0.722769,0.010740,-0.274686,0.055832,0.020905,-0.035607,0.047067,-0.025757,0.074479,0.030298,-0.010617,0.219729,-0.000652,-0.337803,-0.064682,0.324062,-0.166680,-0.297194,-0.105549,-0.149820,-0.248619,0.127051,0.115752,0.001230,-0.113579,0.041263,0.185240,-0.000766,-0.042900,0.011627,-0.078458,0.006720,0.057796,0.036829,0.234077,-0.207956,-0.018980,-0.334669,-0.090201,-0.118231,0.101412,-0.140237,-0.026020,-0.000880,-0.003222,0.192470,-0.116333,0.202409,0.160834,-0.067203,0.089254,-0.020129,-0.107284,-0.035241,0.217183,0.094528,0.269138,-0.157474,0.259173,0.007238,0.120414,0.147188,0.354731,-0.064167,-0.409752,0.214706,-0.159099,-0.010633,-0.010762,-0.098040,0.024347,0.068202,0.112196,0.384189,0.000388,0.306952,-0.322638,-0.103554,-0.209570,-0.239011,0.021149,0.140067,0.203462,0.168668,0.225069,-0.070394,-0.260635,-0.391541,-0.119096,-0.039078,-0.006218,0.105207,-0.032486,-0.028493
0.005446,0.010781,0.187086,0.285076,0.118886,0.167329,0.066005,-0.171960,0.031291,-0.010868,0.071272,0.126026,0.293749,0.223666,0.001796,0.062252,0.002764,0.095307,-0.006418,-0.027044,0.142551,-0.018819,0.272244,-0.109861,-0.341866,-0.081399,0.162582,-0.119570,0.328233,0.447030,0.016661,0.069623,-0.037454,-0.058221,0.192770,0.043051,0.152106,-0.034744,0.510027,0.042993,0.309791,0.109578,0.009520,0.203726,-0.002014,0.072800,-0.019734,0.098694,0.048099,-0.076982,-0.450421,-0.042943,-0.193972,0.069927,0.201660,0.165343,-0.013641,-0.523248,0.042225,0.083832,0.022222,-0.233752,0.157282,0.004521,0.027267,0.019300,-0.149883,-0.119654,-0.287617,-0.370299,-0.000828,-0.276026,-0.046061,-0.170758,0.207067,-0.148332,0.062546,0.105155,-0.015342,-0.137896,-0.374355,0.068405,-0.265768,0.045529,0.171696,0.095346,-0.376843,-0.217296,0.035464,0.057307,0.070679,0.229750,0.151297,0.211970,-0.035922,0.509458,-0.171858,0.017148,-0.114142,-0.010513,0.046984,-0.013955,0.093299,-0.253794,-0.176119,0.027008,-0.099588,-0.110830,0.008279,-0.384553,0.252232,0.223656,0.202363,-0.230189,0.116653,0.266919,-0.047440,-0.107232,-0.114868,0.091242,-0.086470,-0.189495,0.009840,0.083604,-0.097785,0.040019,0.140413,0.074140
-0.009824,0.244903,-0.050244,0.000361,-0.127121,-0.231526,0.117364,0.049777,-0.269838,0.374169,0.172417,0.166041,0.248388,0.186685,0.418669,0.192077,-0.584293,0.192415,-0.285964,0.089317,-0.057732,0.002638,-0.166237,-0.122106,0.000358,0.261353,-0.036085,0.102860,-0.239420,0.141846,0.006986,-0.131229,-0.032303,-0.217571,-0.130129,-0.098532,-0.104206,-0.311142,0.384653,0.054121,-0.063632,-0.154143,-0.476753,0.303437,-0.000029,0.006560,0.004466,0.391496,0.063791,-0.271407,-0.220693,0.100249,-0.181401,0.000678,-0.115642,-0.121168,-0.131886,0.034905,-0.356943,-0.179506,-0.012397,-0.174956,-0.222822,-0.058471,-0.083296,-0.008233,-0.272357,-0.032710,0.099513,-0.132143,0.023281,-0.247946,-0.413519,0.175624,0.044998,-0.238904,-0.070391,-0.015320,-0.005667,-0.114256,0.542482,-0.058030,0.624869,0.203405,0.060062,0.049475,0.202672,0.302679,-0.037073,0.136829,0.095115,-0.035508,0.042712,-0.022528,-0.076060,0.066786,-0.194557,-0.048321,-0.145363,0.067847,0.110481,0.001003,-0.018380,0.083368,-0.146606,0.031427,-0.305785,0.005427,0.002785,-0.082847,0.422148,0.060247,0.037816,0.002203,0.004504,0.071048,0.122821,-0.038072,0.068258,-0.100246,0.029182,0.216291,0.120062,0.200580,0.013159,0.247442,-0.046225,-0.034947
0.172342,-0.022867,-0.103739,-0.101870,0.024756,0.016184,0.135632,-0.136560,0.141881,0.192681,0.173630,0.086111,-0.013451,-0.152757,-0.183645,-0.084192,-0.167202,0.049526,0.069048,0.142973,-0.031613,-0.010611,-0.033738,0.124885,0.059322,-0.036773,0.199384,-0.397841,-0.131248,-0.153164,-0.000334,0.012492,0.082577,-0.111083,-0.075374,0.133849,0.102634,0.034515,-0.139021,0.026782,0.023774,0.222519,-0.031642,0.039127,-0.008608,0.214204,0.003599,-0.150926,-0.012428,-0.033338,-0.223382,0.228820,-0.222381,-0.111821,-0.091864,0.107836,-0.133009,0.026957,-0.082421,-0.325006,1.024453,0.213307,-0.034557,-0.017978,0.056326,0.000982,0.130695,0.041605,-0.049907,0.130076,-0.006647,-0.100244,0.053275,0.122573,1.473119,0.079218,0.026253,0.099257,0.008564,-0.089232,-0.000267,0.246731,0.000636,0.029830,-0.182770,0.108363,0.027351,0.033355,0.369465,0.032863,0.028018,0.152835,0.011867,0.036277,0.283742,0.324879,0.116928,0.037654,0.020879,-0.108415,-0.041682,-0.004377,-0.210156,-0.273499,-0.038739,-0.150566,0.012795,-0.147670,-0.003074,-0.325551,-0.199349,-0.064908,-0.065849,-0.097239,-0.026223,-0.057795,-0.099521,0.163777,0.040175,-0.106467,-0.298790,0.413331,0.063085,0.207332,0.048596,-0.182306,-0.182607,0.103955
-0.084836,0.148833,-0.226453,0.055186,-0.155384,0.219114,0.028300,-0.068048,0.021477,-0.063448,-0.024533,-0.063839,0.027059,-0.118157,0.107592,0.079805,0.197670,-0.026574,0.075388,0.024175,-0.017863,0.002245,0.141930,0.039407,0.037629,-0.229095,-0.135841,-0.159610,-0.110817,-0.149088,0.005140,0.028542,0.112164,-0.067538,-0.137875,-0.017058,0.276108,-0.045319,-0.244795,-0.160604,-0.179476,-0.024861,-0.154190,0.234429,-0.006093,0.278004,-0.002244,-0.313015,-0.246324,0.024458,-0.186410,-0.079198,-0.209300,0.020413,0.121656,0.104449,0.171179,-0.144318,0.222152,0.392126,0.026471,-0.083353,0.053976,0.044431,0.041501,0.002974,-0.291670,-0.105297,-0.162569,-0.277377,0.004438,-0.006584,-0.076192,0.496589,0.055809,-0.045990,0.042412,-0.311289,0.002077,-0.289600,-0.057556,-0.104754,-0.116854,-0.238809,-0.071245,0.091287,0.106903,0.133302,0.367395,-0.021693,0.069944,-0.049760,-0.141314,0.140462,0.084160,-0.244299,0.181559,0.124997,-0.154579,-0.150864,0.170062,-0.002862,-0.771451,0.415863,-0.063136,-0.087739,0.221123,0.008045,0.000599,-0.082911,0.074095,0.680185,-0.138104,0.018829,-0.537785,0.020673,0.062683,-0.039005,-0.071777,0.188938,1.036791,-0.078602,0.032849,0.007053,0.004507,0.151996,-0.013312,0.095275
0.259790,-0.083183,-0.072523,0.455941,0.315796,-0.015569,-0.107963,-0.242727,0.377423,-0.245899,0.256323,-0.078862,-0.050549,0.017936,0.057878,-0.084131,-0.168294,0.093782,-0.138195,0.067924,0.023499,0.001657,-0.000332,-0.390834,0.038588,-0.213223,-0.214309,0.366396,0.321493,-0.084316,-0.013290,0.049183,-0.093104,-0.221416,-0.463753,-0.131452,-0.115468,-0.040287,0.258627,-0.161915,-0.322695,-0.070391,-0.220841,-0.141327,0.001843,-0.106864,-0.002899,0.433590,0.207283,-0.212266,0.023379,0.128402,0.128841,0.193143,0.374871,-0.016878,0.095741,0.393519,-0.017588,-0.007105,0.343914,-0.039517,-0.056343,0.003431,0.031229,-0.009115,-0.114139,0.009301,-0.260506,0.282110,0.006156,-0.126922,0.187015,-0.090098,0.250685,0.009971,0.043552,0.108979,-0.017744,0.080584,-0.277510,-0.118715,-0.109021,0.008756,0.300837,0.088661,0.188975,0.083129,0.090845,0.231739,0.017647,-0.195180,-0.127765,-0.032968,0.114030,0.222846,-0.206107,0.031167,0.245030,0.108942,0.136121,0.012324,-0.127777,-0.192407,-0.276972,-0.073589,0.551193,-0.078895,-0.005662,0.012545,-0.002069,0.081453,0.018917,0.143520,-0.125600,-0.040016,0.247985,-0.206876,-0.042776,0.147782,0.106280,-0.205769,0.228252,-0.111117,-0.046588,-0.157622,-0.077412,0.007164
-0.027376,-0.177414,-0.003036,0.103702,-0.055384,-0.029904,0.022320,-0.242265,-0.298406,0.006950,-0.143105,-0.011203,0.383607,0.047209,0.525526,-0.242249,-0.029901,-0.061007,-0.045148,-0.032182,0.030601,-0.004963,0.091223,0.157150,-0.145784,0.062668,0.062077,-0.232718,0.202029,0.027006,-0.011229,0.042048,0.143615,0.390081,0.092961,0.027644,-0.168615,0.092941,0.046026,0.016104,0.057070,0.078560,-0.283051,-0.155252,0.021357,-0.020070,0.023706,-0.027528,-0.260299,-0.066968,-0.092169,-0.249601,-0.106785,0.036769,0.288312,-0.039846,0.191362,0.007232,-0.000811,-0.151001,0.038202,-0.465636,0.095482,-0.009925,0.175322,-0.003089,-0.162029,0.011586,-0.196891,-0.207813,-0.008013,0.050612,0.228034,-0.104073,0.049727,0.059038,0.022894,0.256896,0.031656,0.022374,-0.017409,-0.030067,-0.179195,0.074340,-0.039489,-0.245042,-0.212796,0.248219,0.128817,0.031446,-0.234346,0.038930,0.105042,0.269589,0.088393,-0.116227,0.248105,0.158275,0.196464,-0.067376,0.121168,0.010063,0.104147,0.022221,0.350944,0.584695,0.224222,0.194526,-0.012877,0.628891,-0.109115,-0.023322,0.041478,0.137334,0.087224,-0.036463,0.261643,-0.126555,-0.309998,-0.116859,0.000776,0.118998,0.224562,0.129193,-0.066011,-0.003795,0.086731,-0.425649
0.032609,0.320551,0.161043,-0.142884,0.179920,0.277736,-0.063633,-0.051988,-0.114987,-0.079008,-0.223640,-0.075274,0.006724,0.868401,0.017154,0.175179,-0.666343,0.194495,0.009744,0.124423,-0.007006,0.006619,0.105291,-0.043806,0.431595,0.224068,0.121936,0.057133,-0.149197,-0.143712,0.008617,-0.103671,-0.113619,0.729462,0.153937,-0.148944,-0.167797,0.528208,0.023657,-0.109227,-0.088236,0.150534,-0.094977,-0.172555,0.010367,0.232558,-0.006642,0.073084,-0.370249,-0.212998,0.041831,0.047331,-0.119219,-0.142040,-0.154733,0.159924,0.251023,-0.035975,0.127953,0.095358,0.010300,0.093159,0.198138,-0.012857,-0.097585,0.005569,0.140731,-0.177529,0.022573,0.000874,-0.024428,0.008987,-0.022492,-0.303297,0.299015,0.282893,-0.066451,-0.086822,0.004682,0.210063,0.066864,-0.075486,0.151915,-0.050671,-0.021544,0.204234,-0.114649,-0.032283,-0.060718,-0.058220,0.014146,0.116041,0.083928,0.150192,0.006913,0.370233,-0.048854,0.083545,-0.041538,-0.099070,-0.024663,-0.012377,0.038119,0.068741,-0.050161,-0.279390,0.179923,0.684065,-0.009226,0.062542,-0.079026,0.192371,0.025024,0.282545,0.075161,-0.172866,-0.200611,-0.195065,-0.113665,-0.140862,0.178572,0.013553,-0.233288,0.064688,0.086791,-0.021409,0.147870,0.049067
0.008213,-0.471252,0.815236,-0.099095,-0.014832,-0.157224,0.183343,-0.122309,-0.108349,0.213592,0.030910,0.154243,-0.128996,0.206016,0.231492,0.003284,0.081743,-0.110354,0.193275,0.079879,-0.001586,0.004566,0.007720,0.034911,0.046012,-0.487275,-0.146434,-0.046991,-0.176819,0.316089,0.008110,-0.109187,0.070504,-0.020328,-0.055577,-0.131409,0.071163,0.655260,-0.252266,-0.236640,-0.209219,-0.098611,0.134666,0.044369,-0.009020,-0.060760,0.006783,0.314838,0.712373,0.162191,0.001453,0.084616,-0.091895,-0.056035,-0.175697,0.112831,0.179793,-0.081865,-0.068987,-0.026682,-0.029462,-0.236185,-0.061400,0.034090,-0.090105,0.004122,-0.124025,0.104045,0.009639,0.151972,-0.004676,-0.003232,-0.041335,0.006070,0.040311,-0.133345,-0.077495,-0.195227,-0.004278,-0.079794,0.112262,0.103072,-0.375699,0.069972,-0.070453,-0.052549,-0.196619,-0.194232,0.149236,0.005603,-0.188247,-0.029583,0.228650,0.111538,-0.008113,0.028036,0.352098,0.104205,0.407835,-0.115406,0.034081,-0.009851,-0.205420,0.013597,0.223612,-0.129653,0.029958,0.078796,-0.000659,0.011763,-0.118583,-0.128224,0.131706,0.123544,-0.113824,0.159271,0.203348,0.110856,-0.493357,0.016102,-0.183681,0.092407,0.311446,-0.214999,0.157766,0.063805,0.079150,0.032754
-0.123544,0.053549,0.041150,-0.027979,0.130597,0.110917,0.014561,0.088093,0.311975,0.184882,0.042765,-0.247547,-0.204406,0.203412,0.493204,0.073351,-0.170344,-0.021802,-0.005212,-0.114619,-0.026025,-0.007356,-0.017040,-0.230956,0.183172,0.117829,-0.002272,0.139600,-0.260712,0.157874,0.000302,-0.004794,0.105355,-0.066199,0.246990,0.092905,0.056836,0.314548,0.153808,0.170450,-0.164530,0.430344,0.011521,0.362023,-0.002534,0.112464,-0.002641,0.064506,0.134284,-0.092394,0.005817,0.075350,0.509017,-0.092352,0.344391,0.075794,0.282233,0.044732,0.076299,-0.014265,0.027739,-0.086320,-0.234459,0.024658,-0.075516,-0.001957,0.002834,0.136829,0.141404,-0.221249,0.019922,-0.051401,0.419333,-0.018965,0.106091,0.236964,0.008085,-0.021997,0.004734,0.087804,0.040494,-0.042795,-0.044074,-0.130641,-0.059393,0.901150,-0.166219,0.063916,-0.208095,-0.264289,0.373140,-0.140807,0.098827,0.116944,0.088781,0.129507,0.013358,-0.116562,0.026441,-0.164102,0.046996,0.009200,-0.046000,-0.118738,0.083294,0.099722,-0.181489,-0.273833,0.007785,1.101579,0.200202,0.063306,-0.038517,0.056448,-0.174072,-0.122536,-0.103624,-0.080983,-0.156808,-0.156920,0.176653,-0.036252,-0.306650,-0.184230,-0.048742,0.036839,-0.215749,-0.081405
-0.396665,0.022943,-0.070250,-0.056677,0.056593,0.091963,-0.445002,-0.104042,-0.115429,0.093995,-0.024717,0.225817,-0.048457,0.058942,-0.210856,0.054245,0.043215,-0.304260,0.016814,-0.008303,-0.001998,0.011528,-0.142456,0.280355,0.029371,0.282968,-0.079371,0.173858,0.087967,0.151797,0.011575,-0.042715,0.508255,0.006268,0.110977,0.145611,0.575434,-0.217281,0.309796,0.088180,0.126449,-0.079150,0.130777,-0.021974,-0.000010,0.236963,-0.007152,0.128677,0.096383,0.131650,0.235551,0.466403,-0.013070,0.006370,-0.312442,-0.032155,-0.183266,-0.171813,0.005109,-0.284832,0.195208,-0.078795,0.225770,-0.028299,-0.062387,-0.006075,0.114347,-0.011861,-0.068622,-0.122646,0.006971,0.216830,-0.101179,-0.529975,-0.143322,-0.127959,-0.119808,0.119645,0.003607,0.042801,-0.110821,0.303076,-0.166209,0.115330,-0.043080,0.130723,0.117838,0.276193,0.081997,0.138275,0.250474,0.057873,0.248605,-0.215798,-0.054603,0.024045,0.258579,-0.045341,-0.154548,0.070009,0.072246,-0.002844,0.328643,-0.173527,-0.024317,0.071019,0.498901,-0.175376,0.001953,0.073943,-0.118344,0.252037,0.528777,-0.193598,-0.477536,-0.105689,0.457400,-0.152095,0.219455,0.100150,0.609321,-0.001209,-0.024505,0.014098,0.015285,-0.131604,0.123419,-0.429164
0.139280,-0.108759,-0.088081,0.039839,-0.355412,0.122335,-0.173728,-0.066955,-0.084844,0.171388,0.109248,0.035471,-0.160877,0.323660,-0.341573,-0.072913,-0.200836,0.277674,-0.194923,0.117919,-0.071025,0.005251,0.132650,-0.172969,-0.038916,-0.093371,-0.120585,-0.009090,-0.023421,-0.074993,0.010946,-0.006395,-0.095433,-0.120571,0.077704,-0.003999,0.050251,0.335213,0.025969,0.036014,-0.247228,0.009161,0.758045,0.124869,0.004515,0.188563,-0.000192,-0.350232,-0.116709,-0.072054,0.085080,0.260316,0.393040,0.138622,0.036109,-0.128713,0.299857,-0.081759,0.140277,-0.113060,0.063851,-0.349262,-0.069678,-0.022102,-0.010042,-0.007293,-0.243362,0.151157,0.078647,-0.279853,0.004797,-0.030542,0.041414,0.033416,0.045074,0.009848,-0.029975,0.119134,0.006737,-0.052083,-0.399140,-0.195171,-0.055759,0.293667,0.140078,-0.059542,-0.150059,0.343506,-0.105835,0.023126,0.294190,0.085565,-0.044566,0.096077,0.222465,-0.184678,0.047395,-0.048072,-0.072558,0.876930,-0.017593,-0.004090,0.004574,-0.043874,0.061734,0.152069,0.083291,0.419981,0.006292,-0.443812,0.382765,-0.383511,0.092894,0.280037,0.038720,-0.096952,-0.139966,0.164791,-0.029656,0.133308,0.039363,-0.142658,0.094417,0.184347,-0.000682,-0.112716,0.141388,-0.081054
-0.062985,-0.112444,0.022275,-0.387981,-0.260238,0.049582,0.171084,0.185092,-0.203581,0.280793,0.087739,0.273504,0.057882,0.008717,0.107040,0.070478,0.075305,0.311164,0.028021,-0.014171,0.057435,0.002621,0.123659,0.039114,-0.133346,0.172156,0.091772,0.492784,-0.096570,-0.102735,0.009002,-0.061350,-0.107636,0.128661,0.049294,-0.072790,0.402258,0.236046,-0.422953,-0.631916,0.309769,0.016827,-0.002543,0.237328,-0.003097,0.007163,0.012752,0.025621,0.012969,-0.116620,-0.472093,0.201652,0.067742,-0.120900,-0.112941,0.060090,0.131279,-0.006947,-0.185758,-0.071654,0.091904,0.063468,-0.127836,-0.041163,0.068499,0.001879,0.445064,-0.056495,-0.002165,0.166614,0.023503,-0.101379,0.306421,0.179791,0.067091,0.057083,0.021477,0.847574,0.006154,0.602952,0.069026,0.345669,0.057159,-0.129984,-0.045077,0.018378,-0.123618,-0.188783,0.382792,-0.083611,0.086157,-0.083253,0.145321,-0.015821,-0.076868,-0.353600,0.139411,-0.001787,0.217833,0.228100,0.201859,0.014827,0.415856,0.200370,-0.119749,-0.109063,-0.079938,-0.035111,0.008524,-0.113252,0.222366,0.151335,-0.218124,0.134734,-0.226220,0.164037,-0.253148,-0.042704,0.229036,0.046723,0.107238,-0.278373,-0.053853,0.003864,-0.056111,-0.187785,0.094934,-0.101446
0.114582,-0.189741,0.105530,-0.067163,-0.275687,0.076348,-0.101198,0.120897,-0.195893,-0.090535,-0.201431,0.024666,-0.002719,0.064550,0.414380,0.006787,0.391015,0.085364,-0.088100,-0.097224,0.098402,0.005718,0.008955,0.228825,-0.116502,0.063695,0.020180,0.000850,0.358076,-0.121532,0.003618,-0.006582,0.405167,0.472229,-0.125344,-0.018591,0.025105,0.146745,-0.005774,0.133110,-0.190681,0.066895,-0.003136,-0.289941,0.005879,0.261544,-0.026049,-0.108762,-0.029256,0.051309,0.009059,0.240853,-0.056618,0.035686,-0.012379,-0.023580,-0.026245,0.022910,0.068199,0.194394,0.509100,-0.258983,0.025519,-0.027955,-0.014244,-0.004560,0.288377,0.273646,-0.026520,0.205440,-0.001447,-0.756896,-0.032541,0.004663,-0.265022,-0.278367,0.106706,-0.096399,-0.010492,0.149037,-0.072132,-0.057063,0.095246,0.272602,0.052274,-0.137062,0.385238,0.158105,-0.216242,0.376740,-0.087327,0.182624,-0.061573,-0.230539,-0.031980,-0.025869,0.060505,0.256931,-0.023442,0.200376,0.243468,-0.009127,0.191827,0.285999,-0.250494,-0.525888,-0.013501,-0.083166,-0.009677,0.432855,0.122701,0.076450,-0.081828,0.212400,0.166271,-0.027864,0.052191,0.098576,-0.158337,0.120324,-0.040631,0.264566,-0.145628,0.371675,0.017415,0.096696,0.025226,0.233471
-0.077093,-0.062636,0.000010,0.223359,0.239032,-0.099584,-0.279228,0.085055,0.050695,0.116603,0.187590,0.010866,-0.018290,0.272812,0.091913,-0.185535,0.021215,0.068169,0.169492,0.066978,-0.012409,0.006908,-0.056345,-0.093486,-0.174805,0.182909,0.026999,0.773480,-0.181578,0.010030,-0.003488,0.093833,-0.125132,0.072713,-0.164437,-0.023723,0.023902,0.091223,-0.195032,-0.302064,0.033399,-0.010908,-0.086072,-0.094595,0.010902,-0.049424,-0.002071,-0.092143,-0.407064,0.077591,0.105369,0.237670,-0.187041,0.252728,0.554368,-0.002935,0.130142,0.157839,-0.107151,0.003062,-0.160685,-0.033366,0.213229,-0.046715,-0.104538,-0.004235,0.320221,-0.054492,-0.209849,0.003497,0.010735,-0.016677,-0.306582,0.327845,0.010299,0.126839,-0.005969,-0.095535,-0.000403,-0.258967,-0.153694,1.216403,-0.091444,0.128300,-0.232062,-0.091101,-0.001288,-0.013283,-0.248747,0.111041,0.037661,0.251701,0.342466,-0.263416,-0.016173,0.098589,0.378344,-0.081692,-0.145529,-0.121693,-0.019856,0.000739,-0.236377,0.078107,-0.104732,0.177945,-0.189394,0.072773,0.003419,-0.138691,-0.354218,-0.056387,-0.068672,-0.085136,-0.180903,-0.198404,-0.216426,-0.134526,0.014976,-0.074877,-0.046378,0.060915,-0.031691,-0.071497,-0.094500,0.170516,0.106248,-0.011361
0.158073,0.195403,-0.009974,0.147176,0.021400,-0.125256,-0.053119,0.080639,0.382001,-0.233741,-0.056422,-0.142940,0.020013,-0.005230,0.196320,0.210416,0.271219,0.099524,0.176503,-0.027323,-0.013708,0.014926,0.007592,0.098881,-0.000287,-0.009796,-0.003759,0.021478,-0.100783,0.043021,0.001229,-0.041897,0.050704,0.018860,-0.037929,0.057281,-0.033184,-0.061067,-0.020201,0.056167,-0.065642,-0.114529,-0.006897,0.053930,-0.008497,0.395191,-0.008642,0.293430,-0.005968,-0.143742,-0.601749,0.313867,0.315792,0.065716,0.061183,0.024686,-0.205289,0.356815,-0.042418,0.232516,-0.222361,0.112132,0.633866,-0.012994,-0.158516,-0.017373,-0.042403,-0.045509,0.119903,0.184270,0.016715,-0.002210,0.181024,0.079909,0.027171,0.074165,-0.037685,-0.030274,-0.011970,0.387412,-0.341040,0.020582,-0.079605,-0.150631,0.190989,-0.000301,-0.020666,-0.058586,0.030073,-0.269188,-0.154856,0.338905,-0.345751,0.140578,0.036377,0.147091,-0.076873,0.053322,-0.159300,0.113638,-0.128261,-0.004443,-0.037580,-0.063955,-0.123960,0.134366,0.032889,-0.027472,0.006541,-0.037505,-0.035821,-0.188262,-0.062498,-0.205603,-0.312940,0.219716,0.399315,0.199011,-0.112984,0.684559,-0.263368,0.235847,-0.227875,0.020962,0.059794,-0.003605,0.103037,-0.223687
0.031970,-0.249383,-0.279044,0.180955,0.200512,0.000763,-0.269434,-0.114411,0.113020,-0.072981,0.417685,0.158844,0.013305,-0.189713,0.561474,0.038693,0.254952,-0.000600,0.069931,0.087732,0.038246,0.020630,-0.030720,-0.282085,0.088994,-0.069365,-0.158890,-0.118215,-0.148950,-0.115101,0.018118,0.006418,-0.259081,0.494212,0.184058,0.036066,-0.256388,-0.318560,-0.068341,-0.002506,0.254444,-0.031514,0.266434,0.142835,0.006386,0.080242,0.003496,0.392854,-0.033027,-0.211491,0.124640,0.067918,0.025420,-0.165995,-0.205767,-0.129889,0.475170,0.122456,0.144093,0.155298,-0.006406,0.183570,-0.278929,-0.042052,-0.049322,0.002940,-0.065726,0.203472,0.172198,-0.363633,-0.009172,-0.080101,0.184328,0.144587,0.041804,0.196110,-0.019443,-0.036203,-0.000189,-0.087606,-0.081772,0.134066,-0.014507,-0.110632,-0.136804,-0.333145,-0.042081,0.055456,-0.130168,-0.230149,0.329977,-0.202357,0.314377,0.339326,0.125172,0.078976,-0.116024,0.009045,0.124055,0.156591,0.075167,-0.015281,0.248449,-0.074863,0.005282,-0.107918,0.046004,-1.020890,0.008133,-0.101426,-0.176560,0.096558,0.202619,-0.030916,-0.079552,0.115089,0.093992,0.424495,0.209412,-0.357766,0.011265,-0.123448,0.093731,0.019448,0.070518,0.146042,-0.309670,-0.168949
0.089726,-0.093167,-0.046417,0.073899,-0.338138,0.125331,0.125969,0.020453,0.149437,-0.022622,0.088978,0.221086,0.116573,-0.142425,0.100759,-0.092176,-0.051143,0.199992,0.083883,-0.088214,0.037883,0.002334,-0.012715,0.078382,-0.141306,-0.028898,0.175506,0.214893,-0.029561,0.010848,0.002032,-0.033371,-0.130019,-0.010792,0.069990,-0.057789,0.188816,0.203108,0.513808,0.741463,0.227678,0.051734,-0.275274,0.014206,-0.009347,-0.058746,0.001076,0.067718,0.038233,-0.313543,0.274859,0.263870,0.043238,-0.147479,-0.060086,-0.150092,0.062725,-0.113204,-0.148132,0.033634,0.235631,-0.091340,-0.049473,-0.006325,0.073386,-0.005284,0.490104,-0.133066,0.052302,-0.236061,-0.004613,0.175918,0.028873,-0.076726,0.033640,0.086535,-0.003167,-1.597272,-0.011284,0.166322,-0.103443,0.332934,-0.070432,-0.326286,-0.004147,-0.150662,-0.222263,0.013361,0.409444,-0.122331,-0.141139,-0.082752,-0.209527,0.040423,-0.051058,-0.199050,0.206376,-0.014805,0.322327,-0.016027,0.084321,-0.010791,0.394275,0.320088,-0.069447,-0.002675,-0.044748,0.171327,-0.004875,-0.071368,0.008100,-0.138387,-0.099629,-0.191628,-0.021162,0.106431,-0.212439,0.121329,0.010374,0.161494,-0.099729,0.014181,-0.146281,-0.097594,-0.048330,-0.237393,0.132775,-0.017227
0.279123,-0.028163,-0.111225,0.069946,-0.046562,0.083601,0.331152,-0.002559,0.013187,-0.122072,-0.061311,-0.045417,-0.074022,0.114794,0.113269,0.072969,-0.122800,0.381695,-0.021698,-0.048147,-0.027812,0.005333,-0.017160,0.113017,-0.017524,-0.188470,-0.231440,-0.180712,-0.216281,0.083621,-0.010293,0.025922,-0.075149,-0.151575,0.076096,0.146000,0.083794,0.122111,-0.127150,0.209632,0.050847,-0.023305,-0.130925,0.064742,0.000797,-1.514372,-0.006826,-0.087335,0.148873,0.257532,0.147969,0.034031,-0.265752,-0.172091,-0.019897,0.057516,0.142378,-0.122841,0.180804,-0.020198,0.078014,0.092562,0.125008,-0.016581,-0.040127,-0.001614,-0.065209,0.055122,-0.074651,-0.177588,-0.012018,-0.240647,0.179456,0.287997,-0.026446,-0.035721,0.016509,0.182638,-0.011943,0.444593,-0.170982,-0.080299,0.127398,-0.197763,0.089307,-0.023973,-0.161092,0.174390,0.486988,0.048584,0.129305,0.102876,0.152428,-0.207790,-0.022638,0.228511,0.121664,-0.004800,-0.142477,0.130038,-0.079105,0.001777,0.223167,-0.077466,0.087982,0.145100,0.116578,0.070016,-0.004744,-0.044051,-0.202216,0.691667,0.185349,-0.198190,0.184349,-0.145348,-0.032453,-0.111767,0.068670,0.233764,0.381695,-0.026638,-0.240217,0.060212,0.024164,-0.002138,-0.047739,0.246345
-0.054131,0.110666,0.076602,0.065544,-0.048923,0.196017,0.058832,0.530595,-0.071460,0.350915,0.241428,0.155366,0.017538,-0.102129,-0.204461,0.190561,-0.081497,-0.021815,-0.277295,0.003429,-0.061374,0.002989,0.257740,0.049265,-0.193074,-0.079374,-0.068086,0.094760,-0.006862,0.048024,-0.005287,0.081664,-0.041939,-0.103202,-0.287440,0.139356,-0.113713,0.082379,-0.102237,0.216588,0.132713,0.009978,-0.180733,-0.169423,-0.002687,-0.102100,-0.006127,-0.208404,-0.348088,-0.269644,-0.091999,0.330653,0.126659,0.138039,0.781286,-0.064429,-0.041135,0.378769,0.140819,-0.161922,0.016842,0.001974,-0.018118,-0.021274,-0.059902,-0.007711,0.002202,-0.063400,-0.040314,-0.016106,0.012770,0.069366,0.200388,0.206097,-0.089084,0.111171,-0.033507,-0.217762,-0.005972,-0.306750,-0.127439,-0.048430,0.047292,-0.173510,-0.024849,-0.162502,0.307962,0.064419,0.111251,-0.221218,-0.004846,0.120798,-0.075483,0.002846,-0.031331,-0.123917,0.260554,-0.019315,0.174703,0.108927,-0.240822,0.002284,0.195570,-0.260800,-0.012746,-0.427723,0.129701,0.030200,0.000143,0.383996,0.204389,0.280282,0.213744,0.293723,0.094556,-0.387912,0.283928,-0.034241,0.319708,-0.060019,-0.357118,-0.018878,0.269648,-0.065944,0.073287,0.044355,-0.024592,0.001720
-0.091943,0.134502,-0.184963,0.211241,-0.096160,0.107414,0.438823,0.060431,0.325851,0.174029,-0.180161,0.043649,0.023015,0.201935,-0.058743,0.089495,-0.124482,0.176881,-0.100538,0.182978,-0.014844,-0.000012,-0.094232,0.314731,0.042609,-0.257213,0.232019,0.513597,0.191890,0.030119,-0.008976,0.011429,0.487275,0.024685,-0.019050,0.087943,-0.275187,0.049642,0.079388,0.122591,0.387873,0.088805,-0.073983,-0.044835,-0.005763,0.009248,-0.002300,-0.029517,-0.170720,0.001999,-0.378230,0.095835,-0.024776,0.125826,-0.137122,0.088921,-0.242524,0.017414,0.306385,0.097381,-0.205833,0.037117,0.151208,-0.020052,-0.107268,-0.000975,0.164659,-0.183758,-0.022494,-0.161301,-0.003551,0.253199,-0.182271,0.264693,-0.083849,-0.235852,-0.179477,0.270223,0.004913,-0.261389,-0.046927,-0.127992,0.047016,-0.040534,-0.264668,-0.088147,-0.266020,0.294623,-0.311295,0.254866,0.404347,-0.015733,0.114640,0.160471,-0.107588,0.209498,-0.088685,0.204225,0.322785,-0.129886,-0.065827,0.004287,-0.151867,0.030606,0.362858,0.051084,-0.124989,-0.052800,-0.011107,-0.046519,-0.369601,-0.147108,-0.041038,0.113229,0.168855,0.238680,0.158121,0.175812,0.187187,0.101982,-0.201070,-0.209798,-0.354840,-0.038943,0.096273,0.139941,-0.218294,0.039325
-0.242791,0.007927,0.333182,0.191898,-0.142492,-0.002325,0.237543,-0.155914,0.254414,-0.080980,0.351813,0.010789,0.228970,-0.268310,0.097939,0.075554,-0.378654,0.162940,0.109491,-0.010687,-0.002675,-0.014564,0.035087,-0.035823,-0.043085,0.399931,-0.020898,-0.209664,0.140561,-0.060764,-0.028922,0.026066,-0.059898,0.273380,-0.102786,-0.003212,0.596956,-0.027350,0.240411,-0.314350,-0.304874,0.038677,0.151164,-0.574816,-0.014067,-0.113281,-0.002740,0.123336,-0.218787,-0.053677,-0.382383,-0.209199,-0.024522,0.023166,0.111393,-0.009562,-0.034375,-0.067332,0.054985,0.151792,0.105039,0.102275,-0.037855,0.020584,0.019472,-0.031344,0.065877,0.257828,0.089882,-0.133820,-0.018637,0.222452,-0.188957,-0.075444,-0.183450,0.206166,-0.002218,-0.086045,-0.008160,0.271643,-0.026364,0.022352,0.202366,0.290339,-0.077428,0.226705,0.087798,0.044007,0.454118,-0.136990,-0.027366,0.091165,-0.106439,-0.017902,0.066201,-0.180976,-0.119478,0.078017,-0.168890,-0.031603,0.020116,0.004831,0.140802,0.131655,0.004235,0.007155,-0.009405,-0.266382,-0.023098,-0.092783,-0.096490,-0.263773,0.005290,0.003927,-0.175165,0.260893,-0.159619,0.041583,-0.099097,-0.500485,-0.009789,-0.240086,-0.314637,0.074742,0.042871,0.333062,0.136229,0.126272
-0.074208,0.303300,0.073312,0.155012,0.516835,-0.063747,0.241644,0.022664,0.025681,0.036740,0.308544,0.297420,-0.155508,-0.168498,-0.075670,0.359384,-0.101433,-0.246856,0.002764,0.062892,-0.020106,0.014801,-0.069936,0.159726,-0.026719,-0.014580,-0.307964,-1.282557,0.151784,-0.047665,-0.008163,0.020580,0.429914,0.064747,0.381831,-0.176532,-0.193911,0.233359,0.029364,0.620398,0.177754,0.080225,-0.017040,0.041095,0.010858,0.126964,0.010020,-0.083403,-0.033085,0.109625,-0.218308,0.186758,0.091462,0.206941,0.410753,-0.063563,-0.067746,0.246649,-0.166022,-0.237674,-0.164783,0.109759,-0.102981,0.041893,0.040886,0.010307,0.535498,0.136442,-0.033555,0.355807,0.015025,-0.072855,0.151517,0.073539,-0.130913,-0.114125,-0.049324,0.135233,0.006043,0.086067,-0.206643,0.343745,-0.074037,0.044797,-0.077995,0.024674,-0.231012,-0.143754,0.030163,0.014900,0.107775,0.004308,0.336410,-0.008420,-0.001852,-0.367154,-0.311329,0.037465,-0.369070,0.109988,0.093680,0.011454,-0.090990,0.219314,0.153558,-0.038940,-0.104215,0.052594,0.015536,-0.049195,-0.063639,-0.198435,0.030713,0.147689,0.109378,0.112071,-0.160488,-0.108165,0.039518,-0.003116,0.240064,0.047262,-0.055219,0.122301,0.072547,0.006850,0.177216,0.031005
-0.020251,0.662636,0.216755,0.094890,0.080156,0.012928,0.107352,0.388691,0.087315,-0.065526,-0.153761,-0.367086,0.198850,-0.005450,-0.001891,-0.055502,0.048161,0.063799,0.608152,-0.092666,0.028786,-0.003722,-0.029876,0.130755,-0.224205,0.350613,0.276295,0.091965,-0.195043,0.018920,0.000931,0.011656,0.013745,-0.008748,0.024989,-0.106199,0.009090,-0.433525,-0.098054,0.009043,-0.087048,0.094994,0.258812,0.078408,0.001395,-0.115005,-0.004908,-0.324700,0.062111,0.015932,0.104037,0.132622,-0.012898,-0.240267,-0.242717,-0.030277,0.122770,0.072971,0.272336,-0.100353,0.109311,-0.121397,-0.097678,-0.000803,0.018383,-0.000170,-0.156820,0.268028,-0.294467,0.439512,-0.005620,0.253031,0.018991,-0.089616,0.139293,0.049163,0.071521,-0.115627,-0.007584,-0.156599,-1.094898,-0.216656,0.601911,0.318207,0.096674,-0.102605,-0.113141,-0.004320,0.139902,-0.128129,-0.188503,-0.130880,0.489994,0.114700,-0.082698,0.222638,-0.136398,0.098392,0.042441,0.080973,0.143329,-0.013026,0.005876,-0.062081,0.090709,0.062049,-0.288155,-0.014335,-0.017915,0.124522,0.173677,-0.032670,0.156956,0.030685,-0.125540,0.095396,0.223770,-0.020456,0.037051,-0.056548,-0.143301,0.256220,0.113774,-0.151050,-0.038691,-0.081318,-0.093295,-0.011829
-0.279095,-0.063211,-0.214948,-0.052291,-0.424364,0.302353,-0.314546,-0.262479,0.196918,-0.020202,0.145484,-0.087213,0.279709,-0.227332,0.263252,0.045994,0.137380,-0.087927,-0.006005,-0.112574,0.009675,-0.028756,-0.026656,0.254475,0.317162,-0.372662,-0.025110,-0.265288,0.346063,0.179139,0.005468,-0.212999,-0.065208,0.038118,-0.471633,0.000906,-0.113087,0.104375,0.138752,0.326825,-0.014584,0.001687,-0.115239,-0.191306,-0.009717,-0.064663,-0.008067,-0.024701,0.173083,0.087829,0.193483,0.284322,0.029890,0.007451,-0.326070,0.062930,-0.027074,0.449090,0.097417,0.088642,0.371107,0.043902,0.411218,-0.012558,-0.007992,0.002210,-0.103046,-0.075745,-0.199038,0.058149,0.004460,0.226859,0.117989,0.093822,-0.161534,0.041861,-0.034297,0.503993,-0.001556,0.103572,-0.192017,0.182395,0.274305,0.029547,-0.008599,0.179388,0.305440,-0.160625,-0.250928,-0.194421,-0.328739,0.201631,0.242962,0.064311,-0.012378,0.172812,-0.060777,-0.064405,0.180351,-0.025810,-0.050151,-0.022041,-0.161594,0.211685,-0.009487,-0.249124,-0.092824,0.133011,-0.003480,-0.105117,0.178736,-0.118921,-0.002613,0.150107,-0.168407,-0.118683,-0.172922,-0.146386,0.089440,-0.334407,0.103176,-0.388179,-0.063429,-0.201946,0.004380,0.364606,0.197744,-0.027953
0.243091,0.189884,0.098862,-0.110916,-0.038821,0.068328,-0.225592,0.075358,0.306915,0.394347,-0.361694,-0.053937,-0.077500,0.012218,-0.152486,0.021211,0.032787,0.159193,0.170630,0.045536,0.048761,-0.006770,0.314159,-0.122919,0.088470,-0.031489,-0.070644,0.025808,-0.150374,0.123216,-0.009418,0.110170,-0.093912,-0.381087,-0.030889,0.008250,-0.038826,-0.138638,0.125072,-0.026127,0.040797,0.619759,0.051377,-0.193198,0.004153,0.045835,0.015610,-0.142028,0.125815,-0.112393,-0.005861,0.052151,0.120015,-0.095621,-0.048764,0.101295,-0.040118,0.274846,-0.048824,-0.097699,0.332976,0.064725,0.053714,0.079031,0.051535,0.015967,0.229835,-0.003080,0.570032,-0.205908,-0.018756,-0.244382,0.248066,-0.024748,-0.890197,-0.204838,0.122402,0.104334,-0.000353,-0.081507,0.059013,0.209648,-0.039432,0.001405,-0.158829,-0.005239,0.104348,0.201810,0.090815,0.429852,-0.126449,0.016873,0.120976,0.615115,0.193426,0.288768,-0.068615,-0.021199,0.218440,-0.125873,0.086998,-0.007309,-0.018383,0.331369,-0.088329,0.041753,0.322961,-0.013377,-0.010360,-0.497380,-0.023508,0.044234,-0.130871,-0.059506,0.194735,0.072125,0.191240,0.222462,-0.013938,-0.295988,0.095382,0.093864,0.085974,-0.097968,0.045775,0.049822,0.106955,0.060437
0.018438,0.113197,0.135863,0.144050,-0.163821,-0.085394,-0.558492,0.237205,-0.129294,0.246815,-0.230603,0.034634,0.017703,-0.071776,0.046394,0.081425,0.226442,-0.035115,0.012868,-0.072747,0.096892,0.007345,0.095907,0.005592,-0.124508,0.071414,0.036714,0.039894,-0.216970,0.069944,0.016119,-0.025167,0.112404,-0.061903,0.310422,-0.131287,0.020761,0.081055,0.064886,0.198567,-0.212507,0.024903,-0.220970,-0.543615,-0.003671,-0.058981,-0.008911,-0.141375,-0.003872,0.138237,0.078117,-0.185929,-0.467219,0.152709,-0.031220,0.033345,-0.179011,0.239766,0.111288,0.214201,-0.415093,-0.216369,0.080607,0.047668,0.091804,0.003121,0.040514,-0.080915,0.383730,-0.374235,-0.002545,0.161426,0.056534,0.120676,1.317715,-0.130162,-0.028343,0.213592,-0.013244,0.098205,0.058499,-0.026411,0.042309,-0.049590,-0.047940,-0.062912,0.182927,0.188586,-0.470281,0.369479,-0.284977,-0.006904,0.055111,0.111556,-0.318691,-0.177181,-0.027450,-0.058326,0.019079,0.056494,0.166566,0.012090,0.263596,0.110693,0.020402,0.059506,0.128528,-0.123657,0.009014,0.091531,0.127166,-0.171556,-0.121039,-0.166524,-0.040984,0.004695,0.135932,0.000577,0.120532,-0.004826,0.124684,-0.145596,-0.041189,-0.375191,0.042539,0.178746,0.285609,0.164770
0.128654,0.072068,0.200405,0.086448,0.139436,-0.041882,-0.026770,-0.212143,0.113077,-0.298814,0.023803,0.435159,0.408015,-0.130469,0.151233,-0.099514,0.346637,0.165877,-0.416806,0.056391,0.016047,0.013210,-0.283618,0.430062,-0.132715,-0.074407,-0.139145,0.333154,-0.173359,-0.018492,-0.006921,-0.017903,-0.231463,-0.372591,0.025642,0.036524,0.003274,-0.016346,0.196253,0.233626,-0.017133,0.111671,0.081167,-0.249973,0.009858,0.210775,0.006920,-0.020782,-0.115810,0.189202,0.409346,-0.301748,-0.149843,-0.108841,-0.165877,-0.089147,0.367943,-0.107503,0.121758,-0.126086,0.260150,-0.042733,0.092892,0.049938,-0.065151,0.005007,-0.321410,0.240305,-0.055914,-0.003477,0.002971,0.271711,0.244540,0.548613,-0.021917,0.566994,-0.065923,0.256671,0.011556,0.159512,-0.211916,0.125490,-0.044634,0.082540,0.052852,0.255413,0.059847,0.168955,0.113883,0.077978,-0.052931,-0.172657,0.011225,-0.192671,-0.154168,-0.026820,0.168420,0.052334,0.098775,0.011205,-0.081569,0.026123,-0.269529,0.446660,0.050269,-0.063888,0.106020,0.051793,0.017827,0.231223,-0.007164,-0.173959,0.356618,0.237889,0.559355,0.307407,-0.247482,-0.021137,0.347122,0.138141,0.100230,0.208480,0.115610,0.235835,0.021296,-0.230182,-0.030065,-0.073991
0.137167,0.088102,-0.050220,-0.099904,0.042268,0.394341,0.026557,0.211688,-0.088156,0.020623,0.252626,-0.112998,-0.371276,-0.166073,0.397249,-0.079028,-0.148453,0.486598,-0.020673,0.163698,0.028927,-0.017906,-0.125486,-0.141735,-0.157934,0.155866,0.055458,-0.042693,0.837827,0.077549,0.018244,0.010238,-0.096111,-0.155257,-0.061393,-0.170566,0.442791,-0.224044,-0.309344,0.187605,-0.176624,-0.161276,0.154156,0.170765,-0.000706,0.080420,0.004642,-0.147917,-0.059519,0.082630,0.148681,-0.035304,0.162963,0.047718,0.191037,-0.140643,-0.246425,-0.081034,0.085935,0.130126,-0.274041,0.007353,-0.055182,0.044900,0.071645,0.018054,0.083732,-0.000356,0.176252,-0.032897,-0.017026,-0.448384,0.159290,-0.152621,0.286415,-0.019080,-0.032185,-0.055523,-0.000051,0.079662,-0.057475,0.186765,0.054607,-0.022724,-0.174900,-0.195447,0.137408,-0.010645,-0.092146,-0.180250,0.028944,-0.045386,-0.069049,0.044865,-0.001784,0.271432,0.204374,-0.039048,0.231204,0.079309,0.082757,-0.003761,-0.160070,0.211980,0.084299,-0.190905,-0.255839,0.154465,0.003004,-0.060836,-0.124172,-0.026785,0.262837,0.114745,0.258007,-0.056446,0.322639,0.085966,-0.278756,-0.165505,0.177677,0.149150,-0.123805,0.197358,0.008365,-0.204805,-0.135757,-0.359759
0.039483,-0.046000,-0.057576,-0.014488,-0.165128,0.476455,-0.096540,0.091483,-0.151099,0.085287,0.060229,-0.093184,-0.199109,0.421375,0.101325,-0.208869,-0.389775,-0.322324,0.242629,-0.164178,0.047125,-0.005929,-0.006765,-0.198787,-0.734084,-0.018641,-0.498344,-0.057456,-0.078855,-0.331716,0.005454,-0.027447,0.021542,-0.245244,-0.153264,0.012395,-0.231016,0.537171,0.147318,0.140695,-0.025684,0.190817,0.103319,0.004746,0.008658,-0.171482,-0.001764,0.108805,-0.208768,0.207898,-0.057821,-0.089293,0.026817,-0.085418,-0.057076,0.421287,0.014024,0.069903,-0.287345,0.054863,-0.021994,0.189816,0.103713,-0.035197,-0.077199,0.017791,-0.327976,0.179415,0.328272,0.027097,0.014950,0.200685,-0.011781,0.154310,-0.083854,0.345664,-0.110419,-0.111780,-0.000429,0.140410,0.030586,-0.019364,0.431033,-0.184328,-0.162775,-0.039255,0.160874,-0.085665,-0.069449,0.191570,-0.007634,0.098865,0.105175,-0.412830,-0.233761,-0.262516,0.065149,0.231518,-0.146157,-0.084126,-0.036628,-0.017690,-0.110875,0.090771,0.019314,0.409363,0.392414,-0.314840,0.008628,-0.319031,0.161734,-0.069644,0.142129,0.038059,-0.080989,0.088043,0.379484,0.282419,-0.147827,-0.240627,-0.309754,-0.058963,-0.307442,0.168800,-0.047747,-0.042473,0.046556,-0.152914
-0.241038,0.349041,0.064499,0.192346,-0.098776,0.127456,0.288526,0.174154,0.079459,-0.130697,-0.016931,-0.174449,-0.015513,0.094288,0.222098,0.353640,0.308921,0.012316,-0.381501,0.446540,0.034777,-0.001785,-0.015677,0.103907,0.041403,-0.139697,-0.016724,-0.106535,-0.579155,0.273172,-0.000524,0.104786,-0.203366,-0.027399,0.072991,-0.054835,0.142562,-0.024803,0.117943,0.135631,-0.219126,-0.009615,0.184836,-0.281521,-0.006845,0.085538,0.017870,0.195250,-0.106303,-0.015620,0.026345,0.230668,0.073755,0.162636,0.115499,0.306779,-0.201632,-0.393490,-0.120329,0.164136,-0.045363,0.011915,0.192109,0.001263,-0.104875,-0.003987,0.158856,-0.162245,0.091338,0.240076,-0.003021,-0.231853,-0.531757,-0.207989,0.136019,0.132954,-0.061777,0.130226,-0.015203,-0.191572,0.046166,0.030529,-0.036906,0.279534,0.120613,0.152816,0.229823,-0.026305,0.407864,-0.192017,0.028169,-0.100898,0.013875,0.220250,0.104698,-0.315578,-0.112798,-0.231911,0.128900,0.265344,0.006369,0.002822,0.216824,0.479106,0.164420,0.459514,0.200795,-0.037199,-0.002565,0.187103,0.196247,0.174742,0.012879,-0.095619,0.154349,-0.035431,0.450665,-0.038817,-0.097969,-0.126466,-0.099982,-0.427826,0.276984,-0.115010,0.069495,-0.005089,-0.002023,-0.003431
0.025496,-0.136364,-0.261518,0.104698,0.223184,0.217334,0.082366,-0.101245,0.228845,0.087641,-0.035896,-0.244909,0.383769,-0.070726,0.359029,-0.202483,0.038688,-0.099884,0.059433,-0.137094,0.055097,0.008146,0.132999,0.005041,-0.235228,0.184243,0.206230,0.012917,0.088075,0.100505,-0.002439,0.069227,-0.011224,0.151253,0.122228,0.076918,-0.081724,0.165407,-0.100323,0.020445,-0.294970,0.070696,-0.114138,0.306199,-0.003162,0.026724,0.000827,-0.073283,0.305792,0.072908,-0.075232,-0.082570,-0.402519,-0.154442,0.117182,0.017950,-0.536682,0.022617,0.168382,-0.093152,0.019369,0.010061,-0.200503,-0.071289,-0.021577,-0.018008,0.225325,0.129705,0.124364,0.111420,0.000079,0.218028,0.183250,-0.179424,-0.163253,0.186330,-0.058074,0.113117,-0.008357,-0.201340,-0.115433,0.094465,-0.166763,0.113156,0.028676,0.309950,0.465664,0.171971,0.112153,-0.161623,0.084480,-0.229317,0.308082,0.096093,-0.309141,-0.172754,-0.234349,0.223714,0.240918,0.055252,-0.186491,-0.000092,0.024413,0.159387,0.251188,-0.232674,0.266065,0.407653,-0.007436,-0.437653,0.146439,-0.066633,-0.024717,-0.092995,-0.133679,-0.165535,-0.525926,0.306888,-0.298384,0.069569,-0.034324,-0.269903,0.326259,-0.019844,-0.039297,0.049478,-0.179248,0.101290
0.013153,0.073202,-0.005724,0.140227,0.061531,-0.166974,-0.110737,0.123802,0.176919,0.076889,-0.116093,-0.039913,0.020579,-0.192986,-0.073491,-0.049306,-0.028838,0.099084,0.188979,0.025641,-0.153405,0.000830,-0.014166,0.100450,0.133419,0.001818,-0.024390,0.270276,0.190891,-0.024753,-0.012241,-0.013958,0.130747,0.046841,0.223842,-0.014009,-0.107025,0.106650,0.104780,-0.138243,0.169407,1.435209,-0.038305,0.721755,-0.001249,-0.004838,0.006215,-0.100701,0.250791,-0.007076,0.141263,-0.052040,-0.121960,0.052991,-0.064765,0.073745,-0.188050,0.265597,0.037228,0.118383,0.292673,-0.291777,-0.044979,-0.003320,0.007188,-0.009097,0.021990,-0.005847,0.273911,0.005321,-0.001741,-0.186437,-0.098144,0.094670,0.034841,-0.028546,-0.095027,0.032342,0.018335,0.126475,-0.001079,0.086654,0.045349,-0.136791,0.103583,-0.057853,0.053100,-0.092071,0.042376,0.177313,-0.118968,0.053750,-0.048019,-0.190227,0.265562,-0.262012,-0.131747,0.018840,-0.221124,0.041419,-0.177115,0.006016,0.035131,0.144595,-0.027354,0.138876,-0.140006,-0.089069,0.000487,0.215623,0.232720,0.082771,0.044035,-0.267072,0.067842,-0.058009,0.031024,0.025357,-0.016168,-0.082476,-0.005400,0.132702,0.106740,-0.119812,0.004533,0.231972,0.108743,-0.074886
0.146152,-0.037722,-0.223979,-0.318055,-0.104762,0.275096,-0.057915,0.424932,-0.274579,0.196292,0.045772,0.232976,0.510732,0.715958,0.184313,-0.097522,0.390155,-0.149337,0.167141,0.013423,0.025174,-0.004493,0.052607,0.196189,0.341986,-0.536850,0.105822,-0.206316,-0.044059,0.056590,0.009505,-0.139871,0.091234,-0.217667,-0.162460,-0.170132,0.141349,-0.380365,0.277641,-0.285262,0.018459,-0.101849,0.328396,0.219824,-0.004213,-0.156822,0.009284,0.047410,-0.176542,-0.110040,0.128151,-0.288238,-0.086478,0.157243,0.095579,0.310021,0.097715,0.114376,-0.075823,-0.058096,-0.268288,0.036670,0.227395,0.000803,0.026798,-0.007903,0.064959,0.060744,-0.052485,-0.091391,-0.007176,-0.108445,-0.051780,0.068820,0.063226,0.117809,0.041987,-0.332412,0.001267,-0.242872,-0.329345,0.278798,0.417256,0.048449,-0.167537,0.267296,-0.043534,-0.236457,-0.085478,-0.147231,-0.040059,0.158735,0.110627,0.080945,0.004548,-0.322693,-0.138833,0.088846,0.239145,0.151944,0.105210,0.012541,-0.153704,-0.248135,0.468329,-0.357032,0.068128,-0.113822,0.002831,-0.100984,0.218246,-0.021079,0.030904,-0.074162,0.040299,-0.052037,-0.118790,-0.131948,-0.301920,0.085472,-0.032757,0.280733,0.039159,0.079721,0.100811,0.157937,-0.071592,-0.233573
-0.190249,0.020744,-0.185023,-0.107316,0.004993,-0.009787,0.156287,-0.158695,0.049166,0.214884,0.132428,0.262108,0.039722,0.148740,0.261465,0.078894,-0.016232,0.218512,-0.032090,-0.032972,-0.048221,0.014731,-0.310604,-0.205234,-0.275734,0.115611,0.021641,0.038572,0.029019,-0.091498,0.004736,0.026931,0.197768,-0.206906,-0.133993,0.004037,0.056727,0.156474,-0.025863,0.286676,-0.070749,0.080137,0.111468,0.192941,-0.004151,0.133012,0.001648,0.155493,0.250792,-0.163864,0.218330,0.040536,-0.228686,-0.062558,0.078361,0.124160,-0.136190,0.319992,-0.310399,0.081401,0.120047,-0.025608,-0.261968,0.016544,-0.012011,-0.008884,-0.308562,-0.404366,-0.273686,0.302633,0.003670,-0.161105,-0.219600,-0.084738,-0.169758,0.299694,-0.061833,0.357001,-0.003027,-0.082724,-0.054039,-0.252966,0.029125,-0.068241,-0.102493,-0.165416,-0.229607,-0.287614,0.260411,0.262723,0.192953,0.214028,-0.426375,0.135304,-0.116384,-0.088717,-0.155534,-0.160374,-0.135325,0.059191,-0.047231,-0.004865,-0.092754,0.140690,0.359668,-0.534957,-0.066958,0.131628,-0.002380,0.051369,-0.290228,0.015898,-0.021717,-0.052439,-0.021118,-0.605302,0.079300,-0.129004,0.135916,0.131659,0.181771,0.315307,0.069803,0.091511,0.036882,0.097568,0.024272,-0.166260
0.356841,0.111221,0.168976,0.393073,-0.007909,0.166285,-0.231297,0.262011,0.066442,-0.380169,0.152769,-0.050895,0.041703,-0.276621,0.161099,-0.112198,0.016825,-0.392977,0.156770,-0.011111,-0.057799,-0.014634,-0.120133,-0.030102,-0.000997,0.202842,-0.022030,-0.015083,0.036975,0.155085,-0.009229,0.030172,0.022900,0.026542,-0.201472,0.022381,0.493438,0.212413,0.442802,-0.245586,0.158469,-0.151314,0.106287,0.150169,0.016876,0.241782,0.001873,-0.015723,0.012321,-0.136871,0.106397,0.263269,-0.074833,-0.248001,-0.257556,0.288845,-0.206026,-0.019409,-0.229318,-0.125357,-0.213854,0.354867,-0.021447,0.006845,-0.017237,0.009378,0.135221,-0.023046,-0.249716,-0.028266,-0.000260,-0.221242,-0.122248,-0.021328,-0.079088,-0.193891,0.127372,0.015682,0.031714,0.317187,0.138943,0.124837,-0.000519,-0.289227,-0.040655,0.180273,-0.116369,0.252827,-0.462845,0.193717,-0.175104,-0.166536,-0.129388,0.330517,0.022069,0.112088,-0.057015,0.036750,0.148860,0.053822,0.164679,0.015782,-0.118312,0.047281,0.448696,0.028145,0.183751,0.090709,-0.001947,-0.051861,-0.101135,0.075517,0.266407,-0.041748,0.197966,-0.170774,-0.195353,0.153674,-0.146727,0.313390,0.192148,-0.200395,-0.091603,0.250727,0.045539,-0.202827,-0.292360,0.312458
0.139177,-0.146073,-0.033110,0.086674,0.087657,-0.240921,-0.109324,-0.075523,-0.010453,-0.096630,0.009790,-0.015041,0.129792,0.268057,-0.177804,-0.198903,-0.261448,-0.001619,0.015478,-0.035256,-0.025698,0.004568,0.147054,0.372952,0.004936,-0.131227,0.092233,0.118083,0.017993,0.014818,0.002079,-0.051976,0.342698,-0.265028,-0.110875,-0.180865,-0.092202,-0.133861,-0.038361,0.017762,-0.043244,0.051095,0.025670,0.067482,0.012507,0.117043,0.005489,0.173872,0.079539,0.075959,-0.008254,0.294627,-0.037794,0.045715,0.242671,-0.035377,0.110600,-0.258483,-0.067060,1.050014,0.152612,1.439313,0.060466,-0.031176,0.188476,-0.002173,-0.047157,0.174520,0.183213,-0.232700,0.000928,-0.100830,-0.185496,-0.412056,-0.031337,-0.026640,-0.047764,0.051595,0.001996,-0.167144,-0.107717,-0.071166,-0.157039,0.105082,0.350090,-0.158302,-0.136194,0.137985,0.062532,-0.090028,-0.088471,-0.038418,0.108208,-0.215126,-0.128628,-0.196152,0.077140,-0.020170,0.045979,0.018936,0.034062,0.011438,-0.078565,-0.059948,0.205590,0.128621,-0.292521,0.052182,0.003277,0.250868,0.084553,0.003004,0.101722,0.047034,-0.070033,-0.121540,-0.134315,0.147752,0.102802,-0.444043,0.232487,0.194358,0.102851,-0.212631,0.030898,-0.005936,0.303976,0.261034
0.023538,0.040606,0.076925,-0.207527,0.113913,-0.191107,-0.047670,0.125289,-0.060966,0.018043,0.206203,-0.249889,0.074262,-0.263158,0.071919,0.036445,0.024518,0.058329,0.108238,0.128698,0.063920,0.001723,0.114114,-0.249535,0.299919,0.094230,-0.052660,-0.213106,-0.175752,0.321452,0.001645,0.075369,-0.076094,0.363416,-0.049262,0.150577,-0.260796,0.194685,0.370422,-0.055688,-0.075294,-0.071297,0.073357,-0.200003,0.001271,-0.020544,-0.006149,-0.376803,0.087876,-0.118126,-0.175579,0.286339,-0.208320,0.259864,-0.212660,0.100695,0.156993,-0.054876,0.063133,0.304282,-0.044911,0.001927,0.162961,-0.038488,-0.035323,-0.004526,-0.378322,0.006149,0.067064,-0.106381,0.025227,-0.032476,0.449804,0.258014,-0.186987,0.307997,-0.037548,0.083430,-0.000349,-0.110327,-0.171299,-0.168004,0.174153,-0.034835,0.023866,-0.341230,0.185351,0.013181,-0.007191,0.545389,0.183349,-0.299655,0.024209,-0.044837,0.088846,-0.299082,0.551658,0.035401,0.001950,-0.164825,0.058613,0.006928,0.044396,0.163886,0.033387,-0.050368,-0.319205,-0.022837,-0.002035,-0.196247,-0.245462,0.060636,-0.126852,-0.578237,-0.248480,0.007336,0.039653,0.032396,-0.274668,-0.068203,-0.059351,0.247342,0.101144,0.367011,-0.018819,-0.263206,-0.072540,0.007839
-0.213181,-0.042670,0.087829,0.156440,0.817042,0.015035,-0.071132,-0.041188,-0.284819,0.104628,-0.093170,0.314414,-0.020508,-0.117152,0.016659,0.088358,-0.048597,0.176129,0.047141,-0.041420,0.010137,-0.007384,0.221100,-0.193645,-0.182640,-0.463725,0.014787,0.091501,0.084247,-0.026894,-0.013468,-0.090487,0.022521,-0.206606,0.732383,0.020857,0.249118,-0.133372,-0.189283,-0.259029,-0.072671,0.093035,0.067941,-0.066578,0.007777,-0.004747,0.003615,-0.173709,-0.254384,-0.045408,-0.172019,0.160554,0.186264,0.129852,0.059837,0.149990,0.301335,0.044840,-0.142235,-0.010191,0.013277,0.207108,-0.038894,-0.017053,0.018177,-0.000673,-0.364888,-0.117098,0.083318,0.463648,-0.006107,0.046637,0.076183,0.137118,-0.105927,0.075071,0.097392,-0.326367,0.012825,-0.180111,0.003598,-0.073628,0.097625,0.200576,-0.072095,0.040960,0.523955,-0.514608,-0.048344,0.257434,-0.022839,0.092144,0.068735,-0.189098,0.023731,0.263600,-0.035972,0.023431,0.177401,-0.111435,0.128662,-0.000553,0.299916,0.145414,-0.000130,-0.154472,0.085127,0.240586,-0.009452,-0.041985,-0.203519,-0.059221,0.021348,-0.020894,-0.039002,-0.042345,0.021812,-0.002948,-0.155309,0.119479,0.006996,-0.300575,0.210818,-0.105715,-0.015887,-0.005182,0.019075,-0.024079
0.267667,-0.223396,-0.105017,-0.023589,0.004159,-0.299611,-0.267014,-0.067089,-0.130205,0.040845,0.078161,-0.238561,0.028586,0.062000,-0.051120,0.101362,-0.324277,0.144532,0.109568,-0.046394,0.060235,0.007645,-0.026830,-0.429492,0.081383,-0.137882,-0.047070,-0.026999,-0.308898,0.059628,0.001469,0.015056,0.259521,-0.247868,-0.392441,0.244060,0.529722,-0.013929,-0.137729,-0.017812,0.094041,-0.082234,-0.047523,0.143912,-0.011375,0.151172,-0.000055,0.034702,0.021362,0.388941,0.122891,0.496754,-0.123309,0.107690,-0.016211,-0.294240,-0.044022,-0.206666,0.565973,-0.024680,-0.064004,-0.190817,0.128918,-0.010002,-0.130540,-0.010234,0.100917,0.040413,-0.225189,0.352792,0.001550,0.116478,0.286955,-0.093210,0.027794,-0.010498,0.068316,-0.209315,-0.001222,-0.001776,0.121699,0.138854,0.037478,-0.102227,-0.025441,-0.037644,-0.111300,0.216965,-0.135565,0.035458,0.355576,-0.149275,0.316201,0.198426,0.062544,-0.205874,-0.411295,0.129656,-0.182029,-0.029507,-0.129720,-0.007426,-0.321209,0.027580,0.086572,-0.119253,-0.200138,0.167392,0.001823,0.078459,-0.152354,0.141614,-0.254377,-0.287891,0.897423,0.294748,0.287836,-0.065165,0.022152,-0.571647,0.013446,-0.151135,0.154148,0.029785,0.018006,0.005808,0.527984,-0.449014
0.142405,-0.034769,-0.058460,-0.079217,-0.078541,0.203632,0.241073,0.060644,0.073762,0.216095,-0.107641,0.057182,-0.043031,-0.575002,-0.067053,0.013769,0.303146,0.087082,-0.227160,-0.066135,-0.012454,-0.008230,0.269693,0.203431,-0.159822,0.064885,-0.006462,0.020802,-0.156043,0.132009,0.006676,0.065585,0.394302,-0.669720,0.063281,0.050036,-0.101466,0.418242,0.079284,0.049031,-0.290664,0.009812,-0.058469,-0.303484,-0.010453,0.168813,-0.001963,0.235048,-0.018935,-0.381646,0.108416,0.266661,0.096312,-0.231052,-0.313987,-0.378017,0.239783,-0.065937,0.013759,-0.000407,-0.428885,-0.193325,-0.242872,-0.015787,0.131216,-0.014306,0.203706,0.090606,-0.110514,-0.516677,-0.010613,-0.069700,0.122241,-0.100344,0.021233,0.281566,0.048034,0.181109,-0.012956,0.026406,-0.125136,0.328373,0.179482,-0.252042,0.358165,0.005147,-0.048035,-0.383132,-0.334912,0.033454,-0.051034,0.066539,0.294491,-0.364171,-0.026075,0.346642,-0.121532,-0.125458,0.013128,-0.245896,0.060835,-0.010314,-0.138997,0.070939,0.037555,0.085505,-0.401040,0.376241,-0.008414,0.026217,-0.126969,0.164159,-0.005758,0.073488,-0.171261,-0.095467,0.262468,-0.118888,-0.198735,-0.267914,0.024818,-0.068825,0.155584,0.125715,-0.016259,0.108609,-0.123502,0.105479
-0.304066,0.015634,-0.007701,-0.111805,0.256126,-0.014010,0.107859,0.209237,-0.205656,0.370951,0.317259,0.421199,0.222214,-0.042277,-0.131331,-0.096715,-0.049749,0.091375,-0.297834,-0.088066,-0.047197,-0.008696,0.076250,0.070413,-0.171674,0.017635,0.339103,-0.255057,-0.101219,0.051410,0.001046,-0.007805,0.127028,0.259900,-0.143812,0.029491,-0.132482,-0.324765,0.113283,-0.188752,-1.442311,0.010916,-0.100489,0.060320,0.009725,-0.369381,-0.003470,0.215307,0.133103,0.154769,0.411107,-0.040695,0.049422,0.267239,-0.180462,0.046133,-0.023973,0.084384,-0.061149,0.111634,0.030713,0.071403,-0.011086,-0.042837,-0.092011,0.002027,0.404624,-0.113410,-0.063612,0.130191,-0.004932,-0.121778,0.298205,0.007577,0.047575,0.017222,-0.007555,-0.168510,0.009724,-0.078883,-0.142286,0.063509,-0.358158,-0.112691,0.025449,0.204959,-0.223171,-0.082432,-0.308656,0.074474,-0.047955,0.199611,-0.108782,0.346068,0.011841,0.069977,0.155098,0.053494,-0.230068,-0.167373,-0.103780,-0.004985,-0.019810,0.168438,-0.115881,0.159427,0.122208,-0.208311,0.000960,-0.145865,0.157301,0.226262,0.101913,-0.000647,0.122005,-0.066571,-0.004088,0.334811,0.325068,-0.054836,-0.029652,-0.235857,-0.061332,-0.061489,-0.066822,-0.120633,0.022090,-0.025225
-0.052607,-0.155048,-0.091546,0.379674,-0.214265,0.056841,-0.094822,0.181882,-0.178316,-0.158424,0.335726,-0.089371,0.516246,-0.231158,0.263101,0.155007,-0.009431,0.044733,-0.263144,0.190646,0.059815,-0.015990,0.163027,-0.187770,-0.035508,0.055042,0.171191,-0.051927,-0.006725,0.158596,0.000235,-0.053943,0.170375,0.005587,0.471130,0.046339,-0.351858,0.104735,-0.328650,-0.007109,0.386423,-0.041615,-0.206145,0.142417,0.000572,0.044841,0.004486,0.432181,-0.166427,0.377789,0.081094,-0.011871,0.140985,-0.032066,-0.131996,-0.168887,0.211263,0.006746,-0.207911,-0.109243,-0.159250,0.035792,-0.170043,0.025882,0.024557,0.007432,-0.017756,0.026875,0.056931,-0.019800,0.009255,0.032292,-0.289434,0.021684,-0.036800,0.342434,0.064534,-0.158588,0.007037,0.340961,-0.297009,-0.199994,-0.183480,0.246911,-0.148870,-0.104266,-0.297582,0.097160,-0.109493,0.292852,-0.304579,0.198340,-0.050823,0.012432,0.199796,0.071895,-0.128687,0.029365,-0.068127,0.024535,0.146068,-0.002339,-0.187861,-0.186192,-0.292614,-0.498267,-0.052684,0.249919,-0.009142,0.097737,0.043254,0.016473,0.063247,-0.518441,-0.070603,0.046517,-0.005416,0.302239,0.355527,-0.072291,0.084353,-0.130707,0.076075,-0.070289,0.102890,-0.013928,-0.187063,-0.060324
0.103375,0.118023,0.275732,0.089098,-0.148968,-0.014451,-0.051594,0.266650,0.134809,0.018630,0.278262,-0.002712,-0.203066,0.011584,-0.015028,0.051201,0.051035,0.086123,0.102180,0.038916,-0.012759,0.002216,0.036394,0.085184,-0.132705,0.175704,0.063851,0.204946,0.227770,-0.292376,-0.008212,-0.084156,0.384389,-0.082269,-0.002320,-0.132889,-0.106524,-0.204747,-0.287624,-0.143018,-0.262479,-0.170035,0.248668,0.154864,0.006624,-0.140803,0.003792,0.288687,-0.188417,0.343960,0.050625,0.005392,0.049806,0.093913,-0.271072,-0.198369,0.139751,0.008358,0.048643,0.116303,0.349843,0.052754,0.033588,0.065733,-0.049631,0.008878,0.094095,0.032844,0.110081,0.117944,-0.004893,0.396255,-0.045871,0.247688,-0.254001,0.096102,-0.091045,0.069712,0.000203,0.140963,0.090794,-0.110260,0.074938,-0.363474,-0.120824,-0.166543,0.059700,0.280203,0.025487,-0.027027,-0.161881,0.307568,-0.301308,0.463332,0.099108,0.243225,-0.086119,-0.159879,0.054959,0.046486,-0.129273,0.008341,0.219646,0.253702,0.330866,0.055088,-0.283943,0.080332,0.010417,-0.061237,0.282738,-0.071504,-0.009514,0.175324,0.061535,0.182485,0.074372,-0.168262,0.071171,-0.101553,-0.012018,-0.081162,-0.076729,-0.084901,-0.000488,0.048016,0.091368,-0.064326
0.153070,-0.057713,-0.084224,0.305886,0.220268,-0.023515,-0.118269,-0.296972,-0.256539,0.177740,0.025253,0.056167,-0.244073,0.044053,0.197316,-0.095166,-0.075505,0.339141,-0.242597,-0.099631,0.021809,-0.027757,-0.108239,-0.163922,0.016071,0.034636,0.228652,0.008261,0.259413,-0.047501,0.018813,-0.015920,0.154455,0.000258,0.327246,0.116937,-0.043961,0.152612,-0.018381,-0.016990,0.171951,-0.010021,0.066342,-0.292181,0.005376,-0.205227,-0.008699,-0.129661,-0.042866,0.044081,-0.217742,0.151636,-0.027384,-0.090820,-0.290627,0.108386,0.007383,0.149530,-0.251490,0.477371,-0.021185,-0.065014,0.205586,-0.009303,-0.057824,0.005466,0.233484,0.232279,-0.223105,0.201512,-0.016715,-0.094126,0.139552,0.132089,-0.030657,-0.303585,0.059412,-0.155475,-0.023827,0.051642,0.014202,0.079255,0.106130,0.199408,0.042006,0.372921,-0.059543,0.695760,0.377189,0.170160,-0.117041,-0.140200,0.093373,-0.149291,0.001616,-0.427115,-0.270931,0.109598,0.010025,-0.056310,-0.005707,-0.022769,-0.103227,-0.118747,-0.010493,-0.136323,-0.040713,-0.185853,0.006217,0.043290,-0.283998,0.024776,0.202980,0.356252,-0.008031,-0.299895,0.211681,-0.125493,-0.109731,0.067206,-0.121705,0.015900,0.057048,-0.696901,-0.030480,0.248265,-0.289776,0.004635
0.215456,0.046987,0.087740,-0.244008,-0.026477,-0.174741,-0.228873,0.261535,0.058545,0.161024,0.077473,0.266116,-0.185120,0.231635,0.534917,0.247556,0.044601,0.183748,-0.053044,0.018002,0.010097,0.014357,-0.048116,0.140706,-0.277571,0.009273,0.212409,-0.427002,0.378193,-0.102241,-0.008781,0.100745,-0.113447,-0.168733,-0.205602,-0.043484,0.064396,0.154726,0.124792,-0.446448,0.413714,-0.036752,-0.078351,-0.110652,0.003136,0.108116,-0.010848,0.040110,0.161219,-0.066744,0.195129,0.242303,0.171444,0.198516,-0.090294,0.071877,-0.104505,0.015875,0.008069,0.053277,-0.217913,0.011866,0.043996,-0.099968,-0.015074,-0.014228,-0.324549,-0.068170,0.082545,0.012910,0.028631,-0.062707,-0.015417,0.005454,0.075221,-0.046280,0.020117,0.047789,-0.004156,-0.151430,-0.028569,-0.028383,-0.089328,-0.139815,0.267553,0.170995,0.069360,-0.001331,0.151385,-0.113896,-0.089697,-0.261929,0.182466,0.250934,-0.122241,0.000938,0.072217,0.073612,0.216642,-0.054708,-0.090432,0.017997,-0.192663,0.047127,-0.714845,0.475359,0.074264,-0.030542,-0.001577,-0.026301,0.214201,-0.036722,-0.054929,-0.237824,0.713134,-0.017357,-0.471763,0.022741,0.100276,0.149805,0.125254,0.185195,0.056114,-0.340356,-0.042323,-0.042368,0.128108,0.114152
-0.228866,-0.242028,-0.044801,0.045836,0.125532,-0.216506,0.003047,-0.081424,-0.111490,-0.266381,0.289637,-0.216268,-0.250003,0.037539,-0.382997,-0.068672,0.059338,0.064880,0.149467,-0.089244,0.039092,-0.005554,0.095571,0.074794,0.014456,-0.036425,0.013358,-0.027780,0.018345,-0.203668,-0.023627,-0.055041,0.532543,0.028682,0.040255,0.031118,-0.127631,-0.194831,0.085937,-0.273930,0.227861,-0.018582,0.165711,-0.088498,-0.001189,-0.012441,0.013421,-0.040738,-0.080484,-0.197255,0.080866,0.221291,0.093374,-0.149959,-0.059417,-0.033744,0.068792,-0.099227,-0.232320,0.345078,-0.083984,-0.860834,-0.000056,-0.005029,-0.068945,-0.007190,-0.022521,0.148339,0.197074,-0.318757,0.018420,0.049782,0.008828,-0.125360,0.081287,-0.214443,-0.021817,-0.069350,0.003002,-0.264380,0.000512,-0.105487,0.014909,0.157014,0.279236,0.567302,-0.291434,-0.044300,0.163557,-0.013482,-0.100418,0.167851,-0.022090,0.123161,-0.196079,-0.094711,0.298980,-0.176360,0.023665,-0.135198,-0.074751,0.013341,0.210294,0.090738,0.029475,-0.081827,0.202215,0.241753,0.003166,-0.391578,0.130169,0.104793,-0.052765,0.312535,0.100567,-0.166227,0.017899,0.338005,0.492586,-0.330406,0.112221,0.382000,0.057139,0.497815,0.046420,0.080628,-0.506163,0.063004
