-0.039171,-0.147233,0.003805,0.023806,-0.068235,-0.030889,0.003527,0.041740,-0.091090,0.043394,0.017893,-0.018959,-0.111769,-0.006925,-0.012580,-0.081089,-0.016602,0.039141,0.008679,0.095684,-0.003398,-0.144907,-0.006456,0.012997,-0.000533,-0.007403,0.005166,0.031758,0.001093,0.062646,0.121071,0.020451,-0.075577,0.008462,-0.001032,0.036842,-0.020931,0.005873,-0.009851,0.024243,-0.026514,0.096160,-0.078813,-0.049771,0.137056,-0.049936,0.005589,0.002918,-0.037696,0.087094,0.021438,-0.002329,-0.007153,0.060789,0.011150,0.001045,-0.057040,-0.009511,0.014189,-0.028103,0.016870,0.018641,-0.064105,0.009671,-0.003242,0.004415,0.124745,0.001478,0.001020,0.031799,0.005696,-0.012327,0.013964,-0.015035,-0.002211,0.002414,0.072238,-0.007436,-0.002250,-0.003467,-0.011882,0.014160,0.011197,0.001468,0.028545,0.015210,-0.018537,0.029930,0.005643,0.069750,0.028283,-0.050588,0.095376,0.059024,0.018662,-0.030844,0.024803,0.084468,-0.089575,0.008314,0.097544,-0.046582,-0.019231,-0.001074,0.011529,0.031506,0.007411,-0.067168,0.024924,0.003729,0.002656,-0.078537,0.014422,-0.045921,-0.002964,0.094846,-0.005085,0.000817,0.022785,0.040872,-0.080554,-0.015457,-0.043093,-0.015386,-0.026876,0.050201,0.006233,0.011386
0.067923,-0.024080,0.186660,-0.020702,0.002860,-0.044779,0.111819,0.017936,-0.019268,0.016588,0.053307,-0.047555,0.050607,0.231723,-0.027920,0.142507,0.063031,-0.082814,-0.068660,-0.044617,0.009621,0.178444,-0.001741,-0.057599,0.156937,-0.033660,0.055950,-0.026755,0.112488,-0.011395,-0.018143,-0.048409,-0.042331,-0.021155,-0.086826,-0.014812,-0.041567,0.039269,-0.006496,-0.026011,0.022611,-0.082409,-0.008883,-0.066821,0.063297,0.062553,0.025399,0.007285,0.010375,-0.028693,-0.022470,0.024986,0.017945,-0.130292,0.005712,-0.001209,-0.026814,-0.162490,-0.010927,0.286854,-0.007818,0.190676,-0.053620,0.000630,-0.007754,-0.160415,0.108756,0.011688,0.037367,0.066081,-0.110386,-0.083497,-0.251557,-0.027676,0.020129,-0.005970,0.018846,-0.031542,-0.066587,0.119688,-0.018689,-0.157965,0.016170,0.189972,0.168193,-0.047300,0.007641,0.123143,0.058965,0.084861,-0.102634,0.115994,0.201311,0.063677,-0.074720,0.008558,0.048323,0.144359,-0.031249,-0.108849,0.000879,0.045060,0.057145,0.062739,-0.015169,0.007869,0.001809,-0.056232,-0.091933,0.017050,0.088232,-0.066286,-0.029270,-0.022662,0.007029,-0.080681,-0.137080,-0.082872,0.204560,0.006468,0.148485,-0.030123,0.097088,-0.018766,0.072836,-0.078913,0.010339,-0.616437
0.065046,0.022187,0.042061,-0.055474,-0.050958,-0.045862,-0.095763,0.049311,-0.030172,-0.030659,0.098048,-0.064251,-0.064680,0.028310,-0.041321,0.025680,0.217939,-0.002057,-0.004845,-0.119232,-0.019323,0.085399,-0.037060,0.145718,0.173903,-0.026816,0.112666,-0.029423,0.133807,-0.232671,-0.069316,-0.046980,0.035266,0.036271,0.102552,0.060364,-0.027577,-0.084293,-0.245987,-0.057694,-0.094279,0.030914,0.033097,0.040268,0.025208,0.112958,-0.053169,0.014709,0.265791,0.112224,0.116463,-0.145005,-0.010066,0.112119,0.012265,0.034240,0.005445,0.138283,0.004236,0.204500,-0.115614,0.049896,-0.107224,0.019629,-0.025344,0.132493,0.005140,0.086314,-0.031563,0.072072,-0.147630,-0.064251,-0.007827,0.063832,0.016344,0.006545,0.037305,-0.019361,0.291485,-0.042857,-0.005243,-0.211133,-0.025840,-0.156829,0.005916,-0.026026,-0.038714,-0.066645,-0.030599,-0.104623,-0.045222,0.108312,0.110771,-0.050567,0.059960,-0.064011,0.032497,-0.010469,0.010490,0.034202,-0.083076,0.012798,-0.070237,0.114423,-0.061224,-0.151228,-0.016967,-0.026666,0.114687,0.046309,-0.035380,0.049825,-0.050364,0.079049,-0.026682,0.043409,0.043476,-0.036260,-0.183496,0.012382,-0.014800,-0.088323,-0.098119,0.009804,0.126498,0.126559,0.126934,-0.050867
0.191908,0.003177,-0.138077,-0.002307,-0.044878,-0.013121,-0.005384,0.008614,-0.039402,-0.020008,-0.094657,0.088155,-0.001014,0.004290,0.023710,0.044041,-0.002326,0.079504,0.021639,-0.010347,0.201253,0.041774,-0.047640,-0.093969,0.014469,0.203213,-0.085875,0.016961,0.256598,-0.074020,0.022356,-0.325242,0.014182,0.024390,0.247424,0.027846,0.064880,0.365837,-0.031881,-0.041199,0.000591,0.025779,0.018409,-0.006388,0.043939,0.053387,-0.006818,-0.002425,0.020823,0.028684,-0.033255,-0.186988,-0.000471,0.006873,0.080910,0.288482,-0.055717,0.041715,-0.000835,-0.071319,-0.029081,0.374259,0.017829,-0.063468,-0.197950,-0.024172,-0.065602,-0.031201,-0.043746,0.023086,-0.031014,0.058814,0.035962,-0.236324,-0.008580,-0.008561,-0.001838,0.054687,0.388752,-0.015465,0.200281,-0.033951,0.009261,-0.096189,0.006339,0.015453,-0.001681,0.025211,-0.021881,0.064984,-0.012954,-0.002725,-0.030657,0.027210,0.097262,0.048489,0.076994,0.023694,0.052624,0.001300,-0.035049,-0.003419,-0.020016,-0.178508,0.229801,-0.022322,0.097474,-0.027293,0.049986,0.081590,0.069875,-0.005915,0.247386,0.042781,-0.016802,0.022860,0.156267,0.065039,0.141554,-0.004754,0.000748,-0.080865,-0.014868,-0.011105,-0.028052,-0.034777,-0.058159,-0.018358
-0.003948,-0.091747,0.006572,0.026524,0.125954,0.058736,-0.042746,-0.036937,0.002590,0.011173,-0.016725,0.024826,0.047065,-0.030786,-0.008558,0.004833,0.026264,0.168949,0.017638,0.149417,-0.007958,0.015885,-0.074690,-0.015057,-0.037122,0.041098,-0.019866,0.024269,-0.019538,-0.063904,-0.005415,-0.055645,-0.021574,0.064000,0.003428,-0.016609,0.018640,0.044344,0.018429,-0.052114,0.040595,-0.078015,-0.174125,-0.010651,0.069132,-0.122340,0.018904,0.002727,0.117120,-0.097872,-0.140334,0.025997,-0.178430,-0.040754,-0.113281,-0.041814,0.080148,-0.056112,0.008100,0.028912,0.002811,-0.035801,-0.068597,-0.109900,0.043063,0.103690,-0.004386,0.036472,0.021964,0.062938,-0.022131,0.015861,-0.069408,-0.045381,-0.061905,0.010929,-0.280820,0.001644,0.030466,-0.031561,0.033553,0.049663,-0.017896,0.033914,0.017417,0.088843,0.059418,0.057658,0.023089,0.023987,-0.176207,0.034285,-0.006085,0.011290,-0.027629,0.221977,0.030372,0.057331,0.099765,0.086258,0.095291,0.037117,-0.038120,-0.003335,0.028925,0.058772,0.102979,0.004158,0.126280,-0.006128,-0.015772,0.018871,0.009089,-0.031751,0.047795,0.025262,-0.004647,-0.022626,0.014379,0.037091,0.008981,0.026744,-0.030632,-0.006152,-0.063046,-0.091152,-0.040516,-0.120267
-0.114797,-0.093396,0.083259,0.049187,-0.092957,-0.056306,-0.031338,0.035984,0.038496,0.031847,-0.025248,-0.049314,0.002705,0.047417,-0.168098,0.067399,0.054551,0.000978,-0.012294,-0.070008,0.022480,-0.041770,-0.021970,-0.026211,0.130758,0.015031,0.038760,0.059818,0.073041,-0.060651,0.042084,-0.154427,0.058238,0.055109,-0.149491,0.044041,0.105573,0.025026,0.003144,-0.051256,0.039159,0.060665,0.008887,-0.027829,0.033910,0.025181,0.002020,0.003501,0.059256,0.075772,-0.003057,0.090528,0.046235,0.068218,0.008160,0.123013,-0.024235,0.035470,0.014671,0.033597,-0.010381,0.083679,0.016857,-0.038448,0.076088,-0.041606,0.167906,0.129709,-0.004099,0.151970,0.041553,-0.043557,0.034212,0.186395,-0.032079,0.003815,0.106864,0.035381,0.008032,0.371966,-0.009891,0.063326,-0.038411,0.311069,0.203909,0.025380,-0.087480,0.076340,0.034362,-0.058280,0.022606,0.016673,0.088618,0.047341,0.051399,0.004761,-0.018300,-0.108995,0.004849,0.948441,0.037502,0.047694,0.116912,-0.033968,-0.142547,0.225933,-0.017826,0.018318,0.006441,0.082089,0.027140,-0.008182,0.125905,0.063874,-0.026576,0.031257,0.015634,-0.029200,0.010088,-0.014611,0.042887,0.061810,-0.014535,0.009110,-0.043356,-0.359312,-0.009815,0.059673
-0.152701,-0.061349,-0.256568,-0.030790,0.025591,0.029370,0.037213,-0.018552,-0.018396,0.001097,0.034040,0.029412,0.035742,-0.014626,0.054178,-0.023767,-0.178804,0.084293,0.079426,-0.014732,0.036520,0.080317,-0.040978,0.003007,-0.073696,-0.091610,-0.198862,-0.018087,0.187574,-0.022397,0.021019,0.292789,0.065011,0.079698,-0.052614,-0.031618,0.205777,-0.101121,-0.140460,0.036292,-0.046543,0.039304,0.093616,0.258318,-0.128200,0.005483,0.127897,-0.006170,0.063922,-0.041759,0.028759,-0.170096,-0.072958,-0.016776,-0.027853,0.139368,0.040898,-0.003754,-0.017409,-0.072986,-0.142196,0.204762,0.034871,-0.044544,0.419737,-0.022677,-0.006392,-0.046435,-0.003515,0.113886,-0.184484,-0.113765,-0.100363,-0.078787,0.005981,-0.007903,-0.045016,0.005700,0.127615,0.204903,-0.016571,-0.073014,0.043078,-0.182879,-0.047551,-0.012545,0.057272,-0.003609,0.050139,0.117935,0.073957,0.001666,0.057328,-0.050746,0.208237,0.061365,0.254196,0.057324,0.051182,-0.008442,-0.000883,-0.032082,-0.003627,0.058904,0.303969,0.056302,0.100597,-0.008958,-0.026632,0.036990,-0.066110,0.009537,-0.086017,-0.016039,0.105903,0.047652,0.020410,0.055640,-0.140454,0.064876,0.054909,-0.003063,-0.009050,-0.004270,0.000532,0.038496,-0.040561,-0.057698
-0.053401,-0.125409,0.019207,0.079581,0.131718,-0.006818,-0.003457,-0.043406,0.058295,0.012897,-0.018664,0.059839,-0.110164,-0.106428,0.055035,-0.390171,0.030011,-0.074722,-0.126179,-0.077570,-0.008376,-0.196927,0.051839,0.003492,-0.001571,0.018277,0.001108,0.011018,0.032972,0.103251,-0.029722,0.017677,-0.027271,-0.112074,0.000499,-0.085887,-0.008770,0.017602,-0.086500,0.011716,0.054177,0.101397,-0.095852,0.045458,-0.036466,0.044952,0.008074,-0.004006,-0.024019,-0.089701,0.008912,-0.016768,0.059879,-0.008653,0.157875,0.007810,0.042502,0.027104,0.010308,0.035057,-0.026393,0.006363,-0.131371,-0.019857,0.027373,0.027056,-0.040810,0.028475,0.029890,-0.083572,-0.023515,-0.022412,-0.034258,-0.009727,-0.030861,-0.005121,0.079577,-0.067985,0.000387,-0.035280,-0.007566,0.056481,-0.084813,0.042496,-0.170115,0.009334,0.012474,-0.051985,-0.015136,-0.041014,-0.152691,-0.091439,0.042076,0.189069,-0.028476,-0.062183,-0.032440,0.067994,-0.052783,0.049871,0.066738,0.126737,0.109760,0.026399,-0.000721,0.006771,-0.001590,0.084378,-0.074773,0.003136,-0.005110,0.019479,-0.022871,0.179279,-0.037728,0.030663,-0.012557,-0.018303,-0.020435,-0.039291,0.028362,0.010005,-0.054097,-0.003632,-0.083157,0.049516,0.049530,0.061852
-0.222320,-0.073778,0.158348,0.007773,-0.052130,-0.067503,-0.065828,-0.013955,0.046277,0.029090,0.112165,0.173949,-0.035710,-0.006689,-0.089192,0.052260,0.180930,-0.039392,-0.018922,-0.004543,-0.068678,-0.104987,-0.002062,-0.027974,0.033535,-0.130962,-0.274581,0.011499,-0.041106,0.016805,0.019894,0.122836,-0.063946,0.011331,-0.201605,0.019997,0.125668,0.424069,0.011069,0.016819,-0.034783,0.056070,-0.014620,0.030508,0.009023,-0.031214,-0.032120,0.005006,-0.032285,-0.025243,0.020179,-0.103777,0.053529,-0.013208,0.005921,0.013143,-0.013385,-0.078147,0.001049,0.113703,-0.006719,-0.027852,-0.003058,-0.026410,0.013070,-0.042562,0.086392,0.067458,-0.009078,-0.195401,-0.065187,-0.073848,0.067885,-0.196003,-0.022384,-0.001915,0.049070,0.005299,0.233236,-0.032787,0.155207,-0.028492,-0.012316,0.249921,0.000376,0.027092,-0.060733,0.042586,-0.142653,-0.150828,0.006371,-0.050560,-0.033512,0.068615,0.167707,0.030323,0.114098,0.024723,-0.026788,-0.051230,-0.005859,-0.000387,0.029781,-0.020616,0.348299,-0.047812,-0.885832,0.009903,-0.012888,-0.017845,0.050566,-0.042010,-0.168486,0.044906,0.018123,0.030395,-0.019584,-0.000218,-0.114449,0.005597,0.034496,0.029663,0.005825,-0.001999,0.009846,-0.033369,-0.047000,0.120544
-0.085809,0.012524,-0.238520,0.014601,0.035179,-0.026088,0.054584,0.041892,-0.037002,-0.019148,-0.071386,-0.101545,-0.060850,-0.015454,0.062124,0.018615,0.068400,-0.020357,0.126352,0.088870,-0.152632,0.027490,0.034815,0.039056,-0.179217,-0.025559,0.272040,0.035217,0.085870,0.011676,0.039035,0.054002,0.012908,-0.008422,0.026755,-0.071949,0.099494,-0.028014,-0.084507,0.143635,-0.026469,-0.060673,-0.031196,0.036442,-0.017320,0.097075,0.190169,-0.000888,0.115278,0.038376,0.015082,0.118627,-0.002159,0.021069,0.002447,0.007101,-0.010769,0.124089,-0.003179,-0.111220,-0.089022,-0.011529,0.008778,0.027102,0.037987,0.071468,0.044575,-0.033495,-0.006413,-0.054075,-0.048892,-0.024341,0.085426,0.099911,0.037026,0.004662,0.008710,0.014343,0.143343,0.029946,0.106803,0.021531,-0.007355,-0.004671,-0.041226,0.023252,0.040049,-0.026218,0.064004,-0.002997,0.069404,0.015718,-0.014924,-0.058474,0.240833,-0.095496,-0.046955,-0.052972,-0.012062,0.176075,-0.036577,-0.039398,-0.057795,0.037587,0.180632,0.025223,-0.018765,0.031685,0.039811,-0.089962,-0.002679,0.093942,0.028650,-0.073518,-0.126868,-0.072317,-0.164256,0.151247,0.172784,-0.123386,-0.022646,0.199540,0.028830,-0.012778,-0.000739,0.011361,0.121142,-0.022873
-0.029057,0.050951,0.000140,0.009866,-0.023990,-0.004057,0.155320,0.081676,-0.014893,-0.017178,0.006042,0.036118,-0.015060,-0.042481,0.088557,-0.021170,-0.009005,-0.133777,0.012181,0.009422,0.036505,0.107441,0.017216,0.257200,0.032727,0.051658,-0.098313,0.021540,0.022505,-0.023383,-0.025965,-0.246786,-0.006504,-0.109102,-0.286237,-0.010364,-0.115874,-0.145022,-0.017431,-0.250294,-0.078466,0.002144,0.008603,-1.008051,0.026682,-0.029053,0.206840,-0.017550,0.154566,0.019999,0.065918,-0.034369,0.092174,0.037682,-0.007205,-0.048393,-0.046646,-0.073884,-0.016180,0.008633,0.059591,-0.096815,-0.012205,0.116314,0.073828,-0.002032,0.003589,-0.023484,0.007613,-0.129384,-0.034167,0.166162,-0.025186,0.044285,-0.005224,-0.013241,0.002179,0.094295,0.072369,-0.025262,0.144648,-0.026134,-0.012042,-0.011000,0.034420,0.033088,0.014348,0.023700,-0.009713,0.193881,-0.013450,0.024098,0.073485,-0.020207,0.135960,0.003899,-0.040609,-0.023983,-0.002634,-0.042480,0.008666,-0.019240,0.004442,-0.051257,0.022512,0.208643,-0.028139,0.043859,0.040662,0.080328,-0.113124,-0.002718,-0.123882,-0.035278,-0.056610,0.034291,0.010440,0.093419,-0.109187,0.021009,-0.030521,0.112896,-0.048007,-0.007313,0.004873,0.058931,-0.014567,-0.011972
0.029006,-0.035544,-0.002466,-0.021285,0.138765,0.045040,0.027593,0.032949,-0.032133,-0.000625,-0.069735,0.040327,-0.074429,0.020666,-0.061432,0.053039,-0.015012,0.062694,-0.036885,0.007170,0.007861,-0.032008,-0.044330,-0.018112,0.011501,-0.037468,0.022201,0.026540,0.123555,-0.059960,-0.061720,-0.013827,-0.009597,0.028956,0.013026,-0.246622,-0.030726,-0.007339,-0.062776,-0.060904,0.055517,-0.086622,0.010209,-0.089408,-0.081751,-0.035867,0.085351,0.005712,0.101601,-0.088516,-0.062964,0.110129,0.068702,-0.018783,0.082739,-0.113462,0.030105,-0.033295,0.001318,-0.018430,-0.024368,0.037945,-0.042544,-0.031818,-0.009010,-0.079182,0.053349,0.036254,0.004642,0.201917,-0.000429,-0.072605,1.208271,-0.019165,-0.009958,-0.000435,-0.018658,0.011945,-0.039442,-0.089730,-0.005425,-0.039772,-0.001793,-0.029571,0.029324,0.046503,-0.033123,-0.021741,0.000468,0.024540,-0.069265,-0.028309,0.026282,-0.065010,-0.043847,0.017129,-0.006655,-0.085695,0.049257,-0.007779,0.014706,-0.030632,-0.006640,-0.009591,0.099733,-0.003808,0.021627,0.008044,0.050156,-0.008861,0.029538,-0.032369,-0.022448,-0.010197,0.331753,0.081551,-0.049392,-0.009396,-0.067687,-0.008562,0.034776,0.013886,-0.031053,-0.006564,0.047036,-0.097587,-0.001304,-0.095170
-0.029881,0.023615,-0.005105,-0.011551,-0.007518,-0.042824,0.069589,-0.008382,-0.090618,-0.038736,0.031264,-0.046616,-0.096165,-0.012202,0.015535,-0.020094,-0.127601,-0.073727,-0.041497,-0.004912,0.380911,-0.068291,-0.044516,0.256255,-0.092574,0.254155,-0.140334,-0.004709,-0.035068,-0.011599,-0.054793,0.173875,-0.005633,-0.100132,-0.015012,-0.039270,-0.049309,0.021573,-0.026203,0.052244,-0.021328,-0.074532,-0.080518,0.022987,-0.080754,-0.113269,0.010479,0.001154,-0.016236,-0.051335,-0.020146,-0.144230,-0.006088,-0.002651,0.037959,-0.028377,0.000588,-0.061604,-0.003390,0.023817,-0.016404,0.318616,-0.025340,-0.089674,0.113001,-0.039200,0.017336,0.006772,-0.012092,0.019480,0.216441,0.257551,0.009099,0.145737,0.004769,-0.005506,0.022370,-0.148756,0.258890,-0.014715,0.000687,-0.010738,-0.012313,0.040863,-0.015454,-0.051488,-0.079354,-0.019677,0.027938,-0.066420,0.056768,-0.004356,-0.051288,-0.035641,-0.116375,-0.049272,-0.120438,-0.050078,-0.048632,0.022696,-0.024716,-0.099646,-0.087002,0.021371,-0.118927,0.011591,-0.077835,-0.044818,-0.009960,-0.047170,-0.019924,0.020290,0.474229,-0.101905,0.037361,-0.162306,0.483413,-0.116083,0.282509,-0.052766,0.020040,0.047972,0.022209,-0.024391,0.007604,-0.068523,-0.092030,0.057167
-0.016478,0.006862,-0.008453,0.001851,-0.075068,0.048541,0.041407,-0.017276,-0.103197,0.001434,-0.069345,0.001127,0.080376,0.021438,-0.035636,-0.027681,0.002989,-0.068395,0.018897,-0.065381,0.010094,-0.061841,0.017185,-0.005494,-0.004946,-0.000316,-0.004581,0.060437,0.012092,0.035416,0.022001,0.019612,0.027117,0.005274,-0.032697,0.028065,0.034533,-0.002468,0.004623,0.008732,0.193980,-0.009519,0.048724,-0.029890,0.046064,0.058834,0.009896,0.006886,-0.007747,-0.086775,0.023492,0.014594,0.081967,-0.204791,0.218393,-0.022592,0.001832,-0.088114,0.006976,-0.143785,-0.044538,-0.015628,0.048293,-0.007734,0.002855,0.051638,0.054023,0.043107,0.027107,-0.032043,-0.010672,0.017397,0.013633,0.032386,-0.019582,0.023846,0.062485,-0.105732,-0.009490,-0.055321,0.000756,-0.022199,-0.005614,0.050127,0.014249,0.041374,-0.021461,-0.057827,0.017256,0.008449,-0.025980,0.037640,0.035661,0.036962,0.008573,0.077487,-0.028318,-0.046859,0.085143,0.020772,-0.008057,-0.043315,-0.023617,0.017318,0.020413,-0.060262,0.019381,0.046561,-0.020853,0.033048,-0.022520,-0.035379,0.036340,0.073710,0.013193,0.019983,-0.029646,-0.003084,0.028431,-0.064052,0.056267,-0.013921,0.038075,-0.026913,0.050037,0.111185,-0.106575,0.095374
-0.063251,0.152189,-0.000328,0.070995,0.024060,-0.026213,-0.041986,-0.054922,0.221484,-0.004843,0.029365,0.009980,-0.024263,0.085554,0.053692,0.016200,-0.015774,0.087032,0.029300,-0.070849,0.024754,0.152591,-0.038096,-0.011355,0.025153,-0.015935,0.014821,-0.087157,0.003454,-0.076344,-0.036827,-0.002484,-0.113029,-0.002393,0.019138,0.085233,0.005773,0.003540,-0.001016,0.003691,0.149668,-0.039441,0.060480,-0.046432,-0.047239,0.074714,0.001923,-0.009790,-0.023641,-0.006062,-0.023958,0.012097,-0.016729,0.071658,-0.012512,-0.034439,-0.026795,0.154686,0.005849,0.012162,0.037411,0.004164,-0.002889,-0.025228,-0.004319,0.097154,0.043774,0.037055,-0.034379,-0.056994,0.005785,0.016927,0.035558,-0.018673,-0.083652,-0.000105,-0.074581,0.013431,-0.020447,-0.020997,-0.028824,0.001296,0.021358,0.079767,-0.061999,-0.065663,0.034153,-0.042509,0.011264,-0.019893,0.005762,0.033353,0.049084,-0.126925,-0.003779,-0.008857,0.042582,0.205793,-0.005852,-0.047932,-0.133024,0.049287,0.068477,-0.038681,0.007132,0.023151,-0.010640,-0.077425,-0.014910,-0.015104,0.023750,-0.055521,0.009398,-0.074903,0.034236,-0.063078,0.025247,0.006292,0.044266,0.001193,-0.014059,0.044756,0.044331,0.013998,-0.083128,-0.145578,-0.009595,0.077526
0.002580,-0.006763,0.003978,0.012580,-0.005917,0.002267,-0.007907,-0.002441,0.000529,0.005347,-0.000716,-0.003524,-0.007213,0.001618,-0.005287,-0.005369,-0.001251,0.008082,0.007213,0.014217,0.001451,0.006957,-0.004952,0.003918,0.001067,0.001397,-0.000623,-0.008240,0.010827,0.003291,-0.013454,0.003182,0.005916,0.000668,0.003761,0.000417,0.009856,0.002283,-0.003252,0.001885,-0.011985,-0.007056,0.001546,-0.001380,0.005389,0.008184,0.001198,0.001740,-0.001173,0.005135,-0.004211,-0.007665,-0.008420,-0.008572,-0.009600,-0.002563,0.008377,-0.003611,0.002408,0.007727,-0.000703,-0.011022,-0.010683,-0.002273,-0.006815,-0.001310,-0.004873,0.006024,0.006026,0.001110,-0.005857,0.006111,0.005271,0.000377,-0.002562,-0.007304,-0.004194,0.002075,0.009067,0.001510,0.000131,0.000420,-0.010006,0.002928,-0.007469,-0.000558,0.006991,-0.003855,-0.003058,0.003350,0.011298,0.010986,0.003054,0.004261,0.000070,0.002119,0.000443,-0.005919,-0.002404,0.001496,0.000195,-0.009623,-0.005828,0.012924,-0.008150,0.001352,-0.002125,-0.002877,0.005976,0.001213,0.001114,-0.002904,-0.003338,-0.011105,-0.002623,-0.010776,-0.000762,-0.000984,0.001845,0.012903,-0.002836,-0.000276,-0.008100,-0.012804,-0.003305,0.012329,-0.003182,-0.004051
-0.041471,-0.057609,0.036901,0.028815,-0.005623,-0.079629,0.000101,-0.018103,-0.064071,0.019292,-0.209976,-0.076328,-0.019654,-0.021836,-0.050362,0.096879,-0.049863,-0.086886,-0.101508,0.044966,-0.023489,0.008517,-0.028806,-0.008036,0.032118,0.031337,0.036715,0.053523,0.052755,0.020639,0.111459,0.004756,-0.035533,-0.148255,0.034428,0.044126,-0.017968,0.020545,0.095227,0.118065,0.020896,0.105732,-0.060346,0.024084,-0.011153,-0.150565,-0.015189,-0.013474,0.051607,0.137463,0.040407,-0.054885,0.016239,-0.073442,0.124003,-0.032559,0.000568,-0.038175,0.002700,-0.088016,0.063407,0.031752,0.098606,-0.084604,-0.019524,0.002099,0.097652,0.076036,0.039807,0.105684,-0.063785,-0.015096,0.068544,0.074769,-0.026271,0.003097,0.118617,0.102713,0.003362,0.048048,-0.064405,-0.006126,-0.080452,0.012662,0.025151,-0.002906,-0.086161,0.066725,-0.001513,0.115567,0.029546,-0.037802,0.168862,-0.039481,0.006949,0.010810,0.041798,0.060509,-0.042998,-0.255169,-0.007051,-0.000639,0.096922,0.032056,-0.047677,0.325186,0.002709,-0.033350,-0.085662,-0.043219,-0.015278,-0.010506,-0.005385,-0.112759,-0.023681,-0.049449,0.025174,0.028819,0.039706,0.051458,0.112757,0.034067,-0.032940,-0.001004,0.021650,0.219340,0.013092,0.142798
-0.002129,-0.010312,-0.006430,-0.004766,-0.009102,-0.003362,0.000316,0.000331,0.003845,0.008594,-0.003520,-0.000568,-0.006411,-0.006968,0.003539,-0.011509,-0.002701,-0.006454,-0.005221,-0.001960,-0.001508,-0.002185,-0.005074,0.000222,0.004627,0.000454,-0.007859,0.014479,-0.002836,0.000567,-0.002236,0.001011,-0.006679,-0.006747,0.010297,0.007716,-0.013427,0.006671,-0.000607,-0.000598,-0.005635,0.013819,-0.000612,-0.002975,0.002873,-0.001380,-0.000473,-0.006128,-0.002148,-0.005893,-0.000385,-0.001300,-0.010559,0.012881,-0.003755,-0.002182,-0.006011,0.001227,0.002253,-0.002460,0.001089,-0.001530,0.005103,0.002029,-0.001607,-0.017226,0.005873,0.009421,-0.000164,0.000729,0.000878,-0.001513,-0.001623,0.000044,0.001247,-0.022613,0.004498,-0.004493,-0.005087,-0.001321,-0.001328,0.002445,0.002267,-0.001006,0.018395,0.011445,0.008668,-0.002542,0.013398,0.001583,0.002981,-0.002207,-0.007356,-0.030825,0.004432,-0.009928,0.001241,0.006873,-0.001559,0.000768,-0.011296,0.005635,-0.000319,0.011027,0.009247,0.003860,-0.000216,0.005594,0.003763,0.001760,-0.008429,0.004781,0.005095,-0.002258,-0.001300,0.004819,-0.000222,-0.000673,-0.000913,0.018093,0.008529,-0.004313,0.009194,0.002839,0.004280,0.000077,0.009491,0.001520
0.080158,-0.003068,-0.035044,-0.011725,-0.023178,0.068349,0.093837,0.020696,0.085327,0.022097,0.022281,-0.037734,-0.045062,-0.022016,-0.038678,-0.062182,0.052947,0.077826,0.040617,0.000598,-0.014851,-0.024573,0.013830,0.222158,-0.043154,0.006126,0.032143,-0.007528,-0.022204,0.049861,-0.008987,0.083080,0.000570,-0.028868,-0.193088,-0.057464,0.028150,-0.154444,0.019135,-0.018356,0.070772,0.016690,-0.087945,-0.010425,-0.040465,0.026511,-1.272045,-0.003072,0.023718,-0.002607,-0.068575,-0.033670,-0.002504,-0.035025,0.072064,-0.053131,0.003973,0.021103,0.001500,-0.042375,0.067037,-0.018236,0.069717,-0.016572,0.047856,-0.039914,-0.007818,0.021648,-0.000834,0.013710,-0.118884,0.111482,0.069313,0.020533,0.002794,-0.000212,-0.046893,0.033841,0.137908,0.000279,0.043162,0.094951,0.040052,0.061536,0.012785,-0.014936,0.200690,0.032319,0.173930,0.053132,-0.008508,-0.004711,0.017373,-0.008322,0.146246,0.020643,0.027361,-0.021142,-0.048226,0.008241,-0.066426,0.031551,-0.014809,-0.076670,0.051293,0.037922,-0.008789,-0.009034,0.018436,-0.010580,-0.093599,-0.055638,-0.021982,-0.038651,-0.031462,-0.017123,0.027838,-0.012463,-0.014353,-0.014281,0.006115,0.075624,-0.033002,-0.002520,-0.009343,-0.066931,0.065701,-0.067716
-0.044550,0.123293,-0.003067,0.069467,-0.002677,0.033855,0.018547,0.026548,-0.047188,0.046946,0.091479,0.001868,0.009464,0.065857,0.070171,-0.033255,-0.133934,0.126419,0.032768,-0.052862,-0.075353,-0.099377,0.022829,0.097968,-0.275250,-0.024885,0.300558,0.088863,-0.143271,0.085348,0.002088,-0.047383,0.145700,0.008975,-0.020098,0.026906,0.161896,0.105731,-0.023928,0.078396,0.093225,0.045782,0.029122,0.153442,0.003614,-0.151137,0.132264,0.007583,0.015282,-0.129985,-0.176880,-0.159952,0.085566,0.054876,0.098622,-0.239428,-0.069455,0.020086,0.010036,0.096419,0.037499,0.066267,0.026758,0.061318,-0.022908,-0.120496,-0.008372,-0.009800,0.030670,-0.000469,-0.197064,0.103697,-0.021515,0.024467,-0.008343,0.009246,0.129694,-0.140182,-0.013210,-0.036281,0.035646,0.030397,0.014168,0.126044,0.027996,0.041162,-0.119220,0.075818,0.060370,0.037349,0.009401,0.090210,-0.007343,0.020427,0.457235,0.044785,0.209221,0.064899,0.110381,-0.074355,0.036294,-0.057316,-0.027606,-0.049639,-0.199814,0.142261,-0.009718,0.081017,-0.043581,0.107585,-0.129304,0.017707,0.012601,0.009705,-0.050454,-0.016281,-0.136496,0.139530,0.034028,-0.004768,0.030710,-0.150397,0.020861,0.018332,0.057415,-0.106175,-0.117989,0.000401
-0.007851,-0.001234,-0.000835,0.009946,0.000353,0.005065,-0.000177,0.004525,0.000561,-0.011161,0.002879,-0.003568,0.011112,0.012144,0.017145,-0.018795,-0.006867,-0.004443,0.007907,-0.006196,0.000768,-0.018620,0.001793,0.007533,0.000127,0.000074,0.007789,-0.009566,0.006899,0.000736,0.011708,0.014932,0.010182,-0.022811,0.003828,-0.005896,0.005770,0.005597,-0.000492,0.004302,0.018326,-0.006582,0.008096,-0.010614,-0.006132,0.004355,-0.000939,0.001302,-0.012888,-0.000014,-0.011050,0.003210,-0.021725,0.013012,0.017451,-0.001314,-0.001528,0.007900,-0.007870,-0.002808,0.011846,-0.000063,0.004303,-0.001815,-0.004450,-0.007358,-0.004128,0.004052,0.004710,-0.008803,0.001902,-0.006675,0.005248,-0.002985,-0.002132,0.009018,0.005298,0.005704,-0.003177,0.003154,-0.002630,-0.001373,-0.018066,-0.015607,-0.002150,0.013646,0.001338,0.001214,-0.005587,-0.012577,0.001514,-0.001960,0.018200,0.013230,0.002291,0.006443,-0.002494,0.004758,0.003345,0.001516,-0.009721,-0.006386,-0.000413,-0.010482,-0.001918,0.005322,-0.002145,-0.007645,0.004101,-0.000756,0.022847,0.011843,0.000317,0.010831,-0.000016,0.006986,0.004672,-0.001751,-0.001245,-0.008334,0.001649,0.004187,-0.006243,-0.012409,-0.026206,0.000833,-0.011192,-0.000534
0.011157,0.000225,-0.008938,0.003636,-0.004782,0.003670,0.005081,0.006787,-0.005979,0.008135,-0.000046,-0.000297,-0.003366,-0.005653,0.010009,-0.011644,0.003002,0.007688,0.005037,-0.001795,0.000217,0.008224,0.004087,-0.004077,-0.001019,-0.004502,-0.003397,-0.011142,0.000162,-0.010563,0.000933,0.001725,0.000493,-0.006243,-0.002869,0.002373,0.013182,0.019713,0.004603,-0.001358,-0.007506,-0.004864,0.012710,-0.002123,-0.004775,0.013370,-0.001796,0.006411,0.013117,0.011028,-0.006385,0.007707,-0.015332,0.002983,-0.001616,-0.002976,-0.009046,-0.001956,-0.000327,0.003842,0.009304,-0.008923,0.005697,-0.007894,-0.004381,-0.001109,-0.008389,-0.007438,0.000921,-0.002503,-0.000412,0.003911,0.005260,0.001196,-0.000435,0.000698,0.000694,-0.016997,-0.002910,0.002021,0.000991,-0.012146,0.010573,0.003569,-0.004268,0.013386,-0.011599,0.023087,0.013777,-0.007023,0.008932,0.009931,0.012590,0.027023,-0.002444,0.016804,-0.000854,0.007143,-0.002024,0.002898,0.014482,0.002800,-0.001874,0.012428,-0.006316,0.003044,0.000307,0.011412,0.001080,-0.001985,-0.005503,0.015110,0.003354,-0.006974,-0.000251,-0.004452,-0.000051,-0.007583,-0.000196,-0.016241,0.002276,0.003093,-0.012141,-0.005805,-0.012588,0.008575,-0.000787,-0.005473
0.007491,0.021666,-0.014190,-0.035770,-0.321958,0.124718,-0.073010,0.035194,-0.008655,0.024713,0.005988,0.009204,0.063960,-0.088034,-0.037213,0.078689,0.002932,-0.073900,0.036658,0.081171,0.014987,0.017763,0.108004,0.036925,0.020262,0.021049,-0.007690,0.020691,0.016340,0.022670,-0.073495,-0.030966,0.024731,0.014234,0.017463,0.031030,-0.070036,-0.020288,0.043841,0.029111,0.080064,-0.090628,0.021488,0.062381,-0.046917,-0.064380,0.028342,-0.003354,-0.140057,-0.127884,0.088912,-0.027317,0.019655,-0.058705,0.192367,0.019614,-0.020836,0.050544,-0.009180,0.096733,0.099810,0.014631,0.173363,-0.057519,-0.048178,0.103166,0.017110,0.108098,0.059626,-0.078399,0.095240,0.060650,0.095224,-0.044076,-0.014653,-0.000450,-0.061986,-0.142923,-0.018456,-0.198145,0.060874,-0.182046,-0.004986,0.059201,-0.089055,-0.068181,0.005957,-0.088501,-0.017190,-0.069678,-0.042842,-0.089459,0.037742,-0.120353,0.031016,-0.163314,0.124140,-0.202188,-0.065867,0.050570,-0.103351,-0.066588,0.032911,0.064091,0.025570,0.082447,-0.084899,-0.006868,0.019878,0.067504,0.011432,-0.050227,0.015645,-0.216857,-0.010356,-0.231915,-0.046374,-0.025277,-0.016488,0.071018,0.033483,-0.026400,-0.033148,-0.001083,0.000298,-0.050328,-0.104357,0.094493
0.059986,0.106750,0.032865,-0.025485,-0.015553,-0.035331,-0.006488,-0.041793,-0.064363,-0.074575,-0.027488,-0.012000,0.089250,0.045226,0.038985,-0.062375,-0.016037,0.082204,-0.105920,0.059899,-0.055261,0.098972,-0.029047,-0.008013,-0.015182,-0.054186,0.021571,-0.037502,0.001226,-0.188109,-0.025993,0.122868,-0.006716,0.008140,0.013858,0.032068,-0.010060,0.055503,0.076009,0.001886,-0.055364,-0.144022,-0.021318,-0.010141,-0.032864,-0.038880,0.079148,0.007423,0.030566,0.149596,-0.025360,-0.006603,-0.212716,-0.167264,-0.191133,-0.062632,0.094591,0.069232,0.011533,-0.068642,0.042634,0.000855,0.041135,0.003762,-0.000841,-0.042228,-0.004858,-0.030876,-0.102554,-0.037544,-0.025784,-0.010953,-0.051163,0.028947,-0.004676,-0.005224,0.095742,0.026613,0.003859,-0.073801,0.064644,0.108382,-0.044415,0.228081,-0.066264,-0.076433,0.132867,-0.006365,-0.031254,-0.084608,0.031536,0.132306,-0.117460,0.147626,-0.028265,-0.134738,-0.027076,0.036161,-0.022873,-0.009397,-0.030569,-0.041028,-0.123241,-0.020130,0.046467,0.224454,-0.079008,-0.047037,0.080374,-0.026277,0.032133,-0.029836,0.031776,0.055188,0.018787,-0.049121,-0.074626,0.033655,-0.050052,-0.084879,0.206991,-0.002855,-0.061341,0.005407,-0.089080,-0.145315,0.043023,-0.074443
0.084436,-0.076633,-0.003815,0.042111,0.021516,-0.021803,-0.009752,-0.013428,-0.004467,-0.038861,-0.006941,-0.030691,-0.019759,-0.041284,0.012749,0.096903,-0.033379,0.024701,0.044697,-0.161682,-0.000530,0.111011,-0.099336,-0.006426,0.012790,0.026508,0.002725,-0.029657,0.016447,0.195284,0.134924,0.046249,-0.187683,-0.077500,0.051335,0.047738,0.047693,0.024264,0.022393,0.031551,-0.080363,0.013332,0.020761,-0.144447,0.000211,-0.134024,0.008844,0.000624,-0.066023,-0.025748,-0.112399,0.006000,-0.090767,0.076238,0.082796,-0.078331,0.024438,-0.040571,0.009057,-0.051455,-0.043492,-0.027721,-0.000064,-0.090739,0.013803,0.056328,0.031984,0.102759,-0.025238,0.086868,-0.009770,0.013797,-0.015241,-0.058197,0.064511,0.000139,-0.071806,0.013805,0.009135,-0.105167,0.066829,-0.191784,0.023894,-0.042446,0.023005,0.027931,0.018585,-0.138293,0.035935,-0.041894,0.099199,0.001746,-0.116491,0.019133,-0.005412,0.236388,0.032361,-0.000052,0.114545,0.027510,0.081834,0.030764,0.141473,-0.067434,0.005394,-0.000189,0.069713,-0.149054,0.041230,-0.076571,0.054829,-0.101956,-0.047865,0.030535,0.031186,0.015254,0.005382,-0.016604,0.027544,0.022725,-0.043021,0.063080,-0.117859,0.020680,-0.001686,-0.136995,0.092024,-0.040688
0.099674,-0.012823,0.234697,0.001133,-0.034968,-0.031217,-0.098030,0.000773,-0.001914,-0.005292,-0.076819,0.125526,0.019236,-0.069052,0.014324,-0.032416,-0.123196,-0.076335,-0.005998,0.041982,-0.100543,0.024485,0.000689,-0.194568,0.206781,0.073402,0.382873,-0.016922,-0.031334,-0.006416,0.014691,0.003227,-0.030844,0.055260,-0.032511,0.045237,-0.252298,0.364466,-0.013718,-0.044679,-0.047312,0.050782,-0.048259,-0.034225,-0.000189,-0.006795,-0.054669,-0.027144,0.139253,0.015214,-0.010285,0.099063,-0.025923,0.047450,-0.136354,-0.245023,0.027860,0.038089,-0.008586,-0.049228,-0.018285,-0.100826,-0.048352,0.025476,0.019220,0.009184,-0.060928,-0.042406,-0.018779,0.014824,-0.161471,0.132640,-0.003727,0.128877,-0.007798,-0.009941,0.016026,0.023126,0.204863,0.000230,0.058391,-0.065268,-0.007163,-0.040630,-0.109539,0.000507,-0.006418,-0.004568,0.006645,-0.076714,-0.040215,-0.061939,-0.072991,-0.008794,0.181477,-0.039835,0.262066,0.009979,-0.029696,0.046918,0.026893,-0.038945,0.007391,-0.060122,0.006972,-0.078043,0.006485,-0.039204,-0.008403,0.273050,0.128348,0.016815,0.078688,0.104237,0.065218,0.041003,-0.045760,0.183717,0.131844,-0.012836,-0.043880,-0.215306,0.011767,-0.028881,-0.062641,0.027694,0.035443,-0.026846
0.041042,-0.004344,-0.010627,-0.026506,-0.014934,-0.002501,-0.284812,0.021834,0.028270,-0.032796,0.000275,-0.159582,-0.038579,0.018406,0.078324,0.031152,-0.127732,-0.035249,-0.027578,0.017660,0.073228,0.135066,-0.005959,0.633347,-0.060870,0.111105,-0.168781,-0.057821,0.014539,0.026132,-0.062814,-0.201292,-0.072651,-0.004826,-0.226608,0.034702,0.200144,0.068475,0.072363,0.266612,-0.043280,-0.021118,0.025705,0.066089,0.080033,-0.088617,0.041547,0.005049,-0.094493,0.000120,-0.020281,0.207723,0.048610,-0.008007,-0.021084,-0.175626,0.048734,0.069181,-0.006245,-0.072993,0.048232,-0.107114,-0.182421,0.023156,0.176798,0.066000,-0.047286,-0.092708,-0.045551,0.061931,-0.108156,-0.020504,-0.011684,0.005467,0.007310,-0.001822,-0.082312,0.048635,-0.156840,0.081024,-0.028998,0.029928,0.010109,0.011144,0.018081,0.035601,-0.084522,-0.081149,0.159748,0.008373,-0.074003,0.059801,-0.017344,-0.023244,0.194548,0.024199,-0.008388,0.029675,0.076804,-0.021091,0.047748,0.064819,-0.036426,-0.092453,-0.031856,0.107086,-0.072643,-0.033966,-0.001626,-0.069902,0.125791,-0.091085,0.287213,0.090509,0.076425,0.112134,0.029011,0.199872,0.064168,-0.017695,-0.005140,0.081715,-0.063199,0.013312,-0.004531,0.121505,0.094615,-0.074772
0.035547,-0.009658,0.208314,-0.024389,-0.000872,0.054343,-0.028082,0.035615,-0.010145,-0.017171,-0.002192,0.052062,-0.038897,0.035781,0.063933,0.060656,-0.174696,0.050339,0.035141,0.039462,0.002967,0.050127,-0.000120,-0.098259,0.295183,0.039778,0.208791,0.019580,-0.198360,-0.019208,-0.048026,-0.062194,0.020281,0.009976,-0.084403,-0.042332,-0.180818,0.228437,-0.025669,0.069317,0.012266,-0.046953,0.000863,0.025917,-0.039778,-0.033023,0.028524,-0.005125,0.032192,-0.021919,-0.043918,-0.325695,0.026554,-0.010099,0.126223,0.040721,0.005234,0.049053,-0.000815,-0.045213,-0.012639,-0.133182,0.026882,0.006834,0.096051,-0.016503,0.011746,0.026019,-0.003537,0.003254,0.172944,-0.063202,-0.036881,0.063000,-0.016495,0.001918,0.047117,0.012050,0.124945,0.081052,-0.081559,0.030793,0.018097,-0.035460,0.081563,0.023474,-0.014523,-0.018320,0.177783,0.087204,0.016651,0.040307,0.083779,-0.024819,0.017645,-0.009650,0.050081,-0.060481,0.012443,0.034423,-0.029447,-0.002067,0.071459,0.004221,0.047976,-0.083623,0.037877,0.022448,0.075722,-1.087240,0.200049,-0.017438,-0.092964,-0.051053,-0.001424,0.013236,-0.021602,0.003868,0.011024,-0.026311,0.019467,0.239761,-0.033359,-0.003323,-0.039909,0.062227,0.011503,-0.000331
-0.056572,-0.041520,-0.135876,-0.051170,-0.049364,-0.077485,-0.664469,-0.013417,0.011024,0.004720,-0.018970,-0.027911,0.143909,-0.032468,-0.021449,0.098059,0.092684,-0.026156,0.076080,0.055008,0.007914,-0.186938,-0.002635,-0.009301,0.048353,0.038306,-0.067415,-0.022070,0.067950,-0.038387,0.106357,0.084684,0.119044,-0.028748,-0.062717,-0.030872,-0.119660,-0.008487,0.186163,-0.018140,0.262181,0.043767,0.004287,-0.020538,-0.002340,0.055555,0.141629,-0.004191,0.197547,0.025695,-0.231063,0.017689,0.085617,-0.112322,0.143718,-0.069733,-0.041441,-0.032970,-0.003694,-0.005122,0.065704,0.205520,0.147795,-0.062461,0.151645,-0.073762,0.001414,-0.028431,-0.016080,0.063975,-0.200825,0.210359,-0.052801,-0.066874,0.006871,-0.002468,-0.089153,-0.143870,0.084308,0.024894,-0.041487,0.245235,0.066094,-0.062890,-0.026555,-0.050109,0.286614,0.155100,0.022804,-0.030213,-0.104498,0.021042,0.021084,0.062444,-0.011854,0.010123,-0.018848,-0.176355,0.074257,-0.004360,-0.037450,-0.056349,0.071191,-0.109331,-0.226892,0.108265,0.020215,-0.025379,-0.012348,-0.024961,0.009398,0.014925,-0.451883,-0.139911,0.070695,-0.069095,0.008611,0.021748,0.039520,-0.011996,-0.013624,-0.046700,-0.058372,-0.014363,-0.019097,0.029649,0.087874,0.008571
0.002344,0.010748,-0.004695,-0.005168,-0.013093,0.003261,0.000096,-0.016365,-0.005534,0.002126,0.000167,0.000422,0.001357,-0.006691,-0.001645,-0.015056,-0.001620,0.013927,0.006533,-0.003091,0.000090,-0.003826,0.016396,-0.000825,0.001120,0.000675,-0.002589,0.002475,-0.000125,-0.005839,0.002341,0.006613,0.014043,-0.004912,0.008432,-0.000304,-0.007165,0.009241,0.007263,0.001183,-0.003956,-0.020464,0.008603,-0.009302,0.003631,0.000887,-0.000376,0.015393,0.002583,0.004530,0.002958,0.006545,-0.008622,-0.019029,-0.005171,0.001578,0.017351,0.004427,-0.007832,0.004012,-0.004352,-0.000054,-0.006742,-0.006193,-0.001036,-0.001176,0.016279,0.007584,0.004087,0.000034,0.012437,-0.001111,0.002001,-0.001482,0.012975,0.021264,-0.001866,0.002360,-0.006978,-0.002379,-0.004951,-0.001280,0.002642,-0.002206,0.006200,-0.010764,0.004615,-0.003608,0.004282,-0.004119,-0.000097,-0.008862,0.009499,-0.003242,0.013119,0.011524,0.002716,0.011023,-0.009792,0.004635,0.004808,-0.007272,-0.007508,0.000271,-0.004267,0.003375,-0.004384,0.001496,-0.000071,0.000675,-0.002137,-0.007383,0.002224,-0.007571,0.000065,0.006174,-0.000139,-0.003820,-0.000910,0.021504,0.006038,0.000623,-0.010294,-0.017662,-0.010128,0.014850,-0.005756,-0.005114
0.052776,0.007685,0.620838,-0.004065,0.018523,-0.011576,0.128493,-0.008658,-0.057465,-0.008025,0.034868,0.124335,-0.001607,0.035876,0.032032,0.006456,-0.000518,0.030410,-0.008145,0.003358,0.138730,-0.005278,-0.045458,0.148843,0.120787,-0.136317,-0.087741,-0.003969,0.071366,-0.025766,0.010096,0.398529,0.047880,0.005924,-0.098797,0.015888,-0.247051,0.182547,0.091513,-0.028905,-0.042072,0.011300,0.069935,0.098790,0.021949,0.018446,0.001142,-0.003495,-0.059958,-0.016352,-0.010565,0.537746,0.002532,0.013913,0.036637,-0.190767,0.020027,-0.023554,-0.006168,-0.019094,0.027847,0.124203,0.013732,-0.063614,-0.016068,0.043315,-0.033551,-0.014231,0.022571,0.100567,-0.046904,0.165726,-0.099026,0.117181,-0.004639,-0.002245,-0.012300,-0.008594,0.046194,-0.066849,0.114114,0.027289,-0.006906,-0.055262,0.025611,0.017319,0.033310,-0.032325,-0.116689,-0.001734,0.059961,0.047102,0.008297,-0.017750,-0.116583,0.032918,-0.003914,0.028554,0.065536,0.050549,0.025038,0.022181,0.030469,0.268310,-0.017043,-0.124682,0.223068,0.018944,0.029445,0.081937,0.114531,0.040749,-0.081529,0.013330,0.037253,0.046392,0.198824,0.076271,-0.233621,0.044062,-0.036446,0.068191,-0.001114,0.002334,0.018735,0.031706,0.074207,0.144155
-0.037762,-0.007531,0.008541,0.004953,0.040991,0.056460,-0.041824,0.035167,-0.019511,-0.008871,-0.068434,0.019061,0.127979,-0.047337,0.039963,0.004456,-0.043213,-0.020128,0.047990,0.008503,-0.026384,0.001371,-0.004119,0.016696,0.014907,-0.043819,-0.018127,-0.045462,-0.005217,-0.106212,0.039997,0.002574,-0.045866,0.112105,0.041904,0.009015,0.028250,-0.015607,0.136512,0.054349,0.012663,-0.087565,0.040883,-0.046608,-0.018869,-0.125178,0.007803,0.006565,-0.074981,-0.235876,-0.202679,-0.010724,-0.024675,-0.168633,0.191162,0.009459,0.056413,0.042177,-0.011342,0.089082,0.112989,0.008667,0.100720,0.030142,-0.036750,0.246698,-0.021328,0.119859,0.051584,-0.022632,0.013321,-0.033004,-0.000775,0.006204,-0.008304,0.008493,-0.048202,-0.125515,-0.003012,0.062877,-0.020188,0.047189,-0.004321,0.057148,-0.063800,0.031839,0.014827,-0.084151,-0.021455,0.051849,0.101167,0.082641,-0.011069,-0.067244,0.003511,0.008563,0.005845,0.077305,0.096926,0.029979,-0.124801,-0.021948,-0.006660,0.019746,0.040174,0.143378,-0.045875,0.003031,0.039235,0.018433,0.015543,0.025158,0.043852,0.007017,0.007827,0.094187,-0.006321,-0.011967,-0.037235,-0.008004,-0.021857,0.019863,-0.075485,0.011148,0.016747,-0.043768,-0.033114,-0.004082
0.196228,0.033584,-0.114569,0.031681,-0.069258,-0.038350,0.173550,0.046904,0.021251,0.034835,0.013691,-0.127681,0.000062,0.024340,0.040944,0.009257,0.260891,0.121755,0.144065,-0.050076,0.007196,-0.121714,-0.045061,-0.190468,-0.085785,0.252843,0.090490,0.055301,0.484750,0.042314,-0.001489,0.391850,0.108982,-0.070976,-0.205408,0.133513,-0.141305,0.186512,0.010003,-0.036942,0.054134,0.033573,-0.099562,0.024266,0.086469,-0.089859,0.118264,-0.013881,-0.073280,-0.007479,-0.001894,-0.117726,0.081245,0.057002,0.009121,-0.054564,-0.016295,0.218343,0.000315,-0.069352,0.050445,-0.104185,-0.083098,-0.060687,0.170748,-0.135869,-0.009208,0.038446,0.025464,0.095779,0.009875,-0.057994,0.047902,0.051615,0.043399,-0.012321,0.111654,0.089350,-0.064184,-0.085488,-0.006160,0.147855,0.013916,0.067731,0.083343,-0.000486,0.107568,0.120648,0.003510,0.014362,-0.090659,0.085006,0.027955,-0.000367,-0.145874,0.021120,0.014236,-0.016387,0.020773,-0.074901,-0.073455,0.086030,-0.029143,-0.086528,-0.044097,0.083286,-0.031432,0.002898,0.069785,-0.044951,-0.044804,-0.083369,0.053212,-0.087376,0.042292,-0.077275,-0.009333,0.269720,-0.253944,-0.037256,-0.037581,0.026994,0.019022,0.014209,0.041716,-0.003938,-0.008725,-0.001303
0.036957,0.013172,0.114681,-0.038447,0.018793,0.120470,0.053278,-0.051369,0.037835,-0.047772,-0.059240,0.092848,-0.035083,-0.039720,0.019912,0.043030,0.048165,0.001513,-0.067030,-0.010183,-0.002880,-0.016612,0.010681,0.059353,0.282262,-0.021879,0.469321,-0.047188,-0.061012,0.014675,-0.074955,-0.002786,-0.054154,-0.049490,0.226632,-0.046429,0.137997,-0.026481,-0.008750,0.006413,-0.048115,-0.050801,-0.028576,-0.048583,-0.056362,-0.010674,-0.029955,-0.005257,-0.080652,-0.043139,0.005036,-0.359036,-0.031843,0.015902,-0.000980,0.126222,0.001559,0.050220,-0.015365,-0.081939,0.001372,-0.044355,-0.036822,0.025796,0.528247,-0.069874,-0.017834,-0.018274,-0.023146,0.002135,-0.069888,0.126962,0.098050,0.408159,-0.039577,-0.013743,0.024240,-0.020857,-0.213914,0.210005,-0.170790,0.011359,0.084770,-0.001460,-0.062543,-0.041830,0.021812,-0.030700,0.121127,-0.005395,-0.038457,-0.034767,-0.030661,0.002503,-0.031462,0.035936,0.033471,-0.015141,-0.025137,-0.051960,-0.043636,0.016921,-0.022496,0.347144,0.027734,0.110512,-0.170632,-0.021693,-0.005544,0.241314,0.128526,-0.061292,-0.025916,-0.033251,0.032382,-0.032672,-0.018548,0.008602,0.019326,0.025172,0.026921,-0.162668,-0.049276,-0.012609,0.014222,0.035557,-0.126503,0.052026
-0.048354,0.071995,-0.003868,0.045917,0.049583,-0.018168,-0.053607,0.002564,0.058861,0.040700,0.037116,0.024868,-0.008511,-0.058792,-0.086974,0.042353,0.030606,-0.058091,0.059578,-0.095492,-0.065342,0.027996,-0.001235,0.009346,-0.012903,0.011961,0.040646,-0.058740,-0.037631,0.011649,0.099160,0.089559,0.175373,-0.002604,0.035532,0.028010,0.057961,-0.007053,-0.169862,-0.011095,0.145026,0.021286,-0.062160,-0.145262,-0.045518,-0.138848,-0.031717,0.012209,-0.018551,0.073270,-0.100522,-0.035616,0.036005,0.146678,-0.224635,0.067240,0.024185,0.087863,0.001282,-0.159200,0.000075,0.049682,-0.117856,-0.130950,-0.029050,0.262713,-0.015294,-0.203726,0.136456,-0.093770,-0.014075,0.001174,0.002879,0.003785,0.099714,-0.002027,-0.031641,-0.157172,0.041744,-0.033201,0.048577,-0.068526,-0.004824,0.123438,0.059501,-0.028956,0.117916,0.026358,-0.004669,-0.037309,-0.330991,0.241640,0.050773,-0.102271,-0.011123,0.025928,-0.011587,-0.051754,-0.029930,0.048186,-0.002093,0.001535,0.087736,0.053718,0.011091,0.001022,-0.013962,0.136818,-0.005417,-0.094181,0.011037,0.095374,0.029180,-0.089219,0.055575,-0.190000,-0.000633,-0.004136,-0.067308,0.056366,0.074249,0.045275,-0.003667,-0.000094,0.041351,0.067279,-0.078424,0.077522
-0.014315,0.163575,-0.019136,-0.129773,-0.150135,-0.021052,0.006718,-0.014240,0.030221,-0.014514,0.017738,0.034445,0.074992,0.087127,0.137490,0.021574,-0.051127,-0.043493,-0.004644,0.102178,0.022429,0.002276,-0.045906,0.027229,0.007500,0.050996,0.005476,0.010660,-0.007435,-0.079793,-0.089953,0.049073,0.084853,0.068568,0.008781,-0.094759,-0.017898,-0.001897,-0.045400,0.063189,0.187032,0.013632,0.047412,-0.077309,0.000136,-0.018726,0.016080,-0.012452,-0.087264,-0.056259,-0.011909,0.006322,0.007640,-0.041805,0.226340,0.066301,-0.036390,0.000170,0.006149,-0.045677,0.044845,0.002851,0.133061,-0.034550,-0.030447,0.031972,-0.086666,-0.098582,-0.025139,-0.020669,0.032080,0.012900,-0.017176,-0.041384,-0.015274,0.005628,-0.011567,-0.071105,0.003420,0.015327,-0.027202,-0.095219,0.030324,-0.024934,-0.012014,-0.125622,0.007551,0.010153,-0.010400,0.031525,-0.041784,-0.031646,0.004228,-0.044441,0.018406,0.205860,-0.001771,0.059235,0.007335,0.019820,-0.038798,0.054625,-0.113991,0.038914,0.021111,0.014589,-0.001756,0.082283,-0.060236,0.013873,0.023631,0.041675,-0.002559,0.088037,0.000016,0.098946,-0.015905,0.031199,0.016390,0.104833,0.099135,-0.020943,-0.005342,0.019878,-0.026263,-0.104877,-0.043203,0.003334
0.364303,0.099443,0.052048,-0.040491,-0.008198,0.020683,-0.007849,0.038857,-0.035242,-0.010959,0.266270,0.016300,-0.006176,-0.003771,0.021390,0.040647,0.034017,-0.107182,-0.052238,0.046894,0.035227,0.036312,0.004519,-0.063791,-0.112260,-0.095634,0.133113,-0.030916,0.031142,-0.043636,0.038579,0.068084,0.014771,-0.060181,0.130145,-0.036494,0.043232,-0.096413,0.041309,0.012285,-0.056891,0.016024,-0.013098,-0.039549,0.087415,0.038849,-0.016890,0.010443,-0.016910,0.044359,-0.005148,-0.077251,0.019420,-0.034837,-0.020857,-0.042521,0.044800,-0.471541,0.008624,0.407656,0.064132,-0.057383,-0.015677,0.056348,0.047314,0.034001,0.058071,-0.012453,0.018766,0.134552,-0.085735,-0.048632,-0.048196,-0.127122,0.018193,-0.002200,-0.071108,0.061895,-0.019604,-0.165497,-0.055642,-0.065937,-0.005534,-0.187696,0.006993,0.012067,-0.021042,0.017007,0.043613,-0.003385,-0.007795,0.028197,-0.071550,0.005058,0.066322,-0.016289,0.095789,0.128804,0.039345,0.234983,0.019805,0.027482,0.001690,-0.009056,-0.000910,0.251625,0.038334,0.038368,0.025643,-0.105702,-0.026678,-0.002192,0.016663,0.006453,0.095388,0.036648,-0.007169,0.031419,0.156786,-0.028404,0.007738,0.061442,0.044074,-0.009143,0.004986,0.054460,-0.028535,0.848284
-0.010871,0.044352,-0.022688,0.075694,-0.047974,0.003738,0.064071,0.013286,-0.143511,-0.051144,-0.038113,0.003263,0.046418,0.099304,0.052547,0.014573,0.010392,0.040605,0.074553,0.018007,-0.002502,-0.025831,0.000223,-0.029576,0.017354,0.021125,-0.003308,0.021992,0.022066,0.021167,-0.048984,-0.002990,-0.023501,0.065492,-0.004455,-0.016601,0.021005,-0.016604,0.056300,-0.002035,0.064133,0.109042,0.095317,0.040664,0.051863,-0.044334,-0.010538,0.000520,0.032449,0.087004,-0.012913,0.002358,0.002067,-0.005051,0.083372,0.003151,-0.040743,-0.314755,-0.003772,-0.077643,0.025947,-0.030900,0.054869,0.014208,-0.030679,0.057233,-0.035352,-0.074271,0.001193,0.019224,-0.019276,-0.030977,-0.014738,-0.012345,0.005502,-0.007929,0.003721,-0.273258,-0.028875,0.048216,0.011673,-0.026023,0.003201,-0.055622,0.059693,0.037810,-0.038803,0.048162,0.006642,0.001318,-0.008353,0.031422,-0.069356,0.019350,-0.012980,0.049657,-0.052622,0.064735,0.029400,0.016190,-0.002643,-0.055090,0.059478,-0.004439,0.003118,-0.001508,-0.027138,-0.016211,0.032888,-0.000573,0.015446,-0.044646,-0.001229,0.053744,-0.022627,0.178642,-0.007975,0.002676,-0.039166,0.039004,-0.030829,-0.017220,-0.027814,-0.002623,0.031447,0.024690,-0.044980,-0.049348
0.117187,0.035341,0.153424,-0.019289,0.011153,-1.103144,-0.028828,0.020367,-0.022896,0.056737,-0.072937,-0.031232,-0.006231,0.025531,-0.020465,0.043011,-0.094475,-0.006516,0.067098,0.080797,-0.054513,0.007197,-0.010253,-0.004064,-0.120453,-0.098449,0.003293,-0.009431,-0.045198,-0.030090,-0.021430,-0.130139,0.051543,0.054349,0.027779,-0.059247,0.142910,0.091308,0.097638,-0.048147,0.002477,-0.055633,0.007010,-0.010775,-0.015277,0.154150,-0.099212,-0.002102,-0.050386,0.018878,0.074616,-0.112513,0.023405,-0.031803,0.057992,-0.033036,-0.009970,0.070041,0.001217,0.004143,0.016390,-0.011741,0.029238,0.028688,0.263503,0.143475,-0.016380,0.003945,0.000648,-0.036315,0.313148,0.056402,0.027764,-0.089925,0.061912,-0.005994,0.073162,-0.072312,-0.138504,-0.106818,-0.082239,-0.037966,-0.432846,-0.085902,0.013251,0.099581,0.018348,0.014110,-0.054848,-0.043406,0.033200,0.021359,-0.028828,-0.020487,0.179034,0.047585,0.060898,-0.006039,0.045553,-0.055907,-0.017350,0.028093,0.013809,0.096486,-0.012300,0.020744,0.045703,0.062674,0.140929,0.022349,-0.022636,0.000521,0.036332,-0.015808,-0.074292,0.002401,-0.009633,0.007243,-0.104419,0.038445,-0.109436,-0.000432,0.053535,-0.007808,0.012780,-0.012367,-0.006218,-0.072825
0.025867,0.061069,-0.007661,0.057662,0.059141,0.025061,0.015133,0.057919,0.011926,0.010892,-0.026611,0.033977,0.031643,-0.079088,0.038501,0.065361,0.002029,0.056187,0.001142,-0.011328,-0.010463,0.028094,-0.007167,-0.005680,-0.009245,0.012653,0.009048,0.085967,-0.019497,-0.063955,0.022195,-0.001244,-0.017946,0.000286,-0.008045,-0.012813,0.009683,-0.000702,-0.000656,-0.023064,0.019445,0.003637,0.058499,-0.005342,0.006311,0.022767,-0.013977,-0.013058,0.020309,-0.001218,0.045254,0.016153,0.061903,-0.022797,0.026042,0.016158,0.009560,0.002955,0.001139,0.020150,-0.011427,0.012247,-0.024960,0.007283,-0.003026,0.030430,-0.010606,-0.017770,-0.018560,-0.042516,0.026398,-0.010899,-0.005907,0.002539,0.003799,0.008297,0.017474,0.017305,-0.017345,-0.004552,0.002831,0.044043,0.045242,0.001247,0.005650,0.056803,-0.038648,0.024052,0.002641,0.015942,-0.001772,0.028618,0.026643,0.029717,-0.001909,0.016060,-0.012757,0.029672,0.066028,0.041409,-0.008478,-0.032661,0.034813,-0.030033,-0.021380,-0.006248,0.005102,-0.040083,0.028428,0.005931,-0.013146,0.003589,-0.000582,0.003367,0.002016,-0.025616,0.009208,-0.012282,-0.009076,-0.038005,0.056349,0.001901,0.038428,0.000060,-0.030563,0.029250,-0.024882,0.007253
0.035198,0.001754,0.144787,0.032622,-0.018931,0.076286,0.258460,-0.085642,0.069292,-0.004957,-0.045133,-0.015416,0.019653,0.133508,-0.002767,0.196552,0.050463,0.137399,-0.081418,0.103853,0.124775,-0.102874,0.063568,0.023034,0.039080,0.078931,0.111130,0.053498,0.043500,0.182646,0.024718,-0.002096,-0.000172,-0.009054,-0.113350,0.050580,0.100122,0.077403,0.005148,0.173354,0.220394,0.020101,0.033627,-0.037862,0.090133,0.270445,0.160258,0.030570,-0.112208,0.029077,0.039729,0.022105,-0.004215,-0.056629,0.211772,0.074773,-0.069513,-0.052230,0.004492,0.106813,0.005954,-0.054561,0.017110,-0.030716,0.080759,0.016409,0.047815,0.026573,-0.004616,0.085526,-0.003005,0.215261,0.053334,-0.009211,0.076618,0.021559,-0.124279,-0.024472,0.117651,-0.097082,-0.025040,0.142766,0.007531,-0.109412,0.074291,0.029333,0.105998,-0.060340,0.069104,-0.029914,-0.110773,0.071837,-0.059735,0.018564,-0.043765,0.093332,0.023705,-0.041909,0.048219,-0.157998,-0.003059,0.102112,0.068570,0.039942,0.025496,-0.013612,-0.038246,0.080389,-0.027580,0.093022,-0.006076,0.138887,0.133100,-0.016585,-0.017140,-0.024115,-0.014426,0.055521,-0.018960,-0.038485,0.006488,-0.125652,-0.045675,0.013582,0.030475,-0.016551,0.226335,-0.038587
0.145609,0.107356,-0.139208,0.014291,0.189394,-0.037992,0.030271,-0.071375,0.049789,0.144181,0.060814,-0.073290,0.146496,-0.024771,-0.040610,-0.038497,0.026286,-0.050483,-0.057436,0.156163,0.087789,-0.101974,0.053637,0.118472,0.216768,0.221812,0.084492,-0.019361,0.129148,0.101036,-0.069240,-0.024740,0.118022,0.188948,0.010948,-0.053574,-0.062367,0.084934,-0.014678,0.038231,-0.036719,-0.066399,0.069131,0.005623,0.070467,-0.009502,-0.059504,-0.007936,-0.118791,-0.048109,-0.010041,0.048911,-0.040942,-0.022675,-0.121333,0.158830,0.140833,-0.136557,0.001725,0.197374,-0.007653,0.177907,0.030463,0.073351,-0.039126,-0.086951,0.160466,0.107284,0.207005,-0.302356,0.001624,-0.096142,0.136482,0.033486,0.055959,0.008783,0.231655,-0.094129,0.053907,0.149630,0.252680,-0.091692,-0.040978,-0.097997,0.109640,0.049117,0.185703,0.004630,-0.026619,0.095085,0.104311,0.073389,0.127113,0.037377,0.027508,-0.149712,-0.043722,-0.089671,0.002206,-0.099505,0.200048,0.095931,0.100020,-0.010406,-0.148194,-0.031958,-0.052352,0.156374,-0.005172,0.026793,0.138223,-0.014498,-0.167834,0.026952,-0.174674,0.160074,-0.039814,0.067132,0.372690,0.163054,-0.135229,-0.035720,0.068591,0.020035,0.053387,-0.018562,0.186931,0.058200
0.090588,0.137416,0.025264,0.017349,-0.026359,0.128220,-0.017870,-0.015082,-0.070877,-0.040685,-0.379734,-0.028150,0.073719,-0.068343,-0.015363,-0.007474,0.007736,-0.085061,-0.101168,-0.111857,-0.057963,0.156323,0.054644,-0.013930,0.006013,-0.052476,0.021617,-0.021210,0.007742,-0.112630,0.025926,0.069030,0.082580,-0.034703,0.026557,0.015851,0.056523,0.025456,0.044691,-0.040702,0.070035,0.029951,-0.028987,0.063178,-0.001625,0.147667,-0.059518,0.023194,0.099197,0.111250,0.171916,-0.025649,0.026139,-0.020607,-0.086190,-0.041405,0.002519,-0.082830,0.019020,0.062930,-0.029870,0.013529,0.053895,0.063462,-0.012764,0.075583,0.002499,-0.045849,0.070295,-0.009041,0.015361,-0.028103,-0.050869,-0.023473,-0.094196,0.011049,0.113733,0.040390,0.005458,-0.101589,0.064768,0.040839,-0.048744,-0.019303,-0.057279,0.007617,-0.027537,-0.147375,-0.004884,0.118284,0.043391,0.052849,0.041721,-0.053829,0.035052,-0.315043,-0.038786,-0.083497,0.022641,0.006432,-0.073072,-0.092780,0.143472,-0.042691,0.015302,0.075479,0.018525,-0.087221,-0.012088,0.022952,0.012360,0.099046,0.020897,-0.040317,0.048990,-0.023438,-0.025560,0.018358,-0.093139,-0.045654,-0.039012,-0.017643,0.007969,0.000502,-0.047777,0.095084,0.073894,-0.085421
-0.016402,0.018852,-0.030489,0.030872,-0.180108,0.015431,0.035293,-0.029963,0.051675,0.116716,0.040511,0.056785,0.037313,0.054968,-0.003225,-0.046963,0.013866,0.172876,-0.031587,-0.031126,0.027127,-0.028890,0.026982,0.004041,-0.033552,-0.002116,-0.015612,0.003714,-0.028904,0.000827,-0.025193,-0.014685,-0.014315,-0.018334,0.023244,0.096103,0.019804,0.004447,-0.098100,-0.007538,-0.021273,0.120583,-0.217978,-0.048562,0.138293,0.003899,0.034099,-0.000990,-0.012207,0.013717,-0.079619,-0.005919,0.076179,0.042472,-0.014521,-0.025229,-0.084324,0.080530,0.005951,0.016229,-0.074735,0.014068,0.008935,-0.024397,-0.006962,0.111833,-0.001306,-0.078703,0.050389,0.064808,-0.002528,-0.002872,-0.021369,0.073641,0.012058,0.000714,-0.077812,0.339124,0.009704,0.139952,0.018553,0.048880,-0.059087,0.029524,0.020623,-0.121468,-0.009925,-0.150384,0.017126,0.053325,-0.172376,0.012349,-0.008800,0.147653,0.000727,0.101257,0.014298,0.021069,0.056478,-0.062701,0.086153,0.013385,0.092664,0.013067,-0.030241,0.029873,0.021440,0.047374,0.056990,-0.061326,0.013043,-0.066044,-0.003427,-0.017185,0.043905,0.150404,0.009068,-0.002965,-0.028724,0.059974,-0.138442,-0.016591,0.141080,-0.013955,0.016123,-0.028406,0.195756,0.029634
-0.748063,0.259896,0.047168,0.005821,-0.083364,0.034557,-0.097991,-0.033678,0.029347,0.096625,0.192793,0.013637,-0.037792,-0.030956,0.124241,0.051815,0.161065,-0.013725,-0.032245,0.093553,-0.006462,0.126926,0.030102,-0.005571,-0.020594,-0.034527,-0.002233,-0.014527,0.094641,0.065185,0.065403,0.121963,-0.020696,0.081445,-0.094138,0.023975,-0.086054,0.147702,0.092051,-0.012059,-0.089930,0.032523,-0.065387,0.138794,-0.049633,0.058468,-0.028534,-0.002734,-0.009700,0.048741,0.070674,-0.312103,-0.121229,-0.074921,0.077841,-0.069173,0.010523,-0.030737,-0.009357,0.161725,0.039757,-0.039269,0.024952,0.090743,-0.010839,0.040805,-0.073595,-0.014613,-0.009124,0.108755,0.013483,0.033789,0.068923,-0.020909,0.028899,-0.003137,0.110035,0.062845,-0.224710,0.022457,0.010870,-0.308082,-0.045917,-0.207815,-0.037965,-0.000849,0.053400,-0.045117,-0.058344,0.036655,0.023063,-0.030748,-0.105769,0.025000,0.024414,-0.039004,-0.502188,0.034459,-0.124510,0.223212,0.018589,0.007329,0.069729,0.011930,-0.065781,-0.018232,0.104568,0.023703,0.027667,0.065330,-0.032513,-0.008317,0.193661,-0.004872,0.074124,0.041261,-0.036405,0.236923,0.081284,0.068707,-0.010225,0.064162,0.011766,-0.007815,-0.043913,0.006875,0.044046,-0.076664
0.068249,-0.021754,0.015424,-0.013496,0.049768,-0.040295,0.045404,-0.022590,-0.061753,-0.022175,0.169140,0.002599,0.016684,-0.068712,-0.009808,-0.077261,-0.021435,-0.043142,-0.013514,0.012313,-0.007500,-0.108147,0.048121,-0.010843,0.039818,-0.036292,0.022542,0.015181,-0.005623,0.101575,-0.059480,-0.000747,0.032136,0.038838,0.016272,0.034664,-0.003154,0.014587,-0.022625,-0.013208,0.153337,0.035415,0.155512,-0.035896,-0.076657,0.037325,-0.027951,-0.001883,0.070918,0.004811,0.241063,0.024984,-0.014776,-0.009297,0.071810,-0.034873,0.124643,0.021588,-0.011192,0.053558,-0.041175,0.010636,0.037462,0.018458,-0.011203,0.060812,-0.112711,0.014589,-0.083621,0.050706,0.029915,-0.018756,0.013038,0.032900,-0.095815,-0.002264,0.025722,0.062337,-0.027179,-0.049939,-0.047749,-0.099599,0.033525,0.202183,-0.155500,-0.027390,0.167861,-0.013249,0.009333,-0.125649,0.085618,-0.060557,-0.058886,0.023849,0.006636,-0.145830,-0.004407,0.044660,0.092084,-0.012229,0.122436,0.033932,0.014223,-0.026509,0.040695,-0.007703,0.025381,-0.090788,0.050503,0.004611,-0.004493,-0.059393,0.029181,-0.099859,0.003628,-0.066108,0.014172,-0.005489,-0.004933,0.077698,0.039479,-0.001099,-0.066191,0.000524,-0.108628,-0.042457,-0.022767,-0.084173
0.002889,0.014885,0.271805,0.020337,0.044592,0.032041,-0.079255,-0.031276,0.034447,0.004130,-0.015447,0.063760,0.073556,-0.025244,-0.005059,0.057483,-0.232523,0.142416,-0.088103,0.062971,0.089066,-0.013182,0.077124,0.199265,-0.130192,0.082750,0.071096,0.032748,0.186446,0.223158,0.002095,0.125378,-0.015059,-0.001228,0.055287,0.080953,0.035372,-0.006469,-0.084882,0.037239,0.070685,-0.072352,0.222718,-0.043240,0.135804,-0.089212,-0.061872,0.001206,0.761658,-0.063554,0.146157,-0.336694,0.080598,0.029453,-0.014581,-0.007213,0.060886,0.033376,-0.001859,-0.026699,-0.032473,0.090307,0.015052,-0.048199,-0.369513,-0.010591,0.012853,-0.000128,0.037593,-0.087624,0.062886,-0.061001,-0.032533,-0.018599,0.043780,0.007115,0.030934,-0.025002,-0.083049,0.026706,-0.093896,0.066837,0.023480,-0.024451,-0.075705,0.127036,-0.013165,-0.023570,0.049715,-0.019431,-0.022671,0.033657,-0.087067,-0.161219,-0.114409,0.102033,-0.044242,0.040470,0.025057,0.077956,-0.033382,-0.015289,0.017108,0.201942,-0.009913,-0.005334,-0.062429,0.013433,-0.158063,0.048566,-0.060998,0.012917,-0.127035,0.156756,-0.101667,0.199735,0.050088,0.106811,-0.073069,-0.108489,-0.020734,0.011212,0.024187,-0.005505,-0.023339,0.008192,-0.062734,-0.007291
0.069267,-0.008108,-0.012816,-0.011693,0.000630,0.150171,0.192692,0.042338,0.006247,0.106520,-0.022034,0.137685,-0.056810,0.013988,0.025116,0.014260,0.080119,-0.283123,0.284388,0.115764,0.012949,0.100319,0.034087,-0.037338,-0.092736,0.077671,0.000037,0.103260,-0.033328,0.130808,-0.032747,0.066880,-0.057357,-0.008355,-0.002959,-0.023589,-0.021498,0.020196,0.208850,0.067351,-0.037697,-0.011029,0.018226,0.113410,0.096543,-0.002553,0.033767,-0.001155,0.000920,-0.059585,0.127984,0.014777,-0.038626,-0.120720,0.050445,0.025864,0.019194,0.123040,0.001120,-0.005626,0.145752,0.014358,-0.130209,0.038678,0.038916,-0.158426,-0.077195,-0.068204,-0.073206,-0.160003,0.071288,-0.009766,0.048173,-0.085633,0.052392,-0.009901,0.046117,-0.262996,0.012395,-0.105948,-0.050438,0.010806,-0.007998,0.005513,0.007157,0.017753,0.038346,0.057869,-0.022279,0.243512,-0.006837,-0.040762,0.128381,-0.004527,0.024560,-0.183792,0.021426,-0.020184,-0.037692,0.142655,0.126498,-0.034907,0.007804,0.001955,0.025574,0.167026,0.023925,-0.021459,0.134449,-0.015822,-0.045092,-0.007499,0.005356,-0.026113,0.018625,-0.091747,0.039396,0.012855,-0.145645,-0.055346,-0.125302,-0.013488,-0.003365,-0.015171,-0.093796,0.104044,0.115995,-0.031752
0.048718,0.007807,-0.081876,-0.032280,-0.008499,-0.085588,-0.078087,-0.025904,-0.030911,-0.046224,-0.052861,-0.032943,0.013665,0.028269,0.075408,0.048499,0.876435,0.014186,0.068471,0.021962,-0.080523,0.153066,-0.038888,0.081007,-0.033631,0.216697,0.113424,-0.002557,0.060230,-0.113214,0.013035,0.141262,0.002753,0.093020,0.039401,-0.010853,-0.070855,-0.028902,-0.078698,-0.042458,-0.015987,0.021796,0.091184,-0.028302,0.017519,-0.066511,-0.126838,0.004374,-0.055317,-0.026650,-0.125307,-0.080263,-0.003489,0.021204,0.069337,-0.071014,-0.031328,-0.002983,-0.004530,-0.005810,-0.017437,-0.036125,0.033096,-0.033830,-0.197432,0.021843,0.015938,-0.084441,-0.019899,0.049817,0.215294,-0.109624,-0.020319,0.005242,-0.042094,0.008332,0.000412,0.071173,-0.292336,0.062131,-0.003032,-0.059441,-0.028930,-0.028425,0.013972,-0.014533,-0.009816,-0.002323,-0.030471,0.092265,0.033573,0.024238,0.016713,0.029012,-0.087318,0.060435,0.320471,0.057303,0.108417,-0.038138,0.062845,0.004783,0.021830,0.002206,0.055626,-0.035543,0.015883,0.042728,-0.072883,-0.029061,-0.036220,0.012021,0.162587,0.087642,0.001531,0.083988,0.044147,0.202865,-0.034082,-0.012982,0.035767,0.063019,-0.034490,-0.014559,-0.031737,0.016378,-0.121590,0.038536
0.046724,-0.024066,0.189139,0.009589,0.110224,-0.071573,0.011029,-0.023996,0.096386,0.078615,-0.037137,-0.030314,0.001448,-0.021487,-0.033850,-0.010339,-0.047373,-0.085801,-0.016904,0.023645,-0.039717,-0.098553,0.146860,0.118772,-0.113125,0.032857,0.061105,-0.028779,0.135326,0.176954,-0.012815,-0.118049,-0.015604,0.048859,0.026177,-0.015758,-0.037956,-0.003216,0.013696,0.066244,0.008817,0.059442,0.043129,-0.037581,-0.560452,-0.021809,0.007015,0.003714,-0.087209,-0.124707,-0.011285,-0.028345,0.024160,0.016102,-0.073270,-0.085402,-0.013095,0.125725,0.005215,-0.132450,-0.023959,0.018814,0.050968,0.121286,-0.174934,-0.064369,0.001478,-0.020373,-0.035376,0.647478,-0.006181,-0.034626,-0.123035,-0.209749,-0.002070,-0.008080,0.053657,-0.120200,0.009586,-0.009599,0.230500,0.015806,-0.034950,0.027101,-0.138957,-0.047224,-0.006709,0.054967,0.010281,0.126851,0.054250,-0.115609,0.418077,0.003482,-0.059736,-0.023162,-0.043404,0.001573,-0.010260,0.060237,0.015802,-0.126105,0.032853,0.057233,0.019120,-0.088131,-0.009059,0.038343,0.014119,-0.044352,-0.094790,-0.053710,-0.064138,0.019417,-0.041006,0.056312,-0.159685,0.040318,0.064322,0.097890,0.566117,0.009076,0.040927,0.000381,0.041870,0.037652,0.125674,0.106641
0.084884,0.006727,0.200175,0.009304,0.108180,0.189413,-0.055694,0.009045,-0.006868,0.016008,-0.062973,0.228993,-0.026084,0.002618,0.003577,0.050393,-0.073276,0.019725,-0.067337,0.067953,-0.051985,-0.032022,-0.028170,0.083428,0.116078,-0.048112,-0.152623,-0.000243,-0.041167,-0.080447,0.050271,-0.216439,0.056345,-0.033281,0.005779,-0.042357,0.123393,0.247971,0.045797,0.016224,-0.002273,-0.038540,0.010779,0.110175,-0.009643,0.024368,-0.054002,-0.001151,-0.100293,0.023528,0.028316,0.043686,0.042611,-0.002626,0.004002,-0.019404,0.006918,0.003061,-0.013107,-0.090460,0.054890,-0.125347,0.019314,-0.114335,0.105415,0.002924,0.034769,-0.045505,0.028549,0.000104,0.234798,0.013920,0.011807,-0.038737,0.049155,-0.009628,0.082401,0.072028,0.004800,0.144334,-0.014655,0.002780,0.076149,-0.098435,0.016204,-0.029840,0.067035,0.049320,0.089839,0.122351,0.008341,0.011825,0.077391,-0.011011,0.129919,-0.006196,0.216595,-0.018461,0.009305,0.080588,-0.011303,0.020874,0.042095,-0.073169,0.091706,-0.175609,0.214713,0.068465,-0.024291,0.250308,0.064223,0.064797,0.100952,-0.114687,0.030614,-0.060458,-0.032009,0.228907,-0.009164,-0.031598,0.057181,-0.266974,-0.002615,0.012752,0.025282,0.081159,-0.018541,0.069353
-0.035685,-0.052138,0.004408,0.067552,-0.068494,0.102860,-0.070733,0.017239,0.141976,0.058546,-0.065095,-0.008543,0.069072,0.080283,0.005113,-0.069756,-0.031266,0.025828,0.275067,-0.077913,-0.015482,-0.062222,0.054968,-0.004159,0.046609,-0.026514,-0.005699,-0.075409,0.004503,0.113992,0.026191,0.016566,-0.154997,0.097320,0.014111,-0.003990,0.010698,-0.021687,0.203055,0.046135,-0.078652,-0.037286,0.151765,-0.038163,0.018649,-0.133526,-0.008390,-0.000152,-0.079911,-0.010715,-0.086666,-0.030017,0.015576,-0.027306,-0.002644,0.033106,-0.024506,-0.231653,-0.006476,-0.003765,0.099570,-0.027863,0.037935,-0.042593,-0.047477,0.071830,0.019537,0.047052,-0.028811,-0.077015,0.003767,0.023890,-0.012571,-0.021369,-0.043102,-0.008250,0.084865,-0.079396,-0.010847,0.022064,-0.001478,0.029374,-0.041446,-0.066567,-0.014903,-0.009129,0.218368,-0.085466,0.002721,-0.019442,0.048450,0.088835,0.069520,-0.035773,0.022976,0.078844,-0.042127,-0.004381,0.112831,0.002305,-0.102113,0.113182,-0.019757,0.034538,-0.029682,0.068741,-0.043240,-0.079817,0.005814,0.007908,0.011477,-0.044997,0.025913,-0.026058,0.013123,0.005769,-0.000055,0.011646,-0.075812,0.024843,-0.050735,-0.012420,-0.006751,-0.022379,0.012623,0.061924,0.132034,-0.069977
0.024747,-0.024675,0.179274,0.003314,-0.114842,0.149571,0.046941,-0.027392,0.096071,0.040410,0.035220,0.044375,-0.035918,-0.004911,-0.070508,-0.079235,0.079059,0.016280,-0.003732,-0.047962,0.003380,-0.102066,-0.053073,0.009708,-0.952312,0.012554,0.072254,-0.040951,-0.182845,-0.056482,0.011606,-0.202823,-0.012978,0.143092,0.068821,0.003598,-0.030120,0.221788,-0.029321,-0.151991,0.042279,0.074601,-0.046969,-0.077547,0.015076,0.039319,0.057360,0.002981,0.016916,0.053858,0.028145,-0.174026,-0.063373,-0.021621,-0.023679,-0.000262,0.024480,-0.020016,-0.008341,0.087883,-0.062153,0.027028,0.009001,-0.073428,0.104463,-0.145112,-0.001826,0.074995,-0.004476,0.085024,0.098351,0.125741,0.057738,0.048285,0.009248,0.003136,0.141729,0.042187,-0.099635,0.054817,-0.006194,0.089870,0.132247,0.145532,0.018602,0.013645,0.192247,0.032336,0.093311,0.010190,0.060261,-0.027623,-0.055065,0.096097,-0.072971,-0.036734,0.107175,0.105395,-0.031160,-0.060148,-0.072966,0.055495,0.015644,0.021878,-0.192588,-0.071411,0.012028,-0.072379,-0.025413,0.007177,0.357998,-0.041213,-0.100464,0.055996,-0.080452,0.007601,0.037242,-0.093747,-0.026422,0.031771,-0.047816,0.057523,-0.046836,-0.003059,0.002566,0.052134,0.087283,-0.014151
-0.090771,-0.142825,-0.063469,0.060023,0.012182,-0.018493,0.056784,0.026533,-0.006020,0.071248,0.008391,-0.060741,0.083872,-0.093547,-0.063323,-0.125874,0.046093,-0.107731,-0.126368,-0.215155,0.007187,-0.166105,0.021190,0.013348,0.042849,-0.016680,-0.001785,0.033255,-0.003897,0.073824,0.159172,0.037720,-0.158531,-0.038460,0.017882,0.053399,0.051404,0.015650,-0.164195,-0.010583,-0.107632,0.029232,0.105019,-0.163547,-0.093117,0.066629,-0.045152,0.017740,-0.012034,-0.003939,-0.072387,0.029998,0.025949,-0.065856,0.068684,-0.003185,-0.102832,0.096630,0.013065,0.052280,-0.119666,-0.026389,0.015878,-0.042429,0.036144,-0.063604,0.027345,0.155971,0.059677,0.083171,-0.020507,-0.018066,-0.015492,0.107480,0.047292,-0.006791,0.032220,-0.119452,0.009963,0.120842,-0.015166,0.056211,-0.071437,-0.361905,-0.155293,0.043048,-0.062156,0.082034,0.055852,-0.039888,0.044579,-0.197400,0.034468,0.136326,0.045793,-0.022344,0.016844,-0.019904,-0.027540,-0.064754,-0.057624,0.030057,0.084968,-0.103832,-0.007423,-0.076330,0.025234,0.088471,-0.140515,-0.057850,-0.001159,0.069386,-0.022998,0.025011,0.069403,-0.076093,0.021756,-0.002983,0.045156,-0.125086,-0.156482,0.022196,0.002663,0.004179,-0.141967,0.101565,-0.000731,-0.035990
0.118884,-0.046872,-0.115609,-0.012342,0.071199,0.031585,0.079111,0.029838,0.071020,-0.015361,-0.032837,-0.037337,0.021509,0.008739,-0.032231,0.041146,0.127878,0.055490,0.075062,0.025434,0.079899,-0.031948,0.049467,-0.042343,0.030892,-1.175783,0.023157,-0.018844,0.222479,0.041983,-0.061434,-0.023711,-0.013435,-0.037227,-0.063943,-0.017215,-0.146207,0.102290,-0.031841,0.048917,0.005414,-0.051865,0.014601,-0.089831,0.005905,-0.059261,0.016733,-0.007051,-0.005450,-0.020255,-0.050841,-0.200592,0.022769,0.027035,0.064078,-0.003729,0.038459,0.034470,0.002061,-0.052662,-0.024972,0.169054,-0.027182,0.046039,-0.083681,-0.014503,0.026383,-0.002655,0.024552,-0.063118,-0.040084,0.110142,0.000997,-0.017355,-0.013868,-0.002249,0.000992,0.009564,-0.039007,0.016105,0.031431,0.081784,0.016013,0.006860,-0.001893,0.007696,0.109474,-0.033326,0.036892,0.039343,-0.011365,0.035673,0.060473,-0.053653,-0.026333,0.054917,0.032160,-0.039112,0.007336,-0.037798,-0.039979,0.041126,0.022184,-0.142522,-0.290683,-0.063157,-0.000325,0.048339,-0.020262,-0.069260,-0.069853,-0.030063,0.360126,-0.033546,-0.118351,0.044587,0.127786,0.109103,0.105335,0.039889,-0.011430,-0.077463,-0.017379,0.003158,0.007652,0.030848,-0.044302,-0.007714
0.115264,0.005792,0.268402,0.008995,-0.015698,0.195978,-0.182973,0.016219,-0.070232,-0.083934,-0.084155,0.032062,0.007669,0.002259,0.028058,0.002490,0.340410,0.002995,-0.021526,-0.008798,-0.148907,0.004905,0.003212,0.141605,0.068837,-0.103968,-0.232534,0.022816,-0.175484,0.079449,-0.098194,0.099457,0.003673,-0.089529,0.145692,-0.013730,0.259175,0.212514,-0.021757,0.061042,0.020507,-0.119986,-0.039313,-0.161829,0.028335,-0.069178,-0.018686,-0.021466,-0.064570,0.013729,0.009417,-0.125083,0.023491,0.056669,0.016222,0.159662,0.004459,0.024086,-0.013409,-0.010383,0.031196,-0.015556,-0.047499,-0.069617,0.008983,-0.145004,-0.006344,0.032997,0.014999,0.162354,0.118941,-0.092898,-0.042935,-0.263006,-0.012240,0.000394,0.068677,-0.026953,0.122346,-0.043906,0.006279,0.104303,0.097709,-0.017967,0.040371,-0.025477,-0.182211,-0.003516,-0.037398,-0.034470,-0.033956,0.027974,-0.125970,0.011712,0.311345,-0.002638,-0.286468,-0.069257,0.002419,0.011571,0.031544,-0.019484,-0.060855,-0.065359,0.145044,0.060497,0.331465,-0.059787,-0.005566,-0.014647,0.082570,-0.015220,-0.108721,-0.093444,-0.166385,-0.071014,0.052285,0.205426,-0.117729,-0.035636,-0.063880,0.069062,0.013471,-0.006674,-0.001092,-0.047418,0.045954,-0.000153
0.054376,0.118990,-0.142725,-0.025568,-0.018502,-0.025783,-0.162678,-0.044468,0.037592,0.088319,0.105876,-0.137311,-0.079708,0.017580,0.031778,0.121707,-0.143401,-0.106983,0.125738,-0.125299,-0.044919,-0.023100,-0.054491,0.039462,0.166147,-0.085305,0.119526,-0.012385,-0.059102,-0.084022,0.033364,0.157242,0.048862,0.024140,-0.005745,0.048394,0.058924,0.071003,0.176951,0.005492,0.056964,0.075941,-0.027628,-0.041462,0.081932,0.082625,-0.009222,-0.000116,-0.014032,0.098216,0.224332,0.024783,-0.082786,0.019126,0.043920,0.218582,0.070326,0.019981,0.003942,-0.032359,-0.000938,0.021794,-0.058309,0.019937,-0.239510,-0.030030,-0.046956,-0.061277,-0.001435,0.232390,0.159336,0.011717,0.144540,0.004556,-0.048267,0.007589,0.128848,0.075935,-0.121194,0.094922,0.184134,0.385597,0.039679,0.121418,-0.138966,-0.016090,-0.070179,0.090347,-0.006874,-0.162125,-0.084673,-0.037631,-0.121370,0.045504,0.066518,0.038424,-0.078266,0.126675,-0.058736,-0.196365,-0.091376,0.128596,0.084875,0.032380,0.187301,0.138296,0.004513,0.103371,-0.099029,0.071529,0.125091,0.028408,0.118037,0.042658,0.008309,-0.029691,-0.044664,-0.138561,0.166946,0.002550,-0.159642,0.057752,-0.052705,-0.004534,-0.034240,0.177220,0.505489,0.026074
-0.085225,0.058747,-0.003120,-0.010761,0.148075,0.057885,0.133886,0.064584,-0.071694,-0.016447,0.046811,0.016479,-0.055122,0.095096,0.100485,0.005155,-0.040765,0.046638,0.119081,0.055230,0.014722,0.082722,-0.002671,-0.022460,0.036872,0.071825,-0.007402,0.032736,0.005521,-0.190016,-0.028600,0.057532,-0.063789,-0.113418,-0.007622,-0.102436,0.027831,0.016358,0.090228,-0.001315,-0.105119,-0.100450,0.141801,0.047623,-0.123560,0.058903,0.007365,0.000314,-0.087159,0.138221,-0.034864,0.001261,0.007677,0.059211,-0.089201,0.015703,-0.037991,0.051629,0.014219,-0.039726,0.090169,0.045908,-0.050228,0.059398,-0.061873,-0.213952,0.004492,-0.030687,-0.017843,-0.048824,0.018340,0.035354,-0.017025,-0.000263,0.077142,0.008988,0.022597,0.193565,-0.056801,0.060135,0.011374,0.119385,-0.019968,0.082301,0.061112,0.017208,0.073077,0.049827,0.011047,0.118478,0.105001,-0.006684,0.052038,0.065896,0.006930,0.042366,-0.070599,0.017066,0.108503,-0.062261,-0.042740,-0.021439,-0.046957,0.022523,0.007069,0.062496,-0.032759,-0.037318,0.071032,0.054209,0.050585,-0.005676,-0.006113,-0.145608,-0.030192,0.017779,0.018055,0.013293,-0.053556,-0.016529,0.036715,-0.030636,0.156706,-0.009441,0.070155,-0.043797,-0.080683,0.125295
-0.079407,-0.053034,-0.016039,0.014383,0.039851,-0.056938,-0.062387,-0.010397,-0.021493,-0.035025,-0.003055,0.000132,0.058596,0.000844,-0.083698,-0.006740,0.095215,0.044464,0.034065,-0.034194,0.092144,-0.009325,-0.049057,0.163929,-0.177075,-0.141069,0.471890,0.016733,0.061885,-0.061979,-0.013120,0.021265,-0.008240,0.015292,-0.184073,0.019225,0.014134,-0.244194,-0.053963,0.256189,-0.056610,-0.007785,0.048440,0.192326,0.030809,0.051326,0.158071,-0.017207,-0.197474,0.025422,0.020815,0.173468,0.031881,-0.006497,-0.035368,-0.021406,0.013727,-0.036541,-0.012316,0.031837,-0.038933,-0.133765,-0.014732,-0.076598,-0.315459,-0.035925,0.036424,0.067183,0.018671,-0.034722,0.357037,-0.101588,-0.044992,0.114369,0.002687,-0.012270,-0.008164,0.038481,0.416558,-0.119707,0.013597,-0.118729,-0.033099,0.046935,0.037850,0.004917,-0.001571,0.017827,0.574393,-0.065365,0.001438,-0.003295,0.008073,0.007941,0.199069,0.045548,-0.168717,0.019231,-0.012193,-0.052336,0.012590,-0.012044,0.004394,-0.067592,0.143869,0.155374,0.064779,-0.015563,-0.012598,0.044494,-0.126251,-0.000199,-0.240702,0.007076,0.046058,0.013985,0.111931,-0.068932,-0.156719,0.038845,-0.024510,-0.137015,0.027916,-0.018213,0.021382,-0.075498,-0.012262,-0.041715
0.025761,-0.069131,0.058875,-0.041958,-0.025608,0.030809,0.014732,0.021383,-0.111313,-0.054400,0.033777,-0.042306,-0.100634,0.013667,-0.218981,0.090741,0.036587,-0.079133,0.075056,-0.025390,-0.037228,0.026953,-0.025033,-0.007132,0.038546,-0.047140,0.028915,-0.077050,0.039445,0.023098,-0.028165,-0.056077,0.051201,-0.000299,-0.012714,-0.091675,-0.019905,0.073892,0.131812,0.002939,0.109911,-0.163299,-0.088369,0.030196,-0.048199,0.128805,-0.014710,0.007054,0.218790,0.038596,-0.002915,0.003575,0.022184,0.087148,-0.126664,0.011039,0.022617,0.082950,0.006159,-0.101502,0.057038,0.024795,0.022021,0.095621,-0.009816,0.055942,0.081706,0.062258,0.057814,0.110246,0.002671,-0.056584,-0.108142,-0.020582,0.007495,0.006623,0.060330,-0.163109,-0.011762,-0.031467,-0.139544,-0.112477,0.017487,-0.037505,0.004037,0.043660,-0.117633,-0.040176,0.056923,-0.107703,0.025157,-0.009213,-0.125630,-0.019282,0.035057,-0.176254,-0.015696,-0.148184,-0.050354,-0.188193,0.092707,-0.079808,0.025294,-0.027383,0.014433,0.163818,-0.051659,-0.062463,0.006324,-0.023768,0.024158,0.079956,0.037860,0.108079,0.049317,0.064609,-0.015153,0.049207,-0.033474,0.094706,-0.126469,-0.049743,-0.020149,0.002403,0.145303,-0.069865,-0.019603,0.013411
0.007603,0.040171,0.012358,-0.116358,0.115042,0.062032,0.041927,0.039969,0.131596,-0.050218,0.015289,0.037615,0.081192,0.138826,0.036500,-0.028764,0.016662,-0.026203,-0.116018,0.017710,-0.024864,-0.116108,-0.058929,-0.003399,-0.017455,0.028852,0.001767,-0.085553,0.012968,-0.056850,-0.148675,-0.014414,0.018139,-0.030922,-0.021877,-0.079128,0.003352,0.011553,0.014064,-0.001839,0.076582,-0.206076,0.023889,0.066257,-0.026576,0.006389,0.018338,-0.000821,0.048066,-0.125130,-0.052983,0.014349,0.021716,0.020867,-0.085657,0.003560,0.006988,-0.025803,0.007481,0.156308,-0.024415,-0.014903,-0.035230,0.017225,-0.018691,0.049016,-0.042043,0.032868,0.010667,0.004802,-0.010572,-0.013612,-0.068225,-0.012169,-0.033800,0.002150,0.018458,0.056809,-0.020542,0.022743,-0.025331,-0.001436,0.022310,0.041791,-0.030999,0.050666,0.101313,0.038980,-0.026667,-0.038756,-0.047560,-0.009085,-0.026499,-0.080768,-0.046931,0.054834,0.014520,-0.080998,0.050785,-0.022019,0.069774,0.078169,-0.074259,0.021518,-0.015636,-0.031710,-0.000459,-0.016877,-0.001734,-0.006474,-0.035971,0.076753,-0.000662,-0.106100,-0.062754,-0.016600,-0.006465,0.000120,-0.058990,0.057355,-0.072264,0.007912,0.066494,-0.018399,0.125419,-0.070421,0.051027,-0.000621
-0.110234,-0.046693,0.161585,-0.006916,-0.011024,0.087273,0.182175,0.040785,-0.065816,-0.122301,-0.003109,-0.155942,0.008218,0.007397,-0.029252,0.076043,0.037951,0.032093,0.020453,-0.166756,0.027315,0.162014,0.008800,-0.022617,-0.242619,0.069335,0.014543,-0.027987,-0.175745,0.008213,-0.038377,-0.026359,0.011980,-0.143477,-0.041990,0.014066,-0.041847,0.216586,-0.040783,0.006248,0.073295,-0.043707,-0.007649,0.067747,0.126909,0.113266,-0.002761,-0.021047,-0.042435,-0.037054,0.031153,0.034798,-0.035516,0.076917,0.045455,0.065114,0.047641,-0.018768,0.019610,0.110054,0.034359,0.074068,0.073763,-0.023377,0.083066,0.304860,0.261642,0.042866,0.108658,0.039111,0.151791,0.048522,-0.011887,-0.058364,-0.090869,0.004965,-0.038292,-0.064098,-0.148720,0.051620,0.051012,0.055687,-0.018122,-0.425622,0.048665,0.022671,0.147385,-0.133577,0.028664,0.138467,0.035635,0.155577,0.292147,-0.060653,-0.023109,-0.054665,0.026367,-0.128369,-0.043794,0.019712,-0.045738,-0.012692,0.071315,-0.152378,0.089646,0.002213,-0.135863,-0.031728,-0.051862,0.095415,-0.180916,0.219926,-0.134010,-0.125662,0.053152,-0.015573,-0.011430,0.011204,0.108673,-0.061421,0.014493,-0.006296,-0.057647,-0.011242,-0.043710,-0.213078,0.144234,-0.195574
0.076800,-0.027490,-0.055310,-0.003667,-0.076267,-0.028844,0.061103,0.049679,-0.011847,0.019615,0.026989,0.002200,0.129405,-0.061910,-0.033436,0.066366,-0.067834,0.171509,0.121600,-0.019235,-0.010099,-0.080156,-0.023791,-0.071156,0.010674,0.016598,0.036360,-0.007609,-0.049291,0.024659,-0.108786,0.043414,-0.154704,0.134263,-0.002945,0.003664,0.043976,0.009970,-0.019298,0.046955,0.099399,-0.071630,-0.044730,-0.009432,0.078633,-0.038608,0.006767,-0.007437,-0.074386,0.049200,0.057662,0.046966,0.089068,-0.018615,-0.106527,0.035659,-0.034717,0.100312,-0.015811,0.041064,-0.028451,-0.011703,0.016163,0.023437,-0.030769,-0.143913,-0.258576,0.100453,0.046407,0.065602,-0.018204,-0.017836,-0.002749,-0.061957,0.081161,-0.005467,0.032320,-0.003341,-0.006114,-0.034030,-0.005651,0.023138,0.017999,-0.206352,-0.094100,0.002051,0.110912,0.043765,-0.002889,0.054558,-0.024479,-0.040410,0.057854,0.032311,0.028892,0.059331,-0.000000,-0.157936,0.118474,0.447586,-0.046002,0.019502,0.119181,0.002783,-0.001354,-0.108273,0.051175,-0.193882,0.118797,0.007230,-0.040323,-0.110442,-0.014866,0.081080,-0.027424,0.064944,-0.008501,-0.012251,0.078727,0.021029,-0.182342,0.035179,-0.072174,0.005062,0.043518,0.318894,0.078874,-0.007965
0.072848,0.040187,-0.236793,0.002618,0.112982,0.072306,-0.152505,0.007030,0.144572,0.027192,0.080503,-0.165680,0.010088,0.039111,-0.026467,0.025685,-0.187922,0.144656,-0.191123,0.010876,0.087744,-0.008724,0.055779,-0.053850,0.094006,0.104974,0.027401,0.004118,-0.095328,0.072078,0.015545,-0.133953,0.014164,0.032068,0.177604,-0.024545,0.018625,0.013860,0.033817,0.036130,0.048086,-0.027507,-0.007400,0.012945,0.005223,0.090679,-0.008694,-0.014834,-0.146878,0.062724,0.067860,-0.077462,0.074556,-0.003995,-0.046699,-0.238220,0.043824,-0.003057,0.000525,0.171199,0.041100,0.301258,0.051626,0.047077,-0.047987,0.008971,0.087129,-0.009372,0.037569,0.036437,-0.117325,0.141191,-0.049644,-0.053492,0.008529,0.002981,0.098314,0.122739,0.014571,-0.006649,0.039358,-0.051301,-0.028002,-0.052158,0.045848,0.044748,-0.012506,0.038470,0.007567,-0.023187,0.101519,0.009355,0.112405,0.040371,0.047410,-0.064560,-0.018412,0.025452,-0.080961,0.045474,0.096810,0.057537,0.090450,-0.104196,-0.132446,-0.025459,-0.057248,0.073618,-0.075809,-0.032163,0.120163,-0.003140,0.248911,-0.005903,0.093870,0.045096,0.011170,-0.026511,-0.969207,-0.021114,-0.034066,0.115534,0.020431,-0.014499,-0.002420,0.034185,-0.045200,-0.048940
-0.037842,-0.107068,-0.033999,-0.014950,0.017383,0.029230,0.031619,0.085813,0.066907,0.043845,-0.103879,0.000671,0.102395,0.009101,-0.121764,0.070998,-0.040758,-0.015582,-0.082733,-0.001495,0.032812,-0.060758,0.041895,0.003947,0.018898,-0.018038,0.023246,-0.007567,-0.012397,-0.074345,0.033516,0.036895,0.027634,-0.236608,0.046718,-0.000623,0.032090,0.014331,-0.070154,0.003191,-0.068840,0.109754,-0.073379,0.028225,-0.056550,-0.149008,-0.008510,-0.011916,-0.163339,0.135606,0.150299,-0.002790,0.060412,0.126777,-0.042816,0.051151,-0.010568,-0.055004,-0.006334,0.063526,0.047199,0.049281,0.004022,0.023118,-0.030031,0.026625,-0.038751,-0.022460,0.023905,0.129075,0.057421,-0.029514,-0.011614,0.010319,0.043655,0.012739,-0.033764,0.130281,-0.041695,0.009452,-0.024711,-0.012038,0.098778,0.202596,-0.074278,-0.048211,0.122825,0.080989,-0.027566,-0.148080,0.088166,-0.023614,-0.101038,0.036933,0.001339,0.007785,-0.024353,-0.037995,0.020761,-0.012016,-0.020279,-0.011180,0.050361,-0.012870,-0.000902,-0.026558,0.024236,0.051724,0.036180,0.043472,0.002995,-0.049382,-0.042154,-0.054899,-0.027154,-0.116241,0.029318,-0.012516,0.038114,-0.026952,0.005956,0.035034,0.122527,-0.017344,0.107174,-0.053634,-0.011492,-0.032850
-0.019834,-0.276445,0.027310,0.027903,-0.018598,-0.023843,-0.052624,0.030170,-0.002072,-0.060918,0.463268,-0.075518,-0.031641,-0.019351,0.085966,-0.012467,-0.146569,-0.085872,-0.119270,-0.048824,-0.012526,0.136845,-0.004424,-0.015428,-0.048928,-0.016014,0.041693,0.025172,-0.026176,-0.018757,-0.007637,0.072080,0.044877,-0.036874,0.059434,-0.004365,-0.074902,0.170586,-0.028160,0.062323,0.053059,-0.029978,-0.059674,0.119721,-0.011572,0.015912,0.012693,-0.014494,0.021146,0.090189,-0.003569,-0.153105,0.055704,0.015921,0.063560,-0.005001,0.000808,0.039979,-0.014431,-0.059843,-0.040889,0.042507,0.017539,-0.007073,-0.166795,0.175894,0.028012,0.051921,0.044011,-0.024716,0.080380,-0.092897,0.041782,0.008268,0.099686,-0.015874,-0.655093,0.113054,-0.258036,0.051751,-0.037364,0.152391,0.018161,0.199630,0.185865,-0.011915,-0.051536,0.001663,-0.027453,0.076828,0.051812,0.093314,0.353409,-0.058033,-0.013582,0.042237,-0.011277,-0.234346,-0.068537,-0.008718,0.020277,0.139770,-0.036774,-0.067675,0.097211,0.082339,-0.036280,-0.066331,0.072832,0.137033,-0.021654,0.038258,-0.016950,0.088292,-0.027919,-0.010904,0.028660,-0.072135,0.055999,-0.058684,-0.123963,-0.079564,0.023290,0.001919,0.081134,0.323315,0.047547,0.031578
-0.001119,0.010517,0.005679,-0.010602,-0.018264,0.006377,-0.002307,-0.012395,-0.000451,-0.019227,-0.010097,-0.000708,-0.004868,-0.014128,-0.002799,-0.002383,0.001386,-0.003407,-0.003259,0.000042,0.001098,-0.000576,-0.001221,-0.009382,-0.001243,0.003232,-0.009010,0.007036,0.008337,-0.008561,0.008650,0.004793,0.012362,0.005944,0.004485,0.001358,-0.000372,-0.006368,-0.005724,-0.003164,-0.009235,-0.015387,0.004364,-0.003354,-0.008440,0.000808,0.001036,0.014239,0.000631,0.002391,0.010194,0.003696,-0.006788,0.006627,-0.010445,0.005177,0.005869,-0.003399,0.013936,0.004417,-0.003186,-0.005953,-0.000938,-0.001349,0.000903,0.009316,0.006908,0.000096,0.009315,0.000883,0.009046,-0.002837,0.004840,0.000567,0.004105,-0.022882,0.007333,0.001614,0.002895,0.002497,-0.003226,0.017908,0.001459,0.008543,0.001861,-0.001567,0.002872,-0.021438,-0.001513,-0.006982,0.008456,-0.003424,0.015460,0.012848,0.022481,-0.001544,0.003468,0.006233,-0.003858,0.000832,0.000492,-0.001310,-0.001292,0.001582,-0.021054,-0.001611,-0.003017,-0.007085,0.000088,-0.000278,-0.005343,-0.000693,0.002265,-0.009389,0.001957,0.003291,0.000576,-0.005032,0.000315,0.006322,-0.004230,0.001481,-0.009764,-0.004323,0.009363,0.013208,-0.004611,-0.002319
0.202145,-0.037450,0.138318,0.044378,-0.007369,-0.055575,-0.199415,0.009770,0.101522,0.057919,-0.048604,0.053173,0.058100,-0.041210,-0.024581,-0.047124,0.153232,0.007017,0.040202,-0.031624,0.020404,0.063950,0.074284,0.253705,-0.019815,0.035382,-0.042057,0.013488,-0.327040,0.065129,0.038869,0.168787,-0.012926,-0.004144,-0.035727,-0.043840,0.078689,-0.018891,0.018379,-0.031061,0.047023,0.020819,-0.078185,-0.034356,-0.025438,0.039781,0.179755,-0.007644,0.039706,0.040841,0.003788,-0.070211,-0.003219,-0.024052,0.061123,-0.225179,-0.067523,-0.052227,0.003340,-0.007854,0.026369,0.163599,0.086696,0.004234,0.130122,-0.004178,0.040028,0.052271,0.015424,-0.120072,-0.214220,-0.934096,0.106991,0.043807,-0.004049,-0.006132,0.073126,0.009931,0.096999,-0.043766,0.022865,0.052026,-0.006009,0.008229,0.037809,-0.038607,0.164053,0.058773,0.145267,0.069298,-0.039622,0.003620,0.074219,0.042591,-0.062877,-0.041845,-0.078272,-0.013476,-0.111245,-0.075483,-0.114669,0.032404,0.037642,0.135637,-0.114811,-0.185799,0.071176,0.043972,0.033233,0.094395,-0.005173,-0.053689,0.291854,-0.012879,-0.075231,-0.011338,0.138717,-0.192749,0.053872,-0.019429,-0.015705,-0.049234,-0.001150,-0.001345,-0.025833,-0.046449,-0.007498,-0.011053
0.069119,0.124023,-0.002407,0.002168,0.034965,0.037123,-0.020602,0.003587,0.030849,0.074896,0.078188,-0.014952,0.111121,0.130683,-0.037972,-0.077616,0.020772,0.029304,0.002300,0.045089,0.009644,-0.067767,-0.034810,-0.021069,0.014676,0.054402,-0.002867,-0.091014,0.001036,0.032542,-0.041372,0.007765,0.070017,0.106346,-0.006200,-0.088510,0.022921,-0.008289,0.026740,0.025287,-0.025431,-0.047950,0.174442,0.055514,-0.190479,-0.154734,-0.002423,-0.007429,0.017298,-0.013294,-0.069433,0.037587,-0.067461,0.002755,-0.017378,0.064195,-0.040107,-0.099597,0.006123,-0.017699,0.002173,-0.009160,-0.040141,0.009963,-0.026847,0.094095,-0.037740,0.184620,0.019156,-0.015437,-0.013536,-0.025712,-0.090352,-0.016733,-0.063346,-0.011168,-0.004179,-0.010796,-0.017768,0.049268,-0.027874,-0.050565,0.011314,-0.021775,0.049641,-0.077556,0.026100,0.056413,0.009913,-0.103878,-0.086627,0.036831,-0.047724,-0.056531,-0.044199,0.078788,-0.016050,-0.061212,0.056384,-0.020835,-0.015749,-0.037981,-0.036310,-0.023981,0.001598,-0.012765,-0.041328,0.067250,0.087772,0.018762,0.026672,-0.139577,-0.008358,0.033676,-0.008925,0.082018,0.004824,-0.000783,-0.011119,0.226705,-0.021800,-0.001261,-0.065203,-0.020325,0.146537,-0.012665,-0.022097,-0.041096
-0.021936,0.094233,-0.109849,0.003192,-0.036733,0.073163,0.024206,0.016064,0.056018,0.082959,0.095584,0.008792,0.012452,0.032287,0.036823,0.006480,-0.003253,-0.039306,0.023200,0.012993,0.202696,-0.043210,-0.015424,0.017265,0.106446,-0.111263,-0.230560,0.009183,0.285213,0.020910,0.033801,-0.153752,0.025171,0.083971,0.093629,0.030867,0.138599,-0.074117,-0.015107,-0.024764,0.085053,0.053839,-0.097420,0.034998,-0.033832,-0.004889,0.021373,0.004329,0.174146,0.008360,-0.038573,-0.085237,-0.050076,0.007787,-0.041612,-0.328112,-0.008403,-0.062389,0.011326,0.046376,0.009780,-0.100309,-0.006875,-0.023455,0.263759,-0.002530,-0.013179,-0.029350,0.004678,0.035355,0.735742,-0.022805,-0.020269,0.110932,-0.033952,0.003753,0.042099,0.017417,0.199683,-0.008659,-0.009075,0.010802,0.032779,0.065897,-0.054295,-0.000339,0.007200,0.056138,0.115070,0.021694,-0.097937,0.008221,0.042704,0.064740,-0.248275,-0.005473,-0.046841,0.036610,-0.003032,-0.028050,-0.051725,0.012076,0.023979,0.024311,0.083733,0.066099,-0.007900,0.037410,-0.010669,0.094966,0.102817,-0.021647,-0.288595,0.114508,-0.069893,0.054463,0.250874,0.090980,-0.032708,0.032013,0.065423,-0.061006,0.019837,0.016071,-0.009904,-0.003333,0.080648,-0.001636
-0.028492,0.086869,-0.025554,-0.007450,0.035023,-0.038731,-0.027640,-0.046740,0.037229,0.034827,0.260618,-0.043199,-0.034510,0.073742,-0.086905,0.079123,-0.021074,0.020365,0.013085,-0.136169,-0.030726,0.026925,-0.018302,0.015175,0.052372,-0.009936,0.020052,-0.045394,0.002753,0.005617,-0.012196,0.017482,-0.100003,-0.016513,0.014182,0.020874,0.028098,0.006729,-0.072002,-0.016984,0.046483,-0.104217,-0.045377,-0.083430,-0.075690,-0.005334,0.025807,-0.007387,-0.067537,0.000893,-0.112922,0.027209,-0.187605,0.041778,0.001605,-0.079079,-0.039145,-0.126569,-0.025551,0.340071,-0.025265,-0.006084,-0.088607,-0.049949,0.020407,-0.009285,0.060344,0.177879,-0.048638,-0.005437,-0.034122,0.028998,0.069661,-0.005254,-0.117721,-0.005030,-0.015829,-0.042904,-0.016164,-0.200640,0.030170,0.070999,0.021148,-0.087810,-0.003211,-0.061254,-0.134942,0.062637,0.025549,0.107279,-0.023058,-0.094833,0.001936,-0.010848,0.025643,-0.020745,0.154568,0.060734,-0.139477,0.075848,-0.113986,0.049255,0.000413,-0.006908,0.012210,0.052904,0.003543,-0.101757,-0.105962,0.000861,0.019997,-0.061565,-0.002642,0.001804,0.018893,-0.121113,0.001673,0.018153,-0.017863,-0.010778,0.004752,0.003994,0.039738,0.008594,0.015831,-0.159361,0.091911,0.091386
0.123345,0.038803,-0.165152,-0.021105,0.178152,-0.015154,-0.169554,0.004462,0.071925,0.053302,0.011407,0.074556,-0.437865,0.050601,0.013746,-0.003044,0.053992,0.235417,-0.082182,0.005222,-0.041288,-0.006804,0.067452,-0.073940,0.003409,0.051821,0.025539,-0.058198,-0.024158,0.106281,-0.104119,0.215412,-0.063787,-0.028957,-0.048821,-0.121761,0.010817,-0.056275,-0.074425,0.002783,0.061515,-0.114090,-0.338008,-0.075791,-0.025464,-0.116241,0.081063,0.009170,0.320260,-0.014020,-0.006053,0.228814,-0.061961,0.060120,0.244704,0.002191,0.066707,0.120537,-0.001341,-0.019940,-0.052933,0.056911,0.384828,0.042827,0.087095,-0.020216,0.078712,0.089802,-0.024658,-0.121886,0.138051,0.051977,-0.191187,0.044423,-0.043628,-0.000779,0.021760,0.112272,0.022833,-0.045041,-0.030296,-0.013170,0.006820,-0.007620,0.093629,0.019957,-0.007124,0.083853,-0.096813,0.016147,0.599713,-0.120422,0.069216,0.050032,0.004124,-0.005230,0.076425,-0.030352,-0.107755,0.024778,-0.147929,0.037793,-0.032497,-0.019612,0.017935,0.024613,0.024787,-0.009033,0.006296,0.008796,0.029437,-0.026713,0.038777,-0.040015,-0.010117,-0.055363,-0.064667,0.139737,0.085201,-0.040146,0.016864,-0.092830,0.017651,-0.001422,0.010300,-0.041590,0.090841,0.013321
-0.090892,-0.101327,0.062779,0.057063,-0.032376,0.114195,-0.136384,0.000319,-0.036787,0.002709,0.077274,-0.001562,0.008601,-0.047040,-0.058452,0.022590,0.053971,-0.024252,0.001783,-0.062166,0.007474,-0.014561,0.011441,-0.035057,0.068172,0.112303,0.176740,0.022377,0.235561,0.027357,0.027318,-0.273931,-0.028617,-0.010816,0.109971,0.051276,0.000702,0.112892,0.067556,-0.153151,-0.039953,0.046514,-0.020470,0.142325,0.023124,0.020261,-0.110218,0.001664,-0.134818,-0.041717,0.023380,0.140670,0.043314,-0.001345,-0.077958,0.009793,-0.026855,-0.002000,-0.008078,0.065398,0.072556,0.139804,-0.050055,-0.005801,-0.000461,-0.058387,0.065591,0.013766,-0.022500,-0.207046,0.163224,-0.031854,0.013657,0.031087,-0.020945,-0.007473,-0.009712,-0.068581,-0.028239,0.072357,-0.068473,-0.026069,0.068095,-0.014139,0.008234,-0.018420,-0.124622,0.010037,0.080167,0.006091,-0.028495,-0.001293,0.048359,0.071875,-0.077639,0.005166,0.117869,0.010197,-0.004392,-0.208613,-0.037952,-0.016134,0.059243,0.089074,-0.075057,0.142944,0.016878,-0.030582,-0.040141,-0.170755,-0.049279,-0.039921,0.093923,0.010631,-0.064268,-0.013000,0.065531,-0.022213,-0.088582,-0.006087,0.050236,0.093357,-0.056876,0.016054,-0.004639,0.051922,-0.088151,0.001458
-0.093213,-0.141507,-0.036516,0.067250,-0.113652,-0.079936,-0.041923,-0.032776,-0.035927,0.097371,0.159103,-0.083887,0.054868,-0.067609,0.045329,0.025108,0.029787,0.134176,-0.022666,0.051532,-0.011665,-0.066428,-0.032430,-0.005284,0.028391,0.000081,0.010863,0.121001,0.000582,-0.144451,0.097741,0.064356,-0.013140,0.160837,0.029100,0.016840,0.015425,0.018301,-0.116246,-0.056481,-0.042977,0.105704,-0.094947,-0.116592,0.078794,-0.005628,-0.038956,0.007696,0.117974,0.002806,0.139072,0.022376,-0.043422,-0.058874,-0.132890,-0.037685,-0.147636,-0.061134,-0.009577,0.056822,-0.038301,0.007624,-0.120285,0.004170,0.052691,-0.041019,-0.065023,-0.162091,-0.015674,0.145306,-0.012176,0.011234,-0.052536,0.013856,-0.072550,-0.000213,-0.072421,-0.048080,0.039781,-0.054188,-0.013441,-0.019608,-0.092317,-0.094907,0.036168,0.047573,0.127054,0.140263,0.025742,-0.011249,-0.118638,0.049206,-0.004856,0.090869,-0.011335,-0.125478,0.003526,-0.067886,-0.052910,0.035723,-0.180739,0.020123,0.101344,-0.049781,0.014001,-0.078849,0.039139,0.092891,-0.061697,-0.041663,0.075284,0.111389,0.074204,-0.031077,-0.009097,-0.083463,-0.000636,0.016354,-0.012872,-0.060950,0.140671,0.000237,-0.023668,-0.009239,-0.076598,0.122990,0.114919,-0.019188
-0.279153,0.018931,0.051384,0.056502,0.032598,0.033057,0.162783,-0.127367,0.075024,0.055525,0.111832,-0.007633,-0.064112,-0.131425,-0.006904,0.021974,0.236047,0.189888,-0.120697,-0.049573,0.014420,-0.023196,0.009793,0.106160,0.038833,-0.113753,-0.006820,0.074550,0.122812,0.000895,0.019110,-0.225751,0.030295,0.077659,-0.020826,0.094994,0.062617,-0.013809,0.006798,-0.066741,0.135651,0.045196,0.020939,-0.090997,-0.016078,0.042136,0.091743,0.005033,-0.339345,-0.014355,0.080315,0.108853,0.014541,0.008504,-0.086419,-0.010901,0.098126,0.140122,0.007884,-0.022592,-0.005370,-0.082215,0.197950,0.020710,0.213046,-0.031632,-0.045219,-0.013114,0.023956,-0.027428,-0.157811,-0.131650,-0.051801,-0.128311,0.049605,0.012919,-0.073892,-0.114511,0.207448,-0.101732,-0.082161,0.167295,-0.002212,-0.047291,-0.141164,0.064740,0.065662,0.077648,0.042328,-0.082349,0.233884,0.080805,-0.070868,-0.169414,-0.118786,-0.045577,0.060999,-0.047558,-0.069276,-0.011590,0.077713,-0.031660,0.077713,0.025033,-0.061215,0.018984,0.030585,-0.005896,-0.043097,-0.059623,0.151935,-0.009505,-0.043544,-0.010166,-0.075382,-0.071839,0.036987,-0.020697,0.100454,0.043619,-0.030161,0.015975,-0.051727,-0.016212,0.014663,0.187808,-0.136077,0.012882
-0.032716,0.326379,0.039036,0.060602,0.084130,0.142104,0.054526,0.034191,0.090714,0.123465,-0.075788,-0.056721,-0.044628,0.019929,0.188086,-0.035845,-0.006208,0.063047,0.029839,0.252706,-0.101503,-0.056519,0.018429,0.032044,-0.072728,-0.001276,0.019655,-0.035084,-0.021963,0.014832,0.036073,-0.064914,0.164690,-0.062051,0.015570,-0.092373,-0.023664,-0.023474,-0.082805,0.031994,-0.047006,-0.042210,-0.041818,0.077114,-0.002625,-0.137539,-0.007941,0.010096,0.010566,0.019300,0.102883,-0.096416,0.101761,0.048788,0.019135,0.025912,0.039919,-0.063658,-0.006760,-0.018580,-0.043276,-0.009764,0.004572,0.067880,-0.027167,0.180042,0.090625,-0.052172,0.056225,0.074653,-0.024653,-0.003669,-0.023152,-0.031806,-0.035755,-0.016600,0.147486,0.090458,0.033754,-0.007290,0.020457,-0.098727,0.127847,-0.026605,0.084006,-0.028377,-0.064347,-0.016880,-0.034867,-0.008162,0.070122,0.040796,-0.120281,0.024266,-0.011301,0.006564,0.017919,-0.055711,0.006828,-0.096096,0.173166,0.040841,0.052429,0.036008,-0.012990,0.049616,0.030653,0.267644,0.066544,-0.018124,0.036644,-0.034031,0.002382,-0.096850,-0.023398,0.008272,-0.068322,0.012636,0.000985,-0.003597,-0.143343,0.032520,0.051464,0.012075,-0.046225,0.031593,0.157062,-0.084608
-0.104653,-0.032223,-0.005366,-0.053141,0.251251,-0.018118,0.053663,-0.008317,0.172834,0.038338,0.028063,-0.034645,-0.021386,-0.100446,0.023472,-0.096556,-0.015145,0.037118,-0.053025,0.285055,-0.014840,-0.166555,0.007304,0.038708,-0.025211,0.068710,0.007450,-0.074483,0.059079,-0.091881,-0.023327,-0.002160,0.017534,-0.080854,-0.008074,-0.078054,-0.037471,0.007708,-0.062221,-0.022391,-0.016752,-0.169986,0.056802,0.045588,0.094696,0.076603,-0.015197,0.009586,-0.038881,-0.036857,0.059439,-0.034383,0.051894,-0.004197,-0.036460,-0.023117,0.050460,-0.092115,-0.025774,-0.110607,-0.033593,0.004766,-0.149016,0.014084,0.000482,0.076340,-0.040429,0.048682,0.080512,-0.034645,0.004008,-0.000546,-0.058885,0.003257,0.036870,0.003383,-0.010532,-0.012271,0.013482,-0.124551,-0.055479,0.015853,-0.057754,0.105942,0.033505,0.055355,-0.024557,0.012987,-0.048507,0.063392,-0.068760,-0.049450,0.194276,0.106196,0.010010,-0.080349,0.029917,-0.055384,-0.096530,0.043678,-0.025632,0.224133,0.072174,0.023540,0.018399,-0.051123,0.018970,0.313971,-0.030872,0.036680,0.025779,0.022832,-0.013728,-0.171193,0.011688,-0.113356,-0.009411,-0.012967,-0.062293,-0.011393,0.052287,-0.002025,-0.065487,0.000570,0.061441,-0.061682,0.161522,0.083122
-0.038661,0.104162,0.009632,-0.033824,-0.103036,-0.087897,-0.057091,-0.099704,0.108647,-0.037995,0.014177,-0.066996,0.038615,0.004953,0.181971,-0.114691,-0.011326,0.009222,-0.037993,0.076193,-0.009080,-0.090322,0.003008,-0.002102,0.020023,0.025466,-0.039217,-0.066304,0.011702,-0.070550,-0.108948,-0.043710,-0.058761,0.112737,0.005054,0.022162,0.015829,-0.006590,-0.002155,0.012177,0.004744,-0.086105,-0.034682,0.020324,0.059141,-0.068099,0.069459,0.001808,-0.020394,0.004214,-0.002804,0.014013,-0.100696,0.092258,-0.147005,0.021442,0.085934,0.077646,0.008986,-0.021088,-0.013173,0.005700,-0.013167,0.043118,0.019484,-0.157417,-0.032677,0.122576,0.008160,-0.059152,-0.075418,-0.001501,-0.050944,-0.018077,-0.018668,0.005899,0.013881,0.112014,0.003200,-0.027858,0.052939,0.140860,-0.030099,-0.089250,0.031256,-0.041304,-0.013412,-0.102033,0.048051,0.017921,-0.358415,-0.028424,0.010049,0.060496,-0.054811,0.113438,0.048808,-0.060470,-0.071098,0.020269,-0.105282,0.052135,-0.047031,-0.003806,0.000707,0.022700,0.043913,-0.072194,0.023251,-0.009535,-0.029152,-0.006831,0.008433,0.099246,0.038367,0.094898,-0.037963,-0.010407,0.038175,0.093100,0.038072,-0.002206,-0.011145,-0.011585,0.026094,-0.138025,0.035327,-0.004651
-0.017633,0.001959,-0.002183,0.044959,0.000351,-0.038714,0.141092,-0.013884,0.027992,0.009017,-0.013005,-0.013573,-0.016560,0.044394,-0.036158,-0.042312,-0.208164,-0.027000,-0.065228,0.059801,0.017971,0.047981,0.042355,-0.034400,0.043972,-0.033812,0.024495,0.036188,-0.008891,0.100271,0.018100,0.245718,-0.009604,0.205230,0.021511,0.041704,0.278901,0.091064,-0.036600,0.032711,-0.011263,0.012470,-0.091394,-0.151327,0.025235,0.014564,-0.006238,-0.006361,0.033395,-0.065063,-0.820948,0.059846,0.022214,-0.068286,-0.135309,0.028063,-0.010750,-0.021866,-0.012314,0.038536,0.003117,0.092959,-0.179392,0.103491,-0.104250,0.113436,-0.001948,0.021732,-0.035383,0.084560,0.224034,-0.101944,-0.016618,-0.064698,0.033474,-0.004301,0.113474,0.111069,-0.119717,0.148119,-0.110573,0.009984,0.076408,0.054351,-0.041841,0.043661,0.060004,-0.042668,-0.060583,-0.064276,-0.034798,-0.036304,-0.095094,-0.010916,-0.017439,-0.592528,0.060254,-0.006326,-0.030701,-0.072577,0.114861,-0.005225,-0.021172,-0.098763,-0.006718,-0.008184,0.030775,-0.013776,0.022934,0.009756,-0.113647,-0.009156,-0.032697,-0.055517,-0.013582,-0.095931,0.052679,0.124479,0.011892,-0.123194,0.019005,0.022945,-0.080677,-0.009461,0.018201,0.032566,-0.002995,-0.007793
-0.034437,0.139399,0.059114,0.012265,-0.071207,0.130702,-0.072855,0.090766,-0.086723,0.160123,0.088208,-0.058038,-0.066619,0.058201,0.041311,0.001728,-0.031223,-0.144655,-0.053173,-0.111751,-0.005341,-0.098502,0.009246,0.033139,-0.072135,0.060053,0.009770,-0.019840,-0.010411,-0.209599,0.043808,0.041349,0.142315,-0.110608,0.034091,-0.003703,0.004789,-0.029447,-0.004848,-0.029146,0.064496,0.066859,-0.131715,-0.116749,-0.023716,-0.063266,0.006333,-0.015450,0.025543,0.100165,0.061208,-0.061619,-0.023318,0.146973,0.123671,0.035552,0.041206,-0.005774,0.011852,-0.070498,0.043928,0.035076,0.018816,0.109909,-0.061703,0.074031,-0.028988,0.094266,-0.068211,0.155914,0.029577,-0.000148,-0.028389,-0.000406,0.053367,-0.001507,0.075068,-0.086970,0.008903,0.004479,-0.021843,-0.184725,0.046498,-0.026594,0.103470,-0.023174,0.003863,0.234307,-0.030952,-0.186083,-0.142320,0.035538,0.042645,-0.115309,0.017294,0.000375,0.043148,-0.077552,0.048073,-0.084707,-0.045184,-0.066988,-0.103992,0.064646,-0.005008,-0.059735,0.012979,0.046208,0.111547,0.041775,0.017159,-0.022948,0.021153,-0.159922,-0.057446,-0.150014,-0.022394,0.011469,0.032189,0.019162,-0.056852,-0.058057,0.157643,0.015566,0.161087,0.083824,-0.080333,-0.049456
-0.096664,-0.004978,-0.087726,-0.001429,-0.129419,-0.025469,0.068450,-0.020132,0.007290,-0.043634,0.051281,-0.043098,-0.104154,0.000986,0.054054,-0.026962,-0.020020,-0.008215,-0.025274,0.041623,0.002293,0.022740,-0.038819,0.084160,-0.102388,-0.093134,0.218645,-0.003188,0.026269,-0.061355,0.008974,-0.029195,0.000747,-0.024314,0.194314,0.015364,0.022181,-0.108830,0.530143,0.005142,-0.018782,0.025887,-0.156448,-0.092093,0.035390,-0.097218,0.060359,0.008609,0.114710,-0.015117,-0.054394,0.072259,-0.019631,0.047375,-0.026612,0.093947,0.010136,0.012750,0.003378,0.076257,0.606950,0.115395,0.003990,-0.030291,0.023184,-0.025461,0.058898,-0.030325,0.014139,-0.020117,0.032473,0.025334,0.056777,0.096589,-0.024241,0.001860,-0.035786,0.122111,0.143785,0.076424,-0.040155,0.027684,-0.003852,-0.008270,0.095568,-0.049643,-0.012814,0.007488,-0.038259,0.084550,-0.021421,0.032418,0.013736,0.043248,0.216787,0.016402,-0.052372,0.057861,-0.050020,0.042089,0.001376,0.002527,-0.000050,0.071056,0.087785,-0.859184,-0.045899,-0.006249,-0.041088,-0.064588,-0.153436,-0.016331,-0.123021,-0.015974,0.096216,-0.031681,0.041870,0.008395,-0.010500,-0.037543,0.061492,0.054511,-0.030087,0.006963,-0.016691,-0.012861,0.008216,0.041630
0.049863,0.005381,-0.043796,0.015318,0.014754,0.054757,0.047344,0.001767,-0.000856,0.005040,0.007802,-0.056178,0.041410,-0.023996,0.001420,0.004793,-0.058423,-0.127209,0.007263,-0.063919,-0.002964,-0.092762,-0.010189,0.330383,0.113746,0.094382,-0.105616,0.038137,0.382756,-0.035486,0.036213,-0.191091,-0.035022,-0.098012,-0.066222,0.008354,-0.016085,-0.027640,-0.016356,0.035624,0.055177,0.056645,-0.046066,0.193734,0.001921,0.046376,0.096929,-0.002086,0.123477,0.082036,0.102171,0.109396,-0.060372,-0.052763,-0.035828,-0.203468,0.011180,-0.087246,0.007668,0.040409,-0.029539,-0.123959,0.054551,-0.012927,-0.038770,0.028039,-0.035919,0.047556,0.000591,-0.091849,-0.023768,-0.037424,-0.030536,0.008269,0.013152,0.002687,-0.015912,-0.043099,-0.348862,-0.050356,0.014693,0.071420,0.020945,0.050720,-0.031399,-0.033933,-0.020646,-0.010298,0.086753,-0.153186,-0.031654,-0.051482,-0.083615,0.008339,0.137289,-0.009857,0.344044,-0.016575,-0.113165,0.005558,-0.074422,-0.037813,0.008907,-0.128059,-0.116220,-0.314163,-0.123434,-0.028821,0.021616,-0.137672,-0.003849,0.055107,0.034326,-0.042062,0.082691,-0.140125,-0.008932,0.438970,0.108340,0.032981,-0.070673,0.200855,0.062738,-0.020246,0.019027,0.005746,-0.021590,-0.012854
-0.113070,0.003716,-0.024317,0.084086,0.023523,-0.060793,0.004343,-0.057603,-0.044984,-0.055596,0.044374,-0.039899,0.043100,-0.028497,0.076488,-0.083916,0.004485,0.127531,-0.040138,0.037131,-0.020336,0.000465,-0.011822,-0.023831,0.088405,-0.043484,0.019755,0.016871,0.029442,0.015987,0.052987,0.051374,0.041326,0.122802,0.010452,0.092470,0.005732,-0.034821,0.046431,-0.005884,-0.043891,0.107937,0.140583,-0.092434,0.023906,-0.011665,-0.031341,-0.016828,-0.061045,-0.052645,-0.004457,0.003370,-0.022180,0.092037,0.126795,0.028771,0.011566,-0.396635,0.006402,0.133752,-0.004132,0.004899,0.029875,0.017180,-0.011392,-0.083577,0.009176,0.046365,-0.045897,0.258831,-0.003816,-0.056829,0.034426,0.122121,0.036734,-0.000290,0.011225,-0.290401,-0.038775,0.112606,-0.069250,0.051123,0.043762,0.141443,0.064665,-0.020009,-0.098728,0.046780,0.021955,0.006330,0.086107,-0.007134,-0.123250,-0.004386,0.027169,-0.066655,-0.023791,-0.069670,0.181857,-0.177823,0.041312,-0.072904,-0.088780,-0.064273,-0.021398,-0.110924,-0.092559,-0.040705,0.103224,-0.000368,0.018681,0.015601,0.040739,0.012325,-0.016742,0.043337,-0.007572,0.021155,-0.131398,-0.075118,-0.032568,0.009704,0.011879,0.006564,-0.060738,0.080057,0.056408,-0.136183
0.039483,-0.008182,-0.034765,-0.070958,-0.066363,0.064940,0.152900,0.007722,0.082894,0.040250,0.032447,-0.028172,-0.000484,0.010934,-0.031772,-0.057070,-0.041119,-0.167491,0.350943,-0.065184,-0.004682,-0.001799,0.046974,0.038916,0.018935,-0.061422,0.053024,-0.007630,0.053574,-0.077175,0.040850,-0.074813,0.007173,-0.038030,0.035777,0.010751,-0.074807,-0.072809,-0.128580,0.092635,-0.093055,0.059893,0.029639,0.120862,0.042470,0.074278,0.001596,-0.024015,0.165344,0.038855,0.100845,-0.040896,0.048606,0.048899,0.026031,-0.054170,-0.008000,-0.071283,-0.015938,0.154914,-0.162490,-0.017336,0.060982,0.003960,-0.012297,-0.064877,-0.014727,-0.016417,-0.014023,-0.050877,0.016832,-0.097430,-0.035449,-0.019579,-0.008421,-0.008227,-0.024340,-0.046253,0.007811,-0.086666,-0.044647,0.218996,-0.015749,-0.019162,0.153563,-0.024230,-0.017004,0.084000,-0.063556,-0.047476,0.049069,-0.079643,-0.044254,0.090491,0.011643,-0.184335,0.017691,-0.023572,0.066757,0.087850,0.094878,0.024676,-0.007126,-0.066222,0.043385,-0.142207,-0.020269,0.037758,0.128880,0.020252,-0.041452,-0.081020,-0.096940,-0.055323,-0.011945,-0.000649,0.004349,0.013773,-0.010140,-0.004635,0.073064,-0.054652,-0.008024,0.009789,-0.119315,-0.134587,-0.081275,-0.084738
0.031615,0.125327,-0.032958,0.040819,-0.017711,-0.073882,0.034374,-0.056937,0.039678,0.031257,0.016346,0.031573,-0.016687,0.013822,0.009169,-0.095888,0.044549,0.013590,-0.001820,0.018253,0.007447,0.000246,-0.000091,-0.023004,0.019262,-0.007726,0.007800,-0.033601,0.000606,-0.027299,-0.015731,0.028606,-0.130196,-0.145317,0.008559,-0.007471,0.052339,-0.000924,-0.014262,-0.047536,0.024739,-0.019733,-0.050801,0.051508,-0.020889,-0.005441,0.011224,-0.013758,-0.025079,0.014366,0.033713,0.010515,-0.050275,0.051028,-0.107920,0.048881,0.013982,-0.026259,0.009223,-0.249873,0.023417,0.029034,-0.116927,0.001233,0.024875,0.079813,-0.042056,0.059095,-0.046700,-0.021460,-0.060762,0.035157,0.001567,0.022576,0.053865,0.009687,0.069471,0.034096,-0.010539,0.048983,0.068311,-0.037558,0.022473,0.025870,-0.000429,-0.040539,0.015886,0.001886,0.021584,0.001303,-0.127879,-0.012138,-0.010524,0.155202,-0.024572,0.034812,-0.021846,-0.053327,0.056105,0.006460,-0.211823,-0.020816,0.049669,0.011957,-0.046934,-0.040238,0.014630,-0.010272,0.006543,0.000312,-0.014761,-0.069576,-0.040965,0.001571,0.017203,-0.074159,-0.048341,-0.016799,0.033725,-0.010940,0.065329,0.005272,-0.079035,-0.000549,-0.081107,-0.049202,-0.038287,0.057057
0.103459,-0.094117,0.029682,0.002372,0.131286,-0.044102,-0.033822,0.005196,0.024221,-0.034844,0.014574,-0.067749,0.046887,-0.014907,-0.032496,-0.043738,0.191701,0.002756,0.140628,-0.018099,-0.006252,0.000902,0.078055,-0.127135,0.020057,0.225656,0.193688,-0.012595,0.226741,0.142799,0.012744,0.034868,-0.069125,-0.075329,-0.053412,-0.055145,0.134600,-0.054960,0.245864,0.070645,0.064779,-0.002636,0.103409,-0.278544,-0.108616,0.020993,0.047496,-0.001583,-0.044261,-0.044265,0.019961,-0.247347,-0.006401,-0.136151,-0.002433,0.213811,0.060137,0.000066,0.001648,-0.014904,0.115836,0.014125,0.044239,0.053435,0.070040,0.222891,-0.024741,-0.015675,0.015326,0.056176,-0.028298,-0.030945,-0.183756,0.123040,-0.011124,0.006805,-0.130424,-0.158633,0.000229,0.128020,0.065339,0.224014,-0.037033,0.055386,-0.060898,0.053598,-0.127520,-0.166983,0.144803,-0.152023,0.067975,-0.057220,-0.049497,-0.073772,-0.106705,-0.044097,-0.041545,0.013867,-0.007306,0.064556,0.131935,0.001410,-0.011469,-0.131434,0.133144,-0.202693,-0.025987,-0.049637,0.056044,0.143256,0.107471,0.101221,0.146011,-0.033128,0.048733,0.045518,0.045894,-0.017284,-0.137123,0.051181,0.024203,-0.123100,0.043995,0.015866,0.031857,0.011417,0.068105,0.103865
-0.004506,0.017572,0.048046,0.003706,0.051024,-0.074057,-0.058588,0.005364,0.027152,0.048598,-0.007469,0.102114,0.005572,0.051266,0.075811,0.034763,0.035486,-0.022375,-0.033594,0.039125,-0.015132,-0.034669,0.059120,0.065853,-0.148917,-0.137842,0.022914,0.015511,0.018161,0.128981,-0.014699,-0.061820,0.033310,-0.028387,0.173761,0.025215,0.017945,0.025755,-0.036805,-0.069129,0.038406,-0.034155,0.019473,-0.109075,0.028252,-0.008273,-0.099104,-0.006482,-0.052169,0.061549,0.063095,0.060025,0.013106,0.021139,0.030052,0.160487,0.010923,0.037427,0.001782,-0.010582,-0.036592,0.035705,-0.023324,0.027768,-0.093932,-0.085306,-0.033844,0.020479,0.007984,-0.123945,0.036881,-0.122151,-0.239940,-0.032300,0.035572,0.003394,0.034467,-0.022212,0.068455,0.089478,0.010244,0.060514,-0.005797,0.010593,0.027535,0.022992,-0.012053,0.054734,0.037263,0.004431,0.042051,0.035656,-0.002730,0.029692,-0.081712,-0.089030,-0.031350,-0.028488,-0.018128,0.010659,0.037100,0.005149,-0.012835,0.165475,-0.036216,0.123424,-0.034509,0.041697,-0.008930,-0.031539,-0.003382,-0.001974,-0.031159,-0.038392,1.255438,-0.010837,-0.000440,0.113730,0.090366,0.019980,-0.061138,0.005315,0.050612,0.009228,0.018483,0.025612,-0.022060,-0.057616
0.008988,-0.078803,-0.058289,0.009241,-0.054791,-0.008706,0.014834,-0.004246,0.000878,-0.053681,-0.061059,0.055211,0.044202,-0.007300,-0.042893,0.001702,0.053420,0.067368,-0.037920,-0.060749,0.182046,0.007565,0.345445,0.031910,-0.060180,0.056625,-0.070323,-0.019254,0.049538,-0.021050,0.036760,0.041631,-0.028045,-0.028346,0.083263,0.016776,0.027749,0.140797,0.033175,0.020381,-0.016076,-0.000317,0.014652,0.104687,0.049807,-0.014705,-0.026974,-0.006245,0.036299,0.054614,-0.059319,0.025060,-0.030592,-0.019038,0.008990,-0.012255,-0.009663,-0.011185,-0.007382,-0.016322,0.029494,-0.152933,0.001069,1.268106,0.023519,0.036642,-0.000392,-0.020449,0.009206,0.013899,0.040149,-0.018829,0.077008,-0.042654,-0.013672,-0.003457,-0.052353,0.008014,0.131821,0.000679,-0.023306,0.032277,0.046438,0.036097,0.045892,-0.032280,0.011716,-0.023167,-0.005776,-0.031803,-0.030164,0.013449,-0.008129,-0.007400,-0.035996,0.272628,0.083262,0.004377,0.015887,0.035123,-0.002253,0.033655,0.038950,0.065067,-0.034089,0.010585,0.027926,-0.051593,-0.014262,-0.001719,0.016825,0.014342,-0.057037,-0.053617,0.015619,-0.086860,0.065998,-0.062614,0.000598,-0.006741,-0.030309,0.028631,-0.039313,-0.004253,-0.026634,-0.031153,0.015081,-0.028620
0.415277,-0.197437,-0.125830,0.023675,-0.007217,-0.002282,0.204132,0.004324,-0.014792,0.005218,0.070620,0.122734,0.034725,-0.003980,-0.200890,-0.031768,0.077539,0.084098,-0.092419,-0.090194,-0.113955,-0.110821,-0.029510,0.111436,0.025026,0.101428,-0.005416,0.027648,0.071269,-0.124808,0.037267,-0.053518,-0.017502,0.084712,0.027504,-0.005961,0.029726,0.102434,-0.101255,-0.062408,0.021748,0.087797,0.053743,0.141032,-0.048187,0.070893,0.033930,0.000486,0.052327,-0.040139,-0.051396,-0.013846,0.039318,0.016183,-0.056411,0.029174,-0.013831,-0.063883,-0.003681,0.059541,-0.075718,-0.038213,0.054677,0.004147,0.143366,-0.011013,0.036311,0.093126,-0.003765,-0.123655,0.003065,0.128008,-0.056228,-0.010539,-0.048987,-0.005495,-0.122838,-0.019186,-0.133142,-0.076740,-0.104318,-0.002563,0.013715,0.142856,-0.021686,0.024340,0.076350,-0.008561,-0.141955,-0.016202,-0.032280,-0.053570,0.126993,-0.076221,0.282920,0.093375,-0.919548,0.011168,0.011496,-0.140178,-0.062233,-0.064110,-0.009859,0.012308,-0.082838,-0.083061,-0.003285,-0.037969,-0.051604,-0.073102,0.098468,0.024511,0.012799,-0.020622,0.112836,0.010710,-0.129593,0.255672,0.033998,0.031848,0.065075,-0.045340,-0.034904,-0.005080,0.005362,-0.091708,-0.043072,0.033665
0.035470,0.047312,0.065032,0.015030,-0.059300,0.129303,-0.094829,0.035066,-0.015793,0.044136,0.051345,0.060441,0.030150,0.009295,0.094822,0.088782,-0.125277,0.017182,0.059155,0.043278,-0.083842,0.009409,0.057705,0.148524,0.021891,-0.195226,0.019246,0.043361,0.081909,0.049168,0.033585,0.028168,0.029521,-0.031644,0.179037,0.084733,0.097784,0.005406,-0.078583,-0.048019,0.045703,-0.003536,0.026111,-0.051081,0.063199,-0.058395,-0.050770,0.010190,-0.022887,0.013010,0.009845,0.369997,0.024814,-0.017878,0.083946,0.145503,-0.048225,0.011172,0.025404,0.052448,-0.067850,0.203209,0.046108,0.095708,0.278677,-0.015150,-0.006664,-0.022962,0.012971,0.036974,0.095985,-0.111564,0.000055,0.212706,0.053347,0.011510,-0.043042,-0.041759,-0.144374,0.065338,0.020972,-0.036297,0.058587,-0.100576,0.040639,0.015783,0.005477,0.044723,-0.010468,0.009294,0.006450,0.034911,-0.032367,-0.017623,0.011365,0.027521,-0.136168,-0.041598,-0.022507,0.037157,0.020348,0.006076,0.019697,0.151562,0.174092,0.104150,-0.125799,0.032544,-0.032994,-0.048302,-0.036035,0.024047,-0.047219,-0.040622,-0.216170,-0.088825,-0.119764,0.063592,-0.196360,0.013067,-0.024441,-0.050636,0.062904,-0.008985,-0.007444,-0.000821,0.000216,0.004878
0.119817,0.128228,-0.037196,0.060074,-0.001799,0.050092,0.028565,-0.033283,0.149021,0.124080,-0.045070,0.009557,-0.128916,0.031655,0.000260,-0.103209,-0.004126,-0.169984,0.261613,0.009836,-0.002147,0.004304,0.029896,-0.057642,-0.000674,-0.046889,-0.023128,-0.034927,0.015013,0.106601,-0.042200,0.087181,0.062351,-0.038236,0.010430,-0.020787,0.043791,0.007826,0.167711,0.062132,0.045490,0.005126,-0.005552,0.027682,-0.099618,-0.087947,0.057160,0.013597,-0.070194,-0.068293,0.106564,-0.006611,0.091693,0.029512,-0.111100,-0.046945,-0.029993,-0.007352,-0.003071,0.006810,0.105953,-0.013607,-0.040623,-0.021194,-0.027630,0.009330,0.039107,-0.008349,-0.019418,-0.106738,-0.013149,0.015793,-0.057252,-0.053087,-0.070800,-0.007384,0.004364,-0.088575,-0.038110,-0.065364,0.013803,0.156608,-0.076935,0.114106,0.066921,0.055347,-0.109494,-0.075692,0.030373,0.007345,-0.062761,0.064330,0.011540,-0.093534,-0.047096,0.040546,-0.008999,-0.110059,0.008948,0.145344,0.003337,0.080583,0.032622,0.004066,0.002052,0.029806,0.013753,0.062752,0.045869,0.001912,-0.022563,-0.029742,-0.004432,0.055987,0.000345,0.033818,0.002249,-0.019372,-0.066687,0.009052,-0.058464,-0.025281,-0.092927,-0.021783,0.010759,-0.025447,0.086243,-0.157510
0.077863,0.062357,-0.037545,0.041381,0.094634,0.025541,0.107426,-0.002162,-0.105840,0.051522,0.073282,0.045402,0.084278,0.078799,0.145416,0.135204,-0.086258,0.134359,-0.070140,-0.054082,-0.034398,-0.046921,0.015378,-0.046513,-0.076566,0.064145,0.048318,0.055020,-0.017226,0.061843,0.040566,0.096945,0.086290,0.040724,0.037943,0.067795,0.092051,-0.021598,-0.295061,-0.001623,0.083210,-0.086704,0.035284,-0.205895,0.037151,-0.085131,-0.031406,0.003981,-0.224601,0.155653,-0.130389,0.037158,0.010261,-0.061547,0.175602,-0.088830,-0.005055,0.047767,0.007909,0.017853,-0.221222,0.004966,0.003129,0.041170,-0.102863,-0.004557,-0.020169,-0.060532,-0.001369,-0.208361,0.119476,0.020067,-0.016257,-0.035089,0.072478,-0.006574,0.058886,0.009129,-0.043604,-0.091786,0.063997,0.016885,-0.065287,0.127819,-0.058092,-0.005423,0.056367,0.053004,-0.009099,-0.141563,-0.037670,0.138832,-0.071305,-0.107305,0.096216,0.037447,0.032789,-0.068088,0.086823,0.262898,-0.092421,-0.011310,0.113940,0.177289,0.126888,-0.341931,0.011637,0.042953,0.025808,-0.014016,0.037842,-0.039276,0.000310,-0.072783,-0.017200,-0.060997,-0.077174,-0.048277,0.011979,0.065450,0.032706,-0.008471,0.049662,0.001934,0.036844,0.156157,-0.005002,-0.052472
-0.020947,0.121999,-0.012711,-0.068285,0.078915,-0.069926,0.057276,0.060773,-0.016663,-0.053525,-0.090144,0.019486,0.055740,-0.068132,-0.057182,-0.020093,-0.066182,0.043178,0.033580,0.119035,0.038179,-0.077841,0.008339,0.012168,0.036058,0.074976,-0.016139,-0.071375,0.005310,0.074593,0.053537,-0.030000,-0.107941,-0.056180,0.005687,0.056243,0.034890,0.002460,-0.043207,-0.007251,0.106235,0.073432,0.048326,0.010125,0.170534,-0.143650,0.024556,-0.006098,-0.109822,0.099021,-0.039310,0.010642,-0.027498,-0.085432,-0.126176,0.025414,-0.002493,-0.129168,-0.005468,0.058288,-0.102522,-0.012245,0.141957,-0.129596,-0.028094,0.083403,-0.078058,-0.087762,-0.052502,0.008897,0.027725,-0.023647,0.020524,0.052977,0.011034,0.001013,-0.081175,0.066408,-0.004578,0.128628,0.032904,-0.078302,0.049085,0.088236,-0.023184,-0.034448,-0.057478,0.004018,-0.008318,-0.069645,0.276180,0.009285,-0.009052,0.020799,0.007102,0.124581,0.005655,0.124713,0.025290,0.040232,0.038252,-0.011591,-0.058569,-0.046966,-0.028793,-0.053033,0.029531,-0.045186,0.175822,0.016143,0.044176,-0.076748,-0.025318,-0.049854,0.040837,-0.001731,-0.015905,-0.025820,0.109368,0.035931,0.111566,0.027081,0.029821,-0.017426,-0.027732,0.154635,0.077089,-0.069837
-0.068231,-0.015562,0.062000,-0.029476,-0.047087,-0.007427,-0.250244,0.026281,-0.058880,-0.070988,-0.032398,-0.049944,0.022963,-0.007393,-0.001457,-0.031756,-0.033209,-0.002190,0.001184,0.000283,-0.108626,-0.018094,-0.015195,-0.110303,-0.329156,-0.038224,0.134253,-0.000571,0.385440,0.010222,-0.037725,-0.285092,-0.015739,0.006011,0.334714,0.018018,0.148299,0.066702,-0.007654,-0.055977,-0.029394,-0.006096,-0.013013,-0.060862,0.047661,-0.043760,-0.184501,-0.018162,-0.082984,-0.020915,-0.011473,0.381975,0.041379,-0.000396,0.036072,0.081277,-0.028478,0.004041,-0.022020,-0.007380,0.008014,0.214428,-0.009624,-0.042592,0.003921,-0.018318,0.000391,-0.002951,-0.022053,-0.083756,-0.066284,-0.168618,0.007036,0.132908,-0.022230,-0.013411,-0.015193,-0.012216,0.029478,-0.038797,0.001537,0.013080,-0.028576,0.009412,0.006631,-0.007819,-0.121511,-0.061729,-0.257839,0.014502,-0.011099,0.012145,-0.043411,-0.028503,-0.208253,0.019752,-0.079381,-0.029070,0.009490,-0.049181,-0.017774,-0.029075,-0.016189,0.268839,0.056716,0.115218,-0.045237,-0.026650,0.027279,-0.175230,-0.166374,-0.010737,0.058056,-0.016137,-0.223650,0.023793,-0.094476,0.183126,0.012795,-0.047884,0.017823,0.088499,-0.044513,-0.011303,-0.039553,0.006856,0.089289,0.017988
-0.010251,-0.015856,0.011646,-0.037262,0.062541,-0.036232,-0.018189,-0.095637,-0.002906,0.039004,-0.031795,-0.030304,-0.111420,0.040008,-0.070265,0.094873,0.003122,-0.007033,-0.016275,-0.033985,0.005794,0.017612,0.012729,-0.023133,-0.007137,0.021783,-0.008452,-0.151430,0.002756,-0.038159,0.012555,-0.002661,0.043696,-0.074332,0.023036,-0.082980,0.020201,0.003770,-0.028911,0.019389,0.062473,-0.017274,0.037716,0.014748,-0.011439,0.044227,-0.008685,-0.005515,0.006505,-0.063178,0.009972,0.007539,-0.001400,0.036183,-0.012440,-0.043121,-0.011582,-0.072032,0.007165,-0.020757,-0.013977,-0.003374,-0.003404,-0.013614,-0.011392,-0.029195,-0.022305,-0.048936,0.148068,-0.002190,-0.013136,-0.003886,0.012726,0.026597,-0.084494,0.007708,-0.027599,-0.030353,-0.011947,-0.023845,0.009774,-0.040685,-0.027954,-0.019852,-0.010228,-0.015561,-0.041310,-0.119672,0.017984,-0.014893,0.035885,0.039096,-0.025128,-0.015291,-0.009457,-0.015823,-0.002808,0.054360,0.068152,-0.025173,-0.108804,0.071336,0.141430,0.001467,-0.002349,-0.015212,0.009862,0.092578,0.026511,-0.007219,0.000367,0.090931,-0.021336,-0.043909,-0.032183,0.002115,0.001097,-0.000810,-0.023668,0.015839,-0.037262,0.013869,-0.154134,0.003595,0.032342,-0.067752,0.019889,0.044787
-0.051048,-0.084869,-0.005152,0.032871,0.119166,-0.051804,0.115850,0.042219,0.007502,-0.016929,-0.110580,0.041465,-0.066274,0.079855,-0.035369,-0.054802,-0.012880,-0.135318,0.027136,-0.004925,-0.005171,0.030991,0.029810,-0.015533,-0.003815,0.008095,-0.023664,-0.024191,0.038325,0.038812,0.058008,0.015379,-0.134475,-0.084726,0.019286,0.001642,-0.009874,-0.000254,0.049658,0.001773,-0.023607,0.074826,0.030613,0.068695,0.074394,0.001507,0.048089,-0.002730,-0.040394,0.153591,0.097148,-0.043304,0.116300,0.110348,-0.047262,-0.026257,-0.030661,-0.117293,-0.007568,-0.251662,0.038626,0.018771,-0.015324,0.004349,-0.020731,-0.129987,-0.023524,0.087719,0.032272,-0.113688,-0.051713,0.023281,0.005834,0.000035,0.139509,0.003101,0.007185,0.104585,-0.035906,-0.067314,0.035772,-0.005905,0.091877,-0.002905,0.092113,0.089778,0.018958,-0.046027,-0.019237,0.136567,0.046808,0.031412,0.140175,0.127200,-0.019261,-0.051188,-0.037325,0.143097,0.021868,0.047476,0.061516,-0.022343,0.037063,0.029001,0.013518,0.004293,-0.035963,0.038533,0.015179,0.034526,-0.027897,-0.021162,-0.026237,-0.044613,-0.093708,0.009962,-0.016106,0.008033,-0.036346,-0.115595,0.031163,-0.000605,0.052392,-0.009479,0.010642,-0.062297,-0.025442,0.108968
0.022580,0.066376,0.256516,-0.008699,0.002457,0.057058,0.062137,-0.012707,0.031730,0.039001,-0.082788,-1.243966,-0.046609,-0.043757,0.074979,0.042952,0.058580,0.004570,-0.007532,-0.017122,-0.012736,0.004386,0.000674,-0.086724,0.061513,-0.041355,-0.099112,-0.013283,-0.105542,0.054858,0.008214,-0.051961,-0.032684,-0.028018,0.076672,-0.052904,-0.080739,0.111326,-0.042932,-0.007543,-0.004436,0.057193,-0.013975,0.040172,0.004845,-0.033645,0.005379,0.005999,0.048587,-0.067113,-0.073592,0.010396,0.010669,-0.049913,0.037682,-0.040923,-0.034490,0.014914,-0.004275,-0.057501,-0.016848,0.051595,0.008810,0.057054,0.005535,-0.039996,-0.029341,-0.019841,-0.049151,-0.258172,0.043833,-0.010461,0.048303,0.027652,0.000114,-0.003178,0.039682,-0.029100,0.076993,0.020660,-0.056602,-0.020996,0.023587,0.119816,-0.070008,-0.015869,0.022953,0.040968,-0.041495,0.013166,0.044748,-0.050982,-0.043061,0.012684,0.089902,0.104399,-0.081790,0.071386,0.022674,0.061918,-0.038051,-0.004570,0.011674,-0.021499,0.114239,-0.017862,0.081828,-0.006449,0.040044,0.079729,0.074856,-0.069348,-0.154351,0.055703,0.105066,-0.000299,-0.015715,0.025640,0.014521,-0.015734,0.084264,-0.145426,-0.008923,-0.003686,0.003702,0.062518,-0.160756,0.119270
-0.007187,0.044258,0.063649,0.058330,0.040982,0.008790,0.050654,0.042942,0.001652,0.050817,0.160949,-0.065921,-0.031830,0.067674,-0.029916,-0.203904,0.034663,0.048801,0.047036,0.011987,0.055413,0.034059,0.024856,-0.016972,-0.000243,0.036473,0.010752,0.059182,-0.014437,0.054584,-0.017462,-0.061509,0.045289,-0.060482,-0.011547,-0.062680,0.004678,0.025971,-0.020335,-0.006198,-0.016654,0.043449,-0.010156,0.026690,0.044820,-0.079487,-0.020279,-0.009489,-0.116867,-0.058367,-0.006709,-0.011288,0.040976,0.064985,-0.129598,-0.007855,-0.013805,-0.018857,0.015179,-0.055695,0.028758,0.026457,0.107558,-0.016634,0.015671,0.144259,-0.107313,0.049321,0.001764,0.155607,-0.004413,0.022326,0.108652,0.011398,-0.078598,-0.009816,-0.127350,-0.119003,0.037003,0.003873,0.039046,0.075862,0.083459,-0.160253,0.001467,0.094809,0.068895,0.054164,-0.034787,-0.063053,0.124251,0.059830,-0.020748,-0.035429,-0.009913,-0.017543,-0.028046,0.264875,-0.081068,0.077190,-0.037399,-0.148289,-0.368645,-0.022564,-0.068859,-0.009217,-0.039872,0.070328,-0.099999,-0.051095,0.012057,0.078740,-0.089189,0.066770,0.005878,-0.096679,-0.015608,0.020133,-0.005434,0.053041,-0.261896,0.007925,0.030323,-0.001069,0.319871,0.119984,-0.057328,-0.087272
0.166148,-0.027095,0.055085,0.002110,0.018341,0.019533,-0.094357,0.004856,-0.045935,0.022900,-0.009788,-0.017809,-0.021941,0.040691,-0.021232,-0.021386,0.001446,0.037449,0.017523,0.015116,0.003339,-0.046023,0.024403,-0.066379,0.113463,-0.123841,0.082222,0.011477,-0.076470,0.020782,-0.004473,-0.051166,0.038496,0.038988,0.072613,-0.003990,-0.101154,0.027471,-0.066625,-0.004826,0.039437,0.001045,-0.013761,0.139845,0.004325,-0.039115,0.068364,0.003769,-0.039153,-0.026943,-0.048526,-0.131179,0.044668,-0.006052,0.033261,0.053876,-0.002788,0.020295,0.001287,-0.023442,-0.039179,-0.053294,0.024928,-0.004925,0.081052,-0.030486,-0.007013,-0.003125,-0.009075,-0.068406,0.050151,0.035394,-0.033757,0.017863,0.015806,0.000315,-0.020881,-0.045769,0.070505,0.040642,-0.021518,-0.005504,-0.009489,-0.034260,0.039658,0.013968,-0.027775,0.026507,0.096405,0.037404,0.010597,0.009439,0.037896,-0.011472,-0.012657,-0.026505,0.015114,-0.012862,0.011599,-0.081261,0.005731,-0.037609,-0.047908,-0.016926,0.044509,-0.057555,0.026105,0.003891,-0.014286,0.548650,-0.006881,0.012556,-0.079444,-0.003903,0.009756,0.006323,-0.012729,-0.010496,0.034331,0.004468,0.067786,1.227758,0.010588,0.002583,0.030247,-0.017952,0.003056,-0.008180
0.101617,-0.011395,-0.068032,0.026985,0.162729,0.005255,-0.519651,0.043422,0.048621,0.060149,-0.031029,-0.008672,0.071282,0.028918,-0.069538,-0.000377,0.065682,-0.141871,0.037632,-0.006181,0.108266,0.190626,0.035975,0.034588,-0.289602,-0.063725,-0.064117,0.041324,0.009909,0.048311,0.037414,0.354804,0.017255,0.041609,0.051500,-0.043775,-0.297030,0.058865,-0.124790,-0.117716,0.131297,-0.003451,0.175750,-0.052196,0.021616,-0.025268,-0.028406,0.002772,-0.218330,-0.008738,0.132184,0.028586,0.033901,0.001625,-0.195685,-0.028361,0.045416,-0.008305,0.007365,0.055723,-0.092100,-0.061648,0.013347,0.085758,0.216491,-0.005367,0.029152,0.042029,0.011169,-0.119152,-0.078386,0.367611,0.093057,0.095651,0.049731,0.004088,0.011491,0.099434,0.008154,0.167092,-0.103905,-0.028433,-0.086495,0.046785,-0.013238,0.071037,-0.414752,0.092337,0.096905,0.006295,-0.055533,-0.015751,0.064199,0.015516,0.018956,-0.185185,-0.055498,0.028369,0.063882,0.019652,0.306198,0.036368,-0.003542,-0.042880,0.213051,-0.208079,0.060796,0.033605,-0.034411,-0.111721,-0.047275,0.042858,-0.048834,-0.007678,-0.094846,0.148842,0.119065,-0.005384,0.162912,0.008817,0.060895,-0.092257,0.049402,0.006582,0.079543,-0.025604,-0.080053,-0.098228
-0.088804,0.004559,-0.045010,0.050078,0.056708,-0.126020,-0.062057,-0.048362,-0.141169,-0.011202,0.021742,0.004280,0.064222,0.047164,-0.046029,0.018302,0.057917,-0.010464,0.007844,-0.013912,0.019977,-0.032357,-0.022349,-0.014384,0.028692,0.001419,-0.004266,0.009336,0.035359,0.240418,0.030421,-0.000256,0.052160,-0.778993,0.090988,0.009217,0.084151,-0.021719,-0.025691,0.059388,0.040017,-0.161430,0.134999,0.064875,0.011255,-0.054071,-0.036541,0.002145,0.060015,-0.021985,0.077157,-0.006792,-0.000965,-0.089657,0.061305,0.032929,-0.065964,-0.045990,-0.004984,0.123891,0.009588,0.048727,-0.106311,-0.048217,0.001857,0.071372,0.044023,0.002226,0.093960,0.086997,-0.028676,-0.017694,-0.016996,-0.035972,0.090503,-0.013223,0.106668,0.127249,0.004971,-0.013260,0.011371,-0.019027,0.018135,0.139627,-0.064890,0.103847,0.071955,-0.036372,-0.013000,0.119931,-0.157645,-0.010272,-0.081178,0.020828,-0.028174,0.087204,0.022465,0.084460,0.085311,0.095658,0.007756,-0.012321,0.030874,0.070003,-0.015616,-0.086161,-0.002617,-0.064464,-0.055720,-0.016345,0.039278,-0.002520,-0.078598,-0.133539,-0.051829,-0.203922,-0.003068,0.011533,0.069380,-0.007689,-0.084278,0.035817,0.041782,0.007857,0.028828,-0.028827,-0.018495,-0.068392
0.032727,0.224603,-0.071936,0.051151,-0.014980,-0.030619,-0.031283,-0.001036,0.004377,0.012590,0.310464,0.001549,-0.010030,-0.065626,0.141593,-0.063787,0.121452,0.047769,0.093405,0.053696,-0.032289,0.218313,0.020193,-0.011911,0.103096,-0.070890,-0.005652,0.072771,-0.009109,0.137864,-0.008615,-0.065355,-0.065829,0.040751,0.089743,0.020671,0.131704,0.017603,-0.053161,-0.040204,0.055057,-0.040848,-0.128580,0.043963,0.050114,-0.218566,-0.016523,0.004437,0.073779,0.009274,0.077111,0.098707,-0.064834,-0.015673,-0.095796,0.064873,0.007845,0.019696,0.008770,0.140234,-0.068531,-0.080477,-0.055476,-0.017995,0.097833,0.278926,-0.045026,-0.003262,-0.051257,0.112445,-0.096835,0.053910,0.031918,-0.028999,0.107368,0.007503,0.017870,0.066763,0.202064,-0.018199,-0.083517,0.037026,-0.034895,0.106168,0.100383,0.013875,-0.032573,-0.106305,0.059976,0.276681,0.001241,-0.032051,0.265090,-0.081117,-0.039446,0.037277,-0.019054,0.121734,-0.018356,-0.205751,0.001774,-0.103072,0.023196,-0.021757,-0.047736,-0.047137,-0.063460,-0.001535,0.032005,0.066372,0.201044,-0.065227,-0.087969,0.034160,0.018257,0.043102,-0.029513,0.021151,0.030479,-0.149957,0.218258,-0.080083,0.020477,-0.013588,-0.109508,-0.136050,0.117986,0.071598
0.063327,0.066362,0.056353,0.075906,0.051741,-0.117610,-0.044737,0.004710,0.000258,-0.048947,-0.065440,0.078003,0.026412,-0.015443,0.046434,-0.352468,0.026252,-0.007278,-0.051479,-0.106767,0.027263,0.059773,-0.043490,-0.030383,0.089215,-0.058571,0.025910,0.111072,0.001541,-0.056975,0.108333,-0.040351,0.030633,-0.078538,0.020998,-0.086174,0.009297,0.047818,0.027262,0.028057,0.018789,0.116278,-0.037657,0.136559,0.019655,-0.031944,0.032519,-0.004441,0.018248,-0.001429,0.014808,-0.030655,-0.017085,-0.081920,0.023717,-0.015435,0.001383,-0.094232,-0.015815,-0.083036,-0.001135,0.055504,0.116116,-0.029816,0.015943,0.246565,0.027275,-0.084844,-0.036890,0.060985,0.006579,-0.048013,0.136284,0.004484,0.067698,0.017779,0.009993,-0.030847,-0.002444,-0.009868,0.085111,0.004521,-0.105064,0.133881,-0.043957,0.054407,0.162832,0.002616,-0.074778,0.107294,0.011090,-0.118993,-0.076139,0.051612,-0.065873,0.031777,-0.011005,0.276079,0.017077,0.194942,0.020020,-0.020913,-0.266697,-0.037781,-0.146360,0.043797,-0.036372,-0.087249,-0.137336,-0.107184,0.067583,0.126731,-0.119929,-0.152682,0.002498,-0.006707,0.055697,0.035038,-0.013262,-0.003557,-0.060781,-0.025561,0.170365,0.012517,0.040430,-0.014106,0.065465,-0.065660
-0.001992,-0.003056,-0.001632,0.008247,-0.038065,0.006176,0.047744,0.023695,-0.000568,-0.012608,0.012541,-0.022415,0.012940,-0.003441,-0.016274,0.013126,-0.109164,0.035968,-0.033779,-0.024650,-1.242816,0.040460,0.042187,0.207028,0.035806,0.073760,-0.134684,0.010172,0.135881,0.032833,0.001363,0.075381,0.016948,-0.026606,-0.052226,-0.000129,-0.086348,0.000431,0.006034,0.055150,0.003899,0.023203,0.054623,0.061877,0.043138,0.010325,0.067830,-0.006669,-0.016612,-0.005574,-0.049929,-0.046049,0.026393,0.023836,0.022977,0.068485,-0.014350,-0.061664,-0.004421,0.035508,0.004612,0.160547,0.019684,0.107463,0.071439,-0.012080,0.009450,-0.000702,-0.006259,-0.006713,0.187046,0.196171,0.051512,-0.044168,-0.011572,-0.003832,-0.007711,0.068899,0.205961,0.001871,0.058956,-0.019975,-0.012524,-0.037128,0.006758,0.046796,-0.000362,0.016698,0.200981,0.011663,0.000094,0.011457,-0.009360,0.007672,-0.245662,0.033068,0.031665,0.037138,0.030996,0.016393,0.025534,-0.007800,-0.013155,-0.023194,-0.214733,-0.064350,-0.040482,0.006677,-0.005193,0.036741,0.000489,0.014522,0.112435,0.030917,0.035276,0.042501,0.193953,-0.188101,0.045035,-0.022795,-0.020602,-0.022167,-0.008912,-0.004139,0.002066,0.005231,-0.052010,0.051961
-0.386033,-0.024241,0.020942,-0.026810,-0.101606,-0.117004,0.090340,0.008215,0.048828,0.017993,0.208129,0.162680,-0.025892,-0.014181,-0.071623,0.039674,0.004926,-0.073345,0.049702,-0.072257,-0.054296,-0.082098,0.043533,-0.041390,0.076784,0.067748,-0.000112,0.001307,0.042588,0.064033,-0.007682,0.072205,-0.033989,-0.039564,0.057266,0.025383,0.049146,0.119784,0.053836,-0.049229,0.021035,0.052555,0.028503,-0.014106,0.047062,-0.012871,-0.038876,0.012883,0.067726,-0.040123,0.032775,-0.026661,0.039712,-0.043656,-0.014998,0.035762,-0.029407,-0.037065,0.014178,0.115540,0.037169,0.008268,0.024312,0.039819,-0.010014,0.069342,0.181667,0.119199,-0.013010,-0.263263,-0.127397,0.021556,0.116298,0.040154,-0.022282,0.000097,-0.048827,-0.084737,0.117249,0.016006,0.141284,0.086006,-0.058947,0.332261,0.025929,0.009198,0.001652,-0.000588,0.013027,-0.168236,0.042880,-0.021342,0.071838,-0.010491,0.120589,-0.002457,0.107259,-0.011586,-0.019085,-0.206592,-0.032956,-0.030972,-0.030621,-0.051975,-0.024544,0.077738,0.862311,0.024827,-0.036977,-0.034286,0.024114,0.006865,0.004455,0.080751,-0.002863,0.033808,-0.071067,0.077710,-0.051327,-0.019706,0.059915,0.065815,-0.005924,0.003133,0.019483,-0.054092,-0.089270,0.042048
-0.098210,-0.022579,-0.022665,-0.012333,0.110701,-0.048488,0.007961,0.016547,0.066161,0.038010,-0.021662,-0.102126,0.077970,-0.030243,-0.075774,0.006819,0.011162,-0.157962,0.051257,0.048567,0.022241,-0.026845,-0.009424,0.010407,0.035046,-0.050183,0.045458,-0.021877,0.038446,-0.031729,0.015194,0.021467,-0.035306,0.071516,0.034685,-0.258267,0.041992,0.005103,-0.079725,0.014034,-0.086591,-0.048237,-0.031018,-0.150118,-0.019058,-0.089342,-0.018016,-0.014785,-0.002920,0.074630,0.027167,-0.000130,-0.100277,-0.105965,-0.123008,0.005133,-0.014463,-0.169690,-0.012782,-0.023597,-0.137567,0.014778,0.158173,-0.028995,-0.008550,0.034622,0.032893,-0.171248,0.161296,0.083032,-0.008711,-0.032427,0.042057,0.013157,0.019937,0.000011,-0.087202,-0.013023,0.038395,-0.095058,-0.042159,-0.065830,0.050520,0.046092,-0.056284,0.032527,-0.019009,0.017336,0.037356,-0.169240,0.062652,0.034036,-0.014552,0.027060,0.031913,0.135572,0.049415,0.009154,0.010641,-0.011739,-0.032836,0.039890,0.060567,-0.014568,0.013872,-0.028682,0.009337,0.014125,-0.160020,-0.031322,0.068730,0.071493,0.041288,-0.095913,0.044870,-0.165206,0.027819,0.040084,-0.058800,-0.069644,0.098772,0.008824,0.053706,-0.010056,0.044874,-0.020892,0.049163,-0.036823
-0.103108,-0.061731,0.052121,0.033496,-0.076010,0.071042,-0.038745,0.046251,0.026285,-0.005862,-0.031403,-0.060684,0.014980,0.008771,-0.041561,-0.071341,0.024322,-0.021941,0.047639,-0.037311,0.129969,-0.024796,-0.031253,0.103503,0.142726,0.029444,0.386818,0.033453,0.004191,-0.045068,0.034015,0.035611,0.002824,0.006043,0.046700,0.019025,-0.021151,-0.171983,-0.052470,0.043455,-0.035487,0.033015,0.006672,-0.050160,0.039119,-0.006701,-0.004690,-0.006878,0.108359,0.044056,-0.001932,0.139019,0.022110,0.021337,-0.002747,0.021924,-0.019650,0.031790,0.001513,-0.031534,-0.054245,0.017147,0.025606,-0.036908,0.282400,0.012972,0.035520,0.031858,0.006522,-0.091891,0.070097,0.175618,0.075005,-1.146211,-0.011782,-0.003124,0.025450,0.067012,-0.123470,0.130501,-0.168196,0.028865,0.000932,0.104598,0.074580,0.016703,-0.060773,0.004118,0.131447,-0.050565,0.036185,-0.006336,-0.050229,0.063057,-0.127219,-0.047740,-0.006335,0.053196,0.001258,-0.002415,-0.003541,0.001229,-0.016513,0.232320,-0.101507,-0.068366,-0.009315,0.016219,0.040771,0.049331,0.034944,-0.000994,0.080816,0.006062,-0.041529,-0.006455,-0.013772,-0.068439,0.018804,-0.053244,-0.028604,-0.053399,0.021041,0.000102,-0.015531,-0.012954,0.011083,0.004256
-0.000829,0.006443,0.000305,0.009363,-0.004804,-0.002290,-0.003993,0.000422,-0.007334,0.007163,0.020084,-0.000758,-0.019486,-0.000762,-0.030025,0.004632,-0.000077,-0.003606,-0.004956,0.022796,0.003496,0.013696,-0.006785,0.002147,0.004083,-0.005568,-0.000439,-0.009367,0.004319,-0.004341,0.018890,0.008549,0.008690,0.016589,0.003917,-0.007344,0.007301,0.000541,0.000717,-0.006781,0.002897,-0.012200,0.008488,-0.000025,0.011272,0.004077,-0.000877,-0.011991,0.005373,0.008500,0.009750,0.004438,0.009336,-0.019411,-0.005121,0.001126,0.012493,0.022979,0.017454,0.002443,0.000518,-0.006316,-0.011328,-0.005724,0.002273,0.007579,-0.007576,0.007553,-0.010318,0.002182,-0.004639,0.004741,0.004897,0.005435,0.026267,-0.026284,0.007539,0.008097,0.001360,0.000321,0.001943,-0.000460,0.009898,0.012765,-0.005465,0.009733,-0.014311,0.005695,0.004155,0.012834,0.015479,0.000834,-0.002383,-0.028832,-0.005631,-0.000577,-0.004681,0.014451,-0.000581,-0.006630,-0.009406,-0.002585,0.029187,-0.013377,-0.006480,-0.007319,-0.002148,-0.002750,-0.009960,0.004982,0.009393,0.000022,-0.004443,0.007600,-0.000612,-0.014665,0.003187,0.001149,0.000935,0.002328,-0.009787,-0.006080,-0.002433,0.004534,-0.001880,0.005351,0.003137,0.006330
-0.048858,-0.006795,0.007968,0.031786,0.092834,0.008583,-0.032359,-0.074852,0.156466,0.045399,-0.030276,0.016674,-0.047236,0.069845,-0.053740,0.025987,0.002734,-0.145293,-0.064190,0.129081,-0.047165,0.067238,0.048458,0.019079,-0.055727,0.054027,-0.002872,-0.041052,-0.003889,0.028907,0.049149,-0.006378,-0.033930,0.065170,0.034889,-0.003431,0.015475,0.017394,-0.028116,-0.043903,-0.058686,-0.009471,-0.056734,-0.028617,-0.091233,0.100440,0.018345,-0.016058,-0.015919,0.024503,-0.093116,-0.029248,-0.026253,0.020876,0.001377,0.021833,0.193077,-0.014808,0.007794,-0.166580,-0.020736,0.000659,-0.057752,-0.004633,-0.004928,-0.055808,-0.000170,-0.123077,0.122457,-0.125626,-0.010557,0.003816,0.010497,-0.011726,0.119795,-0.001948,-0.189173,-0.191264,0.022665,-0.087019,0.028567,0.023750,0.022870,-0.042029,0.067033,-0.035336,0.013547,-0.015236,0.006551,-0.004400,-0.099959,0.110026,0.010088,-0.125431,-0.018961,-0.022034,0.002108,0.081033,-0.088982,0.132293,-0.141344,0.038279,0.017792,0.024906,-0.005639,0.042032,0.022756,0.128237,-0.163887,-0.030943,-0.026967,0.012575,0.028603,-0.072950,-0.049752,-0.053494,-0.028048,0.003415,0.005689,-0.068496,-0.003086,0.024562,-0.056406,0.007385,0.002694,0.005922,-0.085940,0.028613
-0.152913,-0.034913,0.068734,0.000377,0.209750,0.050878,0.028718,0.000255,0.078273,-0.011948,0.025619,0.005008,0.039307,0.028936,-0.032239,0.001015,0.072214,0.134734,-0.077732,-0.024492,-0.005519,0.016704,0.039248,-0.005924,-0.028962,-0.010724,0.009346,-0.194722,0.039010,0.037518,-0.039058,-0.042169,0.022074,0.191253,-0.033588,-0.186714,0.037123,0.032717,0.107626,-0.008915,-0.040869,0.012493,0.111467,-0.078967,0.042992,0.092006,-0.006411,0.005864,0.107066,0.016760,0.071132,0.048088,0.033835,0.217135,0.052352,-0.001713,0.061362,0.042783,-0.003928,-0.086369,0.175076,-0.022278,0.036425,-0.093436,0.035376,-0.030256,-0.068429,0.019908,0.079157,0.012051,-0.015319,-0.083737,0.015430,-0.062585,0.107149,-0.017285,-0.038515,0.060684,0.023422,-0.012309,0.040608,0.103390,0.011271,0.087793,0.069715,-0.057680,-0.013064,-0.106286,0.050709,-0.228817,0.238050,-0.022986,-0.018789,-0.048925,-0.034722,0.103249,0.024484,-0.011134,-0.102322,0.021719,0.056668,0.066027,-0.063494,0.009313,0.027695,0.081448,-0.057052,0.043272,0.013490,-0.061946,0.038778,0.039825,0.015270,0.003412,-0.050276,0.161085,0.052315,0.023596,0.081791,0.025159,-0.081407,0.095798,0.166561,-0.004552,0.205031,-0.007208,0.028212,-0.009057
0.118677,0.009884,0.089334,0.038335,-0.013005,0.065000,0.205319,-0.009472,0.069733,-0.000916,-0.004569,-0.164573,0.054090,0.013071,-0.133519,-0.114834,-0.060515,0.020288,0.014445,-0.017224,0.041833,-0.024892,-0.013559,0.310287,-0.074204,-0.064929,-0.199872,0.007166,0.047231,-0.072338,0.014623,0.206003,-0.024451,0.100599,-0.037172,0.036023,0.192423,-0.082027,0.056275,0.018212,-0.028549,0.071633,0.014468,0.031634,-0.023707,0.145060,0.097458,-0.014862,0.020005,0.048106,0.107222,-0.085982,0.019948,0.015882,-0.051581,0.565631,-0.015272,-0.015532,-0.002036,0.085863,0.005724,0.113703,0.052445,-0.023458,0.149083,0.000997,-0.004462,0.044110,0.005236,0.058880,-0.132283,0.114112,0.057492,0.068414,-0.054224,-0.002648,0.033366,0.033074,-0.186400,-0.179411,-0.035916,-0.141564,-0.073719,0.119107,0.034062,-0.003838,0.106009,0.004148,-0.051187,-0.054128,-0.003667,-0.036601,0.065985,0.064827,-0.012804,-0.004780,0.348494,0.014534,-0.033013,-0.011367,0.037921,0.022758,0.004250,0.113501,0.128153,0.021827,0.189097,0.019646,0.025679,-0.205233,-0.089256,0.007512,-0.139011,0.173689,0.058408,0.108237,0.028476,0.028054,-0.026261,0.036383,0.012919,0.054056,0.001882,-0.005026,0.000698,-0.076413,-0.007724,-0.023402
-0.010535,0.049626,-0.011039,0.075475,0.048452,0.021838,0.012227,0.015584,0.009162,0.004563,-0.012680,0.010260,-0.019158,-0.058059,0.012939,-0.006927,-0.013881,-0.015481,0.009725,-0.015913,0.000820,0.054355,-0.011320,0.003886,-0.002084,-0.009965,-0.000427,-0.019179,-0.005614,0.020626,0.056768,-0.004858,0.027441,-0.018311,0.002515,0.019214,0.003889,0.017045,-0.003425,-0.013761,0.034225,0.059206,-0.014476,-0.025625,0.018784,0.061173,0.010473,-0.028368,0.030035,-0.008667,0.023292,0.004330,0.085984,0.073641,-0.000979,-0.012195,0.025393,-0.018825,0.016353,-0.001276,-0.011189,-0.001426,-0.030668,0.001219,-0.007236,0.041441,-0.009226,-0.017272,0.021749,-0.006096,0.023992,-0.001596,0.019252,0.009017,-0.002156,0.005297,0.023089,0.010679,-0.009607,0.002792,-0.006651,0.035827,0.016304,0.080734,-0.024477,0.018439,0.016834,-0.100883,-0.017018,0.009676,0.050484,0.012832,0.030734,0.006923,0.009525,0.005890,-0.000160,-0.044674,0.029938,0.013267,0.071331,-0.076311,0.002717,-0.013863,-0.008890,-0.001848,-0.000091,0.027023,-0.040722,0.000736,0.014425,-0.084707,0.010839,-0.003365,0.003395,0.043688,0.002413,0.000040,-0.011592,0.022826,0.038415,0.006276,0.007851,-0.012897,-0.103452,0.036744,-0.063799,0.020305
0.075052,0.022411,-0.085496,0.002583,-0.000751,-0.020891,0.028124,-0.011611,-0.183474,0.067049,-0.046747,-0.029420,0.013616,0.038763,0.007880,-0.013414,0.065386,0.046420,-0.920191,-0.063197,0.026173,0.036845,-0.029216,-0.039017,-0.035982,-0.070546,0.077568,0.023233,0.078973,0.047593,0.020606,0.171974,0.017305,0.055384,-0.049826,0.029304,0.062336,-0.067085,0.263585,0.031678,0.108552,-0.010517,0.090297,0.030368,0.099276,0.001920,0.023858,-0.009925,-0.028575,-0.029680,0.114950,-0.024287,0.007830,-0.054323,-0.057793,0.028911,-0.028746,0.030665,-0.007987,-0.073851,0.303347,-0.071515,-0.043672,-0.044400,0.013483,-0.010421,-0.031620,-0.035604,-0.025405,-0.078087,-0.019086,-0.040337,0.021477,-0.102049,0.024073,-0.005291,0.037273,0.137083,0.051256,0.003168,0.042530,-0.170713,-0.034382,-0.004156,-0.021194,0.033167,0.107017,0.102681,0.068841,0.008083,-0.062083,0.027349,0.082043,0.039304,-0.017628,-0.002483,0.046499,-0.092121,0.051185,0.072609,0.009132,0.020731,0.008721,-0.095284,0.051875,0.152125,-0.003272,-0.010589,0.017330,-0.033427,-0.062700,0.036002,-0.058824,0.026418,-0.076562,0.014872,-0.004333,0.041498,0.099035,0.053533,0.042115,0.028984,-0.039385,-0.004233,0.000381,0.100341,-0.051620,-0.044264
-0.005218,-0.008128,-0.007595,0.010849,-0.003417,0.000417,-0.001579,0.003785,0.008110,0.007677,-0.004557,-0.001464,0.007180,0.011114,-0.003849,-0.001865,0.000067,-0.016715,-0.001941,-0.006495,0.000526,0.017895,-0.003187,0.001165,-0.000389,-0.000795,0.003018,-0.001557,0.001711,-0.007617,-0.012428,0.000078,-0.001925,-0.002111,-0.006000,-0.004506,0.013164,0.009306,-0.006726,-0.003577,0.003859,-0.002382,0.020528,0.000150,0.017319,-0.000384,0.000646,0.014404,0.005654,-0.014369,-0.001270,0.001893,0.012681,-0.016340,0.002313,-0.000993,0.004162,0.012157,0.009365,-0.001918,0.001526,-0.005271,0.010843,-0.000130,-0.001301,-0.007747,0.006891,0.009426,0.000290,-0.000047,0.000828,0.005742,-0.000536,0.004356,-0.016470,0.004532,-0.000938,0.007429,0.002077,-0.004317,0.001860,0.001579,-0.003639,-0.002588,-0.015299,-0.013883,0.001885,-0.003376,-0.003487,0.009307,0.002749,-0.003486,-0.001527,-0.004263,-0.001427,-0.006409,0.000068,0.021747,-0.000246,0.004598,-0.011836,-0.006423,0.005575,0.005684,-0.002411,-0.004547,0.003214,-0.000641,0.000307,-0.000581,0.005359,-0.015791,0.003868,-0.012355,0.002793,0.001449,0.000463,-0.006415,-0.004196,0.013113,0.002976,0.002523,0.017176,-0.000565,0.015310,0.010752,0.008200,0.004792
-0.017193,-0.036281,-0.013140,-0.036464,-0.016317,-0.016540,0.037604,-0.013998,0.002093,-0.013611,-0.060197,-0.069182,-0.035799,0.010097,0.000952,0.027647,-0.113343,0.091519,0.062771,0.028074,0.014510,0.003449,0.040484,0.187125,0.081684,-0.023405,0.074285,-0.078369,0.014802,0.138194,0.017169,0.095224,0.024005,-0.057949,-0.058899,-0.002484,0.083732,-0.090547,0.031533,-1.274594,0.064359,-0.053219,-0.007498,0.287187,-0.013197,-0.007907,0.120767,-0.004969,-0.083032,-0.021360,-0.074265,-0.029917,0.025386,-0.044356,0.079832,0.041362,-0.022386,0.023588,-0.005340,-0.000111,0.063874,-0.066337,0.012778,-0.016166,-0.188163,0.040772,-0.004390,-0.058480,-0.001601,0.047490,0.011948,-0.010144,-0.034121,-0.063231,0.002574,-0.002330,0.001909,-0.022117,0.016093,-0.011972,-0.007478,0.054192,0.023100,-0.044700,0.008617,0.018564,-0.000612,-0.038907,0.202615,0.012834,0.012491,-0.022139,-0.006047,-0.019294,0.133486,0.016922,-0.005667,-0.037980,0.062932,0.016790,0.069883,0.042856,-0.028651,-0.001521,0.050236,0.043150,-0.088445,-0.005101,-0.010916,-0.038834,0.040636,0.001564,0.066406,-0.029217,-0.059985,-0.011427,0.018054,0.017603,0.016959,0.022337,0.010918,-0.036632,0.004474,-0.000330,-0.008944,0.004065,0.070085,0.041033
0.009456,-0.067424,0.017191,-0.000671,0.080279,0.048640,-0.031647,-0.065228,-0.000895,-0.060026,0.044716,-0.019208,-0.010896,0.035661,0.105880,0.035804,0.015465,-0.004460,-0.006707,0.216776,-0.023636,-0.029370,-0.032208,0.002624,-0.028337,-0.000144,0.000411,0.018559,-0.002308,-0.096495,-0.075988,-0.025234,-0.009032,0.035476,0.017204,-0.045807,0.010253,0.016676,0.009584,-0.017067,-0.033205,-0.089855,0.013007,-0.003650,-0.032552,0.074795,0.031480,0.004683,0.003737,-0.048269,-0.052472,0.000658,-0.033441,0.027355,-0.002944,0.017309,0.124908,0.054279,0.005401,-0.111545,-0.009476,-0.000687,-0.004453,0.016875,0.004067,-0.017310,-0.055272,-0.127438,0.091738,-0.072899,-0.028588,0.013478,-0.013864,-0.014780,0.061445,0.022809,-0.096402,-0.101442,0.024404,-0.045617,0.043259,0.058894,0.055876,-0.100076,0.072953,0.087883,-0.015572,-0.049095,0.022701,-0.025892,-0.137827,-0.062121,-0.001756,0.022481,-0.012017,0.042128,-0.003048,0.099304,0.050925,0.066706,-0.028150,0.018285,0.062668,0.016201,-0.018289,0.042505,0.033480,0.044912,0.049563,-0.018695,-0.023725,-0.048751,0.024515,-0.062213,-0.008347,-0.013303,-0.033367,-0.009552,0.008913,-0.015823,0.054511,0.010875,-0.008139,-0.001478,-0.071084,-0.150080,-0.097325,-0.029786
-0.163225,-0.057871,-0.071882,0.047723,0.029228,0.126006,-0.206492,0.086793,-0.005366,0.028119,-0.101011,-0.010947,-0.004590,0.046550,0.016447,0.060607,0.003687,0.050824,0.026037,-0.056599,0.080552,0.005081,-0.001687,-0.007861,0.205741,0.031792,0.006693,0.077532,-0.056800,0.056876,0.062206,-0.060962,0.015920,0.172521,0.070773,0.043229,0.098609,0.050377,0.087205,0.016499,0.013422,0.054684,0.062486,-0.006877,-0.027142,0.045501,-0.085703,-0.009980,-0.033391,0.026404,-0.142105,-0.088482,0.087415,0.039583,-0.052577,0.177287,-0.048121,0.132796,0.002243,-0.027730,0.020011,0.069122,-0.007645,0.004009,0.062446,0.091909,0.082933,-0.015332,-0.013145,0.102701,0.015303,0.048362,-0.068062,0.161715,0.043856,-0.006462,0.073962,0.199094,-0.167033,-1.054780,0.000421,0.078332,0.021895,0.046622,0.110370,0.105889,-0.099204,0.077358,0.113156,0.037109,0.049879,-0.001155,0.031780,0.075676,0.008180,-0.038314,0.010467,0.055621,0.096869,0.075450,0.099779,0.000608,0.019743,0.131341,-0.161443,-0.056877,-0.058770,0.029262,0.058521,0.093684,0.099697,0.081445,-0.073722,0.062788,0.031490,0.124442,0.039058,-0.027373,0.207423,-0.052880,0.000998,-0.015759,0.063209,-0.000395,-0.015887,-0.005365,-0.087811,-0.120791
0.134604,-0.074967,0.047832,0.002948,-0.100710,0.050504,-0.023469,-0.021809,0.012334,0.032686,0.054508,-0.056480,-0.082992,-0.005402,-0.018706,-0.295739,0.054127,0.002337,-0.052138,-0.063488,0.007292,-0.058476,0.056619,-0.043803,0.076677,-0.038513,0.031375,-0.005244,-0.004496,0.114833,0.020226,-0.049053,0.082750,-0.021029,0.023324,0.109952,-0.002312,0.030061,-0.044088,-0.017455,0.074337,0.182055,0.050494,-0.019756,0.084226,0.021179,0.014702,0.011361,-0.064939,-0.050768,0.061907,0.027127,0.107080,-0.015327,-0.026941,-0.005758,-0.008670,0.119433,-0.015558,-0.011911,0.048078,0.002530,-0.083893,0.055492,0.033074,0.240161,-0.108787,-0.098910,-0.035702,-0.061349,-0.051508,-0.026834,0.043868,0.001038,0.067103,-0.006425,0.014914,0.049707,0.053981,0.028575,0.098201,0.053439,-0.038493,-0.206492,0.033642,-0.015201,0.039230,0.017923,0.016326,0.086887,-0.018953,0.048562,-0.150151,-0.047333,-0.034070,-0.129604,-0.000772,0.134199,-0.045827,0.143847,-0.022117,-0.136442,-0.471305,-0.093559,-0.031353,0.123079,-0.001540,0.132536,-0.084055,-0.106411,0.023564,0.122491,-0.075245,0.041132,0.014400,-0.025259,-0.011347,-0.001452,0.019835,-0.027059,-0.001702,-0.012775,0.096730,-0.005188,0.171582,-0.216922,0.099739,-0.126736
0.001542,0.005560,-0.000941,-0.006830,-0.003574,-0.007793,0.011665,-0.012551,0.000479,-0.006673,-0.015113,0.002948,0.006858,0.009585,0.020072,0.000250,-0.006351,-0.019181,0.002111,0.001873,0.001886,0.001215,-0.004594,0.018236,0.002684,0.000309,0.002243,0.019506,0.001763,0.000032,-0.005606,0.004754,0.007064,0.000019,0.022370,0.011833,-0.013096,0.007772,0.001878,-0.003078,0.001495,0.006716,-0.024987,-0.000354,-0.003665,0.003824,-0.005256,-0.002706,-0.014735,-0.001035,0.002674,-0.010256,-0.020948,0.012491,-0.004050,-0.002960,-0.008783,0.004553,0.005336,0.003458,-0.000531,0.004506,-0.000384,-0.002316,0.003941,-0.015084,0.014427,-0.004825,-0.000732,0.001593,-0.009650,-0.011656,0.001031,-0.005024,-0.001204,0.008063,-0.013405,0.006049,0.004805,0.000640,-0.002051,-0.002245,0.000055,0.004845,0.003244,0.014769,-0.007875,-0.005198,0.002888,-0.008000,0.012439,-0.015333,-0.005936,-0.023061,-0.007824,0.002979,-0.002991,-0.006247,0.000290,0.008217,-0.007114,0.001114,0.000225,-0.016444,-0.011594,0.004930,-0.002399,0.007412,0.000847,0.002657,-0.008309,-0.000838,-0.021295,-0.003202,-0.003292,0.009555,0.002149,0.004294,-0.003286,0.001917,-0.003423,-0.003308,-0.002014,-0.001544,0.008413,0.004267,0.004659,-0.004971
0.211438,-0.136189,0.000080,-0.042284,0.023579,0.099075,-0.082696,-0.060199,0.036582,-0.010281,0.045893,-0.077225,-0.018977,0.084869,-0.216392,-0.004492,-0.015068,-0.036031,-0.097737,0.143393,-0.108172,-0.128799,-0.008622,-0.008906,-0.059535,-0.039310,0.012669,-0.000121,0.017571,0.030752,-0.019131,0.098090,-0.040030,-0.065091,0.055396,0.011169,-0.018826,-0.008418,0.055818,-0.039747,-0.091150,-0.109173,-0.067276,-0.167691,0.049007,0.087056,0.065568,0.009120,-0.110009,0.078584,0.087861,-0.046109,-0.275389,-0.089798,0.121236,-0.043598,0.083245,0.036054,-0.000480,0.073313,0.047846,-0.052426,-0.066736,0.036384,-0.078856,0.036900,-0.045952,0.067459,-0.047349,0.134738,-0.007101,0.040979,-0.018963,-0.029774,0.068358,0.001592,-0.085694,-0.021862,-0.012508,-0.089437,0.016058,-0.130373,0.051853,-0.059776,-0.040719,-0.080677,-0.120153,-0.127659,0.079480,-0.205060,0.010937,-0.052383,-0.059333,-0.006093,-0.011925,-0.025339,0.080318,0.045009,-0.143938,0.059984,0.004798,0.001837,-0.032425,0.023550,0.021762,0.027392,0.027084,-0.180615,0.032281,-0.072880,0.019687,-0.026699,0.037433,0.009495,-0.066268,-0.109098,-0.069239,0.038494,-0.017081,-0.006064,0.017034,0.052825,0.131685,0.005748,-0.091783,-0.258699,0.048555,-0.293248
0.091079,-0.003431,0.027841,-0.004563,-0.025313,-0.039970,-0.038794,0.015680,0.600621,0.031398,-0.009731,0.047304,0.001091,-0.001634,0.044182,-0.118350,-0.033181,-0.044806,0.017253,-0.084998,-0.013074,0.016589,-0.008728,0.018626,0.034743,0.023278,0.048764,0.006225,0.022648,-0.012835,-0.020940,0.002147,-0.046046,-0.032374,0.005588,0.007436,0.001238,-0.016476,0.044914,0.009430,0.024101,-0.033628,-0.030946,0.038365,0.235446,0.039625,0.026880,0.009823,0.053176,0.028972,0.032365,0.105719,-0.037686,-0.101581,-0.020228,0.043776,-0.006035,0.011337,0.002634,0.044785,0.006905,-0.012910,0.105539,0.004921,-0.089510,0.075905,0.018536,-0.023371,-0.035108,0.407956,0.064005,0.042012,0.020159,-0.005533,-0.013097,0.002170,0.054605,-0.009549,0.056931,0.067299,0.222970,0.017614,-0.042553,-0.086810,0.190366,-0.003850,0.009189,-0.046422,-0.033462,0.093482,0.016831,-0.025204,-0.137360,0.048223,0.043825,-0.061123,-0.119458,-0.005783,-0.030030,-0.076029,-0.026604,0.533837,0.092539,-0.012261,0.105595,0.060188,-0.020524,0.023434,0.009056,0.015545,0.011595,-0.052183,-0.092543,-0.050560,-0.038879,-0.070018,-0.074990,0.027404,0.117801,-0.019868,-0.083838,0.035227,-0.042136,-0.002177,0.005004,0.163576,-0.847200,-0.081910
-0.119299,0.042876,0.108313,-0.009806,-0.032159,-0.075805,0.267739,0.004437,0.022783,0.005128,0.008981,-0.045567,0.048787,-0.027357,0.013006,0.046133,0.087177,0.019106,0.100903,0.002969,0.067026,0.068884,-0.000093,0.005140,-0.007095,0.103926,0.201639,0.037715,-0.092674,-0.017545,0.007825,0.233449,0.022486,0.040001,0.167783,0.030931,-0.046899,-0.020256,-0.060380,0.040381,0.058351,0.041661,0.020868,0.001823,-0.001972,0.049793,0.095819,-0.006793,0.148962,0.016813,-0.013681,0.278529,0.002654,-0.004592,0.000406,-0.064879,0.011244,0.045952,-0.013554,0.000328,-0.041457,0.213894,-0.026739,0.026523,0.096937,0.058642,-0.015769,0.004862,-0.010815,0.116878,-0.158438,0.165274,-0.049964,0.010391,-0.032710,-0.003991,-0.007605,0.042478,0.211032,-0.076504,0.159956,0.045322,-0.004860,0.077469,-0.050878,0.003757,0.081015,-0.014221,0.013924,0.030037,-0.066223,-0.027460,-0.009712,0.003347,0.132139,0.058078,-0.096811,-0.019899,0.053652,-0.104737,0.033323,-0.002378,0.024136,0.036494,-0.041558,0.160536,-0.268556,-0.000556,0.028638,-0.161604,-0.118964,0.007261,0.251984,0.057584,-0.000192,0.062462,0.102197,-0.001172,0.104427,0.034424,0.000059,0.220180,-0.022869,0.022919,-0.028649,0.073147,-0.032926,-0.019116
0.024563,-0.070428,-0.011522,0.027319,-0.102768,-0.025190,-0.039223,-0.001743,0.011724,-0.024506,0.001729,-0.046164,-0.093378,0.026579,-0.052866,-0.094823,-0.006670,0.075080,0.051739,0.076010,0.023566,0.002531,0.095956,-0.025079,0.008890,0.001692,-0.015736,0.007263,0.003939,0.174635,-0.072184,-0.011534,-0.035753,-0.064713,-0.017916,0.170570,0.027534,-0.006423,0.027272,-0.029214,-0.077546,0.032955,-0.061922,0.021482,0.042524,-0.086901,0.061901,-0.007000,0.001476,-0.029853,0.123592,0.057795,0.091185,0.167304,0.091092,0.028731,0.029658,0.124516,0.008348,0.003805,-0.052604,0.021874,-0.146842,-0.011573,0.013176,0.009086,-0.004431,0.059714,-0.008487,0.047906,0.010061,-0.014923,-0.004836,-0.004322,-0.079353,0.007991,0.045321,-0.032444,-0.013298,0.046552,0.016756,-0.118208,0.054130,0.008718,0.008183,0.030935,-0.049257,0.040831,0.017083,0.006080,-0.051306,-0.008914,0.018842,0.083868,0.011705,0.006979,0.025752,-0.039924,-0.075654,-0.059950,-0.005055,0.042771,-0.043134,-0.025373,-0.025830,-0.023057,0.031409,-0.089350,0.016313,0.037216,0.000734,-0.007403,-0.001829,0.081869,0.058047,-0.014309,0.001675,-0.019755,0.062419,0.104783,0.008315,-0.025804,-0.159310,-0.000636,-0.101887,0.007066,-0.037307,0.065730
0.020408,-0.057716,-0.079691,0.007351,0.040339,0.181540,0.104118,0.004165,0.038990,-0.043228,-0.038802,-0.040118,0.069800,0.011257,-0.046943,-0.021100,-0.020446,-0.051259,0.058301,-0.021417,-0.134869,-0.010596,-0.006997,-0.191375,0.050258,0.010952,-0.026228,-0.006780,0.043064,0.003699,-0.018797,0.124225,-0.018639,0.128105,0.150772,0.027811,0.322215,-0.079748,0.128934,-0.111839,-0.016216,-0.026134,0.140316,-0.104803,0.036569,0.098952,-0.051696,-0.007861,-0.124652,0.067547,0.261182,-0.170952,0.049711,0.039127,0.007855,-0.862150,0.024724,0.051698,-0.000316,-0.010151,0.080096,0.292000,-0.045341,-0.032586,0.156363,0.067268,0.007578,0.072182,0.041596,0.087233,0.123088,0.009843,-0.098013,-0.037224,0.002597,0.003935,-0.020633,0.003150,0.072976,0.010221,-0.051466,0.034797,0.069211,0.035336,0.062774,0.047213,0.024768,-0.020387,-0.242831,-0.033197,-0.054440,0.004397,0.014767,-0.015212,0.122509,0.094686,0.052272,-0.023657,0.004125,-0.024897,0.067510,0.044477,-0.014934,0.099263,0.164596,0.047060,0.086801,0.006877,-0.000570,-0.098207,-0.098375,0.071291,-0.048377,0.056943,0.107269,0.109021,-0.082342,-0.079437,0.336693,0.041075,-0.093818,0.072338,0.028935,-0.002756,0.031018,-0.069102,0.018679,-0.043080
0.022580,0.059966,0.042131,0.007613,0.044844,-0.068251,0.058305,-0.000327,0.129502,0.027404,0.012590,0.065313,0.050980,0.028310,0.097006,-0.048268,0.054748,-0.017971,-0.003417,-0.034422,-0.038385,-0.019862,0.042048,0.021929,0.005650,0.068662,-0.105250,-0.021304,0.058718,0.046661,0.001509,-0.022624,-0.005487,-0.001259,-0.093723,0.026411,0.028050,0.134512,0.026442,0.009924,-0.017050,0.030421,0.004233,-0.070073,-0.022971,0.016849,0.026759,-0.002442,-0.047510,0.005597,0.073167,0.097307,-0.011167,0.000023,-0.030914,0.031930,-0.005508,0.001374,0.004872,-0.020187,0.013654,0.143750,0.066476,-0.001795,-0.264798,0.030360,-0.011868,-0.041385,0.010863,0.079820,-0.116509,0.059305,0.069757,0.059903,-0.018620,0.000262,0.067987,0.006849,0.268470,-0.051085,-1.218049,0.027576,-0.023754,-0.000029,0.022426,-0.046197,0.059438,-0.005519,0.020815,0.069086,-0.017410,0.023949,-0.013814,0.032074,-0.001521,-0.020750,0.005810,0.041727,-0.022434,0.058515,-0.027709,0.066860,0.036675,-0.111525,0.085490,0.034910,-0.020506,0.052013,-0.027025,0.046882,-0.048090,-0.033827,0.052789,-0.012931,-0.054248,-0.038353,-0.152292,0.011391,0.100720,0.048126,-0.020005,0.071897,0.023709,0.006131,0.015666,0.025874,0.043495,-0.008180
0.006140,-0.003057,-0.009716,-0.008177,-0.007159,0.005060,0.000927,-0.004746,-0.002472,0.007734,-0.000220,-0.001223,-0.003464,-0.007361,0.024021,0.000080,0.007934,-0.011034,-0.009096,-0.002213,0.000843,-0.009300,0.011630,-0.017178,-0.000023,0.001039,-0.009848,0.001430,-0.010896,-0.010844,0.003050,0.000754,-0.012780,-0.002192,-0.001376,-0.007572,0.007237,0.002090,-0.002662,-0.003682,-0.014864,-0.008523,0.013328,0.003398,-0.009713,-0.002988,0.001495,-0.023752,0.009046,-0.009914,-0.004285,0.015003,0.003780,-0.000590,0.011655,0.005356,0.007000,0.002019,-0.002147,0.004482,-0.001163,-0.006014,-0.007194,-0.005795,0.005499,0.006750,0.005150,-0.009206,0.010223,0.007144,0.004681,0.006375,-0.003325,0.002252,-0.010495,-0.015236,0.012233,-0.004281,0.001616,0.000726,0.000897,0.008322,-0.008449,0.003845,0.008270,0.012373,0.002983,-0.001780,0.011625,-0.007948,-0.004268,0.002790,0.001986,0.002458,0.003086,0.009967,0.001900,0.009638,-0.013910,-0.002034,-0.001157,-0.000343,0.012111,0.005527,-0.005559,-0.004492,0.000257,-0.016633,-0.021590,-0.002118,-0.009252,-0.006512,0.007137,-0.004835,0.002210,0.016497,-0.003010,0.002627,0.000562,-0.002895,-0.007588,0.001274,0.009676,0.017082,0.014221,-0.002518,0.000690,-0.000139
-0.026712,-0.018081,0.056102,0.004747,-0.029694,-0.000361,-0.028326,0.029279,-0.066548,-0.044291,-0.004249,-0.000907,0.012439,-0.027695,-0.038318,-0.009300,0.025829,-0.024246,0.016423,-0.033329,0.202008,0.034021,-0.015594,0.238961,-0.015395,-0.025893,-0.172722,0.015522,0.048552,-0.016894,0.018737,0.172779,-0.004026,-0.024695,-0.028860,-0.001977,-0.102382,0.027938,0.027695,0.003379,-0.023480,0.039454,0.012350,0.020800,0.032573,-0.005312,-0.025402,-0.007295,0.034903,0.010417,-0.044770,-0.093637,0.018480,0.033482,-0.040015,0.012187,-0.024175,-0.014041,-0.009143,0.019124,0.046146,0.170889,-0.029418,-0.030242,0.109127,-0.002644,-0.046084,-0.003176,-0.018893,-0.063373,0.306402,0.033750,-0.001413,0.072787,-0.009058,-0.004344,-0.064851,0.046704,0.257576,-0.024347,0.108317,0.045620,0.009196,-0.032315,-0.050169,0.048995,-0.037554,-0.016351,0.151986,-0.026779,0.014109,-0.022293,-0.045383,-0.009582,-0.226975,-0.002205,0.033639,0.016428,0.060460,-0.014437,0.053486,-0.018018,-0.029165,-0.070533,-0.143888,-0.074324,-0.003773,-0.048346,0.030217,0.023472,0.018877,0.025769,0.213188,-0.003364,0.021780,0.027493,-1.197434,-0.167788,-0.017710,-0.019257,-0.071334,-0.010523,-0.005697,-0.003907,0.008894,0.000227,-0.064893,0.114983
-0.011544,-0.064511,-0.011362,0.002381,0.005097,-0.089134,0.098845,0.027181,-0.022390,0.035925,-0.040574,0.121288,-0.019504,-0.035261,-0.026829,0.005186,0.531533,0.043058,-0.004646,0.042125,0.021003,-0.088865,0.016973,0.365676,0.218175,-0.044797,-0.099723,0.004758,-0.247258,0.087864,0.005638,-0.071168,0.048274,0.065738,0.353032,-0.003295,0.186354,-0.135933,-0.021562,0.080939,0.022284,-0.003897,-0.095562,0.125387,-0.012440,0.005199,0.187685,-0.009157,0.027607,-0.023518,0.000713,0.012085,-0.015471,-0.001152,-0.043275,-0.142620,0.021986,0.039273,-0.004009,-0.072988,-0.000513,0.237645,-0.003633,0.034950,-0.372223,-0.029123,-0.028240,-0.002251,0.002874,-0.049450,0.018300,0.467533,0.048667,0.141184,0.037260,-0.014709,-0.040414,-0.012903,-0.186848,0.188562,0.022259,0.036879,-0.005377,-0.035173,-0.016960,0.023760,0.037701,0.025115,-0.079399,0.011386,0.022766,-0.021374,0.004190,-0.030934,0.105610,-0.063391,0.129750,-0.036067,-0.046942,0.040319,-0.052181,-0.008008,0.021476,0.039055,0.013327,0.074972,-0.034477,-0.029885,0.047412,-0.116253,0.091623,-0.011173,-0.170655,0.017567,-0.008516,0.000794,-0.036313,-0.244775,-0.025783,-0.040456,0.027797,-0.033750,0.016299,0.001738,-0.022055,0.011377,0.041473,-0.003858
