-0.025376,-0.031829,-0.043768,-0.002091,-0.092382,-0.017711,-0.024334,0.039150,-0.040556,-0.016774,-0.008007,-0.060793,0.002034,0.028377,-0.026016,-0.017248,0.065318,0.036739,-0.029503,-0.067930,-0.033852,0.089033,-0.054255,-0.055090,0.052641,0.102031,-0.024773,0.012738,-0.021892,0.023643,0.015159,-0.027211,-0.065804,-0.036223,-0.021558,-0.053298,0.052178,-0.027568,-0.019132,-0.019532,0.008163,0.044438,0.053741,0.011277,-0.001646,0.053551,0.049809,0.051907,-0.046763,0.023245,-0.060474,0.080983,-0.002720,-0.003895,0.028640,-0.006471,0.104113,-0.048475,0.010195,-0.072324,-0.025913,-0.132498,-0.622435,0.115222,0.107073,0.103424,-0.010017,-0.050847,-0.004333,0.043625,-0.062330,-0.021423,0.054023,-0.080510,0.100792,-0.032105,0.014232,-0.043208,-0.005917,-0.030384,-0.033652,-0.001340,0.078055,0.044002,0.028064,-0.073518,-0.219299,-0.008916,0.078406,0.018960,-0.107200,-0.101478,-0.050383,-0.008328,-0.009040,-0.139110,0.044981,-0.058937,-0.013329,-0.036808,-0.079921,0.035609,0.017234,0.023776,0.069429,0.017456,-0.100005,-0.034745,-0.033325,-0.089234,0.180873,0.086529,-0.054608,-0.004747,-0.100276,0.003236,0.012708,0.002661,0.028126,-0.015826,-0.009848,0.018419,-0.151330,-0.003457,-0.006123,0.017191,0.028672,0.083744
0.086367,0.144212,0.063184,-0.006978,-0.006177,0.032681,-0.008439,0.047213,-0.009217,-0.020028,-0.029519,-0.021649,-0.047570,0.026823,0.055891,0.063861,-0.101883,-0.017502,-0.042170,-0.002195,-0.103152,0.061349,0.072481,-0.034398,0.060267,-0.015611,0.047222,-0.048275,-0.015088,0.032143,0.013534,0.007182,0.003789,0.028610,0.008157,0.180567,0.072463,-0.032367,0.046114,0.095942,0.063121,0.006640,0.022068,-0.242300,-0.035954,-0.010929,0.035848,0.035469,0.038200,-0.058796,-0.016725,-0.051712,0.031308,0.042793,-0.019019,-0.032997,0.004989,-0.024860,-0.011850,-0.034839,-0.018868,0.009286,0.004701,-0.011459,0.052278,-0.017057,0.047095,0.036451,0.029858,-0.058095,-0.196689,0.001610,0.057579,0.024834,0.028441,-0.033625,-0.020861,0.021392,-0.009030,-0.002086,0.030961,0.049051,-0.007288,-0.034242,0.029074,0.081086,0.040697,0.000994,0.080792,0.130433,-0.014273,-0.036334,0.044152,-0.027085,0.022589,0.034796,-0.023149,0.004439,0.001519,0.063161,0.038458,0.103011,-0.001879,0.010599,0.012439,-0.040743,0.305748,0.043026,0.007096,-0.020479,-0.020833,-0.152279,-0.038703,-0.000947,0.069326,0.024579,-0.016743,-0.003568,0.019362,0.019662,0.054407,-0.031765,0.029756,0.020866,-0.021071,0.082610,0.066228,0.102574
0.003468,-0.012330,0.036153,0.000108,0.011947,0.034189,0.025798,0.045837,0.042347,0.043923,0.050769,-0.009523,0.003633,0.012012,0.004346,-0.019581,-0.006743,0.176190,0.051417,-0.029495,-0.012210,0.047921,0.006227,0.010354,0.006257,-0.136865,0.001074,0.004334,0.000931,-0.021552,-0.128804,0.037047,0.140014,-0.015994,-0.071646,-0.002507,-0.003000,0.131929,-0.019931,-0.032259,-0.023516,-0.126725,0.298550,-0.008595,0.004278,0.003738,-0.003623,0.035183,0.082781,0.015705,0.051754,0.056751,0.013679,0.003662,0.291188,-0.027045,0.455086,0.007454,0.028359,0.039319,-0.042718,0.093131,-0.036611,-0.072190,0.052034,-0.076552,-0.002829,-0.023020,0.014515,0.053472,0.012348,0.028988,-0.013374,0.004910,-0.067553,0.018182,0.008739,-0.008404,-0.002414,0.012697,0.014360,0.054622,0.041986,0.009970,0.061006,0.054605,-0.012801,0.009304,-0.029738,-0.031244,0.116815,0.022488,0.038340,-0.021236,-0.035079,-0.002188,0.027819,-0.031512,0.018406,-0.020784,0.033141,0.021322,0.066133,0.051865,-0.286912,0.008665,0.003560,-0.029438,0.020838,-0.015235,0.027764,0.013801,-0.204405,-0.004487,-0.008931,0.011722,0.000845,0.009626,0.017892,0.006795,0.011084,0.000814,0.012765,-0.015469,0.025823,0.164897,-0.021865,0.022369
-0.060559,0.003397,0.010092,0.056523,-0.004192,0.032703,-0.058250,-0.004328,0.024517,0.029507,-0.000294,-0.012114,-0.023974,0.007986,0.000401,0.034405,-0.017028,0.003616,-0.018707,-0.044415,0.009966,0.080920,0.011630,-0.016591,-0.062412,-0.027647,-0.004004,-0.064769,0.066907,-0.090263,-0.000733,0.010811,-0.001615,-0.001312,-0.004778,0.059430,-0.062897,-0.006248,-0.132897,0.008869,-0.076940,-0.007325,0.006228,0.031527,0.017205,-0.027213,-0.029672,0.034738,0.005466,0.019174,0.015779,0.073518,-0.056190,-0.084473,-0.011876,0.112020,-0.014730,-0.027386,-0.007278,0.010935,-0.013898,-0.001913,0.014034,0.008835,0.013035,0.014282,0.031661,-0.023200,0.016973,-0.007708,-0.044961,-0.003240,-0.096791,-0.014950,0.017314,0.042651,0.008189,-0.003239,0.015527,0.029977,0.010999,-0.021878,-0.030629,-0.051609,0.002788,-0.014390,0.070449,-0.048973,-0.012777,-0.057057,-0.001235,-0.003308,0.005199,-0.041876,0.000205,-0.042434,-0.030923,-0.042087,0.018026,0.021256,0.008011,0.004762,0.008542,0.021751,0.006099,-0.030605,0.118373,0.060464,-0.012861,-0.002687,0.002165,-0.011269,-0.025842,-0.024676,0.033795,-0.018477,-0.078172,-0.051801,-0.084028,0.025255,-0.010115,0.014696,-0.062814,-0.005203,-0.072215,-0.025556,0.028772,0.038702
0.007414,-0.112514,0.025352,0.060388,-0.043895,0.033654,-0.116065,0.020809,-0.053970,-0.002561,0.058731,-0.040148,0.016750,0.040116,0.057431,-0.051405,0.037528,-0.019763,-0.055991,0.061346,-0.002767,0.117759,0.031893,0.073533,-0.036930,0.014908,-0.005857,-0.009345,-0.209192,-0.049035,0.028969,-0.014774,-0.006985,0.112285,-0.008602,0.018494,-0.088178,0.028129,0.080850,0.019452,-0.029675,0.043148,0.007100,0.036286,0.004083,0.083806,0.045245,-0.007248,-0.034376,-0.021758,-0.020185,0.044231,-0.001225,0.235993,0.021758,-0.039772,-0.029678,0.010364,-0.008917,0.049337,0.026322,0.043050,-0.038285,0.039605,-0.000791,-0.000179,0.041069,-0.018182,0.051701,-0.040929,0.003286,0.098323,-0.083965,0.013277,0.015646,0.088664,-0.033301,0.027010,0.028483,-0.070388,0.052851,0.039676,-0.037605,-0.030770,0.014403,-0.010280,-0.051898,-0.043674,-0.049891,-0.026877,-0.031582,-0.013471,0.013477,0.007640,-0.030126,0.031056,0.112610,-0.081418,0.000798,-0.000620,0.016326,-0.011013,-0.012754,-0.049486,-0.037336,0.009071,0.033951,-0.006399,0.044742,0.025569,-0.041719,0.030024,0.013590,0.004726,0.067983,0.004997,0.028660,0.007441,0.068187,-0.007938,0.063730,0.017046,-0.030006,0.027922,0.056328,0.017262,0.016591,-0.063139
-0.010169,0.001725,-0.006968,0.236025,0.039944,0.005371,0.013432,-0.042859,0.065836,-0.057000,-0.030291,-0.003644,0.007310,-0.003255,-0.014167,0.009488,0.030656,0.043296,-0.016007,0.083349,0.018447,-0.017966,-0.039503,-0.051109,0.015803,-0.021500,0.025028,-0.025876,-0.014971,0.001020,0.099248,0.016002,0.051509,-0.006237,-0.041548,-0.052301,0.003526,0.022762,-0.039501,0.144614,0.004044,-0.011018,0.025850,0.002464,0.022678,-0.054267,-0.034189,-0.511976,0.024736,0.026833,0.007956,0.020575,-0.077796,0.005804,-0.000754,-0.024044,-0.006811,0.056452,-0.033409,0.005104,-0.016930,-0.051656,-0.082226,-0.027954,0.027363,0.056093,0.008420,0.354290,-0.010322,-0.565436,-0.020958,-0.004866,0.008318,-0.011367,0.055149,-0.002949,0.018591,-0.058420,0.027711,-0.038939,-0.009313,0.016794,-0.023741,-0.007226,0.055968,0.039379,0.007513,0.034169,-0.025292,0.033754,0.047375,0.021954,-0.010043,0.005999,0.010219,-0.034842,-0.020914,-0.045687,0.026575,0.235089,0.003623,0.026873,-0.077506,-0.092974,0.008010,-0.037443,0.024356,0.258841,-0.032119,-0.039516,-0.009312,-0.072868,0.015194,0.022869,-0.009251,-0.016145,-0.035563,0.013264,-0.009813,-0.003252,0.013876,0.009184,0.010183,-0.036781,0.013365,0.025544,0.007141,0.005246
0.015871,0.041397,-0.015460,-0.000968,0.013111,0.008270,-0.046777,-0.002328,0.008311,0.015078,0.062295,-0.022021,0.000278,-0.082929,0.037726,0.013056,0.042871,-0.020034,-0.000525,-0.059837,0.071858,0.067076,-0.010143,-0.029679,-0.029747,-0.106788,-0.000963,-0.030119,-0.002558,-0.012611,0.034015,-0.005107,-0.112131,-0.007749,0.167269,0.006237,0.040249,0.035447,0.003333,-0.036436,-0.011986,-0.006498,0.000678,0.019565,0.029912,-0.009958,0.454726,0.010861,0.055089,-0.043398,-0.001315,0.045753,-0.225986,0.044740,0.167854,-0.059082,-0.059222,-0.031677,-0.034597,-0.000056,0.153897,-0.020485,0.021080,-0.053027,0.019766,0.091915,0.057142,0.009141,0.004263,0.019176,-0.018010,0.016939,-0.045911,-0.245170,-0.073302,-0.015428,0.041007,-0.109058,-0.001488,-0.001571,0.020587,0.015516,0.115026,-0.008111,0.037395,-0.017699,-0.006637,-0.011812,-0.172166,0.067328,0.051282,0.035701,-0.001323,-0.072238,-0.008920,-0.040181,0.010096,0.101531,-0.019398,-0.031536,0.017765,0.152045,-0.080617,-0.147684,0.052560,-0.031189,-0.021893,0.008738,-0.011852,-0.394480,-0.013983,0.035222,0.029337,0.037004,-0.039064,-0.016943,-0.092245,-0.022704,-0.021545,0.037255,0.073862,-0.078459,0.344247,-0.057691,-0.004835,0.012666,-0.001039,0.069812
0.029660,-0.048615,-0.053759,0.073722,-0.005541,-0.048417,0.029434,-0.004816,0.021348,0.002559,0.007283,-0.022512,0.051966,-0.067719,-0.052774,0.015062,0.073267,-0.005944,0.034775,-0.035401,0.010400,0.057264,-0.040293,0.010353,-0.029753,-0.007546,0.019162,0.015935,-0.009534,0.096150,0.005081,-0.035154,0.011699,0.032646,0.007018,-0.017468,0.061499,-0.003819,0.030930,0.030125,0.016466,0.024600,-0.015593,0.023834,0.040444,-0.032837,0.038772,0.014252,-0.004631,-0.046663,0.042145,0.049209,0.024462,0.004198,0.004475,0.051411,-0.002619,0.061660,-0.007485,0.018684,-0.021940,-0.009998,-0.013148,-0.003894,0.012468,0.039450,0.024494,0.024321,0.006890,-0.017230,0.047531,-0.006980,0.061668,0.015986,0.019935,0.020828,-0.040194,-0.024875,-0.042190,0.038153,-0.005626,0.001632,-0.029047,-0.024928,-0.000885,-0.000909,-0.053602,0.048963,0.043548,0.021628,-0.013169,0.006393,-0.019215,0.020318,0.006714,0.019518,-0.070460,0.001650,0.028481,-0.006744,-0.017662,-0.010328,0.011920,-0.036534,-0.007986,-0.055684,-0.033380,0.015692,0.032268,0.014547,-0.012136,-0.034249,-0.006834,0.000146,0.029759,0.032622,0.109838,-0.011864,0.044348,0.024187,-0.036977,0.007235,0.049456,0.019591,0.008491,-0.000799,0.006110,-0.029025
-0.065654,0.007613,-0.289217,0.018400,0.076945,-0.012986,-0.053658,0.007674,0.037284,0.236299,0.068051,-0.110852,0.009468,0.203308,0.050784,-0.032097,0.025245,-0.009678,0.149164,-0.017351,-0.011503,-0.013787,-0.038255,-0.055237,-0.019267,-0.040627,0.019078,0.104184,-0.029758,0.033432,0.004121,-0.203508,-0.023638,-0.063386,-0.025080,0.004484,0.068812,0.055798,0.100436,0.027814,0.037833,0.016761,-0.013218,-0.036828,0.092118,0.192687,-0.011438,-0.000001,0.010081,0.017585,-0.011649,0.020950,-0.043780,0.017267,0.032713,0.032381,-0.003257,0.008525,-0.041206,-0.011583,-0.010244,-0.014987,0.044704,-0.006139,0.041569,-0.044731,0.002842,0.032857,-0.053936,-0.007763,-0.031542,0.178962,-0.056585,-0.005535,0.071594,0.065258,0.013704,-0.022128,0.093893,-0.102109,-0.027867,-0.040706,-0.043310,-0.065647,-0.019381,0.001229,-0.025569,-0.004262,0.106003,-0.016118,-0.009371,0.028154,-0.025669,-0.054798,0.037668,-0.033059,0.091934,0.003134,-0.015736,0.012623,0.001611,-0.127411,-0.042832,0.024169,0.031317,-0.044300,0.057048,0.015377,0.042442,-0.072286,0.017467,0.043279,-0.020472,0.030057,0.080567,-0.116701,-0.029207,-0.001217,-0.061367,0.019872,-0.018575,-0.024777,-0.069375,-0.072186,0.036901,-0.013283,0.038218,-0.079288
0.085492,0.069606,-0.007824,0.066129,-0.009291,-0.020221,-0.114457,0.000065,0.012285,0.035992,0.024759,0.037672,-0.018146,0.009886,-0.066991,0.000241,0.128356,-0.005569,0.029521,0.018702,0.031241,-0.042576,0.080802,-0.003987,0.097425,-0.007271,-0.013520,-0.041496,0.008899,0.041578,0.023458,-0.001403,-0.005988,0.003067,-0.014062,0.112244,0.052334,-0.017908,-0.033933,0.028490,-0.064696,-0.011366,0.003490,-0.063088,-0.044993,0.108908,-0.064758,0.032379,0.012902,-0.173656,0.022119,0.007864,-0.046189,0.014782,-0.016579,-0.031455,-0.011653,0.024342,-0.000760,0.000052,-0.004761,-0.010915,0.037377,0.017597,0.025011,-0.000650,-0.008072,-0.008986,-0.015793,-0.023651,-0.094523,0.027324,0.007164,-0.047629,0.041445,-0.015370,-0.009237,0.088825,-0.048194,0.016043,0.033664,-0.014242,0.037369,-0.056089,0.005826,0.021841,0.073088,-0.000252,0.026726,0.008669,-0.026121,-0.000070,-0.063921,0.004109,0.011804,0.047171,0.086585,0.073173,-0.030933,-0.004436,-0.013146,-0.032978,0.017732,-0.019342,-0.001592,0.003462,0.150458,-0.013833,0.058792,-0.032482,0.006997,0.006574,-0.029568,0.055300,0.089835,0.030570,-0.066883,-0.002832,-0.008906,-0.001479,-0.045017,0.011426,-0.026602,0.012910,-0.004312,0.014678,0.027745,-0.014885
0.015998,0.070840,-0.035061,0.018916,0.074746,-0.029058,0.039193,0.028451,-0.039788,0.017560,0.028922,0.087687,-0.033149,0.005704,0.064775,-0.005207,0.072140,0.030671,-0.053942,0.025279,-0.020606,-0.013164,0.013453,0.226834,-0.006308,0.006761,-0.029533,0.054945,0.033819,-0.002151,-0.001389,-0.012160,-0.032746,-0.001633,-0.014022,0.084828,0.044306,-0.023729,0.022904,0.077105,-0.014736,-0.004109,0.034257,0.114961,-0.008284,0.053801,-0.118662,-0.020056,0.017908,0.027711,-0.033301,-0.001869,0.013720,-0.001557,-0.018994,0.099915,0.021330,0.005629,-0.037709,-0.056664,0.027829,-0.011769,-0.114820,0.014219,0.022201,0.065567,0.006268,0.041173,-0.100941,-0.032730,0.209964,0.014880,-0.037519,-0.038573,0.104109,0.041379,0.036227,0.001581,-0.005632,0.016292,-0.016473,-0.039163,-0.041105,0.043160,0.013785,-0.026158,0.106776,-0.028313,0.027767,0.031453,0.005666,0.011169,-0.045165,0.008025,-0.005191,0.316450,0.068172,-0.003299,-0.037090,0.053327,0.003277,0.033029,-0.001501,-0.001645,0.025857,0.048616,-0.023607,0.013043,0.031443,-0.018232,-0.011373,-0.005510,0.027524,0.000563,0.012200,0.020963,0.003251,-0.024552,-0.072494,-0.009376,0.026905,-0.034214,0.103474,0.034942,0.032240,-0.009498,0.045895,0.101178
0.015045,0.030015,-0.007093,0.016297,0.023206,0.020505,-0.004179,-0.002032,-0.048027,0.049225,0.044789,0.090086,-0.014889,-0.023106,-0.002478,-0.000606,-0.006585,0.027185,0.054331,-0.012850,0.049334,-0.008124,0.046950,0.004577,0.048644,-0.103235,-0.011472,0.012085,-0.013990,0.016129,-0.018593,-0.004759,0.141421,0.002176,-0.007087,0.007646,0.030832,-0.085352,0.011303,0.017332,-0.005554,-0.062278,0.108049,0.077194,-0.016353,-0.015499,-0.019341,0.002720,0.074977,-0.017508,0.006731,-0.002194,0.012401,0.010188,0.021531,0.002284,0.087916,-0.004480,0.051266,0.000266,0.025364,0.020695,-0.044160,0.010498,0.073459,0.022826,0.004794,0.004246,0.070761,0.015371,0.012898,-0.007908,-0.005631,0.002945,-0.114909,-0.009964,0.047847,0.037640,-0.015379,-0.000362,0.005596,0.023552,-0.019422,0.002157,0.028992,0.004622,0.002712,0.015669,-0.050294,0.041007,0.008130,-0.001378,0.022361,-0.014710,-0.018155,0.015176,0.011904,0.031040,-0.038085,0.014821,0.019179,-0.025449,0.027535,-0.050327,-0.055649,0.010435,-0.004085,-0.002082,-0.009027,-0.018903,-0.102078,0.048063,-0.051484,0.004771,-0.007930,0.004761,0.009616,0.008348,-0.010347,0.032483,0.013047,-0.012906,0.017346,0.017075,0.009193,-1.066071,0.003345,-0.052211
-0.010463,-0.045665,0.025393,-0.027296,0.123514,-0.010928,0.129781,0.021536,0.014774,0.108538,0.032369,-0.007552,0.031966,-0.061005,0.105912,0.014505,0.042012,-0.028794,0.068613,-0.074968,-0.000720,-0.007671,0.046674,0.017495,0.041411,-0.039926,-0.020799,-0.072378,0.114267,-0.144800,0.053865,0.031538,-0.018569,0.021021,0.000973,-0.031538,-0.064332,0.025809,-0.006055,0.009567,0.062137,0.006870,-0.008696,-0.019887,0.118157,-0.029200,-0.033479,0.006012,-0.003093,-0.053742,-0.012301,0.014734,0.013559,-0.029078,0.001826,-0.027250,-0.010885,0.032592,0.004208,0.013405,-0.011053,-0.003820,-0.000659,-0.005243,0.017066,0.000862,-0.053224,0.041564,-0.086965,0.005591,-0.007040,0.019228,-0.026419,-0.008819,-0.024517,0.098755,-0.005281,0.052510,0.113459,-0.057169,-0.026712,-0.028565,0.000280,-0.000276,0.017398,-0.001277,-0.057331,-0.050300,0.004838,-0.072314,-0.027696,-0.004744,0.031029,-0.015112,0.003096,-0.018622,0.013792,-0.041392,0.001319,-0.033444,-0.000381,0.036143,-0.015176,-0.013515,0.002138,0.048613,-0.010209,0.029873,-0.018888,0.034041,0.031982,-0.006477,0.007504,0.060311,0.022464,-0.031169,0.003272,-0.007870,-0.077959,-0.027374,0.027503,-0.054599,-0.007931,-0.018898,0.061620,-0.041583,-0.018893,0.039481
-0.055115,0.029827,-0.015366,0.005612,-0.000264,0.013845,0.073993,0.022852,0.024958,0.024693,0.019138,-0.071535,-0.075872,-0.011881,-0.021593,-0.052994,-0.037594,0.016537,0.019229,-0.034302,-0.004278,0.055131,0.134024,0.056263,0.064422,-0.018054,-0.055038,0.019814,-0.004605,-0.114019,0.004101,0.003589,0.022586,-0.015619,-0.032241,-0.033180,-0.053530,0.019194,0.091231,0.058512,-0.037386,0.013757,0.004839,0.008779,-0.087745,-0.033083,0.205819,-0.034230,-0.028616,-0.029126,-0.026810,0.050047,0.161355,-0.167838,0.026531,0.047163,0.009541,-0.050127,-0.030753,-0.015181,0.005291,-0.029389,0.034181,0.023141,0.007162,-0.010166,0.093157,-0.030282,0.005767,-0.010383,-0.000832,0.045143,-0.068088,0.038539,0.031286,-0.024801,-0.123770,0.093178,0.010384,0.019741,0.003384,-0.002177,-0.021614,-0.047516,0.013576,-0.004585,-0.086242,0.011165,0.020017,-0.039623,-0.009213,0.017652,0.136140,-0.066374,-0.024150,0.031158,-0.007370,-0.065150,-0.026036,0.051902,-0.047022,0.029792,-0.006726,0.008266,0.009076,-0.047637,0.044304,0.018277,0.002776,0.038345,0.001561,-0.018328,0.001825,-0.103492,0.061695,-0.125705,0.094693,-0.027701,0.015086,0.054143,-0.023718,-0.055633,-0.085008,0.026912,0.043401,0.007697,0.029009,-0.021411
0.061804,0.012575,0.015035,-0.051861,-0.092892,0.060114,0.073989,0.036292,-0.047623,0.023227,0.017860,0.061111,0.026923,-0.063064,-0.038890,0.001048,-0.010958,-0.018170,-0.093995,0.023144,0.027881,0.031284,0.077900,-0.038308,0.099385,-0.015081,0.066138,-0.013005,0.019651,0.081410,0.019237,-0.006359,0.007837,-0.035906,0.030719,0.082594,0.128011,-0.033475,0.088410,0.012832,0.065011,0.028059,0.019979,-0.228107,-0.090424,0.030624,0.010740,-0.045562,0.032096,0.018274,-0.002738,-0.010674,-0.049593,-0.091428,-0.025741,0.119308,0.013850,-0.041190,-0.026754,-0.010358,0.002561,-0.030236,0.037451,-0.007343,0.027729,0.010500,0.026708,0.044469,0.034770,-0.027736,-0.147915,0.069654,0.031242,0.034026,-0.081889,0.052006,-0.023224,-0.007282,-0.022764,-0.015847,0.029515,0.005604,0.049332,-0.031635,0.025834,0.047202,0.073395,0.006945,0.038083,0.090382,-0.007028,-0.011210,-0.007123,0.015404,-0.008192,0.117342,0.022342,0.101287,-0.054058,0.038480,0.035191,0.050202,0.000110,0.079185,-0.020243,0.051073,0.020207,0.016260,-0.009810,-0.019896,-0.030304,-0.047135,-0.027717,-0.012142,-0.065358,0.114574,0.028483,0.032929,0.039551,0.052766,-0.032844,-0.033000,0.040780,0.065395,0.040443,0.066043,0.051592,0.016082
0.083038,0.028798,0.047649,0.048676,-0.026944,0.005016,0.069321,-0.022504,-0.030254,-0.023672,-0.060843,0.139826,0.005668,-0.061978,0.017989,0.009574,-0.033512,0.054756,0.012540,0.010986,-0.051115,-0.356689,0.040155,0.024929,0.047431,0.006318,0.002981,-0.080352,-0.040415,-0.064007,0.012169,0.039208,-0.026136,0.038322,-0.030838,0.039444,-0.045586,0.026405,-0.016554,-0.005851,-0.031090,0.032570,-0.003028,-0.031056,-0.026480,-0.046756,-0.062200,-0.002188,0.008040,-0.085803,0.012481,-0.452463,-0.017268,-0.025466,0.005545,-0.032253,0.030405,0.001489,-0.003844,0.033622,0.003992,0.016048,0.010562,0.044936,0.026806,0.024436,0.059426,-0.024050,0.026950,0.012241,0.000516,0.004127,-0.065789,-0.021900,-0.017255,-0.020370,0.023903,0.043320,-0.011757,0.044993,0.035989,0.048270,0.007510,0.024232,0.022876,-0.028745,0.029596,-0.009055,-0.071096,0.010674,0.001132,0.028179,0.057051,0.001722,-0.010375,0.100930,-0.065444,0.052903,-0.017064,0.058359,0.081758,-0.027391,0.005266,-0.072517,-0.041765,0.107442,-0.023981,-0.011287,0.049017,-0.109397,-0.057049,0.007050,0.018453,0.003271,-0.014739,0.052083,-0.051299,0.053565,0.007053,0.043852,0.023917,0.003907,-0.079405,-0.026986,0.007425,0.110230,0.021340,-0.034982
0.005742,0.010790,-0.004930,-0.010004,0.025673,-0.025040,-0.035637,-0.050057,-0.000456,-0.010479,0.055335,-0.023244,0.026187,-0.041354,0.002804,0.013159,-0.012428,-0.085784,-0.022437,-0.024518,-0.093037,-0.010981,-0.017184,-0.006503,0.012750,0.056970,0.027773,-0.012445,-0.003721,-0.013523,0.002324,0.007364,0.138693,-0.027278,0.015179,0.000468,-0.023199,0.052971,-0.015713,-0.011506,-0.002833,0.042043,0.171727,-0.024695,0.016115,-0.026282,-0.076397,-0.026951,-0.022611,0.003531,0.015340,0.006527,-0.003273,0.008671,0.098908,-0.003516,-0.033907,0.018419,0.557724,0.029277,0.023584,-0.012191,0.111366,0.834266,-0.105773,0.053880,-0.003359,-0.005391,-0.004523,-0.007710,-0.009602,-0.019440,-0.001394,-0.074321,-0.072429,0.005361,0.001936,0.000535,-0.010163,-0.030525,0.017905,0.012331,-0.015307,0.002411,-0.093002,-0.041136,0.028828,0.014526,0.024050,0.004213,0.034866,-0.022904,-0.026332,-0.014403,-0.018165,0.024288,-0.055231,0.008755,0.027076,-0.008360,0.015261,-0.001103,-0.147886,0.011043,-0.017786,0.011480,0.027015,0.000176,-0.010043,-0.018572,0.104691,-0.037959,-0.010865,0.011961,0.030860,-0.004830,-0.024193,0.021457,0.012058,-0.038626,-0.009720,-0.013875,-0.054815,-0.009335,0.031581,0.015001,0.005383,0.005459
-0.024167,0.033804,-0.006341,0.056273,-0.025286,0.034560,0.143408,0.008342,0.040810,0.013367,0.040773,0.003574,0.019724,-0.070305,0.002209,-0.031329,-0.117604,0.038924,-0.052645,-0.034139,0.057391,0.063082,0.161775,-0.058401,0.097585,0.020025,0.020173,0.064407,-0.134061,-0.214722,-0.074512,0.035764,0.004163,0.012202,-0.043956,-0.034614,-0.059247,0.006555,0.073119,-0.013015,0.015042,0.066680,-0.057250,0.029903,-0.077534,0.032887,-0.007846,-0.048806,-0.027363,-0.013893,0.056422,0.068764,-0.020697,0.059894,-0.029803,-0.014954,-0.009184,-0.049889,-0.017834,0.006698,0.014380,0.018303,0.061771,0.050522,0.023166,0.039396,0.064296,0.028386,-0.047622,0.017330,-0.042305,0.025732,-0.032509,0.095825,0.218102,-0.057517,0.031987,0.093117,0.000841,-0.090244,-0.024534,-0.015549,0.015773,0.019715,0.002159,0.012558,0.036467,0.078140,-0.106451,0.040910,-0.004766,-0.009720,0.018260,0.001771,0.020202,-0.054414,-0.018080,0.060890,0.058491,0.000573,0.051070,0.007281,-0.003718,-0.060501,-0.012758,0.034757,-0.062495,0.002667,-0.042398,-0.056567,0.055631,-0.049675,0.017545,0.020124,-0.020909,0.046554,-0.055870,0.020352,0.007539,0.085274,-0.040970,0.054169,0.098154,0.007222,0.031212,-0.009770,-0.080958,0.046523
-0.013058,-0.017605,0.009780,0.014931,-0.025810,0.023182,-0.009401,0.020979,0.034125,-0.003175,-0.027170,-0.038027,-0.027970,0.190875,0.099805,-0.036053,0.469668,-0.030053,-0.043498,-0.009685,0.051893,-0.010081,0.031043,-0.022439,-0.128936,-0.012515,-0.074098,-0.012153,0.030642,0.277169,0.038372,0.008655,0.002695,-0.011663,0.002276,0.003334,0.152563,0.028246,-0.068933,0.102743,-0.010937,0.039385,-0.026922,-0.035874,0.347331,0.024104,0.014713,0.008561,0.088600,0.076693,0.013258,-0.023339,0.020274,0.022375,0.000446,0.027994,-0.006799,-0.006647,0.003315,-0.003991,0.019586,-0.012471,0.086033,0.010950,-0.015460,-0.019115,0.087713,0.014632,0.018552,-0.020136,-0.015720,0.007353,0.073149,0.051107,-0.120859,0.009973,0.014208,0.222858,0.028900,0.005802,-0.011047,0.021733,0.032090,-0.026189,-0.020945,0.007231,0.033940,-0.003621,0.132806,0.141025,-0.013102,0.042020,-0.022462,0.005749,0.019348,-0.016699,-0.045076,-0.029538,-0.017113,0.007828,0.002219,0.129013,-0.039542,0.033278,0.028357,-0.008296,-0.031334,0.007297,0.005699,0.058738,-0.012357,0.010215,0.017352,-0.090478,-0.035043,0.014199,0.049761,0.012539,-0.040246,0.063115,-0.022219,0.019794,-0.038603,-0.027186,-0.011471,-0.050983,0.065553,0.185671
0.067560,-0.000128,0.090129,-0.062695,0.000996,0.062779,-0.067346,0.000810,-0.014593,-0.073575,0.011049,0.009940,-0.037926,0.037118,0.008483,0.002848,0.031480,-0.002427,0.110864,0.039884,-0.000795,-0.009574,0.022377,-0.032052,-0.040909,-0.004255,0.013771,0.012971,-0.054929,0.012862,-0.018001,0.036954,0.008976,0.134183,0.028668,0.073096,-0.005236,-0.029887,-0.090084,0.004833,0.029628,0.001264,0.049886,-0.139163,-0.033821,-0.063585,0.162561,0.011763,-0.047469,0.075337,-0.012277,-0.011391,0.026082,0.109805,-0.015734,-0.000612,0.003238,0.019090,-0.018877,0.012125,-0.015632,-0.026171,0.014569,-0.037321,0.024149,-0.051457,0.011238,0.014975,-0.048108,0.015332,-0.128237,-0.084402,-0.020893,0.011279,0.016487,0.033733,-0.026049,0.023279,-0.043690,-0.006282,0.054567,-0.040660,-0.032536,0.038053,0.010043,0.035535,0.030181,0.056270,0.040667,-0.014136,-0.000380,-0.025663,-0.010062,0.035463,0.029070,0.082455,0.084374,-0.130153,0.036623,0.006495,0.076599,0.019299,0.033802,0.023512,0.014187,-0.050344,0.091553,-0.021752,-0.014355,-0.023271,-0.016833,-0.026406,0.006154,0.001479,0.170120,0.075205,0.034682,-0.014853,0.007631,-0.005052,-0.030823,0.003102,-0.058242,0.085449,0.011702,-0.046805,0.057475,-0.018412
-0.015253,0.007597,-0.013730,-0.009099,-0.010486,-0.002674,-0.029332,-0.098897,-0.023614,-0.009464,-0.051924,0.026200,-0.010168,0.026699,-0.014886,0.007920,-0.027806,-0.017425,0.007441,0.004412,-0.023774,-0.002253,0.015249,0.000502,0.006363,0.011527,0.004427,0.002598,0.003137,-0.013106,-0.031547,-0.018243,0.045451,-0.008032,-0.000717,0.013126,-0.009886,0.138794,-0.013828,-0.005209,0.008835,-0.099461,-0.053563,-0.001187,-0.021103,0.010801,0.005374,-0.023015,0.016340,-0.002292,0.016185,0.009615,-0.001130,0.002229,0.203445,0.002116,-0.163250,-0.009206,0.046251,0.010614,0.054230,0.049054,-0.056593,-0.072013,-0.050307,-0.077001,0.020944,0.008100,-0.026318,-0.024982,-0.012599,0.010697,0.015248,0.072001,0.016239,-0.000503,-0.001998,0.009133,-0.030632,-0.015210,-0.007759,0.043955,0.026689,-0.015518,0.079677,0.016405,0.015919,0.036762,0.008630,0.006672,-0.042028,0.005816,-0.021865,0.003779,-1.071971,0.014302,-0.017739,-0.009449,-0.054447,0.004400,0.024803,0.033784,0.196364,0.004220,0.035221,0.001756,0.024764,0.007130,-0.001092,-0.003462,-0.047867,-0.020442,0.119261,-0.008729,0.031773,-0.001612,-0.007881,0.006594,-0.004882,0.026144,0.000587,0.003926,0.004855,0.004681,-0.004406,0.001552,0.023924,0.030892
0.018685,-0.032462,0.044200,-0.003338,0.020717,-0.001100,0.010678,0.001620,0.014812,0.050520,-0.022021,0.080980,-0.006327,-0.073397,-0.042490,0.071424,-0.062222,-0.015331,0.018584,0.020428,-0.047721,-0.010950,-0.047643,0.000566,0.009884,-0.061698,0.077163,-0.047653,-0.041667,0.137213,0.012056,-0.006916,-0.013093,-0.048547,-0.013481,0.031242,0.170763,0.029593,0.051210,-0.073781,0.015221,0.006726,-0.059788,0.053058,-0.039836,-0.067993,-0.180130,0.046952,0.103726,0.046426,-0.037786,-0.047701,0.022180,-0.053906,0.021228,0.083965,-0.010241,-0.045577,0.007674,0.002905,-0.000366,0.017722,0.078254,0.005687,0.016877,0.032301,-0.032828,-0.017451,-0.058916,-0.003376,0.033500,0.003959,0.198523,0.057546,-0.106367,0.026055,0.034845,-0.040507,-0.003925,-0.033327,0.008416,-0.024129,-0.004478,0.022704,0.020003,-0.042197,0.030377,0.004063,0.070039,0.079780,-0.035144,0.041867,0.010461,0.011766,0.009740,0.058583,-0.035060,-0.041060,0.001438,-0.059341,-0.037755,0.188081,-0.073453,0.029089,-0.073234,-0.031291,-0.078217,-0.019838,0.016373,0.129051,-0.003901,-0.280204,-0.030499,-0.022028,-0.081985,-0.043867,-0.047267,0.000708,0.061319,0.028842,0.032394,0.011484,0.022451,0.003331,-0.008964,0.022414,-0.015450,0.129919
-0.000117,0.000434,-0.027298,-0.007427,-0.021398,0.042054,0.049197,-0.050317,-0.032437,0.004199,0.036600,0.022761,-0.004866,-0.029746,0.005180,-0.026552,0.078127,-0.008090,-0.056612,-0.061528,0.004187,0.024504,-0.059326,-0.019074,0.038580,0.010310,0.003883,-0.012733,-0.028889,0.007211,-0.001496,-0.005691,0.016055,0.024447,-0.000789,0.030785,0.013711,0.021619,0.036523,0.043526,-0.000764,0.007425,0.002722,0.019082,0.029717,-0.011423,0.066777,0.014220,0.000301,-0.023860,-0.003521,-0.001852,-0.068336,0.064345,0.000564,-0.007291,-0.001570,0.039988,0.014162,0.005388,-0.053983,0.053425,-0.007212,0.014187,0.025950,-0.037824,0.009832,0.045720,0.012634,-0.031762,0.000296,-0.005621,0.001113,-0.007938,-0.029337,0.016620,0.032409,0.012041,0.083044,0.012349,-0.029807,-0.285915,-0.092833,0.028391,-0.003726,-0.019609,-0.012723,-0.013331,0.051270,-0.042783,0.010493,-0.029531,-0.005734,0.033443,0.009993,-0.007192,0.098819,0.130837,0.012306,-0.002177,0.001204,0.023923,0.050420,0.057856,-0.024895,-0.000469,-0.010514,-0.004122,0.006173,-0.050016,0.010760,-0.010688,0.014465,0.044772,0.009566,0.009915,-0.013798,-0.009121,-0.010597,0.006406,0.064859,0.031053,-0.059328,-0.013372,0.125637,-0.030747,0.012035,0.001314
0.024705,-0.020625,0.011398,0.026202,0.014554,0.003986,-0.004452,-0.301596,0.040308,0.018168,-0.008482,0.011816,-0.020231,0.015309,0.011894,-0.024685,-0.027020,-0.086656,0.038801,0.021053,-0.047701,-0.017473,-0.032449,0.013570,-0.022546,-0.113660,-0.012482,0.011616,0.027660,-0.002297,-0.218386,0.001317,-0.069685,0.027347,0.005898,-0.003487,0.002802,0.021660,-0.000175,-0.029674,-0.022486,0.334398,0.265440,-0.008987,-0.016186,0.013479,-0.047184,-0.001407,-0.100114,-0.006109,-0.024386,-0.015264,-0.032336,-0.016370,0.215370,-0.015581,-0.263258,0.006150,0.274657,-0.030795,-0.159553,0.030530,-0.067722,-0.104251,-0.046391,0.130219,-0.019205,0.002996,0.002303,-0.009644,0.003705,0.012537,0.000362,0.192285,-0.024952,0.025697,-0.000237,-0.029338,0.015904,0.019448,-0.015103,0.041640,0.030491,0.018480,0.152809,0.063803,-0.015253,-0.025103,0.123190,0.009735,0.306634,0.131419,0.004143,0.014168,0.084912,-0.002446,0.022647,-0.000309,0.063023,0.018169,0.001488,0.031550,0.260467,0.075977,0.044770,-0.000338,-0.014227,-0.011198,0.004927,-0.008884,0.171207,0.006398,-0.112757,0.013779,-0.011021,-0.000720,-0.005193,-0.002270,-0.022495,-0.013246,0.032726,0.049879,-0.017193,-0.004345,-0.016183,-0.012575,-0.041362,0.022187
0.023142,-0.081370,-0.028053,0.025545,-0.023461,-0.054072,0.021776,-0.181245,0.113372,-0.047996,-0.018523,-0.028569,0.014782,0.038702,-0.034688,-0.026837,0.004503,0.157479,-0.056475,0.007100,0.014098,-0.127010,-0.010815,-0.058282,-0.069795,0.045631,0.008375,0.012204,-0.001079,-0.033802,0.024873,-0.029129,0.027481,-0.008271,0.133869,-0.001774,-0.026137,0.129628,0.017587,0.016823,0.012459,-0.188443,0.125147,-0.043137,-0.027003,0.049191,0.168713,-0.004147,0.059734,0.037589,0.055725,-0.152976,-0.027591,-0.001149,0.057826,0.025758,0.212575,0.000370,0.219556,0.065890,-0.005981,-0.091379,0.165792,-0.094901,0.072446,0.054254,-0.026477,0.065561,-0.061194,-0.053532,-0.069580,0.008056,0.000471,0.019370,0.031553,-0.016220,-0.020702,-0.055922,0.014107,-0.008944,-0.000893,0.038449,0.076194,-0.020001,0.250943,0.011638,-0.053461,-0.000819,0.036148,-0.016780,-0.047441,0.077172,-0.040642,0.003506,0.049935,-0.031583,-0.056162,-0.011078,-0.021170,0.039549,-0.044119,0.080848,-0.099548,0.100022,-0.075765,-0.053817,-0.049579,0.050064,-0.005447,-0.022379,-0.163370,0.012994,0.065167,0.015061,-0.003594,0.001740,-0.005750,-0.032249,-0.011310,-0.034347,-0.012608,-0.006898,0.093483,-0.033876,0.012464,-0.066222,-0.038043,0.063043
-0.002564,0.034483,0.019736,-0.009836,-0.002626,0.018507,0.049430,0.062673,0.002742,-0.001089,-0.034732,0.041336,0.004170,-0.035173,-0.000582,-0.006352,-0.035677,0.029623,0.035871,0.031102,-0.013085,0.040594,0.033335,-0.020637,0.019583,0.044561,0.003193,-0.007363,0.004053,0.001371,-0.010281,0.008270,-0.031688,-0.007287,1.077072,0.027885,0.006597,0.099073,0.015696,-0.012743,-0.014604,0.000404,0.010688,0.031025,-0.030435,-0.005168,-0.109533,-0.029043,-0.042980,-0.034631,-0.004010,0.034998,0.012336,-0.030440,0.123868,-0.035840,-0.041462,-0.002292,-0.069213,-0.001744,0.007101,-0.002540,-0.051984,-0.001519,-0.063509,0.086883,-0.026673,0.017523,0.024329,-0.037469,-0.012100,-0.016499,0.011961,0.093278,0.075148,-0.010342,0.002647,-0.015048,-0.013076,0.027725,0.015066,0.023125,-0.020590,-0.002380,-0.046049,0.010985,0.009088,-0.008190,0.012676,0.027051,-0.086814,0.062306,0.027668,0.008065,0.044058,-0.013215,-0.028970,0.031285,-0.084390,0.017256,0.019094,-0.068030,-0.107531,0.021742,0.007074,0.021119,0.026174,0.000283,-0.000121,0.052527,0.043684,-0.008815,0.054023,0.002300,0.018726,0.005857,-0.015687,0.028414,0.010859,0.008191,-0.002743,0.012151,-0.186351,0.015498,0.008767,-0.034586,0.009451,-0.059224
-0.015211,-0.004775,-0.008164,0.004772,0.009215,-0.004957,0.012128,0.436214,0.248313,-0.003037,-0.031262,0.005096,-0.008910,-0.001426,0.014785,-0.011248,0.001215,0.139019,0.000308,0.021157,0.094725,-0.009547,-0.035913,-0.001546,0.003455,0.231345,-0.004781,-0.016928,-0.008691,0.002377,-0.022720,-0.011867,-0.182279,0.023948,0.041769,-0.025783,-0.000005,0.155534,-0.013466,-0.027025,-0.004241,0.199464,-0.102363,0.007455,-0.001105,-0.013944,0.011165,-0.008563,0.129039,0.011753,-0.048200,-0.003709,-0.009084,0.004570,-0.106500,-0.026827,0.396999,0.000078,0.017010,-0.055459,0.011970,0.147177,0.107788,0.130482,-0.300300,-0.006482,-0.015908,-0.020624,0.011835,-0.001350,0.005018,-0.007741,0.013705,-0.038918,-0.025861,-0.011258,-0.004092,-0.022167,0.021427,-0.019683,-0.020933,-0.061014,-0.053350,0.001737,0.323275,-0.034558,-0.027633,-0.016821,-0.000950,-0.011168,0.012437,-0.173118,0.003898,-0.004819,-0.107522,-0.032793,0.003656,0.023852,0.009820,-0.018085,-0.015715,0.007149,0.009269,-0.007713,0.372913,-0.035677,-0.015990,-0.028720,-0.011853,-0.024123,-0.124891,0.014318,-0.033020,0.006992,-0.008746,-0.014734,-0.010790,-0.015567,-0.009787,0.000134,0.008809,0.016475,0.015041,-0.012703,-0.017368,-0.030086,-0.034352,-0.002841
0.003171,0.037609,-0.078388,0.095953,-0.033015,-0.007528,-0.083946,0.002883,0.024766,0.005131,-0.025425,-0.090332,0.018316,-0.061696,-0.003273,0.055453,-0.014116,0.008780,-0.031820,-0.064271,0.008899,0.015828,-0.020041,0.008724,0.005332,-0.022511,0.003584,-0.009800,0.091451,-0.008151,0.001845,-0.004498,-0.007191,-0.011158,0.006061,0.066391,-0.047100,0.010470,0.009014,0.005501,-0.012910,0.006632,0.001922,0.005262,0.000642,-0.074149,0.039847,-0.011994,0.008367,-0.004053,0.028490,-0.047712,0.004390,0.000518,0.006675,0.069760,0.003797,0.058899,-0.016347,0.006589,-0.000713,-0.019486,0.000280,0.028147,0.020424,0.042496,0.046817,-0.019752,0.118251,0.039893,-0.043986,-0.046974,-0.023398,-0.061279,0.019607,0.056423,0.071998,0.037793,-0.013710,0.079936,-0.006280,-0.015961,-0.009057,0.002199,0.006494,-0.010386,0.136045,0.038160,-0.087337,-0.030808,-0.004140,0.028966,-0.050781,-0.004623,-0.030665,0.004344,-0.091670,-0.044492,-0.006685,0.013959,-0.056073,-0.025357,0.033181,-0.025844,0.029897,0.052159,0.049435,-0.021062,0.011559,0.048456,0.017871,0.034525,-0.002101,-0.031593,-0.059697,0.062638,-0.026761,0.003370,-0.017612,0.006242,-0.006284,-0.020555,-0.060723,0.044210,-0.030020,-0.036851,0.076438,0.023527
0.019978,-0.023170,0.001755,0.000539,0.011224,0.002246,0.001140,0.369132,-0.004418,-0.007120,0.044546,0.021496,-0.008713,0.018649,0.000919,-0.012831,0.021052,-0.143568,-0.013660,0.016009,0.036094,-0.041511,0.053324,0.017918,0.004984,0.133257,0.010543,0.037905,0.017297,-0.015114,-0.001476,-0.000358,0.098419,0.027329,-0.061141,-0.006693,-0.002244,0.253585,0.013349,0.019069,0.006935,0.134650,0.235922,0.002403,0.025169,0.019624,0.060449,-0.000375,-0.048810,0.044459,-0.002275,-0.042124,0.006775,-0.019575,-0.033955,-0.008514,-0.284200,0.000679,-0.314124,0.008238,0.040919,-0.151947,0.065825,0.177336,-0.005082,0.030160,0.001699,0.011321,0.002574,-0.024391,0.022067,0.001755,-0.020995,-0.058449,-0.021293,-0.007405,-0.023352,-0.005268,0.013065,0.010674,-0.004367,0.003772,0.024191,0.004073,-0.110159,0.006280,0.002066,0.012894,0.024116,0.010710,-0.025983,-0.006611,-0.017112,0.027106,0.074080,-0.003902,-0.004914,0.003150,0.082158,-0.003239,0.015395,0.076796,0.133792,-0.099123,-0.018228,-0.000981,-0.033922,-0.004406,0.000185,0.001708,-0.109540,0.031218,0.276501,0.005967,-0.002010,0.006164,0.029278,-0.003095,-0.000028,-0.005737,0.012257,0.005243,0.064095,-0.004148,0.007299,-0.040292,0.008472,0.076303
0.009384,-0.019334,-0.000785,-0.078841,-0.009051,0.109401,0.124339,-0.029632,-0.014777,0.014644,0.013335,-0.037706,0.021371,-0.060027,-0.056800,-0.005250,0.127743,0.002644,0.033520,-0.147074,0.011808,0.019596,0.067232,-0.011980,0.013770,0.014312,0.043641,-0.021458,-0.037007,-0.049781,-0.001858,0.029736,0.004602,-0.094384,-0.026698,0.051901,-0.020381,0.005236,0.048858,0.012211,-0.000565,0.026197,-0.015454,-0.026305,0.012188,-0.031710,0.103944,-0.015525,-0.024432,-0.019460,0.000634,-0.012875,-0.167211,0.160004,0.013321,-0.046002,-0.021501,0.088420,0.018815,0.026251,-0.051247,0.037350,-0.011666,-0.010536,-0.005218,-0.036472,0.034670,0.027905,0.008258,0.012162,-0.003507,-0.041313,-0.157386,0.028327,-0.100022,-0.022959,0.033933,0.003819,0.019535,0.071883,0.007677,-0.056683,0.023403,-0.132669,-0.020004,0.010199,0.017244,0.039499,0.047033,0.084738,0.025197,-0.036879,0.089908,0.011852,-0.018448,-0.010337,0.054530,0.050328,-0.037727,0.000956,0.010594,0.000550,0.004888,0.080733,-0.001699,-0.017050,0.033223,-0.026926,0.011208,-0.038383,-0.023512,-0.003084,0.024265,-0.043467,0.107863,-0.017091,-0.020909,0.000653,-0.013015,-0.013289,-0.069993,0.052714,-0.185633,-0.012816,0.091982,0.004698,-0.010868,-0.055268
0.014563,-0.008553,0.121123,0.034082,-0.040773,-0.051359,-0.072158,-0.010138,0.030397,-0.048188,0.012709,0.026194,-0.030233,0.076586,-0.025094,-0.044816,0.070858,-0.007921,-0.030574,0.039411,0.055271,-0.010595,-0.012001,-0.001748,0.041322,-0.011504,-0.118232,0.054130,-0.006639,-0.034714,0.014129,0.035815,-0.016659,-0.053949,-0.017524,0.105123,-0.052907,0.013345,-0.117229,-0.054934,-0.044137,-0.004130,0.008907,-0.007994,-0.057703,0.074288,-0.125818,0.005231,-0.006170,-0.045919,0.012442,0.038094,-0.058646,-0.045132,0.000232,-0.045408,-0.015830,0.020681,-0.000129,0.002901,-0.004157,-0.001866,0.021337,0.004286,-0.007443,0.003844,0.027950,0.012696,0.054219,0.041253,0.013698,0.034031,0.016658,-0.059331,0.019085,-0.019198,-0.096459,-0.066837,-0.128377,-0.001591,-0.020286,-0.044188,-0.043904,-0.026875,-0.003204,-0.013959,0.180243,-0.073335,-0.052587,-0.063027,-0.013205,0.006510,0.054802,0.046498,0.011781,0.018045,-0.008678,-0.039053,-0.008353,0.002088,-0.001969,-0.040499,-0.003436,-0.032634,-0.007789,-0.008334,-0.021313,0.021340,0.040112,0.079509,0.018472,0.002151,0.017157,-0.012073,0.026391,0.079323,0.051890,0.016943,-0.000699,0.086487,-0.033410,0.025160,0.015685,0.053418,-0.081992,-0.007913,-0.006777,0.001922
-0.015187,0.000052,-0.002699,-0.039567,-0.011039,-0.023780,0.050746,-0.037630,-0.063852,0.035725,-0.010923,-0.053345,-0.027783,0.107570,-0.019932,-0.018034,0.045176,0.024941,0.033760,0.022937,0.024087,-0.017044,0.003122,0.015396,0.007525,-0.137871,-0.025891,0.010918,-0.002940,0.003965,0.132323,-0.009012,0.054520,0.023848,0.002914,0.006317,-0.011340,-0.152131,-0.004130,0.023884,0.022379,-0.124115,-0.170582,-0.019850,-0.027605,0.030219,0.080031,-0.045548,0.076336,0.006524,0.002386,-0.027809,0.057969,0.012668,0.365978,0.000154,-0.080472,0.001168,-0.271628,-0.011955,0.132174,0.332136,0.024967,0.389328,-0.124174,0.061060,-0.012527,0.010481,-0.029030,-0.042410,0.008103,0.020243,0.014171,-0.026231,-0.070549,-0.023465,-0.016243,-0.005208,-0.004822,0.030262,-0.003102,0.037749,0.032057,0.033849,0.087257,-0.056949,-0.008988,0.004814,-0.098079,-0.054148,0.184799,0.047109,-0.022059,0.040390,0.033931,0.016757,0.017823,-0.027009,-0.166933,-0.002269,-0.046865,0.180019,-0.085893,-0.008123,-0.016392,-0.017185,0.004940,0.009051,0.010853,0.118275,0.223938,0.092327,-0.199681,-0.012470,0.023472,0.011225,0.039180,-0.029172,-0.007210,-0.016223,-0.001656,0.009855,0.075173,0.025321,0.008360,0.020351,-0.014424,0.185206
-0.046626,0.061285,0.069813,0.019012,0.007654,0.028840,-0.004697,-0.002521,0.016283,-0.013406,-0.020043,0.065113,-0.005293,-0.006845,0.033043,-0.008011,0.135989,0.031215,-0.062396,-0.077523,-0.022146,0.039894,0.124498,0.015374,0.142703,-0.004240,-0.058417,0.104880,0.012400,-0.009471,0.026099,0.071229,-0.006197,0.000076,-0.032391,0.073313,0.067320,-0.004360,0.132748,-0.011482,0.052005,0.010898,-0.009606,-0.025619,-0.086589,0.022464,-0.006603,-0.048732,-0.015729,-0.102075,-0.014724,0.068050,0.003991,-0.007162,0.012155,0.142932,0.013211,-0.043994,0.006052,-0.023164,-0.002122,0.025902,0.025291,0.027223,0.003345,0.007402,0.029126,-0.017681,0.018499,-0.004397,-0.088073,-0.012503,-0.014585,-0.051564,0.071643,0.035593,0.013074,0.034078,-0.007600,0.036199,-0.046747,-0.024243,0.006842,0.127558,0.011938,0.035284,-0.015079,0.063336,-0.043318,-0.001969,-0.017009,0.005008,0.073634,0.027924,0.006393,-0.014574,0.009153,-0.029751,-0.026345,0.022689,0.004665,-0.023293,0.006251,-0.046120,0.015504,0.023545,0.095349,0.009305,0.012134,0.047781,0.032848,-0.115620,0.018116,0.054072,-0.006094,0.101769,0.107502,-0.004587,0.022270,-0.004116,0.015809,0.020743,-0.078645,0.054212,-0.017549,-0.010667,0.025717,-0.050019
0.060216,0.100185,0.038246,0.088006,0.141905,0.017848,0.234297,0.012688,-0.013704,0.044154,-0.000542,0.041494,0.000709,-0.007907,0.157736,0.031550,-0.081670,-0.003282,0.060770,0.028763,0.036746,-0.055896,0.007813,-0.058158,0.074982,0.029675,0.003928,0.024125,-0.055287,-0.027949,0.103744,0.011853,0.000927,0.049350,-0.004332,0.060523,0.032951,0.029730,-0.027985,-0.013970,0.007828,-0.005766,-0.013106,-0.060805,0.021040,0.029141,-0.023212,0.004776,-0.035731,0.038521,0.036142,0.003800,-0.029482,0.024979,-0.034468,0.009957,-0.016952,-0.148011,0.044084,0.000031,0.012918,-0.013557,0.090838,0.013469,0.064957,0.024903,-0.029741,-0.101610,-0.068598,0.150553,-0.007051,0.029923,-0.032832,-0.033228,-0.021421,-0.099415,-0.049342,-0.081235,0.037782,-0.166113,-0.005229,0.028638,0.005502,0.004997,0.030387,-0.004949,0.034120,0.137139,-0.109339,0.048612,-0.000255,-0.029643,0.010907,0.028701,-0.028245,-0.030436,0.081413,-0.024123,0.012896,-0.005488,-0.015741,0.066262,-0.007848,-0.001750,-0.009025,0.022187,0.116937,-0.014740,-0.007628,0.132991,0.049506,0.034757,0.018640,-0.042184,0.044389,0.060778,0.084267,0.005757,-0.070899,-0.021770,0.043935,-0.027535,-0.029028,0.076919,-0.056092,-0.055279,0.024434,-0.017045
-0.026549,-0.010988,0.007303,0.054205,-0.009263,-0.001605,0.012457,0.295094,0.052739,-0.005528,-0.011024,0.009212,-0.019317,-0.025045,0.011047,0.000112,0.049472,0.002223,-0.033547,0.025074,0.102133,0.026941,-0.027853,0.003686,0.009809,0.181879,-0.038806,-0.013090,0.028394,0.038854,0.176299,-0.010793,0.121264,-0.006494,-0.015674,-0.008209,0.020103,0.009371,-0.012890,0.004076,0.019710,-0.111964,-0.153089,-0.023797,0.035942,-0.047066,-0.043565,0.008202,-0.107722,-0.018052,-0.061781,0.027623,0.048405,0.001448,-0.148044,0.022816,0.070388,-0.006597,0.378443,-0.069474,0.033862,-0.000098,-0.039410,0.001909,0.209463,0.047439,-0.015312,0.010119,0.023874,0.018266,0.003692,-0.037349,0.022277,-0.070121,0.080772,0.033771,0.002788,-0.005518,-0.007787,0.046971,-0.000111,-0.043521,-0.041980,0.027060,0.154031,0.128367,-0.022143,-0.027749,-0.119027,-0.005012,0.172850,0.075840,-0.015373,-0.010773,-0.057051,0.034506,0.010255,0.026157,0.031664,0.005362,-0.024580,-0.055720,0.056465,0.054433,-0.079809,-0.021006,-0.026646,-0.000755,-0.003561,0.021342,0.036984,-0.020895,0.225792,-0.016505,-0.014578,-0.000739,0.036525,-0.013680,0.009821,-0.043114,-0.025442,-0.033055,0.004171,0.018271,0.028650,0.021519,0.015265,-0.056738
-0.055380,0.008798,0.045683,0.071386,-0.051113,0.042388,0.047082,0.010082,-0.010604,0.032693,0.019312,-0.078937,0.005359,-0.065795,0.074396,0.011639,-0.013487,-0.036586,0.046859,-0.195990,-0.010037,0.013845,0.034714,-0.049059,-0.015902,-0.010458,-0.031667,-0.058954,0.074529,-0.046214,0.005397,0.056225,-0.027388,-0.127274,-0.055285,-0.008372,-0.028422,0.023791,-0.110086,-0.033917,0.021518,0.011095,0.004178,0.011455,0.026103,-0.005866,0.023265,-0.007136,-0.025178,-0.008139,-0.007758,-0.089698,0.020595,-0.202591,-0.013073,-0.041998,-0.001534,0.015854,-0.016116,0.006546,0.016229,-0.025357,0.035685,0.012322,0.009127,-0.016344,0.020899,-0.008122,-0.095372,-0.089955,-0.051305,0.030197,-0.059894,-0.041156,-0.016056,0.045468,0.050997,0.019440,0.017462,0.117123,0.033693,-0.035502,0.029271,-0.062107,-0.017492,-0.000351,0.079178,-0.005665,-0.003993,-0.111866,0.006391,-0.004647,0.092875,0.005757,-0.016930,0.015866,0.012515,0.002197,-0.050957,-0.011535,0.040094,-0.017668,0.015729,-0.004239,-0.008607,0.023951,0.025907,0.041663,-0.030492,-0.040695,-0.009025,0.072176,0.006876,0.018386,-0.067779,0.013551,0.012831,0.046764,0.007238,-0.008234,0.013307,0.020154,-0.051543,-0.026645,0.032596,-0.042563,0.000232,-0.021250
0.012338,-0.000414,0.022557,0.023849,-0.020815,0.010851,-0.003686,-0.023720,0.011400,0.048749,0.042124,0.006630,-0.002709,0.021509,-0.036719,0.007683,-0.008909,-0.104157,0.033513,-0.002427,-0.008124,-0.014588,0.054968,-0.036279,0.043955,0.063425,0.054820,-0.039454,0.021406,-0.062640,0.224458,0.025226,0.276199,-0.032938,0.064421,0.002272,-0.031590,-0.108328,-0.015426,-0.021691,0.012792,0.251586,-0.010306,-0.013689,-0.035366,0.029583,-0.012358,0.054519,0.019354,0.005062,0.075745,-0.023685,-0.037077,-0.023189,-0.135524,-0.022643,-0.167637,-0.035502,0.122026,0.055510,-0.014823,0.051526,-0.060777,-0.140312,0.123594,0.102129,0.001914,-0.031315,0.009574,0.069390,-0.020865,0.053102,-0.048144,0.108627,0.080887,0.030784,-0.002899,-0.007261,0.007230,-0.011727,0.045359,0.013855,0.016671,0.002814,0.068546,0.053850,-0.020082,0.012366,0.003095,-0.000222,0.250713,0.004089,0.031352,0.002409,-0.008420,0.017869,-0.000023,0.052534,0.106500,0.004432,0.034818,-0.030664,-0.197558,0.062012,0.044509,0.032149,-0.000993,-0.015343,0.016495,-0.070773,0.091455,0.045342,0.173553,0.005249,-0.007366,0.000794,-0.010891,0.017655,0.028710,-0.002664,0.009852,0.019653,0.009327,-0.034443,0.019964,-0.082270,-0.019731,-0.019944
0.001020,0.017559,0.004139,-0.005110,0.012949,0.007458,-0.005803,-0.027016,-0.106311,-0.008081,0.086823,0.015435,-0.011393,-0.001923,0.002796,0.016178,-0.006339,0.190998,-0.026583,-0.002693,0.002182,0.033595,-0.003372,0.010325,-0.021965,0.106794,0.001839,0.002496,0.008005,-0.011149,-0.075206,0.008274,0.058241,0.022091,-0.028292,-0.018684,-0.023296,-0.039653,-0.014209,0.016149,0.022736,-0.079988,0.359288,0.006386,0.001577,-0.024688,-0.042659,0.036483,0.081609,0.026938,-0.029547,0.039779,0.022072,-0.003261,0.166871,-0.006377,0.305310,-0.011877,-0.147794,-0.029829,-0.030890,0.099781,0.069428,0.046544,0.353259,0.101839,0.030711,-0.016826,0.004776,0.037923,0.010351,-0.001506,-0.014832,0.139660,-0.005208,-0.002387,0.013452,0.001760,-0.007790,-0.016640,0.001484,-0.005972,-0.017688,-0.024030,-0.164984,-0.117802,0.006079,0.020187,-0.044086,-0.017960,-0.060155,-0.015631,0.006255,-0.019607,-0.001479,0.009604,-0.019281,0.037147,-0.012585,-0.019049,0.026880,-0.012068,-0.054053,-0.007228,-0.176287,0.000373,-0.006355,-0.010917,-0.005931,0.002265,-0.133428,-0.003220,0.243730,-0.011821,-0.004491,0.000625,-0.002345,0.013464,-0.002037,0.017284,-0.015859,-0.040748,-0.052930,-0.008196,-0.024728,0.079685,0.031113,-0.006416
0.042461,-0.010598,0.015791,0.007807,0.029560,0.014080,-0.026001,0.007995,-0.021665,0.001543,-0.018657,-0.047197,-0.021195,0.131571,-0.008447,0.002205,-0.034866,0.001068,0.070745,-0.074461,0.396987,0.019029,0.071384,0.017894,-0.118250,0.032078,0.078522,0.053215,0.030782,-0.044457,0.058783,0.024662,0.023030,0.001676,-0.021406,-0.015121,-0.035490,0.063371,-0.034036,0.070115,-0.017559,0.006132,-0.055108,0.009436,-0.069073,0.055792,-0.011284,0.065032,0.039878,0.198245,-0.005784,0.018206,0.018237,0.001470,0.041180,-0.029679,-0.020420,0.019899,0.037851,0.003922,-0.023319,-0.031309,0.028713,-0.059686,-0.019961,-0.052154,0.042594,-0.063117,0.003249,0.092694,-0.001270,0.046972,-0.063407,0.077321,-0.005188,0.002503,-0.007053,-0.064604,-0.090648,0.006645,0.038334,-0.011418,-0.059020,-0.086904,-0.029225,0.052060,0.025387,0.047400,0.140013,-0.001203,0.016474,0.033007,0.040108,-0.020173,0.049623,0.000561,-0.017043,-0.009147,0.011545,0.004096,0.037844,0.111479,-0.074088,0.050624,0.068353,-0.000418,0.031024,-0.035471,0.014983,-0.088235,0.003070,-0.002129,0.036583,-0.043725,0.034862,0.014639,-0.036445,0.026903,0.021261,0.056744,-0.089954,-0.002215,-0.052691,-0.045486,-0.037502,-0.043428,0.042664,0.152023
0.007236,-0.010795,-0.009872,-0.003350,-0.022469,-0.018743,0.006356,-0.026718,0.000663,0.032910,-0.040170,-0.025572,0.007810,0.025054,-0.042770,0.468133,-0.048057,0.022739,0.037751,-0.009274,0.034457,0.000419,-0.127099,0.019517,0.022592,0.045447,0.035800,0.013060,-0.029986,0.081964,-0.037657,0.021306,0.029693,0.024804,-0.008802,-0.017283,0.005439,0.002655,0.017257,0.279556,0.079310,0.080541,0.029786,-0.021221,0.010266,0.021657,-0.046114,0.001908,0.029254,0.011982,0.013604,-0.007744,0.016224,0.037571,0.024549,-0.013508,-0.044643,-0.006202,0.040115,0.007583,-0.044381,0.079175,-0.052816,-0.007765,-0.042364,-0.007544,-0.007935,-0.014848,-0.025728,0.014596,0.001209,0.017914,0.004572,0.088575,0.032455,0.013483,-0.016095,-0.075844,-0.025154,0.001783,0.034999,-0.034714,-0.013733,-0.073018,-0.009265,0.001212,-0.039336,-0.009178,-0.409539,-0.089804,-0.010133,0.009971,0.003160,-0.300228,0.018042,0.000141,0.025401,0.050957,0.002260,0.002612,0.027144,0.009702,0.030713,-0.091256,0.121697,-0.010471,-0.022392,-0.007571,0.016945,-0.012529,0.011693,0.001143,-0.068460,-0.001210,0.003937,-0.017677,-0.010481,0.015498,0.018188,0.026719,-0.051072,-0.609574,-0.118396,0.008299,-0.010312,-0.013082,0.458665,0.019793
-0.018368,0.018829,0.014881,0.098088,-0.113920,0.093112,0.023643,-0.011380,0.009738,-0.022860,-0.019694,0.045845,-0.017522,0.013059,-0.071434,-0.058216,0.084735,0.010071,-0.063387,0.028725,-0.069261,0.022626,0.205709,-0.022917,0.101583,-0.013517,0.088431,0.027783,0.061226,-0.050749,0.042704,0.019263,-0.009507,0.007812,-0.033072,-0.011689,-0.022463,0.018555,0.049481,0.006459,0.079734,0.019861,-0.035428,-0.020473,-0.066254,-0.000769,-0.194345,0.014967,-0.000825,-0.003909,0.002401,-0.012704,-0.012056,0.010481,0.070648,0.054288,-0.021104,0.003893,-0.033178,0.019293,0.029688,0.044003,-0.007065,0.049348,-0.005706,0.018850,0.151122,-0.036308,-0.065619,0.023999,-0.014187,-0.052081,-0.074106,-0.054205,-0.035450,0.091342,-0.064395,0.040947,0.039031,0.014008,0.036731,0.002605,0.024750,-0.094431,0.016252,-0.004982,-0.039448,-0.012743,-0.037300,0.132859,-0.009021,0.002436,-0.051719,0.017015,-0.021666,0.039528,0.059559,0.047250,-0.026606,-0.006543,0.056966,-0.092726,-0.042627,-0.048898,0.006544,0.000080,-0.075594,-0.021683,0.023347,0.044580,-0.013442,0.045852,-0.011489,0.038706,-0.073931,-0.023450,-0.062189,-0.031302,-0.022286,-0.016786,-0.126229,0.058320,-0.057470,-0.024940,0.023125,0.028657,0.054458,-0.127025
-0.017736,0.030358,-0.032582,0.009053,0.075198,0.025463,0.095068,-0.000582,0.008621,-0.072304,0.031412,-0.021395,-0.000445,0.042935,0.068030,0.041519,0.028206,-0.003953,-0.015110,-0.006504,0.017884,0.068632,0.054522,-0.051939,-0.037086,-0.009419,0.008651,0.020460,0.082062,0.013187,-0.017193,-0.057522,-0.065484,-0.057426,-0.023799,0.056533,-0.053147,0.028790,-0.080851,-0.008390,-0.049052,0.000122,0.014822,0.014934,-0.013458,0.025378,-0.110509,-0.022853,-0.004967,0.018385,0.012977,0.125067,0.025564,-0.117925,-0.025662,-0.044967,-0.007412,0.019552,0.006609,-0.054089,0.003769,-0.028520,-0.022781,0.017471,0.040513,0.013092,0.003987,0.029450,0.079896,0.038738,-0.041599,0.041650,-0.025966,-0.060574,0.054192,-0.014628,0.031384,0.077533,0.008903,-0.000334,-0.003025,-0.000234,0.013894,-0.057262,0.018109,-0.033439,0.157817,0.056906,-0.067548,-0.014830,-0.002627,0.032979,0.045940,0.019938,0.005693,-0.007201,-0.024818,0.053424,0.015941,-0.022962,0.054489,0.016881,0.012722,-0.061203,0.001472,-0.007391,0.059702,-0.034255,0.015083,0.082255,-0.008476,0.004609,-0.006585,0.014478,-0.006743,0.013262,0.008163,0.011113,-0.074632,0.033658,-0.050362,-0.020128,-0.005714,0.074875,-0.012255,0.019189,0.007152,0.048989
0.017382,0.032615,-0.011811,-0.051138,0.057129,0.013070,0.142672,-0.016456,0.008759,-0.143114,-0.028417,-0.022521,0.066502,0.034318,0.043179,0.043602,0.025365,0.003468,-0.012927,0.014391,0.023218,0.047721,0.076725,-0.004297,0.027811,-0.033004,0.018266,-0.030279,-0.006678,-0.061833,0.017530,0.044238,0.001867,0.126766,0.011654,-0.013947,-0.006380,0.011440,0.033207,0.006686,-0.048898,0.024550,-0.029402,-0.020787,0.150301,0.013390,0.026906,0.027005,-0.019732,-0.024046,0.001009,0.015230,-0.009369,0.040468,0.003820,0.014056,-0.006995,0.201866,-0.028450,0.001127,0.036304,-0.004198,-0.079174,0.000815,-0.008921,0.038250,0.028113,0.026343,-0.025268,0.009884,-0.058465,0.022518,-0.077243,0.062359,-0.016837,0.022387,0.036354,0.206765,0.204092,-0.057338,0.027009,-0.011515,-0.016819,0.093972,-0.001518,-0.002755,-0.021859,0.040516,-0.034841,-0.039915,-0.014147,0.017333,-0.074796,0.013421,-0.003539,-0.023307,0.023281,-0.118769,0.039091,-0.039130,0.025948,0.034282,-0.041949,-0.113948,-0.010006,0.031646,0.003858,-0.026488,0.004327,0.010258,-0.015646,-0.056272,0.007541,0.096265,0.006582,-0.020750,0.000250,0.044964,0.003195,0.050964,0.099502,0.015656,-0.038447,0.003325,0.071184,-0.016091,-0.029790,0.059689
-0.087121,0.004222,-0.027464,-0.024021,-0.051429,-0.001190,0.015469,-0.055409,0.003616,-0.008565,-0.012105,-0.021174,-0.023047,0.021536,0.023781,-0.080477,0.208432,0.005208,0.036923,-0.068202,-0.003375,0.008208,0.055839,0.012758,-0.006585,-0.042593,-0.100607,0.044098,-0.026931,0.039500,-0.044592,-0.035090,-0.034046,-0.049659,0.000100,0.023512,0.037803,0.075848,0.003377,0.077799,-0.047956,0.108342,0.080063,0.028436,0.039872,0.023700,-0.009606,-0.018539,-0.053046,-0.070995,-0.052617,0.014915,0.083642,-0.047372,-0.077143,0.030334,-0.029668,0.002211,0.031767,-0.032482,0.067840,-0.047916,0.066199,-0.070055,-0.007221,0.001826,-0.031862,0.023065,0.013160,0.017379,0.023293,-0.018805,0.067283,0.356230,-0.046008,-0.014324,-0.016739,0.106894,0.013713,0.009621,-0.064210,0.026748,-0.000144,0.063351,-0.008488,0.009271,0.081280,-0.002515,-0.708891,0.030194,-0.040385,0.020505,-0.008057,0.094336,0.043044,0.001796,0.043004,-0.034398,0.006465,-0.012111,-0.025806,-0.015057,-0.035928,0.249306,0.077108,-0.011849,0.020256,-0.003338,-0.009530,0.034550,-0.063248,-0.051844,-0.065315,0.009563,0.033025,0.006419,0.036810,-0.014354,-0.000370,-0.030251,-0.003126,0.109993,0.186909,0.042902,0.003789,0.056906,0.021474,0.005880
-0.065195,0.008113,0.079831,-0.082665,-0.004846,-0.025274,0.027639,0.024545,0.008193,-0.020360,-0.050025,0.059364,-0.004349,0.034277,-0.008622,0.061672,-0.078672,-0.019611,0.032087,0.023032,-0.013426,0.047513,-0.020047,0.012368,-0.043822,-0.063503,0.032283,-0.010691,0.049102,0.037121,0.003541,0.066624,-0.052221,-0.064264,-0.020347,0.035095,0.054096,0.065146,0.036193,0.012473,0.032367,0.039438,0.016887,-0.049833,-0.061481,0.102975,0.014220,-0.020194,-0.009545,-0.003097,0.024470,0.041306,-0.031303,0.061558,-0.012178,0.057730,0.024864,-0.035687,-0.018293,-0.012853,-0.010226,0.007830,-0.003277,0.044132,0.054287,-0.031821,-0.018062,-0.010762,-0.336950,0.016683,0.017271,0.105797,0.054544,-0.080591,-0.059739,0.133164,0.058780,-0.019176,-0.038930,-0.044265,-0.000987,0.011859,0.042399,-0.000557,-0.011384,0.020945,-0.020415,0.040260,-0.009608,0.117466,0.033830,0.041448,-0.062985,0.005442,0.007223,0.114222,-0.489359,0.033217,0.029764,-0.028758,-0.021179,-0.049141,0.013552,-0.024589,0.020641,-0.061101,0.000220,-0.035345,0.003392,-0.019763,-0.020098,-0.021062,0.023519,-0.016996,0.042197,-0.012519,-0.031964,0.017082,-0.034856,0.064115,0.049497,-0.009839,-0.011867,-0.005651,0.042454,0.007727,-0.032315,-0.031258
-0.044105,-0.037661,-0.014739,0.122844,0.123617,-0.021873,0.044322,-0.007202,0.020991,0.000429,0.070709,0.070006,0.037423,0.092960,0.024029,-0.015100,-0.067060,-0.018101,0.092201,0.009489,-0.018709,-0.089675,0.013083,0.012228,0.004318,-0.043144,0.014304,0.060567,-0.035755,-0.070589,0.039427,0.008926,-0.025364,-0.060884,0.017534,-0.068483,-0.069302,0.079118,-0.014307,-0.090456,-0.035454,0.009978,-0.011218,0.062100,-0.004028,0.031360,0.114539,0.114486,0.047105,0.103166,-0.016328,-0.095278,0.144632,0.021141,0.036830,0.027811,0.004117,0.103781,-0.019156,-0.008943,-0.008460,0.000651,-0.015724,-0.015950,0.039528,0.055485,0.070885,-0.122192,0.044533,0.072148,0.020363,0.073628,-0.006396,0.009142,0.083454,-0.024890,0.017907,0.073611,0.045265,-0.050519,-0.088191,-0.002416,-0.026089,0.054582,0.052263,0.013830,0.025106,0.039491,-0.091853,-0.084979,0.009867,0.033092,-0.006426,-0.051785,-0.004304,-0.010167,-0.011832,-0.018988,-0.033051,-0.022111,0.082744,-0.043952,-0.059014,-0.117717,0.028384,-0.025571,0.011138,-0.027704,-0.026897,-0.082769,-0.009096,-0.106086,0.019674,0.101591,-0.008825,0.012654,-0.038639,0.031086,-0.016862,0.074209,0.032705,0.039955,-0.013676,-0.102378,0.023838,0.012109,0.005199,0.044925
-0.008996,-0.017852,-0.017459,0.009567,-0.002589,-0.017942,-0.048701,-0.015187,0.003750,-0.025074,-0.006257,0.039387,-0.009990,-0.020082,-0.033592,0.035447,-0.007186,0.018447,-0.006740,-0.014543,-0.004119,-0.028474,0.122088,-0.024890,0.036750,0.057808,0.008042,-0.014884,-0.028798,-0.088976,-0.032974,-0.001064,-0.072907,-0.015256,-0.034494,-0.029859,-0.065451,0.075611,-0.011069,0.027312,0.076371,0.074974,-0.038755,0.008040,0.037213,-0.025998,0.057267,-0.007082,0.016979,-0.014786,0.028849,-0.020286,0.084487,0.012960,0.248536,0.032607,-0.120260,-0.005013,0.034828,0.026184,0.071081,0.020488,-0.055473,-0.081238,0.046266,0.059749,0.083612,-0.016345,0.020396,-0.011476,-0.015994,-0.020597,-0.072731,-0.541542,0.037139,-0.012423,0.026889,0.125066,-0.006686,-0.020459,-0.013330,-0.016672,-0.023159,-0.024350,0.023441,0.014935,-0.012935,0.056871,-0.011665,-0.140976,-0.045212,0.112231,-0.015296,-0.040168,0.072743,-0.021982,-0.043428,-0.018955,0.057392,0.004772,0.115497,-0.044827,-0.128772,0.734272,0.171563,0.003968,0.004486,-0.018048,-0.016577,0.047735,-0.050492,-0.069422,-0.067903,-0.084583,0.004713,0.017579,0.109480,0.018515,-0.002440,0.062517,0.018260,-0.005939,0.141177,0.011883,-0.048094,-0.026229,0.059880,-0.050207
-0.006414,0.003368,0.008381,-0.005695,-0.000980,0.000060,0.000222,-0.003848,-0.000518,0.010210,-0.000202,0.004112,0.004359,-0.001415,-0.003648,0.007544,0.006042,-0.001527,0.001482,-0.006619,0.001296,-0.004019,-0.000219,0.001240,0.001104,-0.018768,-0.013381,-0.004536,0.001365,-0.004206,-0.002646,0.000501,-0.005803,-0.006792,-0.001384,-0.003904,-0.004150,-0.000277,-0.005885,-0.012047,-0.007348,0.004667,-0.004947,-0.006768,-0.000531,-0.006048,-0.004995,-0.003892,-0.000980,-0.011588,-0.000816,0.005466,0.004498,-0.006263,0.004817,-0.004546,0.006988,0.003396,-0.003502,0.000754,0.000965,-0.028695,-0.000296,0.004032,0.013289,0.000355,0.000273,0.002702,0.003057,-0.003846,0.009932,0.007090,-0.003804,0.000957,-0.001016,-0.005850,0.000118,-0.001542,0.002524,-0.017160,-0.006153,-0.002186,0.008069,0.006619,0.006323,-0.001126,-0.009819,-0.002893,0.006037,0.001369,0.004895,-0.012195,0.004314,-0.001146,-0.000112,-0.008494,-0.007582,0.008503,-0.002912,-0.006122,0.008241,0.005799,0.002110,-0.001160,0.016122,-0.008330,0.010036,-0.002979,0.005785,0.004460,-0.000500,0.004112,0.006085,0.003458,0.003735,0.005150,0.007444,0.017140,-0.000977,0.003057,-0.004084,-0.000503,-0.003217,0.011105,-0.010765,-0.000621,0.007957,0.006156
0.011129,-0.052012,0.026489,-0.017124,-0.009180,-0.024432,0.415896,-0.032727,-0.010239,0.010988,0.077244,-0.087774,0.030098,-0.017483,-0.019165,-0.012194,0.030508,-0.066738,-0.017829,0.169429,0.036162,-0.004039,-0.049630,-0.001462,-0.031287,-0.019603,-0.007953,-0.010728,0.014841,0.129460,-0.082399,0.070255,-0.001285,0.162296,0.031314,-0.044953,0.042490,-0.034433,0.032956,0.075493,0.016264,0.007887,0.079474,-0.047023,-0.019757,0.004917,-0.132512,0.001699,0.020859,0.018348,-0.024837,-0.016710,0.082994,0.045676,0.077024,0.043826,-0.104666,0.023295,-0.119020,-0.005417,0.045365,-0.025374,0.088019,-0.112633,-0.031779,0.026499,-0.073318,-0.027651,-0.041144,0.047972,-0.014814,-0.010266,0.137581,-0.386127,-0.010555,0.045322,-0.053519,-0.010690,0.037806,0.081735,0.025100,0.066978,0.057947,0.038606,0.035471,-0.030922,0.009061,-0.154292,0.046876,0.024109,-0.038814,-0.038701,0.001785,-0.006473,-0.096943,-0.000051,0.002268,0.182883,0.047873,0.004334,-0.109709,-0.101806,0.081165,0.035567,0.010100,0.064228,0.015430,-0.000799,0.001930,0.047772,-0.008187,-0.027872,-0.023940,0.044539,0.028260,-0.008179,0.002981,0.064358,0.052627,-0.096771,-0.103731,0.012251,0.060854,0.011649,0.144150,-0.072398,0.002245,-0.073316
0.013337,-0.131035,-0.036677,0.034874,-0.085291,-0.028804,-0.033719,0.026756,0.009851,-0.068661,0.014236,0.056008,-0.010978,0.080914,-0.097329,0.066317,-0.069554,-0.017844,-0.007676,-0.026303,-0.050500,-0.017409,-0.076459,-0.035040,-0.039343,-0.010371,-0.031537,0.081471,0.035242,0.059753,0.052298,-0.010577,0.009934,-0.073146,-0.009227,0.001253,-0.004920,-0.019607,0.023898,0.004639,0.011959,0.014955,-0.009423,-0.011083,-0.045651,0.095718,-0.064649,0.004134,0.031062,0.056323,0.034080,-0.080025,-0.025261,0.036914,-0.018341,-0.010083,0.011150,0.055159,0.036726,0.013862,-0.012833,-0.030995,0.027179,-0.038817,0.039318,0.007785,-0.030285,0.018706,-0.079678,0.017108,-0.024209,0.042512,0.051966,-0.043786,0.088877,-0.030750,0.015075,-0.069449,0.032583,0.083195,-0.034467,-0.011203,-0.058102,0.090697,0.016869,0.002390,-0.005798,-0.069901,0.013700,0.039665,-0.002733,-0.013060,-0.039010,0.038012,0.032474,0.017274,-0.048806,-0.002429,-0.039188,-0.000281,0.027177,0.107077,0.040573,0.020258,0.010320,0.030096,0.018508,0.002004,-0.029027,0.024874,-0.008453,0.095622,0.000024,0.029942,0.064923,0.068301,0.055816,0.031315,0.076451,0.047714,0.031133,0.013218,0.041849,0.020761,0.092887,-0.020228,0.058149,0.122513
-0.008986,-0.020462,0.022077,-0.063551,0.070182,0.038005,-0.045469,0.013133,-0.018202,0.008721,0.170453,0.009731,0.060936,0.199372,0.041761,-0.001169,-0.053606,-0.016489,-0.030278,-0.149706,0.024551,-0.009157,-0.048074,0.102424,-0.028965,0.011940,0.006963,0.059507,0.098714,0.023371,0.122457,0.024676,0.033284,-0.024551,0.012083,0.013986,-0.020791,-0.016812,0.088941,-0.014708,-0.075603,0.029144,-0.018350,0.073062,0.071089,0.099899,-0.028519,0.031892,0.013684,0.059612,-0.008171,-0.038466,0.069433,0.054924,-0.033902,-0.022822,-0.020153,0.256719,0.028189,0.009885,-0.012703,0.008496,0.031424,-0.053651,0.017501,-0.018378,-0.037380,0.089136,-0.044102,-0.032424,-0.011612,0.106774,0.093640,-0.082300,0.080715,0.096574,0.040487,0.105686,0.112629,0.149939,-0.053836,0.063986,0.048929,0.173832,-0.007025,0.001636,0.012515,-0.092568,-0.084453,-0.038285,0.001902,0.018907,0.016271,0.032457,-0.017633,-0.020897,0.033309,0.059340,0.019055,0.013861,-0.029010,0.035539,-0.000550,0.027648,-0.037518,0.018702,-0.025827,0.019202,0.033949,-0.009759,-0.004257,0.005092,-0.012013,0.180727,-0.037165,-0.049106,-0.076194,0.009686,-0.001601,0.039528,0.075937,0.007157,-0.031297,0.019873,0.093967,-0.000741,-0.051006,0.144060
0.000430,0.007708,-0.011119,-0.044896,-0.018168,-0.044441,-0.064963,0.361658,0.125795,-0.059230,0.068483,-0.013887,0.013605,0.010217,-0.024927,0.017594,-0.020022,-0.232220,-0.083049,-0.056148,0.032287,-0.025158,-0.033392,-0.062237,-0.009115,-0.222463,-0.004037,0.013370,0.013889,-0.010959,-0.083475,-0.007857,-0.109953,-0.060573,0.069810,-0.022575,-0.025787,0.178501,-0.046691,0.009336,0.014647,0.108969,0.001379,-0.013948,-0.017661,0.014903,-0.055742,-0.026277,-0.150766,-0.019729,0.009184,-0.018554,0.011265,-0.034301,0.167650,0.001307,0.151230,-0.012272,-0.066427,0.010315,0.063223,-0.030647,-0.055870,-0.111161,-0.059504,-0.041283,-0.003340,0.016545,-0.039735,-0.020540,-0.058744,-0.024046,0.013116,-0.013529,-0.072118,-0.032220,-0.033658,-0.023030,-0.023013,-0.012168,0.010512,-0.028237,-0.050843,-0.023223,-0.290814,0.043783,-0.008814,0.006605,-0.020542,-0.007240,0.429196,0.231485,-0.041693,-0.010467,-0.004301,-0.033406,-0.037623,-0.010874,0.250534,0.014486,-0.017443,-0.046743,0.220138,-0.000282,-0.127328,-0.010723,-0.012583,0.018341,-0.028915,0.029035,-0.089975,-0.037340,-0.254926,0.009998,-0.017302,0.016111,0.014563,-0.015331,-0.005420,0.002468,-0.004240,-0.023679,-0.116188,-0.000544,0.036146,-0.012954,0.008916,-0.038488
-0.050580,-0.051022,0.024172,0.083304,-0.104719,0.014652,0.033763,-0.018352,0.040794,0.013254,0.007033,-0.020578,0.030304,-0.080591,-0.001593,-0.033712,0.052989,0.009237,-0.033340,0.043736,-0.008353,0.109111,0.054716,-0.010531,0.007435,-0.032724,0.041759,-0.025641,0.062796,0.054724,-0.011906,0.038656,-0.027397,0.051767,-0.020248,0.039861,0.055814,0.043806,0.045819,0.069627,0.000576,-0.009617,-0.026313,-0.009906,0.035402,-0.070549,0.055061,0.037685,-0.044896,0.060956,0.045730,0.022874,-0.000335,-0.005497,0.014350,0.118743,0.006316,0.079038,-0.026494,0.014637,-0.023085,-0.009069,-0.015982,-0.016244,0.017001,0.065632,0.031839,-0.038114,-0.017312,-0.001648,-0.055555,-0.060124,0.011464,0.054338,0.071312,0.078481,0.016374,0.053376,0.068951,0.065302,0.000269,-0.016366,-0.004343,0.001999,-0.022873,-0.010648,-0.024730,0.022229,0.022048,-0.024581,0.001862,0.031800,0.061892,-0.011321,-0.009870,-0.005744,-0.062044,-0.034218,0.043390,0.032795,0.024817,-0.084868,-0.045129,-0.056234,0.028759,-0.017756,-0.010866,0.018829,0.009306,-0.040852,-0.020593,0.012462,-0.006873,-0.008371,-0.029665,0.043541,-0.000030,-0.045679,-0.027799,-0.114796,-0.018153,0.034301,-0.084227,0.004876,0.087196,-0.001763,-0.030420,-0.078665
-0.092347,0.047719,0.040780,0.013407,-0.060399,-0.053331,0.105178,0.003811,0.014401,-0.012029,0.028981,0.076560,0.046875,0.068476,0.045718,0.046180,-0.048099,-0.026733,-0.109233,-0.001288,0.004591,0.002735,-0.031524,-0.039965,0.011926,0.000289,0.012651,-0.061051,0.079518,0.035282,-0.021660,0.037085,-0.006034,-0.079327,-0.055928,0.034054,0.012835,0.022436,0.107680,-0.083830,-0.015248,-0.013937,0.015017,0.086196,-0.023479,0.024789,0.056280,-0.073986,-0.020695,-0.085119,0.025639,-0.013370,0.058500,0.062973,-0.000224,0.080653,0.002520,-0.006199,0.033485,0.030917,-0.016306,-0.010568,0.059871,-0.039049,0.007714,-0.002407,0.082274,0.018113,-0.051468,-0.050519,0.038210,-0.076407,0.089307,0.012949,0.033347,-0.095447,0.093891,-0.041829,0.056130,0.084774,-0.082297,-0.006063,0.055578,0.076132,-0.012073,-0.021792,0.005739,0.011310,0.021928,0.043068,0.010556,-0.045115,0.003259,-0.083676,0.050843,-0.050202,-0.004141,0.031400,0.062642,0.028202,-0.105957,0.078344,-0.017999,0.053647,0.013136,-0.010665,0.066214,0.051073,-0.052894,0.040298,0.011401,-0.055301,0.017183,0.015898,0.016488,0.073811,0.018373,-0.012074,-0.026768,0.071348,0.062973,-0.038526,-0.073609,0.022054,0.052855,-0.045056,0.001851,-0.026098
0.007092,0.029304,-0.068245,-0.073959,-0.010499,0.013115,0.044655,0.012978,0.014289,-0.006042,-0.038484,0.072260,0.024364,-0.138882,0.007939,0.042626,0.005089,0.051101,0.166914,0.006038,-0.076364,-0.051833,0.126693,0.071242,0.053604,-0.006327,-0.027586,0.016932,-0.007682,0.058584,-0.005325,-0.013919,-0.000130,0.109318,-0.022219,0.014484,0.032001,-0.009102,0.107261,0.081631,-0.060472,0.052265,-0.031116,-0.050600,-0.031885,-0.051224,-0.018192,-0.005936,-0.009531,0.031124,0.015908,-0.046634,0.037767,-0.065833,0.005176,0.013878,0.027126,-0.003001,-0.016613,-0.060597,0.023147,0.011175,0.015359,0.049635,0.009007,-0.015020,0.015919,-0.013665,0.018881,-0.001018,-0.020261,-0.018224,-0.001040,0.135378,-0.015718,0.025222,-0.018029,0.071730,-0.065993,-0.034768,0.002062,0.046452,0.032263,-0.006791,0.020790,-0.017879,0.050929,-0.019430,0.125578,0.031795,-0.005423,0.036263,-0.015763,0.021401,0.004224,0.026975,-0.036924,0.150150,0.034010,-0.023369,0.025793,0.001833,-0.007344,0.090780,-0.056652,0.074503,-0.026398,-0.012314,-0.005594,-0.416726,0.029732,-0.007402,0.025940,0.008149,-0.099413,-0.002584,0.015580,0.057082,-0.026212,0.009976,-0.183623,-0.005186,0.013822,-0.016999,0.040031,0.053503,0.041524,-0.021246
-0.030189,-0.010279,-0.030449,0.045508,-0.029670,-0.012126,-0.028566,0.073958,-0.010878,-0.012557,0.015211,0.013752,-0.005310,0.035642,0.000205,-0.006594,0.033566,0.069112,0.019255,-0.001941,0.023320,0.009300,0.008107,-0.002209,0.005871,0.073330,-0.021797,0.010302,0.033419,-0.019116,-0.972980,-0.025526,0.253922,-0.004502,0.005465,0.021224,-0.016018,-0.084402,-0.016922,-0.048426,-0.000731,-0.048523,-0.185964,0.004310,0.015610,0.033568,0.016220,-0.033289,0.097358,-0.014737,-0.003662,-0.010170,-0.010780,-0.018466,-0.141839,-0.008215,-0.115579,0.016354,-0.003539,0.004321,0.048093,0.104160,0.016735,-0.036285,0.089593,0.040971,0.011253,0.014388,-0.021266,-0.031695,-0.003270,0.002922,-0.009936,-0.144730,-0.105263,0.003374,-0.002443,0.027867,0.009695,0.035447,-0.025305,-0.015469,-0.014844,-0.017697,0.069936,-0.005529,-0.022556,-0.001174,-0.045592,-0.021401,0.106404,0.044959,-0.026054,-0.012442,0.025559,0.015267,-0.036052,-0.011402,0.024342,0.007808,0.025989,0.032744,-0.151695,-0.097392,0.028181,-0.030612,0.002030,0.008338,0.003687,-0.005689,0.167447,-0.018597,0.230812,0.007185,-0.015611,-0.007801,0.005857,-0.007103,0.007563,0.010168,0.021603,-0.009306,-0.065267,-0.010488,-0.014010,0.016077,-0.009410,0.056566
0.041391,-0.020318,0.056838,-0.074348,0.085740,0.004126,-0.027122,0.016955,-0.013444,-0.011756,-0.004331,-0.000403,0.007119,0.023880,-0.024139,0.062240,0.005447,0.028532,-0.044712,0.059742,-0.039304,0.008204,-0.089803,-0.044785,-0.091135,-0.006707,0.055597,0.073326,-0.138027,-0.018834,0.019782,0.017992,-0.016847,0.027002,-0.014263,-0.022121,-0.020692,-0.004573,0.021981,-0.055442,0.018299,0.003133,0.011153,0.000043,-0.028336,0.103931,0.006047,-0.040711,-0.024602,0.042881,-0.010497,0.023530,0.037722,0.170360,0.001568,-0.076185,-0.005071,-0.017061,-0.001885,-0.011505,0.016001,-0.001388,0.002940,-0.008547,-0.001069,-0.011764,-0.058866,-0.020261,-0.046609,-0.035882,0.033967,0.035459,0.015396,0.013237,-0.024047,-0.036740,-0.011976,0.008331,0.057499,-0.026326,-0.029376,0.031192,-0.006052,0.000697,0.016617,0.004245,-0.007172,0.015964,0.029777,0.020337,-0.000665,0.000334,0.024599,0.004012,0.026011,-0.028613,0.071851,0.029207,-0.007864,-0.017261,0.004217,0.026662,-0.003416,0.002570,0.002395,0.023835,-0.040880,0.028715,0.018803,0.030334,-0.022761,-0.015968,0.018904,0.034862,0.024989,0.002767,-0.053132,0.047401,0.001020,-0.028362,0.054476,-0.020794,-0.007988,-0.005418,0.007128,0.004666,0.035804,0.009048
0.022564,0.025346,0.013529,0.063530,-0.049127,-0.010966,0.016780,0.037016,0.039337,0.034940,0.014734,-0.044984,0.044782,0.035529,-0.238292,-0.030304,-0.027788,0.018347,0.084910,-0.120129,-0.007344,0.013764,-0.028133,-0.179305,0.047836,0.017216,0.018811,-0.043626,-0.022004,-0.009149,0.001513,0.026964,0.001810,-0.163362,0.020924,-0.144974,-0.038329,-0.013549,-0.004100,0.000011,0.026199,0.041536,-0.008065,0.073229,-0.035347,-0.007893,-0.083210,0.019605,-0.031304,-0.079413,0.038243,-0.001485,-0.020258,-0.069697,-0.021718,0.018291,-0.009253,0.036388,-0.010142,0.029082,-0.036037,-0.010959,0.237653,0.039176,0.015629,-0.078026,-0.079524,-0.006047,0.010381,-0.005709,-0.067584,0.033043,-0.041446,-0.061317,0.018843,-0.012468,0.010123,0.048563,-0.047270,0.037859,-0.007742,-0.047329,-0.043513,0.055707,0.010403,0.019845,-0.034359,0.031706,-0.000974,-0.013910,-0.016815,-0.025389,0.002541,-0.013301,-0.043567,-0.187410,0.108872,-0.055454,-0.045543,0.016943,-0.021394,0.043854,0.008427,-0.010406,0.006640,0.051834,-0.118733,-0.003142,-0.069635,0.015974,0.023014,0.015038,0.020920,0.081016,-0.074137,-0.031643,-0.022874,0.019183,0.049374,-0.027369,0.057825,-0.009067,-0.036706,0.043755,0.033183,0.010570,0.017839,0.046890
-0.008163,0.002447,0.012175,-0.005304,-0.007248,0.014145,-0.006932,-0.002634,-0.002846,-0.004825,0.001733,0.011607,-0.001373,0.011513,0.013177,-0.002599,-0.007347,0.000394,0.000007,0.001348,0.003115,-0.003187,-0.004141,-0.005674,-0.011856,-0.016403,-0.011832,0.003736,-0.013518,0.005979,-0.001159,0.002783,0.005113,0.008922,0.001709,-0.014749,-0.000661,-0.012500,-0.000591,-0.004142,0.009824,0.002712,0.011265,0.008920,0.005786,-0.005818,0.003787,-0.000029,-0.004407,-0.006549,-0.001710,-0.009047,-0.010228,-0.008511,0.000747,0.004444,0.001321,-0.002856,-0.000558,-0.001581,-0.000290,0.002201,-0.007032,0.001039,-0.017389,-0.002270,-0.003812,-0.002552,0.006574,0.000634,-0.001213,0.002696,0.001201,-0.003567,0.005931,0.000052,0.003902,-0.000998,-0.002907,-0.000064,-0.004626,0.001647,-0.003276,0.002439,0.001205,-0.001062,0.002908,0.001819,-0.003593,-0.002875,0.008064,-0.025918,0.006010,-0.006914,0.003499,-0.003101,-0.011116,0.002661,0.000411,0.003922,-0.004943,-0.000691,0.000911,0.003059,0.003418,0.000606,0.005827,-0.000473,-0.003351,0.011501,-0.010749,0.003306,0.016515,0.005013,0.016329,0.002278,-0.005603,-0.004582,-0.003330,0.009276,-0.002916,0.012594,-0.000238,0.007378,0.009520,0.004717,0.005603,0.003138
-0.014619,0.070201,-0.002073,0.100447,0.020556,-0.060165,0.027898,0.027892,0.005067,0.005136,0.002589,-0.037042,-0.053992,-0.036722,0.148136,-0.019777,0.035113,0.014103,0.095521,-0.035366,0.026462,-0.077627,-0.026907,0.252468,-0.005648,-0.005114,-0.040562,0.039930,0.055051,0.003466,0.029011,-0.002191,-0.052025,-0.039645,0.031122,0.079223,-0.049810,-0.031025,-0.028530,-0.094039,-0.025096,0.007373,0.038348,0.003358,0.095194,-0.007593,-0.035488,-0.010949,-0.004015,-0.005534,-0.028897,-0.073037,-0.001851,0.008586,-0.028537,-0.026880,-0.003154,-0.005771,-0.009226,0.015223,-0.004630,0.008825,-0.143800,0.030658,0.040301,0.000921,0.025504,0.013631,-0.206258,-0.023035,0.215183,-0.009983,-0.018547,-0.094344,0.124367,-0.023835,-0.036880,-0.032484,-0.015917,0.012762,-0.010164,-0.031028,-0.045610,0.011653,0.028133,-0.044657,-0.005072,0.009096,0.007516,0.001976,0.035774,0.011607,-0.043810,-0.027435,-0.015650,0.285510,-0.066392,-0.024848,-0.016232,0.018545,-0.024675,0.029691,0.024894,0.019776,0.045446,-0.042698,0.151030,0.015689,0.099571,-0.009823,-0.013262,-0.042015,-0.014860,-0.045310,0.161723,-0.097649,0.028824,-0.019877,-0.149138,-0.041984,0.033165,0.013264,-0.058456,0.022470,0.020701,-0.003260,-0.051744,-0.040472
-0.020428,0.026818,0.019047,-0.021639,-0.016572,0.025982,-0.058703,0.024008,-0.012798,-0.020491,0.004998,-0.100845,-0.011615,0.005923,-0.040188,0.010881,-0.192625,0.016867,0.004779,-0.001740,0.367884,0.020330,0.008255,-0.008244,-0.041162,0.008772,0.067294,0.032628,0.042591,-0.061758,0.059397,0.043223,0.025267,-0.007669,-0.043527,-0.003214,-0.054493,0.066803,0.026388,0.008532,-0.035373,-0.006851,-0.052761,-0.005043,-0.126414,-0.023368,-0.031911,0.012245,-0.015086,0.119391,0.018257,0.034280,0.024199,0.009726,0.024970,0.031575,-0.043355,0.048398,0.055543,0.005776,-0.002420,-0.002247,0.048249,-0.012122,-0.039972,-0.021035,0.030548,-0.000690,0.004411,0.043661,-0.042676,-0.021049,-0.051242,0.061255,0.007753,0.043275,0.037184,-0.059042,-0.091629,0.026749,0.025791,0.007292,-0.045692,-0.085865,-0.041333,0.022829,0.027127,-0.015299,0.199807,-0.004921,0.012645,0.061635,0.002400,-0.001560,0.019823,0.024011,0.019323,0.024686,-0.002950,0.000112,0.009312,0.068387,-0.086778,-0.001302,0.106073,-0.007250,0.024012,0.007930,0.010833,-0.053291,0.045155,-0.085511,0.011442,0.015505,0.031011,0.019172,-0.021378,-0.003574,0.004366,0.010111,-0.005269,0.013577,-0.034831,0.006675,-0.005387,-0.050027,0.000551,0.075148
0.007045,0.003748,0.005994,0.019168,0.015275,0.021165,0.008284,0.232899,0.001791,0.001976,0.027621,0.004455,0.008527,-0.022950,0.012204,-0.002970,0.071517,-0.092956,0.010758,-0.004327,0.024992,0.004662,-0.005771,0.023943,-0.009552,0.029426,-0.015427,0.015646,0.024464,0.037158,0.109944,0.007968,-0.041205,-0.006009,0.012257,0.002416,0.028631,-0.119405,-0.006877,0.022219,-0.007863,-0.104162,-0.148874,0.028474,0.033012,-0.001161,0.029437,0.011570,-0.097828,0.001466,-0.015109,0.005303,-0.000096,-0.014999,0.250076,0.019337,-0.123969,0.005328,0.187272,-0.007981,-0.053793,0.111814,0.078247,-0.072815,0.262849,-0.054255,-0.000069,-0.003571,-0.005329,0.014532,0.015843,-0.009880,0.020625,0.086295,0.124191,0.021022,0.001151,0.022977,-0.002236,-0.011446,-0.010455,0.096295,0.091790,-0.017990,0.092674,-0.034513,-0.011662,0.012715,-0.028057,0.007253,0.137231,-0.169064,0.018592,-0.016593,0.102633,0.003249,-0.009744,-0.050353,0.117272,0.003098,0.007626,0.019548,0.217987,0.037499,-0.072553,0.005717,-0.005091,0.004604,0.010823,-0.017352,0.160823,-0.005167,0.322080,-0.030327,0.006542,0.007962,0.010674,0.013444,-0.009813,-0.011134,-0.008758,-0.008520,0.053492,-0.002347,0.014230,0.053474,0.016873,-0.005934
-0.037411,0.013846,-0.090016,0.005777,0.010827,-0.015962,-0.010264,0.023171,0.032461,0.013037,0.023970,-0.003772,0.025450,-0.062711,0.038408,0.014554,-0.004550,0.013669,-0.065857,-0.064825,0.016696,0.004501,0.156114,0.076153,0.061265,-0.008025,-0.012228,0.125998,-0.196695,0.004436,-0.033276,-0.041954,0.018830,-0.027595,0.010033,-0.033582,0.052502,-0.008499,0.084528,-0.004574,-0.013919,0.054070,-0.041961,0.011548,-0.072782,0.018207,-0.222209,-0.010930,0.011617,0.144186,-0.005206,-0.049654,0.051193,0.125177,-0.005766,0.006249,-0.006768,-0.049529,-0.008826,-0.006537,-0.011134,0.048396,0.009487,0.027932,0.004542,-0.007261,0.034356,-0.028632,-0.037479,-0.048515,0.021136,-0.011011,-0.017261,-0.043149,-0.018747,-0.105813,0.088792,0.087424,-0.043452,-0.159516,-0.030851,0.052219,0.025276,0.005984,0.003568,-0.021498,-0.005047,0.025072,-0.013562,0.037629,0.007843,-0.008662,-0.011674,0.007197,0.001148,-0.032535,0.040069,0.165388,0.114107,0.006693,-0.017220,-0.127603,0.001204,0.012843,-0.094671,0.053825,-0.012582,-0.004883,-0.016110,-0.008213,0.039280,0.049730,-0.028044,-0.002162,0.003959,-0.042370,-0.042294,0.033114,-0.007222,0.047132,-0.102986,0.019308,0.131670,-0.014063,0.075353,0.005504,0.031697,0.030001
-0.027227,-0.001121,-0.022499,-0.006919,0.015504,-0.020360,0.003096,-0.090972,-0.078197,-0.004518,0.049609,-0.032762,0.002995,-0.003600,0.031935,0.002283,-0.023707,-0.004157,-0.025484,0.048139,-0.044413,0.004141,0.049674,-0.009194,-0.018172,-0.051230,-0.019704,-0.001390,-0.022833,0.049420,0.040162,-0.013710,0.096712,0.031997,0.049161,-0.011485,0.049345,0.076712,0.000715,-0.008790,-0.004819,-0.014085,0.022198,-0.022211,0.011554,0.006881,0.057029,0.020559,0.039883,0.004395,-0.017332,0.013077,0.040354,-0.015622,0.024814,-0.019530,-0.045690,-0.007653,0.032124,-0.010361,-0.002475,0.055491,-0.026034,0.017635,0.054725,-0.055975,-0.013140,0.018183,0.002814,0.014732,-0.025961,-0.001268,0.081630,0.014290,-0.002581,-0.028244,0.002016,0.006209,0.006572,-0.002818,-0.007869,-0.784496,-0.598851,0.025992,0.002722,-0.033587,-0.021259,-0.010687,-0.002392,0.001522,-0.019757,0.026306,-0.003059,0.012113,-0.022005,-0.039963,-0.008453,0.391983,0.024035,-0.006288,-0.020727,0.081709,0.091907,0.011255,-0.027140,-0.014175,0.003853,0.010559,-0.012231,0.023002,-0.000276,-0.001405,0.029252,-0.009131,-0.012791,-0.011774,0.032755,-0.011222,0.006415,-0.009366,0.023868,0.012585,0.064563,0.018435,-0.067643,0.049639,-0.030591,0.057091
-0.018284,0.018535,-0.018002,0.047943,0.005525,-0.004147,-0.086581,-0.128588,0.192320,-0.013829,-0.164238,-0.019424,0.017501,-0.049952,0.003216,0.035790,-0.046184,0.035541,0.006130,-0.016817,-0.061338,0.013672,-0.032349,0.000325,0.011249,0.225797,0.012262,-0.029080,-0.018846,0.013422,0.189990,-0.022107,0.257283,-0.014676,-0.078640,0.007983,-0.006884,-0.095745,0.008872,-0.012519,-0.002105,0.050053,0.004861,0.018403,0.004081,-0.022624,-0.116146,0.077682,0.042643,-0.022805,0.007388,0.017322,0.009461,0.000262,0.157697,-0.002756,-0.056953,-0.008995,-0.494757,0.006758,-0.040516,-0.107764,-0.047591,-0.037986,-0.088739,0.018263,-0.010845,-0.019685,0.033145,0.073152,0.011773,-0.037138,0.001217,-0.023849,0.010408,-0.008592,0.006850,-0.006575,-0.028244,-0.022807,-0.000573,-0.054040,-0.057580,-0.037994,0.507097,-0.051668,0.020089,0.013428,0.004158,0.014568,0.275733,0.077157,-0.014316,-0.021925,0.067690,-0.022789,-0.031356,0.016503,-0.014066,-0.035155,-0.010720,-0.054351,-0.117024,0.004726,-0.171239,0.011459,0.015493,-0.011113,-0.018738,0.042117,0.111423,-0.025872,0.056808,0.000519,0.009823,-0.022422,-0.014828,0.003212,-0.000924,0.001686,-0.002861,-0.033854,-0.126753,0.013085,-0.035906,0.004066,0.028220,-0.038644
-0.184809,-0.048229,0.000882,0.087359,-0.009380,0.018738,-0.055157,-0.040899,0.028085,0.122266,-0.033348,0.081844,-0.030884,-0.052275,0.004348,-0.001557,-0.001356,-0.024185,-0.000057,-0.089090,0.030317,0.211044,-0.046802,0.047369,-0.033533,-0.028972,-0.006402,-0.086267,0.010515,0.028398,0.035478,0.034159,-0.000265,-0.024970,0.029068,-0.062633,0.066886,0.009773,0.007402,-0.007609,0.025006,-0.047493,-0.019413,0.088884,0.043319,0.022313,-0.082150,0.104619,0.028934,-0.105611,0.007870,0.144732,-0.042654,-0.028089,-0.039819,0.077550,0.022474,-0.006449,0.014106,0.034153,0.005428,0.000667,-0.014006,0.010923,0.020395,-0.013596,-0.021925,-0.096942,0.026688,0.123461,0.077218,0.088174,0.065188,0.019328,-0.021630,0.018638,0.105068,-0.036127,0.015470,0.030486,-0.101847,0.033256,0.015795,0.035107,0.004374,-0.023025,0.037176,-0.045456,0.004823,0.059715,0.034123,-0.018721,-0.005119,-0.018804,0.006096,0.080833,-0.020633,0.119046,-0.005951,-0.099209,-0.044954,-0.029232,-0.029636,0.003326,0.013842,-0.002281,-0.095547,-0.023989,0.016909,-0.089700,-0.030421,-0.177140,0.012606,-0.007937,-0.137641,0.031053,-0.055535,0.011185,0.058660,0.040885,0.004261,0.008421,-0.006536,0.013926,-0.003644,0.097944,-0.078291,-0.015280
-0.084840,0.044324,-0.050673,-0.013977,-0.023585,-0.056491,-0.052263,-0.000712,0.004566,0.024162,-0.008063,-0.040059,0.067276,-0.043992,0.022966,-0.004441,-0.093236,0.020730,-0.073473,0.052718,0.005371,-0.075583,-0.048966,0.223485,-0.009872,0.011466,0.083052,-0.027025,0.068340,0.047268,-0.039538,0.039523,-0.011656,-0.023881,0.030481,0.024089,0.030665,0.031282,0.011574,-0.017281,0.011675,0.005230,0.008390,0.081057,0.036782,0.033394,0.011095,-0.013182,0.016751,-0.041289,0.005961,-0.021714,-0.038968,0.040801,0.020059,0.000133,0.008317,0.001371,-0.015576,-0.064515,0.011850,0.007273,0.110993,-0.027503,0.024802,-0.000743,0.066834,-0.009526,0.024550,0.019964,0.154524,-0.026929,0.066694,-0.006057,0.010600,0.014834,0.112486,-0.040231,-0.019684,0.017174,-0.040704,-0.038339,0.026592,-0.024697,-0.003545,-0.028852,0.018211,0.059252,0.041932,0.013816,0.026584,-0.013609,-0.019468,-0.044282,0.013515,0.100201,-0.027733,-0.003085,0.045659,-0.003693,0.021896,0.018392,-0.014124,0.061189,0.021179,0.052166,0.147934,0.030570,0.109314,-0.080797,-0.004848,0.018668,0.008853,0.006486,0.108069,-0.028201,0.013838,0.047132,0.043593,0.011955,-0.035100,-0.003901,-0.072972,-0.044079,0.007235,0.016483,0.022958,-0.009005
0.053939,0.071019,0.054464,-0.046140,0.071580,0.005928,0.004197,0.030583,-0.015461,-0.043257,-0.048141,0.020326,0.008936,0.046068,0.092395,0.054056,-0.061893,0.026992,-0.109278,0.093973,0.009431,-0.094296,0.072931,0.178005,0.068836,-0.001481,0.027600,0.060830,0.016310,-0.085358,0.019116,0.076484,0.021457,0.061752,0.071445,0.024217,-0.080699,-0.021079,-0.009111,-0.063485,0.028665,0.020000,0.011748,0.141180,0.039831,0.053285,0.125696,0.054248,0.011602,0.079171,-0.026708,-0.067645,0.071302,-0.001908,-0.020509,-0.039188,0.008199,0.029447,-0.002627,0.039277,-0.013380,0.023746,-0.031075,0.012947,0.019924,0.004475,0.010647,0.048748,-0.036585,-0.043164,0.222245,0.022433,-0.036883,0.032850,-0.040956,-0.032715,-0.035129,0.094229,0.016995,0.045896,0.024361,0.034974,-0.038576,-0.009003,0.019767,-0.016274,0.021774,0.038895,-0.018091,-0.059209,-0.007590,0.000676,-0.010145,0.051275,0.009831,0.019347,-0.034919,-0.071812,0.038484,-0.009659,0.035274,0.038069,0.018510,0.069386,-0.023748,0.043771,-0.002753,0.043439,-0.001880,-0.017205,-0.014371,0.134330,-0.027038,-0.018368,-0.049047,-0.071602,0.013021,0.047262,0.002308,0.024075,-0.037531,0.016333,-0.013996,0.046409,-0.048177,0.042766,0.069934,-0.002463
-0.075251,-0.002205,0.054451,-0.042398,0.028900,-0.060163,-0.096478,0.012243,-0.015862,0.037918,0.002728,0.040103,0.013616,-0.008584,0.050263,0.014731,0.005683,0.016485,-0.047429,0.063890,-0.017618,-0.037798,-0.018141,0.026455,0.036647,-0.001051,0.013542,-0.040962,0.044728,-0.067527,0.005290,0.064958,-0.020580,0.125225,0.000956,0.034502,0.030220,0.040089,-0.037011,-0.048739,-0.023204,-0.001326,0.007280,0.057507,0.000882,0.042870,0.001410,0.054449,-0.017017,0.012304,-0.010305,0.021370,0.000187,0.056450,0.019529,0.039542,-0.008597,0.067313,0.005888,-0.004783,0.004283,0.028740,-0.002305,-0.009803,0.005084,0.005762,0.058266,-0.009727,-0.083441,-0.074643,0.005431,0.007322,-0.045850,0.004483,-0.020457,0.062309,0.066708,0.014132,0.016595,0.065843,-0.088165,0.018034,0.027973,0.009698,0.008334,0.009629,-0.040251,-0.115703,-0.009512,0.006427,-0.005005,-0.013962,-0.047272,-0.044009,-0.003507,-0.013443,0.035808,0.049282,0.027609,0.010671,-0.005390,-0.018982,-0.034634,-0.004199,0.007257,0.015694,0.099910,0.015922,0.008461,-0.038955,0.013727,-0.079959,0.018299,0.085709,0.113650,0.042011,-0.021823,0.031294,-0.001040,0.028507,0.035150,-0.027589,-0.071019,-0.052086,0.053317,0.004620,0.008988,0.012061
-0.103642,-0.037565,0.053823,-0.012597,-0.065633,0.151759,0.022673,-0.012946,-0.060600,0.304700,-0.077449,0.057874,-0.024451,0.119652,-0.075626,0.007755,0.014890,0.018392,0.335112,0.125766,-0.077919,-0.021242,0.030487,-0.037137,-0.009900,0.119927,0.013484,0.018168,0.058535,-0.008693,0.050318,-0.023624,0.015154,0.028148,0.058435,-0.044323,0.026236,-0.030731,0.072640,0.005420,-0.011095,0.019360,-0.022347,0.047219,-0.011402,0.134209,-0.003290,-0.063914,-0.011544,-0.012580,0.121760,-0.056876,-0.005436,-0.009588,-0.029950,0.042681,0.133468,0.014503,0.029119,0.100832,0.015168,0.060487,-0.087019,0.048477,-0.033236,-0.005529,0.104763,0.011084,0.205070,-0.040250,0.029654,0.201698,0.001967,-0.097166,-0.028367,0.038184,0.031650,0.017880,0.025592,0.056184,-0.088849,0.015942,0.036048,-0.016820,-0.077268,-0.002070,0.007539,0.004075,0.018512,0.016223,0.081677,0.038248,0.228228,0.001583,-0.034947,0.001007,0.257495,-0.017763,0.120361,0.011067,0.041439,-0.027577,0.089001,-0.049960,-0.002944,-0.017804,-0.043180,0.019675,-0.011958,0.037316,0.043294,-0.057944,-0.027746,-0.021749,0.006186,-0.024844,0.065462,-0.009248,-0.001975,0.123952,-0.010548,0.012695,0.007199,0.013949,-0.009573,-0.000955,0.018241,-0.039599
-0.043705,0.014040,-0.008836,-0.026401,-0.028822,-0.001866,-0.038101,-0.153396,0.060936,0.005646,-0.089518,-0.014777,-0.024618,0.017122,0.009691,0.004451,0.025151,0.100642,-0.013718,-0.027550,-0.058087,0.039605,-0.042111,0.020250,-0.014076,-0.004931,-0.038874,-0.011120,-0.025738,0.021021,0.175818,-0.021957,0.410143,-0.038059,0.018489,0.006976,0.012600,0.531367,-0.023974,-0.016131,0.006275,-0.097766,0.157896,0.021147,0.015047,0.000371,0.077848,0.049200,0.089860,-0.040163,-0.013156,0.024323,0.007742,-0.020952,-0.131525,0.001975,-0.197322,-0.043776,0.050256,-0.011550,-0.024012,-0.083769,-0.064901,-0.025735,-0.043165,0.150926,0.014311,-0.025626,0.000379,0.063306,0.003410,0.000701,0.023977,-0.146641,-0.119664,-0.051270,0.006582,-0.016671,-0.030279,0.011316,-0.031640,0.087917,0.082336,-0.005757,0.043415,0.063441,-0.001917,-0.011876,-0.018932,-0.039544,-0.101976,-0.010508,0.006961,-0.013991,0.131985,0.009455,0.038330,-0.060384,0.053989,-0.032666,-0.012865,-0.042240,0.321657,-0.091892,0.101366,-0.031197,0.016972,-0.036702,-0.004048,-0.023420,0.026452,0.002909,0.069624,-0.043313,-0.012045,-0.027525,0.003907,-0.040982,-0.026083,0.040269,-0.027633,-0.014252,0.038221,0.011598,-0.005120,0.070151,-0.004381,-0.052787
-0.013474,-0.001501,-0.041277,0.055182,-0.008137,0.000632,-0.034628,-0.108083,0.074364,0.000880,0.060080,0.031784,-0.024162,0.020018,-0.014487,0.027314,0.021284,-0.073404,-0.007371,-0.009289,0.043071,-0.027439,0.096988,-0.004307,0.015381,0.072453,0.009159,0.032563,-0.028739,0.034669,-0.017549,-0.029624,-0.193890,0.005869,0.043832,-0.013233,0.024010,-0.143714,0.038680,0.051454,0.049844,-0.060910,0.103620,0.004411,-0.009549,0.000943,0.115739,0.013689,-0.056134,0.030742,-0.084403,-0.017792,0.124877,-0.005052,0.207951,0.007621,0.013734,-0.048159,0.263324,-0.079636,0.367855,0.056845,0.045194,-0.163720,0.016158,0.040503,0.046033,-0.018348,0.004028,0.007084,0.009021,0.010772,-0.003743,-0.212766,-0.016975,-0.047175,-0.002377,0.074675,-0.042436,0.004349,-0.001756,-0.040122,-0.059615,-0.008535,0.242318,-0.009957,0.022332,0.009485,0.086944,0.007834,-0.045365,0.018902,-0.013263,0.065943,0.150096,0.006097,-0.000027,-0.052717,0.080460,0.000446,0.038028,-0.054725,0.169460,-0.551314,0.020948,0.008954,-0.029682,-0.000284,-0.027160,0.112283,-0.006819,0.030375,-0.008025,-0.031802,-0.039462,-0.020078,0.045945,0.003850,-0.005548,0.058283,-0.006827,-0.000716,-0.018821,0.040256,-0.054467,0.100612,0.086832,-0.063069
-0.013107,-0.007264,-0.131214,-0.043344,-0.028015,-0.023615,0.010210,0.011469,0.037493,-0.040846,0.161183,0.014577,-0.083250,0.011778,0.006896,-0.000789,-0.003597,-0.007763,0.125879,0.492656,-0.073599,0.051742,-0.016427,-0.022616,0.005728,-0.126309,-0.017343,0.025777,0.068517,-0.031544,0.029679,-0.052140,-0.082643,0.478639,-0.052303,0.031561,-0.008844,0.067747,0.238690,-0.027852,0.013407,-0.038123,-0.015940,0.110092,-0.023901,0.031595,-0.002769,-0.014813,-0.077294,-0.027594,0.051043,0.000317,-0.015221,0.071370,-0.078603,-0.020144,0.037403,-0.063930,-0.005215,0.056385,-0.044564,-0.106757,0.099896,0.071521,0.132487,-0.072012,0.016186,0.007216,0.311266,-0.043335,-0.007888,-0.017694,-0.022145,-0.022799,0.041309,-0.064228,0.128299,-0.035980,-0.050169,0.047478,-0.013587,-0.011666,0.021221,-0.055256,-0.022936,-0.047425,0.001896,0.005889,-0.030851,-0.010300,0.115037,-0.036992,-0.065154,-0.016164,-0.003068,0.010639,-0.098809,-0.025520,-0.100439,0.002312,-0.029526,-0.013585,0.065755,0.088401,0.082371,-0.001636,-0.004854,0.020718,-0.021032,-0.022948,0.077909,0.041730,0.005670,-0.054431,-0.067546,-0.013384,-0.045170,-0.038560,-0.037381,0.082995,0.011485,-0.002038,-0.056826,-0.020610,-0.422917,0.002672,-0.014451,0.009413
0.004341,0.004894,-0.019439,0.012252,0.004021,-0.021600,-0.025968,0.100949,-1.057944,-0.016739,0.013449,-0.025509,-0.007666,-0.017141,0.004492,0.000628,0.009619,0.014391,-0.017322,-0.008893,0.064624,0.012510,0.016912,-0.024499,0.003258,0.140112,-0.015135,0.000875,-0.014738,-0.005631,-0.019724,-0.007094,-0.078927,-0.021333,0.002344,-0.000247,-0.015550,0.189591,0.012381,0.039109,0.018723,-0.025648,-0.027779,-0.017806,0.008235,-0.006229,-0.018947,-0.019423,-0.028142,-0.015190,0.045741,0.028457,0.000006,-0.004084,0.016183,0.004669,0.068127,-0.026427,0.017513,0.042788,-0.072066,-0.068521,0.008576,-0.055004,-0.138726,0.010667,-0.008486,0.027557,-0.010441,-0.019893,-0.017833,-0.006412,0.009197,0.014575,-0.006094,-0.022602,0.008927,0.000127,-0.014683,-0.015709,0.015789,0.026074,0.020277,0.002588,0.288171,0.018774,0.017396,0.013462,0.001284,0.003193,0.129618,-0.050307,-0.020617,0.023352,0.065725,-0.012215,-0.049136,-0.029177,0.004713,-0.008842,0.004053,-0.027920,0.033470,-0.003293,-0.011769,0.006513,-0.005284,0.023780,-0.001317,-0.011427,0.038773,-0.028128,-0.065406,0.002465,-0.021836,0.007592,-0.015340,0.005869,0.006269,-0.003429,0.000753,-0.003504,-0.011902,0.007170,-0.021185,0.008554,-0.010641,-0.032491
0.053194,-0.069268,0.063517,0.040997,-0.161385,-0.017313,-0.150015,0.006102,-0.000410,-0.096004,-0.053980,0.105517,-0.023997,0.023795,-0.045414,0.015556,-0.031823,-0.011038,-0.045712,0.066388,0.012665,0.060256,-0.018439,-0.062350,0.014798,-0.013970,-0.020851,0.021256,-0.050466,0.028272,0.014483,0.058843,-0.001261,0.009663,0.004999,0.048376,-0.017486,0.007769,0.045815,-0.066881,-0.009214,-0.004395,0.006470,-0.006405,-0.019732,0.053229,-0.005490,0.022306,0.010847,0.052282,0.028903,-0.031030,-0.099987,0.073632,0.007729,0.025929,-0.005984,0.007191,0.007005,0.071472,-0.009570,0.002742,0.016686,-0.014237,0.001768,0.008203,-0.017285,-0.068068,-0.023995,0.040855,-0.170448,-0.052775,-0.053775,-0.029395,-0.051475,0.051657,-0.022542,0.054605,0.016798,0.098218,0.053088,-0.023581,-0.080059,0.004929,0.009654,0.012933,0.063632,-0.052505,-0.077119,0.040410,-0.021380,0.017569,-0.019055,0.010343,-0.010618,0.121756,0.011525,-0.103427,0.031608,0.018745,0.034180,0.014036,-0.006050,-0.008668,0.004606,0.062735,-0.063298,-0.033301,0.087337,0.047927,0.004755,0.091885,0.020779,0.072221,0.038138,0.027438,-0.000215,0.030934,0.015748,-0.039153,0.048255,0.042411,-0.039349,0.062628,0.013347,-0.037053,0.025175,0.045841
0.007729,0.010774,0.000642,0.000577,-0.004977,-0.002689,0.000372,-0.000706,-0.001773,0.000375,-0.003088,0.006301,0.006721,-0.007289,-0.011129,-0.005063,0.001569,-0.000012,-0.008990,0.009454,-0.003137,-0.002087,-0.007746,-0.002898,-0.005175,-0.007274,0.004383,0.007439,0.007168,0.006045,-0.002045,0.006666,0.000456,-0.003036,0.003439,0.003816,-0.005420,-0.005735,-0.004460,0.015134,0.008089,0.004978,-0.005383,0.010148,-0.010167,0.002354,0.019221,-0.004388,0.003575,0.012522,0.002379,0.004641,0.010160,-0.002365,-0.010851,-0.000865,-0.000285,0.005000,-0.003581,0.003845,-0.000411,-0.002484,0.000578,0.013620,0.017892,-0.000211,0.004972,-0.014387,-0.010672,-0.011880,-0.003801,-0.005232,-0.000885,0.001581,-0.001893,0.008902,0.003184,0.000223,0.001643,-0.004572,-0.006817,-0.008985,0.003303,-0.006907,0.012444,-0.003600,-0.007535,0.007455,-0.004871,0.007909,0.000698,0.001583,-0.007106,0.009916,-0.002526,-0.007222,0.012199,-0.007733,-0.000405,-0.008055,0.006587,-0.008596,0.011583,0.005322,0.000700,0.001644,-0.007402,-0.006717,0.008790,-0.000956,-0.003272,0.006862,-0.008857,0.003141,0.001294,0.009931,-0.000795,0.010221,-0.001969,0.000721,0.005171,0.016223,-0.003737,0.004533,0.009704,0.001317,0.012914,-0.010285
0.041587,0.140238,0.039586,-0.029639,0.116283,-0.025155,-0.085537,-0.002131,0.009898,0.020344,-0.002669,-0.196861,-0.014967,0.008419,0.064596,0.018513,-0.037301,0.019357,-0.020645,0.024239,-0.055284,0.043088,-0.101098,-0.165444,0.060894,0.034471,-0.021665,-0.031430,0.064794,0.009436,-0.041667,0.076485,0.013896,-0.003709,0.012429,0.049382,0.019551,-0.026255,-0.075716,0.029180,-0.048766,-0.009672,0.037781,-0.086234,0.016263,0.007989,0.043008,0.074941,0.081070,-0.072822,-0.015279,0.092072,0.012581,0.079754,-0.024652,-0.080742,0.032574,0.054438,-0.013648,0.047684,0.004948,0.012189,0.113848,0.022371,0.064257,-0.028928,-0.033579,-0.008772,0.025627,0.070800,-0.178874,-0.004141,0.040850,-0.036197,0.005636,0.009375,-0.031364,-0.013469,0.001704,0.114635,0.058571,-0.013144,0.030608,0.039176,0.018690,-0.019689,0.057307,-0.059130,0.017229,-0.006103,-0.027532,-0.032423,0.008187,-0.040293,-0.015129,-0.117317,0.061535,-0.049302,0.013980,0.041841,0.058238,-0.005882,0.026983,0.090021,0.016443,0.072619,0.303084,-0.009206,0.005248,-0.044266,0.033796,-0.086679,-0.000369,-0.001896,0.190694,0.042718,0.013171,0.013005,0.024141,-0.034581,0.043075,-0.005664,-0.020476,0.012865,0.094471,0.050785,-0.047512,-0.005646
-0.023682,-0.048167,-0.031062,0.079338,-0.064703,-0.044282,0.162321,0.015333,0.020362,-0.045231,-0.017627,0.020423,0.003913,0.118242,-0.178731,-0.027762,-0.290273,-0.031924,0.002988,0.024397,0.000243,-0.039202,0.032940,-0.033623,-0.033825,-0.023229,-0.015955,0.025279,0.020524,-0.009814,0.028566,-0.053307,-0.002624,0.002296,-0.049635,0.000173,0.030889,0.023976,0.038980,0.025824,-0.001397,0.002355,-0.014995,-0.036715,-0.355154,0.087903,0.071216,0.000204,0.029843,0.035400,0.023537,-0.006989,0.030056,-0.046512,-0.027409,-0.005350,-0.026239,0.061916,0.011371,0.046815,-0.025710,-0.032182,0.001815,-0.000025,0.019779,0.005547,-0.024895,-0.016077,-0.050414,0.017278,-0.005868,0.009114,0.029777,0.062312,0.045993,0.002119,-0.101412,-0.085974,-0.073561,0.104171,-0.015774,0.033230,-0.001775,0.016197,-0.006899,-0.007886,0.011063,0.021042,0.017955,0.000172,-0.009638,-0.005748,-0.010540,0.033664,0.068562,-0.016329,-0.067469,-0.050164,0.018632,0.053546,-0.052905,0.173797,-0.022558,-0.042662,0.036369,-0.022307,-0.007712,-0.009893,-0.008820,0.096095,0.016554,0.044397,0.007539,0.049703,0.075588,-0.009462,0.015858,-0.028901,0.064879,0.017389,-0.001552,0.010430,0.085316,0.065460,0.044313,-0.043432,0.033797,0.122315
0.028466,0.020774,0.004103,-0.062189,-0.001938,-0.045900,-0.033482,-0.003689,-0.065421,-0.050049,0.182006,-0.014726,0.017678,-0.091836,0.007095,-0.005199,-0.030315,0.127047,-0.052740,-0.015122,0.012637,-0.022450,0.004923,-0.025124,0.032730,-0.121051,0.005538,-0.048631,-0.015247,-0.026755,0.117860,-0.001108,0.256710,-0.030360,-0.020560,-0.000203,-0.032790,0.073297,-0.019671,-0.014849,0.002516,0.051442,-0.224997,-0.032199,0.005525,-0.064254,-0.068821,-0.031594,0.136135,-0.037995,0.001353,-0.009306,-0.028390,-0.016746,0.220055,-0.019681,0.163341,-0.014888,-0.090684,0.004625,-0.059870,0.421352,-0.067125,0.011996,0.183971,-0.157802,-0.031114,0.016520,-0.032628,-0.044805,-0.017247,-0.058030,-0.019878,-0.003716,0.066063,-0.019349,-0.004959,-0.000105,0.015051,-0.022747,0.038986,0.049091,0.042590,0.002777,-0.176462,-0.041413,0.003597,0.006411,0.035813,0.006715,-0.115600,0.112710,-0.044093,0.011473,0.172541,-0.016203,-0.059370,-0.005489,-0.008873,0.013471,0.001536,-0.075798,0.367408,-0.009531,0.300079,0.009349,0.003151,0.013458,-0.009664,0.003684,0.004916,-0.025566,0.227004,0.021085,-0.025718,-0.007144,-0.009104,0.011150,0.004925,-0.080154,0.017589,0.016463,-0.013839,0.002389,0.008465,-0.041367,-0.006707,-0.095040
-0.018181,-0.002870,-0.008563,-0.957805,-0.035668,-0.009991,-0.045155,-0.021943,0.098521,-0.006215,-0.036819,0.010116,-0.007282,-0.054610,0.024486,-0.029827,-0.046826,0.019174,-0.082638,-0.005366,0.040958,-0.029411,0.029441,0.028145,-0.082095,0.060111,-0.043825,-0.010509,0.008382,-0.028356,0.004329,-0.009450,0.018154,-0.003199,-0.031035,0.011771,-0.005279,-0.000453,-0.032632,0.186253,-0.030355,-0.015118,-0.020667,-0.016727,-0.026209,-0.009927,-0.022176,0.024400,0.015414,-0.045613,0.126456,0.006916,0.025602,-0.028056,0.017796,0.023056,-0.018046,-0.000880,0.047382,0.136986,-0.007277,-0.051509,0.045991,-0.018817,-0.024057,0.063912,0.026728,0.265184,-0.069266,0.023236,0.014961,0.014908,0.014848,-0.049255,0.035128,-0.002017,-0.027269,0.047779,0.014199,-0.016092,-0.039696,-0.024529,0.007610,0.001914,0.111781,-0.019435,0.006186,0.039746,-0.024783,-0.005611,0.025430,-0.017993,0.011888,0.020307,0.011132,0.030765,0.024286,-0.046546,-0.057154,-0.021592,0.008151,-0.112424,-0.057468,-0.093741,-0.033707,-0.023595,-0.030487,0.050401,0.055582,0.014717,0.036693,-0.033871,0.020019,0.006376,-0.074452,0.025802,0.013071,-0.016071,0.021084,-0.017671,0.037657,0.024850,-0.027685,-0.029856,-0.032032,-0.020839,0.025184,-0.097323
-0.033425,0.006318,-0.031954,-0.039728,0.001316,-0.009402,0.007507,0.047355,-0.078379,0.050564,-1.044556,-0.005871,0.006229,0.049070,0.036649,-0.011050,-0.010881,-0.073980,0.074778,0.021723,0.001978,0.025280,-0.031370,0.006092,-0.008547,-0.053184,-0.012049,0.007294,0.038060,-0.017685,-0.045585,-0.013212,-0.031258,0.016630,-0.028494,0.028558,-0.020493,-0.001404,0.027872,-0.042657,0.010422,0.028360,0.010210,0.027434,0.025961,0.055319,-0.003960,-0.028793,-0.004145,-0.010016,-0.002665,0.013868,0.011776,0.005348,0.089194,-0.009747,0.042118,0.017954,0.053732,0.001638,-0.068945,0.145777,0.021754,0.029616,0.155536,-0.065858,-0.039962,0.015762,0.065418,-0.043150,-0.001484,0.027822,0.032768,-0.075691,0.080703,-0.007975,0.015778,-0.026923,-0.000348,0.037064,-0.017242,-0.005052,-0.029993,0.017363,-0.141755,-0.026136,0.023758,-0.023055,0.030609,-0.013991,-0.032918,0.038939,-0.009368,0.009527,0.068131,-0.008226,0.093714,0.028016,0.014944,-0.000346,-0.047289,0.007089,0.035452,-0.053947,0.046912,0.006708,0.034971,0.019073,-0.012504,-0.005487,-0.087923,0.003973,0.049570,0.022981,0.023822,0.009273,-0.026621,-0.014084,0.006948,0.012248,0.006644,0.019376,0.109578,0.005653,0.017942,-0.042359,-0.033963,0.003284
-0.007673,-0.006330,-0.008263,0.043560,0.003427,0.054886,0.054898,0.028362,0.008625,0.000335,-0.032078,0.097999,0.010867,0.066187,0.026777,-0.030357,0.114870,-0.000443,0.049934,-0.074440,0.029859,0.010365,0.146444,-0.010799,-0.055646,0.027735,0.033256,0.065651,-0.012268,0.051901,0.012066,0.025531,0.019478,-0.063020,-0.088342,-0.032895,0.050116,0.078775,-0.005734,0.166682,0.015285,-0.014505,-0.013111,0.062889,0.125150,0.087982,-0.033963,-0.000221,0.059639,0.017885,-0.009969,-0.053416,-0.021262,0.057616,0.114125,-0.022358,-0.009769,-0.032314,0.058988,-0.024165,-0.024799,0.011834,-0.074568,0.003546,-0.027304,-0.031341,0.109561,0.002827,0.045674,0.011774,-0.019587,0.004462,-0.022038,0.017220,-0.035345,-0.036354,-0.018760,0.096911,0.045915,0.031186,-0.031125,0.002147,0.014330,-0.046662,0.002740,0.001405,-0.028912,-0.011452,0.106272,0.159061,-0.044090,0.015364,0.039369,-0.043934,0.005508,-0.011643,-0.084108,0.055961,-0.004887,-0.013074,-0.009063,-0.035008,-0.102803,0.064989,0.028824,0.060296,-0.049158,0.034773,-0.044223,-0.029437,-0.049284,0.057661,0.015943,-0.005240,-0.070612,0.040771,-0.028291,-0.011793,0.006695,0.103012,-0.042954,-0.009625,-0.236523,-0.073575,0.004145,0.039871,0.105295,0.027334
-0.003121,-0.017812,0.026085,0.012665,0.040807,0.011533,0.081630,0.006886,0.019523,0.068585,0.011157,-0.045572,-0.008400,0.021396,0.038773,-0.031168,-0.049232,0.002929,0.028005,-0.013786,-0.009215,0.063863,-0.037877,0.002305,0.015227,-0.007797,-0.033186,0.042113,-0.022048,0.017743,0.035382,0.022392,0.037334,-0.035047,-0.044616,-0.075642,-0.012380,0.044968,-0.035587,0.010306,-0.023905,-0.000528,-0.001574,0.029312,-0.018294,0.029093,0.047013,-0.240326,0.016174,0.055622,-0.014257,0.058979,0.059988,0.015019,0.007550,-0.039114,-0.021528,-0.015612,0.014749,-0.045096,-0.013823,-0.003136,-0.038442,-0.031700,0.037226,0.049748,-0.006269,0.254681,-0.006647,-0.225133,-0.004978,0.003134,0.035767,0.076282,-0.011835,-0.026953,-0.006142,0.044900,-0.020695,0.033505,0.026669,-0.005810,-0.008676,0.004046,0.031212,-0.008236,0.038784,-0.024736,0.035102,-0.009356,-0.003536,-0.020228,0.028791,-0.020335,0.004831,-0.071882,-0.035310,0.064492,0.022867,0.093636,-0.022508,-0.038151,-0.075359,0.008492,-0.002834,0.043930,-0.028962,0.104402,-0.020409,-0.078289,-0.016036,0.022379,-0.002438,0.015911,-0.017642,0.058389,-0.007504,0.019228,-0.012161,0.044839,-0.056052,0.002944,-0.000789,0.052977,-0.031921,0.028399,-0.068747,-0.091700
0.062813,0.104697,-0.021915,0.004679,-0.060237,-0.031139,0.025769,0.023509,-0.025863,-0.085941,0.013830,0.070338,0.053268,0.052452,0.010197,0.043742,0.010625,0.008282,-0.038168,0.032469,-0.009180,0.161907,-0.007428,0.170326,-0.026216,-0.039906,-0.015725,-0.084854,-0.000646,-0.011107,0.027110,-0.043967,0.004366,0.014121,-0.106933,0.057763,0.008674,0.041791,0.037672,0.040062,0.002568,-0.041714,-0.041963,0.112929,-0.018742,0.019988,0.066033,-0.059160,0.049464,-0.085743,-0.001228,0.139850,-0.149902,-0.131710,0.125644,-0.077000,0.010186,-0.013081,0.074117,0.014875,0.028679,-0.021984,0.194160,-0.065664,-0.054192,0.091037,-0.083718,0.009959,-0.003232,-0.028962,0.185394,-0.051236,-0.082660,0.068220,0.028978,0.001252,-0.108026,-0.041002,0.004675,0.084260,0.104367,0.024342,-0.015419,0.052008,-0.037225,-0.039123,0.015986,-0.112334,0.060214,0.035259,-0.036181,0.080657,-0.058225,0.003798,-0.009470,-0.024434,-0.000871,-0.004604,0.066597,0.033762,-0.023208,0.048836,-0.154758,0.051933,0.017524,0.017740,-0.003581,-0.047698,0.133096,-0.055650,0.003833,0.380310,0.043510,0.031753,0.009511,-0.089776,-0.020858,-0.057623,0.055655,0.010189,0.062832,-0.012014,-0.259908,0.060231,0.041908,0.008649,0.035260,0.082129
-0.000216,0.007808,0.018576,0.003616,-0.088914,-0.024956,-0.020089,0.005237,0.028529,0.027228,-0.044069,0.024058,-0.045146,-0.030870,0.016972,-0.018283,0.059404,0.045224,0.069211,0.002903,0.054801,-0.030910,-0.001507,0.134800,0.003971,-0.057619,0.003788,0.148816,-0.048783,0.071657,-0.024170,-0.003234,0.000470,0.027214,0.080458,0.010571,0.060619,0.008288,0.097715,-0.019011,0.009193,0.003118,-0.003972,0.051801,-0.032448,0.060740,0.166072,-0.029088,-0.004797,-0.008686,0.016662,-0.000856,-0.010995,-0.031139,-0.033488,0.172631,0.038225,-0.066862,-0.004908,0.008721,-0.012492,-0.072696,0.056165,0.001721,0.032046,0.017328,0.021108,-0.038215,-0.088779,0.008005,0.056351,-0.033110,-0.006849,0.067056,-0.004564,0.055387,-0.064002,0.033921,-0.055135,-0.038257,-0.060321,-0.053139,0.043457,-0.031803,0.003117,0.007031,-0.042144,0.057392,0.078427,-0.049974,0.018668,0.044068,-0.028783,0.005790,0.004461,0.084325,-0.100882,0.001059,0.035970,0.035022,-0.014426,0.086907,0.015264,0.041227,0.018903,-0.007565,0.015143,0.018189,0.048606,0.020435,-0.015432,0.011609,0.013535,-0.061311,0.057216,-0.018956,0.071275,0.021443,0.007706,-0.069140,-0.053469,-0.018866,-0.050451,0.029924,0.026671,-0.013622,0.025390,0.043583
0.043085,0.010685,-0.029233,0.122361,-0.007718,-0.009205,0.096097,-0.019932,0.030100,-0.044697,-0.046353,-0.039762,0.014109,-0.080920,-0.036535,0.005937,0.068718,0.006973,0.008185,0.030389,0.011698,0.009804,-0.005122,-0.024328,-0.042917,-0.033962,0.023986,-0.021125,-0.038670,0.018318,0.008401,0.009527,-0.007457,0.015211,0.001628,0.027371,0.018033,0.018793,-0.047817,0.008122,-0.033648,-0.011180,-0.009822,-0.010265,0.032580,0.009038,0.030332,0.076106,-0.012803,-0.083893,0.022191,0.060207,-0.032384,0.151582,-0.000383,0.011046,-0.018778,0.053617,-0.040759,0.026321,-0.013962,0.008500,-0.047302,0.024233,0.018194,0.052913,0.101933,-0.037970,-0.038897,0.100403,0.006909,-0.005702,0.013574,0.021347,-0.000817,0.031903,0.030632,0.018423,0.044828,-0.008344,-0.012540,0.043907,-0.040241,-0.067474,0.009500,-0.012443,0.056556,-0.009320,0.024160,-0.013897,0.012839,0.013519,-0.067083,0.012468,0.001494,-0.042584,-0.081204,-0.035713,0.010446,-0.069758,0.038377,-0.053646,-0.013108,-0.065752,0.006264,-0.015387,0.027574,-0.050446,0.050493,-0.045133,-0.028862,-0.016416,0.009371,-0.013014,0.037512,0.006257,-0.020477,-0.003358,-0.008796,0.077113,-0.051997,-0.006246,0.001388,-0.028047,-0.009174,-0.000229,0.012871,-0.087631
-0.027815,0.067899,0.062625,0.018359,-0.045814,0.076077,-0.040877,0.013941,0.020909,0.043371,0.028317,0.031440,0.029826,-0.052453,0.029437,-0.022928,-0.080501,0.003887,0.018631,0.011648,0.004100,0.122568,0.045941,-0.027712,0.102825,-0.087878,-0.004376,0.051160,0.046165,0.006657,0.022658,0.046077,-0.042459,-0.003786,-0.047894,-0.000100,-0.006075,0.093446,-0.101023,-0.023217,-0.018827,0.007866,-0.054784,0.056775,0.018377,0.010031,0.078260,-0.010501,0.010026,0.014980,0.007727,0.138982,-0.032581,0.008519,0.131277,0.090805,-0.014734,0.001668,0.002690,0.020129,0.019821,0.011715,0.038864,0.049379,0.027686,0.016623,0.001460,-0.033128,0.036695,0.022249,-0.016923,0.034665,0.036673,0.023360,0.071806,0.020236,0.029703,-0.006412,0.028155,-0.008831,0.000173,-0.019944,0.074681,-0.005030,0.032494,0.000679,0.074857,-0.052537,-0.022036,0.064400,0.000413,-0.008724,0.021431,-0.006968,0.043017,0.003123,0.020538,0.120125,0.004011,-0.028053,-0.027227,0.018795,-0.136103,-0.090118,-0.004176,0.117839,0.036173,-0.042722,-0.006402,-0.115768,0.067929,-0.130824,-0.004028,0.102359,0.038478,0.001447,-0.109187,0.019267,-0.017431,0.070698,-0.032918,0.002061,0.290586,0.015249,-0.035874,-0.043995,-0.012309,-0.030106
0.144462,0.050561,-0.048183,0.034831,-0.023210,-0.018067,-0.088721,0.007239,0.011363,-0.041446,0.052333,-0.016721,0.037970,0.020782,0.010621,0.011950,0.045778,-0.013994,0.032842,-0.078740,0.018750,-0.003602,0.038029,0.094043,0.107044,-0.023226,-0.005636,0.164246,0.019375,0.079376,0.027567,-0.039562,-0.005573,-0.041800,-0.004953,0.074119,0.060483,-0.008282,0.039367,0.045742,0.008934,0.004420,-0.012434,0.034376,-0.067484,0.036410,-0.135787,-0.043309,0.032156,0.042771,-0.025032,-0.013273,0.067777,-0.048408,0.008972,0.026441,-0.002743,0.037326,-0.007074,-0.011414,0.033651,0.000025,-0.001893,0.047349,0.018727,-0.041278,0.000839,0.028256,0.096543,0.027052,0.084490,-0.062319,0.018103,-0.101782,0.041123,0.012459,-0.057515,0.054063,-0.070444,0.004723,0.074320,0.008945,0.026021,-0.049393,0.037753,-0.014579,0.082311,0.079925,0.003209,0.070957,-0.014042,0.021483,0.045602,0.071765,-0.008784,-0.008452,-0.010838,0.045428,-0.026606,0.068117,0.000261,-0.097635,0.015280,-0.037342,-0.000078,0.121692,0.060302,0.018755,0.018165,0.128883,0.016759,0.110136,-0.006490,0.068850,0.087906,0.067977,0.044971,0.042259,0.057414,-0.018855,-0.083789,0.001604,0.109970,0.125973,0.038922,0.055524,0.001259,-0.123564
0.015867,0.019775,0.020290,0.051253,0.033696,0.041100,0.008371,-0.126114,0.081804,0.034219,0.041109,0.045681,0.028446,-0.020852,0.013665,-0.004335,0.003369,0.110369,-0.014266,0.040955,-0.007068,0.025148,0.020332,0.019446,0.032981,0.059675,0.027671,-0.012169,0.030344,0.016313,-0.166429,0.029438,0.058672,0.032028,-0.033867,0.013260,0.016207,0.210674,0.019352,-0.034587,0.010925,0.230763,0.034837,0.029155,0.006693,-0.008537,-0.032506,0.001912,0.113237,0.008721,0.000680,0.023079,0.003417,0.016266,-0.020491,0.011591,0.023057,0.020000,-0.037583,0.001095,-0.065194,0.148833,0.038458,0.038671,-0.198607,-0.142476,-0.007707,0.016029,0.022180,-0.010409,0.033731,0.029386,0.015337,0.226987,0.032695,0.046229,0.009773,0.006195,0.027756,0.001008,0.029686,0.054619,0.048082,0.055036,0.198690,0.095889,-0.002044,0.006372,0.103360,0.036070,-0.104390,0.097581,0.031485,0.044020,0.129963,0.046607,0.036685,0.016135,-0.106663,0.011237,0.012369,0.026419,0.233705,-0.003567,0.301072,0.042229,0.002831,0.043226,0.020334,-0.003931,0.067722,0.035085,-0.090893,0.023015,0.008201,0.019054,0.018523,0.030321,0.027506,-0.009546,0.031413,0.073641,0.095113,0.017269,0.016638,-0.028186,-0.013460,0.025352
0.004681,-0.055890,0.015409,-0.031381,-0.073525,0.079347,-0.037047,0.018352,-0.032342,0.065838,0.075802,-0.019382,-0.000747,-0.122430,0.039147,-0.008192,-0.095862,-0.047754,0.042724,0.027194,0.004416,0.042070,-0.017520,0.029865,0.002847,-0.016553,-0.022542,-0.102916,0.076765,0.139815,-0.010613,-0.009168,0.003529,-0.049393,0.003240,0.034795,0.115241,0.094654,-0.043074,-0.030859,0.032235,-0.004206,-0.025148,-0.054721,0.041883,-0.110764,0.109558,0.007178,0.026083,0.056343,0.000866,0.080559,0.065641,0.035835,0.060222,0.151006,0.001290,0.036417,0.034375,-0.005816,-0.001370,-0.008929,-0.044139,-0.043252,0.027662,0.068132,0.022085,0.040134,0.027407,0.015818,0.016295,-0.051109,0.078503,0.071314,-0.094951,0.131944,-0.036800,0.040712,-0.018255,-0.003538,-0.007045,0.019714,0.003597,-0.086658,-0.023492,-0.026159,-0.032137,-0.006221,-0.003632,0.102347,0.020951,-0.000144,-0.023418,0.003610,0.015289,0.058503,0.129962,-0.034753,0.045037,-0.034898,-0.055924,0.012789,-0.128663,-0.028451,0.005414,-0.039706,0.046232,-0.011683,0.035206,0.039554,-0.046000,-0.049609,0.024266,-0.015310,-0.009874,0.004641,0.027091,-0.009091,0.040990,-0.042203,-0.048566,0.014185,0.150409,0.036788,-0.093224,-0.028830,-0.010344,0.039269
-0.020158,-0.038538,-0.041736,-0.042422,-0.038629,-0.025287,-0.052143,0.046229,0.039183,0.020956,-0.035616,-0.064642,0.044717,-0.059138,-0.010448,-0.005208,-0.011251,-0.027727,-0.052505,-0.071481,0.034174,0.009894,0.017991,0.072324,-0.002539,-0.001936,0.007964,0.009426,-0.622570,0.017691,-0.052062,-0.012366,0.000709,-0.062816,0.023117,0.005226,0.022911,-0.015022,0.102289,0.009778,-0.028114,0.036727,-0.040403,0.040674,-0.123158,-0.017797,0.012391,-0.017357,0.018871,0.016152,-0.006607,0.022387,-0.013619,0.182011,-0.020677,0.003048,-0.019473,-0.070477,0.008579,0.010192,-0.031124,-0.006592,-0.007821,0.011289,0.040479,-0.031307,-0.007010,-0.012069,-0.004386,-0.043002,0.048312,-0.030152,0.015111,0.044148,-0.037002,-0.281699,0.041515,0.027932,-0.036165,-0.226848,-0.025675,0.034773,0.036403,-0.005750,-0.011232,-0.014962,0.040028,0.047150,0.030286,0.007562,0.028291,-0.029725,-0.039052,-0.017449,-0.026285,0.014284,0.068083,0.022954,0.138091,-0.021209,-0.013144,-0.009959,0.034634,0.051477,-0.059841,0.033398,0.087551,0.026511,-0.018586,-0.120254,0.010171,0.028658,-0.008201,-0.013380,0.083983,0.014784,-0.063850,0.011156,0.045471,-0.003793,-0.064667,-0.004760,0.009649,-0.005449,0.095386,0.005262,-0.010528,0.090435
-0.021689,0.014968,0.129264,-0.008259,-0.015264,-0.005449,0.025545,0.010671,-0.011818,0.002775,-0.025247,0.108642,-0.025994,-0.038664,0.044231,0.008710,-0.045080,0.037891,-0.046279,0.072018,-0.074720,0.019900,0.019772,-0.018021,0.099605,0.009865,-0.068758,-0.003315,0.034088,-0.048212,0.035482,0.131234,-0.007743,-0.095963,-0.033777,0.018446,0.010251,0.021244,0.001841,-0.011225,-0.025877,0.021609,-0.013557,0.057980,0.000067,-0.046721,-0.025694,-0.057488,-0.011945,-0.024280,0.007999,0.060974,-0.011491,-0.073135,0.032883,0.140441,0.022850,-0.058312,-0.005166,-0.003393,-0.004302,0.017344,0.056836,0.003929,-0.013146,0.007795,0.037645,-0.057970,-0.162185,-0.020641,-0.065124,-0.040052,-0.119882,-0.007293,0.030365,0.142887,0.060387,0.001985,0.006110,-0.043721,0.021959,0.036800,-0.039468,0.008498,-0.008436,0.021780,-0.024526,-0.021696,0.063039,0.058577,-0.002149,0.030593,0.031775,-0.082717,0.007020,0.017510,-0.035625,0.022176,-0.023876,-0.000496,0.005848,0.073082,-0.006264,-0.004712,-0.020852,0.103787,-0.032288,-0.005101,0.018171,0.000802,0.011124,-0.123852,0.010890,0.011413,-0.104057,0.037346,0.047785,0.058184,-0.034499,0.018902,0.110479,-0.061314,-0.037492,-0.050706,0.045456,0.002508,0.060355,0.082747
-0.002319,-0.041736,0.043888,0.026258,0.039748,0.127872,0.007640,-0.005734,-0.022038,0.029110,0.040638,0.102933,0.005392,-0.039112,-0.067058,0.066124,-0.069222,-0.013257,-0.032257,-0.049031,-0.013365,-0.065604,-0.017259,0.140393,-0.033313,-0.040849,-0.014229,-0.064136,0.027843,0.038696,-0.027841,0.031771,-0.047686,-0.027460,0.020727,0.057231,0.043284,0.107977,-0.038789,0.019277,-0.019369,-0.014795,-0.036308,0.074757,-0.096892,-0.101347,0.083472,0.015954,0.015437,-0.012829,-0.018871,-0.035233,0.091134,0.088782,0.066040,0.144287,0.026505,0.028006,-0.021303,-0.055805,-0.025159,-0.044535,-0.027295,-0.026853,0.016563,0.042548,-0.008815,-0.025216,0.096492,0.019054,0.161260,-0.041161,-0.032211,0.049475,0.016152,0.131231,0.032014,0.023950,-0.040062,-0.034024,-0.010582,-0.024597,-0.000649,0.008649,-0.021780,-0.031685,-0.015700,-0.011008,0.057534,0.015761,0.007549,0.018320,0.019709,0.013161,0.002129,0.095903,0.395762,0.017409,0.014026,0.003477,-0.001536,0.033002,-0.110459,-0.018535,0.030153,-0.022014,-0.066627,-0.013249,0.072426,0.088646,-0.023852,0.100017,0.074308,0.012225,0.020880,-0.003609,0.043661,0.008812,0.012747,-0.000606,0.010846,0.013154,0.114585,0.042663,0.020674,0.064820,0.022630,0.023264
0.015129,0.019526,-0.102164,-0.006217,0.041881,-0.024340,0.043648,-0.001292,0.013914,-0.008997,0.025808,-0.175683,-0.020043,0.081669,0.008320,-0.041306,0.016742,-0.016488,0.082808,-0.039827,-0.002175,0.038262,-0.025339,0.043773,-0.002655,0.006019,-0.014417,0.006996,0.032110,-0.023868,-0.019757,-0.088865,-0.002217,-0.104457,-0.000546,0.022084,-0.037693,0.020851,0.073182,-0.024844,0.042428,-0.018851,0.001390,-0.045986,-0.094645,-0.018181,0.035365,0.011066,0.029502,0.046902,-0.017159,0.108934,0.067949,-0.139524,0.015394,0.002766,-0.004423,0.057925,0.017591,0.007988,0.003936,-0.022363,-0.004966,0.009092,0.036735,-0.060271,-0.008118,-0.042235,-0.013403,0.033020,0.038081,0.008051,0.019037,-0.020116,0.008994,0.023577,-0.137896,-0.018607,-0.077518,0.108685,0.035903,0.008137,0.000022,-0.071918,0.020926,-0.029523,0.013266,-0.017365,-0.017553,0.000083,0.005699,0.008944,-0.045077,0.046458,0.011464,-0.092463,0.032253,-0.020932,-0.056554,-0.015140,-0.046672,-0.045438,-0.000059,0.018826,0.026243,-0.029999,0.086403,-0.014330,-0.038848,0.017720,0.020694,0.112165,0.000978,0.003941,0.155836,-0.036899,-0.018036,-0.011101,0.065447,0.041997,-0.105614,-0.025909,-0.005676,0.112984,0.093418,-0.022985,0.016106,-0.043000
-0.007269,0.007726,-0.015797,-0.010714,0.006420,-0.016604,-0.003914,-0.036664,-0.079251,-0.036962,-0.008089,-0.015727,-0.003499,-0.029956,0.032421,-0.026307,0.015095,0.010648,-0.056855,0.005482,0.067243,0.006860,-0.032042,-0.004370,-0.006719,0.058171,-0.025650,-0.006543,-0.036041,0.017517,0.133142,-0.019523,-0.098830,-0.007496,-0.041690,0.006613,0.010975,-0.323742,-0.010356,-0.022391,0.001485,0.341177,0.231128,0.028254,0.027332,-0.026718,0.006538,0.032680,0.069428,-0.035143,-0.007992,0.000565,-0.002037,0.001230,-0.048747,0.000346,0.138541,-0.013836,0.096478,0.019287,0.060425,0.251319,0.086636,-0.202593,0.148739,0.235039,-0.016696,-0.012306,-0.003747,0.030249,-0.009935,-0.030915,0.023857,0.065416,0.032137,-0.051450,0.001294,-0.035479,-0.003457,0.008924,-0.008717,-0.046958,-0.008772,-0.005990,-0.038366,0.040869,0.008605,-0.009629,0.062835,0.000909,0.063845,0.103216,-0.023713,0.014975,-0.162732,-0.009577,-0.052911,-0.017296,-0.002413,-0.027820,-0.018548,-0.075362,-0.181049,-0.036837,0.348684,-0.019450,0.009203,-0.019500,-0.020985,0.015731,0.110931,-0.008107,-0.066450,-0.003951,-0.001042,-0.005836,0.005974,-0.018211,-0.021544,-0.016878,-0.004276,0.033715,0.009426,-0.004835,-0.010221,0.031249,-0.038816,-0.096994
0.062326,0.000339,0.025698,-0.075121,-0.041884,-0.040618,0.121461,-0.016189,-0.010131,-0.049130,-0.071183,0.037255,-0.010985,0.029985,-0.046730,0.004268,-0.007755,0.007406,0.061848,0.079779,0.014870,-0.026590,0.114034,-0.076952,0.028731,-0.044694,0.051512,0.015917,0.101196,-0.198171,-0.018164,-0.030842,0.007796,0.036990,-0.011872,-0.043241,-0.158704,0.052988,-0.015295,-0.047463,0.075065,0.025536,-0.018572,-0.019290,0.016441,0.011123,-0.009398,-0.012033,-0.000414,-0.013362,0.004734,-0.016597,-0.023383,-0.039047,0.022327,-0.013132,-0.010884,0.101552,-0.008787,0.038663,0.036237,-0.030466,-0.082529,-0.011396,0.052755,0.029232,0.003375,0.005987,0.014202,0.067108,-0.013247,-0.026168,-0.167301,0.120295,-0.074445,0.089315,-0.084285,0.013617,0.042446,0.047800,0.048057,-0.027628,-0.126724,-0.006470,-0.004819,0.039521,0.010209,-0.034728,-0.066051,0.070698,-0.001057,-0.007660,0.031121,-0.023874,0.013436,0.038354,-0.136731,0.116083,0.093281,0.039305,0.000451,0.009471,-0.048926,0.020389,0.030948,-0.004495,-0.101533,-0.007295,0.007483,-0.055405,-0.030407,0.198949,0.024204,0.095654,-0.015776,-0.006368,-0.050865,-0.015878,-0.030072,-0.028379,-0.025254,-0.015573,0.089093,-0.016325,0.087780,0.097722,-0.032030,0.005228
-0.016369,-0.023091,0.020459,-0.001274,-0.046346,-0.002742,0.004899,0.022041,-0.000899,-0.039499,0.016512,0.031561,-0.002646,-0.032734,-0.020826,0.017461,0.014832,0.102493,-0.052565,-0.005603,-0.093336,0.002933,0.003735,0.027475,-0.022622,0.102655,-0.010489,-0.021002,0.017937,-0.006336,0.034386,-0.002211,-0.102212,-0.021164,0.054791,-0.005826,-0.003788,0.021248,-0.014794,-0.013708,0.011643,0.136807,0.281191,0.023273,0.008325,-0.032225,0.072897,-0.020567,-0.020189,-0.018635,-0.046762,0.004311,0.005245,0.006981,0.051204,0.005663,-0.154453,-0.021148,0.034706,-0.049135,-0.019205,-0.044568,-0.033070,0.005788,0.125612,-0.984240,0.012203,0.027541,-0.025181,0.023629,0.016317,-0.037032,-0.011216,-0.046908,-0.042804,-0.009778,0.014877,0.008245,0.000861,0.009879,-0.000066,0.029743,0.019489,0.007904,0.074918,0.015714,-0.014619,-0.013236,-0.002695,-0.007423,0.079861,0.069915,-0.004172,-0.005591,0.009450,0.012302,0.022795,-0.013189,-0.032904,0.027232,0.000310,-0.066756,-0.264447,-0.093324,0.015878,-0.024613,-0.034017,0.011556,0.016014,-0.005562,0.046298,0.009858,0.048810,-0.001254,-0.031165,0.011669,0.018858,-0.010011,0.035533,0.000352,0.029275,0.005763,0.039419,0.011684,-0.000426,-0.043904,0.007686,-0.015051
0.055372,0.065409,0.000593,-0.014675,-0.009235,-0.001326,0.031384,-0.021771,0.052305,0.032078,-0.042194,-0.103407,0.001867,0.037906,-0.049273,0.029168,-0.011449,0.011808,-0.016688,0.069440,0.000991,0.171861,-0.007160,0.036227,0.055026,-0.009971,0.004055,0.045633,0.003189,0.022711,-0.007539,0.002489,-0.068116,0.005306,0.013237,0.001550,-0.031127,0.015953,0.015007,0.088470,0.001063,-0.017313,-0.006096,0.065624,0.018396,0.035861,-0.101855,0.043363,0.050201,0.020606,-0.032494,0.193021,-0.082926,-0.025692,-0.060232,-0.114084,0.014660,0.090703,0.015692,-0.057070,0.022731,-0.043967,-0.023484,-0.007291,0.045898,-0.044153,0.006430,-0.016057,0.013405,0.124070,0.034605,0.029857,-0.019791,0.040490,-0.062255,-0.024159,0.002780,0.018551,-0.016996,0.033915,0.094521,0.017695,0.051977,-0.032316,0.003378,-0.025301,0.048243,-0.006240,0.043024,0.039335,0.009620,-0.041934,0.039984,-0.016607,-0.013274,0.043288,-0.071077,-0.039062,0.066221,0.022492,0.075643,0.043196,0.014410,0.018197,-0.019279,0.051647,0.025964,-0.087003,0.047236,-0.047101,-0.001985,-0.013875,-0.018508,0.007342,-0.010127,-0.041244,-0.034308,0.028956,0.042491,0.010977,0.030451,-0.025513,0.077659,0.038753,-0.019503,0.048158,-0.013761,0.023190
0.059305,-0.023658,0.073780,-0.028637,-0.117777,-0.030291,0.142613,-0.011560,0.022055,0.028005,-0.059351,-0.057132,-0.009558,-0.048890,0.067707,0.029659,0.141304,-0.008291,0.013080,0.050785,0.017671,-0.014831,0.153127,-0.081818,0.138200,-0.012113,-0.019383,-0.045009,0.029627,-0.006884,0.007875,0.031497,-0.020478,-0.027990,-0.025402,-0.016440,-0.010264,0.033206,0.008162,-0.060377,0.079287,-0.000378,-0.035541,-0.068719,0.084642,-0.043209,0.060219,-0.037955,0.019851,-0.008384,0.007416,-0.068694,0.026614,-0.037040,0.013541,-0.056416,0.009812,-0.066844,-0.013292,0.052622,-0.015519,0.005494,-0.060094,0.007290,-0.003308,0.035288,0.057622,-0.122719,0.001493,0.053315,-0.110744,0.013534,-0.074062,0.086962,-0.082827,-0.069378,0.025034,0.093149,0.020785,0.018211,0.011126,-0.012507,0.015470,-0.057762,-0.007690,0.022925,-0.012436,-0.008639,-0.066273,0.032642,-0.000848,0.036844,0.078644,0.041358,-0.014555,-0.022491,-0.096526,-0.004158,0.019946,0.046414,-0.047021,0.007197,-0.049696,-0.140480,0.005695,0.060659,-0.022376,-0.061019,-0.025702,0.060594,0.025516,0.086273,0.024871,-0.060951,-0.022387,0.048703,0.077263,-0.024908,-0.000066,-0.034838,-0.036221,0.058352,-0.014442,0.068990,-0.067124,-0.000622,-0.005034,0.028375
0.004848,-0.016566,-0.022987,0.103610,0.029788,-0.020250,0.022295,0.019707,0.051375,0.005907,0.041314,-0.014703,0.007909,-0.022832,0.010522,0.015686,0.046842,-0.033371,0.048991,-0.052564,0.032116,0.059337,0.017669,0.041931,0.017385,0.007917,-0.003959,0.030062,-0.005895,0.045221,-0.034160,-0.015520,-0.065699,-0.040730,0.011650,0.017087,0.023058,0.019075,-0.012300,0.006230,0.011849,-0.006166,0.039812,0.013891,0.047358,-0.014172,-0.052135,0.003004,0.011690,0.058645,0.749518,0.040088,0.016851,-0.012648,-0.014651,0.027542,0.043668,-0.004199,0.017869,0.754726,-0.009566,0.009345,-0.030297,-0.026125,-0.010829,-0.058617,-0.023146,0.015281,0.009267,-0.005814,0.011705,-0.037499,0.026353,-0.028959,0.070243,0.004219,-0.008569,0.024446,-0.002062,-0.017392,0.011248,-0.022165,-0.024279,0.022865,0.037293,-0.001832,0.009249,0.016882,0.000421,0.013020,-0.002741,-0.014911,-0.059848,0.005315,0.017015,0.007764,0.008396,0.019480,0.012699,0.002094,-0.021378,0.018308,0.012849,-0.062488,0.015922,0.029154,0.013896,-0.003840,-0.031104,0.009184,0.001163,-0.001781,0.037885,-0.026550,0.050920,-0.011303,-0.005344,0.015071,-0.017410,-0.035308,-0.023022,-0.000762,0.046288,0.017061,0.044656,0.056168,0.026764,0.001171
-0.046404,-0.046278,-0.048298,-0.019066,0.062759,-0.028615,0.047940,-0.045318,-0.011362,-0.034452,0.009973,0.008782,0.011657,-0.041886,-0.020015,-0.046323,0.088373,0.030547,-0.017427,-0.086403,0.021097,0.034602,0.027740,0.018123,-0.054265,-0.036156,0.021178,0.046979,-0.040764,-0.037444,0.007539,-0.012662,-0.045595,0.060522,0.007927,-0.031201,-0.036565,-0.004553,-0.035811,0.070621,-0.008930,0.010316,-0.022969,0.044734,-0.008088,-0.007553,0.000620,-0.030734,-0.010675,-0.015736,-0.009655,0.039630,0.053490,0.066508,-0.014226,-0.030029,-0.008573,0.016310,-0.036197,0.001031,0.039354,0.016289,-0.044575,0.036507,0.006914,0.019629,0.046483,0.053275,-0.005671,0.049068,-0.022322,-0.013515,0.054943,0.040393,-0.042026,-0.039304,-0.003271,0.046574,0.031478,-0.091285,-0.009481,-0.084928,-0.097796,0.058854,0.006365,-0.006507,0.018753,0.068265,0.034300,-0.098443,0.019569,-0.006031,0.004593,0.034418,-0.005482,-0.025172,0.024484,-0.245822,0.018629,-0.011550,0.055867,0.043377,0.014282,-0.080134,-0.012414,-0.067357,0.123389,-0.015091,-0.021870,0.094856,0.011187,-0.105976,0.034226,-0.030639,0.136069,0.000780,0.017587,-0.028061,0.005738,0.047467,0.070682,0.027200,-0.063122,-0.021785,0.002053,-0.024462,-0.032405,0.037821
-0.040285,-0.005064,-0.101653,-0.086377,-0.013549,-0.038539,0.006603,0.008667,-0.017849,0.234562,0.034785,0.022020,-0.014335,0.118301,0.020480,-0.075161,0.069677,-0.012424,0.159366,0.040772,0.024527,-0.054362,0.046000,0.023886,0.015376,-0.016360,-0.023111,0.123284,0.027228,-0.077139,-0.006875,-0.120696,0.002261,0.014142,0.003860,0.020577,0.001707,0.055375,0.127339,0.057295,0.022599,0.022831,-0.014308,0.009579,-0.079087,0.269793,0.108080,0.003506,0.020468,0.013737,-0.018373,-0.019554,-0.016022,-0.008539,-0.001857,0.043499,0.021862,-0.043357,-0.025964,-0.004651,-0.018176,-0.022591,-0.033775,0.033713,0.034418,-0.017910,0.030392,-0.029388,-0.190615,0.028418,-0.015798,0.189447,-0.000352,0.057109,-0.005429,0.026558,-0.015718,-0.015918,0.002977,0.030810,-0.027125,-0.027904,0.016117,0.008361,-0.002429,0.006984,0.017124,-0.043134,-0.002264,-0.046769,0.013630,0.038313,0.011210,0.031377,-0.003133,0.033746,-0.081206,0.057118,-0.005472,-0.018515,0.014445,-0.037277,-0.026524,-0.059243,0.020053,0.024971,0.038924,-0.064495,0.012487,0.024780,-0.034489,0.004175,-0.011118,-0.043160,0.051168,0.033034,0.015501,0.004863,0.059060,-0.006980,0.002307,0.049262,-0.034389,-0.011688,0.072865,0.021302,-0.028334,0.008866
0.040156,-0.019975,-0.012755,0.044154,-0.056579,0.040408,-0.069524,-0.003378,-0.013527,0.127818,0.075324,-0.047524,-0.008331,-0.009233,-0.003287,-0.023033,-0.008082,0.058616,0.097123,-0.005209,0.013459,-0.333636,0.009068,0.004793,-0.020750,-0.029529,-0.040521,-0.043630,0.011267,0.002856,0.012682,-0.020834,-0.019145,0.013886,-0.013755,0.040433,0.015722,0.032817,-0.105037,-0.037697,-0.059540,0.001615,-0.000883,-0.109752,0.009404,0.050299,-0.024249,-0.008580,0.018736,-0.064759,0.040222,-0.298147,-0.062937,-0.003415,-0.003201,0.004802,0.013452,0.003916,0.025688,0.014905,-0.014654,-0.012876,0.024869,0.007213,0.028844,-0.001106,0.007461,-0.041824,-0.035731,-0.007235,-0.019593,0.069817,-0.041476,-0.023407,0.090926,0.046323,-0.020659,-0.063587,-0.010693,-0.016758,-0.022763,-0.012929,-0.025636,0.026566,0.013237,-0.003581,-0.001938,-0.073601,-0.048755,-0.026935,-0.001042,-0.012889,0.011479,-0.038666,0.005001,0.062567,0.084141,0.025888,-0.006804,-0.045978,-0.043640,-0.049132,-0.009524,-0.050456,-0.012805,0.011579,0.031871,-0.009897,0.021763,-0.074464,-0.031166,-0.041196,-0.020041,-0.017372,0.103408,0.014537,-0.040974,-0.018500,-0.042627,0.007403,0.027626,-0.002319,-0.045823,-0.062967,0.063666,0.028051,-0.022065,0.005726
0.025479,0.048380,0.008398,0.057519,0.023338,0.003143,0.038941,0.187532,0.116521,-0.004739,-0.099634,0.024709,0.007815,0.009812,0.025192,-0.028255,0.047185,0.035271,0.007465,0.034519,0.048067,0.004637,0.002775,0.002327,0.020141,-0.041091,-0.009207,-0.034044,0.047926,0.004249,0.016744,0.017555,0.133384,0.034490,0.031448,0.022713,0.013118,0.055031,-0.006747,-0.012431,0.019114,-0.079279,-0.100661,-0.001752,0.045248,-0.030476,0.057822,0.029736,-0.069786,-0.070240,-0.066550,0.000993,-0.036487,0.021852,-0.046649,-0.000427,0.144195,0.038969,0.060747,-0.029009,0.012428,-0.068480,0.046000,-0.003327,-0.060402,-0.027399,0.002069,0.006903,0.012385,0.018964,-0.002411,0.009057,-0.012456,0.101961,-0.017621,0.031952,0.019407,0.019550,0.036694,0.049590,0.024026,-0.042324,0.002065,0.026877,0.257243,-0.033169,0.011459,-0.000191,-0.013936,0.001096,0.327996,-0.019132,0.001381,-0.006667,-0.032499,0.025046,0.014332,0.031526,0.050737,0.019990,0.039329,0.020658,0.080148,0.110531,-0.182403,0.021607,0.046175,0.001614,0.006646,-0.016840,0.143578,0.001189,-0.047647,0.012415,0.048530,0.017793,-0.011509,0.031936,-0.007728,-0.031187,0.023319,-0.001595,0.040319,-0.010549,0.032952,-0.062244,-0.014609,0.000379
0.015643,-0.047655,-0.012937,-0.051928,-0.002027,-0.001405,-0.039241,0.012433,-0.077971,0.025134,0.079648,-0.001056,0.006813,0.064448,-0.025559,-0.023909,0.037979,-0.034733,0.038306,0.015097,0.006646,-0.053774,-0.047493,-0.033101,-0.033790,-0.039788,-0.008604,0.077121,-0.001610,0.070703,0.076847,-0.016042,0.319548,0.007880,0.159347,-0.039154,0.047345,0.008087,0.011283,-0.002415,0.014760,0.111303,-0.030796,-0.054850,0.008571,0.047389,0.019579,-0.003742,0.093900,0.027502,0.002457,-0.049753,0.032606,-0.023091,-0.112493,0.020267,0.092992,0.005322,-0.076227,-0.007373,0.102084,0.038922,0.039358,-0.019430,0.278152,-0.059455,-0.021194,0.021103,0.019352,-0.024102,-0.030900,0.026912,0.055345,-0.026626,-0.068606,0.006308,-0.012254,0.005914,0.014252,-0.026179,-0.003804,0.094966,0.065455,0.038115,-0.142675,-0.182062,-0.025521,0.000495,0.006653,-0.014968,0.177792,0.042356,0.030467,0.017756,-0.144650,-0.028434,0.019192,-0.074658,-0.025054,-0.002162,-0.032661,0.084777,-0.122425,-0.013221,0.161355,-0.018275,-0.052258,0.015577,-0.008972,0.067295,0.231839,-0.000782,-0.000965,-0.015867,-0.018181,0.001519,0.014063,-0.020638,-0.004830,0.033241,0.005005,0.011282,0.061596,0.006870,0.003511,0.120005,-0.017165,0.088581
0.059571,0.028135,0.046892,-0.021718,0.009052,0.000053,-0.038578,0.150572,-0.064745,-0.008550,0.017171,-0.035690,0.033112,0.091154,-0.017426,0.011630,-0.016164,-0.004478,0.037836,-0.117080,-0.916695,0.044232,0.045830,0.042121,-0.042301,0.040237,0.066945,0.022737,-0.041423,-0.023674,0.033925,0.046277,0.060394,-0.034865,-0.014386,0.049062,-0.003459,-0.059065,-0.036886,0.030077,0.050037,-0.000344,-0.085214,-0.006347,0.001473,0.073272,0.072604,0.017730,0.031627,0.057074,0.016177,0.055758,0.019653,0.001318,-0.002736,-0.063329,0.074571,0.000640,0.051055,-0.001107,0.007374,-0.029494,0.142049,-0.153637,-0.174157,0.061484,0.019667,-0.016553,0.003184,0.022053,0.033211,0.067630,-0.013178,-0.026257,0.083601,-0.020537,-0.015490,0.003462,-0.010883,-0.056827,0.052273,-0.017613,-0.041165,-0.018656,-0.077200,0.010770,0.006575,0.059595,0.043793,0.000977,0.084801,0.035396,0.017583,0.011751,0.014776,0.007888,-0.067276,-0.007209,0.024515,-0.020687,0.013950,0.030934,-0.014552,-0.059039,0.107216,-0.005987,0.024850,-0.007391,0.049171,-0.034902,-0.009337,0.040391,0.053831,-0.010075,-0.050779,-0.007508,-0.024813,0.026855,0.059010,0.068332,-0.050352,0.010500,0.062766,0.015006,-0.017317,-0.099702,0.011146,0.058056
-0.007815,-0.009188,-0.035129,-0.026054,0.006675,-0.016329,0.011098,-0.017590,-0.014725,0.003922,0.002685,-0.013420,0.012139,-0.017129,-0.009397,-0.007120,0.004384,0.029136,-0.006024,0.006340,-0.016359,-0.008180,-0.015750,0.048118,-0.015414,-0.078341,-0.006825,-0.010830,-0.006525,0.024762,0.007944,-0.015403,0.024252,0.009003,0.041032,-0.012538,0.018713,-0.059279,0.005487,0.014471,-0.005095,-0.066760,-0.051276,0.074980,-0.000611,-0.013152,0.009683,0.023590,0.060002,0.020337,-0.013022,-0.007534,0.017144,-0.004485,-0.019683,0.001977,0.043422,0.005489,-0.078561,-0.008925,-0.025762,0.051247,-0.000129,0.082423,0.091782,-0.016984,-0.004565,0.001561,0.015959,0.025216,0.089274,-0.009756,0.016818,-0.077109,0.009599,-0.008888,-0.003604,0.010262,0.010389,-0.014393,0.000245,-0.018998,-0.002306,-0.006300,-0.039639,1.117496,-0.003699,-0.002218,-0.015319,-0.003768,0.025633,-0.125740,-0.009224,-0.002825,-0.016143,-0.015854,0.005527,0.003882,-0.038983,-0.017728,-0.016419,0.016897,-0.046474,-0.026679,-0.015764,0.006445,-0.021621,-0.002050,0.008516,0.017864,0.047451,0.044776,-0.028757,-0.010690,-0.003221,-0.008032,-0.003294,0.001701,-0.000920,-0.006364,-0.002802,-0.005845,-0.009196,-0.001059,-0.020692,0.043030,0.005588,0.012310
0.021407,0.129405,-0.001626,0.022113,-0.024772,0.010404,0.005298,-0.009963,0.024389,0.006872,0.051625,-0.006312,-0.057424,0.073908,0.060054,0.019221,0.067253,0.023649,0.093403,0.031970,-0.006117,0.014546,0.005791,-0.041214,0.021834,-0.003813,-0.043446,-0.078411,-0.022625,-0.008165,-0.005009,-0.029721,-0.015635,-0.014608,0.000972,0.161288,0.008301,0.016535,0.074985,-0.026191,-0.007583,0.019504,0.001034,-0.051495,0.008675,0.047171,0.017760,-0.019206,-0.020676,-0.126383,-0.022637,0.097584,-0.077908,0.069224,0.020942,0.050001,0.004723,0.013462,-0.029040,-0.036556,-0.023455,-0.012931,0.026031,0.007837,0.032209,-0.006227,0.034334,0.030871,-0.019429,0.009592,-0.127003,0.047648,-0.050694,-0.022860,0.077422,0.077039,-0.003856,0.020655,0.044575,0.007295,0.018108,-0.016074,-0.010174,0.056348,-0.002962,0.038993,0.021980,0.019867,0.032055,0.048255,0.000476,-0.002462,-0.143642,0.013401,0.036475,0.053268,0.100962,-0.045208,0.002305,-0.001348,0.039956,-0.042524,-0.017196,-0.043969,0.022976,0.017121,0.133482,0.013078,0.040095,-0.095684,0.008452,-0.103542,0.002168,0.003482,0.076299,0.096430,0.006750,-0.046000,-0.005799,-0.019299,0.083076,-0.000598,-0.072283,0.027978,-0.015546,0.002617,0.039393,-0.024883
0.072362,-0.048648,0.063559,0.055614,0.048685,0.003614,-0.014363,0.023953,0.036911,-0.063448,-0.087573,0.021013,-0.031417,0.023699,0.051145,-0.025746,0.172197,0.015054,-0.051409,-0.022795,0.031971,-0.116459,0.015036,-0.072785,0.067782,0.006120,0.023233,0.065597,-0.059196,0.041222,0.029792,0.005909,0.026781,0.064555,0.073960,0.010376,-0.005544,-0.043314,0.024897,-0.011148,0.013824,-0.016319,0.018228,-0.091202,0.036693,-0.014874,0.138601,0.061385,0.038869,0.048555,0.038839,-0.111100,0.075582,-0.025227,-0.040844,-0.079504,0.022378,-0.131386,-0.001215,0.053634,-0.039796,-0.008178,-0.013159,-0.027369,-0.013556,-0.018422,-0.044670,-0.059099,0.029080,0.039354,-0.028683,-0.014547,-0.024896,0.016617,-0.028959,-0.057274,-0.027079,-0.005914,-0.114967,0.005264,0.041488,0.040251,-0.031577,0.017575,-0.014895,-0.001057,-0.048378,0.013862,0.039242,-0.064697,-0.036269,0.022558,-0.016460,-0.024677,0.008972,-0.019437,-0.008514,0.012065,0.012694,0.038057,0.057992,0.110646,0.042991,0.025732,-0.007127,0.016122,-0.073002,-0.020414,-0.067271,-0.011047,0.057862,0.076438,-0.005150,0.014601,-0.070771,-0.000494,0.021754,0.063258,-0.002655,-0.058807,-0.002941,-0.034367,0.038900,0.004992,-0.036451,0.030223,0.007309,0.173029
0.000323,0.028210,0.011435,-0.013625,-0.008718,-0.007380,0.003249,-0.161478,0.015236,-0.029379,0.044089,0.033107,-0.015271,-0.023408,-0.003448,0.005711,0.007464,-1.023338,0.006670,0.011700,-0.017940,-0.017011,0.020682,0.003627,0.018985,0.088702,-0.001542,0.009852,-0.030511,-0.043191,-0.064806,0.015756,0.121591,0.023073,0.022436,0.001162,-0.028343,0.104101,0.009784,0.007357,-0.004452,-0.129877,0.072873,0.043437,-0.002425,0.002427,-0.003434,-0.011805,0.173317,-0.026327,-0.039966,-0.020745,-0.034508,-0.008962,-0.050406,0.002659,0.310960,-0.016766,-0.058205,-0.045582,-0.047346,0.118895,-0.051235,0.004486,0.049454,-0.089767,0.012055,0.021416,-0.002915,-0.006228,0.006045,-0.008330,-0.052633,0.022610,0.035582,-0.009968,0.015945,-0.005277,-0.011877,-0.005163,0.016515,0.021974,0.018647,-0.002389,0.182280,0.012135,-0.009966,0.003725,-0.017849,-0.020186,-0.112488,-0.011744,-0.011692,-0.012425,0.025249,0.004320,-0.009253,-0.009656,-0.038893,0.022958,0.024819,0.006087,-0.088112,0.041746,0.058366,0.006908,0.015251,0.009715,-0.001531,-0.036632,-0.061197,-0.001432,-0.001276,-0.012879,0.026732,0.001447,0.002145,0.008110,-0.009547,-0.005446,-0.006840,-0.013715,-0.003265,0.002945,-0.008200,0.027501,-0.008708,-0.013341
0.020800,-0.007627,0.002459,0.038892,-0.020805,-0.007328,-0.007735,-0.134687,0.062631,-0.027126,-0.031014,-0.025833,0.001691,0.103817,-0.037070,0.008107,-0.013298,0.178914,0.013146,-0.022352,-0.091469,0.083751,0.041947,-0.036341,0.003455,-0.067205,0.034180,0.066484,-0.034732,-0.011041,-0.051431,0.000491,-0.078770,-0.000833,0.066816,-0.039463,-0.014297,0.069080,0.024345,-0.006976,0.009693,-0.124475,0.154906,-0.005688,-0.026833,0.072901,-0.153338,-0.027959,0.172050,0.045066,-0.036429,0.080178,0.005202,0.021887,-0.057620,-0.019339,0.121675,0.021657,0.078229,-0.045762,0.003674,-0.057392,-0.006869,-0.013310,0.137448,0.073712,-0.016809,0.003399,-0.047981,0.020044,-0.020486,0.033265,-0.003655,-0.064694,0.087029,-0.014938,-0.016540,0.021463,-0.008455,-0.052464,0.015202,0.036739,-0.012278,-0.010315,0.162671,-0.005798,0.018393,0.008625,-0.008753,0.036332,0.004744,0.004037,-0.007000,0.023164,0.023345,-0.023573,-0.011707,0.008988,-0.008067,0.033125,-0.024811,-0.016081,0.007499,0.144285,-0.035123,0.008002,-0.008033,0.020811,-0.037483,0.026869,-0.050022,0.037801,0.105876,0.004605,0.042878,-0.009962,0.006401,0.016070,-0.004889,0.010515,-0.024513,0.014541,-0.054222,0.010670,-0.011565,0.028809,-0.010842,0.041184
-0.149556,-0.012180,0.031844,0.090272,0.034932,-0.005867,-0.078836,-0.024920,-0.018812,-0.024765,-0.001577,0.114526,0.018555,0.042009,-0.001143,-0.015341,-0.108206,-0.017628,-0.008895,-0.044560,0.010242,0.019680,0.063812,0.007689,0.014758,-0.024033,-0.018206,-0.011082,-0.005640,-0.102165,0.025082,-0.000500,-0.001749,-0.035976,0.014689,-0.035862,-0.057150,0.008911,-0.038315,-0.006215,-0.036950,0.014853,-0.006838,0.102707,-0.078670,-0.019570,0.007631,0.002574,0.011837,-0.057272,0.027826,0.065969,-0.015665,0.065306,0.009463,0.036382,0.008761,0.055825,-0.030522,0.020976,0.018295,0.029568,0.042603,0.028611,0.016055,-0.002309,0.106928,-0.014582,0.068827,0.038879,0.088709,-0.016850,0.035880,-0.081025,-0.016310,-0.012763,0.106071,0.054276,0.036355,-0.019202,-0.184464,0.038703,-0.037768,0.013270,0.023065,-0.005362,0.019475,-0.048067,-0.102597,0.064316,-0.005573,0.034118,-0.037068,0.030612,-0.016002,0.007552,-0.025149,-0.020389,-0.050309,0.012046,-0.004252,-0.027453,0.010664,-0.053825,-0.009792,-0.041738,-0.005822,-0.049523,0.001279,0.038054,0.004863,-0.202352,0.014295,0.010191,-0.036593,0.073710,0.044302,-0.075275,0.016930,0.163216,0.045699,0.004110,-0.090546,0.021753,0.019895,0.036403,0.038235,-0.035252
-0.022832,-0.034087,0.009746,-0.047637,-0.024509,0.005410,-0.058755,0.106902,0.084255,0.048829,0.081737,-0.018480,-0.004982,0.074429,-0.018198,-0.009884,0.005584,-0.102474,0.033500,-0.009628,-0.081357,-0.015246,-0.058835,-0.040187,-0.037229,0.268081,0.019377,-0.020047,0.042311,0.033909,-0.121229,-0.010225,-0.331789,-0.040768,-0.008758,-0.030893,0.026472,-0.114251,-0.021364,-0.021147,0.007450,-0.075202,0.013162,-0.028983,0.032414,0.025036,0.000880,-0.012817,-0.099907,0.006464,0.028744,-0.030039,-0.043656,-0.012616,0.266901,0.007323,-0.188514,0.004835,-0.113020,0.025775,-0.137574,0.102482,0.030809,0.158746,0.150870,0.079380,-0.013914,-0.002245,0.032146,0.002262,-0.020517,0.048140,0.017504,0.259843,0.218481,0.012341,0.003821,-0.027337,0.005361,0.018126,0.000338,0.004461,0.015532,0.001356,0.169449,0.061495,-0.003172,-0.008705,-0.015567,-0.005505,-0.194514,0.016559,0.043317,-0.015802,0.053058,-0.003031,0.002509,-0.004046,-0.080755,-0.012040,-0.000189,0.053658,0.224785,0.157473,-0.085705,-0.028209,-0.030503,-0.010415,0.002330,-0.018793,-0.056138,0.000923,0.150308,-0.010008,-0.043362,-0.018251,-0.004578,-0.020819,0.019425,0.020524,0.000882,0.000423,0.040749,-0.023741,-0.028069,-0.101675,-0.057112,0.068353
0.017862,-0.021334,0.056494,0.118817,0.141170,-0.004247,0.280374,-0.024772,-0.024571,0.031456,-0.017407,-0.016988,0.065025,0.011062,0.065641,-0.006397,-0.093377,-0.051294,-0.006831,0.066399,-0.079819,-0.003065,-0.016230,0.025770,-0.102715,0.006975,-0.046954,-0.025584,-0.056199,0.050712,-0.000592,0.006986,-0.054419,0.078073,0.018460,-0.018384,0.059072,0.018542,-0.089666,0.073410,-0.038164,-0.001989,0.009754,-0.023231,0.017188,0.009925,-0.024212,-0.002979,0.012873,0.056054,0.055353,0.049970,0.044889,-0.090781,-0.058760,-0.018195,0.006801,0.032884,0.032656,0.005795,0.013221,-0.010552,0.026275,0.021067,0.053076,-0.098062,-0.046145,-0.053989,-0.115551,0.100862,0.029899,0.007331,0.042998,-0.045658,-0.019422,-0.027171,-0.069275,0.011253,0.071658,-0.010487,0.006124,0.065998,0.041288,0.020777,0.010057,-0.000883,0.014031,0.051353,-0.011488,-0.036156,0.040092,-0.012780,-0.011093,-0.001890,-0.010551,-0.029345,0.047215,0.035522,-0.012804,-0.005587,-0.051769,0.014536,0.031281,0.104035,0.009736,-0.076003,-0.040533,0.039675,-0.015540,-0.003633,0.031677,0.069148,0.012402,0.082684,-0.101687,-0.047632,-0.006428,-0.050855,-0.033435,-0.010762,0.075360,-0.020440,-0.056399,-0.007698,0.024227,0.035995,0.033439,-0.042463
0.015306,-0.008122,0.020668,0.025718,-0.004821,0.002941,0.020425,0.160945,0.054782,0.001306,-0.029855,-0.025193,0.040847,-0.023905,-0.009564,0.012274,-0.015145,-0.062191,-0.030458,-0.005810,0.020721,0.021939,0.050738,0.029757,0.011300,-0.010255,0.036014,-0.003461,-0.042188,-0.004900,-0.024084,0.022476,-0.003578,0.020796,-0.052950,-0.015921,0.005101,0.110152,0.056874,0.010151,0.004153,0.082260,0.022469,0.016245,-0.009197,-0.028756,-0.007663,-0.025988,0.009893,0.020672,0.008395,0.016948,0.010873,0.053227,-0.018978,0.003773,-0.038615,0.012735,0.172546,-0.002071,-0.051321,0.016125,-0.081690,-0.166588,-0.005556,0.072617,-0.001626,-0.023543,0.010250,-0.000315,0.025769,-0.015922,-0.029736,-0.073604,-0.004215,-0.028529,0.003545,0.053130,0.016276,-0.052884,0.029785,-0.024085,-0.027321,0.015304,-0.117873,-0.041288,0.004647,0.018092,-0.003265,0.031035,0.200492,0.016274,0.013978,-0.002564,0.066094,-0.025882,0.009564,-0.006113,-1.032805,-0.004965,0.023688,-0.022508,0.046862,-0.022387,-0.126974,0.015376,0.008764,-0.016772,0.008655,-0.021286,-0.030668,0.011019,0.034580,0.032588,0.064222,-0.027453,-0.018114,0.037439,0.036695,-0.009629,-0.014666,-0.009871,0.026959,-0.007474,0.057869,0.050949,0.009337,0.016769
-0.026236,0.030696,0.013128,-0.005850,0.166346,-0.004088,0.383661,-0.018427,-0.008512,-0.027025,-0.043187,-0.017415,0.046502,0.031830,0.054524,0.004332,-0.062808,0.008574,-0.114216,0.136585,-0.010403,-0.030003,0.034570,0.000761,0.012577,-0.035898,0.049261,-0.038301,-0.049441,0.022667,-0.017641,0.024048,-0.044618,0.108354,-0.013642,0.029123,-0.005570,0.034628,0.035075,0.065555,-0.016636,-0.009371,-0.018355,-0.001076,0.051188,0.005755,-0.027487,0.041457,-0.015091,0.025303,0.029714,0.003699,0.028058,0.085760,-0.025558,-0.027679,-0.024137,0.066189,0.015779,0.000600,0.016602,-0.011038,-0.004935,0.002401,0.041893,0.024169,0.006414,-0.030828,-0.038515,0.098671,-0.047114,0.009908,0.031817,0.038422,-0.019239,-0.028496,0.000786,-0.048589,0.135096,-0.116380,-0.023529,0.056801,0.012355,-0.001095,0.012747,-0.010834,0.001436,0.097080,0.067723,-0.019439,0.010329,0.005591,0.002100,-0.024092,0.018094,-0.041135,0.052073,-0.006662,0.028765,-0.041384,-0.009083,0.077040,-0.029373,-0.021258,-0.006914,-0.028268,0.061957,-0.041629,-0.013362,0.086517,-0.012805,-0.111402,0.031455,0.037171,0.004397,0.024828,-0.027629,-0.028178,-0.036582,0.003285,0.051507,-0.051633,-0.024160,-0.017938,0.045609,-0.020279,-0.005969,0.043732
0.029362,-0.003674,0.021033,-0.009805,0.012660,0.011905,-0.003907,-0.055740,-0.049107,0.009462,-0.079008,0.003000,0.008563,0.006369,-0.016823,0.010791,-0.043357,-0.005460,0.027690,0.012157,-0.029122,0.001631,-0.057310,-0.000581,-0.021298,0.082582,0.023189,-0.033567,-0.004368,0.000266,-0.019468,0.027604,0.043667,-0.017368,-0.065131,0.015342,0.012962,0.049551,-0.000501,-0.026158,-0.022628,0.032414,0.004557,-0.005075,-0.028584,-0.007117,-0.051921,0.001307,0.016131,0.009929,0.059203,0.003441,-0.059611,0.030165,-0.037190,0.007368,0.004192,0.012001,-0.018896,0.048468,1.050521,-0.018135,-0.090679,0.012338,-0.014082,-0.089926,-0.021763,0.004791,0.016979,-0.022412,-0.008487,0.005126,-0.007317,0.223247,0.083613,0.016241,0.019803,-0.044972,-0.002178,0.010444,0.002841,0.011911,0.005705,-0.006365,-0.030376,0.066637,-0.016538,-0.004442,0.046899,0.004007,0.001631,-0.035373,0.004595,-0.024577,0.096754,0.000690,0.002437,0.037592,-0.076574,0.004765,-0.017260,-0.009420,0.118826,0.207268,-0.040475,-0.002493,0.013737,0.002054,0.010871,-0.018923,-0.028921,-0.021790,0.056815,0.010557,0.009755,0.014493,-0.027968,0.012729,0.006363,-0.010998,0.007375,0.004287,-0.116664,-0.017626,-0.009761,-0.028539,-0.034449,0.015374
-0.005350,0.013703,-0.005358,0.007298,0.012907,0.002972,-0.030595,0.251053,-0.038470,0.000016,-0.018016,-0.003085,0.012707,-0.010504,-0.008952,0.012156,-0.015643,-0.015122,0.003028,0.003347,0.011132,-0.003789,-0.005280,-0.009136,-0.005001,0.094768,0.001472,-0.023432,0.009492,0.012742,-0.027458,-0.010067,0.011555,0.001492,-0.070662,0.004930,-0.001849,-0.016757,0.003517,0.013249,0.006464,0.270446,0.524095,0.013120,-0.010265,-0.021751,0.029916,0.013334,-0.063559,-0.011099,0.017811,-0.003892,-0.006616,0.012125,-0.021920,0.001527,0.034441,0.006587,-0.233111,0.009137,0.059734,-0.089158,0.060592,0.141976,0.103904,0.259528,-0.009075,0.016841,0.009638,-0.019288,0.015187,-0.014037,0.018086,-0.052434,-0.025349,-0.010149,0.006909,0.007236,-0.000175,0.027545,0.001465,-0.028211,-0.006086,-0.015574,-0.003871,0.113366,0.013545,0.003381,0.066588,-0.020689,-0.037594,0.145740,0.011184,0.006807,-0.151344,-0.005410,0.031084,-0.008869,-0.039430,0.014089,-0.007366,0.020821,-0.020481,-0.027421,0.000912,-0.009120,0.014525,0.029599,0.002653,0.006087,0.081490,-0.010888,0.058397,-0.002630,-0.007377,0.000834,0.001829,0.003643,0.011293,-0.001688,-0.015759,0.002185,0.063280,0.008868,0.001887,-0.007232,0.008672,-0.010256
-0.026640,0.026823,-0.038021,0.049097,0.021696,-0.005499,-0.008812,0.036860,0.032394,0.008236,0.019221,0.003365,0.022867,0.059166,0.011746,-0.008575,-0.123952,-0.029621,0.072376,-0.002044,-0.077290,0.004154,-0.030924,0.031480,0.003220,0.130193,-0.005325,0.028169,0.027304,-0.059974,0.111880,0.004389,-0.146216,0.013514,0.021084,0.012781,-0.051505,-0.174371,-0.010295,-0.007594,-0.024195,-0.017973,-0.038848,0.008953,-0.084748,0.049861,-0.067006,-0.052153,-0.043372,-0.029254,0.058427,0.017664,0.002426,0.015582,0.056003,0.046513,0.020660,0.015411,0.023808,0.045367,-0.019806,0.016751,-0.088570,-0.060437,0.027502,0.032726,-0.000366,0.026958,-0.024388,-0.063276,-0.007539,0.044493,0.008369,0.045763,-0.974207,0.023567,0.009298,-0.018921,-0.009615,-0.005763,-0.012705,-0.013735,-0.027057,0.018970,0.058045,0.042859,0.010503,-0.014163,-0.029026,-0.044467,-0.084626,-0.020797,-0.013121,-0.021578,0.065543,0.029382,0.018323,0.003481,-0.038367,0.038480,-0.004260,-0.045821,0.103317,0.097658,0.063580,0.010321,0.066354,0.023759,0.014604,-0.035808,0.020658,-0.004224,0.232626,0.025459,0.073262,-0.000541,-0.046383,0.006717,-0.003008,0.039656,-0.004030,0.004071,-0.004145,-0.001393,0.034326,0.049783,-0.016508,0.001581
0.025592,0.032627,-0.002997,-0.075059,0.102792,-0.012268,0.040984,-0.004321,-0.016498,-0.000010,0.017294,0.049414,0.039361,0.013351,0.074583,0.018217,0.010207,0.005151,-0.048220,-0.028587,-0.001858,-0.027686,0.059001,-0.062620,0.026243,0.003476,0.050898,0.066405,0.049898,-0.153279,-0.000947,-0.009289,0.004753,0.006696,0.009980,0.040670,-0.052587,0.011751,-0.000851,0.005571,0.009312,0.017753,0.003853,0.017209,0.085131,0.065873,-0.081764,0.031419,-0.019853,0.049827,-0.040975,0.022984,0.016894,0.006202,0.005875,0.003631,-0.000473,0.061688,0.004496,-0.013847,0.016031,-0.029359,-0.051349,-0.001650,-0.000777,-0.001911,-0.085913,-0.024040,0.019913,-0.052648,-0.055402,-0.019757,-0.134511,0.018476,-0.018520,-0.005758,-0.046455,0.028243,0.075869,-0.047671,0.027169,0.003250,-0.025518,-0.004580,0.011642,0.009287,-0.096030,0.068886,-0.001261,-0.031803,-0.014090,-0.001989,0.104731,-0.094745,-0.006469,-0.086673,0.073475,0.005541,-0.009032,-0.009753,0.033881,0.016546,-0.003591,-0.044857,-0.006861,-0.025628,0.094387,-0.016005,0.058404,-0.007608,-0.007208,0.074859,-0.000437,0.018223,0.041086,-0.036215,0.024094,-0.007582,-0.032906,-0.034941,0.011424,-0.003123,0.131604,-0.074725,0.080623,0.014692,-0.143624,0.033294
0.007533,0.050492,0.070089,-0.042082,-0.002747,0.201500,0.096452,-0.010963,0.026549,0.043803,0.028610,-0.096853,-0.041765,-0.105008,0.009553,0.049761,-0.071720,-0.006750,0.089025,0.020752,0.010469,-0.026605,0.004813,0.073460,0.024919,0.007293,0.076941,-0.113350,0.037603,-0.007912,-0.043960,-0.006546,-0.009220,-0.035844,-0.027413,0.053344,0.060140,0.046019,0.009546,-0.031307,0.010646,0.009347,-0.003511,0.049556,-0.035104,-0.136713,-0.063157,-0.045355,-0.008320,-0.038202,-0.038569,-0.021485,-0.089414,0.007997,0.021601,-0.021662,0.030542,-0.054126,0.012867,-0.013511,0.012680,-0.020105,0.068118,-0.027840,0.010879,0.022155,-0.089455,0.014907,0.159729,-0.001684,0.092797,-0.072809,0.023029,-0.096661,0.005313,0.075250,-0.065704,-0.046067,0.031148,-0.014800,0.005535,-0.010431,-0.008435,0.005548,-0.029471,-0.028229,-0.008129,0.035893,-0.078695,0.066843,-0.000667,0.012560,0.122833,0.029472,0.005220,0.017289,0.377386,-0.025862,0.089918,0.026414,-0.068418,0.065622,-0.018629,0.004547,0.007849,-0.022490,0.017937,-0.001787,0.042107,0.011526,0.008977,0.155636,0.013414,-0.056961,0.039807,-0.046063,0.035368,0.009599,0.005378,-0.111681,-0.002479,0.036698,-0.068879,-0.007934,0.054840,0.068326,-0.059646,0.015723
0.036294,0.004277,0.008155,-0.012889,-0.003244,-0.009796,-0.020891,-0.173942,0.023750,0.010417,0.013590,-0.011335,0.011812,0.019213,0.004127,0.018628,0.005323,0.023225,0.003077,-0.043059,-0.039960,0.009032,-0.011049,0.025099,0.013903,0.022637,0.010335,0.021177,-0.018768,0.038177,-0.049012,0.016167,0.185790,-0.036506,-0.005844,0.008506,0.028837,0.110370,-0.000771,0.043528,-0.016750,-0.001470,-0.040276,0.006654,0.002618,0.028988,-0.020822,0.009381,-1.037954,0.054877,-0.000630,0.008192,-0.016276,-0.024159,-0.069299,-0.009676,0.213966,0.008812,-0.092035,0.004814,0.021104,0.192129,0.025482,-0.002209,0.088609,-0.013555,-0.010325,0.007231,-0.017456,0.015330,0.024973,0.011472,0.047897,-0.097038,-0.032723,-0.008029,-0.015672,0.003424,-0.008511,-0.013266,0.019714,0.008306,0.009886,-0.015466,0.107000,0.008778,0.038115,-0.011034,0.035877,0.037736,-0.117944,0.030725,-0.008388,-0.003555,-0.014389,0.003972,-0.026784,0.018423,-0.078979,0.003707,0.008488,0.110888,-0.093425,-0.001050,0.115578,0.014687,0.008987,-0.004843,0.010868,-0.044181,-0.043647,0.023620,-0.039736,0.002462,0.007774,0.005904,-0.015649,0.010980,0.000120,-0.002322,-0.018135,-0.005316,0.031337,0.018929,0.011220,-0.029373,0.015090,0.118193
0.038632,-0.066999,-0.017223,0.031358,-0.051341,0.016468,-0.072096,0.014375,0.005506,-0.054911,-0.006728,0.061153,-0.045083,0.004221,-0.026853,-0.070449,0.064604,0.003798,-0.055715,-0.114559,0.015470,0.117246,0.045650,0.045595,0.001168,-0.024580,-0.011920,0.057906,-0.018319,-0.027174,0.055873,-0.001187,-0.006923,0.048034,0.000005,-0.043760,-0.042116,-0.007427,0.155847,0.005017,0.001640,0.011907,0.009038,0.034460,-0.062192,0.046241,-0.036595,-0.000258,0.018644,-0.033588,0.027009,0.101434,0.009829,0.068781,-0.013815,-0.046272,-0.021268,0.048790,0.012573,0.027072,-0.009614,0.003810,0.018402,0.016701,0.038368,0.013353,-0.032686,0.018425,0.068109,0.006189,-0.016005,-0.061998,0.010400,-0.063792,-0.043533,0.007562,-0.083850,-0.018432,-0.034969,0.099569,0.006295,0.055995,0.003666,0.047145,0.040938,-0.008015,-0.011688,-0.130578,-0.082275,-0.027495,-0.011014,-0.013067,0.028489,0.076239,-0.013757,0.046607,0.025956,0.099186,0.023576,0.031244,0.033702,0.035280,0.028493,-0.025848,-0.000261,-0.010506,0.061209,-0.009157,-0.033005,0.062559,-0.034960,0.019716,-0.015199,0.003439,0.151745,0.038477,0.075945,-0.000185,0.060005,-0.002557,-0.003475,-0.011283,-0.031854,0.009640,0.053596,0.003785,-0.014429,0.034917
-0.004311,-0.001265,-0.014119,-0.003550,-0.005854,0.004363,-0.003220,-0.004468,0.001131,-0.007372,-0.001348,0.010208,-0.001385,0.012655,-0.004683,0.001768,-0.001337,-0.000389,0.007848,-0.004058,-0.001662,-0.012025,0.000865,0.004020,-0.001066,-0.004079,-0.006102,-0.014091,0.002927,-0.002664,-0.001968,-0.004977,-0.004403,-0.006732,-0.002129,-0.002284,0.005159,0.000570,-0.000889,0.008400,-0.003961,-0.008116,0.000598,-0.001543,-0.005297,-0.015058,-0.003962,0.001206,-0.003051,-0.003431,-0.000189,0.000986,0.013174,0.009398,0.006036,-0.002332,0.006955,0.006585,-0.002726,-0.001658,-0.001088,-0.020875,-0.004103,-0.000614,-0.000977,-0.000148,0.005157,-0.009807,0.006850,-0.007354,-0.012098,-0.012012,-0.007191,0.001808,0.003438,-0.000588,0.008061,-0.006848,-0.002029,-0.006106,-0.011446,0.004580,-0.004786,0.008046,-0.005128,0.000530,-0.008605,-0.012335,-0.004672,0.008191,0.008094,-0.004137,-0.003072,0.007168,0.001176,-0.003220,-0.009614,0.003423,-0.000335,-0.010458,-0.002032,0.003780,-0.001775,-0.002682,0.017406,0.008563,0.016683,0.000517,0.001522,0.007417,0.006359,0.000955,0.007871,-0.000895,0.004565,-0.013121,-0.006324,0.004167,-0.000593,0.004141,-0.005072,0.005596,-0.000493,-0.009830,0.005501,-0.002852,0.000262,0.006226
0.065960,-0.040385,-0.001780,-0.019117,0.042359,-0.127956,-0.046303,-0.003064,-0.007650,-0.037846,-0.037293,0.066576,0.059067,-0.008587,0.041679,0.042880,-0.003208,0.009917,-0.042662,-0.023876,-0.017269,0.145531,0.041348,-0.029128,-0.009270,-0.008953,0.075178,0.066929,-0.012117,-0.065279,0.020118,-0.019007,-0.012460,0.111543,0.011903,0.050786,-0.047871,0.042997,0.122772,-0.068830,-0.044856,0.019202,0.000423,0.117400,0.035172,0.061928,-0.035781,0.027584,-0.003359,0.046280,-0.006552,0.078909,-0.013597,-0.010501,0.016605,0.159297,0.007090,0.076109,-0.019236,-0.022832,0.003441,0.029979,-0.058369,0.034263,-0.007319,0.017708,-0.035635,0.006501,0.123305,-0.026884,-0.025163,-0.078433,-0.152885,-0.001658,-0.045639,0.078440,0.088464,0.047961,0.036409,0.061026,0.009489,0.038375,-0.024205,0.024901,0.014357,-0.004510,-0.005618,-0.026424,-0.012610,0.056227,0.002879,-0.000846,-0.016803,-0.048960,-0.038267,-0.046766,-0.052449,-0.001740,0.083892,0.063073,0.087440,-0.022931,-0.017537,-0.039483,-0.010725,0.025091,0.013566,0.050527,0.017511,0.000740,-0.016843,0.004772,0.006179,0.089398,0.002452,-0.004980,0.005059,0.001323,0.008155,-0.018423,0.063725,-0.029122,-0.003038,-0.053471,-0.006886,0.054048,0.022685,0.020034
0.081044,-0.179753,-0.015358,-0.047065,-0.069996,-0.072464,0.032787,0.065580,0.014397,0.145622,0.050699,-0.037361,0.045734,0.011866,-0.084548,0.006376,-0.111978,0.033197,0.151377,0.032971,0.053137,0.032992,0.029201,-0.024533,-0.095447,0.034722,0.027468,0.051753,0.032005,-0.028713,-0.038331,0.008329,-0.005630,0.012255,-0.032760,0.056113,-0.011341,0.013550,-0.007287,0.053271,-0.049307,-0.006328,0.026204,-0.163326,-0.052570,0.147936,-0.094578,-0.018558,0.022543,0.017528,-0.189033,-0.016380,-0.060816,-0.016815,-0.004681,0.138057,0.019640,-0.036610,0.027948,-0.107821,0.020892,-0.018730,-0.086139,-0.026069,-0.014242,0.011068,-0.017716,0.033855,-0.018214,-0.047458,-0.170198,0.143897,-0.010715,-0.033176,0.038494,0.026029,0.027424,-0.002601,0.012448,-0.007583,0.027074,-0.011455,-0.011146,0.043717,0.027289,0.001285,0.040949,0.005058,-0.074743,-0.087982,-0.022840,-0.040697,-0.025592,0.063358,0.004645,0.042455,0.013109,-0.012197,0.000249,0.047003,-0.006615,0.011191,-0.030439,0.009400,-0.013433,0.081191,-0.088225,0.022931,0.072982,0.026057,-0.019519,-0.044937,-0.016115,-0.042108,-0.072926,0.209384,0.028328,0.004845,0.042791,-0.046586,0.000711,0.032678,0.048666,0.054268,0.040599,0.017660,0.007035,-0.051583
0.061106,-0.071070,0.261926,-0.078619,0.031056,0.151542,0.093208,0.003723,0.031163,-0.127431,0.072171,0.133857,0.039230,0.201782,-0.040952,0.092489,0.015963,0.003311,0.021113,0.013920,0.031327,0.020974,0.013195,-0.007095,-0.079035,0.012971,0.073834,-0.071605,-0.028038,0.036520,-0.026582,0.193189,-0.018820,-0.012586,-0.039463,0.003511,-0.005116,0.062132,-0.125354,0.097645,-0.045806,0.039399,-0.025139,0.008572,-0.015103,0.046773,0.033066,-0.008944,0.013903,0.076648,-0.021181,0.026174,-0.022476,0.022279,0.039434,-0.011449,0.018775,0.007832,0.024381,-0.008427,-0.046180,0.043648,-0.103540,-0.028277,0.014853,0.027604,0.061544,-0.007688,0.139501,-0.004044,0.023667,0.089195,0.021643,-0.064489,0.037608,-0.057363,-0.019115,-0.008312,-0.100825,-0.036610,0.036708,-0.036767,-0.048315,0.021019,-0.024763,0.030325,0.042132,0.077327,0.081719,0.156801,0.018347,0.069362,0.068540,0.082433,0.006192,0.025073,0.166404,-0.029287,0.037093,0.006846,0.041851,-0.003106,-0.038790,0.076756,0.021747,-0.021713,-0.019463,-0.009995,-0.023043,-0.041436,-0.044028,-0.058469,0.057359,0.032070,-0.034576,0.029802,-0.103620,0.028229,0.014284,0.239749,0.024964,0.027438,-0.151777,0.013603,-0.048964,0.007978,0.095561,0.078099
0.044374,0.051051,0.035635,-0.034441,0.029681,-0.006851,0.029460,0.064983,0.089168,0.001187,0.054912,-0.043553,-0.022005,0.010219,0.015224,0.003864,-0.056805,0.057418,-0.022256,0.022938,-0.082109,-0.009885,-0.008933,0.035511,0.014102,0.042407,-0.021824,-0.052237,0.035968,-0.000515,-0.045751,0.034079,-0.024473,-0.000993,-0.010276,0.089733,-0.014816,-0.053576,0.040891,-0.030628,-0.010122,-0.030560,0.021981,-0.100806,-0.025571,-0.010721,0.090817,-0.015984,0.037165,-0.048037,0.098006,0.021843,-0.001146,-0.031755,-0.085347,-0.024385,0.050003,-0.010749,0.053666,0.046940,-0.042780,0.054460,-0.691596,0.040885,-0.047344,-0.034645,-0.023887,-0.008824,0.012420,0.001564,0.031579,-0.004923,-0.011990,0.022438,0.047460,0.000771,0.005306,-0.021849,-0.033370,0.068271,0.051478,0.008477,0.002727,-0.011381,-0.010655,-0.010177,0.083249,-0.049401,-0.014127,-0.019058,0.008021,-0.059294,0.002744,0.025402,-0.002400,0.119635,-0.015324,0.012180,0.071542,-0.014278,-0.021012,0.133757,-0.065506,0.003240,-0.006575,0.035797,0.057520,0.013799,0.036019,0.054404,0.011148,-0.032983,-0.007074,-0.002199,-0.033034,0.053812,0.008227,-0.007136,0.021138,-0.049481,-0.003895,-0.003022,0.139253,0.021674,0.009839,-0.040383,-0.033956,0.064808
