-0.001550,0.002163,-0.000135,0.001807,-0.007973,-0.002449,0.003357,-0.000197,-0.000168,0.003921,0.001467,-0.000033,0.002008,0.001616,0.000333,0.001636,-0.001218,0.001670,-0.003596,-0.001529,-0.009970,0.001176,0.001089,-0.000677,0.000792,0.001176,0.000839,0.002265,0.000125,0.003273,-0.001568,-0.000802,-0.002252,0.000757,-0.001221,0.001876,-0.002202,0.002984,-0.001081,0.002292,0.001464,-0.002259,0.004432,0.002576,0.001027,0.001498,-0.001334,0.003340,0.000797,-0.001468,-0.000364,0.000344,-0.000171,-0.002916,-0.007860,0.002442,0.001115,0.004328,0.000637,-0.003256,0.000863,0.000130,-0.000080,0.001513,-0.000118,-0.000283,-0.001188,-0.000991,-0.000841,0.000565,0.002284,0.001617,-0.001647,0.001219,0.003748,-0.001035,-0.000805,0.000898,-0.002323,0.001586,0.001538,-0.001198,0.001616,-0.000327,0.000469,0.001338,-0.000250,-0.004360,0.000972,-0.000398,-0.000453,0.001754,-0.001413,0.000577,0.002625,-0.001128,-0.000566,-0.000971,-0.000381,0.001977,0.000559,-0.001009,0.001887,0.006554,-0.003485,0.001077,0.000521,0.000578,-0.000093,-0.000103,0.003346,-0.000232,-0.000195,0.000779,0.001701,-0.002145,0.000169,0.008484,0.000389,0.001158,-0.003020,-0.002205,-0.000876,0.000592,-0.000809,-0.000748,0.001843,-0.001586
0.003864,0.001119,0.001401,0.002113,0.006825,-0.002023,0.001431,-0.000866,0.000390,-0.003079,-0.004455,0.000525,-0.000162,-0.001910,0.000950,-0.001232,-0.000626,-0.000047,-0.002058,0.000487,-0.003120,0.002582,-0.001525,0.004270,-0.005618,0.001312,0.000737,-0.003307,0.000700,-0.003167,0.002873,-0.000398,0.000259,0.000097,0.004836,0.000604,0.001137,0.001370,-0.001078,0.005591,-0.002722,0.007300,-0.001677,0.005353,0.002842,-0.002088,-0.001219,-0.000671,0.000219,-0.000117,0.004384,-0.003048,-0.000205,-0.002587,-0.000138,0.001980,-0.002708,-0.000968,-0.000081,-0.001487,-0.001350,-0.002110,0.001923,0.001492,0.002464,-0.000458,0.007183,-0.002183,-0.001289,0.002062,-0.000498,-0.002858,0.002789,-0.000809,0.001983,0.003658,0.001577,-0.001560,0.003927,-0.000013,0.000736,-0.001251,-0.003100,-0.000577,0.000233,-0.002222,0.000022,0.004993,-0.001273,0.002527,0.000267,-0.003136,0.000846,0.000534,0.001882,0.002615,0.002668,-0.005980,-0.000433,0.001710,-0.001389,0.002740,-0.001458,-0.013450,-0.006532,-0.000566,0.004124,-0.000301,-0.002796,-0.000564,0.001320,0.001913,-0.000478,-0.001759,0.001310,-0.000094,0.001189,0.007871,0.001772,0.000279,-0.001314,-0.000677,0.002153,-0.000529,0.001104,-0.001589,0.000030,0.004165
-0.002860,-0.000695,0.001907,-0.001536,0.001028,0.000920,-0.002763,-0.000520,0.001091,0.003121,0.000037,-0.000833,0.001844,-0.002125,-0.000248,0.000087,0.000193,0.000955,0.001504,0.000934,0.003188,0.000747,0.000578,0.002000,0.003135,-0.000672,-0.000880,0.001866,0.000710,0.002035,-0.002795,0.002963,0.001204,0.000363,0.000167,0.002820,-0.000295,-0.002053,0.001917,-0.005078,-0.000201,-0.001154,0.000812,-0.002444,-0.000163,-0.000638,0.000113,-0.000950,-0.001481,0.000191,-0.000894,0.000013,-0.000011,0.000641,0.001765,-0.001558,-0.002741,-0.001688,-0.001465,0.000508,0.002759,0.000753,-0.001337,-0.002433,-0.000123,0.000500,0.000136,0.000858,0.000813,0.000841,-0.002209,-0.000438,-0.001187,0.000408,-0.002189,0.002071,0.001436,0.000123,-0.000638,0.001633,-0.000099,-0.000736,-0.000242,0.000639,0.000274,0.000059,-0.001419,0.002351,0.001130,-0.003044,-0.000560,0.001143,-0.001793,-0.003538,0.002323,-0.000265,0.001497,0.000137,-0.001851,-0.000628,0.001380,-0.000835,-0.001296,0.000072,0.004514,-0.001024,-0.001329,-0.000914,-0.000204,0.001373,-0.001001,-0.000451,0.002152,-0.000309,-0.001441,-0.000938,0.001205,-0.003540,0.001126,0.000768,0.003346,0.002291,-0.000730,0.001487,0.000061,-0.000023,-0.000145,0.002320
-0.000451,0.000258,0.002656,0.001172,-0.007193,0.002475,0.001342,0.001400,0.003244,0.001728,0.001926,0.000113,-0.004107,0.002319,-0.001148,0.001064,0.001782,-0.001498,0.001960,-0.000332,0.000736,-0.000622,-0.000082,-0.004112,0.003901,-0.002727,-0.001311,0.003182,-0.001183,0.003517,0.001372,0.000979,-0.002158,0.000305,-0.002644,0.000308,-0.001570,0.001987,-0.002054,-0.006321,0.001050,-0.004484,-0.000637,-0.002319,-0.002573,0.000552,0.003284,0.002836,0.002947,0.002096,0.000066,0.000157,0.000902,-0.000071,0.005031,0.000181,0.000810,-0.000955,0.001436,0.001639,0.000281,-0.000120,0.001073,0.001464,-0.003784,-0.000170,-0.007562,0.000270,-0.000289,-0.000925,0.000953,0.002761,-0.002009,0.000004,0.001454,0.001924,-0.004571,-0.000333,-0.002395,0.000128,-0.002847,0.002053,0.001917,0.001206,0.004247,0.002225,-0.004126,-0.004507,0.000827,-0.002322,-0.000559,-0.000879,-0.004985,0.002795,-0.001137,-0.003110,-0.001062,0.002791,0.001297,0.000840,-0.000999,-0.000377,-0.001331,0.012057,0.000750,-0.001227,-0.003018,0.001314,-0.003101,0.001124,0.000763,0.001061,0.002268,-0.000207,0.001297,-0.002930,0.000197,-0.002594,-0.002735,0.000781,0.003720,0.000987,-0.001699,0.001222,-0.003849,0.001185,-0.001270,-0.001106
0.001094,0.000753,-0.000349,0.000541,-0.005334,-0.003924,0.002284,-0.001770,-0.001291,-0.000483,0.001636,0.000043,-0.001362,0.000280,-0.001396,0.001356,0.000529,0.003403,0.001320,-0.002901,-0.002915,-0.003011,0.000015,-0.002297,-0.000765,-0.001099,-0.000474,0.000403,0.001224,0.000925,0.000199,-0.000383,0.000193,0.003986,-0.003111,0.002836,-0.000247,0.000492,-0.000102,0.001092,0.001634,-0.000398,0.000427,0.001583,0.000898,-0.002661,0.002779,-0.000112,-0.000095,0.001684,0.004189,-0.003527,-0.001278,-0.003602,-0.006305,0.000680,-0.002387,0.000133,0.000605,-0.003825,-0.001445,-0.001280,0.001135,-0.000143,0.001063,0.000192,-0.003261,0.000683,-0.001542,0.000912,0.005071,-0.000595,0.000976,-0.000610,-0.000107,0.001662,-0.000827,-0.001238,-0.001906,0.001736,0.001473,-0.000243,-0.001842,-0.000857,-0.000096,-0.001379,0.001390,-0.002447,0.002853,0.003988,-0.002402,-0.001768,0.000604,0.000236,-0.001486,-0.001908,-0.001157,0.001028,-0.001777,0.000768,-0.000383,0.001753,-0.002998,0.004736,-0.000171,0.000892,-0.002643,0.002990,0.000309,0.001295,0.001932,-0.001214,0.000373,0.000760,-0.001478,-0.001048,0.000939,0.004056,-0.002226,0.000523,0.000151,-0.002019,0.000381,-0.003143,0.000055,-0.000120,0.001216,0.000229
0.002443,-0.000189,0.000183,-0.002223,0.003720,0.006987,-0.001286,0.000079,-0.003222,-0.005421,-0.000153,-0.005088,0.000367,-0.004755,0.000327,0.001023,-0.000886,-0.001168,0.000890,-0.003422,0.005464,0.001737,-0.000262,0.004799,-0.003303,0.002388,0.000601,-0.002968,-0.003790,0.000875,0.001264,-0.000810,0.003749,-0.006133,0.000321,-0.000561,0.001264,-0.004091,0.001765,0.003938,-0.002768,0.003259,-0.004250,-0.001054,-0.000804,-0.000394,-0.000375,-0.002237,-0.001870,0.001386,-0.002117,0.002637,0.001839,-0.000393,0.002567,-0.001785,-0.003292,-0.000151,0.000818,0.002325,0.002692,0.000239,-0.003871,-0.000012,0.000934,0.001860,0.002198,0.000117,-0.000190,-0.002683,-0.004910,-0.003196,0.002296,-0.000084,-0.000821,0.002703,0.000943,-0.000434,-0.000126,-0.003189,-0.001669,-0.000117,-0.001328,-0.001689,-0.004460,-0.001184,0.000133,0.001792,-0.002607,-0.002305,0.000848,-0.001208,0.004250,-0.007965,0.001243,0.000759,0.000994,-0.001761,0.001516,-0.001177,-0.003600,-0.002233,0.002538,-0.008102,0.000378,0.000691,-0.001855,0.000947,0.001742,0.000175,0.000284,0.001683,0.000949,-0.000732,0.002072,0.002465,0.001669,-0.001276,0.001919,-0.000518,0.001000,0.001338,0.000838,0.000895,-0.000010,-0.001256,-0.001263,0.000174
-0.001455,0.002697,0.002390,-0.000813,-0.005116,0.001690,0.005646,-0.001115,0.007177,0.002634,-0.000111,0.000899,-0.002287,0.001401,0.001342,0.005620,0.001351,0.000379,-0.000336,-0.000371,-0.002927,-0.000909,-0.001852,-0.001579,0.005691,0.000321,-0.003417,0.001931,-0.000901,-0.000974,0.003821,0.000921,-0.003226,-0.000474,-0.003793,0.003775,-0.001101,-0.000207,-0.000528,-0.007933,0.000276,0.004027,-0.000628,-0.002582,-0.000887,0.001344,0.001201,0.000799,-0.001002,0.001798,0.000215,-0.000148,-0.003684,0.003551,0.002229,0.000630,0.002452,0.002071,0.001556,-0.002870,0.000955,0.001163,0.001581,-0.000329,0.001079,0.001582,-0.006038,-0.001832,-0.001258,-0.002756,0.005225,0.004300,-0.001473,-0.000549,0.001358,0.006746,-0.002334,-0.000100,-0.002255,0.000408,-0.002771,-0.000230,-0.001846,0.001406,-0.001777,0.000450,-0.005024,-0.003931,-0.000243,0.002841,-0.000496,0.001001,-0.002850,-0.006423,-0.000968,-0.000700,0.000448,0.004135,-0.001234,-0.002051,-0.001174,0.000862,-0.000365,0.008899,0.001134,-0.001620,0.001515,0.002195,0.002850,0.002821,0.000626,-0.000283,-0.000812,-0.000804,0.001760,-0.000724,-0.000824,-0.001621,-0.000780,-0.001379,0.001052,-0.001512,-0.001229,0.005348,0.000526,-0.002521,-0.005575,0.002148
-0.000412,0.001585,0.000198,-0.002362,0.009747,0.003404,0.000259,-0.000746,-0.003270,-0.000049,-0.000569,0.002223,-0.001497,0.000681,-0.000614,-0.001108,0.001207,0.000212,-0.000710,0.000371,0.003454,0.000524,0.001510,0.003785,0.000359,-0.000511,0.000253,0.000115,-0.001492,-0.002601,-0.001410,-0.000433,0.000708,0.002385,0.001435,-0.001548,0.001739,-0.002273,0.000078,0.000515,-0.000159,0.003068,0.000989,-0.001646,-0.001813,-0.000426,0.001233,-0.001459,-0.001939,-0.003127,0.002175,0.000493,-0.000773,0.001589,0.003905,-0.001541,0.001192,-0.000559,-0.003213,0.000863,-0.002457,0.001048,0.000466,-0.000024,0.001436,0.001537,0.003862,-0.001451,0.000524,-0.002509,-0.003064,-0.000104,-0.001236,0.001616,-0.000707,-0.000093,0.000546,-0.001091,0.003522,-0.001487,-0.002279,-0.002519,0.000659,0.002769,0.000512,-0.000117,-0.001549,0.003811,0.000540,-0.000946,0.000568,-0.000681,0.004868,0.001407,-0.000578,0.002534,0.000780,-0.001650,-0.000297,-0.000262,0.000015,-0.001916,0.002377,-0.009524,-0.004722,-0.000375,-0.001323,-0.001845,0.000180,-0.002515,0.000235,-0.003343,-0.001870,-0.001383,0.000170,0.002205,0.001539,-0.001040,0.002683,0.001592,-0.000412,-0.002516,0.000476,0.001774,0.000703,-0.002258,-0.003069,-0.000690
-0.002517,-0.001386,0.000541,0.001771,-0.005506,-0.000205,-0.000059,-0.001092,0.000995,0.003247,-0.001528,-0.001048,0.000320,0.001511,-0.000819,0.000821,0.001176,-0.000191,-0.002733,-0.000509,-0.003217,0.001620,0.000806,-0.001578,0.001570,-0.000076,0.001186,-0.000354,0.001631,0.001422,-0.000579,-0.000487,-0.001829,0.001179,-0.000955,0.001001,0.000494,0.001859,-0.000956,0.005076,-0.001347,-0.004278,0.000376,0.001679,0.002204,-0.000223,-0.000843,0.002732,-0.001390,0.000825,-0.000541,-0.001513,0.003095,-0.000663,-0.009306,-0.000831,-0.000158,0.001111,-0.001676,-0.002163,0.001119,0.001277,0.002553,0.000471,-0.001217,-0.000611,0.001980,-0.000155,-0.001856,0.000303,0.002094,0.000319,-0.000690,-0.001822,0.001121,-0.000519,-0.001561,0.001215,0.000845,0.001970,-0.001329,0.000212,0.001523,0.002143,-0.000543,0.002075,-0.000678,-0.002998,0.000125,-0.001189,0.001967,-0.001272,0.001935,-0.000024,0.000865,-0.001909,-0.000003,-0.002592,-0.001358,-0.001580,0.001560,0.000860,-0.000617,0.000154,-0.004814,-0.001697,0.000989,-0.000748,-0.002902,0.001180,-0.001083,-0.002909,-0.001420,0.001505,0.000335,-0.001650,0.000115,0.006097,-0.000691,0.000001,0.001547,-0.000739,0.001337,-0.001600,-0.002417,-0.000575,0.004101,0.001765
0.000815,0.000555,-0.000052,-0.001995,0.005494,0.001301,-0.002114,-0.000219,-0.000927,0.000056,0.001908,-0.000850,0.000088,-0.004079,0.001545,-0.000593,0.000121,-0.000630,0.002421,0.001845,0.003558,-0.000598,0.000993,0.002431,-0.000506,0.001705,0.000458,0.001408,-0.001780,-0.000995,0.000632,0.000200,0.001748,-0.000878,0.000503,-0.000386,0.003499,-0.001848,0.002575,-0.000390,-0.001974,0.007299,-0.002227,-0.000005,0.000060,-0.002123,0.002548,0.000145,-0.001219,-0.003121,0.001721,0.000017,0.000415,-0.000484,0.004329,0.000088,-0.000448,-0.002289,-0.000646,0.004380,-0.002254,0.002008,-0.002698,0.000626,0.001274,-0.000861,0.000870,-0.001350,-0.000856,0.001434,-0.001885,-0.002110,-0.000491,0.000918,0.000093,0.002602,0.002678,-0.000677,0.001083,-0.000995,-0.001348,-0.001309,0.001402,-0.000484,-0.000607,-0.000552,0.000725,0.003949,-0.000892,0.002028,0.000061,-0.001371,0.000057,-0.001455,-0.002423,0.002012,-0.000477,-0.001350,-0.001135,0.001659,-0.002509,-0.000751,0.002315,-0.008369,0.001595,0.001140,-0.001778,0.001504,-0.000886,-0.001740,0.001449,-0.000022,-0.001385,0.000620,-0.000559,0.004185,0.001489,0.001062,0.002952,0.002113,-0.000589,-0.000683,-0.001056,0.000528,0.000468,-0.000400,-0.001171,-0.001906
-0.000796,-0.000642,-0.000534,-0.000590,0.004960,0.000432,-0.000954,-0.000217,-0.000133,-0.000398,0.001663,0.000499,-0.000029,-0.001143,-0.001360,-0.002583,-0.000213,-0.002182,0.001584,-0.000579,0.008926,0.000778,0.001954,-0.000526,-0.000523,-0.001367,-0.002506,-0.002639,0.001745,0.001667,-0.004858,-0.000921,0.000284,0.001270,0.001711,-0.002421,0.000698,0.000431,0.001895,-0.006470,0.000761,-0.002701,0.000757,-0.002549,-0.001144,0.001432,0.001471,-0.001431,0.002110,-0.003754,-0.000496,-0.000112,0.001297,-0.000182,0.003277,-0.000171,0.003285,-0.000590,-0.001085,0.000057,0.003077,-0.002118,0.002992,0.000314,-0.001347,-0.001516,0.003477,0.001086,0.001601,0.000730,-0.000659,0.001816,-0.001975,0.000040,-0.005032,-0.001301,-0.001446,0.000816,-0.000091,-0.000766,-0.001270,0.001032,0.001941,0.002549,0.003979,-0.000090,0.003652,0.000692,0.001824,-0.001854,0.000987,0.001964,-0.001681,0.004346,0.001297,-0.000425,-0.000233,0.002880,0.000563,0.002405,-0.001299,-0.001342,-0.001678,0.003650,0.000254,-0.000217,-0.001815,-0.004226,-0.001471,-0.002019,0.001677,0.000833,0.001588,-0.002464,-0.002926,-0.000041,-0.002071,-0.008426,-0.000125,-0.003040,-0.000342,0.003774,-0.000315,0.001973,0.000296,0.000789,0.003293,-0.002230
-0.002354,-0.001087,0.001147,0.000939,-0.002532,-0.000789,0.002317,-0.000876,0.006743,0.003547,0.000036,0.002039,-0.001354,0.002495,-0.001753,0.002564,0.000931,0.000913,0.001855,0.001004,0.000375,-0.001287,-0.001824,-0.001871,0.007024,-0.001852,-0.002138,0.000755,0.004956,0.003159,-0.001300,0.000548,-0.001333,0.002384,-0.000970,0.001764,-0.001141,-0.000347,-0.001078,-0.011270,0.002247,-0.003924,-0.000620,-0.002200,-0.003497,0.001392,0.001906,0.000645,0.000605,0.000886,0.000293,-0.000135,0.000477,0.000179,0.004247,-0.002770,0.001458,-0.002227,0.001667,-0.001601,0.003430,-0.003412,0.003987,-0.001356,-0.000963,0.000836,-0.000665,-0.000583,0.001180,-0.002019,0.000827,0.004575,-0.002266,-0.001622,-0.002700,0.005349,-0.001717,-0.000329,-0.000686,0.000642,-0.001574,0.003797,-0.000160,0.004452,0.003128,0.002813,-0.002047,0.002276,0.001063,-0.002060,-0.000573,-0.000335,-0.003518,0.001482,-0.000453,-0.000840,0.002351,0.005408,0.000570,-0.001782,0.000228,-0.000648,-0.001048,0.006928,0.002048,-0.000530,-0.000293,-0.001267,-0.001306,0.001937,-0.000549,-0.000477,0.000671,-0.003816,-0.000722,-0.002155,-0.001020,-0.005131,-0.003608,-0.002189,0.001432,0.002562,-0.000269,0.001712,-0.002003,0.001807,0.002954,0.001150
-0.005954,0.000023,0.004242,-0.007016,-0.006644,0.017583,0.003305,0.008449,-0.004246,0.006727,0.000248,-0.022261,0.000229,0.004165,0.000334,0.000349,0.002113,-0.000257,0.012915,0.003236,0.007760,0.000634,0.002277,0.002180,0.006199,-0.005087,-0.004416,0.000052,-0.005527,0.007216,-0.002258,0.006305,0.005232,-0.002601,-0.002705,0.001065,0.010591,-0.002531,-0.002444,0.001421,-0.006572,-0.006734,0.001030,-0.007656,0.001573,0.009147,0.007353,-0.006055,-0.007610,0.006919,-0.007235,-0.000347,-0.003292,0.011101,-0.005193,-0.001662,-0.003708,0.000044,0.006381,0.011694,0.016453,0.006562,-0.000050,0.004563,0.002215,-0.002166,-0.024556,0.007479,-0.003441,-0.011060,-0.003480,0.008857,-0.009057,0.004041,-0.000233,0.011506,-0.001819,0.006124,0.005876,0.001559,-0.009705,0.012226,-0.002563,0.006417,-0.000967,-0.004796,-0.004946,-0.012134,0.003000,-0.007877,0.000123,-0.005821,0.002633,-0.008371,0.011052,-0.011900,0.012852,0.015096,-0.000002,0.007384,-0.001757,0.006195,0.004319,0.006712,0.007475,0.010014,-0.009854,-0.001160,-0.020037,-0.002948,-0.000580,0.005654,0.009744,-0.003824,-0.006314,-0.013443,-0.006259,-0.020524,-0.003207,-0.006597,0.005921,0.016006,0.000237,0.007524,-0.001138,-0.002932,-0.007340,0.000130
0.006325,-0.001344,0.026328,-0.028292,-0.000251,0.041404,0.007902,0.010101,-0.013858,0.039861,-0.001880,-0.038868,-0.001598,0.003574,0.017004,0.009276,-0.010217,0.006515,0.018897,-0.020687,0.011686,-0.002223,0.000600,0.030713,-0.009757,-0.000527,-0.004917,-0.003735,-0.020693,0.002184,-0.016912,0.001625,-0.008899,-0.018401,-0.002741,0.014595,0.021125,0.000466,0.000647,0.041332,-0.030071,-0.012130,0.006928,-0.019047,0.004215,0.009608,0.001772,-0.012165,-0.015566,0.005382,-0.025751,-0.009013,0.007805,0.012967,-0.053913,0.004070,-0.014822,-0.004505,-0.008258,0.006291,0.030561,-0.002482,0.004674,0.021598,-0.007353,0.005776,-0.033819,0.027131,-0.004089,-0.018169,0.007195,0.021489,-0.011268,-0.010848,-0.029078,-0.006323,-0.004690,0.030965,0.010841,-0.006258,-0.015991,0.031799,-0.017928,0.009902,-0.020954,-0.020072,-0.018713,-0.036646,0.002784,-0.021150,-0.002605,-0.006505,0.017876,0.013488,0.016702,-0.017884,0.027938,0.015094,-0.002366,0.002733,-0.001318,0.014929,0.006750,0.004720,-0.003208,-0.001522,-0.018420,-0.020412,-0.058283,-0.013831,0.012853,0.017140,0.014865,-0.003447,-0.002981,-0.027496,-0.006145,-0.012494,-0.005782,0.007192,0.009936,0.030387,-0.000142,0.007939,-0.011199,0.004474,-0.049730,-0.009281
0.013619,-0.008660,0.010504,-0.005672,-0.001807,-0.012574,-0.006249,-0.009650,-0.022695,0.019710,-0.001965,0.009095,-0.007662,0.001640,0.008117,0.004377,-0.018095,0.013494,-0.023571,-0.033147,-0.029541,-0.000470,-0.000512,0.006140,-0.022663,0.013366,0.017418,-0.007616,0.006111,-0.011384,-0.008234,-0.002337,-0.018168,0.005613,0.004844,0.009803,0.010206,0.013724,-0.000485,0.069076,-0.003272,-0.005158,0.002765,0.006103,0.011978,-0.007195,-0.013070,0.008075,-0.005381,-0.015184,-0.007030,-0.019702,0.011564,-0.016915,-0.067351,0.000713,0.009543,0.005532,-0.022890,-0.018134,-0.009691,-0.020687,0.002869,0.000970,-0.023764,0.001943,0.028382,0.017826,0.005389,0.021536,0.021243,0.001434,-0.002956,-0.022870,-0.026555,-0.045073,-0.001198,0.013422,0.001198,0.000637,0.016069,0.005608,-0.011400,-0.003644,-0.021672,-0.010528,0.007009,-0.016753,0.004829,0.000894,-0.006644,-0.001858,0.021747,0.053303,-0.015259,-0.001285,0.003040,-0.018143,-0.007780,0.001987,0.009465,0.010160,-0.010524,-0.013566,-0.018643,-0.015442,0.003334,-0.012740,-0.022245,-0.008826,0.018538,0.001108,-0.009070,0.009746,0.026636,-0.009851,0.008713,0.051559,-0.004685,0.018511,-0.010852,-0.011475,0.008822,-0.029413,-0.004303,0.016583,-0.004556,-0.004763
0.003130,-0.001629,0.000094,0.001668,-0.000994,-0.005628,-0.001994,-0.002387,-0.003470,0.002139,-0.000653,0.000467,0.002988,-0.001132,0.002592,-0.000459,-0.003287,-0.000608,-0.004638,-0.003793,-0.006321,0.001885,-0.000453,0.003492,-0.005802,0.001819,0.005679,-0.003107,0.002826,-0.003083,-0.000107,-0.001979,-0.003275,-0.001303,0.001583,0.001284,0.002706,0.002464,-0.001771,0.016387,-0.001799,0.000780,-0.001181,0.003411,0.001577,-0.003302,-0.002293,0.000580,-0.000422,-0.004007,0.000388,-0.004990,0.003551,-0.005141,-0.012888,0.000414,0.001166,0.000340,-0.005131,-0.002174,0.000121,-0.001813,-0.000907,-0.001561,-0.003431,-0.000830,0.010666,0.004866,0.001285,0.003423,0.003257,-0.001100,0.001949,-0.006405,-0.004212,-0.008840,0.001170,0.001809,-0.002312,-0.001378,0.004363,-0.000156,-0.000530,-0.002866,-0.007427,-0.000185,0.000804,0.001743,-0.000020,0.001012,-0.002379,0.000525,0.004655,0.006481,-0.000682,0.002623,0.001132,-0.004222,-0.001563,0.000823,0.003348,0.002007,-0.004211,-0.008041,-0.005202,-0.002167,0.001406,-0.002727,-0.002778,-0.001327,0.003108,0.001956,0.002559,0.001760,0.004731,-0.000302,0.001687,0.010664,0.000861,0.003226,-0.002177,-0.003303,0.002729,-0.008132,-0.000588,0.003884,0.003282,-0.002576
-0.003763,-0.001099,-0.002723,0.000963,0.001414,-0.001991,-0.000540,-0.000942,0.000498,0.000821,0.002331,-0.001634,0.001066,0.001783,-0.001076,-0.002381,0.002195,-0.001463,0.003361,0.000971,0.007675,-0.001304,-0.001809,0.000726,-0.000956,-0.001980,0.000131,0.001315,0.000946,0.000144,-0.001896,0.001199,0.000481,0.001962,-0.002211,-0.002363,0.000920,-0.002447,0.002104,-0.008396,-0.001813,-0.007015,-0.001901,-0.005187,-0.003456,-0.001890,0.002770,-0.004079,0.000558,-0.000318,-0.001614,0.001393,-0.001095,0.001449,0.008635,-0.003482,0.001979,0.001802,-0.001915,-0.000965,0.001278,-0.001335,-0.001203,-0.000108,0.000941,-0.001374,-0.001608,-0.000852,0.000766,-0.000794,-0.001663,0.002910,-0.000828,0.000359,-0.004866,-0.002921,0.000651,-0.000021,-0.002485,0.000650,0.001636,0.000351,0.003825,0.000899,0.005457,-0.000113,-0.002216,-0.001868,0.000154,-0.002624,-0.000317,0.003940,-0.002768,0.000060,0.000414,-0.000853,-0.003105,0.002125,-0.002526,0.002104,0.000479,0.000341,0.000193,0.005001,0.006151,-0.000245,-0.001180,-0.002318,-0.001355,-0.002867,-0.000999,0.000364,0.002037,-0.000845,-0.002788,0.001247,-0.001493,-0.009428,0.000257,0.000816,0.000154,-0.000506,-0.002396,0.000450,0.000457,-0.001242,-0.000211,0.000092
0.000259,-0.001047,0.000256,0.001037,0.007946,0.002694,-0.002253,-0.000281,0.002605,-0.002365,-0.000079,0.002829,-0.003219,-0.000548,0.002419,-0.001153,0.001526,-0.002573,0.000566,0.001779,0.011171,0.001678,-0.001481,0.000367,0.000411,-0.001305,0.000546,0.000604,-0.002550,-0.001277,-0.001821,0.000349,0.001492,-0.003429,-0.001538,-0.001191,-0.001457,-0.001967,-0.002648,-0.007536,-0.001156,-0.000540,-0.000051,-0.002667,-0.001804,-0.002402,0.002220,-0.004008,0.004055,-0.003785,0.000196,0.000844,0.001564,0.004018,0.009414,0.002463,0.000068,-0.002581,-0.001408,0.005096,0.000447,0.001432,-0.000029,-0.001766,-0.001614,0.001867,0.001795,-0.000299,0.001099,-0.001700,-0.000956,0.003566,0.002688,-0.002660,-0.001186,-0.001239,0.001310,0.000233,-0.001631,-0.001345,0.000422,0.001675,-0.000431,-0.002182,-0.001241,-0.001003,-0.001204,0.002599,-0.002021,-0.001604,0.000808,0.001445,-0.002794,0.004744,-0.000191,0.001776,-0.002366,0.003328,0.003479,-0.002941,-0.001979,0.000349,0.001623,0.002308,0.001703,0.001218,-0.001705,-0.002303,0.002513,0.001215,-0.001666,0.000044,0.002692,0.002274,-0.003788,0.003204,-0.000484,-0.014443,0.000396,0.000721,0.001272,0.000771,0.000499,0.002362,0.000541,0.001982,-0.009183,-0.001302
0.003492,0.001814,0.002375,-0.000122,0.008510,0.005237,-0.003891,0.000469,0.000113,-0.002008,-0.005221,-0.001861,-0.000186,-0.004239,0.002748,-0.001237,-0.000143,-0.003018,-0.001372,0.001643,0.004333,-0.000004,0.002439,0.007790,-0.003576,0.005539,0.003898,-0.001151,-0.002285,-0.005194,0.002892,-0.001600,0.003263,-0.002422,0.001695,-0.001176,0.003249,-0.003203,-0.000260,0.006935,-0.004304,0.006022,-0.003533,0.000636,0.002466,-0.000843,0.001136,-0.001110,-0.000400,-0.000936,-0.002071,-0.002085,-0.000136,0.003504,0.002760,-0.005290,-0.000761,-0.001505,-0.005135,0.008148,0.002296,0.002325,-0.003657,-0.002261,0.004685,-0.000028,0.005485,-0.001847,-0.001631,-0.001138,-0.002024,-0.004042,0.001741,-0.002232,0.001487,-0.003641,0.002139,0.002090,0.002871,-0.002198,0.001630,-0.000821,0.001312,-0.003121,-0.006290,0.000779,0.002610,0.007730,-0.004497,0.000464,0.000280,-0.001874,0.007651,-0.003286,-0.003369,0.004341,0.000387,-0.004448,0.000076,-0.001732,-0.000863,-0.001134,0.004808,-0.015797,-0.001906,0.001125,0.001344,0.001375,-0.000565,0.002728,-0.002002,-0.001051,-0.001177,0.003611,0.001267,0.006435,0.000393,0.000312,0.002252,0.001519,-0.000590,-0.003989,0.001402,-0.000557,0.001386,0.000755,-0.004365,-0.001501
0.000719,0.001910,-0.001919,0.000054,-0.002602,-0.003241,0.000359,0.000274,-0.001554,-0.000605,0.002002,-0.001775,0.004123,0.000420,0.000219,-0.001960,-0.000055,0.004087,-0.003501,0.000098,-0.009054,-0.001975,-0.001648,-0.002165,-0.000995,-0.000480,-0.001848,-0.000116,-0.000785,-0.001421,0.000849,0.001086,-0.000948,-0.000645,0.001579,-0.000005,0.000244,0.002226,0.002453,0.006631,0.002246,0.000240,-0.000553,0.002315,0.000448,0.000382,0.000082,0.004185,-0.001019,0.000241,-0.000955,0.001340,-0.002862,-0.002788,-0.007847,0.001912,0.003383,0.002989,0.001626,-0.000880,-0.002819,0.000581,-0.002364,-0.001396,-0.001403,-0.001998,0.000292,-0.000364,0.000581,-0.000491,0.002510,0.000494,0.000527,0.001434,0.002595,0.000390,0.001313,0.000675,-0.000478,-0.000064,-0.000139,-0.000992,0.000793,-0.002066,0.002032,-0.002667,0.001835,-0.002216,0.003778,0.002662,-0.002856,0.000682,-0.001300,0.001193,-0.002147,-0.001222,0.000790,-0.000390,-0.000632,0.002458,-0.000472,-0.001124,-0.001941,-0.001076,0.000685,0.002022,0.000768,0.001365,0.002167,-0.000263,0.004237,-0.000115,-0.003191,0.002091,-0.000772,0.000481,-0.000232,0.007614,0.001093,0.001112,-0.004813,-0.001559,-0.002544,-0.002141,0.001940,-0.000653,0.003171,0.001264
-0.000041,0.000918,0.003203,-0.000646,-0.004137,-0.000026,-0.001975,0.000295,0.003162,-0.000615,0.000729,-0.000551,0.002075,-0.001239,-0.001731,0.000346,-0.000730,0.000023,-0.001839,-0.000766,-0.001528,0.001402,-0.001157,-0.001542,0.001980,-0.000301,0.000704,-0.000190,0.002083,0.000118,0.000688,-0.000305,-0.001767,-0.000212,0.002324,0.001692,-0.001063,-0.000152,-0.002496,0.002416,-0.001004,-0.001195,-0.002781,-0.001545,0.001573,0.000593,0.000743,0.000979,0.000303,0.003577,-0.001600,-0.000392,0.001352,0.001316,-0.001344,-0.002178,-0.002509,0.001589,0.003096,-0.001300,0.002923,-0.002116,-0.001381,0.000869,-0.002116,-0.002282,-0.004371,-0.001378,-0.000467,0.000387,-0.000649,0.000560,0.002339,-0.002524,-0.001203,0.001932,-0.000947,-0.001326,-0.002032,0.000798,-0.000705,0.002299,-0.000784,-0.000620,-0.000264,0.001530,-0.000928,-0.000084,-0.000147,-0.000970,0.000710,-0.001124,-0.000411,-0.003109,-0.000139,-0.000791,0.000961,0.001914,-0.001484,0.000671,-0.001820,-0.001112,-0.001023,0.000189,-0.001005,-0.003653,-0.000279,0.001110,-0.001467,0.002608,0.000505,-0.000373,-0.000604,0.000307,0.004526,-0.003828,0.000550,0.000432,-0.000477,-0.002980,-0.000620,0.000787,0.002471,-0.000611,-0.002167,0.001944,0.003829,0.002434
0.000787,-0.000489,-0.000428,0.000140,-0.006751,-0.001672,0.000316,-0.000757,0.001357,-0.000376,0.001794,-0.003538,0.001038,-0.003385,-0.001256,-0.000228,-0.001678,0.001171,-0.000100,-0.002477,-0.003050,0.001402,-0.000487,-0.001314,0.001594,0.000069,0.000754,-0.002451,0.001559,0.004393,-0.001570,-0.002043,-0.000346,0.000489,0.001697,0.001411,-0.000665,0.001813,-0.001702,0.006205,-0.001440,-0.002306,0.002420,0.002107,0.000767,-0.002643,-0.001391,0.001737,0.001303,0.001354,-0.001811,-0.000290,-0.001457,-0.003006,-0.006636,-0.001722,-0.003709,0.004179,0.002914,0.000791,-0.000063,-0.001276,-0.000868,0.000268,-0.002145,-0.000988,-0.002237,0.001842,0.000378,-0.000265,-0.002874,0.000505,0.000008,0.003528,-0.002024,-0.002417,-0.002421,0.000089,-0.000091,0.001512,0.001191,0.000458,0.000982,-0.001829,-0.000130,0.001188,-0.001643,-0.001073,0.001092,-0.000352,-0.000375,-0.002953,0.002026,0.000398,0.002590,-0.000899,0.002810,0.000826,-0.000575,-0.000618,0.000626,-0.001147,-0.001576,0.002648,-0.000854,-0.001669,-0.000957,-0.000408,-0.000877,-0.000220,0.000635,0.002214,-0.001150,0.001975,0.000867,-0.001259,-0.001284,0.006931,-0.002408,-0.000145,0.000010,-0.002099,0.000494,-0.003852,0.001054,-0.000012,0.004496,0.000479
0.000188,0.000276,0.000081,0.000467,0.006756,0.003230,-0.000383,0.001663,0.000849,-0.004558,0.002172,-0.000331,-0.001421,-0.003391,-0.000544,-0.001110,-0.000337,-0.003704,0.004631,-0.000515,0.016181,0.001141,0.000158,0.004448,0.000833,-0.001530,-0.001605,0.000376,-0.003848,0.000378,0.000523,-0.001025,0.000958,-0.003200,0.001565,-0.001511,0.002573,-0.002822,-0.001200,-0.011446,-0.004213,0.006394,-0.002111,-0.001021,-0.004624,-0.004199,0.006261,-0.005725,0.001394,-0.000428,0.000559,0.000496,-0.002194,0.001751,0.015887,-0.000984,-0.000801,-0.001045,0.000326,0.005618,-0.002053,0.000767,-0.001831,0.000299,0.002038,0.000991,-0.000146,-0.002123,-0.000040,-0.001125,-0.002035,0.000388,0.001851,0.000968,-0.001347,-0.001258,-0.001312,-0.000818,-0.000803,-0.000685,-0.001632,0.000651,0.003150,-0.001722,0.001651,0.000663,-0.003184,0.004709,-0.002584,0.000740,-0.002170,0.001131,-0.005394,-0.002815,-0.003223,-0.001388,-0.002350,0.000993,0.001012,-0.001927,-0.003168,0.000442,0.002308,-0.000419,0.003046,-0.002487,-0.003738,-0.001173,0.001378,0.001609,-0.001435,0.003167,0.000659,-0.000699,-0.001697,0.003000,-0.000308,-0.012125,-0.000299,-0.002119,-0.001094,0.000910,-0.001311,0.001979,0.000128,0.001463,-0.006935,0.001781
-0.002582,-0.000296,0.001288,-0.001465,-0.010345,-0.000495,0.003147,-0.001246,-0.002050,0.002275,0.000027,-0.001367,0.000451,0.001284,-0.004122,0.002241,0.000063,0.001421,-0.004309,-0.004468,-0.006694,-0.000578,-0.000899,-0.004411,0.002980,0.000139,0.000562,0.002326,0.003192,0.002534,-0.002229,-0.000447,-0.001357,0.002769,-0.000361,0.001770,0.000355,0.001578,0.001573,0.005622,0.003427,0.000609,0.000939,0.001452,0.000298,-0.001955,-0.001804,0.005093,0.000501,0.002104,0.000500,0.001027,0.000044,-0.000549,-0.009518,-0.001275,0.003350,0.000608,0.002731,-0.002416,-0.004072,-0.002493,0.001590,-0.001083,-0.001332,-0.001405,-0.002782,-0.000528,-0.001435,0.001040,0.002292,0.001950,-0.002072,0.000182,0.001734,0.001341,-0.001926,-0.000830,-0.000189,-0.000082,-0.002332,0.001747,-0.000605,0.002057,0.000107,0.000424,-0.002321,-0.003623,0.002100,-0.000720,-0.000903,-0.002353,-0.000018,-0.001046,-0.000007,-0.002511,-0.001175,0.003712,-0.002232,0.002174,0.000556,-0.000975,-0.001502,0.004492,-0.003416,-0.000928,-0.001146,0.001665,-0.002544,0.000671,0.002354,0.000163,-0.003610,0.000021,0.004831,-0.002209,0.001360,0.009701,-0.002503,-0.000682,-0.001006,-0.003386,0.001358,-0.002567,-0.000169,-0.000262,0.007691,-0.000375
-0.000123,0.000163,0.000834,0.001525,-0.002062,-0.003806,0.000249,-0.000664,-0.000729,0.002587,-0.001853,0.002343,-0.000187,0.004574,-0.001289,0.000341,-0.000097,0.002546,-0.000772,-0.000912,-0.007297,-0.001330,-0.000134,-0.001331,0.000692,-0.001333,-0.001163,-0.000276,0.001596,0.000968,0.001544,-0.000451,-0.002678,0.001767,-0.001171,0.001490,-0.000041,0.003822,0.000666,0.002179,0.000909,-0.004809,0.002089,-0.000305,0.002129,-0.000142,-0.000952,0.003085,-0.000195,0.000417,0.001826,-0.001881,-0.000108,0.000637,-0.004466,-0.000120,0.000120,0.000600,-0.001110,-0.002239,-0.000059,-0.000139,0.000287,0.001481,-0.001722,0.000443,-0.001218,0.001358,0.001617,0.000802,0.001331,-0.000580,0.000176,-0.001470,-0.000379,-0.002119,-0.001655,0.002246,-0.000889,0.000048,0.002182,-0.000623,0.001275,-0.000177,0.001561,0.001808,0.000560,-0.003489,0.000552,0.001189,-0.000047,0.000623,0.000434,0.005920,-0.000592,-0.001462,0.000062,-0.000375,-0.001198,-0.001304,0.002210,0.000084,0.000144,0.005165,0.000148,-0.000675,0.000943,-0.002195,0.000676,-0.000772,0.000142,0.000395,-0.001430,0.001329,-0.001406,-0.000663,-0.001866,0.002804,-0.000710,0.000453,-0.000582,-0.001911,-0.002523,-0.000071,0.000820,0.000710,-0.002769,-0.000288
0.003682,-0.000512,-0.000031,-0.000612,0.005957,-0.001569,-0.001876,0.000451,0.000431,-0.000793,-0.005286,0.000035,0.002138,-0.003195,-0.000339,0.000881,-0.003901,-0.000943,-0.003067,0.003327,-0.006059,0.001435,0.003511,0.005859,-0.005101,0.003775,0.002486,-0.005419,-0.000475,-0.007073,0.004218,0.000293,0.001237,-0.000054,0.002954,-0.004298,0.002412,-0.002458,0.002168,0.016642,-0.002243,0.010649,-0.004837,0.004980,0.005089,0.001975,-0.002347,-0.000884,-0.002581,-0.003353,0.000946,-0.001328,-0.002066,-0.002902,-0.009647,0.000703,0.002483,0.001498,0.000155,0.002851,-0.001102,0.002461,-0.000265,0.000355,0.003286,-0.001719,0.009470,-0.003439,-0.001227,-0.000245,0.001927,-0.003522,0.001223,-0.000740,0.001062,0.006078,0.001908,-0.000724,0.005583,-0.000675,0.000370,-0.002620,-0.001108,-0.001385,-0.003357,0.000669,0.003389,0.003129,-0.002491,0.005013,0.000425,-0.001787,0.004344,-0.004971,0.000659,0.005380,0.005759,-0.007477,-0.001655,0.002137,-0.000428,-0.000873,0.001698,-0.020687,-0.005848,0.002761,0.005182,0.002498,-0.002091,-0.000859,0.002134,0.000598,-0.003315,0.002333,0.001909,0.000171,0.003206,0.008586,0.003075,0.001745,-0.004773,0.002608,0.001899,-0.001738,0.002076,-0.003729,0.003572,-0.000851
0.000032,-0.000848,-0.000178,0.000836,0.009388,-0.001424,-0.002239,-0.001513,0.000917,-0.000154,-0.002646,0.000645,-0.001825,-0.000106,0.001972,-0.002213,0.001240,-0.000038,0.002975,0.001854,0.009713,-0.001099,0.000425,0.000572,-0.003508,-0.000121,0.000046,-0.001907,-0.000574,-0.000074,-0.002098,0.000155,0.002331,-0.000663,0.000698,-0.001374,0.000329,-0.000725,0.000295,-0.005540,-0.001319,-0.004530,-0.000684,-0.003209,-0.001975,-0.001124,0.001764,-0.003105,0.000439,-0.002404,-0.001347,-0.000095,0.001279,0.001960,0.005267,-0.002055,0.000124,-0.000960,-0.002694,0.004469,0.002774,-0.000846,0.000577,-0.003654,-0.001349,0.000900,0.004281,0.001228,0.001683,0.000913,0.001036,-0.000017,0.001449,-0.003664,-0.003367,-0.000892,0.000421,0.001682,0.000117,-0.000507,-0.000402,0.002535,-0.001352,0.000782,0.000444,-0.001243,0.001285,0.005078,0.000016,-0.000713,0.000167,-0.000226,0.001016,0.008181,-0.001621,0.003229,0.000717,-0.000002,0.002986,-0.002083,0.000384,0.002087,-0.000465,-0.000735,0.001866,0.001169,-0.000604,-0.002354,-0.001475,0.002584,-0.001517,-0.001612,0.002884,-0.000092,-0.002288,0.003094,0.000584,-0.011402,-0.002062,-0.001231,0.001328,0.000429,0.000319,-0.002170,0.000824,-0.000008,-0.002678,0.000985
-0.000806,-0.001465,0.000901,0.002532,-0.006509,-0.004436,0.004635,0.000277,0.003577,0.003760,-0.001555,0.001318,-0.002292,0.002934,0.002513,0.002456,0.000699,0.000844,-0.002145,0.000083,-0.007724,0.001277,-0.002953,-0.003394,0.001710,-0.000729,-0.000324,0.001603,0.000556,0.000206,0.000471,0.000937,-0.002138,-0.000298,-0.001942,0.002419,-0.000569,0.002762,-0.000353,-0.001375,0.002211,-0.006002,0.000142,-0.001683,0.004650,0.004191,0.001204,0.003025,0.000551,0.001051,0.000529,-0.000509,-0.000772,-0.000226,-0.004110,0.002446,0.002389,0.000922,0.002336,-0.005106,0.004408,0.001668,0.002021,0.003457,-0.001638,-0.000481,-0.003804,0.000163,0.000753,-0.000546,0.003664,0.002072,-0.000406,0.000896,0.004067,0.003843,-0.000207,0.000043,0.000242,0.000833,0.000584,0.000596,-0.000495,0.001809,0.001947,0.001245,0.001658,-0.003444,0.001411,-0.001251,0.000991,0.000871,0.000997,-0.004155,0.000299,-0.000602,0.000470,0.000616,-0.000800,-0.001084,0.000528,0.002302,-0.000067,0.008069,-0.000935,-0.002434,0.001323,0.001630,0.002097,0.001938,-0.000474,-0.001549,0.001591,0.000938,-0.000441,-0.001733,-0.001125,0.001261,0.000029,-0.001180,0.001727,0.002545,-0.000647,-0.000524,-0.001217,-0.001750,0.000212,0.000617
-0.004551,-0.001434,0.000065,-0.000094,-0.016997,-0.003740,0.004106,-0.000117,-0.001909,0.004348,0.006528,-0.000941,-0.001871,0.004097,-0.002959,0.003557,0.000703,0.000517,0.003378,-0.006195,-0.003335,-0.002637,0.000165,-0.009187,0.007694,-0.001787,-0.002448,0.005082,0.002757,0.008503,-0.004422,-0.000504,-0.001245,0.008211,-0.003868,0.003443,-0.003100,0.003119,-0.000182,-0.008305,0.005972,-0.017484,0.007925,-0.001761,-0.001924,0.001329,-0.000738,0.005670,0.004075,0.002731,-0.001277,-0.001794,0.000005,-0.000410,-0.005356,0.001068,0.000198,0.002001,0.002280,-0.005951,0.002043,-0.002227,0.003902,0.003168,-0.004610,0.001701,-0.011811,0.005116,-0.001810,0.000926,0.000915,0.004508,-0.005186,0.004543,-0.002063,-0.003732,-0.005212,0.000835,-0.004573,0.002627,-0.001205,0.002337,-0.000546,0.004133,0.005582,0.001696,-0.002258,-0.008003,0.002310,-0.004599,0.001111,-0.002272,-0.002880,0.009496,0.001836,-0.004561,-0.000714,0.007828,-0.000172,0.000150,0.002068,0.000126,-0.004996,0.025737,0.001853,-0.004322,-0.003145,-0.000472,-0.002776,-0.000486,-0.001903,0.000087,0.002179,-0.001687,0.002301,-0.008795,-0.002234,0.001229,-0.006279,-0.003332,0.003735,0.000905,-0.002189,0.000138,-0.002341,0.001515,0.003643,-0.004035
0.002061,0.000796,0.000222,0.001563,0.000871,-0.000360,0.001070,-0.000117,0.006552,-0.000262,-0.000350,0.000088,-0.000357,0.003326,0.002946,0.001172,-0.002115,-0.000884,0.000555,0.002477,0.000682,-0.000533,0.001187,0.000939,0.002220,-0.000159,0.002258,0.002353,0.002280,-0.001809,0.001764,0.000528,0.001933,0.002270,0.002446,0.001296,0.000749,-0.000208,0.000372,-0.002793,-0.000560,0.004498,-0.002167,0.000254,0.002169,-0.000981,0.004223,-0.000260,-0.000124,-0.000982,0.002184,-0.002121,-0.001197,0.000992,0.004424,0.000426,0.000405,-0.000091,0.001400,-0.000203,-0.000382,0.001277,0.000114,0.002317,0.003664,-0.001678,0.001012,-0.006789,-0.001992,-0.002246,0.000079,0.000700,-0.000519,0.001217,-0.001671,0.004863,0.001563,-0.002177,0.001579,0.000764,-0.002543,0.001206,0.000363,-0.000895,-0.000021,0.001440,-0.001701,0.003212,-0.000894,0.003163,0.000633,-0.001882,-0.000309,-0.006685,-0.000749,0.002043,0.001747,0.000959,-0.001709,-0.001587,-0.000595,-0.000891,-0.000256,-0.003203,-0.001148,-0.000365,0.002356,0.001334,0.003833,0.001009,0.000586,0.000037,0.001169,0.000721,0.001408,0.001952,-0.000569,-0.004446,-0.000792,0.000982,-0.001321,-0.002295,0.001250,0.002299,0.002215,-0.002167,-0.002404,0.001242
-0.000851,0.002429,-0.001347,0.000314,0.002913,0.000886,0.005627,-0.000615,0.007737,0.000270,0.002111,0.001557,-0.002654,0.000420,0.001249,0.000632,-0.002129,-0.002069,0.000949,0.000986,0.000063,0.000677,0.001311,-0.002077,0.004370,0.000072,-0.001814,0.004380,-0.000824,0.003016,0.000754,0.000491,-0.001728,0.000104,0.002373,0.001094,0.000530,0.000638,-0.001980,-0.008909,-0.000971,0.002323,-0.001267,0.000676,-0.001087,-0.001197,0.000422,0.001506,0.000550,-0.000469,0.002442,0.000970,0.000891,0.000871,0.004139,0.000763,-0.000632,0.001277,-0.000841,-0.000740,-0.001944,0.000307,-0.000353,0.001977,0.000679,-0.000823,-0.004033,-0.002734,-0.002424,-0.000074,0.000928,0.002933,-0.001384,0.003260,0.001571,0.002058,-0.000717,-0.002367,0.000963,0.002170,-0.003039,0.001652,0.001534,0.000539,0.000512,0.001066,-0.001450,-0.000683,-0.001628,0.001613,-0.000358,-0.001869,-0.001386,0.001836,-0.000954,0.000228,-0.000346,0.002968,-0.001723,0.000441,-0.001642,0.003330,0.001438,0.003488,-0.000046,-0.003719,-0.000702,0.002157,-0.001087,0.000744,0.000728,-0.001982,-0.000929,0.000092,0.004020,-0.001525,-0.001370,0.003209,0.000976,-0.000547,0.001906,0.004107,-0.000706,0.003391,0.001355,-0.001696,-0.002354,0.001263
-0.002515,-0.000666,-0.002007,-0.001313,0.002180,0.000821,0.000827,-0.001503,0.001679,-0.004468,0.006267,0.000761,-0.000473,-0.000632,-0.000141,-0.002364,0.001383,-0.000844,0.005245,0.000362,0.010837,-0.000256,-0.002580,-0.000626,0.004323,-0.003676,-0.002029,0.002231,0.000712,0.003307,-0.003847,0.000536,0.003655,0.001659,-0.001577,-0.000487,-0.002514,-0.002262,-0.000149,-0.009921,0.001022,-0.002049,0.000151,-0.003609,-0.004007,-0.002011,0.004737,-0.002852,0.001354,-0.002339,0.001469,0.001983,0.002282,0.001088,0.009549,-0.000221,0.001137,-0.000011,0.001230,0.002647,-0.003581,-0.000188,0.003044,-0.001579,-0.002991,0.000382,-0.001241,-0.000510,0.000249,-0.001704,-0.002539,0.003771,-0.000935,-0.000155,-0.003729,0.000324,0.000002,-0.001258,-0.002300,-0.000249,-0.003569,0.001288,0.002184,0.003389,0.002504,-0.001780,-0.001396,0.001926,-0.000307,-0.001945,0.000206,0.001345,-0.004127,0.002807,0.001207,0.000764,-0.002145,0.006544,-0.000505,0.000695,-0.001639,-0.001621,0.000126,0.005732,0.003485,0.000256,-0.003957,-0.001496,0.002380,-0.000886,-0.002414,0.000224,0.002809,-0.001207,-0.002971,0.004446,-0.001179,-0.010990,-0.000858,-0.001875,0.004429,0.001012,-0.001026,0.003877,0.000351,0.001514,-0.000761,0.000618
0.000750,0.000465,0.000359,0.001128,0.002977,0.002288,-0.001965,-0.001157,-0.003941,-0.004058,0.001129,0.000344,-0.002748,-0.001156,-0.003070,-0.001251,0.002065,-0.001718,0.003077,-0.001387,0.008436,0.000877,-0.002111,-0.000477,0.001272,-0.003625,0.001173,0.000654,0.001035,0.000853,-0.002083,-0.001518,0.002974,0.002286,-0.000008,-0.002138,-0.001540,-0.004677,-0.001202,-0.005773,-0.001618,-0.000663,0.002580,-0.003554,-0.003347,-0.003920,0.001833,-0.003493,0.003172,-0.001501,0.000594,0.001016,0.000490,0.001192,0.012538,-0.004008,-0.002305,-0.001725,0.000399,0.002425,-0.000882,-0.002822,0.000325,0.000236,-0.001983,-0.000393,0.000519,-0.000841,0.001257,0.001523,-0.006127,-0.000138,0.000119,0.001707,-0.005059,0.001406,0.000152,-0.000532,-0.002430,-0.002152,-0.003194,-0.000967,-0.000471,0.000101,0.000106,0.000134,-0.000734,0.003064,0.000109,-0.000583,0.002374,0.000395,-0.000685,0.005679,0.002196,-0.001769,-0.002264,0.000970,0.001271,-0.001722,0.000304,0.000540,0.004416,0.001505,0.000704,0.002040,-0.002887,-0.002995,0.000264,-0.000355,-0.003047,0.000307,0.002435,-0.001105,-0.002017,0.002494,0.000031,-0.010801,-0.002224,-0.000231,0.001557,-0.003722,0.001670,0.001956,0.000352,-0.000634,-0.002303,-0.000480
-0.001806,0.000060,-0.003594,-0.000472,-0.002992,-0.001739,0.001172,-0.001487,-0.002642,-0.004453,0.001763,-0.001670,0.001412,0.001038,0.000055,-0.002348,0.000356,0.001290,0.000274,-0.002517,-0.004450,-0.001322,0.001947,0.000523,0.000508,-0.000573,0.000938,-0.000647,0.000701,-0.000359,0.001662,0.001481,-0.003854,0.002198,-0.001448,0.001234,0.001822,0.000058,-0.000385,0.005151,0.004004,0.004149,-0.001032,0.003284,0.000379,0.000307,-0.001353,-0.000279,-0.001700,0.001241,0.002354,-0.001306,-0.003435,-0.001258,-0.004412,0.000580,-0.002857,0.003291,-0.000884,-0.000479,0.000164,0.000946,-0.002230,-0.001209,0.003659,-0.001522,-0.002523,-0.000821,-0.001494,-0.000499,-0.000205,-0.002391,-0.000788,0.002077,0.001174,-0.001151,0.000097,-0.000589,-0.000571,-0.001336,0.003434,-0.002275,0.000896,-0.000291,-0.001944,0.000330,0.001729,-0.001932,0.002179,0.003529,-0.001161,0.000990,0.001917,-0.002134,-0.000481,-0.003822,-0.000391,0.000402,-0.001645,0.002695,0.000800,-0.001537,-0.003379,-0.002309,-0.001773,0.002182,0.000058,-0.000334,0.002524,-0.001025,0.001977,-0.003472,-0.001883,0.000218,0.000654,0.001433,-0.000910,0.005541,0.002799,-0.000508,-0.000884,-0.002547,-0.000953,-0.000014,0.000376,0.000039,0.003804,-0.001870
0.047103,0.024372,-0.035618,-0.053110,0.060476,-0.015473,-0.018368,-0.030003,-0.122124,-0.041224,-0.020564,-0.044000,0.000355,0.000670,0.007375,-0.014436,-0.022232,0.011165,-0.006611,0.008288,0.045053,-0.025529,0.050698,0.040115,-0.087081,0.005746,0.044073,-0.033266,-0.025928,-0.021820,0.024168,-0.010449,0.066038,0.063133,0.021045,-0.016180,0.057803,-0.001173,0.006264,0.192671,0.009728,0.067609,0.021113,0.036208,0.064814,-0.025567,-0.024029,-0.046057,0.008492,-0.051726,-0.003174,-0.024021,0.004206,0.026710,-0.122742,0.017606,-0.033537,0.014150,-0.026024,0.048094,-0.098668,0.063722,-0.014710,0.045886,0.094423,-0.012237,0.025864,0.026489,-0.077286,-0.009708,0.019124,-0.047252,-0.012540,0.019777,-0.002458,-0.099085,-0.041208,-0.018798,0.071302,-0.024937,0.021939,-0.037408,-0.007939,-0.033506,-0.078210,-0.008088,0.027103,0.076284,-0.019646,0.042702,0.010945,-0.009180,0.055231,0.125750,-0.000897,-0.000695,0.050594,-0.052704,-0.082135,0.060285,0.033101,0.002971,-0.004259,-0.195228,-0.049098,0.024332,-0.040457,-0.030597,-0.074341,-0.021566,-0.009222,0.029207,-0.049275,0.026955,-0.011027,0.031090,-0.008319,-0.000357,0.027113,0.028608,0.018291,-0.013713,0.035752,-0.018860,0.029184,-0.021482,-0.008003,-0.037533
0.093449,0.050193,-0.053449,-0.079803,0.099552,-0.017888,-0.007239,-0.039793,-0.182601,-0.059940,-0.049083,-0.064500,-0.019008,0.007532,0.013684,-0.013795,-0.039968,0.024454,-0.021096,-0.000394,0.066683,-0.041545,0.066774,0.066017,-0.147325,0.002607,0.052891,-0.049909,-0.051766,-0.027556,0.047375,-0.016866,0.099596,0.097366,0.022405,-0.008385,0.088267,0.015798,0.005611,0.309214,0.007980,0.108427,0.029457,0.060316,0.099830,-0.045483,-0.032929,-0.071657,0.018282,-0.077214,0.012486,-0.027275,0.003843,0.032277,-0.197692,0.036125,-0.068147,0.031137,-0.028606,0.069428,-0.168706,0.091045,-0.010947,0.079869,0.141052,-0.004272,0.005751,0.039314,-0.118953,-0.013595,0.043717,-0.068309,-0.014501,0.021378,0.003430,-0.131619,-0.073290,-0.027682,0.098943,-0.043372,0.019530,-0.052231,-0.021245,-0.051219,-0.102247,-0.008353,0.027237,0.087288,-0.028918,0.065391,0.008470,-0.022534,0.075952,0.210020,-0.009842,-0.012032,0.081355,-0.092732,-0.121125,0.091090,0.042574,0.006420,0.003368,-0.283362,-0.077319,0.033546,-0.064548,-0.052098,-0.144846,-0.037060,-0.002827,0.030708,-0.083248,0.040200,-0.005994,0.035659,-0.004852,0.029597,0.039936,0.056191,0.024472,-0.014099,0.050144,-0.021414,0.045609,-0.035403,-0.056067,-0.045395
0.037068,-0.012186,0.110963,-0.059734,-0.090928,0.046485,-0.074272,0.063966,0.077554,-0.040980,-0.024314,-0.103020,0.079670,-0.017960,0.098248,0.095076,0.043358,0.016645,0.103051,-0.031268,0.138010,0.006224,-0.064652,0.131390,-0.005373,0.043432,-0.088448,0.001085,-0.022774,-0.019329,-0.102709,0.001915,0.018005,-0.113829,0.004281,0.062346,-0.006363,-0.008984,0.011801,-0.012763,-0.238107,0.146135,0.018012,-0.004444,-0.011121,-0.085477,0.024277,-0.026357,0.022356,0.036525,0.001418,0.021573,-0.047355,0.095302,-0.030111,-0.025017,-0.106461,-0.107887,0.074998,-0.006004,0.059836,0.061110,0.018267,0.031020,-0.019660,-0.033312,-0.190061,0.049199,-0.057186,0.051599,-0.022797,0.040913,-0.031837,0.027675,-0.030815,0.091330,-0.023128,0.014304,-0.024127,-0.017113,-0.057231,0.020297,0.003884,-0.010421,-0.063447,0.038023,-0.080076,-0.008162,-0.059819,-0.037165,0.034652,-0.007938,-0.071456,-0.098329,0.016205,-0.009030,0.066545,0.044352,-0.093574,0.025033,-0.030904,-0.026987,-0.053129,0.020720,0.016532,-0.113757,-0.038829,0.037701,-0.146053,0.034758,0.030500,0.034986,0.027617,-0.058436,-0.003733,-0.061077,-0.001782,0.068111,0.041720,0.008195,0.045250,0.150690,-0.013525,0.041627,-0.047092,0.003433,-0.091212,0.044032
0.015236,-0.009241,0.006487,-0.015751,0.018495,0.020871,-0.015653,0.018836,-0.001564,-0.025351,-0.016950,-0.025064,0.040466,-0.015997,-0.006451,0.000060,0.026087,0.004463,0.026518,0.020339,0.046908,-0.003665,-0.005931,0.051114,-0.019833,0.001225,-0.008102,-0.012917,0.002361,-0.002336,-0.005890,0.006185,0.009642,-0.034028,0.013336,-0.019104,0.008189,-0.028190,0.007115,0.011600,-0.053930,0.041268,-0.014563,0.006453,-0.024998,-0.024054,0.017271,-0.024421,0.005200,0.016480,-0.000444,0.022299,-0.015275,0.011927,0.029643,-0.021929,-0.029023,-0.025222,0.027947,0.020625,0.023936,0.006129,-0.008632,-0.012442,0.010281,-0.019338,-0.013178,-0.006520,-0.006710,0.005137,-0.033860,-0.007313,0.010520,0.006167,-0.014395,0.044853,0.029379,-0.007411,-0.004326,-0.012851,-0.030526,-0.002697,0.003558,-0.013416,-0.007961,0.003236,0.005405,0.013232,-0.027723,-0.011803,0.008988,-0.004956,-0.010757,-0.055806,-0.007973,-0.006605,0.007957,-0.012212,-0.017982,0.012288,0.001082,-0.020889,0.016010,-0.080305,0.019704,-0.005625,-0.006406,0.019365,-0.040312,0.008001,0.001557,0.000642,0.007212,-0.017266,-0.012453,0.000141,0.013518,0.008315,0.012704,0.002321,-0.001971,0.023920,0.024786,0.012622,-0.003575,0.001014,0.017190,0.026608
0.023757,-0.024057,-0.009108,-0.037303,0.069013,0.054992,-0.005820,0.014577,-0.072883,-0.019046,-0.010356,-0.028870,0.073373,-0.028021,-0.032530,-0.031153,0.021224,-0.019989,0.021557,0.026309,0.068716,-0.013257,0.025920,0.117360,-0.055765,-0.002251,0.015369,-0.040728,-0.026950,-0.034789,0.052191,-0.014615,0.016040,-0.045123,-0.004086,-0.047460,0.033090,-0.071131,0.013543,0.087244,-0.039562,0.028973,-0.007023,0.008035,-0.013202,0.000344,0.018194,-0.064436,-0.005602,0.011231,0.002150,-0.015280,-0.002603,0.004793,-0.000506,-0.033451,-0.054074,-0.013308,-0.018174,0.048293,0.048386,0.017289,-0.041170,-0.017844,0.055097,0.004151,0.082586,-0.036695,-0.013121,-0.044611,-0.046419,-0.034938,0.056166,0.005208,-0.023657,0.014927,0.038991,0.013851,0.028246,-0.033483,-0.013107,-0.014743,-0.002217,-0.036783,-0.048739,-0.025307,0.008462,0.044052,-0.046922,0.019607,0.017572,0.001465,0.048661,-0.153156,0.005525,-0.012770,-0.007232,-0.048125,0.010314,-0.003185,-0.001869,0.004051,0.056986,-0.205322,0.003095,0.046989,-0.005819,-0.001818,0.021776,-0.014343,-0.035292,0.047417,0.007707,0.000058,-0.051040,0.081376,-0.013336,-0.049497,0.032573,0.000439,-0.012818,0.011533,0.020423,0.017763,0.012343,-0.010985,-0.003845,-0.006023
0.000966,-0.006258,-0.036387,-0.048206,0.260295,0.021115,-0.019451,-0.025698,-0.004935,0.016936,0.020907,-0.007620,0.046434,-0.048987,0.018923,-0.056001,-0.002858,0.004155,0.034986,0.059809,0.143533,-0.035174,0.040043,0.112311,-0.077942,-0.028357,0.039390,-0.038948,-0.031224,-0.066254,-0.021223,-0.005249,0.048496,-0.002518,0.033557,-0.065844,0.030755,-0.064500,0.023046,-0.010500,-0.061901,0.019668,0.001669,0.003855,-0.031364,-0.045691,0.030572,-0.086866,-0.029368,-0.020796,0.005784,-0.012110,0.029363,0.002438,0.020037,0.018517,-0.007525,-0.044479,-0.062186,0.088175,0.076336,0.034228,-0.001015,0.030611,0.072093,-0.009166,0.122284,-0.041923,-0.025587,-0.044852,-0.046398,-0.027282,0.041901,-0.028928,-0.025618,0.019270,0.049569,-0.000968,0.071715,-0.030806,-0.009092,-0.002729,-0.010247,-0.008637,0.009400,-0.034819,0.046281,0.109165,-0.010501,0.030549,0.006668,-0.002849,0.050194,-0.071013,0.015956,0.028513,0.012327,-0.033811,0.014575,-0.004914,-0.010872,0.000917,0.050947,-0.244107,-0.048883,0.051006,-0.031662,-0.051514,0.012597,-0.023815,-0.001701,-0.006177,0.030660,-0.006665,-0.099889,0.045693,-0.000202,-0.123026,0.005931,0.016297,-0.020352,-0.006464,0.030515,0.023631,0.012193,0.003899,-0.063075,-0.031576
-0.026831,0.013300,-0.154699,-0.032840,0.356102,0.026808,-0.003245,-0.145509,-0.045632,-0.012979,0.078385,-0.037859,-0.070099,-0.026622,-0.016818,-0.059890,-0.099575,0.054282,-0.010090,0.092330,0.143346,-0.085441,0.105921,0.078739,-0.101787,-0.098869,0.109881,-0.042102,-0.026318,-0.034952,-0.037955,-0.001117,0.027685,0.104575,0.038756,-0.088782,0.046135,-0.110788,0.005404,0.234131,-0.045427,0.096018,0.035887,0.019835,-0.041626,-0.065649,0.037548,-0.158512,-0.049969,-0.138384,-0.001968,-0.045826,0.070254,-0.073727,-0.168581,0.056465,0.010871,0.040994,-0.085052,0.094092,0.064271,0.029928,-0.000122,0.102148,0.058002,-0.036567,0.261951,-0.036890,0.017359,-0.164625,-0.016117,-0.010065,0.000996,-0.108393,-0.063774,0.051409,0.053945,-0.027758,0.153623,-0.021596,-0.065472,0.037391,0.010160,0.007670,-0.042882,-0.110947,0.103672,0.151478,0.020058,0.131271,-0.034493,-0.034710,0.132800,0.064153,0.126404,0.087471,0.078970,-0.065742,0.027507,0.036753,0.053199,0.041192,0.092147,-0.372063,-0.227789,0.104072,-0.023273,-0.114683,-0.036371,-0.040829,0.035303,0.000167,0.077178,0.058190,-0.121318,0.054440,0.055904,-0.177282,-0.051799,0.025223,0.000505,-0.083198,0.084617,-0.020032,0.015847,-0.015081,-0.117725,-0.106726
0.008372,0.023109,-0.054169,-0.056967,0.055722,0.050298,0.013365,-0.037665,-0.083498,0.032469,0.005185,-0.046200,-0.080813,0.008845,0.039492,0.034862,-0.071430,0.062895,-0.017682,-0.093117,0.056939,-0.049601,0.041048,0.027786,-0.042511,-0.050490,-0.009618,0.011067,-0.091099,0.003560,-0.039221,-0.012451,-0.012033,0.073457,-0.030710,0.051341,0.080596,0.028078,-0.006238,0.226168,-0.031372,-0.036331,0.039554,0.019151,-0.011743,-0.060092,0.022184,-0.055124,-0.048454,-0.027344,0.019608,-0.055146,0.020693,-0.017119,-0.292435,0.030676,-0.002646,0.017897,-0.070694,0.031854,-0.036322,0.014347,0.039879,0.088260,0.000772,0.042966,0.028891,0.017319,-0.015788,-0.058359,0.099584,0.019776,-0.008184,-0.050519,-0.054074,-0.025099,-0.053270,0.039873,0.053864,-0.005429,-0.035077,0.055917,-0.040489,0.003815,-0.074537,-0.063190,-0.030159,-0.021893,0.027685,0.056930,-0.040509,-0.033862,0.064269,0.147233,0.000228,-0.003674,0.025928,-0.008625,-0.018815,0.005387,0.001860,0.092754,-0.014418,-0.035281,-0.111642,0.029780,-0.056206,-0.027514,-0.087542,0.004213,0.050633,-0.020440,-0.025157,0.029158,-0.016539,0.011902,0.031225,-0.005270,-0.029217,0.045232,0.025029,0.006158,-0.005477,-0.032586,0.003047,0.022640,-0.182217,-0.037809
0.082283,0.038243,-0.154653,-0.067892,0.020976,0.117085,0.236382,0.082029,-0.077908,0.107809,0.016828,-0.015474,-0.161345,-0.016361,0.089360,-0.085746,-0.025105,0.013597,0.029023,-0.179911,0.193969,-0.015685,-0.018107,-0.076364,0.002936,-0.070854,-0.004084,0.042801,-0.198972,0.095072,0.065122,0.049050,0.074073,-0.004391,-0.172162,0.054924,0.084423,0.186995,-0.028869,-0.064795,0.037656,0.213304,-0.016712,0.067378,0.006871,-0.033351,0.121728,-0.025944,-0.102364,0.180730,0.105022,-0.081374,0.056399,-0.104272,-0.017605,0.037426,-0.015265,-0.045662,0.142247,0.136342,-0.074096,0.012163,0.023629,-0.025436,0.139917,0.099225,-0.270910,-0.094049,-0.095752,-0.110049,0.032709,-0.108418,0.039934,0.121557,0.097242,0.028710,-0.100360,0.016950,0.029582,-0.002102,0.016298,-0.051895,-0.125399,-0.048282,0.119542,-0.058395,-0.045059,-0.001267,0.024698,0.034529,0.007322,-0.074032,-0.064924,-0.224758,-0.250104,-0.089649,-0.115453,-0.045928,0.142829,-0.003110,-0.151890,0.024131,-0.103460,0.004464,0.057516,0.094713,-0.132762,-0.054293,0.076593,0.002754,0.014471,-0.153441,-0.122706,-0.078415,-0.061573,0.136580,0.037096,0.088838,-0.043428,0.204667,-0.039069,-0.063493,-0.071061,0.004290,0.100966,-0.062585,-0.228854,0.122467
-0.079461,-0.047284,-0.006889,0.092044,-0.173830,0.084624,-0.061386,-0.068170,-0.070564,0.141135,0.014098,-0.072827,-0.273854,0.090383,0.094450,-0.075559,0.011113,0.013672,-0.032814,-0.052810,-0.042888,-0.024054,0.016903,-0.077169,0.140294,-0.070909,0.131448,0.012878,-0.071045,0.026732,-0.023778,0.044056,0.089135,0.012370,-0.122422,0.100867,0.027170,0.044298,-0.071664,0.080728,0.175659,0.080512,-0.069620,0.060796,0.037431,-0.010908,-0.001693,-0.035169,-0.104366,0.099707,-0.047633,-0.165481,-0.067939,-0.087109,0.090718,0.032898,-0.055286,-0.140869,0.056795,0.167726,0.146092,0.013187,-0.052280,0.052117,-0.047920,-0.082939,-0.254129,0.049824,-0.083054,-0.090554,-0.273857,-0.052193,-0.050552,0.008406,0.029651,0.059077,-0.138340,-0.006735,0.128597,0.005916,0.003347,0.039412,0.049558,0.017659,-0.021905,0.039587,0.024939,0.131899,0.025922,0.037392,0.039382,0.016660,0.088203,-0.138730,0.059306,-0.036997,0.018949,0.043091,0.160692,-0.014300,-0.078181,0.125492,0.007580,0.115213,-0.001085,0.005192,-0.018928,-0.116195,-0.027380,0.041304,0.101589,-0.096442,0.102112,0.048326,0.091902,-0.070081,0.002594,-0.066048,-0.008194,0.209455,0.083663,-0.176814,-0.007076,0.062647,-0.026138,-0.067011,-0.160091,-0.005995
0.017604,-0.056002,-0.106741,0.236697,-0.245407,0.129049,0.234545,-0.135041,-0.016356,0.002743,0.014776,0.175567,-0.710278,0.088781,0.123821,0.184583,0.044562,-0.058150,0.173625,-0.230977,0.056462,-0.207505,0.062241,-0.154360,-0.156336,-0.108771,-0.127249,0.246197,-0.036768,0.133349,0.102261,-0.053015,0.002667,0.038392,-0.420696,0.062469,-0.050360,0.125211,-0.114502,-0.098420,0.007493,-0.054720,0.174331,0.161758,0.045987,0.125227,-0.067512,-0.054675,0.037621,0.104281,0.106338,0.099962,0.300374,-0.068875,-0.088530,0.103276,-0.184356,-0.108307,-0.131233,-0.020032,0.202460,0.068288,-0.202752,0.028330,-0.113877,0.074617,-0.077102,0.180020,-0.103885,0.147716,-0.032024,0.050502,-0.098300,0.086051,0.372382,0.206204,-0.156168,-0.082663,0.063616,-0.066742,-0.240913,0.092999,-0.028614,-0.144839,-0.249820,-0.000170,0.098039,-0.279513,-0.192221,0.157474,-0.077680,0.035568,0.351807,0.039313,0.149205,-0.021903,-0.086771,0.007384,-0.062829,-0.122715,-0.042617,0.189051,0.244993,0.447132,0.001360,-0.059304,0.094290,0.053282,-0.157980,-0.031600,-0.122431,-0.089203,0.046485,-0.017792,0.054224,0.178681,0.120049,0.081730,-0.111764,0.167560,0.242662,0.103960,0.046630,-0.016270,0.042444,-0.094085,-0.395066,-0.125991
-0.007374,-0.038654,-0.015500,0.001309,0.012922,0.034358,-0.013810,-0.033293,0.015678,-0.044642,0.029490,0.045227,-0.115165,-0.051548,0.118001,0.140471,0.040505,-0.018671,0.138733,-0.100853,0.133803,-0.088591,0.006292,0.094964,-0.102117,-0.013155,-0.097384,0.080810,-0.060490,-0.052143,-0.023618,-0.040295,-0.004585,-0.055252,-0.124319,0.022910,-0.006054,0.014088,-0.000950,-0.081567,-0.179174,-0.033652,0.126215,0.076540,-0.008789,-0.032134,-0.023565,-0.050294,0.003156,0.064987,0.083319,0.049598,0.116288,0.035951,-0.106777,0.034164,-0.089848,-0.152840,-0.154009,0.017076,0.184550,0.083685,-0.078635,0.041720,-0.019101,0.044062,0.046113,0.080380,-0.068143,0.100447,-0.038867,-0.009777,0.004731,0.020497,0.092547,0.127937,-0.040617,-0.031206,0.018740,-0.054253,-0.105759,0.015253,-0.015073,-0.070038,-0.143304,-0.003486,0.001375,-0.007070,-0.079670,0.071600,-0.008414,0.017431,0.109837,-0.094893,0.070639,0.026316,-0.033501,0.021295,-0.082704,-0.057903,-0.034741,0.077306,0.059556,0.073579,-0.030109,-0.053817,0.018464,0.075113,-0.018484,0.002554,-0.030572,0.024011,0.030284,-0.058429,-0.020110,0.047153,0.036133,0.042200,-0.013714,0.041431,0.073926,0.122116,-0.000814,0.013232,-0.015318,-0.009626,-0.235932,-0.078348
0.076425,0.012750,0.016562,-0.003707,0.355316,0.101384,-0.082848,-0.013710,0.012672,-0.058609,0.069624,0.029861,0.083237,-0.136434,0.149750,-0.034346,-0.072622,-0.080532,0.102092,0.098674,0.075956,0.053661,0.075245,0.231591,-0.063346,0.045696,0.088500,-0.007793,-0.071937,-0.104461,0.031670,-0.063671,0.033708,-0.193843,0.118216,0.015930,0.034416,-0.067372,0.016451,0.040370,-0.255771,0.101451,0.049713,0.072408,0.065205,-0.037806,0.056860,-0.108210,-0.055280,-0.028127,-0.042018,0.009688,-0.040870,0.026742,0.036387,0.060373,-0.110832,-0.038239,-0.132317,0.125346,0.188698,0.089644,-0.057310,0.124770,0.038614,0.041691,0.140150,-0.034539,-0.007527,-0.106570,-0.075215,-0.037726,0.080652,0.038533,-0.112823,0.087158,0.118725,0.015574,0.089869,-0.021962,-0.073622,0.048973,0.013840,-0.060368,-0.087051,-0.125165,-0.012549,0.291939,-0.020473,0.060300,0.018936,-0.037596,0.028303,-0.107019,0.129506,0.116482,0.073826,-0.042300,0.041133,-0.052626,-0.048639,-0.004701,0.068730,-0.349156,-0.077643,0.009943,-0.022995,-0.016858,0.068500,0.039629,0.008698,0.127983,0.107705,0.026010,-0.080998,0.071891,-0.010322,-0.207450,0.026708,0.051718,-0.004473,-0.011831,-0.008627,0.050232,0.050947,-0.006360,-0.273125,-0.014239
0.084732,0.022637,-0.111535,0.046847,-0.044140,-0.112813,-0.091603,-0.110076,-0.155823,-0.199010,-0.047133,0.027899,-0.105267,-0.024301,-0.061058,0.017695,-0.092914,0.018759,-0.156150,-0.045799,0.063431,-0.019470,0.039515,-0.068930,-0.131389,-0.083736,0.066835,0.023878,-0.061217,0.107046,0.054726,-0.006315,0.070833,0.127750,-0.079290,-0.047269,0.012217,0.015467,-0.025933,0.317442,0.120147,-0.075933,-0.063104,0.068441,0.076387,-0.097610,0.086717,-0.111273,0.009030,-0.105421,0.059458,0.086789,-0.069951,-0.090280,-0.153779,-0.024718,-0.041217,0.093870,0.149406,0.071111,-0.039247,0.072247,-0.017989,0.159086,-0.041921,0.003864,0.058424,-0.011666,-0.068203,0.001293,0.081798,-0.084209,0.036674,0.002727,-0.046974,0.109165,0.114742,-0.112257,-0.105328,0.011180,-0.103432,-0.038016,0.013175,-0.043341,0.056776,0.008492,0.062863,0.033387,0.028500,0.115011,-0.031619,-0.021690,0.072982,0.016669,-0.052622,-0.019929,-0.008004,-0.117078,-0.079522,0.045959,0.039806,0.055698,0.033397,-0.127948,-0.040274,0.005342,-0.055570,0.118524,-0.019599,0.142326,0.065849,-0.072181,0.042059,0.091271,0.114778,0.035545,0.060044,-0.046428,-0.084393,0.082565,0.020093,-0.154818,0.107020,-0.046115,0.035548,0.083213,0.029912,0.055807
0.036904,0.007855,-0.046958,0.010945,-0.041967,-0.084678,-0.013144,-0.074204,-0.129490,-0.095506,-0.017540,0.037774,-0.045549,0.014754,-0.033686,-0.000965,-0.077016,0.025727,-0.130885,-0.057415,0.010600,-0.006008,0.063576,-0.012601,-0.081820,-0.020965,0.044715,-0.042852,-0.022001,0.038044,0.035619,-0.024123,0.030948,0.060729,-0.075316,-0.045893,-0.015046,-0.000050,-0.018308,0.206552,0.128058,-0.068057,-0.018802,0.029826,0.079310,0.006971,0.009836,-0.049779,-0.018552,-0.092766,0.023288,-0.002475,-0.035534,-0.033201,-0.090784,-0.022850,-0.019998,0.052743,0.081652,0.001849,-0.078177,0.056471,-0.019582,0.076836,-0.031507,0.007146,0.029236,-0.004557,-0.066998,0.030918,0.091887,-0.052506,0.021315,0.011224,-0.009751,-0.078130,0.032919,-0.035243,-0.045133,0.006717,0.056338,-0.036852,0.017370,-0.036900,-0.020834,0.044803,0.081300,-0.020074,0.011591,0.056423,-0.014540,0.011276,0.116574,0.049037,-0.066397,-0.044798,-0.022185,-0.088296,-0.071221,0.015627,0.029318,0.037413,0.037520,-0.064807,-0.022760,-0.016160,-0.013655,0.041953,0.001114,0.073352,0.017782,-0.027957,-0.002814,0.068024,0.072264,0.064926,0.006432,-0.016433,-0.036729,0.021394,0.020808,-0.097781,0.045543,-0.031460,0.020545,0.069959,0.048050,0.009921
-0.019634,-0.027883,0.030783,-0.023761,-0.228966,-0.052465,-0.010618,0.012789,0.022600,-0.021563,0.044751,-0.018100,0.092464,0.079051,0.012437,0.018537,0.028483,0.043712,-0.028378,-0.048065,-0.031776,0.022981,0.018046,0.015815,0.079174,-0.020086,-0.023472,0.022844,0.075465,0.026676,-0.058390,-0.021970,-0.059183,-0.060388,-0.044797,0.081154,-0.052407,0.016272,0.021005,0.051342,-0.074969,-0.081859,0.054894,-0.012600,-0.016208,0.003904,0.022969,-0.005071,0.022764,0.025454,-0.023806,-0.038088,-0.074110,0.009613,-0.083678,-0.014825,-0.058682,-0.039541,0.128551,-0.075837,0.104226,0.007458,-0.004706,0.025357,-0.074186,-0.004970,-0.187776,0.012952,0.038373,-0.023524,0.022740,0.020158,-0.012204,0.077180,-0.050497,0.051521,0.028022,0.035486,-0.040499,0.035000,-0.019778,-0.024464,0.043330,0.014865,0.002087,0.024983,-0.075190,-0.015953,0.024458,-0.032511,0.034765,-0.017230,-0.009615,-0.162921,0.046973,-0.040331,-0.001571,0.049389,0.017189,-0.001706,0.012102,-0.038504,-0.005630,0.179888,0.009519,-0.043151,-0.010031,-0.024093,0.040216,0.020970,0.010798,0.038408,0.077658,-0.012323,-0.024195,0.010361,-0.042446,-0.042139,-0.057924,0.008720,0.076233,-0.007457,-0.015605,0.009886,-0.033926,0.027077,0.013693,0.001669
0.034478,-0.018159,-0.005990,-0.032314,-0.206660,-0.090083,-0.011566,0.010062,0.047503,-0.040126,-0.016943,-0.006023,0.071097,0.077778,0.004279,0.000174,0.048432,0.119653,-0.072748,-0.015590,-0.107384,0.004275,-0.013439,-0.047938,0.065739,-0.060308,-0.023122,0.054486,0.087662,0.041116,-0.069264,0.020306,-0.027173,-0.016022,0.004921,0.092260,-0.015579,0.067257,0.013273,0.109324,-0.026465,0.024149,-0.014006,0.028318,-0.042334,-0.068089,0.043770,0.020752,-0.002984,0.082230,0.013901,0.026628,-0.088192,-0.055454,-0.113025,0.000036,-0.030544,-0.048537,0.170215,-0.015292,0.051814,-0.027432,0.029861,0.017941,-0.092844,-0.039507,-0.215105,0.001704,0.066340,-0.008162,0.026476,-0.031455,-0.005033,0.043679,-0.017307,0.190343,0.094631,-0.011726,-0.061152,0.037330,-0.084584,-0.040863,0.016649,0.051638,0.097919,0.009908,-0.061579,-0.006263,0.091347,-0.010659,-0.008512,-0.061519,-0.081684,-0.118246,0.014394,-0.009883,0.050569,0.025633,0.028946,0.034896,-0.011738,-0.077051,-0.036307,0.080691,-0.019426,0.002932,-0.020944,0.000683,-0.039987,-0.007145,0.117851,-0.061512,0.032605,-0.018478,-0.009332,-0.060119,0.041636,0.111146,-0.082250,0.078139,0.001609,-0.032166,0.025012,-0.013186,-0.017493,0.034379,0.062598,0.053027
0.001470,-0.001351,-0.006085,-0.002507,-0.007773,-0.003609,0.004404,-0.002092,-0.008709,-0.005693,0.005588,-0.002648,-0.002222,0.002617,0.002856,-0.005506,0.000376,0.003297,0.002636,-0.003673,0.010008,0.000819,0.005203,-0.004414,0.010539,-0.009215,-0.000869,0.010296,-0.000718,0.005683,-0.005963,0.000007,0.004084,-0.002924,0.000904,0.013469,0.002114,0.001766,-0.000413,-0.011292,-0.001642,-0.004602,0.008917,0.000298,-0.008181,-0.012888,0.009752,-0.006098,0.003891,0.005287,0.001097,-0.001697,-0.009344,-0.003722,0.015833,0.005981,-0.007217,-0.005762,0.005203,0.010772,0.007817,-0.002968,-0.000892,0.001888,-0.005512,0.003564,-0.016028,0.002260,0.001667,-0.008559,-0.006306,-0.001048,0.001252,0.005513,-0.008780,0.011008,0.004828,0.000826,-0.003900,0.001989,-0.004348,0.001230,0.000001,0.002820,0.011785,-0.008525,-0.009719,0.011478,0.008305,0.000320,-0.001056,-0.007006,-0.012688,-0.000753,0.008100,-0.002243,0.000300,0.010461,0.009234,-0.001649,-0.006212,-0.000750,0.000422,0.018206,0.006917,0.007945,-0.010301,-0.009276,0.003813,-0.000351,0.002508,0.006143,0.008070,-0.003005,-0.005525,0.001583,-0.000038,-0.025461,-0.011164,0.009574,0.008387,-0.011744,-0.003574,-0.000337,0.003480,0.003284,-0.006486,0.002451
0.003350,0.001034,-0.002259,-0.000583,-0.007718,-0.004618,0.002254,-0.001832,-0.005320,0.000839,-0.000474,0.000849,-0.000311,0.000830,0.000463,0.000910,-0.001952,0.002415,-0.005193,-0.002066,-0.014819,0.000266,0.000388,-0.002779,-0.001214,0.000968,0.000054,-0.000710,0.000073,-0.000986,0.003312,-0.000966,-0.001076,0.003306,0.000093,0.000430,0.002620,0.004483,-0.002010,0.015982,0.002980,0.005075,0.000777,0.005393,0.006231,0.000797,-0.002522,0.004091,-0.002092,0.001375,0.002821,0.000284,-0.000474,-0.006049,-0.019233,0.002994,0.000322,0.002099,0.001822,-0.002660,-0.003141,0.000850,0.000220,0.002211,-0.002005,-0.001541,0.000140,0.000744,-0.001145,0.001259,0.004737,-0.002040,0.001698,-0.000381,0.004170,0.002580,-0.000953,-0.000243,-0.001459,0.001867,0.002130,-0.002096,-0.003037,-0.000506,-0.001770,0.000551,0.002764,-0.003759,0.001214,0.005843,-0.001018,-0.002563,0.002547,0.000572,-0.001870,0.000066,0.001448,-0.004034,0.000129,0.003114,-0.000545,0.000601,-0.001419,-0.006809,-0.007296,0.002298,0.001336,0.001872,-0.001602,-0.002454,0.004109,-0.001111,-0.003150,0.001784,0.001730,-0.003041,0.002717,0.018489,-0.001004,0.001248,-0.003900,-0.001502,0.000580,-0.004494,-0.000219,-0.000273,0.004651,-0.001239
-0.000320,0.002008,-0.001225,0.001902,0.011050,-0.000472,-0.000392,0.001875,0.000226,0.002395,-0.002155,0.002945,-0.005389,-0.001283,-0.001499,-0.003101,0.000423,-0.000264,0.002493,0.000975,0.009744,-0.000788,0.000797,0.002505,-0.000474,-0.002655,-0.003168,-0.002479,-0.002370,-0.002971,-0.002648,0.000317,-0.000894,0.005391,0.000342,-0.004259,0.001083,-0.002618,0.000799,-0.005384,-0.002451,0.004064,0.000091,-0.000894,-0.004175,-0.003437,0.004711,-0.005077,0.002740,-0.004691,0.002768,-0.002172,-0.002540,0.000284,0.010658,0.001619,0.002431,-0.002317,0.002933,0.005767,-0.001573,0.000775,0.003154,-0.000375,0.002941,0.000989,0.004409,-0.003046,0.001124,-0.001112,-0.001665,0.001104,-0.001215,-0.001369,-0.001827,0.002514,-0.001021,0.001213,0.002264,-0.000274,-0.002896,0.000801,-0.000556,-0.000899,0.007874,-0.002075,-0.001345,0.005423,-0.000691,0.004238,0.000420,0.001833,-0.004384,0.005578,-0.000511,0.004288,-0.000362,0.000944,0.003250,-0.000015,-0.000219,0.001333,0.002881,-0.004796,0.000673,0.002954,-0.002449,-0.003055,-0.000586,0.001429,-0.001225,-0.000641,0.002286,0.000961,-0.005202,0.002888,-0.002619,-0.012481,0.002039,0.001674,0.000271,-0.000562,-0.000511,0.002166,0.001848,-0.001371,-0.003599,0.002164
0.003656,0.000505,-0.000668,-0.000480,0.017520,-0.001239,-0.003079,-0.001041,-0.000765,-0.006710,0.001040,0.002367,0.003535,-0.007148,0.001196,-0.003032,-0.001402,-0.000357,0.001276,0.004934,0.003553,-0.000781,0.000328,0.007132,-0.004570,-0.000482,0.004309,-0.003518,-0.001762,-0.007422,0.002620,0.001383,0.003394,-0.004435,0.002102,-0.005327,0.000321,-0.007547,-0.000778,0.006701,-0.005772,0.008872,-0.005008,0.003009,-0.000120,-0.003189,0.002452,-0.006051,-0.002564,-0.000922,0.001377,-0.000565,-0.001710,-0.000265,0.004152,-0.000798,-0.000239,0.000491,-0.004447,0.007929,-0.001712,0.003047,-0.001926,-0.001368,0.001221,-0.001525,0.007814,-0.003828,0.000009,-0.003363,-0.002556,-0.003755,0.004850,-0.003688,-0.003807,-0.000301,0.006784,-0.000593,0.001043,-0.002120,0.003059,-0.000607,0.001048,-0.002720,-0.000843,-0.004053,0.008643,0.008623,-0.001152,0.005175,-0.001553,0.001570,0.003878,0.000713,-0.003349,0.004909,0.000502,-0.006149,-0.001526,0.000650,-0.001451,0.001344,0.000809,-0.021735,0.000407,0.004215,0.000490,0.002494,0.005798,0.000791,0.000471,0.001026,-0.002882,0.002874,-0.003041,0.006256,0.003133,-0.000731,0.004014,0.003435,-0.005162,0.000264,0.001548,-0.000996,0.001956,0.000670,-0.004447,0.002005
0.001036,-0.000002,-0.001834,-0.001298,0.019583,0.002218,0.002519,-0.001837,0.001027,-0.002445,-0.001273,0.002249,-0.002500,-0.004406,0.000689,-0.002558,-0.001269,-0.003235,0.002497,0.000819,0.014577,0.001559,0.001121,0.008821,-0.003978,-0.000697,0.000392,-0.001972,-0.001090,-0.001872,-0.001196,-0.001827,0.000624,-0.003297,0.000916,-0.002075,0.001334,-0.007022,0.002559,-0.007663,-0.004246,0.003877,0.001141,-0.001845,-0.000392,-0.002006,0.003334,-0.006811,0.001229,-0.002785,0.003880,-0.000301,0.001043,-0.000053,0.007075,0.000794,-0.004693,-0.000460,-0.002220,0.002411,0.003651,-0.000556,-0.000183,0.001589,0.002596,0.000976,0.006439,-0.003475,0.000189,-0.000658,-0.002344,-0.001850,0.004354,-0.002484,-0.003142,0.006323,0.002313,0.000284,0.002142,-0.003549,-0.002146,0.001632,-0.002753,-0.000341,0.000957,-0.003144,0.000699,0.007218,-0.002061,0.000920,-0.000541,-0.000364,0.000938,-0.002977,0.002552,0.000981,-0.001047,-0.001234,0.001644,-0.001348,-0.002587,0.000584,0.004371,-0.010940,-0.005095,-0.000509,-0.002048,-0.002614,0.000506,0.001026,-0.002166,0.000120,0.003069,-0.001807,-0.003345,0.004057,0.001005,-0.012748,0.001093,-0.001781,0.000256,0.002926,0.003338,0.003806,-0.000147,0.000683,-0.008362,0.000420
0.000353,0.001812,0.000277,-0.000957,0.006938,-0.000483,-0.000157,-0.000322,0.006517,0.003653,-0.003620,-0.000922,0.001130,-0.000993,0.002126,-0.000703,-0.001597,0.001019,-0.002675,0.003109,-0.002533,-0.000531,0.002021,0.001114,0.000317,0.003744,-0.001335,-0.002408,-0.000765,-0.001068,0.001203,-0.000593,-0.002188,-0.000202,0.003340,0.000149,0.002893,0.001793,-0.000465,0.003247,-0.000777,0.002316,-0.001959,0.000938,0.002400,0.001908,-0.000777,0.000172,-0.003897,-0.000093,0.000381,-0.001000,-0.000154,0.000242,-0.005974,-0.000641,0.001954,0.002516,-0.000820,-0.000686,0.000765,0.001237,-0.001224,0.002502,0.004153,-0.000598,0.002005,-0.002953,0.000636,-0.004306,0.004000,-0.000092,0.000107,0.001476,0.003554,-0.000243,0.000752,-0.000200,0.004889,0.000432,0.001056,-0.002437,0.000797,0.000782,-0.001255,0.000137,0.001738,-0.000028,0.000104,0.000448,0.000069,0.000159,0.005044,-0.005261,-0.002722,0.003078,0.002241,-0.000857,-0.001132,-0.000568,-0.000575,-0.001109,-0.001125,-0.007610,-0.003261,-0.002382,0.001828,-0.000201,0.000270,0.002835,0.000755,-0.004948,-0.001965,0.001418,0.000311,-0.001799,0.000942,0.004941,0.003214,0.000451,-0.001426,-0.000093,0.001978,0.001355,0.000409,-0.000181,0.000240,0.003872
0.003312,0.000478,0.001300,0.000928,0.005364,0.000871,0.002489,-0.001214,0.004228,0.000522,-0.004150,0.000982,-0.002217,-0.002260,-0.001465,-0.000868,0.001230,-0.000323,0.002586,0.003682,0.004540,-0.000055,0.000582,0.004859,-0.001475,-0.000299,-0.001368,-0.000577,0.000864,-0.001131,0.003034,-0.000119,0.002167,0.001140,0.000958,0.000463,0.000469,-0.000619,-0.000926,-0.005182,0.000218,0.001048,-0.001273,0.000544,-0.000915,-0.000366,0.002125,-0.001588,-0.001301,0.000523,0.000489,0.000322,-0.002052,-0.001017,0.006598,-0.001038,-0.001610,0.001055,-0.001746,0.000054,0.000567,-0.001914,0.001030,0.000769,0.004011,-0.000492,0.002937,-0.004755,-0.001494,-0.000275,-0.000820,0.000376,0.001207,0.001909,0.001419,0.003296,0.000868,-0.001770,0.001675,-0.000068,-0.000129,-0.001335,-0.000185,-0.000333,0.001809,0.001953,-0.000717,0.002212,-0.000401,0.001332,-0.001550,0.001462,-0.002180,-0.006227,-0.001095,0.000632,-0.000433,-0.001822,-0.001441,-0.000220,0.000306,-0.001023,0.003301,-0.005973,0.000632,0.000138,0.000103,0.000586,-0.001729,0.000295,-0.001788,-0.001937,-0.000043,-0.000712,-0.002360,0.001620,0.001429,-0.001628,0.000696,-0.001521,-0.000344,-0.000788,0.001146,0.003819,0.001960,-0.001401,-0.001769,0.005446
-0.000104,-0.000988,-0.002020,-0.000111,0.002978,0.002446,-0.000189,0.000376,-0.001306,-0.002269,0.002019,-0.000418,0.001478,-0.001275,-0.000891,-0.002332,0.001029,-0.003134,0.003651,0.000084,0.010134,0.000067,0.000978,0.001217,-0.000010,-0.000966,-0.001155,-0.000063,-0.000055,-0.002535,-0.000543,0.000103,0.001448,-0.000667,-0.000264,-0.001478,0.003021,-0.003084,0.001422,-0.004270,-0.001515,0.000945,-0.000471,-0.003650,0.000383,0.001621,0.002580,-0.002858,-0.000080,-0.000458,-0.000008,-0.000152,-0.000038,0.002653,0.006749,0.000306,0.001030,-0.001602,-0.000809,0.000634,0.001402,0.000691,0.000459,-0.000574,0.000628,0.000583,0.001463,-0.000439,-0.002396,0.000321,-0.001049,-0.000515,0.002436,-0.000794,-0.004103,-0.000983,-0.000156,0.000356,-0.000752,-0.001441,-0.000739,0.002752,0.002742,-0.000789,0.000194,-0.002124,0.000444,0.001200,-0.000519,-0.000622,0.001007,0.001896,-0.003536,-0.001284,-0.000533,0.000508,-0.002460,0.003258,-0.000387,-0.001790,-0.001041,-0.001063,-0.000126,-0.000714,0.002523,-0.000080,-0.002058,-0.000391,0.002349,-0.001199,-0.000987,0.001367,0.000812,-0.001274,-0.002126,0.002220,-0.001269,-0.011090,0.001178,-0.000571,0.001467,0.004827,-0.001358,0.001814,0.000816,-0.000744,0.000065,0.002377
-0.006812,-0.004330,-0.030365,0.013814,-0.018450,-0.042635,-0.000891,-0.024663,0.007517,-0.002626,-0.002287,0.016531,-0.007082,0.003538,-0.001304,-0.005478,0.012362,0.029085,-0.015905,0.016636,-0.025492,-0.014580,-0.000668,-0.062897,0.001754,-0.011816,0.015245,0.028375,0.008958,0.031104,-0.026798,0.004328,0.013581,0.032638,0.011016,-0.007909,-0.000068,0.021374,-0.003619,-0.011184,0.039127,-0.025348,-0.002003,0.009267,-0.001919,-0.005715,-0.001669,0.019465,-0.002384,0.005010,0.004221,0.024699,0.021460,-0.021794,-0.014243,0.003559,0.018553,0.001055,0.011539,0.001248,-0.008395,-0.002007,0.006756,0.012113,-0.017571,-0.025291,0.003222,0.008462,-0.006164,0.012518,0.000925,-0.010220,-0.006830,0.007619,0.027177,0.013194,0.026578,-0.032415,-0.008679,0.013461,0.000054,-0.004260,-0.005460,0.005118,0.022482,0.008716,0.020979,0.007907,0.021668,-0.016157,-0.006641,-0.014843,-0.012738,0.053915,-0.010627,0.000194,-0.002103,0.005791,-0.015623,0.012064,0.010651,-0.009354,-0.018667,0.001509,0.002778,-0.003286,-0.007062,0.018114,-0.030832,0.009506,0.011900,-0.043578,-0.004184,0.000892,0.009794,-0.020903,0.029380,0.037708,-0.022930,0.012457,-0.009495,0.002485,0.022177,-0.019717,-0.007801,0.020399,0.070595,0.000942
-0.001393,-0.003510,-0.014568,0.008470,-0.000902,-0.020165,0.002878,-0.010841,0.002980,-0.003020,-0.002544,0.009695,0.001103,-0.000876,0.001582,-0.003716,0.004747,0.010854,-0.010076,0.011620,-0.013954,-0.002341,0.001445,-0.022266,-0.002493,-0.001262,0.008929,0.008976,0.002786,0.008373,-0.009416,0.000061,0.005636,0.010724,0.010683,-0.007228,0.001380,0.006061,-0.003464,0.001722,0.017627,0.000518,-0.002167,0.009175,0.000828,-0.000662,0.001183,0.008835,-0.001276,0.003099,0.006520,0.009227,0.009229,-0.012080,-0.003743,0.005608,0.005576,-0.001150,0.004788,0.004191,-0.003948,0.001533,0.003504,0.005985,-0.005806,-0.015181,0.010446,-0.001909,-0.003214,0.003580,-0.001428,-0.010265,0.000708,0.003225,0.016283,0.009684,0.014089,-0.015875,0.002703,0.004568,0.001349,-0.005512,-0.001314,-0.000825,0.008095,0.004709,0.008928,0.009412,0.005377,-0.006662,-0.000897,-0.007572,-0.006537,0.017718,-0.004529,0.002986,-0.000017,-0.000672,-0.008864,0.006375,0.003348,-0.006743,-0.004908,-0.017316,-0.003695,0.000478,-0.002237,0.008823,-0.012150,0.002731,0.005132,-0.019152,-0.003700,0.000362,0.005243,-0.007027,0.014308,0.019630,-0.005660,0.005334,-0.005707,0.002483,0.012160,-0.008067,-0.003901,0.006677,0.037914,0.003644
0.003840,0.005509,-0.001385,0.000121,0.000175,0.002299,0.004736,-0.000868,-0.005387,-0.004814,0.000194,0.001988,0.001426,0.002555,-0.000905,-0.000956,-0.002672,-0.002128,-0.004046,0.001482,-0.007196,0.003001,0.002405,0.003542,0.002685,-0.000637,0.006631,0.005110,-0.001766,0.000249,0.007086,-0.001068,-0.005062,-0.001706,-0.000941,0.000797,-0.002888,0.000355,-0.004043,0.015554,-0.001244,0.019196,0.005589,0.002530,0.006856,-0.001654,0.006166,0.001734,0.001857,-0.004791,0.005668,-0.002720,-0.000748,-0.003367,-0.004195,0.005113,-0.005434,0.000081,0.004929,0.003251,-0.005498,0.003075,-0.003082,0.000074,0.004729,0.003640,-0.000244,-0.005861,-0.002342,-0.008326,0.003974,-0.003680,0.005557,-0.002084,0.004535,0.006677,0.001936,0.000463,-0.000179,-0.000166,-0.004700,-0.004540,0.001112,-0.000750,-0.003937,0.001195,-0.003176,-0.003898,0.001440,0.006665,0.000325,-0.003430,-0.000584,-0.005616,0.002920,0.001741,0.001445,-0.007445,0.001878,0.003326,-0.001436,-0.004534,0.002146,-0.012051,-0.012997,0.001143,0.001066,-0.001803,0.004028,-0.001400,0.000132,-0.000231,-0.001783,0.000779,0.001715,0.004997,-0.000535,0.006292,-0.000364,0.007068,-0.005637,-0.003866,0.000202,0.004014,0.000424,0.000784,-0.004235,-0.002202
0.030510,0.020739,-0.001964,-0.044382,0.044592,0.033757,0.027561,-0.004859,-0.064194,-0.010018,0.021795,-0.018861,0.009397,0.019531,0.032717,-0.009493,-0.016725,-0.009743,0.011185,0.008057,0.002946,-0.017213,0.044436,0.089760,-0.019102,0.003159,0.022279,-0.021783,-0.036847,-0.037336,0.038561,-0.017708,0.013223,-0.005534,0.005657,0.011980,0.024112,-0.016261,-0.008029,0.106970,-0.036550,0.080818,0.051176,0.021706,0.037229,-0.026617,0.007408,-0.036902,0.012720,-0.040937,0.017544,-0.042073,0.001480,0.029723,-0.043206,0.024032,-0.047104,-0.009927,-0.036800,0.028662,-0.062308,0.051725,-0.000303,0.030825,0.055059,0.027787,0.018893,-0.008882,-0.043578,-0.052231,0.018046,0.005676,0.009840,0.006116,-0.011561,-0.046218,-0.039822,0.019329,0.054372,-0.021013,0.005327,-0.012041,-0.000624,-0.022954,-0.076855,0.000001,-0.025711,0.027913,-0.020410,0.041125,0.014810,0.008920,0.027412,0.060407,0.041644,-0.005054,0.036168,-0.023578,-0.022220,0.027718,0.005319,0.020127,0.015995,-0.105805,-0.044081,0.017446,-0.011926,-0.041653,-0.033743,-0.033131,-0.007863,0.064430,-0.039648,0.014186,-0.012593,0.049876,-0.014952,-0.011521,0.036947,0.029790,0.005402,0.013789,-0.013724,0.015646,0.012725,-0.024287,-0.084577,-0.035338
0.080727,0.131176,-0.063916,-0.098062,0.026474,0.072855,0.134790,-0.008941,-0.118552,-0.016203,-0.055894,-0.111850,-0.159175,0.145390,-0.010135,0.020500,-0.030662,0.099560,-0.001737,-0.009687,-0.032184,-0.111887,0.055205,0.017773,-0.049538,-0.086264,0.002706,-0.007595,-0.043884,0.088485,0.095506,0.009567,0.067944,0.165316,-0.039040,0.096803,0.103019,0.078434,-0.044851,0.377371,0.002920,0.048273,0.048644,0.048753,0.053026,-0.047193,-0.013447,-0.083165,0.057502,-0.086741,0.022090,-0.011827,0.000425,0.051018,-0.281629,0.099891,-0.077899,0.064439,0.026589,0.023844,-0.259544,0.104412,0.041354,0.149720,0.139573,0.026016,-0.270344,0.069254,-0.110628,-0.142289,0.131977,0.062091,-0.089070,0.044252,0.032105,-0.073960,-0.147787,-0.009327,0.112061,-0.035494,-0.103815,0.035694,-0.035473,-0.011795,-0.082992,-0.004702,-0.062218,-0.121441,-0.010309,0.063326,-0.015968,-0.031594,0.048082,0.416571,0.039571,-0.102653,0.136007,-0.046442,-0.132918,0.124239,0.070800,0.056549,0.054588,-0.053152,-0.105127,0.027843,-0.063764,-0.083329,-0.306772,-0.022207,0.042983,0.022143,-0.095952,0.052894,0.001086,-0.044514,0.010519,0.038615,0.009165,0.085198,0.088948,0.032655,0.043395,0.042190,0.033200,-0.089047,-0.256532,-0.017164
-0.065916,0.074188,0.023397,-0.120718,-0.008770,0.082406,-0.077272,-0.022715,-0.073477,0.020033,0.031486,-0.048718,-0.095395,0.063495,0.056913,0.107292,-0.028684,0.061928,0.039558,-0.105026,-0.104509,-0.178299,0.088625,0.115459,0.012932,-0.015774,-0.021973,-0.032367,0.024699,-0.044386,-0.084277,-0.019546,-0.126536,0.071512,0.000920,-0.012870,-0.003932,-0.083523,-0.046261,0.339813,-0.016173,0.230065,0.193231,0.070071,-0.072194,-0.153675,-0.084355,-0.084693,0.002495,-0.178925,-0.043801,-0.064774,0.013820,0.101001,-0.312799,0.210212,0.066641,-0.083733,-0.054058,-0.009407,-0.296898,0.141265,0.011611,0.053189,0.001365,0.020695,0.050558,0.069284,-0.042014,-0.037947,0.229228,0.223059,-0.156940,-0.094351,0.035700,-0.168094,-0.100485,0.064469,0.130693,-0.021223,0.004429,-0.039191,-0.012317,-0.045575,-0.299929,-0.132982,0.006039,-0.072549,0.007979,0.114972,-0.079723,0.128509,0.072632,0.477254,0.120549,0.066830,0.075006,0.029973,-0.163586,0.055555,0.091639,-0.090227,-0.066665,-0.005329,-0.147047,-0.068203,0.099889,-0.107336,-0.249249,-0.012552,0.059594,0.162923,0.002366,0.026363,-0.056413,0.020884,0.058607,0.043845,0.052093,-0.049155,0.001845,-0.043371,-0.048046,0.061344,-0.060909,0.034794,-0.227079,-0.132276
-0.029066,0.122092,0.047507,-0.011837,-0.044041,0.171211,0.090407,0.029662,0.106714,0.155301,-0.019740,0.118995,0.031453,0.117658,0.147603,0.029253,-0.058552,-0.007667,-0.080162,-0.048231,-0.285440,-0.003112,0.121732,0.185409,0.096106,0.061633,-0.005997,-0.048394,0.081647,0.083490,-0.067612,-0.034388,-0.207465,-0.050905,-0.042581,0.022117,-0.154986,0.145666,-0.144542,0.180112,0.080168,0.246071,0.120715,0.016553,0.091138,0.136942,-0.091695,0.091695,-0.080574,-0.136768,-0.004417,0.046180,-0.033080,0.002855,-0.215177,0.252056,0.064329,0.084291,0.112129,-0.102103,-0.243551,0.034313,0.090159,0.077904,-0.135871,0.104427,-0.129841,-0.123709,0.027102,-0.031940,0.370522,0.314886,-0.081882,-0.181774,0.146560,-0.046505,-0.035503,0.110842,-0.043373,0.023546,-0.060236,-0.063222,0.031685,0.073109,-0.115421,0.004661,-0.081650,-0.172791,0.038507,-0.077901,-0.112998,0.130130,0.089018,0.153155,0.095254,0.001909,0.091085,-0.008549,0.078682,-0.012414,0.011777,-0.326726,0.081569,-0.007795,-0.193295,-0.171675,0.171952,-0.157131,-0.219799,-0.021817,0.038183,0.040985,0.114578,-0.019150,0.013304,-0.045591,0.000369,0.117008,0.088187,-0.123494,-0.032454,0.023738,-0.079021,0.313859,-0.116267,0.122736,-0.125100,-0.003167
-0.112642,0.055849,-0.139305,0.011614,0.165156,0.110588,0.003535,-0.082393,0.122725,0.047800,0.048892,-0.035419,-0.080790,0.226105,0.042446,-0.142146,0.043356,0.171363,0.019051,0.094382,0.053465,-0.197165,0.063047,0.088767,0.103652,-0.193928,0.072836,-0.035430,-0.027994,0.230340,-0.046728,-0.017526,-0.032711,0.210499,-0.257531,-0.057114,-0.105030,0.054246,-0.041543,0.183702,-0.123799,-0.107142,-0.003187,-0.092925,-0.149652,-0.116449,0.133399,-0.134325,-0.174462,-0.167891,0.055845,-0.005524,0.035965,-0.113733,-0.238210,0.012046,-0.019477,0.147342,0.177318,-0.073988,0.092548,-0.035680,0.033557,0.237849,0.015007,0.045156,-0.137602,-0.121913,0.031003,-0.246464,0.200612,0.278682,0.083651,0.020135,0.024335,0.177229,0.222045,0.033433,-0.028080,0.116583,-0.145080,0.028895,-0.054612,0.075159,0.132726,-0.035939,-0.031020,-0.250302,0.085450,0.051074,0.069199,0.025532,0.263892,-0.105536,0.110103,-0.152653,-0.068624,-0.113083,0.166492,-0.003187,0.111319,-0.030094,0.131698,-0.125927,-0.054345,0.029812,0.001200,-0.165007,-0.063126,0.099076,-0.029241,-0.144987,0.155052,-0.029424,-0.201447,0.128668,0.113455,-0.058114,-0.005075,0.067320,0.064235,0.020453,0.041904,0.111849,-0.103258,0.057484,-0.135404,0.079189
-0.016841,-0.009760,-0.085453,0.002688,0.088846,0.092580,-0.087228,-0.120684,0.098616,-0.027797,0.015960,0.129267,-0.032652,0.139459,0.214170,-0.112202,-0.062747,0.134652,-0.224619,-0.039934,0.257165,-0.024091,0.080414,0.208912,0.071444,-0.141515,0.033286,-0.081735,-0.111521,0.058451,-0.073038,-0.002305,-0.007041,0.149583,-0.249236,0.003383,-0.100807,0.132762,-0.005083,0.041981,0.031731,0.294379,0.012611,0.025565,-0.143149,-0.189598,0.253682,-0.120422,-0.165369,-0.096193,0.194171,-0.126149,-0.075862,-0.112910,-0.032813,0.062100,-0.092094,0.095912,0.244494,-0.113051,0.101488,-0.124409,0.044870,0.169168,0.026533,0.049842,-0.066179,-0.185295,-0.016149,-0.174070,0.206060,0.091014,0.166599,-0.092766,0.008032,0.074974,0.173734,0.051388,-0.013867,0.107359,-0.163396,-0.027111,0.039241,-0.012732,0.070187,-0.027760,-0.134279,0.143824,0.048903,0.196699,0.123508,0.036186,0.276030,-0.475105,0.118806,-0.245856,-0.150906,-0.078581,0.143651,-0.126137,-0.019233,-0.011711,0.104878,-0.244181,-0.177970,-0.038866,-0.038828,-0.220591,0.289108,0.003034,0.094646,-0.192275,0.113587,0.046788,-0.036367,0.102364,-0.025512,-0.187411,0.087621,0.062159,0.086963,-0.080229,0.079806,0.100314,-0.037684,0.091173,-0.026819,0.015645
0.028830,-0.065046,-0.165008,0.067647,0.239652,0.095959,-0.062569,-0.190729,-0.171040,0.421811,0.164821,-0.165648,-0.133625,0.139500,0.039515,-0.223512,-0.133401,0.277346,-0.306588,0.029731,0.298083,-0.059512,0.194095,0.084359,-0.016964,-0.119282,0.136213,-0.022603,-0.163470,0.298334,-0.363579,-0.028065,0.191049,0.224076,-0.080623,-0.157627,0.021361,0.267688,0.031793,0.133183,0.173124,0.068392,0.062686,-0.022144,-0.065617,-0.057457,0.029095,-0.038343,-0.155511,0.035240,-0.172348,-0.010888,-0.044361,-0.024572,-0.157983,0.165833,-0.139723,0.184175,-0.015029,-0.124936,0.191683,-0.100881,0.032328,0.239572,-0.147585,-0.108728,0.074837,0.042396,-0.151855,-0.207684,0.117442,0.148926,0.045857,0.039044,-0.052611,-0.235072,0.077336,-0.116352,0.169071,-0.058407,-0.261988,0.207189,0.081297,0.073763,0.218877,-0.124872,-0.080806,0.250906,0.098690,0.114621,-0.054247,-0.022645,0.332859,0.047990,0.262250,-0.302691,0.174802,0.089343,-0.022037,-0.054477,0.057398,0.214924,0.141269,-0.391304,-0.327805,0.041813,-0.142064,-0.074476,-0.113910,-0.055338,0.220115,-0.108453,0.059148,0.176738,-0.081399,-0.170800,-0.033794,-0.336667,0.025977,0.112229,0.182540,-0.125880,0.231981,-0.114863,-0.034119,-0.004805,0.160152,-0.136880
-0.012724,-0.027765,-0.061249,0.290998,-0.036219,0.038689,-0.161082,-0.043416,-0.243966,0.177899,0.143330,-0.099652,0.108115,-0.311106,0.101798,-0.081217,-0.277706,0.235716,-0.255875,-0.126446,0.262570,0.020663,-0.066246,0.002119,-0.036270,0.114216,-0.212016,-0.032483,-0.483268,0.153407,-0.145620,-0.188945,0.224721,0.048105,-0.150067,-0.121681,-0.048331,0.091172,0.085592,-0.052630,-0.016424,0.071259,0.173923,0.168962,-0.392367,-0.059758,-0.021836,-0.062111,-0.151503,0.219698,0.006041,0.043652,-0.223969,-0.028233,0.061172,0.139877,-0.416925,0.405406,-0.101408,-0.000034,0.086086,-0.109160,-0.305381,0.128752,-0.050446,-0.063461,0.046270,0.106067,-0.165780,-0.246417,-0.319981,-0.217058,0.023861,0.281808,0.074993,-0.306646,-0.010060,-0.087214,0.038005,-0.151008,-0.064883,0.017166,0.024492,-0.206892,-0.162264,-0.282634,-0.255192,0.266712,-0.312107,0.111035,-0.171058,-0.079979,0.005257,-0.155708,0.234980,-0.151982,0.059215,-0.203741,-0.032534,-0.120458,-0.005748,0.195255,-0.057083,-0.128327,-0.069745,0.030141,0.029912,0.084923,0.254529,0.127237,0.222016,0.156656,0.056416,0.077987,0.166437,-0.136055,0.092690,-0.040201,0.221328,0.021442,-0.016384,0.079738,0.013007,-0.052884,0.248928,-0.089758,0.004535,-0.095894
-0.119833,-0.091996,-0.404173,0.266169,-0.316687,-0.057106,-0.137072,-0.075006,-0.081878,0.305529,0.363480,0.262411,0.121689,0.331629,0.022867,-0.110878,-0.269652,0.419376,-0.157899,0.008924,-0.022645,-0.141746,0.082499,0.097526,0.302574,0.082959,-0.168272,0.083288,-0.173514,0.199094,0.009611,-0.056541,0.139914,0.154101,-0.199287,0.093471,0.072986,0.105019,0.112751,0.080330,0.211526,0.049162,0.001016,0.107255,-0.415679,-0.174580,0.052120,-0.147996,-0.353168,0.336447,0.028780,0.059503,0.095734,-0.061216,-0.246544,-0.095814,-0.229396,0.211123,-0.223151,0.119486,-0.310578,-0.163845,-0.142238,-0.139849,0.181409,0.029753,0.077924,-0.123672,-0.022675,-0.170610,0.077512,-0.127729,0.103204,-0.044224,0.017391,-0.208209,0.073760,-0.157373,-0.079389,-0.027827,0.021196,0.042316,0.056253,-0.011652,-0.227649,-0.027184,-0.164901,0.351803,0.065050,0.083394,-0.320349,-0.192053,-0.143295,0.110880,0.027340,-0.014312,0.297181,0.118147,-0.036137,-0.114974,0.024240,-0.047584,-0.054896,-0.014407,-0.016004,0.052642,0.038272,0.126820,0.013105,-0.124147,0.255729,0.147425,-0.157055,0.106804,0.009388,0.189636,0.365855,0.080301,-0.062760,0.127994,-0.314621,-0.026830,-0.019647,-0.112537,0.125478,0.147415,-0.094382,-0.212994
-0.220533,-0.172857,-0.388181,0.207220,-0.236328,-0.141316,-0.185127,-0.100954,-0.361749,-0.038431,0.296237,0.264774,0.027254,0.499466,-0.122980,-0.255573,0.034184,0.310757,-0.181102,-0.031427,0.193201,-0.190967,-0.085886,0.093239,0.375132,-0.193743,-0.262340,-0.167854,-0.037548,-0.074687,-0.103305,0.052351,0.154539,0.291027,-0.307960,-0.009925,0.043460,-0.028360,-0.068949,0.160822,0.337006,-0.011014,0.031120,-0.100655,-0.428499,-0.215048,0.087896,-0.254782,-0.057438,0.173810,0.105550,0.052683,0.222267,-0.089576,0.019830,-0.184647,-0.080894,0.021824,0.299519,-0.093165,-0.144218,-0.364234,-0.024458,-0.194330,-0.075445,-0.043699,-0.094836,-0.158863,0.032044,-0.235486,0.068621,-0.043043,0.152208,0.036318,-0.049421,0.083789,-0.062633,-0.114556,-0.123727,-0.027988,-0.061516,0.055765,0.026622,0.070630,-0.083419,-0.041206,-0.007109,0.288564,-0.011528,0.131013,-0.281140,-0.237649,-0.022263,-0.021310,-0.143708,-0.005902,0.096465,0.163127,0.077790,-0.079758,-0.043325,-0.012830,-0.062253,0.238590,-0.080611,-0.228977,0.069654,-0.024390,0.060898,0.082571,0.261363,-0.122801,0.115164,0.082351,0.114156,-0.022670,0.297446,-0.260597,0.070605,0.061974,-0.330443,-0.021390,-0.065766,0.038900,-0.135336,0.156700,-0.042946,-0.015637
-0.105066,-0.121065,-0.175953,0.042997,-0.203653,0.091128,-0.056427,-0.186044,-0.170328,-0.273018,0.237437,0.511374,-0.186138,0.067187,-0.248343,-0.152959,0.224116,-0.207713,0.013665,-0.004522,0.214874,-0.187337,-0.002514,0.251288,0.205746,-0.217679,-0.291763,0.129439,-0.081046,0.065621,0.160047,0.071280,-0.141869,0.105770,-0.367962,-0.224243,-0.202360,-0.233651,-0.097954,-0.019366,0.300144,-0.086410,-0.064771,-0.076473,-0.216432,-0.038414,0.038750,-0.276399,0.052786,0.076131,0.153659,0.293507,0.394908,-0.077772,0.336182,-0.113006,0.081176,-0.305864,0.149624,0.046872,0.091497,-0.164803,-0.126112,-0.142953,-0.305995,-0.052325,0.158911,-0.100499,-0.016156,0.012394,0.190498,0.096560,0.167209,-0.214037,0.138490,0.289629,0.020936,-0.087958,-0.226804,-0.047454,-0.197388,0.009490,0.058863,0.028762,-0.177124,-0.112206,0.282302,-0.132791,-0.101663,0.146762,-0.270218,0.074816,0.259511,-0.212913,-0.160783,0.031755,0.029693,0.023840,-0.038375,-0.099609,-0.159537,0.017441,0.114051,0.128772,0.143281,-0.412902,0.026238,0.251811,-0.096953,0.166510,0.118370,-0.156799,0.180565,0.071412,0.127643,0.164811,0.320862,-0.087708,0.077216,0.152908,-0.045899,0.002501,0.002350,0.026973,-0.257949,0.277880,-0.008738,-0.104477
0.304809,-0.060683,0.087116,-0.313733,-0.199153,0.203288,-0.055224,-0.021324,-0.139166,0.038157,0.177155,0.317814,-0.048716,-0.019369,-0.067884,-0.018636,0.142546,-0.401009,0.034125,0.072905,0.012341,-0.026289,0.069926,0.505284,-0.062197,-0.004709,-0.238051,0.090057,-0.005896,0.066298,0.258913,-0.065767,-0.124840,-0.116179,-0.111973,-0.064998,-0.053624,0.018350,-0.073982,0.013562,0.164139,-0.038474,-0.160332,-0.113410,0.073416,-0.093278,-0.242183,-0.185525,-0.000120,0.178895,0.023743,0.280318,0.116060,-0.009122,0.519166,-0.034478,-0.268812,-0.379878,-0.073054,0.261309,0.249327,0.050181,-0.167967,0.205068,-0.155404,-0.066082,-0.218900,0.282530,-0.082025,-0.005695,-0.192716,-0.061610,0.022997,-0.080048,0.067876,0.055317,-0.034778,-0.085495,-0.151533,-0.212664,-0.087340,-0.056287,0.093057,0.150133,0.196551,0.127373,-0.006556,0.104515,0.072940,-0.079391,-0.279238,0.149220,0.074705,-0.397213,0.076931,-0.133738,0.653998,-0.022590,0.068310,0.080968,-0.084349,-0.033884,0.243315,-0.339924,0.092196,-0.179737,-0.256602,0.061625,-0.504335,-0.309686,0.209865,0.111660,0.077700,0.107912,0.150313,-0.115082,0.160753,0.180598,0.015583,0.184184,0.034051,-0.022071,-0.004238,0.012322,-0.014347,0.023613,0.028979,-0.335000
0.019476,-0.075691,-0.032519,-0.030454,0.039944,-0.083044,0.079077,-0.066401,-0.042381,0.023634,0.293541,0.284527,0.447248,0.049958,0.198883,-0.124975,-0.396386,-0.305535,-0.096252,-0.060068,-0.028967,-0.080960,0.185515,0.248162,0.009600,-0.006364,0.043182,0.045518,-0.083712,-0.169480,0.100378,-0.049109,0.109568,-0.068125,-0.011131,-0.093148,-0.077125,-0.193197,-0.021412,0.014571,0.250315,-0.400050,-0.074455,-0.097348,0.088470,-0.217905,-0.059841,-0.278544,-0.063934,-0.017717,0.116011,0.052920,-0.104837,0.029610,0.367144,0.188498,-0.106612,-0.158941,0.015708,0.234668,0.228140,0.111957,-0.004565,0.572072,0.016245,-0.011726,-0.012537,-0.163247,-0.205038,-0.142886,-0.156748,-0.074398,0.063830,0.043203,-0.119870,0.010609,0.121678,-0.138285,-0.137828,-0.083236,0.107947,-0.025027,0.154639,0.202337,0.053478,0.191494,0.107891,0.069614,0.057213,-0.009209,-0.127736,0.082408,-0.132101,-0.280322,0.041431,-0.061691,0.122794,0.130074,-0.067382,-0.003912,-0.040011,0.138176,0.150915,-0.213686,-0.091910,0.032630,-0.117148,0.131030,-0.105060,-0.218300,0.086629,0.187069,0.191224,0.209840,0.311417,-0.209190,0.013869,-0.132794,-0.023606,0.121281,-0.009747,-0.098733,-0.001544,0.199342,0.102773,0.119582,0.086432,-0.228984
-0.032444,-0.146602,0.117461,0.156243,0.018694,-0.185108,-0.031477,-0.054860,0.121330,0.161814,0.103534,0.536247,0.271154,0.081737,-0.079177,0.090267,-0.239637,0.024754,-0.081067,-0.044631,-0.098158,0.071352,0.061235,0.313893,0.074233,-0.080968,0.006344,-0.317075,0.479070,-0.024344,0.242206,-0.031805,0.019365,-0.224183,0.056221,0.042797,0.036546,0.032862,0.073309,-0.058112,-0.167677,-0.827839,0.118738,0.027070,0.108212,-0.022293,-0.027571,-0.223508,-0.092587,-0.094771,0.105243,0.042304,-0.078742,-0.117375,-0.365524,-0.055668,-0.015624,0.060423,-0.009694,-0.323169,0.667496,-0.027879,0.026104,0.015435,-0.000882,-0.002270,0.107214,-0.040032,-0.049273,0.186538,0.144655,0.172320,-0.000625,0.284814,-0.278311,0.094521,0.053490,-0.020015,-0.403226,0.122202,0.123485,-0.074176,0.126254,-0.103990,0.161343,0.340656,0.047491,0.145941,-0.092320,-0.026868,0.054678,0.102628,-0.114383,-0.332313,-0.208668,-0.133164,0.234324,-0.123718,-0.066993,0.030509,0.004732,0.204657,0.134898,0.172457,-0.019097,-0.236171,0.038833,-0.014308,0.098791,0.117290,0.024566,0.200390,0.245694,0.068798,0.157995,0.134138,-0.144352,-0.258758,0.005737,-0.090252,-0.112565,0.111821,0.021689,-0.022431,0.272821,0.046619,-0.200424,0.112365
0.120679,-0.182110,0.043144,0.181698,-0.268558,-0.054553,0.149361,-0.034892,-0.066291,0.109022,0.008662,0.352345,0.132760,0.198860,-0.205975,0.055613,-0.066478,0.031032,0.111351,0.171048,-0.020186,-0.169529,0.065973,0.276749,-0.001307,-0.145415,0.009259,-0.076493,0.248638,0.044380,0.194999,-0.091397,0.156184,-0.075132,-0.094958,0.042365,0.054725,-0.084286,-0.032404,0.078162,0.046128,-0.435479,0.137485,0.144038,0.260941,0.129651,0.034660,-0.290041,0.098007,-0.126371,0.078884,-0.029024,-0.026247,-0.034769,-0.175528,0.084307,-0.265972,0.188848,0.026840,-0.207018,0.239778,0.121074,0.066812,0.019969,0.012262,0.049198,-0.008669,-0.023075,-0.197009,0.056756,0.244408,0.207407,0.022000,0.183481,-0.003547,0.150013,-0.087309,0.039876,-0.323540,0.064326,0.002938,0.087803,0.061334,-0.179716,-0.067005,0.122424,0.097800,0.010103,0.008885,0.192001,-0.026236,-0.010508,-0.077286,-0.032637,0.057855,-0.220984,0.143906,0.024416,0.009649,-0.029393,0.014039,0.113572,0.151889,0.159308,0.112569,-0.057553,-0.062573,-0.080433,-0.270371,0.079013,-0.213960,0.029458,0.202728,0.071371,-0.061070,0.050545,-0.173135,-0.381143,-0.015531,-0.110623,-0.133891,0.245935,0.008236,0.093949,0.131919,0.102552,-0.149915,0.071556
0.018530,-0.189984,0.088953,-0.042061,-0.197657,-0.171947,-0.122374,-0.017360,-0.176787,-0.060078,-0.043534,0.259591,0.181173,-0.012332,-0.040350,0.027519,0.213563,0.155577,0.142391,0.155739,0.003496,-0.284661,0.104543,0.134710,0.040498,-0.101314,0.061495,-0.006194,0.075346,-0.132097,-0.043832,-0.105212,0.191973,0.051093,-0.034740,-0.022786,0.020851,-0.130602,-0.006185,-0.023300,0.077401,-0.323001,0.076071,0.070034,0.044591,-0.122842,0.038260,-0.117532,0.086811,-0.078038,0.017867,-0.119192,-0.085046,0.074308,0.139630,-0.028083,-0.095978,-0.147494,0.020359,-0.075669,0.084177,0.151234,0.048540,0.042693,-0.045515,-0.006637,-0.010340,0.076833,-0.148225,0.122850,-0.070042,-0.006590,0.050289,0.272876,-0.011841,0.020034,-0.014033,0.009323,-0.157381,0.057807,0.042521,-0.014279,0.017442,-0.087479,-0.145982,0.018095,0.194504,0.161296,0.075804,0.190435,-0.014041,0.000517,0.084911,-0.050667,0.026422,-0.058951,-0.054601,0.068366,-0.076991,-0.087697,0.068053,0.118924,0.032197,-0.113339,0.197454,0.011521,-0.073804,0.058601,-0.049387,0.140651,-0.219789,-0.121204,0.043028,0.012724,-0.023021,0.053255,-0.047697,-0.132606,0.008360,-0.087101,-0.059162,0.056233,0.050301,0.053642,0.044609,0.174442,0.236429,-0.005985
0.003433,-0.097031,0.113474,-0.106113,-0.219469,-0.155728,0.017726,-0.025535,0.106833,-0.049200,0.021141,0.307319,0.169530,-0.016639,0.182217,-0.028536,0.217248,0.302908,0.015620,0.114508,-0.220932,-0.131461,0.117220,0.016191,0.280407,-0.060178,0.010508,0.025325,0.182576,-0.079237,-0.180807,-0.071362,0.040306,-0.112586,0.094348,0.135502,-0.067249,-0.009942,-0.002290,-0.179132,0.060587,-0.051190,0.053094,0.004045,-0.062824,-0.061835,0.047938,0.048511,-0.029047,0.061172,-0.032647,-0.087060,-0.148520,0.027951,0.168832,-0.019162,0.004215,-0.231891,0.195938,-0.159436,0.084019,0.050231,0.071342,0.051987,-0.210238,-0.053357,-0.313681,0.061688,0.074847,0.021697,-0.003813,-0.021793,-0.021127,0.320797,-0.031540,0.107912,0.136808,0.053258,-0.089268,0.138013,0.064332,-0.032815,0.040304,0.085344,-0.074082,0.001911,0.100537,0.197136,0.198802,0.077195,-0.042496,0.022045,0.015533,-0.138793,0.063941,0.027034,0.076687,0.096086,0.018512,-0.089401,-0.015863,-0.049906,-0.035053,-0.002257,0.089732,-0.038872,-0.009301,-0.018202,0.084500,0.118508,0.016283,-0.170262,0.032417,-0.004816,-0.018222,0.019406,0.047137,-0.009071,-0.071390,-0.020046,-0.025718,0.008965,0.001817,0.058110,0.050591,0.191442,0.237575,0.033246
-0.019908,-0.044377,0.019533,0.042799,-0.098816,-0.052013,0.031583,-0.027835,0.071677,-0.039270,0.003697,0.111603,0.037714,0.017291,0.007956,-0.031933,0.074744,0.046004,0.027291,0.159778,-0.088486,-0.049422,0.047149,0.008303,0.130832,-0.042850,0.013365,0.048311,0.087326,0.007181,0.006889,-0.010051,-0.001789,-0.031460,0.059836,-0.009584,-0.030270,-0.101013,-0.012189,-0.157656,0.049319,0.013442,0.002591,0.008385,-0.031142,0.015207,0.061672,-0.044234,0.006905,0.016689,0.026939,-0.004358,-0.020107,0.003658,0.241943,-0.015352,-0.008081,-0.051040,0.082983,-0.001805,0.073278,0.028698,0.005347,0.002118,-0.043283,-0.054759,-0.003478,-0.036835,0.028107,-0.040362,-0.069206,0.022025,0.006159,0.097134,0.009027,0.130904,0.110844,-0.030296,-0.038956,0.050073,-0.013357,0.002902,0.038844,0.011156,-0.004404,0.006907,0.033374,0.099601,0.029385,0.046004,-0.015460,0.015505,-0.050501,-0.055448,0.091486,0.016234,0.036345,0.054858,0.000358,-0.020421,0.006632,0.005987,0.043155,-0.026008,0.063797,0.020545,0.028398,0.023308,-0.008715,0.032721,-0.035015,0.002448,0.087956,0.009302,-0.013391,0.035606,0.005585,-0.144889,-0.012523,-0.020591,-0.008575,0.048149,0.024512,0.035706,0.009026,0.048424,0.143354,0.019338
0.011389,-0.005937,-0.010845,0.017885,-0.015098,-0.011078,-0.011824,-0.016063,-0.049985,-0.010369,-0.022994,0.024327,-0.018356,-0.002683,-0.018717,0.007612,-0.001541,-0.014813,-0.011376,0.020623,-0.016884,-0.020122,0.032126,0.007688,-0.021356,0.009535,0.031839,-0.001335,0.004264,0.000269,0.031137,-0.013639,0.005685,0.029639,-0.003519,-0.020945,0.013483,-0.014755,-0.008083,0.051198,0.045876,0.019680,0.008978,0.019475,0.042502,0.017014,-0.002801,-0.012535,0.006852,-0.034227,0.006333,-0.019586,0.011633,-0.001107,-0.006448,0.004168,-0.000391,0.004453,-0.017300,0.016120,-0.030951,0.029138,-0.020180,-0.001197,0.022090,-0.001532,0.059529,-0.005641,-0.026853,0.010667,0.005250,-0.015198,0.004494,0.011800,0.028212,-0.047415,0.003500,-0.014121,0.005982,-0.002174,0.021480,-0.015970,0.006778,-0.028245,-0.048047,0.007227,0.020276,0.034177,-0.014134,0.033877,-0.003710,0.003732,0.024801,0.044123,-0.004209,0.004107,0.001122,-0.030026,-0.021204,0.008321,0.018341,0.014821,0.006654,-0.066808,-0.013673,0.005463,0.010961,0.007657,-0.010169,0.018321,-0.038245,0.008841,-0.006956,0.021862,0.015104,0.035237,-0.005987,-0.010453,0.017028,-0.012971,-0.007941,-0.008039,0.020561,-0.009452,0.006987,0.015589,0.037189,-0.020500
-0.020119,-0.002603,-0.000459,0.002425,-0.086290,-0.006716,-0.009275,-0.002633,-0.010092,0.014025,0.003158,-0.011185,-0.010400,0.025801,-0.020473,0.012877,0.011995,0.005522,0.000064,-0.017436,-0.012730,-0.010871,0.005067,-0.045029,0.022684,-0.007669,0.000504,0.027853,0.014328,0.035206,-0.018378,-0.003280,-0.003800,0.029534,-0.019265,0.016275,-0.006405,0.016985,0.001276,-0.005800,0.032571,-0.057023,0.015088,-0.013169,-0.001427,0.002534,-0.006938,0.014188,0.014348,-0.001839,-0.015074,0.002650,0.004397,0.004426,-0.033312,-0.001008,0.007738,0.002391,0.010314,-0.013940,-0.013332,0.000901,-0.003187,0.002202,-0.008855,-0.000428,-0.039239,0.015496,-0.003271,0.007929,0.004496,0.012023,-0.020260,0.017172,0.009866,-0.026293,-0.012703,-0.003732,-0.019892,0.006517,-0.002294,0.002307,0.008800,0.007359,-0.003149,0.012162,-0.015658,-0.024088,0.013552,-0.015236,0.004185,-0.004406,-0.009614,0.030783,0.004274,-0.020041,-0.012540,0.021802,-0.006721,0.005408,0.017452,-0.001804,-0.013124,0.087804,0.009725,-0.004388,-0.008547,0.003056,-0.006487,0.012170,-0.012180,-0.005254,0.004670,0.000264,0.007643,-0.011800,-0.006575,0.000501,-0.020655,-0.006600,0.021572,-0.012699,0.004425,-0.001290,-0.008699,0.009398,0.025124,-0.014024
0.002198,-0.000470,0.001125,0.000791,0.000633,0.002477,-0.000970,-0.002059,0.000889,-0.002217,-0.001240,-0.000359,-0.000361,-0.000237,-0.001648,0.000083,-0.002318,0.000271,-0.002281,0.000932,-0.004863,-0.000684,-0.000789,0.001004,-0.002116,-0.000348,0.001972,-0.001103,0.002667,-0.000074,0.001156,-0.001293,0.001765,-0.000270,-0.001828,0.000579,0.000505,-0.003080,0.000763,0.006190,0.001817,-0.000436,-0.003226,0.001687,0.002339,-0.000617,-0.001049,-0.001003,-0.000509,-0.001457,-0.001992,-0.000157,-0.003272,-0.002217,-0.003930,-0.002460,-0.001927,0.003133,-0.000267,0.002016,-0.000682,-0.000576,-0.002308,-0.000945,0.001122,-0.001780,0.002356,-0.001623,0.001954,-0.002402,-0.000370,-0.000103,-0.000128,-0.000152,0.000960,0.004823,-0.000528,0.000604,0.001226,-0.001451,0.001507,-0.001244,-0.000959,-0.000379,-0.002478,0.002094,0.002313,0.000933,-0.000973,0.003173,-0.000995,0.000971,0.003306,-0.003304,0.000930,-0.001113,0.001535,-0.002652,0.002775,0.000273,-0.001200,-0.000402,0.001592,-0.005249,-0.001588,0.001566,0.001132,-0.001539,-0.000437,-0.000538,0.001056,-0.000659,-0.001533,0.001739,-0.000136,0.002414,-0.000024,0.001951,-0.000208,-0.001975,-0.003846,-0.003624,0.000472,-0.000696,0.000331,-0.000597,0.000117,-0.001192
0.000969,-0.001569,-0.000379,0.001484,0.007651,-0.000085,-0.000601,-0.001017,-0.001361,-0.005222,-0.000836,0.001852,-0.001623,0.000578,0.005121,-0.002215,-0.002006,-0.001284,-0.002709,0.000534,0.000081,0.002358,0.001658,0.003932,-0.003873,0.003218,0.003183,-0.002838,-0.001423,-0.003169,0.001904,-0.002026,0.001825,-0.003751,0.001139,-0.000984,-0.001546,-0.000908,0.000028,0.000765,-0.002084,0.001973,0.000252,0.001416,0.002641,0.000183,-0.000363,0.000533,-0.000373,-0.001022,0.000422,-0.002097,0.002692,0.001426,0.003941,0.000552,-0.002827,-0.000001,-0.003881,-0.000303,-0.000444,0.001120,-0.001249,0.001192,0.001867,-0.000645,0.005791,-0.002497,-0.000109,0.001759,-0.000426,-0.003134,0.004805,0.001114,0.000900,-0.002797,0.001740,-0.000097,0.005090,-0.001806,0.002857,-0.002606,-0.000241,-0.001692,-0.001588,0.000389,0.002899,0.003673,-0.002107,0.000189,0.002157,-0.000044,0.003632,0.000308,0.001090,0.002824,-0.000343,-0.005809,-0.000002,-0.003066,0.001670,0.000762,0.000275,-0.005601,-0.001996,-0.001150,0.002628,-0.001742,0.002807,-0.001783,-0.000697,0.000607,0.000397,0.002040,-0.000703,0.004373,0.002223,-0.001382,0.001188,0.001955,-0.000165,-0.001624,0.000545,-0.001129,0.001141,-0.001414,-0.004120,-0.000487
-0.003220,0.002264,0.000965,-0.002325,0.000023,0.001514,0.002253,-0.000270,0.003671,0.002538,-0.001251,0.002324,0.001391,0.000387,0.004090,0.002128,-0.001101,-0.000694,-0.002575,0.000239,-0.000155,0.003722,0.000095,0.003021,0.003255,0.000976,-0.001862,-0.000480,-0.001299,0.000171,0.000323,0.000031,-0.004312,-0.001791,0.001148,0.002332,-0.002597,0.001193,-0.000823,-0.005876,-0.000109,-0.003097,0.004108,-0.003476,-0.000733,0.001788,-0.001236,0.001670,0.001416,-0.001274,0.000598,0.000989,0.002614,-0.000352,-0.001029,0.000736,0.001492,-0.000201,-0.000912,-0.006508,0.001974,-0.002322,0.003213,0.002615,-0.001764,0.002531,0.002586,-0.001117,0.000167,0.000087,0.001875,0.002910,-0.001732,-0.000761,-0.003037,-0.002001,-0.001260,0.000737,-0.000055,0.001912,-0.002943,-0.001149,0.000460,0.002557,-0.001443,0.000295,-0.004677,0.001244,-0.000015,-0.004276,0.002235,-0.001162,-0.000049,0.000542,0.003704,-0.000772,-0.000413,0.001128,-0.000938,-0.001653,0.003501,0.000342,-0.001749,0.005985,-0.002156,-0.005096,0.002062,-0.001914,0.000411,-0.001541,-0.000063,0.001020,0.003176,-0.001693,0.005117,-0.003645,-0.002374,-0.000340,0.001017,-0.000316,0.002582,0.003759,0.001204,0.004144,-0.000112,-0.001164,-0.001225,0.000279
-0.001113,0.001707,-0.000817,0.000401,-0.001699,0.000708,0.002444,-0.000552,-0.002846,0.000784,0.003720,-0.001012,-0.000530,0.001685,0.001200,-0.000619,0.001091,-0.000507,0.000706,-0.004527,0.002448,-0.000356,0.000876,-0.004369,0.002227,-0.000344,-0.000175,0.001648,-0.000979,0.002533,-0.005166,0.000595,0.001021,0.000118,0.002529,0.001692,0.000376,0.003536,0.000006,-0.005832,0.000484,-0.000994,0.001974,-0.000669,-0.001679,-0.002215,-0.000064,0.001378,0.002190,0.000619,0.002007,0.001273,0.002354,-0.000588,0.002112,0.001297,0.001185,-0.003070,0.002596,-0.004445,-0.001075,-0.003930,0.003700,0.001232,-0.002177,0.001814,-0.001559,0.002736,-0.003182,0.002370,-0.000680,0.000889,-0.000302,0.000121,-0.002849,-0.001610,-0.001032,-0.000595,-0.001806,0.001557,-0.002073,0.001820,-0.001624,0.001125,0.000755,-0.000168,-0.002688,-0.000971,0.000312,-0.002614,0.000733,-0.000584,-0.003626,0.008793,-0.000196,-0.002640,-0.002234,0.002392,-0.000357,-0.000772,-0.001035,0.000671,-0.002314,0.008130,0.000242,-0.001558,-0.000468,-0.001595,-0.000727,-0.001141,0.001387,0.002183,0.000789,-0.001871,0.002410,-0.000564,-0.001574,-0.000792,-0.003369,0.001153,0.001573,0.002227,-0.000580,-0.000285,-0.000816,-0.000474,-0.000234,0.001120
0.012452,-0.011291,-0.022154,0.004027,0.022936,-0.026722,-0.005538,0.004347,0.003579,-0.015507,-0.031442,-0.013335,0.007483,-0.000854,-0.010922,-0.001954,0.010443,0.019366,-0.008662,0.014901,0.056464,0.004949,-0.015836,-0.010713,-0.005762,-0.007853,-0.009858,0.009515,-0.009452,-0.001633,-0.032331,0.011126,0.024599,0.015415,0.006608,-0.022235,0.017612,0.004403,0.006116,-0.014722,-0.015514,0.039110,-0.023839,-0.005886,-0.001609,-0.015133,0.019291,-0.008119,0.013121,0.012688,0.006224,0.024476,-0.003291,-0.000850,0.014511,-0.013717,0.008620,-0.018710,0.037885,0.006304,-0.005351,-0.007827,0.030996,0.006697,0.010195,-0.009193,0.015257,-0.009351,0.002612,0.009090,0.012822,-0.013172,0.008035,-0.000329,-0.003723,0.048064,-0.001500,-0.019562,0.003128,-0.003020,-0.049779,-0.006181,-0.001287,0.013875,0.039496,0.005412,0.012862,0.021930,0.006528,0.007054,0.003959,-0.015726,-0.035667,-0.006547,-0.025258,0.009423,0.000746,0.019280,-0.007853,0.002450,0.000612,-0.014736,-0.014127,-0.024123,-0.007010,0.000708,-0.025464,0.023281,-0.009305,0.003499,0.005066,-0.047318,0.007885,0.000581,-0.007172,-0.023767,0.000368,-0.028437,-0.009518,0.016293,-0.015851,0.018013,0.029068,0.003655,-0.009715,0.007992,0.025319,0.028717
-0.022351,-0.002626,-0.079864,0.026124,-0.045216,-0.093566,-0.010242,-0.061540,0.008889,-0.001206,-0.003367,0.028916,-0.040426,0.003778,-0.025029,-0.010244,0.034414,0.084618,-0.038112,0.016288,-0.041868,-0.058710,-0.014042,-0.177182,0.001131,-0.054803,0.025136,0.078104,0.004792,0.091468,-0.071768,0.015871,0.038276,0.087871,-0.001541,-0.014688,-0.013347,0.054341,-0.000688,-0.043369,0.103649,-0.122229,-0.000169,0.003542,-0.028876,-0.028476,-0.006886,0.038574,-0.003012,0.008838,-0.005241,0.085417,0.045950,-0.054838,-0.052407,0.005820,0.055030,0.004160,0.035536,-0.003321,-0.017457,-0.009976,0.009760,0.037322,-0.050586,-0.039749,-0.019334,0.037713,-0.009522,0.031450,0.003866,-0.010280,-0.016842,0.019081,0.062405,0.036700,0.065025,-0.074478,-0.046066,0.029261,-0.010057,-0.000814,-0.020302,0.025718,0.070193,0.007365,0.062340,-0.023383,0.072585,-0.036425,-0.022074,-0.031076,-0.024249,0.143203,-0.030425,-0.012278,-0.019780,0.009650,-0.016787,0.019180,0.026943,-0.021792,-0.048075,0.070111,0.022874,0.001624,-0.019816,0.041286,-0.056132,0.037009,0.033852,-0.126615,0.004021,-0.002389,0.008789,-0.057323,0.078125,0.077589,-0.078000,0.037770,-0.024002,-0.013206,0.048462,-0.043388,-0.016530,0.061672,0.127424,-0.005220
-0.062244,0.016415,-0.040143,-0.000478,-0.049226,0.014635,0.012476,-0.010441,0.027665,-0.005862,0.028486,-0.017805,0.024619,-0.020359,-0.044778,-0.024954,0.048667,0.060295,-0.004942,0.032125,-0.095829,-0.043373,-0.010943,-0.103760,0.062452,-0.044998,0.008028,0.024437,0.030334,0.079146,-0.013739,0.006629,-0.002819,-0.010113,-0.001691,-0.001695,-0.047459,-0.004555,0.006349,-0.049897,0.044026,-0.133053,-0.001927,-0.022912,-0.067068,0.032226,-0.049034,0.038440,-0.026179,0.023348,-0.047116,0.085905,0.011139,-0.029999,0.004060,0.018621,0.033412,0.014507,0.019468,-0.008517,0.040600,-0.002701,-0.054903,0.002407,-0.021139,-0.026253,-0.075105,0.044310,0.017242,-0.040084,-0.067092,0.020908,-0.025441,0.048108,0.048819,0.033970,0.058591,-0.030379,-0.044236,0.007656,-0.000559,0.007205,-0.002705,0.018088,0.020759,-0.014753,0.021719,-0.059445,0.034925,-0.074280,-0.027311,-0.004186,0.006176,0.012060,0.034911,-0.024544,-0.010123,0.000208,0.026557,0.008787,0.027388,-0.048777,0.003972,0.065564,0.034468,0.026403,0.017796,0.020986,0.001566,0.045471,0.002499,-0.030811,0.062294,-0.012155,-0.015200,-0.024788,0.035835,0.057528,-0.045643,-0.010483,0.019352,-0.011465,0.015869,0.028809,-0.014468,0.010175,0.089784,0.006657
-0.037321,-0.035486,0.086423,0.021651,0.106584,0.228398,-0.093446,0.051043,0.085401,0.089531,0.018190,-0.006792,-0.046087,0.060740,-0.026130,-0.014299,0.085591,-0.008836,0.029713,0.055893,-0.137536,0.045924,-0.031044,0.040742,0.077916,0.029407,0.097719,-0.036136,0.019151,0.012711,0.043387,0.005461,-0.038379,-0.271089,0.034128,0.057772,-0.027605,-0.049466,0.038081,-0.092879,-0.150854,-0.083872,-0.043313,-0.051013,-0.070160,0.067639,-0.028311,0.062890,-0.086180,0.055439,-0.156854,0.092426,0.075731,0.014428,0.113234,-0.021381,-0.027774,-0.138810,-0.130918,0.016666,0.072899,-0.029540,-0.138001,-0.103371,-0.060591,0.010440,-0.084451,0.010396,0.088197,-0.024251,-0.131031,0.097269,0.084759,0.014786,0.020432,-0.049343,0.189514,0.020056,-0.022188,0.003513,0.063347,0.226059,-0.000408,-0.006900,-0.009348,-0.081598,-0.007552,-0.043498,0.005634,-0.164728,0.014179,-0.044904,0.096778,-0.004033,0.019054,-0.087655,-0.008190,-0.045450,0.048324,-0.099980,-0.024579,-0.058655,0.045309,0.023479,0.093666,-0.010642,0.079070,0.010089,0.047702,0.034522,0.000057,0.023193,0.037385,-0.038679,-0.105336,0.061866,0.050702,0.122867,-0.047162,0.004080,-0.012768,-0.046214,-0.026244,-0.040923,-0.047465,0.003837,-0.130877,-0.050076
0.077328,-0.039149,0.059847,-0.102350,0.122566,0.263733,-0.094949,0.053023,0.015185,0.102550,-0.088213,-0.048433,-0.168257,0.169944,-0.074191,0.000156,0.149441,0.082433,0.010103,0.032139,-0.062924,-0.074314,-0.017491,0.074757,-0.043771,-0.016455,0.155674,-0.014431,-0.022642,0.009434,0.061379,0.031672,0.023995,-0.142838,-0.044868,0.082109,0.093673,-0.021306,0.011840,0.170895,-0.097644,0.087098,-0.156249,-0.019416,-0.059984,-0.068884,0.036398,-0.013056,-0.097633,0.044792,-0.149310,0.049459,0.078132,-0.014667,0.021586,-0.011887,-0.059463,-0.222190,-0.121516,0.132431,-0.092688,-0.008551,-0.137375,-0.064556,0.034924,0.020739,-0.154327,0.000908,0.037249,-0.085292,-0.073573,0.035613,0.097375,-0.052937,0.081830,-0.027594,0.223165,0.016454,0.062263,-0.040356,-0.035108,0.239738,-0.054101,-0.014617,-0.002219,-0.122059,-0.003767,-0.058137,0.082587,-0.074202,0.015810,-0.098094,0.129337,0.010117,-0.015658,-0.112682,0.005433,-0.087330,0.035077,-0.088103,-0.022886,-0.051484,0.077661,-0.174098,0.045007,0.068135,0.000330,-0.044326,-0.080392,-0.030336,0.054942,-0.083010,-0.085330,0.004887,-0.146984,0.093011,0.130175,0.208497,-0.091545,0.132037,-0.076646,-0.141996,0.053828,-0.036000,-0.049482,0.001154,-0.233233,-0.072358
0.066100,0.049953,0.008074,-0.120024,-0.094374,0.219770,-0.129779,0.053195,-0.035965,-0.113440,-0.029411,-0.185371,-0.263037,0.348936,-0.060565,0.122023,0.129486,0.155798,0.075682,0.038836,-0.081776,-0.231047,0.040796,0.019430,0.018393,-0.100856,0.129414,-0.053579,0.008477,0.092385,0.163363,0.073791,0.092326,0.113526,-0.031294,0.164355,0.147492,-0.094543,0.010769,0.329744,-0.149021,0.212847,-0.002730,0.079028,-0.093385,-0.263354,0.060984,-0.133587,0.040072,-0.128422,-0.040857,0.007956,0.068510,0.081023,-0.073757,-0.000544,-0.076172,-0.090047,0.000194,0.075347,-0.348094,0.100372,-0.082708,0.001309,0.168689,0.013378,-0.317786,0.118504,-0.113263,-0.211277,-0.038751,0.133070,-0.057208,0.079087,-0.060634,-0.203867,0.017910,-0.048995,0.041136,0.003088,-0.013851,0.185209,-0.059077,-0.110770,-0.150381,-0.157562,-0.100422,-0.040175,-0.017427,0.133187,0.068333,-0.049759,0.078589,0.405252,0.040476,-0.271980,0.077084,0.005875,-0.196671,0.063290,0.106594,0.015003,-0.008593,-0.015322,0.061002,0.097956,0.027220,-0.114694,-0.103010,-0.005529,0.012027,0.251917,-0.083872,-0.014661,-0.054398,0.198421,0.035677,0.115336,-0.027114,0.107007,0.088960,-0.121284,0.022512,-0.029773,0.001386,-0.168380,-0.244062,-0.070932
-0.001357,-0.057620,0.007110,-0.012301,-0.052011,0.294721,-0.219029,-0.012660,0.354020,-0.095253,0.185496,-0.124689,-0.251651,0.337853,0.007280,0.179841,0.065547,0.178237,0.177574,-0.036400,-0.134801,-0.400326,-0.105751,-0.043019,0.077542,-0.133516,0.130784,-0.169260,0.305980,0.077203,-0.085853,0.112082,0.074865,-0.084212,-0.103666,-0.081897,-0.051843,-0.383375,-0.049384,-0.185666,-0.250356,0.517111,0.175867,0.146409,-0.296262,-0.564681,-0.010701,-0.236430,-0.126984,-0.046877,0.085200,0.089477,0.118179,-0.025767,0.286559,0.130579,-0.036623,-0.047239,-0.024985,-0.018539,-0.239467,0.015969,-0.014036,-0.122197,-0.046267,-0.104539,0.006098,0.056404,-0.160442,-0.082946,0.042488,0.467855,-0.131040,-0.085841,0.004141,-0.036540,-0.010126,-0.107337,-0.121773,-0.067347,0.189051,0.070864,-0.129611,-0.118111,-0.075616,-0.187801,0.179754,-0.080727,0.011652,0.216175,-0.073529,0.212334,-0.119055,0.357009,0.091497,-0.181712,0.054199,0.349217,-0.189622,0.004781,-0.154762,-0.131139,-0.248947,0.155810,0.112959,0.034281,0.132685,-0.168295,-0.025628,-0.074308,0.068432,0.353831,0.015062,-0.121842,-0.109540,0.211911,0.222429,0.231611,0.062832,0.015004,-0.146999,-0.146584,-0.014216,0.067103,-0.148115,-0.010266,0.024568,0.056770
-0.166114,0.069656,0.017043,0.232587,0.064686,0.175073,-0.221679,0.173210,0.060207,-0.134587,-0.145106,0.051126,-0.177194,0.300384,0.166526,0.027037,0.155245,-0.051839,0.035518,0.027581,-0.294254,-0.204813,0.091450,-0.003169,0.250863,0.008653,0.274128,0.032583,0.211871,0.262369,-0.066878,-0.092722,-0.067553,0.235040,-0.225937,-0.081228,-0.122413,-0.072149,-0.194523,-0.022888,-0.261601,-0.109691,0.103806,0.018365,-0.099555,-0.257162,-0.059199,-0.048607,-0.117801,-0.084851,-0.036780,0.056957,0.046925,0.028307,0.224087,0.210134,0.127976,-0.055374,-0.069587,0.041528,-0.009383,-0.072171,-0.204599,0.136543,-0.134299,-0.027590,-0.165144,-0.140969,-0.036618,-0.012791,0.274453,0.495914,0.050571,0.057746,0.154449,-0.065280,0.269538,0.066005,0.041431,0.073528,0.069602,-0.072771,-0.055872,-0.044563,-0.045320,-0.152907,0.101075,-0.027966,-0.056875,-0.073781,0.136576,0.131535,0.338385,0.437468,0.073479,-0.131650,-0.341215,0.195766,0.083875,-0.106026,0.026053,-0.290176,0.015700,0.078288,0.175433,-0.216760,0.099101,0.074877,-0.219932,0.373200,-0.123489,-0.006580,0.276812,-0.009344,0.095316,0.041664,0.229361,-0.053691,0.205177,0.015317,0.170644,-0.154556,0.020560,0.188744,-0.216803,0.294635,0.184345,0.177378
-0.121797,0.195171,0.123018,-0.063018,0.245007,0.005225,-0.346654,0.230899,-0.041630,-0.089023,-0.189833,-0.179925,-0.017070,-0.019622,0.041380,-0.010582,0.032614,-0.102139,0.001930,-0.253576,-0.222256,-0.033133,0.310234,-0.068256,0.174649,0.104132,0.045805,-0.102107,-0.204234,-0.127944,-0.056442,-0.118376,-0.023297,0.502372,-0.315330,-0.247945,-0.118306,0.130868,-0.069892,0.161445,-0.420578,-0.194165,0.110404,0.076169,-0.044400,-0.278001,-0.207623,0.193951,-0.159813,0.095864,-0.014803,-0.037499,-0.112256,0.066324,0.019361,0.076649,0.161591,-0.225866,-0.002952,0.269614,0.143379,0.039802,-0.150909,0.033481,-0.128274,0.029786,0.012119,-0.017043,0.080629,0.312930,0.393315,0.113570,0.205572,-0.105300,0.052548,0.062209,-0.093183,0.159466,0.319432,0.027807,0.034769,-0.331752,0.058110,-0.036959,0.032658,-0.210452,0.084759,-0.278034,-0.019405,-0.045127,0.356738,0.149696,0.266609,0.269136,-0.002611,0.051916,-0.388813,0.155257,0.115892,0.028945,0.090345,-0.260387,-0.007348,0.121317,0.494508,-0.094093,0.044993,0.227206,-0.107682,0.380525,-0.097872,-0.039223,0.077338,-0.078841,0.042392,0.167523,0.098981,-0.048530,0.359170,-0.053605,0.165748,0.082824,-0.247805,0.185604,-0.098976,0.194949,0.230834,0.290168
-0.025669,-0.014057,0.098330,-0.276047,0.234352,0.140446,-0.169187,0.126462,0.117028,0.002090,-0.232531,-0.250979,-0.092881,0.049864,-0.143120,0.133980,-0.040195,0.236414,-0.124960,-0.249980,-0.181692,-0.155621,0.248921,-0.050200,0.043438,0.129625,0.161958,-0.316838,0.357063,0.066859,-0.071779,0.041727,-0.021075,0.612525,-0.073933,0.048814,-0.188256,0.108664,0.081356,-0.028177,-0.379409,0.210542,0.150468,-0.007205,-0.229207,-0.376918,-0.349173,0.144042,-0.142717,0.130297,-0.088601,-0.109098,-0.082648,0.071840,0.296299,0.146628,0.222767,0.053604,-0.184901,-0.081727,-0.006028,-0.293830,-0.261399,-0.071269,-0.036020,-0.049762,-0.155406,-0.001241,0.065760,0.386664,-0.148630,0.042830,0.046841,-0.175736,-0.117725,-0.242649,0.140353,-0.102997,0.122884,-0.031316,0.051746,-0.031013,0.088155,-0.007286,0.184584,-0.447802,-0.138587,0.063442,-0.115708,0.220122,0.190826,0.194137,0.373180,0.030443,0.190096,-0.246914,-0.323839,0.151707,-0.153929,-0.125784,0.261413,-0.081931,0.377739,-0.229853,0.044274,0.169556,0.230242,0.009782,0.225142,-0.024154,0.074364,0.435838,-0.000930,-0.044683,0.165500,-0.262573,0.014448,0.144143,0.207679,-0.249066,0.293132,-0.328009,0.041784,0.071819,0.064926,-0.070576,0.461029,0.115665
0.163610,-0.135845,-0.082439,-0.100173,0.120546,0.238761,-0.022834,0.024423,0.130736,0.593911,-0.416676,-0.218885,-0.187618,0.054347,-0.331669,0.012457,-0.235898,0.493227,-0.269179,-0.159590,0.347304,-0.125336,0.129862,-0.323460,-0.011380,0.037776,-0.011286,0.111657,0.205010,-0.000084,-0.272315,-0.013642,-0.105326,0.431314,0.001083,0.224332,-0.202369,-0.000492,-0.032068,-0.095724,-0.585129,0.535002,0.176463,-0.013272,-0.076944,-0.098845,-0.211765,0.056882,-0.189665,0.177620,-0.086756,-0.087887,-0.129720,-0.059095,0.265755,-0.067645,-0.063056,0.079488,-0.290491,-0.207865,-0.000965,-0.398299,-0.434268,0.140370,-0.203755,-0.158408,-0.151216,-0.028664,-0.056592,0.268379,-0.025299,-0.001922,0.080665,-0.213611,0.172627,0.087048,0.171272,-0.177687,0.065820,-0.116064,0.060507,0.177844,0.246763,0.034346,0.184596,-0.436235,-0.230495,0.254854,-0.076170,0.475872,-0.026941,0.189135,0.089925,0.030916,0.057260,-0.357656,0.001568,-0.067749,-0.212362,-0.074432,-0.007480,-0.021328,0.268458,-0.208453,-0.169581,-0.007711,0.067002,-0.113384,0.329635,0.056793,-0.071488,0.094271,0.001395,-0.067161,-0.004718,-0.305743,0.014794,-0.070483,-0.051482,-0.101634,0.318054,0.055293,-0.049604,-0.240630,-0.158072,0.096461,0.415830,-0.048954
0.081256,-0.105697,-0.327323,0.278935,-0.101392,0.158116,0.063963,0.008192,-0.150967,0.809257,-0.393893,-0.133649,0.277599,-0.404175,-0.110789,-0.068457,-0.552388,0.488168,-0.258365,-0.003246,0.588312,0.009110,-0.193175,-0.081305,-0.056582,-0.083949,-0.143925,0.146122,-0.269149,0.101713,-0.277152,-0.075169,-0.190124,0.038661,0.007196,0.084948,0.195445,-0.421948,-0.134963,-0.040647,-0.652666,0.267779,0.108449,0.055204,-0.277124,-0.018935,0.053698,-0.331400,-0.355139,0.057720,0.104784,-0.069540,-0.201837,-0.053542,-0.128304,-0.286667,-0.256296,0.404168,-0.256515,-0.105113,-0.337368,-0.102769,-0.137173,0.246491,-0.121133,-0.150395,-0.034015,-0.073223,-0.206972,0.020336,0.140749,-0.109708,-0.199785,-0.134738,0.280329,0.409427,-0.231052,-0.120032,-0.055939,-0.173687,0.294005,0.202700,0.326860,-0.224605,-0.206006,-0.310333,0.077991,0.332623,-0.514573,0.437210,-0.033700,0.286594,-0.046790,0.254964,-0.165271,-0.360801,0.106269,0.009972,-0.262882,0.206086,-0.081191,0.155368,-0.066967,-0.129288,0.094233,-0.344873,-0.091103,-0.041192,0.219341,0.193669,0.071934,-0.104178,-0.394782,-0.118036,0.027516,-0.108172,0.100869,-0.114010,0.134755,0.068894,0.231512,0.462578,-0.212354,-0.268478,0.013765,-0.015644,0.277605,-0.031707
0.102621,-0.137272,-0.323058,0.456363,0.071889,0.112133,-0.153475,0.049878,-0.265545,0.353177,-0.209959,0.102866,0.261444,-0.246205,-0.265408,-0.251983,-0.314623,0.108948,0.000051,0.221822,0.189440,0.119102,-0.184941,-0.252259,-0.055768,0.049045,-0.214919,0.071118,-0.083884,0.255782,0.045196,-0.097539,-0.102643,-0.039789,-0.054747,-0.045255,0.200948,-0.347681,-0.286428,0.096518,-0.427906,-0.196182,-0.312450,-0.105589,-0.388856,0.188096,0.148270,-0.326468,-0.097095,-0.069567,-0.033084,0.196717,-0.218425,-0.162001,-0.195235,-0.239056,-0.128628,-0.207254,-0.144911,0.281324,-0.363087,-0.110473,-0.338162,-0.235659,-0.203288,0.127278,-0.092411,0.102734,0.053898,-0.123673,-0.057655,-0.149677,0.007556,-0.049923,0.231376,0.247750,0.111502,0.042952,-0.137073,-0.136661,0.060254,0.229018,0.260470,-0.167141,-0.333492,0.040084,0.422694,0.042936,-0.719898,0.394313,-0.199755,0.358801,-0.062299,0.399490,0.024677,0.039325,0.083053,0.037254,0.012978,-0.012245,0.123503,-0.124787,0.128314,0.040953,0.254584,-0.149175,0.039651,-0.088672,0.273266,0.188245,0.409000,0.208509,-0.010520,0.046804,0.147645,0.227684,-0.004198,-0.223182,-0.003745,0.094898,-0.219245,0.287782,-0.127911,0.169828,0.012602,0.175893,0.299036,-0.154003
0.012443,-0.111757,-0.098098,0.107033,0.151186,-0.088074,-0.346933,-0.048792,0.159571,0.261113,-0.340012,0.083036,0.251594,-0.003732,0.085851,0.036710,0.335891,-0.237930,-0.247098,-0.234344,-0.045819,0.367773,-0.070405,-0.200797,-0.006211,0.005753,-0.226370,-0.067740,0.034380,0.019391,-0.106588,0.001939,-0.267192,-0.366693,-0.067215,0.170484,-0.008824,-0.083187,-0.197945,0.041857,-0.026289,-0.184955,0.074338,-0.403342,-0.456638,-0.188654,0.204695,-0.155459,0.090046,-0.163306,0.288226,0.167847,0.193269,0.024674,-0.319203,0.194025,0.107886,-0.069862,0.111790,-0.355205,-0.395712,-0.022335,0.002123,-0.204026,-0.332975,0.062809,-0.136703,-0.216703,0.258361,-0.265810,0.125568,0.067285,0.181599,0.209382,0.254344,0.307832,-0.006096,0.038124,0.027153,-0.060038,-0.052808,-0.040134,-0.151141,0.155024,-0.312226,-0.019718,-0.024464,-0.131443,-0.311656,0.351026,-0.005323,-0.011264,0.192114,0.106557,-0.009657,0.042413,0.120135,-0.009765,-0.192417,-0.080066,-0.096630,0.010508,-0.180393,-0.091923,0.117695,-0.044792,0.112831,-0.110812,0.373460,0.171283,0.567963,0.211055,-0.196993,0.121529,0.317663,-0.055159,0.193037,0.081963,-0.002505,0.025317,-0.084804,-0.000746,-0.109052,0.231183,-0.272105,0.046951,0.471239,-0.098882
0.176870,-0.224980,0.166199,-0.260376,0.314668,-0.166098,-0.422658,-0.017465,0.009923,0.003300,-0.041270,0.307046,0.056461,0.124741,0.224257,0.047083,0.454614,-0.347955,0.182336,-0.118240,-0.024548,0.120759,0.244310,0.001008,-0.443561,-0.130299,-0.290479,-0.019166,0.112250,0.088890,-0.063683,0.119544,-0.065776,-0.222750,-0.009543,0.273154,0.079191,-0.126201,0.037460,-0.218347,0.160965,-0.147809,0.015354,0.107918,-0.329528,-0.355214,0.388274,-0.283685,0.183317,-0.331753,0.219818,0.276402,0.071978,0.128995,0.159270,0.261939,0.036300,-0.113417,-0.056632,0.004342,-0.208472,-0.208692,-0.040393,-0.202668,-0.339267,0.062350,-0.331023,-0.100157,0.088988,-0.176494,-0.160059,-0.215019,-0.089515,0.469242,0.361800,0.171142,0.256898,-0.049690,0.196801,-0.024201,-0.187045,0.038384,-0.288450,0.009553,-0.274706,-0.004487,0.110828,-0.130278,-0.045573,0.477531,-0.310281,-0.204850,0.178142,0.115523,-0.042987,0.102595,-0.027860,-0.103447,-0.119349,-0.194747,-0.076416,0.112221,0.139618,0.012853,0.106135,-0.010564,-0.031745,-0.064583,0.198124,-0.281081,0.731325,0.016879,-0.283861,0.105246,0.397998,-0.009191,0.364984,0.207518,-0.089992,-0.027389,0.071398,-0.370908,-0.021417,0.088592,0.061201,-0.420363,0.184019,-0.205713
0.148039,-0.262557,0.228191,-0.297285,0.059893,-0.181999,-0.727531,-0.018733,-0.082206,-0.029701,-0.012643,0.110503,0.255454,0.237746,-0.077881,-0.126620,-0.309040,-0.559344,0.036742,0.143403,-0.032331,0.352134,0.042056,0.083503,-0.128923,0.028477,-0.232723,0.071493,0.182901,0.136455,-0.129252,0.012980,-0.088021,-0.064853,-0.112178,0.186028,0.043805,0.019883,-0.030147,0.099180,-0.044704,-0.471328,-0.134629,0.124369,0.416839,-0.010324,0.242102,-0.245898,-0.014198,-0.299676,0.039029,-0.159912,-0.265456,0.077311,-0.107221,0.078164,-0.078996,-0.163681,-0.144230,0.093848,-0.072266,0.020286,-0.125142,0.011802,-0.415235,-0.075035,-0.188304,0.167147,0.128021,-0.057672,-0.123927,0.049034,-0.123507,0.302255,0.262957,0.228117,0.121048,0.044426,0.239849,0.136163,-0.046441,0.253892,-0.168981,-0.007319,0.008171,0.120237,-0.175412,0.050592,0.531061,0.286600,-0.274382,-0.173773,0.062006,0.203964,0.116593,-0.017145,0.340638,-0.103189,0.025319,-0.109185,0.069989,0.219923,-0.354258,0.036760,0.061356,-0.340538,-0.211546,-0.062197,-0.418607,0.065047,0.573536,-0.016583,0.045836,0.220797,-0.111300,-0.130334,0.232578,-0.055593,-0.147467,-0.264615,-0.135151,-0.365304,-0.125488,0.018887,-0.002048,-0.210989,0.090853,-0.205094
-0.011164,-0.148669,0.069020,-0.311889,0.047127,0.017548,-0.058503,0.078399,0.278822,0.059239,0.389419,0.395544,0.553388,0.350852,-0.099867,-0.294300,-0.874970,-0.629006,-0.067925,-0.076940,-0.058976,-0.002648,0.045824,-0.099392,0.042075,-0.002625,-0.257576,0.057770,0.119756,-0.106283,0.188727,0.089500,-0.285165,0.193030,-0.023798,0.097381,-0.243013,-0.069196,-0.119664,0.328030,-0.300426,-0.514686,0.063278,-0.181423,0.331782,-0.125189,-0.102071,-0.168701,-0.002387,-0.056146,0.060131,-0.151284,0.008066,-0.107406,-0.151414,0.245178,-0.065750,-0.283181,0.322837,-0.042129,0.097614,0.055863,-0.103525,0.388949,-0.501523,-0.155605,-0.131948,-0.233034,-0.030678,-0.265111,-0.045624,0.176192,-0.035663,0.078728,-0.133473,0.027887,-0.162045,0.091950,-0.057373,0.007042,-0.130142,0.208836,-0.058902,0.096718,0.153971,0.007636,-0.554109,-0.120754,0.240959,0.192781,-0.022333,-0.109754,-0.312018,-0.039037,-0.067176,-0.137172,-0.055856,-0.254754,0.020262,-0.005959,0.107644,0.255656,-0.370406,-0.101157,-0.069732,-0.306340,-0.267973,-0.007389,-0.429844,0.127104,0.013548,-0.014571,0.125464,0.287363,0.058301,0.077209,-0.069660,0.067182,-0.157491,-0.090428,0.056824,-0.287721,-0.053441,0.329222,0.082393,0.052751,0.320854,0.091949
-0.143722,-0.185283,0.291017,-0.065179,-0.114210,0.182869,-0.169714,0.059123,0.413577,0.209335,0.323672,0.594494,0.097767,0.206969,-0.169962,-0.087522,-0.451132,0.057138,0.084212,-0.132972,-0.154071,-0.197180,-0.120182,0.038829,0.123654,-0.097009,-0.197693,-0.231285,0.347671,-0.102801,0.385700,0.029421,0.044354,0.013700,-0.005360,0.250427,-0.126299,-0.002350,-0.111068,0.256544,0.032584,-0.350410,-0.320485,-0.129905,0.252529,-0.136113,-0.127368,0.086946,-0.164622,-0.146303,-0.088847,-0.035542,-0.160462,-0.045166,0.113100,0.190637,-0.062382,-0.265869,-0.097113,0.116504,0.144890,0.096187,-0.161597,-0.099213,-0.179477,-0.143962,-0.023862,0.180243,-0.131105,-0.003017,-0.075624,0.139085,-0.164577,-0.377806,-0.086746,0.061966,-0.121298,0.200299,-0.134054,0.075746,-0.136450,0.227571,0.036839,-0.072869,-0.014290,0.276032,-0.283203,-0.029323,0.180045,0.288899,-0.007386,0.048429,0.051642,-0.317367,0.011197,0.056279,-0.084652,0.076271,-0.065817,-0.229942,0.109372,0.187244,0.001517,0.004798,-0.071495,-0.124889,-0.162187,0.011116,0.097964,0.046954,-0.088159,0.175559,-0.046349,0.247646,0.207105,0.219187,-0.162058,-0.078385,-0.203403,-0.172086,0.242557,-0.357212,-0.098804,0.116204,0.364315,0.060875,0.247130,0.230048
0.115054,-0.249770,0.084428,-0.134975,-0.070168,0.089825,0.149650,-0.219119,0.211108,0.174061,-0.142097,0.481308,-0.084586,-0.232462,-0.189495,-0.205683,0.110110,0.471911,-0.107792,0.054892,-0.002023,-0.469864,-0.278887,0.103613,-0.107168,-0.231698,-0.154697,-0.153566,0.271654,-0.047855,0.020821,0.016426,0.005015,-0.178158,0.134746,0.047671,-0.199066,-0.122748,-0.135890,0.100197,0.167386,-0.088679,-0.083117,-0.157107,0.270833,0.078451,-0.062317,-0.060025,-0.037530,-0.163500,-0.104264,0.160008,-0.143420,-0.081015,0.032748,0.059471,-0.181571,0.074946,0.319476,-0.215198,0.063177,0.034016,-0.000047,-0.010958,-0.234491,-0.160172,0.039889,0.258552,-0.117750,-0.156754,-0.157034,0.232035,-0.195400,-0.111206,0.398877,0.240561,-0.032645,0.034890,-0.120247,0.137828,-0.280336,0.349775,-0.098468,-0.142213,0.055011,0.238980,0.002007,0.076804,0.165548,0.353890,-0.132045,-0.013483,0.239968,-0.023206,0.129473,-0.078718,-0.099676,0.055578,-0.132126,-0.246533,0.212449,0.091469,-0.101708,-0.110025,-0.003599,-0.144614,-0.057474,-0.086731,0.035915,-0.158473,-0.364178,-0.116818,0.178160,0.216155,-0.018569,0.032413,-0.098071,-0.054553,-0.122534,-0.159950,0.169180,0.090833,0.135972,-0.117876,0.178454,0.035788,0.200750,-0.173877
0.119496,-0.084493,0.027333,0.057862,-0.054895,-0.188461,0.052895,-0.111985,0.133781,-0.170139,-0.278016,0.592760,-0.098138,-0.488989,0.199689,-0.138310,0.408135,0.545675,-0.075717,-0.114754,-0.228859,-0.613920,0.065385,-0.200232,-0.092410,-0.123499,-0.043304,0.075080,-0.055124,-0.330794,-0.108983,-0.116398,0.124599,-0.046451,-0.150102,0.033265,-0.040401,0.186657,0.027866,-0.005447,-0.065794,-0.366947,-0.422479,0.078536,0.068920,-0.093952,-0.100168,0.078932,0.007780,-0.141548,-0.125822,0.027215,-0.140387,-0.085203,0.326681,0.089588,-0.039152,0.085851,-0.089698,-0.188621,0.223405,0.029896,-0.034069,0.257634,-0.076425,-0.006389,0.059702,0.460308,-0.124023,-0.047904,-0.202140,-0.019421,-0.140024,0.058452,0.485608,-0.083241,-0.116614,0.011733,-0.267005,0.086548,-0.139345,0.290197,-0.094436,-0.173070,-0.174149,-0.035213,0.003341,0.281499,0.060230,0.224385,-0.250739,-0.062946,0.143500,0.399823,-0.090531,0.158255,0.015444,-0.106673,0.026256,-0.226041,0.100194,0.335378,-0.092558,-0.089023,0.258618,-0.127631,0.097668,-0.000453,-0.084984,0.230166,-0.493695,-0.255163,0.227031,0.219283,0.304595,0.013031,0.074605,0.135337,-0.011567,-0.054467,0.183372,0.231004,0.043590,-0.011914,0.155565,0.246907,0.213971,-0.185442
0.077986,0.025602,0.037932,-0.023875,-0.159418,-0.053820,-0.037037,-0.049395,0.211612,-0.056224,-0.256303,0.348689,-0.223467,-0.164398,0.200706,0.256983,0.283622,0.215856,-0.148964,-0.166157,0.094601,-0.189799,0.068761,-0.219957,-0.151138,-0.118019,0.013865,0.133046,-0.184767,-0.331966,0.012412,0.030827,0.108483,-0.088412,-0.262078,-0.011493,-0.053058,0.166348,0.057959,-0.135808,-0.036455,0.069224,-0.364064,0.015496,-0.164883,-0.160149,0.046545,0.076723,0.008297,-0.000007,-0.044032,-0.139528,-0.077062,-0.018926,0.324491,0.063151,0.137822,-0.122172,-0.073301,-0.039583,-0.038508,0.096620,0.208148,0.159615,-0.190952,0.049159,0.002126,0.170050,0.148291,-0.061433,-0.037884,0.026357,-0.066291,-0.501398,0.031533,0.078456,-0.225786,0.059832,-0.384597,-0.042153,-0.010868,0.181561,0.058517,0.040346,-0.041584,-0.213474,-0.062007,0.330488,-0.022115,0.057120,-0.164376,0.021974,0.086348,0.037902,-0.193093,0.185500,0.226630,0.073093,0.064783,-0.120991,-0.226371,0.208539,-0.088123,0.103176,0.227041,0.000922,0.091089,-0.124430,-0.009578,0.000023,-0.155499,-0.131338,-0.008916,-0.061022,0.152985,0.004818,0.134704,-0.062788,-0.123530,-0.136582,0.050485,0.006349,-0.156712,0.132625,0.017316,0.118423,0.071469,-0.389779
0.171226,0.137216,0.073764,0.156594,-0.203970,-0.121552,0.029754,-0.020684,0.048750,-0.117986,0.005453,0.159220,-0.003562,0.117487,0.092711,0.156244,0.057780,0.096023,-0.091244,-0.056122,0.166315,-0.000880,0.300437,0.132530,-0.216336,0.085592,0.117671,-0.020414,-0.007809,-0.196074,0.208677,-0.089070,0.100504,-0.037199,-0.269711,-0.032049,-0.190870,0.221260,0.026444,0.050890,-0.202163,0.352264,-0.126239,-0.007624,-0.071414,-0.137611,-0.012647,0.068996,-0.033814,-0.109383,0.093973,-0.149107,-0.066703,0.003523,0.372076,0.202599,-0.277296,-0.029456,0.015766,-0.030052,-0.055016,0.166584,0.075837,-0.029661,-0.137786,0.100228,-0.142892,0.016386,0.047119,0.091105,-0.101459,0.087531,0.092849,-0.325006,-0.185497,-0.007558,-0.161424,-0.086221,-0.446001,-0.153956,0.107227,-0.095401,0.250669,0.062916,0.024774,0.000603,-0.274717,0.102756,-0.051303,-0.019306,-0.184029,-0.026305,0.188313,-0.103788,0.020646,0.167047,0.333140,-0.080373,-0.103148,0.073463,-0.149388,0.057778,0.137348,-0.210902,-0.108368,0.099772,0.059365,-0.065691,-0.284089,-0.136495,-0.092099,0.193865,-0.015093,-0.160358,0.081931,0.161936,0.117065,0.198148,-0.026612,-0.121703,0.157941,-0.091211,-0.086775,0.191733,-0.014097,0.024588,0.108518,-0.259333
0.091565,0.044741,0.036375,0.289454,-0.135578,-0.094410,0.030930,0.043280,-0.060724,-0.067587,0.017080,0.128272,0.050101,0.148447,0.004596,0.037900,-0.120383,-0.098755,-0.111326,-0.130428,0.163991,0.131451,0.158737,0.160082,-0.198111,0.097382,0.131035,-0.073268,0.113927,-0.046645,0.251473,-0.047246,0.089057,0.047625,-0.233528,-0.031198,-0.140809,0.153067,-0.006672,0.115420,-0.158425,0.155399,0.037583,0.032161,0.105193,0.034004,-0.002050,0.028549,0.062296,-0.184503,0.100813,-0.079138,0.007534,-0.025322,0.059370,0.131035,-0.142995,0.062445,-0.055267,-0.083281,0.044306,0.056261,0.032909,-0.111187,-0.003551,0.131294,0.055351,-0.079340,-0.017269,0.191996,0.051895,0.139768,0.086815,-0.140663,-0.120375,-0.089177,-0.060225,-0.084995,-0.297016,-0.070597,0.136751,-0.121446,0.165056,-0.083543,0.022761,0.077701,-0.258895,-0.018336,-0.208126,-0.032554,-0.049521,0.004576,0.132152,-0.146301,-0.082169,0.016785,-0.043653,-0.073369,-0.078702,0.017798,-0.052940,0.035083,0.183703,-0.027642,-0.163829,0.009991,0.101367,-0.012177,-0.044630,-0.106075,-0.082415,0.234970,0.071860,-0.039910,0.077489,0.238412,-0.064442,0.055507,0.057687,-0.065071,0.154033,-0.114215,-0.042713,0.090266,0.039517,-0.040644,-0.013359,-0.009896
0.016879,0.013052,-0.017431,0.064227,-0.058054,-0.151387,-0.183125,-0.031533,-0.118339,0.008673,-0.040957,-0.106065,-0.032679,0.024183,0.078253,0.099305,-0.082205,-0.075196,-0.009597,-0.153602,0.265476,0.079468,-0.104410,-0.043604,-0.211760,0.000698,-0.020485,0.061561,-0.079387,0.029445,-0.130308,-0.026127,0.058125,0.103655,-0.076214,-0.028679,-0.054152,0.038910,0.057170,0.034170,-0.049549,-0.188615,0.141796,-0.159285,0.096896,0.020015,-0.000720,-0.089241,0.028120,-0.081684,0.015568,0.056432,0.055965,0.066913,-0.338157,0.034103,-0.001648,0.029751,0.095710,-0.120110,0.018907,0.084919,0.005846,0.189340,0.039028,0.074025,-0.026093,0.116004,-0.059262,0.163681,0.201437,0.047059,0.002382,0.017070,0.022217,-0.056458,0.027763,-0.011900,-0.105819,0.026018,0.121158,-0.066569,-0.017703,0.022426,0.055992,0.053016,-0.036428,-0.096517,-0.025395,-0.092714,0.043524,0.089384,0.112427,0.065931,-0.023916,-0.010930,-0.036154,-0.050683,-0.098051,0.018561,0.031576,0.029040,-0.098551,0.249092,-0.036773,-0.114643,-0.030597,0.005807,-0.012434,0.063341,0.006652,-0.038156,0.093420,-0.001108,-0.080175,-0.079302,-0.009131,-0.091486,-0.047731,-0.031180,0.060339,0.071943,-0.028965,-0.163763,-0.095262,0.096189,-0.159677,-0.116349
-0.001636,0.000757,-0.014967,0.039320,-0.102301,-0.063531,-0.019578,-0.001802,0.026497,0.052132,-0.067916,0.006189,-0.067828,0.063772,-0.044961,0.002814,0.021355,0.077269,-0.032874,-0.005101,-0.125378,-0.025894,-0.075967,-0.153050,0.005487,-0.076846,0.010403,0.050587,0.038105,0.105759,-0.007187,0.033784,0.022749,0.098763,0.016324,0.028411,-0.001080,0.067977,-0.013995,0.048631,0.118531,-0.130183,-0.044207,-0.027846,-0.013815,-0.007756,-0.016886,0.030086,-0.037996,0.073348,-0.007750,0.075903,0.020571,-0.044851,-0.161628,0.026733,0.043135,-0.010912,0.086353,-0.027838,-0.024365,-0.006204,0.057032,0.036715,-0.056336,-0.035751,-0.166602,0.063600,0.003155,0.101907,0.076936,0.031522,-0.009770,-0.008556,0.064887,0.083783,0.045950,-0.047590,-0.108259,0.057460,0.011484,0.038022,-0.033448,0.062259,0.152238,0.036853,0.047023,-0.149838,0.068056,-0.049584,-0.039029,0.001433,-0.003066,0.134392,-0.068896,-0.058695,0.006211,0.007861,-0.037772,0.015579,0.007927,0.033923,-0.023919,0.132503,0.030253,-0.008495,-0.013045,0.064793,-0.137516,0.025963,0.106789,-0.174318,-0.004525,0.015496,-0.003476,-0.158745,0.061038,0.192120,-0.063786,0.036782,-0.032551,-0.027049,0.048120,-0.076479,-0.039456,0.085276,0.039005,0.047841
-0.000439,-0.004308,0.000726,-0.002575,0.000349,0.002993,-0.003203,0.000261,-0.000831,-0.000509,-0.002149,-0.000259,-0.001716,-0.002874,-0.002281,-0.000427,0.003900,-0.000550,0.002362,0.000285,0.003309,-0.002575,-0.000611,0.000734,-0.002380,-0.000243,0.000591,-0.001872,0.000309,-0.002261,-0.000309,0.000630,0.001572,0.000694,-0.002116,-0.000483,0.000380,-0.004498,0.000446,-0.000302,0.001058,-0.003013,0.000531,0.000398,-0.001834,-0.001722,-0.001081,-0.001428,0.000905,0.001897,-0.001878,-0.000439,0.001203,0.000996,0.002147,-0.001106,0.001471,-0.003300,-0.005018,0.004973,-0.000216,0.000566,0.000831,-0.003318,0.000638,-0.000391,0.001862,0.001274,-0.000120,0.001518,0.000030,0.000609,0.000314,-0.001862,-0.002281,-0.001563,0.003467,-0.000241,-0.000466,-0.001647,0.002070,0.001219,-0.000038,-0.000699,-0.001617,-0.000790,-0.000454,0.001115,-0.000430,-0.001920,-0.001199,0.001012,0.001367,-0.000151,-0.001141,-0.000483,-0.001378,0.001010,-0.000971,-0.000933,-0.000626,0.000547,0.001409,0.001347,0.004449,0.001210,0.000313,0.000660,-0.001822,0.000007,-0.001640,0.000723,0.000251,-0.000231,-0.002666,0.002039,0.000635,-0.003768,0.000429,-0.002326,-0.001510,-0.000486,0.000368,-0.000676,-0.000947,0.002071,0.000036,-0.001103
-0.000311,0.000724,-0.000817,-0.001758,0.000495,0.002879,0.001368,0.002563,0.004092,0.003567,0.000117,0.000087,-0.000483,0.000256,0.000117,-0.002413,0.002581,-0.002101,0.000806,0.000592,0.002159,-0.001111,0.000180,-0.001584,0.002339,-0.001514,0.000990,0.001618,0.001184,-0.002088,0.000501,0.002407,-0.000297,-0.000941,-0.000292,-0.001323,0.001017,0.000907,-0.000436,-0.004036,0.000460,0.000751,-0.003089,-0.000960,-0.002719,-0.001328,0.001926,0.001229,-0.000163,0.001649,-0.000107,-0.002811,-0.000326,0.000248,0.007241,0.001515,0.004048,-0.002417,-0.000630,0.002391,-0.001901,-0.000881,0.001943,-0.002471,-0.000530,-0.000821,0.000554,0.000231,-0.001902,-0.000933,-0.001908,0.000006,-0.000036,-0.001157,-0.000888,-0.002801,0.000637,0.001299,0.000478,-0.000452,-0.002368,0.000830,-0.000300,-0.000570,0.000761,-0.000217,-0.002162,0.000408,-0.000094,-0.000012,-0.001442,0.001012,-0.003302,0.001404,-0.000875,-0.002630,-0.002385,-0.000745,0.000514,-0.000853,-0.000419,0.001661,0.001635,0.000078,0.001281,0.001726,0.001679,-0.000971,0.002649,-0.000662,-0.000257,0.002545,-0.001602,-0.000475,0.000635,0.004032,-0.000939,-0.005445,-0.001448,0.000660,0.000408,0.001535,0.001452,0.002067,0.000280,0.000050,0.001082,0.000490
-0.002968,-0.002004,0.000968,0.001641,0.005351,0.000809,-0.004189,-0.001415,-0.001575,-0.000873,0.001628,0.000682,0.000342,-0.000670,0.000702,-0.001146,0.000032,-0.001880,0.000409,-0.002021,0.007590,-0.000524,0.001231,-0.000528,-0.000268,-0.000750,0.000680,-0.000483,-0.000960,-0.003272,-0.002779,-0.001035,0.000042,0.000298,-0.000700,-0.001394,-0.000653,-0.003247,-0.000510,-0.006146,-0.000433,-0.004406,0.000044,-0.002800,-0.001234,0.000077,0.001864,-0.002839,0.000088,0.001178,-0.001181,-0.001389,-0.000364,0.004436,0.005885,-0.004385,-0.000133,-0.000612,0.000262,0.000823,0.003423,-0.000969,-0.001683,-0.000734,-0.001065,0.000514,0.002492,0.000847,-0.000241,-0.000575,-0.001148,0.000319,0.002126,-0.003779,-0.002549,-0.002373,-0.001357,0.000591,-0.000912,-0.000322,0.001041,0.002340,-0.000225,-0.001036,0.000059,-0.002162,0.002293,0.003802,-0.001309,-0.000105,0.001562,0.001091,0.002154,0.001335,0.000812,0.000693,-0.002427,0.003535,-0.001016,-0.002610,0.000409,0.001486,-0.000103,0.000193,0.003361,-0.001483,-0.001740,-0.000419,0.002900,0.002356,-0.002171,-0.001822,0.001665,0.000208,0.000417,0.001017,-0.001673,-0.010257,0.001158,-0.001300,0.000247,-0.000497,-0.000157,-0.000826,-0.000468,0.000729,-0.000740,0.000494
0.067483,-0.016534,-0.100158,0.000386,0.056531,-0.064722,0.003424,0.006950,-0.070265,-0.093613,-0.095520,-0.093047,0.003967,-0.022244,-0.039438,-0.018353,-0.005022,0.059382,-0.053857,-0.025440,0.208764,0.014120,-0.057020,-0.027480,-0.079940,-0.037286,-0.047063,0.009864,-0.091297,-0.009973,-0.093122,0.018387,0.078441,0.063235,-0.036658,-0.073356,0.051649,0.017577,0.013817,0.098828,-0.041908,0.142956,-0.075272,-0.010542,0.024548,-0.024625,0.057470,-0.045071,0.040810,0.020445,0.023873,0.076232,-0.029490,-0.015567,-0.055973,-0.034783,-0.015872,0.005321,0.145128,0.026457,-0.047622,-0.018910,0.072873,0.031065,0.035982,0.007097,0.038334,-0.018901,-0.007707,-0.004102,0.092055,-0.064471,0.032343,-0.019046,0.003594,0.139948,-0.025908,-0.034983,0.013790,-0.029767,-0.158353,-0.035204,-0.019256,0.027169,0.083877,-0.012026,0.044670,-0.002696,0.017851,0.040086,-0.003922,-0.044703,-0.058614,-0.039524,-0.077034,0.021583,-0.020650,0.018203,-0.001014,0.019533,-0.006141,-0.043760,-0.038706,-0.085387,-0.049481,0.013193,-0.085357,0.053703,-0.037799,0.011552,0.015468,-0.151204,0.012373,0.013147,-0.024400,-0.034684,-0.002846,-0.065067,-0.029186,0.060148,-0.043256,0.065278,0.070617,0.010672,-0.028105,0.014789,0.034157,0.083720
0.026238,0.011316,-0.016392,-0.000021,0.066302,0.028521,0.039710,0.021656,-0.026946,-0.010106,-0.015936,0.002470,-0.032169,-0.012084,0.013293,-0.003335,-0.020819,0.003971,-0.019234,-0.041192,0.006269,0.002358,-0.003486,0.047602,-0.033749,-0.005411,-0.021033,-0.021492,-0.048235,-0.061140,0.012103,-0.027359,-0.009313,-0.025382,-0.030858,0.003465,0.011213,0.003121,-0.013110,0.101670,-0.039935,0.072321,0.022450,0.033249,0.026034,0.017712,0.005354,-0.018873,-0.006851,-0.012031,0.017889,-0.016958,-0.017828,-0.006273,-0.075803,0.047110,-0.034473,0.012368,-0.000528,-0.004447,-0.025029,0.025684,0.007242,0.018554,0.018453,0.049833,0.015138,-0.018447,0.003880,-0.024681,0.056993,-0.002926,0.027987,0.020428,0.050967,0.043315,-0.022080,0.025339,0.045865,-0.021740,-0.025800,-0.003479,-0.008640,-0.007280,-0.031912,-0.036340,-0.015012,-0.036305,0.000725,0.061023,-0.014612,0.007090,0.016764,-0.032201,0.009323,0.023752,-0.015164,-0.030076,0.032175,-0.027052,-0.026870,0.000875,0.020994,-0.030426,-0.072782,0.008138,0.011511,-0.010123,0.030327,0.001374,0.005661,-0.038476,-0.004413,0.021826,-0.029771,0.023869,-0.001898,0.017561,0.022876,0.025048,-0.010025,0.010862,-0.022808,0.003763,0.006032,-0.016928,-0.152696,0.009040
-0.166610,0.019643,-0.115347,0.015037,-0.122398,0.077909,0.141235,-0.055580,-0.193101,0.031993,0.270574,0.058883,-0.088115,0.102732,-0.039798,-0.102182,-0.049248,0.018313,0.070640,0.009980,-0.254069,-0.107917,0.118863,-0.118158,0.202923,-0.169999,0.028242,0.009715,-0.039708,-0.008526,0.011813,-0.090427,-0.071068,-0.017349,0.015422,0.053327,-0.067490,-0.040448,-0.090866,0.062310,0.189001,-0.083074,0.298909,0.043391,-0.002413,0.106816,-0.032163,0.042746,-0.023484,-0.121073,-0.038322,-0.010720,0.076098,-0.015265,-0.123533,0.177575,-0.047679,0.106747,-0.073288,-0.068414,-0.166001,0.110825,-0.008319,0.033789,-0.068086,0.072005,0.013991,0.042722,-0.011789,-0.109929,0.073305,0.182196,-0.017774,0.133249,0.141045,-0.102304,-0.100741,0.026947,-0.007637,0.023629,0.084694,0.078494,0.018876,0.007243,-0.116661,-0.100122,0.043146,-0.107819,0.091698,0.094752,-0.089563,0.060673,0.022371,0.348999,0.237004,-0.020985,-0.011365,0.084669,0.060646,-0.011648,0.031581,0.005029,0.017071,0.253410,-0.100163,0.069622,0.034180,-0.116248,0.051270,-0.006079,-0.062367,0.014187,0.025488,0.004659,-0.136980,0.090281,-0.075753,-0.016171,-0.012510,-0.026869,0.060954,-0.057839,-0.159464,0.000064,-0.002427,0.012566,-0.122239,-0.134586
-0.157392,-0.173984,0.057751,-0.317369,-0.164157,0.029511,-0.245208,-0.022327,-0.326694,0.008730,0.120447,-0.129463,-0.119212,0.390440,-0.136283,-0.063138,0.359627,0.166322,0.288291,0.113073,0.139780,-0.193961,0.005969,0.027753,0.123051,-0.100569,-0.019240,-0.057340,0.074616,-0.255754,-0.160901,-0.049615,-0.044477,-0.019794,0.017886,0.020409,0.072164,-0.123968,-0.005823,0.051109,-0.185201,0.246153,0.099882,-0.265271,-0.058105,-0.096311,0.047802,0.018147,0.015717,-0.137773,-0.101087,-0.073035,0.190524,0.130204,0.240412,-0.202807,-0.168867,-0.393807,-0.039854,0.071277,-0.132148,0.033864,-0.239657,-0.067983,0.128540,-0.117003,0.034506,0.267186,-0.056674,0.050133,-0.225585,0.017430,0.034567,0.274179,0.134183,-0.031242,0.145923,-0.031894,0.073333,-0.041565,0.082824,-0.027593,-0.020984,0.067546,0.102007,0.075997,-0.188685,0.114585,0.066886,-0.056160,0.037619,0.003952,0.008701,-0.002678,0.277200,0.181177,0.164447,-0.031027,-0.191025,0.069342,0.144088,-0.004435,0.002041,-0.219363,0.000759,-0.056714,-0.082006,-0.216524,-0.195994,-0.034992,-0.233670,0.100576,-0.159695,-0.149707,-0.270069,0.322331,0.043998,0.092919,0.007739,-0.063852,0.086054,0.001871,-0.129138,-0.193162,-0.202103,-0.029673,0.155509,-0.192054
0.008208,-0.206348,0.114115,-0.334504,-0.015791,-0.059861,-0.068553,0.115670,-0.532088,0.036831,-0.079307,-0.160966,-0.286146,0.406943,-0.052695,-0.094114,0.115905,0.025872,0.121060,-0.304416,0.192285,-0.173475,-0.039804,-0.104842,-0.216249,-0.211610,-0.154304,-0.008963,-0.125336,-0.404214,-0.071612,0.018918,-0.000085,0.095438,-0.056798,-0.151171,0.118610,0.006490,-0.092103,0.350302,-0.001750,0.100946,0.032953,-0.245931,0.122517,-0.324953,0.112451,-0.032117,0.226423,-0.175727,-0.023886,-0.037819,0.070670,0.060655,0.123118,-0.089953,-0.070898,-0.384622,0.111813,0.156329,-0.207413,-0.052925,-0.021610,0.375229,0.110105,0.081410,0.280339,0.292063,-0.095081,0.238662,0.108777,-0.001485,-0.020189,0.125240,-0.100605,0.071172,0.049498,0.054361,0.095151,-0.052770,-0.091169,-0.123762,-0.100878,0.151259,0.500120,0.057473,-0.095934,-0.205039,0.002892,0.177649,0.012420,0.141039,-0.075618,0.194149,0.021590,0.144949,-0.065718,-0.078252,-0.162677,0.069386,0.182639,0.170873,0.099454,0.006899,0.095871,0.052809,-0.123964,-0.240254,-0.073043,-0.210138,-0.113645,0.093690,-0.269814,-0.078314,-0.032806,0.046299,-0.106509,-0.081865,-0.035872,0.150519,-0.032203,-0.199813,-0.167665,-0.284896,-0.083281,-0.084799,0.048863,-0.057874
0.102594,-0.048489,0.015445,-0.324451,0.011775,0.192129,-0.159778,0.112090,-0.392571,0.039880,0.038306,-0.180471,-0.191759,0.380599,-0.047314,-0.032568,0.044256,0.151857,0.101197,-0.126839,-0.210187,-0.268170,-0.041244,-0.243626,-0.262680,-0.438256,-0.230386,-0.071168,-0.164734,-0.183347,0.234622,0.106082,0.101726,-0.080618,-0.102882,-0.247799,0.025996,0.010438,0.085091,0.013255,0.239804,-0.203188,0.148513,-0.038602,0.142331,-0.264969,0.214941,0.039779,0.222898,-0.067662,0.100443,0.358464,0.203303,0.164032,0.032332,-0.061445,0.016721,0.033793,0.062347,0.040155,-0.088043,0.029825,-0.110910,0.206975,0.092948,0.171789,0.307621,0.209206,-0.171826,0.191203,0.391930,0.254102,0.019870,0.049753,-0.021634,0.165082,0.390660,-0.100220,-0.326207,-0.000056,-0.073536,-0.019743,-0.191821,-0.011942,0.361082,-0.069293,0.082550,-0.400539,0.135755,0.270105,-0.212315,0.279233,0.241158,0.113798,-0.000564,-0.110187,-0.032895,0.023119,-0.393013,0.013375,0.179792,0.050281,-0.046748,0.100312,0.277421,0.081565,0.097906,0.138945,0.182061,-0.208158,0.042530,0.438935,-0.096254,-0.069944,0.124162,0.047838,-0.220072,-0.103855,0.058512,-0.047974,-0.122445,0.047355,-0.320345,-0.140428,-0.078969,0.129621,0.274633,-0.243034
0.089122,-0.210070,-0.035922,-0.181413,-0.152730,0.676522,0.086042,-0.008818,-0.065989,0.234213,0.007740,-0.184311,-0.131488,0.270554,0.063124,-0.244871,0.027689,-0.166653,0.065759,-0.049587,-0.041134,-0.019281,-0.088054,-0.059292,0.192700,-0.049768,0.066713,0.044890,0.067984,-0.144093,0.093708,-0.014199,0.281272,-0.342126,0.001103,-0.049205,-0.005752,0.057839,-0.141827,-0.096489,0.115664,0.176128,0.002190,0.052405,0.450589,-0.063770,0.089939,-0.019226,0.368810,0.102610,0.137878,-0.064989,0.037232,0.038291,0.074806,0.072524,-0.058658,0.225654,0.020188,-0.116128,-0.283023,-0.101335,-0.064521,-0.108474,-0.124441,-0.078914,0.103030,-0.103864,-0.175928,0.218475,0.090078,0.420706,-0.174668,0.102890,0.056409,0.302209,0.010093,0.007683,-0.154684,0.207852,0.028633,0.099743,0.003926,0.016886,0.223697,-0.132297,-0.128475,0.010110,-0.019537,0.110032,-0.040254,0.319305,0.179627,-0.471625,0.306043,-0.251118,-0.022313,0.132163,-0.117632,-0.021688,0.162321,-0.222657,0.074482,-0.136644,0.421833,-0.191225,0.058065,-0.135957,0.180676,-0.328265,-0.226631,0.262639,0.017484,0.050546,0.191294,-0.070894,-0.084282,0.053646,0.016411,-0.113768,0.000608,-0.097158,-0.294933,0.083423,0.008990,0.164097,0.268554,-0.166987
-0.130419,-0.197608,-0.171475,0.175610,0.055130,0.397630,0.181960,-0.030345,0.087675,0.037956,-0.235137,-0.172620,-0.033166,0.279543,0.347249,-0.483201,-0.107475,-0.122793,0.162405,0.064299,-0.151482,-0.085317,0.211856,0.191221,0.162111,0.009908,0.253598,0.042037,0.219626,-0.145079,0.119460,0.089712,0.218046,-0.171261,0.017153,0.043338,-0.006330,0.068990,-0.072288,-0.031157,-0.006373,0.023892,-0.107512,0.336414,0.222863,-0.126356,0.149765,-0.042949,0.156978,0.076216,0.003312,-0.173435,-0.047930,-0.078246,-0.032431,0.305511,0.377832,0.141408,-0.261673,0.228088,0.065012,-0.154369,-0.031982,-0.042723,0.055946,-0.278145,-0.094883,-0.160350,-0.201590,0.248300,-0.005757,0.365255,-0.107324,-0.006554,0.042450,0.425873,0.267768,-0.055987,0.000065,0.354148,0.201965,-0.030213,0.042012,-0.136498,0.354020,-0.343244,-0.006135,0.042834,-0.182108,0.115406,0.211242,0.027898,0.140784,0.146506,0.244167,-0.189155,-0.555180,0.166762,-0.161498,-0.033640,0.260572,-0.051414,-0.024499,-0.017306,0.404298,-0.127869,0.097155,-0.231010,-0.136490,-0.337944,-0.064739,0.033977,0.354486,0.137317,0.122832,-0.371158,0.202110,0.165635,0.163248,0.213171,0.206918,-0.084947,-0.220081,-0.042337,0.209059,0.224172,0.138010,0.062433
0.146250,-0.226969,0.080616,-0.059181,0.025444,0.332722,0.116511,-0.159739,-0.008329,0.145272,-0.384814,-0.457984,-0.144381,0.536425,0.227356,-0.029356,-0.158114,0.150888,-0.056365,0.078428,-0.219187,-0.041784,0.063401,0.487014,0.075688,0.171889,0.176165,-0.305922,0.030486,0.102783,0.014802,0.123957,0.056063,0.165191,0.031632,0.268180,0.221412,0.262865,0.124546,0.139952,0.133552,-0.136915,-0.150936,0.006401,0.535619,0.027423,-0.010230,0.155978,0.049827,0.067835,0.027661,0.104017,-0.158994,0.041899,-0.249367,-0.018705,0.115021,0.152295,-0.363305,0.097843,0.115271,-0.163171,-0.103133,-0.187319,-0.017287,-0.089101,0.043239,-0.159112,-0.106201,0.253810,-0.064581,0.204996,0.004469,-0.225739,-0.026997,0.864116,0.255772,-0.167898,0.096675,0.212360,0.094557,0.146610,0.126386,0.026109,0.369287,-0.138081,-0.039425,-0.037581,0.190503,-0.009496,0.324416,-0.052034,0.224296,0.046338,0.258003,-0.313936,0.033725,0.251596,-0.184930,0.054404,0.283401,-0.115003,-0.060112,-0.038399,0.177727,0.033241,-0.046096,0.045101,-0.262594,-0.160737,-0.001834,0.132764,0.162045,0.213558,0.243508,-0.376932,0.491788,0.027923,0.258742,0.253299,0.055903,0.083732,-0.509030,-0.102603,0.252411,0.130666,0.136182,-0.044866
-0.040440,-0.110454,-0.005865,-0.167054,0.152821,0.446175,0.168024,-0.021457,0.141501,0.303539,-0.280633,-0.355366,0.085949,-0.082593,-0.015182,0.026890,-0.261924,0.260142,-0.174668,-0.013038,-0.086558,-0.296266,0.120076,0.271329,0.116326,0.118141,0.254848,-0.315148,0.238251,-0.073717,-0.217038,0.028926,-0.170161,0.422147,-0.131966,-0.233458,-0.017030,-0.002891,0.032320,-0.127932,-0.366410,-0.249289,0.180700,-0.036874,0.280397,-0.138824,-0.050276,-0.047346,0.042960,-0.254892,-0.051511,0.041657,-0.036980,0.074087,-0.145174,-0.248796,0.102133,0.018958,0.003192,-0.024016,0.036346,-0.113213,0.015095,-0.096777,0.064032,0.037031,0.247811,0.026866,0.054180,0.284093,-0.154815,-0.062178,0.047618,0.006326,0.137781,0.928409,0.009510,-0.061413,0.089433,0.006790,0.030849,0.123924,0.205643,0.083012,-0.059619,-0.114052,0.245784,-0.059272,0.039418,0.024119,0.267526,0.026472,0.298951,-0.048425,0.229260,-0.107704,0.009445,0.278157,0.004227,0.053996,0.220917,-0.015745,-0.024488,0.037698,-0.205833,-0.020613,-0.023611,0.129582,0.140137,-0.108611,-0.281278,-0.036533,0.095165,0.163162,-0.017132,-0.251727,0.534789,-0.134892,0.358315,-0.051936,0.228043,0.174795,-0.301522,0.070687,-0.011944,0.021315,0.353939,-0.248968
0.075170,0.000844,0.291117,-0.077336,-0.068177,0.243195,0.370308,0.048026,0.093891,0.157966,-0.224598,-0.211363,0.398234,-0.322173,-0.300969,-0.130829,-0.259952,0.436338,0.000060,0.015480,0.036684,0.053810,0.133710,0.273087,0.220204,0.034431,0.397036,-0.095580,0.367191,0.008817,0.049301,-0.071241,-0.150660,0.425244,0.049058,-0.141937,-0.115347,-0.107011,-0.126313,-0.117792,-0.225662,0.132307,-0.066495,0.071372,0.222498,0.222893,0.197845,-0.102384,-0.128870,-0.394012,-0.284788,0.124885,-0.091820,0.011143,0.102382,-0.244513,0.151183,-0.320859,0.122424,0.150879,-0.183830,0.067670,-0.190320,-0.259755,0.024436,0.078586,-0.058757,0.226365,0.182773,0.327886,-0.014940,-0.180665,0.093761,0.086795,0.259766,0.701347,0.219704,0.080293,-0.052744,0.041502,0.266894,0.068214,0.276540,-0.081136,-0.245842,-0.099255,0.111707,0.077329,-0.090724,0.128156,0.092247,0.194921,0.104467,-0.075516,-0.026815,0.092744,0.299224,0.164529,-0.103860,0.070428,-0.155212,0.093606,0.020344,0.051775,-0.189376,0.182442,-0.099231,0.227972,0.487223,-0.033533,0.067403,-0.042287,0.066879,0.174305,-0.243603,-0.040438,0.327338,-0.455701,0.235241,0.060419,0.132116,-0.058396,-0.404226,0.036257,0.040746,-0.044849,0.272270,-0.140055
0.131853,-0.040724,0.018241,0.004642,0.078412,-0.010095,0.521423,-0.058941,-0.058035,0.320307,0.177453,-0.142161,0.388202,-0.076000,0.114904,-0.060111,-0.659235,0.347865,-0.000860,0.130997,-0.102273,0.184033,-0.391892,-0.023737,0.062515,0.025767,0.530330,-0.280102,0.126207,-0.090998,0.145643,-0.110609,-0.298038,0.634172,0.209407,0.043594,0.199798,-0.005206,0.043509,0.029584,-0.539547,0.113378,-0.051253,-0.256257,0.222300,0.310277,-0.031811,-0.196139,-0.163196,-0.249930,-0.325555,-0.032298,-0.140726,-0.098463,-0.165069,-0.236987,-0.173258,-0.333077,0.107458,0.097123,-0.329590,0.018238,-0.062425,-0.026774,-0.137867,0.062445,-0.197158,0.332533,0.124289,0.242689,-0.168911,-0.591139,-0.082264,0.430376,0.008929,0.324969,0.194226,-0.096884,-0.167926,0.067016,0.364283,0.192611,0.031514,-0.129157,-0.366353,0.087761,-0.015342,0.290422,-0.457583,0.139777,-0.119867,0.014024,0.144951,0.155790,-0.098007,0.042646,-0.097855,0.245418,-0.091542,-0.119554,-0.079121,0.012075,0.140168,0.283023,-0.051024,0.308082,-0.048922,0.109635,0.560024,-0.250318,0.304089,-0.033517,-0.006312,0.042856,0.200818,0.277562,-0.031825,-0.349971,-0.048420,0.324462,0.199744,-0.232328,-0.335061,0.063813,0.031502,-0.162494,-0.077429,-0.139726
-0.047815,-0.121240,-0.195063,0.031203,0.197043,-0.172176,0.336818,-0.359091,0.033386,0.556093,0.106102,-0.160712,0.178145,-0.237282,0.095543,0.021848,-0.022796,-0.015650,0.000003,0.032595,0.150573,0.153064,-0.220839,0.020533,0.064991,-0.187397,0.123653,-0.161995,-0.026540,-0.135166,-0.081626,-0.069988,-0.679479,0.113328,-0.175496,0.387732,0.288263,0.298515,-0.014406,0.069505,-0.321121,0.116305,-0.023252,-0.282273,-0.532134,0.120819,-0.332897,-0.140072,-0.033793,-0.247583,-0.111639,-0.276631,0.032318,-0.186388,-0.247856,-0.171937,-0.049228,-0.248618,-0.136848,0.212758,-0.331670,-0.011633,-0.074940,0.024892,-0.129828,-0.060779,-0.334860,-0.001333,0.199688,0.024478,0.176926,-0.542385,0.078616,0.374823,0.163723,-0.032166,0.168142,-0.248165,-0.360496,0.032376,0.489860,0.033832,0.136572,0.100958,-0.077282,0.119101,-0.024962,0.275410,-0.418471,0.249234,-0.194741,-0.237985,0.080213,0.432878,-0.193901,0.147310,0.257379,-0.129404,-0.321610,0.054928,0.035983,-0.317198,0.084716,0.116000,-0.030016,0.023392,-0.078631,0.002950,-0.063423,0.134335,0.299962,-0.133437,0.132714,0.006285,0.312981,0.028204,0.168619,-0.079851,-0.131664,0.208568,0.129256,-0.131332,-0.359255,0.200226,-0.615947,0.532527,0.032894,-0.121140
0.108777,-0.177704,-0.367517,0.100322,0.013407,0.040975,0.157248,-0.009004,0.080398,0.302050,0.088350,-0.379659,0.388482,0.202967,0.078202,-0.090084,0.493188,-0.496909,0.142020,-0.214982,0.001968,0.311151,-0.132082,-0.026822,-0.237622,-0.032451,0.218839,-0.129534,0.305666,-0.149054,-0.266630,0.150199,0.009158,-0.468109,-0.220196,-0.020852,0.245891,0.135444,-0.128863,0.028707,-0.214608,0.062449,0.084961,0.199055,-0.344199,-0.005388,-0.384803,-0.334334,0.062293,0.096662,-0.179982,-0.125277,0.065132,-0.126340,-0.215480,-0.088963,-0.111440,-0.076790,0.179208,0.129355,0.032347,-0.181773,-0.201538,-0.403207,0.221634,-0.110134,-0.197422,-0.180805,0.101214,-0.079204,0.149651,-0.218182,0.339720,0.150799,0.650383,0.140269,0.295396,-0.327333,-0.148129,-0.176893,0.548638,0.089428,0.087863,-0.022527,-0.160181,0.302921,-0.027511,-0.021588,0.083308,0.401177,0.123691,-0.085384,-0.138557,0.061276,0.058504,-0.322428,0.394802,0.183635,0.081861,0.075768,-0.348335,-0.154587,0.249163,0.143500,0.212472,0.073950,0.056498,0.011606,0.057492,-0.028201,0.442179,0.051682,0.053938,0.001487,0.351692,-0.119932,0.323566,-0.152776,-0.102877,0.009510,0.161595,-0.040066,-0.253461,0.548146,-0.697205,0.301920,0.084161,0.061627
-0.009039,-0.173389,-0.172841,0.061044,0.011827,-0.385366,0.029263,0.191197,0.245725,0.263379,-0.074027,0.002897,0.334354,-0.053062,0.060930,-0.110297,0.438643,-0.906549,0.195286,-0.127312,-0.115289,0.419211,0.175216,-0.000554,-0.115098,0.004261,-0.486272,-0.023828,0.388423,-0.001359,0.037785,0.069829,-0.115371,-0.113322,-0.124695,-0.331736,0.034646,-0.072711,0.150401,-0.014186,-0.108590,-0.039087,-0.021557,0.476884,-0.063258,-0.266285,-0.017612,-0.585632,0.245732,0.217441,-0.180066,0.024979,-0.104494,0.068753,-0.146413,-0.182454,0.145958,-0.114412,0.111592,-0.021756,0.173533,-0.177402,0.104419,-0.425826,0.248472,-0.067086,0.021494,0.137225,0.222522,-0.368933,-0.107867,-0.286098,0.151077,0.045662,0.570756,-0.109856,0.150953,-0.089638,-0.167216,0.161580,0.203511,0.112465,0.241033,-0.133890,-0.197540,-0.064931,-0.098527,-0.103106,0.360786,0.519174,0.285768,0.067548,0.088313,0.441333,0.048513,0.013557,0.225289,0.064521,-0.014537,-0.049812,0.041187,0.210603,0.606011,0.166380,0.405750,0.000999,-0.095145,-0.080531,0.225331,-0.207932,0.131245,0.240974,0.152023,0.004152,0.193940,-0.162508,0.381274,-0.173752,-0.058588,0.030334,0.150051,-0.049696,-0.028132,0.183100,0.086796,-0.091414,0.087757,0.000699
-0.128510,-0.244419,-0.103734,0.139328,0.129725,-0.414259,-0.437642,-0.060850,0.156294,-0.032819,-0.295387,-0.010137,-0.019869,-0.125845,0.266596,-0.073125,-0.389390,-1.097749,0.196201,-0.112792,0.091103,0.527059,0.281158,-0.078894,0.083664,-0.201635,-0.586988,-0.081370,-0.055642,-0.045781,0.249981,-0.042941,0.051229,-0.320223,-0.319625,-0.119302,-0.204821,-0.077020,0.200854,0.091867,-0.011202,0.228643,0.024272,0.364036,0.045604,-0.249634,0.041225,-0.467267,-0.022072,0.197256,-0.341901,0.182865,-0.236488,0.201334,0.078924,-0.060794,0.054565,-0.115541,-0.359923,-0.097354,0.030724,0.235733,0.145789,-0.052478,-0.173511,-0.103101,0.045395,0.220837,0.169925,-0.381866,0.250400,-0.032448,0.064206,0.176018,0.546968,0.075629,0.188255,-0.002929,-0.216469,0.258715,-0.159967,0.014148,-0.100630,-0.045726,0.124557,-0.201275,-0.032041,-0.263173,0.564958,0.228423,0.388185,0.244357,0.164603,0.352414,0.048519,-0.127590,-0.191710,-0.169325,-0.062871,-0.161527,0.055519,0.080812,0.420777,0.233334,0.453896,-0.176278,-0.008859,0.082904,-0.122685,0.169406,-0.282838,-0.169585,-0.052012,0.007849,0.001708,-0.000015,0.444889,-0.036407,-0.050259,-0.012189,0.093982,-0.178472,-0.046163,-0.102805,0.316036,-0.096105,-0.037329,0.328442
-0.045587,-0.089081,-0.265752,0.123605,0.082879,-0.504841,-0.073160,0.085465,-0.053100,-0.263808,-0.226474,-0.064685,0.344855,0.070017,0.282138,0.017534,-0.884531,-0.602378,-0.213661,-0.117814,0.245106,0.255402,-0.180429,0.053187,-0.271587,0.102132,-0.119903,-0.302255,-0.073363,-0.195283,-0.023414,0.069963,-0.129222,-0.097021,0.079871,-0.165613,-0.185199,-0.315907,0.096833,0.088231,-0.219822,0.125565,0.169015,0.008441,0.319002,-0.036107,0.038366,-0.321653,-0.120264,0.263573,-0.250430,0.171433,0.286064,0.048290,0.139909,-0.133972,-0.041079,0.147622,0.382204,-0.423488,-0.173832,0.033809,0.133636,-0.022862,0.097360,0.065503,0.209714,-0.075964,0.019100,-0.401551,-0.135240,0.003125,-0.124221,-0.222606,0.592850,0.076149,-0.161553,-0.016247,-0.202257,-0.039574,-0.148876,-0.047761,-0.332727,-0.058509,0.079526,-0.081005,-0.013896,-0.011850,0.351509,-0.076971,0.236220,0.144764,0.062016,0.464709,0.086894,-0.352274,-0.375506,0.037270,0.051855,-0.092279,-0.208454,0.008251,0.371949,0.127886,-0.105044,-0.049026,-0.031368,0.074861,-0.178981,-0.310086,-0.651094,-0.355595,-0.075993,0.028016,0.265207,-0.088498,0.400602,0.011720,-0.187971,0.131890,-0.026039,-0.360450,0.187169,0.265329,0.305647,-0.107813,0.287986,-0.083861
0.011240,-0.037515,0.053087,0.164158,0.048253,-0.568469,-0.253945,0.143999,0.084789,-0.264345,-0.003586,0.055793,0.187080,-0.060393,-0.057182,0.145001,0.069681,0.216061,-0.146296,0.137852,0.240195,-0.076045,-0.431329,0.007434,-0.460481,0.217073,-0.038231,-0.372321,0.248636,-0.003692,0.039840,0.029521,-0.217808,0.159840,0.050361,0.061530,-0.089157,-0.087443,0.078188,0.301168,-0.415070,-0.129250,-0.091906,0.135283,0.464071,0.119658,0.035269,-0.032878,-0.190179,0.104519,-0.226262,0.158466,0.348130,0.001043,0.219504,-0.070660,-0.143370,0.360033,-0.010492,-0.117163,0.014458,-0.185556,-0.109264,-0.273029,0.071066,-0.250919,0.048714,-0.287488,-0.012387,-0.161758,-0.252809,-0.103093,-0.059415,-0.201262,0.761204,0.111474,0.021078,0.198814,-0.121900,-0.223905,-0.105821,0.066282,-0.409693,-0.012830,-0.034041,-0.001914,-0.148592,0.083970,0.360539,0.054486,-0.028777,-0.239131,0.096362,0.037268,0.013714,0.084437,0.080686,-0.225539,0.083381,-0.080745,-0.221556,-0.072782,-0.130570,0.064967,-0.454148,0.112090,0.036644,0.183454,-0.227196,-0.009879,-0.738831,0.042586,-0.168170,-0.229223,0.273019,-0.153335,0.294711,-0.054089,-0.168573,-0.015949,0.094588,-0.261059,0.026490,-0.017320,0.239033,-0.361953,0.169480,0.058294
0.048517,-0.081617,0.020623,0.288899,0.141896,-0.360017,-0.152424,0.149570,0.191176,-0.041104,0.253569,0.240590,0.270090,-0.215261,-0.170149,0.127670,0.742543,0.453241,-0.050009,0.063102,-0.100633,-0.226546,-0.158374,-0.218905,-0.242159,0.101729,0.076239,-0.098454,0.340446,-0.070027,0.000116,0.034006,-0.113003,-0.116244,0.055174,0.220536,-0.073115,0.149603,-0.002547,0.349197,-0.595113,0.092891,-0.088221,-0.129759,0.115868,0.089010,0.072156,0.086537,0.086052,0.095132,-0.191865,0.105409,0.073360,-0.106335,0.181466,0.191927,-0.021005,0.345278,-0.142403,-0.194001,0.127284,-0.022181,0.049449,-0.153804,-0.033933,-0.089380,-0.049074,-0.032235,0.247627,-0.251102,-0.045897,-0.040054,0.037045,-0.054346,0.195982,0.118750,0.030482,0.131187,-0.378210,-0.139022,-0.290116,0.176002,-0.185157,0.048971,0.025018,-0.171552,-0.214530,0.132889,-0.057854,-0.027177,-0.002421,-0.269302,-0.192154,0.152977,0.130020,0.177514,0.135568,-0.066688,0.020065,-0.063867,-0.103915,-0.065474,-0.231367,0.089576,-0.028857,0.233355,0.119986,0.090209,0.061320,0.208746,-0.720046,0.299549,-0.089900,-0.362346,0.060085,-0.301982,0.296418,0.010943,-0.203621,0.034285,-0.180671,-0.176671,0.088212,-0.088741,0.063736,-0.301266,0.133985,0.217127
-0.178355,-0.262740,0.015658,0.161591,0.066314,-0.207886,-0.058276,0.157160,-0.106427,0.088929,0.069659,0.203897,0.270767,-0.106851,-0.046638,-0.210765,0.459647,0.472372,-0.305747,-0.055077,-0.069773,-0.139158,-0.172860,-0.013300,0.057261,0.066491,0.183297,-0.146905,0.128789,-0.301391,0.053332,0.030020,0.017259,-0.470056,-0.144704,0.330026,0.078815,-0.030565,-0.000297,0.226127,-0.219935,0.387038,-0.093514,-0.216958,-0.174836,0.037261,-0.151291,0.029698,-0.031012,0.147920,-0.095228,-0.058693,-0.206347,0.093828,0.101417,0.465923,-0.157602,0.464641,-0.174659,0.075124,0.220045,0.068323,-0.189780,0.048042,0.188039,-0.090914,0.029870,-0.296041,0.054321,-0.026228,0.195103,-0.045432,-0.081280,0.133525,-0.147101,0.216096,0.026964,0.004829,-0.357215,-0.171028,-0.203238,0.013637,-0.018096,0.059026,0.112236,0.041087,-0.174285,0.102122,-0.205119,-0.215905,-0.071943,-0.099273,-0.217271,0.105599,0.295581,0.160992,0.159099,-0.171758,-0.082747,0.137106,-0.178643,0.077862,-0.022120,0.164448,0.070139,0.117328,0.165755,0.196331,-0.089601,-0.258491,-0.157023,-0.156130,0.167934,0.150273,0.040618,-0.118414,0.134569,-0.308471,-0.121156,0.280921,-0.109540,-0.253470,0.159464,0.434290,0.203920,-0.325631,0.090422,0.068045
-0.234166,-0.238287,-0.092496,-0.002431,0.059788,-0.189108,-0.008999,0.273904,0.072779,0.194093,0.126424,0.171432,0.095453,0.080435,-0.212942,-0.063154,0.305347,0.427428,0.163896,0.063463,0.198324,-0.177682,-0.140047,-0.231908,-0.076509,-0.182078,0.229090,0.128343,0.101035,-0.188146,0.131395,-0.029294,0.216940,-0.254554,-0.368440,0.086857,0.111939,0.041831,-0.106201,-0.014384,-0.087755,0.155387,-0.078932,-0.279811,-0.377019,-0.026473,0.024674,0.032341,-0.087300,0.314645,-0.188756,-0.343527,-0.036340,0.287944,0.098894,0.443136,-0.195782,0.058249,-0.489744,0.102309,0.250361,0.226712,0.003716,-0.115949,0.385092,-0.115419,-0.200229,-0.149028,-0.024177,-0.027351,0.312518,-0.159854,0.008358,-0.055616,-0.183857,0.090180,-0.081098,0.087322,-0.153863,-0.193315,-0.401615,0.058597,0.084537,0.024602,0.044824,0.056175,0.236464,-0.306340,-0.069755,-0.311665,0.079314,-0.071389,0.157459,0.082954,0.227067,0.101279,-0.133567,0.098599,-0.275739,-0.084447,-0.110499,0.392695,0.013204,0.266651,0.198243,-0.034260,0.013553,0.176426,-0.262003,-0.376023,0.109271,-0.429513,-0.217695,0.177383,-0.297019,-0.210805,0.101821,-0.208161,-0.233407,0.186299,0.196142,0.150822,0.393850,0.166637,0.162091,-0.071858,0.227812,-0.151052
0.313559,-0.027704,0.033928,0.040279,-0.164967,0.024384,0.010748,0.225956,0.258288,0.025044,0.221164,0.400896,0.031056,0.098761,-0.532012,0.100113,0.237620,0.231766,0.165488,0.140322,0.041622,-0.189510,0.119598,-0.025370,-0.439714,-0.102656,0.206311,0.056328,0.420017,-0.043667,0.564083,-0.023444,0.493790,-0.153270,-0.144468,0.154711,-0.134942,0.174678,-0.117427,0.109094,-0.093163,0.052393,0.280346,0.288788,-0.148024,0.057911,-0.003852,-0.065817,0.075944,0.207435,-0.085123,-0.172595,-0.118580,0.035814,-0.037337,0.292935,-0.312847,0.312549,-0.147380,0.225426,0.100774,0.198019,0.020910,-0.339316,0.182239,0.060240,-0.377264,0.181871,-0.050746,-0.051181,0.579436,-0.008975,0.287787,-0.297751,-0.059874,-0.126839,0.030678,0.191165,-0.394021,-0.161288,0.066448,-0.003554,0.215507,-0.258329,0.198505,-0.116770,-0.023110,-0.020307,0.040084,-0.103395,-0.047646,-0.050947,0.076407,-0.070004,0.102704,-0.237004,0.243824,0.101725,-0.044543,-0.141173,-0.333272,-0.108272,0.127730,0.180882,0.146160,0.097702,0.008134,-0.226248,-0.007323,-0.302225,0.044994,0.183369,-0.036664,0.079231,-0.663447,0.129277,0.015645,-0.340255,-0.232888,-0.190431,0.245244,0.126032,0.095515,-0.204093,0.183811,0.244299,0.013548,-0.234333
0.071106,0.051940,0.029683,0.279342,-0.091639,0.052148,-0.204103,0.012844,-0.067786,-0.079662,0.134170,-0.043309,-0.025910,0.096906,-0.393850,-0.180588,-0.063235,-0.333629,-0.273827,-0.008874,-0.003587,0.370084,-0.133499,-0.070207,-0.298938,0.034074,0.196504,-0.130552,0.113142,-0.015991,0.218750,0.153369,0.105822,0.027459,0.131708,0.061635,-0.192690,-0.048683,-0.058493,0.397018,0.179898,-0.179113,0.056144,-0.021728,0.008845,0.326661,-0.136167,0.046374,0.212997,-0.079246,-0.203530,0.172141,-0.048577,-0.071192,-0.155240,0.010172,0.060829,0.362554,0.083449,0.121600,-0.120381,-0.001882,-0.071818,-0.172824,-0.137490,-0.011157,0.017188,0.000831,0.173439,-0.097187,0.026785,0.037208,0.234218,-0.447781,-0.076978,-0.363931,0.138396,0.089679,-0.115189,-0.018333,0.401170,0.167807,0.189467,-0.090827,0.191363,-0.088192,-0.115417,0.117618,-0.150578,-0.392069,0.235432,-0.037351,0.016254,0.239986,0.062573,-0.131220,-0.114920,-0.090638,0.166749,-0.018540,-0.065945,-0.269484,0.110874,0.259977,-0.010590,0.063209,0.036157,-0.152275,0.249374,-0.185846,0.039530,0.057644,0.431524,0.393132,-0.373194,0.183373,-0.053105,-0.369431,0.008056,0.039472,0.234496,-0.215081,-0.078637,-0.271364,-0.008307,0.165475,0.052075,-0.241998
-0.124756,-0.086310,-0.073347,0.076477,-0.238009,0.017409,-0.291794,-0.087171,-0.063759,0.176415,-0.109786,-0.059548,-0.141546,0.206810,-0.203581,0.064865,-0.020026,-0.296019,-0.120850,0.058216,-0.029761,0.128207,-0.035830,-0.090630,0.010575,-0.086082,0.052902,0.011447,-0.070284,0.017234,0.146416,0.073482,-0.178054,0.118060,0.093736,0.037256,0.081176,-0.187390,0.038817,0.424050,0.190211,-0.434460,-0.024362,-0.166320,-0.028316,0.117736,0.005213,-0.089973,0.101338,-0.011529,-0.091457,-0.152125,0.058195,-0.042633,-0.542754,-0.229076,0.195956,0.123847,0.012386,-0.050315,-0.021622,0.045124,0.050967,0.059376,-0.033670,-0.028907,0.257974,-0.019449,0.103477,-0.134948,0.066640,0.067663,0.129233,-0.271845,-0.170806,-0.091436,-0.022063,0.061834,-0.049730,0.145942,0.269941,0.101590,0.064614,0.055384,0.095487,0.058315,0.025307,0.077760,-0.143322,-0.081628,0.201988,0.149894,0.095412,-0.022416,-0.063893,-0.055832,0.120413,-0.103574,0.062677,0.046679,0.051992,0.105641,-0.080455,0.131063,0.032980,-0.087719,0.032644,-0.092714,0.175547,0.147051,-0.102744,0.012673,0.108463,0.176135,-0.149781,0.155560,-0.034243,-0.223097,0.021400,-0.022118,-0.008200,-0.080009,-0.106859,-0.355093,-0.203054,0.234655,0.003906,-0.329181
-0.060159,-0.022189,-0.026025,-0.024228,-0.115293,0.050833,-0.018140,-0.016316,0.014088,0.105819,-0.014909,-0.064137,-0.062790,0.097265,-0.087638,0.052661,0.015769,-0.025717,0.024331,0.021647,-0.122398,0.002665,0.023789,-0.076879,0.059950,-0.045362,-0.019537,0.073011,-0.014656,0.081310,0.043136,0.013172,-0.072311,0.001650,0.023115,0.101362,0.057815,-0.002644,-0.006443,0.156066,0.001621,-0.245538,0.027589,-0.027873,-0.003024,0.076214,-0.051408,0.023195,0.021940,0.070952,-0.087239,-0.002779,0.040396,0.013963,-0.284227,-0.031815,0.015983,0.047764,-0.106116,-0.039987,-0.002014,0.013748,-0.061870,0.041380,-0.044551,-0.026013,-0.012532,0.053144,0.028676,-0.076865,0.025648,0.043463,-0.014067,-0.046548,-0.027150,0.052755,-0.015602,0.034413,0.055501,0.030825,-0.053165,0.110296,0.004334,0.019829,0.008519,-0.026771,-0.052917,-0.051465,0.010853,-0.051535,0.037430,-0.011918,-0.018736,0.125297,0.101162,-0.042943,0.093308,-0.005029,0.003407,0.029808,0.054004,0.068093,-0.021161,0.145931,0.054019,-0.025046,0.000490,0.010312,-0.092695,0.046042,0.001121,0.023858,-0.048225,0.042024,-0.065545,-0.053082,0.033710,-0.004710,-0.049630,0.008559,-0.016096,0.043417,-0.031288,-0.086806,-0.047349,0.015372,-0.078142,-0.074905
-0.007792,-0.000682,-0.013297,-0.003873,-0.053872,-0.022866,0.010059,-0.004484,-0.015980,0.000877,-0.009211,0.010645,-0.002108,0.007000,-0.015249,-0.001845,0.005255,0.026029,-0.022803,-0.000819,-0.070043,-0.010500,0.003170,-0.048093,0.004045,-0.008386,0.003508,0.007461,0.014675,0.013625,0.006270,0.004286,-0.002283,0.032579,0.003019,-0.001490,0.004517,0.025452,-0.010401,0.054815,0.059050,-0.012571,0.002334,0.020740,0.014245,0.015503,-0.022027,0.031029,-0.003671,0.007739,-0.002577,0.002909,0.001570,-0.012147,-0.069297,0.016524,0.022238,0.011444,0.006188,-0.009268,-0.037159,0.006239,-0.001404,-0.001934,-0.010075,-0.016282,-0.014481,0.020276,-0.004280,0.012176,0.020887,-0.010839,-0.019856,0.000764,0.028412,-0.013890,-0.003540,-0.008023,-0.002341,0.014138,0.004400,-0.011703,0.001343,0.000576,-0.004829,-0.001766,0.025516,-0.023932,0.016405,0.003361,-0.009976,-0.005161,0.016388,0.042242,-0.005637,-0.008614,0.000103,-0.002465,-0.018666,0.015229,0.016975,-0.009900,-0.019999,0.007092,-0.005609,0.001705,0.005465,0.014253,-0.015804,-0.004622,0.019217,-0.024458,-0.019278,0.005712,0.015199,-0.031038,0.004740,0.072666,-0.002392,-0.002377,-0.006942,-0.008819,0.012105,-0.011591,0.003577,0.005944,0.059052,-0.003195
0.001684,-0.002617,0.001336,0.000277,-0.004666,0.000749,0.001112,0.001094,-0.000187,-0.000907,-0.001007,-0.003982,0.002712,-0.001492,0.004135,-0.001033,-0.000315,-0.003044,-0.001639,-0.001836,-0.005198,0.003222,-0.001461,0.000944,-0.002690,0.004195,0.001602,-0.002410,0.000592,-0.003108,0.001217,0.000015,0.000201,-0.002711,0.000249,0.000220,-0.002393,-0.000513,0.002476,0.006892,-0.002742,-0.000835,-0.001990,0.002132,0.003036,0.003135,-0.002308,0.001897,0.000205,0.003327,-0.001268,0.001767,0.000955,-0.002385,-0.001983,-0.001385,-0.002156,0.000977,0.001981,-0.001975,0.003256,-0.001099,-0.000930,0.001416,-0.000927,-0.000431,-0.000158,0.002490,-0.001575,-0.000394,-0.003167,-0.003203,0.001146,0.000236,-0.000424,0.000444,0.001010,0.000260,0.001238,0.000032,-0.000274,0.000514,0.000572,0.000788,-0.001568,0.000599,0.001730,-0.001435,-0.000705,-0.002202,0.002260,-0.000860,0.003503,-0.007805,0.004201,0.000665,0.000896,-0.001642,0.000918,0.000115,0.000573,-0.001206,0.001101,-0.000409,-0.000387,-0.001329,0.003001,0.001542,0.001328,-0.003574,0.000597,0.002566,0.001783,0.001455,0.004040,-0.000870,-0.001113,0.005824,0.001458,-0.000393,0.002312,0.002424,-0.000116,-0.001917,-0.000979,-0.000905,0.002840,-0.001639
0.000082,-0.000158,-0.000453,0.003355,0.000963,0.001825,-0.001083,-0.001797,-0.001036,-0.000858,0.001244,0.001228,-0.001395,0.000133,0.001444,0.000330,-0.000247,0.000298,0.000588,-0.002633,0.002623,0.000200,0.001954,-0.000834,-0.001051,-0.000823,0.001730,0.001533,-0.000570,0.001728,-0.002092,-0.001648,0.000413,-0.003402,-0.004045,-0.000718,-0.002453,-0.000362,0.000523,-0.002493,0.000999,-0.003246,0.001534,-0.003351,-0.001290,0.000115,0.000704,-0.001085,-0.000067,-0.003066,-0.001593,-0.001863,-0.000825,0.001201,0.003532,-0.001245,0.000091,0.000732,-0.000733,-0.000129,-0.000138,-0.001275,-0.001138,0.000457,-0.001374,0.002181,0.000499,0.002057,0.002175,-0.001962,0.001309,-0.000053,0.000353,0.002355,-0.001079,-0.000833,0.001261,-0.000087,0.000382,-0.000907,0.000800,-0.000945,0.000900,0.000653,-0.003091,-0.000898,-0.000071,0.001569,-0.000483,-0.001421,-0.000061,0.000056,0.002428,0.003552,0.001221,0.000544,0.000694,-0.000753,0.000170,-0.001804,-0.000639,-0.000043,0.001655,0.004596,0.001329,0.001165,-0.001348,-0.001915,0.001755,0.001125,-0.001565,0.002861,0.000957,0.001456,-0.001086,0.004655,0.000830,-0.007173,-0.001364,0.000137,0.001164,-0.000072,0.000460,-0.001194,-0.001048,-0.001406,-0.002975,-0.002469
0.011700,-0.006470,-0.006119,0.010952,-0.043675,-0.023314,0.005457,-0.004172,0.002928,-0.004298,-0.019549,-0.011438,0.010814,0.011856,-0.007091,0.009821,-0.001729,0.018123,-0.033935,-0.001387,-0.049189,0.014455,-0.007706,-0.015350,-0.001777,0.003530,-0.005230,0.000042,0.009228,0.000398,-0.002952,-0.002072,-0.008120,0.001157,-0.003668,-0.005035,0.001341,0.014288,0.003621,0.072281,0.009795,0.029326,-0.011255,0.013759,0.028193,0.017288,-0.011194,0.018921,-0.001761,0.009570,0.002762,0.010996,-0.015036,-0.013719,-0.063218,0.003108,-0.000626,0.015376,0.034961,-0.021350,-0.014460,0.004484,0.013522,0.014435,-0.005467,-0.010655,-0.002729,-0.004371,0.006019,0.009273,0.024231,-0.016345,-0.001824,0.010690,0.018468,0.038338,-0.004903,-0.013286,0.006250,0.005083,-0.022293,-0.013141,0.005788,0.008576,0.001719,0.011671,0.008172,-0.020365,0.007065,0.018331,0.007031,-0.013196,-0.002643,-0.026249,0.001818,0.003868,0.008468,-0.001135,-0.014040,0.007100,0.008352,-0.014295,-0.007442,-0.010054,-0.028718,0.000557,0.005815,0.023136,0.001120,-0.002171,0.014352,-0.020377,-0.004402,0.017984,0.017138,-0.023188,-0.001807,0.051477,-0.000094,0.009032,-0.005513,-0.002444,0.013266,-0.005198,-0.008504,-0.007689,0.028706,0.017675
0.050637,0.023839,0.023013,-0.010947,0.080548,0.101239,0.006009,0.015153,-0.047612,-0.034886,-0.069590,-0.102856,-0.002976,-0.052485,0.009677,0.002665,-0.053423,0.006117,-0.032487,-0.094577,0.069653,0.018104,-0.053189,0.177513,-0.127339,0.006140,-0.049880,-0.040521,-0.035151,-0.060229,-0.029869,-0.021657,-0.016216,-0.070072,-0.060687,-0.038567,-0.052344,-0.083972,0.059687,0.272719,-0.133120,-0.017583,-0.029136,-0.066734,0.054552,0.044133,-0.030222,-0.118806,-0.025129,-0.024351,-0.050176,0.060118,-0.050503,0.020671,-0.199570,0.006163,-0.078410,0.061677,0.093924,-0.005412,0.066423,0.007155,-0.006002,0.113501,0.011743,0.055551,-0.023139,-0.000293,0.020805,-0.000592,0.078946,0.006987,-0.004336,-0.036269,-0.049349,0.131280,0.028140,0.067135,-0.004424,-0.041753,-0.092490,0.019746,-0.019729,0.025290,-0.063790,-0.033312,-0.027129,-0.157778,-0.031796,0.013176,0.004158,-0.005375,0.134119,-0.108614,0.048101,0.014494,0.004577,-0.082857,0.036529,-0.010062,0.006235,0.004309,0.104951,-0.040356,-0.081492,-0.009560,0.001919,0.009564,-0.074880,0.026643,0.021505,-0.020848,0.086107,0.034197,-0.013111,-0.059542,-0.003482,-0.034599,-0.014724,0.026398,0.061600,0.045526,0.026407,0.012107,-0.031439,-0.035786,-0.269115,0.038227
-0.102519,-0.036486,-0.095629,-0.039097,0.041566,0.139903,0.059952,-0.117794,-0.193994,0.001873,0.212511,0.031537,0.052443,0.084101,0.103188,-0.317398,-0.112934,0.049879,-0.028047,0.025113,-0.099734,0.125132,0.057963,0.126992,0.193461,-0.065809,0.079199,-0.072988,-0.059239,-0.183342,-0.152744,-0.066182,-0.073179,-0.209825,0.117780,0.026795,-0.156430,-0.187990,-0.006757,0.092749,0.084139,0.194512,0.166487,-0.111333,0.077501,0.230896,0.006622,-0.020576,-0.102664,-0.067690,-0.032204,0.010980,0.001910,0.031363,0.290724,0.096911,-0.231823,0.079902,0.103372,-0.065126,-0.171206,0.012431,-0.008283,0.141994,-0.051263,-0.040157,-0.105148,0.008018,-0.075841,0.025633,-0.035457,0.078144,0.016905,0.071246,-0.014883,-0.063253,-0.001263,0.003489,0.054207,0.041143,0.081640,0.058836,0.006294,0.038481,-0.035202,0.027829,0.040493,-0.039096,0.023315,-0.169364,0.041560,0.000234,0.115209,0.201183,0.269072,-0.110954,-0.012187,-0.038526,-0.019982,-0.016603,0.058351,-0.077423,0.187367,-0.140703,-0.031262,-0.125470,-0.031488,-0.229645,-0.165935,-0.021073,-0.020472,-0.110628,0.037403,0.011789,-0.027741,-0.053454,-0.092088,0.013950,0.031523,0.078814,0.161270,0.033370,-0.030727,-0.010167,-0.120996,0.041923,0.012189,0.040464
-0.251885,-0.014281,-0.078809,-0.449511,-0.159469,0.176583,0.051852,0.215950,-0.430873,-0.064296,0.053075,-0.092089,-0.036759,0.431854,-0.102323,-0.276179,0.222157,0.329016,-0.084271,-0.261524,0.245522,-0.174098,-0.040018,-0.102911,-0.017400,-0.093344,-0.249317,-0.194702,-0.112770,-0.315848,-0.104723,0.073429,-0.098064,-0.051344,-0.177025,-0.063303,-0.047554,0.015811,-0.006297,0.299178,0.095626,0.083699,-0.026942,-0.198065,0.011944,0.128456,0.056234,0.044533,0.044213,-0.060627,0.059682,-0.126131,0.136939,0.078684,0.032859,-0.107317,-0.074461,-0.234329,0.367177,0.096717,-0.201055,-0.149920,-0.318198,-0.116531,0.190567,-0.034432,-0.217710,0.146555,-0.185396,0.061701,-0.004394,-0.115772,-0.081954,-0.041541,0.229929,-0.131182,0.028874,0.251726,0.095846,-0.056952,0.082566,-0.143362,-0.062393,-0.106146,0.079103,0.051016,-0.263014,-0.058816,-0.006477,-0.148873,0.053425,-0.030197,0.121209,-0.208705,-0.125630,-0.032419,-0.160319,-0.451435,0.050787,0.108682,0.124060,-0.078586,0.068856,-0.054269,0.065830,-0.215212,0.003720,-0.479645,-0.057881,0.069538,-0.183989,-0.043734,-0.130770,-0.196067,-0.006113,0.139004,-0.068782,0.060652,0.062716,-0.072036,0.117842,0.071950,-0.183835,-0.064566,-0.166717,-0.142886,0.102639,0.021440
-0.205650,-0.052804,-0.077666,-0.250582,0.015340,-0.040426,0.084763,0.162278,-0.242959,-0.144165,0.101707,0.083259,0.016852,0.465263,0.211427,-0.102365,0.023800,0.420018,-0.065327,-0.157549,-0.022723,0.004870,-0.059224,-0.235480,0.009351,-0.055674,-0.262389,0.016412,-0.286840,-0.305602,0.014909,-0.068695,-0.038907,-0.346065,0.170336,0.151061,0.188054,0.140975,-0.130416,0.108749,0.148269,0.000608,-0.175872,-0.051316,0.145456,0.278170,0.159432,0.107100,-0.123746,0.026449,0.168745,0.064608,0.060928,0.019902,-0.103374,-0.044562,-0.168136,-0.027273,0.101946,0.057048,-0.135913,-0.202958,-0.270998,0.142476,-0.014225,0.042850,0.054320,0.074847,-0.090990,0.067707,0.220996,-0.051030,-0.089530,0.015139,0.241741,0.250648,0.169199,0.207918,0.014886,0.048592,0.029557,0.088369,0.007623,-0.059333,0.243247,0.055131,-0.086216,0.243512,0.123428,-0.144058,-0.191983,-0.008365,-0.150607,-0.081007,-0.086830,0.151673,-0.064913,-0.247233,0.082224,-0.086012,0.039566,-0.210746,0.050389,0.098574,-0.092242,-0.298115,0.050613,-0.218772,0.168886,0.053278,0.038192,-0.201973,-0.109425,-0.024401,0.248007,-0.098454,0.152318,-0.027549,-0.057555,0.062191,-0.170244,0.175823,-0.372056,-0.052598,-0.154272,0.115370,0.029419,0.057609
0.025277,0.117367,0.134160,-0.168693,0.202937,0.194183,-0.048396,0.048134,-0.048553,0.176792,0.011539,-0.239459,0.067041,0.343918,0.060460,0.239744,0.222756,-0.067365,-0.101457,0.051478,-0.131168,0.037720,-0.130060,-0.215685,-0.024561,-0.027526,0.025297,0.064902,-0.366798,0.010068,0.170364,-0.273329,0.103887,-0.394189,0.191432,-0.094377,0.133793,-0.018509,-0.076939,-0.007208,-0.028056,-0.134335,-0.009290,-0.174680,0.510747,0.172736,0.068021,0.057168,0.133612,-0.050306,0.297810,0.217439,0.175584,0.123512,0.032915,-0.076079,-0.319258,0.159676,-0.095109,0.017829,-0.374581,0.061676,-0.147181,0.105717,-0.356039,0.077162,0.336565,-0.218315,-0.212005,0.201546,0.206150,0.230769,0.006103,0.158854,0.098553,0.128064,0.088731,0.087299,-0.181009,-0.040844,0.040558,0.083837,-0.157212,0.057469,0.208734,-0.028186,-0.150388,0.059310,-0.101459,-0.238654,0.063984,0.122446,-0.023089,-0.055998,0.019712,0.004746,0.204401,-0.160595,-0.029243,0.052634,0.050737,-0.333958,0.109979,-0.286773,0.032517,-0.079055,0.011478,0.148396,0.028318,0.202914,-0.317750,0.263399,-0.210657,-0.010629,0.195828,0.242764,0.080845,-0.033820,-0.023076,-0.002840,-0.183979,0.182801,-0.372926,0.094670,-0.113538,0.178709,0.306148,0.051072
-0.040526,0.036227,0.020325,-0.011950,0.099186,0.094484,0.082093,0.033522,0.069696,0.083079,-0.088959,-0.456714,0.023933,0.194654,0.197296,0.128199,0.297682,-0.203388,0.097041,0.005787,0.041530,0.000067,-0.110431,-0.049352,0.114597,0.052879,0.086830,0.161814,-0.184178,0.188624,0.355535,-0.089197,0.293299,-0.285704,-0.100950,0.131745,-0.003696,0.294034,-0.160259,0.000807,-0.090716,-0.131006,-0.018760,-0.009313,0.293878,0.007251,0.132288,-0.133413,0.355470,-0.208309,0.448016,-0.165180,-0.061531,0.008654,0.031918,0.147580,0.228566,0.007185,0.186196,0.036895,-0.152541,0.052464,-0.138826,0.314524,-0.342605,0.079168,-0.253304,0.115790,-0.092318,0.111012,0.014212,0.051859,-0.050039,0.178229,-0.165288,0.075608,-0.006555,0.118974,-0.086692,0.131620,0.016568,-0.004926,-0.198103,0.121339,0.272917,-0.339591,0.222846,0.258751,-0.299873,-0.216805,0.256136,-0.162511,0.142711,-0.049125,0.117332,-0.073043,-0.251519,-0.145852,0.012497,0.067002,0.200011,-0.025762,0.232039,-0.271450,0.023035,0.068922,-0.119170,-0.081957,0.026196,0.027326,-0.298543,0.162704,0.129671,0.120487,0.055123,-0.013959,0.356414,-0.036932,0.036928,0.193550,-0.048248,0.068841,-0.188848,0.169996,0.081914,0.194846,0.344256,0.104766
-0.326773,-0.095893,-0.063029,0.040358,-0.018141,0.006505,0.232700,0.010957,0.133909,-0.159825,0.438469,-0.255335,0.046845,0.150368,0.421478,-0.279676,0.350061,-0.035500,0.292046,-0.233527,-0.116128,-0.283785,0.337900,0.050000,0.104182,0.020997,0.041436,-0.049211,-0.067045,-0.209705,-0.180128,-0.184420,-0.010586,-0.306382,-0.202692,0.108326,-0.004226,0.085616,-0.005435,0.289211,-0.024303,0.020834,-0.154793,0.203131,-0.046055,-0.282805,0.204412,-0.127651,0.362837,-0.293196,0.059567,0.090601,0.020813,0.081159,-0.114466,0.113846,-0.036457,-0.097978,0.044387,0.347433,0.059659,-0.017759,0.092369,0.080073,-0.220792,0.075053,0.053360,-0.001688,-0.132220,0.282024,0.183281,0.111424,0.016599,-0.010312,-0.048200,0.289739,0.014454,0.275650,-0.069369,-0.023389,0.012981,0.170757,-0.108376,0.159944,0.321289,-0.161093,0.043170,0.144587,-0.464254,-0.026170,0.270665,0.039792,-0.250465,0.085157,0.364792,0.455263,-0.244931,0.022165,0.144926,0.042893,0.229739,-0.092447,0.106212,0.129828,-0.261443,-0.003305,-0.143717,-0.035016,-0.129783,-0.204956,-0.089005,-0.161917,0.132296,0.176225,0.057159,-0.055687,0.532651,-0.120111,0.122912,0.148888,0.056416,0.062797,-0.511630,0.146629,0.534946,0.277765,0.237168,0.043407
0.035676,-0.001671,-0.325481,-0.181012,0.000019,0.171641,0.054823,0.082792,0.178071,-0.462559,0.192726,-0.110394,0.097473,-0.167158,0.374198,0.002921,0.101307,0.045640,0.186298,-0.269576,-0.189042,-0.328870,0.109604,0.113063,-0.093646,0.177105,0.113392,-0.154791,0.205330,0.020839,-0.186332,-0.044099,-0.209275,0.021304,-0.124971,0.104997,-0.072843,0.432296,0.071819,0.132685,0.377734,-0.209763,-0.054576,-0.013322,0.175792,-0.231180,0.208668,-0.175951,0.251165,-0.217300,0.079934,-0.003958,-0.226346,-0.031484,-0.202519,0.139466,0.116090,-0.145053,0.072603,0.236926,-0.034309,-0.010135,0.166216,0.093571,0.159504,0.291565,0.010840,0.089133,-0.224913,0.445288,0.114842,0.219574,0.154950,-0.138087,0.160152,0.360011,0.084636,0.144805,-0.161825,0.060430,-0.203334,-0.036184,-0.167661,-0.034949,0.143345,-0.011151,0.186997,0.086129,-0.255263,-0.262344,0.417308,0.083680,0.253973,-0.095533,0.198908,0.207359,-0.001814,0.032680,0.178622,-0.221565,0.267473,-0.215069,-0.213228,0.161047,-0.270530,-0.136461,-0.073093,-0.257800,-0.014262,0.073978,-0.144519,0.063721,0.001630,-0.048229,-0.057025,-0.077893,0.706563,-0.185932,0.237760,0.156958,0.143335,0.073001,-0.499835,0.098587,0.511617,0.145882,0.023462,-0.158528
0.055125,0.089343,-0.033033,-0.153839,-0.203306,0.020386,-0.047563,-0.032906,0.353165,-0.264847,-0.009014,-0.175311,0.164518,-0.594472,-0.087739,0.007520,-0.466067,-0.020151,0.216303,0.019488,-0.199358,-0.069022,0.186928,0.269205,0.165947,0.019755,0.050484,-0.398512,0.423590,-0.120381,-0.115294,0.127238,-0.352759,0.126220,-0.041205,-0.012600,-0.165920,0.373847,0.161481,0.108145,0.168754,-0.063945,0.175222,-0.076304,0.020923,0.165673,0.181831,-0.205506,-0.033722,-0.300029,-0.013209,0.016776,-0.219297,0.200098,0.117673,0.199534,0.030084,-0.217929,0.353565,0.022774,-0.295256,-0.059526,-0.009203,-0.113016,0.106108,-0.016828,-0.169039,0.083906,0.058693,0.303823,0.026124,0.026644,0.241985,0.285576,0.098938,0.184843,-0.049995,0.041435,-0.086210,-0.040582,-0.566115,0.202043,-0.048040,-0.110735,0.215401,-0.091722,0.367024,0.133546,-0.238354,-0.510235,-0.124944,-0.026820,0.177341,-0.100045,0.314582,0.144085,0.171636,-0.130612,-0.048521,-0.200331,-0.078510,-0.189299,-0.424365,0.339628,-0.144005,-0.121937,0.092835,0.142398,0.034559,0.080878,-0.189240,-0.412874,-0.134175,0.029905,-0.398789,-0.028461,0.506350,-0.212081,0.483218,0.147526,0.172835,0.101706,-0.424364,-0.133753,0.174037,-0.362249,0.022001,-0.141872
-0.027823,0.010765,0.366772,0.058376,0.007593,0.011733,0.164702,-0.221425,0.250174,-0.146306,0.004509,-0.304317,0.099556,-0.317118,-0.010696,-0.070820,-0.636210,0.269945,0.215781,0.104294,-0.219142,-0.091280,0.292011,0.184298,0.051225,0.019462,0.393221,-0.306001,0.363826,-0.048448,0.174506,0.180609,-0.359376,0.555330,-0.154209,-0.124069,-0.086838,0.504057,-0.262287,0.239979,0.340605,-0.060336,-0.048011,0.110693,0.077785,0.103277,0.073829,-0.086615,0.013942,-0.271504,0.082709,-0.088206,0.114547,0.071206,0.027395,0.081811,-0.126897,-0.428321,-0.295738,0.110297,-0.340039,-0.032287,0.024457,-0.352392,0.009823,-0.241546,0.282371,-0.019836,0.048780,0.096046,-0.330347,-0.107383,0.103600,0.218136,-0.009578,0.184929,-0.063402,0.202958,-0.056741,-0.145856,-0.822365,0.176808,0.018716,-0.149107,0.409731,-0.111211,-0.014700,0.211416,0.007221,-0.315551,-0.254665,0.069069,-0.012700,0.060580,0.103945,0.065893,0.370952,-0.270582,-0.021587,-0.039787,-0.421112,0.242245,-0.304256,0.344641,0.249086,0.287455,0.142037,0.015571,-0.115152,-0.206737,0.237753,-0.148768,-0.323747,0.021950,-0.174538,0.109207,0.625889,-0.141153,0.123499,0.053097,-0.128328,-0.169680,-0.362605,0.006249,-0.245159,-0.466156,-0.230840,-0.249585
0.056779,-0.075788,0.132311,0.429893,-0.059285,0.144366,0.475200,-0.246800,0.188280,-0.030676,0.096702,0.136603,0.246861,-0.060078,0.176890,-0.136623,-0.457669,-0.043634,0.035614,-0.232080,0.066732,-0.132121,0.062963,-0.030179,-0.104526,-0.095760,0.534720,0.037738,0.312381,0.015898,-0.020401,0.117566,-0.326536,-0.041853,-0.134393,-0.054501,-0.226504,0.823321,-0.210189,0.251251,-0.070494,-0.051124,0.016987,-0.080429,0.022220,-0.184672,0.081793,0.315093,0.004591,-0.187018,0.121380,-0.098321,0.166101,-0.133699,-0.104658,-0.183796,-0.331567,-0.017358,-0.079295,-0.210259,-0.159635,-0.223432,0.285983,0.112125,-0.138701,-0.050763,0.171591,0.098278,-0.321624,-0.137168,-0.347340,0.045698,0.107287,0.171005,0.152256,-0.037377,-0.093073,0.090318,-0.181701,0.053361,-1.262825,-0.009048,0.091152,0.047032,0.427137,-0.004796,-0.090108,0.286249,-0.337678,0.141597,0.052782,-0.008404,0.044458,-0.162358,-0.232172,-0.075441,0.113722,0.113800,-0.082011,-0.172510,-0.244506,-0.031216,-0.095412,0.261105,0.420706,0.372777,0.098682,-0.054665,0.328912,-0.083114,0.110258,0.032114,-0.013980,0.012632,0.117068,0.047431,0.269476,0.023867,0.169124,0.233389,0.039633,-0.026488,-0.124433,-0.065954,-0.568842,0.160294,-0.118965,-0.010313
-0.019281,-0.046481,0.084103,0.091290,0.082549,0.015978,0.480533,-0.083111,0.033352,-0.065396,0.246902,0.056240,0.124713,-0.128430,0.028942,0.081787,0.614409,-0.382851,-0.043240,-0.250271,0.190954,0.066093,-0.212713,0.195271,-0.275626,-0.028154,0.274900,-0.106262,0.324288,-0.129576,-0.411818,-0.003151,0.052902,-0.156271,0.115788,-0.162353,-0.056461,0.616387,0.009565,0.052888,-0.100686,0.169332,-0.101337,-0.078578,-0.278590,0.118520,-0.134778,0.273588,-0.187903,-0.457463,0.014134,-0.227657,0.129173,0.156187,-0.187467,-0.081213,0.171709,0.317013,0.195288,0.222712,-0.359374,-0.067987,-0.005135,0.089941,-0.019188,-0.027177,0.055939,0.280262,-0.061651,0.053175,-0.081408,0.228078,-0.030240,0.274460,0.233146,-0.275059,0.197716,0.081970,-0.155221,0.003922,-1.143088,-0.195466,0.002109,0.024018,0.345270,0.043849,-0.076517,0.267893,-0.166295,0.445604,0.164739,0.126430,0.131380,-0.005443,-0.306494,0.173689,0.466457,-0.043740,-0.120109,-0.052876,-0.064728,-0.128181,-0.019064,0.153262,0.172628,0.457631,0.022358,-0.129415,-0.006746,0.239550,0.618550,-0.054407,0.060597,0.237061,0.241657,-0.093711,-0.070083,-0.207572,0.240552,0.026029,0.124846,0.248794,-0.000607,0.079095,-0.643394,0.482947,-0.023674,0.091950
0.019659,-0.070750,0.112820,-0.111742,-0.104102,-0.019415,0.340252,-0.099076,-0.259553,0.219393,0.051697,-0.056647,0.142850,0.129653,0.001393,0.068934,0.727124,-0.891742,-0.058356,-0.057834,0.344977,0.267967,-0.477681,0.157151,-0.349468,0.189826,0.227615,0.183165,0.284197,-0.048779,-0.304898,-0.131950,0.348656,0.045651,0.228827,-0.063780,0.004935,0.181910,0.020427,-0.058119,-0.171359,0.062912,-0.190657,0.028345,-0.339302,0.497509,-0.546210,0.329221,-0.320231,-0.063929,-0.225113,-0.655661,0.078538,0.169991,-0.091950,-0.003471,0.110441,0.380334,0.181869,0.155539,-0.464244,-0.204533,-0.082122,-0.153178,-0.009573,0.025081,0.012032,-0.170918,0.298717,0.094950,-0.401338,0.402260,-0.026686,0.220475,0.347813,-0.015951,0.278553,-0.188645,-0.135842,0.056795,-0.936794,-0.028043,-0.141586,-0.075501,0.190524,0.021721,-0.150630,0.273251,0.231400,0.466888,0.019749,-0.127460,0.140378,-0.122978,-0.268838,-0.101603,0.325006,-0.120251,0.059653,-0.081450,0.227229,0.104301,0.063273,0.155445,0.045083,0.237831,0.170606,0.058286,-0.055666,0.022032,0.268002,-0.020786,-0.165526,-0.013094,0.137310,-0.127394,0.020342,-0.130330,-0.078552,-0.059094,0.010748,0.297999,-0.138962,0.123548,-0.465587,-0.130948,0.017630,-0.096878
-0.170201,-0.051157,0.000356,-0.188539,0.028400,0.011265,0.182775,-0.186565,0.170212,0.367287,0.367404,0.025325,0.148809,0.071547,0.259853,-0.027748,0.107834,-0.715017,0.195267,-0.077801,0.174158,-0.034361,-0.242647,0.121649,-0.326879,0.062417,-0.200471,0.037397,0.185716,-0.146248,-0.247556,-0.082394,0.001330,0.165333,0.062230,0.029507,0.167151,-0.196454,-0.144293,-0.111421,-0.146620,0.217053,-0.044913,0.017924,-0.454127,0.101244,-0.758202,0.217267,0.407590,0.045776,-0.451269,-0.705601,0.036563,-0.091069,-0.176261,-0.496005,0.305111,0.181479,0.068432,0.011915,-0.120582,-0.041330,0.037284,0.209530,-0.369821,0.067451,0.006373,0.150896,0.318953,-0.146553,-0.247112,0.337531,-0.287479,0.073576,0.248926,-0.207623,0.210555,-0.118219,-0.209453,0.033905,-0.271698,-0.037908,0.044136,0.031914,0.057871,0.217546,-0.022907,0.273701,0.574293,0.677858,0.204460,0.066418,0.071275,0.145727,-0.097441,-0.171240,-0.174963,-0.219250,0.162682,-0.090512,0.305756,0.001696,0.565956,0.280294,-0.218372,-0.322338,0.097228,-0.096527,0.107466,-0.122218,-0.332908,-0.023287,-0.094118,-0.040197,0.135180,0.088121,-0.002435,-0.178507,0.012299,0.335631,0.099047,0.189093,-0.234639,0.126011,0.269028,-0.177062,0.093181,-0.281564
-0.015863,-0.054334,-0.043362,-0.080404,0.288248,-0.001898,-0.354520,-0.231220,-0.000996,0.015586,0.212665,0.122346,0.259964,0.070312,0.260706,-0.051874,-0.410454,-0.109555,-0.039059,0.108150,-0.052082,0.117944,0.538376,-0.001824,-0.036773,0.002733,-0.306656,-0.217813,-0.177351,-0.035966,-0.085957,0.135685,0.181431,-0.178324,-0.019660,0.023641,0.313922,-0.192859,-0.103370,-0.026761,0.333760,0.295064,0.239909,0.136924,-0.477760,-0.501821,-0.437091,0.226027,0.409256,0.561400,-0.296402,-0.407854,0.003960,-0.152418,-0.309383,-0.561677,0.199624,0.033495,-0.063810,0.138149,-0.088058,0.140974,0.147186,0.211853,-0.058996,-0.038961,0.021005,0.284167,-0.023940,-0.507995,0.171635,-0.037837,-0.138853,0.020883,0.315964,-0.177306,0.333762,-0.264968,-0.415600,-0.057632,-0.195518,-0.125265,0.128273,-0.048094,0.252061,0.268252,0.080742,-0.023463,0.648014,0.299168,0.275957,-0.074197,-0.117298,0.224860,0.280270,-0.112814,0.043558,0.002000,-0.115365,0.149742,-0.058148,-0.065874,0.379005,0.077195,-0.152560,-0.048372,-0.185292,0.100762,-0.025470,0.064515,-0.738383,-0.081672,-0.152091,-0.004927,0.098493,0.136831,0.214046,-0.175428,0.041528,0.086826,-0.099783,-0.091312,0.018191,0.165129,0.454127,0.018925,-0.029601,0.140100
-0.141919,0.117319,0.133837,0.045150,0.312260,-0.091421,-0.244120,0.090065,-0.022649,-0.058572,-0.113485,0.108924,0.284889,-0.103177,0.158321,0.136425,-0.397756,0.479378,-0.093474,-0.012615,0.315277,0.297696,0.586949,-0.028561,-0.012632,0.128900,-0.381442,-0.231883,-0.172295,0.193284,-0.107519,0.062382,0.090530,-0.245350,0.262655,0.062246,0.142920,-0.238788,-0.097006,-0.035029,0.310573,0.033728,0.227776,0.234426,0.097975,0.026745,0.039139,0.516455,-0.062699,0.725899,-0.113494,-0.065712,0.430661,0.004976,-0.354559,-0.311497,-0.135027,-0.258140,-0.087786,-0.077909,0.083249,-0.131058,0.208531,-0.518836,0.152063,0.203553,-0.041440,0.051086,0.064687,-0.311104,-0.217638,0.009100,-0.163697,-0.273707,0.153698,0.028077,0.287512,-0.281588,-0.306118,0.060325,-0.100667,-0.142948,0.241705,-0.025887,0.034934,-0.082939,0.213289,-0.120050,0.362747,-0.010724,-0.088995,0.100910,0.113689,0.503303,0.122580,0.102859,0.228805,0.183003,-0.300149,0.088281,-0.244900,0.164216,0.268845,-0.063362,-0.412846,-0.049524,-0.137979,0.071273,-0.056493,-0.016663,-0.839840,0.045385,-0.227837,-0.046803,0.179155,0.011051,0.251595,-0.112646,0.252542,0.054096,-0.005358,-0.217184,-0.105800,0.121305,0.337045,-0.205338,0.169748,0.219374
-0.028999,-0.129385,0.236659,-0.152612,0.123710,-0.295131,-0.246613,0.149350,0.051049,0.253333,-0.208338,0.144648,0.342125,-0.104017,0.134415,-0.066071,0.302284,0.719276,-0.369827,0.265266,0.307659,0.229338,0.585887,-0.080793,-0.038284,0.072035,-0.145865,-0.113964,-0.239737,0.335126,0.045932,-0.047988,-0.164714,-0.161249,0.016163,0.065408,0.270128,-0.080664,0.053712,0.280494,-0.126915,0.052424,0.065449,0.129105,0.356685,0.353549,0.461839,0.440924,-0.181727,0.174229,-0.337593,-0.141454,0.818689,0.099193,-0.180198,-0.065540,-0.021191,-0.164403,-0.169068,0.030777,-0.202853,0.060003,0.426025,-0.468577,-0.089510,0.077916,-0.112529,-0.185876,-0.009182,-0.135729,0.102532,-0.027178,-0.112598,-0.084581,-0.070779,0.011684,0.414158,0.109404,-0.167660,0.213508,0.123789,0.265285,-0.188428,-0.008788,0.155963,0.112332,-0.142204,-0.139460,-0.188451,-0.023144,-0.312350,0.297019,0.063419,0.257592,0.231363,0.157323,-0.135357,0.094323,-0.140806,-0.177060,-0.061449,-0.067683,0.191443,0.105717,-0.235535,-0.254405,-0.090992,0.206088,-0.565928,0.021943,-0.395939,0.088674,0.039347,0.097817,0.509001,-0.052833,-0.084889,-0.256748,0.071706,0.049600,0.169497,-0.716798,-0.047029,0.117655,0.055657,-0.283272,0.090668,0.169484
-0.021102,-0.301931,0.085536,0.033199,0.021844,0.117625,-0.020481,-0.062413,-0.070510,0.026856,0.260533,0.285057,0.416157,-0.199613,-0.334973,-0.064095,0.788854,0.285013,-0.039732,0.061430,0.092606,-0.140374,0.144991,-0.068727,-0.110524,-0.083772,-0.210658,0.044796,0.061805,0.083484,0.142134,-0.100103,0.121920,-0.290241,-0.099842,-0.319225,0.207263,-0.122868,0.086339,0.169545,-0.473104,0.258657,0.074043,0.130764,0.228740,0.371753,0.095950,0.133569,0.001606,0.133268,-0.132623,0.052893,0.492577,-0.107387,0.136824,0.036225,0.136740,0.179777,-0.043124,-0.014301,-0.058053,0.098866,0.170432,0.008849,-0.261452,-0.094214,0.064389,-0.257571,0.023653,-0.279591,0.033961,0.048526,-0.122262,0.120470,-0.176106,0.108321,-0.105054,0.201650,-0.080357,0.004146,0.056826,0.418650,-0.122487,0.030827,0.006986,0.036800,0.343804,-0.020629,-0.745317,0.024455,-0.219899,0.032359,-0.237159,-0.081981,0.179115,0.008188,-0.070050,0.107624,0.158551,-0.080697,-0.198431,-0.015429,0.049594,0.406770,-0.283956,-0.199906,-0.079096,0.150206,-0.228337,0.027587,-0.236346,0.068700,0.228368,0.312247,-0.044236,-0.185219,-0.129308,-0.274114,-0.170088,0.042999,-0.040935,-0.498406,-0.066142,0.055989,0.030981,-0.396273,0.024047,-0.148876
-0.035213,-0.248875,0.049470,0.207530,0.074288,-0.156089,0.082288,-0.057394,-0.231729,0.294900,0.272445,0.284247,0.321775,0.039569,-0.190694,-0.077715,0.604933,0.232490,0.047152,-0.290941,0.125776,-0.261933,0.272538,0.032879,-0.227656,0.185923,0.033443,0.066814,0.107909,-0.257712,-0.225266,-0.051600,0.474207,0.008532,-0.259214,-0.094505,0.126461,-0.036658,0.084557,0.144207,-0.236718,0.145655,0.113517,-0.001973,0.333042,0.243145,-0.036247,0.191114,0.082586,-0.000116,0.115325,-0.232279,-0.030012,-0.084623,0.029957,0.106417,0.136897,0.290451,-0.097251,-0.179624,-0.018655,0.058323,-0.149694,-0.101323,-0.004290,0.165297,0.250484,-0.508812,0.061410,-0.183391,-0.006994,0.105310,-0.039031,0.101138,-0.447371,-0.309887,-0.007563,-0.051180,0.030907,-0.015901,0.362619,-0.115903,0.206828,0.146220,0.004591,-0.052518,0.021485,-0.227370,-0.186028,-0.024297,-0.027867,-0.010535,-0.039760,0.073992,-0.094642,0.125632,-0.074647,-0.092388,0.150655,0.186764,-0.317078,-0.134434,-0.107239,0.465460,-0.287918,-0.124076,0.093788,0.013475,0.095872,-0.168579,-0.102487,0.004109,0.089473,0.181434,0.111409,-0.020592,0.099824,-0.069092,0.116455,0.246036,-0.294104,-0.403001,-0.211877,0.089427,-0.007242,-0.131528,-0.026284,-0.210715
-0.080840,-0.143526,-0.049375,-0.129857,0.036125,-0.213455,0.082326,-0.090702,-0.313683,0.132358,-0.031215,0.227109,0.057809,-0.066618,-0.071619,0.333856,0.166132,0.528201,0.147403,-0.217612,0.234632,-0.443083,-0.012352,-0.029757,-0.416328,-0.061016,0.141715,0.171972,-0.044501,0.010471,-0.397040,0.018157,0.640152,-0.076331,0.084154,-0.059919,0.150750,-0.058097,-0.155664,-0.054264,0.004772,0.112226,0.036191,-0.139297,-0.039038,0.000303,0.150809,0.222500,0.244432,-0.052699,0.043115,-0.285275,-0.497804,-0.029751,-0.177489,0.010046,0.256759,0.297663,0.181885,-0.327031,0.176576,0.002058,-0.158289,0.000977,-0.143799,0.122834,0.153692,-0.205032,-0.033748,-0.287846,-0.214265,0.133341,-0.220399,-0.000820,-0.534402,0.032713,0.128325,-0.018903,0.042134,-0.016833,-0.150275,-0.176973,0.131033,-0.050810,-0.000207,0.023117,0.309069,-0.309556,0.045329,0.008312,-0.032333,0.116789,0.045232,0.144429,0.033688,0.003474,0.055279,0.019180,0.037231,0.223145,-0.079202,0.125324,-0.163232,0.274951,-0.025069,-0.097056,0.048167,-0.004400,-0.101743,-0.277209,0.347692,-0.203168,0.049527,0.143833,0.289645,-0.207284,0.270479,-0.065007,-0.101429,0.246077,-0.178200,0.217845,0.025980,0.173300,0.285853,0.277391,0.229259,-0.376568
0.024282,-0.017043,0.068312,-0.263873,-0.122357,-0.204070,-0.057039,0.051082,-0.021613,0.166935,-0.072056,0.651916,-0.092816,0.067419,-0.334060,0.239624,0.011941,0.314934,0.123738,-0.043429,0.027596,-0.357927,-0.024624,-0.031592,-0.312149,-0.144481,-0.009300,0.201938,0.281392,-0.141229,0.273291,-0.113347,0.621890,0.294143,0.127843,0.191004,0.179394,-0.239854,0.175824,-0.022014,0.141171,-0.145858,0.058840,0.182954,-0.209581,0.009252,0.096354,0.028282,0.371547,-0.014795,0.185498,-0.189023,-0.281793,0.104781,-0.095690,-0.018857,0.023728,0.116196,-0.190630,0.042967,-0.025592,0.121753,0.034138,-0.248254,0.413645,0.154686,0.035043,0.002621,0.063211,-0.096009,0.154206,-0.108396,0.019809,0.098698,-0.179646,0.111997,0.043399,0.028484,-0.103724,-0.077007,0.198602,-0.080237,0.128579,-0.126519,0.113865,0.108234,-0.086342,-0.159901,0.025490,0.044716,-0.138189,0.049752,-0.078671,-0.117260,-0.091750,0.212422,0.122299,0.239457,-0.209824,-0.103734,0.081417,0.067488,-0.065564,0.218478,0.052028,0.063330,0.001546,0.007591,0.282885,-0.297176,0.238175,-0.140335,-0.151152,0.254478,-0.157088,0.369978,0.231541,-0.275988,-0.063191,-0.036220,0.212709,0.082567,-0.085699,-0.255701,0.513763,0.404083,0.019129,-0.230747
-0.035849,-0.067579,0.007706,0.054123,-0.124407,-0.196051,0.277730,0.200976,0.135585,-0.033119,-0.205396,0.263486,-0.061345,0.005587,-0.012038,-0.067210,-0.160351,0.078173,-0.265569,-0.135873,-0.133817,0.196248,-0.234056,-0.035176,-0.159289,-0.077620,-0.133458,-0.013109,-0.174498,0.038940,0.288204,0.127414,0.162070,-0.130278,0.171759,0.030293,0.032988,-0.070037,0.180987,0.105271,0.133825,0.155368,-0.095198,0.171967,-0.175753,0.209068,-0.009177,0.205152,0.186441,0.327923,-0.004632,0.088249,-0.045383,0.015573,-0.321013,0.094798,0.106235,-0.012587,0.305237,0.075068,0.057632,0.143002,0.131174,-0.089500,0.080022,0.031338,-0.023092,-0.082256,0.174349,-0.003441,0.167314,-0.103203,0.235946,-0.178846,0.081478,0.396525,0.170099,0.101344,-0.042906,0.042407,0.253265,0.184725,-0.028545,-0.022106,0.499266,-0.097114,-0.108546,-0.193048,-0.149483,-0.086899,0.161647,-0.111969,-0.133033,-0.263696,-0.183677,0.130717,-0.092319,0.075438,0.026220,-0.130458,-0.083932,0.150713,-0.105094,0.280967,-0.071527,0.004529,0.054271,0.207390,0.275418,-0.108940,0.522015,-0.196839,0.069606,0.352722,-0.292149,0.170390,0.091992,0.012036,0.035785,0.273088,0.036592,0.075700,-0.204860,-0.238403,0.305907,0.240332,-0.150384,0.098548
-0.107755,-0.006702,-0.017501,0.002312,-0.120790,-0.088238,0.108661,0.121795,-0.283075,-0.005681,-0.292909,0.115020,0.040687,-0.021951,-0.031310,0.070220,-0.023996,-0.224051,-0.049630,0.019795,-0.257448,0.072894,-0.024750,0.104997,-0.086221,-0.208077,-0.242247,-0.027337,-0.271455,-0.153609,0.239309,-0.016226,-0.138407,0.042940,0.197338,-0.253015,0.043875,-0.162356,0.015071,0.162206,0.106191,-0.231730,0.243248,0.044919,-0.071524,0.136402,0.001917,0.026889,0.275267,0.081406,0.092462,0.046279,0.005253,0.168171,-0.108763,0.033373,0.018691,0.024088,0.333804,-0.094480,-0.206257,0.178564,0.078354,0.230695,-0.090962,0.093318,0.277929,0.055343,0.094513,-0.059622,-0.124921,-0.042059,0.185705,0.003461,-0.092287,0.169426,0.005902,0.134709,-0.000663,0.030918,-0.066355,0.058333,-0.008489,-0.023398,0.173961,-0.145288,-0.078980,0.036713,-0.266829,0.134070,0.163819,0.155170,0.018037,0.285635,0.170217,-0.021711,-0.022591,-0.070831,-0.040405,-0.017515,0.159923,0.250373,0.052838,-0.056584,0.015074,0.008044,0.070333,0.134172,0.019919,0.028360,0.053796,0.019955,-0.004704,0.095029,-0.121357,-0.168809,-0.208499,-0.187685,0.192885,-0.034383,-0.044767,0.278402,-0.140324,-0.072495,0.063252,0.132391,0.118255,-0.159781
0.007512,0.020708,0.012880,0.051552,-0.085295,-0.031079,-0.062903,0.020091,-0.063759,-0.132736,-0.048048,0.053696,-0.049060,-0.025512,0.073949,0.046101,-0.012881,-0.058357,0.018903,-0.010131,-0.010723,0.029421,-0.029390,0.036430,0.026920,0.000033,-0.006309,0.030607,-0.055673,-0.028616,0.064243,-0.004485,0.018632,0.037808,0.036081,0.065387,-0.010750,0.009351,-0.001049,-0.051804,-0.004486,-0.003711,0.049185,0.043638,0.005949,-0.056048,0.020332,-0.000637,0.041172,-0.002546,0.066741,0.054914,-0.009406,0.048187,0.079875,0.031645,-0.025029,-0.021022,0.041706,0.016530,-0.056256,0.042598,0.003540,0.029653,0.000923,0.038039,-0.067576,0.028509,-0.050618,0.102678,-0.042655,-0.005691,0.030311,0.024306,-0.018130,0.006476,-0.026517,-0.040925,-0.081019,0.036511,0.001781,0.007770,0.008234,-0.033968,-0.009157,0.037517,-0.065434,0.068540,-0.058066,0.039264,0.012760,0.014741,-0.023373,0.137374,0.017939,-0.035330,-0.036288,0.012202,-0.058950,-0.007555,0.010329,0.034606,0.019484,0.089979,0.045766,-0.020291,-0.022026,0.093702,-0.001876,0.027633,-0.001620,-0.018825,0.055604,0.019440,0.101985,-0.057653,-0.031597,0.005374,0.043623,0.031048,0.064900,-0.023069,-0.004281,-0.021047,0.018326,0.063080,-0.055603,0.001858
0.011476,-0.012101,-0.073999,-0.025996,-0.056474,-0.069474,-0.075853,-0.034394,-0.140924,-0.057023,-0.020010,-0.036649,0.010197,0.011561,-0.093383,-0.042382,0.012562,0.050669,-0.035667,0.035240,-0.086409,-0.048341,0.059871,-0.077331,-0.039528,-0.023886,0.072619,-0.037020,0.041816,0.032636,0.006673,0.012938,0.046427,0.115057,0.039559,-0.034482,0.063838,0.016831,0.000969,0.256687,0.105558,0.008056,-0.047036,0.035451,0.040949,-0.023646,-0.048340,0.020011,-0.025241,-0.024956,-0.042131,0.006532,0.003645,-0.047210,-0.183543,-0.034972,0.038435,0.033901,0.004924,0.050735,-0.094576,0.013557,-0.026660,-0.031997,0.017865,-0.060885,0.055753,0.049415,-0.032387,0.032494,0.015443,-0.070470,-0.012780,0.000039,0.005695,-0.096765,0.003023,-0.042162,0.002969,0.011989,0.039364,-0.047020,0.000404,-0.016353,-0.001552,-0.002305,0.101399,0.070316,0.033936,0.048536,-0.016636,-0.017355,0.053420,0.134121,-0.047355,0.008147,0.030354,-0.060060,-0.032425,0.071875,0.061288,-0.024758,-0.056332,-0.180942,-0.021789,0.051456,-0.028564,0.020551,-0.055080,0.016971,0.012706,-0.043484,-0.051554,0.031026,-0.001655,0.014224,0.014410,0.137304,-0.009960,0.018411,-0.027132,-0.098047,0.063857,-0.093880,0.011565,0.027398,0.200223,-0.011829
0.002708,-0.002061,0.000814,-0.000180,0.001272,0.000240,-0.002182,-0.000675,-0.003939,-0.004243,-0.002263,-0.002897,0.003401,-0.001085,-0.003821,-0.000479,0.001177,0.000690,-0.002836,-0.000776,-0.004009,-0.001298,0.000147,0.002428,-0.006104,0.002643,0.002043,-0.005513,0.000441,-0.002996,0.002251,-0.002393,-0.000682,-0.000458,0.001508,-0.002601,0.001163,-0.001731,0.002447,0.015376,-0.002261,0.002314,-0.003739,0.003080,0.001512,0.000768,-0.003380,0.000242,-0.001472,0.004297,-0.001070,0.000434,0.001905,0.000789,-0.008606,-0.002949,-0.003173,0.002132,-0.000927,0.000376,-0.001669,-0.001204,-0.001336,-0.002265,-0.000202,-0.002678,0.002799,0.001706,-0.000504,0.001068,0.000153,-0.004968,0.003277,0.000363,-0.000205,-0.001455,0.001223,-0.000195,0.002105,-0.002666,0.000018,0.001657,0.000161,-0.001029,-0.001650,-0.002469,0.001178,-0.001782,-0.002755,0.000898,0.001326,-0.004952,0.005930,-0.000381,-0.002037,0.001231,0.001578,-0.003906,-0.001687,0.000857,-0.000489,0.001517,0.000643,-0.010589,-0.005006,-0.000157,0.003593,0.000996,-0.002878,0.000111,-0.001029,0.002645,-0.003591,0.002472,0.003427,0.001593,0.002865,0.009984,0.000427,-0.000718,-0.001844,-0.001846,0.002213,-0.005260,0.000088,-0.001356,0.001695,0.000122
0.003019,-0.001295,-0.002851,0.002154,0.013164,0.000067,-0.005231,-0.001505,0.001313,-0.002345,-0.005497,0.002218,-0.001309,-0.003755,0.001843,-0.003884,-0.002423,-0.003997,0.000344,0.002991,0.010328,0.001257,0.001620,0.003445,-0.005898,0.003344,0.003771,-0.002840,0.000519,-0.001408,-0.001866,-0.003412,0.005312,-0.000664,0.002804,-0.004640,-0.000403,-0.004249,-0.001190,-0.002516,0.000939,-0.000576,-0.000895,-0.000621,0.000891,0.001035,0.000357,-0.005126,-0.002186,-0.002976,-0.001485,0.000238,0.001690,-0.000820,0.006721,-0.003639,-0.000100,-0.003663,-0.003516,0.009411,0.004719,0.000865,-0.002531,0.002159,0.004470,-0.003852,0.009097,0.000679,0.000175,0.002217,-0.004071,-0.007779,0.003000,-0.000906,0.002435,-0.007412,0.004842,-0.001503,0.002454,-0.000161,0.006737,-0.004132,0.003145,-0.000948,0.000809,0.006385,0.006228,0.005826,-0.002930,-0.000499,0.002256,0.005520,0.003507,-0.000476,-0.002732,0.004771,-0.001443,-0.006381,0.002215,-0.003528,0.000607,-0.003784,0.001190,-0.009935,0.001634,0.000129,-0.000428,-0.002428,0.004848,-0.001598,-0.000694,-0.003169,0.002481,-0.000215,-0.005729,0.004127,0.000486,-0.007925,0.000080,-0.005160,-0.001931,-0.002869,0.003689,-0.001392,0.001275,0.004952,-0.002111,-0.003597
-0.015019,0.004074,0.069969,0.033314,-0.052546,0.113686,0.012753,0.028318,-0.024604,0.073769,-0.094322,0.117708,-0.144166,-0.040908,-0.020537,0.057861,0.051079,-0.037190,-0.016321,-0.017284,-0.270157,-0.039143,0.057634,-0.074560,0.040230,0.043461,0.023701,0.042721,-0.011819,-0.062601,0.137165,-0.073377,0.013444,0.017990,-0.019910,0.095224,0.048340,0.061689,-0.042746,0.056658,0.115382,-0.085801,0.028337,0.083412,0.033572,0.072071,-0.076009,0.094956,-0.032808,0.040991,0.022365,-0.064779,0.034969,-0.024423,-0.016682,0.026869,-0.010008,-0.024237,-0.237150,0.056984,-0.048364,-0.001198,-0.123200,-0.047256,0.009776,0.019726,0.005976,0.040481,0.001025,0.071500,-0.049363,-0.080221,0.052295,0.070035,0.226239,-0.075995,0.023116,0.039475,0.062379,0.017554,0.083010,0.035059,-0.012417,-0.031584,-0.142291,-0.043387,-0.062471,-0.038638,0.007090,0.012597,-0.025247,-0.015346,0.097805,0.021383,0.043965,-0.000675,-0.056710,-0.087258,0.025997,-0.109069,-0.020908,0.029481,0.115282,-0.013209,0.007908,0.036613,0.110550,0.046856,0.032724,0.063152,-0.062079,-0.039394,-0.068771,0.044857,0.057141,0.067474,0.048259,0.201859,0.021132,-0.082832,0.071950,-0.086899,-0.018419,-0.032374,0.036278,0.057287,-0.090543,-0.003633
0.003184,-0.039320,0.110807,-0.035631,-0.018347,0.143520,-0.136868,0.027206,-0.021926,0.076683,-0.102942,0.067073,-0.062997,-0.164074,0.019066,0.082095,-0.086758,-0.050052,-0.048737,-0.118695,-0.079536,0.026113,0.024176,0.135868,-0.024740,0.087359,-0.018983,0.119720,-0.031082,-0.216202,-0.090926,-0.077044,0.018756,0.044917,0.058768,0.072614,-0.054822,-0.003252,0.049297,0.299897,-0.136984,0.079768,0.069245,0.062099,0.146998,-0.041049,-0.022496,-0.019902,-0.037364,-0.016726,-0.006884,-0.077072,-0.024408,-0.023520,-0.243026,0.030321,-0.071169,-0.024960,-0.226445,0.184341,0.013902,-0.040337,-0.009304,0.021405,-0.035445,0.016670,0.218552,0.040288,0.031516,0.167329,0.103392,-0.054755,0.000356,-0.268010,0.009426,0.060577,0.046429,0.169403,0.042830,0.042244,-0.110978,0.037682,0.017068,0.028729,-0.143905,-0.081915,-0.123154,0.062907,0.068680,0.072197,-0.018257,-0.062496,0.069617,0.048707,0.190104,0.062648,0.004936,-0.029571,0.153538,-0.074653,-0.008487,-0.009022,0.149498,-0.099298,-0.126314,-0.026643,-0.028290,-0.005940,-0.146225,-0.015938,0.061075,-0.078248,0.001309,0.037210,0.105895,-0.170283,-0.031637,0.100963,-0.067982,-0.045890,0.078884,-0.006943,0.025967,-0.124386,-0.012301,0.084618,-0.227413,-0.007803
-0.098103,-0.011589,0.046627,-0.097045,0.101354,0.253226,-0.142900,0.033921,0.018570,0.142258,0.060533,0.077426,0.048128,0.154076,0.116615,0.165929,-0.188625,0.095743,-0.085636,-0.046815,-0.148429,0.034571,-0.024525,0.213847,-0.022874,0.072450,-0.027369,-0.146266,0.029834,-0.161717,-0.007038,-0.008853,0.115496,-0.164536,-0.084935,0.002295,0.064422,0.084152,-0.039687,0.088441,-0.000415,-0.061907,0.041701,-0.106336,0.213443,0.058181,-0.042715,0.044332,-0.111836,-0.029390,-0.032028,0.252759,0.009777,0.105926,-0.168074,-0.078142,0.001916,0.140792,-0.101851,0.051119,0.022059,0.138059,0.066832,0.278382,-0.031021,0.074764,0.136981,0.067888,-0.055828,0.105545,0.055298,0.069850,-0.052758,-0.010970,-0.208541,-0.087106,0.044779,-0.050703,-0.117632,-0.009322,-0.221822,0.097139,-0.006447,0.078439,-0.160417,0.328305,-0.004734,-0.062285,-0.021526,0.016932,-0.040520,-0.074234,0.296049,0.049814,0.017583,-0.108306,0.116633,0.048453,-0.105271,-0.042975,0.160048,-0.010480,0.144746,-0.158987,-0.151949,0.005357,0.064762,0.118073,0.278283,-0.072068,-0.001515,0.037020,-0.049039,-0.002330,0.094862,-0.103894,-0.075255,-0.004544,0.016200,-0.060966,-0.144524,0.171847,0.205272,-0.121578,0.011051,-0.132357,0.049234,-0.116671
-0.073874,0.054623,0.088843,-0.281440,0.015588,0.219559,0.054998,0.269826,0.111656,0.365143,0.113595,0.079289,-0.045711,0.397128,0.231847,0.200847,0.136977,0.437612,-0.320397,-0.070435,-0.297828,-0.147531,-0.098740,0.084353,-0.088074,0.197175,0.093491,0.057506,0.004186,-0.064258,0.176499,-0.080625,-0.179594,-0.362463,0.014984,-0.201064,0.123420,-0.045275,-0.106841,0.093279,-0.134977,-0.431828,-0.096981,0.049006,0.037617,-0.021755,-0.011414,-0.185136,-0.175839,0.152430,-0.123073,0.187120,0.072823,-0.001645,-0.113294,-0.140966,-0.005813,-0.154565,0.445389,0.143640,0.058171,-0.089693,-0.046271,0.174933,-0.068416,0.097083,-0.020661,0.031371,-0.018040,-0.064915,0.041513,0.085101,-0.204756,0.216886,-0.084293,-0.225072,0.277251,0.195574,0.020527,-0.042744,-0.113836,0.077215,-0.012924,-0.099045,-0.010462,0.132220,-0.025163,-0.066183,0.032848,-0.268885,-0.198836,0.033318,0.220374,-0.136990,-0.277095,-0.098704,-0.025176,0.012305,0.166865,-0.103713,0.129958,-0.267243,0.317608,0.101068,-0.182767,-0.159975,0.004396,-0.034527,0.203213,-0.227525,0.041084,0.218750,0.038752,-0.101914,0.315019,0.191054,0.107040,-0.054257,-0.227348,0.168808,-0.128344,-0.076627,0.273998,0.011184,-0.216318,-0.147283,-0.262212,-0.092930
-0.223991,0.120811,0.180167,-0.278820,0.167043,-0.165184,-0.124525,0.127898,0.055561,0.239524,0.068350,0.026614,0.012940,0.082077,0.144605,0.029420,0.112114,0.404978,-0.181812,0.109008,0.015576,0.008555,-0.338805,-0.175329,0.057285,0.118266,0.022998,0.308466,-0.076920,-0.157546,0.099099,-0.271915,-0.083286,-0.382169,0.385804,-0.157019,0.036098,-0.143870,-0.350507,0.031694,-0.162308,-0.324791,-0.122509,-0.113647,0.289640,0.168321,0.184840,-0.219896,-0.071820,-0.213713,0.025951,-0.069225,0.143488,-0.021579,-0.003671,-0.212155,-0.159177,0.078804,0.330245,0.069990,-0.034129,-0.225880,0.052891,0.132962,-0.263472,-0.008799,0.232869,0.208187,0.006402,0.115929,-0.129008,0.092778,-0.455429,0.171643,0.198862,0.009767,0.132478,0.271718,0.185103,0.083163,-0.136472,0.130587,0.146191,-0.051162,0.169114,-0.062930,-0.032041,0.319409,0.070859,-0.292228,-0.058639,0.102739,-0.094915,0.090315,0.123094,0.333093,0.087697,0.086482,0.251876,0.013618,0.246994,-0.229251,0.281177,0.137338,-0.294522,-0.499394,-0.121568,-0.256665,0.132392,-0.220649,-0.070321,0.165110,0.158070,0.047053,0.294712,0.021283,0.107971,-0.294587,-0.219202,0.167168,0.023332,0.160583,0.076370,-0.084918,-0.202438,0.017568,-0.291638,-0.089216
-0.181381,0.022752,0.108303,-0.002409,0.220073,-0.366923,-0.142488,0.082334,0.237021,0.315166,-0.010577,-0.388490,-0.020257,0.073076,0.049108,0.213585,0.052099,0.041724,-0.037869,0.118417,0.134686,-0.202437,-0.135741,-0.138806,0.113115,-0.012187,-0.085598,0.018480,0.036616,0.100177,0.552874,-0.031114,0.038894,-0.319508,0.004693,-0.113322,0.019671,-0.061679,-0.071744,-0.013134,-0.220828,-0.134403,-0.009339,0.021241,-0.001354,-0.106038,0.079409,-0.327604,-0.038717,-0.272945,0.422062,-0.471278,0.101582,0.008894,0.382436,-0.089915,0.265393,-0.120265,0.094438,0.182363,-0.156200,-0.134218,0.018456,0.077068,-0.295128,-0.012068,0.212179,-0.153310,0.020027,0.177377,0.008650,0.041960,-0.313696,0.255034,0.105803,-0.310677,0.187331,0.045278,0.028814,-0.099302,0.083797,0.066308,-0.079712,-0.003342,0.459210,-0.182323,0.004324,-0.046617,-0.316994,-0.191056,0.011376,-0.194732,-0.333557,-0.030831,-0.132323,0.171330,-0.073203,-0.117026,0.097922,0.288438,0.191255,0.045715,0.174453,0.043670,-0.446612,0.011662,0.028339,0.034326,-0.043621,-0.114411,-0.411146,0.412171,-0.090971,-0.016528,0.145514,0.035054,0.309085,-0.086359,0.048091,0.130080,-0.138757,0.276082,0.073784,-0.078695,0.014316,0.254672,0.032422,0.222378
0.050598,0.195437,-0.027646,-0.004726,0.198254,-0.123279,-0.101463,0.116792,0.126735,-0.093953,0.272241,-0.485597,0.028169,0.230554,0.176245,0.085400,0.243669,0.043768,-0.113429,-0.031933,-0.017902,0.105270,0.271499,-0.118307,-0.143394,0.105302,-0.000261,0.196397,0.195570,-0.050460,0.510807,0.005096,-0.156964,-0.334434,-0.034360,0.115590,-0.030763,0.124109,-0.018652,0.070696,-0.147451,0.024553,-0.261309,0.282002,0.004648,0.122461,0.051189,-0.287072,-0.159542,0.029570,0.422314,-0.153112,-0.191931,-0.085834,0.094083,-0.156143,0.425512,-0.067878,0.116870,0.040863,-0.178562,0.046252,-0.195038,0.035026,-0.108800,0.127608,0.196458,0.075896,0.145802,0.299938,0.163898,0.130483,-0.240544,0.080161,0.034553,-0.403808,-0.082627,0.022358,-0.131992,-0.127809,0.036828,0.016726,-0.015581,-0.110678,0.409756,-0.099510,-0.109938,0.228519,-0.305509,-0.052850,0.001494,-0.152705,-0.105587,-0.125326,-0.041749,-0.126458,0.156377,-0.176677,-0.001925,0.356407,0.063320,-0.110128,0.145538,-0.078470,-0.416903,0.321360,-0.117231,0.248786,0.408302,-0.205267,-0.308317,0.173401,0.032377,0.031902,0.042081,-0.014587,0.466757,-0.201899,-0.015201,-0.109051,-0.283400,-0.015942,0.216973,0.087958,0.231357,0.396644,0.155433,0.087029
0.161409,0.129195,-0.275357,-0.411755,0.098613,0.169941,-0.076092,0.048050,-0.101081,-0.106230,0.248777,-0.307604,-0.056576,0.186328,0.033969,-0.026132,0.383463,-0.052112,0.108901,-0.042750,-0.084772,-0.133342,-0.034245,-0.331365,-0.044812,0.284251,-0.000310,0.303328,0.074968,0.019883,0.133847,-0.222391,-0.348010,-0.167862,0.067777,-0.043743,0.055785,0.062909,0.075546,0.292886,0.080700,-0.036554,-0.344910,-0.012640,0.107657,0.006705,-0.052603,-0.144215,0.008844,0.205514,0.000286,-0.057924,-0.241508,-0.189938,0.018152,-0.105550,-0.000304,-0.301637,0.046859,0.303228,-0.170800,-0.051131,-0.135907,0.034814,0.456985,0.221897,0.156832,-0.082404,-0.094645,0.413501,-0.002611,-0.081452,0.044837,-0.196313,0.040973,-0.429334,-0.103968,-0.155179,-0.246370,-0.172173,-0.062143,0.309861,-0.078700,-0.249191,0.400998,0.008651,-0.023166,0.124801,-0.547963,-0.166943,0.241946,-0.094100,-0.221530,-0.056430,0.107970,0.003222,0.151526,-0.152141,-0.004713,0.143655,-0.067240,-0.009537,0.023578,0.070985,0.106060,-0.176753,-0.332691,-0.048222,0.417032,0.007518,-0.199245,-0.001046,-0.167908,0.010178,0.164669,-0.057802,0.435766,-0.072230,-0.102855,-0.182036,-0.242229,0.118681,0.319897,0.180136,0.476745,0.214839,-0.173579,-0.141083
0.301867,-0.124731,-0.102755,-0.298526,0.138085,-0.223884,-0.057983,-0.063430,-0.165196,-0.015874,0.235593,-0.338156,0.009165,0.050066,-0.200994,0.093121,0.040053,0.063751,0.283746,0.010106,-0.062640,-0.322864,0.153820,-0.240796,-0.291482,0.518304,0.068063,0.342450,0.056534,0.114307,-0.242809,-0.096269,-0.478957,-0.021244,0.064486,0.086108,0.109802,-0.092796,-0.088431,0.226577,0.151242,0.082323,-0.261971,-0.242932,0.230230,-0.258208,0.075947,-0.245235,0.486481,-0.242176,0.169235,-0.140196,-0.222032,-0.214421,0.058675,-0.146311,-0.189813,-0.174885,-0.058427,-0.088861,-0.043820,-0.354344,0.069509,0.069673,-0.191738,0.096242,0.174223,-0.215598,0.002541,0.401870,-0.202104,0.071460,0.376901,0.068620,0.123226,-0.634483,-0.235767,-0.063483,-0.006563,-0.270035,0.011566,0.039399,0.131940,-0.167093,0.283521,-0.006399,-0.016036,0.082304,-0.216275,0.022030,0.182815,-0.072316,0.231968,-0.222366,0.048360,0.182796,0.121429,-0.127835,0.030511,-0.058526,-0.243729,-0.134068,-0.483254,0.104671,0.218037,-0.358073,-0.314360,0.010213,0.248176,0.381911,-0.222307,-0.093305,-0.071689,-0.053337,0.279696,-0.227757,0.630130,-0.096095,-0.305959,-0.104551,0.192211,0.183348,0.258388,-0.179260,0.600920,-0.260778,-0.145987,-0.240847
-0.035693,-0.206442,0.037873,-0.110160,-0.241952,-0.414487,-0.074471,-0.111955,-0.189276,0.028886,0.061305,-0.643665,0.170631,-0.125511,-0.175201,0.069240,-0.850007,0.267323,0.366874,0.187953,-0.015868,-0.246240,-0.009911,-0.004706,-0.150961,0.262737,-0.074298,-0.020151,0.279272,-0.100898,-0.022676,-0.009763,-0.257798,0.046088,0.141645,0.092735,0.028707,-0.169970,0.037692,0.192666,0.520814,0.146093,-0.064958,-0.077086,0.080425,-0.206901,0.229725,0.083284,0.181175,-0.460859,0.279975,-0.165081,0.073180,0.001306,0.070731,0.098645,-0.018696,0.102284,0.259006,-0.155098,-0.075174,-0.146652,0.129548,-0.217124,-0.159125,-0.072675,0.011742,-0.258142,-0.120191,0.290882,-0.000065,0.004341,0.449635,0.269344,0.067330,-0.528706,-0.044641,0.105058,-0.158693,0.107936,-0.018718,0.135171,0.001104,-0.118456,0.400541,-0.086036,0.174960,-0.051947,0.157047,-0.123624,-0.070292,0.191242,0.113386,-0.320805,0.046384,0.005480,0.009250,-0.215974,-0.239873,0.022872,-0.549208,0.071215,0.141264,0.291340,0.249280,-0.205660,0.172515,0.078094,0.068150,0.110017,0.159237,-0.304696,0.011076,-0.040250,0.273534,-0.339551,0.495727,-0.044606,-0.204386,-0.079670,0.347651,0.179571,0.165684,-0.097037,0.121916,-0.577078,-0.021372,0.126444
-0.065706,-0.112390,0.073618,0.077462,-0.081962,-0.092319,0.230276,-0.018220,-0.121089,0.114781,0.086216,-0.349198,0.219749,-0.289822,0.055793,-0.052513,-0.799979,0.255910,0.250186,0.003892,0.138184,-0.524273,0.079549,-0.063628,-0.039403,0.263145,-0.305944,-0.197620,0.303894,0.197364,0.183354,0.067886,-0.139329,0.065041,-0.085167,0.142112,-0.124810,-0.570656,-0.214133,0.182897,0.426365,-0.120218,-0.084952,0.156484,0.106719,-0.335870,-0.009529,0.524031,0.285534,0.025256,0.120449,0.298421,-0.005369,0.093105,-0.112712,0.228776,0.026798,-0.132424,-0.154532,-0.004791,-0.154471,-0.028219,0.025313,0.026995,-0.042729,0.036904,-0.098007,-0.148925,0.002508,0.183088,-0.190720,0.021956,0.209044,0.166135,0.023518,-0.740726,0.117869,0.129942,-0.177910,0.162391,-0.317057,-0.050231,-0.054847,-0.009925,0.235490,-0.169834,0.230670,0.208889,0.139813,-0.022791,-0.276818,0.398238,0.024915,0.028364,-0.375944,-0.116511,0.270834,-0.140740,-0.021023,-0.030902,-0.419414,0.113833,0.095683,0.071595,0.479125,0.514367,0.072013,0.087349,-0.132431,-0.028450,-0.110379,-0.151334,0.070743,0.043190,-0.165332,-0.078201,0.417993,-0.122115,-0.210909,-0.210117,0.068026,0.235804,0.183720,-0.257100,-0.696305,-0.145492,-0.033130,-0.055874
0.195949,0.046993,-0.181978,0.209339,0.127248,0.151407,0.370454,-0.006962,0.109748,-0.020290,0.265868,-0.078164,0.067381,-0.095467,-0.107075,-0.162524,-0.102099,-0.301424,-0.194377,-0.076239,0.021951,-0.230975,0.115595,-0.049979,-0.006199,0.344899,-0.222358,-0.391246,0.387581,0.151660,-0.160122,-0.045504,-0.694772,-0.194291,-0.019673,0.177083,-0.103239,-1.136142,0.120753,0.296024,0.009734,-0.113493,-0.105169,0.116229,0.270226,-0.269904,0.244673,1.013600,0.168589,0.349700,0.087278,0.106100,0.124776,-0.004516,-0.323678,0.383291,-0.230397,-0.180526,-0.176599,0.185035,0.152497,0.066848,-0.006523,-0.044208,0.113726,0.010200,0.029379,-0.042958,-0.178067,0.275726,-0.219989,0.058438,-0.079549,0.038517,0.060967,-0.451782,0.269812,0.092074,0.142518,0.104525,-0.331236,-0.064102,0.079494,0.023952,-0.021353,0.264463,0.108148,0.221622,-0.340520,0.036939,0.027083,0.293126,-0.037145,-0.040841,0.006020,-0.119586,0.249408,-0.072874,-0.036012,0.039271,0.070327,0.009720,0.028473,0.095624,0.425419,0.794247,-0.052326,0.057899,-0.229413,-0.198962,-0.019046,-0.145977,0.111021,0.023333,-0.118988,0.186994,0.149249,-0.201489,-0.020850,-0.156277,0.175602,0.423418,0.114626,-0.022069,-0.902193,0.437637,-0.170915,-0.046267
0.224965,0.017488,0.049434,0.240241,0.264228,-0.039196,0.097457,-0.022834,-0.087855,-0.138367,0.042708,0.139091,0.085642,-0.247081,-0.142515,-0.018898,0.331878,-1.003645,-0.445744,-0.043007,0.152636,-0.079816,-0.012408,0.103838,0.148147,0.091724,0.347553,-0.392778,0.219160,-0.141998,-0.337178,0.037276,0.223957,0.071009,-0.028356,0.091543,-0.038909,-1.252382,0.073424,0.204840,-0.087604,0.054782,0.085669,-0.183597,0.201498,-0.388724,0.524905,1.047317,-0.144186,0.317717,0.271241,0.109346,0.240886,-0.056369,-0.099320,0.047142,0.110012,-0.000181,0.018836,0.201295,0.312027,-0.147215,0.229541,0.004531,0.155235,-0.047149,-0.051799,0.461634,-0.187628,0.110228,0.063900,-0.077603,-0.220838,0.063078,0.015381,-0.158949,-0.207042,0.059420,-0.031223,0.064293,-0.294811,-0.171431,-0.226241,-0.045827,0.089594,0.064148,0.008366,0.171015,-0.253195,0.035363,-0.002400,-0.164910,0.122978,-0.189362,-0.041151,0.066922,0.145520,0.226284,-0.116671,0.023738,0.385785,0.283688,-0.420998,0.175856,-0.041650,0.357726,-0.067667,-0.094578,-0.123949,0.143099,0.400240,0.064401,0.025794,0.136718,0.125179,-0.016486,0.047409,-0.238278,0.169332,-0.184301,0.137138,0.208089,0.182397,-0.115296,-0.192516,0.182078,-0.189601,0.338435
-0.027604,-0.150826,-0.004677,0.199349,0.003066,-0.044988,0.139294,-0.004462,0.006546,0.029215,-0.074030,0.355125,0.067932,0.232133,-0.059879,-0.206830,0.208754,-1.047289,-0.135552,0.133881,0.278678,-0.117199,0.125409,-0.028538,0.021420,0.113620,1.332864,0.010815,-0.053410,-0.120963,0.044015,0.113094,0.240020,-0.001477,-0.129121,-0.120628,0.103726,-0.726145,-0.131861,0.243969,-0.283161,-0.005184,-0.012862,-0.132816,-0.179848,0.314142,0.399848,1.200535,-0.297657,0.185570,0.341494,0.151601,-0.045845,-0.011547,0.167746,-0.336405,0.120168,0.038391,0.013071,0.280484,-0.158320,-0.122049,-0.040291,-0.058016,0.056454,-0.135440,-0.120940,0.733535,-0.059461,0.163679,0.001800,0.062768,-0.014585,0.055967,-0.013176,-0.008271,0.073162,-0.097936,-0.033464,-0.161293,-0.378514,-0.036721,0.069045,0.046372,0.126301,0.042686,-0.034173,0.087115,0.370354,0.194673,-0.028750,0.051068,-0.132599,-0.227199,0.265372,0.236934,0.008158,0.127132,-0.103949,-0.094205,0.312242,-0.199520,-0.066187,0.147453,-0.086773,-0.451143,0.116065,-0.030716,-0.301702,0.054027,0.118735,-0.028458,-0.092034,-0.174801,0.048044,-0.004159,-0.027700,-0.055496,0.063254,0.236161,0.008501,-0.045506,0.226042,-0.084204,0.441819,-0.183015,0.158881,0.007018
0.044637,-0.103792,0.015131,-0.146763,-0.031649,0.178484,0.065237,0.061947,-0.003960,-0.137493,-0.009439,0.015997,0.140701,0.030758,0.075532,-0.140488,-0.225182,0.053168,-0.002787,0.223005,0.147270,-0.056968,0.057425,0.150108,-0.117596,-0.126968,1.165721,0.058592,-0.144646,0.045647,0.062851,0.032525,-0.033980,-0.218252,0.081161,0.154453,-0.047472,-0.101390,0.079245,0.068963,-0.132876,-0.227720,0.071768,-0.263697,-0.724025,0.436391,-0.319169,0.966738,-0.107351,0.418400,0.893932,-0.357068,-0.104374,0.141036,-0.050699,-0.515773,-0.052162,-0.127043,-0.095334,0.237800,-0.279770,-0.035040,-0.150353,-0.117594,0.068928,0.043744,0.182406,0.455585,-0.024182,0.330267,0.213375,-0.079134,-0.237569,0.050653,0.076089,0.219300,0.431295,0.087950,-0.060156,-0.323357,-0.170626,0.141953,-0.277265,0.020506,-0.104487,-0.000504,0.317092,-0.113037,0.759856,0.668506,-0.264882,0.069688,-0.242455,-0.066220,0.080585,-0.307354,-0.089676,-0.199773,0.165082,-0.036323,0.064682,-0.136623,-0.007699,0.463700,-0.288987,-0.513700,0.466166,0.158803,0.052739,0.262896,-0.405850,-0.048161,0.080861,-0.137769,-0.035148,-0.055096,-0.190323,-0.305715,-0.065014,0.200830,-0.086476,-0.019689,-0.080827,0.093262,0.200301,-0.188158,0.172483,0.014717
0.208741,0.009837,0.187031,-0.122656,0.006952,0.126468,0.125229,0.069501,0.188040,-0.064719,-0.095347,0.055410,0.133248,-0.332328,-0.012662,-0.077517,-0.263128,0.376008,-0.061421,-0.088528,0.202425,0.421869,-0.177507,0.049635,-0.078273,-0.185592,0.260144,-0.040399,0.171196,0.237395,0.069995,-0.081917,0.183195,-0.325872,0.099424,0.048290,-0.040944,0.295170,0.094973,0.243051,0.055164,-0.089563,-0.062854,-0.087549,-0.720866,-0.154581,-0.848868,0.538892,0.488365,0.206116,1.004264,-0.377878,-0.114408,0.057616,-0.179815,-0.193277,-0.003950,-0.360302,0.026755,0.298761,-0.441521,0.114246,0.153141,-0.027555,0.007972,0.050706,0.004207,0.423443,0.047790,-0.315583,-0.100986,0.070655,-0.323729,0.056276,-0.155108,0.023860,0.539923,-0.010480,-0.016876,0.008983,0.353258,0.049551,-0.111641,-0.150026,0.178652,-0.023550,0.244324,-0.351385,0.205673,0.389523,-0.200394,0.102975,-0.192030,-0.089038,0.025105,0.180789,-0.234314,-0.022723,0.033716,0.047129,-0.098185,-0.006761,0.059517,0.256716,-0.367973,-0.103040,-0.111619,-0.103606,-0.064929,0.321828,-0.544354,0.183498,0.134387,0.151552,-0.074742,-0.201292,-0.031212,0.049959,-0.031049,0.105902,-0.173168,0.032070,-0.190525,-0.131348,0.270400,-0.225879,-0.013188,0.267353
0.305910,0.105959,0.126349,0.136651,0.084302,0.091860,-0.258989,0.196572,0.119405,-0.100849,-0.145612,0.030653,0.258024,0.178189,-0.064598,-0.022898,-0.261114,0.213945,-0.166038,-0.033780,0.229866,0.604767,0.032769,-0.026905,-0.078271,-0.033539,-0.247146,-0.113000,0.031665,0.174457,-0.127664,-0.015653,0.101309,-0.116863,0.212394,-0.003995,-0.077976,0.191817,-0.025715,0.064328,0.375968,-0.220652,-0.203232,-0.152824,0.181775,-0.453150,-0.833713,0.104874,0.218443,0.235866,0.988063,-0.268543,0.215069,0.034905,-0.289220,-0.089719,-0.236648,-0.014294,0.300680,0.102053,-0.285304,-0.066183,0.338295,0.006442,-0.147050,0.036010,-0.296548,0.138863,-0.074707,-0.233175,-0.472783,0.044178,-0.054636,-0.043446,-0.068287,-0.005875,0.488329,0.002020,0.043985,0.102843,0.371045,-0.071670,0.022161,-0.041872,-0.021877,-0.085971,0.139974,-0.305190,-0.235831,0.353134,-0.641440,0.020387,0.142984,-0.302344,-0.113983,0.130174,-0.004586,0.168763,0.071679,-0.015043,-0.438630,0.242452,-0.126692,0.145121,0.142645,0.158709,-0.207579,-0.296825,0.066887,0.115773,-0.808878,-0.068354,0.203995,0.308959,-0.341834,-0.051240,0.024499,-0.151466,0.020512,0.044801,-0.109754,0.068391,-0.230576,-0.162654,-0.134686,-0.113439,-0.132281,0.168572
0.128146,-0.040096,-0.356760,0.036089,0.054412,-0.015259,-0.537234,0.113457,0.016045,-0.219619,0.167371,0.012194,0.032769,0.292776,0.108341,-0.117725,0.418995,0.093993,0.112730,0.106208,0.065560,0.386555,0.454326,-0.350867,-0.009176,-0.002447,-0.343580,0.128500,-0.069850,0.114752,-0.115552,0.245654,-0.084967,0.158481,0.143433,0.143631,-0.055733,0.170447,-0.105139,0.196529,0.031282,0.220510,0.012693,-0.084901,0.390401,-0.066882,-0.109490,-0.108226,-0.756360,-0.079957,0.972979,-0.136404,0.422246,0.022537,-0.194573,-0.029491,0.088084,0.458753,0.212178,0.028371,-0.298800,0.123435,0.379635,-0.264713,-0.046304,0.130732,-0.268550,-0.348252,0.274823,-0.152058,-0.611856,-0.013146,0.106177,-0.010856,-0.348865,0.055045,0.357199,0.003735,0.396881,-0.013684,0.019832,0.168324,0.125705,0.135825,0.096774,0.001468,-0.069665,0.030832,-0.389101,0.077309,-0.339881,0.359807,0.051859,-0.125837,0.245014,-0.062784,0.234858,-0.107706,0.111988,0.220150,-0.116182,0.087816,0.280875,0.360014,0.471219,-0.242490,0.122868,0.014258,-0.199813,-0.051177,-0.292161,-0.157259,0.405299,0.633600,-0.112140,0.136160,0.062073,-0.095853,-0.012030,-0.094198,0.110827,-0.266461,-0.029431,0.211999,-0.297691,-0.093708,-0.035299,-0.284122
0.032464,-0.091451,-0.044982,-0.139026,-0.074143,0.122859,-0.339491,0.171473,-0.040090,-0.201539,-0.074274,0.121212,0.158798,-0.108951,-0.045469,-0.003993,0.548797,0.053228,0.037014,0.211842,-0.009149,-0.153335,-0.067656,-0.221694,-0.212733,0.021306,-0.331807,0.023126,-0.112710,0.271988,0.029331,0.014234,-0.137524,0.014650,0.324756,-0.090972,-0.131876,-0.158012,0.003621,0.053706,-0.041576,0.284504,0.080526,-0.038681,0.436053,0.103215,0.016186,-0.101083,-0.551078,-0.047893,0.437965,0.061132,-0.192384,0.105638,-0.116466,-0.039167,0.149232,0.357251,0.230950,-0.175053,-0.182053,-0.071362,0.264597,0.115675,0.422256,0.073997,0.070417,-0.167910,0.136646,0.140118,-0.806542,0.099779,-0.173063,0.104445,-0.278179,0.101702,0.179094,0.003907,0.446286,-0.061278,-0.183132,-0.038231,-0.170012,-0.077076,0.055551,0.219537,0.113981,0.063395,-0.506317,0.022969,-0.256867,0.156419,-0.161184,-0.110899,-0.122660,-0.300486,-0.045535,-0.394494,-0.220585,-0.162005,-0.019610,0.159121,0.144270,0.235967,0.300513,-0.563459,0.172085,0.090554,-0.113709,-0.308454,-0.108355,-0.104808,0.144857,0.552610,-0.008934,-0.097057,-0.095322,0.102957,0.037069,-0.038862,0.192615,-0.687351,0.179077,0.172254,-0.253736,-0.070399,-0.039899,-0.312992
-0.375601,0.205590,-0.097408,0.392682,-0.095355,-0.043516,0.172603,0.123871,-0.228605,-0.239416,0.029966,-0.004009,0.317817,-0.232177,0.032596,0.117474,0.219759,0.136365,0.467185,0.196244,0.279897,-0.277719,0.230512,-0.032204,-0.275786,-0.061661,-0.148365,-0.007004,-0.162495,0.440014,0.081086,-0.049308,0.298055,-0.010834,0.064949,0.101632,0.189541,-0.054442,-0.042897,-0.198422,-0.216807,0.248885,0.152785,0.201462,0.248043,0.457584,0.412107,0.102989,-0.130531,0.159737,0.264924,0.099693,-0.486340,0.062985,-0.141359,-0.219067,0.045055,0.328553,0.058298,-0.237657,0.108998,-0.118708,-0.031258,-0.059898,0.092599,-0.010467,-0.164861,0.022924,0.135391,0.149051,-0.727436,0.262591,0.047666,0.166113,-0.012733,0.087495,0.239605,0.125735,0.349192,-0.023424,0.102130,-0.433145,0.072612,-0.043027,-0.087960,-0.111457,-0.378219,0.133219,-0.100932,0.032195,-0.232593,0.165916,-0.003944,0.278538,-0.175518,-0.131481,-0.372021,-0.247321,-0.061900,-0.035761,-0.207266,0.266412,0.265790,0.188668,-0.001418,-0.336143,0.315344,-0.001548,-0.058353,-0.130891,0.058031,0.002353,-0.058679,0.128198,-0.348330,0.237962,0.271593,0.231096,0.118784,-0.137163,0.014835,-0.607786,0.009473,0.089278,-0.116629,0.402512,-0.123668,0.191676
-0.069916,0.013919,0.084794,0.065435,0.115604,-0.040376,-0.042249,-0.080790,0.003781,-0.214027,-0.299385,-0.076897,-0.086682,0.098259,0.248990,0.209725,-0.475168,0.138931,-0.109100,0.042791,-0.089928,-0.276838,0.042435,-0.089129,-0.148701,0.169209,0.072267,0.106481,-0.138924,0.212226,-0.126587,-0.037519,0.514077,-0.094436,0.101690,0.383215,0.187632,-0.336150,0.011747,-0.058354,-0.502656,0.007570,0.079888,0.155276,0.006183,0.281511,0.456641,-0.044394,0.429213,0.041453,0.166735,-0.278912,-0.500593,0.045532,-0.097084,-0.381265,0.023923,0.320992,0.160920,0.014468,0.031872,-0.129978,-0.029662,0.152642,-0.142202,0.016609,-0.108317,-0.210910,0.207645,-0.136682,-0.613181,-0.023019,0.318576,0.317740,-0.056409,-0.046430,0.138534,0.132182,0.555345,-0.029575,-0.040742,-0.212402,-0.111048,0.127799,-0.172015,0.207130,-0.119814,-0.027694,0.126450,-0.069150,-0.039985,-0.181904,0.259968,0.006962,0.162091,0.071978,-0.198370,-0.059319,0.108661,-0.127101,-0.239335,0.253196,-0.134121,0.063605,0.009928,0.181490,0.053404,0.007184,-0.207088,-0.188264,0.131600,-0.340289,-0.069582,0.190113,0.109399,0.378777,0.271905,0.189366,-0.061364,0.254260,0.191726,-0.002420,0.107225,0.100350,0.048497,1.041973,-0.184317,0.097749
0.028230,-0.029217,-0.081424,-0.499073,0.086601,0.038058,0.063281,-0.088551,-0.067982,0.242587,-0.039894,0.020295,-0.276992,-0.307510,0.135595,0.155470,-0.409731,0.147553,0.045624,0.013264,-0.348798,-0.093381,-0.053641,-0.285053,0.092654,0.061461,0.176006,0.017133,-0.305655,-0.079013,-0.040498,0.134736,0.310935,0.039978,0.306979,0.200649,0.342228,-0.394278,0.013521,-0.065814,-0.326666,0.252553,0.099345,-0.162866,-0.033754,0.231410,-0.017059,0.052381,0.600454,0.150847,-0.140891,0.209796,-0.223133,-0.027733,-0.006599,-0.106745,0.434748,0.460007,0.359646,0.179689,-0.029104,0.068226,-0.060682,0.109858,0.031286,0.072773,-0.076285,0.095893,0.156581,-0.316198,-0.372300,-0.217834,0.068289,0.355496,-0.086586,0.123478,0.082785,-0.023302,0.171391,0.101346,0.073001,0.012950,-0.008750,0.271617,0.200430,0.044825,-0.102305,-0.214091,0.215984,-0.165155,-0.243092,0.105732,-0.111488,-0.216080,0.366172,0.496207,0.334407,0.002050,0.267331,-0.098776,0.106392,-0.275695,-0.253864,0.014304,-0.013069,0.169338,0.070572,0.324255,0.062206,-0.225069,0.271718,-0.187908,0.094490,-0.060289,0.190118,-0.009837,0.243637,0.239313,-0.159335,-0.064941,-0.074779,0.151774,-0.006241,-0.018269,0.267247,0.789198,-0.189075,-0.164310
-0.078781,-0.078847,-0.012154,-0.118769,0.149405,-0.022532,0.037569,0.161006,0.095152,-0.040167,0.067625,0.298086,-0.216410,-0.128843,0.097640,0.129365,-0.043958,0.065082,0.144763,0.022985,-0.239402,0.068537,-0.089180,-0.147919,-0.099795,-0.001671,0.236258,-0.069536,-0.109433,-0.032693,0.115352,0.144200,0.019607,-0.178734,0.494622,-0.043917,0.221973,-0.212476,0.029111,-0.143274,-0.321104,0.151283,0.077026,0.040153,-0.207530,0.067449,-0.092217,0.171993,0.257106,0.054221,-0.268356,0.398852,0.085487,0.066204,0.068252,0.043512,0.150021,0.054188,0.760727,-0.015791,0.027607,0.141226,-0.031289,0.126852,0.007272,-0.038467,-0.129662,0.256525,0.089332,-0.029638,-0.312017,-0.121391,0.189733,0.358025,0.160895,-0.024445,0.137727,-0.058315,0.181903,0.225455,0.158974,0.406656,-0.031354,0.002710,0.167250,0.026001,0.094447,0.012977,-0.159226,-0.109617,-0.080913,-0.095972,0.050566,0.162857,-0.057634,0.238267,0.040444,0.010473,-0.003300,-0.290154,0.174248,-0.271609,-0.160169,0.015311,-0.068120,0.051860,-0.000669,0.355617,0.344840,-0.141576,0.170006,-0.362138,0.313259,-0.157674,-0.184745,-0.010421,0.149870,0.147413,-0.144274,0.018540,0.129415,-0.101444,0.083835,-0.389041,0.231445,0.389466,-0.067483,-0.112806
-0.016740,-0.042168,-0.154955,0.104548,-0.169833,-0.273647,-0.211102,0.114945,0.125952,-0.150055,-0.181449,0.047140,-0.066854,0.014150,0.049406,0.071454,0.044474,-0.098201,0.190828,0.172887,0.013137,0.052606,-0.170828,0.145917,-0.086857,0.006729,-0.032860,0.007587,-0.095077,0.003121,0.045833,0.061296,0.098278,0.156727,0.155794,-0.110145,0.185789,0.065662,0.132332,-0.055270,-0.325195,0.045493,-0.142463,0.021471,0.025694,-0.128420,-0.037708,0.032476,0.080249,-0.082250,0.086910,0.187163,0.207927,0.208145,-0.012217,0.140363,0.108318,0.073595,0.206620,0.021573,-0.155317,0.415504,-0.066482,0.066888,0.370281,0.080654,0.268255,0.150644,-0.132761,-0.037243,-0.156004,-0.003559,0.169161,-0.054813,0.057701,0.096785,0.051379,-0.197112,-0.093133,0.115198,-0.029861,0.301157,-0.031269,-0.062935,0.294108,0.110262,-0.148916,0.386154,-0.129648,0.108212,0.048325,0.004075,-0.044004,0.279568,0.178777,0.288582,0.129444,-0.035167,-0.093854,-0.052626,0.199754,0.223611,-0.220035,-0.275889,-0.315719,0.002046,-0.087855,0.347538,-0.047999,0.094592,0.099871,-0.108468,0.095416,0.089613,-0.200998,0.020356,-0.023549,0.088238,0.136219,0.051699,0.023005,0.284947,0.007360,-0.302414,0.044903,0.153423,0.189623,-0.162081
-0.033201,0.055819,-0.049187,0.118425,-0.100668,-0.034345,-0.002122,0.026543,-0.096125,-0.249672,0.029749,0.057677,-0.188870,0.003024,-0.149562,-0.184772,0.017905,-0.109351,-0.012722,-0.019306,0.020123,0.040504,-0.152068,0.124486,0.077106,-0.073451,0.007447,-0.179287,0.045785,-0.044799,0.070798,-0.009328,-0.096180,0.161588,0.067639,-0.169257,-0.066858,-0.107148,-0.052156,0.066781,-0.070103,0.263258,-0.057302,0.077736,-0.108875,-0.154048,0.127314,-0.112131,0.075659,-0.186968,0.196603,-0.023404,0.017252,-0.033308,0.440377,-0.030614,-0.166160,0.170969,0.374185,-0.024446,-0.232814,-0.039892,0.057759,-0.150983,0.050458,0.020559,0.042184,-0.039327,-0.051543,-0.043837,-0.143110,0.088845,0.099118,-0.034499,-0.048361,-0.082173,-0.049491,-0.024048,-0.099740,0.056208,0.019220,0.064001,0.040673,-0.070212,0.261019,0.033112,-0.106530,0.075361,-0.129475,0.172109,0.077973,0.178408,-0.092969,0.181978,0.070582,-0.005137,-0.058886,-0.090476,0.110170,0.012853,0.042944,0.078143,0.070358,-0.038862,-0.108893,-0.049627,-0.051005,-0.043297,0.017035,0.037801,0.038407,-0.047632,0.118966,0.008096,0.074045,0.017649,-0.122853,0.032356,0.160162,0.084262,0.134004,-0.124529,-0.004329,-0.141349,0.029497,-0.003589,0.020443,0.104056
-0.008020,-0.002792,-0.011619,0.023357,-0.243226,-0.134899,0.006092,-0.009333,0.044452,-0.143119,0.054739,0.084029,0.002198,0.064065,0.017372,-0.093638,0.011355,0.092378,0.011527,0.090522,-0.284533,0.001536,0.049074,-0.019046,0.221399,-0.007006,0.031969,-0.033386,0.094062,-0.029794,-0.018634,-0.033848,-0.062573,0.114095,0.087567,0.108264,0.016168,0.056801,-0.026916,0.180122,-0.042979,0.321712,-0.059906,0.135798,0.088174,-0.045708,0.025542,0.111992,-0.044685,-0.033984,0.071117,-0.101602,-0.040459,-0.022098,-0.043110,0.064271,-0.042449,0.020942,0.079035,-0.045887,-0.198931,0.063996,0.073980,-0.106599,-0.045809,-0.060682,-0.129362,-0.013453,-0.034235,0.038933,0.087047,0.025074,-0.013249,0.041590,0.032863,-0.026370,-0.067597,-0.034327,-0.008801,0.106708,0.020971,0.020369,0.062603,0.010519,0.037811,0.022045,0.021859,0.074171,0.086449,0.187133,-0.016295,-0.005818,-0.066916,0.190264,0.078076,0.060258,0.060887,0.033299,-0.024159,0.053556,0.034906,0.028843,-0.124456,-0.072894,-0.163192,-0.081276,-0.039541,0.056182,-0.075321,0.023014,0.118668,-0.135688,-0.080444,0.081416,0.031905,-0.030207,-0.067597,0.346274,0.081792,0.074712,0.001181,-0.030690,-0.011747,-0.067523,-0.000007,0.029807,0.197323,0.067758
0.000852,0.000794,-0.001059,0.000955,0.011327,0.002581,-0.000567,-0.000300,0.001490,0.003273,-0.000993,0.002207,-0.001254,-0.000474,0.000774,-0.001617,-0.002081,-0.002483,0.001851,0.007087,0.010797,-0.000234,0.003535,0.003022,0.000379,-0.000213,0.003123,0.002935,-0.003522,-0.001174,0.001579,0.000569,0.002673,-0.004455,0.002253,-0.004286,-0.000264,-0.002701,-0.000830,-0.008796,-0.000437,0.003892,-0.002348,-0.002720,-0.001940,-0.001730,0.003449,-0.002888,0.000270,-0.002382,-0.000707,0.001979,0.001180,0.003169,0.012964,-0.001776,0.001420,-0.002886,-0.001717,0.007408,0.000600,0.002495,-0.000174,-0.001188,0.002981,0.000091,0.005756,-0.003482,-0.000049,-0.002280,0.000231,-0.000216,0.000868,-0.004496,-0.001855,0.000018,0.002397,-0.000143,0.001419,0.001258,-0.001109,0.002617,0.001721,0.000655,0.000425,0.001175,0.003394,0.006636,-0.002182,-0.000166,-0.001013,0.000351,-0.001117,0.000979,-0.002685,0.004444,0.002692,-0.001462,-0.000343,-0.002449,0.001425,-0.001430,0.004307,-0.008246,0.003330,0.001569,-0.001905,0.000573,0.001788,-0.000833,-0.001774,-0.001176,0.001847,0.000628,-0.002231,0.002691,0.001902,-0.014399,-0.002015,0.004336,-0.001872,-0.000466,0.000795,0.000555,0.000860,0.002773,-0.003206,-0.001510
0.015725,0.016947,-0.024151,0.027655,0.174586,-0.005316,0.030201,-0.016292,0.043092,-0.017205,0.014725,0.040789,-0.059477,-0.048536,0.035134,-0.037790,-0.025603,-0.015130,0.041792,0.030008,0.113077,0.018540,-0.004927,-0.012128,-0.031111,-0.001128,0.005466,0.017605,-0.020074,0.014532,-0.033866,-0.009278,0.038935,-0.007211,0.029027,-0.022476,-0.026249,-0.002303,-0.006759,-0.175106,-0.032788,-0.017986,0.005054,-0.019208,0.013279,0.008300,0.037430,-0.027704,0.003223,-0.033318,0.007946,0.033687,0.036522,0.007035,0.130499,0.007078,0.006814,-0.010073,-0.034231,0.032122,0.022171,0.003345,-0.008308,0.030843,0.012393,0.011555,0.025492,0.002842,-0.010374,0.025425,-0.009683,0.004732,0.013478,-0.009206,0.004832,-0.017506,0.053782,-0.013252,0.010460,0.015335,0.017193,0.033158,-0.012733,0.001921,0.047525,-0.004181,0.063837,0.031810,0.013975,-0.000432,0.003761,0.006054,-0.004265,0.100230,-0.006555,0.020182,-0.014916,-0.019002,0.011012,-0.034651,-0.011287,0.015314,0.021460,-0.000598,0.023068,-0.022296,-0.030029,-0.015403,0.012666,0.020370,0.008122,-0.046520,0.042542,0.002979,-0.034349,-0.009286,0.009128,-0.105248,-0.017817,0.008897,0.002707,0.015328,0.014691,-0.008090,0.020077,0.030683,-0.067373,0.005310
0.049507,-0.015393,-0.039184,-0.017552,-0.280225,0.027821,0.000281,-0.019867,-0.108993,-0.007030,-0.072798,0.012736,-0.030913,-0.011389,-0.087219,0.042745,0.031000,0.046137,-0.047752,0.044753,-0.230973,-0.063917,0.056109,-0.234877,0.034529,0.025019,0.025561,0.092943,0.034333,0.073632,0.053451,-0.022106,0.086696,0.072716,0.040874,0.026264,0.115715,0.120108,-0.054794,0.155809,0.197658,0.139818,-0.086256,0.042309,0.008374,-0.002003,-0.059324,0.121492,-0.038501,0.095214,-0.015509,0.038745,0.007560,-0.125289,-0.017496,-0.065206,-0.024480,0.028927,-0.034234,0.113163,-0.122480,-0.075895,-0.088542,-0.083315,-0.018495,-0.090071,0.038678,0.108971,0.017388,0.021094,-0.049633,-0.152249,-0.001120,-0.004419,0.145474,0.012878,0.043967,-0.018657,-0.040222,0.004180,-0.051636,-0.059934,-0.006979,-0.001322,-0.031860,0.004475,-0.058705,0.086263,0.070817,-0.066590,-0.071983,-0.051787,-0.046013,0.022020,0.052794,0.034117,0.075128,-0.022580,0.044589,0.016059,0.035877,-0.124843,-0.020132,-0.184045,0.045712,0.070781,0.028841,0.031260,-0.167981,0.009722,-0.016453,-0.026639,-0.099639,0.003653,0.094582,0.024783,0.123912,0.261502,-0.106819,-0.074136,-0.009969,-0.067649,0.084148,-0.042527,0.022003,0.112588,0.370341,0.044361
0.105637,-0.067499,0.086378,0.097996,-0.166324,0.007248,-0.207771,0.048862,-0.047622,0.198474,-0.166890,0.108677,-0.187076,-0.202311,-0.112678,-0.019937,-0.221895,0.036714,-0.244995,-0.254301,-0.048372,0.123116,-0.042596,-0.293985,-0.154153,0.188861,0.054574,0.144786,0.199832,-0.074450,-0.168565,-0.054796,0.061915,0.073835,0.008346,-0.016139,-0.004768,0.212997,-0.076115,0.302831,0.016297,0.236462,-0.034376,0.071113,0.171227,-0.053160,0.005475,0.025376,-0.054292,-0.083068,-0.132046,-0.123560,-0.086149,-0.282309,-0.184539,0.067843,-0.008572,0.155459,-0.027896,0.207491,-0.020668,-0.244098,-0.065981,-0.060671,-0.052952,-0.029491,0.287979,0.241663,0.094485,0.290611,0.164912,-0.096665,-0.106956,-0.297533,0.011272,-0.037274,0.157884,0.243429,0.002959,0.059882,-0.157069,-0.085392,0.021707,-0.003737,0.087333,-0.138924,-0.125809,0.201591,0.183830,-0.037088,-0.032563,0.003441,-0.251553,0.255007,0.197830,0.130937,0.122156,-0.125508,0.367340,-0.040619,0.049336,-0.119974,0.048706,-0.005608,-0.099082,-0.079550,-0.024548,-0.330661,-0.251149,-0.088907,0.214311,-0.093017,0.063578,0.065711,0.084033,-0.225576,0.059121,-0.032561,-0.258347,0.018890,-0.226813,-0.138820,0.176704,-0.154681,0.085607,0.135986,0.074286,0.109763
-0.137018,-0.076166,0.083833,0.035866,-0.286291,0.054737,-0.347767,0.073079,-0.057249,0.221303,-0.014267,0.099901,-0.350512,-0.120138,-0.054236,0.081785,-0.144705,0.033014,-0.196866,-0.298274,-0.264601,0.309578,-0.000559,-0.322888,0.145467,0.141286,-0.045603,-0.073522,0.109935,-0.286502,-0.079462,-0.183919,-0.074232,0.045938,-0.254176,-0.198460,0.136411,0.202248,-0.110317,0.028330,-0.100677,-0.004291,0.025161,-0.041097,0.307824,0.069957,0.026245,0.135008,-0.053297,-0.024441,-0.066230,0.051023,-0.070458,-0.055479,0.033257,-0.123438,0.003729,0.205786,-0.031394,-0.047993,-0.038177,0.020943,0.108306,0.103997,-0.130350,0.043097,0.390418,0.356610,0.154824,0.607501,0.144350,0.020211,-0.078429,0.232007,-0.147125,-0.193804,0.007006,0.052869,-0.054849,0.101540,-0.311009,-0.005095,0.078898,0.108450,-0.066998,0.149003,-0.049255,-0.323047,0.084294,0.172115,-0.118114,0.168862,0.227010,0.251001,0.187623,0.058707,0.068883,0.048639,0.066454,-0.169692,0.284213,0.223928,0.187524,0.213698,-0.076559,-0.035740,0.078583,0.034525,0.456727,-0.057145,0.047047,0.025921,-0.109863,0.001035,-0.008393,0.063514,-0.291917,-0.046360,-0.057852,-0.144233,-0.083460,0.045492,0.377106,-0.445467,0.040310,-0.245108,0.232274,0.021180
-0.133004,0.112880,0.023797,-0.110696,-0.261882,-0.037297,-0.220208,0.189940,0.123337,0.174235,-0.143082,-0.079504,-0.155804,0.164251,0.104320,0.054382,0.130760,0.191754,-0.359009,-0.014406,0.023050,0.235652,-0.118077,-0.221964,0.113149,-0.154982,-0.177829,0.158435,0.078163,-0.243156,0.142310,-0.106573,-0.307893,-0.199969,0.046644,0.030447,-0.056769,-0.161969,-0.149141,-0.137527,-0.178106,-0.054304,0.197905,0.282459,0.027232,0.044005,0.123448,-0.310224,-0.114022,0.132821,0.220447,0.141203,-0.024923,0.187369,0.153120,-0.138980,-0.214603,0.098059,0.396662,0.018518,-0.124667,-0.007883,0.123142,0.155622,0.005996,0.051354,-0.235020,-0.019288,0.069599,0.246363,0.351433,0.171110,-0.085909,0.245484,0.009334,0.209614,0.144546,-0.072418,-0.245845,0.061157,-0.166772,-0.010430,0.214255,-0.050997,0.257052,-0.071171,-0.073488,-0.010012,0.153004,-0.235607,-0.315613,0.165630,0.256623,0.148204,-0.151321,-0.033122,-0.115857,0.102953,-0.177560,-0.057102,0.042045,-0.051625,0.065999,0.362464,-0.285261,-0.452448,-0.031800,-0.039017,0.011952,-0.051154,0.095681,0.088367,0.016394,-0.085105,-0.134051,0.169110,-0.168859,-0.095751,-0.000268,-0.046518,0.281411,0.180220,0.326590,-0.452381,-0.572947,-0.070411,-0.164572,-0.035079
-0.205219,0.032777,0.167882,-0.302419,0.298195,-0.001379,-0.073325,0.117880,0.045381,0.279498,-0.067951,-0.357508,-0.184754,-0.081203,-0.025260,0.084995,0.048236,0.099415,-0.102424,0.045714,0.171188,0.067574,-0.388032,-0.245671,-0.045072,-0.223631,-0.070641,-0.058756,0.058047,-0.345078,0.335730,-0.054380,0.079903,-0.149134,0.028227,-0.024311,0.241048,-0.251720,-0.502584,-0.200770,0.155475,-0.401264,-0.181869,0.060114,-0.111699,-0.116708,-0.305059,-0.288098,-0.154036,-0.107056,0.112761,0.077387,0.241492,-0.005019,0.113421,-0.120289,0.210807,0.245503,0.140331,0.189890,-0.029374,-0.057631,0.020181,-0.031987,-0.077193,0.077608,0.025294,0.147629,0.058352,0.316970,-0.281887,-0.128217,-0.331079,0.187152,0.104357,0.324686,-0.264291,0.059455,-0.152831,-0.015051,0.077121,0.194198,0.110084,-0.053778,-0.067749,-0.007176,0.229932,-0.119911,0.084510,-0.267823,-0.057350,0.189098,0.385264,0.186854,0.023258,0.234268,-0.161323,-0.025170,0.189052,-0.013055,0.064939,-0.057299,0.000778,0.163340,-0.606561,-0.295145,-0.080061,-0.088548,0.047774,-0.094188,0.026517,-0.002369,0.252837,0.008031,0.031548,0.017097,0.269975,-0.039091,0.006165,-0.040836,0.221686,-0.154168,0.549987,-0.195784,-0.531716,0.120272,-0.216289,0.027529
-0.054182,-0.108095,0.043767,-0.174254,0.089659,0.010106,-0.088341,-0.104669,-0.031812,0.254078,0.012607,-0.477460,-0.142810,0.062193,0.283840,0.087813,-0.039840,0.110233,0.246911,0.024370,0.093529,-0.057792,-0.026797,-0.045278,-0.012179,-0.454080,0.023720,-0.292529,0.229070,-0.193806,0.599673,0.153829,0.362084,-0.119799,-0.179966,0.067628,0.544831,-0.092746,-0.122870,-0.024268,0.142210,-0.060959,-0.283050,0.171137,0.018054,0.101260,-0.406113,-0.322447,-0.312457,0.182307,0.161695,-0.206017,-0.086039,0.109140,-0.010779,-0.198311,0.203300,0.048763,-0.156966,0.139047,0.117869,-0.257245,0.047208,-0.022627,-0.313920,-0.094615,0.058379,-0.070786,0.121377,0.325085,0.046036,0.115408,-0.352464,0.151388,0.121150,-0.069361,-0.205849,0.051941,-0.303631,-0.015745,-0.140778,0.319594,-0.270651,-0.035962,-0.050325,-0.109311,-0.248224,-0.020579,-0.075231,0.037213,-0.224706,0.019513,0.241844,-0.104461,0.106626,0.142501,-0.209387,0.088257,0.174223,-0.002507,0.216577,0.228896,-0.302440,0.045723,-0.314464,0.158765,0.034595,0.045462,0.259939,-0.249685,-0.266234,0.173449,0.006438,-0.076142,0.215418,-0.207937,0.071199,-0.224043,0.187389,-0.049004,0.175968,-0.065795,0.749497,0.206743,-0.250792,0.544007,-0.225721,0.207991
0.006109,-0.032558,-0.132400,-0.072935,0.165051,-0.072457,0.157595,-0.158969,0.188116,0.114479,0.027648,-0.095663,-0.062816,0.216303,0.196379,0.050848,0.020795,-0.112847,-0.139515,-0.085391,0.035329,0.038935,0.289911,0.146171,-0.175788,-0.696399,0.187171,0.012117,0.328673,-0.100453,0.251838,0.221505,-0.179469,-0.056365,-0.129549,0.004011,0.117947,-0.263842,0.053260,0.061914,0.296060,0.013589,0.077103,-0.043467,0.134452,0.437992,-0.266571,0.001495,-0.260432,-0.178459,0.227638,0.070228,-0.204628,0.052482,0.120663,-0.247991,-0.066280,-0.283230,-0.060202,-0.101478,0.025090,0.100425,-0.075344,0.339355,-0.097634,-0.106074,0.263499,-0.081172,0.200466,0.390126,0.076732,0.136486,-0.116544,0.017680,0.391456,-0.222888,0.210480,-0.319800,-0.124201,-0.118656,0.042678,0.134626,-0.146603,0.136598,0.401275,-0.080208,-0.200903,-0.140781,-0.216809,-0.150087,0.196435,-0.191199,-0.136867,0.005770,0.163068,-0.237647,0.140804,-0.094245,-0.077381,0.303793,-0.034075,0.080166,-0.280101,-0.074657,-0.190267,0.021377,-0.055163,0.124231,0.405026,-0.225502,-0.377841,-0.140792,-0.002264,0.088466,-0.096087,0.001963,0.062010,0.046030,0.107557,0.101988,-0.207357,-0.168980,0.934380,0.266924,0.103700,0.700413,-0.180034,0.113553
-0.162098,-0.056334,-0.032922,-0.063169,0.136921,0.137254,0.081923,-0.055128,-0.136231,0.011539,0.173949,-0.214074,-0.063639,0.220720,0.202768,-0.080084,0.376785,-0.217477,-0.200256,-0.055445,-0.133389,0.029509,0.135738,-0.082731,0.092536,-0.463579,-0.018173,0.433594,0.080626,-0.004425,-0.157390,-0.054475,-0.369033,0.012391,-0.033577,-0.055877,-0.139639,-0.489094,0.140764,0.267740,0.271645,0.301097,0.067258,-0.061050,-0.184880,0.223508,-0.151006,0.206246,-0.017039,-0.426567,0.137753,-0.021634,-0.169222,0.004637,0.165484,-0.348965,-0.074255,-0.106065,-0.318464,0.067959,-0.028677,-0.212747,0.214251,0.266961,0.154392,-0.101907,0.415411,-0.308213,0.341855,-0.001989,-0.075754,0.071950,0.285721,0.066176,0.038231,-0.051377,0.140908,-0.207591,0.016839,-0.100309,0.127579,0.160840,0.069670,0.045965,0.059754,-0.026912,-0.335490,0.006105,-0.638128,-0.043025,0.156902,-0.191952,-0.012737,-0.001070,0.247075,-0.121987,0.004935,0.204517,0.023218,0.066463,-0.433212,0.076430,-0.514749,-0.073041,0.225591,-0.034228,-0.162172,0.107326,0.328067,0.268643,-0.218297,-0.214757,-0.153263,0.158246,0.278733,-0.042625,0.368115,-0.105932,-0.041186,-0.195077,0.300323,0.274078,0.721901,-0.122431,0.621720,0.190948,0.041274,0.231092
0.098991,-0.074068,0.018862,-0.175253,0.048688,-0.026658,0.035951,0.105541,-0.012655,0.101667,-0.086183,-0.537925,0.108792,0.071981,-0.024476,-0.046400,-0.052713,-0.012115,0.543137,0.083803,-0.089511,0.043800,0.033883,0.164411,-0.074011,-0.497048,-0.156108,0.207908,0.171788,0.154368,-0.209072,-0.234059,-0.468007,-0.199635,0.205980,0.191943,0.016493,-0.322721,0.106614,0.047861,0.185255,0.191267,-0.311770,-0.109774,0.169758,0.299322,-0.116294,0.421800,-0.117815,-0.283952,0.053341,0.139459,-0.274276,-0.094262,-0.072312,0.068264,-0.126041,-0.093424,-0.053894,-0.018846,-0.109745,0.009966,0.031945,-0.078487,0.006639,-0.015313,0.027116,0.005338,-0.074058,-0.042672,0.044084,0.148698,0.585130,-0.138821,0.010561,-0.261588,-0.060404,0.033495,0.126455,0.051704,0.174561,0.171472,0.193944,-0.068134,0.237856,0.137179,-0.150706,0.162928,-0.205885,-0.076822,0.091937,0.122833,0.112414,0.113780,0.164413,-0.051087,0.077816,0.156085,0.056821,0.144286,-0.838583,-0.109878,-0.099194,0.141683,0.323678,-0.371519,-0.158812,0.136041,0.154109,0.346296,0.165967,-0.163287,0.158567,0.249372,0.311171,-0.136519,-0.037032,-0.069800,-0.099128,-0.019219,0.158025,0.265266,0.661635,0.279855,0.635285,-0.342695,-0.202802,-0.119638
0.054246,-0.023278,-0.069178,-0.003366,-0.105868,0.134372,-0.312716,0.034095,0.020651,0.274865,-0.144725,-0.041304,-0.048433,0.023343,0.041183,-0.031594,-0.724540,0.359152,0.721286,0.058463,0.128037,-0.333932,-0.184945,0.238638,0.032258,-0.180767,-0.274236,0.212157,0.263729,0.111601,0.047356,-0.150275,0.185432,0.135318,0.015915,-0.060414,-0.194409,-0.516271,0.112800,-0.191819,0.154705,0.284555,-0.134558,-0.025235,0.121449,-0.290147,-0.023813,0.815890,0.135815,-0.295471,-0.004567,0.186961,-0.169441,0.079973,0.014778,0.335480,0.157226,0.156498,0.155569,-0.111412,-0.190690,-0.056408,-0.106353,-0.173085,-0.105505,-0.031088,0.068045,0.055602,-0.138053,-0.125021,0.084120,0.034437,0.536058,0.064797,0.113071,-0.293437,0.105562,-0.057531,0.063017,0.244846,0.416714,-0.119441,-0.112987,-0.163922,0.335256,-0.064221,-0.204418,0.246511,0.170891,-0.046224,0.221510,-0.032850,0.035999,-0.249327,-0.070652,0.030958,-0.037522,0.087731,0.068729,0.080035,-0.398285,-0.221027,0.377026,0.046045,0.225866,-0.242671,0.006863,0.089675,0.064666,-0.115475,-0.043052,-0.122495,0.062702,-0.047376,0.447381,0.113608,0.157684,0.021855,0.069737,0.164691,0.111643,0.244931,0.428780,0.254993,-0.098072,-0.848110,-0.208068,-0.060408
0.147273,-0.042541,-0.129511,0.080427,-0.003979,0.072016,-0.374342,0.186506,0.263200,0.057465,-0.195877,0.279134,-0.094949,-0.046837,0.110512,0.019462,-0.429920,0.372316,0.190208,-0.135874,0.142450,-0.270804,-0.235408,-0.032665,-0.044503,0.054392,-0.182495,0.240083,0.278687,-0.043002,0.242036,-0.021774,0.038713,-0.220752,-0.083108,0.005625,-0.026838,-0.598837,0.103652,0.038306,0.080365,-0.046043,-0.003232,0.220754,0.105682,-0.114208,0.035870,1.065109,0.203402,0.098231,0.114807,0.259751,0.005546,0.344664,0.047177,0.423991,-0.120705,-0.110770,0.021808,-0.197241,-0.367524,0.114585,0.068731,0.117022,-0.159901,-0.077810,0.115315,-0.229531,0.005376,-0.057444,0.171878,0.054822,0.063044,0.249392,0.292345,-0.143712,0.037224,-0.089039,0.126618,0.035044,0.649734,-0.131794,-0.108699,-0.060190,0.108024,-0.141234,-0.227897,0.400238,-0.103276,-0.165120,0.144887,-0.062295,-0.048770,0.001429,-0.354315,0.113685,0.238190,-0.051586,0.176449,-0.007707,0.298026,0.034777,0.526533,-0.017673,0.127442,0.301422,0.127220,0.144582,0.047995,-0.027953,-0.147910,-0.264308,-0.163417,-0.009343,0.282944,0.028326,0.359538,-0.146787,0.080952,0.079563,0.163208,0.186770,0.343741,0.334257,-1.035029,-0.130626,-0.307370,-0.273679
-0.155928,-0.015089,-0.008237,0.156565,0.026200,-0.296880,-0.025129,0.192958,-0.119038,0.182095,0.030499,0.344813,0.214808,-0.102139,-0.068029,-0.044122,-0.104256,-0.237428,-0.216576,-0.050476,0.065993,-0.164122,0.265670,-0.095627,0.309622,0.099750,-0.512344,0.041388,0.292759,0.232176,0.048222,0.086314,-0.241868,-0.296239,-0.227783,0.037869,-0.025705,-0.166046,0.233229,0.325064,-0.037200,0.197391,-0.104376,0.173441,0.142454,-0.070165,0.537867,0.853500,-0.095507,0.246135,0.152239,-0.007451,-0.017527,0.030674,-0.042026,0.285376,-0.032589,0.001779,-0.022969,-0.150274,-0.108039,0.169413,0.189467,0.208963,0.016438,0.094662,-0.008470,0.003708,0.098949,-0.140341,0.141115,-0.044935,-0.616655,0.123179,0.028270,0.003753,-0.302885,0.241952,0.084091,-0.109101,0.761933,-0.045410,-0.043597,0.060086,0.016713,-0.173441,0.128225,0.317094,-0.179125,-0.177724,-0.184032,-0.193105,0.309289,-0.367011,0.098839,0.155929,-0.008079,0.029505,0.112856,-0.031437,0.880468,0.136747,0.260298,0.050844,-0.016725,0.949473,-0.054851,-0.066421,0.126968,0.146327,0.141837,0.028402,-0.147540,-0.099156,0.072517,-0.158952,0.552457,-0.297549,-0.066593,0.034255,-0.053342,0.349675,-0.007753,0.272387,-0.290221,0.214905,-0.185113,0.024864
0.040064,0.047905,-0.095638,0.108778,0.298730,-0.046199,0.204636,-0.065488,-0.212458,0.142338,-0.084141,0.073643,0.047311,0.176573,-0.227644,0.041792,0.207034,-0.692787,-0.315023,0.215308,0.095819,-0.502792,0.001783,-0.168293,0.001283,0.032592,-0.178958,-0.145122,0.337837,0.021982,-0.166237,0.007959,-0.012729,0.160632,0.155043,0.104952,-0.127204,0.048113,0.232577,0.345009,-0.188628,0.095084,-0.089815,0.056179,0.002810,-0.114840,0.666017,0.644086,-0.181504,0.274586,0.475042,0.625671,-0.008135,-0.260965,-0.003587,-0.182932,-0.189760,-0.148886,0.049110,-0.086780,-0.001183,-0.043207,-0.038679,0.083777,0.215913,-0.001134,-0.180418,0.127709,-0.058231,-0.126970,0.078572,-0.008882,-0.552033,-0.030084,-0.232976,-0.003740,-0.235485,0.001261,-0.058159,-0.205788,0.877596,0.134314,-0.243441,0.092815,-0.013625,0.080070,0.258535,0.197349,-0.002499,-0.058161,-0.258473,-0.133850,0.357195,-0.067334,0.347410,0.259630,-0.354453,0.137388,-0.173332,-0.031378,0.587551,0.046628,-0.078573,0.206337,-0.361441,0.174200,0.059685,-0.246069,0.182485,0.078650,0.418810,0.231253,0.173728,-0.062725,0.173660,0.040471,0.517296,-0.165041,-0.027940,-0.098738,0.162565,0.102071,0.053419,0.039062,0.209694,-0.235179,-0.003487,0.082785
0.101576,0.006429,-0.083591,-0.026114,0.123687,0.101429,0.244217,0.042462,0.083811,0.186989,-0.310532,0.011609,0.024466,0.066355,0.001552,0.031695,0.219347,-0.569886,-0.260553,0.285370,0.215653,-0.390473,0.193958,-0.072148,-0.136219,-0.008189,0.200651,-0.080029,-0.208381,-0.387036,0.087067,0.026441,-0.253266,0.166353,-0.081586,0.086801,0.040763,0.310434,-0.251805,0.545309,0.047428,-0.095660,-0.288569,0.191634,-0.538628,0.164381,0.704649,0.103112,-0.566115,0.443397,0.709408,0.907870,-0.192448,-0.102957,0.101895,-0.136219,-0.073871,-0.046223,-0.058471,0.084759,-0.369742,0.144911,0.216649,0.278169,-0.023481,-0.130397,-0.031033,0.144417,-0.034655,0.183673,0.029210,-0.088728,-0.220810,0.017738,-0.247147,-0.408600,-0.320148,0.003508,0.119465,-0.024727,0.586743,-0.015094,0.067569,-0.130345,-0.042070,0.081746,-0.179766,0.171602,0.608676,0.363067,-0.051946,0.205088,0.194925,-0.150785,0.347326,0.087314,-0.164295,-0.041444,0.001375,0.088848,0.067299,-0.093385,-0.279444,0.284428,0.018819,-0.603808,0.113701,0.074333,-0.202071,0.184561,-0.048217,-0.033356,0.166928,-0.103402,0.057078,-0.076520,0.084537,-0.050587,-0.002887,-0.054523,0.001608,0.029340,0.137812,0.039801,0.083185,-0.248210,-0.081530,-0.071063
-0.053417,-0.071173,-0.031926,-0.066447,0.006302,-0.029918,0.083298,0.048228,0.084603,0.216302,-0.263624,-0.091222,0.242791,-0.082795,0.073854,-0.038917,-0.214641,0.011666,-0.149847,0.053392,-0.084905,0.180445,-0.144108,0.199001,-0.082028,-0.092911,1.102583,0.048359,-0.248093,-0.008197,0.122719,-0.165805,-0.095722,-0.161471,0.001945,-0.044565,-0.110280,0.145837,0.100100,0.166166,-0.071118,0.214171,0.004837,-0.343720,-0.957132,0.402627,0.310508,-0.247307,-0.214825,-0.088607,0.867218,1.188675,-0.169269,0.284512,-0.033435,0.055797,-0.321518,0.004402,-0.137362,0.166485,0.160068,0.057647,0.011295,0.120725,0.013414,-0.104431,0.126033,-0.080254,0.057245,0.369688,0.009844,-0.136771,-0.195054,0.152381,-0.166263,-0.041475,-0.304595,0.085396,0.296657,-0.268812,0.328337,-0.027959,-0.222714,-0.130566,0.013654,-0.097690,0.025695,-0.088834,0.611257,0.448791,0.042432,0.098952,-0.069291,-0.170039,0.065360,0.015219,0.166526,0.102741,0.077821,0.077454,-0.213688,0.101038,-0.152479,0.305305,0.517152,-0.316796,0.144974,0.046447,-0.360682,0.002492,-0.544597,0.019656,0.040852,0.229378,-0.045374,0.013763,0.017195,-0.163368,-0.006525,0.034242,0.240390,-0.161892,0.085863,0.115614,-0.022257,-0.013083,-0.079491,-0.280939
0.020706,0.027378,0.149015,-0.010882,0.092521,-0.126075,0.226432,0.097830,0.075942,0.145213,0.032303,0.013959,0.171702,-0.063447,-0.097023,0.060184,-0.031340,0.246490,-0.091153,-0.179574,-0.097747,0.730278,-0.222767,-0.094149,-0.025501,-0.085152,1.065636,0.040860,-0.044919,-0.089559,0.209051,-0.228060,-0.022071,0.051495,-0.051871,0.131588,-0.200074,0.270943,0.247831,0.272132,0.061965,0.279175,-0.184575,-0.032323,-0.411255,-0.338263,-0.315916,-0.169914,0.625280,-0.399481,0.430515,0.919165,-0.086404,0.316125,0.086675,0.202467,-0.087998,-0.213993,-0.025248,0.103232,0.135831,-0.028017,0.089719,-0.038062,-0.115534,0.194212,-0.078836,0.068702,-0.182779,-0.244662,-0.241442,0.079039,-0.059545,-0.041431,-0.280829,-0.171348,-0.055039,0.079203,0.584366,0.118802,0.080949,0.134829,-0.037322,-0.179567,-0.041424,-0.026096,-0.084256,0.209241,0.160558,0.285099,-0.108384,-0.098604,0.141525,-0.127695,-0.114201,0.143926,-0.463725,0.239728,0.204476,-0.097768,0.079943,0.227126,0.353588,0.253571,0.062123,0.231796,-0.168938,0.173528,-0.358401,-0.064755,-0.695413,-0.029426,-0.172350,0.272189,-0.069261,-0.185381,-0.063217,-0.081809,-0.015955,-0.086276,-0.146975,0.128256,-0.008199,-0.016741,0.005761,0.069210,0.075459,-0.041468
0.061515,-0.077190,0.001894,-0.092522,0.030008,-0.042962,0.095272,0.021256,0.147490,0.194092,0.041863,0.273452,0.093867,-0.053023,-0.235864,0.085746,0.050801,0.166048,0.039681,-0.144694,0.018871,0.706903,-0.108481,-0.007975,0.151433,0.079184,0.141525,0.029917,0.199061,0.165191,-0.023539,-0.029261,-0.209557,0.080938,-0.058795,0.025581,0.039312,0.325255,-0.029964,0.044372,0.499768,0.457020,0.253828,0.143745,0.296644,-0.606313,-1.144931,0.000297,0.359397,-0.151114,0.525174,0.826693,0.317282,-0.073289,0.029710,0.132169,0.015252,-0.194700,-0.133770,0.146829,0.078375,-0.056853,-0.020660,-0.152690,-0.281000,-0.046770,-0.110252,0.129376,-0.163329,-0.341657,-0.063959,-0.039427,-0.015935,-0.122326,-0.329242,-0.128092,0.517966,0.074244,0.797424,0.150383,-0.007385,-0.078545,0.210790,-0.046142,-0.087443,-0.007746,0.072484,0.027695,-0.329684,0.121078,-0.248767,-0.133842,0.137786,-0.175084,0.054904,-0.081622,-0.136504,0.130970,-0.020685,-0.110725,0.073204,0.061451,0.164938,0.162835,-0.092100,-0.202411,-0.059034,0.055777,-0.228928,0.152267,-0.263642,0.059655,-0.276251,-0.015156,-0.201214,-0.155004,0.083840,-0.021636,-0.128381,0.064212,-0.148205,0.362889,-0.053974,-0.062035,-0.079266,0.536327,0.056926,0.177159
0.175301,-0.024440,0.114363,-0.091876,0.110338,0.079781,-0.215979,0.116331,-0.152653,0.068857,-0.032212,0.180130,0.018840,-0.302424,-0.002461,-0.085358,0.237535,-0.142179,0.120794,-0.077139,-0.000239,0.170744,-0.019934,-0.002098,-0.372311,0.297771,-0.287451,0.067923,0.118396,0.068402,-0.020247,0.096780,0.215165,0.167312,0.105917,0.030197,-0.126880,0.149719,0.068680,0.098531,0.437237,0.386234,0.132283,-0.252332,0.747753,-0.047902,-0.828803,-0.047920,-0.724136,-0.322734,0.213201,0.576387,-0.032933,-0.045005,-0.037452,0.032525,0.236712,0.133096,-0.262614,0.206942,0.206709,0.049404,0.378530,-0.266892,0.096350,-0.067529,0.072281,-0.055433,0.298905,-0.245847,-0.352594,-0.089853,0.020893,0.193637,-0.278899,0.069006,0.560592,0.138190,0.648299,-0.284989,0.046532,0.023644,0.180899,0.073783,-0.052310,-0.046287,-0.250066,-0.193794,-0.317363,0.191024,-0.065381,-0.134384,0.056712,-0.218957,-0.060192,-0.092363,-0.032948,0.055196,0.043899,-0.016677,0.047896,0.311001,0.150789,0.352118,0.092017,-0.220235,0.092564,-0.065456,0.011495,-0.330026,-0.041308,-0.054097,-0.397328,-0.198252,-0.087715,0.068823,0.164523,-0.090363,0.015745,0.132782,0.168860,0.257420,-0.163768,0.139243,-0.133782,0.388176,-0.119824,-0.290391
-0.200448,-0.075265,0.111687,-0.057981,0.031577,0.061964,-0.423009,0.084742,0.066691,-0.078683,0.039657,0.013679,0.071398,-0.290060,-0.092559,0.048543,-0.066122,0.031981,0.141183,-0.004035,0.025139,-0.414523,0.016132,-0.103007,0.022261,-0.027222,-0.504944,-0.206884,-0.084379,-0.002829,-0.144855,-0.060284,-0.021728,-0.058890,-0.138059,-0.039237,-0.097758,-0.141814,0.083600,0.177104,-0.049990,0.208802,-0.109450,-0.131393,0.373874,0.212867,-0.195917,0.006881,-0.629021,-0.418812,-0.001629,0.420142,-0.497911,-0.103747,-0.024148,-0.064137,0.175490,-0.158359,-0.227715,-0.103613,0.022414,0.166269,0.275998,-0.151511,0.439888,0.041722,0.193021,0.203795,0.379043,-0.144979,-0.333896,0.007193,-0.289963,0.044833,-0.394798,0.030524,0.262955,0.159392,0.555902,-0.141308,-0.273372,-0.113033,0.349002,-0.021073,0.023986,0.180640,-0.117720,0.010100,-0.136781,0.402684,0.180053,0.014311,-0.305894,-0.028482,-0.094540,-0.376392,0.101115,-0.197243,-0.038678,-0.066046,0.117476,0.237533,-0.152202,0.253145,0.067533,-0.380270,-0.031931,-0.039264,0.115547,0.039690,-0.255158,-0.119700,-0.387036,-0.372468,-0.029723,-0.181591,0.026279,0.116335,0.041600,-0.023929,0.031960,-0.382157,-0.103634,0.105080,-0.129773,0.680897,0.004083,-0.171711
-0.215795,-0.010506,0.061968,-0.077837,-0.211075,-0.133214,-0.078897,0.204986,0.126855,-0.178199,-0.090425,-0.009849,0.301307,0.036277,-0.126167,0.047053,-0.424282,0.023564,0.037735,-0.096865,0.081429,-0.390893,-0.103748,-0.001847,0.313342,-0.079202,-0.370946,-0.009467,0.178769,-0.110476,-0.306026,-0.008558,0.273165,-0.050131,-0.162945,-0.111759,-0.090234,-0.104480,-0.175651,-0.014811,-0.127795,0.068678,0.235788,0.107937,0.059454,0.472336,0.228568,0.136262,0.327510,-0.138049,0.141199,0.320575,-0.181247,0.017165,0.075297,-0.161861,0.197846,-0.199893,0.020986,-0.114121,-0.262906,0.063548,0.066711,-0.352698,0.335459,0.056347,0.148021,0.164892,0.249011,-0.056061,0.067949,0.139365,-0.053946,-0.177514,-0.290268,0.058824,0.090441,0.112916,0.505301,-0.083891,-0.218514,-0.210415,-0.124047,0.087720,0.240243,0.008980,-0.224355,0.394890,0.046181,0.116801,0.055736,0.119602,-0.162150,0.191275,0.012831,-0.166827,0.285901,0.014343,-0.255418,-0.100845,-0.179289,0.107264,0.141004,0.071404,-0.195822,-0.300750,0.016762,-0.166235,0.076520,0.069956,0.048559,0.052104,-0.247114,-0.275696,-0.167465,0.067474,0.050721,0.227088,-0.005399,0.057517,-0.101786,-1.050856,0.007921,0.149908,-0.092710,1.109680,0.266034,0.172549
-0.078404,0.017568,0.039238,0.181101,0.153624,-0.038649,0.064708,0.251555,-0.086289,0.102464,0.037984,-0.198439,0.355519,0.285547,-0.035477,-0.214522,-0.567804,-0.005555,-0.377109,0.109548,-0.163718,-0.338478,-0.212689,-0.169152,-0.034475,-0.018810,-0.287167,0.078915,0.124709,0.134281,0.040002,0.166805,0.082336,-0.202229,-0.118738,0.061079,-0.312257,0.037281,-0.075519,0.030504,-0.130427,0.246029,0.059038,0.158042,-0.040593,0.524910,0.266874,0.015883,0.838099,-0.019559,-0.048781,0.020703,-0.113123,0.111909,0.222344,-0.400475,0.186164,0.169510,-0.155783,-0.299333,0.122072,-0.225394,0.209613,-0.075646,-0.126145,-0.019949,-0.131526,0.076869,0.184210,-0.188760,0.078402,0.185300,0.286350,-0.050255,-0.215992,-0.177312,-0.075445,0.171894,0.372667,-0.127738,-0.318618,0.014309,-0.045850,0.163048,0.089604,0.056614,-0.062510,0.283807,0.164503,0.068570,0.161787,-0.169174,0.456130,0.026901,-0.048727,0.023917,-0.076647,0.204775,0.026051,-0.239200,-0.107300,0.133476,0.032136,-0.018498,-0.045348,0.222691,0.108607,-0.112764,-0.087477,-0.120785,-0.031639,0.036807,-0.042312,-0.349177,-0.297241,0.167778,0.002675,0.206795,-0.028062,0.237666,0.037989,-0.498841,0.145099,-0.039753,0.048664,0.762678,0.187030,0.010333
-0.010161,-0.177716,0.179325,-0.079535,-0.267526,-0.009064,0.108650,-0.045278,0.075542,0.566053,-0.044228,0.004470,0.273206,0.028405,0.011873,-0.346705,-0.185377,0.114262,-0.086594,0.114447,-0.207620,-0.185331,0.101539,-0.010115,0.176651,0.082083,-0.013324,0.027793,-0.049391,-0.202793,0.155703,0.355854,0.096404,-0.185848,0.046888,-0.165249,-0.033855,-0.176612,0.016085,0.044684,-0.261772,0.225921,-0.087142,-0.074933,0.011685,0.174609,0.057745,-0.101126,0.508237,-0.065947,0.039797,-0.111293,-0.181985,0.261060,0.133820,-0.351123,0.328282,0.173182,0.306939,-0.058295,0.021890,0.208284,0.052799,0.099071,-0.088270,-0.218384,0.011513,-0.118592,-0.071958,-0.152038,0.095806,0.085652,0.062346,-0.014621,0.159872,-0.153543,0.034188,0.014763,0.208407,0.178663,0.055620,0.250734,0.180737,0.210666,0.069903,-0.014466,-0.032194,0.069204,0.044259,-0.077122,-0.099697,-0.057819,0.211622,-0.299528,-0.051494,0.477051,0.101413,-0.029735,-0.115903,-0.146680,-0.040934,0.080462,-0.081994,-0.189203,0.079746,0.336436,-0.004580,0.297563,-0.303561,-0.197873,-0.009596,-0.167158,0.229688,-0.531422,-0.266189,0.306022,-0.060949,0.449975,-0.090053,-0.080753,0.109534,0.071957,0.011444,0.208092,0.214513,0.343843,-0.125349,-0.168036
-0.142687,-0.180306,-0.005959,-0.230733,-0.062546,0.060802,-0.029949,0.128950,0.165708,0.410371,0.138650,0.361685,-0.072446,-0.023036,-0.188877,0.038357,-0.003522,-0.114759,0.225965,-0.295523,0.227304,0.261346,0.232829,0.043561,-0.161195,0.019658,0.392886,-0.033203,0.045641,-0.269554,0.329103,0.451336,-0.020057,-0.052681,0.010488,-0.092256,0.220633,0.022566,-0.145751,0.021068,-0.165027,-0.481374,0.127234,-0.026464,-0.256584,0.131330,0.042858,0.033389,-0.103443,-0.006397,0.095559,-0.350103,0.130319,0.200761,0.076351,0.206900,0.408428,0.159882,0.252955,0.046631,-0.247599,0.240858,-0.231453,0.108944,0.151179,-0.212951,0.050962,-0.208916,-0.064916,0.003005,0.280157,0.082803,0.132800,-0.181229,-0.187695,0.011630,0.082498,-0.134578,0.289410,0.305667,0.206789,0.286282,0.064010,-0.227036,0.152060,-0.164653,-0.007351,0.056465,-0.099165,-0.304192,-0.034175,-0.042803,0.132774,-0.039252,-0.278413,0.073534,-0.291166,-0.094443,-0.339121,-0.138295,-0.072944,0.107178,-0.197643,-0.063141,0.241744,0.238450,-0.143693,0.408510,-0.197909,0.012388,0.197101,-0.567923,-0.131181,-0.568543,-0.251598,-0.102613,0.296452,0.039154,-0.097541,-0.080779,0.214836,-0.215037,-0.042485,-0.263887,0.279228,0.019272,-0.011807,0.086173
-0.109162,0.068953,-0.143578,-0.035240,-0.040695,0.020784,0.106460,-0.079575,0.321828,0.209098,0.087381,0.274580,-0.116853,-0.101091,0.006254,0.132487,0.000302,-0.065586,0.059311,-0.134550,0.136064,0.076013,-0.230155,0.122794,-0.033195,0.015019,0.022623,-0.163661,0.005439,0.132103,0.133834,0.070661,-0.019928,-0.074587,0.333229,-0.034158,0.004145,0.199628,0.012753,-0.138376,-0.114878,-0.265506,0.135920,-0.028278,-0.318748,-0.204708,-0.103358,0.053208,-0.187213,-0.122427,0.165665,-0.031284,0.214951,-0.030945,0.043842,0.044485,0.015192,0.285084,0.280866,-0.165348,-0.189219,0.012008,0.065527,0.076040,-0.014237,-0.051339,0.117305,0.024027,-0.215511,-0.094002,-0.114911,0.109183,0.170716,-0.185118,-0.241180,-0.273597,-0.143334,-0.123453,-0.082067,0.260547,0.123117,0.269638,-0.198511,-0.183373,0.179764,0.240666,-0.299561,0.329754,-0.312338,-0.183162,0.147837,-0.008978,-0.189744,0.339509,-0.040892,-0.036181,-0.077521,-0.118111,0.012561,-0.162700,-0.032607,-0.054179,0.103018,-0.094453,-0.199847,0.014583,-0.157882,-0.020864,-0.145267,0.139867,0.071128,-0.141254,0.301133,-0.116674,0.124818,0.071948,0.088541,0.066609,0.038688,0.026044,0.358523,0.003410,0.023288,-0.295327,0.122733,0.147020,0.035773,0.185273
0.015452,0.076298,0.088378,0.078926,-0.124565,-0.013800,0.028396,-0.101630,0.145664,-0.096387,0.149118,0.115307,-0.155608,-0.115671,0.001115,-0.208108,0.039237,-0.024231,-0.059956,0.021504,-0.163919,0.135391,-0.120454,-0.059517,0.117653,0.052376,0.036513,-0.087758,-0.093560,0.007384,0.041493,-0.072128,0.053572,-0.064665,0.108804,-0.201932,-0.166243,-0.169839,-0.033280,-0.119270,0.055536,0.206734,-0.144400,-0.038224,-0.142220,-0.044759,0.098754,0.028139,-0.179474,-0.080712,0.118370,0.035920,0.051538,0.013729,0.757780,-0.118147,-0.345828,0.187523,0.328213,0.000443,-0.342482,-0.016939,-0.032347,-0.046710,-0.134828,-0.072398,0.114838,-0.064486,-0.013542,-0.119903,-0.100490,0.036296,0.201683,-0.062576,-0.074991,-0.083625,0.210537,0.004548,-0.039993,0.076263,0.131815,0.161188,-0.079390,0.015065,0.164695,0.040489,-0.054748,0.016825,0.003440,-0.084679,0.073154,0.135592,-0.073633,0.171461,0.225843,0.097461,0.011190,-0.038808,0.082752,-0.069086,-0.035825,0.010244,0.033123,-0.155188,0.161802,0.031448,-0.068610,0.063510,-0.121319,0.039501,0.162566,-0.071709,-0.032021,0.056601,0.186825,0.138193,0.090126,0.086357,0.069239,0.132226,0.147435,0.022559,-0.066404,-0.132286,0.058314,0.063610,0.322751,0.216379
0.010577,0.043874,0.093249,0.101617,0.033424,-0.109263,0.077979,0.032633,0.115373,0.019379,-0.032581,0.199107,-0.058564,-0.036357,0.257191,0.074153,-0.086062,-0.021602,-0.063679,-0.098053,-0.216017,0.060199,-0.034347,0.096982,0.000051,0.082504,-0.027569,0.025055,-0.067781,-0.177622,0.010664,-0.083544,-0.106856,0.020487,-0.023117,0.055005,-0.084967,0.066235,-0.021296,-0.024555,-0.049754,0.109113,0.155313,0.115262,0.132891,0.041745,0.009141,0.068821,-0.010514,-0.070293,0.178609,-0.151098,0.015306,0.062185,-0.090694,0.236054,0.004928,-0.009323,-0.035999,-0.156850,-0.114447,0.103067,0.078557,0.084619,-0.020171,0.128374,-0.002942,-0.051414,-0.028673,0.111124,0.173567,0.034805,0.030773,0.037129,0.151271,-0.051980,-0.058433,0.068194,0.080556,0.063689,0.107161,-0.000715,-0.014908,-0.014383,-0.147669,-0.005558,-0.019786,-0.131704,0.001424,0.145011,0.016246,0.024319,0.106864,0.148984,0.062551,0.051195,-0.088017,-0.029467,-0.041581,-0.094093,-0.031189,0.119839,-0.020278,0.141429,-0.197049,-0.118442,0.106302,0.034675,0.100643,-0.022663,0.072098,-0.070869,-0.027179,0.087882,0.074304,-0.087145,-0.040094,0.200388,0.130587,0.014260,-0.005222,0.091810,-0.078693,-0.004098,-0.007085,0.017058,-0.254179,-0.049209
-0.003248,0.004072,-0.006974,0.008199,-0.016153,-0.028728,0.001946,-0.007786,0.007011,0.005608,-0.007810,0.009763,0.006442,0.006920,0.007214,-0.002996,-0.002304,0.020292,-0.026032,0.004260,-0.068092,0.002683,0.004425,-0.021089,0.006832,0.003883,0.002805,-0.005184,0.009131,-0.002075,-0.007843,0.000802,-0.011901,0.020359,0.015696,0.001798,0.002565,0.023663,-0.003127,0.038139,0.020080,0.009340,-0.004106,0.015668,0.015079,0.007491,-0.013603,0.028435,-0.009854,0.004483,0.011973,-0.007031,-0.001366,-0.016356,-0.047921,0.007855,0.015306,0.009489,0.006864,-0.011779,-0.014067,0.002089,0.011334,0.005499,-0.012414,-0.012255,0.001617,0.000329,0.001311,0.011070,0.011292,-0.013567,-0.004986,-0.001767,0.017193,-0.000697,-0.001181,-0.008908,0.002172,0.011561,0.010792,-0.011058,-0.001476,0.007330,0.006757,0.010267,0.010109,-0.006497,0.014245,0.006544,-0.000775,-0.007496,0.006575,0.033150,-0.002279,0.004059,0.010484,-0.012298,-0.005946,0.012346,0.008213,0.004213,-0.017629,-0.018606,-0.025537,-0.004903,0.013202,0.007979,-0.011338,0.000874,0.022583,-0.020394,-0.013793,0.008370,0.016157,-0.018421,0.004846,0.077229,0.009166,0.001678,-0.010822,0.003586,0.003509,-0.007438,-0.004902,0.004965,0.042554,0.005559
0.024410,0.019779,-0.066497,0.007625,0.170099,0.032283,0.043090,-0.013832,-0.072029,-0.044108,0.030679,-0.044284,-0.036167,-0.048757,-0.008709,-0.061016,-0.036998,-0.005881,0.057168,0.004515,0.143139,-0.031197,0.006015,0.025022,-0.079705,-0.050588,0.009333,-0.021577,-0.049553,0.043032,-0.031767,-0.017487,0.066847,-0.015054,-0.024132,-0.070662,-0.011470,-0.046934,-0.003992,-0.015521,-0.040387,-0.032505,0.030022,-0.046096,-0.011299,0.002571,0.018262,-0.087924,-0.014808,-0.027124,-0.036123,0.068252,0.025073,-0.005889,0.019394,-0.005516,-0.050084,0.036475,0.011456,0.053743,0.056113,0.007532,-0.039789,0.048688,0.009038,0.028055,0.031626,0.026320,-0.007920,-0.057081,0.012334,0.009062,0.026092,0.010089,-0.032963,0.009197,0.056896,0.007631,-0.013934,-0.032922,-0.020221,0.017663,-0.032676,0.003004,0.038280,-0.046648,0.077484,-0.014757,0.003832,0.005702,-0.031883,0.013231,0.056635,0.060572,0.013344,0.021785,-0.004345,-0.032616,0.049682,-0.002957,-0.000750,0.023691,0.028855,-0.071049,0.005556,0.035150,-0.047693,-0.021496,-0.005615,0.029007,-0.009659,-0.021387,0.042495,0.001953,-0.093891,0.030266,0.033751,-0.120773,-0.019037,0.020520,-0.007228,0.008324,0.023912,-0.016417,0.014090,0.020695,-0.074936,0.008923
0.147396,0.038550,-0.066691,-0.009793,0.010577,-0.059566,0.116046,-0.001201,-0.157189,-0.109922,-0.024157,0.091268,0.154836,-0.082282,0.142448,0.019782,-0.058368,0.002085,-0.082134,0.058409,-0.158922,0.011879,0.097229,0.080161,-0.178268,0.112730,0.071142,0.027263,-0.049916,-0.056859,0.117237,-0.023068,0.042289,-0.092352,0.122258,-0.072900,0.128761,0.068818,-0.040034,0.290360,0.058640,0.390500,-0.029345,0.064965,0.119127,-0.012552,0.029614,0.025726,-0.018260,-0.026286,0.064446,0.051378,0.011022,-0.094117,-0.132496,0.061933,-0.011699,0.053530,0.071009,0.059585,-0.078057,0.045459,0.008796,0.078171,0.022778,0.029048,0.249965,-0.047995,0.013308,-0.018097,0.070747,-0.171791,0.073514,0.023879,0.057384,0.152454,0.146501,-0.012984,-0.012504,-0.045675,-0.086731,-0.145409,-0.020155,-0.031690,-0.113828,-0.012043,-0.097185,0.156597,-0.020612,0.084033,-0.043964,-0.016029,-0.012412,-0.164833,0.051067,0.178213,0.070497,-0.114145,0.030801,0.028409,0.010409,-0.121376,0.042354,-0.510564,-0.173004,0.078572,0.089779,0.049902,-0.004026,-0.070133,0.053414,0.099463,-0.061418,-0.005443,0.077886,0.108514,0.109506,0.161846,-0.014954,0.032646,-0.072873,-0.035140,0.077483,0.007680,0.076681,0.002005,0.114860,0.046689
0.015537,0.013407,0.064690,0.078752,-0.410096,-0.049167,0.009020,0.085448,-0.171560,-0.173227,-0.023216,0.045812,0.176289,-0.084945,-0.025564,-0.083081,-0.039340,0.073626,-0.148717,-0.075510,-0.114725,-0.113606,0.002950,0.004182,0.074927,0.217508,-0.007834,0.190494,0.140034,0.050673,0.063792,-0.071602,0.049465,-0.002844,-0.000229,0.009910,0.094798,-0.130200,0.001520,0.190095,0.042052,0.340307,-0.048508,0.054992,-0.030212,-0.258549,0.106348,-0.211675,0.007180,0.004346,0.076227,-0.004772,-0.137666,-0.140831,0.014031,0.038987,-0.108507,0.149469,0.068940,0.301687,-0.070283,-0.041252,-0.016812,-0.015860,-0.026895,-0.034440,0.140670,-0.098143,0.086177,0.144231,0.006844,-0.123876,0.020062,0.180653,0.034160,0.396194,0.346768,0.135385,-0.204979,-0.004025,-0.130795,-0.172431,-0.013792,0.044192,-0.140902,-0.083394,-0.391162,0.080634,0.155331,0.120788,-0.141354,-0.094187,-0.409921,-0.092626,0.198383,0.198911,0.045888,-0.040034,0.232921,0.022732,0.040289,-0.092291,0.049486,-0.042303,-0.075267,0.212409,0.087296,0.013448,-0.145142,-0.058862,0.128379,0.167722,0.077273,-0.061531,-0.047336,0.120737,0.284098,-0.039667,-0.187000,0.138860,-0.117944,-0.093260,0.113710,-0.048449,0.141532,0.002823,-0.120921,0.177218
-0.158768,0.073161,0.197783,-0.076058,-0.299102,0.159368,0.300872,0.246496,-0.217349,-0.170088,-0.025623,0.181583,0.084433,-0.155960,0.083706,0.043203,-0.156961,-0.016368,-0.403661,-0.328819,-0.109693,0.204215,0.073017,-0.002446,0.142336,0.352214,-0.239556,0.073053,-0.022108,-0.240098,-0.014427,-0.130583,-0.390079,-0.028897,-0.031184,-0.089694,0.023418,-0.098078,0.141164,-0.039587,-0.323882,0.208442,-0.156288,0.087033,0.063226,-0.291379,0.025108,-0.013209,0.253678,0.017642,0.175503,-0.058300,-0.221943,0.026373,0.305826,-0.102023,0.001180,0.080269,-0.030598,0.198094,-0.021338,-0.023723,0.265319,0.163910,-0.136049,0.088151,0.315563,0.001087,0.153597,0.702021,-0.038799,-0.088042,0.028707,-0.071739,-0.428686,0.172652,0.110968,0.254736,-0.254123,0.069566,-0.254596,-0.070515,0.099392,0.099729,-0.372239,0.092527,-0.133728,-0.331925,-0.002835,0.190921,-0.071767,-0.134135,0.024172,0.131474,0.007762,-0.016015,-0.175843,-0.023914,0.084811,-0.156734,0.203812,0.297179,0.340778,-0.027492,-0.093224,0.032688,-0.057987,0.202188,0.118751,-0.064179,0.160901,0.098765,0.104398,-0.079667,0.013763,0.180713,-0.138221,0.051787,-0.131812,0.104046,0.005884,-0.099033,0.439931,-0.264331,-0.017865,-0.178797,0.005114,0.154861
-0.264185,-0.033639,-0.016565,-0.114243,-0.085049,-0.266876,0.268374,0.231614,0.145611,0.094896,0.004277,-0.114474,0.296299,0.070718,-0.222568,-0.328893,0.111468,0.116728,-0.147526,0.200587,0.214946,0.009531,0.313525,-0.082363,-0.056202,-0.039292,-0.190413,0.036575,0.097601,-0.251761,0.279349,0.075852,-0.233096,-0.169370,-0.249772,0.128477,-0.164523,-0.166510,0.170382,-0.166394,-0.174956,-0.220767,0.047200,0.334227,-0.123973,-0.025777,-0.072985,-0.164344,0.147734,-0.229004,0.051198,-0.016564,0.027671,0.218378,0.444076,-0.092789,-0.202145,0.118542,-0.063570,0.111215,0.014291,0.105230,-0.205077,0.236238,0.605258,0.068530,-0.190909,-0.088509,-0.111754,0.319460,0.147016,-0.275878,0.226797,0.016888,-0.008475,0.249586,0.305226,0.018177,-0.041668,-0.066326,-0.120430,-0.080931,0.420650,0.082106,0.012360,0.159056,0.383157,-0.190243,0.255170,-0.086059,0.088239,-0.191121,-0.111159,0.214628,0.003218,0.013392,-0.204625,-0.319681,-0.056743,0.035765,0.303190,0.144838,0.192111,-0.065216,-0.320660,-0.274054,-0.067428,-0.050993,-0.149309,-0.044986,0.018850,-0.059993,0.044408,0.139033,-0.650195,0.190236,-0.128130,-0.174283,0.034687,0.226692,0.009216,0.039286,0.548156,-0.426929,-0.577873,0.028822,0.065680,-0.010590
-0.129609,-0.081388,0.129669,0.042793,0.092544,0.108218,-0.015698,0.009976,0.027243,0.136979,0.226313,-0.388859,0.151486,-0.190238,0.133688,-0.143051,-0.170357,-0.074969,-0.097451,0.138706,0.229491,0.177159,0.112879,-0.098672,0.010909,0.043729,0.029877,-0.137032,0.202653,-0.281952,0.209074,0.186687,0.205984,-0.187524,-0.220720,0.104517,0.003806,-0.049195,-0.066756,-0.203012,0.098870,-0.030606,0.036879,0.316090,-0.082152,-0.086097,-0.506113,-0.034495,0.020561,-0.259572,0.049259,-0.040555,-0.062060,0.105676,0.253499,-0.033323,0.121310,0.424633,-0.032436,0.105382,-0.180635,0.047356,-0.140729,0.093493,0.251697,-0.034318,-0.127751,-0.107773,-0.217364,0.071709,-0.203022,-0.159590,-0.209455,0.177176,-0.081023,0.264439,-0.189963,-0.021614,-0.332767,0.040955,0.236270,0.039446,0.292831,-0.038528,-0.278723,0.224067,0.231637,-0.029268,0.169856,-0.285269,0.035027,-0.009437,0.022404,0.195936,0.161586,0.020982,-0.185919,-0.314398,0.028805,0.299993,-0.004670,-0.159719,-0.537085,-0.026724,-0.255845,-0.216865,-0.103604,-0.069483,-0.114901,0.149731,-0.181499,-0.086626,0.043905,-0.090822,-0.021614,-0.321497,0.216360,0.222471,0.099819,-0.013150,-0.123449,-0.066963,0.524652,-0.347690,-0.688295,0.256312,0.034589,0.188059
0.059808,-0.122419,0.085205,0.038508,-0.228292,0.057559,0.130913,-0.018803,-0.087362,0.223839,0.475990,-0.094101,-0.010118,0.046790,0.290892,-0.056694,-0.045916,0.243792,0.244048,-0.183335,0.365922,0.040047,-0.074056,-0.030116,-0.099861,-0.123342,-0.145920,0.121759,0.260599,-0.091314,0.194328,0.103095,0.335196,0.323075,-0.132853,0.024235,-0.247055,-0.114700,0.080014,0.008835,-0.070975,-0.088749,-0.073365,0.231684,0.224948,0.049424,-0.507804,-0.008233,-0.046586,-0.111374,0.205389,-0.035538,-0.104383,0.158713,0.017463,-0.469932,-0.221187,-0.029897,-0.257643,0.173051,-0.074313,-0.113045,-0.235376,-0.109463,-0.202596,-0.078054,0.098410,0.104466,0.076027,0.189479,-0.346679,-0.135533,-0.498765,-0.035110,0.066090,0.285605,0.057538,0.074799,-0.066265,0.152327,0.169967,0.266750,-0.129587,0.014951,-0.517548,-0.324043,0.010194,0.207881,0.324578,-0.084640,0.121809,-0.162146,0.109705,0.241214,0.135501,0.372031,-0.026843,-0.081577,0.057802,0.209977,-0.022721,-0.152004,-0.409844,0.096729,0.135443,-0.067301,-0.256702,-0.064158,-0.111028,0.059142,-0.121812,0.261460,0.122836,-0.296012,0.065561,-0.005666,0.113688,0.286008,-0.109873,-0.091796,0.067614,0.045583,0.552869,-0.261296,-0.023805,0.297203,-0.404737,0.042057
0.052137,0.177770,0.249473,-0.114072,-0.218093,-0.107269,0.184850,0.139288,-0.196967,0.248930,0.247958,-0.087753,0.050732,0.297437,0.333995,-0.026117,-0.077583,-0.116437,-0.291336,-0.049077,0.097951,-0.055304,-0.069151,0.149754,-0.029498,-0.495326,-0.017542,-0.000925,0.307449,0.136738,0.365881,0.098162,-0.184399,0.215018,-0.044710,-0.181540,-0.250073,-0.001607,0.164377,0.041720,-0.075349,0.081443,0.029879,-0.137452,0.075838,-0.076325,-0.342872,0.465743,-0.222814,-0.212215,-0.076178,-0.007863,0.042413,0.121939,0.076565,-0.049815,-0.165698,-0.078806,0.284732,-0.202237,0.039191,0.087159,0.052279,0.044855,-0.130187,-0.080124,0.046945,-0.041745,0.092850,0.232809,-0.029849,0.093340,-0.134393,0.265325,0.254321,0.292817,-0.132190,0.223165,0.035813,-0.097023,-0.000985,0.023283,-0.217107,0.070671,-0.303188,-0.346870,0.161307,0.167596,-0.147255,0.164677,0.056351,-0.180908,0.249277,0.340829,0.190828,0.053640,0.090510,0.122733,0.205171,0.195774,-0.755557,-0.086641,-0.365767,-0.032711,-0.029772,-0.103436,-0.341788,0.043759,-0.259404,-0.127467,-0.045403,0.222799,0.319921,0.108882,-0.172957,0.149723,-0.316050,0.109143,-0.119463,0.185465,-0.250921,-0.073040,0.753340,-0.113715,0.221281,0.643935,-0.045756,-0.076713
0.094328,0.033346,0.237942,0.091587,-0.289186,-0.208925,0.081071,0.084461,0.028995,0.275911,0.123040,-0.145630,0.094047,0.299625,0.315203,-0.144775,0.515948,-0.195732,-0.336154,-0.147174,-0.063307,0.242163,0.362679,0.025701,0.032601,-0.776012,-0.449426,0.233036,0.142981,0.087110,-0.059707,0.005618,-0.609227,0.391258,-0.210611,-0.035826,-0.100552,0.242086,0.226763,-0.134912,0.088326,-0.055264,0.049594,0.160767,-0.180272,0.038668,-0.026473,0.673864,0.041900,-0.286867,-0.102873,0.127834,0.160794,0.169104,0.026556,-0.109227,0.091158,0.008708,-0.127800,0.012386,-0.160364,-0.093996,0.051928,0.303497,0.242745,0.046497,0.169016,0.055845,0.061062,-0.188049,-0.129119,0.010145,0.479565,0.089288,0.017013,0.360611,0.117329,0.184914,0.023209,-0.021877,0.086225,-0.089698,0.167715,0.001695,-0.093684,0.001644,-0.020480,0.061489,-0.497732,-0.089310,0.065636,0.161006,0.197079,0.219400,0.203476,-0.127938,0.156705,-0.147553,-0.036840,0.026816,-0.591279,-0.166259,-0.220180,0.148696,0.091292,-0.096932,-0.202427,-0.048514,0.062033,0.206991,0.015598,0.122103,0.098185,-0.007737,-0.151450,0.292544,-0.405849,0.004761,0.030748,0.018110,-0.213976,0.330660,0.567382,0.003241,0.757288,0.231495,0.049375,0.153251
-0.086514,-0.073144,-0.126164,0.169556,-0.264685,-0.041662,0.296413,-0.072370,0.060515,0.242223,0.217482,-0.495728,0.084496,0.048706,0.273474,-0.026617,-0.101596,-0.026472,0.367518,-0.130871,0.206769,0.032506,-0.001570,0.270999,0.068913,-0.847951,-0.183884,0.174997,0.196989,0.074950,-0.513155,-0.203830,0.089872,0.029673,-0.134906,-0.019152,0.075252,0.199909,0.173625,-0.116529,-0.182003,0.086622,-0.163283,-0.014068,0.062191,0.220519,-0.020287,0.702227,0.099429,-0.009646,-0.142525,0.055539,-0.289875,-0.109419,-0.156168,0.232921,0.171306,-0.068575,-0.043011,0.124153,-0.135022,-0.375472,-0.061899,0.075006,-0.249872,-0.025667,0.099347,0.089190,0.117075,-0.186387,-0.150753,0.007920,0.851526,-0.173042,-0.097626,0.674127,0.201950,-0.017400,0.294864,0.059183,0.023308,0.103375,0.004061,0.281359,0.055311,0.094246,0.008556,-0.110507,-0.157483,-0.148462,-0.206894,0.026912,0.135262,0.034927,0.058416,0.160483,0.143318,0.051519,0.026392,-0.037662,-0.190108,-0.185865,0.347503,0.144800,0.001385,-0.354264,0.250255,0.045489,0.009682,-0.082860,-0.016465,0.225633,-0.066071,-0.145947,0.004576,0.133483,-0.374488,0.041483,0.001297,0.148960,0.015542,0.078516,0.796398,0.312784,0.591476,-0.586112,-0.191842,-0.005844
0.055850,0.013706,-0.046739,0.091599,-0.044033,0.035922,-0.458756,0.070558,-0.006697,-0.178222,0.045972,0.264084,-0.171307,-0.137576,-0.028532,-0.095834,-0.391574,0.141838,0.445263,-0.380678,0.126148,-0.042045,-0.122915,-0.169387,0.002480,-0.805721,-0.068284,0.148219,0.232272,0.073963,0.058346,-0.202775,-0.008344,0.175717,-0.091402,-0.026246,0.074864,0.165717,-0.099347,0.030591,-0.137911,0.112215,-0.240759,-0.218013,-0.086392,-0.200159,0.128443,0.479175,0.074731,-0.012439,-0.083303,0.202497,-0.318565,-0.030246,0.087566,0.084172,0.280013,0.398242,0.145596,0.153796,-0.187459,-0.322486,-0.051040,-0.007664,-0.204866,-0.179110,0.090820,0.042139,0.006176,-0.396938,-0.042362,-0.035952,0.828084,0.050794,0.096409,0.598410,-0.054380,0.186755,0.135782,0.003948,0.388615,-0.020514,0.194530,-0.094103,0.238441,-0.303317,-0.026159,0.347672,0.259666,-0.068365,0.587188,-0.099902,0.027313,0.013329,-0.425605,0.269144,0.078847,-0.326464,0.393642,0.117905,0.421959,-0.040680,0.326664,0.084829,0.108632,-0.167485,0.036809,-0.023083,-0.076708,0.056537,-0.151072,-0.118454,-0.144024,0.094465,0.191990,0.124497,-0.304119,-0.100508,0.153700,0.028446,-0.055957,0.071202,0.601426,0.231920,-0.409249,-0.504445,-0.102488,-0.033196
0.006434,-0.288058,0.115427,0.198351,0.121284,-0.048317,-0.444027,-0.088415,0.001266,-0.090064,0.038313,0.530194,0.098357,-0.061097,0.064876,-0.083615,-0.139436,0.269478,0.374956,-0.345780,0.296159,-0.089622,0.031776,0.071465,-0.129461,-0.644720,-0.092550,0.066211,0.073441,-0.033161,-0.077053,0.134819,-0.232007,-0.362286,-0.127851,-0.179869,0.117336,0.692088,-0.162271,0.105217,0.023037,0.100324,0.017715,-0.120304,0.181615,0.141030,0.192198,0.381076,0.360527,0.215802,0.003875,0.145765,0.150701,0.096467,0.043539,-0.160206,-0.023192,0.045458,-0.017143,-0.065750,-0.182841,0.059985,-0.158524,0.030622,-0.111851,-0.152280,0.251318,0.107135,-0.130510,-0.173880,-0.107456,0.126761,-0.160242,-0.148567,0.104942,0.545834,-0.014247,0.133968,0.174081,-0.268748,0.780250,-0.118799,0.289378,0.061655,0.311863,-0.092458,0.014680,0.089265,-0.094148,-0.212318,0.478083,0.087516,-0.022971,0.090129,-0.101346,-0.082309,0.201166,-0.140497,-0.015298,0.002847,0.732946,0.034867,-0.001498,0.132645,0.116952,0.565520,-0.148081,0.008770,0.015458,-0.057043,-0.042417,-0.105916,-0.181506,-0.160633,0.428825,-0.141982,-0.162956,-0.066649,-0.058564,-0.013142,-0.086367,0.063608,0.447125,0.359651,-0.731627,0.067801,-0.144616,-0.166005
0.165085,-0.186779,0.195582,0.135368,0.041374,-0.091125,-0.132574,-0.082289,0.044795,-0.241551,-0.041900,0.004082,0.081289,-0.184724,-0.216115,-0.225293,-0.030712,-0.241510,0.037448,0.175567,0.273984,-0.120323,-0.042089,0.073112,0.245323,-0.427512,-0.146992,-0.021188,0.090740,0.024791,-0.208477,0.330027,-0.201758,-0.242010,-0.089161,0.120407,-0.091397,1.171421,-0.101053,0.370060,-0.236610,0.155995,0.002590,0.338455,0.413890,-0.023921,0.179583,-0.045617,0.064049,0.260211,0.036203,0.172860,0.026835,-0.025424,0.154074,-0.366976,-0.287810,0.003129,-0.019273,-0.393675,-0.438141,0.086118,-0.048953,-0.254536,-0.164240,0.035519,0.017649,-0.008056,0.040431,0.059368,0.097367,0.113366,-0.755176,-0.028529,-0.117390,0.389533,-0.012008,0.014808,0.159174,-0.164718,0.756789,0.075990,-0.010947,0.101595,0.153882,-0.092879,0.172884,-0.163929,0.170880,-0.187935,-0.433605,0.050881,0.086847,-0.072386,0.267881,-0.040828,-0.098842,-0.185331,-0.076290,-0.089309,0.334199,-0.021624,0.060986,0.065804,-0.028733,0.939018,0.017964,0.109680,0.215182,-0.118364,0.218999,-0.189956,0.019321,-0.035781,0.111874,0.193079,-0.238832,-0.198078,0.139144,0.068842,0.116829,0.346464,0.261142,0.290693,-0.003669,0.216161,0.081042,0.229181
-0.006632,-0.153135,0.156187,0.141113,0.117787,0.077626,0.205700,0.036598,-0.055526,0.053066,0.069532,0.050660,0.140315,-0.033480,-0.447767,0.120016,0.158471,-0.770640,-0.100409,0.375804,0.139309,-0.804591,0.138768,0.112745,-0.073807,0.142463,-0.243335,0.000293,0.117912,0.131954,-0.071397,0.257996,-0.075778,0.149451,0.117688,0.077038,0.028007,1.028451,-0.148695,0.230318,-0.261039,-0.194616,0.097361,0.231143,0.159721,-0.366701,0.003112,-0.071331,0.150001,0.184296,-0.255415,0.411947,0.113001,-0.043776,0.163685,-0.098949,-0.430564,-0.160943,0.143036,-0.304121,-0.375825,-0.056932,0.078290,0.027048,-0.095029,-0.039304,-0.130578,-0.432628,-0.375865,0.024208,-0.191872,-0.077122,-0.453811,0.066265,-0.206105,-0.049344,0.091796,0.175760,0.443461,-0.025525,0.695865,0.101060,0.232793,0.051112,0.283679,-0.039416,0.092315,0.005036,0.454494,-0.166893,-0.547144,-0.317593,-0.063094,-0.067830,0.067400,-0.023355,-0.397671,0.074856,-0.045411,-0.084723,-0.297994,-0.096842,-0.099119,0.227549,-0.113246,-0.281727,-0.003902,0.121804,0.307829,0.236879,0.234043,0.024091,0.112668,-0.108124,-0.068834,-0.160347,0.169660,-0.109919,0.104152,0.061300,-0.129048,0.626863,0.279697,0.139491,0.209214,0.087426,0.037570,0.105913
-0.082056,-0.037352,-0.152369,-0.032324,-0.037906,0.021637,0.316611,0.013333,-0.034326,0.341467,0.078129,-0.163418,0.022167,0.136869,-0.238969,0.101775,0.173259,-0.443972,-0.069592,-0.012800,-0.017865,-0.412348,0.138775,-0.031661,-0.187645,0.210358,-0.354188,-0.014532,0.228625,0.045068,0.133478,0.032000,0.244227,0.283878,0.139285,0.041646,-0.274995,0.703274,-0.111651,0.157477,0.104755,-0.085017,0.020175,-0.090957,-0.527835,0.164172,0.357914,-0.405291,-0.456945,-0.055259,-0.761717,0.667467,0.224087,0.095848,-0.243587,-0.098453,0.082117,0.116144,-0.018362,-0.027695,-0.101847,0.151517,-0.028369,-0.112891,0.269418,0.016467,0.302881,-0.391342,0.035843,0.581086,-0.378648,-0.090213,0.121016,-0.045882,-0.268153,-0.189942,-0.196038,0.044877,0.457992,0.210852,0.556722,-0.010769,-0.074648,-0.078977,0.094052,0.416515,-0.040846,0.335507,0.732849,0.156832,-0.066435,0.050944,-0.067188,-0.108247,-0.008850,0.380118,-0.208513,-0.011850,0.207563,-0.105763,-0.400305,0.294970,0.018947,0.186025,-0.172031,-0.338241,0.285422,-0.062480,0.314758,0.243597,-0.120109,0.224990,-0.123884,-0.065970,0.051844,-0.006685,0.342761,-0.052136,0.341190,0.016508,-0.131571,0.420708,0.109061,0.300257,-0.038521,0.033726,0.022971,0.018005
0.145055,-0.159697,-0.119353,0.035668,-0.061414,0.147791,0.124398,0.073013,0.257297,0.015040,-0.021014,0.016521,0.105561,-0.097921,0.264413,-0.023676,-0.091645,0.289812,-0.163416,-0.056120,0.073270,0.396902,0.025233,0.086117,-0.070823,-0.067337,-0.181465,0.120445,0.384774,-0.053874,0.060789,-0.103843,-0.048911,-0.220279,0.031925,-0.080441,-0.094341,0.190573,0.001502,0.113121,0.449136,0.145721,-0.153404,-0.336579,-1.095271,0.392134,0.815123,-0.406102,0.232721,-0.046215,-0.739242,0.789584,0.191307,-0.160813,-0.196659,0.198306,0.337514,0.044113,0.075021,0.281274,0.372873,0.317005,0.152523,0.141365,0.269289,-0.010067,0.107022,-0.264087,0.095404,0.817611,0.026397,0.266929,-0.195477,0.164315,-0.104712,-0.094513,0.131160,-0.035881,0.535039,0.338615,0.206512,-0.166771,-0.193060,0.005370,0.117588,0.136618,0.065852,0.273981,0.308720,0.484219,-0.047326,0.251968,0.043849,-0.181076,0.091871,-0.267221,0.206616,-0.003787,-0.029824,0.060017,-0.245187,0.552371,-0.067586,0.088417,0.318051,-0.139186,0.186613,-0.291734,-0.201648,-0.062716,-0.639314,0.348819,-0.175867,-0.281082,-0.147937,-0.042397,0.069890,0.217662,-0.117999,0.187623,0.003537,0.345189,0.159967,0.314787,-0.009615,0.180347,0.066640,-0.186812
0.153549,-0.011749,0.319439,-0.030024,-0.224361,0.001627,0.014862,-0.043743,-0.020092,-0.068300,0.174419,-0.037930,0.041112,0.189983,0.013846,0.068100,0.077234,0.208911,0.060696,-0.161778,0.152329,0.990283,0.160713,-0.286611,0.040925,-0.005353,0.788157,0.084633,0.130545,0.054067,-0.132026,-0.188704,0.383102,0.138732,-0.142381,0.037818,-0.011248,-0.100778,0.158872,0.045515,0.079076,0.107837,-0.105364,0.043124,-0.057034,-0.293784,0.656164,-0.202747,0.530053,-0.362336,-0.623906,0.676255,0.110057,0.139962,0.048283,-0.069063,-0.046549,0.030425,-0.111113,-0.133878,0.250714,-0.044675,-0.115723,-0.023891,-0.270010,-0.074872,-0.187258,-0.238057,-0.436085,0.077423,0.090662,0.128587,-0.124692,0.007139,-0.306329,0.000703,-0.289767,-0.012001,0.467196,0.064017,-0.118592,0.086136,-0.186281,-0.099777,-0.023695,-0.116933,-0.087569,0.251612,-0.198605,0.350224,-0.110115,-0.037171,0.029667,-0.030379,-0.095223,-0.053576,0.264210,-0.181691,0.038705,-0.024055,-0.001718,0.560245,0.241703,0.237915,-0.181946,0.159253,-0.048037,-0.026368,-0.261398,0.293970,-0.470277,0.037194,-0.143151,-0.424759,-0.058627,-0.182097,0.015050,0.237820,-0.079287,0.052966,-0.061594,0.216575,-0.038156,0.245431,-0.051806,0.092932,-0.038102,0.096408
-0.084962,0.119666,0.097579,-0.108758,-0.097295,-0.046131,0.145095,0.071679,-0.034453,0.291526,0.013714,-0.056014,0.118976,0.058094,-0.230749,-0.148375,0.126363,0.035880,0.091164,0.020491,0.118180,0.660746,-0.025848,-0.115597,-0.020379,0.091035,0.654458,0.018456,0.102429,0.249351,0.004181,-0.046655,-0.235499,-0.243254,0.051166,-0.087282,0.118891,-0.290715,0.025284,-0.199598,0.568747,-0.044374,0.024338,-0.147321,0.485450,-0.636002,-0.007775,-0.090252,-0.169492,-0.026667,-0.461733,0.350290,0.032159,-0.045222,0.065043,-0.133107,0.311926,0.360057,0.049684,0.222580,0.127046,0.040897,-0.015417,-0.425472,-0.264540,-0.005015,0.027134,-0.002891,-0.217967,-0.537252,0.392679,-0.076136,-0.288129,0.085601,-0.049439,0.074323,-0.043048,0.147458,0.471245,-0.231850,-0.003871,-0.012668,-0.065871,-0.211913,0.116149,-0.023036,-0.078847,0.364381,-0.587600,0.323498,-0.186364,0.031769,-0.057576,0.061338,0.004708,-0.011381,-0.382780,-0.274268,-0.209927,-0.069993,0.194273,0.329290,0.263108,0.141936,-0.205932,-0.177530,-0.034403,0.027292,-0.070295,-0.025574,0.012845,-0.234802,-0.034205,-0.866905,-0.035970,0.138406,0.059575,0.251997,-0.071129,-0.042220,-0.044920,0.351009,-0.038814,0.343285,-0.145463,0.424550,0.078243,0.055838
0.062455,0.014424,0.033159,0.190729,0.006273,-0.094202,-0.090710,0.033007,0.092006,-0.304854,0.154724,-0.144541,0.059480,-0.140919,-0.007994,-0.047858,0.015159,-0.037216,0.188721,-0.069302,0.175151,-0.056150,-0.034943,-0.049919,-0.194890,-0.026868,0.174238,0.111457,-0.109374,-0.158219,-0.080257,-0.102373,-0.057118,0.117584,-0.041760,-0.051698,-0.105188,-0.122955,0.165941,0.016864,0.102041,-0.063115,-0.292759,-0.086086,0.418881,-0.535290,-0.637354,-0.091488,-0.848049,0.025248,-0.150895,0.162790,-0.165045,-0.160447,0.412262,-0.070174,0.114756,0.101724,0.032355,0.070939,0.081242,-0.021975,0.556329,-0.270648,0.249543,-0.087765,0.201715,0.102672,0.652594,-0.341121,0.683990,-0.045490,-0.005425,0.204372,-0.039041,-0.046468,0.099862,0.250887,0.254389,-0.227888,0.170648,0.052195,0.359003,-0.154044,0.170446,-0.019769,-0.265689,0.036076,-0.250912,0.529598,0.038758,0.022902,-0.038001,-0.144397,0.079872,-0.179414,-0.126919,-0.195341,-0.157591,-0.027354,0.237021,0.311538,-0.227614,0.064023,-0.122993,-0.107058,-0.081122,0.115553,-0.016838,-0.119563,-0.151467,-0.264316,0.124692,-1.087656,-0.023187,-0.096033,0.099851,0.393486,0.072413,-0.071398,-0.023841,0.454708,-0.198174,0.047273,-0.061344,0.327295,0.107328,-0.161897
-0.103037,0.046921,-0.011541,0.224271,0.064809,0.054843,-0.484144,0.124847,-0.005376,-0.271035,0.028127,-0.062621,-0.008210,-0.032379,-0.037329,0.027387,-0.214568,-0.276906,-0.000863,0.007721,0.127976,-0.457397,0.076437,0.040814,-0.218769,0.021582,-0.131562,-0.147259,0.081804,0.070004,0.331242,-0.107207,-0.011807,0.072400,0.031701,0.089849,0.192477,-0.138064,-0.059984,-0.078493,0.094078,-0.290438,-0.319434,-0.000756,0.081096,0.377907,-0.451872,-0.091421,0.016012,-0.325717,0.024337,0.309505,-0.183242,-0.009219,0.393317,0.073031,-0.232328,-0.212972,0.036959,-0.272567,0.003792,-0.029950,0.307965,-0.381272,0.240505,-0.039298,-0.087577,0.318280,0.755931,-0.150625,0.680233,-0.033117,0.000797,0.135073,-0.107282,0.097803,0.324592,-0.135013,0.404501,-0.304799,-0.312184,0.162899,0.331159,-0.061689,0.096261,0.003129,-0.051036,0.122286,-0.241428,0.288506,0.011095,0.083461,-0.123423,-0.129651,-0.216724,-0.089150,-0.028727,0.204510,-0.118359,0.067253,0.068916,0.115255,-0.054294,0.082180,-0.252508,-0.090613,-0.115013,0.087340,-0.073390,-0.338017,0.260673,-0.041312,0.150201,-0.957233,0.029025,0.082783,0.093771,0.329767,0.110924,0.079752,-0.101291,0.105214,-0.032012,0.391255,0.137611,0.122282,-0.170927,-0.302355
-0.230157,0.142836,-0.184978,0.031994,0.091269,0.154526,-0.441980,0.015254,-0.004864,0.071703,0.264841,-0.327071,-0.128942,-0.035838,0.180007,-0.144682,-0.340126,-0.201817,-0.403231,-0.084733,0.211247,-0.486127,-0.097943,-0.106096,0.209294,-0.014131,-0.281632,-0.228843,-0.130081,-0.021876,-0.293717,-0.091876,-0.047575,-0.223728,0.088228,0.187841,0.130609,0.097976,-0.105189,-0.024284,0.083428,-0.575268,-0.196973,0.137367,0.003936,0.605737,-0.481727,0.142867,0.679540,-0.094187,0.214789,0.105179,0.077611,-0.050038,0.060222,0.365147,-0.192131,0.143205,-0.034887,-0.108336,0.038619,0.168940,0.101686,-0.362703,0.124690,-0.064583,-0.058469,0.040577,0.111050,0.150656,0.729487,-0.059760,0.012229,0.033061,-0.314864,0.151551,0.014881,-0.265646,0.375517,-0.047715,-0.128031,0.322087,-0.195873,0.076813,0.108135,0.191576,0.004196,0.439193,0.023003,0.252450,-0.116025,0.013364,-0.059905,-0.128783,0.132847,-0.124763,0.320511,-0.166609,-0.011078,0.020569,0.080622,0.136189,-0.185294,-0.000412,-0.158177,0.005689,0.015019,0.148855,-0.193806,-0.080466,0.025149,-0.147640,0.133842,-0.680977,0.175153,0.141925,-0.134796,0.324179,-0.047783,0.080006,0.255673,-0.776546,-0.146107,0.330924,-0.011151,0.061274,-0.144194,-0.016300
0.073361,0.046443,0.025292,-0.067708,-0.056821,-0.006215,0.111884,-0.063303,0.078518,0.300742,-0.121469,-0.392533,0.149566,-0.038893,-0.065099,-0.037605,0.072059,-0.125781,-0.246982,-0.060832,0.245940,-0.447543,-0.065448,-0.042487,-0.164790,-0.076062,-0.215926,-0.040891,-0.055684,0.007169,-0.069150,-0.012282,-0.459469,-0.162216,0.008575,-0.016584,-0.057865,0.023523,-0.068507,-0.061495,0.117022,-0.237741,-0.166996,0.031082,-0.019971,0.412753,0.180983,-0.274383,0.571937,-0.089799,0.192870,-0.098989,0.281043,0.072921,0.036528,-0.324967,-0.334874,0.149768,0.081974,0.009408,0.252716,-0.054779,0.055071,-0.125881,-0.026876,-0.232768,-0.373387,-0.109796,-0.303249,-0.051608,0.385456,0.084879,0.036912,0.012345,-0.172626,-0.051465,0.104482,0.014323,0.159472,0.134694,-0.068414,0.222958,-0.106313,-0.034157,0.014566,0.161603,-0.071960,0.369210,-0.084264,0.477353,0.338129,-0.115599,0.060644,-0.108266,-0.053896,0.068020,0.198542,-0.121014,-0.106814,-0.127466,-0.006802,0.297685,-0.215985,-0.155366,0.148529,0.231444,-0.077953,-0.189286,-0.255430,0.002572,-0.048072,-0.117640,0.463826,-0.611684,-0.048848,0.131974,-0.111136,0.294972,-0.064280,-0.056160,0.047200,-0.813674,0.260393,0.165680,0.119081,-0.390308,-0.163762,-0.049219
-0.096567,-0.019577,0.116320,0.276255,-0.134492,-0.034199,0.286059,0.153806,-0.006391,0.587280,-0.040070,-0.148568,0.477126,-0.023264,0.010560,0.019559,0.348778,0.094113,-0.008147,-0.451150,-0.010033,-0.233689,-0.271120,-0.084319,-0.242562,0.066774,-0.336245,0.278177,-0.133925,-0.183192,0.023704,0.315483,-0.136026,-0.263720,-0.010940,-0.010552,0.042060,0.080245,0.058811,-0.162005,0.214537,-0.085073,-0.200505,-0.156551,-0.183935,0.192451,0.017726,-0.073124,0.075193,0.053044,0.453852,-0.124700,-0.226343,0.285358,0.141338,-0.483896,0.147859,-0.064402,0.005019,-0.131947,-0.063712,-0.103840,0.023365,0.192291,0.034509,0.000375,0.116761,0.112109,-0.249238,-0.108965,0.550524,0.023475,-0.055290,-0.285201,0.192288,-0.094560,-0.227079,0.161696,0.477430,0.135673,0.033497,0.101051,0.104207,0.097218,-0.322961,-0.000447,-0.089581,0.338654,-0.035588,-0.152637,0.185050,-0.276888,0.348194,0.092641,-0.525302,0.321810,-0.075248,0.120234,-0.240538,-0.248942,-0.179177,0.192572,0.042331,-0.166652,0.050819,0.512365,0.109591,0.185780,-0.165620,0.035707,-0.151177,0.006766,0.398077,-0.365477,-0.367254,0.238010,0.250077,0.320773,-0.113175,-0.095028,0.119011,-0.316055,-0.048758,0.114389,0.256970,-0.546432,0.113818,-0.109458
0.044751,-0.137970,-0.098140,0.098083,-0.122307,0.039916,-0.043004,0.094944,0.240665,0.099426,0.082684,0.018064,-0.090289,-0.002473,-0.122811,0.196421,0.057629,-0.064586,0.283354,-0.297099,-0.239100,0.109030,0.258923,0.068012,-0.022048,-0.045931,0.006878,-0.005208,0.289296,-0.398570,0.163546,0.513964,-0.096074,-0.136519,0.164351,0.049591,0.188945,-0.135452,-0.172549,-0.041876,-0.059297,-0.442660,0.001394,-0.136394,-0.438361,-0.160980,-0.113885,-0.147675,-0.508402,0.199851,0.499379,-0.075397,-0.164707,0.070410,0.276451,-0.275203,0.422175,0.136269,0.136208,0.019391,-0.362677,-0.147363,-0.362741,-0.038169,0.014402,0.009807,0.611020,-0.206646,-0.057356,-0.159995,0.640014,-0.014825,-0.141899,-0.427934,-0.169808,0.009807,-0.339749,0.059560,0.570366,0.228115,-0.234565,-0.044839,0.238082,-0.122093,0.014254,0.215612,0.257675,0.515249,-0.032694,-0.232753,-0.162872,0.196683,-0.123041,0.272440,0.039395,0.066614,-0.049425,-0.000789,0.062038,0.100073,-0.177113,-0.067489,0.208838,0.041888,0.253678,0.628567,0.022732,0.461374,-0.301138,-0.253676,-0.029941,-0.096925,0.249694,0.054854,0.112537,0.259531,0.197082,-0.070325,-0.151671,-0.006520,-0.042139,-0.230724,-0.023098,-0.107766,0.295205,-0.404520,0.247705,0.113218
0.176289,0.156382,-0.146817,0.126169,-0.123347,0.150447,-0.135657,-0.172315,0.388695,-0.083184,0.052671,-0.068988,-0.246266,-0.105101,-0.148730,0.195398,0.079468,0.097759,0.460876,0.123167,-0.199928,-0.059622,0.053621,0.064918,-0.124419,-0.003658,-0.160993,-0.014662,0.220585,0.219680,0.357609,0.267470,-0.057864,-0.145397,0.434171,0.342778,0.140412,0.174380,-0.000278,0.096011,0.244056,-0.179012,0.053543,-0.183763,-0.253124,0.054623,-0.075615,-0.025941,-0.368682,0.042996,0.183490,0.152439,0.221853,-0.099796,-0.227782,-0.285038,0.080054,0.419149,0.368663,-0.097430,-0.132501,-0.058898,-0.251416,-0.036080,0.037089,0.075228,-0.033534,0.140341,-0.136143,-0.097541,0.125343,-0.180710,0.081645,-0.236159,-0.191109,-0.078231,-0.119448,-0.006974,0.065094,0.232199,-0.269519,0.270967,-0.007039,-0.054927,-0.280050,0.261338,0.080468,0.277852,-0.020848,0.106779,0.093184,-0.043002,-0.120216,0.375404,0.296393,0.049054,0.135306,-0.272833,0.049580,0.010656,0.068590,-0.137337,0.222815,-0.003811,-0.114137,0.437394,0.099399,0.024390,-0.054424,0.020323,0.056713,0.144840,0.476837,0.137835,0.006429,0.247990,0.092499,-0.127077,-0.155231,0.052209,0.089084,0.202415,0.118247,-0.171734,0.224585,-0.039041,-0.152364,0.164045
0.043660,-0.078332,-0.039030,-0.037202,0.034719,-0.056662,0.025677,-0.081086,0.044390,0.156195,0.051311,-0.062557,0.110544,-0.023900,-0.169671,-0.090122,0.022745,0.029127,0.072826,0.026878,-0.179510,-0.043613,0.000617,0.162262,-0.152381,-0.036116,0.060795,-0.083435,0.022785,-0.138046,0.081801,0.007332,-0.134660,0.004332,0.070084,-0.268147,-0.001262,-0.403295,0.099675,0.210236,0.084935,0.047047,0.154784,0.047879,-0.108680,0.045777,-0.013067,-0.228503,-0.180962,0.177610,0.195455,-0.172936,0.096260,-0.037612,0.088923,0.082707,-0.235715,0.167809,0.281660,-0.090244,-0.094860,0.026641,-0.074906,0.013303,0.079657,-0.081444,0.186151,-0.188760,-0.082721,-0.009551,-0.073456,-0.152981,0.178698,0.060116,0.039349,0.248950,0.155630,0.067687,0.250237,-0.004179,0.109535,0.000338,-0.060751,-0.010263,-0.047389,-0.135924,0.174075,-0.234828,0.076618,0.136837,0.160814,0.106916,-0.062468,-0.177931,0.283487,-0.037926,0.007238,-0.099735,0.002111,0.010889,0.008213,0.053612,0.102099,-0.256707,0.020841,0.201941,0.082590,0.026796,-0.096207,-0.140299,0.091871,-0.039249,0.050040,0.028232,-0.245260,-0.066428,0.158053,0.064425,0.048281,0.011119,-0.178845,0.048602,0.056941,-0.074436,-0.055309,-0.004587,-0.031536,0.073451
0.016907,-0.007677,-0.018818,0.075700,0.009051,-0.085709,0.033968,-0.010749,-0.063563,0.061350,-0.064486,0.047526,-0.024851,0.037801,-0.033818,0.016399,-0.048827,-0.061681,-0.047801,-0.029634,-0.022513,0.044656,0.028439,0.071118,-0.076630,0.013267,0.054683,0.037142,0.023843,-0.081432,0.028726,-0.043174,-0.051389,0.068089,-0.030853,-0.059715,-0.019070,-0.059631,0.011197,0.092794,0.024850,-0.026426,0.157033,0.052737,0.070570,0.088442,0.017553,-0.081677,0.037820,-0.029590,0.103246,-0.111839,0.024447,0.015962,-0.036304,0.125166,-0.086392,0.058711,0.053324,-0.094850,-0.055273,0.040249,-0.021901,0.028398,0.072532,0.040331,0.075353,-0.081440,-0.027225,0.050273,0.077944,-0.029338,0.027495,0.072135,0.094329,0.028796,-0.011439,0.006512,0.117114,-0.003891,0.002984,-0.051343,0.025989,-0.048335,-0.055069,-0.017803,-0.007854,-0.055656,-0.040289,0.040886,0.060452,0.015849,0.026106,0.043164,0.087497,-0.023578,-0.071452,-0.052778,-0.042097,0.000280,0.024059,0.058930,0.100861,0.011344,-0.063035,-0.017842,0.046201,-0.011406,-0.025350,-0.019164,-0.042433,-0.052144,0.000346,0.063348,-0.019655,-0.040486,-0.011900,-0.063084,0.043036,-0.015728,0.001153,-0.002777,0.048525,-0.030173,-0.027801,-0.003753,-0.118411,-0.020263
0.000659,0.001459,-0.010136,0.009466,-0.000350,-0.017315,-0.010469,-0.004858,-0.016934,-0.011005,0.012696,0.005406,0.026058,-0.005863,0.009882,0.002845,-0.003278,0.006815,0.005096,0.016638,-0.013454,-0.001720,0.008932,-0.000456,-0.008955,0.005923,0.008017,0.015304,-0.010573,0.005706,0.002941,-0.002902,0.017686,-0.006788,0.020338,0.000863,0.001972,0.006006,0.002115,-0.000526,0.001340,-0.002970,0.014645,0.012446,-0.005145,-0.004910,0.000239,0.006645,-0.001735,-0.005030,0.007190,0.011278,0.004350,-0.007315,-0.009231,0.002047,-0.005840,0.004048,-0.015966,0.005407,0.000985,0.008424,-0.011747,0.009774,0.004241,0.001650,0.027038,0.006644,-0.000678,0.002439,-0.018424,-0.010617,0.012968,0.006266,0.003432,0.006719,0.021085,-0.011899,-0.002110,-0.000088,0.008033,-0.008622,0.001460,-0.004743,-0.015689,-0.005360,0.004715,0.024278,0.006949,-0.001077,0.001398,-0.013382,-0.007283,0.017785,0.005855,0.008179,0.006343,-0.008597,-0.006096,0.005334,0.005408,-0.004249,-0.009103,-0.029953,0.006741,0.013898,0.006464,0.008931,0.004995,-0.004015,0.005207,0.011540,-0.003358,-0.007269,-0.005125,0.001003,0.017627,0.020348,-0.002270,0.004141,-0.008471,0.005022,-0.000957,-0.011685,0.005976,0.003203,0.018122,-0.006774
0.064903,0.040530,-0.057126,-0.014957,0.188262,0.115703,0.076610,0.023109,-0.062459,-0.039522,0.032843,-0.115144,-0.049882,-0.012230,0.005149,-0.019197,-0.049374,0.007401,0.077634,-0.056648,0.168198,-0.031261,-0.035600,0.099415,-0.120306,-0.061235,-0.027708,-0.029825,-0.092423,0.058575,-0.018688,-0.016093,0.037101,-0.063308,-0.058433,-0.000930,0.023504,-0.024883,-0.007232,0.123891,-0.147296,-0.041105,-0.003832,-0.064456,-0.005907,-0.007458,0.018400,-0.127371,-0.020831,0.000936,-0.055435,0.099237,0.005468,-0.000748,-0.137536,0.006315,-0.110593,0.053472,0.015296,0.049620,0.099515,0.006105,-0.021837,0.097274,0.002838,0.080879,-0.062704,0.032989,0.013216,-0.105442,0.050484,0.035915,0.031642,-0.020994,-0.069662,0.095778,0.029604,0.046992,-0.013055,-0.070440,-0.107860,0.083590,-0.058014,0.024523,0.018619,-0.074242,0.014635,-0.098813,0.008907,0.006596,-0.047959,-0.028958,0.063024,0.013478,0.016482,0.016104,0.040032,-0.029019,0.085334,-0.011857,-0.026464,0.041353,0.056406,-0.032277,-0.051360,0.046223,-0.066546,-0.021531,-0.062386,0.017891,0.028042,-0.006601,0.055551,0.001418,-0.123822,0.012434,0.046762,-0.097371,-0.042656,0.062087,-0.000286,0.038108,0.009252,0.004105,0.004566,-0.022439,-0.296663,0.015914
-0.060295,0.089797,-0.141038,0.060733,0.133629,0.014022,0.273554,0.002495,-0.157394,-0.028520,0.051149,0.179898,-0.110114,0.080274,0.120730,-0.096432,-0.137323,-0.081019,-0.086276,0.022149,-0.067447,-0.033709,0.164740,-0.033738,0.092953,0.039428,0.043710,0.092287,-0.081915,-0.006947,0.083876,-0.046298,-0.069025,0.054858,-0.030109,-0.031694,-0.013403,0.074729,-0.075662,-0.035455,0.123779,0.157989,0.096775,-0.009476,0.108791,-0.000313,0.042206,-0.013876,0.025244,-0.086909,0.056176,-0.037918,0.094774,-0.015415,0.030306,0.131452,0.081772,0.006801,-0.075809,0.069968,-0.153740,0.051256,0.030980,0.086433,-0.001837,0.121064,0.183697,-0.133933,0.014657,-0.094969,0.176105,-0.024454,0.044996,-0.007851,0.069755,-0.041894,-0.050247,0.074724,0.017371,-0.008376,-0.035880,-0.002595,0.006754,0.045423,-0.089406,-0.008753,-0.035372,0.071299,0.038281,0.164201,-0.070175,-0.043807,0.057895,0.266934,0.034737,0.123062,-0.095182,-0.006758,0.142544,-0.049223,-0.055605,0.080665,0.081456,-0.023836,-0.201663,0.097259,-0.011441,-0.008674,0.122741,0.003416,-0.064447,-0.045807,-0.042677,0.058493,-0.024103,0.143724,0.019849,-0.163697,-0.037732,0.040446,0.016620,-0.101885,0.008412,0.009679,0.058492,0.007490,-0.148179,-0.062485
0.002947,0.140649,-0.002227,-0.070107,-0.335324,0.138653,0.453614,0.019556,-0.286653,-0.268157,-0.121084,0.114515,0.017100,-0.139398,0.107016,0.191500,0.037431,-0.025714,-0.100682,0.031447,-0.105780,-0.179806,0.191475,0.162250,0.175912,0.288748,-0.130635,0.220234,-0.016047,0.313030,0.249204,-0.092598,0.003693,0.019525,0.088657,0.239772,0.150755,-0.005881,0.031648,-0.101185,0.152283,0.164621,0.016700,-0.002774,0.019798,-0.133702,-0.216229,-0.000324,0.145482,0.090111,0.098227,0.210817,-0.114868,0.017043,-0.035682,0.007682,0.050601,-0.087081,-0.249208,0.295711,-0.178905,0.102878,-0.080710,0.084510,-0.004085,0.080704,-0.017406,-0.105806,0.098120,-0.002179,-0.041284,-0.238655,-0.120183,0.147184,0.028056,0.247601,-0.013872,0.016731,-0.226344,-0.021050,-0.093743,-0.090125,0.051239,0.109031,-0.326868,0.055614,-0.249966,0.126217,0.042287,0.077012,-0.255603,-0.260665,-0.031033,0.164990,0.031250,0.061237,-0.000190,-0.025395,0.058919,0.030436,0.076368,-0.044768,0.182121,-0.025660,-0.172160,0.273868,-0.029045,0.299364,0.023146,-0.035146,-0.073585,0.098379,-0.081238,-0.047956,0.068993,0.174387,0.299425,0.091055,-0.182278,-0.003192,0.230522,-0.164195,0.109238,0.067054,0.219537,-0.121495,-0.109459,-0.042395
-0.122335,0.023161,0.123712,-0.248705,-0.309404,0.125442,0.243543,0.153369,-0.355526,-0.211590,-0.172101,0.070382,0.246441,0.311122,-0.084498,-0.121250,0.075045,0.193307,-0.476923,-0.028615,0.180937,0.141883,0.069612,0.202580,0.088691,0.520180,-0.188840,-0.099437,0.091432,-0.073642,-0.003802,-0.044249,-0.223548,-0.151624,0.096025,-0.134837,0.121433,-0.107958,0.178487,-0.267774,0.145454,0.260446,-0.232461,0.030151,-0.117872,-0.166730,-0.337035,0.173536,0.162356,-0.039074,0.012347,0.014444,-0.244516,0.181012,0.300402,0.032778,-0.092252,0.018303,0.174873,-0.084832,-0.256473,0.179923,0.087615,-0.082263,0.015935,-0.034300,0.101894,-0.116770,0.068218,0.459418,-0.185174,0.105163,-0.076093,-0.096379,-0.180384,0.319009,-0.206666,0.047002,-0.032041,-0.011577,-0.002271,0.067852,0.151664,-0.019668,-0.474532,0.117011,0.059155,-0.069796,0.145987,0.028638,-0.000122,-0.172347,0.040501,0.335401,-0.134164,-0.172205,0.014541,0.054900,-0.031841,-0.004549,0.175928,0.130015,-0.074009,-0.065117,-0.125606,0.146576,-0.194737,0.055583,-0.138548,-0.153956,0.320680,-0.225495,0.101726,-0.040657,-0.443392,0.118444,0.034413,-0.107054,-0.109798,0.261179,-0.108151,0.007306,0.239037,0.036957,0.018388,-0.440634,0.085157,-0.098468
-0.133725,-0.026427,-0.159039,0.068711,0.088038,-0.110427,0.274796,0.124409,-0.040050,-0.130780,0.189256,-0.001945,0.199261,0.104856,0.047744,-0.354138,0.024707,-0.061790,-0.302332,-0.215156,0.106779,0.155830,0.110798,-0.056183,-0.235245,0.594580,-0.120806,-0.147443,0.088589,-0.090573,0.054707,0.186880,0.022277,-0.128963,-0.132997,0.003579,-0.104439,0.031371,0.220750,-0.114924,-0.020067,-0.150090,-0.264045,0.292450,0.013273,-0.009905,-0.480239,0.133868,0.364490,-0.278936,-0.102642,0.253509,-0.182500,0.162491,0.473723,0.012754,0.005190,0.250170,0.043002,-0.155528,-0.194317,0.245628,0.015908,0.412462,0.299667,0.139824,0.096738,0.080816,-0.123449,0.415772,-0.088407,0.094314,-0.026858,0.057428,-0.014493,0.440276,-0.113130,-0.103920,0.008909,-0.112574,0.041474,0.038045,0.231798,-0.033806,-0.113892,0.336033,0.106137,-0.177276,-0.137198,-0.133085,0.013407,0.066929,-0.091203,0.303280,-0.070748,-0.019126,-0.259513,-0.113372,0.032719,-0.097854,0.083853,0.258290,0.002746,-0.052623,0.108560,-0.224445,0.105546,0.045602,0.012481,0.185250,0.062989,0.064572,-0.096259,0.210978,-0.383365,0.231422,0.057422,-0.010239,0.071099,0.244713,-0.190896,-0.192895,0.234699,-0.417188,-0.399160,-0.400320,-0.042406,0.125746
0.076520,0.051638,-0.080162,0.055578,-0.055013,0.069321,-0.164701,0.006908,0.203969,0.369148,0.310132,-0.134845,0.238552,-0.090715,0.316363,-0.246936,-0.162354,0.071003,-0.160145,0.080693,0.008912,0.137189,0.336286,-0.215808,-0.244098,0.532110,-0.085126,-0.037285,0.160425,-0.295989,0.078326,0.001755,0.165870,0.022757,-0.177528,0.130006,-0.151773,0.355007,0.360610,-0.297251,0.138170,0.202013,-0.043735,0.505940,-0.108642,-0.075803,-0.055083,0.255113,-0.002227,-0.060650,0.088818,0.000302,-0.085791,0.195752,0.104134,-0.120662,-0.258314,0.563609,-0.106369,0.039756,-0.167629,0.123794,0.252253,0.257937,0.359273,-0.036312,-0.067595,-0.331806,-0.213272,-0.145179,0.058845,-0.153701,-0.205225,0.071278,0.055126,0.324916,-0.042373,-0.172837,-0.401681,0.084273,-0.237528,0.065899,0.180877,-0.048140,-0.214571,-0.069406,-0.208836,0.044811,0.290329,-0.052491,-0.092061,0.060760,0.017909,-0.083257,0.273997,0.115032,-0.334117,0.029867,-0.144070,0.010231,-0.285308,-0.116120,-0.334507,-0.024524,0.276969,-0.188660,0.021251,0.012286,0.156012,-0.043121,0.032865,-0.049501,0.190258,0.073307,-0.070955,-0.060563,-0.380226,0.233220,-0.078832,-0.193595,-0.023755,0.075602,0.361588,-0.119002,-0.644533,0.167431,0.026956,0.047151
0.012116,0.052531,-0.066382,-0.148226,-0.087297,-0.072800,-0.049343,0.070538,-0.042125,0.605729,0.441534,0.026642,0.106989,-0.005268,0.240551,-0.145229,-0.179502,0.163548,0.075964,0.035363,0.204117,-0.090739,-0.230474,0.031275,-0.101833,0.302096,-0.034669,-0.427286,0.227721,-0.098564,0.616184,0.116760,0.259927,0.249294,-0.087055,-0.129101,0.033460,0.091864,0.142148,-0.098791,0.120098,-0.305942,-0.056601,-0.147604,-0.130669,-0.213475,0.017344,0.427903,-0.275577,-0.413565,-0.109365,-0.004646,-0.045815,-0.049359,-0.041214,-0.289421,-0.037653,-0.111996,0.038337,-0.152671,-0.200916,0.181915,-0.059165,-0.087340,0.143313,0.076888,0.235683,-0.104490,-0.099482,-0.294214,-0.161437,0.178057,-0.326324,0.262260,0.102283,0.278850,0.011684,-0.044494,-0.027672,0.052418,-0.037116,-0.133585,-0.406946,-0.164094,-0.319485,-0.233206,-0.136242,-0.069944,0.388195,0.056856,0.182433,0.326145,0.164212,-0.026204,-0.038665,0.246136,-0.205149,-0.339515,0.095805,0.244012,-0.472668,-0.171989,-0.232467,-0.118492,0.341775,-0.082241,-0.141238,-0.184447,0.027950,-0.208943,0.114581,0.115844,0.031866,0.068707,0.013889,0.552416,-0.517337,0.325686,0.103446,-0.010096,-0.069904,-0.026870,0.266729,0.135573,-0.086974,0.287371,-0.058487,0.149730
0.111605,0.062984,0.030714,-0.323086,-0.034488,0.186956,-0.053529,0.125975,-0.090128,-0.196026,0.375948,-0.257190,0.057881,0.028431,0.163259,0.094835,0.154974,0.125728,-0.337536,-0.042509,0.299007,0.064832,-0.193651,-0.021737,0.086363,0.492912,-0.024041,-0.336514,0.266987,0.030666,0.379484,0.169710,-0.275481,0.288379,0.220664,-0.029771,0.053318,0.100730,0.078233,-0.014672,0.315086,0.175314,-0.051605,-0.238807,-0.093405,0.030658,0.004463,0.451978,-0.220865,-0.213817,-0.048867,-0.066707,0.283421,-0.036890,0.026017,0.052062,-0.092694,-0.088887,0.042631,0.125158,-0.047660,-0.276910,0.108758,-0.028618,0.104416,-0.043375,0.020627,0.171900,-0.014459,-0.231357,0.001040,0.066336,-0.181659,0.036942,0.176293,0.658282,-0.164029,0.149161,-0.145972,0.046736,0.114647,-0.031116,-0.068865,-0.096225,-0.265620,-0.418954,-0.099279,0.158235,0.182514,-0.009739,0.193390,0.167680,0.124600,-0.028628,0.219547,-0.019008,0.138044,-0.103688,0.088283,0.173928,-0.628365,-0.097955,0.141954,-0.004359,0.205686,0.077603,-0.182370,-0.195922,-0.309575,-0.184831,0.143295,0.173301,0.061612,0.025610,0.193076,-0.263291,-0.418186,0.223619,-0.334409,-0.262654,-0.117378,-0.168545,0.368393,0.073190,0.360654,0.788720,-0.216474,0.031580
0.143350,-0.016057,0.322190,-0.232296,-0.065355,-0.252366,-0.141355,0.073556,0.161746,0.025127,0.423564,-0.440337,0.022681,0.162558,0.223165,0.079542,0.476398,-0.284562,-0.414620,-0.204146,0.054421,-0.009808,-0.113350,0.058153,0.005103,0.213207,0.063063,-0.223654,0.227645,0.144460,-0.156020,0.094198,-0.288688,0.366909,-0.209815,0.020077,-0.045998,0.009747,0.077226,-0.162127,-0.012147,0.000526,-0.044467,0.238486,-0.023041,-0.058259,0.184636,0.117377,-0.109078,-0.353094,0.005222,0.006009,0.073414,0.144384,0.098196,0.264316,-0.061248,-0.092267,-0.143819,0.112451,-0.165678,-0.023678,0.085532,0.293581,0.014892,0.035220,0.168835,0.260978,-0.071076,-0.600352,0.120370,-0.056571,0.591405,0.018998,0.103302,0.583524,-0.086511,0.006314,-0.067976,0.075316,0.454035,-0.211814,-0.217673,-0.151157,-0.083131,0.335327,0.130380,-0.034087,-0.158955,-0.110675,-0.501562,0.098029,0.213065,0.148695,-0.108519,-0.055409,0.170668,-0.242768,-0.040964,0.057794,-0.162527,0.005710,0.363873,0.134675,0.260975,0.243872,-0.002847,0.238946,-0.088892,0.315959,-0.134039,0.061131,-0.149703,0.096821,-0.022215,-0.020033,-0.457829,0.010269,-0.220800,-0.108106,-0.183296,-0.154831,0.318396,-0.108623,0.661330,0.642229,-0.211702,0.045529
-0.088431,0.086457,0.044209,-0.215124,-0.056086,0.031319,-0.123477,-0.093532,0.154796,-0.092727,0.447267,-0.581787,0.083131,-0.161431,0.003914,0.160564,-0.201855,-0.241004,-0.357911,-0.229938,0.183934,-0.360148,-0.042663,-0.147686,0.041255,0.153771,0.286139,-0.088411,0.422343,0.102395,-0.066328,-0.191387,0.225495,0.374804,-0.139012,0.041219,-0.067358,0.168504,0.061878,-0.036064,-0.041922,-0.063442,-0.142339,0.065662,0.024765,0.017310,0.385628,-0.026280,-0.076281,0.048397,-0.058438,-0.486016,0.211995,0.004209,0.048374,0.065958,0.522228,-0.057027,-0.156430,0.218719,-0.129812,-0.129011,0.244675,0.187026,-0.261421,-0.148301,-0.168932,0.208159,-0.149267,-0.350634,-0.240391,-0.155859,1.135861,0.077063,-0.156410,0.500799,0.001114,0.018041,0.125745,-0.087664,0.379492,0.145971,-0.136998,0.136360,-0.128833,0.013643,0.118202,-0.062473,-0.066097,-0.087050,-0.662534,-0.081293,0.003561,0.078700,-0.176803,0.026221,-0.016833,0.325450,-0.115129,0.016408,0.612777,0.196999,0.533907,0.112968,-0.017581,-0.194408,0.208939,0.017139,-0.133301,0.047480,-0.213280,0.431642,-0.029195,-0.097085,0.162916,-0.043029,-0.488308,0.160968,-0.170415,-0.171837,-0.004509,-0.019076,0.514219,-0.112976,0.301489,-0.370732,-0.059049,-0.051458
0.136976,0.045956,0.109769,0.034118,-0.022453,0.168124,-0.056403,0.243117,0.169799,-0.419958,0.198647,0.471851,0.095262,-0.059179,-0.110668,0.290434,-0.228928,-0.014918,0.099204,-0.452418,0.179797,-0.160191,0.393253,0.124305,-0.331015,-0.123969,0.330552,-0.149748,0.526657,0.025456,0.129797,-0.461951,-0.030266,-0.173271,-0.030585,-0.250348,0.020703,0.262297,-0.440712,0.033904,0.090338,0.018315,0.033657,-0.041588,-0.128998,-0.105038,0.098976,-0.354703,-0.129109,0.338820,-0.099331,-0.161784,0.064811,0.007394,0.015568,-0.031183,0.476867,0.073454,-0.073154,0.125198,-0.023259,0.159903,-0.149361,0.094709,-0.076005,-0.013494,0.092061,0.128278,-0.073831,-0.405191,-0.135015,0.338295,1.041511,0.125304,0.040964,0.407311,0.260178,0.169045,0.145652,-0.402429,0.479628,0.128147,0.303890,-0.000867,0.191996,-0.347057,-0.165551,0.282243,0.205644,-0.095968,0.547473,0.162619,0.040203,0.176927,-0.036333,0.156860,0.219079,0.137005,0.066444,0.039301,0.822624,0.139348,-0.364943,0.041276,-0.146981,-0.188622,-0.066640,0.193588,-0.043396,0.017982,0.089812,0.134879,0.061302,0.115700,-0.017664,-0.058965,-0.551929,0.092606,-0.039701,-0.177718,-0.095125,-0.064334,0.521115,-0.090306,-0.449432,-0.258435,-0.135960,-0.300048
-0.045328,-0.012456,0.391613,-0.084395,0.039653,-0.149350,-0.038597,0.251727,0.104658,-0.692169,0.124924,0.714201,0.051610,-0.023646,0.163533,0.119059,-0.303155,0.221669,0.218851,-0.159649,0.204116,-0.388613,-0.084370,0.039457,-0.267045,-0.053521,0.299287,-0.055720,-0.022115,0.338186,-0.408548,-0.290769,-0.391804,-0.348772,0.063751,0.255908,-0.150710,0.434263,-0.162378,0.221809,0.317612,0.198668,-0.083011,-0.410455,-0.263499,0.112775,-0.146005,-0.496478,0.044155,0.292017,-0.165364,-0.224720,0.208988,0.028502,0.134582,-0.519765,0.184826,0.195808,-0.188844,-0.011432,-0.132314,0.073051,-0.032330,-0.222964,0.059084,0.066427,0.125911,0.093115,-0.212723,0.146095,-0.158344,-0.003097,-0.470874,-0.197682,0.253783,0.283321,0.117448,0.122837,0.188784,-0.316284,0.377727,-0.011956,0.032617,-0.005667,0.161410,-0.150053,-0.073330,-0.117372,-0.468621,-0.166782,0.930700,0.140541,-0.047850,0.295651,0.246343,0.067350,0.259264,0.238279,0.207846,0.019532,0.307532,0.063102,-0.345301,0.180072,0.127240,0.652416,-0.100175,0.065650,0.031645,-0.011645,0.023638,0.023831,-0.010496,-0.023737,0.499584,0.291178,-0.622344,0.013092,-0.063089,0.186263,0.014761,-0.180344,0.374305,-0.151072,-0.397612,-0.105572,-0.059196,-0.198588
-0.052661,-0.137578,0.143251,0.168643,0.113052,0.100887,-0.041649,-0.016389,0.070675,-0.359893,-0.040750,0.077227,-0.031762,-0.031896,-0.006137,-0.095618,-0.250177,-0.489770,-0.099825,0.376770,0.265667,-0.383193,0.104996,-0.046837,0.091473,-0.191147,0.445037,-0.029447,-0.457501,0.025293,-0.193901,0.170913,-0.238020,-0.195081,0.066690,0.146647,0.004600,0.395394,0.025897,0.292023,0.242795,0.334050,0.171621,0.261991,0.116074,-0.125132,-0.276039,-0.483545,0.220221,0.356921,-0.342077,-0.337997,-0.186016,0.080799,0.065456,-0.272584,0.005974,-0.004681,-0.052447,-0.210676,-0.123900,-0.307600,-0.142262,-0.056146,-0.282317,-0.091094,0.083093,0.031526,-0.150343,0.212157,-0.243681,-0.093690,-0.947441,0.035323,-0.030291,0.344352,0.373539,0.021947,0.561261,0.049308,0.207391,-0.022807,-0.157612,0.049902,0.148454,-0.337017,-0.315589,-0.076365,0.007921,-0.314519,-0.433401,0.130332,-0.003584,0.311211,0.190722,-0.046185,0.218991,0.013294,-0.115193,-0.374534,-0.723910,0.099848,-0.031747,0.037756,0.106469,0.710498,0.141725,0.118920,0.269992,-0.002968,0.081965,-0.332107,0.114692,0.182384,0.052467,0.078418,-0.743714,0.058933,0.039474,-0.110041,0.203997,0.287327,0.436636,-0.067784,0.141966,-0.140476,0.116818,-0.078795
-0.324859,-0.078758,-0.005692,0.002057,0.123532,-0.148984,0.082756,-0.023824,-0.183542,-0.150276,-0.046900,0.103740,-0.074907,-0.036791,-0.430436,0.268656,0.036414,-0.385673,-0.163301,-0.001835,-0.000331,-0.700330,0.157477,0.113238,0.055713,0.040516,0.123160,-0.092794,-0.259321,0.204942,0.064341,0.561848,-0.191558,-0.381412,0.064727,-0.107256,-0.011128,-0.044534,0.151460,0.490231,-0.062844,-0.148356,0.026414,0.169477,-0.045454,-0.352688,-0.483529,-0.178306,-0.210009,-0.241799,-0.646207,-0.451864,-0.020459,0.057992,0.118171,0.201212,-0.278297,-0.061495,0.175967,-0.076342,-0.080792,-0.051455,-0.059054,-0.094434,-0.135923,0.022835,-0.001931,-0.029975,-0.381118,0.363146,-0.087052,-0.154610,-0.403719,-0.131232,-0.082440,0.414867,0.346280,0.193425,0.522488,0.147966,0.121111,0.087890,-0.149544,0.004591,0.508778,0.278885,-0.189005,0.118964,0.437339,-0.549070,-0.523278,-0.111162,-0.128439,0.206944,-0.146650,0.026398,0.288126,0.064788,-0.169060,-0.362228,-0.509646,0.070127,0.491635,0.053391,0.244160,-0.436772,0.171687,0.170453,0.530967,0.211618,0.042687,0.193099,-0.111933,-0.220692,0.144074,-0.186455,-0.275919,0.107008,-0.097911,-0.174363,0.000263,0.583849,0.253278,0.243034,0.067242,-0.065949,0.003944,0.003209
0.167699,-0.047625,0.145475,0.014796,0.083084,0.059012,0.253495,-0.038859,-0.126718,-0.246484,-0.045893,0.058562,-0.116847,-0.055093,-0.319361,0.239467,0.025721,0.041844,-0.390533,-0.159748,-0.104232,-0.045510,-0.001226,-0.095115,-0.098357,-0.005622,-0.482209,0.031699,-0.079737,0.348698,0.140814,-0.082208,0.462762,0.008403,0.074591,0.205871,-0.330170,-0.242627,0.204354,0.312242,0.188592,-0.040683,-0.180087,-0.180765,-0.689682,0.349614,0.015629,0.017147,-0.507646,-0.482106,-0.678287,-0.694839,0.265795,0.125083,-0.138347,0.272686,-0.443784,0.069796,-0.113223,-0.029208,-0.164192,0.157973,0.152652,-0.135768,-0.394346,-0.043247,-0.003808,-0.523204,0.247640,0.489289,0.041308,-0.096105,-0.131515,0.115849,-0.147212,0.212459,-0.065146,-0.088050,0.431748,0.413555,-0.089709,0.091581,0.055340,0.039864,0.544872,-0.030381,-0.086216,0.589802,0.353068,0.096044,-0.237037,-0.218295,-0.099822,0.128492,0.008877,0.233451,-0.179805,0.250649,0.178036,0.072878,0.230103,0.022277,0.083965,0.073511,0.029895,-0.459306,-0.217860,-0.057696,0.639054,-0.015327,-0.337950,0.179345,0.032795,-0.004527,0.149974,-0.137065,0.055496,0.426906,0.140764,-0.039514,-0.026748,0.391892,0.172450,0.320746,-0.248887,-0.093376,0.065916,-0.097200
0.455335,-0.024677,0.194233,0.161615,0.085977,0.196134,-0.011604,0.191915,-0.166947,-0.516332,-0.023039,0.138950,0.044061,-0.138060,0.040300,-0.017319,-0.019364,0.252848,-0.112214,-0.151005,-0.052030,0.978197,-0.093550,0.074376,-0.115901,-0.060817,-0.538708,-0.046461,0.414601,-0.076458,-0.143066,-0.317374,0.461770,0.303675,0.202472,0.066459,0.016725,-0.408325,0.074427,0.132837,0.242197,-0.303212,-0.231253,-0.352717,-0.686491,0.412308,0.477550,0.099948,0.305047,-0.166707,-0.660477,-0.266307,0.295688,0.099401,0.198349,0.283576,0.004152,0.036611,-0.167986,0.081865,0.000793,0.145413,-0.101292,-0.088847,-0.014250,-0.032808,0.020255,-0.315364,-0.187770,0.406636,0.112701,-0.098853,-0.143241,0.182871,-0.149705,0.419994,-0.006182,0.009790,0.440597,0.027199,-0.097192,0.017931,0.106322,0.053638,0.286715,-0.156497,-0.134381,0.215476,0.094353,0.379395,-0.303251,0.108490,0.139982,0.212107,0.211125,-0.105098,-0.178201,-0.010066,0.161302,0.285918,0.188245,-0.207496,-0.187886,0.069867,-0.093248,0.038253,0.088568,-0.102733,0.606253,-0.125181,-0.445005,0.041841,0.394299,-0.083609,-0.116056,-0.036861,0.296090,0.514772,0.019898,0.078054,0.100773,0.269774,0.128153,0.171033,-0.038457,-0.004724,0.039444,0.234284
0.209381,-0.075698,-0.019697,-0.152425,-0.303356,-0.068770,0.167356,0.068712,-0.098344,-0.198211,-0.094975,-0.039749,0.086694,0.015582,0.026321,0.204171,0.060705,-0.008294,0.120323,0.068322,0.050313,0.952060,-0.109368,-0.102822,-0.257885,0.018991,0.024845,0.016683,0.046409,-0.249676,-0.079408,-0.097736,0.073410,0.086614,0.136727,0.170028,-0.004474,-0.234551,0.078389,-0.041975,0.526864,-0.302245,0.114394,0.048088,0.171451,-0.174860,0.758789,0.027389,0.369747,0.212566,-0.536446,-0.162122,0.068444,0.131828,0.212579,-0.223985,-0.135051,0.026329,0.162733,-0.366571,-0.138927,-0.228075,-0.282498,0.221540,-0.251526,-0.090827,0.049345,0.238204,-0.635577,-0.057273,0.286413,-0.206684,-0.035047,-0.060491,-0.128130,0.164639,-0.168848,-0.070874,0.107337,-0.453616,-0.061010,0.123784,-0.030152,-0.139539,0.211608,0.031175,-0.277540,0.283562,-0.569271,0.462252,-0.403025,0.072443,-0.074891,0.188912,0.215555,-0.140761,-0.073491,-0.121790,-0.103909,-0.006368,-0.183729,-0.135677,0.024405,-0.048774,-0.076661,0.217226,0.492576,-0.092456,0.252862,0.153630,-0.319565,-0.055805,0.674278,-0.069509,-0.223745,0.126323,0.223949,0.520449,-0.003002,0.130874,-0.325007,0.224907,0.123032,0.176396,-0.129570,0.018184,0.042804,0.250816
-0.280343,-0.026209,-0.041133,-0.196177,-0.253648,-0.108411,0.642578,0.015607,0.069895,0.143088,0.063914,0.024639,-0.144378,0.205976,-0.169800,0.172387,-0.058725,0.061182,0.088554,-0.001398,0.215448,0.283215,0.003796,0.059402,-0.055297,-0.061754,0.771064,-0.222034,-0.192000,0.273149,-0.002016,-0.217787,0.038751,-0.150826,0.033267,0.161208,-0.093591,-0.230627,0.089724,-0.417870,0.455462,-0.644087,-0.004790,0.024782,0.910635,-0.647752,0.593476,0.138463,-0.665776,0.087588,-0.454737,-0.128390,0.045819,0.117644,0.281360,-0.127791,-0.149178,0.361250,-0.125264,0.105365,-0.281269,-0.129198,-0.278077,-0.094311,-0.005468,-0.133369,0.050007,-0.057174,0.302199,-0.376782,0.462208,-0.270878,-0.131128,-0.037652,0.012934,0.088921,-0.188722,0.193565,0.256016,-0.488315,-0.088739,-0.063750,-0.092466,0.031540,0.236171,0.075737,-0.005945,0.108565,-0.270372,0.546276,0.006227,-0.094775,-0.133446,0.080816,0.258012,-0.116985,0.031660,-0.236930,0.000393,-0.136117,-0.095587,-0.146905,0.220089,-0.011699,-0.199640,-0.166881,-0.020953,-0.122451,0.101247,-0.057331,-0.062416,-0.011476,0.578660,-0.064118,-0.100158,0.200332,0.100142,0.517286,0.047509,0.141776,0.018116,0.000837,-0.049881,0.032993,-0.001179,-0.197045,-0.136544,0.003173
-0.214080,-0.026347,-0.068630,0.158411,-0.018205,-0.236894,0.050172,0.144548,-0.131275,-0.141155,0.132715,-0.140412,0.017675,0.173433,0.095535,0.036729,0.142169,0.208251,-0.089184,-0.097426,0.167117,-0.345983,-0.100212,-0.201270,-0.094795,-0.083138,0.707143,0.049629,-0.198937,0.099898,0.049597,-0.045299,0.006593,-0.042378,-0.042811,0.112283,-0.197329,0.039658,-0.018663,-0.133380,0.150925,-0.490583,0.037732,0.225216,0.113377,-0.635113,-0.177688,-0.174933,-0.151799,0.098258,-0.191704,-0.164908,-0.417133,-0.029545,0.267030,0.026633,-0.116375,0.189006,0.072627,-0.098332,-0.282680,-0.103990,0.650464,-0.048113,0.249609,-0.163286,0.023829,0.109715,1.349118,-0.055146,0.511673,0.009870,0.043921,0.145361,-0.007523,0.072118,-0.112829,0.154293,-0.141361,-0.355384,0.139361,-0.278806,-0.082232,0.020649,-0.016489,0.108804,0.051488,0.069043,-0.171799,0.263022,0.120605,0.044045,0.002374,-0.061547,0.130713,-0.160270,0.138782,-0.109978,-0.192539,-0.055161,0.025671,-0.134539,0.138189,-0.139954,-0.193747,0.049045,-0.139780,-0.067792,-0.150239,0.013332,-0.188427,-0.011743,0.661132,-0.064339,0.020504,-0.036132,0.331697,0.535979,-0.115508,-0.092435,-0.059289,0.631481,-0.112731,0.155557,-0.024661,-0.284418,-0.096048,-0.096973
-0.042159,0.075528,-0.175545,0.151379,0.009471,0.053282,-0.517544,0.102779,-0.200576,-0.139683,0.077538,-0.250717,-0.077225,0.090014,-0.001831,-0.004674,-0.107860,-0.086962,-0.325980,-0.077905,0.171752,-0.165701,0.368739,-0.171123,-0.139679,0.103837,0.434222,-0.052956,-0.002388,0.087247,0.087954,-0.014595,0.071373,0.152478,-0.050234,0.137613,0.093233,0.175480,-0.190953,-0.047870,0.162190,-0.577116,-0.129371,0.268425,0.070970,0.664813,-0.348290,-0.034989,0.459124,0.157860,0.184943,-0.115513,-0.143105,-0.055755,0.296430,-0.117514,-0.264092,-0.019967,-0.084390,-0.037353,-0.081619,-0.167599,0.515799,-0.152291,0.167205,-0.064765,-0.094695,0.039773,0.927331,-0.094007,0.455651,-0.159808,0.046757,0.037253,-0.084843,0.061988,0.512527,-0.081940,0.075767,-0.033115,0.114293,-0.298796,0.135557,-0.041533,-0.099008,0.103615,0.146453,0.165408,-0.159670,0.123491,0.161310,0.401075,0.046411,-0.069255,0.028701,-0.067089,0.063528,0.073407,-0.024727,0.243211,0.008467,-0.011263,0.030271,-0.193898,0.115900,0.261718,-0.050587,-0.008227,0.093287,-0.184254,0.344561,0.006960,0.671521,-0.029860,0.092701,0.210692,0.158851,0.450409,0.042593,0.052406,0.055376,0.576660,-0.032243,0.108704,0.194951,-0.408249,-0.011208,-0.068123
-0.144228,-0.007034,-0.164934,0.203749,0.115538,0.260421,-0.662842,0.265772,0.000236,0.155961,-0.084545,-0.304078,-0.230039,0.001991,0.130090,-0.170390,-0.123365,-0.116635,-0.265793,-0.091598,0.293658,-0.258512,-0.048983,-0.082990,0.322177,0.137597,-0.233487,-0.247497,-0.168953,-0.071720,-0.144377,0.040384,0.043192,-0.080844,-0.106820,0.088975,-0.016792,0.115282,-0.240027,-0.095071,-0.165072,-0.569591,0.132215,-0.204310,0.089394,0.775385,-0.472612,-0.083104,0.579251,0.119479,0.153299,0.225402,0.274688,0.085981,0.117589,0.242231,-0.162147,0.051386,0.113741,0.168119,-0.099224,-0.350236,0.244225,-0.198701,0.208777,-0.105164,-0.096227,0.293253,-0.206348,-0.005843,0.546548,-0.100772,0.087580,-0.052774,-0.471561,0.041867,0.098212,0.180762,0.159811,0.157736,-0.161246,0.020729,-0.142486,0.105745,-0.111730,0.119822,0.160187,0.293873,-0.239823,0.307292,0.090078,0.019295,0.049948,0.198550,0.166553,0.050280,0.292329,-0.191092,0.207509,-0.162884,-0.027033,-0.013747,-0.229896,-0.092657,0.047379,0.158810,0.130355,-0.123753,0.004197,0.080474,0.005231,0.038335,0.529887,0.199285,0.076450,-0.179676,-0.120668,0.175832,0.124813,0.099061,-0.016409,0.195512,-0.032193,0.018822,-0.047079,-0.472260,-0.206762,0.183082
0.310417,0.082285,0.031798,-0.150988,-0.097871,0.073350,0.021109,0.078744,0.089779,0.116414,-0.150880,-0.239341,0.137157,-0.463818,0.036397,0.052145,0.281377,-0.006629,0.085419,0.048622,0.185735,-0.606217,0.009846,-0.145996,0.061180,0.065098,-0.126134,0.222706,-0.223719,-0.145385,0.083658,-0.138359,-0.256151,0.169644,-0.022510,-0.031146,-0.181633,-0.176055,0.070051,-0.147540,-0.081248,0.042342,0.473447,0.038931,-0.035005,0.182950,-0.142331,-0.232617,0.114557,0.106527,-0.040298,0.116407,-0.020030,0.095772,0.055737,-0.045447,-0.324949,-0.191075,0.170025,0.277970,-0.064648,-0.277404,0.273077,-0.460097,0.191633,0.051976,-0.101307,-0.092496,-0.686073,-0.164620,0.301156,0.008418,0.045407,-0.018398,-0.228881,0.020818,0.029830,0.233271,0.127740,0.341034,0.022475,-0.208066,-0.088466,-0.129333,-0.169710,0.059145,-0.146182,0.165065,-0.016437,0.618478,0.257787,0.068821,-0.192101,0.005309,0.087524,0.142635,0.149047,0.063347,0.142618,-0.100218,0.203667,-0.465088,-0.469351,0.027738,0.084488,0.252826,0.048593,-0.030779,0.194666,0.074469,-0.150918,-0.060086,0.711210,0.122372,0.187506,-0.277944,0.156222,0.323493,-0.022854,-0.023338,-0.311615,-0.755575,0.161203,0.082843,-0.043242,-0.379255,-0.231946,-0.068248
0.377428,0.034002,0.132894,0.022625,0.042871,-0.147413,0.226009,-0.054773,-0.079908,0.284465,0.120593,-0.105309,0.376164,-0.159516,0.035181,0.177616,-0.079850,0.004823,-0.072799,-0.252122,0.170204,0.032088,-0.179573,-0.242943,-0.369449,0.114867,-0.008861,0.382513,-0.083341,-0.246107,-0.161366,0.164231,-0.059137,-0.057211,-0.233082,-0.174292,-0.003808,-0.064265,-0.045923,-0.254272,0.091920,0.015941,0.307420,0.109956,-0.061603,0.201008,0.008651,-0.063181,-0.115668,-0.162677,0.103741,-0.111039,-0.137574,-0.026304,0.118729,-0.263185,0.036244,0.071893,0.015962,-0.069261,0.054461,-0.076313,0.246094,-0.011069,-0.399768,-0.172537,0.051650,-0.021949,-0.197995,0.084514,0.306029,0.239731,-0.247367,-0.103614,0.118992,0.031259,-0.090516,-0.056403,0.463005,0.139863,0.222924,-0.267329,-0.123326,-0.071377,-0.323710,0.148103,-0.079699,-0.085388,-0.003570,0.044074,0.125370,-0.018384,0.315111,-0.327860,-0.320989,0.286687,-0.050945,0.236430,-0.056517,-0.008977,0.141133,-0.281798,-0.459748,-0.021486,-0.018877,0.233844,-0.046862,0.156810,-0.139603,0.017296,0.166654,-0.042385,0.419991,0.270307,0.039076,-0.204929,0.296872,0.414749,-0.178708,-0.127706,-0.216642,-0.586269,0.064219,-0.082884,0.049387,-0.515977,-0.108105,-0.211573
0.279374,-0.111948,0.065273,-0.022868,0.158777,0.212148,-0.125706,0.020434,-0.061458,-0.285900,-0.264715,-0.369121,-0.016118,-0.089537,0.047436,-0.058316,0.033364,0.131311,0.569483,0.012408,-0.121285,0.062821,0.243563,0.212384,0.069392,0.003167,-0.112008,-0.197017,0.247269,-0.527742,0.159770,0.360372,0.068707,-0.151186,-0.099486,0.140303,0.352752,0.014728,-0.006526,-0.078858,-0.083668,0.007000,-0.068410,-0.398179,-0.302377,-0.141007,-0.037378,0.024497,-0.495694,0.092981,-0.093462,0.090297,-0.055300,0.127765,0.157491,-0.588566,0.303676,-0.072691,-0.129718,-0.183628,0.236433,-0.290914,-0.352598,-0.092728,0.201139,-0.081254,-0.015341,0.088339,-0.097940,0.045792,0.557568,0.070300,-0.214501,0.145752,-0.161093,-0.194497,-0.015717,-0.072678,0.397293,0.134020,-0.249601,-0.170393,0.073443,0.028232,-0.103152,0.299225,0.037945,0.008708,-0.096852,-0.211294,-0.168082,0.379155,0.143951,0.019881,-0.087502,0.120726,-0.112773,-0.110231,-0.134500,0.208345,-0.001471,0.067321,-0.084989,-0.045107,0.015386,0.125753,0.056681,0.331589,-0.481362,-0.028572,0.102655,-0.034651,0.241440,0.677776,0.325082,-0.023786,-0.099195,0.213852,0.187949,-0.061066,-0.084954,0.062667,0.124966,-0.011026,0.005727,-0.196792,-0.123239,0.036192
0.064243,-0.000079,-0.108307,0.189725,-0.275156,-0.025183,-0.138324,-0.206607,0.114730,-0.255076,-0.135177,-0.049412,-0.126999,0.043322,-0.101003,0.164319,-0.029476,-0.028599,0.105569,-0.052559,0.086337,-0.004571,0.079719,0.128988,0.183969,0.096758,-0.310112,0.062986,0.145442,-0.013001,0.072556,0.119524,-0.129438,0.168678,0.073983,0.259685,0.166106,-0.082397,-0.144264,-0.097579,0.439807,0.303120,-0.002138,-0.188186,-0.033688,0.042153,-0.156814,-0.089601,-0.089817,-0.002065,0.270624,0.247105,0.108884,-0.035683,-0.099894,-0.160777,0.100867,0.173655,0.246584,-0.139170,-0.151182,-0.057438,-0.384741,-0.160620,0.058533,0.089337,0.198133,-0.130755,-0.124110,0.019476,0.280840,-0.077236,-0.077773,-0.074341,0.081320,0.213671,-0.244092,-0.070971,0.150743,0.166805,-0.198909,-0.040543,0.181450,0.024310,-0.429252,0.344921,-0.035703,0.349612,0.072712,0.151018,-0.035736,0.028817,-0.218658,0.096403,0.251564,0.172939,0.038602,-0.027298,-0.027890,0.089645,0.125262,-0.293771,-0.076327,0.185961,-0.272863,0.168216,0.035397,0.166368,-0.137769,0.013701,-0.098276,0.055992,0.474245,0.529529,0.216475,0.221171,0.112344,-0.291200,0.032457,-0.033921,-0.127793,0.217210,0.020109,0.105591,0.053934,0.091862,-0.072937,-0.069107
0.098333,0.027911,-0.005393,0.062598,-0.126564,-0.039692,-0.028558,-0.143813,0.146095,0.026008,-0.014519,-0.136539,-0.140284,0.025841,0.047856,0.259674,-0.077312,-0.012421,-0.091607,-0.067207,-0.146069,0.001130,-0.162286,-0.033719,-0.014123,0.031660,0.013192,0.137992,-0.149502,0.116726,0.044884,-0.012076,-0.133940,-0.063889,-0.102796,0.158408,0.002064,0.097625,-0.084518,0.109968,-0.188590,0.152003,0.043837,-0.039104,0.005018,-0.234880,-0.021999,-0.000004,-0.089981,0.036213,0.275949,0.050395,0.071517,-0.201247,-0.192477,0.052065,-0.146917,0.035085,0.125407,0.048892,0.135749,0.074535,-0.038834,0.178732,-0.125937,0.117487,-0.096872,0.034753,0.015769,-0.048213,-0.259530,-0.127520,0.069624,-0.065458,0.061270,0.361254,-0.141329,-0.152029,-0.004071,0.007056,-0.112207,0.072263,-0.008480,0.104134,0.068315,0.130633,-0.008423,-0.039439,0.095525,0.014435,0.061995,-0.253173,-0.038569,-0.169601,0.223473,0.001313,0.139668,-0.060809,0.053273,0.072359,-0.075398,0.030096,-0.023047,0.035148,-0.210079,0.106016,-0.076377,0.102615,-0.119295,-0.114199,0.041661,0.001152,0.128581,0.098578,0.131391,-0.121273,0.214326,0.537327,-0.085564,0.208851,-0.113486,-0.010121,0.042785,0.012756,-0.114612,-0.012877,-0.182579,-0.146048
-0.000395,0.062880,-0.000172,0.019939,0.165061,0.147300,0.198238,0.068980,0.142797,0.057910,-0.086992,-0.004668,-0.064724,-0.056454,-0.097735,-0.091929,0.045745,0.108082,-0.069562,0.044790,-0.271391,-0.116202,-0.074260,-0.100568,-0.037702,-0.144594,-0.028216,-0.084848,0.005218,0.142408,0.076936,0.076846,-0.043311,-0.107980,-0.014456,-0.059755,-0.032606,0.027871,-0.130468,0.101761,0.061158,0.012953,-0.236104,0.033179,-0.137934,-0.029427,0.005004,0.058136,-0.108115,0.035647,0.008064,0.139296,0.017582,-0.191860,-0.030116,-0.030924,0.085537,0.082231,0.112445,0.109224,0.091590,-0.076472,0.033822,-0.052798,-0.155573,-0.001658,-0.121166,-0.023022,0.110301,-0.128850,-0.120184,0.040482,0.042587,-0.115276,0.106963,0.248129,0.122060,0.042949,-0.114485,-0.017635,-0.045287,0.100704,-0.091921,0.047653,0.185886,-0.075009,0.156076,-0.220310,0.063210,0.009019,-0.076902,-0.049254,0.063543,-0.070272,-0.138645,-0.008872,0.010487,-0.153907,0.213613,-0.016748,-0.098144,-0.018346,0.028491,-0.178375,-0.016938,0.082110,0.081230,-0.035943,-0.084863,0.032238,0.148462,-0.128852,0.039748,-0.040480,-0.036335,-0.016564,0.138762,0.397471,-0.028138,0.098107,-0.133858,-0.038860,0.024006,0.048804,0.000708,-0.016952,0.043247,0.123937
0.000346,0.001321,-0.012740,0.010482,-0.000309,-0.021071,-0.011352,-0.006275,-0.019095,-0.011754,0.013881,0.006734,0.028273,-0.006075,0.010469,0.002339,-0.003872,0.009001,0.005076,0.019013,-0.014856,-0.002782,0.010092,-0.002856,-0.009313,0.005663,0.009706,0.017789,-0.010872,0.007439,0.001467,-0.002813,0.019696,-0.005437,0.023333,0.000476,0.002880,0.007337,0.002392,-0.001371,0.003513,-0.004048,0.016279,0.013007,-0.005339,-0.006744,0.000529,0.007980,-0.002229,-0.005590,0.007342,0.012771,0.005769,-0.008200,-0.011542,0.002494,-0.004906,0.005002,-0.017663,0.006294,-0.000528,0.008683,-0.011928,0.010762,0.004261,0.001069,0.030447,0.007515,-0.000848,0.003374,-0.018943,-0.011293,0.013333,0.006330,0.003369,0.006683,0.023264,-0.013713,-0.003057,0.000549,0.008730,-0.009370,0.001084,-0.004541,-0.015450,-0.005993,0.006259,0.027608,0.009422,-0.001428,0.000394,-0.015667,-0.008812,0.024482,0.006176,0.009080,0.007721,-0.008404,-0.007117,0.006575,0.006701,-0.005001,-0.012028,-0.032442,0.006603,0.015162,0.006051,0.009645,0.003393,-0.004316,0.006533,0.011313,-0.004081,-0.007818,-0.005928,-0.000009,0.019935,0.022235,-0.003751,0.005274,-0.010437,0.005030,-0.000270,-0.013807,0.006943,0.004932,0.022355,-0.007973
0.044320,-0.002319,-0.017320,-0.001878,0.091790,0.043465,0.036160,0.012689,-0.009457,-0.021687,-0.008880,-0.038329,-0.013583,-0.006688,-0.009168,-0.019849,-0.006510,0.003907,0.035783,0.006947,0.092309,-0.003061,-0.016013,0.048215,-0.056828,-0.010095,0.003603,-0.016854,-0.013856,0.025776,-0.003448,0.003029,0.036636,-0.032286,-0.018761,-0.030089,0.014248,-0.029742,-0.006930,0.010434,-0.056887,0.011736,-0.024467,-0.025013,-0.000466,0.009198,0.011694,-0.067951,-0.003997,0.016063,-0.026542,0.045513,0.001205,-0.003465,0.029991,-0.015189,-0.051605,0.003302,0.029022,0.035170,0.049566,-0.004431,-0.014311,0.023432,0.006210,0.002624,-0.022197,0.001473,0.004012,-0.032336,-0.000771,-0.001073,0.012459,-0.001710,-0.026864,0.049193,0.033154,0.009412,0.006151,-0.030979,-0.052481,0.030071,-0.020896,0.003056,0.017699,-0.014304,0.027088,-0.024885,-0.006505,-0.008803,-0.009531,-0.008862,0.005361,-0.018899,-0.004729,-0.001887,0.023126,-0.011634,0.034678,-0.002862,-0.010271,0.006436,0.042284,-0.057290,0.008829,0.021151,-0.033427,-0.003193,-0.043981,0.002340,0.008284,-0.019171,0.026675,-0.002440,-0.049979,-0.004243,0.025354,-0.073204,-0.019455,0.023619,-0.018737,0.023340,0.039358,0.013923,0.008462,-0.011692,-0.079394,0.033093
-0.196516,0.097522,0.017000,0.149281,-0.001860,-0.141280,0.003659,0.020747,0.006454,-0.122071,-0.068395,-0.025999,0.151090,-0.040416,0.271098,0.013198,-0.132370,-0.115289,0.014226,0.156124,0.071321,0.027796,0.041830,-0.091245,0.145633,0.171918,-0.051178,0.135061,-0.098562,0.043039,-0.170334,-0.039626,-0.015088,-0.015861,0.011008,-0.059724,-0.130258,0.024056,-0.013398,-0.546841,0.035457,0.053409,0.107860,-0.153982,0.085585,0.026177,-0.045907,0.050955,-0.063060,-0.065940,0.029017,0.011000,0.047342,0.115014,0.205234,0.150184,0.202618,-0.080766,-0.070542,0.108265,0.031756,0.141149,-0.075320,0.189240,-0.026846,0.022858,0.094435,-0.008633,-0.054495,0.004462,0.001317,-0.011393,-0.028652,-0.067114,-0.018575,-0.095040,0.011107,0.066365,-0.180647,0.035028,0.157395,-0.055764,0.044877,0.097195,-0.102985,0.081054,0.023567,0.188877,0.048317,-0.027420,-0.002707,-0.053468,-0.056878,0.442094,0.114698,0.141327,-0.095426,0.035805,0.073893,-0.004463,-0.070973,0.131383,-0.210126,0.181545,-0.080539,0.017257,-0.000582,0.034012,0.099404,0.157205,-0.069666,-0.004605,0.164987,-0.012805,-0.082338,-0.110928,0.031268,-0.266000,0.016605,-0.048808,-0.084290,0.169278,-0.012569,0.107437,-0.085965,0.112852,0.172128,-0.084672
0.075065,0.197035,-0.032895,-0.092851,-0.028397,-0.042487,0.165617,-0.175174,0.059553,-0.145019,-0.217524,-0.016863,-0.147176,0.099315,0.039268,0.144246,-0.186873,-0.141763,-0.073888,-0.008222,0.181005,0.150918,0.164584,-0.042429,0.056135,0.039887,0.060529,-0.006968,0.160602,0.258831,0.112572,-0.048976,0.078091,-0.204495,0.243179,0.261879,-0.032608,-0.100576,0.301469,-0.361057,-0.030375,-0.111806,0.090958,-0.150625,0.084404,-0.082303,-0.126238,-0.059405,-0.120460,0.098665,-0.008821,0.155327,-0.049316,-0.021408,-0.015656,-0.088533,-0.121456,0.165415,-0.100442,-0.054994,0.193169,0.134109,-0.136606,0.126422,0.002700,-0.078414,-0.153296,-0.082284,-0.009594,0.129435,-0.019230,0.018788,-0.035377,0.008959,-0.398698,0.132888,0.100072,-0.224257,-0.416262,0.080550,0.353831,-0.135765,0.003717,0.104583,0.206936,0.120159,-0.044629,0.281713,0.020791,0.091876,-0.061708,0.038404,-0.169271,0.181884,-0.093188,-0.110671,0.255592,-0.141908,-0.074322,0.136498,-0.104018,0.150318,-0.008200,0.075974,0.160652,0.231670,-0.094130,0.042234,0.200217,0.066975,0.057491,0.001066,-0.038240,-0.050853,-0.028481,0.190189,0.095569,-0.185736,-0.137266,0.075803,0.187781,-0.290373,-0.069994,-0.280063,0.167697,0.003093,-0.082789,0.051969
-0.108425,0.048174,0.205824,-0.310009,-0.116479,-0.010714,-0.085273,-0.251028,-0.088308,0.014197,-0.601556,-0.010952,-0.142418,0.266611,-0.077371,-0.042898,0.331478,0.139160,-0.235988,0.089277,0.108822,0.069160,0.354398,-0.090065,0.115513,0.340562,-0.024588,0.164375,0.325651,0.033452,0.014426,0.035345,-0.062259,-0.245221,0.232597,-0.168560,0.145232,-0.162568,0.325842,-0.369035,0.254924,0.119965,0.044105,0.123634,-0.315340,-0.058609,-0.436630,0.149997,0.172188,-0.039172,-0.041654,-0.071811,-0.211013,0.107595,0.013486,0.111244,0.046130,-0.180167,0.232644,-0.243147,0.064106,0.350902,-0.143958,0.034517,-0.095846,-0.182292,0.038889,-0.099037,0.086008,0.053760,-0.215855,0.253716,-0.270344,0.170662,-0.064730,0.569099,-0.200244,-0.168398,0.006095,-0.012701,0.263349,0.043654,0.207208,0.011081,0.105954,-0.001495,-0.000733,0.136043,0.007299,0.007439,0.005316,0.035787,-0.069170,0.049340,0.184258,0.010878,0.232683,-0.034765,-0.314002,0.056798,0.112558,0.126818,-0.297382,0.027192,0.218569,-0.014305,0.118153,-0.016187,0.070819,0.165208,0.347326,-0.309317,0.141284,-0.076005,-0.390388,0.048948,0.233881,-0.180925,-0.115081,0.255183,0.036184,-0.289354,-0.057106,0.119864,-0.106294,-0.388547,-0.121907,0.040991
0.084574,-0.087479,-0.337280,-0.288965,0.022848,0.031964,-0.019708,-0.023087,-0.058770,-0.321964,-0.176534,0.116858,-0.027954,0.411779,0.246234,-0.113212,0.175817,0.053601,-0.207984,-0.179134,0.134351,-0.249056,0.011637,0.124176,-0.290951,0.872975,-0.016124,0.208901,0.163743,0.394685,0.122540,0.231769,-0.036093,0.012351,-0.090775,-0.153807,0.077263,-0.037892,0.109068,0.092739,-0.018764,0.012388,-0.328870,0.242516,-0.124289,-0.035664,-0.540411,0.239215,0.310553,0.004788,-0.371369,0.419735,-0.083305,-0.085172,0.112688,-0.346049,0.043951,0.135912,-0.157064,-0.057474,0.059152,0.083623,0.192430,0.384418,-0.303031,-0.120004,0.355908,-0.026344,0.046753,-0.303707,-0.088151,0.139008,-0.222865,-0.122360,-0.007749,0.341742,-0.062406,-0.189519,0.057837,-0.217683,-0.110371,0.064557,-0.161683,-0.041172,0.046028,0.246497,0.001330,0.001122,-0.198205,-0.048436,-0.175899,-0.069413,0.125429,-0.011139,-0.111780,-0.090228,-0.153626,0.364052,0.188566,-0.181872,0.011397,-0.088002,-0.207540,-0.176814,0.712905,-0.139370,0.107515,0.166092,0.182101,-0.008990,-0.128042,0.066974,-0.184319,-0.049383,-0.163924,0.337768,0.228979,0.052169,-0.195335,0.364182,0.084140,0.033914,-0.011502,-0.571078,-0.295270,-0.497735,0.036131,-0.046598
0.094799,0.134733,-0.383235,0.133599,0.171669,-0.021426,-0.032550,-0.143084,0.020388,0.032212,0.066577,-0.111769,0.051036,0.176906,0.082696,0.041363,0.001801,0.062863,0.067541,-0.174626,-0.249263,-0.187688,0.337204,-0.060594,-0.350630,0.809252,-0.054288,0.005641,0.339321,0.041675,0.115934,0.052976,-0.384893,0.294795,-0.055275,0.119938,0.128590,0.102113,0.218543,-0.041440,0.147127,-0.063513,-0.226973,0.259451,-0.306036,0.048657,0.043512,0.413035,0.189219,-0.324364,-0.120033,0.178507,-0.228346,-0.086769,0.133184,-0.181384,0.143971,0.295235,0.053428,0.086639,0.091072,0.185672,0.088893,0.371283,0.072338,0.363194,0.187035,-0.043334,0.008929,-0.492227,-0.023545,-0.151978,-0.479708,-0.265897,0.035415,0.357045,-0.050696,-0.162634,-0.089149,-0.091908,-0.106417,0.121979,0.233821,-0.034011,0.056235,-0.159673,0.067855,-0.112370,0.049336,-0.073679,0.045025,0.222678,0.118334,0.104407,0.535020,0.143619,-0.234149,0.008825,0.016792,-0.010813,-0.265272,0.079623,0.138332,-0.001872,0.257991,-0.217470,0.353549,-0.065458,0.117589,-0.089227,-0.020711,0.351143,0.055309,0.007463,-0.135589,0.193523,-0.369678,0.121845,-0.072645,-0.271559,-0.217318,-0.107355,-0.265395,0.137026,-0.614149,-0.210333,-0.013461,-0.162138
-0.189643,-0.027488,-0.383709,0.085236,-0.042555,-0.121715,-0.098850,-0.132588,-0.273402,-0.016215,0.100535,-0.231134,-0.211944,-0.064035,-0.115487,0.069185,-0.208223,-0.030921,0.260797,-0.185709,0.274556,-0.105508,-0.139586,-0.170505,0.056683,0.835149,-0.009831,-0.502243,0.410172,-0.011997,0.566298,0.158922,0.331696,0.175807,-0.297627,0.040203,0.267594,0.090579,-0.153196,0.031015,-0.026214,-0.070939,0.016138,-0.189157,-0.122728,-0.064105,0.361050,0.228150,-0.095340,-0.278371,-0.062659,0.093939,-0.085496,-0.191442,-0.018159,-0.222248,-0.143065,-0.107257,-0.013753,0.121542,-0.161260,-0.072295,0.018754,0.034279,-0.295646,-0.024168,-0.048713,-0.002790,-0.195828,-0.365518,-0.219305,-0.021510,-0.280755,0.260904,0.090781,0.193627,-0.276164,-0.033044,0.076986,-0.167081,0.091607,0.034643,-0.168909,-0.004599,0.018463,0.176817,-0.047339,0.008638,-0.005083,0.119402,0.693775,0.097106,-0.008720,0.066923,0.182286,0.249352,-0.208867,-0.259449,0.167033,0.265333,-0.573461,0.223739,0.114903,0.027114,0.081614,-0.089339,0.020461,0.089749,-0.019903,-0.112088,-0.000288,-0.027194,-0.041033,0.123778,0.036096,-0.016289,-0.541010,0.213910,0.153721,-0.255203,-0.127248,-0.107064,-0.255208,-0.097310,0.006604,0.052955,-0.058258,0.179514
-0.030654,-0.072799,-0.094534,-0.250485,-0.065723,-0.168603,-0.085802,0.234657,-0.012424,-0.201751,-0.056421,-0.046977,-0.032428,0.074368,0.077374,0.186677,0.199575,0.276089,-0.034809,-0.093245,0.148709,-0.153685,-0.134695,0.038653,0.053029,0.837828,-0.017563,-0.381854,0.478788,0.091760,0.403649,0.154288,-0.356802,-0.295464,0.018643,-0.091183,0.120535,-0.112268,0.004465,-0.052121,0.184741,-0.088489,0.047722,-0.338954,-0.302427,0.049527,0.381934,0.053539,-0.382465,0.139435,0.043322,-0.046559,0.165388,0.017847,-0.036495,0.256650,-0.613926,-0.293222,0.138889,0.075087,-0.100736,-0.325801,0.089839,0.238188,-0.020202,-0.048821,0.012148,0.076922,-0.072052,-0.533779,0.080519,0.053051,-0.158517,0.195147,0.163698,0.568934,0.070000,-0.012952,-0.032011,0.006134,0.148563,-0.118743,-0.054131,-0.170021,0.096009,-0.194887,0.105499,0.014232,0.036703,0.137266,0.412867,-0.048210,0.268316,-0.040244,-0.232261,0.180318,0.178707,-0.069797,-0.126219,0.167627,-0.202522,0.030170,0.148848,-0.035365,0.261795,0.013292,-0.083958,0.004773,-0.056625,0.140050,0.073276,0.027268,-0.052046,-0.044596,-0.047982,-0.411222,-0.560303,0.068461,0.078026,-0.096349,0.001506,0.031591,-0.319118,-0.217800,0.520483,0.723268,-0.324368,0.043774
0.076915,-0.037438,0.219645,-0.152905,0.000131,-0.056499,-0.013120,0.022621,0.042363,0.005554,0.260016,-0.369128,-0.109942,-0.069744,0.180555,-0.011117,0.298300,-0.019838,-0.404739,-0.095612,0.202539,-0.275962,-0.029331,-0.093794,-0.196496,1.065099,0.076031,-0.266200,0.426662,0.040815,-0.242849,0.627869,-0.112389,-0.024528,-0.036718,-0.047228,-0.052336,-0.189861,-0.042231,-0.180865,0.266545,0.087818,-0.007641,0.180377,-0.233673,0.088089,0.188999,-0.206515,0.111971,-0.035856,0.063564,-0.073519,0.192685,0.258687,0.002619,0.449310,-0.173744,-0.245698,0.013257,-0.001176,-0.045250,-0.268919,-0.004248,0.072583,-0.059972,-0.043669,0.161804,0.199462,-0.238976,-0.347894,0.147878,-0.060767,0.419360,-0.201674,0.229876,0.253417,0.101332,-0.128236,0.128448,0.005035,0.269204,-0.141810,-0.052636,-0.277414,-0.020637,-0.030288,0.298228,0.029480,-0.156172,-0.117459,-0.457717,-0.134747,0.087557,0.133436,-0.201692,0.043006,0.019192,-0.037083,-0.226644,0.178213,0.381439,0.168082,0.220296,0.138580,0.180390,0.063057,0.132555,0.241442,-0.091658,0.072214,-0.161787,-0.305194,-0.004326,0.324986,0.274783,-0.145690,-0.593733,0.039191,-0.057875,0.026079,0.106153,-0.120328,-0.228979,0.036044,0.485968,0.653233,-0.074680,-0.047862
0.028620,-0.046739,-0.156004,-0.023809,0.056381,0.183846,0.127924,-0.102777,-0.064823,0.136057,0.376859,-0.331695,0.016984,-0.290521,0.004798,0.141709,-0.141490,-0.109207,-0.076647,-0.044886,0.313205,-0.257685,-0.039590,0.042816,0.036087,0.716096,-0.012208,-0.149090,0.547730,-0.094943,-0.198337,0.256223,0.280364,-0.248864,0.130499,0.208919,-0.055007,-0.124844,-0.074674,-0.077157,0.056573,0.286215,0.253536,0.282517,0.055177,0.178625,0.071862,-0.408926,-0.028214,0.229314,0.226248,0.060453,0.191007,-0.023537,-0.098386,-0.076565,0.635442,-0.266722,0.016548,-0.028365,0.088801,0.061652,-0.004409,0.197842,-0.168348,0.105444,-0.026364,0.296388,-0.049084,0.017008,0.055786,0.020250,1.044468,-0.000528,0.050546,0.273307,-0.193056,0.033372,0.363166,-0.151693,0.094584,0.253070,-0.082025,-0.002016,-0.018019,0.011137,0.135550,0.121916,-0.099169,-0.174559,-1.088332,-0.224782,-0.234143,0.288241,-0.359051,-0.141652,0.124671,-0.029844,-0.146348,0.274581,0.766956,0.052988,-0.176586,0.154643,-0.152348,-0.256312,0.023824,0.038179,0.344766,-0.048366,-0.398996,-0.373762,0.264370,0.051639,0.135322,-0.108088,-0.534651,0.100991,0.016799,-0.244848,0.056706,0.186052,-0.290687,0.091286,0.195656,-0.137074,0.131649,-0.054900
0.080384,0.028116,0.100012,-0.006059,-0.107265,-0.155785,0.220977,-0.062502,-0.198344,0.142133,0.358709,0.465236,-0.003474,-0.065206,-0.068914,0.139214,-0.162998,0.011890,-0.021365,0.052405,0.336118,-0.190941,0.347161,0.170130,-0.007812,0.509216,0.141102,-0.180825,0.243854,0.101502,-0.051555,-0.585322,0.198188,-0.285361,0.042348,0.166766,0.084160,-0.256322,0.084321,0.298714,0.353955,0.264259,-0.001807,-0.036981,-0.166603,0.008358,-0.055585,-0.607783,-0.111909,0.496999,0.098892,0.017386,-0.009017,0.027365,-0.005349,-0.728225,0.536179,-0.055725,-0.106059,0.092553,0.004512,0.207662,0.138135,0.041000,0.186469,0.256083,-0.194399,0.095322,-0.060362,0.046011,0.096216,0.152851,0.953156,0.125912,-0.089660,0.364762,-0.152288,0.213600,0.282991,-0.146719,0.010059,0.053498,-0.067613,0.164809,0.171605,0.029934,-0.005285,-0.004585,-0.018508,-0.308310,0.155310,-0.088387,0.219118,0.113110,0.398211,-0.033670,0.192643,0.049755,0.128785,0.335494,0.319306,-0.160202,-0.326979,0.109816,-0.116905,-0.055741,-0.164441,-0.178310,0.112432,0.187446,-0.183142,-0.321549,-0.122534,0.003184,0.378658,-0.079485,-0.419970,0.207384,0.086362,-0.108675,0.186561,0.043672,-0.338415,-0.109969,-0.580434,-0.230939,0.297968,-0.004317
0.080230,0.112572,0.271727,0.031105,0.004152,-0.203315,0.142487,0.080571,0.120498,0.077587,0.312703,0.528087,0.184674,0.055828,0.189647,0.092359,-0.026294,-0.283520,0.114100,0.251865,0.409594,-0.365973,-0.053488,-0.060647,-0.306013,0.261743,0.296500,-0.072745,-0.237182,0.448258,-0.114186,-0.959990,0.011768,-0.179410,-0.132309,0.167224,0.021682,-0.343799,0.104506,0.216020,0.482135,0.080617,-0.186297,-0.130725,-0.135830,-0.095835,-0.081121,-0.783180,0.000220,0.129796,0.245862,0.045611,0.108242,0.112047,0.178845,-0.433660,0.297228,0.050148,-0.277241,-0.177880,-0.036756,0.087381,0.140395,-0.003509,-0.042650,0.100987,-0.343856,-0.334345,-0.250894,0.293589,0.129631,0.025282,-0.074504,0.278588,-0.130876,0.166981,0.367661,0.033773,0.126479,0.121477,-0.098012,0.243342,0.106531,-0.067188,0.180778,-0.072953,-0.100480,-0.155292,-0.009481,-0.405386,0.730969,-0.137779,0.147584,0.053930,0.120514,-0.213068,0.175557,0.109460,0.093767,0.152136,-0.620817,-0.308619,0.060608,0.082317,0.114940,0.735757,0.120259,0.260417,0.036786,0.316925,-0.134367,-0.310814,-0.059264,0.194489,0.258163,-0.061051,-0.560783,0.242665,0.043462,-0.006012,0.202755,-0.085627,-0.279610,-0.047094,-0.180042,-0.011903,0.299255,-0.030915
-0.089738,0.171217,-0.128944,0.009074,0.039900,-0.189001,-0.093455,0.112605,-0.021639,-0.102108,0.317304,0.237375,-0.035862,0.288509,0.081368,-0.030582,-0.070674,-0.517502,0.169927,0.165305,0.499574,-0.262577,-0.057750,-0.081263,-0.339818,-0.023023,0.159929,-0.077442,-0.472013,-0.094693,-0.229772,-0.413857,-0.070133,0.054996,-0.317855,-0.069566,0.176993,-0.588268,-0.031877,0.253025,0.378323,0.139757,-0.243641,-0.025242,-0.095874,-0.241818,-0.123471,-0.279599,0.191850,-0.422568,0.498499,-0.092205,-0.148191,0.084302,0.041997,0.215573,0.472530,0.171095,-0.043152,-0.067341,0.059709,-0.181139,-0.339372,-0.159609,0.179030,0.226578,-0.165686,0.081857,-0.199935,0.249834,0.042297,0.137033,-0.689545,0.076513,-0.070520,0.588857,0.305005,-0.032999,0.255089,0.322709,-0.223584,-0.101692,0.001096,-0.027786,0.132631,0.243347,-0.442082,0.115669,0.266363,-0.625196,-0.224337,0.200069,0.162385,0.322259,0.046721,-0.054491,0.435132,-0.121893,-0.190885,-0.706075,-0.467726,-0.157450,0.158659,-0.208814,-0.112947,0.435155,0.188925,-0.062584,0.528392,0.011632,0.112795,-0.096223,-0.057134,0.167477,-0.081820,-0.060880,-0.435541,0.232490,-0.057846,-0.032400,0.073351,0.232983,-0.244987,0.076342,0.401136,-0.252473,0.051568,-0.061591
0.108926,-0.053784,-0.148745,0.295467,-0.079181,-0.214893,0.466250,-0.067800,0.137684,0.013576,0.089331,-0.138749,0.050732,-0.044326,-0.066185,0.046145,-0.147847,0.018716,0.229006,-0.067860,0.091600,-0.096834,-0.057701,-0.081042,0.078271,-0.259117,0.101132,-0.060792,-0.525795,0.082238,-0.016190,0.693078,-0.105278,-0.018847,-0.373942,0.011709,-0.038531,-0.796956,-0.109814,0.535997,-0.217533,0.123929,-0.006018,0.241510,-0.065290,-0.150522,-0.250284,0.058956,-0.320262,-0.493049,0.500768,-0.596523,0.279064,-0.166599,-0.074815,0.372763,0.361729,-0.135884,0.085079,-0.029029,0.454780,0.000350,0.034867,-0.184927,-0.232400,-0.024626,-0.270995,-0.074162,0.153897,0.153817,0.146499,0.142880,-0.404964,-0.305075,-0.404302,0.447151,-0.040851,-0.109394,0.145225,0.303960,-0.032890,-0.056866,0.023735,0.097568,0.060174,0.370551,0.008140,0.438842,0.319500,-0.679519,0.023400,0.054542,0.064809,0.525911,-0.078436,-0.059484,0.481312,0.202855,-0.028991,-0.657718,0.022275,-0.133378,0.104846,0.116457,0.182387,-0.381550,-0.082280,0.024825,0.750601,0.204624,-0.259196,0.270612,0.079332,-0.014416,-0.134827,-0.067581,-0.375507,0.455957,-0.167702,0.016744,-0.188739,0.295127,-0.150072,0.295620,-0.119603,0.033383,-0.076824,0.027043
0.539217,-0.030218,0.175653,0.369206,0.152620,0.018937,0.234100,-0.176979,-0.155233,-0.142433,0.198695,0.064282,-0.032339,-0.251769,-0.167235,0.156923,0.158994,-0.027572,0.264765,-0.082805,-0.198369,0.415896,0.083015,-0.066787,-0.276629,-0.028042,-0.382134,0.096614,-0.366401,0.760534,0.209367,0.322065,0.514212,0.315936,-0.217085,-0.052951,-0.003449,-0.413218,0.487046,0.463066,-0.160406,-0.220675,0.039897,-0.155845,-0.460613,0.255659,-0.074397,0.036519,-0.418823,-0.256419,0.331876,-0.729886,0.050866,0.119823,0.085656,0.428035,-0.283782,-0.516369,-0.106248,0.094691,0.415307,0.353735,0.243011,-0.192799,-0.250677,-0.053861,-0.155810,-0.294232,0.104904,0.278956,0.272164,-0.016044,-0.022782,0.169375,-0.285690,0.290295,-0.084214,-0.126906,0.057022,-0.412670,0.188274,-0.142966,0.027289,0.024764,0.276027,0.089268,-0.213697,0.234306,0.324832,-0.037674,0.295556,0.149408,0.062446,0.304287,-0.050665,0.188419,0.093901,0.283217,0.031516,-0.048274,0.430814,-0.727550,0.057450,0.000833,0.164825,-0.061252,-0.627418,0.499245,0.162299,-0.115045,-0.275285,-0.014680,-0.081677,0.083591,-0.057930,0.053708,0.113741,0.411979,-0.094007,-0.344831,0.001618,0.018896,-0.065071,0.186597,-0.077452,0.016911,-0.051365,-0.027535
-0.027120,-0.124577,0.271082,0.190614,0.127351,0.166148,0.033987,-0.022894,-0.259264,-0.133397,0.089878,0.268898,-0.140132,-0.100078,0.151184,-0.096437,0.004863,0.021956,0.011129,0.115789,-0.366534,0.800220,-0.022227,0.222506,-0.272292,0.171276,-0.638976,-0.103405,0.156633,0.088323,-0.208790,-0.005633,0.091502,0.326350,-0.079342,-0.159423,0.103426,0.133019,0.234004,0.436801,0.150572,-0.112222,-0.093663,-0.164594,0.001387,0.448113,0.211703,0.061356,0.311182,-0.017270,0.295876,-0.570899,-0.220267,-0.061449,0.443502,0.144350,-0.201405,-0.462220,-0.103827,0.071693,0.470467,0.106773,-0.046939,0.276713,0.176652,-0.201166,0.069133,0.174261,-0.798608,-0.161842,0.088029,-0.070752,-0.319276,-0.157490,-0.039989,0.093040,0.116895,0.059828,0.243534,-0.704602,0.136655,0.003464,-0.108402,0.029074,0.276476,-0.015464,-0.060273,0.051445,-0.099663,0.409754,0.117705,-0.012247,0.137540,0.386387,0.002395,-0.126837,0.151537,0.280701,0.042346,0.345672,0.084382,-0.986362,-0.179980,0.050363,0.024971,-0.143517,0.124843,0.063473,0.322380,-0.229935,-0.275050,-0.142210,0.400014,0.413351,-0.102559,0.132044,0.377088,0.300077,-0.021310,-0.035786,-0.080899,0.166060,0.061666,0.210501,-0.068708,0.132323,-0.140035,-0.322733
-0.692565,-0.138155,0.054364,-0.335061,-0.138789,0.095232,-0.000475,0.055165,-0.047884,0.295702,0.058677,-0.120724,-0.137897,-0.098594,0.266424,-0.018905,-0.131845,0.184841,0.185678,0.255286,0.139844,0.578889,-0.259054,0.022557,-0.073826,0.196537,-0.399583,-0.029197,0.059139,-0.245141,0.044555,0.089415,0.237789,0.023380,-0.106266,0.062662,0.233943,0.164985,0.033188,0.013162,0.388571,-0.121324,0.021165,0.210603,0.419819,-0.594377,0.322528,0.082054,0.076327,0.203763,0.036428,-0.465595,-0.311365,0.067286,0.151737,-0.034543,-0.057794,-0.340710,-0.010688,-0.006731,0.098925,-0.039914,-0.137631,0.123727,0.046601,-0.164059,0.086699,0.130644,-0.415022,-0.002950,0.046320,0.016338,-0.022278,0.086545,-0.382938,-0.110568,0.143577,0.156689,0.121333,-0.681402,0.203161,0.120604,-0.123368,0.113879,0.175895,0.081870,-0.306560,0.030592,-0.000078,0.703292,-0.115342,-0.120670,0.245096,0.226658,-0.089855,-0.103871,0.132139,0.101544,0.022533,0.014706,-0.071131,-0.909717,-0.040720,0.012541,-0.084880,0.015672,0.757326,0.179824,0.059241,0.262617,0.283583,-0.219876,0.161034,0.459748,-0.414706,-0.010602,0.051055,0.253709,-0.103049,0.165406,0.207379,0.152480,0.100807,0.077409,-0.121482,-0.090289,-0.091055,0.155896
-0.755782,0.010806,-0.082731,-0.104891,-0.106162,0.088335,0.451748,-0.004880,0.096263,0.020962,-0.031082,0.019836,-0.098412,-0.200201,0.034901,0.179174,-0.038656,0.101478,0.152650,0.092243,0.504092,-0.111913,0.046086,-0.001956,0.184318,-0.205014,0.189795,-0.029659,0.058045,0.065648,-0.091880,-0.013487,0.076072,-0.426120,-0.164954,-0.090003,-0.089417,0.276058,0.176539,-0.227213,0.281304,-0.381232,0.125163,-0.116139,0.482716,-0.642175,0.631927,0.137239,-0.334425,0.248473,0.012710,-0.185514,-0.086367,0.166072,0.016391,0.046310,-0.047374,-0.048570,-0.171808,0.092535,0.136943,-0.199543,-0.238161,0.098435,0.172255,0.048098,0.125243,0.001599,1.049202,-0.067048,-0.263772,0.254286,-0.168947,-0.002146,-0.259295,0.077610,-0.083571,0.083837,0.098859,-0.035958,-0.084398,0.092175,0.072409,0.231255,0.114908,-0.097468,-0.090343,0.108107,-0.046096,0.519523,-0.096494,-0.045923,0.108843,0.242227,0.082987,-0.077727,0.259585,-0.183900,-0.482108,-0.050884,0.127811,-0.679442,-0.059783,-0.086307,0.297702,-0.230142,0.254567,-0.102409,0.022552,0.171058,-0.152852,0.334245,0.179987,0.689808,-0.275254,0.005950,0.001313,0.440650,-0.017766,-0.037378,-0.068261,-0.093379,0.092676,-0.152815,-0.092894,-0.150507,-0.021004,0.165529
-0.303121,-0.014283,-0.006250,-0.049277,0.011376,0.041282,0.151325,0.217277,0.124038,-0.084533,0.273237,0.107328,-0.067353,-0.166632,0.152297,-0.030536,-0.177135,0.142539,-0.060348,-0.116367,0.324681,-0.375674,-0.188952,-0.186891,-0.066684,0.051955,0.480777,0.116179,-0.113597,0.113383,0.045725,0.148913,-0.024717,-0.025232,-0.243804,-0.093264,-0.193566,0.027447,-0.053383,-0.208646,0.086905,-0.074640,0.145670,0.166524,0.080793,0.000281,0.120569,-0.029504,0.527399,0.230690,-0.401668,0.192547,-0.131629,0.133254,0.084360,0.081500,0.016118,-0.225591,-0.159524,0.237648,0.015911,-0.101048,0.219227,0.168793,0.363037,-0.065392,-0.009004,-0.167061,1.403826,-0.084369,-0.193788,-0.092775,-0.097525,-0.156724,-0.054156,-0.038053,-0.528111,0.210786,-0.154938,0.100387,0.157944,-0.005187,-0.204706,-0.077960,-0.002822,0.033998,-0.333113,0.142968,0.094967,0.244100,-0.208227,-0.065947,-0.061036,0.199885,-0.015821,-0.182140,-0.000965,-0.190667,-0.290949,-0.206877,-0.105785,-0.325163,-0.077544,-0.047273,-0.109112,-0.040022,-0.487323,-0.035621,-0.104527,0.026030,-0.039337,0.042521,0.124577,1.305651,0.110749,-0.106917,0.199846,0.456065,-0.217666,-0.052614,0.026137,0.282793,-0.051470,-0.093962,-0.144584,-0.050195,-0.117908,0.113005
-0.178991,-0.001280,0.088721,0.086676,-0.074676,-0.001605,-0.925598,0.089887,-0.116948,0.176022,-0.032858,0.065692,-0.024454,0.114674,0.156631,0.068806,-0.002436,-0.067835,-0.154370,-0.049122,0.250307,-0.093085,0.071759,0.069644,0.162063,-0.057576,0.603908,-0.132372,-0.055714,-0.025909,0.143574,-0.017732,-0.197443,0.033902,-0.010053,-0.102675,-0.112479,-0.012064,-0.405601,0.063392,0.266525,0.026631,0.346390,0.119233,-0.095619,0.822654,0.125093,0.003718,0.376305,0.146508,-0.287634,0.027623,0.195785,0.091598,0.151194,-0.119540,-0.102706,-0.347484,-0.008712,0.135071,0.306592,-0.115143,0.737574,-0.003039,-0.095246,-0.080160,-0.044050,-0.124642,0.526487,-0.089880,-0.066577,-0.008695,0.052193,-0.297995,-0.182444,0.095679,0.306703,0.189648,-0.354120,0.486922,0.209443,-0.142080,-0.056926,-0.149213,-0.188878,0.246263,-0.062309,0.256973,-0.346476,0.083813,0.056302,0.221903,-0.041331,0.071277,-0.061819,-0.126498,-0.289045,0.007672,-0.133210,-0.049925,-0.199196,0.170683,0.232259,-0.307813,0.045358,0.132287,-0.017542,-0.135507,0.212477,0.064478,0.121863,-0.065639,-0.315535,0.964390,0.170612,-0.023950,0.269796,0.390625,0.077004,-0.028508,-0.030613,0.832292,-0.093221,-0.117281,0.005278,-0.067656,-0.161029,0.288756
0.014663,0.059153,0.014954,0.032505,-0.223942,-0.084804,-0.373956,0.146417,-0.046270,0.293644,0.053676,-0.082970,-0.073526,0.088513,-0.003761,0.088764,0.105996,0.030719,0.369783,-0.030834,0.358041,-0.348854,-0.080903,0.052605,-0.041348,0.157616,0.146805,0.026377,0.116848,0.154422,-0.059511,0.075031,0.118469,-0.151075,-0.042917,0.120086,-0.107843,-0.085897,-0.181926,-0.139929,-0.191424,-0.144747,0.370811,-0.297899,0.204183,0.735238,-0.505288,0.178026,0.120465,-0.008066,-0.488028,0.537463,0.096999,0.158398,0.216226,0.252225,0.077220,-0.282008,0.159970,0.198499,-0.119180,-0.035137,0.546193,-0.246401,-0.125291,0.078946,-0.122563,0.099787,-0.655244,0.223408,0.174329,-0.081438,-0.066104,-0.227940,-0.333859,-0.011722,0.334398,0.109871,-0.193906,0.182662,0.045725,-0.187966,0.061058,0.101736,-0.065142,0.047727,-0.061507,-0.024725,-0.217603,0.375861,-0.006090,-0.028573,-0.139472,0.094485,0.125798,0.297467,-0.101458,-0.218876,0.113439,-0.053272,-0.009982,-0.045232,0.321248,-0.165530,-0.061937,0.137442,0.271730,-0.080279,0.251281,-0.016029,0.098824,0.140820,-0.403824,0.880622,-0.110094,-0.011528,0.258117,0.413947,0.035907,0.087908,-0.157480,0.117474,-0.065552,-0.085569,-0.035148,-0.161163,-0.076133,0.378603
0.272975,0.200771,-0.137943,-0.073619,-0.193602,0.028801,0.473958,0.001598,-0.032807,0.146130,-0.025112,-0.083020,0.038767,-0.004455,0.047812,-0.116329,-0.145771,-0.062118,0.177446,0.136823,0.277517,-0.384485,0.320881,-0.245689,-0.064460,-0.142055,0.003609,0.389335,-0.107242,-0.146389,0.121774,0.145260,-0.141254,-0.016975,-0.010848,-0.233751,-0.024142,-0.186409,-0.142534,-0.052788,-0.046266,-0.423773,0.290867,0.089416,0.135960,0.289567,-0.055703,-0.116010,-0.407896,0.228407,-0.484495,0.022627,-0.100377,0.018523,0.077534,-0.215535,0.065838,0.001562,0.187820,0.308884,-0.012658,0.035124,0.683330,-0.194143,-0.136857,-0.107133,0.071156,0.036149,-0.870338,-0.248061,0.008276,-0.043732,-0.052170,-0.387213,-0.320618,0.246079,0.329526,0.050388,0.071772,0.206543,-0.043585,-0.032959,0.104838,-0.136790,0.034959,0.165189,-0.152185,0.153911,-0.039222,0.609329,0.099805,0.078966,-0.170564,-0.008654,0.091035,0.235094,-0.102435,0.099718,0.106851,0.153777,0.177434,0.167552,-0.263529,-0.026348,0.015474,0.127084,0.077202,0.115519,0.150518,0.253327,0.058472,-0.148261,-0.576237,0.534865,-0.005770,-0.425853,0.381570,0.207923,-0.086401,-0.099054,-0.289599,-0.461340,0.135164,-0.362081,-0.010811,-0.133227,-0.181779,-0.044912
0.452762,0.154416,0.148951,0.166553,-0.076201,-0.173406,0.310027,-0.244665,-0.056945,-0.287690,-0.025459,-0.237311,0.315641,0.088567,0.007489,0.155379,-0.319472,0.020300,0.070284,0.083501,0.188729,0.177223,-0.085993,-0.141498,0.137802,0.013598,-0.080577,0.118719,0.130860,-0.472315,-0.011923,0.001131,0.022156,-0.013520,-0.293486,-0.085965,0.108375,0.114105,-0.314643,-0.247968,-0.322459,-0.074223,0.325464,-0.030951,-0.082844,0.136412,0.183491,0.028178,-0.291779,-0.308695,-0.209884,-0.161922,-0.314680,-0.206356,0.090231,-0.401119,0.019246,0.144063,-0.047556,-0.146201,0.173285,-0.126909,0.233887,-0.167841,-0.397958,-0.171163,-0.104295,0.386422,0.006573,0.108999,0.377999,0.085780,-0.126051,0.016454,0.130092,-0.048131,0.189451,-0.098299,0.164090,0.112239,0.078851,-0.156847,-0.009710,-0.181985,-0.156732,0.386697,-0.289283,-0.058299,-0.100667,-0.116963,-0.120750,0.026832,0.003772,-0.281328,0.206427,0.129128,-0.070296,0.086056,-0.127429,0.085548,0.244788,0.143054,-0.386735,0.118875,-0.211156,0.009801,-0.054138,-0.116562,-0.185083,0.126996,-0.036016,-0.088906,-0.487046,0.832481,0.013059,-0.202239,0.100546,0.371123,-0.075779,-0.387062,-0.293132,-0.270816,0.121516,-0.024288,-0.140909,-0.087607,-0.194993,-0.018400
0.253707,0.112056,0.005865,0.308827,0.267234,0.134492,0.033606,-0.055266,0.123945,-0.283750,-0.238861,-0.352403,0.422971,-0.003683,-0.097645,-0.019698,0.222584,0.219075,0.062589,0.308464,-0.122838,-0.311249,-0.050219,-0.091565,0.198200,-0.035757,-0.099412,0.218749,0.087560,-0.164599,0.143426,0.029350,0.086600,-0.090928,0.203697,-0.038678,0.160259,0.002406,-0.085775,-0.255173,0.018687,-0.110982,0.191302,-0.095245,-0.320581,-0.340919,0.191088,0.102297,-0.096598,-0.194070,-0.122138,0.216343,-0.183978,-0.111952,0.108901,-0.515238,-0.255976,-0.170620,0.094484,-0.080285,0.344773,-0.287858,-0.325446,-0.053857,-0.024779,0.036322,0.009666,0.160376,0.086218,-0.141869,0.559075,-0.002637,0.033908,0.168729,0.160532,0.188664,0.547626,-0.132664,0.307894,-0.088603,-0.397366,-0.021135,0.118694,0.053764,-0.020659,0.269991,-0.069167,0.101290,0.043038,-0.337781,-0.240255,-0.066580,-0.217349,-0.113657,0.005894,-0.059955,-0.292451,-0.101042,0.005492,0.231144,0.038396,0.044916,-0.043917,-0.130530,-0.163210,0.145869,0.052978,0.103388,-0.433606,0.089272,-0.082352,-0.039411,-0.647437,0.775470,0.165741,-0.067578,-0.010875,0.360836,0.013002,0.061109,-0.218493,0.109652,0.220454,0.135457,-0.097881,-0.170176,0.062355,-0.103642
0.078562,0.032797,-0.113993,0.189487,-0.053684,0.128738,0.165202,0.205403,-0.244634,-0.040002,-0.165932,-0.255732,0.220577,-0.154528,-0.100466,0.068177,0.001968,-0.244008,-0.144176,-0.080442,-0.095869,-0.124084,0.001297,-0.082232,0.029588,0.022839,-0.178965,0.291600,-0.275961,0.063032,0.066898,-0.187794,-0.203388,-0.122443,0.167219,-0.128291,0.050431,-0.015496,-0.054495,-0.362314,0.113202,-0.159240,0.268196,-0.079260,-0.177426,-0.158047,-0.137546,0.066192,0.074851,0.414856,0.106554,0.100457,-0.054225,-0.057636,0.093445,0.037177,-0.238725,-0.028851,0.175289,-0.050630,0.369069,-0.198338,-0.474874,-0.024187,0.024801,0.387924,0.405035,-0.074217,-0.038954,-0.158310,0.338926,-0.227345,0.294132,0.000350,0.080740,0.266775,-0.056349,0.151630,-0.009220,-0.055916,-0.357900,-0.018559,0.091609,-0.055958,0.067193,-0.039022,-0.031246,0.196499,0.061639,-0.157405,-0.143424,-0.041153,-0.062791,-0.187080,0.259622,-0.153682,-0.499580,-0.123328,0.348150,-0.110798,-0.100074,0.144148,0.068293,0.152959,0.034747,0.178891,0.004420,0.257521,0.040210,0.013982,-0.227157,0.020451,-0.011056,0.503592,0.131095,-0.117706,-0.040064,-0.017856,0.018013,0.000647,-0.146411,0.096914,0.099104,0.119161,-0.224674,0.284886,0.249702,-0.138818
0.017871,-0.021057,-0.141804,0.090794,-0.127552,-0.119369,-0.027783,-0.022043,-0.121968,-0.094357,-0.030846,-0.056620,-0.199989,-0.162429,-0.020527,0.234327,0.021637,-0.206409,-0.071786,-0.142224,0.035830,0.033314,-0.085516,-0.189313,-0.120641,-0.073120,-0.001347,0.240516,-0.264026,0.016490,0.042046,-0.054854,-0.128538,0.009516,-0.088322,-0.024328,0.019344,0.246464,-0.077922,-0.158990,-0.304922,-0.097028,0.184730,0.130799,-0.015511,-0.261679,0.065297,0.107801,0.116221,0.102617,0.353890,0.044712,0.121156,-0.236316,-0.010988,0.035457,-0.059025,-0.183981,0.001918,0.120158,0.363951,0.002751,-0.175774,0.132328,-0.037978,0.171613,0.232751,0.081969,0.011840,0.012591,-0.214706,-0.186689,0.147552,-0.103464,0.123889,0.261323,-0.083096,-0.197567,-0.102680,0.001169,-0.210693,-0.020627,0.097884,-0.047472,0.440276,-0.008622,-0.044813,0.220766,-0.040649,-0.028247,0.050379,-0.180788,-0.098248,-0.248581,0.108182,-0.034917,-0.152790,-0.152765,0.135872,0.065095,-0.105050,0.223456,-0.007849,0.137736,-0.119415,-0.047662,-0.092342,0.170233,0.161612,-0.021669,-0.072464,-0.029817,0.061256,0.042668,0.203648,-0.123285,-0.013500,0.444000,-0.045939,0.138087,0.002225,-0.104960,0.016080,-0.070727,-0.143790,0.043051,0.039591,-0.205988
-0.037117,0.010107,-0.058585,-0.004465,0.140488,0.032801,0.116686,0.025018,-0.044428,0.050791,0.011409,0.018173,-0.053369,-0.008509,-0.079712,-0.079322,-0.011247,0.004030,-0.016921,0.010337,-0.024047,-0.061020,0.052413,-0.063714,-0.017671,-0.060137,0.019934,-0.053369,0.005679,0.033589,0.026681,0.023460,-0.013578,0.011474,-0.014151,-0.133753,0.000812,-0.032754,-0.064465,-0.029256,0.064819,-0.082633,-0.023744,-0.002102,-0.071426,-0.018389,0.002995,-0.014491,-0.007022,-0.031594,-0.003394,-0.027927,0.075853,-0.051655,0.085592,-0.033406,0.076910,0.038491,-0.005713,0.036367,-0.015956,-0.042205,0.001607,-0.058668,-0.019880,0.002447,0.108449,-0.021737,0.027976,-0.064686,-0.049920,0.022093,0.010293,-0.047972,-0.002122,-0.084612,0.012014,0.037374,0.020267,-0.011837,0.056678,0.016989,-0.028067,-0.014368,0.047809,-0.050863,0.136091,-0.047995,0.002498,0.007372,-0.013150,0.033235,0.064076,0.117563,-0.078908,-0.012405,-0.029445,-0.056784,0.088627,0.009489,-0.015064,0.031727,0.004120,-0.075677,0.040154,0.041403,0.019076,-0.062482,-0.012332,0.000043,-0.016182,0.007821,0.003131,-0.043172,-0.032562,0.049881,0.014120,-0.012495,-0.017034,0.001052,-0.035994,-0.027255,0.009241,-0.013852,0.020007,0.005729,0.088875,-0.002992
0.000606,0.000986,0.000904,0.001842,0.008961,0.001889,-0.004734,-0.000124,-0.003972,-0.001007,0.000585,-0.000890,0.004400,-0.004851,0.004727,0.001670,0.003212,-0.001309,0.006262,0.005657,0.006312,-0.000186,0.002670,0.006918,-0.005886,0.006164,0.000800,0.006297,-0.009983,-0.000937,0.002355,-0.001468,0.013686,-0.005099,0.003866,0.001273,-0.001147,0.000951,0.000723,-0.006650,-0.006293,-0.001685,0.002375,0.004596,-0.003637,-0.002475,0.000955,-0.000972,0.001411,-0.001778,0.002407,0.005380,-0.001276,0.001081,0.009146,-0.000408,-0.006923,-0.004744,-0.007662,0.005996,0.002725,0.004780,-0.006626,0.002068,0.006068,0.002825,0.008784,0.002239,-0.002440,0.001215,-0.013920,-0.004345,0.007555,0.003396,0.002743,0.004650,0.008295,-0.003726,0.005081,-0.001378,0.000571,-0.001175,-0.000147,-0.002667,-0.006126,0.000128,-0.001633,0.008224,-0.001265,-0.001511,0.003636,-0.002086,-0.004341,0.000424,0.001713,0.004326,0.003010,-0.004460,-0.001491,0.000493,0.000429,-0.000828,0.002651,-0.012634,0.007474,0.006856,0.000746,0.003055,0.002937,-0.002217,-0.001590,0.003465,-0.001014,-0.001598,-0.002838,0.003242,0.007054,-0.000384,0.002014,0.005075,0.000571,0.002494,-0.000841,-0.000553,0.002470,-0.002709,-0.006867,-0.000479
0.018915,-0.060008,-0.097569,0.019464,-0.140717,-0.086423,-0.049408,-0.040346,-0.172549,-0.073969,-0.036008,-0.034570,-0.012207,0.053917,-0.119574,-0.038991,0.025492,0.034017,0.010287,0.095805,-0.047244,-0.058018,0.088675,-0.074799,-0.034053,-0.023132,0.114415,0.043735,0.084574,0.098243,0.038111,0.003259,0.086323,0.126987,-0.017646,-0.033841,0.070365,-0.028234,-0.008468,0.175604,0.078438,-0.051568,-0.035091,0.025789,0.038057,-0.004753,0.001375,-0.045797,-0.009249,0.004958,-0.014854,-0.003069,0.014405,-0.070511,-0.082065,-0.085648,0.008156,0.034653,-0.025548,0.078721,0.016993,0.008139,-0.093163,-0.030607,0.026900,-0.066878,0.066403,0.023054,-0.013831,0.010776,-0.071806,-0.088932,0.006274,0.057467,-0.017822,-0.012127,0.092328,-0.069504,-0.029173,0.012160,0.000093,-0.053965,0.012499,-0.026645,0.010665,0.004444,0.108774,0.081925,0.039467,0.045114,0.002365,-0.045634,0.061435,0.034183,0.002930,-0.017142,-0.001093,-0.048336,0.001458,0.063910,0.074501,0.036923,0.015678,-0.177223,0.037004,0.094294,-0.041109,0.054066,-0.041775,0.018695,-0.023092,-0.038788,-0.009246,0.034889,-0.017592,0.050482,0.056293,0.055788,-0.054541,0.040878,-0.016022,-0.094993,0.125172,-0.097947,0.012848,0.023163,0.240666,0.007066
-0.013685,0.079744,-0.068894,0.116140,-0.054907,-0.187256,-0.334706,0.040083,-0.152306,-0.425680,-0.039852,-0.128120,0.240609,0.083656,0.061216,0.063993,-0.045454,-0.080876,0.181115,0.221272,0.064633,-0.096063,0.004215,0.046842,-0.147654,0.022934,0.198304,0.101250,-0.031346,0.089133,-0.010958,-0.005467,0.060218,0.039552,-0.111970,0.014599,-0.031745,-0.103453,0.016532,-0.057003,-0.151008,-0.061963,-0.022301,-0.133433,0.032973,-0.132026,0.071343,-0.166469,-0.181832,-0.002320,0.033702,0.040131,0.085370,-0.010893,-0.112745,-0.012079,0.098962,-0.117698,-0.172701,0.210269,0.242353,0.216738,-0.201166,0.094670,-0.110619,-0.003770,-0.039103,0.022617,-0.029506,0.033779,-0.087101,-0.099656,0.211977,-0.184218,-0.092399,-0.063541,0.335755,-0.014656,-0.412775,-0.004044,0.233692,-0.025224,-0.004908,-0.014071,-0.172104,-0.025875,0.133155,0.136445,0.155453,0.121354,0.001567,-0.133245,0.154066,0.300086,-0.014976,0.082646,-0.143773,-0.143942,0.107456,0.033257,-0.039017,0.192472,-0.258448,-0.079029,0.087176,0.195022,0.011658,0.177868,0.179873,0.180287,0.039812,-0.059593,0.210087,-0.096829,-0.336807,-0.024902,0.247254,0.068469,-0.045701,0.063659,-0.207896,0.045643,0.109207,-0.159536,-0.107317,0.246948,0.042692,-0.139361
0.062946,0.273112,0.087696,-0.253923,-0.148896,0.051800,0.081137,-0.092989,0.023129,-0.221955,-0.318097,-0.133350,0.098704,0.180797,0.088128,0.058983,-0.086869,-0.099423,0.133003,-0.013431,0.145433,0.148094,0.290313,-0.196650,-0.104028,-0.073317,-0.031844,0.091783,0.124576,-0.086298,-0.174308,-0.076755,0.027513,-0.092200,0.073706,0.383040,0.006373,-0.040959,0.213613,-0.191374,0.107758,-0.060777,0.009009,-0.258307,0.127171,0.326549,0.092224,-0.006161,-0.122125,-0.021357,0.046936,-0.022863,0.024987,0.085799,-0.035836,-0.186855,-0.109440,0.148833,-0.169531,-0.052851,0.149387,0.105649,-0.277233,0.262694,0.064687,-0.062761,-0.477029,-0.109630,0.002961,-0.152669,0.198204,-0.017717,-0.052468,-0.136629,-0.190810,-0.126290,0.360701,-0.029602,-0.405011,0.016426,0.364886,-0.072558,0.093692,0.164209,0.001959,0.047504,-0.226814,0.137554,0.138135,-0.074949,-0.048689,0.199448,-0.228003,0.136874,0.076452,-0.051288,0.073560,-0.305349,-0.042950,0.121525,-0.065143,0.107073,-0.094397,0.075030,0.225798,0.000376,0.135163,-0.144898,0.152321,0.231416,0.124900,-0.247046,0.000086,-0.133617,-0.092569,-0.037987,-0.000287,-0.237958,-0.018845,-0.228605,0.026904,0.095599,-0.183765,-0.113053,-0.016380,0.115411,0.029026,0.039753
0.058758,0.172731,0.451832,-0.073636,0.221337,0.037090,-0.314299,-0.180249,0.003506,0.074931,-0.952354,-0.068049,0.077629,0.191195,-0.300635,0.237145,0.190392,0.008632,-0.014223,-0.023074,0.342889,-0.070205,0.008493,0.021477,-0.222731,0.231010,0.135639,0.335819,0.213518,0.179339,-0.216891,-0.217047,0.021804,-0.132998,0.223765,-0.220219,0.051596,0.020083,0.262987,-0.194262,0.153999,0.115218,-0.000067,-0.112423,-0.243046,-0.018276,-0.124647,0.071265,0.133496,-0.372222,0.014474,-0.159570,-0.178962,-0.104685,0.081776,-0.010261,-0.285986,-0.194581,0.200550,-0.092116,0.359788,0.104224,-0.206506,0.160223,-0.319247,-0.020636,0.143901,0.116293,-0.028953,-0.107799,-0.143942,0.086008,-0.058483,-0.264737,0.049363,0.203204,0.222078,-0.063991,-0.350507,0.051994,0.255078,0.178358,0.022279,0.049534,0.299873,-0.000187,-0.251715,0.040277,-0.074061,-0.148668,-0.208263,-0.089193,-0.257840,-0.012187,0.257840,-0.033980,-0.065672,-0.264040,-0.167794,-0.215521,0.191946,0.147483,0.087034,-0.274790,0.321548,-0.082960,0.222361,-0.054952,0.083586,0.419385,0.214416,-0.331474,0.382988,-0.169566,-0.158452,-0.207387,0.263309,-0.074205,-0.181702,-0.060022,-0.231605,-0.440962,-0.022366,0.239467,-0.188281,0.138979,-0.358280,0.351564
0.125342,-0.218303,-0.099810,-0.318862,0.084306,0.026492,-0.085743,0.211825,-0.226230,-0.183225,-0.539348,0.026306,-0.078058,0.438170,0.086848,0.119718,0.098019,0.185812,-0.019684,-0.139989,0.301147,-0.054277,0.050144,0.329235,0.028795,0.273037,-0.044026,0.134779,0.472067,0.175320,-0.281963,-0.052444,-0.149725,0.086761,0.041247,-0.204764,0.016380,0.011314,0.108189,-0.055807,-0.281986,0.178842,0.237290,0.220687,-0.167349,0.115103,-0.094055,0.177072,0.054163,-0.172894,-0.073508,-0.043159,-0.170843,0.065531,-0.022989,-0.227009,-0.128159,-0.023002,-0.015160,0.058348,0.120874,0.151849,0.149874,0.089610,-0.298485,-0.097518,0.349587,-0.073361,0.180173,-0.511736,0.041423,0.093980,-0.352673,0.084421,-0.082646,-0.034684,0.006949,-0.079284,-0.200853,0.007813,0.051476,0.021805,-0.208785,-0.019536,0.618601,0.085334,-0.210604,-0.005336,-0.086340,-0.155890,-0.457040,-0.235466,0.159554,-0.224088,0.163520,-0.158441,0.155031,0.059349,0.142350,-0.070065,-0.020481,0.079537,-0.274669,-0.316509,0.297047,-0.185115,-0.048263,0.198400,0.094610,0.108183,-0.041460,-0.208420,0.036179,-0.206529,-0.342572,-0.029620,-0.217676,0.074740,-0.050412,0.004451,0.053411,0.046155,-0.310589,-0.215268,-0.222436,-0.345053,0.038956,0.235611
0.087886,0.126928,-0.253252,0.017121,0.118357,-0.044624,-0.024022,0.060094,0.282896,-0.234794,-0.048351,-0.043993,-0.230906,0.287418,0.078887,0.398012,0.188771,0.252443,0.023855,-0.214545,-0.162644,-0.215405,0.109046,-0.028510,-0.007680,0.352486,-0.171274,-0.026461,0.473962,-0.037573,-0.091644,-0.176079,-0.048490,0.454516,0.010357,0.112837,0.051616,0.003674,0.041917,-0.061624,-0.023806,-0.364397,0.163780,0.209600,-0.387086,0.060932,0.484323,0.272127,0.117432,-0.292475,0.201918,0.144631,-0.077047,0.106378,-0.059985,-0.166640,-0.211515,0.195850,-0.001424,0.325137,-0.180268,0.235660,0.208757,0.127817,-0.065670,0.310069,0.090877,-0.148527,0.180718,-0.586727,0.157878,-0.114778,-0.257907,-0.185625,0.091680,-0.065799,0.123436,0.058555,0.018557,-0.055921,-0.069615,0.313014,0.007069,0.211259,0.236710,0.132220,0.014496,-0.143052,0.154842,-0.222226,0.056633,-0.101182,0.012302,0.385813,0.738870,-0.136839,0.152886,0.033373,0.315748,-0.219556,-0.383969,0.093302,0.157651,0.075500,-0.205565,-0.087753,0.179045,0.187890,-0.001761,0.036551,0.037971,-0.287121,-0.211566,-0.133495,-0.184322,-0.054221,-0.316734,0.079320,-0.031097,-0.178172,-0.068723,0.037951,-0.466205,0.000166,-0.513845,-0.122941,0.043397,0.065760
0.076426,-0.003722,-0.044057,0.246961,-0.200568,-0.191633,-0.088822,0.187373,-0.290579,0.003766,-0.188434,0.005179,-0.023555,0.072589,-0.079470,0.130081,-0.186618,-0.059686,0.135063,-0.196812,0.195198,0.086252,0.049404,-0.102993,0.207983,0.317570,-0.127746,0.230034,0.542779,-0.108564,0.412114,-0.015251,0.184359,-0.047359,0.098040,0.143773,-0.202730,0.068182,0.008281,0.108087,-0.005899,-0.302674,0.085844,-0.188047,-0.136586,-0.136193,0.492477,-0.088425,-0.109114,-0.093237,0.273178,0.103450,-0.173151,0.092259,-0.044180,0.258146,-0.287252,-0.149467,-0.055452,0.211563,-0.256371,-0.102805,0.308993,0.209073,-0.171326,0.103346,0.131667,-0.203894,0.072360,-0.179433,-0.222804,-0.125953,-0.301688,-0.024788,-0.015138,-0.149896,-0.059745,-0.118664,-0.059787,-0.194858,-0.144315,0.173388,0.165537,0.477854,-0.045777,0.048444,0.393053,-0.264943,-0.030993,-0.007372,0.889839,-0.192995,0.089992,0.255392,0.210867,0.355835,0.264945,-0.059647,-0.015840,0.157238,-0.251719,0.251202,0.278623,-0.086499,-0.414937,0.003716,-0.118056,0.484464,0.165790,0.044510,0.053849,-0.292535,0.017674,-0.217301,-0.128727,-0.348080,-0.500800,0.116668,0.129918,-0.072582,0.113984,0.156577,-0.470616,-0.064642,0.085402,-0.032609,-0.034166,0.017175
0.100069,0.099286,-0.110929,0.133311,-0.034284,0.109414,-0.010389,0.094348,-0.069426,0.246867,-0.207528,-0.185071,-0.073493,-0.172142,0.031558,-0.036286,-0.103698,-0.004709,0.126568,0.233032,0.273118,-0.124676,0.257588,-0.315255,0.038527,0.152605,-0.066824,0.337261,0.458660,0.002643,0.357036,0.361436,-0.166805,0.018456,0.055406,0.037148,-0.053175,-0.042374,0.134913,0.028730,0.148741,-0.030452,-0.183462,-0.341170,-0.167268,-0.089785,0.186943,-0.024987,-0.205043,0.441315,-0.072664,0.047870,-0.314512,0.088258,-0.178266,0.449495,-0.503813,0.022530,0.049836,0.176883,0.120796,-0.745506,0.112477,0.121511,-0.103145,0.035899,0.175070,0.057855,0.074481,-0.179695,-0.348311,-0.124261,-0.456580,0.094555,-0.033068,-0.107605,0.372282,-0.135740,0.058339,0.019541,-0.219714,0.039511,0.168470,0.004577,0.024401,-0.427249,-0.057810,0.021831,-0.079516,-0.192849,0.775422,-0.094207,-0.033111,0.009888,-0.136437,0.333839,-0.019879,0.114122,-0.138274,0.229845,0.473887,-0.041669,0.283132,0.011487,-0.026400,-0.201412,0.034598,0.398495,0.077602,-0.229196,-0.173668,-0.229632,0.246893,-0.021461,0.052426,0.012596,-0.727598,0.107915,0.129607,0.032465,0.086800,0.146897,-0.592486,0.180462,0.384103,0.239184,-0.142674,-0.159271
-0.022271,-0.076141,-0.085004,0.001512,0.053265,-0.055848,0.000276,-0.147788,-0.050894,0.477805,0.215721,-0.426712,-0.097352,-0.208066,0.045901,-0.113149,0.223778,0.013982,0.033307,0.194597,0.285051,-0.065635,0.003137,-0.136802,-0.111370,0.025238,0.244732,0.110331,0.536268,0.260832,-0.111863,0.653943,-0.003205,-0.194857,-0.206374,0.124255,0.018003,-0.126212,-0.174760,-0.089387,0.379281,0.211488,-0.126686,0.114729,-0.093961,0.036223,0.096501,-0.187470,-0.039373,0.292647,0.142560,0.177376,-0.116114,0.012290,0.127545,0.198043,-0.835301,0.382434,-0.230548,-0.205056,-0.241396,-0.066471,0.264282,0.168700,-0.105886,-0.143097,0.112122,-0.163185,-0.172428,0.047918,-0.019800,0.097027,0.164006,0.038973,0.193471,-0.198946,-0.017778,0.108047,0.058713,0.115263,-0.303481,-0.287035,0.258470,-0.019064,0.111100,-0.064435,0.043790,-0.362676,0.060482,-0.285685,0.050993,0.134417,-0.077904,0.381321,-0.259821,0.055007,0.167116,0.139516,0.187953,0.261171,0.744610,-0.027161,0.062428,-0.010247,-0.102462,-0.177523,-0.003521,0.012172,0.334724,-0.097389,-0.031290,-0.562712,-0.075377,0.199536,0.065141,0.243433,-0.393845,0.183231,-0.157629,0.127313,0.062081,-0.132736,-0.468493,0.391162,0.499134,0.343763,-0.080868,0.233726
-0.006969,0.127036,0.004299,0.052416,-0.002955,-0.125400,0.011462,0.120994,-0.094457,0.382152,-0.222469,0.078152,0.064452,-0.013213,0.123542,-0.122357,0.036106,-0.057532,0.017005,0.391608,0.245345,0.128224,-0.179358,0.070263,-0.032770,-0.013825,0.008917,0.363947,0.737295,0.244896,0.064110,0.659622,-0.232913,-0.508388,-0.132087,-0.071326,-0.011056,-0.078720,0.023800,0.049068,0.140143,-0.011903,-0.122494,0.121473,-0.063039,-0.130982,0.000036,-0.106640,-0.240017,0.498582,0.186864,0.120980,-0.118572,0.000461,-0.048261,-0.104504,0.100753,-0.067949,0.003398,-0.230018,0.117957,0.380568,-0.053964,0.019899,0.118292,0.048977,-0.038374,0.041090,0.151445,0.231999,-0.197393,0.205310,0.800324,-0.173515,0.057460,-0.062716,0.164573,0.321125,0.080175,-0.072357,-0.455873,0.004915,-0.243396,-0.125646,-0.110571,-0.192214,-0.317794,0.009981,-0.076350,-0.182040,-0.998026,-0.123716,0.179341,0.419699,0.179594,0.217362,-0.005394,-0.018953,0.088643,0.536136,0.229433,0.146172,-0.685924,-0.123254,0.094950,-0.008070,-0.168227,-0.378895,0.537042,-0.198951,-0.099433,-0.147175,0.107088,-0.048710,0.080378,0.402710,-0.314967,0.075634,-0.060429,0.104206,-0.131251,-0.007603,-0.641917,0.384984,0.216549,-0.178726,0.017989,0.002560
0.125200,0.175648,0.118270,-0.060902,0.065199,0.095458,0.227798,-0.007567,-0.094520,0.462600,-0.014447,0.587569,-0.089484,0.107581,-0.108910,-0.088288,-0.281397,-0.047028,-0.096675,0.475276,0.098633,-0.080816,-0.043014,-0.068535,-0.043700,-0.022842,-0.119780,0.111992,0.217610,0.242181,0.169683,-0.114066,-0.236031,0.033221,-0.203329,-0.214540,0.128591,-0.003349,0.194132,0.343699,0.089195,-0.097790,-0.365534,0.313640,0.002858,-0.150737,-0.178398,-0.192678,0.050983,0.228149,0.225323,0.259587,-0.287059,-0.047199,0.071560,-0.421598,0.522695,0.097792,-0.020382,0.118839,0.390577,0.247758,0.090367,0.107978,0.175660,-0.349572,-0.130112,0.089893,0.064478,0.519033,0.246096,-0.372633,0.700198,0.040620,-0.111646,-0.063082,0.091104,0.318606,-0.145305,0.093694,-0.236120,-0.147974,-0.261457,-0.125820,-0.065339,0.055528,-0.203584,-0.148944,-0.193696,-0.226676,-0.500231,-0.146550,0.160271,0.330214,0.742840,0.306501,-0.441661,0.090668,0.244260,0.892783,-0.357724,-0.042426,0.137097,0.001885,0.100550,-0.043741,-0.096622,-0.298777,0.292496,0.216264,-0.064877,0.017862,0.020920,-0.141120,0.622152,0.164623,-0.288035,0.227307,0.066601,-0.117912,0.030077,-0.061393,-0.530012,0.208573,-0.529082,0.034095,-0.146823,0.155325
0.114181,-0.012138,0.194896,-0.124517,-0.119356,0.020531,0.127744,0.095272,0.168361,0.609472,-0.082549,0.378054,-0.223514,-0.080325,-0.266054,0.050571,-0.030686,-0.217771,-0.205968,0.124652,0.513082,0.053806,0.141306,-0.229867,-0.140617,-0.154453,-0.408138,-0.250674,-0.252229,0.336258,-0.126906,-1.316826,-0.152574,-0.058861,-0.485215,-0.606564,-0.105624,-0.158504,-0.002559,0.136482,-0.026783,-0.053811,-0.142838,0.178919,-0.154388,-0.097114,0.133547,0.139790,-0.007056,-0.159304,0.186733,0.455265,-0.127704,0.088735,0.263880,0.002976,0.248183,0.102553,-0.038072,-0.248094,0.010484,-0.437073,-0.075093,0.023742,0.009601,-0.521177,-0.166126,-0.151215,0.014622,0.179264,0.092944,-0.052354,0.177325,0.776220,-0.068396,-0.192928,0.293686,0.066840,0.002417,0.222801,-0.354494,0.137989,0.162490,-0.045072,-0.106030,-0.018658,-0.028399,-0.156722,0.171295,-0.497945,-0.030139,-0.260182,-0.086329,0.357617,0.222433,0.226154,-0.343044,0.183690,-0.173018,0.674858,-0.286876,-0.197884,0.241477,-0.055657,-0.047647,0.496351,0.016875,0.162925,0.375533,0.003015,-0.046169,0.276796,0.209561,0.192960,0.149334,-0.453892,-0.094151,0.265553,0.130173,-0.144398,-0.095355,-0.200200,-0.457332,-0.241986,0.091695,0.210192,-0.066761,0.285227
0.200734,-0.377808,-0.332846,0.021877,-0.269089,-0.095569,-0.084597,0.077613,0.131347,0.140864,-0.329277,-0.241173,-0.052833,0.272422,-0.040914,-0.368790,0.031991,0.068492,-0.089964,0.224677,0.405336,-0.009577,-0.236187,-0.073935,-0.349268,-0.143630,0.053811,-0.366393,-0.245969,0.005936,-0.185821,-0.876620,-0.128357,-0.124772,-0.302033,-0.362790,0.158047,0.098994,0.053858,0.199148,0.070308,0.158500,-0.150116,-0.087949,0.111711,-0.176155,0.222562,0.439009,0.119316,-0.334512,0.471829,0.288546,0.139536,-0.178424,0.112432,0.072633,0.633970,0.179671,-0.069469,-0.020566,0.524833,-0.203473,-0.153144,-0.154482,0.049390,-0.830068,-0.114869,0.075377,-0.093182,0.015192,0.119887,0.154565,-0.184723,0.376858,0.169478,0.135732,0.144656,0.007743,-0.125894,0.029239,-0.138139,-0.097322,0.480543,-0.052811,-0.419945,0.665607,0.182657,0.456313,0.272745,-0.568973,0.180138,-0.070973,-0.030169,0.469598,-0.135994,-0.207557,0.405101,-0.025305,-0.006829,-0.187818,-0.010303,0.227327,0.092453,-0.170823,-0.015894,0.096171,0.188495,-0.078736,0.552631,-0.072537,-0.073888,0.351917,0.108184,0.214863,-0.699238,-0.356564,0.084631,0.185343,0.029286,-0.044929,-0.257899,-0.096147,-0.367375,-0.189069,0.480167,0.099540,-0.303239,-0.104038
0.538149,-0.459847,-0.117558,0.029193,-0.179284,0.202447,0.279948,0.310024,0.201465,0.252015,-0.296537,-0.587647,0.127898,0.009535,0.073051,-0.559554,0.182483,0.253330,0.228994,-0.104346,0.122707,0.214102,0.039078,-0.150905,-0.098975,-0.019180,0.074558,-0.081827,-0.414874,-0.039231,0.229808,0.524379,-0.068789,0.243726,0.088852,-0.050186,-0.037638,0.108328,-0.035803,0.569199,0.109581,-0.192816,0.382832,-0.002960,0.024241,-0.411388,0.100003,0.259381,0.215332,0.072718,0.244592,0.036867,0.575134,0.127482,0.424253,0.033057,0.704227,0.279180,0.182962,-0.012168,0.454393,-0.117909,-0.055763,-0.377573,0.065381,-0.567806,0.041601,-0.382262,0.169183,-0.015135,-0.026953,0.021740,0.036370,0.122001,-0.216484,-0.102362,-0.042814,0.280203,-0.375606,-0.736152,-0.034569,-0.063457,0.145710,-0.051109,-0.638447,0.411343,-0.136326,0.508060,0.299871,-0.611434,0.044965,0.156705,0.178958,0.388627,-0.014841,-0.016366,0.247875,-0.147947,0.116157,-0.919626,0.371757,0.146626,-0.037761,0.132186,0.205040,-0.251945,-0.524406,0.240835,0.401653,0.033505,0.002535,0.087401,-0.634229,0.142388,0.002576,-0.093417,-0.038223,0.090595,-0.030080,-0.041330,-0.089771,-0.298382,-0.194826,0.273835,-0.033884,0.164171,-0.240742,0.033689
-0.253201,-0.189976,0.087418,0.222030,-0.109512,0.384948,0.208151,-0.022263,0.243372,-0.146282,-0.172710,-0.372370,-0.246226,0.001209,-0.060574,-0.255633,-0.080763,-0.315172,-0.026062,-0.183307,-0.122949,0.116048,0.027874,-0.263815,-0.181889,0.114849,-0.170722,-0.031423,-0.075669,0.735576,-0.020117,0.384470,0.451136,0.502169,0.298093,-0.076256,-0.416939,0.300716,0.111843,0.493244,-0.129440,-0.005254,-0.049393,-0.232064,-0.093258,0.291696,0.104772,-0.063577,-0.090842,0.089574,0.271615,-0.170785,-0.118015,0.152407,0.466693,-0.095442,0.093026,0.166404,0.304033,-0.100095,0.570796,-0.309116,0.211202,0.151277,0.117874,-0.478499,0.243924,-0.256797,-0.145983,0.084526,0.017089,0.020922,-0.024975,0.180144,-0.014279,0.072872,0.143183,-0.119892,-0.514456,-0.983371,0.072474,-0.095194,-0.233885,-0.190772,-0.281889,-0.088126,-0.013070,0.109542,-0.131233,0.235342,-0.182810,0.043765,-0.091330,0.253517,-0.151285,0.165900,0.018698,0.248965,0.283450,-0.415159,0.213285,-0.157624,-0.105605,0.223499,0.127555,0.030093,-0.559246,0.189686,-0.110638,-0.552418,-0.215727,-0.216275,-0.683866,0.090272,0.021762,-0.111569,0.021814,0.144267,0.106155,-0.310451,-0.069135,-0.029798,-0.150597,-0.113473,-0.240421,-0.104602,-0.290496,-0.191514
-1.248474,0.070727,0.124093,0.103709,0.126856,0.124153,-0.311355,0.000743,0.318905,0.206285,0.167680,-0.239086,-0.172958,-0.019330,-0.009988,0.140959,0.038488,-0.006740,-0.245933,-0.015978,-0.065919,0.543524,-0.121142,-0.010893,0.040691,-0.137953,-0.193887,-0.195201,0.076964,0.582911,-0.119060,-0.056140,-0.223451,0.047845,0.095043,0.002465,0.109372,0.239045,-0.148248,0.382756,-0.223137,-0.221031,-0.234027,-0.122459,-0.349290,0.158522,0.358857,-0.097550,0.213430,-0.020777,0.329990,-0.011715,-0.279176,-0.285824,0.431334,-0.162498,-0.047081,0.181798,0.003113,-0.143194,0.628941,0.109634,0.020430,0.204828,0.322313,0.000380,-0.016136,0.203078,-0.499763,-0.274261,0.186941,-0.011654,-0.174558,0.048940,-0.024132,-0.254567,0.071720,0.078090,-0.339530,-0.410206,0.102860,0.170422,-0.112764,-0.033533,0.173722,-0.064609,0.175348,0.248511,-0.209792,0.172473,0.051553,-0.013598,-0.011491,0.062520,-0.133333,-0.285924,0.215719,0.394358,0.212032,0.050465,-0.161887,-0.444777,-0.087731,0.032886,-0.251773,0.057724,0.260952,0.171804,-0.206800,-0.312837,0.182546,-0.153211,-0.993781,0.241578,0.047399,0.191432,-0.181679,0.200826,0.168882,0.071084,0.025016,0.053588,0.165792,0.032046,0.031611,0.028826,-0.124263,-0.682146
-0.999628,0.159219,-0.169020,-0.587439,0.001794,0.064194,-0.169186,0.066070,-0.098505,0.088804,0.098649,-0.313541,0.030689,-0.283251,-0.052389,-0.101078,-0.102062,0.017036,-0.138738,0.061299,0.351399,0.290357,0.053338,-0.209445,-0.250540,0.155887,-0.062433,0.120042,0.125341,-0.181986,-0.249714,-0.043574,-0.272214,-0.106562,0.118908,0.035344,0.077149,0.135249,-0.106263,0.244367,0.202732,-0.236121,-0.268496,0.159448,0.274067,-0.442010,0.113039,0.020586,-0.040670,0.090149,0.214637,-0.146195,-0.040052,-0.009545,-0.042068,0.199118,0.227501,0.199533,0.370423,-0.083601,0.586815,0.237147,-0.284088,-0.291002,-0.085494,0.040094,0.072910,0.063955,0.084365,0.052742,0.243347,-0.157712,-0.063824,0.117746,0.077633,-0.078371,0.031439,0.119846,-0.075553,0.205584,0.286737,0.372401,-0.026776,-0.069905,0.008866,0.025953,-0.208383,0.284881,0.084711,0.419294,0.068374,-0.236480,-0.100566,0.035189,0.155829,-0.040189,-0.082578,0.535613,0.120880,0.242202,-0.217290,-0.725274,-0.075139,-0.063237,-0.011963,0.003156,1.004217,0.563594,-0.321174,0.146247,0.228925,-0.277004,-0.932231,0.121757,-0.050286,0.178404,-0.165556,-0.105802,-0.099481,0.083607,0.104256,0.105374,0.169687,0.068490,-0.107080,0.001823,0.110179,-0.365512
-0.151152,-0.165505,-0.016095,-0.221075,0.101687,-0.197915,0.378073,-0.011221,-0.291571,-0.271432,-0.401342,-0.146656,0.209807,-0.270279,-0.179543,-0.212767,0.103807,0.140982,-0.051892,0.154958,0.350204,-0.199732,-0.090878,0.151585,-0.262906,0.091731,-0.059045,-0.160140,0.146603,-0.139607,-0.200614,0.064708,0.127620,-0.155556,0.231558,-0.125800,0.134537,0.139879,0.397101,-0.035786,0.257872,-0.109905,-0.005565,-0.131142,0.313171,0.043445,0.191097,-0.133552,-0.111581,0.187094,0.365530,0.162400,-0.003033,0.205919,-0.080362,0.131427,0.021605,-0.089729,0.266172,0.127533,0.708152,0.082244,-0.541331,0.036186,0.129560,-0.024622,0.003384,0.015294,1.076266,0.162404,0.053104,-0.085410,0.010157,-0.086059,0.229313,-0.081723,-0.314809,0.108681,0.011662,0.723870,0.213919,0.320533,0.023688,-0.036562,0.214408,0.025851,0.075297,-0.252825,-0.238337,0.540719,0.227766,-0.069023,0.022146,0.177013,0.021379,-0.035511,-0.010371,-0.018610,-0.088870,0.092133,-0.200264,-0.833007,-0.062799,0.021722,0.239171,0.061044,0.198587,0.080520,-0.055820,0.064883,0.096281,0.282241,-0.534496,0.218168,-0.008850,-0.008752,-0.458167,-0.148876,0.038615,-0.031752,-0.169544,-0.085743,0.175606,0.214441,-0.236120,0.104340,-0.128106,0.151530
0.387702,-0.086609,0.021481,-0.025306,-0.140284,-0.012691,0.153766,0.177489,-0.034776,0.112126,0.012835,0.170484,0.076208,-0.106656,-0.026708,-0.021482,-0.230541,-0.162233,-0.008269,-0.101890,0.300410,-0.381559,0.184538,0.097085,-0.339321,0.094536,0.054698,-0.001747,0.072117,-0.163683,-0.053012,-0.005796,-0.359730,-0.085293,0.117272,0.012860,0.225329,0.181266,0.009461,-0.151401,0.362651,0.173024,0.116779,-0.006912,-0.225989,0.362547,-0.003124,0.024763,0.215385,0.097110,-0.153982,-0.094422,0.181614,0.102461,0.155565,0.026314,0.128422,-0.190188,0.147674,-0.034681,0.521074,0.112282,-0.175740,0.483659,-0.014623,0.051047,-0.184552,0.120028,0.839335,-0.070890,-0.386190,-0.039119,0.000935,-0.225102,-0.105240,-0.282618,-0.782862,0.019296,0.035421,0.534942,0.164682,0.356284,0.187485,-0.203109,0.235770,-0.108600,-0.108193,-0.236570,-0.232215,0.340736,-0.033620,-0.041943,-0.082263,0.163356,0.021109,-0.096900,-0.067679,-0.051075,-0.308038,-0.109266,-0.032400,-0.774946,0.384039,-0.030522,-0.215527,-0.120111,-0.557497,-0.026049,-0.010084,-0.252857,0.046334,0.156328,-0.438792,0.261201,-0.298127,-0.027204,0.155992,0.174289,-0.012205,0.007090,-0.098739,-0.095470,-0.052805,0.038225,-0.152669,0.131114,0.055174,0.412071
0.385319,-0.031453,0.099244,0.046308,-0.260184,-0.360956,-1.095797,-0.076178,-0.195394,0.346587,0.104054,-0.015552,-0.145552,0.059361,-0.216479,-0.197365,0.225198,-0.011915,-0.097110,-0.035765,0.216884,-0.175602,0.016517,-0.099623,-0.118149,-0.242235,0.611761,-0.052753,0.072241,-0.122218,0.164566,0.040586,-0.579953,-0.004726,0.111959,0.116811,0.344867,0.062950,0.017622,0.143684,0.271454,0.017384,0.076405,0.138019,0.046509,0.546418,0.217688,-0.014016,0.138751,-0.095923,-0.073491,-0.246042,0.186659,0.038643,0.225862,-0.030295,0.118457,0.330533,0.128086,0.048597,0.495988,0.302637,0.674998,0.024897,-0.227078,-0.001706,0.209753,-0.063828,-0.098607,0.127708,-0.366996,-0.114500,0.043796,-0.118618,-0.079049,0.256606,-0.320747,-0.036201,-0.044873,0.410543,-0.087830,0.093801,-0.125476,-0.020740,-0.022400,-0.429732,-0.179064,-0.230385,0.134663,0.452549,-0.079110,0.075564,0.015926,-0.032560,-0.009908,0.147312,-0.146560,-0.246784,-0.208850,0.143284,-0.137141,-0.217931,0.359077,-0.124460,-0.103964,-0.005041,-0.240380,0.084919,0.171601,-0.083483,0.128785,-0.057721,-0.580145,0.401741,-0.366176,0.151248,0.178573,0.023841,-0.169815,-0.116373,0.226999,0.646042,-0.235544,0.174014,-0.235340,0.036883,0.087852,0.444108
0.344606,-0.018260,0.082800,0.093537,-0.294734,-0.270718,-0.429667,-0.238150,-0.036929,0.016578,-0.019006,-0.048227,-0.066618,0.373524,0.045378,0.001347,-0.011493,-0.085599,-0.132896,-0.259890,0.122392,-0.401161,-0.350383,-0.031494,0.252354,-0.089892,0.107542,0.058536,0.253740,0.008669,0.022568,-0.057511,-0.115439,-0.002384,0.279450,0.158823,0.257160,-0.153274,0.177832,-0.109130,-0.003695,-0.072187,0.128212,-0.259816,0.067819,0.049080,-0.350859,-0.241700,-0.370056,-0.138110,-0.028198,0.057131,-0.172552,0.021853,0.311658,0.477554,0.201969,0.123897,0.228383,0.197997,0.231013,0.014807,0.522739,-0.034929,-0.059666,-0.080262,-0.028286,0.217601,-0.792471,-0.195951,-0.012550,-0.282445,0.065873,0.213580,-0.306135,-0.116548,0.034060,-0.099103,-0.059165,0.107464,-0.001928,-0.019990,-0.143378,0.063828,-0.074579,-0.323614,0.066169,-0.101730,0.015482,0.305669,0.032809,-0.337374,-0.080976,-0.021812,0.105980,0.155654,-0.112423,-0.182207,-0.334574,-0.051446,0.026065,-0.228709,0.047578,-0.051944,-0.175867,0.126677,0.179638,-0.332714,0.277091,-0.062160,0.069916,0.481741,-0.654022,0.325963,-0.201262,0.108758,0.296461,0.274532,0.012416,0.223191,0.141028,0.133900,0.045515,-0.132298,-0.096085,-0.062004,0.052001,0.218199
0.397892,0.007657,-0.005787,0.017904,-0.421222,0.109654,0.705923,-0.094417,-0.330917,-0.095883,-0.289455,-0.086936,-0.259924,0.512498,0.064812,-0.030563,0.044251,-0.246542,0.075390,-0.194514,0.236725,-0.254762,0.168455,0.196196,0.218177,-0.248604,-0.363161,-0.060873,-0.064401,-0.439665,-0.048640,-0.121812,-0.445829,-0.159168,0.299458,-0.117698,0.270465,-0.057965,-0.096209,-0.222954,-0.020891,-0.446013,-0.130934,0.008182,-0.096243,0.001787,-0.241424,-0.112905,-0.580685,0.133644,-0.200617,0.024923,-0.287372,0.020977,0.405554,0.110552,0.146888,0.202727,0.059483,0.217843,-0.125711,-0.002063,0.416837,-0.098885,-0.260258,0.037860,0.203734,0.004513,-0.644944,-0.296221,0.021075,-0.267521,0.084574,-0.348549,-0.103540,-0.193106,0.399448,0.031401,0.052787,0.001681,0.043719,0.270951,0.036629,-0.008579,0.076525,-0.327447,0.173613,0.092591,0.002130,0.375387,0.094772,-0.125147,-0.094246,-0.112380,0.194096,-0.013634,-0.192167,-0.079599,0.039895,0.045499,0.055512,-0.026942,0.110817,0.105602,-0.114472,0.216108,0.014074,-0.111383,0.215542,-0.031240,-0.144400,-0.081587,-0.752558,0.349506,-0.250835,-0.075706,-0.009992,0.072229,0.022298,-0.060443,0.190333,-0.358468,-0.090822,0.023797,-0.062361,0.049902,-0.207839,-0.116310
0.249867,0.116923,-0.105881,0.212669,-0.195958,-0.364263,0.652513,-0.153533,-0.238872,-0.466564,-0.046207,-0.017092,-0.154803,0.592393,0.156060,-0.003864,-0.130037,0.149914,-0.243831,0.060706,0.179931,0.031924,0.282464,0.006244,0.437768,0.045451,-0.237613,-0.151330,-0.225873,-0.429147,0.161334,0.032503,0.011791,-0.097605,0.310128,-0.064824,0.061393,0.040594,-0.010027,-0.241886,-0.059620,-0.300940,-0.112982,0.085342,-0.467431,-0.149201,-0.141659,0.264733,-0.141199,-0.165859,-0.283643,0.040389,-0.172626,-0.003669,0.467093,-0.281645,-0.122072,0.396989,0.238852,-0.147051,-0.054268,-0.120983,0.121006,-0.234779,-0.217140,-0.132988,0.012860,0.040500,0.151196,0.110751,0.209000,-0.172958,0.145276,-0.274562,0.133250,-0.057690,0.486855,-0.116186,0.117643,-0.097011,0.212516,0.014107,0.017258,0.058638,0.100927,-0.391810,0.115760,-0.010515,-0.050171,-0.168638,-0.029583,-0.253683,0.094996,-0.298263,-0.023911,0.095410,0.535081,-0.232987,-0.034295,0.250150,0.139732,-0.083765,-0.205248,0.114838,-0.012620,0.044207,0.020080,-0.160310,-0.135323,0.182400,-0.158948,0.075673,-0.648525,0.480006,0.116877,0.028000,0.036731,0.026228,-0.040882,0.025126,0.433032,-0.323182,-0.308930,0.420915,-0.039991,0.130812,-0.119332,-0.105164
0.353301,0.118959,-0.007724,0.177200,0.095695,0.138982,0.031456,-0.076523,-0.099693,-0.175711,0.083032,-0.003413,0.241220,0.122398,0.316890,0.031641,-0.064407,0.041285,-0.160167,0.021584,0.258417,0.063894,-0.058315,0.222079,0.041570,0.204469,0.071626,0.087785,-0.022836,-0.226008,0.005720,0.180947,-0.007104,-0.072808,0.492234,-0.105220,-0.029329,0.133751,0.081992,-0.321577,-0.268233,-0.267953,0.334364,0.095277,0.022734,-0.296225,0.262026,0.082346,0.091951,-0.499025,-0.060684,0.143707,0.031459,-0.014536,-0.377651,-0.016521,0.287423,0.201650,0.220565,-0.188170,0.032857,-0.009556,-0.018336,0.020773,-0.010989,0.170778,0.294146,0.107262,0.196443,0.125030,0.690179,0.278220,-0.275515,-0.546246,0.025386,-0.218423,0.624139,-0.081260,0.054473,-0.012017,-0.192504,0.131509,0.041575,-0.160847,-0.215087,-0.748896,0.105356,0.157323,0.056565,-0.498144,-0.134710,-0.216781,0.164872,-0.034028,-0.075125,-0.250410,0.051153,-0.049161,-0.200058,0.356142,-0.005639,-0.000448,-0.188406,0.055615,-0.184778,-0.137119,-0.235268,-0.214380,-0.109443,0.045098,-0.072233,0.033449,-0.481180,0.501383,0.072730,-0.230966,-0.277005,0.044489,-0.027607,0.075127,0.213075,0.060158,0.016376,0.803298,-0.090103,-0.100556,-0.325596,-0.281984
0.268175,0.013537,-0.151624,0.277625,-0.022285,-0.114401,0.004820,-0.019448,0.017974,-0.139469,0.258943,0.051206,0.025989,-0.061389,0.049581,0.060776,0.086299,-0.067738,0.242017,0.094757,-0.073259,-0.020962,-0.055729,0.057601,-0.080520,0.029144,0.035040,0.120203,0.151680,0.159458,-0.061673,0.023650,-0.136193,-0.027051,0.474070,0.050599,0.000660,0.061789,0.199021,-0.529951,-0.348416,0.063199,0.251308,0.033775,0.118219,-0.020616,-0.031924,0.067341,0.047565,0.081417,0.238980,0.001390,0.153158,-0.091675,-0.041658,0.076503,0.137819,0.068878,0.108958,-0.425334,0.183865,-0.119717,-0.209264,-0.153854,0.072397,0.210527,0.319231,0.159237,0.010814,0.253831,0.698276,0.023897,-0.005868,-0.228749,0.171451,-0.152181,0.013328,0.019774,-0.121754,0.106942,0.043988,0.079764,0.023723,-0.181847,0.171829,-0.405556,0.268269,0.258285,0.116931,0.063183,-0.070284,-0.110864,0.117506,0.116427,0.142210,-0.248308,-0.125823,-0.182545,0.087687,0.104893,-0.088481,0.283884,-0.105220,0.132476,0.057433,-0.025645,-0.049098,0.004345,0.234263,0.008865,-0.198428,0.045446,-0.304371,0.319751,-0.207441,-0.089130,-0.182056,0.240182,-0.060079,-0.170492,0.082510,0.107370,-0.018779,0.019042,-0.137566,0.205694,0.215794,-0.074311
0.082767,0.041036,-0.216166,-0.000973,0.249271,-0.175279,-0.082348,-0.194878,0.302218,-0.081742,0.191826,0.094908,-0.465733,-0.047255,-0.022885,0.153282,0.032745,-0.048546,0.085173,-0.022968,0.172218,0.008734,-0.058212,-0.232616,-0.091139,0.004576,-0.066237,0.146401,-0.136638,-0.088750,0.062969,-0.065212,-0.029487,0.243483,-0.164990,0.094878,0.039149,0.132513,0.015448,-0.297043,-0.381650,-0.036740,0.068125,0.133975,0.049213,-0.121136,0.044531,0.024823,-0.001749,0.056641,0.400786,-0.167699,0.128683,-0.121316,0.007943,-0.034336,0.020318,-0.046463,-0.349862,-0.011720,0.046774,0.100915,-0.221405,0.006444,0.217413,0.085749,0.349415,0.139728,-0.031535,-0.098450,0.161396,-0.171330,0.067455,-0.122423,0.251960,0.075625,-0.159450,-0.148565,0.268431,0.046476,0.026502,-0.065782,0.044956,-0.109433,0.279015,-0.023565,0.056308,0.138130,0.106678,0.157866,0.057537,-0.041457,-0.005085,-0.165535,0.198389,0.084700,0.034802,-0.125733,-0.032872,0.025504,-0.106207,0.300530,-0.144216,0.108231,-0.008808,-0.046913,-0.117941,0.036365,0.427086,-0.011328,-0.135987,-0.061150,-0.283110,0.205386,-0.123233,0.269547,0.150353,0.197391,-0.024774,0.053280,-0.046528,0.044491,-0.137936,-0.164456,-0.060129,-0.029066,-0.214969,-0.162290
-0.009841,0.000311,0.024939,0.004211,0.044680,0.042927,0.001121,0.030110,0.007030,0.025804,0.014116,-0.021166,0.007293,-0.024403,0.036969,0.012330,-0.014692,-0.065904,0.008109,-0.044931,0.045794,0.024870,-0.001499,0.063019,-0.028422,0.028379,-0.008167,-0.028970,-0.046744,-0.054777,0.017706,-0.006718,-0.031103,-0.050986,-0.026501,-0.019807,-0.002346,-0.028976,0.013875,-0.009973,-0.056449,-0.002769,-0.000719,-0.009630,0.004424,0.007256,0.000239,-0.024199,0.003771,-0.012669,0.004775,-0.052225,0.001219,0.027650,0.035575,0.009869,-0.004394,-0.016269,-0.034430,-0.005358,0.041867,0.009059,-0.016953,0.015823,0.028241,0.035743,0.060292,-0.012255,0.000655,-0.032538,-0.020058,0.005655,0.011869,-0.028379,-0.012356,-0.038831,-0.027418,0.042558,0.043178,-0.027035,0.024433,0.007796,0.005627,-0.015210,-0.043737,-0.020957,-0.023778,0.010057,-0.052577,0.003206,0.023601,0.043005,0.033122,-0.096393,0.002050,0.017791,-0.029976,-0.009801,0.030574,-0.028833,-0.027589,0.041807,0.022831,-0.008604,-0.014237,-0.004941,0.024199,-0.019072,0.081033,-0.002836,-0.037357,0.071650,0.009194,0.004511,-0.003764,0.046824,-0.034751,-0.063024,0.039944,-0.016071,0.022477,0.000179,-0.037579,0.015238,-0.008571,-0.035996,-0.079219,-0.028194
-0.001323,-0.000857,0.007254,-0.001263,-0.007308,0.003078,0.000500,-0.000413,0.007997,0.005523,-0.004704,-0.000947,-0.001255,-0.000720,0.000739,0.005477,0.004320,-0.000475,-0.004483,-0.004907,-0.010061,-0.000340,0.000086,0.000054,0.002916,0.004783,-0.000324,0.003750,0.000471,0.000576,0.000377,-0.001566,0.001294,-0.001846,-0.002781,0.004081,-0.003639,0.005194,-0.000320,0.005629,0.001197,-0.003644,0.000794,0.002654,0.002086,-0.001415,-0.006337,0.008110,0.000417,0.000024,0.000532,-0.002021,-0.001137,0.001735,-0.012042,0.001115,-0.000368,-0.002584,-0.003121,-0.001073,-0.000875,0.003507,-0.002586,-0.000383,-0.002225,0.000722,0.000580,0.003975,-0.000264,0.002198,-0.001630,-0.000184,-0.001398,-0.000420,0.007389,0.002715,-0.004083,0.001359,0.004052,-0.000013,0.000725,0.001794,-0.002831,0.000532,-0.005669,0.001354,-0.005093,-0.005820,-0.000248,0.000030,0.002038,-0.003329,-0.000854,-0.002603,0.003847,0.000516,0.003508,-0.000138,0.000172,-0.002243,0.001063,-0.000056,-0.003593,0.004777,-0.004820,0.000559,0.004763,0.002935,0.000685,0.002517,0.001503,0.002571,-0.003230,0.002020,0.003197,-0.001235,0.002832,0.012305,-0.000221,0.001401,0.001659,-0.002643,-0.001449,0.002623,0.003157,-0.001238,-0.005619,-0.003392
-0.000441,-0.036327,-0.050831,0.016453,-0.106671,-0.064007,-0.037681,-0.012554,-0.073008,-0.037062,-0.054530,0.012767,-0.006450,0.030869,-0.071527,-0.016377,0.043797,0.034877,0.008193,0.084766,-0.038308,-0.050470,0.042410,-0.070137,0.016242,-0.008727,0.050824,0.050657,0.067838,0.066432,0.013846,0.016525,0.056030,0.089672,0.011352,-0.019058,0.052155,0.014145,-0.009287,0.040277,0.092635,0.000007,-0.035843,0.020912,0.017299,-0.013625,0.000926,0.005305,0.007485,0.007956,-0.015584,0.015500,0.009048,-0.038156,-0.023997,-0.038626,0.043947,-0.019298,0.007337,0.056567,-0.020761,0.007493,-0.030530,-0.039063,0.024581,-0.048211,0.038837,0.017788,-0.004254,0.029390,-0.028960,-0.041569,-0.017842,0.031955,0.036277,0.015845,0.045864,-0.043877,-0.021015,0.021710,-0.018996,-0.035916,0.010786,-0.005840,0.022539,0.014593,0.047097,0.085242,0.038654,0.034221,-0.013974,-0.025086,-0.014522,0.048411,-0.013050,0.006497,0.021061,-0.000413,0.001791,0.037343,0.042814,-0.010206,-0.017573,-0.078952,0.020761,0.052363,-0.015872,0.030295,-0.031478,0.012488,-0.014709,-0.038502,-0.005247,0.010783,-0.021662,0.019065,0.028721,0.010235,-0.037635,0.007904,-0.037919,-0.058526,0.069245,-0.034663,0.018752,0.021182,0.169107,0.002096
-0.059996,0.046067,0.007965,0.009322,-0.203662,-0.047281,-0.139053,0.182758,-0.207737,-0.263201,-0.038306,-0.060759,0.298171,0.129789,0.081924,0.056591,0.008626,-0.044588,0.151010,0.056336,-0.208941,-0.124610,0.030734,0.186438,-0.035888,-0.012765,0.057164,0.042210,-0.086543,-0.050858,0.066035,0.003870,-0.139679,-0.037431,-0.106499,0.027002,0.027005,0.009013,-0.050810,0.226943,-0.089857,0.115933,0.029750,-0.029801,-0.006329,-0.109402,0.086661,-0.024255,-0.103353,0.044566,0.040009,-0.081408,0.016481,-0.025606,-0.338178,0.083263,0.107737,-0.193590,-0.059142,0.123611,0.108467,0.149241,-0.033608,0.045800,-0.177532,0.116840,-0.049238,-0.045852,0.064804,-0.054541,0.009633,0.016916,0.185041,-0.165012,-0.014134,-0.001705,0.170959,0.145289,-0.285044,-0.018553,0.078899,0.000771,-0.029285,0.025745,-0.186948,-0.134038,-0.082924,-0.034515,0.121026,0.243326,-0.076962,-0.095366,0.097320,0.095387,-0.031144,0.089935,-0.173724,-0.042154,0.192188,-0.016899,-0.060039,0.163317,-0.209141,-0.036817,-0.098534,0.220968,0.080761,0.103415,0.188519,0.028040,0.105331,0.028849,0.104923,-0.120332,-0.293404,-0.022702,0.070640,0.253572,0.028616,0.037011,-0.238849,0.030076,-0.051614,-0.022913,-0.060675,0.107918,-0.142276,-0.129588
0.029042,0.197455,0.081699,-0.152203,0.058060,0.061520,0.271506,0.199554,-0.095769,-0.224228,-0.216104,-0.110634,0.424519,0.310649,-0.010840,-0.100144,-0.226043,-0.096570,0.293528,-0.210898,0.087655,0.068855,0.285956,-0.061064,-0.296761,-0.193034,-0.099694,0.067726,0.342727,-0.286836,-0.136879,-0.015067,0.064522,0.019468,-0.227193,0.019097,-0.055170,0.002366,0.028518,0.017972,-0.015037,0.128940,-0.029871,-0.272005,0.064185,0.384202,0.081467,-0.085601,-0.107019,0.032631,-0.022768,-0.019005,0.237239,0.108442,-0.008251,-0.113379,-0.040282,0.063436,-0.213399,0.031357,0.070108,-0.029200,-0.191784,0.138192,0.023350,-0.129895,-0.410534,-0.198499,0.118238,-0.107194,0.294990,-0.016023,-0.071618,-0.222761,0.062876,-0.302989,0.423938,0.166161,-0.312411,-0.166299,0.140174,-0.007573,0.023652,0.109585,-0.158298,-0.082262,-0.216263,-0.218958,-0.039715,-0.089804,-0.256378,-0.045390,-0.054855,0.061062,0.002846,0.109978,-0.261109,-0.087687,0.031803,0.028918,-0.052112,0.066143,0.015797,-0.051769,0.029513,0.146290,0.196527,-0.077394,-0.048526,-0.090004,0.132041,-0.106314,0.050470,-0.150503,-0.299239,-0.196897,-0.079866,-0.130446,-0.049285,-0.442393,-0.154679,0.295908,-0.056949,0.070180,0.075586,0.045096,0.002257,0.059325
-0.160870,0.158387,0.078986,0.147794,0.113335,-0.008747,0.019475,-0.025015,-0.091693,0.084925,-0.421337,-0.154913,0.143629,0.096480,-0.285700,0.139998,-0.209724,-0.091588,0.147594,-0.120150,0.192732,-0.198041,-0.141011,0.123755,0.012640,-0.190077,0.127234,0.032930,0.304445,0.524715,-0.078586,-0.123237,0.005205,0.040319,0.019161,-0.130797,0.119724,0.159615,0.022781,-0.120227,0.232139,0.014600,-0.088870,-0.053330,-0.403930,-0.090521,-0.201671,0.034562,0.081919,-0.440980,-0.031088,-0.205049,-0.133378,-0.213225,0.263775,0.036373,0.095988,0.171504,-0.099838,0.019872,0.276122,0.132349,0.001224,-0.144306,-0.146069,0.070574,0.179682,0.151190,-0.070746,-0.253667,-0.258008,-0.032355,-0.229785,-0.343915,0.049070,-0.352908,-0.183259,0.099847,-0.271559,0.008044,0.187736,0.007351,-0.031017,-0.092107,0.156265,0.221035,-0.037307,0.029412,-0.236810,-0.086065,-0.189510,0.035656,0.020130,0.004482,0.331361,-0.086304,-0.228556,-0.220857,0.333054,-0.141198,0.382432,0.144222,0.240051,-0.219695,-0.007025,-0.019152,0.289120,-0.000702,0.118367,0.236874,0.080446,0.099933,0.377013,-0.013043,-0.083682,0.019239,0.035306,-0.055458,-0.074306,-0.295942,0.052438,-0.481003,-0.019815,0.290215,0.030811,0.118040,0.091198,0.360971
-0.003630,-0.114521,-0.208379,0.228011,0.138617,0.253700,0.055126,0.078363,-0.195491,-0.224026,-0.202023,0.204854,-0.229269,0.104581,0.213939,-0.191258,-0.127822,-0.176544,0.093970,-0.645892,0.249432,0.179053,-0.050701,0.117120,0.273780,-0.328179,0.221662,0.088743,0.667240,-0.128127,-0.253367,-0.196157,-0.050902,-0.119437,-0.101768,-0.141202,0.196869,0.033491,-0.274746,0.104124,-0.048706,-0.047604,0.150195,0.167685,-0.159803,-0.020381,-0.067502,-0.046003,-0.049643,-0.009852,-0.019351,-0.161081,-0.081514,-0.118783,-0.164518,0.212351,-0.154418,0.310871,-0.018904,0.152525,-0.042943,0.263089,0.225283,-0.174009,-0.029225,-0.176913,0.348962,0.006202,0.063778,-0.235287,-0.122183,-0.061345,-0.345571,0.084886,0.062165,-0.362666,-0.365051,-0.057591,-0.153012,0.113799,0.150449,0.066311,-0.035911,-0.002766,0.218324,0.269087,-0.040300,-0.025447,-0.238197,-0.359785,-0.609945,-0.189580,0.041006,0.115895,0.544462,0.027136,0.239097,-0.127102,0.085788,-0.016980,-0.107212,0.109876,-0.410682,-0.225005,0.046653,-0.357343,0.102403,0.287928,0.158051,-0.231564,-0.162252,-0.412613,0.076498,-0.160662,-0.274367,-0.176782,-0.036400,0.208943,0.035514,-0.095749,0.006474,-0.365691,-0.178697,0.080442,-0.146348,-0.009194,-0.086246,0.276488
0.147044,0.067672,-0.030298,-0.045713,0.083897,-0.014218,0.072028,0.069904,0.085101,-0.213879,-0.110069,-0.157995,-0.031767,0.053172,0.253330,0.078190,0.241153,0.049976,-0.370172,-0.174070,-0.094303,0.054765,-0.243479,-0.200345,0.191233,-0.170387,0.088559,0.240870,0.467218,-0.147624,0.250605,0.073490,0.075087,0.124596,-0.116108,-0.006236,-0.125999,-0.064793,-0.003080,0.083345,-0.013549,-0.098962,0.149574,0.026552,0.006181,0.177317,0.370865,-0.104401,0.442463,0.034439,-0.050847,-0.235912,-0.237287,0.011840,-0.220812,-0.011488,0.363962,-0.090631,-0.007417,0.151348,0.070768,0.213178,0.345501,0.107582,-0.188235,-0.126757,-0.058466,-0.009243,0.182734,-0.334499,-0.108853,-0.298586,-0.186731,0.057251,-0.041503,-0.509388,-0.148785,0.077933,0.055085,-0.087727,0.119286,-0.057555,-0.038163,0.269013,-0.151571,0.457695,-0.010205,0.063753,-0.044037,-0.096950,0.260445,0.042291,-0.027768,0.055365,0.672287,-0.403671,0.169555,-0.208143,0.120941,-0.127072,-0.357267,0.265214,0.068768,-0.083578,0.043362,-0.215989,0.185377,0.394350,0.121321,0.133754,-0.001938,-0.301681,-0.127957,-0.276822,0.151761,-0.403497,-0.364108,0.001618,0.039701,0.101138,-0.002316,-0.048422,-0.262276,-0.243444,-0.444517,-0.228346,-0.000320,0.034052
0.185690,0.147508,0.153005,0.060303,-0.207222,0.176551,-0.001255,0.137724,-0.234034,-0.081682,0.000896,-0.046798,0.079549,0.106519,-0.125545,0.026011,-0.003354,0.047612,-0.039640,0.427946,0.173659,0.072660,-0.049905,0.069675,-0.035102,-0.289766,-0.095200,0.756376,0.692492,0.178887,0.472075,0.150129,0.167957,-0.115559,-0.032321,-0.096584,-0.322314,0.026099,-0.072450,-0.051841,-0.024458,0.204543,-0.233253,-0.153817,0.072094,0.044534,0.274728,-0.092749,0.176356,-0.048752,0.156495,0.344920,-0.023690,0.057972,0.058856,0.069602,0.328293,-0.360533,0.091228,0.137296,-0.016855,-0.644033,0.025789,0.101627,-0.014335,0.141517,0.256701,-0.095007,0.025057,-0.187304,-0.163647,-0.081092,-0.401261,-0.184253,0.077361,-0.425785,0.106467,-0.028848,-0.037072,-0.182954,-0.205493,0.122485,0.243891,0.295292,-0.146369,0.056539,0.094947,-0.212779,0.085158,0.013536,0.614886,-0.241562,0.020909,0.217623,0.377407,-0.058101,0.186731,0.060070,-0.161256,-0.143618,-0.010393,0.102691,0.052133,-0.157504,-0.090224,-0.340934,0.057525,0.633785,0.244519,-0.025656,0.192239,0.021710,0.387558,-0.005091,0.060525,-0.007753,-0.194554,0.196653,-0.041982,0.107070,0.047158,-0.102382,-0.365614,0.101583,-0.230693,-0.242786,0.000427,-0.002485
-0.200284,0.074698,0.008485,-0.006233,-0.138016,0.148592,0.048575,0.167738,-0.105229,-0.124694,0.183734,-0.275019,-0.011040,0.033190,0.043545,0.008286,-0.127825,0.006647,-0.039560,0.263268,0.251684,0.090575,0.314421,0.037562,0.053916,-0.251358,0.009755,0.343937,0.701803,-0.052188,0.205383,0.285146,-0.032845,-0.066691,-0.267438,0.044688,-0.024038,-0.054959,-0.183913,-0.108005,-0.056646,0.482116,-0.229487,-0.162829,0.006593,0.112358,-0.167398,0.057442,-0.026103,0.328811,-0.050712,0.258919,0.113915,-0.009603,-0.001537,0.338208,-0.069433,0.069571,0.031300,0.110651,0.298643,-0.700652,-0.130649,0.193605,-0.010273,0.093209,0.139959,0.122237,-0.075679,0.179749,-0.057964,-0.025560,-0.466319,0.163651,-0.000367,-0.404129,-0.180742,0.069662,0.125392,-0.092425,0.084225,0.126196,0.057255,0.136397,-0.188409,-0.222354,-0.244734,-0.298210,0.062420,-0.167224,0.516790,-0.193130,-0.137413,0.174252,-0.629353,-0.049860,0.134422,0.135245,-0.035255,-0.051197,-0.022413,0.352399,0.081524,-0.066331,-0.267553,-0.157606,-0.005686,0.286012,0.322698,-0.037893,0.133553,-0.012554,0.119960,0.247639,0.141197,0.383515,-0.096163,0.336051,-0.012405,-0.023781,-0.132181,-0.073297,-0.634845,0.034419,0.078081,-0.121056,-0.027767,-0.067142
-0.213924,-0.124688,-0.011359,-0.086907,-0.020925,-0.086004,-0.196703,0.056973,0.088244,-0.082842,0.106060,-0.482845,0.032350,-0.153974,0.134781,0.074782,0.198884,0.191670,-0.316729,0.280294,0.299998,-0.031055,0.197407,0.097569,-0.140794,-0.264236,0.032239,-0.019194,0.441296,-0.065088,-0.197761,0.330257,-0.078351,-0.028125,-0.392659,-0.278482,-0.170335,-0.040667,-0.242581,-0.145504,0.130142,0.395257,0.080881,-0.095195,0.064331,-0.096198,-0.199645,0.216680,-0.288177,0.319965,0.038763,0.103555,0.090766,-0.039713,0.257526,-0.026351,-1.145281,0.333588,0.115074,-0.093657,-0.128147,0.381170,0.000967,0.318912,-0.164838,-0.101067,0.188343,-0.087787,-0.129943,0.475897,0.063285,-0.186155,0.148288,0.409606,-0.026207,-0.265029,0.127934,0.260927,0.068361,0.132917,-0.058841,-0.029949,0.231294,0.053509,-0.119726,-0.096411,-0.351022,-0.226539,0.235603,-0.204524,0.305757,-0.004872,-0.088616,0.206795,-0.507389,-0.063425,0.264752,0.133217,0.462575,-0.029894,0.276613,0.093626,0.264610,-0.153091,-0.351010,-0.074788,-0.024229,-0.389966,0.300338,0.187771,-0.051166,-0.164422,-0.056268,-0.010534,0.268436,0.309151,0.084582,0.319342,-0.109088,-0.169431,-0.311924,0.027823,-0.729646,0.080445,0.253579,-0.105509,-0.110347,-0.074561
-0.204265,-0.051153,0.180357,0.066985,-0.063252,-0.028443,-0.099302,0.257654,0.269539,0.109639,-0.209285,0.130435,-0.105800,0.163009,-0.087008,0.069335,0.086894,-0.028252,-0.148452,0.295417,0.162622,0.136567,-0.604831,0.132934,-0.094939,-0.371149,0.210677,0.296344,0.270597,-0.106162,-0.530801,1.093601,-0.129747,0.036386,0.034829,-0.161358,-0.148632,0.016243,-0.086933,-0.092566,0.132768,-0.044890,-0.031263,-0.140754,0.085084,-0.211471,-0.155678,0.194522,-0.104151,0.176639,-0.098688,-0.057475,-0.035389,0.037256,0.093823,-0.277209,-0.465521,0.078688,0.127529,-0.306843,0.311062,0.894126,-0.103498,0.070234,0.137729,-0.115862,0.131025,-0.075623,-0.134842,0.284801,-0.145335,0.254156,0.473870,0.084487,0.006556,-0.095914,0.118021,0.192874,0.274134,0.072760,-0.296653,-0.110996,0.133120,0.006997,-0.168614,-0.085321,-0.456218,0.033766,0.080025,-0.012994,0.141711,0.106936,0.156514,0.257600,0.417079,-0.028581,-0.107878,0.207998,0.286416,0.444331,0.017544,0.154911,0.086088,-0.144649,0.022173,0.025915,0.051864,-0.276143,0.218906,0.201907,0.107426,-0.277246,0.039395,0.005044,0.580560,-0.020826,0.262937,0.163162,-0.138042,-0.083996,0.162154,-0.211940,-0.462039,-0.257981,0.218361,-0.005703,0.019281,-0.121775
-0.117776,-0.363042,0.042455,-0.136123,-0.046874,0.137857,-0.043510,0.193500,0.333769,-0.063721,-0.163306,0.868810,-0.119794,0.280813,-0.124163,0.106627,0.025258,0.285647,-0.108139,0.396769,0.316057,0.118281,-0.217743,-0.043969,-0.259685,-0.209821,0.081071,-0.254996,-0.177439,0.421121,-0.177911,0.814556,-0.431111,0.227448,0.001758,-0.182365,0.250833,0.141035,0.343978,0.056988,-0.171260,-0.175296,-0.440382,0.045329,0.049191,0.040198,-0.237231,0.138408,0.113821,-0.140865,-0.162702,0.000827,-0.420823,0.273021,-0.027970,0.015766,0.243198,-0.013729,0.108703,0.431550,0.162947,0.231863,0.035903,0.170591,0.493296,-0.167053,0.064425,0.064582,-0.112966,0.109457,0.072988,0.006214,0.294686,0.058372,-0.113262,-0.182928,-0.351002,0.080755,-0.035920,0.056408,-0.237622,0.039455,-0.195050,-0.092139,-0.173201,-0.005473,0.148319,0.029506,0.002333,-0.280618,-0.151482,0.138599,0.073541,0.219716,0.620087,-0.106558,-0.212349,0.212081,-0.012546,1.004093,-0.141101,0.267558,0.132776,-0.058351,-0.110394,0.252872,-0.111318,-0.241891,0.130099,0.147220,0.179324,0.323180,0.069338,-0.233154,0.521536,-0.309330,0.248327,0.108317,-0.264428,-0.310267,-0.366056,-0.224307,-0.208904,0.203828,-0.101625,-0.183316,-0.231741,-0.092992
-0.156306,-0.614070,-0.217259,-0.233585,-0.231709,0.141921,-0.157360,0.034058,0.457535,-0.265233,-0.312498,0.525646,-0.085899,0.235661,-0.097823,-0.148745,-0.094861,-0.046569,0.124116,0.029289,0.481854,-0.030389,0.173768,-0.118871,-0.292209,-0.155516,-0.104708,-0.094159,-0.347387,0.313856,0.089427,-0.494705,-0.219213,0.096976,0.203726,-0.038748,0.254917,0.243002,-0.172348,0.017211,-0.284567,0.230264,-0.224688,-0.019626,0.265637,0.214310,-0.047314,0.249784,-0.014176,-0.096959,-0.232598,-0.186936,-0.057488,0.062476,-0.049899,-0.010134,-0.072146,-0.237873,0.221222,0.383559,-0.133267,-0.307238,-0.091562,0.050540,-0.285801,-0.176004,0.168041,-0.187475,0.072980,-0.093349,0.110661,0.250557,0.186697,0.415216,-0.024199,-0.080988,-0.281423,-0.156908,0.164141,-0.095514,-0.326185,-0.064312,-0.117312,0.101847,-0.367094,0.044226,0.184252,0.179197,0.531623,-0.186561,-0.276377,0.028807,0.024439,0.101621,-0.308123,0.001176,-0.822306,0.261964,-0.112892,1.371489,0.023111,0.077108,-0.037957,0.139162,0.008830,0.350285,0.134412,0.132851,0.154586,-0.076394,0.241179,0.405643,0.013118,-0.108175,-0.294726,-0.447405,0.201163,0.213904,-0.296293,-0.410430,-0.045034,-0.056546,-0.306777,0.095414,-0.004929,0.245265,-0.480599,0.077610
0.009966,-0.612690,-0.072621,0.029981,-0.171877,-0.167763,-0.129120,0.028060,0.793670,-0.007846,-0.640175,-0.087037,-0.012238,-0.021390,0.260603,-0.529284,0.091682,0.105479,-0.067328,-0.051458,0.102002,-0.169724,0.056358,0.047833,-0.323746,-0.099451,-0.202634,-0.052038,-0.254833,-0.251828,0.123759,-1.100832,-0.228654,0.098241,0.729513,0.302755,-0.140361,0.188759,-0.065895,0.267454,0.235364,0.135290,0.197885,0.035459,-0.035937,-0.120220,-0.121970,0.146247,-0.038367,0.252373,-0.134864,-0.088171,0.054850,-0.207974,0.387411,0.143282,0.071016,0.046754,0.302459,0.100377,0.002030,0.141608,0.135286,-0.011711,-0.563576,0.091331,0.268402,0.069642,0.258290,-0.175690,0.133454,0.113548,-0.197325,0.506653,-0.015843,-0.053129,-0.260499,0.060828,-0.148626,-0.477342,-0.226729,-0.054793,0.156375,0.140657,-0.273183,0.175217,0.103764,0.468833,0.163366,-0.468307,0.135576,-0.107064,0.368340,-0.223999,-0.228500,-0.180349,-0.062561,0.001083,-0.013478,0.557036,0.286962,0.167949,0.159743,0.240611,0.047747,-0.125080,0.046857,-0.192009,0.074762,0.184332,0.159731,0.158905,0.010834,0.058907,-0.617216,-0.139983,-0.114757,0.196406,-0.258600,-0.183530,0.161376,-0.032807,-0.259036,0.026971,0.481812,0.096225,-0.425534,0.145690
-0.076919,-0.307342,-0.018895,-0.091307,-0.072476,-0.171242,0.286655,-0.150797,0.476165,0.300144,-0.500418,-0.435148,-0.084149,0.038800,-0.180608,-0.365247,-0.083424,0.272980,0.087992,0.003698,0.091573,-0.132377,-0.027410,0.045438,-0.115112,0.097514,0.062031,-0.080435,-0.079366,-0.050050,0.104292,-0.065346,0.235741,0.110665,0.776988,0.116893,-0.074531,0.281673,0.023068,0.660827,0.295847,0.022818,0.448531,0.098409,0.029231,-0.115916,0.038691,0.187831,0.088545,0.435332,-0.217996,0.110794,0.336506,-0.112517,0.739474,0.018432,0.524161,0.027932,0.242760,-0.036418,0.024790,0.380729,-0.057412,-0.222594,-0.180835,0.538640,0.392207,-0.302196,-0.160830,0.069717,0.038742,0.173445,0.077445,0.096859,0.205081,-0.040572,0.095302,0.024693,-0.414887,-0.774620,-0.071699,-0.244852,0.077729,-0.152169,-0.665816,0.269452,0.131032,-0.167925,-0.142625,0.156073,-0.019454,0.172335,-0.056602,-0.183739,0.349654,0.030930,0.296063,-0.152227,-0.214800,-0.508446,0.085324,-0.045697,0.038055,0.048421,0.236748,-0.188811,-0.903871,-0.047978,0.133840,0.355513,0.282800,-0.083372,0.031443,-0.096936,0.219091,0.040527,-0.301713,0.090575,-0.052981,-0.049931,0.103278,0.031307,-0.082344,0.409972,0.016094,-0.040836,-0.265824,0.423579
-1.168661,-0.163788,0.253982,0.341204,0.295631,0.005190,0.193560,-0.269492,0.425260,-0.239267,-0.140708,-0.103595,-0.029600,0.361954,-0.058375,-0.293671,0.003427,0.009091,0.185443,0.075399,0.187946,-0.199392,0.127306,-0.057780,-0.036169,0.074908,0.088424,-0.104953,0.207421,0.583349,-0.076381,0.055507,0.358198,0.235958,0.492708,0.151152,-0.581806,0.069554,-0.045678,0.467998,-0.004741,-0.108357,0.187301,-0.206349,-0.058340,0.265543,-0.102498,-0.120266,-0.165100,-0.131991,0.083184,0.247612,-0.230900,0.138975,0.430421,-0.360412,0.197084,-0.305527,0.395820,-0.260537,0.196590,-0.043190,-0.230338,0.266807,-0.069530,0.407546,0.205162,-0.061413,-0.340137,0.033441,0.138303,-0.027108,0.249391,0.106728,0.225298,-0.082099,0.411231,-0.140118,-0.614069,0.148112,0.142324,-0.321321,0.133646,-0.021276,-0.305509,0.145719,0.014934,-0.127939,-0.267978,0.522159,-0.198034,-0.105988,-0.136748,0.061431,0.189621,0.152246,-0.063410,0.059522,-0.213420,-0.467074,-0.012276,-0.056735,-0.152029,-0.058090,-0.084251,0.005751,-0.682599,0.005857,-0.122396,-0.323659,0.115796,-0.274073,-0.034740,-0.176304,0.061561,0.054025,-0.170282,0.173523,-0.114883,-0.318401,-0.153500,0.234268,0.024334,0.169180,-0.045860,-0.142421,-0.300301,-0.047708
-0.783621,-0.214112,0.161500,-0.102033,0.225861,0.128289,-0.229139,0.129188,0.079760,-0.181444,0.140851,0.003833,0.151843,0.191773,-0.005834,-0.180584,0.164603,0.103665,0.293379,-0.007075,0.247885,0.367882,0.241961,-0.100520,-0.246565,0.152984,-0.026952,-0.067227,0.021383,0.387910,0.211858,-0.097330,-0.237517,0.135334,0.307078,0.080081,-0.364015,-0.153927,-0.170939,0.365430,-0.277341,-0.344746,0.156213,0.059390,-0.127970,0.081708,-0.052284,-0.051409,0.223106,-0.105389,0.165610,0.005755,-0.472898,-0.028856,0.272489,-0.127458,-0.248670,0.229084,-0.013848,-0.353468,0.074042,-0.247006,-0.148904,-0.040081,-0.179465,0.190746,0.141016,0.106793,-0.300898,0.036635,-0.120813,-0.136783,-0.018627,0.001091,-0.152945,0.077516,-0.143701,0.208700,-0.563231,1.076078,-0.020567,-0.602092,0.065305,-0.183718,-0.292751,-0.316164,0.056547,-0.008951,-0.077800,0.146421,-0.146522,0.092406,0.007095,-0.029022,-0.257976,-0.053860,-0.052754,0.246656,0.240837,-0.159863,0.201034,-0.136106,-0.404891,-0.055923,-0.085060,0.117098,0.446717,0.024742,-0.055502,-0.323275,-0.027884,-0.248375,-0.465043,-0.351951,-0.028734,-0.087964,0.041015,0.083603,0.084165,-0.180335,-0.124688,0.095388,0.104487,0.278996,0.178398,0.055327,-0.207538,-0.497017
0.229069,-0.144993,-0.287877,-0.456890,0.052211,0.028770,-0.110320,-0.228666,-0.023243,0.055043,0.120737,-0.009021,0.009849,-0.114549,0.023076,-0.183633,-0.042874,-0.013889,0.136195,0.018657,0.417842,0.249565,0.014124,0.075325,-0.043436,0.065834,0.093615,0.010223,0.003976,0.135865,0.171714,-0.038623,-0.021523,0.102448,-0.015331,0.060018,-0.331390,0.020305,-0.213638,0.351668,0.033121,-0.319167,-0.221492,-0.030584,0.303873,-0.143671,0.014778,-0.160049,0.039160,0.169720,0.091070,-0.190050,0.017420,-0.229479,0.394847,-0.112212,-0.115481,0.284628,-0.180401,-0.222484,0.106132,0.112836,-0.086650,0.061746,-0.044144,0.168825,0.069776,-0.009438,0.182509,-0.033658,-0.138533,-0.130068,-0.058441,0.100146,0.084361,0.131306,-0.243267,-0.096081,-0.237263,1.258831,0.102708,0.140657,-0.091220,-0.184642,-0.130064,0.024310,0.046913,-0.036050,-0.159504,-0.086626,0.021078,0.045160,-0.014821,0.079021,0.174915,-0.257865,0.364737,0.645885,0.267621,0.125589,0.424800,0.014904,-0.400294,-0.062671,0.011155,-0.034764,1.197655,0.398733,-0.229619,0.227483,-0.009355,-0.191793,-0.753274,-0.326916,-0.184961,-0.033772,0.145260,-0.024952,-0.150174,0.072724,-0.081775,0.016479,0.148257,0.396366,0.307413,0.008448,-0.430168,0.080536
0.634406,-0.057522,0.175845,0.104399,-0.088252,-0.059489,0.352744,0.201979,0.030414,-0.317381,-0.078377,0.119020,0.114053,0.127947,-0.045165,-0.300241,-0.009202,-0.032469,-0.171572,-0.094503,0.220238,-0.352085,-0.165646,-0.103604,0.018920,0.120778,-0.186531,-0.051363,0.118485,-0.193018,0.021072,0.007323,0.514927,0.134281,0.212879,0.083857,-0.263009,0.164414,0.097521,0.225952,0.359201,-0.197895,-0.248017,-0.141000,0.130779,0.007563,0.040305,-0.051314,0.015538,-0.043165,0.349354,-0.244498,0.336597,0.184121,0.186590,0.046486,-0.157843,0.033138,-0.073417,-0.135568,0.304303,0.016908,-0.638672,0.209381,0.035771,0.124663,0.076830,0.156769,0.636966,-0.029938,0.071798,-0.086807,0.247836,0.081902,0.175663,-0.072550,-0.223677,0.120537,0.245567,0.887488,0.045541,0.431073,-0.134612,-0.071458,-0.049399,-0.123712,0.060582,-0.144017,-0.516513,0.167557,0.095873,-0.211283,-0.236980,0.126947,0.192786,-0.013152,0.070732,0.401405,0.155230,-0.262262,-0.103567,-0.251336,0.108255,0.222047,-0.108670,0.067177,0.356603,0.219092,-0.134576,0.196611,-0.020486,0.143480,-0.716749,-0.256225,0.002722,0.095570,-0.002805,-0.223590,0.029850,0.182450,-0.124018,-0.295564,-0.059351,0.240187,-0.020073,-0.087944,-0.141961,0.414999
0.793626,-0.023067,0.061265,0.266184,-0.267893,0.044060,-0.424601,0.214588,0.203206,0.213249,-0.061587,-0.076513,0.081028,0.080020,0.168427,-0.083213,-0.118531,-0.106103,-0.250312,-0.035842,0.286840,-0.542023,-0.111262,-0.093945,0.038137,-0.050000,0.062320,-0.027608,-0.127193,-0.153610,-0.127988,0.156942,0.210767,0.168169,-0.077232,0.033642,0.102410,0.046598,-0.047377,-0.154322,0.513175,0.081061,-0.109242,0.002254,-0.308289,0.155772,-0.113976,-0.024100,0.093178,0.178512,0.178066,-0.125351,0.243385,0.014142,-0.105770,-0.053603,0.027769,0.160917,-0.047382,-0.125808,0.371758,-0.006908,-0.676375,0.577787,-0.173753,0.102723,-0.047709,0.154267,0.215805,-0.112965,-0.402407,0.308070,0.034461,-0.002417,0.010296,-0.102040,-0.344132,-0.014338,0.412321,0.246577,-0.011020,0.266771,-0.074655,-0.140058,-0.076095,-0.122663,-0.095083,-0.104538,-0.287318,0.109394,0.048071,0.037749,0.107597,-0.029727,0.200611,-0.002289,0.022995,0.092188,0.050670,-0.109642,-0.080738,-1.143308,0.185511,0.240222,-0.323045,0.014805,-0.650079,0.373444,-0.185763,-0.177578,-0.017471,0.244723,-0.408344,-0.700207,-0.316807,-0.083785,0.258831,0.037668,0.103582,0.034628,-0.244296,-0.037712,-0.195968,0.028650,-0.112142,-0.242676,0.098097,0.222580
0.458277,0.212971,-0.049500,0.075228,-0.062407,-0.310231,-0.627243,0.178653,-0.194716,-0.003394,-0.189253,0.164505,0.032213,0.119817,0.075361,-0.177526,0.104555,0.136873,-0.018039,0.078678,0.276164,-0.269456,0.177692,0.084245,0.279327,-0.010598,0.502977,0.019981,0.040989,-0.062207,0.020650,0.203569,-0.305667,0.064947,-0.234121,-0.059598,0.065311,0.044237,-0.145064,-0.166437,-0.013439,-0.041773,-0.145565,0.181846,0.028412,0.134826,0.137323,-0.093454,-0.246918,-0.025741,0.221090,-0.014198,-0.003574,-0.146171,-0.251156,-0.259743,0.416793,0.209033,-0.186038,-0.173415,0.540994,0.064219,0.177562,-0.025240,0.036365,0.321148,0.251770,-0.268281,-0.741223,-0.100028,-0.411455,0.036278,0.053290,0.006711,-0.005573,0.091599,-0.266731,0.096360,-0.015963,-0.071593,-0.214514,-0.116812,0.258482,-0.076592,-0.126357,0.113995,0.086042,-0.345323,0.120936,0.127999,0.141631,0.038678,0.095674,0.103999,-0.125994,0.266098,-0.109668,-0.528265,0.081595,0.053390,-0.123930,-1.191518,0.274675,0.153225,-0.165537,-0.214479,-0.161302,0.318491,0.056285,-0.118867,0.075312,0.158932,0.171708,-0.557716,-0.062438,0.181100,0.307219,0.018473,-0.054237,0.244568,0.071164,0.424124,-0.014803,0.198774,-0.049350,0.060226,-0.055169,0.302855
0.233855,-0.019555,-0.068384,-0.066830,-0.156027,-0.206138,0.048707,0.040114,-0.005439,-0.323802,-0.099069,0.128660,0.166698,0.314857,0.035487,-0.007002,-0.095130,-0.001440,-0.221843,-0.298770,0.150171,0.017097,0.091849,-0.102699,0.594648,-0.006579,0.151547,-0.017176,0.218346,-0.258893,-0.025002,0.045894,-0.026727,0.099289,-0.127700,0.166053,-0.090577,0.062415,-0.208632,-0.125110,-0.339569,-0.124612,0.092968,-0.031880,0.049616,0.127446,-0.052862,-0.269454,-0.270379,0.218644,0.221465,0.126049,-0.378470,0.097988,-0.222765,0.441760,0.308423,0.304512,-0.153888,-0.218228,0.212033,-0.064011,0.425645,-0.175923,0.002605,0.084029,0.194706,-0.022376,-0.575221,-0.210996,-0.218450,-0.071186,0.185238,0.188215,-0.251355,-0.071016,0.076644,0.039753,-0.065230,-0.069467,-0.078021,-0.101793,0.321515,-0.096056,-0.028940,-0.217597,-0.106332,-0.005550,0.188481,-0.208444,-0.055971,-0.054557,0.012080,0.115454,0.156407,-0.107092,0.116536,-0.243774,-0.220497,-0.039939,0.052604,-1.007965,0.049805,0.316359,0.116848,-0.078543,0.262082,-0.027094,0.155100,-0.192802,0.153204,0.323635,0.070904,-0.362329,-0.127232,-0.122035,0.320317,0.120514,-0.141460,0.155503,-0.150924,0.124571,0.075037,-0.188640,0.056882,0.055066,0.050042,-0.111274
0.177646,0.004413,0.042114,-0.073671,-0.180132,-0.129221,0.653517,0.051270,-0.089559,-0.171544,-0.312676,-0.107635,-0.026282,0.451992,0.213218,0.166621,0.001987,-0.027953,-0.037708,-0.070821,0.231813,0.041629,-0.083578,-0.001451,0.216290,-0.002391,-0.187462,-0.108499,-0.085715,-0.329979,0.095952,0.054650,-0.044603,-0.105993,-0.020548,0.261587,-0.002374,-0.075331,-0.090592,-0.236094,-0.131445,-0.438350,-0.157748,0.193052,0.049927,0.223321,-0.103217,0.012250,-0.314591,-0.020025,-0.162477,0.172280,-0.400357,0.098557,0.091924,0.312401,0.126032,0.166013,-0.392178,0.025974,0.332467,0.104751,0.355956,-0.234026,-0.242768,0.008706,0.160866,0.080572,-0.365282,-0.059779,-0.265795,-0.081315,0.097441,-0.245706,0.117840,-0.249894,0.636670,0.111523,0.210199,-0.163560,0.227255,-0.165101,-0.130823,-0.094824,-0.229359,-0.021366,0.033461,-0.098535,0.057308,-0.276134,-0.174348,0.034201,-0.148456,0.016711,0.036413,-0.082168,0.153402,-0.084314,0.160757,0.114454,-0.120581,-0.624124,0.312195,0.196934,-0.011916,0.209299,0.082657,-0.131414,-0.241476,-0.197074,0.097276,0.030601,-0.045330,-0.192253,-0.028114,0.156867,-0.070848,-0.229745,-0.125728,0.126571,0.011717,0.061623,-0.155994,0.071088,-0.032535,-0.050976,-0.029058,-0.092408
0.093794,-0.011491,0.112530,0.425304,-0.212572,-0.451226,0.127381,-0.116926,-0.187511,-0.329087,-0.306206,-0.052040,-0.185170,0.710266,0.069019,-0.125268,-0.110012,-0.062362,-0.413922,0.460164,0.320210,0.087332,-0.203161,-0.377044,0.441349,-0.141763,0.058698,0.027265,-0.103464,0.111350,0.484812,0.243010,0.118490,0.143869,-0.344316,0.034223,-0.060708,0.076740,0.121520,-0.010878,-0.070471,-0.236811,-0.175942,0.227339,-0.286355,-0.350050,0.079522,0.032190,0.348468,-0.276458,-0.268465,-0.057592,-0.050992,-0.008209,-0.089533,0.214621,0.037668,-0.135053,-0.136551,0.029694,0.177970,0.080189,0.335742,-0.304356,-0.010191,-0.226693,0.138085,-0.054202,0.137424,0.223900,-0.283793,-0.095896,0.075778,-0.171136,0.288898,-0.189372,0.567949,-0.049521,0.174786,-0.121197,-0.087062,-0.083380,-0.098038,-0.216199,-0.193214,0.078223,0.131046,0.012600,-0.395489,-0.088500,0.106263,-0.222213,0.194109,-0.211382,0.117043,-0.113600,0.108054,-0.338989,-0.133682,0.206663,0.353030,-0.396652,-0.460796,0.237057,0.017305,-0.014285,0.062941,0.081677,0.075230,0.216704,-0.129006,-0.216113,0.073078,-0.056634,-0.039039,-0.036355,-0.274195,-0.526115,-0.068187,0.573668,0.133010,-0.392784,0.163483,0.383168,-0.018652,-0.200065,0.077260,-0.076775
0.102424,0.194200,0.100185,-0.179205,0.122311,-0.055963,0.048489,-0.167657,-0.019025,0.001113,0.138018,0.399046,0.251085,0.223173,0.121326,0.002461,0.066350,0.167724,-0.056557,0.158131,0.257519,0.110291,-0.046831,0.022557,0.296068,0.075062,-0.056972,0.017498,-0.164345,0.018760,0.460217,0.026610,0.463592,0.167201,-0.069277,-0.458218,-0.108185,0.171206,-0.250094,-0.093736,-0.012608,-0.446446,0.202158,-0.075277,-0.037808,-0.435470,0.254212,-0.003258,0.221787,-0.352870,-0.217087,0.257330,-0.071437,-0.084055,-0.505585,-0.243440,-0.036880,-0.148022,0.258790,-0.023007,-0.419906,0.170554,0.468743,0.131000,-0.302414,-0.172423,-0.004339,0.432078,0.306799,0.125888,-0.072784,0.075580,-0.020695,-0.173588,0.108970,-0.317667,0.323449,0.197488,0.106196,0.100486,0.117657,-0.213608,0.025209,0.031371,-0.401224,-0.044328,0.068034,-0.080742,0.000072,-0.204881,0.069570,0.014804,0.340991,0.131838,-0.099947,-0.032917,0.422601,0.297980,-0.161032,0.078689,0.089469,-0.480723,-0.270793,-0.070907,0.239321,0.001022,-0.461535,-0.264883,0.310356,0.060597,0.062689,-0.134016,-0.176598,-0.119931,-0.305626,0.150675,0.020050,-0.258751,-0.222059,0.184229,0.192592,-0.073722,0.003183,0.404850,0.239743,-0.083566,-0.250273,-0.173492
-0.173996,-0.000378,-0.123348,-0.063090,-0.086648,-0.040045,-0.091908,0.058642,-0.007698,-0.286725,0.072648,0.274214,0.446564,0.023423,-0.156559,0.117705,0.209976,0.000350,0.352724,0.073794,-0.073106,-0.113420,-0.238641,0.389604,0.252755,0.002032,-0.066500,0.057130,0.275637,0.088285,0.199619,-0.053186,-0.032847,0.051887,0.227742,0.272886,0.102911,-0.055387,0.041616,-0.009069,-0.163583,-0.199849,0.050058,0.037556,-0.097126,-0.088937,-0.197799,0.022744,0.184382,0.192470,0.089834,0.092961,-0.050938,0.034820,-0.230470,-0.002622,-0.180317,-0.252760,-0.380401,-0.126635,0.107493,-0.176123,-0.142466,-0.142681,0.104546,-0.054048,-0.184311,0.232840,0.023070,0.292495,-0.122780,-0.270747,-0.079941,-0.161434,0.317708,0.074388,-0.339021,0.100188,0.211614,-0.075564,-0.206038,-0.014727,0.029796,-0.069363,-0.435963,0.086007,0.137059,0.430771,-0.165085,0.114795,0.017826,-0.292651,0.034243,-0.128180,0.088307,-0.092754,-0.196700,0.186710,-0.019657,-0.099754,-0.040354,-0.028990,0.309958,-0.120375,-0.031204,0.015795,-0.206883,-0.008813,0.462525,-0.093624,-0.204625,-0.148713,-0.281508,0.189414,-0.160330,-0.131968,-0.058932,0.262640,0.008474,-0.082594,0.266680,-0.238357,0.181590,0.130959,0.079771,0.014917,-0.000502,-0.061697
0.005657,-0.043785,-0.001794,0.051388,0.264930,-0.062468,0.016827,-0.052454,0.242256,0.207838,-0.101117,0.338929,-0.185195,0.056242,-0.080084,-0.048538,0.018265,-0.034852,-0.205245,-0.184491,-0.206001,-0.020269,-0.025852,-0.169726,-0.098451,0.028049,0.116268,-0.006059,0.137462,-0.256709,0.142702,-0.115287,0.005001,0.102065,-0.156662,-0.065390,-0.030106,0.093923,-0.073492,0.035871,0.252262,-0.098382,-0.166605,0.139754,0.049616,-0.001006,-0.133281,0.135502,-0.083021,0.047265,0.202340,-0.323621,0.000265,-0.158081,0.157226,0.073041,-0.098510,-0.000817,-0.306367,-0.127593,-0.026188,-0.162999,-0.004187,-0.050231,0.072291,-0.022492,0.189914,-0.019624,0.005972,0.102600,0.032949,-0.203633,0.087308,-0.193078,0.447078,-0.061868,-0.309563,0.058401,0.389495,-0.055599,0.134781,-0.040015,0.028824,0.026556,-0.009978,0.087315,0.302476,-0.069111,0.035668,0.143119,0.004516,0.003979,0.228356,-0.343293,-0.104762,0.041723,-0.136781,-0.017705,0.112421,-0.187805,-0.227864,0.105658,0.186323,-0.123817,-0.078070,0.044575,0.019431,-0.202254,0.456251,-0.229704,-0.105840,-0.322052,-0.290967,0.229955,0.061101,-0.036006,0.039784,0.311362,0.044314,-0.031111,-0.019750,-0.292391,0.013900,-0.000036,-0.005272,0.015373,0.081567,-0.112404
-0.061288,0.001535,-0.004058,-0.048911,-0.139561,0.073118,-0.001273,0.036097,-0.088268,0.036964,0.033069,-0.137925,0.085017,-0.002642,0.024270,0.014221,-0.041858,-0.053864,-0.013472,-0.171975,0.099031,-0.014201,-0.039523,0.065323,-0.012202,-0.018259,-0.064022,-0.016764,-0.142421,-0.014517,-0.046693,-0.014557,-0.043695,-0.020762,-0.116579,0.000784,0.007351,-0.036356,0.049774,0.183543,0.022510,-0.050137,-0.019787,-0.077238,0.005987,-0.004305,0.006326,-0.042464,-0.000023,-0.017416,-0.027888,-0.033399,-0.030656,0.048855,-0.201106,0.004990,-0.041795,0.006164,0.051840,0.018030,0.029767,0.032388,0.020720,0.068564,0.034412,0.078284,-0.022638,0.010179,-0.021336,-0.077606,0.067956,0.013934,-0.020141,-0.072848,-0.024519,-0.002129,-0.088110,0.075388,-0.011486,-0.047018,-0.012557,0.012528,-0.002861,0.040830,-0.080040,-0.005556,-0.076289,-0.095811,-0.038202,-0.015734,-0.005292,0.042267,0.066165,-0.226462,-0.007722,0.011810,-0.075928,0.074710,0.036695,-0.019885,-0.020093,0.033875,-0.000492,0.079858,-0.065768,0.005709,-0.031378,-0.002584,0.066218,-0.001792,-0.032416,0.059323,-0.005742,0.013739,0.014274,0.052713,-0.075819,-0.036290,0.027293,-0.018006,0.075029,-0.022878,-0.078723,0.041240,-0.050165,-0.022513,-0.088560,-0.066662
0.001344,-0.000577,-0.000872,-0.001886,-0.007241,-0.001507,-0.000719,0.000453,-0.001796,0.003711,0.002552,-0.001267,0.003066,0.005685,0.001821,-0.000141,0.000851,0.001573,0.002678,0.001206,-0.003851,0.001173,0.001316,-0.000294,0.001935,-0.000917,0.000662,0.001624,0.003395,-0.000395,0.000317,0.000522,0.001857,-0.000331,-0.000246,0.001731,0.002462,0.004779,0.001336,0.002884,0.000454,-0.000888,0.001799,-0.001205,0.003668,-0.000726,-0.001262,0.004358,-0.000284,-0.001563,0.001085,-0.001157,-0.000038,0.000488,-0.003061,-0.001049,0.000829,-0.001927,-0.000227,-0.005294,-0.002362,0.002189,0.000865,0.001558,-0.001651,0.001271,-0.004941,0.001103,0.001336,0.001270,0.000202,-0.000924,-0.000777,0.003705,-0.001364,-0.001271,-0.001832,-0.000871,-0.000399,0.000295,0.001622,-0.001832,0.000037,0.000890,-0.001547,0.006392,-0.000016,-0.000706,0.001868,0.000954,0.000615,0.000079,0.000007,0.000306,-0.001647,-0.002498,0.002357,-0.001144,0.000636,0.000076,0.001299,-0.002191,-0.001686,0.002973,-0.000389,0.000261,-0.001043,-0.000577,-0.000785,-0.005246,-0.000076,-0.002120,-0.003152,0.000201,-0.001071,-0.000379,-0.001170,0.002068,0.001538,0.000587,0.000914,0.000615,-0.001786,-0.000070,-0.000863,0.000517,0.003912,-0.002577
-0.014578,0.007897,-0.014032,0.006702,-0.099368,-0.027368,0.015241,0.004486,0.020567,-0.002667,-0.011876,0.007779,-0.044253,0.035298,-0.016379,0.010508,0.029245,0.043917,0.011057,0.014929,-0.050691,-0.022582,-0.011583,-0.092406,0.052350,-0.030809,-0.016916,0.040642,0.037761,0.062823,-0.019589,0.023127,0.008093,0.061284,-0.005109,0.037326,-0.002374,0.058952,-0.012348,-0.040386,0.056594,-0.022043,-0.008889,-0.002811,0.002006,-0.001557,-0.003406,0.044175,0.012291,0.020403,-0.002379,0.032785,0.005974,-0.013784,-0.020489,-0.000685,0.033901,-0.008033,0.043683,-0.010076,-0.020396,-0.004422,0.021026,-0.004509,-0.016260,-0.013669,-0.098038,0.035134,0.005833,0.024244,0.019926,0.014413,-0.047920,0.022355,0.045032,0.025326,-0.020668,-0.019219,-0.032535,0.027279,-0.030628,0.000382,-0.002369,0.027724,0.050691,0.022222,-0.003884,-0.028321,0.040318,0.001996,-0.018784,-0.018053,-0.032587,0.060657,-0.004804,-0.016748,0.018313,0.038071,0.002913,0.018665,0.011284,-0.004728,-0.022893,0.110579,0.009475,0.006004,-0.018333,0.013389,-0.032138,0.008815,0.014368,-0.052844,-0.001187,-0.004222,0.003352,-0.045271,-0.003002,0.036189,-0.034930,-0.006665,0.004719,-0.010619,0.008832,0.003103,0.006076,-0.000812,0.051027,0.016151
-0.053424,-0.053688,0.055756,-0.028540,-0.074437,-0.132102,-0.072026,0.139724,-0.199701,-0.155607,-0.100120,0.105679,0.276283,0.160954,0.190902,0.133397,-0.015242,-0.095413,0.226657,0.120830,0.149712,-0.065432,0.040451,0.309919,-0.009956,0.141882,0.041897,0.121756,-0.038247,-0.123488,-0.043846,-0.081038,-0.050593,-0.014664,-0.050107,0.009435,0.077803,0.035910,-0.080579,-0.018536,-0.219279,0.300699,0.214817,-0.074021,0.159153,0.004043,0.083877,-0.028696,0.027083,-0.085899,0.042367,-0.210665,0.137340,0.118992,-0.252941,0.087512,0.001557,-0.261649,-0.110770,-0.050951,0.000765,0.156096,0.025688,0.078478,-0.088787,0.075334,0.097343,-0.065980,-0.022776,0.038574,0.165724,0.096472,0.096854,0.024307,0.054167,-0.079114,0.048816,0.140853,-0.089589,-0.009363,0.065401,-0.012314,-0.021455,-0.000723,-0.249709,-0.040045,-0.183886,0.182205,-0.004387,0.194488,-0.078790,-0.100688,0.010376,0.168976,-0.010311,0.176716,-0.043515,0.082114,0.012929,-0.013343,-0.050865,0.128348,-0.237631,-0.132860,-0.216498,-0.043433,-0.040241,0.028970,-0.014531,0.023777,-0.052238,0.000295,0.034429,-0.121705,-0.272876,-0.030017,0.012847,-0.056472,0.060809,-0.058451,-0.225407,0.249634,-0.040835,-0.031481,-0.060729,0.106301,-0.177200,-0.166438
0.088218,0.059026,0.157600,0.031091,-0.015072,-0.025530,0.132603,-0.032531,0.135020,-0.011898,-0.156807,-0.004329,0.254627,0.060040,-0.008309,0.086027,-0.192630,0.012939,0.076836,-0.320729,-0.100279,-0.007844,0.142213,-0.140135,-0.344026,-0.134225,-0.060017,0.146101,0.246327,-0.204766,-0.183029,-0.066385,0.138827,-0.066830,-0.099448,-0.158216,-0.132094,-0.068468,-0.005050,0.138380,-0.075175,-0.017947,0.050873,-0.094244,0.053043,0.080067,0.106338,-0.106675,-0.049442,-0.176913,0.006717,0.119711,0.203598,0.005992,-0.113213,-0.188109,-0.086491,0.120327,-0.274286,0.053804,0.080994,0.012627,-0.030255,0.160658,-0.121654,-0.190868,0.180862,0.011542,0.071950,-0.062438,-0.006237,0.041199,-0.111747,-0.215936,0.149985,-0.323693,0.347895,0.015189,-0.167402,-0.111505,0.098360,-0.037044,-0.001666,0.015416,-0.262335,0.048249,-0.115451,-0.243935,-0.170894,-0.087895,-0.206657,0.007215,-0.156612,0.119193,0.079276,0.242113,-0.028625,0.047600,-0.119553,-0.016483,-0.017186,0.026170,0.109937,-0.087862,-0.020404,0.103689,0.244417,0.004116,-0.073579,-0.151789,0.101404,0.205835,0.133100,-0.005294,0.021145,0.132761,0.020254,0.092899,-0.033625,-0.321735,-0.065112,0.303033,-0.006806,-0.026510,0.155149,0.057777,0.027046,-0.015520
0.008711,0.208983,-0.022634,0.042269,0.103172,-0.012455,0.046057,-0.015369,0.171668,-0.009240,-0.121114,-0.335875,0.069775,-0.130846,-0.096536,0.026586,-0.170933,0.066066,0.023989,-0.520659,0.173018,-0.223308,-0.298133,-0.081252,-0.089792,-0.529333,-0.042230,-0.030976,0.209805,0.478029,-0.243639,-0.132576,-0.120612,0.182322,-0.057718,0.071151,0.015067,-0.015344,0.234906,0.029545,0.041850,-0.016275,-0.185627,-0.024687,-0.097404,-0.144490,-0.110876,-0.235370,0.063452,-0.160841,-0.069898,-0.162192,-0.033718,0.001551,-0.025761,-0.035298,-0.010602,0.080679,-0.138210,0.055739,0.272752,0.313567,0.066009,-0.101349,0.106889,0.012379,-0.045880,0.348930,-0.232999,-0.003915,-0.075811,-0.179907,-0.242761,-0.314761,0.191416,-0.670986,-0.003653,0.133765,0.052517,-0.051403,-0.001759,-0.011378,-0.075646,-0.090922,-0.191715,0.192611,0.258458,-0.102730,-0.069170,-0.028827,-0.054538,0.153763,0.077846,0.018221,0.355300,-0.034825,-0.169125,-0.082287,0.237967,-0.079412,0.285840,0.295785,0.260449,-0.106736,-0.285504,-0.163494,0.134706,0.265534,0.016289,0.143648,0.227028,0.096154,0.231529,0.293215,-0.300947,0.421372,-0.203841,-0.022681,-0.074599,-0.224021,0.181121,-0.050003,0.094528,0.172332,-0.024663,0.177573,0.034933,0.255572
-0.148757,0.225634,0.099460,-0.091396,0.171034,0.059696,-0.351057,-0.061284,0.013729,-0.115865,0.066054,-0.065579,0.317319,-0.001277,0.308204,-0.327351,0.072928,-0.100036,0.110454,-1.017892,0.261978,-0.086095,0.031702,0.191223,0.199742,-0.810687,0.311670,0.224765,0.422113,0.157459,-0.067615,-0.374692,0.075238,-0.208765,0.266110,0.057475,-0.120626,-0.098965,-0.007645,0.058357,-0.014103,-0.156565,0.056966,-0.094066,-0.019975,-0.183638,-0.301519,0.056963,-0.311192,0.088332,-0.118409,-0.112695,0.108576,0.022247,-0.095129,-0.104239,-0.469615,-0.143385,0.177599,0.016761,0.100592,0.397341,0.016763,-0.043356,0.197871,-0.074347,0.130513,-0.057131,-0.184307,-0.100872,-0.175606,-0.057000,0.024042,-0.388118,-0.029986,-0.172846,-0.307061,-0.070303,0.118011,0.130519,0.138015,0.024605,0.038721,0.092043,-0.177023,0.332164,0.173044,0.360263,0.191481,-0.366033,-0.379362,-0.166647,0.109756,0.007102,0.353446,0.075837,0.089315,-0.022956,0.151323,0.017388,-0.178358,-0.024873,-0.258466,-0.288132,0.220698,-0.230135,0.184503,0.411405,0.023861,-0.178286,0.107801,-0.025042,0.116268,0.117906,-0.200674,-0.116558,0.040427,0.261539,0.025306,0.105798,0.243878,-0.030578,-0.574316,0.077331,-0.200989,0.266737,-0.033330,0.019696
0.046276,-0.039604,-0.219483,-0.212061,0.276070,-0.088055,0.220724,0.048264,0.047332,-0.207605,0.112214,-0.136376,-0.080114,-0.057099,0.352618,-0.089311,0.270050,0.106406,-0.192319,-0.346549,0.090089,0.056990,-0.011494,-0.231777,0.178867,-0.723973,0.016341,-0.016942,0.216484,-0.076045,0.728439,-0.264240,0.007930,0.024575,0.133332,-0.143189,0.181361,-0.210077,0.018654,-0.054005,-0.312510,0.286280,-0.075128,-0.010192,0.273814,0.141991,-0.073030,-0.083338,0.142158,0.232473,-0.288065,-0.160232,0.146793,0.080769,-0.269863,-0.032177,0.106310,-0.351345,0.226074,-0.072938,-0.018618,-0.052972,-0.028259,0.010785,0.236491,-0.115723,0.244041,0.271037,-0.135276,-0.069725,-0.002248,-0.106586,0.082445,-0.001883,-0.123754,-0.161542,0.034957,-0.040689,0.192202,0.135848,0.297617,0.032529,-0.227581,-0.062213,-0.084578,0.188160,0.082107,-0.003034,0.140578,-0.033763,-0.270985,0.010225,-0.105522,-0.162813,0.484762,-0.141320,0.087884,-0.033706,-0.008744,-0.209687,-0.199725,0.093151,-0.301822,-0.258164,0.340261,-0.122151,-0.031280,0.465187,-0.200405,0.159276,0.093618,-0.077171,-0.105029,-0.109796,0.157162,-0.219606,-0.094312,0.178584,-0.111185,-0.050591,-0.183026,0.113534,-0.575304,-0.001753,-0.380088,0.014976,0.049284,0.215234
0.165502,0.023668,0.200538,-0.234348,0.086995,-0.040633,-0.025601,-0.007744,-0.009694,-0.097000,0.270646,0.051226,0.048204,-0.163448,-0.218899,-0.085521,0.009870,0.046372,-0.306591,0.876056,0.168200,-0.011530,-0.060903,0.104148,-0.353765,-0.749640,-0.121247,0.229290,0.613284,-0.018562,0.626384,-0.113783,0.231903,0.016536,0.268418,-0.177003,-0.055631,-0.111480,0.004937,-0.037395,0.059558,0.180442,0.152756,0.076349,0.160628,0.207802,-0.112464,-0.122946,0.112685,-0.030452,0.030721,-0.072373,0.171674,0.116006,-0.205468,0.065509,0.135946,-0.259799,0.272935,0.118331,0.190267,-1.070718,-0.036112,0.221877,-0.049191,-0.003407,0.515203,0.034282,-0.292732,-0.181406,0.272745,-0.193717,-0.081850,-0.147653,0.029802,-0.090300,-0.066220,0.024371,0.320018,-0.092349,0.042475,0.202468,-0.002243,-0.025255,-0.015778,0.112988,0.024687,0.072455,0.101312,-0.086749,-0.038132,0.006180,-0.024010,-0.068579,0.526697,-0.224226,0.021252,0.127008,-0.254266,-0.381600,0.100618,-0.126303,-0.096974,-0.001122,0.224935,-0.298615,0.002571,0.365391,-0.208829,-0.035466,0.261299,0.028555,0.190242,-0.198984,0.198346,0.147571,0.093898,-0.130517,-0.124489,-0.025790,0.125069,0.067249,-0.452526,-0.285179,-0.261944,-0.124927,0.079081,-0.150033
-0.116995,0.095609,-0.073149,-0.333537,-0.067677,0.065923,0.001871,0.240547,0.184807,-0.553293,0.274700,-0.162406,0.028188,-0.047833,-0.080058,0.206115,0.108267,0.098408,-0.256908,0.805574,0.323765,0.145354,-0.030284,0.078812,-0.084739,-0.748532,0.118761,-0.097927,0.687109,-0.030447,0.040077,-0.066337,0.003165,0.169331,-0.093029,0.079268,0.007935,-0.079502,-0.217508,-0.304847,-0.177053,0.147244,-0.128735,0.130879,0.183020,0.220012,-0.122966,-0.106382,0.279280,0.171373,0.049213,-0.015879,0.224628,0.029082,-0.097448,0.467610,0.251356,-0.180032,0.040275,0.258583,0.014086,-0.342131,-0.129570,0.298825,-0.010485,0.125339,0.263020,0.112487,-0.105185,-0.045650,0.108388,-0.281458,-0.351087,0.170733,-0.116069,0.125310,-0.192244,0.085278,0.163195,0.001775,0.131230,0.281585,-0.352420,-0.112206,-0.388764,-0.231478,-0.189212,-0.178832,0.360133,-0.029012,-0.004098,-0.167262,0.107127,0.026470,-0.551535,-0.187759,0.095818,-0.037015,0.060552,-0.502745,-0.087661,0.085480,-0.019957,0.137776,0.126856,0.095368,-0.025805,0.089891,0.128306,0.521478,0.086389,-0.011592,-0.047183,0.049107,0.085083,0.255936,0.363725,0.258145,-0.207820,-0.414856,-0.190540,-0.135319,-0.312000,-0.171431,-0.132876,-0.079797,0.035713,-0.225812
0.014240,-0.102480,0.037009,-0.186880,-0.113649,0.171863,0.039524,0.145904,0.126865,-0.376892,-0.148763,-0.468898,0.039069,-0.311682,0.083600,0.113398,0.097186,-0.083233,-0.224417,0.447417,0.552575,0.111800,0.433079,0.042730,-0.109607,-0.627973,-0.171438,-0.199943,0.239467,-0.319164,-0.173328,0.383570,0.153331,0.061933,-0.134531,0.062018,0.040127,-0.065110,-0.129979,-0.292626,-0.119061,0.011809,-0.044102,0.122549,-0.031830,-0.226398,-0.025328,0.064802,0.316897,0.185662,-0.038301,-0.109129,0.128658,-0.007412,-0.011885,0.057610,-0.155206,0.258319,-0.124656,0.369243,-0.241095,1.022189,0.020409,0.450089,-0.165291,0.100409,0.244562,0.067042,-0.080029,0.150455,0.041429,-0.239639,-0.069541,0.280658,-0.466976,0.014401,0.044492,0.165875,-0.003131,0.111647,-0.013313,0.053486,0.096481,-0.039110,-0.073269,-0.254528,0.062383,-0.165405,0.016660,-0.195036,0.361084,0.080782,-0.051356,-0.123744,-0.541563,-0.132594,-0.090534,0.084915,0.215924,-0.584204,-0.163977,0.031258,0.263980,0.101457,0.088462,0.029627,-0.065654,-0.216289,-0.037445,0.439726,0.128145,-0.098687,-0.096963,0.043231,0.435129,0.142716,0.231770,0.437257,-0.055351,-0.328308,-0.254627,-0.188607,-0.274706,-0.000399,0.051826,0.058219,0.075595,-0.161067
0.002718,0.028034,0.073553,0.164529,-0.102850,-0.011237,0.144991,0.038374,-0.084450,-0.445544,-0.246375,0.020261,-0.056845,0.205519,-0.224475,0.078161,-0.043439,0.145655,-0.054406,0.381402,0.260974,0.067133,-0.118484,0.033544,-0.169315,-0.439627,-0.053332,-0.223708,0.121753,0.228484,-0.165922,0.900936,0.087416,0.038637,0.193320,0.201314,0.149311,-0.081452,-0.061057,-0.190666,-0.017810,0.072246,0.051890,0.098348,0.174999,0.082371,0.036947,0.166535,-0.021739,-0.220736,-0.052229,0.051312,-0.073806,-0.073749,-0.006818,-0.314638,-0.553586,0.185795,-0.152636,0.256395,0.161433,0.996720,-0.237093,0.404941,-0.084060,0.196494,0.144822,0.112791,0.099637,0.071425,0.237288,-0.074077,0.413163,0.556825,-0.052435,0.070781,0.266748,-0.039233,0.290877,-0.117905,-0.094928,-0.179082,0.370950,0.009461,-0.120545,0.072945,0.113053,0.188155,0.102631,-0.115059,0.473789,-0.166217,-0.033989,-0.139217,0.351746,0.091441,-0.301772,0.263447,0.103258,-0.580644,-0.223231,-0.031774,0.413624,0.047564,-0.200129,0.146496,0.092205,-0.222064,-0.263208,-0.018025,0.095124,0.409319,0.042610,0.173492,0.602424,-0.299387,0.209756,0.106518,-0.070287,-0.198605,0.051907,-0.029831,-0.118680,-0.173686,0.205297,-0.007929,0.194064,-0.117207
-0.049152,0.032606,-0.008766,-0.174564,-0.060034,-0.013746,0.156555,-0.086763,0.174395,-0.275665,-0.199978,0.773664,0.013486,0.222575,-0.150995,-0.474452,0.012371,0.113465,-0.047395,0.176120,0.431390,0.271645,-0.460705,-0.121044,-0.108848,-0.291411,-0.024438,-0.259406,-0.333135,0.344324,-0.189585,1.312642,-0.320089,0.145779,0.162922,0.210700,-0.088033,-0.093374,-0.039658,-0.049982,-0.022330,-0.012349,-0.026852,-0.210812,0.074022,0.084917,-0.074273,-0.066932,0.184045,-0.293123,-0.095107,0.001240,-0.019075,0.205518,-0.081743,-0.157994,-0.255339,0.188875,-0.066955,0.323915,-0.069340,-0.254226,0.039755,0.156190,-0.309688,0.360093,0.140635,-0.091914,0.178469,-0.106757,0.323522,-0.006720,0.364616,0.298762,-0.084710,-0.120750,-0.532024,-0.380462,0.134098,-0.175908,0.179214,-0.154879,0.024249,0.086023,-0.101158,0.100911,0.290793,0.077883,0.043781,-0.090624,0.236795,0.373868,-0.012083,-0.106455,0.377623,0.032518,-0.200125,-0.173501,-0.222854,0.372857,-0.208339,-0.006324,0.123733,0.068861,0.037284,0.196739,0.203430,-0.166726,-0.038830,-0.430153,0.013901,0.458714,0.052238,0.140872,0.181057,-0.652777,0.093565,0.094445,0.173262,0.008406,0.058964,0.019235,-0.014603,-0.209662,-0.060892,0.091852,0.197372,-0.097794
-0.160060,-0.054892,-0.171998,0.129767,-0.042879,0.238369,0.020288,-0.071295,0.713554,-0.148155,-0.107104,0.345444,0.058963,-0.050644,0.181989,-0.609860,0.144135,-0.154839,0.198118,0.141629,0.200718,-0.201757,0.082634,-0.114289,-0.205415,-0.128292,0.020778,-0.115414,-0.298344,-0.240307,-0.088319,0.528511,0.244547,0.260317,0.095676,0.132029,0.106285,-0.040735,0.009154,0.086165,-0.203752,0.206277,-0.027945,-0.045422,0.172550,-0.081316,-0.055613,-0.161611,0.099673,-0.204701,-0.070805,-0.291351,0.193270,0.216181,0.003683,0.128971,-0.411820,-0.254392,0.116026,0.366203,-0.020707,-0.456398,0.099067,-0.346990,-0.205111,0.754291,0.426271,0.060012,-0.020549,0.000770,0.048131,0.183159,0.194093,0.254438,0.001022,-0.230213,-0.225916,-0.271744,0.179997,-0.127785,0.356090,0.467598,-0.168330,0.095860,-0.201277,0.392995,0.148574,0.116183,0.053762,-0.116027,0.032522,0.124095,0.084991,-0.323404,-0.090447,-0.101951,-0.103188,0.174625,-0.296713,1.222783,-0.129620,0.060612,0.124573,0.217091,0.024907,0.180303,0.500166,0.262589,0.088721,-0.169997,-0.087868,0.202809,0.217926,0.074216,-0.596713,-0.149973,0.041749,0.206617,0.023877,-0.013081,0.251427,-0.086773,0.066320,-0.027375,-0.122809,0.017182,0.242579,0.377801
-0.242020,0.042671,-0.175223,-0.144050,-0.084044,-0.133984,0.081161,0.117203,0.573189,-0.257375,-0.245792,-0.072815,0.025152,-0.040300,0.300268,-0.259279,-0.083476,-0.153674,-0.110288,-0.133920,-0.105557,-0.139943,0.142896,0.020151,-0.265009,-0.036901,0.076634,0.179550,-0.022032,-0.220608,-0.051921,-0.315592,0.000279,0.361914,0.346506,0.284275,0.225006,-0.224530,-0.276155,0.307313,0.016823,0.131301,0.296271,-0.097961,0.097954,0.195895,0.049823,-0.118125,0.091941,0.294855,-0.226583,-0.093916,0.065574,-0.046450,0.396402,0.208254,-0.250191,0.057067,-0.322162,0.202303,-0.030198,-0.119886,-0.238486,-0.045057,-0.334655,1.209338,0.510247,0.153644,0.100798,0.016920,-0.124943,0.054329,-0.186391,0.260522,0.126020,-0.041839,0.350586,0.072354,0.052110,-0.314064,0.221208,0.297567,-0.145637,0.038360,-0.140370,0.086202,-0.041693,0.195226,-0.029550,-0.425327,-0.018155,-0.121309,0.183065,-0.307560,-0.051926,-0.125181,0.301127,0.003629,-0.057106,0.947151,-0.106835,0.064311,0.010494,0.508706,0.293857,-0.263555,-0.099136,-0.169142,0.022288,0.141415,0.181280,-0.157240,0.071764,-0.013527,-0.367432,-0.133904,0.083559,0.179415,-0.058261,0.079514,0.140110,-0.178485,0.090354,-0.099903,0.100420,-0.056571,0.299321,0.085894
-0.441789,0.087468,-0.062656,0.169346,0.097176,-0.085575,0.316221,0.141900,0.251622,0.199225,-0.423689,-0.270776,-0.226136,0.113409,-0.060516,0.030202,-0.155346,0.072519,-0.149803,-0.195243,-0.144509,-0.041884,-0.348414,-0.036317,-0.042248,-0.247447,-0.169572,-0.150003,0.272587,-0.038365,-0.179370,-0.174798,0.323570,-0.094020,0.091222,0.056501,0.405576,0.032882,0.065035,0.578602,0.025314,0.114583,0.681199,0.045692,0.045993,-0.061013,0.128585,0.014136,-0.050704,0.467107,-0.015940,0.136209,0.413084,-0.005603,0.584646,-0.100874,0.315806,-0.170042,-0.245013,-0.042655,-0.132735,0.305589,0.041220,0.151019,-0.014204,1.209830,0.555627,0.077679,-0.020928,0.160706,-0.019699,-0.109836,0.040940,0.073360,0.060699,0.124894,0.372239,0.145195,0.055093,0.513377,0.049006,-0.062657,-0.189862,-0.104944,-0.326588,-0.002395,-0.006262,-0.129015,0.029380,0.244365,0.158725,-0.216350,0.082878,-0.264447,-0.005140,-0.066711,0.442095,0.130003,-0.179188,0.168963,-0.107720,-0.049181,-0.012602,0.152071,0.549598,-0.161551,-0.824918,-0.158171,0.223144,0.113734,0.132528,-0.112401,0.469927,-0.153518,-0.157169,0.044102,-0.026846,0.013827,-0.087354,-0.033591,-0.094386,-0.109273,0.016338,-0.067807,-0.115535,-0.092213,0.119642,0.179672
-0.463584,-0.065793,0.250384,0.375194,0.300500,-0.074443,0.200378,0.057780,0.243446,-0.278028,-0.137507,-0.087494,-0.154245,0.266641,0.014245,-0.233531,0.097532,-0.032877,0.103877,0.067119,0.296352,0.197214,0.165250,-0.203015,0.035315,0.010495,-0.181330,0.156210,-0.027872,0.387096,0.042755,0.066428,0.129118,-0.214650,-0.070730,0.138440,0.159277,0.033668,0.195494,0.668594,-0.087662,0.006870,0.243776,0.107698,-0.288745,-0.002265,-0.148829,0.056953,-0.330893,-0.005270,-0.192660,0.101020,-0.468112,0.296352,0.328545,0.270826,0.452406,-0.179517,-0.285067,0.005714,-0.421363,-0.157767,-0.030324,0.090954,-0.160389,0.668537,0.133930,0.124307,-0.259511,-0.129699,0.043185,-0.319205,0.268952,0.211831,-0.023353,-0.178859,-0.053525,0.154679,-0.101702,1.298835,-0.128863,-0.250263,0.260834,-0.101622,0.094487,-0.362316,-0.042127,0.090701,-0.135282,0.229569,-0.067514,-0.202032,0.044080,-0.199341,0.058403,0.352259,0.140376,0.000803,-0.409661,-0.214844,-0.208139,-0.158313,0.065436,0.043554,-0.170310,-0.088525,-0.518959,-0.124648,-0.370726,-0.409133,0.074543,-0.013530,0.334926,-0.244232,-0.098519,-0.150407,-0.131451,0.124580,-0.016199,-0.349648,-0.398912,0.055904,-0.109796,-0.032839,-0.136539,-0.198262,0.018215,-0.433083
0.722846,0.012317,0.276632,-0.408498,0.128156,-0.014635,0.072133,0.018119,0.110579,0.108442,0.198799,-0.103283,-0.231110,0.164347,0.028864,-0.397755,0.096939,0.297128,0.111705,0.102609,0.326491,0.307908,0.118293,-0.241412,-0.246697,-0.103761,-0.068765,-0.176191,-0.122539,0.459951,0.097496,0.078315,-0.169785,-0.084660,0.055526,0.141545,-0.251161,-0.116583,0.054887,0.337608,-0.490158,-0.176726,0.359542,0.057375,-0.043252,-0.072172,-0.072000,0.137371,-0.050171,0.088966,-0.120452,0.009026,-0.185024,-0.152715,0.303374,-0.194231,0.067591,-0.229471,-0.238939,-0.120314,-0.192079,-0.327801,-0.018737,0.079299,0.310768,0.224248,0.110349,-0.206061,-0.154724,0.014306,-0.199185,0.015697,-0.125668,-0.118506,0.116543,0.135793,-0.407473,0.035934,-0.288266,1.068987,-0.158550,-0.904956,0.162273,-0.023009,0.151235,0.034222,0.098775,0.084330,-0.035675,0.035334,-0.060560,0.130155,0.214900,-0.071627,-0.167319,-0.176200,0.083150,0.064143,0.123034,-0.120892,0.263079,0.210455,0.046332,0.072007,-0.291531,-0.144034,0.564500,0.046593,-0.160093,-0.299582,0.036745,-0.277411,0.340348,-0.098517,-0.102939,-0.204588,-0.067188,0.114183,-0.050378,-0.127435,0.099937,0.190831,-0.051820,0.154407,0.027538,0.122463,0.025095,-0.543708
0.926827,0.036163,-0.046857,-0.235358,-0.078989,0.020752,0.045498,-0.238606,0.020589,0.267142,0.105607,-0.088874,-0.057127,0.077157,0.068853,-0.332043,0.048610,0.142124,-0.089519,0.163466,0.266909,0.027644,0.103141,0.107448,-0.014061,-0.079669,-0.157917,-0.164230,-0.066613,-0.056063,0.137625,0.046258,0.269574,-0.231155,0.082703,0.006779,-0.832687,-0.108718,0.048698,0.223872,-0.073226,-0.102113,0.034809,-0.020384,0.160926,-0.172613,-0.085189,-0.137308,0.232055,0.252610,-0.116671,0.135546,0.088901,-0.133456,0.217465,-0.102417,0.029493,-0.202789,-0.087378,-0.078081,-0.356956,-0.110094,-0.371555,0.074799,0.246877,0.254578,0.151629,-0.125212,0.088521,-0.036008,-0.141153,-0.181635,-0.041490,0.019985,-0.075558,0.166815,-0.097813,0.222270,-0.283505,0.402398,-0.108408,-0.889292,-0.145562,0.033069,0.210105,0.283158,0.188166,0.002119,-0.323620,-0.024004,0.102319,-0.024604,-0.109192,0.025422,0.141514,-0.066691,0.188596,0.504352,0.446962,0.100916,0.029974,0.184758,-0.113084,0.236155,-0.600999,-0.148160,1.002460,0.196609,-0.036936,0.207121,0.148476,-0.089036,0.181351,0.089874,-0.166752,-0.040074,-0.017150,0.034702,-0.058675,0.077179,-0.049378,0.053824,0.114748,0.132902,-0.066195,0.143136,-0.103983,0.146393
0.712221,0.293287,-0.048424,0.443184,0.055692,0.085117,-0.122500,0.136479,0.140923,0.028428,-0.019021,-0.056467,0.019739,0.334436,0.075871,-0.083645,-0.189507,0.005127,-0.074094,0.093034,0.103308,-0.405374,-0.150779,0.000909,0.189364,-0.105685,-0.168307,-0.102793,0.095273,-0.244258,-0.160217,-0.090111,0.142449,-0.169536,0.154067,0.009045,-0.686507,-0.043813,0.051867,0.091505,0.185946,-0.019593,-0.204209,-0.227952,-0.052419,-0.120163,0.047764,-0.104748,0.100247,-0.151880,0.011588,-0.107059,0.049839,0.092427,0.153288,0.018599,-0.057620,-0.039291,-0.385673,-0.020221,-0.138616,0.124407,-0.627808,0.243296,-0.314973,0.224637,0.107981,-0.076030,0.414260,-0.031216,-0.298544,-0.011481,-0.015768,0.079851,-0.195023,0.053489,0.287952,-0.089010,-0.178936,-0.137557,-0.026471,-0.443021,-0.064220,0.057704,0.010452,-0.004357,0.067950,0.031148,-0.400036,0.359380,-0.035408,0.034217,-0.106402,0.149654,-0.080744,-0.022987,-0.168085,0.420262,0.148388,0.076477,-0.078217,0.119785,-0.061157,0.381444,-0.606330,-0.161209,0.158806,0.432715,-0.078616,0.127516,0.284633,0.133618,-0.039023,-0.002128,-0.074476,0.139828,-0.028458,0.145517,-0.038637,-0.156531,0.027122,-0.126705,-0.045204,-0.077841,-0.054226,-0.103750,-0.026657,0.342557
0.270042,0.084079,-0.317895,0.225793,0.020360,-0.145036,-0.487945,0.244048,0.247537,-0.055661,-0.347139,-0.091518,-0.084238,0.031703,0.164061,-0.272779,-0.008146,0.012596,-0.202966,0.068239,0.160165,-0.317002,-0.054307,0.109883,0.702127,0.047385,0.224148,-0.484185,-0.180773,-0.190069,-0.202099,-0.104041,0.192906,-0.135374,-0.010304,-0.094671,-0.576699,-0.052232,-0.064496,-0.235239,0.376301,-0.141056,-0.403273,-0.105791,-0.066731,0.177127,-0.094084,-0.133038,-0.141714,-0.161229,0.002553,-0.287067,-0.021641,0.214852,-0.520648,0.005547,-0.028445,-0.064719,-0.252392,-0.306301,0.069366,0.172985,-0.914850,0.508130,-0.092311,-0.088692,0.173435,-0.138824,-0.332104,-0.074376,-0.010334,0.199663,-0.061626,0.229236,0.156942,-0.090314,0.214531,-0.050898,0.159122,-0.025667,-0.173764,-0.146606,-0.065584,-0.159898,0.157264,-0.113260,-0.065998,0.137157,-0.228405,0.458452,-0.223536,0.223084,0.197604,0.063987,0.036905,0.004300,-0.335602,-0.289812,0.044964,0.102505,0.157990,0.126455,-0.025030,0.361079,-0.033968,0.018075,-0.697048,0.568568,-0.126945,-0.212984,0.241883,0.182042,-0.401529,-0.175330,-0.009826,0.096247,0.010726,0.089232,-0.065109,-0.224615,-0.035466,-0.059605,-0.032647,0.003144,0.031980,-0.192775,-0.015716,0.107438
0.145845,0.051439,-0.008028,-0.087486,0.188716,0.205283,0.052308,0.321524,-0.024015,-0.394894,-0.642238,0.282938,0.123441,-0.164412,-0.020043,-0.485038,0.113979,0.000015,-0.009567,-0.024667,0.163349,0.127342,0.119015,-0.062825,0.740939,0.045803,0.288139,-0.372611,-0.180945,-0.192953,-0.226406,0.050382,0.097519,-0.180724,-0.022652,-0.220312,-0.518564,-0.028063,-0.007611,-0.201831,0.278730,0.307934,-0.408484,0.043830,0.013312,0.208123,-0.018667,0.038305,-0.107217,-0.008774,0.002030,-0.164047,0.016200,0.128940,-0.504947,-0.364003,0.020735,0.136239,-0.094275,-0.332710,0.086663,-0.230104,0.356964,0.069879,0.016754,-0.044413,0.240151,-0.148164,-0.543751,0.105510,-0.119990,-0.027167,0.145102,0.087194,0.123666,0.067104,-0.176131,0.449921,-0.143443,0.058543,0.156180,0.365696,0.227784,0.107109,0.064232,-0.043419,-0.163013,-0.095424,-0.054826,0.198938,0.311154,-0.076625,0.069592,0.195117,0.039884,-0.086692,0.191850,-0.424408,0.274511,0.015266,-0.150348,-0.353746,0.034524,0.102772,0.306408,-0.174670,-0.076531,0.191771,-0.029126,-0.357514,0.335800,0.226238,0.132628,-0.421581,-0.198384,0.081493,0.091710,0.090534,-0.201685,-0.016974,-0.234164,0.197604,-0.050657,-0.284511,0.229706,-0.020198,-0.066688,-0.015280
-0.072965,0.222595,-0.094426,-0.315654,0.222842,0.013564,0.516593,0.097412,-0.054670,-0.178634,-0.265511,0.107488,0.010395,-0.306415,-0.264591,0.128908,-0.032069,-0.046768,0.129881,-0.226790,0.252744,0.052248,0.024653,-0.098656,0.548422,-0.041104,0.088085,-0.356327,0.180435,-0.118994,-0.142120,-0.182806,0.011611,0.009346,-0.046273,0.260068,-0.259700,0.049282,0.118768,-0.231318,0.025266,0.075619,0.130852,-0.148244,-0.173955,0.169484,-0.071487,-0.131148,0.192774,0.065686,0.328537,0.036792,0.236757,0.130999,-0.172759,0.166629,-0.323702,0.228740,-0.318998,-0.466057,0.235667,-0.100479,0.695406,-0.406848,-0.188916,0.044383,0.134644,-0.282606,-0.120270,-0.003526,-0.126584,-0.063005,-0.105326,0.361200,0.187698,-0.154536,-0.133933,0.117625,0.034653,-0.261372,-0.139842,-0.053076,0.194579,0.291385,-0.086384,-0.217528,-0.293893,0.045757,0.007681,-0.155229,-0.339162,-0.080956,0.096362,0.099822,0.040770,-0.077057,-0.002963,-0.071925,0.122148,0.161482,-0.050806,-0.581357,0.217227,0.179047,-0.002887,-0.005157,0.144932,0.173159,-0.007573,-0.232309,0.192603,0.159714,0.119524,-0.183029,0.185120,0.313527,0.100785,0.051833,-0.384559,-0.218733,0.007740,-0.173533,0.227186,-0.297418,0.330180,0.054196,0.144072,-0.283899
-0.146814,-0.004363,-0.081458,0.022084,0.165741,-0.159195,0.457633,0.034085,0.018283,0.042096,-0.302575,0.118576,-0.064396,-0.299305,-0.000335,0.360043,0.049379,-0.063419,0.263925,-0.177181,0.160851,-0.080759,0.011731,-0.052167,0.108615,-0.054295,0.103208,-0.246943,0.083630,-0.180555,0.248600,-0.115839,-0.042364,-0.033287,-0.178648,0.055171,-0.213043,-0.080581,-0.206049,0.009892,0.150535,-0.247064,0.375792,0.081152,-0.283379,0.256952,-0.201594,-0.045323,0.189465,-0.017322,-0.059066,0.074709,0.072422,-0.147348,-0.044419,0.451697,-0.121858,-0.284848,-0.034573,-0.160146,0.523798,0.118207,0.568736,-0.204796,-0.445092,0.049187,0.198997,-0.116316,0.069675,0.201851,-0.109097,-0.020693,-0.039083,0.050167,0.342617,-0.078318,0.154735,-0.087219,0.321018,-0.213071,-0.044198,-0.233350,0.033444,0.196149,-0.134449,-0.104466,0.089355,0.024414,-0.301070,-0.227072,-0.354859,0.221812,0.012999,0.027578,-0.086166,-0.229996,-0.106985,-0.110462,0.274357,0.134708,0.024885,-0.435000,0.297602,0.001711,-0.105930,0.042350,0.459379,-0.001097,-0.273054,0.056366,0.129131,-0.083557,0.137238,-0.186883,0.150483,-0.141377,-0.016337,-0.214501,-0.207769,-0.234601,-0.139546,-0.155150,0.120123,-0.207835,0.147713,0.002989,0.200272,-0.236210
-0.161906,-0.065185,0.006467,-0.167340,0.153555,-0.557265,-0.124510,-0.248351,0.124599,-0.204062,0.082851,0.141978,-0.234540,0.318036,0.216699,0.110266,0.220045,0.333499,0.332714,0.116221,0.239763,0.005144,-0.226559,-0.195955,0.124012,-0.115726,-0.217551,-0.410976,-0.080004,0.005981,0.612352,0.058475,-0.390607,0.398837,-0.298350,0.285975,-0.110738,-0.053628,0.058817,0.031126,-0.008943,0.406475,-0.062302,0.135535,-0.421128,-0.258021,0.034333,0.160286,0.156159,-0.179792,-0.071257,0.280689,0.143345,-0.198433,0.058300,-0.099008,-0.190242,0.028885,-0.213341,-0.032243,0.257128,-0.175989,0.263946,0.160163,-0.052206,-0.228415,0.113183,0.014909,0.212589,0.299230,-0.092365,-0.205625,-0.048832,-0.168321,0.179215,-0.120561,0.457252,-0.162350,0.300359,0.068046,-0.203407,-0.288509,-0.378780,0.005849,-0.066272,0.183997,0.098424,0.114746,-0.135206,0.095853,-0.187513,-0.159379,0.313861,-0.286804,-0.090036,-0.167640,-0.128947,-0.340554,-0.158175,-0.013130,0.362412,-0.691481,-0.278891,-0.176794,-0.192382,-0.080937,-0.019748,-0.008095,0.229191,0.130112,0.142542,-0.434705,0.212604,-0.107668,0.182870,-0.247128,-0.267965,-0.280733,-0.076966,-0.082588,0.132441,-0.203501,0.066400,-0.041272,-0.085707,-0.141011,0.641804,0.041154
-0.025559,0.038852,-0.408230,0.177540,-0.005330,-0.183374,-0.028542,-0.128066,0.213730,0.009118,0.011202,0.263592,0.189047,-0.003941,0.069805,0.327203,-0.030840,-0.277273,0.477090,-0.003065,0.241595,0.358983,-0.092224,0.014176,-0.068851,0.133056,0.051930,-0.188818,0.134094,0.172810,0.492241,0.104322,0.310251,0.358029,-0.100692,-0.313096,-0.024982,0.155270,-0.013227,-0.098407,-0.034833,0.061966,0.069281,-0.250716,0.158818,0.011160,0.060025,-0.014399,0.046182,-0.201176,0.068601,0.372835,0.110434,-0.268772,-0.263111,-0.225993,0.034914,0.136921,0.270085,-0.178807,-0.297884,-0.090540,0.394061,0.304696,0.285701,-0.053777,-0.039693,0.521091,0.041304,0.145330,0.057865,-0.071445,-0.179553,-0.261112,0.102323,-0.025754,0.024223,-0.121620,-0.107035,0.225795,0.137923,-0.308827,-0.008590,0.218763,0.050088,0.196261,0.095222,0.075253,-0.393644,-0.325863,-0.014213,0.100016,0.010564,-0.038654,-0.232138,-0.239770,0.328055,0.340022,-0.068204,0.078559,-0.009243,-0.537898,-0.097125,-0.275597,-0.076477,-0.128790,-0.128438,-0.322693,0.370561,0.072110,0.003728,-0.001382,-0.169061,-0.353700,-0.052222,-0.241637,0.072769,0.019380,-0.015324,-0.388316,0.041428,-0.297967,0.173798,0.103123,0.124007,-0.252229,0.420331,0.066274
-0.223778,-0.017173,-0.181086,0.121295,-0.300695,0.285677,0.092646,0.072003,-0.097883,0.112772,-0.173206,0.100009,0.121395,-0.123265,0.044265,0.241583,0.221977,-0.268809,0.397375,0.111405,-0.053521,-0.026322,-0.011801,0.263498,0.025515,-0.017716,0.071266,0.096114,0.049093,0.197726,0.215743,-0.088193,0.079099,0.047984,-0.066211,-0.102028,0.016825,-0.072160,-0.091448,-0.096201,0.413377,-0.307346,0.126112,-0.266839,-0.185663,0.264422,-0.171512,0.007222,-0.107393,0.122705,-0.059347,0.193294,0.221308,0.089601,-0.086597,0.095047,-0.132601,0.034034,-0.126575,-0.061965,-0.200917,0.012856,-0.233815,0.087067,0.250671,0.074037,-0.119128,0.105677,0.056853,-0.072309,-0.169174,-0.009997,-0.069644,-0.068289,0.441037,0.132073,0.024901,0.093870,-0.070723,-0.034666,-0.077837,0.016365,0.009417,0.139973,-0.429950,0.057638,0.165525,-0.072765,-0.232176,-0.374682,-0.131161,0.013139,0.626958,-0.319165,0.194443,-0.062932,-0.018698,-0.005984,0.083268,-0.152405,-0.027081,-0.176257,0.322322,-0.339157,-0.209623,0.072560,0.086698,-0.044134,0.178992,0.031426,-0.305246,-0.235735,-0.234107,-0.079478,-0.165112,-0.151437,0.244290,0.261425,0.092032,-0.419621,0.249544,-0.262451,0.249384,0.143159,-0.095454,0.021667,0.340133,-0.265286
-0.097539,-0.199099,-0.044919,0.050352,-0.321068,0.188637,0.127825,-0.059472,0.081238,0.178349,-0.040623,-0.085486,-0.083062,0.046638,-0.071685,0.222507,0.090509,-0.130698,0.150774,-0.073994,0.224027,-0.002299,-0.074087,0.207904,-0.149641,0.051059,0.062066,0.080279,-0.085350,0.188261,-0.006989,-0.082529,0.028096,-0.003495,-0.411805,-0.111301,-0.004778,-0.154939,-0.059145,0.146688,0.173896,0.033392,-0.037513,-0.107605,0.060747,0.317163,0.055631,-0.011554,-0.137682,0.012741,0.144989,-0.050700,0.155055,-0.009041,-0.305505,-0.032198,-0.192349,0.117662,-0.037150,-0.039174,0.052029,0.135186,-0.142277,-0.017655,0.157804,0.055601,0.145938,-0.179207,-0.008397,-0.172294,0.093498,0.041132,0.006739,-0.044096,0.429841,0.361106,0.090220,-0.063394,0.092563,-0.002839,-0.047702,0.025990,-0.040731,0.052102,-0.127541,0.148335,0.134032,-0.474398,-0.067131,-0.117251,-0.004005,-0.086573,0.530584,-1.072596,0.097665,-0.060599,-0.122169,0.015118,-0.043413,-0.101697,-0.036462,-0.039044,0.101660,-0.234719,-0.264832,0.010043,0.000008,0.137864,0.214862,-0.030708,-0.223947,-0.236165,-0.182792,-0.009744,-0.092946,0.122760,0.174544,0.323332,0.043667,-0.216848,0.091177,-0.032248,0.073257,0.016207,-0.174955,-0.087192,0.209356,-0.135559
-0.063097,0.030366,0.016158,-0.003144,-0.217212,-0.023427,-0.128269,0.001056,-0.036139,-0.105035,-0.007929,-0.244316,0.072077,-0.054778,0.090985,0.097907,0.033859,0.018151,0.077284,-0.042235,0.229945,-0.032922,-0.122834,0.104161,-0.025721,0.041713,-0.086472,0.072837,-0.167206,0.084343,-0.202989,0.019151,0.044588,0.082051,-0.097974,-0.010734,-0.050402,-0.083890,0.088252,0.067588,-0.034631,0.096708,-0.047745,-0.172298,0.015626,-0.035669,0.078129,-0.060322,-0.051590,-0.073470,0.016219,0.125975,0.036545,0.129483,-0.185649,-0.074865,0.007381,0.012615,0.181419,0.113396,-0.025848,0.147209,0.001717,0.091166,0.075865,0.032143,-0.083327,0.038730,-0.048204,-0.000690,0.045384,0.027165,-0.059003,-0.009296,0.077258,0.146584,0.152867,-0.053141,-0.141993,0.015875,0.047504,-0.032889,-0.012581,0.121509,-0.030194,0.073831,-0.095831,-0.123742,0.013371,-0.067042,-0.032726,-0.002304,0.119866,-0.247077,0.032051,0.107135,0.048013,0.064116,-0.123929,0.075195,0.019018,-0.034813,-0.076983,-0.028333,-0.137057,-0.026778,-0.047059,0.183853,-0.078597,0.094063,-0.022125,0.015116,0.023210,-0.070427,-0.000959,0.031648,0.085449,0.100769,0.049408,-0.065896,0.099946,0.081536,-0.049385,-0.074619,-0.107291,0.005521,0.017825,-0.061703
-0.006513,0.002867,0.003375,0.001492,0.005385,0.007099,0.017246,0.003224,0.014525,0.007775,0.009353,0.002205,-0.000793,0.002556,0.010272,-0.000316,-0.003286,-0.002600,-0.002096,-0.006918,0.001727,0.004769,-0.005616,-0.000731,0.011407,-0.006124,-0.014231,-0.001488,-0.001820,-0.000122,-0.006417,0.000842,-0.005906,-0.011421,0.000742,0.003052,-0.009728,0.003160,-0.002096,-0.031332,-0.001324,-0.013133,0.007604,-0.007992,-0.007078,0.001035,0.002941,0.005595,0.000753,0.002142,0.004802,0.004433,0.004029,0.006414,0.011807,0.003401,0.000449,0.004878,0.005885,-0.008196,0.011262,-0.004406,0.008461,0.002934,-0.008415,0.002829,-0.009269,-0.004467,0.002351,-0.003659,0.007125,0.013242,0.000572,-0.000840,-0.003545,0.008593,-0.002238,0.002956,-0.003457,0.001376,0.000457,0.008128,-0.003095,0.007138,0.010622,0.003622,-0.005528,-0.013964,-0.000416,-0.004778,0.000392,0.002452,-0.005766,0.002143,0.002061,-0.003325,0.000691,0.009884,0.004230,-0.003889,-0.008659,0.000869,0.000345,0.030816,-0.000386,-0.004299,-0.001984,-0.001481,0.002446,0.000607,0.007419,-0.000506,0.004952,-0.005455,0.002283,-0.010369,-0.007298,-0.015878,-0.002194,-0.003457,0.009612,0.009840,-0.009817,0.001276,-0.002429,-0.000579,-0.011039,0.000547
0.018302,0.011746,-0.012225,-0.028647,-0.100858,-0.020372,-0.013429,0.009598,-0.043983,-0.045096,-0.045833,-0.033413,-0.008613,0.016126,-0.028270,0.021563,0.025876,0.037029,-0.024786,-0.009749,-0.044004,-0.029870,-0.006877,-0.023270,-0.015947,-0.019543,-0.017937,-0.013063,0.015998,0.030009,0.000633,0.014197,0.008882,0.071092,-0.020304,-0.000242,0.027476,0.050439,-0.013194,0.158511,0.037919,0.031301,-0.027987,0.017194,0.031589,-0.019470,-0.021466,0.025203,0.017885,-0.005490,0.000418,0.022075,-0.024428,-0.014776,-0.143791,-0.019853,0.010663,0.005936,0.074745,0.003777,-0.049793,0.018757,0.019101,-0.005693,-0.001285,-0.016242,-0.034236,0.030546,-0.011694,0.016938,0.046087,-0.030927,-0.031355,0.010245,0.021723,0.030073,-0.041283,-0.015171,-0.016737,-0.000613,-0.051635,-0.035174,-0.009726,0.001751,-0.002874,0.033588,-0.023224,-0.018911,0.002036,0.041734,-0.013769,-0.013370,0.023242,0.001802,-0.028280,0.007569,0.014642,-0.014483,-0.018791,0.037595,0.027719,-0.007873,-0.026394,-0.032903,-0.039454,0.005765,-0.008811,0.042150,-0.046094,0.026519,0.017395,-0.030603,-0.033548,0.014510,0.031681,-0.004073,-0.006450,0.091263,0.000351,-0.004960,0.016255,-0.021430,0.032317,-0.005055,0.001838,-0.014387,0.063872,0.026604
0.012939,-0.044314,-0.074547,-0.053116,-0.022071,-0.057506,-0.024196,0.058597,-0.160946,-0.149908,-0.066648,-0.053765,0.039441,0.098867,-0.076574,-0.012988,0.051333,0.037177,0.142655,0.097968,0.210111,-0.115005,0.011691,0.089860,-0.016338,-0.047180,0.031176,0.025480,0.051819,0.110715,-0.021947,0.035892,0.080167,0.103948,-0.054629,-0.045393,0.098097,0.004251,-0.054918,0.048275,-0.068583,0.062396,0.004910,-0.059204,0.006578,-0.074435,0.057001,-0.098221,0.057695,-0.024114,-0.050872,0.018218,0.011181,0.006058,-0.102051,-0.045543,0.025290,-0.082370,0.094445,0.065689,0.024585,0.055274,0.018371,-0.023418,-0.021808,-0.005772,0.008271,0.011179,0.003377,-0.021614,0.065600,0.038535,0.009288,0.052545,-0.062983,0.082213,0.030646,0.009021,-0.071461,-0.021797,-0.128494,-0.019654,-0.048063,0.005453,0.042746,-0.023626,-0.026812,0.075041,0.032050,0.132266,-0.054287,-0.047929,-0.004983,0.089016,-0.048167,0.048010,0.013652,0.058622,0.050220,0.051962,0.026242,0.061506,-0.078011,-0.101328,-0.019128,0.082295,-0.115101,0.037946,-0.070222,0.052983,-0.015076,-0.035235,0.033061,-0.039049,-0.202238,0.044156,0.027348,-0.191011,-0.056808,0.024334,-0.080198,0.018486,0.093141,-0.001466,0.009808,0.019251,0.009226,0.025422
0.160483,-0.013303,-0.033810,-0.089026,0.115167,0.016642,0.060707,-0.158796,-0.054447,0.086718,-0.069558,-0.007289,0.010196,0.004149,-0.083515,-0.181332,0.025219,0.096394,-0.113171,-0.120888,-0.092884,0.034700,0.027252,-0.072493,-0.160068,-0.302483,-0.014874,0.184891,-0.009322,-0.067072,-0.092690,-0.013114,0.077140,-0.108291,-0.146838,-0.085137,-0.185328,-0.028565,0.065555,-0.053575,-0.026810,-0.078879,-0.096192,-0.003745,0.109577,-0.024354,0.222372,-0.079400,-0.035896,-0.052406,0.135172,0.169551,0.090927,-0.085170,0.116128,-0.304652,-0.042943,0.037059,-0.414586,0.154444,0.140354,0.002207,0.012164,-0.001367,-0.059323,-0.023814,0.185657,0.085002,0.036946,-0.075983,-0.117892,0.039762,0.032423,-0.324958,0.218909,0.002950,0.245829,-0.086072,-0.143896,-0.022828,0.121542,-0.003676,0.009022,-0.036123,0.161032,0.120591,0.075749,-0.109335,0.145425,-0.088436,-0.044251,0.035570,0.123067,-0.099437,0.097032,-0.000656,-0.006476,0.098824,0.006788,0.013153,-0.082088,0.083283,0.166796,-0.131061,0.237693,0.094502,-0.070422,0.027190,-0.028231,-0.269258,0.133911,0.071890,0.021000,0.068349,-0.016304,0.241252,0.011739,0.273158,-0.060633,0.051862,0.002137,0.184080,-0.137261,-0.164534,0.039883,0.025012,-0.018471,-0.174927
0.245495,0.020913,-0.065879,-0.224779,0.134387,-0.125704,0.074586,0.048860,-0.000160,-0.061383,0.052934,-0.128368,0.082484,-0.112936,0.036485,-0.189969,-0.114834,0.128843,-0.142803,-0.609142,0.163314,-0.017593,-0.299164,-0.176489,-0.221898,-0.440500,-0.144308,-0.043067,0.295355,0.207862,-0.147233,0.055351,-0.010749,0.090481,-0.084816,0.362285,0.038757,-0.305361,0.260824,-0.078126,0.038813,0.175775,-0.100267,-0.155440,0.225855,0.082906,0.020072,-0.366209,0.122955,0.243379,0.019915,0.063871,-0.017243,0.229049,-0.033342,0.014296,0.016412,0.089242,-0.027612,0.078888,0.069174,0.357264,0.037972,-0.233113,0.172250,0.030340,-0.402884,0.225334,-0.090093,0.121292,0.201475,-0.234802,-0.202982,-0.134844,0.058347,-0.072854,0.202698,0.081634,0.117585,-0.171281,-0.155884,-0.069359,-0.106594,-0.068672,-0.143066,-0.070290,0.382758,0.056228,0.216429,-0.121995,0.052498,0.088999,0.071890,-0.170545,0.282715,0.109010,0.038548,0.307617,-0.048292,0.017453,0.079476,0.011212,0.090356,0.022183,-0.010584,-0.187142,-0.096804,0.265518,-0.010024,-0.110561,0.362712,-0.018115,0.004772,0.319755,-0.434774,0.373018,0.010137,-0.255014,-0.152608,-0.008627,-0.075650,0.303120,0.054011,0.142804,0.111402,0.076199,0.163728,-0.049366
-0.307513,0.204576,0.055721,0.381405,0.108696,-0.104049,0.195636,-0.055837,-0.289842,0.153690,0.311803,0.285400,-0.243471,0.035959,0.349241,-0.497244,0.256830,0.362863,-0.152913,-1.105466,0.215567,-0.009286,0.280180,-0.135860,0.067812,-0.363562,0.009061,-0.024785,0.311623,0.419987,0.389319,-0.172511,0.243670,0.094428,0.083861,-0.294882,0.007864,0.116903,0.096247,-0.217754,0.118220,0.266282,0.021170,0.074997,0.310944,0.164476,0.112795,0.001768,0.038512,-0.119649,0.009881,-0.065264,0.049472,0.024073,0.091953,-0.283061,-0.122224,0.093043,0.333099,0.197190,-0.134671,0.331095,0.001834,-0.244802,0.178378,-0.076138,0.032659,0.189383,-0.071496,0.150838,-0.020784,0.020444,-0.200211,-0.082523,0.129435,0.045419,0.076449,0.104679,0.303555,0.293986,-0.091217,-0.323685,0.072792,-0.079933,-0.044903,0.229649,-0.056961,0.036648,0.247062,-0.113094,-0.115321,-0.082755,0.166751,-0.085427,0.085447,-0.010959,0.034340,-0.017934,0.136279,0.041479,0.004884,-0.145380,0.048082,0.003739,0.187243,0.013084,0.035097,0.105386,-0.216275,0.323410,0.163530,-0.001400,-0.211972,-0.157581,0.119493,0.045617,0.326778,0.067652,-0.064346,-0.072912,0.444661,0.274176,-0.452187,-0.115789,0.362022,-0.229126,-0.079562,0.204973
-0.196504,0.184093,0.033342,0.171340,0.122752,-0.150464,0.073722,-0.081556,-0.316798,0.028139,0.064552,0.097027,-0.015110,-0.201959,0.224236,-0.145489,-0.006157,-0.019283,-0.256645,-0.605442,0.231304,-0.111733,0.088161,-0.033491,-0.004131,-0.441357,-0.009208,-0.357646,0.066720,0.116169,0.955301,-0.396557,0.153536,0.104299,0.269678,0.217686,0.223421,0.150592,0.303478,-0.323131,-0.207118,0.246085,-0.009645,-0.080423,0.164651,-0.101881,-0.127270,0.211032,-0.133392,0.067110,-0.134746,-0.220546,0.146557,0.165131,-0.161867,-0.112847,0.029502,-0.008938,0.327244,-0.062263,-0.092812,-0.210242,-0.095891,0.307341,0.434884,0.226956,-0.036803,-0.053363,-0.305301,0.173714,-0.217420,0.110531,0.205388,-0.207412,-0.108238,-0.074721,0.146192,-0.052117,0.103213,0.161409,-0.101961,0.047498,-0.079374,-0.064190,-0.156098,-0.106181,-0.176419,-0.059110,0.139865,0.123230,-0.145440,-0.155782,-0.281597,-0.103813,0.506132,-0.281296,-0.086726,-0.002753,-0.048515,-0.068544,0.170405,0.086707,-0.043469,0.066432,0.267282,0.225447,-0.066332,0.323311,0.073511,0.136725,0.091486,-0.165176,0.053579,-0.093511,0.081870,-0.143176,0.367867,0.206537,-0.004209,-0.001041,-0.238019,0.156291,-0.349768,0.305119,0.165444,-0.068889,0.038339,-0.058867
-0.028928,0.191466,0.121473,0.351343,-0.079945,-0.280815,-0.067602,-0.067250,-0.061318,0.037890,0.334581,-0.093778,0.090118,-0.253239,0.047596,-0.221841,0.142902,0.148744,-0.439998,0.708799,0.028323,0.173973,-0.187884,0.100494,-0.274166,-0.286270,-0.203559,-0.543020,0.209281,-0.075842,0.510844,-0.396837,0.244314,0.140549,-0.016963,0.210073,0.019415,0.087951,0.138639,-0.117055,-0.083563,-0.152740,0.014472,-0.116186,-0.094505,-0.037883,0.067999,-0.085932,-0.103053,0.210062,-0.077956,-0.365030,-0.139240,0.172413,-0.182437,0.096718,0.266824,0.128668,0.289613,0.037944,-0.222896,-1.034611,0.305420,0.431994,0.136698,0.155612,0.217344,-0.227404,-0.052841,-0.101094,0.076786,0.026920,0.123155,-0.405631,-0.243333,0.006009,-0.043288,-0.043944,0.233985,-0.140908,-0.124637,-0.172440,-0.052167,0.017696,-0.144469,-0.276039,-0.168185,-0.083243,0.197647,-0.259674,-0.086317,0.160867,0.015474,-0.176224,0.455182,-0.157082,-0.183333,0.162496,-0.261658,-0.175383,-0.014402,0.162339,-0.036198,0.154688,0.179600,0.217766,-0.123536,0.019661,-0.325647,0.532689,0.162663,0.149382,-0.300739,-0.211473,0.234525,0.367087,0.458389,-0.014794,-0.019913,0.063230,-0.134034,0.128122,-0.131468,0.062666,-0.073656,0.056450,0.130205,-0.175927
-0.177323,0.152451,-0.008533,0.367264,-0.067970,0.224672,-0.080290,0.060499,-0.185718,0.024814,-0.020732,-0.084112,-0.084259,-0.003866,-0.251003,-0.207029,0.069485,-0.020130,-0.198778,0.968404,0.252876,0.100671,-0.203225,0.193326,-0.018359,-0.297257,-0.092762,-0.493263,0.353684,-0.091816,-0.219416,-0.575700,0.347829,0.005366,0.097486,0.161983,-0.014046,-0.131231,-0.223134,-0.125165,-0.169282,-0.042177,-0.182977,0.026811,-0.116469,-0.089920,-0.142738,-0.036020,0.141963,-0.010156,-0.055266,-0.119181,-0.182092,-0.033789,-0.128668,0.702479,0.246424,0.098453,0.105010,0.400280,-0.202062,-0.117389,0.261968,0.288556,0.035157,0.222663,0.464449,-0.255931,-0.016697,-0.097251,-0.021674,0.100684,-0.104801,-0.473048,-0.210982,0.289303,-0.349925,-0.007692,-0.069647,-0.225189,-0.073358,0.174866,-0.229815,0.010960,-0.236503,0.219705,0.212334,-0.314619,-0.097611,-0.109783,-0.078537,0.190574,-0.185655,-0.075591,-0.242702,-0.122083,0.185202,0.012826,0.074671,-0.197739,-0.158482,-0.062271,0.275377,0.129000,0.174571,0.156751,-0.002263,-0.118807,0.058523,0.492523,-0.236151,-0.119998,-0.099697,-0.156244,0.413175,0.378329,0.306636,0.205111,0.030318,0.041727,-0.045271,-0.119343,0.054275,-0.041563,-0.171016,0.196643,0.177089,-0.329794
0.243917,0.201236,-0.165912,0.319533,-0.069493,0.134394,0.083248,-0.241714,-0.215034,0.110294,-0.089579,-0.203173,-0.112885,0.184895,-0.145479,-0.562623,0.129026,0.003282,0.085601,0.553022,0.381651,0.272432,0.346150,-0.009260,-0.002967,-0.042708,-0.159850,-0.208111,0.465891,0.095215,-0.165735,-0.396615,-0.259843,-0.026652,0.080317,0.247276,0.103571,0.155449,-0.130283,-0.173404,-0.181372,0.011323,-0.597549,-0.008001,0.069873,0.036589,0.042759,-0.141499,0.073981,-0.001405,-0.126672,-0.224032,0.053746,-0.167660,-0.033980,0.227696,0.060568,-0.090220,0.224006,0.003641,-0.208126,1.039571,0.217381,0.363797,-0.009937,0.155308,0.230372,0.144570,0.019787,-0.317928,0.152520,-0.046353,-0.085717,0.204209,-0.236142,-0.080582,-0.008622,-0.220162,0.100027,0.077233,-0.027906,0.163711,0.014066,-0.108774,-0.105016,0.203740,0.069764,-0.232724,0.016110,-0.208240,0.129464,0.202273,-0.103742,-0.145251,-0.460994,0.086354,-0.190623,0.312750,-0.302772,-0.599822,-0.057662,-0.215384,-0.152452,0.348747,0.183965,0.016803,-0.087233,-0.123675,-0.011923,-0.090188,-0.133055,0.114969,0.222898,0.126548,0.484846,-0.175474,0.248792,0.339924,-0.310534,0.068917,0.217635,-0.208271,0.297315,-0.237128,-0.079593,0.424724,0.079775,-0.274697
0.137086,0.583485,-0.125785,-0.010378,-0.032207,0.053508,-0.040911,-0.117960,-0.675068,0.015836,-0.139500,0.345901,0.023054,0.003995,-0.158013,-0.565359,0.060661,0.142321,0.223758,-0.030762,0.134914,0.054320,0.181218,-0.011930,0.025714,0.101361,-0.025880,-0.288886,0.087563,0.026138,-0.151074,0.148409,-0.230389,0.228158,-0.097699,0.053521,0.153633,-0.025721,-0.071464,-0.051380,-0.068009,-0.222696,-0.040032,0.069929,0.103526,0.066544,0.130300,0.010395,-0.169552,0.142691,0.179662,-0.058762,0.149154,-0.191757,0.097249,-0.204652,-0.046295,0.080600,0.118145,0.111932,0.069909,0.821924,-0.028012,0.362522,-0.227791,0.448004,0.278525,0.250053,0.305577,-0.203067,0.384483,-0.108777,0.266780,0.643245,0.144919,-0.244722,0.146283,0.009612,0.416673,-0.181439,-0.152793,0.049202,-0.150124,-0.025934,-0.206376,-0.403967,0.008310,0.126080,0.111327,-0.316855,0.211467,0.041458,-0.101569,-0.227415,0.011812,0.069789,-0.079318,0.131505,0.166450,-1.149238,-0.142559,-0.012004,-0.116620,0.295053,-0.015869,0.152799,0.232899,-0.142693,0.199612,-0.392813,-0.312792,0.379918,0.142114,0.008512,0.193936,-0.988456,-0.022399,0.196284,0.061105,0.128212,-0.268759,0.106520,0.209978,-0.189575,0.122070,0.066221,0.108710,-0.104733
-0.191262,0.914883,-0.046167,-0.135568,0.084054,0.256342,-0.021390,-0.295759,-0.447257,0.457750,-0.097758,0.769353,0.094245,-0.331240,0.258768,-0.682255,0.152696,0.156248,0.011948,-0.011922,0.212606,0.084449,0.153393,-0.134766,0.241672,0.104819,-0.334531,-0.281259,-0.274421,0.138841,-0.070619,0.884591,-0.332765,0.187872,-0.148981,-0.035470,-0.158392,0.086356,0.070745,0.069687,0.087460,-0.035720,-0.070534,0.000076,-0.129000,-0.250554,0.147598,-0.224574,0.056661,0.105253,-0.070855,0.038931,-0.238819,-0.165029,-0.027169,-0.026643,0.009081,-0.130460,-0.315452,0.483740,0.068247,-0.413312,0.129394,-0.013314,-0.326845,0.273200,0.073779,-0.080649,0.087293,-0.104545,0.219161,0.165204,0.283367,0.346467,-0.050683,-0.136841,0.048428,-0.063155,-0.234626,-0.090949,0.118404,0.020746,-0.150938,-0.059726,-0.106185,-0.068301,0.033702,0.026925,-0.057132,-0.236228,0.178313,0.131327,-0.116116,-0.220547,0.152229,0.011794,0.422824,-0.139407,-0.114735,-0.662156,-0.029310,0.079209,-0.238929,0.383196,-0.045312,0.147256,0.176858,-0.177975,0.101068,0.058582,-0.414479,0.377605,-0.012109,-0.008187,-0.368890,-0.419486,0.055310,0.201593,-0.089020,-0.060173,0.112830,-0.090104,0.139669,-0.090809,-0.002069,-0.033006,0.105615,0.445442
-0.202739,1.238292,-0.085604,0.043088,0.066037,0.242402,-0.155741,0.024167,0.003223,0.360769,-0.359538,0.313852,-0.023115,-0.156159,0.316975,-0.258896,-0.000524,-0.184770,0.118171,-0.102546,0.072067,0.043519,0.169903,0.046170,-0.424352,0.098233,0.032976,-0.106989,-0.114629,-0.141431,-0.240528,0.881102,0.368039,-0.029676,-0.053741,-0.083802,0.115131,-0.110689,-0.093414,0.124542,0.055775,0.047473,-0.402216,0.026761,0.041673,0.028917,0.198174,-0.255652,0.076176,-0.291497,-0.164595,-0.068691,-0.015074,-0.093633,-0.009817,0.329277,-0.089324,0.057976,-0.190867,0.103007,0.098639,-0.587253,-0.108806,-0.520888,-0.163579,0.751525,0.183556,-0.065501,-0.085947,-0.021717,-0.192601,0.565795,0.040400,0.148097,-0.003371,-0.066972,0.121181,-0.062473,-0.167202,-0.069994,0.055865,0.423827,-0.011746,-0.007712,-0.175117,0.387345,0.123070,0.074497,0.000639,0.016928,0.027271,0.161120,0.020595,-0.238400,0.079729,-0.113391,0.367678,-0.058152,0.084383,0.251821,0.056925,0.146400,-0.284052,0.382767,-0.347308,0.207995,0.085937,0.020594,-0.008727,0.301889,-0.058417,-0.072972,-0.046684,0.140424,-0.370754,0.141824,-0.080907,0.145213,0.098625,0.052391,0.267782,0.115954,0.144828,-0.026621,-0.021698,-0.002851,0.454510,0.423922
-0.204454,1.304966,-0.242954,-0.245581,0.062581,-0.220922,0.035666,0.118606,-0.012674,0.120723,-0.207197,-0.030014,0.066265,0.126664,0.151235,0.387842,0.015895,0.072756,-0.075073,-0.018271,-0.124100,0.058854,0.055701,0.149024,-0.577126,-0.164186,0.117890,-0.092109,-0.093301,-0.083894,0.009178,0.063196,-0.129516,-0.024061,-0.206214,-0.000564,0.172244,-0.058534,-0.125764,0.373328,0.010608,-0.064030,0.009032,0.009674,-0.016354,0.135716,0.082754,0.093425,0.114209,0.035639,-0.063109,0.079493,0.130301,-0.269391,0.427059,0.219714,-0.019064,0.004263,-0.381834,-0.288283,-0.064651,-0.014543,0.007061,0.112647,-0.368735,0.280870,-0.048203,0.072613,-0.108891,-0.361909,-0.112253,-0.170886,-0.266965,0.097574,-0.146151,0.250745,0.035847,-0.145392,-0.256576,0.306711,-0.155302,0.376989,0.173383,-0.102285,-0.003338,0.057878,0.005930,0.197023,-0.044621,-0.250714,-0.145587,-0.079878,-0.074413,-0.366342,-0.187025,-0.055262,0.131211,0.145653,-0.183499,0.869664,0.191182,-0.029201,0.025141,0.322770,-0.055912,-0.149061,-0.752223,-0.041157,0.011546,0.209365,0.163416,-0.207701,-0.035753,-0.030913,-0.188884,0.106077,0.222489,0.243746,-0.130285,0.110611,0.020564,0.006062,0.113798,0.123369,-0.078663,-0.135528,0.429921,-0.214657
-0.288889,0.696420,-0.076894,0.499526,0.095426,-0.177070,0.214775,0.243341,-0.086266,-0.209831,-0.053641,-0.306647,0.005498,0.121331,-0.087170,0.064924,0.161781,0.197405,-0.025364,0.017043,-0.372700,0.161091,-0.260303,0.056423,0.047119,0.226988,0.067786,-0.194903,0.025550,0.005143,-0.178232,-0.076451,0.524369,-0.078147,-0.324787,-0.058999,0.623971,0.135439,0.109628,0.380412,0.130490,0.141008,0.458731,0.031682,0.258068,-0.095189,-0.065403,0.065755,0.202478,0.141382,0.029508,-0.025449,0.281574,0.111581,0.319770,-0.249061,0.109640,0.330423,-0.529373,0.010035,0.222174,-0.174965,-0.001795,0.014090,-0.304926,-0.152513,0.274077,0.144135,-0.086965,-0.037213,0.048951,-0.398082,-0.073412,0.160818,-0.009739,0.085147,-0.175743,0.264439,0.150833,1.009587,-0.135450,0.095713,0.035425,0.084189,-0.219907,0.098735,-0.017002,-0.059765,0.157018,0.191315,0.135862,-0.280934,-0.018387,-0.380027,-0.235445,-0.043521,0.064493,-0.156448,0.097960,0.449373,-0.013252,0.133301,-0.001564,0.393061,0.616649,-0.370829,-0.293329,-0.174291,0.104922,-0.174244,0.530701,-0.005172,0.223389,0.109781,0.218476,-0.004483,-0.024057,0.054535,-0.229168,-0.095020,0.051155,-0.110583,0.162719,0.000748,-0.117079,-0.116438,0.322113,-0.253314
0.451543,0.448125,0.130469,0.188620,0.282998,-0.140071,-0.118580,0.204285,0.175835,-0.370647,-0.094503,-0.207322,0.056634,0.171562,-0.067812,-0.634386,0.115115,0.000469,-0.249999,0.099422,0.021628,0.210213,-0.081511,0.010210,0.240278,0.032837,0.056577,-0.148244,-0.091781,0.464585,0.012395,-0.009593,0.210625,-0.349905,-0.078831,-0.010787,0.825006,0.080900,0.223577,0.289672,0.250744,-0.161780,0.447380,-0.079414,-0.020910,-0.034186,0.073112,-0.118662,-0.322983,0.092412,-0.028552,0.050448,-0.258432,0.244147,-0.014240,0.231402,0.378930,-0.079446,-0.214906,0.098646,-0.122133,-0.108894,-0.042201,0.320404,-0.289634,-0.251569,0.171948,0.195349,-0.089796,0.198499,0.082532,-0.039491,-0.044752,0.063691,0.290376,-0.106927,-0.169059,0.020262,-0.146947,0.588151,0.000935,0.072481,0.077995,0.129674,0.073004,-0.041889,-0.118643,0.157122,-0.230727,0.018786,0.051737,-0.526285,0.080281,-0.016606,-0.101358,0.146877,-0.349006,-0.243093,-0.014792,-0.205474,-0.217805,0.239929,0.257242,0.115100,-0.039812,-0.213881,-0.013204,-0.420057,-0.247107,-0.546799,0.299197,-0.232030,0.241551,0.119782,0.091649,-0.066767,-0.193643,0.047936,0.004961,-0.042928,0.012336,0.014821,0.202644,0.032646,0.070818,-0.140968,0.021083,-0.546608
0.948223,0.337792,0.184649,-0.335875,0.152300,-0.028941,-0.018537,0.000369,0.431196,0.132602,0.209085,0.037833,-0.120928,0.178154,-0.137328,-0.299587,0.019173,0.055439,-0.037524,-0.058296,0.231604,0.047765,-0.194079,-0.107288,0.211066,0.045793,-0.126676,0.017035,-0.125355,0.484477,-0.160546,0.210490,-0.287169,-0.189488,0.078254,0.200147,0.512801,0.058786,0.104049,0.267651,-0.255965,-0.330078,0.484344,-0.201253,0.192672,0.137590,-0.138054,0.032253,0.015177,0.017850,0.045862,0.261935,0.185645,-0.071365,0.098939,-0.068377,0.225291,-0.437721,-0.145358,0.030284,-0.186400,-0.111457,-0.172919,0.142577,0.203107,-0.121833,0.107699,-0.159396,0.058858,0.132588,-0.162719,0.041067,0.295566,-0.263770,0.110558,0.045693,-0.160616,-0.023124,-0.257770,-0.173283,-0.043397,-0.589807,-0.049071,0.285363,0.025604,0.120728,-0.219129,0.204692,0.069334,0.235853,0.368674,-0.711824,0.019464,-0.072713,-0.061933,0.046446,0.173918,0.261950,0.211881,-0.229282,-0.153553,0.127332,0.212488,0.021319,-0.373673,-0.174782,0.617411,0.038854,-0.133770,0.161511,0.004409,-0.131682,0.151752,-0.068911,-0.119813,0.060786,-0.030022,0.175123,-0.187803,-0.019061,0.199537,0.259129,-0.048850,-0.262499,-0.019113,0.144678,0.256373,-0.320456
0.575420,0.314744,0.096809,-0.081907,0.075237,0.025765,0.031314,-0.179759,0.206423,0.377313,0.160770,-0.093262,-0.204304,0.062588,-0.050337,-0.017942,0.294512,0.046480,0.194344,0.054557,0.154999,-0.105624,-0.140857,-0.137355,0.327291,0.075980,0.032731,-0.248373,-0.255594,-0.110754,0.136968,0.141056,-0.149904,-0.288339,0.119434,-0.107905,0.237774,0.067676,0.126270,0.148509,0.261758,-0.098954,0.418270,0.029277,0.138822,-0.029664,-0.133799,-0.037625,0.389415,0.162929,-0.261568,-0.097887,-0.308335,0.175299,-0.100671,0.255405,-0.056083,-0.015652,0.065740,0.309516,-0.467512,0.362150,-0.365110,-0.275051,0.008859,-0.028574,0.183295,-0.146677,0.251645,0.024964,-0.344141,-0.000244,0.009958,0.093011,-0.061267,0.052671,0.154800,0.129805,-0.088164,-0.450307,0.097127,-0.981061,0.060660,-0.097099,0.005939,-0.097535,0.105682,0.154099,0.012231,0.164600,0.353960,-0.409102,0.190606,-0.003549,0.144391,-0.166145,-0.281333,0.828765,0.202467,0.117679,-0.103355,0.129283,-0.082043,0.314280,-0.102911,-0.150132,0.548620,0.347447,0.027448,0.305176,0.231884,-0.166625,-0.067890,-0.236160,-0.209354,0.202960,-0.125864,0.336992,-0.104144,0.003052,-0.093977,-0.085731,0.086992,0.115149,0.005312,-0.235226,0.175807,0.024767
0.091196,0.346523,-0.088345,0.213951,0.032117,-0.015585,-0.152609,-0.010608,0.273075,0.288085,0.057181,0.087059,-0.224395,0.138502,0.025926,0.335170,0.207387,0.056048,0.209638,0.052171,0.200157,-0.271475,-0.054121,0.114821,0.482979,-0.032069,0.048268,-0.342742,-0.054225,-0.293409,-0.112187,-0.118558,-0.344192,-0.241790,0.111800,-0.028479,-0.229452,-0.133125,0.131057,0.038489,0.259765,0.119816,-0.307974,-0.034037,-0.031186,0.047218,0.212230,-0.386454,0.077615,-0.287972,0.037798,-0.052264,-0.139300,0.138176,-0.388502,0.098607,-0.221427,0.011352,-0.190008,-0.013809,-0.276143,-0.051325,-0.411753,0.245697,-0.108860,-0.262765,0.053633,0.144658,0.149913,0.024775,-0.086711,-0.278928,-0.256061,-0.044084,-0.174907,-0.073383,0.153177,0.009329,-0.405211,-0.399314,0.053437,-0.870515,0.245296,-0.150794,0.077563,-0.188020,0.117440,0.072542,-0.039201,0.120879,-0.092613,0.085844,0.173869,0.207976,-0.070863,-0.320593,-0.061649,0.743035,-0.007823,0.256796,0.082527,0.245685,-0.036953,0.454560,0.049859,-0.385675,-0.522981,0.468595,-0.120748,-0.040030,0.100666,-0.271963,-0.070947,-0.000731,0.061888,-0.124759,0.234938,0.325592,-0.285194,-0.206934,-0.094841,-0.190571,0.333802,0.145708,-0.113458,-0.202276,0.187212,0.323893
-0.242181,0.167510,-0.093199,-0.034185,0.119391,-0.069999,0.034707,0.531256,0.155841,0.040054,-0.056151,0.155240,-0.373320,-0.165288,-0.057066,0.014137,0.345864,-0.027016,0.534529,-0.060604,0.246000,0.164505,-0.129508,-0.081464,0.501326,0.140709,0.081400,-0.416596,-0.060917,-0.186262,-0.118632,-0.000734,-0.019239,-0.071440,0.166348,0.061269,-0.580686,-0.161880,0.069104,-0.094323,0.182201,0.106239,-0.330896,0.210399,0.125608,0.441942,0.009662,-0.093743,0.304378,-0.221076,0.032258,-0.148168,-0.020232,0.316796,-0.524317,-0.301120,-0.040251,0.133205,0.000418,-0.121128,-0.148678,-0.185701,-0.319233,0.238330,0.226049,-0.054168,0.015625,-0.042596,-0.038842,0.215540,0.001068,-0.477453,-0.122974,-0.167043,-0.115700,0.096062,0.195353,0.386002,-0.126613,-0.105102,-0.093978,-0.162534,0.036352,0.018668,0.122937,-0.465324,0.127748,0.382435,-0.135561,-0.000691,-0.135114,-0.181677,0.179849,0.199237,-0.070686,-0.064655,0.025539,-0.428555,0.216536,0.109524,0.140214,0.450312,0.265769,0.282362,0.168466,-0.087610,-0.620848,0.493483,0.085421,-0.153597,0.038339,0.272004,-0.261390,0.107432,-0.090598,-0.210958,0.171454,-0.011124,-0.331688,-0.177025,-0.370569,-0.099588,0.119783,-0.140274,0.151617,-0.031528,0.137136,-0.043589
-0.052358,0.186511,-0.022698,-0.108378,0.199198,0.228555,0.198114,0.144347,0.210968,0.169746,-0.400332,0.013874,-0.276292,-0.263290,-0.019193,0.173219,0.203688,-0.097332,0.478638,0.028523,-0.004086,0.147705,0.009053,-0.248159,0.198771,-0.138283,0.175054,-0.553387,-0.180499,-0.322191,-0.094147,0.018108,0.076801,-0.362182,0.063688,-0.054393,-0.448343,0.048946,0.109500,0.130781,0.398301,0.271643,-0.211561,0.147040,0.061163,0.196747,0.101802,0.274487,-0.097092,-0.109812,0.042719,-0.207299,-0.094219,0.148453,-0.348615,-0.163848,0.004938,-0.490107,0.123682,-0.237081,0.249741,0.075069,0.791151,0.159414,0.027829,0.006653,-0.029617,0.014554,-0.160666,-0.207805,-0.006290,0.000180,0.115211,-0.148405,0.249666,0.248099,-0.113996,0.201198,-0.027615,-0.102472,0.074912,0.299074,-0.062542,0.175053,0.075719,-0.104917,-0.004882,0.243601,-0.109415,-0.073311,0.072666,-0.291729,0.079588,0.196620,0.013523,-0.153243,-0.000058,-0.065714,0.003403,-0.008482,-0.167417,0.525655,-0.231718,0.095612,-0.454085,-0.195271,0.024859,0.184189,-0.214934,-0.149298,0.444101,0.642981,-0.126850,0.148771,0.096216,0.417452,0.061440,0.052144,-0.211299,-0.305040,-0.293421,0.009227,-0.027457,-0.140384,-0.083392,-0.236640,0.280570,-0.308286
-0.010279,0.007800,0.025062,-0.180458,0.257263,0.280228,0.363989,-0.178103,0.214642,0.151801,-0.250583,0.033886,-0.214742,-0.252404,-0.446532,0.244709,0.076199,0.021975,0.196466,-0.022159,-0.008546,0.260030,0.060184,-0.214263,0.214707,0.109326,0.036061,-0.629097,0.033005,-0.301385,0.135005,0.018383,0.047087,-0.184623,0.001963,-0.041639,-0.069312,0.088775,0.218539,0.357094,0.119688,0.291656,-0.092401,0.003005,-0.079781,0.047247,-0.224560,0.012390,0.154817,0.009273,0.169934,-0.083298,-0.105740,-0.125706,-0.132952,0.041226,-0.235667,-0.414954,0.450655,-0.238865,0.241007,0.236122,0.808192,-0.004691,-0.214480,-0.129841,0.214864,0.005657,0.131200,-0.093580,0.151994,-0.068580,0.048023,0.162880,0.189670,0.281336,0.008685,-0.247419,0.062588,0.095399,-0.089203,0.209266,0.396993,0.098576,0.231704,-0.221286,-0.245766,0.314022,-0.062761,-0.285789,0.181691,0.005413,-0.126868,-0.020668,0.168895,-0.363216,-0.176946,-0.264501,-0.159561,0.047268,0.043428,0.026514,-0.115618,-0.095894,-0.249913,-0.322273,0.315786,0.183763,-0.293332,0.309980,0.417399,0.125847,0.040115,0.090708,0.128730,0.383540,0.043125,-0.055443,-0.274935,-0.497136,-0.372724,-0.120299,0.174308,-0.075568,-0.036021,-0.106888,0.279547,0.030789
0.031925,-0.005546,-0.319424,-0.090717,0.298272,0.015445,0.127806,0.011508,-0.065362,0.037804,0.082797,-0.078912,-0.200063,-0.152040,0.005315,-0.108618,0.030122,0.113017,0.531942,-0.325577,0.200142,-0.097489,-0.101884,-0.100777,0.044810,0.113014,-0.064349,-0.025093,-0.115532,0.205736,0.269512,-0.156758,0.056297,-0.093019,-0.426304,0.174269,-0.226507,0.203681,0.273627,0.056656,-0.086558,-0.302352,0.141922,0.091934,-0.315895,-0.038268,-0.164453,-0.023812,0.128457,-0.118871,0.132110,0.081922,0.139368,-0.250424,0.228399,0.400555,-0.216394,-0.074355,-0.083457,-0.019595,0.469369,0.302168,0.371284,-0.114804,-0.096373,0.343519,0.169864,0.140815,0.069251,0.096020,0.016493,0.044814,0.065470,0.367761,0.279355,0.056030,0.150180,-0.298562,0.354850,-0.066099,-0.062102,0.011555,-0.144661,0.120870,-0.066047,-0.223461,-0.131695,0.293668,0.055220,-0.061281,-0.142833,0.058215,0.086283,-0.000209,0.050793,-0.325655,-0.297906,-0.069460,0.292283,-0.000599,0.078198,-0.120818,-0.039075,-0.341289,-0.241190,0.064293,0.143849,0.138178,-0.358846,0.476164,0.356655,0.185560,0.255792,0.179214,0.117474,0.400521,0.046051,-0.327843,-0.014939,-0.085327,-0.011727,-0.171352,-0.085205,-0.328061,0.039268,0.029055,0.243634,-0.041601
-0.158676,-0.120434,-0.011823,-0.291068,0.149276,-0.436386,-0.107260,-0.073945,-0.084580,0.067491,0.055075,-0.155095,0.068545,0.170427,0.321186,-0.186922,-0.007576,-0.018385,0.723091,0.076685,0.163002,-0.035456,0.100227,-0.062573,0.090514,0.157209,0.026263,0.156871,-0.313653,0.124721,0.707133,0.032894,-0.140280,0.087430,-0.104231,0.469034,-0.274047,0.087319,0.078660,-0.098650,-0.045648,0.316181,0.082667,-0.366843,0.041471,0.058072,0.043827,0.168166,-0.053624,0.093791,0.050592,-0.193354,0.149402,-0.099432,0.181958,0.191281,-0.086450,-0.144305,-0.417983,-0.015410,0.228151,0.028438,0.254948,0.405519,-0.113161,0.177255,0.127287,0.061686,0.068280,0.183240,0.293951,0.098869,0.178577,-0.369278,0.383287,0.220203,0.000038,0.036621,0.378904,-0.092656,-0.163556,0.122091,-0.242982,0.436279,0.098994,-0.208219,0.012621,0.166732,0.199039,0.163376,-0.424106,0.025804,0.078187,-0.017054,0.078515,-0.220212,-0.258897,0.281120,0.162430,-0.194570,-0.214276,0.042725,-0.180610,-0.202944,-0.265284,0.151680,-0.177531,-0.044115,0.162994,0.174845,0.280425,-0.126683,0.103360,-0.095375,-0.099621,-0.369419,-0.192567,-0.432952,-0.009362,-0.101935,0.040746,-0.217809,-0.159463,-0.106978,-0.430604,0.112487,0.329127,-0.170221
-0.098471,-0.116918,0.030993,-0.006934,-0.179643,-0.181366,-0.039192,-0.199401,0.240674,0.215894,-0.172791,-0.123952,0.099135,-0.304876,0.276953,-0.025267,0.124537,-0.170344,0.545407,0.129170,0.127308,0.179940,0.234422,-0.209379,0.056491,0.136328,0.019142,0.017038,-0.139896,0.039621,0.651567,0.033745,0.233488,0.290849,0.064806,0.223433,0.136156,-0.046280,-0.025430,-0.160378,0.280126,0.027179,0.157130,-0.295281,0.127030,0.164242,0.084254,0.019351,-0.135411,-0.175432,0.128198,-0.066278,-0.117234,-0.131280,0.119780,-0.228133,0.012500,0.191051,-0.054672,0.094158,-0.157920,-0.027572,0.252958,0.867368,0.296246,-0.092532,-0.163844,0.172000,-0.094337,-0.052995,0.067044,-0.010523,-0.065900,0.265179,0.090923,0.287973,-0.166914,-0.073782,0.271387,0.062772,0.164786,-0.025314,-0.081800,0.551623,0.068678,0.108443,-0.075434,-0.074219,-0.089349,-0.201221,-0.110472,0.134151,-0.625370,0.124168,-0.049266,-0.227682,0.091858,0.279979,-0.025941,-0.018824,-0.145963,-0.020263,0.013416,0.031708,-0.249684,0.180923,-0.166640,-0.272047,0.184973,0.179406,0.076723,-0.257257,-0.131539,-0.222285,0.046644,-0.227246,0.079593,-0.402132,0.184575,-0.101289,0.127325,-0.134036,0.030227,0.272762,-0.114411,-0.234405,0.290577,0.310736
-0.064493,-0.223110,-0.045972,0.145658,-0.963633,0.047679,0.015778,0.033152,-0.336351,0.068750,-0.074203,-0.026361,-0.191098,-0.369259,0.060934,0.052759,0.228164,-0.302122,0.270407,-0.088437,0.169064,0.047376,-0.080906,0.162546,0.113100,0.195197,-0.028344,0.255013,-0.368956,0.188510,-0.000451,0.012530,-0.028423,0.226829,-0.128539,-0.096403,0.244278,-0.080094,0.088609,0.050811,0.372829,0.169031,-0.119118,-0.043541,-0.075595,0.117520,0.018377,-0.072833,0.117326,-0.144131,-0.108718,0.105942,0.221175,0.006828,0.191509,0.150695,0.074576,0.056760,-0.024133,0.305938,-0.369113,0.125462,-0.141738,0.043233,0.180951,-0.000525,0.237997,0.124145,-0.032425,-0.044078,0.149695,0.147422,-0.214436,0.007141,0.297265,-0.145491,0.407024,-0.051099,-0.288043,0.077891,0.208655,0.150633,-0.076588,0.066581,-0.053463,-0.260851,-0.321773,-0.127752,-0.162544,-0.338623,-0.187472,0.145224,-0.229036,0.081899,0.042770,0.156466,0.225339,0.023130,0.075801,0.056057,0.115252,-0.063978,-0.177623,0.112892,-0.222166,-0.260823,0.021039,0.212154,-0.434548,0.268285,0.058136,0.015777,0.033595,-0.156647,0.134105,0.053661,0.219507,0.055958,0.190741,-0.132939,0.128032,-0.146278,-0.034101,-0.139347,-0.089506,0.071657,0.144349,-0.056367
0.036904,-0.080689,0.008968,0.106217,-0.112019,0.068890,0.279159,0.118564,0.021917,0.115720,-0.295907,-0.009492,-0.141226,0.019239,-0.043624,0.031962,0.047147,-0.004254,0.167635,-0.052210,0.316151,-0.037300,-0.125779,0.257418,0.019103,0.160047,-0.090118,0.159575,-0.015731,0.225281,-0.263250,-0.000231,-0.018985,0.350270,-0.165222,0.035646,0.186425,0.079731,-0.076332,0.114482,-0.168196,0.139790,-0.258991,-0.128169,0.226545,0.137577,0.157754,-0.078518,0.040883,0.019549,0.091901,-0.043983,0.160094,0.002202,-0.200001,-0.128166,-0.019310,-0.000627,-0.095260,0.161221,0.061588,-0.162044,0.135914,-0.119351,-0.002861,-0.011443,-0.030785,-0.070183,-0.048644,0.110619,0.327950,0.118521,-0.096293,-0.175134,0.245081,0.112451,0.108369,0.065981,0.021775,0.060519,-0.177223,0.120546,-0.089049,0.124944,0.085279,0.136131,-0.124637,-0.335758,-0.043631,-0.152753,-0.075907,-0.148660,0.080537,0.027205,-0.221193,0.101626,-0.045875,0.109116,0.056468,-0.001408,-0.025406,0.128379,0.100555,-0.145973,-0.245729,-0.315009,-0.206317,0.162105,-0.617699,0.159473,-0.066674,-0.360438,-0.077786,-0.014447,0.071893,-0.057848,0.093646,0.199306,0.112679,-0.087034,0.090143,0.301977,0.217373,-0.142590,-0.150396,0.102317,-0.044270,0.252419
0.006739,0.016175,-0.011537,-0.008034,0.086670,0.019564,0.005772,0.007153,-0.037335,-0.027307,-0.004880,-0.011983,0.021678,-0.040340,0.011375,-0.027557,-0.013471,-0.012963,-0.002189,0.008677,0.012547,0.003298,0.011937,0.059137,-0.035449,0.011784,0.010666,-0.034534,-0.036006,-0.029057,0.015988,-0.005169,0.005257,-0.014616,0.003747,-0.034874,0.006063,-0.028894,-0.002728,0.070802,-0.014977,0.058438,-0.005706,-0.000816,0.011589,0.010858,0.007277,-0.014464,-0.020103,-0.016892,0.004295,-0.004794,0.002659,-0.002016,-0.019031,-0.004621,-0.006218,0.013294,0.007768,0.038321,-0.002329,0.020876,-0.022245,-0.000141,0.020456,0.010988,0.048314,-0.022511,-0.000191,-0.025682,-0.002869,-0.033409,0.025457,-0.004236,0.005537,0.009509,0.028913,0.010868,0.026550,-0.014967,0.015294,-0.022809,-0.006815,-0.007104,-0.022763,-0.019987,0.019116,0.014733,-0.017777,0.021450,-0.001042,0.000177,0.054268,-0.047401,-0.009049,0.037882,-0.003508,-0.052030,0.011552,0.008202,-0.012604,-0.003102,0.020467,-0.139877,-0.035219,0.016719,0.009334,0.004951,0.023452,0.012818,-0.003977,0.006976,-0.015311,-0.000857,-0.017555,0.042148,0.017548,0.019392,0.035771,0.001363,-0.011599,-0.007801,-0.003200,-0.011186,0.010373,-0.010816,-0.017783,0.004236
-0.001519,-0.001306,0.002190,0.002013,-0.003133,0.003307,0.007084,0.000269,0.007411,0.003681,-0.000332,0.001941,0.001904,0.002442,0.007469,0.001867,-0.000700,-0.001320,-0.004616,-0.002290,-0.004250,0.002902,-0.001666,0.000322,0.004837,0.001310,-0.004786,-0.000454,0.001177,-0.000626,-0.000092,0.000132,-0.003306,-0.008382,-0.000213,0.003441,-0.002030,0.003679,-0.001457,-0.005793,0.002586,-0.004358,0.000391,-0.003259,0.001786,0.002398,-0.001510,0.006112,-0.002662,0.000532,0.001785,-0.000469,0.003322,0.002609,-0.003263,-0.001590,-0.000444,0.002737,-0.000077,-0.003797,0.004987,-0.001017,0.001939,0.002222,-0.003373,-0.000537,-0.001489,-0.001186,-0.001522,0.001029,0.005792,0.005142,0.000832,-0.000877,0.001172,0.003160,-0.001231,0.000623,-0.001123,0.000026,0.003825,0.002776,0.000258,0.002884,-0.000630,0.005706,-0.000701,-0.005705,-0.002471,-0.002373,-0.001112,-0.001278,0.001134,-0.001141,-0.002668,-0.000249,0.003732,0.000936,-0.000099,-0.001051,-0.003774,-0.000433,-0.000560,0.007828,-0.002030,-0.002837,0.000634,0.000620,-0.002210,-0.000304,0.004249,-0.001146,-0.000711,-0.001361,0.004620,-0.003556,-0.002786,0.001224,0.000265,-0.001473,0.004654,0.006208,-0.004063,-0.001727,-0.000526,0.001361,-0.001856,-0.000730
0.030832,0.010256,-0.008365,-0.046399,-0.138533,-0.002589,-0.037395,0.014298,-0.117735,-0.077813,-0.062038,-0.075751,0.009498,-0.002100,-0.029284,0.045763,0.008637,-0.002368,-0.047918,-0.072957,0.034092,-0.038223,-0.009984,0.046882,-0.080570,-0.006278,-0.037121,-0.033775,-0.031472,0.001742,0.010610,-0.001434,-0.000389,0.077464,-0.076822,-0.035609,0.036843,0.025739,-0.009970,0.271047,0.024324,0.033384,-0.005834,0.015513,0.046663,-0.036382,-0.016758,-0.020192,0.057463,-0.049215,0.009928,-0.003550,-0.046154,0.005143,-0.221387,-0.020506,-0.014607,0.019687,0.104354,0.001017,-0.063480,0.046509,0.009700,0.010874,0.021412,0.019407,0.034399,0.025394,-0.037818,0.000618,0.072423,-0.043441,-0.021625,0.005651,-0.006956,0.018007,-0.074318,0.002148,-0.012765,-0.030762,-0.079567,-0.060554,-0.013128,-0.030166,-0.072949,0.034820,-0.077666,-0.028749,-0.048590,0.074338,0.000811,0.010961,0.065091,-0.068155,-0.023283,0.012086,-0.036121,-0.032104,-0.036125,0.031694,0.043829,0.012836,-0.022771,-0.054277,-0.070400,-0.005232,-0.004263,0.052860,-0.021032,0.041983,-0.012125,0.022844,-0.030049,0.030828,0.052711,0.049044,-0.032987,0.039843,0.028905,-0.011208,0.055372,-0.021934,0.035056,0.008556,-0.010560,-0.025104,0.018212,0.006529
-0.002047,-0.053776,-0.034553,-0.039774,-0.223430,-0.041851,0.001547,0.080006,-0.179098,-0.150005,-0.133581,-0.108660,0.092982,0.025822,-0.073905,0.037527,0.076297,-0.002795,-0.031526,0.039158,0.075933,-0.055472,0.006005,0.154438,-0.036808,0.017414,-0.018428,-0.028037,0.014769,0.029236,0.040865,0.005888,0.002695,0.112204,-0.122158,-0.137915,0.066809,-0.048627,-0.013057,0.238155,0.003448,0.093103,0.048480,0.026950,0.066309,0.024701,0.010193,-0.061611,0.136518,-0.019385,0.008202,-0.043647,-0.116376,0.048805,-0.147848,-0.006805,-0.000960,-0.027178,0.258086,0.000883,0.040524,0.116728,-0.050998,-0.019445,0.095634,0.009519,0.107900,-0.040450,-0.008955,-0.079052,0.051145,-0.046268,-0.034520,0.157691,0.001849,0.178172,-0.029046,-0.020685,0.050090,-0.045404,-0.210813,-0.154038,0.014584,-0.056232,-0.066581,-0.007610,-0.115628,0.009127,-0.083716,0.153436,0.016920,0.027971,0.084740,-0.307591,0.052561,0.028845,-0.067431,0.003355,-0.023520,0.047657,0.085620,0.063639,0.020718,-0.147865,-0.116013,0.052406,0.008649,0.132253,0.063812,0.069038,-0.063590,0.069760,0.008193,0.037842,-0.023692,0.112852,-0.082556,-0.166734,0.076048,-0.053213,0.028371,-0.009760,0.103786,0.129711,0.005725,-0.123005,0.120917,0.024795
-0.113940,-0.015119,-0.221369,-0.283787,0.162963,-0.140468,0.082952,-0.055490,0.177584,0.182577,-0.181903,0.091638,0.213791,-0.017586,-0.123664,-0.072222,0.124576,0.164560,-0.229784,-0.140585,0.063930,-0.051646,-0.116505,0.031111,0.107471,-0.144400,0.004617,0.196504,0.244131,-0.024545,-0.324018,0.027105,-0.072193,0.236437,-0.034641,-0.175657,-0.157402,-0.178549,0.190283,-0.152562,0.025944,-0.209903,0.062176,-0.149213,0.071598,-0.024791,0.114334,-0.239252,-0.020797,0.045274,0.174518,0.126999,0.111723,0.029032,-0.217310,-0.144323,0.271069,-0.046395,-0.183412,-0.013739,-0.044577,-0.034321,0.111597,0.060754,0.207168,-0.025773,0.261043,-0.167559,0.033178,-0.277546,0.238941,0.046162,-0.140499,-0.148317,0.078827,0.177929,0.162960,-0.026844,-0.010125,0.048894,-0.070365,-0.182949,-0.025103,0.169121,0.198452,-0.019285,-0.023078,0.043425,0.279243,-0.138349,0.048246,0.029758,-0.095972,-0.166520,-0.010711,0.013428,-0.058181,0.303927,0.042042,0.057674,-0.002746,-0.115873,0.074882,-0.033777,-0.019015,0.077514,-0.151288,-0.025724,0.193650,-0.109596,0.054422,-0.080143,0.003047,0.097789,-0.118717,0.098408,0.119414,-0.123514,-0.078735,0.056375,-0.107595,0.132948,0.063863,-0.036468,0.013111,-0.035150,0.028009,-0.104656
-0.098565,-0.152058,-0.096535,-0.009859,0.191484,-0.085449,-0.021652,0.159187,-0.163868,-0.062645,-0.272154,0.095064,0.043259,0.022485,0.106118,-0.206479,0.062310,0.094850,-0.443677,-0.386789,0.061933,0.039231,-0.401980,-0.075459,0.043231,-0.072043,-0.112909,-0.234721,0.246292,-0.041668,-0.049330,0.164893,-0.091086,0.209895,-0.106494,0.199321,0.212052,-0.159642,0.000974,-0.329062,0.122737,-0.088080,-0.124154,-0.188492,0.329174,0.227118,0.127233,-0.277301,0.062718,0.240903,0.256543,-0.012908,0.055653,0.135776,0.053662,0.048266,0.316755,-0.075829,-0.216131,0.113674,-0.024877,0.230553,0.172887,-0.295368,0.047209,-0.077108,-0.325466,0.075062,-0.093913,0.054014,-0.143981,-0.039538,-0.076363,-0.038341,0.082289,0.064670,0.156640,0.045086,-0.018806,-0.059896,-0.100501,0.051875,-0.038303,-0.030894,0.037391,-0.107953,0.127926,0.340453,0.236668,-0.243695,0.177505,-0.109974,0.090087,0.001411,0.016976,-0.080935,-0.111281,0.556295,-0.008509,-0.025451,-0.121199,0.006728,-0.009999,0.134367,-0.105094,-0.177028,-0.176545,0.046324,-0.089316,0.202434,0.170944,-0.172109,0.172414,0.166077,-0.229178,0.112640,0.075875,-0.191926,-0.013905,0.044874,-0.198633,0.491361,0.104836,0.236261,0.029433,-0.049417,0.122439,-0.199608
-0.180576,-0.028700,-0.163496,0.409061,0.347026,0.096198,0.195157,0.076070,-0.565613,0.153349,0.014191,-0.239174,-0.157234,0.029299,0.079247,-0.230387,0.073736,-0.062460,-0.248391,-0.798659,0.048432,-0.070499,0.060169,-0.186933,0.031162,-0.256598,0.100382,-0.542095,0.062317,0.228978,0.387549,0.206145,0.025808,-0.071907,0.294551,-0.154996,0.301616,-0.113817,-0.061497,-0.216581,-0.107794,0.259474,0.246334,-0.148767,0.440054,0.223258,0.429331,-0.266550,0.096125,0.015791,0.207489,-0.091134,-0.006635,-0.140613,0.133438,-0.196125,0.138511,-0.086841,0.471788,0.083187,0.117937,0.312691,0.136204,-0.009886,-0.194348,-0.063099,-0.456336,0.156993,-0.063672,0.057704,-0.680973,0.066129,-0.054092,0.074625,-0.080892,0.184477,0.008252,-0.022388,0.099750,-0.040879,-0.223309,-0.005342,-0.019193,0.038050,0.163836,-0.155016,0.264269,0.091040,0.030186,0.029824,0.049329,-0.071833,-0.374897,0.121837,-0.154519,-0.297826,0.130859,0.241555,0.287518,0.297262,-0.317462,0.120494,0.122308,0.130583,-0.112774,0.316539,-0.030505,-0.072716,-0.170530,0.591793,-0.150155,0.032444,0.108144,-0.184496,-0.027734,-0.195616,0.155915,0.142445,0.057020,-0.093723,-0.136594,0.101322,0.006559,0.233609,-0.006668,-0.341537,-0.023659,-0.093071
-0.213732,-0.019799,0.165707,0.353157,0.125525,0.055472,0.116098,0.073541,-0.543116,0.424409,0.043719,0.191625,0.133067,-0.018393,-0.149080,-0.421772,-0.014335,-0.158315,-0.050231,-0.836608,0.014414,-0.044924,0.004612,0.099752,-0.003730,0.006943,-0.012882,-0.492916,-0.066301,-0.006796,0.730631,-0.003071,-0.071400,-0.215205,0.125674,0.088713,0.122607,0.112016,0.205384,-0.265544,-0.041430,0.254091,0.276117,-0.056037,0.216139,-0.106096,-0.040745,0.099760,0.207855,-0.118178,-0.000805,-0.143562,0.017574,0.046257,0.249406,0.052243,-0.198747,-0.013001,0.308270,-0.004801,-0.121656,-0.161304,-0.167283,0.270742,0.252947,0.192826,-0.453794,-0.074922,-0.113608,0.346152,-0.122540,0.205209,0.187510,-0.397312,0.125366,-0.314389,-0.052438,0.135384,0.130046,-0.110532,0.035875,0.114859,0.157458,0.038703,-0.034321,0.074674,0.069288,-0.256120,0.158352,0.078680,-0.102853,-0.073152,-0.293290,0.057790,0.140169,-0.290250,-0.112704,-0.102678,0.054913,0.090031,0.138384,-0.021320,-0.043236,0.386304,-0.010574,0.083324,-0.052755,0.109313,0.161678,0.343937,0.024682,-0.128133,-0.155259,0.049073,0.113657,-0.111456,0.167183,0.583946,0.145900,-0.009004,-0.159857,-0.153317,-0.039885,0.092109,0.139208,-0.112249,0.002725,-0.572972
-0.040557,-0.133119,0.103698,0.513644,0.130101,-0.232168,-0.133999,-0.110040,-0.320227,0.054684,-0.145377,0.221581,-0.000639,-0.221900,-0.035221,-0.492342,0.054934,0.129405,0.046193,0.121221,0.154399,0.280459,-0.009966,0.171198,-0.019667,0.238765,0.017067,-0.465920,0.078581,-0.236044,-0.244978,-0.255013,0.130869,0.081967,-0.081462,0.058580,-0.026578,0.191620,0.052235,-0.200320,-0.201557,-0.363830,0.489703,0.200980,-0.017229,-0.239164,-0.170180,0.004362,0.024683,0.071514,-0.004284,-0.108604,0.116135,0.018868,-0.122836,0.158721,-0.023180,0.036425,0.379072,0.154623,0.108170,-0.776325,0.207236,0.578995,-0.010351,0.031907,-0.109047,-0.156441,0.158993,0.387069,-0.044989,0.319578,0.028000,-0.466316,0.110808,-0.069909,0.000570,-0.194551,0.358600,0.047666,-0.104295,0.020827,0.307727,0.089221,-0.029720,-0.026409,0.054567,-0.137923,0.247906,-0.059528,-0.080538,0.038952,0.054369,-0.138388,0.599213,-0.000149,0.335947,0.102541,-0.213378,0.194083,0.202007,0.089199,-0.028219,0.276577,-0.047380,0.097453,-0.019869,0.207058,0.025362,0.534283,-0.003628,-0.077225,-0.288882,-0.215287,0.148508,0.530244,0.238188,0.283561,-0.166199,-0.110332,-0.040176,-0.006703,0.344510,-0.098838,0.222967,0.192751,-0.033067,-0.608062
0.008137,0.170095,-0.068054,0.168031,0.245891,0.009127,-0.020025,0.117486,-0.156038,0.125643,-0.497933,0.060815,0.068613,-0.098800,-0.153216,-0.670127,0.097865,0.076805,0.169548,0.612486,-0.010824,0.097798,-0.130143,0.199002,0.030802,0.357877,0.031336,-0.422610,0.051789,0.178418,-0.397617,-0.430990,-0.011188,0.017735,-0.122619,0.280823,0.080684,0.160791,-0.238871,-0.282948,0.038012,0.004537,-0.046118,-0.153298,-0.027190,-0.068720,-0.190344,-0.085452,0.000726,-0.152727,-0.057265,-0.076489,0.129086,-0.042663,-0.081364,0.586632,0.307318,0.068830,0.320993,0.473719,-0.110345,-0.095417,0.130081,0.476874,0.019405,0.093379,-0.196811,-0.061113,0.228474,-0.077833,-0.068372,-0.070682,-0.165204,-0.791867,0.021009,-0.160795,0.066903,-0.033985,0.137125,-0.210626,-0.180001,-0.060235,0.006060,-0.146381,0.053894,0.297971,-0.007202,0.291323,0.209753,0.031146,0.002775,0.112024,-0.145001,-0.233597,0.269821,0.324130,0.161805,0.003697,0.275695,0.252907,0.217358,-0.168391,-0.043219,0.167925,0.268594,0.168666,0.071049,-0.054528,0.111135,0.112082,0.017177,-0.164463,-0.342145,-0.062005,0.315331,0.629545,-0.107239,0.245787,-0.113932,0.141225,0.055865,0.044924,0.365553,-0.097624,0.393678,0.083143,0.085661,-0.218101
-0.189028,0.217932,-0.129121,0.221487,0.105566,-0.053764,0.013258,-0.040058,-0.206723,0.384926,-0.411291,-0.073843,0.063670,0.280898,-0.384218,-0.682814,0.213565,0.187573,0.561990,0.373307,0.059942,0.027733,0.286248,0.105180,0.020542,0.180804,0.151900,-0.080043,0.332879,0.242261,-0.066499,-0.929521,-0.296933,0.022303,-0.224868,0.282208,0.160549,-0.013617,-0.276160,-0.212419,-0.086098,-0.004893,-0.126395,-0.032610,-0.257440,-0.072383,-0.317280,-0.104226,-0.027561,0.037834,-0.082322,-0.261750,0.401273,-0.048201,-0.123835,0.022006,-0.183371,-0.347699,0.333548,-0.115249,0.097151,0.657742,-0.028241,0.509750,-0.135219,-0.073664,0.247239,-0.176685,0.129839,-0.111963,0.193823,0.052802,-0.047811,-0.731103,-0.092557,-0.088722,-0.168547,0.010734,0.176223,-0.065863,-0.019135,0.041811,0.156799,-0.072222,-0.037383,0.128315,-0.259673,-0.030175,0.198514,0.066966,0.167996,0.333143,-0.030805,-0.012772,-0.420762,0.433407,0.249348,-0.047917,0.080519,0.056438,0.191685,0.218241,-0.150044,0.381889,0.014718,0.190945,0.241462,0.105341,-0.053573,-0.358193,0.074746,0.054820,0.147258,0.187299,0.208041,-0.373569,0.020106,0.194727,-0.059660,0.163590,0.427666,0.016519,0.258844,0.049805,0.313557,0.311122,0.048913,0.289117
-0.247013,0.651884,0.072104,-0.198921,0.030651,-0.039909,-0.226859,-0.098346,-0.565176,0.234399,-0.423843,-0.034526,-0.032085,-0.083711,-0.151995,-0.222337,0.111836,-0.133041,0.177155,0.231025,-0.068681,0.071086,0.069468,-0.094930,-0.085683,0.037313,0.187341,0.013591,0.301627,0.154073,0.253916,-0.678796,0.131726,0.235248,0.095624,0.361643,-0.029089,-0.034958,-0.000809,-0.067266,-0.260639,-0.106279,0.069520,0.201910,-0.066718,-0.241291,0.003242,-0.107546,0.013710,-0.037708,0.077373,-0.158238,0.058455,0.056235,-0.152648,-0.466673,-0.418850,-0.291753,0.529908,-0.135808,0.026431,0.648658,-0.057970,0.125175,0.241979,-0.363572,0.307385,0.162785,0.100712,0.039608,0.150921,0.136034,0.051983,-0.098234,0.209524,-0.040308,0.121924,-0.228156,0.329630,0.026007,0.003678,-0.078269,-0.089467,-0.253857,-0.215918,-0.295717,0.052912,-0.013224,-0.236828,-0.426726,0.004394,-0.166222,-0.039515,-0.158073,-0.356011,0.070123,0.369783,0.138133,0.053050,-0.313107,0.073456,-0.048309,-0.117685,0.703888,0.086712,0.130773,0.244763,-0.203624,0.026753,-0.784154,-0.064008,0.309038,0.038395,0.110494,0.044799,-0.702752,-0.142806,0.305717,0.032745,0.114687,0.317763,0.023906,0.048804,-0.251337,0.010904,-0.083143,0.127849,0.644625
-0.210002,0.972944,-0.092708,-0.357888,0.324948,0.087045,-0.005923,-0.088739,-0.695889,0.490136,-0.106119,0.410990,-0.124046,0.123196,0.290648,0.158687,-0.163179,-0.129146,0.123068,0.176346,0.082105,0.004439,-0.055106,0.061610,-0.329580,0.099717,-0.085497,0.211178,0.027256,-0.031688,0.182800,-0.079736,-0.207274,0.072386,-0.198487,0.077980,-0.285845,0.102385,0.136987,0.112295,-0.323095,0.089902,-0.251113,-0.030768,0.002211,0.012248,-0.065535,0.024550,-0.023837,0.181062,-0.122791,-0.020561,-0.119388,-0.140215,0.005063,-0.230646,-0.032947,-0.164355,0.312688,0.180969,0.111781,-0.179890,-0.247105,-0.441670,-0.058166,-0.322540,0.350243,-0.219585,-0.174241,0.006933,0.146673,0.101069,0.337225,0.414570,0.087948,-0.003351,-0.132922,-0.063068,-0.009156,-0.149330,-0.023575,-0.176453,0.029692,0.068598,-0.173339,-0.487442,0.129602,0.087053,-0.090438,-0.030178,-0.245212,-0.082057,-0.214521,-0.307094,0.158870,-0.061599,0.568022,-0.004042,-0.060247,-0.730962,-0.007164,0.147679,0.214002,0.547990,-0.020204,-0.002830,-0.044532,-0.066239,-0.125239,0.080416,-0.055266,0.265673,-0.189009,0.077791,-0.484621,0.035425,-0.028202,0.367376,-0.031314,-0.039227,-0.096359,-0.080139,0.022859,0.060360,-0.022083,-0.174293,0.074637,0.582404
-0.248702,1.123314,-0.226660,-0.418041,0.303447,-0.018275,-0.364827,0.137889,-0.447233,-0.048285,-0.735093,0.427643,-0.055009,-0.000141,0.447850,0.459871,-0.254171,0.124358,-0.042223,-0.166552,-0.018746,-0.003647,0.043617,0.208290,-0.562746,-0.065488,-0.011123,0.140833,0.369914,-0.109908,-0.199346,0.303876,0.041434,-0.237347,-0.204376,-0.021859,-0.039813,0.048713,0.074899,0.205358,-0.170312,0.169234,-0.300295,0.069808,-0.012491,0.001695,-0.139378,-0.011233,-0.136510,-0.159492,-0.065235,-0.035380,-0.027121,-0.095941,-0.004614,0.020497,-0.002070,-0.102152,0.174824,0.117464,0.027711,-0.499600,-0.250228,-0.158622,0.259327,-0.577492,0.202296,-0.181430,-0.187535,0.330699,0.252712,0.271411,0.196907,0.565240,0.102509,0.033563,0.003850,-0.060872,-0.104776,0.171233,0.093110,0.101481,-0.161699,0.367217,-0.226527,0.379312,0.084883,0.195174,0.059121,0.048401,-0.015673,0.081983,-0.318988,-0.164188,0.301525,-0.146922,0.058255,-0.066471,-0.093459,-0.374935,0.103213,0.066319,0.146166,0.463446,-0.224591,0.178617,-0.445368,0.010860,-0.130319,0.279797,0.090248,-0.136901,-0.096308,0.137233,-0.318895,0.261135,-0.283335,0.086257,0.130230,0.089107,0.015686,0.103869,0.058134,0.391626,0.163814,0.109514,0.083312,0.113322
-0.090258,1.039841,-0.214330,-0.108605,0.064007,-0.350514,0.114834,0.054248,0.055125,0.046448,-0.255293,-0.201403,0.049592,-0.053733,0.180313,0.524372,-0.071888,0.288612,0.186832,-0.006109,-0.187050,-0.101262,-0.102092,0.614477,-0.093566,-0.004127,0.201280,0.029879,-0.134773,0.132478,-0.097660,0.228287,0.111948,0.014332,-0.204482,0.047520,-0.246488,-0.022406,-0.241219,0.498536,0.194813,-0.025337,0.170538,-0.016238,0.250267,0.066568,-0.203718,0.099360,0.368307,0.052169,-0.073764,-0.008955,0.277706,0.001003,0.470976,0.179364,-0.013274,0.086614,-0.146495,-0.101086,-0.008796,0.107169,0.071684,0.253031,0.365544,-1.196002,0.178970,-0.252860,-0.166786,-0.295971,0.016385,-0.031128,-0.084556,-0.037737,0.054308,-0.003299,-0.115225,-0.301026,-0.100498,0.661193,0.063808,0.327943,0.053323,0.169209,-0.187788,0.003644,0.052269,0.031965,0.168897,0.090091,0.105604,0.255047,-0.255285,-0.090908,0.160139,-0.241885,-0.213945,0.030584,-0.301716,0.386429,0.280728,0.062355,0.202068,0.336814,-0.129252,0.025074,-0.325938,0.188834,0.210319,0.097580,-0.015397,0.174387,0.158626,0.072091,-0.072673,-0.225728,-0.001246,-0.128993,0.190799,0.174097,0.189535,-0.032173,-0.063441,0.198430,-0.220756,0.361048,-0.039080,-0.450803
0.443693,0.809755,-0.002936,0.679647,0.210822,-0.093596,0.173528,0.334443,0.281377,0.125469,0.455335,-0.286884,0.156658,-0.042232,-0.191621,0.262077,0.100499,0.360973,0.324597,0.085211,-0.017591,0.059668,0.149973,0.269492,0.385833,0.148191,-0.073689,-0.085522,-0.146970,0.162984,-0.260240,0.003665,0.153685,-0.118649,-0.187298,-0.127667,0.185001,0.028131,-0.274948,0.277732,0.119969,-0.077490,0.488200,0.014961,0.165963,-0.365824,-0.025896,0.008175,0.372420,0.368480,0.038671,-0.031907,0.115757,0.026609,0.479083,-0.002323,-0.111333,0.059824,-0.154749,0.178406,-0.049676,0.120020,0.029453,0.132564,-0.166101,-0.917642,0.294141,0.152021,0.035264,0.068060,-0.132592,-0.104322,-0.129882,-0.034650,0.044124,-0.041550,-0.120917,0.194578,-0.031596,0.257892,0.104499,0.522615,0.119019,0.190736,-0.161933,0.202236,-0.345066,-0.012919,0.337367,0.140636,-0.021528,0.353653,-0.176315,-0.242446,0.063575,-0.260584,-0.054450,-0.318000,-0.128314,0.342702,0.146284,-0.081214,-0.127282,0.211265,0.293726,-0.114769,-0.061985,-0.129710,0.156931,-0.144745,0.485325,0.147245,-0.197137,-0.198827,-0.031041,-0.111294,-0.081238,-0.046007,-0.097443,0.035531,0.111028,-0.103459,-0.044369,-0.082474,0.129133,0.096303,0.069417,-0.226311
0.646537,0.652479,0.211044,0.080863,0.498041,-0.137644,0.122944,0.257274,0.425612,-0.132255,0.316006,0.078653,0.035378,0.064989,-0.300336,-0.193442,-0.046288,0.047072,0.109985,-0.104830,0.260164,-0.048522,0.282041,0.089456,0.424457,0.095637,-0.123509,0.007793,0.063547,0.489615,0.022724,-0.096289,0.007513,-0.130975,0.030546,0.009434,0.439175,-0.115845,0.192717,0.091024,0.130155,-0.073091,0.416061,-0.182021,-0.036118,0.159490,0.089884,0.055837,-0.031097,0.202896,0.110191,0.034042,-0.379538,0.285166,0.073091,0.150195,0.259393,-0.110854,0.131162,-0.096988,-0.132087,0.121531,-0.277538,0.078621,-0.101596,-0.362841,0.192844,0.097397,-0.027543,0.200697,-0.059127,0.084322,-0.370776,-0.005788,0.246512,0.158701,-0.029818,0.048916,-0.256808,-0.440346,0.035959,0.365985,0.222867,0.080356,0.055447,-0.110105,-0.314169,-0.053244,-0.211927,0.076605,-0.121004,0.151605,-0.053749,-0.069146,-0.217613,0.265257,-0.256943,-0.030355,-0.094555,-0.010491,-0.191420,-0.053109,0.077719,-0.117435,-0.236511,-0.346555,0.141647,-0.624529,-0.169714,-0.087705,0.292507,-0.085139,-0.015721,-0.011466,0.145980,0.118238,0.198512,0.176335,0.028871,-0.092282,0.130769,-0.015335,-0.008613,-0.076165,0.120289,-0.022907,0.177753,-0.071026
0.269431,0.376826,0.272603,-0.140895,0.169013,-0.189491,-0.037766,-0.126129,0.503370,-0.343069,0.108318,-0.017260,-0.087760,-0.224745,-0.018519,-0.113106,-0.078289,-0.024835,0.020224,-0.101370,0.461521,0.003404,0.036888,0.114671,0.453077,-0.000178,-0.058221,-0.361301,-0.214559,0.036783,0.222001,0.063234,-0.302989,-0.122377,-0.222058,-0.126008,1.086694,-0.097962,0.189470,0.256569,-0.039806,-0.123615,0.108614,0.120873,-0.049625,0.258149,0.030961,0.027480,-0.256448,0.017836,0.047660,0.017108,-0.179599,0.063191,-0.098390,0.134588,0.137303,-0.130545,0.424488,-0.334080,-0.075395,0.088302,-0.227886,0.004975,0.209403,-0.365330,0.208535,-0.391078,0.081719,0.299523,-0.069192,0.124084,0.237877,-0.162203,-0.065420,-0.107939,0.137121,0.022740,-0.433634,-0.381159,0.091857,0.293687,-0.031435,0.033753,-0.090473,-0.323481,-0.271056,-0.060812,0.190575,0.247828,0.106985,-0.251220,0.245656,-0.217312,-0.321808,-0.137978,-0.029143,0.292673,0.064623,-0.096669,-0.121934,0.071805,0.010593,0.164099,0.051055,-0.244558,0.571722,-0.160085,-0.138359,0.179498,-0.129573,-0.260504,0.357825,-0.076939,-0.132185,0.036538,-0.042802,0.246224,0.151321,-0.157397,0.181417,0.154875,-0.182064,-0.109057,-0.193751,0.154521,0.206335,-0.065375
-0.040285,0.236589,0.354440,-0.087243,0.206131,-0.297880,0.004597,-0.103994,0.192675,-0.029145,-0.076009,0.144337,-0.178004,0.020647,0.086988,-0.168414,-0.283496,-0.115421,0.249036,0.123300,0.151953,-0.119187,-0.143907,-0.120336,0.276476,0.215926,-0.056349,-0.055097,-0.310459,-0.560291,0.365000,0.041564,-0.095772,-0.035409,0.005630,-0.148268,0.840709,0.170198,0.056994,0.354999,0.380559,0.146901,0.104044,-0.041289,-0.032385,0.140842,0.082073,0.006714,0.071574,-0.534882,-0.142427,0.056522,0.119638,0.143352,-0.249219,0.243839,-0.282138,0.394948,0.376349,0.036804,0.021646,-0.083995,-0.355420,-0.100577,0.371791,-0.156654,0.258001,0.213968,0.231807,0.007425,-0.189300,-0.294234,-0.005423,-0.295349,-0.056107,-0.142551,0.177127,0.409036,-0.254082,-0.403127,-0.025543,-0.206337,-0.022397,-0.102934,-0.042814,-0.049345,0.102579,0.191595,-0.170554,-0.008194,-0.069285,-0.433414,0.176594,0.046062,0.078978,-0.171191,-0.145972,0.912771,0.369655,-0.146259,0.178757,0.281005,0.339920,0.168677,0.385936,-0.053128,0.221730,-0.190808,-0.023794,-0.052928,-0.076244,-0.163051,0.187797,0.074505,0.185269,0.047958,-0.111174,0.201840,0.026529,0.215350,-0.241055,0.036952,0.016115,-0.081378,0.172885,-0.147922,0.257156,-0.036204
-0.167555,-0.013947,-0.025211,0.310249,0.178378,0.009548,-0.150265,0.032331,0.348413,0.144609,0.221429,0.082623,-0.101073,0.419589,0.016598,-0.078802,-0.009228,0.041541,0.640940,0.171749,0.094007,-0.025380,0.172765,0.070452,0.281033,0.201494,0.077868,0.062398,0.019970,-0.787942,-0.116556,0.031449,0.088170,-0.161456,-0.064259,-0.211242,0.414141,0.195651,-0.035918,0.056225,0.269935,0.048697,0.036277,0.158272,-0.046054,0.277640,0.029465,-0.064069,0.017915,-0.363189,-0.012812,0.037322,0.027760,-0.058972,-0.232140,-0.106811,-0.233377,0.399359,-0.015640,-0.031388,0.041813,-0.183757,-0.042543,0.085638,0.193026,-0.149682,0.063599,0.029089,-0.141016,-0.168680,-0.208758,0.022482,0.185433,-0.089194,0.065958,-0.145270,0.042182,0.219808,-0.216661,-0.341957,0.244813,-0.664522,0.101957,0.029679,0.044440,0.188361,-0.137410,-0.025963,0.000312,-0.009717,-0.197078,-0.282090,0.062998,-0.069589,-0.081243,-0.554408,0.084694,0.579683,0.255994,-0.166024,-0.023365,0.122247,0.182836,0.246474,0.094984,0.010262,-0.409528,0.222287,-0.101030,0.043818,0.056303,0.163635,0.316578,0.086463,0.006462,-0.008191,0.066253,0.149593,-0.171593,-0.256556,-0.219486,0.165653,-0.003844,0.136175,-0.154913,-0.011922,0.055768,0.295931
0.070198,0.103228,-0.068403,-0.338945,0.091793,-0.050763,0.185570,0.122946,0.188330,0.268742,0.115168,-0.025916,-0.290380,-0.145483,-0.061501,-0.099008,0.071690,-0.151894,0.632703,0.069621,0.341878,0.156049,-0.105985,0.090961,0.090350,0.027963,0.039738,0.168958,-0.048142,-0.494101,-0.198218,-0.102146,0.036628,-0.106770,0.293514,0.087753,-0.164510,-0.165518,0.085383,0.120900,-0.046019,-0.155089,-0.079312,0.323579,0.017650,0.226279,0.054854,0.049523,0.256942,-0.059762,-0.042945,-0.136576,-0.105139,-0.043353,0.020095,-0.144571,-0.151606,-0.127980,0.099266,-0.077732,0.037493,-0.086498,0.128049,0.203457,0.306722,0.117974,-0.016425,-0.356345,-0.050278,0.058452,-0.230105,-0.286127,0.213933,-0.085121,-0.086894,0.171929,0.196763,0.055803,-0.038899,-0.082966,0.055345,-0.547913,-0.564706,0.132573,0.022120,-0.150030,0.141627,-0.160836,0.042014,-0.039076,-0.123887,-0.445435,0.068984,0.044144,0.030632,-0.315824,-0.142542,-0.652499,0.092661,-0.119951,0.396065,0.026657,0.107144,0.058547,0.141207,0.232553,-0.377639,0.532807,0.151457,-0.206697,-0.066664,0.498590,0.145713,0.070398,0.052445,-0.020869,0.072090,-0.011728,-0.006385,0.047103,-0.006080,-0.134426,-0.057964,0.170506,-0.089973,0.173227,0.270653,0.002205
0.208510,0.001983,-0.235368,0.003500,0.070944,0.045694,0.086605,-0.131741,0.110150,0.225303,0.218219,-0.007126,-0.176672,-0.129938,-0.024249,-0.298463,-0.081125,0.144213,0.583027,-0.019280,0.279795,0.169866,0.178184,0.101561,-0.078469,0.015780,0.013868,0.207955,-0.055413,-0.350347,-0.318836,0.019209,0.289095,-0.431120,0.311212,0.107892,-0.097527,-0.187356,-0.013662,0.383292,0.125128,-0.033774,-0.480231,0.282800,-0.009372,0.004319,0.129770,0.029678,0.096959,0.036919,-0.115896,0.173976,-0.296181,0.011744,0.097677,-0.102753,-0.193817,-0.034846,-0.009542,0.072407,0.138411,0.085935,0.812809,0.237471,-0.003076,-0.088807,-0.275695,-0.057328,-0.134661,0.081917,-0.059975,-0.201668,-0.056797,0.060317,0.285269,0.147648,-0.104449,-0.114296,-0.077166,-0.057819,0.024168,0.022614,-0.058068,0.127256,-0.011649,-0.246226,0.402936,-0.002299,-0.014998,-0.176063,-0.167065,-0.582456,0.047123,0.271652,0.049519,-0.446033,-0.031733,-0.274332,-0.221076,-0.058968,-0.089266,0.347707,-0.238844,0.049179,-0.134194,-0.068660,0.000825,0.174644,-0.204511,-0.168639,0.228178,0.787806,-0.161581,0.144671,0.157124,0.420450,-0.060044,0.034241,0.058348,0.086604,0.260885,0.120663,-0.083482,0.105741,0.075297,-0.013993,0.096144,-0.241122
0.062601,-0.130358,0.095737,0.100016,0.060084,0.162206,-0.176223,0.072333,0.185853,0.287880,0.381296,-0.067120,-0.068251,0.312811,-0.319735,-0.119229,-0.023555,0.073514,0.542110,-0.208229,0.014451,-0.038536,0.059082,0.135242,0.100877,0.570770,0.053170,0.166754,0.048031,-0.242968,-0.298391,-0.017078,0.547531,0.063962,-0.025571,-0.004091,-0.161047,-0.228166,0.074569,0.378401,-0.162786,0.128335,-0.433800,-0.083308,0.065068,-0.309325,-0.258748,-0.135429,-0.022283,-0.002706,-0.040301,0.086085,-0.141891,0.048547,0.084345,-0.116521,-0.161578,-0.190893,0.212568,0.042653,0.088881,0.134524,0.417054,-0.139887,-0.173624,0.103463,0.165002,0.262498,-0.099644,-0.091913,0.226665,-0.130269,-0.044168,0.122739,0.197917,0.078970,-0.180373,-0.002392,-0.019698,0.067296,0.304691,0.195868,0.134400,-0.004118,-0.157914,-0.324228,0.105215,0.404839,0.125058,-0.293148,0.053480,-0.278092,-0.190178,0.145941,-0.011241,-0.549449,-0.306890,-0.000976,0.007349,-0.129634,-0.403261,-0.224230,-0.256456,0.132719,0.015992,-0.096419,0.096068,0.063088,-0.206230,0.547666,0.202448,0.511332,0.024182,0.074864,0.442748,0.323712,0.177458,-0.177007,0.183042,0.163519,-0.357947,-0.136591,-0.158175,-0.136857,-0.012154,0.304423,-0.009725,0.171101
0.094005,-0.083008,0.025281,-0.058116,-0.095992,0.275541,0.185318,0.383784,0.090710,0.190987,0.060345,-0.145343,0.027133,0.267290,0.146236,-0.323271,-0.100585,0.313579,0.526842,-0.083672,0.409932,0.141374,-0.143932,-0.000220,-0.163787,0.478373,-0.233388,0.279518,-0.068986,0.339741,0.094006,-0.046564,0.309861,-0.081024,0.009311,-0.211804,-0.191513,0.084673,0.108318,0.006430,-0.163496,-0.251349,-0.557058,-0.261800,-0.081850,-0.005520,0.143606,-0.133125,-0.112908,0.210226,0.042634,-0.039909,0.081321,0.024853,-0.171426,0.089102,-0.182364,0.222962,-0.041620,0.141957,-0.114893,0.091236,0.446912,-0.145714,0.192621,0.131417,0.283009,0.132325,0.166828,0.018705,-0.136499,-0.101404,-0.045270,-0.072982,0.144919,-0.044410,0.360317,0.234532,0.007481,0.172280,-0.181121,0.436125,-0.185529,0.086456,-0.051671,-0.221667,-0.112340,0.300804,0.206188,-0.013868,0.014731,0.094190,-0.117288,-0.083715,0.243005,-0.393423,-0.326982,-0.118574,0.245624,-0.258952,0.119067,0.187493,-0.168795,-0.312588,-0.013436,0.120140,-0.114050,0.042637,0.073496,0.512726,0.582358,-0.012099,0.117246,-0.020026,0.046823,-0.315513,-0.115905,-0.304131,0.185618,-0.013562,-0.115181,0.058447,0.316845,-0.313289,0.223760,-0.083198,0.017569,0.238121
0.140820,-0.200420,0.117409,-0.071040,-0.171660,-0.383540,-0.145257,-0.045030,0.011094,0.116096,-0.003916,-0.249310,0.264746,0.046346,0.361845,-0.388197,0.054580,0.161621,0.330932,-0.072670,0.161935,0.353923,0.201669,-0.057514,-0.177345,0.516442,-0.033888,0.249588,0.008401,0.004074,0.373715,-0.083395,-0.143307,-0.137492,-0.055308,0.251175,-0.312322,0.171183,0.077909,-0.017770,-0.273018,0.120294,-0.052140,-0.296530,0.140271,0.116658,0.057314,0.154128,-0.168163,0.179704,-0.173647,-0.103615,-0.132136,-0.112408,-0.320122,-0.007244,-0.051720,0.151129,-0.056226,-0.110370,0.366440,-0.167567,0.140286,-0.282104,-0.198180,0.274623,0.265944,0.237731,0.215137,0.300485,0.050283,0.040376,0.054297,-0.025350,0.056337,0.007540,0.072458,0.136902,0.317368,0.113072,0.116204,0.015726,-0.116734,0.127777,0.026998,-0.113803,-0.145136,0.391854,0.318359,-0.226732,-0.029948,0.124409,-0.332762,0.075946,0.146571,-0.207883,-0.420586,0.472727,0.022886,-0.223129,0.002196,-0.253278,-0.012061,-0.055346,0.020483,0.185242,-0.359351,-0.188123,-0.008984,-0.211759,0.338434,-0.072331,0.329055,-0.072932,0.102588,0.161753,-0.114582,-0.240603,0.206896,0.344788,-0.081059,-0.015192,-0.014053,-0.177518,-0.163480,0.031674,0.258589,0.066135
-0.081163,-0.169253,-0.041708,-0.073878,-0.293901,-0.174054,-0.090875,-0.184943,0.238727,-0.037706,-0.372889,-0.022912,0.240857,-0.239810,-0.113194,-0.034051,0.340890,-0.026030,0.135166,-0.184846,0.068585,-0.114231,0.205375,0.211072,-0.056792,-0.106962,-0.023844,0.150629,-0.049122,-0.099373,0.649597,-0.005998,-0.091493,0.145640,0.074213,0.325491,0.091773,-0.120794,-0.013860,0.341708,0.178482,-0.293086,0.185378,0.038458,-0.114818,-0.159412,0.076971,0.047082,0.113567,0.022784,-0.036369,0.026915,-0.147372,-0.142575,-0.348100,-0.339837,-0.161162,-0.116372,-0.322628,0.030872,0.347183,-0.343296,0.071678,0.443085,-0.169810,-0.124226,0.094902,0.103357,-0.199102,0.182522,-0.004099,0.209057,0.134165,0.004946,0.120768,0.219789,-0.169683,-0.055997,0.285629,-0.052314,-0.037957,-0.031980,-0.039141,0.202990,-0.190156,0.142231,-0.377667,-0.231032,-0.324916,0.063020,-0.077802,0.216681,-0.872364,0.412610,-0.280948,-0.344598,-0.172748,0.162157,-0.064234,-0.057817,-0.236863,0.212388,0.283211,0.245174,-0.050267,0.283448,-0.065143,-0.342901,0.001979,-0.243097,0.052925,-0.043989,-0.120836,-0.234953,0.134179,0.166525,-0.081288,-0.123624,0.445630,0.332424,0.077874,0.012338,0.039501,-0.045110,-0.014954,-0.104983,-0.164157,0.139982
-0.079208,-0.112127,-0.193741,-0.195386,-0.524559,-0.390912,0.215517,-0.125096,0.053193,-0.220183,0.081943,0.004400,0.025388,-0.487352,-0.158810,-0.089449,0.381985,0.086656,0.100266,0.116105,0.113703,-0.155191,-0.032557,0.385163,0.062372,-0.190744,0.002454,0.001554,-0.394002,0.341370,0.297883,0.102409,-0.189108,0.268621,-0.176982,0.039694,0.196343,0.191297,-0.059893,-0.031201,-0.039175,-0.027508,-0.000982,0.435025,-0.055984,0.015971,0.148556,0.090800,0.376432,-0.202087,0.250635,-0.030909,0.109742,-0.082944,-0.131672,0.280848,0.092309,0.037636,-0.156104,-0.012428,-0.200925,0.280068,-0.076060,0.016596,0.063958,-0.006131,0.135776,-0.017628,-0.326225,-0.101553,0.042239,0.095106,0.031474,0.073117,0.385614,-0.161288,0.034185,-0.169202,-0.003264,-0.033898,-0.168416,0.191833,-0.061720,-0.176483,0.200841,-0.263061,-0.230385,-0.280673,-0.047047,0.413665,0.055251,0.028981,-0.507560,0.140321,0.240594,-0.157276,0.036166,-0.091096,-0.046937,0.129565,0.142628,0.387906,-0.153754,0.216438,-0.265641,-0.160700,-0.062446,0.235143,0.223116,0.094661,0.319748,0.102300,0.140241,0.014937,-0.136248,0.146225,-0.246374,0.208454,0.434775,0.309710,0.045961,-0.028114,0.101825,0.337286,-0.034061,-0.115995,-0.194168,0.051376
-0.080233,0.026211,-0.220720,0.108792,0.050076,-0.159054,0.164770,0.071358,0.087158,-0.002753,-0.018972,-0.007587,0.119746,-0.004343,-0.038315,-0.104503,0.210549,0.092982,0.103682,0.030440,0.011831,-0.084162,0.077444,0.129563,0.191466,-0.025460,0.182894,0.171311,0.077835,0.380563,-0.287384,0.012833,-0.064666,0.225124,0.265607,0.023194,0.114003,0.091843,0.081422,0.083827,-0.280520,-0.115339,-0.059869,-0.045861,-0.023195,-0.160905,0.102355,0.032532,0.061929,0.089988,-0.017489,0.111488,0.249426,0.005603,-0.341479,-0.086271,-0.012674,-0.157853,-0.046738,0.053643,-0.118420,-0.133850,0.126666,-0.133450,-0.091977,-0.051556,0.053758,-0.132090,0.000044,0.052708,0.126472,0.086323,-0.014017,0.007812,-0.000121,-0.154775,0.221735,-0.089907,-0.004404,0.111437,-0.085392,0.086328,-0.005636,0.147054,0.197396,0.020238,-0.076605,-0.013959,-0.056650,-0.137474,-0.029278,-0.135528,-0.066955,0.545816,-0.272306,0.126175,-0.054390,0.081498,-0.033676,0.146283,0.062799,0.025414,-0.060392,-0.247413,-0.122939,-0.130034,-0.137383,0.218366,-0.214638,0.176568,-0.050781,-0.122547,-0.182314,-0.100906,-0.050220,0.099349,0.098925,0.432394,0.107536,0.167456,0.183493,-0.123601,0.296001,-0.287107,-0.087105,0.088230,0.149267,0.187977
-0.082859,-0.034559,-0.070885,-0.026047,-0.203324,-0.036975,0.003271,-0.001833,-0.171322,0.016763,0.078778,-0.044117,-0.006858,0.063456,-0.043632,-0.024476,0.001952,-0.006227,0.031194,-0.060328,0.037832,-0.068882,0.075121,-0.065421,0.091362,-0.050535,0.026753,0.043026,0.021751,0.115055,-0.107159,-0.015721,-0.024141,0.126721,-0.014501,-0.014630,0.025429,-0.034500,0.010417,0.001544,0.120742,-0.182714,0.102039,-0.054673,-0.017605,-0.026564,0.013754,-0.036921,0.045472,-0.051568,-0.075882,-0.051952,0.019387,0.041955,-0.062608,-0.006875,0.053835,0.020921,0.024226,-0.001175,-0.084358,-0.011760,0.024039,-0.012496,-0.020173,0.036820,0.056714,0.045217,-0.006952,-0.036180,0.063031,0.074287,-0.071474,0.039877,-0.102683,-0.212130,-0.041752,0.049280,-0.007888,0.033128,0.018724,-0.011208,-0.011038,0.010149,-0.026289,-0.029638,0.005027,0.034239,0.042722,-0.001813,-0.005497,0.052778,0.026397,0.214126,0.035849,-0.023600,-0.069644,0.131301,0.039877,0.013736,0.091693,0.031375,-0.052170,0.176411,0.044105,0.028769,-0.066791,-0.045626,0.003468,0.003846,-0.071082,0.059713,0.004183,0.007990,-0.032871,0.074925,-0.078659,-0.214299,-0.048398,-0.044757,0.079817,-0.083341,0.008295,-0.056931,-0.012247,0.031277,0.157238,-0.057106
-0.000478,-0.000811,-0.000833,-0.000659,-0.006126,-0.000710,0.002028,-0.000777,-0.000284,-0.000549,0.005429,0.001338,0.000195,0.001241,-0.000513,-0.000274,0.001191,0.001464,0.000310,-0.001081,-0.002015,-0.000979,-0.000061,-0.006105,0.003262,-0.001518,-0.000813,0.001900,0.000074,0.001472,-0.002699,0.000352,0.001534,0.003430,-0.001248,0.001161,-0.000767,0.001080,-0.003635,-0.000050,0.002424,-0.000411,-0.001195,0.000668,-0.002087,0.000906,0.003794,0.001698,0.001385,-0.000940,0.002923,-0.000464,0.004061,-0.001530,0.002624,-0.000556,0.001327,0.000717,0.002085,0.002423,-0.001076,-0.001662,0.002453,-0.000534,-0.003921,-0.000929,-0.001510,-0.000841,0.000901,0.000186,0.000032,0.003337,0.002300,-0.003286,0.000459,-0.000588,0.002780,0.000723,-0.002457,0.000597,-0.000608,0.000752,0.001446,0.001469,0.001244,-0.001301,0.000617,-0.004376,0.001939,-0.000827,0.000692,0.000234,-0.004160,0.003908,0.000697,0.001260,-0.002177,0.002104,0.000086,0.001177,0.000931,0.002329,-0.000874,0.003498,0.000495,0.001001,0.001194,0.000477,0.001642,-0.002650,0.001722,0.000138,-0.000789,-0.001529,0.002307,0.002007,0.000140,0.001600,-0.002063,-0.000552,-0.000284,-0.000006,-0.000862,0.002523,0.000598,-0.000040,0.003619,0.001086
0.013899,0.011543,0.000493,-0.021815,-0.027604,-0.009510,-0.012520,0.001359,-0.021443,-0.031163,-0.025728,-0.016504,0.001396,-0.002512,0.002512,0.017675,0.002623,0.009952,-0.026715,-0.016462,-0.004955,-0.012663,-0.006272,0.024333,-0.029086,0.001633,-0.018456,-0.019076,-0.004766,-0.010635,-0.007804,0.004231,-0.006188,0.032781,-0.014095,-0.019915,0.009766,0.017388,-0.005620,0.096240,0.004242,0.036296,-0.005329,0.009388,0.023969,-0.020599,-0.008477,0.004015,0.018829,-0.023657,0.014204,0.004054,-0.012533,0.003191,-0.085225,-0.006226,0.009694,-0.004985,0.047041,0.000825,-0.032039,0.022600,0.019341,0.000459,-0.002927,-0.000256,0.021598,0.007947,-0.012312,0.017619,0.037517,-0.021065,-0.008623,-0.009824,-0.002420,0.020194,-0.027680,-0.004615,-0.004910,-0.008296,-0.026774,-0.023112,-0.006410,-0.002599,-0.023893,0.031820,-0.026229,-0.011417,-0.011828,0.036014,-0.002798,0.003700,0.026358,0.001763,-0.013356,0.018294,-0.001747,-0.019258,-0.023578,0.014910,0.014603,0.002902,-0.014527,-0.038247,-0.042860,-0.012904,0.006831,0.029704,-0.023771,0.017701,0.017266,-0.006894,-0.017968,0.010000,0.028031,0.005730,-0.003889,0.042983,0.016602,-0.004152,0.013525,-0.001796,0.019996,0.002075,-0.007358,-0.004389,0.011090,0.008277
-0.035671,-0.003966,-0.028964,0.029469,0.077901,-0.067137,0.066298,0.014477,-0.142426,-0.142407,-0.037862,0.004698,0.075680,-0.103100,0.004994,-0.069725,0.008108,-0.014588,-0.101655,0.033352,-0.139334,-0.010032,0.031294,0.093475,-0.064437,0.113194,-0.009604,-0.168143,0.045179,-0.078336,0.016756,-0.067638,-0.037173,0.089848,-0.064086,-0.296259,-0.022083,-0.068063,-0.059534,0.175293,0.040946,0.027665,0.211208,0.053730,0.162961,0.187466,-0.107452,0.009496,0.076809,-0.089747,0.011520,-0.030672,-0.022100,0.019033,-0.140718,0.059751,0.046677,0.071968,0.187452,-0.078847,0.075384,0.132073,-0.126080,0.000927,-0.008337,-0.018245,0.308436,0.007877,-0.024959,-0.051938,0.089980,-0.069052,-0.016096,0.320035,0.053168,-0.027428,0.046581,-0.023619,0.137724,-0.010112,0.019347,-0.211831,-0.026501,-0.095648,-0.134896,-0.054512,-0.016338,-0.008994,-0.100493,0.167285,0.045138,0.102710,0.192921,-0.067978,0.081907,0.101999,-0.137132,-0.113825,-0.057741,0.006233,0.079663,0.080306,-0.001321,-0.240281,-0.153354,-0.002994,0.118859,0.120589,0.172489,0.158308,-0.070279,0.074907,0.037768,0.083133,0.002133,0.164235,-0.076314,-0.107248,0.197702,-0.124142,0.019920,0.051530,0.075238,0.067541,0.043673,-0.119702,0.181730,0.062285
-0.063408,0.053881,-0.217921,-0.315393,0.303984,-0.089374,0.392203,-0.099649,0.373134,0.112900,-0.037054,0.149801,0.158714,-0.151404,-0.206659,-0.105439,0.088110,0.200613,-0.207618,-0.298435,0.147295,0.021044,-0.016702,0.186138,-0.040599,0.190081,-0.047324,-0.021629,0.254104,0.030792,-0.244431,0.068714,-0.159630,0.152091,-0.146703,-0.248541,-0.286726,0.034840,0.094994,-0.294436,0.086529,-0.206601,0.135342,-0.120412,0.135151,0.251485,0.000600,-0.068849,-0.055889,-0.055319,0.185714,0.204178,0.152274,-0.087371,0.001827,0.013207,0.283302,0.014970,-0.020314,-0.074795,0.038031,-0.026436,-0.233026,0.114143,0.067782,-0.080936,0.030891,-0.090573,-0.074537,-0.251787,0.189896,-0.071520,-0.191684,-0.055725,-0.127564,-0.125500,0.273722,-0.175916,0.103677,0.031122,-0.024938,-0.211499,-0.050565,0.119723,0.212785,-0.042550,-0.012247,-0.212961,0.257742,-0.146594,0.101138,-0.095330,-0.296295,0.027922,-0.104951,-0.192074,-0.155244,0.070055,-0.103799,0.104596,-0.000544,-0.100196,0.197301,-0.032486,-0.033230,0.184832,-0.245837,-0.025276,0.137478,-0.065031,0.113976,-0.175779,-0.007922,0.035844,0.041317,-0.070467,0.197213,-0.029259,0.024312,0.240973,-0.139861,0.108844,0.191406,0.086167,0.217850,-0.174856,0.029625,0.080108
0.096137,-0.110874,-0.012798,0.033883,-0.205802,-0.166545,0.064194,-0.270285,0.067445,-0.191185,0.002162,0.131448,-0.149161,-0.029754,0.233383,-0.070671,0.079090,0.037565,-0.276437,-0.328051,0.187692,-0.091288,-0.147409,-0.021810,-0.223163,0.253273,-0.079582,-0.226796,-0.016565,-0.143365,0.096761,0.058205,-0.212921,-0.003337,0.006838,0.176338,-0.060124,-0.182299,0.051486,-0.223465,0.135074,0.295074,-0.049628,-0.263405,0.307075,0.352550,0.150090,-0.244672,-0.026813,-0.227802,0.235797,-0.312460,0.173524,-0.086692,0.309266,-0.048567,-0.002069,-0.006907,-0.278751,-0.039650,0.105656,0.034125,-0.018269,-0.003334,-0.243794,-0.356295,-0.119980,0.229277,-0.122652,0.022040,-0.151641,0.056818,0.037764,-0.170556,-0.115541,-0.382959,0.435791,-0.222282,-0.064958,-0.002668,0.265269,0.140068,-0.180701,-0.049149,-0.336144,0.020876,-0.191985,-0.070932,0.111165,-0.060171,0.150589,-0.186897,-0.246967,0.096340,0.170562,-0.093181,-0.094863,0.357506,-0.236308,-0.053262,0.036804,0.081024,-0.028908,0.267008,0.152052,-0.050813,-0.002578,-0.175147,-0.269259,0.011517,-0.066293,0.143470,0.212382,-0.027773,0.133993,0.261483,0.202516,-0.156713,-0.024011,0.011439,0.149636,0.635189,-0.002927,0.049935,-0.048727,-0.036342,-0.019798,-0.231609
0.110906,-0.043738,0.014362,0.094946,0.292675,0.140632,-0.501869,0.109264,-0.134177,0.235758,-0.349416,-0.219467,0.067767,-0.151620,-0.152605,-0.080964,0.104003,-0.179687,-0.234750,-0.179774,-0.288498,-0.188038,0.209720,-0.100791,0.037813,-0.010089,0.213734,-0.340135,0.245421,0.134475,0.467900,0.004776,0.039751,-0.168663,0.445404,-0.019194,0.055448,-0.081355,-0.153559,-0.047416,-0.026250,0.423235,0.251485,-0.137716,0.342563,-0.107551,0.285765,-0.183405,-0.149325,-0.141654,-0.124150,-0.020800,-0.136402,-0.101049,-0.007849,-0.197493,0.046969,-0.011051,-0.237349,0.155215,0.037983,0.446021,0.035084,0.020686,-0.258211,-0.171314,-0.459586,0.145621,-0.039065,-0.130056,-0.075732,-0.160710,0.004635,0.199803,-0.172415,-0.119623,0.175780,-0.007454,-0.208698,-0.127161,-0.430916,0.017232,-0.022404,0.073202,0.135458,-0.291698,0.255276,0.156053,0.312563,0.041314,-0.047800,-0.287267,-0.123254,-0.042776,0.151926,-0.011377,0.096826,0.423860,0.211431,0.039691,-0.140431,-0.433316,0.104625,0.009314,-0.230245,0.394303,-0.059306,0.069043,0.087977,0.509260,-0.146151,0.225791,0.322159,-0.011718,-0.282768,0.250676,-0.019329,0.217659,-0.126874,-0.197318,0.197023,-0.167946,0.403355,0.470064,-0.030088,-0.070136,0.217832,-0.342707
-0.055382,-0.325230,-0.013609,0.036845,0.120073,0.168067,0.052064,-0.029003,-0.226764,0.120662,-0.375176,0.153128,-0.179012,0.206751,-0.301367,-0.461038,0.059281,0.025730,0.196142,-0.790815,-0.031557,-0.153681,-0.044356,0.126064,0.280212,0.141934,-0.073537,-0.143884,0.208544,0.207879,0.480317,0.137601,-0.314074,0.004692,0.223592,-0.083825,-0.080974,-0.119487,0.115005,0.043448,-0.008081,0.287790,0.181464,0.109225,-0.011797,-0.087955,0.033681,-0.302996,0.073125,0.156171,-0.073570,-0.076894,0.180611,0.014258,-0.059796,-0.303434,-0.171059,0.217479,-0.338198,-0.152079,0.085193,-0.051773,-0.052175,0.334812,0.116851,-0.140507,-0.191250,-0.101871,0.059565,-0.053289,0.050209,0.218917,-0.104613,0.104961,-0.301166,-0.295545,-0.085882,-0.020680,-0.072794,0.115259,-0.250859,-0.001667,0.046111,-0.086294,0.139361,-0.035076,-0.002737,-0.091673,0.062660,0.014119,-0.182929,0.258156,-0.107352,-0.056329,-0.009875,-0.033513,0.518853,-0.209065,-0.066769,0.107161,0.114428,-0.127604,0.182672,0.170008,-0.313355,-0.052216,-0.011507,0.009137,-0.013263,0.732352,-0.159460,0.315328,0.418020,0.233573,0.136255,0.355661,0.016282,0.229908,0.054762,0.005001,0.104964,-0.124876,0.286393,-0.112067,0.079144,0.154695,0.010842,-0.710210
-0.075267,-0.234261,0.223820,0.064033,0.195580,-0.032170,0.082263,0.142052,-0.509317,-0.218059,-0.740195,-0.144277,0.053983,0.538194,-0.135478,-0.295169,0.183545,0.074375,0.801145,-0.464448,0.006106,0.164300,-0.053052,0.256941,0.033453,0.181092,0.063891,0.088214,0.007076,-0.147244,-0.122040,0.036214,-0.122446,0.086400,-0.195349,-0.250565,0.169518,-0.081649,0.097165,0.171910,-0.212020,0.087094,0.203352,0.054988,0.020680,-0.125310,0.037035,-0.090969,0.084972,0.163537,0.014761,0.126496,0.082936,0.141967,0.113856,0.128828,-0.358993,0.127753,0.055174,-0.231770,0.104709,-0.559382,0.198586,0.483093,0.103225,-0.023967,-0.447777,-0.031788,0.354314,-0.169570,0.018590,0.026122,0.036014,-0.197414,-0.044760,0.105131,-0.059917,0.107392,0.051294,0.177491,-0.032598,0.126999,0.227531,-0.147948,-0.157180,0.267388,-0.207065,-0.285096,0.233327,0.082405,-0.175966,0.140408,0.111378,-0.056247,0.279898,0.285216,0.356385,0.207467,-0.056795,0.186903,0.036308,0.091547,-0.041034,0.337838,-0.383558,0.210677,0.048082,0.149729,0.408912,0.687288,-0.100774,0.232722,-0.100663,-0.283521,0.245294,0.335436,0.084351,0.209012,0.136475,-0.071386,-0.038714,-0.112163,0.250473,-0.523938,0.041827,0.136090,-0.087271,-0.461666
0.059707,-0.182198,0.132573,-0.401624,0.427614,0.025745,0.150822,0.008366,-0.394652,-0.110902,-0.391516,-0.104786,0.024658,0.067046,-0.091160,-0.318569,0.058869,0.052334,0.729487,0.326981,-0.235289,-0.008026,-0.052954,0.021879,-0.133047,0.025053,0.033666,0.157579,-0.007075,0.200276,0.028776,0.187893,0.171493,-0.068702,-0.403648,0.047932,-0.173471,-0.032476,-0.026959,-0.105549,-0.042524,-0.193707,0.329324,-0.140809,0.277848,0.129469,-0.139426,-0.020845,-0.101186,-0.057507,0.161039,0.143394,0.167607,0.114765,-0.022662,0.594442,0.278317,-0.015808,0.144435,-0.093230,-0.062538,-0.060563,0.143852,0.543780,-0.227077,-0.107519,-0.529305,-0.004031,0.263798,-0.054726,0.087149,-0.129504,-0.160423,-0.129514,-0.058182,0.153545,0.229257,0.139329,-0.084924,-0.096821,-0.114691,-0.174343,-0.100529,-0.536870,-0.162907,0.139457,-0.114763,0.354995,0.339256,0.086536,0.159190,0.140349,-0.158267,-0.157868,0.498094,0.404582,0.220415,0.098578,0.088178,0.605124,-0.134390,0.229355,0.074330,0.283788,0.138050,0.271436,-0.006727,0.206382,0.022882,-0.137892,0.048369,-0.037016,-0.414136,-0.123886,0.366156,0.769086,-0.043407,0.236106,0.154900,0.099017,-0.167756,0.101955,0.175057,-0.149826,0.099613,-0.047241,0.179072,0.437356
-0.058008,-0.405723,0.071986,-0.190673,0.427850,0.203041,0.086861,-0.127108,-0.109590,-0.275238,-0.171555,-0.122788,0.011296,-0.032207,-0.331180,-0.278442,-0.113695,0.164329,0.054839,0.064357,-0.056684,0.148166,0.043040,-0.124408,-0.118818,-0.037517,-0.048464,0.143167,-0.165063,0.056082,0.041710,-0.016316,-0.149046,-0.149524,-0.683804,0.551102,-0.116735,-0.067844,0.137932,-0.116811,-0.074156,-0.093310,0.060355,0.235425,0.129801,0.024040,-0.043467,0.009715,-0.227201,-0.177872,-0.042002,0.291918,0.479549,0.082935,-0.029501,0.120699,0.201707,-0.033595,0.174836,-0.059765,-0.002965,0.322811,0.175495,0.428502,0.124646,-0.012883,-0.116415,-0.093181,0.024006,0.248482,-0.045970,0.368683,-0.045499,-0.763991,0.004144,0.000282,0.110037,-0.019949,-0.242801,0.010100,-0.016826,0.235620,-0.056370,-0.447182,-0.394080,-0.252047,-0.345421,0.530646,0.130648,0.309205,0.029264,-0.032521,0.054066,-0.177354,-0.200716,0.138526,0.374850,0.093446,-0.136857,0.279299,-0.058497,0.084588,-0.169924,0.419082,-0.297580,0.160784,0.112973,0.247949,0.118945,-0.712845,0.164013,-0.124215,-0.113973,-0.035760,0.295720,0.348898,-0.265807,0.093526,0.161424,0.094045,0.135490,-0.033516,-0.038731,-0.143098,0.156809,-0.105587,0.299270,1.009013
-0.164153,-0.672520,-0.079727,0.005037,0.537522,0.107003,0.145900,0.076572,0.022535,-0.184711,-0.161614,-0.307869,-0.016021,0.065793,-0.153577,0.126138,-0.111382,-0.133922,-0.197841,0.280519,-0.151777,-0.022674,-0.279407,-0.045142,0.092602,0.009996,-0.196762,0.129612,-0.154149,0.089554,0.163639,-0.222293,-0.219331,0.230290,-0.381453,0.818495,-0.135875,-0.115708,-0.066258,-0.024300,0.049877,0.199406,-0.083938,0.039189,0.127440,0.031492,0.275066,-0.171922,0.212142,0.100578,0.143429,-0.020028,-0.294873,-0.012340,-0.053757,-0.277980,-0.032387,-0.093492,0.322917,0.030045,-0.202623,0.517079,-0.087000,-0.255161,0.372760,-0.313428,0.431041,-0.014342,-0.226069,-0.231959,-0.211783,0.135083,0.024232,-0.954757,0.243886,-0.108388,0.122610,-0.194992,0.199201,0.380844,-0.091292,0.022265,0.096319,0.121137,-0.449976,-0.275675,0.035386,-0.012463,-0.061557,-0.011101,-0.060491,-0.186885,0.080322,-0.000695,-0.122513,-0.122366,0.735645,-0.014748,-0.087420,0.203073,0.129861,-0.093249,0.005806,0.589685,-0.069894,-0.083110,0.183053,-0.137093,0.014873,-0.536723,-0.020015,0.358923,0.264280,0.016119,-0.010176,-0.380914,-0.127188,0.338004,0.189560,-0.056385,-0.152781,0.283266,0.039655,-0.300485,-0.135414,-0.059823,0.329080,0.760764
0.027954,-0.513828,-0.221239,-0.283714,0.842112,0.192600,0.027722,-0.152014,-0.364004,0.203526,0.353906,0.133307,-0.122593,0.049235,0.537118,0.343007,0.045852,0.069085,-0.291760,0.323285,-0.076715,-0.149731,0.170413,0.034224,-0.539455,-0.032558,-0.028556,0.068822,-0.120089,-0.202279,0.054306,-0.224033,0.053822,0.194451,-0.064477,0.934688,-0.129148,0.145909,0.110074,0.112416,-0.148457,-0.037905,-0.254668,-0.048031,0.044169,-0.047284,0.172686,-0.104116,-0.188954,0.094179,-0.054854,0.088662,-0.374114,0.023734,0.105974,0.127481,-0.135993,-0.048549,0.292709,-0.025610,0.000515,0.341734,-0.338837,-0.353808,-0.154996,-0.894756,0.382999,0.017205,-0.162980,-0.096299,-0.163906,0.227378,0.164482,-0.160000,-0.088975,-0.168329,0.117337,-0.264085,0.013790,0.180632,-0.108511,-0.204646,0.050537,0.473110,-0.272724,-0.256483,0.023234,0.006526,-0.160999,-0.147616,-0.062496,-0.045848,-0.072829,-0.208184,-0.008696,-0.213419,0.390159,-0.097906,-0.153841,-0.063179,0.035021,0.002292,0.364785,0.480773,0.054853,-0.051926,-0.291358,0.178546,-0.414927,0.528576,0.105888,0.140973,0.030976,0.018985,-0.282004,-0.307831,-0.157981,0.412024,0.010482,-0.115367,0.026899,-0.000240,-0.058918,-0.218855,-0.080274,-0.231887,0.166388,0.100640
0.053241,-0.210533,-0.050828,-0.339252,0.470927,0.047574,0.182199,-0.025817,-0.320812,0.012658,-0.163300,0.335248,0.055044,0.106016,0.345928,0.473618,-0.040308,-0.075405,0.070167,0.008197,-0.173563,0.103705,0.164513,0.215619,-0.041443,0.029162,0.085735,0.305090,0.102284,0.221533,-0.260643,0.063472,0.072982,0.041409,-0.036227,0.592800,-0.046058,0.189624,0.003913,0.035095,-0.087817,-0.078765,-0.548704,0.143788,-0.040361,0.179875,-0.028072,0.023071,-0.358716,0.047857,-0.087034,0.012348,0.067684,0.167230,0.142851,0.230003,0.055637,-0.067170,0.743579,0.030337,-0.367388,-0.242472,0.030269,-0.351743,0.048961,-0.861669,0.470481,0.064033,0.064319,-0.051067,0.130261,0.184416,0.133446,0.094089,-0.034925,-0.101714,-0.161847,0.149480,-0.349356,0.444104,0.050005,-0.423679,0.276736,0.319223,-0.098073,0.013470,0.334791,0.059485,-0.248456,-0.072476,0.297743,0.131599,-0.278924,0.069497,0.226980,0.053917,-0.618958,0.073831,0.078036,-0.132204,-0.199170,-0.274506,0.362225,0.512898,0.157108,0.284048,-0.514308,-0.030032,-0.036896,0.502852,-0.102988,-0.121461,-0.060450,0.009989,-0.637365,0.305517,-0.111072,0.252575,0.098566,0.235529,-0.095485,-0.135253,-0.063609,-0.014839,0.073320,0.044940,0.259791,-0.339723
0.398976,0.180942,-0.034033,-0.136382,0.367674,-0.096693,-0.090471,0.154337,-0.101792,-0.133539,-0.120907,-0.111654,0.216020,-0.136761,0.049287,0.435712,0.185564,-0.032252,0.095851,-0.078327,-0.218575,0.006070,-0.303778,0.262981,0.560151,-0.032286,-0.201517,0.335173,-0.142141,0.266232,-0.097233,-0.107694,0.201560,0.208233,-0.023639,0.217128,-0.338383,0.013563,-0.229184,0.221835,0.103839,0.126009,-0.372210,0.057448,0.212860,0.071564,0.057552,-0.035293,-0.057011,-0.048023,-0.029181,-0.064323,0.327836,0.114976,0.448876,-0.237202,-0.320264,0.071270,0.664926,0.229972,-0.180991,-0.229215,0.192680,0.209826,0.375771,-0.707483,0.474006,0.142796,0.256694,-0.250745,0.055183,0.183097,0.196559,0.043606,0.105829,-0.048547,-0.130807,0.161282,-0.339873,0.312511,0.001585,0.167824,-0.228217,0.055423,-0.111225,0.182223,0.118952,0.201962,0.327550,0.025339,-0.152160,0.214322,-0.255411,0.041834,-0.056625,-0.175096,-0.601639,-0.204215,0.066584,0.115109,0.087300,-0.220966,-0.078302,0.391514,-0.005693,0.372908,0.085155,-0.170429,0.259573,-0.454129,-0.149030,-0.004331,0.160669,0.029215,-0.332400,0.158370,-0.288020,-0.069005,0.194791,0.037528,0.102343,0.071720,-0.154916,-0.037132,-0.072459,-0.034969,0.329979,-0.492059
0.500124,0.115170,-0.124244,0.645436,0.572779,-0.149937,-0.133774,0.280381,-0.033981,0.053086,0.444683,-0.046817,0.029600,0.135124,-0.153191,0.424150,0.051323,0.312141,0.133572,-0.175128,0.190666,0.053039,0.044245,0.188942,0.408971,0.116448,-0.144657,0.437618,-0.143343,0.288101,-0.003267,0.044210,-0.358206,0.037891,-0.070577,0.151473,-0.371106,-0.185067,-0.217640,0.180327,-0.035404,-0.007910,0.220780,0.136341,-0.001350,-0.141606,0.202226,-0.109259,0.162102,0.259649,-0.158697,-0.128283,0.320349,-0.018733,0.191608,-0.130540,0.106314,-0.125737,0.446818,0.117244,-0.024315,0.146340,-0.117304,0.191768,0.126858,-0.296443,0.221963,0.194188,0.000645,0.028585,-0.104953,-0.011983,0.017007,0.356680,-0.033556,0.129885,-0.034638,0.331752,0.073043,-0.376209,-0.197929,0.653123,0.069788,-0.162452,-0.229730,0.174257,-0.004670,0.000061,0.332995,0.070661,-0.110690,0.311840,0.134181,-0.305462,0.118240,-0.352422,-0.245370,-0.315470,-0.392609,0.025774,0.027043,-0.043467,0.142658,0.048564,0.149507,-0.006623,0.466924,-0.105981,0.103554,-0.375252,0.308120,-0.287523,-0.154858,0.088469,-0.225586,-0.040836,0.008403,-0.131102,0.057568,-0.060399,0.157312,-0.066893,0.151776,0.035185,0.388992,0.024744,0.285875,-0.225695
0.293262,-0.000545,0.200135,0.146927,0.547298,-0.182464,-0.139078,0.121929,0.060413,-0.286327,0.275704,0.036859,-0.391649,-0.074850,-0.103100,-0.006585,0.320423,0.030497,0.160373,-0.260460,0.532491,0.046684,0.284071,0.050186,0.384806,0.142106,-0.197451,0.259542,0.176094,0.350022,0.074569,-0.074370,0.153138,0.087632,-0.113071,-0.077478,-0.390872,-0.188468,0.202918,0.072368,-0.033715,-0.143645,0.588568,0.175247,-0.068596,0.386894,-0.059226,0.178137,0.261225,0.045586,-0.322619,0.011040,-0.470107,0.201769,-0.197198,-0.316364,0.576825,-0.046783,0.220775,0.159171,0.121812,-0.014097,-0.391425,0.029546,0.310897,-0.169675,0.261776,0.164576,0.001775,0.032553,-0.175285,0.218213,-0.317559,0.341901,0.094710,0.232302,-0.072863,-0.068647,-0.195717,-0.589901,0.011818,0.770323,0.133611,-0.008754,0.042475,0.026886,-0.040533,-0.274142,-0.129501,-0.055133,-0.137096,0.425478,0.039756,-0.211610,-0.171164,0.075168,0.034682,0.117923,0.003374,0.109587,-0.467048,0.088925,-0.157761,-0.086521,-0.103461,0.024096,0.253681,-0.734500,-0.220357,0.098806,0.146584,-0.278521,-0.104756,0.027038,0.232012,0.085681,0.208577,0.177547,0.266052,-0.078141,0.134111,-0.053328,-0.081856,0.093706,0.247626,-0.012866,0.239250,0.153947
-0.097073,-0.013330,0.356690,-0.055906,0.213217,-0.337715,0.141717,0.032650,0.072650,-0.177709,0.093483,0.009991,-0.112088,0.155197,0.264915,-0.067416,-0.092959,0.102447,0.032212,-0.089132,0.476306,-0.190157,-0.177131,0.203230,0.537276,0.040801,0.023774,0.472557,0.001630,-0.065745,0.000917,0.096976,-0.198468,-0.022311,-0.242676,-0.097053,0.312013,-0.105617,0.325629,0.443851,-0.030673,0.107175,0.209708,0.006769,-0.082244,0.133579,-0.079565,-0.102089,-0.121330,-0.132781,-0.050309,-0.010024,-0.364817,0.119445,-0.015176,0.170097,0.123428,0.004347,0.084559,-0.219789,0.079700,-0.007211,0.085539,0.072374,0.557372,-0.086530,0.356700,-0.160074,0.059558,0.196402,-0.145742,-0.044161,0.030881,0.001254,-0.060321,-0.209245,0.101478,-0.012407,-0.215211,-0.397306,-0.085794,0.779191,-0.409613,0.102418,-0.110767,-0.117172,0.122537,-0.007640,0.053752,0.200200,0.069896,0.235928,-0.088380,-0.061159,-0.373531,0.052962,0.024264,0.685774,0.130640,0.055553,0.125582,0.109725,0.233921,-0.031772,0.365953,0.141370,0.175128,-0.307885,-0.146159,0.258325,-0.304673,0.059802,0.243571,-0.027602,-0.024966,0.110787,0.048508,0.167642,0.294246,0.075058,-0.157376,-0.039661,-0.047206,-0.010506,-0.000371,0.061484,0.103575,0.159160
-0.076386,0.048656,0.406353,-0.270554,0.064353,-0.135435,0.003943,-0.268432,0.040854,-0.068200,0.124324,0.173905,-0.145371,-0.039615,-0.036149,-0.407393,-0.261067,-0.164461,0.132487,0.041674,0.422816,0.090459,-0.205424,0.187457,0.218091,0.237483,-0.080231,0.691313,0.078510,-0.382211,0.080846,-0.031497,-0.014535,0.013154,-0.061355,-0.101791,0.678408,-0.027923,0.002626,0.003423,0.181869,-0.040244,0.262052,0.344835,-0.007914,0.378507,0.149192,0.021403,-0.240409,-0.582089,0.079884,0.167548,-0.109202,-0.121233,-0.158625,0.071869,-0.146988,0.410111,0.265165,-0.346307,-0.023453,-0.037752,-0.017732,0.037037,0.006726,-0.007594,-0.037119,0.069045,0.117723,-0.206079,-0.163681,-0.168928,-0.029562,0.015382,-0.076711,0.040507,0.039206,0.135485,-0.203166,-0.038241,0.014138,0.305082,-0.095882,0.084482,0.098635,0.069062,0.121535,-0.060715,-0.001608,0.077973,-0.311452,0.000316,0.123718,0.021879,-0.243352,-0.050668,-0.106455,0.907421,0.361199,-0.116042,0.200369,0.217379,0.276130,0.103473,0.268545,0.290654,-0.321401,0.174713,-0.043531,-0.044473,-0.055272,0.245362,0.104130,-0.008375,-0.248116,-0.245130,0.146771,0.360679,0.279283,0.179637,-0.140039,0.005537,-0.050558,-0.218802,0.045185,-0.088173,0.170752,-0.168892
-0.082627,0.165053,0.216209,-0.252606,0.080178,-0.039350,-0.124853,-0.138323,0.306520,-0.325156,0.288007,0.190887,-0.336553,-0.025462,-0.145894,-0.065341,-0.184769,0.142703,0.167783,0.065894,0.253548,0.264454,0.010628,-0.143631,0.176465,0.202175,0.053695,0.734459,0.105724,-0.146912,-0.128653,-0.103845,-0.307155,0.101322,0.000037,0.167220,0.778867,-0.066607,-0.053650,0.032333,0.248955,-0.086497,0.265080,0.134839,0.013694,0.188899,0.037709,0.109606,-0.270943,-0.187684,0.038569,0.122624,-0.035254,-0.231937,-0.108437,-0.212701,-0.321552,0.176256,0.257281,-0.040098,0.143665,-0.109324,-0.027854,0.386225,0.213021,0.346934,-0.252065,-0.361081,-0.021585,0.102831,0.058239,0.005638,0.096781,0.018703,0.142879,-0.001867,-0.051736,0.023951,-0.083707,0.002757,0.100575,-0.451018,-0.043729,0.094946,0.130913,0.331494,0.130119,-0.061597,0.156096,0.032410,-0.304209,0.132209,0.044845,-0.117096,-0.207291,-0.467540,0.186182,-0.335584,0.334337,-0.165035,0.321957,-0.076986,0.036298,0.120284,0.037924,0.433906,-0.541844,0.450223,0.048549,0.235449,-0.045910,0.397775,0.096103,-0.046219,-0.065830,0.099464,0.033836,0.009380,0.232576,-0.101951,-0.218130,-0.111507,-0.063080,0.060542,0.101551,-0.069837,0.028281,0.086314
-0.037442,0.005165,-0.152651,-0.316807,0.068266,0.140248,-0.139015,0.051652,0.339970,0.033812,0.067977,0.030417,-0.393709,-0.000100,-0.167601,-0.079074,-0.094252,0.153207,-0.180068,0.080437,0.201474,0.221343,-0.200723,-0.121806,0.013468,0.158784,0.059585,0.605391,0.298439,-0.292194,-0.284460,-0.133043,0.100971,-0.107204,0.029279,0.077714,0.431847,-0.090305,-0.211902,0.176423,-0.029552,0.048600,0.350706,0.178482,-0.015664,0.070412,0.012746,0.076872,0.169891,-0.008738,-0.029871,-0.105722,-0.063691,0.038204,0.140652,0.149117,-0.246410,-0.304672,-0.020998,-0.061897,0.303174,-0.030930,0.163245,0.045748,0.109876,0.129546,-0.185911,-0.081840,0.014914,0.042246,-0.110184,0.215029,0.013899,-0.201038,0.315936,0.176885,-0.052211,-0.070509,0.184815,-0.124606,-0.055703,-0.659791,-0.249479,-0.055643,-0.014692,-0.135875,-0.064651,-0.227934,0.152598,-0.114353,-0.078926,0.040436,0.042007,0.038546,0.134319,-0.381734,0.000855,-0.511616,0.013830,-0.099432,0.059468,-0.025551,-0.388465,-0.030487,0.016321,0.387028,-0.241851,0.271760,0.061985,-0.208544,0.000491,0.623338,0.048265,-0.112382,0.204307,-0.232727,0.119851,-0.050165,0.600287,0.080781,0.034387,-0.194510,0.170449,0.402757,0.131413,0.049457,0.233730,-0.107740
-0.272210,0.233648,-0.381794,-0.014935,0.012918,-0.055948,0.007375,0.127967,0.277385,-0.176226,0.239523,-0.154830,-0.080992,0.141319,-0.337322,-0.156380,-0.046157,0.247637,-0.198631,0.172518,0.202997,0.033422,0.160562,0.162517,-0.250798,0.068779,-0.038264,0.652226,0.226609,-0.013491,-0.248859,-0.052086,0.049863,-0.217108,0.186948,-0.037397,0.180267,-0.167026,-0.124488,0.300980,0.187254,0.022740,-0.205827,-0.187774,-0.203354,-0.000166,0.011471,0.139299,-0.008241,0.041253,-0.143904,-0.173371,0.119425,0.081346,0.119261,-0.160128,0.107363,0.091833,0.103833,0.283781,-0.142793,0.060768,0.502213,-0.009212,-0.188645,0.000346,-0.416642,-0.054550,0.067261,0.189500,-0.074993,-0.088296,0.020333,-0.015164,0.385137,-0.102608,-0.075132,-0.075886,-0.049204,-0.114991,0.074852,-0.352605,0.159578,0.198264,0.064959,-0.285100,-0.031652,-0.162855,0.068580,-0.090570,-0.044866,-0.549134,-0.014099,0.164601,0.139174,-0.536811,-0.278621,-0.401078,-0.151625,-0.235112,-0.146272,0.007322,-0.382727,0.162643,-0.093684,0.250666,0.321912,0.122314,-0.121046,0.042474,0.053023,0.796568,-0.252064,-0.336534,0.034300,0.190293,0.056419,0.124113,0.563537,-0.026882,0.244708,0.071327,0.019430,0.091201,0.282538,-0.247336,0.080238,-0.221316
-0.120219,0.125763,0.012909,0.140799,-0.128857,0.204645,0.158843,0.191463,0.356823,0.190389,0.139595,0.119969,-0.135587,0.547927,-0.148987,-0.141597,0.054312,0.217789,-0.166429,-0.010428,-0.169419,-0.180958,0.086758,0.453667,-0.176234,0.270590,-0.068800,0.555294,0.162531,-0.148530,-0.193145,-0.078339,-0.021828,-0.098345,-0.233752,0.075232,0.076283,-0.208462,0.062638,0.084743,-0.035481,0.083542,-0.377483,-0.279064,0.298026,0.104591,-0.014061,-0.068720,-0.100810,-0.091631,0.044489,-0.024605,0.004015,0.104018,-0.128982,-0.021327,0.173728,0.211654,0.231466,0.143741,0.008146,0.294799,0.305228,0.042377,-0.393417,0.223244,-0.400012,0.444589,-0.028377,0.068806,-0.022172,-0.034751,-0.167710,0.077489,0.140706,0.025981,-0.351235,0.037868,-0.150271,0.047408,0.092801,-0.101302,0.132442,0.066879,-0.287671,-0.174086,0.221202,0.148832,0.132568,0.202209,0.169708,-0.463651,0.039350,0.046489,0.059174,-0.794066,-0.229033,-0.236502,-0.226618,-0.141539,-0.104899,-0.166498,0.068824,0.058860,0.254695,0.184364,0.196421,-0.042238,0.298879,0.251812,-0.250520,-0.157315,-0.019088,-0.105456,0.205464,-0.033159,-0.027559,-0.003086,0.846066,0.308114,-0.243573,-0.227539,0.117068,0.128544,0.198512,0.078680,0.007325,-0.043682
0.116233,0.083148,-0.045193,0.064328,-0.105927,0.107170,0.103290,0.058217,0.377130,0.390241,-0.072354,0.109704,-0.383897,0.310585,0.102331,0.067125,-0.084055,0.130257,-0.116316,-0.058495,0.188153,-0.087698,0.003501,0.285725,-0.247700,0.075750,-0.131173,0.354216,-0.037343,0.097164,0.168399,-0.027140,-0.067145,-0.015299,-0.094778,-0.238855,-0.050192,-0.236980,0.190669,-0.092360,-0.078668,-0.129067,-0.242505,-0.205741,-0.036452,-0.169174,0.315727,-0.163228,0.001373,0.245055,0.188414,-0.131936,-0.007422,0.012652,-0.453074,0.261320,-0.042844,0.087491,0.318117,0.050032,0.086270,0.210564,0.236049,-0.257996,-0.073074,0.274202,-0.032841,0.192848,0.056141,-0.030958,-0.132353,-0.060450,-0.128114,-0.074843,-0.023090,-0.088467,0.083007,0.099741,0.061372,0.150723,-0.192471,0.130006,-0.050489,-0.094898,-0.169157,0.046756,0.625972,0.067554,-0.129050,0.210177,-0.254589,0.134748,-0.007388,0.123079,0.218585,-0.481922,-0.250285,-0.087069,-0.276280,-0.220716,0.055626,0.051521,0.106830,0.093942,-0.016785,0.036759,-0.163882,0.099536,0.471491,-0.069106,0.065316,-0.534578,0.128129,-0.087986,0.261825,-0.300940,-0.112136,0.028211,0.717588,0.169748,-0.334509,-0.022946,0.522307,-0.432878,0.061614,0.018699,0.029072,-0.323063
0.235664,-0.231397,-0.008738,-0.161439,-0.141416,-0.004748,-0.065963,-0.229968,0.261984,0.379709,-0.004853,-0.088146,-0.137923,-0.127015,0.060030,0.056761,0.214564,-0.067719,0.155941,0.037219,-0.035623,0.224542,0.229277,0.431745,-0.033836,0.033612,0.120005,0.158928,0.121017,-0.104384,0.475357,-0.069294,-0.035196,-0.053218,-0.085024,0.133503,-0.037750,-0.097042,0.138178,-0.128096,-0.228442,0.199387,0.155371,-0.159192,0.117428,0.040977,0.067986,0.067593,0.138551,-0.070467,-0.155676,0.096735,-0.093113,-0.091808,-0.248506,0.126457,-0.057219,0.018178,-0.296413,-0.146283,0.229540,0.204342,-0.077715,-0.478477,-0.122669,0.203708,0.108363,0.240827,0.224237,-0.037778,-0.033018,0.347691,-0.148823,0.296064,-0.048873,-0.067409,0.091199,-0.108480,0.135398,0.128281,0.026509,0.089393,0.046419,0.012361,0.092820,0.031230,-0.069056,-0.010109,0.091236,-0.110047,-0.015425,0.247228,-0.357068,0.095506,0.334171,-0.307043,0.102876,0.350597,-0.028853,0.014166,0.233441,-0.267457,0.142014,0.126865,-0.145242,0.070882,-0.201180,-0.114482,0.087481,-0.208807,0.219926,-0.222311,0.011842,-0.033831,0.215176,-0.007083,-0.147719,0.212205,0.566681,0.028601,-0.229182,-0.064834,0.223035,-0.305288,-0.016656,-0.118257,-0.023294,-0.303527
0.106901,-0.118218,-0.063288,-0.191296,-0.035798,0.001155,-0.089677,-0.269942,0.172082,0.028821,0.062846,-0.122880,0.245855,-0.350434,-0.235055,-0.418613,0.324695,0.195671,-0.352849,-0.275225,-0.136301,0.113905,-0.074291,0.390325,0.064064,-0.104575,0.152019,-0.022131,-0.258916,-0.064215,0.271849,-0.062964,-0.073972,-0.208096,-0.186624,0.204708,-0.200765,-0.105958,-0.111013,0.310986,0.175375,-0.073086,0.061767,0.018895,-0.013960,-0.045767,-0.000740,0.229402,0.101029,-0.096335,-0.183995,0.373616,-0.337068,-0.247104,0.149934,-0.100953,-0.316705,-0.078865,-0.090984,0.023384,-0.079956,-0.046570,-0.176039,-0.025286,-0.211354,0.090913,0.069610,0.034532,-0.046862,-0.048784,0.234221,0.257080,0.310896,0.031655,0.168487,-0.083901,0.002907,-0.100827,0.211326,-0.074121,0.009407,0.036001,-0.030714,0.123081,0.106690,0.177408,-0.134306,-0.494003,0.227837,-0.180276,-0.047881,0.047783,-0.564042,0.451219,0.033352,-0.337511,-0.136982,0.005131,0.145088,-0.171773,-0.106991,-0.127126,0.220388,0.164868,-0.116716,0.100965,-0.104042,-0.172726,0.172238,-0.202554,0.309019,-0.255836,-0.259630,-0.035102,0.045298,0.485603,-0.010743,0.263288,0.333988,0.345528,-0.150113,-0.318183,0.089903,-0.004809,-0.134183,-0.053814,0.025113,0.160987
0.220503,-0.159086,0.084741,-0.396395,-0.316039,-0.185869,-0.144378,-0.086814,-0.033914,-0.182719,-0.150213,-0.202907,0.272781,-0.595442,0.121585,-0.056512,0.350618,0.274252,-0.136211,-0.003495,0.154307,0.091690,-0.248261,0.787607,0.026081,0.122189,0.285019,-0.120818,-0.392855,0.548048,0.073208,-0.018855,0.029837,-0.118162,-0.117916,0.061852,0.110620,0.028855,-0.087027,0.031492,0.039383,-0.179106,-0.267492,0.188899,0.237498,0.142948,0.037632,-0.025514,-0.056746,0.067452,-0.022886,-0.119481,-0.364297,0.045215,-0.001010,0.009081,-0.050966,-0.088113,-0.102887,0.054514,-0.260627,0.132786,-0.028462,0.159695,0.008295,0.059871,-0.070674,0.093326,-0.322461,-0.042190,0.009211,0.015758,0.155210,0.033953,0.276903,-0.533489,0.087181,0.042801,0.150969,0.012761,0.222235,0.131851,-0.186465,-0.115167,-0.020229,-0.118880,0.085492,-0.081150,0.265519,0.069012,0.112955,0.068329,0.204139,-0.195790,0.059989,-0.193156,0.173284,0.120402,-0.015341,-0.150638,-0.053687,0.291690,-0.047644,-0.208557,0.023701,-0.166475,-0.231885,0.148640,0.441434,0.073570,0.323246,0.305839,0.143193,0.208604,-0.171852,0.299823,-0.164718,0.025737,0.345038,0.130462,0.149622,-0.207723,0.164368,0.297138,-0.203253,0.131178,-0.136012,0.057710
0.118444,-0.185298,-0.207295,0.158925,-0.190011,-0.179439,0.095970,0.030350,-0.169131,0.030602,-0.065039,-0.112285,0.202910,-0.023455,0.055294,-0.020859,0.063096,0.134551,-0.001089,-0.145160,-0.184906,-0.043765,-0.066064,0.097435,-0.042574,-0.064583,0.280506,-0.066470,0.162068,0.510751,-0.293733,0.006860,0.068264,-0.065795,0.224427,-0.117852,0.211630,-0.029470,0.045592,0.259868,0.060930,-0.187822,0.091626,-0.041332,0.084873,0.024950,-0.141366,-0.043337,-0.111847,0.159579,-0.156294,0.187250,0.079206,-0.127008,-0.453535,0.033350,-0.049680,-0.010283,0.208285,-0.084802,-0.121534,-0.145494,0.106760,0.089589,-0.038489,0.009821,0.104042,0.060779,-0.019748,0.052873,0.135118,0.046858,-0.048165,0.224319,0.060792,-0.267515,0.115177,-0.045083,0.044640,0.028766,0.096078,0.049365,-0.170023,0.101909,0.072926,-0.064203,0.348469,-0.023128,-0.016448,-0.195181,-0.049326,-0.033800,0.029252,0.468727,-0.205906,-0.043611,0.127084,0.078533,0.085321,0.068322,0.040092,-0.026497,-0.145508,-0.172578,-0.123529,0.017481,0.025232,-0.028227,-0.010259,-0.033420,0.015695,0.086033,-0.124178,-0.018604,-0.229316,0.136854,0.077129,0.282498,0.028623,0.048600,-0.075678,-0.179004,0.302678,-0.164998,-0.012773,0.005320,0.372949,0.126094
0.001407,-0.045853,-0.079874,-0.067673,-0.265265,-0.008300,-0.005765,0.017230,-0.356741,-0.074807,0.017302,-0.134189,0.065273,0.029670,-0.026546,-0.004406,-0.009148,-0.008903,0.014051,-0.083516,-0.011482,-0.069113,0.094686,0.021467,0.021502,-0.027730,0.077474,0.018422,-0.000156,0.156801,-0.096350,-0.040101,-0.016908,0.072466,-0.005903,-0.015525,0.083344,-0.038841,-0.002635,0.287819,0.119041,-0.069954,0.136581,-0.041018,0.054475,-0.013314,-0.011235,-0.070563,0.009669,-0.037476,-0.114579,-0.050307,-0.043829,0.022526,-0.243050,-0.017566,-0.002910,0.015544,0.108337,0.074517,-0.094999,0.006707,-0.017155,0.031130,-0.039342,0.048906,0.041521,0.067939,-0.001191,-0.045986,0.090239,-0.014284,-0.043475,0.100585,-0.134933,-0.210724,0.009577,0.071474,-0.001160,0.007585,0.005215,-0.084387,-0.052574,-0.006261,-0.104408,-0.058520,0.032048,0.088298,0.038660,0.005917,-0.017127,0.004889,0.103621,0.170383,0.033544,0.003981,-0.058284,0.077298,0.049577,0.048402,0.096222,-0.005818,-0.046900,-0.046855,0.002126,0.082934,-0.083636,-0.014223,-0.050228,0.010408,-0.073192,0.092905,-0.022544,0.021376,-0.050449,0.116150,-0.049434,-0.137122,-0.051505,-0.021633,0.058472,-0.148417,0.068103,-0.075990,-0.016488,0.058186,0.200793,-0.030658
-0.001923,-0.001472,0.001384,-0.000830,-0.003161,0.001201,0.000010,-0.000126,-0.000994,0.002802,0.002031,-0.001409,-0.003799,-0.001101,-0.002715,0.000739,0.001224,-0.001315,0.001208,-0.003725,0.003327,-0.002446,-0.002088,-0.005499,-0.000123,-0.002241,-0.001090,0.000819,-0.000284,0.002095,-0.004911,0.000296,0.000175,0.003050,-0.004303,-0.000760,-0.000780,-0.000323,0.002296,-0.005215,0.001152,-0.004916,0.000432,-0.002498,-0.002994,-0.001492,0.000203,-0.000807,0.001717,-0.001047,0.000172,0.000678,0.001064,-0.000613,-0.000956,0.000523,0.001462,-0.001189,0.000754,-0.000533,0.000217,-0.001769,0.001838,0.000552,-0.001713,0.000572,-0.001225,0.003387,-0.000173,0.000364,0.001222,0.001114,-0.002160,0.002113,-0.002132,-0.000321,0.000116,-0.000180,-0.000698,-0.001399,-0.001405,0.001629,-0.001923,0.002347,0.004288,0.000694,-0.000625,-0.003071,-0.000007,-0.001690,0.000411,0.002278,0.000203,0.002793,0.000818,-0.001660,-0.000442,0.000822,0.000256,0.002141,0.001080,0.001345,-0.000865,0.009241,0.001108,0.000163,-0.001189,0.000752,0.000014,0.001510,0.001469,0.001438,-0.000163,-0.001634,-0.000585,0.001233,0.001524,-0.002458,-0.001780,0.000004,0.001702,-0.000288,-0.001372,-0.004213,-0.000348,-0.001338,0.000822,-0.003882
0.011230,0.003122,0.007862,-0.013786,-0.017678,-0.001377,-0.009758,0.003101,-0.005165,-0.001687,-0.016572,-0.004984,0.015545,-0.002998,0.000791,0.007663,0.006135,0.010490,-0.021831,-0.004789,-0.039096,-0.002886,-0.001518,0.015716,-0.018481,0.003368,-0.002707,-0.018038,0.001275,-0.011646,0.003339,0.000114,-0.007884,0.003122,0.000076,-0.007203,0.007791,0.012541,-0.002388,0.077615,0.004395,0.021331,-0.011847,0.013414,0.016921,-0.001950,-0.009478,0.014990,-0.003817,-0.003188,0.004750,-0.002762,-0.010800,-0.006294,-0.064059,-0.005117,0.004278,-0.001077,0.015674,-0.004780,-0.015870,0.006351,0.005002,-0.002071,-0.002524,-0.005069,0.013450,0.001248,-0.003342,0.006567,0.016513,-0.017144,0.001214,-0.006816,0.008188,0.008410,-0.006334,0.000019,0.005446,-0.004785,-0.004578,-0.011667,-0.003806,-0.004190,-0.019063,0.015571,-0.012836,-0.007943,-0.004851,0.013696,0.000015,-0.000010,0.018422,-0.017748,-0.012090,0.008107,0.004222,-0.022844,-0.005907,0.006904,0.005581,-0.004177,-0.010413,-0.046313,-0.025202,-0.006457,0.015010,0.014101,-0.009812,0.006660,0.016702,-0.001780,-0.019869,0.007161,0.017341,0.001761,0.002343,0.061862,0.016332,-0.000995,-0.003231,-0.002553,0.008972,-0.005223,-0.002753,-0.006639,0.016468,0.007078
-0.076773,0.031819,-0.172203,-0.019521,0.288479,-0.013449,0.239475,0.007515,-0.098360,0.108436,0.058820,0.064062,-0.150432,0.048248,-0.109359,-0.206397,0.042188,0.096906,-0.073752,0.076664,-0.187655,-0.005990,0.124253,-0.058621,0.079948,0.126054,0.081722,-0.112197,0.260972,0.118368,-0.039412,-0.071341,-0.050248,0.149677,-0.089725,-0.239373,0.002965,0.135619,-0.100449,0.058061,0.035228,-0.157094,0.213868,-0.029952,0.282762,0.358171,-0.130140,0.058379,0.013191,-0.072154,-0.150503,-0.031722,0.106591,-0.027363,-0.219408,0.032989,0.118451,0.130162,-0.000545,-0.116395,0.094850,0.068597,-0.207698,-0.064008,0.028793,-0.042065,0.159338,0.062924,0.026273,-0.127505,0.175856,0.021256,-0.139446,0.477376,0.134051,-0.203167,0.078843,-0.028850,0.282725,0.041890,0.030157,-0.167470,-0.068543,-0.050742,0.034812,-0.030237,0.009801,0.035522,0.078468,0.072870,0.032000,0.032540,0.248117,0.198008,0.033605,0.059191,-0.022522,-0.093185,0.025187,0.049347,0.105253,0.058470,0.042589,-0.190130,-0.119062,0.032297,-0.025589,-0.034594,0.039990,0.201642,-0.136911,-0.021274,-0.049703,0.087917,-0.102398,0.178250,-0.045439,-0.171109,0.074423,-0.047479,0.062478,-0.011846,0.118628,-0.104781,0.136148,-0.215818,0.089026,0.042158
0.012335,0.134952,-0.071017,-0.224552,0.016773,0.031908,0.079991,-0.163350,0.494271,0.047789,-0.028778,-0.015256,-0.075516,-0.215480,-0.055598,0.067504,0.177426,0.114042,-0.232401,-0.288488,0.292262,0.064792,-0.101214,0.033171,-0.105888,0.413176,-0.126280,0.025276,-0.095594,0.037820,-0.260852,-0.085072,-0.134674,0.038035,-0.270313,-0.212686,-0.300730,0.191752,-0.059489,-0.208102,-0.104114,-0.354499,0.139319,-0.248231,0.127641,0.097123,-0.009746,0.154319,-0.069196,-0.169712,0.106145,0.082178,0.133271,-0.072422,-0.022489,-0.059490,-0.050893,-0.043698,0.125127,-0.030349,0.088653,0.055030,-0.351416,0.093879,-0.123256,-0.050740,0.145344,0.225919,-0.024285,-0.239369,-0.205043,-0.103924,-0.005141,-0.114760,-0.224436,-0.029274,0.099130,-0.201056,0.224633,-0.017238,-0.008698,-0.107285,-0.084856,0.061279,-0.126120,0.051321,-0.294262,-0.174265,0.229014,-0.211667,0.201674,-0.135251,-0.127110,0.078181,0.182191,0.085631,-0.034247,0.024830,-0.118743,0.015305,-0.048003,0.028290,-0.009023,-0.013043,-0.002199,0.135733,-0.323645,-0.090721,0.032360,0.083402,-0.032617,-0.079426,-0.062522,-0.049081,0.113754,0.300287,0.347903,0.004237,0.122498,0.296456,0.109200,0.203675,0.069920,0.112914,0.097338,-0.167659,0.128775,-0.022853
-0.031692,-0.038747,-0.222623,-0.047052,-0.116813,-0.254094,0.190072,-0.147487,0.274697,-0.369355,-0.162187,-0.051611,-0.022971,-0.022151,0.170309,-0.106897,0.050026,0.134061,-0.176344,-0.076571,0.169650,-0.074843,0.021546,0.038755,-0.159031,0.439385,-0.036122,-0.097106,0.052221,0.102238,0.241072,0.155109,-0.128103,-0.076128,-0.032848,-0.306540,-0.320514,-0.016236,-0.002043,-0.303896,-0.078290,0.384890,-0.081574,-0.408049,0.237189,0.260074,0.129381,-0.158667,0.011467,-0.171432,0.258484,-0.263199,0.159525,-0.128510,0.108872,0.011578,0.067324,-0.088091,-0.030066,-0.068400,-0.081862,-0.000547,-0.051744,-0.037198,0.038962,-0.318816,-0.059063,0.234216,-0.087373,0.058756,0.015361,-0.020669,0.080095,-0.310206,-0.386862,-0.222771,0.261031,-0.247137,-0.268600,0.065750,0.152016,-0.049701,-0.104620,0.120468,0.014929,0.236804,-0.089822,-0.451018,0.112974,0.231047,0.163388,-0.012271,0.057619,-0.021358,0.243057,-0.133708,-0.028211,0.210913,-0.310575,0.058165,0.050475,0.170809,0.012688,0.110692,0.195443,0.186995,0.016110,-0.161573,0.021971,-0.143753,0.032983,0.599974,0.011510,-0.312545,0.174910,-0.114618,-0.008828,0.150929,-0.110176,0.103957,0.190579,0.310441,0.227439,0.118084,-0.115171,-0.137772,0.048502,-0.351644
-0.221047,-0.078598,-0.045668,-0.029418,0.133587,0.043027,-0.389758,-0.013323,0.275513,0.084675,-0.358215,-0.047553,-0.069586,-0.343114,-0.058193,-0.264370,0.161575,-0.048637,0.017913,0.219737,-0.069130,-0.174807,-0.135661,0.071702,0.219303,0.151011,-0.259790,0.180993,-0.113665,-0.018521,0.444927,-0.006559,-0.163586,-0.265800,0.427918,-0.082880,-0.276006,-0.101195,-0.054377,-0.272445,-0.113602,0.264888,-0.144299,0.103931,0.198399,0.062207,0.264892,0.108387,-0.145649,-0.299623,0.057504,-0.173646,0.064389,0.007478,0.088455,-0.256661,0.042395,0.368587,-0.780496,0.261345,-0.049375,0.400135,-0.027801,0.059132,0.035531,-0.286390,-0.127832,0.094485,-0.130835,-0.079854,0.281368,-0.263722,-0.034467,-0.094822,-0.223203,0.086046,-0.000042,-0.070530,-0.098581,0.055921,-0.286374,0.079509,-0.061462,0.049791,0.049786,-0.098004,0.473424,-0.185600,0.254581,0.124602,-0.165806,-0.338651,0.164468,-0.218895,0.065757,0.188625,0.184771,0.127908,-0.092932,-0.013657,-0.184979,-0.210641,-0.017253,0.087337,-0.116259,0.006832,-0.113497,0.093314,-0.018415,0.449172,-0.205790,0.120039,0.043767,-0.060620,-0.091991,0.076186,-0.237396,0.332138,-0.044283,0.149054,0.554516,0.332371,0.022077,0.231738,-0.192059,-0.052090,0.211715,-0.435737
-0.095575,-0.186441,-0.037401,-0.166540,0.175749,0.053370,-0.035168,0.047627,-0.029559,-0.013773,-0.292751,-0.055637,0.055772,0.052109,-0.286142,-0.431819,0.008552,-0.109784,0.533764,-0.332820,-0.194042,-0.196143,-0.542389,0.246887,0.138529,-0.075254,0.049697,0.190170,0.186093,-0.118898,0.347621,0.265145,0.111866,0.001509,0.592736,-0.454701,-0.300496,-0.139628,-0.094518,0.135251,-0.033452,-0.020034,-0.144658,0.298985,0.010576,0.104329,0.140549,-0.066186,-0.152088,0.000513,-0.153150,-0.025064,0.098077,-0.024492,-0.022558,-0.379737,0.258662,-0.032490,-0.682644,0.084572,-0.078840,0.140356,0.062825,0.304417,0.035903,-0.226645,-0.083595,-0.151731,0.045273,-0.310096,0.178599,0.230455,-0.090631,0.049917,-0.160178,-0.004717,-0.037138,-0.079480,-0.056865,0.060524,-0.080908,0.000012,-0.135341,-0.416677,0.133250,0.064399,0.156361,-0.147901,-0.050947,-0.150538,-0.259636,0.144619,-0.161334,0.053067,-0.388104,0.115601,-0.014121,-0.166496,0.146360,0.030560,-0.224279,-0.143062,0.124025,0.396869,-0.038495,0.162356,0.175186,-0.091864,0.002541,0.605730,-0.157566,-0.077502,0.138769,0.332113,0.015064,0.115923,-0.074499,0.260457,0.153008,0.175848,0.302090,-0.012857,-0.153067,-0.136217,-0.070886,0.212575,0.223814,-0.301966
0.165737,-0.373354,0.039742,-0.317116,0.268453,-0.041669,-0.208152,0.024920,-0.164187,-0.139989,-0.339224,-0.292261,-0.003884,0.565053,-0.215188,-0.036225,-0.185356,0.065922,0.324519,-0.143451,-0.130979,0.081854,-0.206582,-0.236494,-0.224907,-0.092491,-0.033198,0.193393,-0.255608,-0.281231,-0.051951,0.187064,0.014731,0.028749,0.309253,-0.631245,0.085804,0.007997,0.077333,0.145685,0.109268,0.182837,-0.004092,0.037390,0.060133,0.064087,0.092873,0.030323,-0.113224,0.245454,-0.007793,-0.116660,0.074023,-0.008405,-0.056137,0.270436,-0.011454,-0.057690,-0.235749,-0.009634,-0.007675,-0.161906,0.425182,0.085794,0.022158,-0.145504,-0.244453,-0.130618,-0.000172,-0.018998,-0.068349,-0.200793,0.191718,0.116715,0.204655,0.118761,0.077235,-0.136760,0.025010,0.186593,0.030648,0.276019,-0.087299,-0.816503,-0.167857,0.256443,0.110281,-0.038630,-0.047541,-0.010641,0.167461,-0.109785,-0.190348,-0.427182,0.112969,0.222229,-0.195219,0.101592,0.027444,-0.188522,0.088098,-0.147059,-0.247658,0.479094,-0.427801,0.320057,0.110403,0.054090,0.099388,0.356545,-0.026977,-0.147894,0.312855,-0.093210,0.169762,0.310977,-0.354779,0.199199,0.074395,0.061310,-0.060617,0.037442,-0.017379,-0.233587,-0.101224,0.143729,0.114389,-0.135765
-0.055348,-0.479792,0.005944,-0.338320,0.224817,-0.104280,-0.013337,0.147024,0.032868,0.110688,-0.126037,-0.064137,-0.051338,0.283208,-0.131657,0.275551,-0.210719,-0.068455,-0.059607,-0.116853,-0.075714,0.048348,0.309390,-0.004362,-0.144814,-0.140561,0.007796,0.139529,-0.345628,0.040181,-0.154853,0.227875,0.039997,-0.073113,0.071679,-0.911850,-0.057459,0.100342,0.246873,-0.162175,0.148912,-0.117204,0.194448,-0.080975,-0.004796,0.109229,0.019645,0.007823,-0.041289,0.223347,-0.018093,-0.175906,0.092017,0.246518,0.023646,0.674182,-0.045456,-0.070512,-0.014445,-0.016164,-0.122877,-0.247292,0.258486,0.429056,0.278440,-0.094707,-0.400238,-0.212834,-0.041105,0.122780,-0.096670,-0.148052,0.047369,0.199034,0.214274,0.000819,0.164440,-0.028926,0.001875,0.120660,0.040413,0.160724,0.061344,-0.720605,-0.250907,-0.126546,0.093290,0.565934,0.080515,-0.129301,0.210502,-0.199313,-0.138426,-0.281165,0.260059,-0.149483,0.254720,-0.085412,0.008832,-0.085433,-0.064495,0.066456,0.043801,0.596763,-0.166343,0.041852,0.154054,-0.140655,-0.183937,-0.304443,-0.036379,-0.209308,-0.137939,-0.209537,0.321282,0.461664,-0.130838,0.320885,0.252239,0.117391,-0.141708,-0.231392,-0.000644,-0.209145,-0.200376,0.069230,0.162033,0.689778
-0.199156,-0.460550,0.042480,-0.168645,0.469765,0.168186,0.002544,-0.014984,-0.221330,-0.289468,0.116139,-0.080743,-0.250699,-0.181914,-0.490284,0.328472,0.032387,-0.075832,-0.162223,0.080812,-0.201379,-0.075107,0.141171,0.147295,0.034034,0.064537,0.041895,0.254528,-0.125810,0.051315,0.208934,0.022198,-0.259338,0.014024,-0.357860,-0.953903,-0.256253,-0.109270,-0.176582,-0.171284,-0.080674,-0.267844,0.332648,0.026195,-0.044136,-0.016845,-0.166581,-0.049634,0.099201,0.048712,-0.108410,-0.100973,-0.192536,-0.031506,-0.043296,-0.198594,0.258400,0.146310,0.061629,0.262960,-0.244009,0.156879,0.035413,0.276498,0.073203,0.335980,-0.323421,-0.080104,-0.152050,-0.204848,-0.021619,-0.093136,0.013369,0.102173,0.045455,-0.034250,-0.078318,-0.049462,-0.240452,0.071568,0.072947,0.124063,0.139399,0.106186,-0.300766,-0.245424,0.106168,0.885487,-0.019926,-0.130564,-0.061536,-0.230647,0.168765,-0.196566,0.194434,-0.259446,0.408918,0.040865,-0.057902,0.176658,-0.228421,-0.064862,-0.108531,0.808811,-0.239365,-0.207409,0.041677,-0.079533,-0.032061,-0.664491,-0.217320,-0.130205,-0.128967,-0.153720,0.229049,0.494708,0.105381,0.160622,0.212149,-0.158983,0.014280,0.159889,-0.077845,-0.177854,-0.140580,0.081831,0.085838,0.775810
0.064304,-0.790944,0.189792,0.214214,0.716787,0.219221,-0.046056,0.188713,-0.054455,-0.300807,0.022069,-0.006969,-0.026848,0.120810,0.243135,0.099601,0.052957,0.195754,0.014624,0.188243,-0.334075,-0.211329,-0.380288,-0.040880,-0.506572,0.077221,0.100750,0.090241,-0.086767,0.086207,0.282521,0.110300,0.029261,-0.013154,-0.598600,-0.428593,-0.024058,-0.023482,-0.260717,-0.175623,0.465602,-0.023660,0.061035,-0.332106,-0.027816,-0.105002,0.192127,0.114903,0.074114,-0.114720,-0.038600,-0.111797,-0.578257,-0.034480,0.255615,-0.012754,-0.033314,0.142132,0.265206,0.169456,-0.104326,0.340464,-0.249040,-0.147972,-0.298714,0.293339,-0.264062,-0.013992,-0.309351,-0.264428,-0.123615,-0.142829,0.050142,-0.549367,-0.063002,-0.178790,0.066867,-0.048198,-0.068750,0.204006,-0.088277,-0.101480,-0.197060,0.934633,-0.324963,0.084031,-0.581533,0.169747,-0.175123,0.056190,-0.135892,-0.007478,0.155321,-0.040309,-0.167019,-0.039252,0.186337,-0.170194,-0.032556,0.103927,0.238087,0.120822,0.093870,0.487730,-0.196792,-0.103955,0.059376,-0.012940,0.143899,-0.033938,0.124291,0.236301,0.028080,-0.104508,0.013099,-0.089384,0.076866,0.001500,0.132832,0.038950,0.322773,0.119797,-0.008905,-0.171110,0.099949,0.067518,0.239964,0.519031
0.162295,-1.153151,-0.034402,-0.213800,0.712395,0.164585,0.037948,0.151375,-0.127708,0.011968,0.168513,0.263109,0.072220,0.031270,0.576958,0.032504,-0.140584,0.086996,0.118469,0.223159,-0.298204,0.012874,0.240601,0.018557,-0.560522,-0.034942,0.087035,-0.082184,0.303694,0.158720,-0.142467,0.118730,-0.072297,-0.227612,-0.156300,0.142376,0.248972,-0.082373,-0.142091,-0.003107,0.421290,-0.431293,0.115523,0.192724,-0.074179,0.193237,0.181102,0.167926,0.033358,0.096468,0.104275,0.011565,0.056316,0.022386,-0.102624,0.042064,-0.127502,0.307621,0.176558,-0.025115,0.029016,0.157491,-0.233545,-0.450836,0.036127,0.022863,0.158606,0.039263,-0.121821,0.075588,-0.018969,-0.268241,-0.010655,-0.375244,0.023410,0.078325,-0.017669,-0.044152,0.188161,0.016280,-0.077035,-0.210269,0.013537,0.762684,-0.109894,-0.131874,-0.305603,-0.134133,-0.376720,0.008894,0.199879,0.050396,-0.231435,-0.094712,-0.181168,0.123269,-0.044793,-0.122079,-0.192802,0.039479,-0.062696,0.054281,0.059338,0.395802,-0.323843,-0.202453,-0.338995,-0.137167,0.166470,0.764362,0.332377,0.417031,-0.055762,0.000688,-0.432333,-0.135403,-0.155791,0.162800,-0.078666,0.156499,0.283982,-0.141451,0.021634,-0.244189,0.055703,0.117958,0.208254,-0.397600
0.038461,-1.073580,0.042019,-0.227730,0.665894,0.032266,0.228682,-0.183147,-0.338950,0.127515,-0.229916,0.084563,0.164842,-0.297150,0.351737,0.226670,-0.256915,-0.063071,-0.255793,0.026444,-0.064860,-0.047875,0.193536,-0.038584,0.765019,-0.094679,-0.078983,-0.003623,0.251206,0.399715,-0.250729,0.078648,0.047717,-0.193481,-0.213600,0.421054,0.319229,-0.013056,-0.335627,-0.022313,0.221891,-0.139466,-0.317168,0.190946,-0.198163,-0.151144,-0.010967,-0.100684,0.017578,0.098891,0.101423,-0.192691,0.210406,-0.060939,0.002640,0.251839,-0.108313,0.124936,-0.053203,0.137243,0.312033,-0.179261,0.096938,-0.123374,0.068618,0.039838,0.407521,0.202427,0.017832,0.151524,-0.132584,-0.048096,-0.049709,0.087127,0.048798,0.113922,-0.005761,-0.049336,-0.368860,0.093216,0.139447,-0.506181,0.563426,-0.044077,-0.072792,-0.029676,-0.129847,-0.030986,-0.340477,-0.064684,0.112746,-0.140662,-0.368894,-0.152111,-0.193079,0.319446,-0.716806,-0.162748,-0.200524,-0.010123,-0.457337,0.243193,-0.300458,0.364723,-0.320835,0.089456,-0.400638,-0.175179,-0.067795,0.584749,-0.082742,-0.021239,-0.074477,-0.103607,-0.430709,0.121580,-0.059632,0.405595,0.073864,0.096484,0.244917,-0.121903,0.041179,-0.018854,-0.196529,-0.024990,0.071451,-0.416101
0.468099,-0.621288,-0.095064,0.065431,0.680856,0.013108,0.221027,-0.079470,-0.302988,0.265936,-0.054010,0.130131,-0.125066,-0.204066,0.027579,0.619066,0.012467,-0.194011,-0.113211,-0.138400,-0.029189,0.096647,-0.029048,-0.081566,0.920043,-0.155151,0.146649,0.306683,-0.020954,0.161903,0.018302,0.025085,0.310348,0.341263,-0.128776,0.220669,0.403989,-0.061753,-0.152816,0.164224,0.226573,-0.048935,-0.709381,-0.005923,0.250738,0.091054,0.022873,-0.272637,0.126385,-0.187459,-0.068538,-0.020501,0.387929,-0.059863,0.316758,-0.133764,-0.392563,0.110860,-0.005768,0.234567,0.136132,-0.120709,0.142292,0.311463,-0.116247,0.476535,0.365400,0.553721,0.154893,-0.178879,-0.089737,0.023950,0.118261,0.283478,-0.252057,0.067953,0.294593,0.092550,-0.501142,0.045696,0.072419,-0.155308,-0.224100,-0.430461,-0.179966,0.209584,-0.152834,0.280592,0.178474,-0.137599,-0.002916,0.319937,-0.324093,-0.191704,0.000472,-0.005549,-0.179905,-0.276685,-0.265324,0.029354,0.031396,-0.012708,0.020264,0.138899,0.274930,0.237619,0.352200,-0.144430,-0.064838,-0.276415,0.017290,-0.071907,-0.163675,-0.127737,-0.094235,0.194181,-0.206643,0.088593,0.110825,-0.080080,-0.100850,-0.019031,-0.028636,0.170275,-0.111369,-0.255851,0.056888,-0.248892
0.067316,-0.433496,0.121874,0.529369,0.689449,-0.340533,-0.093451,0.255167,-0.368357,0.344448,0.057600,-0.068340,-0.004820,0.115883,0.013291,0.627717,0.011738,0.308305,-0.036723,-0.154320,0.238735,0.199006,-0.135991,0.208712,0.357308,0.024588,-0.000436,0.364724,-0.174401,-0.170675,-0.132670,0.152600,-0.040098,0.042775,0.076888,0.128495,-0.374226,-0.092396,0.218870,0.049388,0.154583,-0.145756,-0.266870,-0.063882,0.221386,-0.033173,-0.197325,-0.008419,-0.095128,-0.064791,-0.092445,0.002798,0.641706,0.015295,-0.138718,-0.129015,0.330237,0.018258,-0.003115,-0.072344,-0.095763,0.105185,-0.142400,0.348400,0.165640,0.393956,0.064620,-0.133152,-0.153757,0.075379,0.142799,-0.199274,-0.038375,0.406797,-0.258762,0.169599,-0.148049,0.166990,-0.178858,-0.469397,-0.054034,0.097236,-0.100438,0.127978,-0.219853,0.084262,-0.115372,-0.131865,0.352671,-0.025154,0.116366,0.091807,0.052376,-0.196719,0.253569,-0.061439,0.229191,-0.137897,-0.329867,0.103594,-0.047497,0.084111,-0.010625,-0.152955,0.161267,0.130713,0.416582,-0.063536,-0.217408,-0.094409,0.348124,-0.239639,-0.152642,0.171008,-0.008569,-0.283823,0.003472,0.068726,0.099204,-0.000988,0.005875,-0.095666,0.148072,0.506197,0.357526,-0.068120,0.133392,-0.020656
-0.037265,-0.159205,0.098543,0.105669,0.351156,-0.291303,-0.312294,0.321067,-0.344516,0.034219,0.114764,-0.017985,-0.110515,0.372006,-0.230493,0.371411,0.118221,0.110358,-0.060790,-0.151851,0.562955,0.194840,-0.128423,0.053683,0.280809,0.130924,0.111324,0.632297,-0.109898,0.054338,0.123337,0.010098,-0.090154,0.037915,-0.021920,0.268013,-1.140652,0.226149,0.276039,0.054112,0.070451,0.067367,0.227263,0.137231,0.043064,0.116803,-0.256568,0.263335,0.137448,0.010254,0.106042,0.066942,-0.236715,0.163055,-0.396437,-0.125400,0.438723,-0.051934,-0.099657,0.077122,0.039737,-0.233092,-0.236577,-0.167720,-0.157699,0.530355,-0.179726,-0.068788,-0.208586,-0.048037,0.268225,-0.213003,-0.034208,0.269055,0.128398,-0.113252,-0.316994,-0.153255,-0.277637,-0.268654,-0.058482,0.623890,0.216448,-0.053416,0.052344,-0.034430,0.017156,-0.250989,0.094563,-0.156588,-0.143152,0.208839,-0.032647,-0.064476,-0.165177,0.194731,0.135192,0.330170,0.107658,0.082056,0.098950,0.095082,0.011045,-0.132429,0.303193,0.188464,0.168740,-0.460329,-0.128702,0.243045,0.126954,0.044708,0.138214,0.094162,-0.134180,-0.110066,0.150661,0.546622,0.206834,0.029415,-0.131586,-0.118896,0.111039,0.099130,0.043086,0.101491,0.320852,-0.088202
-0.117713,-0.028513,0.163771,0.013366,0.270504,-0.354583,0.142162,-0.080817,-0.042326,0.084447,0.146932,-0.158898,-0.184397,0.140693,0.141558,0.132029,0.083408,0.242852,-0.191473,0.226817,0.326605,-0.094467,0.144450,0.045219,0.106088,0.038683,0.002998,0.258676,0.026879,-0.510154,-0.035214,-0.095643,-0.160688,0.038438,0.195981,0.155821,-0.412023,0.263975,0.103386,0.257173,0.101729,0.217350,0.510097,-0.033894,0.003676,0.068050,-0.124897,0.055408,-0.041049,-0.155729,0.170141,0.073216,-0.411262,0.063509,-0.344572,0.083987,-0.003914,0.224460,-0.138225,-0.082561,-0.030360,-0.059273,-0.136476,-0.028337,-0.055175,0.190328,-0.035665,-0.099881,0.009302,0.044574,-0.014207,-0.332092,0.229527,-0.084058,0.121113,-0.296067,0.173208,-0.075349,-0.306692,0.007170,-0.178952,0.802154,-0.168938,0.030730,0.044574,0.271835,-0.002730,0.183469,0.108155,0.016771,-0.131264,0.763184,-0.168937,0.128286,-0.176912,0.208858,-0.078700,0.116004,0.329807,-0.129810,0.351619,-0.166601,0.584037,-0.000586,0.121001,0.295634,0.152137,-0.358132,-0.187037,0.340312,-0.108700,0.254985,0.206377,-0.293346,-0.040051,-0.151382,-0.075384,0.499405,0.178307,-0.099663,-0.207228,0.118203,-0.034843,0.156563,-0.067739,0.296658,-0.009312,0.017925
-0.077867,-0.189640,0.088326,-0.170413,0.158729,-0.065929,0.118319,-0.427474,0.000120,-0.197875,0.006354,0.235640,-0.220296,-0.011186,-0.096505,-0.220206,0.110994,-0.071836,-0.413311,0.299867,0.267071,0.010329,-0.058725,0.105711,0.110653,0.044264,0.078242,0.422792,0.242536,-0.382367,-0.044469,0.030252,0.151860,-0.007222,0.035364,0.256056,0.283006,0.016515,0.061241,-0.091095,0.262246,-0.099358,0.598565,0.078629,0.160284,-0.059555,-0.059433,-0.039742,-0.381964,-0.350758,0.086765,0.147507,-0.332476,-0.165984,-0.226277,0.002048,-0.051466,0.050525,-0.042683,-0.257407,-0.113187,0.014878,0.026027,-0.044706,-0.133841,-0.003083,-0.304637,-0.133183,-0.045689,-0.058928,0.009398,-0.190508,0.212640,-0.032471,0.258964,0.029523,-0.031675,-0.116112,-0.201678,0.167641,-0.072980,0.556934,0.055339,-0.101829,0.237588,0.346407,0.116731,0.347827,-0.146056,-0.031396,0.143775,0.443987,0.409351,0.044145,-0.233179,0.188419,-0.209613,0.348286,0.384352,-0.175981,0.142840,0.038875,0.296534,-0.124424,-0.009591,0.308625,-0.253503,0.350464,-0.185227,-0.002455,-0.076600,0.448358,-0.178496,-0.170632,-0.561710,0.065765,-0.085489,0.329842,0.308393,-0.115750,0.075245,-0.030948,0.050925,0.040744,0.033373,-0.081404,0.112869,-0.083584
-0.239686,0.021917,0.248071,-0.282692,-0.014553,0.198279,0.109977,0.062525,-0.075560,0.180482,0.419657,0.371161,-0.224125,-0.240973,-0.083677,-0.200011,-0.103813,0.016398,-0.568954,0.055730,0.170226,0.133622,-0.144847,0.032641,0.189201,-0.035045,-0.092570,0.502347,0.014289,0.125284,-0.208673,-0.060384,0.082243,-0.022550,-0.034907,0.272085,0.541574,-0.027524,-0.013994,0.039532,0.044584,-0.016546,0.260614,-0.033960,0.198746,0.071556,0.085291,0.146545,-0.276201,-0.065397,-0.140135,0.235595,-0.069232,0.042480,0.191805,-0.180726,-0.101060,-0.373622,-0.226941,-0.091883,-0.018262,-0.068520,0.050992,0.266405,-0.162927,0.030410,-0.418616,-0.005820,0.063710,-0.138691,-0.009343,0.010982,-0.080162,-0.305172,0.125619,0.033421,0.351522,0.182625,-0.171016,0.027862,-0.194690,0.117205,0.199207,-0.140064,0.139059,0.204175,0.045847,0.182274,-0.092573,-0.177832,0.216482,0.660941,-0.005821,-0.152002,-0.198293,0.210746,-0.041013,-0.318705,0.554760,-0.068729,-0.140918,-0.014016,-0.245634,0.026879,0.096756,0.032808,-0.209088,0.880743,-0.113571,0.008970,-0.074608,0.384761,-0.010119,0.077187,-0.106872,-0.244496,0.057274,-0.035652,0.419429,-0.207004,-0.071712,-0.160563,-0.108696,0.085262,0.005051,-0.092215,0.352403,0.045147
-0.006951,0.119446,-0.169545,-0.296825,0.280857,0.126522,0.091125,-0.080186,0.380186,-0.085060,0.158610,-0.125310,-0.324395,-0.040503,-0.053258,-0.210800,-0.167638,0.072720,-0.563504,0.058929,0.214730,0.015222,-0.246563,0.015296,0.128124,0.170173,-0.114082,0.408154,0.322457,0.079842,-0.183039,-0.116184,0.148255,-0.090338,0.105961,-0.108697,0.342652,0.005343,-0.091677,0.114680,0.039849,0.022517,0.251863,-0.052505,0.195223,0.060571,0.043519,-0.128455,-0.155889,0.028805,-0.054142,-0.040782,-0.023975,-0.147997,-0.067445,0.198278,-0.040370,-0.211568,0.047663,-0.139009,0.079595,0.216297,0.095467,-0.271141,-0.172403,0.065964,-0.221533,-0.102024,0.145573,0.022003,-0.140065,0.199941,-0.061903,-0.065126,0.037716,0.084701,-0.022844,-0.231095,0.026726,-0.080133,-0.114678,-0.485930,-0.014751,-0.341246,-0.105354,-0.179869,0.268138,-0.217103,0.111157,-0.018137,-0.030114,0.637461,-0.106385,0.104378,0.049431,0.238626,-0.090120,-0.632031,0.030559,-0.011565,-0.259580,0.009605,-0.436788,0.179760,0.264271,0.273710,0.035999,0.323227,-0.073978,0.063524,0.024151,0.305908,-0.013424,-0.193146,0.086390,0.020201,0.074869,-0.028136,0.480111,-0.281089,-0.102681,-0.070225,0.058612,0.404839,0.025891,-0.078136,0.037163,-0.067491
-0.253989,0.054149,-0.116150,0.149789,0.098444,-0.184070,-0.097345,-0.072172,0.189481,-0.318114,-0.248572,-0.088248,-0.032453,0.030039,-0.200838,-0.179062,0.041510,0.014242,-0.503089,0.205515,0.236349,0.027614,-0.273645,0.556075,0.003555,-0.056848,-0.336645,0.265645,0.096736,-0.050757,0.080652,-0.056384,0.170211,-0.125476,0.078326,-0.081818,0.379766,-0.049184,-0.166667,0.227738,0.027012,0.100651,0.037019,-0.359688,-0.052628,-0.405440,-0.165682,0.043474,0.021572,-0.201044,0.085215,0.060991,0.157521,-0.108930,-0.081653,-0.354483,-0.135807,0.000683,0.014717,-0.134103,0.337015,-0.189018,0.076199,-0.090572,-0.301256,-0.272552,-0.070363,0.412926,0.090620,0.123797,-0.227854,-0.118629,0.216731,-0.221654,0.099916,0.133369,-0.352644,0.001162,-0.025816,-0.034334,0.140540,-0.467967,-0.042492,0.052319,0.169653,-0.084186,0.252267,-0.004683,-0.190807,-0.051797,0.253020,-0.077034,-0.153878,0.143809,0.222374,0.186909,0.114354,-0.523029,0.004377,-0.113733,-0.145114,0.107953,-0.239414,0.257550,-0.027017,0.018761,0.297930,0.141187,-0.023608,0.001105,-0.021053,0.163734,0.289485,0.034857,0.006365,-0.011272,-0.012177,0.061218,0.646082,-0.199331,0.002815,0.086323,-0.045946,0.051697,0.249524,0.027500,-0.011844,-0.141410
-0.098718,0.210631,-0.309943,0.123104,0.068691,0.128689,0.057204,0.179290,0.393667,-0.080898,-0.014205,0.179809,-0.047872,0.056681,0.100835,-0.364552,0.048793,-0.099823,-0.512056,0.136098,0.038343,-0.099084,0.238083,0.263060,-0.149309,0.049845,0.048561,0.484820,-0.095209,-0.078867,0.308470,-0.139901,0.314124,0.384091,-0.211612,-0.122131,0.143530,0.160704,0.062483,0.108020,0.348883,0.151286,-0.400059,-0.303295,0.439410,0.148405,-0.439806,0.100226,-0.013112,0.044870,-0.290577,-0.033619,0.260422,0.035995,-0.081891,0.000330,-0.032959,0.007437,-0.233241,-0.003927,0.122842,-0.021997,0.103015,0.052972,-0.148160,-0.136909,-0.343201,0.472761,-0.191891,0.173511,0.162481,-0.141153,-0.018231,-0.056457,-0.035841,-0.106725,-0.376528,0.002283,0.046353,-0.106542,0.101145,-0.335223,0.257856,0.191052,0.018051,-0.377549,0.307679,0.191264,-0.038722,0.060581,-0.061273,-0.030994,0.000632,0.130675,-0.175868,0.162474,0.033015,-0.264678,0.105699,0.000144,0.150560,-0.120615,0.117918,0.213339,0.087688,-0.155828,0.324852,0.180328,0.159776,0.247163,0.072563,-0.508620,-0.081914,0.248743,0.109950,-0.141507,-0.000415,0.024000,0.612626,-0.623630,0.066583,-0.282639,0.166512,-0.124227,0.120151,0.092257,0.239573,-0.025014
-0.045001,0.395377,-0.036569,-0.042963,0.049347,0.013616,-0.045733,-0.112704,0.201018,0.095960,-0.002786,-0.298895,-0.035989,0.107500,0.227707,-0.181560,-0.027318,0.061634,-0.597759,-0.056189,0.105805,-0.115682,0.204400,0.218689,-0.171243,-0.110127,0.090598,0.314331,-0.189620,-0.286509,0.511346,0.143603,0.272009,0.171174,-0.311862,-0.078106,-0.172209,-0.098007,-0.027247,-0.015007,0.216455,0.091112,-0.095272,-0.293487,0.056754,-0.139278,-0.046641,-0.026499,0.022385,0.211962,-0.045906,-0.127837,0.046063,0.040589,-0.224462,0.132363,0.075916,0.054521,0.093133,0.129685,0.301618,0.353491,-0.015602,-0.098164,-0.329930,0.000579,-0.256410,0.267266,0.118676,-0.080895,-0.023591,0.044330,-0.069495,-0.000837,-0.239011,0.101152,-0.016120,-0.097749,-0.098579,-0.233691,-0.026224,-0.197448,0.114951,0.045936,0.118259,-0.200126,0.003695,0.367248,-0.086121,0.012908,-0.293035,-0.044316,-0.175702,0.236823,0.194285,0.262080,0.223287,-0.051852,-0.288755,0.245159,-0.115387,0.410329,0.215894,0.203884,0.062318,0.218508,0.105705,0.073134,0.144238,-0.076868,0.102995,-0.193420,-0.173215,-0.131595,0.004152,-0.107526,0.103418,-0.116966,0.527084,-0.423028,-0.377331,0.026736,0.238239,-0.487429,-0.091852,-0.073220,0.069934,-0.452527
0.244224,0.046303,0.078788,-0.104735,-0.035141,0.115570,-0.065695,-0.243921,0.235868,-0.003949,0.009447,-0.055392,-0.006845,-0.090906,0.077028,-0.143853,0.127539,0.073094,-0.385277,-0.289519,0.138689,0.314986,0.112263,0.601563,0.163989,0.056038,0.030464,0.267063,-0.090686,-0.277872,0.504679,0.045299,-0.094552,0.119149,-0.028749,0.217061,-0.264235,-0.159616,0.062274,0.031250,0.036879,0.041102,-0.227522,-0.029612,-0.080669,-0.103713,0.045474,-0.051340,0.142484,0.158410,-0.007344,0.021377,-0.010927,-0.125331,-0.071835,-0.019331,-0.004235,-0.098803,0.180998,0.109216,0.098333,0.096336,-0.256108,-0.553471,-0.004644,0.155735,-0.002607,-0.197871,0.415797,-0.251580,-0.139012,0.194043,0.045284,-0.044673,-0.282985,0.001399,0.032863,0.016093,0.068348,0.094123,-0.084368,0.125380,0.146276,-0.038685,-0.286383,-0.116710,-0.220999,0.008752,0.247616,-0.181953,-0.013921,-0.332835,-0.029941,0.186668,0.054553,0.168609,0.298473,-0.082642,-0.076236,0.087798,-0.023844,0.008598,0.086934,0.105347,-0.335954,0.192516,-0.138052,-0.072383,0.002107,-0.161266,0.256157,-0.187250,0.060264,0.019322,0.255525,0.071840,0.113520,-0.042153,0.255190,-0.422941,-0.177571,0.196204,0.193931,-0.275612,-0.063071,0.010442,-0.176028,-0.352063
0.141712,-0.150785,0.109934,-0.220665,-0.096518,-0.017897,-0.028250,-0.110113,-0.184096,-0.148290,-0.196809,0.049813,0.081991,-0.135926,0.068738,-0.153958,0.136381,0.086555,-0.269565,-0.327379,-0.018686,0.024151,-0.202429,0.618894,-0.199687,0.028184,0.003950,0.115940,0.314864,-0.099512,0.104382,0.102486,-0.205026,-0.203229,-0.109164,0.348690,-0.216657,-0.123213,-0.096765,0.165413,0.387821,-0.308486,0.014585,0.139650,-0.053552,0.064630,-0.219443,0.006631,0.243551,-0.075887,-0.139818,0.002257,-0.230902,-0.088914,0.370297,0.114033,0.213044,0.034191,-0.070297,0.169640,-0.016162,-0.183362,-0.139723,0.124525,0.030156,-0.014694,-0.199091,-0.210423,0.013675,-0.161447,-0.004691,0.164443,-0.085303,0.076254,0.256369,-0.106078,0.103124,0.067731,0.354345,-0.249190,0.079717,-0.141039,-0.125931,-0.045283,-0.111022,0.202412,0.085450,-0.022984,0.043013,-0.123527,-0.001102,-0.178410,0.052366,0.237315,-0.117982,0.267872,-0.045384,-0.053891,-0.060480,-0.038584,0.040159,-0.109555,0.020830,0.151353,-0.491529,-0.126366,0.000352,-0.320188,-0.066405,-0.236153,0.132169,-0.063769,-0.178660,-0.068651,0.190056,-0.249709,0.159052,-0.284797,0.205163,-0.458319,0.130756,0.020639,0.073431,-0.398768,-0.064832,-0.066749,0.163120,-0.186177
0.314731,-0.171918,0.008069,0.083943,-0.372353,-0.161372,0.018929,0.167120,-0.101106,0.026930,-0.463597,-0.054345,0.201073,-0.159497,0.227093,0.225848,0.142945,0.186411,-0.158247,0.069973,-0.178415,-0.076973,-0.356642,0.596237,-0.055284,0.161721,0.097254,0.014826,-0.077392,0.627717,0.094792,0.032843,-0.040284,0.018139,0.074946,-0.034365,0.209422,-0.176433,-0.089551,-0.136675,0.311845,-0.034330,-0.294424,0.090647,0.112519,0.140966,-0.104117,-0.160824,-0.063343,0.171777,0.031210,-0.179301,-0.412949,-0.011630,0.462057,0.018742,0.082548,0.236865,-0.003234,-0.087319,-0.131853,-0.284806,0.166873,0.220110,-0.067900,0.029827,0.146443,0.124262,-0.051162,-0.080097,0.135982,0.252275,0.033144,-0.150835,0.232983,-0.069482,0.049932,0.249014,0.084706,-0.026662,0.353938,-0.086717,-0.353399,-0.045342,-0.027808,-0.062893,0.088727,0.055084,0.222713,-0.073069,-0.125535,0.135174,0.171868,0.228981,-0.209874,-0.023446,0.484830,0.270770,0.279583,-0.076770,-0.070223,0.202718,-0.195300,-0.173238,0.095391,-0.059570,0.051381,-0.053012,-0.399099,-0.020713,0.103119,0.460521,0.058585,0.099590,-0.055542,-0.044103,0.302402,-0.303808,0.190719,-0.418693,-0.101637,0.226826,-0.020745,-0.027771,-0.202093,0.185563,0.399305,0.142147
0.041744,-0.115496,-0.175107,0.206444,-0.212930,-0.211733,0.171345,-0.075849,0.157838,0.155504,-0.016672,0.034908,-0.077964,-0.072840,-0.009199,0.065722,0.047449,0.143873,-0.040888,0.024282,-0.419214,-0.063569,-0.137791,-0.224562,-0.040503,-0.074607,0.075148,0.019968,0.122325,0.388509,-0.029164,0.028629,0.036695,-0.024880,0.020519,-0.191967,-0.065931,0.049576,0.042381,-0.194472,0.222979,-0.106994,0.134237,0.073643,0.022954,0.122471,-0.115400,0.101993,-0.116378,0.135621,0.072544,0.202950,0.085500,-0.224442,-0.097933,0.137747,0.079449,0.121124,0.158135,-0.137146,0.094311,-0.034332,-0.054331,0.082615,0.013373,-0.036502,0.104818,0.109182,0.013369,0.004845,-0.088793,0.049357,-0.063567,0.219325,0.319123,0.124203,0.225277,-0.194385,-0.027476,0.088114,0.116867,-0.098456,-0.148868,0.049811,0.254967,-0.029028,0.282720,-0.275584,0.094182,-0.023501,-0.026162,0.008903,-0.002749,-0.035143,0.050843,-0.060376,0.124856,-0.015952,0.056328,0.040970,0.040661,-0.010554,-0.080321,0.087444,-0.036655,0.146283,0.164374,0.029704,0.159478,-0.122495,0.066740,0.064821,0.017880,-0.022601,-0.078500,-0.022025,0.141945,0.414084,-0.013811,-0.008847,-0.158037,-0.023516,0.085797,-0.070618,0.061665,-0.110697,0.357660,0.025083
-0.026865,-0.021216,-0.000984,0.058061,-0.078256,-0.007072,0.041062,-0.018347,0.020388,-0.044880,0.074291,0.000601,-0.046509,-0.088769,0.043892,0.030616,0.030440,0.019725,0.035622,-0.074838,-0.123370,0.018856,-0.049448,-0.037148,0.058116,-0.022856,-0.026601,-0.002294,-0.032624,0.059780,-0.018254,-0.012729,-0.071732,-0.086443,-0.043794,0.018005,-0.068997,-0.015997,0.005303,-0.132238,0.007945,-0.086319,0.053740,0.011723,-0.071196,0.020634,0.011579,0.062735,-0.057039,0.045774,0.030312,0.069817,-0.013096,-0.046856,0.061511,0.001355,0.037474,-0.009863,-0.026481,-0.051657,0.091185,-0.035998,-0.076806,0.010377,-0.101376,0.029839,-0.030795,0.056471,0.066656,0.042963,-0.070478,0.018019,0.018618,0.094593,0.025196,0.030480,0.115931,-0.036705,-0.055528,0.048481,0.074917,-0.017534,-0.039669,0.006829,0.028131,-0.012644,0.061741,-0.146589,0.043310,-0.031769,-0.034042,0.026415,0.023198,-0.054955,0.017648,-0.021293,-0.099504,-0.001834,0.005025,-0.048688,-0.009841,0.037973,-0.018881,0.156839,0.044504,0.032789,0.037641,0.112371,0.130032,0.011967,0.017531,-0.030379,0.012595,-0.019665,0.036290,-0.006357,0.078736,0.190148,0.004981,0.024139,-0.000293,-0.061911,-0.038611,-0.052221,-0.013858,0.031059,0.025163,0.054417
0.004178,0.016302,-0.000135,-0.000997,0.095015,0.012380,0.016337,0.003921,0.015826,-0.009596,-0.004811,0.004595,-0.016196,-0.028200,0.026367,-0.019605,-0.011381,-0.015650,0.026518,0.010388,0.092547,0.005799,-0.006643,0.022111,-0.006660,-0.010050,-0.019526,0.003353,-0.035761,-0.011013,-0.016556,-0.001086,0.014775,-0.019025,0.010489,-0.011556,-0.008444,-0.012791,0.002236,-0.107475,-0.029984,0.017140,-0.001110,-0.019559,-0.028021,-0.014146,0.025745,-0.018173,0.008760,-0.001970,0.009046,0.009470,0.003991,0.014722,0.109697,-0.001058,-0.008173,-0.008247,-0.000861,0.021221,0.022079,-0.005156,0.002141,0.008148,0.012503,0.016073,0.007618,-0.009703,-0.001392,-0.013837,-0.013680,0.007484,0.008493,-0.014360,-0.022724,0.019267,0.006631,0.002399,0.002234,-0.010471,-0.017022,0.009328,-0.003996,0.003363,0.033068,-0.012868,-0.000900,0.030666,-0.011750,-0.008527,-0.001743,0.009601,-0.016734,0.013043,0.000141,0.016222,-0.003315,0.005069,0.009422,-0.009677,-0.012375,0.006292,0.008116,-0.007962,0.021708,-0.013646,-0.014350,-0.012565,0.004666,0.010009,-0.001088,-0.004745,0.020766,-0.011456,-0.014862,0.005001,0.001280,-0.093065,0.008217,0.001504,0.004856,0.023765,-0.011490,0.022214,0.008666,0.011025,-0.040043,0.011687
-0.001716,0.000427,-0.000766,-0.000612,0.005295,0.005175,0.005160,0.000458,0.001400,0.004959,0.001609,-0.001875,-0.004866,-0.001602,-0.000355,-0.002574,0.001690,-0.001847,0.003420,-0.002607,0.012484,-0.001143,-0.001203,0.000226,0.002849,0.000417,-0.004031,0.003128,-0.005585,-0.000962,-0.005102,-0.000813,0.000605,0.000913,-0.000998,-0.000795,-0.000331,-0.004278,0.001776,-0.014445,-0.001386,0.000160,0.001013,-0.002016,-0.005724,-0.000835,0.003380,-0.002215,0.000362,0.002824,0.000757,0.000430,0.001004,0.003216,0.014044,0.000207,-0.000426,-0.002057,-0.002232,0.000781,0.000997,-0.003430,0.003249,-0.001729,0.002604,0.003334,0.000466,0.000331,-0.001021,0.000849,0.000967,0.002087,-0.001036,-0.002295,-0.002810,0.002707,-0.000160,-0.000649,0.002578,-0.000248,-0.005844,0.003798,-0.001541,0.002231,0.002526,-0.001240,-0.001353,0.000652,0.000495,-0.003711,-0.001160,-0.000301,-0.001596,0.000189,0.003335,0.000151,-0.003226,0.006540,-0.001959,-0.003135,-0.000135,0.000490,0.002939,0.006317,0.004161,0.000487,-0.004492,0.000923,-0.003427,0.000217,-0.000885,-0.001292,-0.000796,-0.001390,0.001878,0.002454,0.000376,-0.011539,-0.000867,-0.001030,0.003200,0.003400,0.000301,0.002345,0.000230,-0.000357,-0.003991,0.003421
0.073159,0.145281,0.009566,0.061963,0.295295,0.047232,0.229239,-0.016101,0.181821,0.012312,-0.087950,0.159748,-0.280658,-0.029225,0.024478,-0.052125,0.017795,0.005002,-0.013504,0.114467,-0.113544,0.021010,0.061635,-0.046524,-0.016863,0.130234,0.005765,0.006365,0.045299,-0.005035,0.111958,-0.094212,0.006553,0.108003,-0.111747,-0.033097,-0.049480,0.132791,-0.113408,-0.136964,-0.007773,0.088350,0.013811,0.099848,0.255269,0.266521,-0.017169,0.057911,-0.022694,-0.087847,0.094045,-0.058834,0.058974,-0.002523,0.151128,0.099166,-0.024180,0.119276,-0.082010,-0.017904,-0.092865,0.139609,-0.130199,-0.013048,0.049548,0.003667,-0.068683,-0.013525,-0.046305,-0.027087,0.092078,-0.015094,-0.033691,0.197371,0.321721,-0.060267,0.020794,-0.023860,0.206016,0.040868,0.051194,-0.032681,-0.027712,-0.072055,-0.069172,-0.014139,-0.020819,-0.060225,0.059199,0.137484,0.021945,-0.011043,0.146801,0.150097,0.070275,0.034136,-0.007724,-0.145031,-0.030102,-0.050592,-0.028476,0.058029,0.122101,-0.149947,-0.037508,-0.012293,0.013719,0.003500,-0.017152,0.144470,-0.104571,-0.139375,-0.054147,0.093176,-0.020840,0.123102,0.037750,0.005046,0.095333,-0.052778,0.051299,0.065889,0.022910,0.065224,0.091449,-0.090012,-0.180286,0.087305
0.110937,0.025435,0.015471,-0.115470,-0.185988,0.229531,-0.186550,-0.078651,0.499697,-0.018686,-0.198077,-0.067272,-0.365802,-0.195504,-0.087712,0.073040,0.185749,-0.094008,-0.009726,-0.240226,0.300736,0.061651,-0.013084,-0.162588,0.035832,0.373210,0.023977,-0.010947,-0.065243,-0.026923,-0.132875,-0.195830,-0.135394,0.058771,-0.314640,-0.056557,-0.049124,0.016918,-0.090983,-0.113391,-0.212289,-0.444974,-0.026277,-0.261073,0.163718,-0.058818,0.067180,0.134674,-0.106722,-0.046552,-0.113689,-0.138908,0.050966,-0.025434,0.117165,-0.048153,-0.299505,0.018038,0.323463,0.048603,0.009402,-0.105140,-0.313798,-0.137841,-0.068123,-0.023509,-0.116964,0.102675,0.006083,-0.180130,-0.263936,-0.096107,0.173671,0.062480,-0.385515,-0.043469,-0.011253,-0.068018,0.144808,0.076340,0.062921,0.182923,-0.075201,0.118332,-0.172528,-0.176195,-0.143948,-0.175991,0.297755,-0.056066,0.043931,-0.225971,-0.022780,0.119072,0.156225,0.174268,-0.031926,0.121999,-0.002845,-0.196844,-0.220833,0.043482,-0.250913,0.153254,0.040813,0.092372,-0.342257,-0.113876,0.054588,-0.043576,-0.191162,-0.211416,-0.018371,-0.015719,0.100893,0.321506,0.208286,-0.128466,0.085644,0.210229,0.103364,-0.056815,0.013253,0.275411,-0.049872,0.113816,0.245512,-0.111628
-0.170044,-0.135755,-0.247541,0.003472,-0.032396,0.004603,-0.113907,0.148855,0.554593,0.056134,-0.562166,0.033520,-0.125040,-0.004957,0.014426,0.092930,-0.048002,-0.052223,-0.178297,0.055296,0.171569,-0.064986,0.162487,-0.062114,-0.037340,0.184209,0.011217,0.129352,-0.028376,0.364285,0.445356,0.071482,0.114922,-0.335313,-0.078397,-0.212415,-0.135243,0.044645,0.049422,-0.115828,-0.073430,0.183913,0.009742,-0.060278,-0.168862,-0.113277,-0.014609,0.142628,-0.009453,0.050110,-0.176531,0.047092,0.166323,-0.006686,-0.146873,-0.016300,-0.203511,-0.180126,-0.107262,0.110846,-0.046986,-0.150184,-0.105152,-0.162643,0.219772,-0.165791,0.074823,-0.056846,-0.000060,0.109371,0.257420,-0.109726,0.336484,-0.301084,-0.627527,0.236787,0.138742,-0.122560,-0.265708,0.019162,-0.095718,0.140457,-0.056990,0.090342,0.260393,0.182002,-0.091362,-0.223311,-0.065160,0.049057,-0.001839,-0.151692,0.282584,-0.057303,-0.020149,0.029971,0.140261,0.061811,-0.106363,-0.182272,-0.050759,-0.121137,0.078559,-0.044686,0.095710,0.073486,0.081740,0.058983,-0.074469,-0.146683,0.084390,0.431264,-0.312596,-0.168307,0.141652,-0.138067,0.029725,0.115295,-0.099718,0.380127,0.212793,-0.160404,0.211358,0.067175,-0.101455,0.152980,0.408262,-0.427405
-0.058298,-0.208721,0.020924,0.015243,0.302832,0.094292,-0.050179,0.049250,0.156874,0.015510,0.060116,-0.000716,-0.006218,0.082034,-0.262119,-0.284072,-0.107534,-0.293960,0.133883,0.237808,-0.061361,0.078601,-0.607936,0.152654,0.193120,0.281140,-0.061898,0.179089,0.030825,-0.273186,0.095860,-0.057730,-0.034237,0.054834,0.362248,-0.207192,-0.075067,-0.229895,-0.261925,-0.161017,-0.097715,0.298853,0.071593,0.274829,0.179860,-0.019874,-0.014238,0.094813,0.136204,0.027356,-0.179526,0.020728,0.082715,-0.109095,-0.025454,-0.125036,-0.231997,0.085209,-0.249503,0.279571,-0.136243,0.058520,-0.115306,-0.054923,-0.239260,-0.284620,-0.033538,0.019310,0.030463,0.085191,0.436608,-0.082929,0.026759,0.244352,-0.319587,-0.144793,0.038104,0.060335,-0.044544,0.124976,0.152649,0.117199,-0.110626,-0.132689,0.392178,0.060660,-0.268301,-0.355397,-0.026640,-0.037078,-0.110750,0.005262,0.139589,-0.012350,0.256285,0.119892,0.380860,-0.049010,0.079185,0.007528,-0.223460,-0.328015,0.093258,0.275822,-0.113832,0.006253,-0.237835,-0.088760,-0.043715,-0.028538,-0.136772,0.065514,-0.210156,-0.040809,-0.239437,-0.251611,-0.255157,0.021854,-0.052972,0.298435,-0.271673,-0.191092,-0.054720,0.165813,-0.042574,0.107069,0.091229,-0.446612
-0.003511,0.140799,-0.081416,0.139014,0.031613,0.070058,-0.163648,0.059887,0.102472,-0.184415,0.065999,-0.057972,0.063401,-0.197724,-0.152569,-0.013374,-0.308490,-0.238674,0.216548,-0.205333,0.010409,0.092079,-0.613179,0.051779,-0.150868,-0.028646,-0.018811,0.423510,-0.059234,-0.165139,0.261243,0.101837,-0.132046,0.099671,0.753006,-0.110894,-0.141052,0.077657,-0.137275,-0.072945,-0.190886,-0.067007,-0.317524,0.481594,-0.123486,-0.192847,0.349127,0.215228,0.055986,0.061014,0.015236,-0.256106,-0.260445,-0.096750,-0.086184,-0.072118,0.162913,0.105897,-0.521864,0.301415,-0.185591,0.157902,0.151100,0.190684,-0.112333,-0.346095,0.010626,0.045638,0.151068,0.399288,-0.100006,0.222512,-0.100428,-0.069605,-0.145131,0.133142,0.209555,-0.029295,-0.017171,0.054388,0.122375,0.029755,0.064114,-0.745091,-0.178750,0.036120,-0.389255,-0.160855,-0.216089,-0.140391,-0.231587,0.022283,0.164405,0.071957,-0.198650,0.192202,0.105762,-0.326275,-0.024836,0.137908,-0.123560,-0.104141,0.129141,0.458089,-0.175266,0.111988,0.135347,0.019981,-0.155115,0.157799,0.020001,-0.064175,0.116335,0.075960,-0.158103,-0.143684,-0.033700,0.214860,0.094288,0.137844,-0.127659,-0.171556,-0.275851,0.174585,0.116593,0.175091,0.268139,-0.381400
-0.019244,-0.022781,-0.043426,-0.282972,0.184066,-0.236238,0.005942,0.034727,0.118701,0.199281,0.528615,-0.112486,0.193999,0.087628,-0.209000,0.266838,-0.053071,0.047213,0.120413,-0.085637,-0.070546,0.120841,0.001277,0.169647,-0.303697,-0.230813,-0.134190,0.096160,-0.273248,-0.020775,-0.104098,-0.032303,-0.066372,0.252463,0.766529,-0.428873,-0.137637,0.060893,-0.029534,-0.062624,-0.087417,0.150656,-0.160051,-0.379923,-0.154775,0.143705,0.170285,-0.002068,-0.076627,-0.039058,0.072990,-0.090855,-0.291512,-0.058331,-0.043444,0.269949,0.107474,0.038321,-0.774007,-0.305296,-0.060058,0.037097,0.315742,0.360643,-0.045709,-0.372519,0.145873,0.377527,0.103300,0.108090,0.143045,0.024141,-0.177256,-0.070387,-0.047939,0.157360,-0.071195,-0.094668,0.169365,0.022097,-0.005757,-0.251193,-0.134142,-0.818099,-0.333879,-0.083073,-0.167144,-0.405544,-0.218807,-0.206296,0.053054,0.056678,0.242406,-0.150464,0.055450,-0.024516,0.215565,-0.105417,0.066012,-0.110613,0.166484,-0.065874,0.266351,0.428421,-0.059645,0.342585,0.012234,-0.108966,-0.265721,0.257473,0.278601,-0.096579,0.311024,0.213937,-0.183523,0.122972,0.064570,0.043909,0.140583,0.116334,-0.115963,-0.107431,-0.209820,0.217120,-0.063342,0.022112,0.272854,0.382042
-0.162703,-0.342619,-0.193223,-0.262543,0.087364,-0.305133,0.079504,-0.098167,0.040817,-0.137847,0.308047,0.095133,0.071941,0.074494,-0.240634,0.183029,-0.060360,0.108629,-0.146093,-0.003276,0.344557,-0.197678,0.798950,0.150210,-0.014357,0.258656,-0.022694,0.176580,-0.106774,0.271111,-0.193360,-0.069813,-0.069031,0.156918,0.884021,-0.946953,0.136161,0.181974,-0.041781,-0.287933,-0.036938,0.204044,-0.125457,-0.353488,-0.025835,-0.052408,-0.072556,-0.125835,0.078412,0.126206,0.053762,-0.179416,-0.167143,-0.060893,-0.154425,0.553890,-0.114241,-0.247837,-0.619723,-0.031783,0.151687,-0.146859,0.106758,0.310845,0.210430,-0.342563,0.105083,0.311967,-0.278920,0.203988,0.035589,0.004167,-0.000265,0.211077,0.180410,-0.196228,0.073278,-0.257651,0.271743,0.157165,0.087592,-0.062353,0.211642,-0.255058,-0.346339,0.110538,0.277849,0.292005,-0.016641,-0.036989,0.033509,-0.013035,0.097049,-0.135104,0.155251,-0.194527,0.288593,-0.157255,0.049707,-0.180360,0.147233,-0.092981,0.148533,0.423122,-0.272018,-0.134154,0.006718,-0.172331,-0.210352,-0.132418,0.001747,-0.166297,0.330484,0.145207,0.004108,0.097045,0.121788,0.251998,0.104149,0.290697,-0.337633,0.007445,0.126767,0.022791,-0.321713,0.094307,0.173915,0.397361
0.076455,-0.059087,0.181660,-0.109936,-0.002554,0.089913,0.041658,-0.209373,-0.108619,-0.382656,0.065157,0.008642,0.041714,-0.231187,-0.467483,-0.003232,0.288123,0.197273,-0.202790,-0.054092,0.242874,0.121435,0.021858,0.119190,0.075433,0.041704,-0.013959,0.014267,0.243126,0.210315,0.054781,-0.262390,-0.336817,-0.125602,0.409738,-1.142090,0.027873,0.276389,-0.004683,-0.055058,-0.152527,-0.082666,-0.236425,-0.049637,0.002450,-0.196517,0.009702,0.010072,0.075658,0.004119,0.037471,-0.032990,-0.343975,-0.253197,-0.016873,-0.067993,-0.153415,-0.052077,-0.488795,-0.058241,-0.022879,-0.060347,0.109831,0.128363,-0.281068,0.043466,-0.408684,-0.124899,-0.069029,-0.077503,0.338492,-0.101108,0.136459,0.065537,-0.298614,0.049876,0.026226,-0.109637,-0.259331,0.164620,0.042656,0.003691,-0.018072,1.305110,-0.315250,-0.109401,0.002520,0.640317,0.254375,-0.108113,0.072618,0.069431,0.193534,-0.356824,0.009871,-0.095633,0.106824,-0.206528,0.093016,-0.059344,-0.219239,-0.031616,0.164273,0.467313,-0.109094,-0.199210,-0.168071,-0.071681,0.001650,-0.500478,-0.023262,-0.468121,0.058667,0.175874,0.012865,0.407630,0.094584,-0.006821,0.053945,0.166150,0.112770,0.066618,-0.048287,0.075935,0.071049,0.078841,0.150428,0.445075
0.218172,0.013199,0.065144,0.201579,0.259598,0.177572,0.101721,-0.058421,-0.254868,-0.158539,0.200370,-0.166701,0.095830,-0.093729,0.363610,-0.218656,-0.087311,0.013452,0.233432,0.352063,0.001074,-0.237987,-0.471647,-0.053669,-0.148478,-0.123238,0.174824,-0.016724,0.062765,0.169679,0.281568,-0.000332,-0.026523,0.123631,0.160817,-1.464226,0.047126,0.243524,-0.055966,0.061701,0.246013,0.143628,0.113990,0.235074,-0.311266,-0.270243,0.146923,-0.004500,0.138525,0.106750,0.142966,-0.273409,-0.095358,-0.083578,-0.079457,-0.013492,-0.244491,0.024590,0.086158,-0.122645,0.057029,0.279271,-0.006302,-0.340812,0.024333,0.383075,-0.489100,-0.148656,-0.018701,0.033180,0.301360,-0.190877,0.051462,-0.273345,-0.075811,0.054155,0.089069,-0.184532,-0.144518,0.215114,0.079377,0.227655,-0.035169,1.588676,-0.415548,-0.140916,-0.194182,0.300739,-0.116059,0.062655,-0.048001,0.314882,-0.087480,-0.001055,-0.041461,-0.051234,-0.274650,0.040788,-0.163516,0.093833,0.169774,0.099022,0.369959,0.303728,0.279262,0.003285,0.112962,0.329852,-0.240941,-0.224883,-0.068317,0.011184,-0.096615,0.144615,-0.121347,0.081701,0.151678,0.001241,0.071303,0.012897,0.098525,-0.026577,0.064576,-0.088628,0.084137,0.073556,0.050485,-0.127318
0.597788,-0.070956,0.009125,-0.563263,0.249185,-0.097382,-0.196625,0.009924,-0.095167,0.255672,-0.008645,-0.089047,-0.092409,-0.111236,0.728492,-0.179312,-0.177303,-0.044346,-0.132872,0.376072,-0.199207,0.009665,-0.169363,-0.154864,0.000320,-0.001143,0.123107,-0.211915,0.299107,0.223084,-0.156653,-0.168026,-0.011607,0.254514,-0.071775,-1.252723,-0.092541,-0.167936,-0.105634,0.208488,-0.023330,0.006282,-0.022501,0.139723,-0.107220,0.012858,-0.006723,-0.038801,-0.198138,0.046763,-0.062069,-0.140427,0.081541,0.160519,0.016695,-0.125145,0.041484,0.384710,0.156852,-0.427271,0.140622,0.128548,-0.118680,-0.349581,0.312296,0.783994,-0.104344,-0.045083,0.074171,0.253242,0.134307,-0.267922,-0.227764,-0.136491,0.119460,-0.186413,-0.315900,-0.178494,0.092796,-0.141739,0.194642,0.167031,0.063037,0.471230,-0.012556,-0.001309,-0.760073,0.164171,-0.394220,0.091265,-0.204798,-0.177855,-0.215155,0.029378,-0.037054,0.163239,-0.389691,-0.136687,-0.170612,-0.141795,0.182582,-0.052726,-0.023932,0.365384,0.198139,0.256687,-0.289208,0.203287,-0.254137,0.356256,-0.033618,0.156751,0.082347,0.135445,0.000591,-0.188975,-0.121208,0.033909,-0.070088,0.014026,0.217849,0.030974,0.043385,-0.305098,0.122787,-0.111598,-0.088099,-0.441508
0.222572,-0.299229,-0.330771,-0.658226,0.024959,-0.013529,-0.053325,-0.004921,0.076078,0.372245,-0.003657,0.081857,-0.030787,-0.251831,0.516897,0.331158,-0.007094,-0.113991,-0.022275,0.260106,0.005797,0.117578,0.357724,0.123187,0.983470,-0.083998,-0.086213,-0.218992,0.318130,0.664100,-0.056807,0.073342,0.213183,0.148207,0.055056,-0.481289,0.060227,-0.241536,-0.306087,0.344729,-0.170057,0.157663,-0.232043,-0.057275,0.143379,0.118126,-0.239989,-0.120740,0.076879,-0.246005,-0.120103,0.223316,-0.072167,0.124160,0.184561,-0.016751,-0.255538,0.236766,0.160327,-0.131167,0.097178,-0.123394,-0.181833,-0.065320,0.048942,0.818903,-0.336884,0.178966,0.227338,0.087070,0.190064,0.141524,-0.172484,-0.508358,0.079397,0.037703,-0.140954,0.165611,0.040634,-0.269017,-0.071678,-0.157854,0.460725,-0.575023,-0.187886,0.086491,-0.749732,-0.179879,0.178716,-0.039421,0.104303,-0.288440,-0.221717,0.034719,-0.066973,0.003300,-0.126024,-0.372089,0.056979,0.003877,0.228041,-0.104204,-0.000433,0.307801,0.119151,0.346878,-0.043987,-0.133845,-0.145094,0.274232,0.069352,-0.149355,0.097537,0.220646,-0.363190,-0.391973,0.073384,0.091825,-0.032288,0.043764,0.416338,0.208637,0.140383,0.030418,0.053200,-0.233516,-0.082327,-0.021537
-0.062843,-0.188024,-0.320466,0.273044,0.191038,-0.096360,0.060518,0.165452,-0.100537,0.299204,0.117233,-0.012614,-0.029778,-0.311327,-0.107570,0.547931,0.054719,0.021622,-0.087897,-0.024046,0.139946,0.008533,-0.058406,0.010524,0.698108,-0.035573,-0.037209,0.158836,0.304370,0.082960,0.057465,-0.048512,0.088544,-0.276686,0.202889,-0.378472,0.428982,-0.050699,0.101563,0.523441,-0.196026,0.066269,-0.601470,-0.176720,-0.033982,-0.010789,-0.267038,-0.144642,0.006675,-0.138892,-0.158702,0.200242,0.251464,-0.141562,0.181081,0.044202,-0.205819,0.180650,0.138760,0.027944,0.114714,-0.046638,-0.014495,0.401489,-0.204517,0.661662,-0.177167,0.229126,0.154323,-0.043865,0.052985,0.353604,0.398129,-0.203400,-0.144128,0.014316,0.073282,0.208027,-0.026113,-0.318691,-0.112519,-0.451843,-0.384323,-0.335562,-0.157673,0.183541,-0.476488,-0.122356,0.446708,-0.016832,0.374567,0.208257,-0.237022,0.104123,-0.043765,0.182183,-0.043227,-0.154387,-0.673997,-0.039272,0.104843,-0.138398,0.074826,0.060499,0.030745,0.095927,0.449703,0.025463,-0.003199,-0.288080,0.008428,-0.074902,0.041516,0.041817,-0.654008,-0.350733,0.100795,0.112913,-0.036299,0.152825,0.117429,0.006127,0.095222,-0.055817,-0.143979,0.021945,0.096806,-0.028261
-0.072602,-0.290643,0.363571,0.361593,0.165146,-0.229585,0.141807,0.147566,-0.173881,-0.016581,-0.010618,-0.122511,-0.236310,-0.218003,0.012393,0.695733,-0.259008,0.099763,0.009129,-0.023900,0.255000,-0.120492,0.113298,0.395286,0.057065,-0.039221,-0.049347,-0.004259,0.047979,-0.523336,0.229752,0.098858,0.083171,-0.272750,0.243845,-0.043733,-0.044600,0.209019,0.424871,0.204004,-0.136872,-0.174323,-0.818410,-0.077498,0.261707,-0.089620,-0.324547,0.078028,-0.122882,-0.153973,0.092197,0.116727,0.708152,-0.127960,-0.031701,-0.213474,0.483735,0.058607,-0.021646,-0.246621,0.120798,0.086667,0.071164,0.188202,-0.150292,0.298182,-0.277590,-0.373821,-0.207596,-0.199316,0.072093,-0.105203,0.142029,0.110405,0.000655,-0.205033,-0.144211,-0.221952,-0.146026,-0.031705,0.018294,-0.479510,-0.157520,-0.013393,-0.036121,-0.000334,0.030456,-0.133713,0.114189,0.279616,0.247548,0.118968,-0.048665,-0.064217,0.201709,0.013738,0.144463,0.382221,-0.198035,-0.065758,-0.117587,0.050850,-0.173334,0.050307,0.319413,-0.117450,0.203863,-0.063710,0.049071,-0.284990,0.253826,-0.242925,0.293854,0.302722,-0.108077,-0.291297,0.049298,0.110949,-0.059452,0.267891,0.024753,-0.123324,-0.039597,0.139019,0.225694,0.238885,0.169323,-0.004346
-0.173053,-0.127579,-0.057693,0.449141,0.062024,0.013804,0.039112,0.110632,-0.124209,-0.009897,0.169043,0.066522,-0.271266,0.104384,-0.060855,0.503495,-0.239804,0.133152,-0.167200,0.204935,0.362374,0.156993,-0.093917,0.037521,0.049180,0.136544,0.170765,0.173002,-0.020460,-0.418976,0.426855,-0.091020,-0.303251,-0.132161,0.314464,0.103388,-0.501051,0.082508,0.148467,0.203594,0.226562,0.070793,-0.087066,0.085366,0.141343,0.004902,-0.153255,0.114657,0.085194,0.043441,0.076089,-0.193375,0.171830,0.051647,-0.214026,-0.062408,0.081946,-0.178187,-0.121715,0.346937,0.303343,-0.177926,-0.109535,-0.185618,-0.188113,0.045263,-0.364485,-0.243109,-0.063242,-0.269593,-0.065504,-0.272082,-0.038050,0.202759,0.151268,-0.160231,-0.071410,-0.392897,0.044434,0.198705,-0.103470,-0.059010,0.345520,-0.139301,-0.041996,0.085172,-0.041028,0.012728,-0.152247,-0.039779,0.072092,0.119580,-0.242864,0.065804,0.277828,0.444823,-0.311708,0.407921,0.402533,-0.316833,0.563195,0.222732,-0.605286,0.015327,0.301399,-0.028743,-0.117580,-0.761056,-0.066047,0.051192,0.198416,0.108433,-0.011489,0.067163,-0.100457,0.107433,0.126524,0.265813,-0.153157,-0.163537,0.194535,-0.028179,0.177379,0.265474,0.261514,-0.008405,0.313170,0.183236
-0.087173,0.017462,-0.215258,-0.205339,0.003233,-0.043042,0.151577,-0.317046,0.074626,-0.253824,0.021529,-0.185319,-0.322572,-0.059270,-0.010499,0.344389,0.102218,0.091301,-0.387314,0.145128,0.242754,0.179256,0.100396,0.327976,-0.030214,0.045394,-0.166974,0.031097,-0.102035,-0.035811,0.139149,-0.044408,-0.289186,-0.105456,0.074678,-0.013984,-0.430896,-0.100031,0.056492,0.212820,0.134316,-0.019413,0.301760,-0.047435,0.023061,-0.157924,-0.146671,-0.015986,-0.066710,0.405303,0.031034,-0.017854,-0.284823,0.107585,-0.092521,-0.078244,-0.041775,0.306414,-0.026441,0.177518,-0.143684,-0.057838,0.132044,0.101941,0.088644,0.040593,-0.321736,-0.141457,0.178156,0.105561,-0.225315,-0.322221,0.099252,-0.048932,0.127080,0.071190,0.076342,-0.065598,0.314517,0.105945,-0.123671,0.550463,-0.096809,-0.159771,0.080519,0.305590,0.180822,0.137592,0.020366,-0.010395,0.282167,0.532560,0.019045,0.096625,-0.024519,0.214732,-0.310394,0.230352,0.513752,-0.109615,0.547884,0.170465,-0.227377,0.040763,0.331933,0.033861,-0.186607,-0.094154,-0.096477,-0.051699,0.307482,0.535456,-0.171964,-0.061982,-0.343253,0.061502,0.115078,0.163244,-0.426519,0.123361,0.213763,0.049210,0.079821,0.228050,0.222829,-0.177661,0.202372,0.235473
-0.005655,-0.124611,0.321493,0.083941,0.059147,-0.337687,0.152366,-0.441865,0.005560,0.114003,0.160224,0.023298,-0.389038,-0.046907,0.222274,-0.072257,0.144479,-0.085254,-0.417063,-0.040495,0.126572,0.047838,-0.003319,0.211456,0.046090,-0.173062,0.003214,0.161122,-0.001876,-0.166257,-0.087285,0.139710,0.329154,0.111209,-0.142321,0.219937,-0.048219,0.117208,-0.053749,0.057820,0.076457,0.052509,0.488964,-0.050646,0.223889,-0.365505,0.029927,-0.060465,-0.105106,0.307298,0.063865,0.040794,-0.285078,-0.262348,-0.026445,0.061326,-0.157824,0.121397,-0.084648,-0.025613,0.054339,0.050567,0.334727,0.015210,0.190169,-0.226577,-0.374271,-0.174113,-0.058566,0.092355,-0.004955,-0.160748,0.080413,-0.037388,0.313651,0.124103,0.290116,0.186285,0.059349,0.090986,-0.054153,0.410240,-0.200882,-0.043358,0.153848,0.448816,0.269453,0.232157,-0.224212,-0.008241,0.422277,0.306969,-0.021819,0.283653,-0.406348,0.323082,-0.114000,0.021469,0.446921,0.178669,-0.130388,0.078076,-0.117668,0.191206,0.165450,-0.137737,-0.003488,0.493907,0.062289,-0.160840,0.134658,0.493817,0.124130,-0.069786,-0.233236,-0.087911,0.120496,-0.166825,-0.232272,0.110415,0.106112,-0.104643,0.114411,0.132350,-0.020591,-0.069034,0.226690,0.186604
-0.216327,-0.081809,0.099317,0.191283,0.108546,-0.019579,-0.073072,-0.111097,-0.180127,0.135956,0.234535,0.194878,-0.039670,0.222026,0.332764,0.001168,-0.140967,0.075324,-0.180615,0.019525,0.059981,-0.012496,-0.006281,0.251319,-0.000807,-0.039222,-0.048199,0.152539,0.086424,-0.223717,0.096901,-0.089604,0.192847,0.043907,-0.055186,-0.148766,0.357227,0.073840,-0.178169,-0.015465,-0.055708,0.061508,0.361358,-0.291079,0.069002,-0.258312,0.056071,0.128177,0.015920,-0.245668,-0.099967,0.248926,0.136679,-0.262180,0.103860,-0.022597,-0.083539,-0.391218,-0.491186,-0.155435,-0.058328,0.055203,0.110026,0.109665,0.370361,-0.179067,-0.135594,-0.043120,0.071122,0.029358,-0.125818,0.067226,0.146237,-0.003686,-0.035830,0.045962,0.405045,0.048827,-0.129620,-0.039493,-0.155127,0.413620,0.136402,-0.038105,-0.169329,0.337255,0.224555,0.074259,-0.071974,0.079688,0.412089,0.194450,-0.183268,0.161117,-0.274494,0.464973,-0.266703,-0.433975,0.248877,-0.098269,-0.173842,-0.084302,-0.523513,0.241833,-0.260207,-0.064569,0.343902,0.630135,0.295078,-0.089458,0.024865,0.365869,-0.021222,-0.231882,-0.012942,-0.252964,0.043505,-0.173399,-0.570822,-0.472601,0.026998,0.174899,-0.090471,0.350712,-0.128365,-0.095423,0.303181,0.075569
0.009974,-0.098377,-0.173268,0.087524,0.099423,-0.046490,0.317327,0.076131,0.115086,0.350309,-0.315669,-0.044512,-0.190267,-0.007156,0.149326,-0.084199,-0.088912,0.073987,-0.337634,0.045555,0.134737,-0.181411,-0.065349,0.497476,-0.152912,0.113154,-0.180103,0.293767,-0.018879,-0.149180,-0.097798,-0.043233,0.364747,-0.075458,0.025623,-0.084623,0.334666,0.194603,0.113392,0.317626,-0.067008,0.163452,0.233207,-0.270943,0.134166,-0.004994,0.052232,-0.095076,-0.069567,-0.267062,-0.118757,-0.133005,0.118872,-0.032412,-0.048641,0.030904,0.080545,-0.353921,-0.047978,-0.168686,-0.234726,0.045893,0.077483,-0.066455,0.393112,-0.059113,-0.336140,0.136823,0.033270,-0.110636,0.184772,-0.023175,-0.038575,0.130198,-0.016485,-0.094029,0.047221,-0.053000,0.047456,-0.060234,-0.081596,-0.012567,0.029916,-0.157784,0.144325,-0.636554,0.338690,-0.082598,-0.170917,0.036369,0.015727,0.499155,-0.172267,0.167488,0.009016,0.376652,-0.376119,-0.326734,-0.022659,-0.201682,-0.101955,-0.042651,0.077850,0.168605,0.326038,0.093244,0.400096,0.299110,0.048155,-0.176546,-0.054681,0.072107,-0.004564,-0.089878,-0.039373,0.276432,-0.053972,-0.077668,-0.637131,-0.339386,0.056880,0.089993,-0.042151,0.143665,0.025782,-0.022881,-0.031209,-0.015445
-0.173442,0.022938,-0.111475,0.103187,0.091948,0.126714,-0.003120,0.115021,0.252895,0.267413,-0.000820,-0.191411,0.035846,-0.063456,-0.097526,-0.280726,0.207699,-0.080002,-0.250264,0.017044,0.079284,0.136113,-0.451274,0.549157,0.054602,0.025457,-0.165777,0.296960,-0.193538,0.020092,-0.048442,-0.128544,-0.087753,-0.000421,-0.181284,0.137564,0.165131,0.091667,0.164001,0.076315,-0.227504,0.041510,0.288973,-0.180138,-0.227887,-0.218405,-0.006610,0.124716,-0.067061,-0.214565,-0.124813,-0.109478,0.349180,-0.076125,0.086967,-0.199630,-0.113971,0.418711,-0.076511,-0.404722,0.054749,-0.166820,-0.000598,-0.202731,0.154628,-0.117179,-0.352027,0.236367,0.087750,-0.140278,-0.009226,0.164701,0.100447,-0.021416,-0.220026,-0.129901,-0.347588,-0.020131,0.136816,-0.023625,0.198532,-0.315663,-0.298170,-0.024119,0.143206,-0.896253,0.096591,-0.007473,-0.147817,-0.194001,0.220627,0.240567,-0.065769,-0.015967,0.437396,0.343207,-0.224090,-0.107904,0.157420,-0.119525,-0.133734,0.040616,0.034521,0.248454,0.251221,0.028873,0.014167,0.137114,0.027430,0.132315,0.034215,-0.389685,0.045245,0.120579,0.029962,0.249672,0.122975,0.101820,-0.290186,-0.329872,0.218204,-0.099479,-0.237279,-0.198442,0.088578,-0.113392,0.127921,0.056838
-0.118618,0.134473,-0.260081,-0.094375,0.192139,-0.007897,-0.297248,-0.005019,0.187147,-0.107310,0.117205,-0.194396,0.152747,0.342656,0.176097,-0.335125,0.286271,0.106874,-0.261521,0.148269,-0.030772,0.004123,-0.250050,0.481692,-0.052463,-0.054855,-0.021524,0.108602,-0.172718,-0.165330,0.159408,-0.213592,0.156475,0.150761,-0.044518,-0.052993,0.006510,-0.011074,0.204029,-0.020380,-0.056781,0.012099,-0.075847,-0.024812,0.012058,-0.084557,-0.072398,0.017126,0.008486,-0.225664,-0.074264,0.154390,0.179888,0.156770,0.114348,-0.200217,-0.193555,0.047957,-0.155264,-0.246313,-0.125044,0.023123,0.243924,-0.491215,0.076197,-0.051475,0.001942,0.290497,0.070135,0.153012,-0.165309,0.378529,0.114962,0.014115,-0.295078,0.226992,-0.315582,-0.155792,-0.010142,-0.128982,0.124594,-0.240512,-0.270815,-0.076769,0.214990,-0.148313,0.115988,-0.066480,0.013603,-0.065065,0.037193,0.170937,-0.253373,0.123636,0.242243,0.507635,0.054352,0.153824,0.022665,-0.109855,0.222713,-0.220002,0.281282,0.327638,0.089480,0.061964,0.167212,0.179491,0.199263,-0.073980,0.124414,-0.576154,0.008152,0.204873,0.176276,0.278229,0.190073,-0.053920,-0.219917,-0.808897,-0.165494,-0.091673,-0.182274,-0.205573,-0.063828,0.020688,0.247600,0.278761
-0.167591,0.199570,-0.061347,-0.119674,0.279845,-0.206336,0.126702,-0.263845,0.180728,-0.170806,0.324260,-0.428932,0.431618,0.295248,-0.060054,-0.249941,0.022918,0.296734,-0.126113,0.041614,0.107074,-0.126268,-0.031864,0.449158,0.099819,-0.048863,-0.202565,0.063779,-0.385798,0.055182,0.322619,-0.022203,-0.193886,0.092936,-0.161918,-0.026071,0.173473,0.038707,-0.028081,-0.004483,0.074390,0.021896,-0.371140,0.113914,-0.181503,-0.079048,0.236146,0.074357,0.163418,0.115365,0.011587,-0.155570,-0.100637,-0.128462,-0.213306,-0.285645,-0.148959,0.152486,0.058822,0.154771,0.247326,0.139038,0.070246,-0.340493,-0.141050,-0.040228,-0.081491,-0.003371,0.103104,0.178290,-0.155885,0.103699,0.066187,0.151362,-0.284243,0.113190,0.038659,-0.218794,0.225618,-0.086736,0.055842,-0.138165,-0.073261,-0.264794,0.188898,0.237591,0.002250,0.054930,-0.156545,0.372019,0.149345,-0.277232,-0.462580,-0.060750,0.108099,0.354701,-0.011485,-0.032141,-0.431692,0.061780,0.209071,0.068562,0.367060,0.017976,0.174596,0.161508,0.006005,0.196195,0.160865,0.017550,-0.034886,-0.181446,-0.135265,-0.138338,-0.027088,0.066268,-0.026054,-0.294429,-0.238490,-0.931735,-0.609694,0.003839,-0.059851,-0.578586,-0.070015,0.083524,0.222624,0.132970
-0.046069,-0.076464,-0.045257,0.021504,0.158232,0.122123,-0.022267,-0.290365,0.193086,-0.141152,-0.007458,0.003138,0.273061,-0.152380,0.177976,-0.248106,-0.181866,0.132886,0.072256,-0.138531,0.146638,0.111856,-0.144024,0.910145,0.363243,-0.144766,-0.040049,0.049171,-0.242278,0.050985,-0.028848,0.039953,0.073803,-0.045590,-0.013379,0.100427,-0.148398,0.059007,0.015964,-0.122754,0.132283,0.012199,-0.433438,0.457907,0.036193,0.160923,0.043132,0.028257,-0.002625,0.151299,-0.130792,0.283299,-0.247918,-0.176361,-0.055710,0.147278,-0.066163,0.146305,0.256037,0.315734,0.180928,-0.091013,-0.209142,-0.119911,-0.132684,-0.007403,-0.250679,-0.225362,0.025426,-0.091631,-0.010000,0.075305,-0.226781,0.080308,-0.080484,-0.083055,0.118123,-0.242111,-0.020101,0.128090,-0.078896,0.098858,-0.145975,-0.214400,0.124822,-0.221691,0.194826,0.164490,-0.016152,0.173977,-0.129030,-0.617492,0.077414,0.043535,-0.114329,0.481099,0.148539,-0.007537,-0.151599,-0.059615,-0.074730,-0.210661,0.249084,-0.103442,-0.127828,0.014900,-0.224939,-0.110777,0.030160,0.059552,-0.032111,-0.295557,0.208319,0.017709,0.139476,-0.097471,-0.267317,-0.121100,-0.044837,-0.997170,-0.009896,-0.130599,0.037932,-0.313894,0.029124,0.044569,0.073956,0.054708
0.031563,-0.069944,-0.071448,-0.158434,0.110992,-0.073196,0.010606,-0.377372,-0.369407,-0.002220,-0.190120,-0.149362,-0.023949,-0.206141,0.049999,0.033030,-0.108666,-0.027185,-0.051150,-0.335394,0.241347,-0.056318,0.057263,0.506399,-0.222486,-0.090394,0.012751,0.053636,-0.154776,0.072827,0.056894,0.096338,-0.095579,-0.168163,0.002687,-0.087525,-0.215537,-0.052170,-0.195321,-0.102172,0.410544,-0.114061,0.253545,0.319134,-0.100646,-0.026481,-0.118659,0.117467,0.102811,0.025804,-0.035970,0.104917,-0.205187,-0.180374,0.152790,-0.014469,0.094943,-0.040211,0.291592,0.104033,0.053156,-0.189651,0.102089,0.069792,-0.322615,0.086009,0.119957,-0.179283,-0.057429,-0.035940,0.095839,0.160892,-0.039472,-0.109076,-0.108451,0.077847,-0.472532,-0.027000,0.075259,-0.267716,-0.020323,-0.252550,-0.077148,-0.120570,0.306809,0.064365,0.367890,-0.246081,-0.085418,0.039049,0.090833,-0.068339,0.193398,0.271691,-0.237187,0.398471,0.083117,0.039640,-0.169032,0.102541,-0.190124,0.024401,0.051071,0.255566,-0.111836,-0.054078,0.101350,-0.343455,0.064516,-0.119824,-0.066608,0.075139,-0.238430,-0.240025,0.102411,-0.018125,0.030004,-0.254520,0.020404,-0.725214,0.101872,-0.059957,-0.123357,-0.136013,-0.108922,0.033034,0.427882,-0.194892
0.282246,-0.209729,-0.098142,0.107776,-0.097683,-0.059172,0.062645,0.060053,-0.196890,-0.042336,-0.019371,-0.202904,-0.173622,0.024121,0.269056,0.118194,-0.057163,0.084160,0.054224,-0.012824,0.061138,0.185265,-0.080656,0.353521,-0.017649,0.165385,0.210537,-0.152118,-0.131295,0.526085,-0.020214,0.113244,-0.207428,-0.186971,-0.045212,0.127520,0.279231,0.079643,-0.024479,-0.313051,-0.199544,0.242622,-0.192537,-0.028108,0.125304,0.163089,-0.045950,0.031455,-0.070646,0.193570,-0.171328,-0.091874,-0.179670,-0.105906,0.452630,-0.011305,0.075929,0.103708,-0.019554,-0.244041,0.362080,-0.387208,-0.035023,-0.000071,-0.267765,0.148554,0.020597,0.187426,0.088844,-0.050239,0.247987,0.118720,0.024590,-0.143506,-0.333956,-0.195307,-0.124721,0.206773,0.018818,-0.019065,0.009356,0.144556,-0.188065,-0.085783,0.205491,-0.177337,0.211093,-0.046177,0.189837,-0.126412,-0.006699,-0.023024,0.242769,0.242658,-0.084392,-0.057734,0.254393,0.100816,0.449006,-0.087185,-0.097710,0.347060,-0.160248,0.292882,0.105915,-0.211388,0.011540,-0.071934,-0.082474,0.028583,0.209265,0.228660,0.068586,0.055280,-0.083509,-0.055032,0.121172,-0.312814,-0.065174,-0.109936,-0.101992,0.046965,0.077986,0.006015,-0.213464,0.056008,0.200568,0.176554
-0.067875,-0.043025,0.060970,0.132423,-0.160269,0.110746,0.123138,0.031578,0.134085,0.074154,0.160666,0.083774,-0.016824,-0.020463,0.045007,0.053989,-0.003139,-0.051122,0.012028,-0.021371,-0.393172,0.017640,0.037736,0.068103,0.155233,0.010578,-0.024484,-0.076773,0.016656,0.061897,0.151900,0.027970,-0.225349,-0.251840,0.015565,-0.017660,-0.069538,-0.056542,0.043776,-0.193715,0.105527,0.167358,-0.017993,0.056278,-0.111513,0.054244,-0.032860,0.120272,-0.091045,0.095007,0.041738,-0.033873,-0.034462,-0.098997,0.232576,0.048676,0.114845,-0.036901,-0.015874,-0.063925,0.152782,-0.100556,-0.069517,-0.106078,-0.111072,0.090727,0.145128,-0.061937,0.159096,-0.072237,-0.043288,0.044320,0.023050,-0.096571,0.020832,0.048824,0.058211,0.081534,-0.064940,0.034588,0.108201,0.030889,0.030101,0.017368,-0.005227,-0.116509,0.046228,-0.128442,0.048417,0.093145,-0.037694,0.056225,0.027386,-0.296802,0.047145,0.005491,-0.008214,-0.029831,0.206425,-0.092074,-0.056128,0.047880,0.008793,0.187915,-0.026912,0.109194,0.261464,0.006017,0.354614,-0.084774,0.062498,0.258764,0.015649,-0.035203,-0.003173,0.082401,0.022245,0.151396,0.010014,-0.090020,-0.093557,-0.156575,-0.153104,0.069509,0.026218,-0.082406,0.029146,-0.010137
0.048578,0.023577,0.112336,0.021401,0.064440,0.090655,0.076584,0.109191,0.063916,0.045473,-0.049484,-0.021101,0.002238,-0.017038,0.124086,0.139021,-0.009520,-0.041380,0.017971,-0.094943,-0.068357,0.060637,-0.065792,0.214469,-0.039946,0.079011,-0.110815,-0.067822,-0.124388,-0.094083,0.040110,-0.041817,-0.138210,-0.149825,-0.042294,0.044734,0.006924,0.015212,0.025600,0.024520,-0.215922,0.046403,-0.012675,0.013036,0.034186,0.034436,-0.049355,0.034030,-0.013166,0.051556,0.054518,-0.036590,-0.066243,0.059821,-0.031117,0.036968,-0.074705,-0.065928,-0.035376,-0.077011,0.092121,-0.002515,0.012229,0.046976,-0.013235,0.131889,-0.035657,0.004102,0.041083,0.010665,0.069013,0.014708,0.047479,-0.055088,-0.009098,0.067427,-0.109100,0.108224,0.036043,-0.043556,-0.011898,0.042363,-0.015306,0.011435,-0.065487,0.015576,-0.060638,-0.165085,-0.043827,0.013597,0.007883,0.006952,0.067482,-0.118845,-0.007494,0.005872,0.030529,-0.036876,0.058824,-0.056432,-0.065449,0.093056,0.054096,0.080352,-0.065722,-0.057340,0.066395,0.062456,0.024171,-0.006611,0.008693,0.056569,-0.033481,-0.001695,0.029860,-0.035574,-0.018293,0.111502,0.086631,-0.034367,-0.017378,0.111737,-0.095973,0.069124,-0.046955,-0.050437,-0.273018,0.019082
0.001443,0.001186,0.000259,-0.001584,0.006444,0.002684,0.000569,0.003649,-0.001144,0.001228,0.001233,-0.000787,-0.001859,-0.001099,0.002683,-0.001628,0.000491,-0.000578,0.003121,-0.000549,0.007792,0.000592,-0.002564,0.000995,0.000099,0.000175,-0.002943,-0.000673,-0.003065,0.000011,-0.002507,0.001282,0.001294,-0.002067,0.000553,0.001080,-0.000826,0.002207,-0.001554,-0.008353,-0.002203,0.005039,0.003131,-0.005580,-0.000518,0.000439,0.001736,-0.000917,-0.000033,-0.001852,-0.000317,-0.000970,0.001539,0.001521,0.011458,0.001074,-0.001344,-0.001125,0.000981,0.000610,-0.001155,0.000054,0.000819,0.000934,0.001337,0.001954,-0.001633,-0.000125,0.000904,-0.001265,-0.002248,0.000281,0.001094,0.001624,-0.001742,-0.004410,0.000903,0.000807,0.000644,-0.001588,-0.000809,0.000236,-0.003245,0.000262,0.003824,-0.000736,0.000677,0.001392,-0.000271,-0.000954,0.001061,0.000305,-0.000544,0.000727,-0.001213,0.000588,-0.001955,-0.001915,0.000255,0.000386,-0.001570,-0.002046,0.001983,-0.001685,0.003444,0.000177,-0.001474,-0.003375,0.000923,-0.000248,-0.001181,0.000588,-0.000328,-0.001044,-0.004427,0.001879,-0.000927,-0.006153,0.001522,0.000406,0.002121,0.000478,-0.000958,0.002277,0.002156,0.000579,-0.003480,0.000252
-0.038353,-0.013683,-0.080213,-0.017583,-0.204441,-0.100227,-0.050479,-0.026380,-0.069850,-0.061288,-0.040334,-0.131487,0.153842,-0.045907,-0.003662,-0.007769,0.009493,0.093342,-0.046195,0.005152,0.061534,-0.040021,-0.078550,-0.128057,-0.027997,-0.071041,-0.038197,0.020857,-0.059197,0.136705,-0.117351,0.037620,0.070702,0.046531,-0.013086,-0.032285,-0.010223,0.053836,0.039739,-0.047113,0.072403,-0.113515,-0.041566,-0.069361,-0.047161,-0.052163,-0.002691,0.050807,-0.051704,0.041422,0.044992,0.127640,0.008396,-0.064659,-0.139126,-0.075219,0.039007,0.058121,0.113782,0.027943,0.106440,-0.012444,-0.002780,0.045219,-0.003396,-0.054535,-0.076013,0.079096,-0.050041,0.002194,-0.101373,-0.039134,-0.016522,-0.039290,-0.011258,0.102101,0.070579,-0.099650,-0.225529,0.021576,0.036107,-0.051678,-0.005874,0.051047,0.166141,0.048321,0.022226,-0.013820,0.059561,-0.123560,-0.016050,-0.037178,-0.029510,-0.095666,-0.053626,-0.063421,0.001939,0.008837,-0.010348,0.098309,0.001327,-0.002422,-0.131469,0.004270,0.014977,-0.005711,-0.054478,0.050105,-0.034068,0.016673,0.055263,-0.053228,0.062696,-0.061354,0.028806,-0.089862,0.034294,0.209965,-0.024662,0.019394,-0.009440,0.069856,0.018926,0.002687,-0.049383,0.060203,0.301374,0.000686
0.028190,0.156212,0.051561,0.156520,0.263758,-0.006556,0.066913,-0.117363,0.217754,0.046036,-0.022040,0.177231,-0.120701,-0.064715,0.235512,0.007616,-0.089576,-0.066694,0.024632,0.176180,-0.055858,-0.021815,0.058022,-0.049981,-0.029920,0.094271,0.067434,0.126419,-0.113055,-0.045783,0.008760,-0.107846,0.050868,0.022240,0.029740,0.028972,-0.090434,0.037785,-0.073950,-0.390444,0.118463,0.101332,0.039294,0.038119,0.172020,0.119536,0.042541,0.010094,-0.130492,-0.125794,0.170727,-0.062341,0.091128,0.002979,0.269790,0.169813,-0.034546,0.032632,-0.186239,0.090047,-0.084679,0.157482,-0.074370,0.129351,0.009802,0.029665,0.048922,-0.039871,-0.094985,0.016895,-0.037542,0.003588,0.047816,-0.040957,0.294563,-0.073392,0.102295,-0.022566,0.026703,0.054222,0.238037,0.029429,0.004015,0.000412,-0.159363,0.039440,0.005661,0.121084,0.120388,0.057220,-0.032615,0.012402,0.030667,0.290955,0.163113,0.102294,0.030621,-0.097987,0.006351,-0.091967,-0.107284,0.050461,0.024476,-0.095973,-0.044081,-0.004066,0.082009,-0.058958,-0.025202,0.035303,-0.058281,-0.083950,0.074315,0.069008,-0.024510,0.047044,0.121997,-0.032743,0.052561,-0.065821,-0.066540,0.066358,-0.062927,0.120723,-0.027183,0.137224,-0.182977,-0.105398
0.173519,0.047388,-0.005976,0.042295,-0.348252,0.130750,-0.013416,-0.066218,0.198382,0.037599,0.030933,-0.246467,-0.177909,-0.129852,-0.108299,0.037877,-0.129047,-0.312187,0.220157,-0.291706,0.372549,0.237131,0.260484,-0.345018,-0.170274,0.213960,0.085135,0.098482,-0.027306,0.054060,-0.052378,-0.225704,-0.050499,0.004166,-0.337787,-0.066047,0.002003,0.280604,-0.068506,-0.148096,-0.183652,-0.389303,-0.055118,-0.110914,0.304079,0.111337,0.058603,0.245284,-0.104368,-0.113482,-0.035399,-0.316059,0.058680,-0.070579,0.008749,0.106836,-0.344386,-0.049620,0.354301,0.030983,0.147258,0.050460,-0.316396,-0.136760,0.072914,0.090520,-0.122123,0.092298,0.043368,0.190091,-0.294729,-0.140394,0.132144,0.045768,-0.313986,-0.358741,-0.209944,-0.067411,0.067078,0.013910,0.209672,0.203432,0.129818,0.074431,-0.140158,-0.079220,0.079031,-0.170898,0.173542,-0.042211,-0.038536,-0.225174,-0.031809,0.080652,0.132027,0.219028,0.119897,-0.065688,0.015469,-0.034910,-0.238123,0.201063,-0.112481,0.189936,-0.165810,0.166074,-0.192426,-0.099926,-0.047005,-0.357132,-0.125938,-0.037117,0.146879,0.102493,-0.067179,0.288768,-0.193043,-0.133796,-0.052009,0.006073,0.006562,-0.195510,-0.059980,0.507939,-0.054278,0.094126,0.515001,-0.379385
0.112576,0.139608,-0.028866,-0.051330,-0.140291,0.040839,0.027892,0.282880,0.483780,0.055056,-0.466618,0.256981,-0.071888,-0.209554,0.272505,0.213746,-0.177275,-0.278775,0.128810,-0.139465,0.180205,-0.043037,0.165623,-0.108039,-0.299402,0.103974,-0.168686,0.199611,0.043827,0.229441,0.311357,-0.169589,0.168699,-0.035351,0.021799,-0.177367,-0.010276,0.141161,-0.133723,-0.011492,0.175691,0.297251,0.183192,0.287717,-0.055947,-0.209378,-0.054111,0.154877,-0.043674,0.106661,-0.104527,0.014890,0.002537,-0.000114,-0.098676,0.158838,-0.269135,0.036770,0.450538,0.150122,0.079362,0.003638,0.060712,0.065464,0.163969,-0.077360,-0.055968,-0.116177,-0.114518,0.096037,0.327896,-0.208150,0.158535,0.105844,-0.841775,0.201057,0.020772,0.105826,-0.246463,0.053685,-0.134986,-0.287684,-0.142509,-0.119882,-0.007443,-0.000994,-0.231355,-0.090581,-0.109903,0.138210,-0.049939,-0.082801,0.148928,0.248296,-0.101201,0.324043,0.312143,-0.147027,0.093425,-0.178662,-0.094430,-0.237838,-0.119706,-0.193143,-0.185971,-0.094493,0.069429,-0.045079,-0.318914,0.080430,0.293636,0.064862,0.021765,-0.085947,0.143994,-0.123285,0.063669,-0.279617,0.130321,0.235150,0.166095,-0.056393,0.164270,0.279357,0.123663,0.300806,0.690224,0.078795
0.035956,-0.095425,-0.042994,0.061817,0.051016,0.213784,0.102088,0.091334,0.567530,-0.177585,0.008372,0.202175,-0.220729,0.054016,0.125727,0.031502,0.022410,-0.113239,0.323009,0.079643,0.247822,-0.129722,-0.579947,-0.036639,-0.143188,0.203211,-0.266860,0.129354,0.209885,-0.054014,-0.046476,0.110496,-0.035348,0.382324,0.005376,0.128390,0.156502,-0.069476,-0.158818,-0.323450,-0.131447,0.289115,0.003780,0.393415,-0.066403,-0.172343,0.015464,0.057290,0.038568,0.464547,-0.140695,0.151556,0.248382,-0.138017,-0.033667,-0.178414,0.053813,-0.284456,0.282433,0.313343,0.272591,-0.136475,0.149939,-0.171081,0.067781,-0.058151,-0.362431,-0.121489,-0.088921,0.106438,0.138371,-0.028397,-0.078860,0.017996,-0.440369,-0.061047,0.125798,0.133872,0.029638,0.151110,-0.115823,0.122260,0.029357,-0.350862,0.183614,-0.030854,-0.492752,0.013208,-0.153082,0.020605,0.078114,0.159528,0.676161,-0.039894,0.154364,-0.003546,0.105730,-0.035743,0.202792,-0.212684,-0.154933,-0.114222,0.192595,0.122357,-0.449932,-0.193687,-0.200215,-0.121889,-0.241209,0.013590,0.120871,-0.236076,-0.168430,-0.059149,-0.278350,-0.278777,-0.068534,-0.118348,0.040894,0.138469,-0.186933,0.093100,0.209076,0.130103,0.057542,-0.032299,0.459588,-0.161147
-0.007449,0.067305,-0.076112,0.369325,0.017806,0.030967,0.023976,-0.044309,-0.065450,-0.058989,0.151487,0.051186,-0.075570,0.067162,-0.245674,-0.049151,-0.033406,0.090727,-0.097697,-0.102153,-0.115475,0.025863,-0.576471,0.001526,-0.100645,0.065724,0.021292,0.110698,-0.107490,-0.164514,0.210334,-0.045478,0.013833,0.337712,0.099143,-0.019803,-0.123260,0.071728,-0.067641,-0.215968,0.157973,-0.209224,-0.181055,0.143011,0.035737,-0.060842,0.025811,0.207975,-0.096877,0.462409,0.013828,-0.135590,0.176567,-0.307705,0.201744,-0.304630,-0.018205,-0.251601,0.141844,0.092289,-0.077971,0.168088,0.230108,-0.071493,0.236184,0.010141,-0.020476,-0.294097,-0.159959,0.142613,-0.181869,0.091429,0.025596,0.265825,0.029185,-0.096754,0.053308,-0.109770,0.015959,0.113800,0.255420,0.094007,0.190691,-0.491495,0.147202,-0.163914,-0.725038,0.029090,-0.080119,-0.086801,0.205272,-0.036220,0.785222,0.165563,-0.239116,-0.104642,0.276164,-0.152135,0.097592,0.143007,-0.298430,0.296977,0.209442,0.253285,-0.395260,0.095191,-0.158224,0.119252,-0.271861,0.232434,0.118636,-0.099541,0.121759,0.188360,-0.307438,-0.067116,0.086187,-0.039922,0.095742,0.185159,-0.533053,-0.073881,-0.179051,0.201523,0.169357,0.006966,0.213169,-0.206035
-0.034626,-0.001372,0.010902,-0.064800,-0.092590,-0.156976,-0.031637,0.100840,-0.102575,-0.078245,0.246715,-0.065400,0.153578,-0.265574,-0.137417,-0.139608,-0.188464,-0.041870,0.017128,-0.138057,-0.134615,0.070920,0.473260,0.194000,-0.084260,-0.200755,-0.088387,0.113679,-0.162236,-0.178955,-0.016621,0.062862,0.167011,-0.092806,0.424944,0.238612,-0.047421,-0.132708,-0.046988,0.009887,-0.206202,-0.093426,-0.199896,-0.986477,-0.301540,-0.128640,0.078926,-0.086148,0.034647,0.182473,-0.156218,-0.027464,-0.057497,-0.103093,0.234236,0.203131,-0.070147,0.100179,-0.069028,-0.061661,-0.311771,0.108646,0.393199,0.154610,0.204561,-0.239066,-0.113914,0.212784,0.199287,-0.037459,0.045336,-0.033478,-0.065448,0.107995,-0.033463,0.138227,-0.128779,-0.040718,-0.108157,0.001809,-0.212304,0.113280,0.113108,-0.187251,0.002269,-0.117972,-0.670273,-0.355926,-0.280916,-0.094500,-0.260442,-0.101909,1.197921,-0.152644,0.209470,0.250472,-0.009211,0.078126,0.255587,-0.077282,0.046536,-0.016989,0.271985,0.234641,0.001707,0.198780,-0.115926,-0.037159,0.081605,0.095580,0.208785,0.054373,0.020958,0.082626,-0.357965,0.007550,-0.030485,-0.213820,-0.025155,0.050142,-0.189497,-0.209835,-0.078987,-0.012637,0.008055,0.081639,0.133073,0.237551
-0.164932,-0.041805,-0.234199,-0.119411,-0.060615,-0.317340,0.010723,-0.193108,-0.038256,-0.045083,0.049661,-0.099723,-0.052332,-0.078329,-0.537391,-0.124927,-0.219335,-0.140723,-0.156631,-0.135554,0.262565,-0.043001,1.266190,-0.048483,-0.023851,-0.105756,-0.036201,0.154081,-0.209149,0.001405,0.222559,0.315193,0.171750,-0.311786,0.746803,0.288796,0.088694,-0.026147,-0.037239,0.135296,-0.198068,-0.121927,-0.163508,-0.695343,-0.090387,-0.128849,-0.088446,-0.175065,0.324666,-0.211728,0.013576,0.117910,0.000100,-0.252559,0.001143,0.532665,0.051562,0.366178,-0.135168,-0.219840,-0.019280,-0.150192,-0.117075,0.190485,0.312851,-0.444318,-0.030994,0.432479,-0.024029,-0.177582,-0.099448,0.201542,0.138684,-0.142254,0.164051,0.155572,-0.137834,-0.333169,0.122530,-0.040956,-0.164957,0.048868,0.055714,0.237513,-0.121205,0.184717,-0.440231,-0.092906,-0.177363,0.127391,-0.154996,-0.294756,0.956408,-0.041925,0.099011,0.220066,-0.296731,-0.152167,0.129026,-0.033265,0.071748,-0.075249,-0.121631,0.254524,0.117301,-0.060863,-0.126712,0.007988,0.088119,0.070482,-0.097238,-0.109628,0.139843,0.242315,0.125784,-0.181677,0.026444,0.004963,0.048341,0.254616,-0.188891,0.134323,-0.062881,-0.255716,-0.305146,-0.014532,0.163245,0.352370
-0.072633,0.048840,-0.186679,-0.222239,-0.098825,0.011327,-0.031408,-0.153748,-0.320693,0.193001,-0.182401,-0.002712,-0.169802,-0.038534,-0.743240,0.163217,0.037732,-0.013467,-0.096558,-0.173400,0.222588,0.128218,0.131917,-0.039366,0.095556,-0.034866,0.090660,-0.074742,0.087781,0.217492,0.146798,0.043787,-0.226423,-0.080187,0.722777,0.280078,0.222635,0.015308,-0.017034,0.057355,-0.168303,-0.068676,-0.100485,0.376719,0.319735,0.073314,0.078381,-0.183497,0.197379,-0.085547,0.030015,0.041905,0.043727,-0.171751,0.092934,0.248319,0.044470,0.223571,-0.695364,-0.153631,-0.020921,-0.097927,-0.259461,-0.063867,0.204981,-0.107697,-0.044275,0.094086,0.103541,-0.265520,0.012331,0.370734,-0.013932,-0.222696,0.077481,-0.135411,0.102225,-0.121228,0.012532,-0.039960,-0.143601,-0.186111,-0.669743,1.084424,-0.339073,-0.088178,-0.286516,0.492019,0.287253,0.094595,0.256439,0.170198,0.736641,0.141061,-0.246701,0.248204,-0.319688,-0.255386,0.191285,0.076027,-0.188599,-0.071141,-0.266844,0.287849,0.306601,-0.101692,-0.047532,-0.109721,0.145085,-0.015656,-0.167444,-0.386493,-0.057609,-0.098946,0.234208,0.151498,-0.146118,-0.185168,-0.030317,0.054246,-0.887556,0.196949,-0.015777,-0.156617,0.081538,-0.111453,0.154244,0.042129
0.087072,-0.107031,0.102131,0.102018,-0.343484,-0.150128,-0.114369,-0.298053,-0.213328,0.041033,-0.108052,-0.101124,-0.027896,-0.113505,0.438014,-0.052356,-0.070142,0.026196,0.384090,-0.062071,0.446113,0.064833,-0.603764,0.110407,0.154929,-0.037735,0.067899,-0.194519,0.151529,0.081825,-0.008942,-0.097766,-0.124237,-0.085689,0.377411,0.054809,0.174838,-0.138031,-0.508757,0.394704,-0.328422,-0.308140,-0.234825,0.661181,-0.060037,-0.096357,-0.097082,0.048898,-0.106627,0.007307,-0.156945,0.109076,0.048469,0.084457,0.157750,0.282458,0.015748,-0.163585,-0.582563,-0.195016,-0.072904,0.269179,-0.062751,-0.046689,0.622487,0.115524,-0.350490,0.083205,-0.083174,0.012345,0.002856,0.263107,-0.033819,0.010411,0.140510,0.079639,0.014024,-0.183342,0.094962,0.003936,-0.023715,0.283697,0.028556,1.321307,-0.062074,0.010866,-0.082392,-0.029935,-0.129013,-0.037504,0.074958,0.019079,0.007191,-0.136463,0.155662,0.286133,-0.352096,-0.114187,-0.381510,-0.122739,0.072561,0.050751,-0.109834,0.253576,0.150063,0.017275,0.117813,-0.080600,-0.060065,-0.173781,-0.220640,-0.291812,-0.176643,-0.007822,0.058821,0.001039,0.072363,0.049260,0.031557,0.059706,-1.190035,0.109675,-0.104139,0.055664,0.192446,-0.001716,0.149373,0.147953
0.232134,0.217729,-0.133648,-0.599521,-0.218458,-0.317424,-0.358068,-0.256812,-0.144240,0.049964,-0.008415,-0.092867,-0.343919,-0.228088,0.873840,0.050748,-0.015109,-0.053905,-0.038024,0.249873,-0.025721,0.109791,-0.153518,-0.073481,0.239120,-0.157171,-0.066767,-0.203705,0.181720,0.128428,0.062991,-0.148096,0.151428,0.031128,0.217154,-0.214214,-0.469557,-0.091854,-0.587413,0.555563,-0.165177,-0.081926,0.126125,0.040123,-0.179810,-0.155797,-0.036569,0.314244,-0.238353,-0.351724,-0.126070,-0.101190,0.136073,0.051109,0.422314,-0.239115,0.205427,0.179047,-0.216944,-0.358043,0.264875,0.220727,-0.012580,-0.241000,0.293589,0.177481,-0.440122,0.031925,-0.045882,0.171869,0.168556,0.148483,-0.052719,-0.387301,0.145249,-0.078709,-0.281449,0.115709,0.198401,-0.269745,-0.036716,0.290719,0.700306,0.057075,0.172843,0.005878,-0.028229,-0.417568,-0.147326,0.166401,0.061342,-0.586771,0.059438,-0.194149,-0.022317,0.100860,0.008470,0.011641,-0.304062,0.122586,0.005392,0.212726,-0.002391,0.235767,0.285567,0.291891,0.011865,-0.143509,-0.069069,0.034909,0.161896,0.118151,0.123873,0.128822,0.236659,0.097634,-0.019861,-0.150681,-0.034731,0.110351,-0.756978,-0.040302,-0.074148,-0.086879,0.183154,-0.015857,0.305388,0.170485
0.017708,-0.050734,-0.632045,-0.491947,-0.329280,-0.041090,-0.157662,-0.067762,-0.096914,0.009322,0.154540,0.242178,-0.197581,-0.171586,0.629556,0.142245,0.098328,0.185691,-0.032286,0.491579,0.042192,-0.079819,0.365005,-0.113284,0.533038,-0.076672,-0.033455,-0.239475,0.247392,0.299192,0.050362,0.020858,0.367248,-0.230207,0.199780,-0.380245,-0.158900,0.121902,-0.103656,0.573268,-0.036818,-0.214459,0.255737,-0.043407,-0.156238,0.061324,0.133502,0.158391,0.168202,-0.499517,0.452186,-0.253443,-0.032332,-0.196818,0.425504,-0.195568,-0.275274,0.269812,0.081310,0.205127,0.292234,-0.002721,-0.181615,-0.166271,-0.077128,0.083614,-0.476889,0.028586,-0.022186,-0.046888,-0.055237,0.042413,0.172719,-0.666753,0.351907,-0.125174,0.162247,0.307147,0.310826,-0.157191,0.069323,0.349294,0.166887,-0.972676,0.107892,0.107025,-0.081846,0.142781,0.127851,-0.011837,0.048139,-0.224123,0.046225,0.033567,-0.007683,-0.103564,-0.050678,0.035309,-0.461561,-0.040245,-0.275261,0.325218,0.421258,0.287630,-0.185234,0.040308,0.068280,-0.327704,0.192978,-0.050116,0.304335,0.093705,0.222672,-0.122546,-0.076727,-0.184562,-0.011119,-0.103851,-0.210354,0.157857,-0.546553,0.114190,-0.005809,-0.174661,-0.124661,0.003663,0.125768,-0.241924
-0.104028,0.096335,0.068930,0.169028,-0.061388,0.151429,0.059396,0.089853,-0.049744,-0.354048,0.169764,-0.101053,0.066938,-0.318540,0.336720,0.085269,0.310701,0.186623,-0.093562,0.044024,0.253752,-0.049367,0.211134,-0.190366,0.390184,-0.043912,-0.022298,0.019239,0.125457,-0.165007,-0.308276,-0.206325,0.359557,-0.171947,0.300840,-0.184142,-0.060290,0.151656,0.544833,0.385932,-0.165344,-0.121523,-0.176413,0.011747,0.228394,0.000447,-0.268646,0.178359,-0.090127,-0.147321,0.186015,0.035463,0.170840,-0.368887,0.101047,-0.347245,-0.386309,-0.048812,0.028555,0.200088,0.016760,-0.153513,-0.025659,0.473142,-0.151096,0.122582,-0.312259,-0.307069,-0.057262,0.048625,0.187095,0.008826,0.323884,-0.428652,0.353660,-0.112876,-0.078842,-0.098200,0.398641,0.013545,-0.040287,-0.212037,-0.897214,-0.275855,0.104395,0.283905,-0.227795,0.230442,0.290407,-0.124038,0.186733,0.117013,0.088279,0.281991,-0.306676,0.092559,-0.183646,0.317411,-0.892815,-0.057946,-0.289379,-0.021324,0.223978,0.202293,-0.339724,-0.006861,0.046935,-0.039729,0.366890,-0.208466,0.081058,-0.197963,0.023985,-0.135037,-0.577159,0.183033,-0.009926,-0.127676,-0.126639,0.245361,0.302114,-0.276522,-0.142149,-0.306363,-0.328657,-0.107036,0.128459,-0.108088
-0.243142,0.005567,0.432219,0.311549,-0.200796,0.352690,0.155322,0.455919,0.047873,-0.070548,0.111896,-0.017959,-0.239557,-0.542992,0.060425,0.617408,0.061251,0.298683,-0.113215,0.161711,0.298461,-0.111752,0.342365,0.183192,0.077826,0.082037,-0.056668,-0.031180,-0.048846,-0.392271,0.228745,0.093363,-0.309089,-0.049962,0.230313,-0.180249,0.336865,0.086250,0.225509,0.210217,-0.345103,-0.073589,-0.494059,0.225405,0.189684,-0.137271,0.018119,0.075208,0.082804,-0.160958,0.038133,0.049799,0.398961,-0.021696,0.055569,-0.370050,0.398488,-0.053447,0.012810,0.294333,0.210802,0.121799,0.137922,0.290236,-0.288954,-0.064720,-0.195024,-0.426207,-0.023424,-0.185760,0.094896,0.034752,-0.001107,-0.125399,0.546595,-0.129850,0.038633,-0.300455,0.267919,0.228341,-0.069218,-0.582367,-0.067130,0.075564,0.194170,0.246675,-0.238488,-0.080738,-0.019777,0.234450,-0.113820,0.293498,-0.094401,0.097748,0.377047,0.214537,0.086940,0.462521,0.123328,-0.087205,0.009766,0.024199,0.141493,0.045173,0.189541,-0.131465,0.061309,-0.024237,0.150257,-0.169303,0.266624,-0.077265,0.010456,0.041255,-0.362575,0.017021,0.148560,-0.113735,-0.099739,0.069883,0.373122,-0.024204,0.107772,-0.150149,0.202090,0.136564,0.157829,0.001843
-0.245784,-0.063534,-0.107722,0.505781,-0.152712,0.419607,-0.159798,-0.003738,-0.081537,-0.107661,0.212368,-0.164155,-0.325958,-0.273915,0.011225,0.444982,0.004671,0.290530,0.022202,0.171377,0.408730,0.058892,-0.076163,0.425484,-0.072159,-0.006692,0.084556,-0.094698,0.004476,-0.264830,0.312097,-0.032598,-0.604374,-0.301399,0.164851,-0.249964,0.204103,-0.127655,0.053374,0.145247,-0.132307,-0.017105,-0.167747,0.047658,-0.034379,-0.015471,0.178343,-0.040757,0.125723,0.150618,-0.009687,-0.050378,0.424909,0.276399,-0.087166,0.241745,0.019831,0.080126,0.235282,0.078184,0.187088,-0.099013,-0.063516,-0.159984,-0.102260,0.061332,-0.201857,-0.207088,-0.003034,-0.207718,0.055922,0.160368,-0.162578,0.236584,0.529602,-0.158297,0.337345,-0.440384,0.241498,0.203494,0.143673,-0.414285,0.474763,-0.098798,0.341379,0.055959,0.198066,0.131706,-0.036313,0.048058,0.014442,-0.101878,-0.198026,0.036158,0.211182,0.415813,-0.250427,0.232968,0.617858,-0.072830,0.063407,0.111205,-0.456943,0.030638,0.204638,-0.204293,-0.258285,-0.633008,-0.076959,-0.102854,0.168847,0.230965,-0.172431,0.111019,-0.239375,-0.047936,-0.088634,0.159110,0.001736,0.140733,0.370005,-0.093113,0.053257,-0.096055,0.104843,0.079160,0.274762,0.134609
0.066954,-0.041055,0.040679,0.038857,0.044065,0.283369,-0.344950,-0.541056,-0.084803,-0.027633,0.043842,-0.051696,-0.262760,0.271499,-0.327459,0.374639,-0.039701,-0.009263,0.106079,-0.082285,0.331852,0.195872,0.125715,0.597103,-0.126708,-0.136727,-0.067569,-0.275641,0.047935,-0.239881,0.108372,0.028247,-0.051607,0.061977,-0.145806,-0.037765,-0.441428,-0.122953,0.150289,0.227145,-0.003641,-0.001514,0.157465,-0.380573,0.188989,0.061971,0.225445,-0.056972,0.134620,0.543252,-0.016272,-0.073700,0.318503,-0.070739,0.049890,0.125099,0.011389,0.394867,-0.021672,-0.016696,-0.150566,-0.194847,-0.116259,-0.089239,0.253348,0.157469,-0.297425,0.062612,0.242829,0.065815,-0.024795,-0.006553,-0.162523,0.175525,0.396533,0.100463,0.181813,0.064813,0.235507,0.045284,0.118068,-0.030502,-0.075116,0.123455,0.023037,0.275596,0.225252,0.016161,0.022568,-0.012652,-0.031035,-0.588435,-0.302054,0.152866,-0.439604,0.139604,-0.153851,-0.156782,0.499505,0.088159,-0.138095,-0.015703,-0.477964,-0.051743,0.442474,-0.139832,-0.107285,-0.354102,-0.022094,-0.071049,-0.015845,0.378141,-0.001660,0.080381,-0.128340,0.168711,0.058335,0.044352,-0.249177,0.089743,0.232243,-0.185054,-0.082054,-0.243187,0.051217,0.133576,0.212363,0.030245
-0.123806,0.090267,0.314692,0.104558,0.135110,0.236093,0.091400,-0.527469,0.210833,0.223249,-0.100625,0.146190,-0.060758,0.330504,0.189530,0.316381,0.004234,0.083842,0.009437,-0.025850,0.188283,0.098705,0.173276,0.777756,0.215583,0.005598,-0.096751,-0.194251,-0.118738,-0.172322,-0.018441,0.060299,-0.336905,0.342598,-0.052878,-0.125137,-0.174554,0.026514,-0.020866,0.047849,0.180130,0.185187,0.171516,-0.128529,-0.051989,0.142747,0.162563,0.034625,0.107735,0.833651,-0.047584,-0.128368,-0.294372,-0.346105,0.140009,0.432358,-0.009966,0.305781,0.088121,0.205920,0.094792,0.053018,0.048231,-0.056209,0.301399,-0.008634,-0.220974,0.250963,-0.032831,0.123624,-0.005674,-0.036535,-0.129998,-0.229086,0.110524,0.090541,0.167618,0.389291,0.109263,0.046990,-0.145202,0.231383,-0.263462,-0.049071,-0.031666,0.389538,0.190852,-0.117431,-0.251523,-0.076521,-0.030107,-0.257196,-0.169334,0.224323,-0.404855,0.280789,-0.249045,-0.262419,0.094332,0.039882,-0.282781,0.011218,-0.264572,0.018434,0.084556,-0.219750,-0.065331,0.345342,0.127293,0.007637,-0.113364,0.082039,0.108180,-0.179833,0.130073,-0.280788,0.079151,0.036336,-0.311527,0.342876,-0.129274,0.093379,0.118079,0.174720,-0.229801,0.213943,0.219680,0.024878
0.213011,-0.016197,-0.291744,0.205895,0.084399,0.244743,-0.008268,-0.190410,0.112253,0.129645,-0.296764,0.174815,-0.003140,0.348155,0.258371,0.386612,0.029107,-0.000997,-0.013058,0.070791,-0.017837,0.145454,0.187292,0.664994,-0.194611,0.085109,-0.233945,-0.286792,-0.044439,-0.328335,-0.027818,-0.005972,-0.316992,0.467004,0.066173,-0.055798,0.085266,0.121222,0.060181,0.200348,-0.120102,-0.179998,0.222715,-0.139055,0.141328,-0.063847,-0.001907,0.156106,0.338513,-0.014380,-0.027932,0.052068,-0.598065,-0.340868,0.171189,0.020476,-0.067598,0.092703,-0.006367,-0.130902,0.026764,0.002536,-0.034539,0.073289,0.457669,0.235799,-0.134854,0.453325,0.015515,0.126191,-0.135952,0.058007,0.070641,-0.119994,-0.334708,0.093386,0.116407,-0.035919,0.001763,0.036643,-0.109725,0.349202,-0.105702,-0.046471,-0.010504,0.105228,0.196029,-0.035126,0.014481,-0.144230,0.019238,0.070272,-0.059261,0.038214,-0.287172,0.044249,-0.315485,-0.404077,0.053188,-0.212117,-0.119392,0.048948,-0.003407,-0.034347,-0.200008,-0.103235,0.054105,0.595412,0.060007,-0.167933,-0.058177,-0.010524,0.050209,0.009031,0.231512,0.238496,-0.163888,0.128940,-0.796701,0.017175,0.129500,0.215751,-0.110659,0.436102,-0.211731,-0.008252,0.235769,0.113743
0.139556,-0.384927,-0.124748,0.003350,-0.073481,0.316963,-0.004449,0.097254,0.031875,0.134909,-0.570393,0.153477,0.023182,0.110048,-0.069191,0.211931,-0.114480,0.052814,-0.356940,0.104521,0.038137,-0.072560,0.143196,0.372013,-0.090395,0.096904,-0.016359,0.147828,-0.122790,-0.124196,0.017916,0.068032,0.169134,0.299628,-0.181271,0.137546,0.140592,0.032882,0.086885,0.180266,0.172139,-0.070860,0.545784,-0.079654,0.062644,0.006098,-0.008925,0.105212,0.012413,-0.479052,-0.015492,-0.144701,0.165857,-0.246861,-0.022671,-0.330414,-0.075518,-0.549908,-0.087453,-0.196828,0.040983,-0.181293,0.046627,0.108775,0.435437,0.011540,-0.212968,0.428006,0.061066,-0.001025,0.036271,-0.092225,0.022323,0.309605,-0.171025,-0.016976,0.043434,-0.095841,-0.027362,0.128220,-0.072594,0.111568,-0.017303,-0.086887,0.129594,-0.786946,-0.011901,0.007446,-0.130100,-0.068172,-0.085910,-0.108334,-0.444206,0.089579,-0.078591,-0.215687,0.024117,-0.207474,0.216552,-0.093134,0.244044,0.133771,-0.097704,0.165441,0.297122,0.026519,0.308021,0.193376,0.118072,-0.093426,0.000176,-0.072124,0.139753,-0.017488,0.102687,0.174036,-0.034464,0.053225,-1.043626,0.191618,-0.160336,0.034021,-0.003898,0.055277,-0.015235,-0.004770,0.035546,-0.115154
-0.005370,-0.020936,-0.212281,-0.028164,-0.110795,0.291775,-0.010332,0.156880,0.000857,0.064238,0.289191,-0.120199,0.221439,-0.036870,0.117224,-0.114795,0.056298,0.043898,-0.072868,-0.038762,0.059863,0.138789,0.064034,0.345514,-0.229195,0.130443,-0.115336,0.128401,-0.101179,0.170608,-0.010077,-0.055462,-0.264056,-0.097105,-0.268389,0.062931,0.201591,-0.076715,-0.032510,0.055633,-0.078567,0.012575,0.245106,0.141148,-0.090151,-0.006553,0.082657,-0.021834,-0.190530,-0.256374,-0.020794,-0.111623,-0.115271,-0.069348,0.293969,-0.006158,0.103229,-0.341054,-0.074274,0.081558,-0.170839,-0.091719,0.052756,0.131598,0.044155,-0.064847,-0.363787,0.165611,0.110864,0.060910,0.038494,0.332413,0.033082,0.007689,0.039302,-0.204523,-0.183797,-0.006095,0.005806,-0.120543,0.160129,-0.227212,-0.139890,-0.111324,0.203579,-0.424442,-0.125678,-0.184904,0.078051,-0.053589,-0.154448,0.274361,-0.146339,-0.209804,0.647974,0.026950,-0.178437,-0.102639,0.200169,-0.128564,0.075883,0.051076,-0.038291,0.134747,-0.114469,0.070688,-0.193919,-0.003858,0.063209,0.059567,0.013153,-0.213728,-0.054662,-0.057117,0.051128,0.065296,0.119559,0.060251,-0.904427,-0.015326,0.118561,-0.022809,-0.058793,-0.217281,-0.232433,0.004284,0.192314,0.076145
-0.048400,0.051390,-0.051997,0.182309,0.149472,0.183981,-0.203945,0.248909,0.321709,-0.074565,-0.026207,-0.088491,0.319513,0.300846,0.296461,-0.058165,0.043894,-0.030848,0.052458,-0.086366,-0.082568,0.065960,0.188815,0.451509,-0.105783,0.156881,0.044989,0.240787,-0.039947,0.190763,-0.043029,-0.194890,-0.037512,-0.144968,-0.019752,-0.027486,0.299347,0.276903,-0.144295,-0.050662,-0.042901,-0.066383,-0.228597,0.314336,0.060210,-0.026819,0.269471,0.047647,-0.195409,-0.080071,-0.072626,-0.013065,-0.215819,0.129110,-0.115676,-0.018693,-0.014513,0.147788,-0.127162,0.139549,-0.209726,-0.007631,0.375998,-0.298527,0.268616,0.241620,-0.142787,-0.383307,-0.171687,0.191871,-0.090029,0.657697,0.038261,0.147670,-0.054713,-0.104061,-0.195669,-0.003184,0.046566,0.000413,-0.200117,0.023383,-0.154387,-0.228058,0.097853,0.063310,0.182037,-0.151295,0.002590,0.055712,0.209463,-0.072620,-0.138850,0.031686,0.095112,0.002107,-0.017186,0.136199,-0.004153,-0.244409,0.386447,-0.105137,0.139609,0.147516,-0.108688,0.040245,0.074314,-0.002388,0.167103,-0.137075,-0.036993,-0.370438,0.010797,0.173005,0.193290,-0.007299,-0.009197,-0.000396,-0.786595,-0.224745,-0.257450,0.023037,0.119441,-0.362127,0.074948,0.101997,0.119785,0.201488
-0.058867,0.052653,0.032794,0.018880,0.280461,0.143741,0.091144,-0.087732,0.361587,-0.134403,0.022969,-0.193957,0.715326,-0.036443,0.117432,-0.356662,0.112261,-0.117073,0.100318,-0.212361,-0.062156,-0.186217,-0.040791,0.363964,0.222469,-0.021253,-0.079089,0.406714,-0.129588,0.295929,0.325145,-0.044873,-0.020149,-0.117802,-0.064774,-0.103922,0.199082,0.110261,-0.092422,-0.223024,0.104040,-0.154881,-0.251428,0.042844,0.001292,-0.122299,0.063450,0.077074,0.179194,0.067085,0.000346,-0.127520,0.293252,-0.043698,-0.330158,0.034596,-0.212205,0.152130,0.070056,0.060310,0.061575,-0.074839,-0.109594,-0.124750,0.374095,0.026866,-0.231081,-0.337688,-0.180095,0.164598,-0.110445,0.503294,0.007058,0.318703,0.030171,-0.102601,0.085320,0.050633,0.168846,0.038414,0.032306,0.125468,-0.063729,-0.233659,-0.195492,0.029028,0.106924,-0.123893,-0.242160,0.209170,0.305473,-0.236938,-0.081917,-0.079010,0.033530,-0.005260,0.191321,-0.125515,-0.175420,0.021795,0.308311,-0.038996,-0.074137,-0.096623,0.110607,-0.154052,0.097569,-0.301951,0.190794,0.072219,-0.116036,0.200546,-0.107893,-0.072506,0.055546,-0.191553,-0.210221,0.073373,-0.634881,-0.292748,-0.483160,0.128206,0.026093,-0.265575,-0.020938,-0.065529,0.121342,-0.007429
0.006325,0.098979,-0.008641,0.028006,0.215729,-0.037614,0.077285,-0.204427,-0.001205,0.023276,0.028863,0.090858,0.283388,-0.154101,0.220106,-0.134929,-0.049788,0.080448,0.300312,-0.064819,0.014076,-0.023539,0.188638,0.418281,0.087989,-0.081784,0.213715,0.556804,-0.185357,0.118144,-0.097883,-0.023240,0.292348,0.000313,0.147229,0.058926,-0.042379,0.258685,-0.092047,-0.138032,-0.118760,-0.268283,-0.078751,0.335517,0.188431,0.040239,0.042341,0.307247,0.144723,-0.033472,-0.055761,0.214772,0.125466,-0.006750,-0.066434,0.004585,-0.194918,0.014309,0.282973,0.257731,0.178522,-0.126692,-0.197852,-0.050120,0.025418,0.123867,-0.274194,-0.168816,-0.107803,0.043079,0.025479,-0.125187,-0.098778,0.210641,0.047349,0.049301,0.191817,-0.175370,-0.006992,0.016325,-0.070778,0.057208,0.050993,-0.126668,-0.041954,-0.104967,0.079933,-0.059591,-0.096842,0.094541,-0.028570,-0.322042,0.309970,0.200998,0.076995,0.472332,0.272507,-0.145079,-0.152900,0.040399,-0.000045,-0.102818,0.383666,-0.058427,0.114627,-0.256925,0.161377,-0.132200,0.113164,-0.010870,0.025193,0.151346,-0.027519,-0.273661,0.263521,0.037622,-0.190492,0.115524,-0.555610,-0.420342,0.298693,-0.019776,-0.068223,-0.230539,0.045203,-0.052308,0.029917,-0.046852
0.077875,-0.078454,0.098655,0.270914,0.032701,-0.218095,-0.152618,-0.153823,-0.316050,-0.016142,-0.174732,-0.172782,-0.179061,-0.362459,0.042440,0.281489,-0.155633,-0.027537,-0.094503,-0.199630,0.059318,0.149067,-0.170273,0.159734,-0.335796,0.007975,0.013052,0.234245,-0.249587,0.019197,-0.043737,-0.105298,-0.017258,-0.233309,-0.036050,-0.177481,-0.118515,-0.025591,-0.119219,-0.179195,0.039086,0.012456,0.331591,0.256321,0.045713,-0.010152,0.070845,0.036722,0.025077,-0.045927,0.144844,0.163432,-0.159334,-0.030933,0.132382,0.010506,-0.083781,-0.016373,0.179669,0.188621,0.125339,0.004334,0.010419,0.024587,-0.026103,0.225595,0.410435,0.184331,-0.046149,0.202033,0.214196,-0.214434,-0.014406,-0.038890,0.011898,0.199162,-0.213390,-0.062922,-0.057114,-0.107546,-0.132222,-0.165586,0.020790,-0.180870,0.252962,0.111585,0.397240,-0.272725,-0.083219,-0.119373,0.101870,-0.033493,0.021467,0.250867,0.168874,0.145183,-0.008900,0.012230,-0.277959,-0.015314,-0.110100,0.107033,0.210399,0.445285,0.021652,-0.192017,0.207473,0.137656,0.150613,-0.091541,0.086409,0.180760,-0.087218,-0.118912,0.219360,-0.092409,-0.006644,-0.152260,-0.256418,-0.107877,-0.161944,-0.074615,0.026447,-0.051443,-0.085308,0.097505,0.053455,-0.011862
0.138736,-0.039366,-0.060165,-0.113840,0.172111,-0.082352,-0.082996,0.086139,-0.191271,0.012049,0.031895,-0.198884,-0.146384,0.158427,0.195802,0.100395,0.069495,0.066037,0.199032,-0.031576,-0.052632,0.041052,-0.022678,0.147739,0.026968,0.001798,0.152965,-0.008923,-0.019191,0.196383,-0.149020,-0.008648,-0.218861,0.006644,-0.063980,0.138223,0.212462,0.069063,-0.049949,-0.171660,-0.031265,0.156285,0.091103,-0.216746,0.069556,0.026960,0.002531,-0.015576,-0.134261,0.139467,-0.134919,-0.116703,-0.097462,0.015475,0.125927,0.104973,0.126429,-0.205624,-0.050322,-0.097503,0.057415,-0.095548,-0.004890,0.161413,-0.052349,0.185808,-0.152017,0.123106,0.120056,-0.029284,0.277844,-0.028343,0.003194,0.209670,-0.027050,-0.147398,-0.032526,0.180046,0.211389,-0.026662,0.022194,-0.065736,-0.222970,0.103727,0.054776,-0.076067,0.123380,-0.180188,0.289298,0.007436,0.000173,0.009797,0.174944,0.259466,0.037733,0.032883,0.056383,0.100403,0.242055,-0.074243,-0.051433,0.146948,-0.138820,0.262727,0.006213,0.147354,0.005197,-0.127217,0.180750,-0.082783,0.060458,0.059148,-0.085195,-0.011864,-0.363623,0.015265,0.099373,-0.288392,-0.177050,0.035408,-0.186161,-0.136228,0.013433,-0.003062,-0.114655,0.016984,-0.210780,0.022052
-0.119022,-0.036655,-0.009367,-0.020189,-0.130614,-0.003258,-0.024428,-0.000813,0.100671,0.026475,0.095320,-0.062506,0.089646,0.003980,0.039015,0.068992,0.062183,-0.013233,0.082926,-0.023680,0.000909,-0.048863,0.010482,0.062484,0.100938,-0.038582,0.014883,0.074390,0.000226,0.070498,-0.068875,0.019062,-0.098778,-0.052070,-0.013254,-0.000166,-0.031082,-0.107778,0.060532,-0.115004,-0.042028,-0.040980,0.030715,-0.058697,-0.119358,-0.051652,0.079604,-0.039341,-0.014118,0.030846,0.003626,-0.020648,-0.003100,0.021698,-0.009688,0.004944,0.061245,-0.078450,0.059575,-0.061841,0.152452,0.013720,0.018106,0.027643,-0.020182,0.040155,0.025133,-0.085722,0.075470,-0.101506,-0.053158,0.072436,-0.010514,0.032433,-0.045694,0.148215,0.088562,0.017828,-0.026215,0.016831,-0.068470,0.019638,0.010953,0.067343,-0.016913,-0.049198,-0.054305,-0.076643,0.030253,0.033814,0.024815,0.048544,-0.019166,-0.306793,0.086636,0.030780,-0.048842,0.097793,0.070936,-0.033088,0.020945,0.031521,0.008583,0.154860,-0.041509,0.067472,0.090801,0.031898,0.219382,-0.025327,0.000701,0.116942,0.074433,-0.054688,-0.071641,0.046593,0.010683,-0.078874,-0.058315,-0.032266,0.024733,-0.058380,-0.025995,0.047276,-0.044587,-0.056971,-0.037000,-0.058320
-0.016384,0.014388,0.037902,0.010402,0.008001,-0.011547,0.034793,0.023260,0.078672,0.042514,-0.005699,0.036150,0.017676,0.016958,0.056787,0.030864,-0.000329,0.005720,-0.027788,-0.015112,-0.088432,0.020646,-0.013569,0.019742,0.027836,0.025159,-0.025768,0.009021,-0.009053,-0.045616,-0.014104,-0.010214,-0.063716,-0.015403,0.013059,0.010798,-0.021555,0.021340,-0.001518,-0.026972,-0.032619,0.004039,0.011544,0.010421,0.006790,0.006747,-0.004469,0.038338,-0.007132,0.007799,0.040771,-0.028779,0.006459,0.016671,-0.013589,0.036977,0.008023,-0.017991,0.001071,-0.053545,0.001485,-0.000183,0.037230,0.022026,-0.020368,0.017025,-0.010773,-0.028798,0.018640,0.000619,0.031865,0.022064,0.005358,-0.016866,0.021642,0.027759,-0.019383,0.028457,0.026105,0.009158,-0.001957,0.010725,-0.000800,0.022335,-0.014704,0.017048,-0.030760,-0.059241,0.008594,0.001611,0.013964,-0.000912,-0.007388,0.007495,0.014745,0.013234,0.002145,0.012224,0.009534,-0.015670,-0.017217,0.019737,-0.003073,0.056469,-0.046787,-0.033156,0.037526,0.006104,0.010638,-0.013257,0.028777,-0.014071,-0.012390,-0.004159,0.028837,-0.046821,-0.005672,0.062155,0.024329,-0.001303,-0.007604,0.049792,-0.027764,0.020318,-0.019393,-0.015536,-0.048986,-0.002849
-0.000528,-0.000320,-0.001280,0.002235,0.010578,0.003590,-0.002017,0.000121,-0.000698,0.001441,-0.001143,0.000465,-0.002443,0.000336,0.001741,-0.003844,0.000565,-0.001063,0.003006,0.003229,0.007707,-0.000623,0.000740,0.004351,-0.002008,0.000367,0.000249,-0.000362,-0.002553,0.000249,0.002202,0.001202,0.001824,-0.002853,0.000154,0.001066,-0.000141,-0.000225,0.002600,-0.009379,-0.001867,-0.002636,-0.001139,-0.000530,-0.003373,-0.002018,0.000662,-0.002093,0.000617,-0.001804,0.001018,0.000304,0.001743,0.001258,0.013250,-0.000297,-0.001953,-0.002154,-0.003269,0.003915,0.000338,0.000614,-0.001599,-0.002042,0.002100,0.002105,0.001715,-0.001434,-0.000089,0.001265,-0.003182,-0.000757,0.001405,0.000905,-0.001075,-0.004762,0.003286,0.001393,0.001259,-0.001191,0.000964,-0.000021,0.002261,-0.002092,0.001064,0.000700,0.001016,0.002447,-0.002202,-0.001094,0.000400,0.002334,-0.000223,0.002998,-0.002836,-0.001234,-0.001524,-0.003158,0.002482,-0.001306,0.000161,0.000548,0.003264,0.000546,0.006249,0.000200,0.000059,-0.003563,-0.000138,-0.001945,-0.001952,0.000759,0.002118,-0.000293,-0.004736,0.003218,-0.000347,-0.009236,0.000379,0.000816,0.000516,-0.000582,-0.002165,0.000005,0.001589,0.000500,-0.008119,-0.001679
-0.015900,-0.073745,0.035430,0.006029,-0.183651,0.000245,-0.085754,0.008292,0.029522,-0.052876,-0.024883,-0.055287,0.096707,0.009400,0.057049,0.069833,0.028720,-0.018440,0.040539,0.022268,0.062249,0.017226,-0.030861,0.050051,0.033916,0.061699,0.000300,0.067971,-0.002459,0.014867,-0.012040,-0.012701,0.010771,-0.043425,-0.035792,0.049479,0.020979,-0.045089,0.037543,0.006898,-0.085478,0.044298,-0.013319,0.009481,0.043184,0.014252,0.023698,-0.024661,-0.009864,0.066399,0.004617,-0.034916,-0.032869,0.039308,-0.067034,-0.044971,-0.054864,-0.061890,0.007403,0.013664,0.160305,0.043647,-0.042044,0.013569,0.040212,-0.042617,-0.028815,-0.017298,-0.028843,0.020238,-0.072784,-0.028330,-0.001686,0.063350,-0.000195,0.147283,0.051277,-0.040988,-0.005371,0.013785,-0.041548,-0.011977,0.027944,-0.024034,-0.095278,0.046720,-0.057255,0.055662,-0.040697,-0.023775,0.047636,-0.030974,-0.002350,-0.326645,0.040914,0.019808,-0.019586,0.077338,-0.063594,-0.008563,-0.005031,0.010198,-0.014751,-0.019122,-0.001542,-0.044948,-0.007538,0.104355,0.011160,0.020444,-0.032245,0.040890,0.053170,0.001119,0.034165,0.020091,-0.004184,0.001364,0.018035,-0.010859,0.038933,0.075435,0.019492,0.033068,-0.041862,-0.011266,0.031509,-0.006455
0.009303,0.014069,-0.021459,0.019853,-0.069534,0.004052,-0.108812,-0.084835,0.009498,-0.003493,0.052319,-0.036828,0.040710,-0.032381,0.183669,0.054239,-0.022893,-0.039387,-0.001095,0.017356,0.167107,0.045863,-0.042748,0.000164,0.007330,0.058366,0.035408,0.120508,-0.134202,0.021711,-0.116321,-0.037159,0.053254,-0.089346,-0.000373,0.054373,-0.032656,-0.009305,0.037878,-0.228993,0.070626,0.065587,0.010760,-0.079303,0.041508,-0.016980,0.081821,-0.027824,-0.110535,0.002723,0.074812,0.007315,0.022110,0.017192,0.094175,-0.003594,-0.053862,-0.069516,-0.012560,0.093968,0.040403,0.063038,-0.048142,0.070394,0.030693,0.034916,0.028159,-0.010078,-0.020413,0.035870,-0.106694,-0.039357,0.047511,-0.055887,0.056373,0.074505,0.096265,-0.045971,-0.076533,0.019645,0.150586,-0.017020,-0.001420,0.034068,-0.086213,0.092533,-0.040282,0.187264,0.100002,-0.111760,0.014818,0.000744,-0.009450,-0.118457,0.061613,0.070778,0.062498,0.023790,0.026278,-0.016965,-0.098203,-0.027624,-0.074927,-0.019343,0.008692,0.006751,-0.041077,-0.026738,0.005093,-0.013629,-0.013610,-0.008220,0.061483,-0.028092,0.006347,0.052199,0.110570,-0.043783,-0.015311,0.039845,-0.020621,0.006480,-0.068761,0.005393,-0.075655,0.092553,-0.011287,-0.139894
0.008504,0.048928,-0.083127,0.015893,-0.171088,0.173766,-0.033828,-0.242343,-0.321210,0.162651,0.168813,-0.326330,-0.240367,0.041564,-0.308999,0.083054,-0.092185,-0.121506,0.122276,-0.096844,0.252742,0.142492,0.123274,-0.111989,-0.120296,-0.187441,0.018111,0.106293,0.030449,0.083888,-0.234121,-0.107306,-0.297009,-0.087279,-0.170378,-0.165892,-0.133926,0.079722,0.067376,-0.009168,0.148558,-0.123358,0.075615,-0.053967,0.070573,0.112714,0.258364,0.079900,-0.129383,-0.346557,0.089654,-0.074209,0.106632,-0.221324,0.013065,0.023350,-0.056688,-0.102482,0.160248,0.175687,0.191856,-0.020256,-0.020031,-0.269362,-0.130152,0.190096,0.289942,-0.060037,0.336560,0.345384,-0.218749,0.120771,-0.001030,-0.360340,-0.323941,0.077347,0.033293,-0.072197,-0.152682,0.025224,0.119254,0.104996,0.086847,0.015708,-0.090576,0.022321,0.318888,-0.144225,0.340714,0.018019,-0.008349,-0.164235,0.060447,0.410422,0.109119,0.111213,0.077396,-0.107078,0.091854,0.161753,0.007961,0.035860,0.197770,0.116844,-0.112084,0.306493,-0.138441,-0.243367,-0.448767,-0.265043,0.011489,-0.164376,0.209022,-0.081832,-0.063054,0.020001,-0.080395,-0.185786,-0.146492,0.035695,-0.029678,-0.300701,-0.079703,0.096748,-0.132499,0.003590,0.374654,-0.333018
-0.116494,0.014285,-0.170030,0.091712,-0.160844,0.005935,0.033626,-0.260556,-0.042770,-0.078380,0.149513,0.055263,-0.041413,0.045733,0.220427,0.062403,-0.266471,-0.153909,0.247672,0.105845,-0.202709,0.051085,-0.138023,0.006853,-0.058645,0.011799,-0.009816,0.006579,0.224612,0.186393,0.199644,-0.366650,-0.383771,-0.498378,-0.229386,-0.158620,-0.080026,0.001554,-0.026233,0.071808,0.302036,0.225117,0.423763,-0.012472,0.045974,0.379310,-0.039037,0.130797,-0.356020,-0.104848,0.096365,-0.430187,0.078822,-0.180666,-0.028611,0.222032,-0.222621,0.142685,-0.071281,-0.194737,0.267908,0.020280,-0.091063,0.172977,0.059947,-0.015043,0.468810,-0.324237,0.150918,0.091254,0.051724,0.079653,0.065390,0.405708,-0.621023,0.003954,0.137800,-0.188912,0.068424,0.091566,0.214958,-0.215298,-0.195042,-0.252996,-0.501095,0.124371,0.171514,-0.007688,0.024366,0.229259,-0.070688,-0.187091,0.306276,0.519446,0.309168,0.290959,-0.028136,-0.281780,-0.101991,-0.125072,0.104187,0.172253,-0.222270,-0.097704,-0.146450,0.123056,0.226463,-0.201190,-0.361279,-0.055226,0.117888,0.038353,0.008949,-0.056814,-0.088751,-0.009431,0.057843,-0.298375,0.113303,0.200893,-0.065573,0.093039,-0.053092,0.071360,0.083706,-0.128614,0.582276,-0.096466
-0.175341,0.063968,-0.167983,-0.045002,-0.112629,0.186952,0.013243,-0.173498,0.180285,-0.259466,0.039876,0.012547,0.181142,-0.100706,0.305835,0.176238,-0.066522,-0.067755,-0.107974,0.072440,-0.265404,-0.253529,-0.651462,0.084038,-0.140482,0.183318,-0.058252,-0.228936,0.046430,-0.022734,0.111669,-0.095303,-0.153615,-0.124237,-0.272965,0.172644,-0.075881,-0.145480,0.051273,0.170033,0.051991,0.257090,0.378172,0.009807,0.080580,0.008645,-0.230392,-0.034525,-0.188140,0.184608,-0.102772,0.024902,-0.050392,-0.177923,-0.043664,-0.250125,0.012418,-0.103115,0.206993,0.108849,0.180487,-0.166605,0.159896,0.706674,0.185830,0.029164,0.099432,-0.174827,-0.176966,-0.416764,-0.012692,0.025931,-0.090385,0.124867,-0.391971,-0.190397,0.189520,-0.096609,0.122212,0.069130,0.149263,-0.028648,-0.009335,-0.296069,-0.079674,0.011735,-0.605322,0.398625,-0.184861,-0.155545,0.163936,-0.088184,0.405519,0.439982,0.241932,-0.028883,-0.138755,0.043030,0.236483,-0.049356,0.047650,0.096589,0.153797,0.146751,-0.176788,-0.077398,0.134371,-0.174344,-0.101226,0.059395,-0.018302,0.107447,-0.078052,0.103313,-0.232026,-0.172520,0.187543,-0.310385,0.168927,0.165247,-0.336428,0.025373,0.034445,0.132617,0.076900,-0.284544,0.222496,0.019373
-0.025224,0.021885,-0.097036,0.077179,-0.211465,-0.101506,-0.070396,-0.357056,-0.023494,-0.056524,0.206425,0.125135,0.037377,0.019772,-0.287735,0.015822,0.033027,0.214170,-0.053516,0.052681,-0.179342,-0.078907,-0.486176,0.127454,0.097664,-0.032363,0.221785,-0.077008,0.108658,0.004831,0.019338,-0.192414,0.133832,0.075310,0.020548,0.252933,-0.262504,-0.143193,0.143583,-0.165322,0.022326,-0.051534,-0.033661,0.016121,0.186230,0.029480,-0.080895,0.114054,-0.022723,0.104559,-0.068167,0.040847,-0.042406,-0.328875,0.269519,-0.440721,-0.232198,-0.304048,0.434434,0.096125,0.159315,0.080426,0.201124,-0.109346,0.407779,0.256801,0.035398,-0.553030,-0.295740,0.012349,-0.068977,0.125120,-0.281442,0.282821,0.002932,-0.156664,0.191983,-0.579988,-0.030044,0.235096,0.053751,0.030826,0.341426,-0.337675,0.231895,-0.004607,-0.364489,0.085407,-0.103846,0.055396,0.005576,0.069074,0.814664,0.149550,-0.047953,-0.013868,0.054312,0.011051,0.114069,0.230010,0.192616,0.087410,0.371178,0.322021,-0.081845,-0.016000,-0.086764,-0.005816,0.006590,0.165698,0.207425,-0.045305,-0.086849,0.025804,-0.043185,0.021845,-0.300754,-0.042962,0.027069,0.127458,-0.184115,-0.125151,-0.007181,0.344114,0.168396,-0.178717,0.059136,-0.032375
0.010506,0.008791,-0.125742,-0.103571,-0.065901,0.181507,0.079430,-0.089173,0.175806,-0.024718,0.295174,-0.038672,0.208284,-0.206072,-0.024175,-0.066357,0.181922,0.228999,0.222177,-0.068402,-0.097809,-0.133932,0.097555,0.084437,0.162371,0.017197,-0.003291,-0.069055,-0.217748,-0.223784,-0.063148,0.181246,0.166279,-0.184493,-0.166485,0.144081,0.090201,-0.015938,-0.107151,-0.263270,-0.134441,0.058473,-0.168885,-0.983968,0.174910,0.074734,0.039301,0.067171,0.311867,0.176550,0.080158,-0.089496,0.167271,-0.224068,0.054949,-0.005607,0.041031,-0.295477,0.235496,0.099961,-0.175790,0.277590,0.294770,-0.101760,0.394655,0.119809,0.177638,0.114591,0.009719,0.170571,0.220299,-0.281832,-0.200180,0.186742,0.095695,-0.164262,0.070023,-0.443682,-0.243456,0.248882,0.133754,0.221172,0.123429,0.009414,-0.017496,0.172807,-0.498706,-0.032705,-0.219620,0.115972,-0.113330,0.254253,0.769963,0.457628,0.232158,0.259461,0.058862,-0.084407,0.016379,0.059158,0.127307,0.246702,0.340263,0.203310,0.300602,-0.063531,0.096871,-0.051862,0.238229,0.295086,0.051036,0.172271,-0.374167,-0.266814,-0.043442,-0.116640,-0.211055,0.169607,0.245490,0.008407,-0.561630,0.106224,0.094386,0.291562,0.046835,-0.112657,0.043586,-0.046035
0.131670,0.017263,0.023191,-0.074733,-0.084165,0.168190,-0.100601,-0.189865,0.077356,-0.053474,-0.147319,-0.056365,0.071180,-0.282371,-0.440049,-0.021549,0.124870,0.076719,-0.108839,-0.264483,-0.147677,-0.168742,0.728469,0.210213,-0.082500,0.002278,-0.052750,-0.040110,0.006091,-0.061119,0.081720,0.298526,0.404232,-0.446281,0.018526,0.266043,-0.104232,-0.069361,-0.077751,0.007159,-0.046490,0.300596,0.035295,-0.225080,0.005213,-0.118934,-0.086135,-0.245846,0.270577,-0.098085,0.220491,0.238104,-0.192574,-0.187690,0.135080,0.205639,0.152210,0.350041,0.435419,0.005954,0.105160,-0.204214,0.087360,-0.157374,0.263184,-0.098119,0.045292,0.323485,0.061472,0.122524,0.283955,-0.231997,0.036338,0.091580,0.293129,0.051777,0.061890,-0.132559,-0.144744,-0.075677,0.013578,-0.145363,-0.413581,0.358317,0.193508,0.088075,-0.495120,-0.089817,-0.054869,0.200325,-0.033453,0.286311,0.538291,0.168960,-0.147007,0.159919,-0.029672,-0.026093,0.211158,0.060744,-0.281447,-0.171452,0.020057,0.267787,0.103232,0.020118,-0.088312,-0.020464,0.159366,0.316415,0.049795,0.133794,0.083597,0.095449,0.095735,-0.286613,0.012727,-0.092150,0.036831,0.127559,-0.407122,0.021359,0.038094,-0.079605,-0.152396,-0.038380,-0.039799,0.141695
0.247937,0.227912,0.236476,0.090867,-0.094549,0.536372,0.210794,-0.227890,0.001674,0.231450,0.017265,-0.060326,0.171835,0.045439,-0.804589,0.235615,-0.073760,0.013209,-0.235751,-0.115293,0.026729,-0.039993,0.144881,0.050844,-0.152202,0.073684,0.212191,0.154981,-0.016752,0.144840,0.172756,-0.121028,0.017242,-0.067647,0.716024,0.283872,-0.076290,-0.130601,-0.296876,0.004860,0.050425,0.373529,0.274093,1.276923,0.004897,-0.114723,-0.085138,-0.235606,-0.031876,-0.476803,0.203949,-0.202004,-0.021310,0.006825,-0.068006,0.372482,-0.272366,0.084483,0.317938,0.340944,0.478200,-0.015843,-0.114289,-0.112801,0.240557,-0.046795,0.111363,0.359283,0.007349,-0.054953,0.005830,0.046831,-0.039944,0.045169,0.119569,-0.043108,0.194644,-0.197262,-0.054103,0.035678,0.206589,-0.226009,-0.612978,0.561829,-0.090183,0.202299,-0.426748,-0.144516,-0.117690,0.052273,0.601358,0.374646,0.506154,0.032437,-0.164971,0.167482,-0.192310,0.030205,-0.282557,0.238858,-0.126767,-0.023422,-0.225717,0.211988,0.016461,0.123095,-0.012189,-0.128545,0.038217,0.106808,-0.149429,0.058495,-0.024077,-0.119442,0.165097,0.410922,-0.096708,-0.175015,-0.067595,-0.023350,-0.563878,0.045441,0.091738,-0.075796,0.044514,-0.255766,-0.077987,-0.157706
-0.011893,0.177384,-0.204723,0.012958,-0.358775,0.508095,0.010141,-0.146149,0.014384,0.054425,0.045357,0.117725,-0.023724,0.165479,0.368516,0.102154,-0.183661,0.301078,-0.049181,-0.193079,0.259681,-0.059729,-0.313087,0.005193,0.164223,0.085909,-0.186247,0.069322,-0.198023,0.188654,-0.060158,-0.068286,0.015277,0.039664,0.707013,0.144666,-0.090498,-0.110018,-0.358855,0.187513,-0.228868,-0.119407,-0.041727,0.921712,-0.184805,0.176687,0.092393,-0.178021,-0.702415,-0.042912,-0.005324,0.020034,0.319806,0.222175,0.029239,0.225753,0.086489,-0.255999,0.060626,0.539970,0.297476,0.011250,0.087669,0.309602,0.243531,-0.237167,-0.077805,0.185552,0.072928,0.092767,-0.136159,-0.037907,-0.196880,0.100633,0.164229,-0.109063,0.080804,0.019802,0.084655,0.042875,-0.047753,-0.060096,0.482384,0.787079,0.214896,0.047346,-0.037760,-0.243908,-0.180714,0.060523,0.043802,0.165976,0.493394,-0.200520,-0.107387,0.059941,0.117454,0.133262,-0.253634,-0.001347,0.081225,0.015065,-0.076016,0.068948,0.271743,0.239315,0.206366,-0.150525,-0.093661,0.147669,-0.210464,-0.057124,0.048818,-0.304884,0.216979,0.506575,0.034966,-0.131147,0.011281,-0.130653,-0.432895,0.134599,0.043824,0.105619,0.194989,-0.075440,0.011751,0.367719
0.065794,0.106110,-0.698185,-0.302105,-0.089665,0.369239,-0.044050,-0.144787,-0.103010,-0.084179,-0.060198,0.174110,-0.171016,-0.101076,0.703557,0.188460,0.060285,-0.259232,0.038450,0.078933,0.015859,-0.173669,-0.416393,-0.017716,-0.053732,-0.041871,-0.114910,0.160732,-0.009537,0.263268,0.110560,0.013767,0.039866,0.332317,0.658982,0.307649,-0.023904,-0.201044,-0.000319,0.091967,-0.135915,-0.156716,0.536331,-0.257797,-0.091545,-0.037024,-0.104525,-0.089948,0.028183,-0.195655,0.085530,0.082710,0.261262,0.093312,0.186892,-0.275664,-0.047853,0.250558,-0.263441,0.195063,0.379121,-0.038958,0.153793,0.000564,-0.126749,-0.364383,0.051182,-0.225040,0.003034,0.006260,0.125957,-0.371507,0.038825,0.000708,0.210912,-0.000459,-0.339656,0.300270,0.169194,-0.189658,-0.086936,0.015425,1.148685,0.291536,0.413415,0.033459,0.197710,-0.631006,0.151058,0.147617,-0.067263,-0.233510,0.119579,0.003333,-0.357695,-0.105404,0.102121,0.185799,-0.222574,0.002844,0.037442,0.141133,-0.021321,0.098462,0.233890,0.301565,0.304210,-0.130691,0.121062,-0.074982,-0.139438,-0.253638,0.083179,0.039504,0.249166,0.531795,0.208590,-0.119562,0.049928,0.032181,-0.490111,-0.149207,0.203248,-0.190818,-0.028684,0.060378,0.157881,0.595272
-0.121478,-0.136330,-0.284527,0.017878,-0.272665,0.681680,0.049166,0.083701,-0.175512,0.133519,0.015370,0.173966,-0.011138,-0.114197,0.736902,0.039833,0.152030,-0.163416,0.193936,0.233132,0.026914,0.065997,0.327660,-0.131231,0.258967,0.110853,0.024574,-0.084996,0.186172,0.209744,-0.099025,-0.162818,0.198435,0.107126,0.064903,-0.054805,0.007525,0.189449,0.371589,0.126769,-0.281112,-0.266517,0.414275,-0.373113,0.271073,0.263163,0.000079,0.038074,0.108419,-0.173551,0.055411,0.122573,0.048106,-0.158704,0.237717,-0.006903,-0.105092,0.465801,-0.127383,0.692559,0.135986,0.289991,-0.115832,-0.074643,-0.234275,-0.459269,-0.086359,-0.646773,0.058265,-0.181910,-0.233886,-0.311948,0.122715,-0.249799,0.414207,-0.107142,0.006873,0.276250,0.056243,-0.012003,0.032686,0.189612,0.139255,-0.543970,0.269625,-0.129985,0.323755,-0.082096,0.256929,0.042493,0.033590,-0.002605,0.286263,-0.152319,-0.261013,0.238859,-0.039771,0.196201,-0.741013,-0.041942,-0.109065,0.187860,-0.077478,0.046488,-0.422829,0.302667,0.005190,0.044482,0.118502,0.059213,0.141244,-0.069876,0.341220,-0.063767,0.186747,0.029293,-0.109147,-0.102220,0.111326,-0.128810,-0.874578,0.010661,0.025202,0.115568,0.019796,-0.067911,0.040102,0.058610
-0.019161,0.012174,0.384500,0.516619,-0.103887,0.879775,-0.098967,0.600266,-0.242153,-0.061984,-0.200775,-0.029328,0.182877,-0.066098,0.358130,0.093512,0.085217,-0.080457,-0.015971,-0.015432,0.180665,0.033931,0.577120,-0.308807,0.174176,-0.038132,0.009858,0.194384,0.168544,-0.125009,-0.143203,-0.056070,-0.079903,0.257495,0.008801,-0.134284,0.010494,-0.038354,0.398125,0.143294,-0.083957,-0.143200,0.281554,0.079676,-0.022410,-0.001600,-0.243726,-0.026786,0.022810,0.278677,0.065010,-0.029467,-0.210333,-0.568043,-0.037301,-0.359286,0.019754,0.152086,0.162801,0.100564,0.097650,0.131701,-0.088635,0.066782,-0.478725,-0.347023,-0.157178,-0.429042,0.107275,0.000269,-0.018314,-0.248605,-0.085547,-0.298875,0.299284,0.047595,-0.183707,-0.073587,0.204031,-0.015591,-0.027204,-0.220488,-0.968944,-0.352732,0.233530,0.031900,0.259545,0.252273,-0.324359,-0.196021,0.256677,0.273000,0.272047,0.042119,-0.173900,-0.312568,-0.040231,0.230162,-0.721884,0.223925,-0.190459,0.062397,0.110952,0.102929,-0.187003,-0.107280,-0.089944,0.019604,0.040143,0.159925,0.232365,-0.082461,-0.012237,-0.024031,-0.174337,0.062490,0.073749,-0.196481,0.134409,0.122911,-0.532161,0.060669,0.034380,-0.173761,0.097256,0.008850,0.019399,-0.164425
-0.019248,0.086219,0.287384,0.262706,-0.033888,0.915801,-0.008735,0.635666,-0.281004,-0.165058,0.045482,-0.031959,0.262690,-0.632517,0.200768,0.085325,-0.016577,0.143867,-0.080977,0.161066,0.416293,0.042762,0.372539,-0.245359,0.103130,-0.188154,0.079397,0.027381,-0.194531,-0.462114,0.268399,-0.068383,-0.273272,0.289329,0.075686,-0.018987,0.202564,-0.061766,0.100138,0.124600,0.019517,-0.221259,-0.163768,0.040749,0.200601,0.112164,-0.131979,0.115306,-0.256338,-0.060707,0.055581,0.180348,-0.009212,0.103779,0.460167,0.169874,0.218048,-0.267448,-0.139579,-0.525141,0.035038,0.172565,0.051757,-0.197261,-0.163597,-0.053861,-0.184697,-0.359241,-0.154078,0.048915,-0.081988,0.249997,0.189156,-0.160273,0.202582,-0.083421,-0.187626,-0.684306,-0.116386,-0.019368,-0.137147,-0.193761,-0.205511,0.013469,0.164003,0.302697,0.008515,-0.325676,0.170186,0.167636,-0.158587,0.190702,-0.021268,-0.071525,0.221759,-0.248313,0.103227,0.029871,0.285807,0.091114,0.235365,0.000202,0.324752,-0.120942,-0.117947,0.001798,-0.036375,-0.123481,0.153643,0.086581,0.499407,0.001462,-0.162949,-0.145819,-0.020878,0.011896,-0.189069,-0.084275,0.003813,0.083572,0.072725,0.155754,0.144312,-0.121596,0.250826,0.313170,0.266416,0.073878
0.114383,-0.103795,0.222446,0.392906,0.063925,0.679160,-0.235688,-0.170707,-0.105847,-0.012704,-0.047357,0.045509,0.208374,-0.223114,0.291186,0.285876,-0.044487,0.121240,0.258854,0.275142,0.305317,-0.046283,-0.114737,-0.204517,-0.154318,0.060218,0.188476,0.044768,-0.008673,-0.110993,0.326577,0.103865,-0.324039,0.590177,-0.120964,-0.076566,0.530227,-0.063906,-0.159418,-0.009049,-0.134219,-0.213899,0.033393,-0.133004,0.083290,0.036783,0.066775,-0.155412,0.232138,0.213869,0.382985,0.116873,0.371617,0.683281,0.215396,0.449599,-0.025820,0.287407,-0.069418,-0.388443,-0.290314,0.043985,0.106218,0.099658,-0.421077,0.060379,0.074951,-0.049360,0.112771,-0.088267,0.178136,0.374084,-0.021021,0.165727,0.116385,-0.162011,0.125279,-0.362432,-0.144828,-0.061843,-0.040815,-0.193163,0.379444,-0.006252,0.351851,0.065072,-0.053821,-0.153987,-0.036350,0.120210,-0.268393,-0.340305,-0.070169,0.217903,0.541875,0.227439,0.086922,-0.241011,0.621711,-0.006254,-0.142796,-0.003687,-0.024917,-0.063303,0.309614,-0.108278,0.041852,-0.435398,0.226592,-0.017767,0.192257,0.301872,-0.136780,-0.222949,-0.243910,0.108319,-0.080349,-0.059696,0.201082,-0.108460,-0.077832,0.009383,0.220206,0.009801,0.146353,0.066654,0.467513,0.027700
-0.082202,0.112318,0.385641,0.319354,0.115640,0.511245,-0.121802,-0.639557,0.039271,0.043396,-0.121468,-0.012430,0.302375,0.467599,-0.056002,0.426467,-0.219924,0.170581,0.042871,-0.083061,0.287526,-0.052177,-0.294653,0.056152,-0.213923,-0.105943,0.112982,-0.416837,0.123227,-0.175788,-0.016267,-0.106899,-0.008544,0.560997,-0.000249,-0.014053,-0.219100,-0.085054,0.295489,0.160548,-0.127293,-0.052881,-0.092692,-0.167703,0.309433,0.045372,0.111834,-0.156508,0.048722,0.325378,0.035001,-0.001628,0.144044,0.226602,0.052311,0.455824,0.084033,0.202007,0.041134,-0.168346,-0.165153,0.000124,-0.050090,0.403994,0.125896,0.132020,-0.141079,0.081551,0.094403,-0.049785,0.119388,0.379140,-0.074474,0.135370,0.081052,0.029882,0.127079,-0.020436,0.033233,-0.197563,0.070332,-0.224554,0.075897,0.058314,0.192601,0.493453,-0.176209,0.079127,-0.171347,0.099494,-0.229087,-1.041704,-0.409179,-0.016357,-0.281678,0.353738,-0.317090,-0.289057,0.194197,-0.013575,-0.189594,-0.030512,0.129276,-0.052983,0.134992,0.008372,0.037148,-0.028555,0.153173,-0.037391,-0.049822,0.265944,0.009701,0.058503,0.049856,0.032052,-0.123860,-0.122198,0.236350,0.207627,0.100596,-0.185477,-0.157766,-0.172424,0.115841,-0.003121,0.216285,-0.076335
0.048226,0.137705,0.435921,0.054265,-0.027977,0.521046,-0.126354,-0.491058,0.036901,0.045782,0.163210,-0.107024,0.295244,0.452234,0.004935,0.235650,0.167510,0.096283,0.151237,0.186369,0.289108,0.128312,0.117115,0.183534,0.099318,-0.034190,0.039055,-0.229348,-0.254092,0.040087,0.070245,0.060752,-0.302258,0.404503,0.222512,-0.000962,-0.496295,-0.075395,0.090257,0.108776,0.134942,0.073324,0.081677,-0.054354,-0.094418,0.062513,0.139381,-0.162228,0.035927,0.516146,-0.069421,-0.317394,-0.341489,-0.240956,0.050953,0.197062,0.208569,0.423214,0.318080,0.101865,0.077445,0.219902,0.073280,-0.190393,0.103577,0.173881,0.063281,0.389978,0.126207,0.037201,0.077606,0.396820,-0.116659,-0.029722,0.138402,-0.282815,-0.103549,0.353597,0.116691,0.013713,0.080077,-0.037376,0.186221,-0.137270,0.107298,0.216167,-0.018718,0.065463,0.015396,0.051396,-0.101035,-0.132139,-0.211319,-0.165934,-0.187709,0.549727,-0.250802,-0.186314,0.110072,0.222336,-0.207860,0.144937,0.256196,-0.215022,0.309999,-0.061953,-0.062935,0.922852,0.010897,0.060071,0.060419,-0.028142,0.020684,-0.030961,0.125766,-0.109858,-0.100120,0.004768,0.239792,0.480444,-0.052695,-0.005667,0.084553,-0.051530,-0.057793,0.100375,0.326558,-0.184036
0.114623,0.047699,-0.327699,0.044115,0.028394,0.632611,-0.099359,-0.148345,0.143444,0.170053,-0.046083,0.172979,0.290044,0.552996,0.156460,0.360836,0.195192,0.273759,-0.057596,0.242099,0.083806,0.202799,0.284868,0.258195,-0.051670,0.061169,-0.200916,-0.185795,-0.239489,-0.075445,0.158656,-0.075312,-0.219830,0.265770,0.199198,-0.123021,-0.253402,-0.113995,0.040529,0.087478,0.449325,-0.054753,0.466235,0.068150,-0.018708,0.234231,0.032568,-0.045827,-0.086158,0.118750,0.051083,-0.058468,-0.252217,-0.347320,-0.125498,-0.139595,0.011665,0.317692,0.026959,0.147620,0.044283,0.061081,0.169042,0.118910,0.152498,0.042064,0.006822,0.466552,0.021222,0.038839,0.032448,0.390446,0.054443,0.227687,0.182327,-0.273062,-0.305375,-0.011214,0.101685,0.040971,0.091061,-0.138663,0.028361,-0.026667,-0.083872,-0.496661,-0.238111,0.041004,0.240111,-0.061447,-0.285553,0.119213,-0.091265,-0.038365,-0.324763,0.305824,0.110781,-0.017146,-0.094098,-0.166572,-0.151475,0.157077,0.080264,-0.227478,0.117667,0.063782,-0.109103,0.750170,0.007410,-0.165306,0.143184,-0.119294,0.103232,-0.038987,0.127689,0.184309,-0.107682,0.210397,-0.279455,0.277330,0.567095,0.171992,-0.015354,0.367742,-0.040611,-0.059579,0.173110,-0.076661
-0.108037,-0.250534,-0.242440,0.307484,-0.116617,0.235418,0.282694,0.143561,0.014261,0.085901,-0.102626,0.236200,0.507082,0.186813,-0.056942,0.106476,0.064571,0.016679,0.036268,0.188233,0.153867,-0.049818,0.142605,0.205730,-0.178409,-0.005606,-0.203948,0.039682,-0.020999,0.001382,-0.025931,0.035846,0.219261,0.246822,-0.264387,0.028263,0.069640,-0.263377,-0.099153,0.091183,0.292016,-0.095872,0.384958,-0.026243,0.110642,0.289949,-0.064970,-0.049369,-0.121052,-0.593561,0.175167,0.133846,0.155003,-0.371671,-0.013710,-0.254135,0.225467,-0.184959,-0.251270,-0.004267,-0.055110,-0.010053,0.125801,0.025506,0.019503,0.124486,0.095301,0.263746,0.061989,0.042073,0.033977,0.094551,-0.000371,0.180893,0.155544,0.123351,-0.432007,0.146949,-0.176896,-0.028968,0.214432,0.028905,0.003907,0.078480,0.014659,-0.729306,-0.266926,0.031319,-0.062643,0.034619,-0.048140,0.037355,-0.205120,0.019181,0.083324,0.085431,0.108483,-0.182304,0.351480,-0.080640,0.131897,0.299226,0.201991,-0.207201,-0.059046,0.108889,0.127013,0.146691,-0.120671,0.181413,-0.061975,0.018000,0.059146,0.072630,-0.118421,0.145155,0.041685,0.160217,-0.780528,0.665087,0.088476,0.108866,-0.100436,-0.112793,-0.028017,-0.053089,0.179151,0.018068
-0.022422,-0.138912,-0.306926,0.138714,-0.132941,0.252693,0.039768,0.271324,0.340685,-0.416044,0.282337,-0.061805,0.337977,0.076705,-0.008004,0.220017,-0.137097,-0.024906,0.083691,-0.244267,0.223317,0.182933,0.010833,-0.092212,-0.012469,-0.108691,-0.142134,-0.112425,0.169604,-0.080618,-0.311753,0.101508,0.111536,-0.031511,0.013798,0.248042,0.233885,-0.097850,-0.083133,0.097903,0.304695,-0.022293,0.127489,0.038207,0.045533,0.185899,-0.066101,-0.049368,-0.329329,-0.039059,-0.070697,0.019994,-0.244038,-0.079629,0.151148,0.042548,-0.047112,-0.490918,0.071152,0.177809,0.015274,-0.129683,-0.060373,0.123137,-0.023839,-0.018517,-0.244007,0.118240,0.103591,0.197102,0.019482,0.249655,-0.119568,-0.068136,-0.013102,-0.148060,-0.221600,-0.245639,-0.224965,0.024452,-0.022834,0.081844,0.003247,0.079948,-0.089200,-0.331939,0.190742,0.133282,-0.024588,-0.091473,-0.159943,0.243555,-0.140295,-0.239418,0.561516,0.014263,0.054573,-0.029396,0.054829,-0.066465,0.060345,0.193390,0.105809,0.066635,-0.129866,0.289083,0.036751,-0.003388,0.153780,0.105907,-0.096953,-0.060754,-0.108454,-0.263425,0.091215,-0.106735,-0.238364,-0.027992,-0.823967,0.639017,-0.119157,0.070056,0.024001,-0.393453,0.036456,0.039114,0.087124,0.089714
0.076385,0.126240,-0.187013,0.253775,0.264495,0.008978,0.053217,0.059860,0.398566,-0.137393,0.044319,-0.147896,0.473506,0.007490,0.138418,0.121248,-0.152848,-0.194180,-0.185966,-0.155604,-0.035059,0.109399,0.031196,-0.125644,-0.071813,-0.058358,0.044764,0.488022,0.001468,0.069783,0.030167,0.125211,-0.104940,0.177032,0.150416,0.233083,0.154991,0.171120,-0.206490,0.057468,0.375973,-0.059990,-0.044484,-0.119098,0.416326,0.262147,0.112564,-0.135613,-0.100992,0.001146,-0.049896,-0.167414,-0.392963,0.083837,-0.040455,0.048830,0.056370,0.273895,-0.005821,0.063091,-0.072360,0.037644,0.060256,0.225133,0.022213,0.133361,-0.124947,-0.175390,-0.120350,0.130089,-0.130919,0.400716,-0.069716,-0.000899,-0.005776,0.046803,-0.093022,-0.189430,-0.074109,-0.054192,-0.141765,-0.217454,0.235010,0.052690,-0.152804,0.086574,0.089041,0.214683,0.117653,-0.164053,0.124779,0.216482,0.110157,0.058508,0.286164,-0.145936,0.087887,0.032023,-0.370518,-0.066773,0.307409,0.046803,0.049659,-0.157895,0.019342,-0.158655,0.259711,-0.051827,-0.142290,0.202557,-0.164969,0.219202,-0.220242,-0.033214,0.359600,-0.151196,-0.090822,-0.012974,-0.810092,0.755293,-0.182988,0.093664,0.115000,-0.586591,-0.153862,0.142005,0.040200,-0.050421
0.055525,0.169429,0.026941,0.066770,0.295720,-0.141080,-0.056187,0.043071,0.574419,-0.171410,-0.267892,-0.159339,0.393934,-0.308074,-0.141711,-0.114459,0.028800,-0.276571,-0.251343,-0.528117,-0.212320,-0.167428,0.045551,-0.317698,0.119451,-0.077670,-0.021170,0.450626,-0.010062,0.136683,0.284258,-0.226696,-0.026251,0.310845,-0.216298,-0.226245,0.026053,-0.215508,0.022449,0.007913,0.159715,-0.172115,-0.269274,-0.049668,0.247880,0.007489,-0.105328,0.041255,-0.093867,0.079104,-0.086230,0.089606,0.190679,0.084008,-0.059326,0.180250,-0.459605,0.147951,0.186665,0.151616,0.133336,0.044804,-0.312010,-0.027064,0.160666,0.046232,0.054731,-0.384721,-0.150818,0.135060,0.113334,0.228299,0.024979,0.136156,0.330580,0.142704,0.088432,-0.055958,0.064271,-0.096099,0.086096,-0.014955,0.151986,-0.046030,-0.201068,-0.168350,0.245355,-0.104777,-0.124985,0.018000,-0.137646,0.017343,0.184459,-0.010944,-0.091614,0.226395,0.087827,0.167349,-0.111397,0.006962,-0.078754,0.022787,-0.158700,-0.186672,0.085757,0.046145,0.050985,-0.017511,-0.007445,0.178711,-0.196514,0.235033,-0.211937,0.185093,0.310710,0.154655,-0.211470,0.133225,-0.569610,0.807510,-0.278126,0.031732,-0.197166,-0.279493,-0.023258,0.025224,0.300900,-0.161292
-0.089068,0.238753,0.000213,-0.115489,0.448106,-0.247759,-0.140130,-0.064867,0.090919,-0.069067,-0.124817,-0.008228,0.350442,-0.357608,0.069357,-0.252822,-0.031084,-0.068837,0.305239,-0.028057,-0.139053,-0.161584,0.033885,0.080496,0.115871,-0.122098,0.209400,0.475129,0.046977,-0.219750,-0.072223,-0.045645,-0.002765,0.343301,0.101578,-0.087006,0.017392,-0.182251,-0.117851,-0.030671,-0.044899,-0.425769,-0.091674,-0.015945,0.026376,-0.194566,0.003956,0.068147,0.011147,-0.118917,0.061232,-0.258492,0.141258,-0.079775,0.133927,-0.026551,0.075181,0.050459,0.405198,0.055013,0.259256,-0.173119,0.130438,0.203090,0.033986,0.072978,-0.358124,-0.130842,-0.131638,0.102245,-0.212071,-0.153787,-0.258259,0.090428,0.027724,0.080852,-0.254203,0.030397,0.113782,-0.059930,0.166548,-0.111007,0.036890,0.129981,-0.071593,-0.318917,0.363295,-0.129863,-0.145928,0.156604,-0.099800,0.082138,0.252410,0.182205,-0.026749,0.343808,0.042009,0.093263,0.031862,0.137568,-0.136476,0.229799,0.109883,-0.065966,0.058028,-0.270704,0.044457,-0.338224,0.115222,-0.108287,0.103951,0.122144,0.145605,-0.168979,0.282037,-0.197841,-0.290172,0.136478,-0.449496,0.547900,0.106531,-0.149511,-0.160471,0.104249,-0.116189,-0.099819,-0.164921,0.024115
-0.066165,0.040774,0.037813,0.177522,0.130751,-0.203435,-0.141042,0.016675,-0.148801,-0.054829,-0.020758,-0.066273,-0.056709,0.191893,-0.308744,0.058451,-0.219895,-0.072384,0.008766,0.118085,-0.010831,0.315429,-0.068166,0.384865,0.266796,0.164883,0.126040,0.184426,0.160828,0.213055,0.025048,-0.056981,-0.208578,-0.070450,0.025552,0.195336,-0.082802,0.041464,-0.074934,0.053670,0.021769,0.276291,0.033406,-0.055506,0.157949,0.140969,0.077794,0.133891,-0.032923,-0.096049,0.080213,-0.282075,-0.222624,0.143578,0.288043,-0.033420,-0.021810,0.148846,0.089530,-0.106337,-0.083370,0.029656,0.116629,-0.297832,0.074273,0.151488,-0.105152,0.039951,-0.013409,0.341852,0.200368,-0.288787,0.008400,0.076528,0.017618,0.038631,-0.335698,-0.131120,0.224013,-0.028041,-0.053233,-0.115317,0.089838,0.022242,0.121361,0.164171,0.201713,-0.209485,-0.026870,0.059050,0.078072,-0.203901,0.216016,-0.075457,0.192975,0.077292,0.098204,0.236967,-0.457064,-0.036948,0.014865,0.127409,0.399923,-0.013307,-0.114538,-0.231952,-0.035343,0.280881,0.156480,-0.039075,-0.023117,0.336093,-0.131333,0.066779,0.004246,0.067817,-0.089570,-0.087879,-0.248562,0.175773,0.136084,-0.436634,0.048160,-0.069903,-0.093509,0.021890,-0.147689,0.169885
0.018177,0.049700,-0.020307,-0.102961,0.155873,-0.134235,-0.011915,0.044528,-0.274168,-0.127903,-0.100227,0.044955,-0.290732,0.384830,-0.114670,-0.013622,0.104467,0.085859,0.072279,0.070091,-0.236140,-0.096599,0.151914,0.087767,0.164538,-0.075019,0.144780,-0.020724,0.246181,0.011674,0.091032,0.010951,-0.268681,0.258297,-0.105085,0.131253,0.142744,0.031651,-0.096000,0.161842,0.136897,0.263026,0.000391,-0.121320,-0.051093,-0.073680,0.024197,-0.019771,-0.027100,-0.030195,-0.065099,-0.250994,-0.101081,0.000979,0.207895,0.024780,0.177539,-0.200854,0.081968,-0.071985,-0.196431,-0.083682,0.037938,-0.032814,-0.077006,0.090446,-0.293232,-0.007148,0.156318,0.121374,0.215005,-0.046841,0.023847,0.267768,0.065302,-0.037279,-0.013839,0.070992,0.160615,-0.007964,0.069281,-0.140030,-0.055261,0.093850,0.108110,-0.023718,0.012805,-0.124892,0.176761,0.271129,-0.082942,0.013668,0.174503,0.269840,-0.018638,0.065829,-0.031524,0.031745,0.002154,-0.034764,0.028071,0.114136,0.160043,0.050080,-0.031184,0.150911,0.032325,-0.043740,0.006664,-0.069582,-0.006689,-0.049006,-0.143397,0.056640,-0.218371,0.090779,0.123960,-0.114252,-0.172228,0.060538,-0.114716,-0.467785,0.012737,-0.085758,-0.067401,0.061305,-0.247532,0.040323
-0.059811,-0.043659,-0.064667,-0.088665,-0.145198,0.022260,-0.065551,-0.024378,-0.178500,-0.089203,0.112899,-0.214546,0.091797,-0.013985,-0.066718,0.001043,0.032515,-0.043976,0.060129,-0.095110,0.158921,-0.055131,0.041722,0.112182,-0.035076,-0.086460,0.018336,-0.027191,-0.070396,0.024001,-0.011591,-0.009340,-0.035423,-0.024243,-0.114152,-0.065491,-0.023927,-0.197733,0.097187,0.154576,-0.033555,-0.043664,0.063204,-0.083745,-0.109952,-0.073167,0.068135,-0.148026,-0.001122,0.016602,-0.015899,-0.004844,-0.040169,0.017521,-0.084806,-0.056785,-0.062120,0.010567,0.138639,-0.004319,0.143530,0.040063,-0.050348,0.030499,0.039307,0.051888,0.021798,-0.065706,0.020307,-0.117987,-0.077545,-0.020387,0.044906,0.094347,-0.134416,0.102036,0.058507,-0.002313,-0.058108,-0.053878,-0.050133,-0.066022,0.007256,0.017369,-0.025046,-0.077741,-0.010305,-0.105993,-0.015029,0.062064,0.036672,0.041352,0.098112,-0.429857,0.071600,-0.026074,-0.107581,0.027405,0.025397,0.019799,0.036028,0.043708,0.044702,0.011937,-0.012229,0.145222,-0.010803,0.041795,0.217081,-0.032038,-0.055617,0.137103,0.070597,-0.028838,-0.081533,0.133986,-0.031304,-0.110451,-0.032535,0.011775,0.086874,-0.119843,-0.009639,0.002407,-0.045153,-0.065366,-0.022580,-0.069472
0.003003,0.000718,0.001702,0.002390,0.005668,0.002200,0.001750,-0.001491,0.004038,0.000940,-0.000889,0.001733,-0.003531,-0.003073,0.004961,0.001562,-0.007350,-0.003550,0.000126,0.001622,0.002189,0.002023,0.001904,0.005593,0.000020,0.001786,0.002264,-0.000532,-0.002895,0.001035,0.000866,-0.000959,0.001277,-0.002602,0.001892,0.001762,-0.000347,-0.001731,-0.002280,-0.005089,-0.004814,0.002959,0.002120,0.001367,0.002526,0.001878,0.002060,-0.002802,-0.001245,-0.002602,0.002336,-0.003748,-0.000223,0.001263,0.005233,0.000322,-0.005360,0.002287,0.000412,0.000922,0.005435,-0.000740,0.000747,0.003096,0.000965,0.000819,0.001716,-0.004862,-0.001862,-0.001194,0.000709,0.000761,0.002185,0.000003,-0.001383,0.002849,0.000352,0.000321,0.002622,0.002082,0.003250,0.001969,-0.002044,-0.001357,-0.001733,0.000109,-0.001146,0.004084,-0.003680,-0.000694,0.001254,-0.001932,0.003632,-0.003589,0.001523,0.001254,0.000373,-0.000528,0.002594,-0.002400,-0.001042,0.002879,0.002660,-0.005806,-0.000680,-0.003032,-0.000508,0.000310,-0.003617,0.001771,-0.000242,-0.000346,0.003416,0.000520,0.004336,-0.000938,0.000173,-0.003017,0.000552,0.000700,0.001812,-0.000089,0.002055,0.001318,-0.000481,0.000173,-0.003862,0.003207
0.001567,-0.001122,0.001294,-0.002407,-0.002909,-0.002493,-0.003791,0.000969,0.001407,-0.000116,-0.001671,-0.001700,0.000304,0.003819,-0.001052,-0.000099,0.000584,0.002287,-0.001955,-0.000324,-0.004943,-0.002151,-0.000659,0.000404,-0.001521,0.000098,-0.000525,-0.000506,0.000725,-0.002592,0.001084,-0.000248,0.000184,0.001200,-0.001635,0.000350,-0.000234,0.002762,-0.000448,0.009851,-0.002796,-0.004431,-0.000920,0.003556,0.001711,-0.001326,-0.001179,0.000587,-0.001816,0.002386,0.000784,-0.006012,0.001212,0.000392,-0.009329,-0.001784,-0.001664,0.000590,-0.003639,0.000375,-0.002756,0.000841,0.000263,-0.001234,0.000012,-0.000225,0.000990,-0.000181,0.001014,0.001794,0.003875,0.000444,-0.001356,0.000164,0.002140,-0.004203,-0.002082,0.000730,0.004747,0.001520,0.002663,-0.000311,0.001418,-0.001300,-0.001466,0.001845,-0.000147,-0.004436,-0.000098,-0.000274,-0.000929,-0.003371,0.003459,0.003134,-0.000874,-0.000424,0.002259,-0.002116,-0.001776,0.000904,0.003159,0.004227,-0.003451,-0.000862,0.000035,-0.000827,0.004576,0.002226,-0.002308,0.001287,0.000386,0.001181,-0.002302,0.002006,0.002354,-0.000843,0.000788,0.007816,-0.000798,0.001434,0.001371,0.001096,0.000532,-0.005310,-0.001813,0.000078,-0.000566,-0.001273
0.003911,0.009072,-0.013918,0.016435,0.072734,-0.003037,0.015087,-0.009258,0.017497,0.008928,0.019024,0.023307,0.000703,-0.009253,0.020941,-0.011928,-0.019447,-0.006993,0.000456,0.010061,0.002313,0.007717,0.004634,0.025815,-0.012539,0.006571,0.009185,0.000040,-0.007621,-0.021544,0.004899,-0.007735,0.001410,-0.016159,0.012447,-0.012861,-0.004438,-0.010511,-0.001017,-0.010068,-0.018300,0.013728,0.011623,0.011267,0.003797,0.001624,0.006883,-0.016205,-0.007233,-0.012796,0.010060,-0.005553,0.005496,-0.000552,0.011652,0.026401,-0.003044,0.016511,-0.020437,0.001816,0.008635,0.011521,0.006944,0.009760,0.009819,0.011398,0.041889,-0.011173,0.006580,-0.017781,0.006684,0.004200,0.013597,-0.010328,0.005098,0.014268,0.010112,0.003033,0.021712,-0.001900,0.005660,0.001696,-0.004636,-0.002384,-0.001243,-0.015235,0.004409,0.014808,0.000438,0.015098,0.000502,0.000721,0.002373,0.006754,0.017641,0.023296,0.008993,-0.002264,0.010406,-0.009599,-0.010026,0.003499,0.012228,-0.035982,-0.020325,0.007220,0.005808,-0.016308,0.020690,-0.015711,0.003293,0.008559,0.004772,0.005029,-0.018960,0.009689,0.011044,-0.022523,0.008272,0.009894,-0.007304,0.002626,-0.006594,-0.001768,0.007490,-0.008501,-0.048669,-0.004536
0.138195,0.043296,0.010393,0.000592,0.296072,0.041806,-0.060500,-0.028937,0.013556,0.014421,-0.056082,0.092732,-0.083111,-0.009808,0.124918,0.047797,-0.052159,-0.085447,-0.007521,0.021395,0.192309,0.116206,0.028423,0.108763,-0.099600,0.088253,0.094301,0.037095,-0.090721,-0.099266,0.032042,-0.024612,0.078518,-0.096934,0.082936,0.010609,0.033356,0.015773,0.018260,-0.102774,-0.024279,0.168888,-0.035407,0.000883,0.070630,-0.053120,0.062398,-0.038227,-0.060656,-0.039347,0.083121,-0.083469,0.032130,0.048679,0.197343,0.016460,-0.063541,-0.082095,-0.053888,0.040512,-0.121002,0.014724,0.047940,0.003929,0.065876,0.072117,0.106498,-0.094664,0.000813,0.092751,-0.010771,-0.060927,0.105774,-0.110242,-0.044329,0.005340,-0.054530,-0.007971,0.090730,-0.015644,0.092784,0.055193,0.000460,-0.027567,-0.104275,0.014178,0.069574,0.211742,0.006083,-0.002993,0.050184,-0.022298,0.066771,0.094560,-0.093162,0.091285,0.091914,-0.061131,-0.026907,-0.048305,-0.085923,-0.011626,0.018134,-0.245422,0.020638,-0.025150,-0.027705,-0.066251,-0.007599,-0.021976,-0.001786,-0.053602,-0.062406,-0.016765,0.003017,0.032405,0.105154,-0.107730,0.044441,0.068260,-0.026669,-0.066712,-0.017111,-0.025586,0.005245,0.032632,-0.152827,-0.051976
0.029905,0.006534,0.004446,-0.086521,-0.303283,0.332747,-0.021588,-0.117585,-0.278667,-0.053999,0.080509,-0.063445,-0.015651,0.073212,-0.372748,0.291692,0.081935,-0.071238,0.178952,0.051271,0.012047,0.032279,-0.154258,-0.010873,0.050872,-0.275587,-0.029235,0.089835,0.025624,-0.093105,-0.053359,-0.032799,-0.159604,-0.230482,0.020521,-0.121080,-0.001045,-0.189601,-0.070148,0.308429,0.129771,0.066146,0.077971,0.127082,0.008749,0.042346,0.219768,-0.052663,-0.026478,-0.175740,0.088611,0.061069,-0.065807,-0.120705,0.171254,-0.077987,-0.171632,-0.124276,0.149998,0.121557,-0.002932,0.029903,0.206980,-0.071213,-0.301163,-0.020911,0.076153,-0.150766,0.176660,0.122080,-0.223555,0.105095,-0.014766,-0.298650,-0.341861,0.506121,-0.109203,-0.077496,-0.107252,-0.068601,-0.256067,0.112878,0.022647,-0.099246,-0.430469,-0.001183,0.454886,-0.067706,0.044549,0.053774,0.123105,-0.134846,-0.258421,0.345547,-0.082606,0.080708,0.067391,0.152995,-0.055748,0.155024,-0.021546,-0.126103,0.259538,-0.031351,0.116703,0.132019,-0.196720,-0.049313,-0.519985,0.154836,-0.021669,-0.392191,-0.008769,-0.198345,0.076810,-0.248371,0.067735,-0.158442,0.060516,0.075008,-0.047342,0.019712,0.050142,0.049761,-0.086051,0.011716,0.286219,0.119540
0.058641,-0.001318,-0.226036,-0.076420,-0.094122,0.205388,0.205106,-0.154793,-0.278441,0.078200,0.024837,0.075872,-0.154898,0.146517,0.070338,-0.111956,0.017826,0.135539,0.206091,-0.223645,-0.159062,-0.033000,-0.234276,-0.004298,0.186872,-0.232821,-0.187660,0.200277,0.160569,-0.075183,-0.008180,-0.231834,0.042628,-0.232739,-0.225787,0.118743,0.269890,0.251683,0.156199,0.167026,0.327827,-0.226056,0.004515,0.273303,-0.024335,0.188930,0.092528,0.106297,-0.218366,0.135076,0.363622,-0.595117,-0.052844,-0.099122,0.190901,0.031968,-0.123769,0.186426,-0.533049,-0.095206,0.149899,-0.192836,0.060368,-0.070762,0.325224,0.029915,0.180935,0.030287,0.109484,-0.012444,-0.069752,-0.188500,-0.019588,0.198410,-0.448150,0.110677,-0.014633,-0.174152,0.243681,0.059078,0.179074,-0.086897,-0.303414,-0.276862,-0.408304,-0.195620,0.197508,0.210861,0.167096,0.011814,0.035811,-0.172422,0.305123,0.394231,-0.110855,0.208699,0.008090,0.076295,-0.224626,-0.026763,-0.096146,0.432273,0.045470,-0.334519,0.189285,0.042591,-0.178130,-0.280595,-0.432818,0.189658,0.048586,-0.236918,-0.384836,-0.150323,0.149008,-0.199665,0.212956,-0.048093,0.305301,0.331027,0.407311,0.133408,-0.170409,-0.204169,0.121408,0.005400,0.391686,0.250878
0.077535,-0.046253,-0.093266,-0.358319,-0.047291,0.327869,0.033124,-0.241830,0.035220,-0.231867,-0.182935,-0.121167,0.080310,-0.175134,-0.034260,-0.047239,-0.178915,-0.056730,-0.118305,-0.017747,-0.063485,-0.172064,-0.480623,0.072855,-0.010285,0.090298,0.071825,-0.168679,0.118831,-0.000710,0.086600,-0.201586,0.340982,-0.467654,-0.632232,-0.038784,-0.114928,0.015742,0.320659,0.125444,-0.130181,-0.310352,0.076217,-0.042867,0.018234,-0.028127,-0.362017,0.024528,-0.150806,0.170475,-0.169626,-0.038134,-0.243956,-0.179265,-0.112556,-0.078505,0.060637,-0.083996,-0.136231,-0.091959,0.066850,-0.160103,0.167862,0.318666,0.383571,0.193974,0.206967,-0.266465,-0.158218,-0.430003,-0.059780,-0.046543,-0.037455,0.390806,-0.506921,-0.230262,-0.102246,-0.253468,-0.038826,-0.109079,0.059195,0.020924,0.079322,-0.132813,0.108642,-0.064006,-0.141651,0.027342,-0.113955,-0.090203,-0.061991,0.193781,0.286293,0.238497,0.137383,0.112346,-0.050009,0.110550,0.029181,-0.086601,0.075128,-0.018278,-0.013606,0.193044,0.153295,-0.105577,-0.090596,-0.040514,0.117934,0.145038,0.046386,-0.147902,0.142621,0.224184,-0.011963,-0.246634,0.132121,-0.140197,0.203922,0.264805,0.040424,-0.193543,0.185681,0.115108,0.109428,0.034304,0.155767,-0.071748
0.006417,0.046017,0.014516,-0.132839,0.012042,0.212674,-0.120163,-0.273069,0.180142,-0.377999,-0.029117,-0.289785,0.111398,0.027790,-0.280331,0.077964,0.044611,0.094772,-0.088075,-0.035780,0.090093,-0.183682,-0.133585,0.009187,0.279156,-0.130749,-0.156638,-0.081560,-0.236089,0.071259,0.047446,-0.046389,0.160996,-0.131648,-0.497205,0.171972,0.008576,-0.173721,0.099747,-0.033595,-0.076544,-0.022047,-0.076149,-0.286357,-0.111817,-0.166985,0.120111,-0.002440,0.044013,-0.132330,0.134575,0.076030,-0.293165,-0.193159,-0.133212,-0.430187,0.142244,-0.019650,0.108852,0.385042,0.045293,-0.075689,0.377310,0.026350,0.311266,0.478806,0.219161,-0.627280,-0.000501,-0.116547,-0.059734,0.175628,0.013329,0.246022,0.268520,0.006751,-0.043341,-0.286474,0.112126,0.128304,0.050308,0.065139,0.347285,0.226617,0.041160,0.122855,-0.094405,-0.198063,0.076198,0.100661,-0.359644,0.024421,0.341162,0.354740,-0.002030,-0.059527,-0.128179,-0.091839,0.181492,-0.067138,0.158046,-0.052051,0.125179,0.361471,0.032873,0.340202,-0.062048,-0.037959,-0.244524,-0.023027,-0.021748,-0.206334,-0.027098,0.183446,-0.148525,0.169183,-0.013945,0.116962,-0.085092,-0.055241,0.151160,0.127088,-0.067962,0.181675,-0.015306,-0.033228,-0.102980,-0.124813
0.280513,-0.042053,0.103084,-0.096526,-0.038934,0.435024,-0.091647,-0.073652,0.106923,0.250214,-0.050029,0.137997,0.352290,0.159321,-0.504961,0.223699,-0.091180,-0.044458,-0.222053,-0.010195,-0.040120,-0.064078,0.298315,0.001846,0.310363,-0.130753,0.027933,-0.017006,-0.179159,0.061080,0.009053,0.022057,-0.086305,-0.054698,-0.046302,-0.005602,0.362738,-0.202523,-0.056851,-0.325599,-0.287845,0.112571,0.076401,-0.691211,0.292634,-0.274327,0.305763,0.056756,0.286748,-0.399914,0.239957,-0.354727,-0.061723,-0.249680,0.057649,-0.240526,0.068247,-0.009734,0.165652,0.424387,0.360422,-0.182264,0.360353,-0.145306,0.359217,0.393549,0.438926,-0.336807,-0.055987,0.300984,0.121716,-0.172782,-0.150962,0.073054,0.413286,-0.068865,0.042904,-0.224430,0.039846,0.258672,0.215285,0.154290,0.094782,0.054802,-0.007416,0.183583,0.130922,-0.156857,-0.136964,0.030423,-0.181101,-0.210891,0.167298,0.627626,-0.128411,-0.282506,-0.031434,-0.278785,0.210329,0.015222,0.044241,0.103364,0.135857,0.313826,0.165144,0.037118,-0.108828,-0.234857,-0.620645,-0.019813,-0.061902,-0.337416,-0.238482,-0.150649,0.015336,-0.121046,-0.299694,0.419591,-0.026353,-0.310460,0.211106,0.309700,0.086922,0.112425,0.101188,0.028237,0.110443,0.000851
0.195620,-0.082733,0.147367,-0.277853,-0.222867,0.273169,-0.184476,-0.051922,0.118102,0.160999,-0.133136,0.027297,0.549573,0.375833,-0.400681,-0.021154,-0.087536,0.152307,-0.171785,-0.108098,-0.166999,0.004794,0.407333,-0.004210,0.151277,0.062642,0.118614,-0.211132,-0.140104,0.286453,0.055013,-0.195667,0.217645,-0.237627,-0.328826,-0.078102,-0.084492,-0.034743,-0.484235,-0.230629,-0.176072,0.205632,-0.090694,0.201077,0.156161,-0.040659,-0.054231,0.078115,-0.098461,-0.360902,-0.148674,0.056370,-0.063713,0.216802,0.175759,0.108547,-0.075006,0.013064,-0.006443,0.182687,0.243878,-0.073911,0.058272,-0.095509,0.342269,0.301195,0.332845,-0.104915,0.032602,-0.093658,-0.111510,-0.665374,-0.008511,0.146372,0.317896,-0.144575,0.096374,-0.181349,-0.045982,-0.120850,-0.039222,0.189593,-0.677693,-0.020816,0.367308,0.246039,0.129381,0.017211,-0.098470,0.091619,0.147282,0.049008,0.007012,0.222031,0.043615,0.276951,-0.154808,-0.016156,0.169009,-0.211705,0.115299,0.044909,-0.169696,0.300905,-0.291096,0.169813,-0.190486,0.027958,0.079317,0.121842,0.180275,-0.200088,0.087844,0.222403,0.025657,-0.165928,-0.127170,0.163059,0.001012,-0.107570,0.166884,0.153302,0.089933,0.260660,0.235070,-0.002044,0.298677,-0.056083
0.118477,0.077893,-0.011075,-0.245151,-0.112734,0.484308,-0.291965,-0.129410,0.164384,0.272760,0.173912,0.087351,0.579500,0.445026,-0.317369,0.052636,0.020845,0.021779,-0.087872,-0.136962,-0.159485,0.303920,0.309751,0.100318,0.080076,-0.203831,-0.043811,-0.068859,-0.320107,-0.054785,0.066696,0.053676,0.113393,-0.252697,-0.253408,-0.042776,-0.289804,0.037570,-0.578150,-0.178449,-0.178661,0.286760,0.052943,0.781171,-0.093994,0.184897,-0.059504,0.000728,-0.495351,-0.043595,-0.102332,0.119918,0.146342,0.534076,0.187285,0.291183,0.116365,-0.025717,0.191939,-0.156061,0.262543,-0.157836,-0.156944,0.265969,0.040885,0.147720,0.047202,0.182871,0.094705,-0.170397,-0.118460,-0.672444,0.101448,0.173951,0.249729,-0.112924,0.071337,0.062769,0.007186,-0.072756,0.054422,0.064243,-0.362677,0.193823,0.429230,-0.116388,-0.143320,0.256144,0.002732,-0.074388,0.403933,0.269160,0.255695,0.192393,0.171775,0.126285,0.072783,0.159758,-0.396283,-0.032109,0.037363,0.130203,-0.471944,0.304044,0.074944,0.133254,0.105203,0.037571,0.076149,0.129089,-0.043272,-0.096878,0.037947,0.132453,-0.080593,-0.050674,-0.015852,0.035971,0.124365,-0.085606,0.271417,0.065967,-0.194651,0.008820,0.007025,-0.184515,-0.032769,-0.092954
0.053756,-0.099019,-0.494730,0.093164,-0.097785,0.453236,-0.050997,0.035658,-0.118874,0.062830,0.226398,0.236959,0.522684,0.433057,-0.221921,0.091491,-0.059136,0.225347,-0.299433,-0.281811,0.171153,0.278244,-0.492833,0.244901,0.055381,0.175505,0.056257,0.073793,-0.387495,-0.040594,0.077204,0.134538,0.340214,-0.072056,0.014268,0.105442,0.052772,0.191667,-0.118678,0.117472,-0.191746,0.175217,-0.127158,0.408080,0.071204,0.161916,0.250463,0.005918,-0.238648,-0.270788,-0.113952,0.058939,0.166104,0.180100,0.251233,0.351887,0.172342,-0.186093,0.291535,-0.128546,0.246454,-0.160396,0.002704,0.431279,-0.034836,0.153303,0.260973,0.265198,0.194458,0.034496,-0.253422,-0.416027,-0.018414,0.030727,0.203483,-0.270934,0.185386,0.233384,0.159878,0.050352,-0.160268,-0.127480,0.676401,0.367130,0.331225,0.035254,-0.112070,-0.199844,0.115880,0.128467,0.041094,0.137336,0.182923,0.133952,-0.188560,-0.114070,0.217098,0.117975,-0.193964,0.103265,0.143769,0.049449,-0.266612,0.099863,0.078883,0.088047,0.068263,0.102640,-0.048618,0.042734,-0.033546,-0.227001,0.205270,0.061766,0.266476,-0.112630,0.010458,-0.153025,-0.021164,-0.242332,-0.070734,-0.201369,0.161796,0.131252,0.109179,-0.182019,-0.100742,0.372263
-0.037515,-0.003468,-0.526718,-0.402486,-0.027844,0.352841,-0.050068,0.163457,-0.005098,-0.234359,-0.024083,0.003850,0.593749,0.043522,0.241057,0.035665,0.296741,0.023819,-0.125502,-0.249245,0.166811,-0.190251,-0.503697,0.160602,-0.014858,-0.015907,0.191992,-0.097926,-0.120979,-0.082227,0.217001,0.091351,0.036774,-0.079986,0.119483,0.073595,0.142408,0.194484,0.562473,0.041284,-0.190305,0.114089,0.266693,-0.086563,0.012746,-0.014956,0.063588,-0.047578,0.046025,-0.302359,-0.044112,-0.113613,0.008377,-0.031101,0.015698,0.369620,0.257779,-0.134828,-0.058963,0.155015,0.176826,0.224878,-0.045843,0.074436,-0.451911,-0.126455,0.233485,-0.197302,-0.045151,-0.010521,0.091309,-0.408209,0.081864,-0.113480,0.192091,-0.254768,-0.094451,0.614756,-0.044479,-0.013726,-0.042039,-0.098442,1.291072,0.064452,0.425218,0.153107,-0.136270,-0.008446,0.284055,0.082720,-0.243426,0.264950,0.169328,0.217031,-0.246735,-0.203620,-0.085342,0.041114,-0.223014,-0.093911,-0.112298,0.016662,-0.382886,0.033896,0.065169,0.368022,0.094382,0.036312,-0.321745,-0.131057,-0.246805,-0.120985,0.197443,0.219630,0.331492,0.137400,-0.138164,-0.105030,0.141552,0.060201,0.259855,-0.051207,0.042080,0.054912,0.056686,-0.009714,0.143112,0.417642
-0.024309,0.090997,0.289754,-0.300588,-0.008303,0.363430,-0.144202,0.261613,-0.151050,0.197391,0.063816,0.152965,0.396533,0.106713,0.448881,0.006708,0.050044,-0.316113,0.033440,0.035538,0.189947,-0.157790,-0.516900,0.021665,0.073623,0.045330,0.085308,0.075803,0.110401,0.126684,0.207497,-0.126130,-0.015396,0.239229,0.302568,0.143384,0.201292,-0.095448,0.607188,0.085647,-0.027846,0.147454,0.262032,-0.890858,0.114144,-0.185968,-0.175465,-0.052497,0.396963,0.038841,0.014796,0.073548,-0.080710,-0.447317,-0.031371,0.294739,-0.201827,0.281536,-0.101258,0.207908,-0.208285,0.231886,-0.185413,-0.267161,-0.131141,0.034692,0.301879,-0.653756,0.089565,-0.084191,0.109161,-0.669922,0.008776,-0.060369,0.095870,0.128934,0.027433,0.243990,-0.214004,0.015615,-0.083369,0.111554,0.002383,0.038046,0.493902,0.031390,0.167802,0.064303,0.378276,-0.216682,-0.235919,0.109134,0.180991,0.180334,-0.142281,0.049841,-0.271572,-0.145264,-0.696959,-0.126294,0.121222,-0.074275,-0.436352,0.236576,-0.217942,-0.111172,-0.063701,-0.011446,-0.262311,-0.291094,0.052996,0.188676,-0.104573,0.013931,0.478253,0.382420,-0.066823,0.110349,-0.006686,-0.025333,-0.081007,-0.021624,-0.129603,-0.020181,-0.021883,-0.159037,-0.060818,0.245163
-0.045892,-0.084889,0.423146,0.129188,-0.073285,0.370867,0.001045,0.676407,-0.181996,0.167032,0.023339,0.141264,0.416351,0.057207,0.270261,-0.072025,0.049533,-0.004382,0.116846,-0.125860,0.273914,-0.041635,-0.053075,-0.027489,0.355065,-0.016724,-0.016822,0.207680,-0.019535,-0.167639,0.032780,-0.136704,-0.167713,0.495639,0.133282,0.219538,0.083843,-0.187719,0.158630,0.211148,0.055628,0.047895,0.106780,-0.395078,-0.199526,-0.075910,-0.247738,-0.190017,-0.017100,0.078052,-0.132102,0.160025,-0.427387,-0.593119,0.094845,0.287940,-0.045864,0.271792,-0.143428,-0.177484,-0.065926,0.184855,-0.387338,-0.416504,-0.018774,-0.128358,0.102294,-0.275581,0.131162,-0.160001,0.177401,-0.435529,0.060052,-0.172232,0.004105,-0.086391,-0.189401,-0.448559,-0.045897,0.111939,-0.027319,-0.137051,-1.010178,-0.002163,0.462600,0.194456,0.237143,-0.130009,0.089715,-0.183586,0.058438,0.105361,0.225305,0.065798,0.077938,-0.175903,0.202771,-0.335276,-0.190939,0.114394,0.352383,-0.012518,0.026966,0.253927,-0.024891,-0.155469,-0.039936,-0.253242,-0.187917,-0.054102,0.133887,0.169482,-0.004235,0.129620,0.365310,0.249890,-0.014190,-0.012710,0.005031,-0.004980,-0.118544,-0.065112,-0.074008,-0.173182,0.022351,0.032018,-0.221405,-0.061146
-0.082709,-0.069450,0.061040,0.158938,0.087840,0.546318,-0.031548,0.337255,-0.087339,-0.099205,-0.056474,0.152767,0.640346,-0.150112,0.305604,0.021192,0.189273,-0.003623,-0.092878,0.172939,0.155661,0.021767,-0.083944,-0.476106,0.354213,0.122509,0.113847,0.270127,-0.130971,-0.153178,0.245101,-0.079261,0.012713,0.412723,0.191533,-0.065883,0.040387,-0.020330,0.010372,0.188289,0.179766,0.092907,0.055766,0.105926,0.092491,-0.021542,-0.176308,-0.061756,-0.067065,-0.290918,0.008047,0.193548,-0.220190,0.190740,0.065425,0.197684,0.226507,-0.107852,-0.113149,-0.495256,-0.283099,0.274814,-0.146172,0.108874,0.301437,-0.078597,0.007628,-0.193607,0.004735,-0.184038,0.199819,-0.108403,0.270114,-0.016213,0.044741,0.057893,-0.209333,-0.814632,0.017332,0.107387,0.047796,0.301937,-0.469263,-0.098304,0.296286,0.273070,0.355114,-0.092745,0.190364,0.059140,0.415531,-0.665598,-0.112178,0.001714,0.131524,-0.296486,0.491286,-0.506201,0.553977,-0.100924,0.255917,0.088178,-0.005577,0.150711,-0.048071,0.079219,-0.096892,-0.514602,0.139707,0.047232,0.244148,0.061711,0.065530,0.356214,-0.095195,0.261959,0.080704,-0.075876,0.001984,-0.284380,-0.034272,0.101916,-0.069211,-0.012282,0.106537,0.077397,-0.115642,-0.234487
-0.123498,-0.187215,0.117910,0.070686,-0.033716,0.449803,0.095777,-0.569463,-0.199799,0.014543,-0.117213,0.073658,0.534509,-0.168428,0.375277,0.104627,0.118168,0.409934,-0.096451,0.010498,0.262465,-0.125776,-0.031119,-0.576726,0.160957,0.101920,0.118679,0.076152,-0.053244,-0.006543,0.065919,0.025771,0.086339,0.300705,0.025653,-0.057051,0.262979,-0.163892,0.198038,0.106721,-0.049305,-0.059369,0.029229,0.290625,-0.028426,0.023193,-0.073273,-0.083917,0.008453,0.250859,-0.081085,0.087593,-0.130728,0.734215,-0.055486,0.014558,0.122936,-0.478052,-0.140160,-0.445703,-0.165380,-0.060105,0.011085,0.070931,-0.015032,-0.162992,0.103596,0.096836,0.060723,-0.179732,0.114889,0.361879,-0.036339,0.067573,-0.139834,0.108130,-0.087167,-0.388394,0.075238,-0.079609,0.083846,-0.033077,0.172881,-0.177528,0.221026,0.372508,0.149523,-0.186052,0.091811,-0.039616,0.206020,-0.654185,0.004112,0.005599,0.088722,-0.055438,0.204194,-0.239871,0.514937,-0.051666,-0.181494,-0.108510,0.283787,0.159988,0.184650,-0.078715,-0.002869,-0.183694,0.045453,-0.164922,0.249627,0.155548,0.068650,-0.098882,0.080599,0.097473,0.097317,-0.094133,0.266088,0.040738,0.087703,0.070220,-0.097570,0.017513,0.033145,-0.004892,0.103252,-0.066651
0.069264,0.194198,0.359775,-0.060648,0.062810,0.296458,-0.041642,-0.629203,-0.167624,-0.381634,-0.089956,-0.166122,0.417414,-0.049022,0.157849,0.142181,-0.090423,0.214483,0.043376,-0.144247,0.164639,0.074202,-0.180760,-0.753595,-0.154346,-0.006292,-0.034533,0.163920,0.021216,0.009912,-0.104026,-0.218747,-0.424658,0.209900,0.021107,-0.079412,0.024375,0.078387,0.249030,0.163249,-0.062351,0.015015,-0.230886,0.199267,-0.055972,0.166964,-0.006632,-0.075304,-0.085869,0.282951,-0.019881,-0.077836,0.261308,0.198210,0.079806,0.075881,0.052242,-0.093608,-0.210029,-0.228371,-0.267706,0.007849,0.103276,0.125780,0.289665,0.159626,-0.105408,0.301709,0.150082,0.013225,0.315063,0.329016,-0.142131,0.036858,0.193564,-0.034570,-0.171978,0.244410,-0.000586,-0.112555,0.016351,-0.078060,0.169326,-0.179590,0.018874,0.323596,0.119728,0.020454,0.073976,0.049227,-0.184720,-0.085115,-0.073730,0.072778,-0.114569,0.221080,-0.013599,0.003092,0.234293,0.098929,-0.106760,0.016477,0.526678,0.104727,0.086461,-0.258087,0.049906,0.382498,-0.021384,-0.047813,0.341659,0.256306,0.008716,-0.024204,0.206277,-0.105822,0.085576,-0.087521,0.316453,0.264722,0.185183,-0.154117,-0.150145,-0.156560,0.114597,-0.049786,-0.034326,-0.104798
-0.041568,-0.013924,0.253653,-0.263547,0.002004,0.338782,0.124455,-0.691734,0.318138,-0.284857,0.095436,-0.079226,0.386387,0.320191,0.019275,0.326845,0.164479,0.035612,-0.003763,0.004771,0.255937,0.105257,0.090151,-0.796475,0.257075,-0.054300,0.084374,-0.184136,0.136607,0.084147,-0.238525,0.017409,-0.216729,0.071026,0.012497,0.121972,-0.257541,-0.185677,0.217318,0.023359,0.078214,0.051807,0.067078,0.045104,0.114641,-0.014688,-0.122475,-0.313377,0.351348,0.002000,-0.154140,-0.001088,0.067675,-0.308660,0.191719,0.038793,0.046518,0.480406,-0.098025,0.108750,-0.040473,-0.053417,0.126385,0.279088,0.438202,-0.192756,-0.080973,0.300400,0.045598,0.105121,0.139076,0.170099,0.000342,0.047376,0.337245,-0.092142,-0.071721,0.212324,-0.072909,-0.039686,0.085743,-0.017924,-0.000828,0.074582,-0.029591,-0.221689,-0.073548,-0.006949,0.313926,0.021523,-0.025420,0.125576,-0.166786,-0.228758,0.211314,0.783807,0.415854,-0.071880,0.061143,0.036489,-0.097789,0.136185,0.429218,-0.090689,0.147798,-0.132211,-0.060189,0.506108,-0.007687,0.085392,0.048925,0.067799,-0.046131,0.096904,-0.115542,-0.428133,0.163783,-0.151688,0.371252,-0.031144,0.081888,-0.103867,0.209675,-0.083872,-0.008627,0.071770,0.038777,-0.169978
-0.177922,-0.114394,-0.357452,-0.065855,0.137351,0.408636,0.147052,-0.244585,0.230099,-0.292155,-0.190492,0.223365,0.337363,0.460605,0.114546,0.388158,0.297991,0.010576,0.011099,0.126623,0.241027,0.031842,0.025084,-0.492234,0.081769,-0.072128,0.098543,-0.433035,-0.012178,-0.253711,-0.030725,-0.114709,0.147461,-0.013291,0.117367,0.009047,-0.080241,-0.434005,0.081107,-0.051785,0.057755,-0.017265,0.279449,0.193042,0.002256,-0.225003,-0.117264,-0.137941,0.185975,-0.194615,-0.025221,-0.127586,0.037051,-0.388070,-0.126930,-0.018556,-0.021895,0.246432,-0.076188,0.162972,0.170191,-0.060647,0.288802,-0.091803,0.131856,-0.157840,0.021932,0.017025,-0.080506,0.165507,0.015337,0.534241,0.190208,0.110385,0.032483,-0.139359,-0.346272,0.268580,-0.059361,0.047548,0.282331,0.064888,-0.160273,0.086937,-0.148704,-0.894376,-0.011289,-0.178050,0.139864,0.206132,-0.013599,0.164664,-0.172548,-0.028147,-0.124079,0.572270,0.215585,0.091779,0.253765,-0.030450,-0.010709,0.337090,0.127218,-0.149462,-0.032886,-0.181824,-0.006472,0.273237,0.209656,-0.271797,0.319047,-0.115173,0.051721,0.053350,0.001509,-0.229110,-0.068508,0.191329,0.581295,0.368586,0.108736,0.025986,0.141654,0.247641,-0.107654,-0.173390,-0.061466,-0.120189
-0.255186,0.037530,-0.138566,0.124014,0.142654,0.107388,0.099164,0.166413,0.288584,0.216007,-0.065345,-0.139870,0.269047,0.207931,-0.216764,0.295136,0.218915,-0.203488,-0.023103,0.081067,0.315831,0.234730,-0.082030,-0.077726,0.139007,0.014417,-0.393305,-0.433491,-0.002242,-0.130919,0.097154,-0.003041,0.382231,-0.250918,0.044306,0.051506,-0.174538,-0.027120,-0.002148,0.041829,0.223200,-0.086613,-0.070912,-0.041707,0.147926,0.240968,-0.137210,0.131095,-0.116751,-0.363263,-0.018527,0.182287,-0.242515,-0.153448,0.223617,0.022978,0.001890,-0.589922,-0.163183,0.173662,0.036649,0.014816,-0.143227,-0.393500,-0.069606,0.039217,-0.152737,0.151186,0.002841,0.216155,-0.134935,0.288373,0.070565,-0.248835,0.076975,-0.101330,-0.182892,0.171356,-0.001449,-0.002555,0.165936,0.089325,0.067467,0.111697,0.080306,-0.269370,0.099072,-0.107620,-0.167500,-0.131261,-0.172456,0.083278,-0.106743,-0.101702,0.171418,0.410339,0.201010,-0.039275,0.269278,0.062440,-0.036620,0.042929,0.364797,-0.143454,0.098662,0.180295,-0.090661,-0.066772,-0.063305,0.076156,-0.015610,0.039883,-0.043561,0.061427,0.138535,-0.032775,-0.156801,0.123205,0.277439,0.878101,0.001455,0.042858,-0.146069,-0.535479,-0.082469,-0.303425,0.014680,0.124113
-0.150348,0.026556,-0.032889,-0.095779,0.029830,-0.205807,-0.138856,0.330706,0.238517,0.070292,0.081148,-0.372052,0.176302,-0.027127,-0.303383,0.584641,0.045812,0.206433,0.026766,-0.220433,0.437529,0.044653,-0.038501,0.200817,-0.043388,-0.341155,-0.306162,-0.759335,0.085370,-0.124916,-0.152882,-0.077028,0.564467,0.019440,0.059910,-0.192505,0.032043,0.065892,-0.192119,-0.011540,0.445065,-0.060695,0.396685,0.097450,-0.106624,0.032126,-0.001243,0.142625,-0.525604,-0.230613,-0.105094,0.182987,-0.450190,0.179272,0.049543,0.081273,-0.202021,-0.068782,0.087182,0.015596,-0.026112,0.167977,-0.207058,-0.352393,-0.112865,-0.111579,0.026050,-0.192389,-0.032965,0.020177,-0.165756,0.215714,0.005090,0.033831,0.226034,-0.104834,-0.211901,-0.230276,-0.124542,0.021972,-0.167066,-0.061384,-0.070571,-0.157854,-0.181227,0.018465,0.069554,-0.011184,0.137204,0.013539,-0.167228,-0.008306,0.045202,-0.128375,0.400046,0.168752,0.021826,-0.059286,-0.077900,-0.148261,0.108992,0.054211,-0.102387,0.080685,-0.114207,0.458619,0.015780,0.196920,0.033667,0.110264,-0.071422,0.004464,0.123428,0.052878,0.374565,-0.299202,-0.208319,-0.118096,0.030798,0.654819,0.107519,0.164194,-0.007762,-0.576930,0.162121,0.179070,-0.052071,0.075717
0.075859,0.057100,0.180228,0.047403,0.227239,-0.188361,-0.080914,0.039602,0.281477,0.463782,-0.297892,-0.108057,-0.056829,-0.169659,-0.267953,0.551909,0.277179,-0.062471,0.042215,-0.154480,0.277866,-0.094178,-0.163072,0.040407,-0.117330,-0.277764,-0.215874,-0.146491,0.091457,0.166303,0.038791,0.090445,0.063614,0.416622,-0.104418,-0.009313,0.447519,0.222864,0.028907,-0.136661,0.323551,0.181038,0.024793,0.121922,-0.003418,-0.043411,-0.006668,0.046954,-0.028885,-0.250331,-0.014458,0.007114,-0.493939,0.094726,-0.018642,-0.089566,0.252773,-0.022341,0.058763,0.403449,0.024543,-0.019333,0.097586,-0.121321,-0.312595,-0.037102,-0.210240,-0.227888,0.103183,-0.090874,0.135052,-0.002037,-0.111988,0.103276,0.092247,-0.177208,-0.139337,0.023665,-0.155187,0.008940,0.097079,-0.114292,0.037985,0.016571,0.031600,0.059872,-0.002717,0.201742,0.140722,0.002957,0.065939,0.013916,0.004401,0.025678,-0.092106,-0.070445,0.049797,-0.033537,-0.106310,-0.241312,0.195854,-0.194799,-0.399774,0.003420,-0.185207,0.107323,0.039863,0.193829,-0.257100,0.057705,-0.103303,-0.164491,0.010462,0.047518,0.194629,-0.121296,-0.130362,-0.146481,-0.348481,0.737851,-0.044423,0.022773,-0.114724,-0.413047,0.059558,0.264957,0.006943,-0.040347
0.191700,-0.031172,0.241465,0.053034,0.359031,-0.248416,-0.120018,-0.081861,0.307020,-0.072457,-0.152282,0.136626,-0.111855,-0.161015,-0.194105,0.082939,0.101707,-0.150021,0.107232,-0.019520,-0.131702,-0.198040,0.316796,-0.073028,0.025018,-0.222574,-0.064878,-0.131092,0.084211,-0.007591,0.317654,-0.178502,0.131510,0.638468,-0.239807,-0.074738,0.227177,-0.235339,0.014784,-0.094148,0.168864,0.208839,-0.104661,0.191620,0.133546,-0.037505,-0.093017,0.012648,-0.032444,0.097615,-0.101189,0.065459,0.029036,0.140870,0.040971,-0.235292,-0.429639,0.147381,-0.033968,0.134411,0.092085,-0.170449,0.039184,0.058587,-0.306411,-0.056875,-0.054427,-0.430382,0.055742,0.149765,0.274424,0.078296,0.047928,0.106395,0.031619,-0.109836,-0.052174,-0.018733,-0.203171,0.029584,0.126856,0.135613,0.157337,-0.042498,0.069832,-0.165580,0.288725,-0.106909,-0.081933,0.327875,-0.290111,0.014789,0.397721,0.134304,-0.113865,0.049009,0.288375,0.088617,-0.044741,-0.125690,0.111686,0.073899,-0.522952,-0.033951,0.222612,0.005589,0.127038,0.087069,0.018729,-0.024313,-0.129613,0.085497,-0.077103,0.047553,0.042093,-0.037297,-0.291677,-0.006173,-0.178262,0.814961,-0.434631,0.053693,-0.228184,-0.264060,0.053859,-0.007051,-0.028849,-0.162913
-0.169074,0.246902,-0.092060,-0.259570,0.368063,-0.184770,-0.104887,-0.074064,-0.289620,0.054098,0.053296,-0.025368,0.408687,-0.302166,-0.368687,-0.375009,-0.008516,-0.032542,0.037684,0.083124,-0.113674,-0.034208,0.074419,0.236502,0.345126,-0.117055,0.063775,0.113259,-0.127019,0.085819,-0.040595,-0.010438,-0.165477,0.438189,-0.072173,0.025862,-0.151110,-0.024212,-0.073699,-0.104458,0.434093,-0.049223,0.047371,-0.227756,0.085154,0.081056,0.164036,0.094436,-0.019220,-0.075566,0.141997,-0.185731,-0.056444,0.038518,0.290403,-0.230405,0.171159,0.096466,0.208553,0.091322,0.048727,-0.268868,0.074287,-0.050942,-0.161322,0.287310,-0.219386,-0.103856,-0.042845,-0.098624,-0.060937,-0.244284,0.036396,-0.133535,-0.143496,-0.132239,-0.044751,-0.069193,-0.163644,0.006185,0.053299,-0.262853,0.119642,0.161535,0.295948,-0.205767,0.085339,-0.099861,0.226916,-0.185844,0.016516,-0.100348,0.263894,-0.052711,0.014957,0.152577,-0.231233,0.174531,-0.043330,0.022799,0.101399,0.098465,-0.102516,-0.238931,0.138061,-0.291801,-0.088997,-0.015360,0.184536,0.076164,0.047172,0.189786,0.148597,-0.042559,0.143947,-0.153136,-0.150458,0.136262,0.023506,0.779604,-0.214556,-0.209314,-0.122625,0.178474,-0.216073,0.258215,-0.073818,0.103131
-0.237881,0.014690,-0.124719,0.041875,0.211459,-0.067481,-0.240257,-0.051839,-0.219865,0.168598,0.063953,0.068339,0.146665,0.175352,-0.365365,0.035083,-0.183937,-0.079032,-0.016717,0.046605,0.248178,0.264227,-0.325067,0.243105,0.273540,0.027769,-0.063095,0.053497,-0.006718,0.133327,-0.062967,-0.045997,-0.032899,-0.012003,-0.017187,0.098642,0.109861,0.148774,-0.138436,-0.344304,0.543308,0.175113,0.095244,-0.196557,0.107075,0.145880,0.124282,0.089007,-0.196222,0.067178,0.241862,-0.202186,-0.164841,0.152772,0.180860,0.038572,0.082113,0.147396,-0.216030,-0.021096,-0.286719,0.101555,0.308470,-0.217791,0.148585,0.118803,0.356718,0.071636,-0.066704,0.266544,0.158907,-0.140457,0.157396,-0.047536,0.184660,0.322562,-0.330067,-0.235315,0.037820,-0.035631,-0.068101,-0.222866,-0.002277,0.045532,0.195665,0.135022,-0.305901,0.051156,0.200685,-0.161176,0.017690,-0.145143,-0.032584,-0.260025,0.139963,0.267814,0.166171,0.467802,-0.494832,-0.136504,-0.065222,0.124241,-0.103452,-0.158091,-0.115621,-0.144945,-0.049276,0.147182,0.186956,-0.005428,-0.050089,0.340024,-0.129781,-0.005683,-0.420497,0.166290,0.171640,-0.369762,0.029630,-0.029055,-0.181266,-0.206312,-0.109178,0.118817,-0.103639,0.162137,-0.179779,0.117874
0.001822,0.075222,0.007972,0.061722,0.155039,0.083725,0.030455,-0.043536,0.086348,0.139871,-0.157780,0.168126,-0.238468,0.178615,-0.092695,0.050153,-0.091747,0.003591,-0.094239,0.049855,-0.079431,0.083327,0.073359,-0.089836,0.086782,0.023875,0.036339,0.149322,0.008666,0.022316,0.182249,0.009167,-0.155955,-0.032033,0.000878,0.165057,0.114942,0.143616,-0.101392,-0.052564,0.340028,0.301510,-0.043250,-0.056461,-0.041163,0.167478,0.090084,0.046794,-0.082689,0.094782,-0.090737,-0.170125,-0.123509,-0.080287,0.163328,0.101832,0.065468,-0.103065,0.009004,0.021343,0.000824,-0.099310,-0.113683,0.095616,-0.030992,0.047878,-0.081349,-0.046771,0.131679,-0.065455,0.145189,-0.139905,0.087682,-0.031719,0.119890,0.252247,0.089518,0.052948,0.189467,-0.010154,-0.188149,0.015312,0.068730,0.039600,-0.020666,-0.056536,-0.232670,0.069465,0.107668,0.051818,0.002959,-0.057848,-0.229705,-0.039844,0.084306,0.112639,0.067677,-0.110836,0.064164,-0.170040,-0.058005,0.022263,0.117928,0.106152,-0.089670,0.025784,0.173526,-0.160869,0.111354,0.079232,0.091337,-0.065009,0.011413,0.080637,-0.130686,-0.019912,0.193177,-0.449375,-0.117957,0.056331,-0.216933,-0.208335,0.012251,0.087673,0.033860,0.117105,-0.438024,0.059094
-0.069864,0.026397,0.001965,0.021017,-0.069495,-0.046155,0.011805,-0.016221,0.105531,0.013782,0.040879,0.026798,0.001556,0.020681,0.029544,0.004344,-0.009269,0.044588,-0.006811,-0.004538,-0.100742,-0.020108,0.014140,-0.069802,0.094170,-0.032928,-0.019922,0.065190,0.002270,0.027859,-0.041462,0.027557,-0.056438,0.026167,-0.002462,0.039326,-0.041345,0.034179,0.009060,-0.087799,0.049787,-0.007237,-0.005190,0.013753,-0.041120,-0.025910,0.042659,0.051428,-0.022348,0.016107,0.029437,-0.000040,-0.001604,-0.020920,-0.005816,0.048230,0.074522,-0.008034,0.034448,-0.004010,0.033161,-0.004161,0.037060,0.028099,-0.065639,-0.000351,-0.069798,-0.037276,0.030162,-0.023301,0.018762,0.030110,-0.020299,-0.039503,0.023065,0.091673,0.035895,-0.007514,-0.041029,0.035145,-0.024190,0.023252,0.023056,0.065467,0.047598,-0.025561,-0.012283,-0.062525,0.079466,0.033881,-0.028976,-0.020199,-0.067738,0.004122,0.014968,0.034150,-0.002140,0.054434,0.025312,-0.000962,-0.026418,0.013917,-0.048501,0.165876,-0.053654,0.009391,0.032336,0.014403,0.049157,0.008902,0.078980,-0.016104,0.040250,-0.020701,0.009645,-0.073741,0.017116,0.033351,-0.031006,0.019736,-0.028283,-0.009839,-0.046430,0.030088,-0.016517,0.018468,-0.020611,-0.012414
0.001386,0.000270,-0.001764,-0.004022,-0.002619,-0.002755,0.001705,-0.001189,-0.002580,-0.005479,0.001037,0.000140,0.003689,-0.002999,-0.000481,-0.000628,0.001100,0.001582,-0.002979,-0.003908,-0.007758,-0.000423,-0.002215,0.001297,-0.000730,0.001597,0.000296,-0.000612,0.000953,-0.003093,0.001428,-0.000264,-0.002157,-0.000367,-0.003183,0.000125,-0.001554,-0.002407,-0.001161,0.014801,-0.001605,0.007273,-0.001355,0.004086,0.004483,0.001322,-0.004261,-0.001128,-0.002526,0.000613,0.003571,-0.001542,-0.001830,-0.002210,-0.011088,0.000877,-0.001286,0.002223,-0.000317,-0.000220,-0.006349,0.003748,-0.001271,-0.002471,0.001502,-0.000473,-0.000080,0.001067,-0.001018,-0.002401,0.002155,-0.004267,0.000742,0.002504,0.002210,-0.000810,0.002497,-0.000590,0.003388,-0.001535,0.000886,-0.004539,-0.001181,-0.001032,-0.005490,-0.002127,0.001867,0.000187,0.001040,0.003652,0.000422,-0.000299,0.003928,-0.005804,0.001000,0.001805,-0.000860,-0.003378,0.000185,0.001259,0.000258,-0.000119,-0.000579,-0.008532,-0.003058,0.000321,0.002928,0.002703,0.006552,0.000732,0.001078,0.001558,-0.004319,0.003131,-0.000346,0.004211,0.002047,0.012185,0.003052,0.001735,-0.000468,0.001096,0.000447,-0.003489,0.000067,-0.001794,0.000632,0.000468
0.002306,0.001713,0.000645,0.001561,0.001108,-0.000756,0.003638,-0.001643,0.001580,0.001282,0.002008,-0.000782,-0.001097,0.000797,0.001132,0.001208,-0.001881,0.000602,-0.001922,-0.000307,0.000069,-0.000237,0.000774,-0.003309,-0.000211,-0.000384,0.001674,0.002325,-0.000873,0.002076,-0.001833,-0.000734,0.001041,-0.001382,0.001473,-0.001342,-0.003078,0.001582,-0.000893,0.001032,-0.000524,0.001543,0.000957,0.001071,-0.000493,0.000179,-0.000397,0.001758,-0.001885,-0.000198,0.000781,0.001377,-0.000206,-0.001482,-0.001348,-0.000093,-0.002605,0.002974,0.002127,-0.002388,-0.001749,-0.001515,0.000600,0.001991,-0.000089,0.000210,-0.000258,0.000010,-0.001418,-0.000231,0.001748,-0.000559,-0.001220,-0.000793,0.001600,0.002771,-0.001427,-0.001826,0.001545,-0.000268,-0.002792,0.000927,-0.000682,0.000401,-0.000484,0.000033,0.001737,-0.000772,0.000741,0.000370,-0.000072,-0.002244,0.000733,0.003009,0.001670,0.000676,0.003213,-0.000536,-0.000874,0.000109,0.001699,-0.000406,-0.000200,0.000668,-0.002282,0.000487,0.000045,-0.000293,0.000890,-0.001023,0.002660,-0.000608,-0.001601,-0.000392,0.004863,0.000344,0.001812,0.003029,-0.001403,0.002397,-0.000094,0.000804,0.000764,-0.000769,0.000054,-0.002606,-0.001149,0.000334
0.000581,0.002603,-0.001974,0.001146,0.005086,-0.002295,0.003680,-0.000290,0.002328,0.000885,0.002238,0.002439,0.001809,0.000921,0.001686,-0.003645,-0.001338,0.002546,-0.005725,0.000283,-0.006090,0.000212,0.001682,-0.000417,-0.000424,0.000008,-0.000812,0.000331,-0.002065,-0.003519,-0.000889,-0.000024,-0.000201,-0.000420,0.001492,-0.003316,-0.001069,0.002759,-0.001806,0.004036,0.003046,0.004354,-0.004366,0.004003,0.001654,0.001531,0.000725,0.003552,-0.003828,0.000888,0.001164,-0.001712,0.000508,0.000326,-0.002287,0.002851,0.002680,0.003244,0.000973,-0.000356,-0.003764,0.001625,0.000553,-0.000681,0.001831,-0.001455,0.000757,-0.002999,0.000623,-0.001042,0.002289,-0.001194,0.000210,-0.002936,0.005498,-0.000731,0.000684,0.000627,0.004643,0.000618,-0.000363,-0.002314,0.000713,-0.000136,0.000766,-0.000040,0.005289,-0.002220,0.002293,0.001809,-0.000047,0.000620,0.001979,-0.001734,-0.000281,0.000326,0.000648,-0.001482,-0.001579,0.000400,-0.000978,-0.003970,-0.001231,-0.007859,-0.002761,-0.000885,0.001563,-0.000015,0.001029,-0.002838,0.003075,-0.002435,-0.001390,0.002748,0.001745,-0.001850,0.002338,0.006863,0.001449,0.002078,-0.003336,-0.000501,0.000157,0.001648,0.001460,0.000731,0.002888,-0.000462
0.007411,0.017011,-0.027693,0.011551,0.167616,-0.047658,-0.044834,-0.053284,0.026529,-0.029604,0.053783,0.077143,-0.034731,0.025222,0.031192,-0.041400,-0.057291,-0.039914,-0.007192,-0.003203,0.157354,0.057407,0.055941,0.048147,0.006847,0.046854,0.057346,-0.025709,0.020456,-0.035670,-0.014582,-0.006920,0.028272,0.000364,0.003229,-0.023449,-0.024279,-0.037316,0.013219,-0.090778,-0.019379,0.045810,-0.021073,-0.048091,0.014677,-0.035077,0.045604,-0.039692,-0.010758,-0.102082,0.026378,-0.086034,0.003982,0.028157,0.160560,-0.057348,0.014763,-0.022923,-0.031973,-0.009791,-0.066707,0.010840,0.009335,-0.036327,0.030458,0.019350,0.123961,-0.064840,0.003459,0.028508,0.036401,-0.021407,0.033374,-0.034970,-0.106859,-0.112004,-0.029711,-0.017231,0.063113,0.014127,0.097274,-0.035725,0.024802,-0.016107,-0.054534,0.083186,0.083491,0.115554,-0.018436,0.027279,0.049734,0.032595,0.049387,0.067922,-0.074655,0.073232,-0.024150,-0.030020,-0.028263,-0.015535,-0.004408,0.000844,-0.006108,-0.078714,0.038432,-0.039696,-0.018415,-0.048357,0.103497,0.035659,-0.033886,0.004016,-0.045811,0.012034,0.009467,0.138242,0.023511,-0.162887,0.026788,0.039528,0.018041,-0.059893,-0.006343,-0.063404,0.015622,0.019906,0.002369,-0.001376
0.046274,-0.006055,0.029443,0.031103,-0.272426,0.149818,0.066110,-0.013801,0.195222,-0.269571,0.177323,-0.002873,0.105947,0.116466,0.031226,0.168359,-0.012086,-0.069095,0.026828,0.054231,-0.224427,0.159187,0.008373,0.032677,0.268273,0.089139,0.135639,-0.003685,0.036774,0.145497,0.070214,0.037564,-0.174664,-0.267008,-0.009064,0.071616,-0.033896,-0.144621,-0.051673,0.285352,-0.264200,0.206945,-0.002894,-0.025920,0.170235,0.149216,0.119720,0.016446,0.039771,-0.081438,-0.026502,-0.095846,-0.153739,0.080050,0.078059,-0.098310,-0.085175,0.035418,0.339142,-0.299398,-0.008235,0.094252,0.048482,0.156045,-0.362981,-0.052957,-0.168105,-0.231912,0.078542,-0.216901,0.165968,0.079730,0.048939,0.167584,-0.516448,0.137314,0.042443,-0.064256,0.041689,0.063138,-0.248934,0.157127,0.038020,-0.017326,-0.406164,-0.003486,0.206764,-0.091527,-0.134677,0.129023,0.176947,-0.071047,-0.076794,-0.040574,-0.068265,-0.007323,-0.082657,0.119463,-0.135353,0.029448,0.016401,0.096863,0.027445,-0.005065,0.108654,-0.119747,-0.000786,0.319948,0.152496,0.414797,-0.032276,-0.060123,-0.118732,0.061526,0.195632,-0.000208,0.021365,-0.104349,0.104781,0.172023,0.022412,0.089177,0.155541,0.037812,-0.103183,-0.041932,0.247638,0.307515
0.156317,0.051561,-0.077997,-0.339853,-0.109631,0.404112,0.143461,0.046264,-0.207666,-0.004942,0.148321,0.197831,0.101602,0.036445,-0.020510,0.045097,0.181930,0.029993,0.297018,-0.027761,-0.184366,-0.144295,-0.056083,-0.043533,0.251576,-0.293809,-0.232953,0.134891,0.247343,-0.109848,0.008736,0.048000,-0.143736,-0.398353,0.188830,0.038173,0.195621,0.191837,-0.052599,-0.040255,0.038649,0.297880,0.341053,-0.000106,-0.121039,-0.127351,0.073412,0.077114,0.006275,0.113894,0.160759,-0.110112,0.001514,-0.055130,0.246193,-0.158852,0.019253,-0.134031,0.102406,-0.147960,0.307835,-0.191776,0.038373,-0.002750,-0.101204,-0.038123,-0.071167,0.047144,0.136123,-0.103757,-0.044704,-0.130345,-0.013899,0.223423,-0.550472,0.100215,0.055007,-0.078545,-0.042135,-0.071249,-0.243654,-0.102053,-0.094027,-0.108655,-0.342532,-0.125553,0.278041,0.467336,0.015299,0.128548,0.083892,-0.101756,-0.193151,0.063752,-0.259585,0.108894,0.071389,0.013751,-0.099711,0.140724,-0.077868,-0.092673,0.128090,-0.376115,0.204198,-0.010668,-0.100372,-0.144273,0.020969,0.232543,-0.058453,-0.130075,-0.308716,-0.443490,0.083078,-0.114575,-0.064977,-0.128828,0.132118,0.216882,0.167218,0.172418,0.092027,-0.152730,0.111791,0.072263,0.417027,0.261729
0.463493,0.212526,0.145066,-0.235924,-0.046214,0.297337,0.058267,-0.142734,-0.119622,-0.087774,-0.000094,0.095932,-0.067476,-0.244504,-0.137109,-0.029029,-0.103016,0.075189,-0.049982,0.016877,-0.088568,0.068434,-0.302280,-0.016286,-0.099758,-0.036056,-0.199645,0.046811,0.067673,-0.043167,0.246591,-0.056249,0.114491,-0.420914,-0.078172,0.008640,-0.148055,0.406120,0.044383,0.027371,0.157522,-0.012011,0.050010,0.156155,0.232902,0.180554,0.021705,0.192353,0.032367,-0.168495,0.096614,-0.063215,-0.372135,-0.137282,0.121021,0.101819,0.100995,0.192394,-0.258343,-0.205465,0.142228,-0.031912,0.119420,0.157016,0.352492,0.132483,0.155500,-0.165840,0.111082,-0.188613,0.161560,0.201916,-0.146345,-0.094705,-0.184287,0.053122,0.190923,-0.396031,-0.155281,-0.048528,-0.042682,-0.045701,0.062076,-0.139373,-0.086367,-0.307947,0.321997,0.104633,0.340894,0.345809,-0.238775,-0.061618,-0.159482,0.300760,-0.300850,0.144723,0.068604,-0.151737,-0.240070,0.167717,-0.026952,-0.129866,-0.195279,0.140276,0.082654,-0.028125,-0.066313,-0.124862,0.127495,0.320182,0.309828,-0.162387,0.002690,-0.320309,0.248861,-0.484180,-0.046133,-0.099199,0.220888,0.001365,0.318637,-0.010595,-0.076477,-0.034762,0.193651,-0.100521,-0.229274,0.161038
0.128829,0.069511,0.087085,-0.230201,-0.142074,0.272856,-0.029442,-0.239041,0.078420,-0.039429,0.150032,-0.075074,0.057441,-0.303580,-0.323743,0.360794,-0.064656,0.033846,0.047825,0.050411,-0.072058,0.118725,-0.301020,-0.045874,-0.061355,-0.104745,-0.024151,-0.012191,-0.111982,0.061167,0.045634,-0.021332,-0.000871,-0.469244,-0.416333,-0.117246,-0.056448,0.139217,0.114789,0.160516,-0.255271,-0.236359,-0.024682,-0.381195,0.258734,0.101774,0.163182,0.076106,-0.007936,0.045460,-0.091628,0.018018,-0.378293,-0.132607,-0.159125,-0.270370,0.142003,0.071086,-0.279256,0.145854,0.100149,0.120945,0.146213,0.404699,0.301168,0.230941,0.293476,-0.347247,0.171771,-0.160781,-0.001794,0.183249,-0.168335,-0.311747,0.139050,0.040183,0.320799,-0.132064,0.016837,0.092806,-0.035248,-0.027773,0.270085,0.144922,0.117160,-0.261380,0.365135,0.293446,0.207153,0.216113,-0.194402,-0.000207,0.147786,-0.029190,0.018674,-0.038606,-0.094751,-0.133896,-0.007197,-0.039492,0.117841,-0.259904,0.303995,0.114538,0.291263,0.130088,-0.157550,-0.220609,0.206249,0.573506,0.134220,-0.007383,-0.052316,-0.255258,-0.172570,-0.193155,-0.072754,0.020040,-0.314878,-0.279477,0.198014,-0.291769,-0.082254,-0.191784,0.236343,-0.085676,-0.392035,0.079143
0.207432,0.069669,0.386296,-0.008738,-0.161018,0.027647,-0.186650,-0.179127,0.303782,0.001136,0.186359,0.016968,0.267967,0.128360,-0.213114,0.365494,0.092435,-0.157553,-0.165736,0.003034,-0.284139,0.048750,0.113739,-0.062960,0.075483,0.059610,-0.059507,-0.084821,-0.126554,-0.032457,0.192050,0.093785,0.133997,-0.077024,-0.363153,-0.204679,0.311039,0.108784,-0.140194,0.054798,-0.372893,0.101759,-0.261149,-0.323056,0.234696,-0.356730,-0.126988,0.186585,0.231981,0.004738,0.073006,-0.173453,-0.319678,0.268525,0.044719,-0.186616,-0.025474,0.160852,-0.084394,0.096108,0.348832,0.201475,0.171471,0.291126,0.283554,0.146541,0.398525,-0.453501,-0.075030,0.064248,-0.001180,0.157868,0.052622,0.002133,0.448703,-0.022701,0.213279,0.067202,0.327159,0.062448,0.158959,-0.006497,0.127493,0.007966,0.078439,-0.090858,0.439610,0.286957,-0.026755,0.323426,-0.229099,-0.203697,0.047870,0.164354,0.058394,0.020118,0.169617,-0.120816,-0.076469,0.007166,0.098566,-0.096803,0.052012,0.184432,0.357951,0.272755,-0.013376,-0.095883,-0.111397,0.315684,0.106540,-0.066088,-0.164494,-0.059905,-0.324458,0.062192,0.067287,0.296843,-0.077302,-0.027845,0.273703,0.021335,-0.181065,-0.076614,0.217102,-0.225106,-0.141514,0.185872
0.108600,0.161122,0.242323,-0.344604,-0.316121,-0.127420,0.028967,0.007496,0.068467,0.141327,-0.132918,-0.050198,0.423948,0.407557,-0.293151,0.395925,-0.109062,-0.037964,0.025206,0.051049,-0.004141,0.091570,0.230654,-0.072553,-0.058480,0.042571,-0.269341,-0.082031,-0.306447,0.013727,0.154706,-0.024042,-0.017378,0.266156,-0.172369,0.074059,0.053196,0.211936,-0.627354,-0.074764,-0.160573,0.050981,-0.082892,-0.125806,-0.045836,0.067470,-0.197748,0.279589,-0.184505,0.024728,-0.113963,-0.013148,0.115233,0.528611,0.048867,-0.248563,0.134787,0.222080,-0.111613,-0.012544,0.366584,0.039975,0.157908,0.060387,-0.034824,0.264533,0.156190,-0.077781,-0.014742,-0.001035,-0.310067,-0.447528,-0.045149,-0.161601,0.188459,-0.174044,0.037892,0.124855,0.081120,-0.170104,-0.067428,0.060873,-0.616654,0.203814,0.352124,-0.130037,0.428363,0.135973,-0.365575,0.098142,-0.026118,-0.078874,-0.172373,0.216683,0.076962,0.173798,0.228521,0.067118,-0.127075,-0.036082,0.062336,0.103285,0.169854,0.193030,-0.040128,0.222457,0.034404,-0.124434,-0.017940,-0.055357,0.180186,-0.031167,0.107820,-0.134398,-0.219718,0.078186,0.038379,0.193227,0.104258,0.046571,0.158228,0.171305,-0.139870,0.130195,0.282845,-0.025497,-0.061928,-0.079585
-0.077132,0.171244,-0.418802,-0.410460,-0.000068,0.119183,-0.199112,0.003994,0.041544,-0.088345,0.180885,0.065503,0.518367,0.258779,-0.257260,0.116616,-0.300893,0.160572,0.003906,-0.086267,-0.138633,0.106256,-0.080184,0.073323,-0.019260,-0.003923,-0.040579,-0.036536,-0.504717,-0.048608,-0.004526,-0.113874,0.146940,0.168133,-0.121812,0.018820,-0.112556,0.183531,-0.340219,-0.076145,0.116413,0.215807,0.010080,0.214959,-0.196627,0.195855,-0.070823,0.333848,-0.382889,0.184444,0.157108,0.068616,0.301965,0.483459,0.155084,0.002476,-0.080683,0.096154,-0.026696,0.154975,0.277954,0.148029,0.197393,0.233444,-0.157053,0.138748,0.070038,0.071362,-0.119798,0.174147,-0.063564,-0.469604,0.050774,-0.418808,0.113026,-0.109084,0.074186,0.206745,0.005112,-0.106159,-0.189852,-0.049217,-0.648425,0.264633,0.432362,0.118607,0.278890,-0.056801,-0.296292,-0.027306,0.104271,0.018175,-0.012453,0.471754,0.016353,0.004530,0.013913,0.181986,-0.195378,-0.163806,0.014877,0.085963,-0.154433,0.165174,0.086894,-0.062088,0.102228,-0.234888,-0.042041,0.256729,0.289907,-0.170270,0.226258,-0.151640,0.123181,-0.137748,0.013102,0.340306,0.140956,0.038325,0.375424,-0.032904,-0.107366,0.174304,0.023021,0.229437,-0.201103,0.041347
0.043492,0.038346,-0.730730,-0.151783,-0.021491,0.202471,-0.112310,0.187892,0.241900,0.096263,0.224866,0.165553,0.420009,0.121258,-0.370020,0.148036,0.091218,-0.071533,0.056304,-0.083769,0.041966,0.035856,-0.095935,-0.036790,0.090120,-0.043779,0.015956,0.143855,-0.172200,0.005540,0.409199,0.078505,0.208304,0.375338,-0.149778,0.229690,0.152881,-0.017560,0.168695,-0.095235,0.003554,0.052663,-0.365957,0.298195,0.083808,0.164281,0.002835,-0.041026,-0.033030,0.197613,0.009242,0.062136,0.034192,-0.008426,0.191784,0.135646,-0.066725,0.189915,0.163954,-0.554285,0.152150,0.078567,-0.273238,0.277803,-0.200751,0.179888,-0.046100,0.010741,-0.028739,0.325965,-0.115793,-0.543575,0.150447,0.046854,0.138528,0.112989,0.191234,0.667329,0.024726,0.020509,-0.039852,-0.263233,0.170627,0.203752,0.034244,0.189185,0.497242,0.302274,0.176405,0.145035,0.099168,0.335823,0.308750,0.194635,-0.079469,0.003971,0.345435,-0.308030,0.220176,0.043363,0.101552,-0.087976,-0.091780,0.098245,0.025416,0.101597,-0.002986,-0.298453,-0.289615,0.375057,-0.153816,-0.061795,0.017469,-0.054573,-0.061166,0.173456,0.151840,0.031686,-0.125612,0.143672,0.345360,-0.035466,-0.072749,-0.052458,-0.087157,0.114228,-0.120059,0.074697
-0.009014,0.023969,-0.242315,-0.321136,0.123618,0.337608,-0.003505,0.148568,0.208612,-0.319830,-0.082510,-0.207229,0.313446,0.086056,-0.260845,0.236481,0.341272,-0.193739,0.219740,-0.102358,0.297394,0.091192,-0.313126,-0.106342,-0.122412,0.106142,0.079120,-0.090245,0.007403,-0.184095,0.437760,-0.114362,-0.118142,0.175281,-0.310356,-0.160689,0.204458,0.151596,0.533721,0.068049,0.054467,0.207863,-0.142684,0.305131,0.030959,0.178276,0.078024,0.054455,0.106753,0.192101,-0.121253,-0.078708,-0.011563,-0.366218,-0.102889,0.382145,0.133244,0.041356,0.016125,-0.419286,-0.216818,0.155261,-0.120858,0.067173,-0.186986,0.122403,0.018395,0.161392,-0.038256,0.212323,-0.130981,-0.364733,0.226366,0.050769,0.001063,-0.181100,0.382304,0.497403,0.035199,0.013005,0.025201,0.016827,0.821904,0.012855,0.143770,0.292759,0.477082,-0.083118,0.040231,0.069841,0.040625,0.456322,0.003945,0.084700,0.054299,0.064860,0.054541,-0.115296,-0.562461,-0.125483,-0.125361,0.023848,-0.304510,0.061212,-0.359263,0.369573,-0.082565,-0.184433,-0.155130,-0.123337,-0.432330,0.144206,-0.043081,0.135957,-0.095143,0.209349,-0.008502,0.084918,-0.027287,-0.095466,0.311234,0.013678,-0.065235,0.055139,0.069989,-0.054026,-0.190222,-0.007720
-0.236321,0.177712,0.312458,-0.014881,-0.107847,0.220918,0.071566,0.238531,0.105798,0.090270,-0.110947,0.257172,0.255827,-0.041625,0.052150,0.064798,0.124808,-0.174181,0.212665,0.011647,0.255334,-0.041493,-0.520058,-0.349770,0.279428,0.019988,-0.045486,0.069917,0.077237,0.119946,0.237416,-0.012797,-0.195258,0.061000,-0.307330,0.062158,0.139649,-0.072740,0.334624,0.128855,0.031825,0.304552,-0.185188,-0.252546,-0.045769,-0.135086,0.121815,-0.064920,0.231290,0.279454,-0.074950,-0.154671,-0.469053,-0.713776,0.108029,0.396977,0.048221,0.211718,0.132117,-0.755351,0.003270,-0.086026,-0.038458,-0.047784,-0.166823,0.095340,-0.103963,0.401420,-0.116825,0.038730,-0.370793,-0.270989,0.028010,0.049596,0.016832,0.050478,0.205062,-0.117202,0.102377,-0.026059,0.006165,0.059358,0.199192,0.041966,0.097139,0.092288,0.199742,-0.134873,-0.035631,0.131445,0.151391,0.540485,0.054875,0.056307,0.197737,0.290023,-0.026297,-0.172928,-0.684358,-0.202551,0.011186,0.326750,-0.286630,0.049459,-0.350460,-0.005775,-0.093316,-0.242382,-0.122630,0.048854,-0.308230,0.401668,0.140102,0.225796,0.001019,0.310115,0.042128,0.169228,-0.038871,-0.116463,0.159408,0.180987,-0.182811,-0.112564,0.134380,-0.107494,-0.252393,0.154690
-0.255942,0.071548,0.152983,-0.182564,-0.011659,0.048733,0.190094,0.718387,0.193157,0.027830,0.041996,0.165220,0.431342,-0.160758,0.253756,0.069955,0.244496,0.116982,0.275508,0.085755,0.219356,-0.071373,0.092116,-0.257974,0.236077,-0.011773,0.060105,0.101085,0.000236,-0.021528,0.178846,0.025916,0.020490,0.225263,-0.196672,-0.110331,-0.143940,-0.162261,-0.201162,0.119366,0.078526,-0.045060,0.152396,-0.035582,-0.061267,-0.233505,0.100757,-0.190100,-0.169160,0.085842,-0.097314,-0.236217,-0.207671,-0.249150,0.085601,0.242643,0.037604,0.247766,0.277441,-0.708908,0.033817,0.242327,0.027500,-0.203287,-0.195935,-0.119946,0.096894,0.532029,-0.016232,0.028007,-0.164418,-0.135052,-0.071575,0.018078,-0.153286,0.121921,0.155021,-0.682319,0.220174,0.059547,-0.108217,-0.121370,-0.477686,-0.192424,0.128033,0.110527,0.196989,-0.373883,0.159504,-0.052824,0.265066,0.116379,0.228271,-0.007168,-0.114298,0.027504,-0.135683,-0.037095,0.177636,0.120065,-0.016123,0.135771,-0.113336,0.277248,0.144788,0.192520,0.058188,-0.069556,-0.155574,-0.015974,-0.291304,-0.058527,-0.110125,0.044986,0.137424,0.345621,0.172577,-0.044129,-0.174172,-0.238359,0.075457,0.316682,0.024461,-0.055981,0.003444,-0.122912,-0.265723,0.052202
-0.047692,0.034902,-0.190503,0.050558,-0.037866,0.154909,0.110214,0.282420,0.076597,0.310672,-0.105135,0.114433,0.413054,0.009249,0.033488,0.062258,-0.000362,0.059296,0.128320,0.089758,0.170738,-0.017698,0.410019,-0.032146,0.250295,0.072839,-0.171437,0.206261,0.164334,0.020019,-0.118944,0.169613,0.061410,0.109980,-0.047043,-0.179060,-0.165424,0.008264,0.064678,0.172368,0.155681,0.160145,0.078257,0.155967,0.049332,-0.096436,0.208232,-0.005513,-0.048309,0.087734,-0.073945,-0.005358,0.044410,0.431456,0.063557,-0.380405,0.211184,-0.227451,0.165081,-0.373521,0.032850,0.182866,-0.045495,-0.379809,-0.184084,0.031266,0.103299,0.521039,0.070899,0.001861,0.144799,-0.194841,-0.102467,-0.352373,-0.350922,0.029460,0.027564,-0.748766,0.129168,0.152903,-0.312776,0.255543,-0.185208,-0.154117,0.230509,0.138022,0.202882,-0.275534,0.279220,0.168914,0.379939,-0.789297,0.144334,0.086565,-0.362981,-0.224989,0.064008,-0.098564,0.574978,0.224575,-0.004119,0.124838,-0.169987,0.204973,0.074582,0.053518,-0.180979,0.014215,-0.011153,0.006876,-0.079367,0.028034,0.153831,0.173060,0.053416,0.179382,0.187285,-0.017190,0.010248,-0.178495,-0.115765,0.204647,0.079032,-0.142404,-0.099914,0.264789,-0.356838,-0.047330
0.015049,-0.001253,-0.025852,0.204221,0.096592,0.029751,-0.012430,-0.788532,-0.175231,-0.083790,0.236632,0.158768,0.414446,-0.088025,0.079462,0.045392,0.165254,0.377389,0.127027,0.023253,0.154225,0.013271,-0.006192,-0.549912,-0.182285,0.176771,0.100387,0.126043,-0.041066,0.181849,0.008033,-0.067000,-0.391729,-0.103457,0.025344,-0.160927,-0.011586,0.002912,0.273805,0.155065,0.237445,0.111802,0.109632,0.274956,0.013413,0.031254,0.102482,-0.056455,-0.307061,0.229555,-0.261539,-0.171891,-0.040629,0.696913,-0.001136,-0.063169,-0.200986,-0.403427,0.006341,0.201664,0.167327,-0.046243,-0.331997,-0.301766,-0.327911,-0.101616,0.155724,0.581208,-0.211056,-0.071478,-0.164699,0.051953,0.094087,-0.186017,-0.278436,0.075999,-0.167652,-0.331119,0.028578,0.057770,-0.142557,0.151043,0.031689,-0.311744,0.112268,0.379924,-0.038979,-0.355904,0.195104,-0.064726,0.096397,-0.251828,0.382895,0.064461,0.042320,-0.313933,-0.174357,-0.340777,0.056748,-0.180903,0.145211,0.113821,0.123155,0.163749,0.119687,0.046403,-0.022976,0.249509,0.079211,-0.116524,0.257345,0.079212,0.160215,-0.200643,0.126927,0.196417,0.376034,0.080006,-0.102328,0.078687,0.059776,-0.063900,0.086072,0.043027,0.051330,0.200912,-0.250171,0.138126
-0.198673,0.033563,0.213280,0.182561,0.176099,0.049093,0.033341,-0.716565,-0.016300,-0.082888,-0.309301,0.066622,0.553310,-0.043433,0.245611,-0.032862,-0.242654,0.250971,0.016115,0.092508,0.031008,0.021486,-0.000734,-0.802206,0.020937,0.126314,-0.113562,0.213339,0.255824,0.026223,-0.016611,0.119623,-0.088388,-0.380396,-0.194524,0.024305,0.116035,0.195029,0.253250,0.031521,0.181486,0.009599,-0.083728,-0.110972,-0.094023,0.063670,-0.049929,-0.043013,-0.110551,-0.267828,-0.059666,-0.140890,0.413085,0.309337,0.100160,-0.005545,0.084292,0.087203,0.016807,0.194671,0.169234,-0.050364,-0.163049,-0.271421,0.500680,-0.007741,-0.286821,0.514345,-0.088953,-0.208947,0.093526,-0.079153,-0.076932,0.152519,-0.030280,-0.128590,-0.200472,0.163540,-0.043585,0.026400,-0.125841,-0.072070,-0.166760,-0.164178,0.115007,-0.139674,0.156100,-0.036626,0.157532,-0.225701,-0.202103,0.202568,0.354053,-0.111444,-0.187788,-0.060076,0.083759,0.040434,-0.050648,0.053265,0.181568,-0.015192,0.212893,0.153148,-0.171707,-0.323608,0.051356,0.095228,0.070158,0.070404,0.446636,0.206926,0.061175,0.004305,0.241746,0.203867,0.130064,0.027146,0.166761,0.002516,-0.112212,0.095100,0.215339,-0.005565,0.082803,0.078537,-0.081236,0.065112
0.026681,0.009081,0.291732,0.243721,0.121576,0.134144,-0.085441,-0.471034,0.036807,-0.355304,-0.172347,-0.075985,0.379518,0.252615,0.135642,0.416129,0.051965,0.037412,0.064690,0.152231,0.107640,0.047458,-0.024581,-0.340146,-0.099887,0.092618,-0.127854,-0.151248,0.139741,0.071538,-0.033039,0.127817,-0.069546,-0.564202,-0.056125,-0.001993,0.402322,0.000723,0.086573,-0.026107,-0.070035,-0.067674,0.016822,0.064136,-0.111219,-0.298911,-0.116619,-0.112941,0.185907,-0.369988,0.266772,0.033731,0.429667,-0.347994,0.170103,-0.059077,0.111222,0.129341,0.044897,0.347437,0.117717,0.055000,0.019868,-0.256667,0.364572,-0.069947,-0.028142,0.205396,-0.061558,-0.021790,0.044440,0.036463,-0.087832,0.216879,-0.038716,0.037537,-0.456226,0.453253,0.078114,-0.093057,-0.191951,0.098679,-0.242345,-0.189060,0.129182,-0.655453,0.070996,-0.120109,0.188805,-0.012053,0.006769,0.055126,0.189784,-0.117546,0.069409,0.153818,0.161849,0.040441,0.055224,0.169586,0.200132,0.054333,0.031831,0.059550,0.039290,-0.182972,-0.118155,0.343095,0.163602,0.172877,0.266475,-0.000023,0.092041,0.112579,-0.084451,0.203362,0.196406,0.057764,0.506852,-0.092173,0.154442,-0.093132,0.274135,0.162913,0.171691,-0.038899,-0.178666,0.190782
0.159182,0.084257,-0.371534,0.074047,0.157927,-0.058068,0.174649,-0.266394,-0.142832,-0.128687,-0.029040,0.215514,0.537769,0.270390,0.050412,0.169862,0.081472,-0.138748,-0.027985,0.038224,0.161846,0.027743,-0.262232,-0.475504,0.013348,-0.016799,-0.134196,-0.173892,0.017667,0.130124,0.200196,-0.060164,-0.026965,-0.317066,0.057659,-0.029544,-0.120955,0.153587,-0.446425,0.006765,0.127846,0.008482,0.077782,0.025035,0.249950,0.102935,-0.151540,0.054598,0.253010,0.107140,-0.058686,0.120982,0.022896,-0.908608,-0.004389,-0.024236,0.060859,-0.349508,-0.150992,0.144181,0.001630,0.096866,0.035984,-0.130402,-0.072579,0.071127,-0.042653,-0.176414,-0.032149,0.183073,0.089013,0.185308,0.050406,0.047357,-0.007804,-0.022919,-0.343144,0.242696,0.051257,-0.126119,-0.331692,-0.027569,-0.249977,-0.193499,0.054756,-0.612676,0.193670,0.085429,0.093726,-0.032660,-0.052792,0.018965,-0.071746,0.052031,-0.140886,0.215482,-0.153538,0.149814,0.226924,-0.003555,0.282062,-0.085505,0.137659,-0.067435,0.396756,-0.306190,-0.122121,0.136550,0.191514,-0.025237,0.114888,-0.127790,-0.041293,0.141191,-0.195130,0.286799,-0.000342,0.180455,0.663193,0.254204,-0.148149,-0.028312,0.164462,-0.154823,0.107815,0.049968,-0.281042,0.044223
-0.002190,0.107015,-0.386088,0.125195,0.199324,-0.248020,0.038416,0.275502,0.040080,0.083538,-0.085239,-0.142326,0.441497,0.279373,0.203744,0.384250,0.299226,0.005483,-0.023753,0.244421,0.329999,0.152619,-0.011531,-0.153855,-0.121180,0.107978,-0.241767,-0.164980,-0.174568,-0.086190,0.028429,-0.129773,0.341096,-0.322324,0.319747,-0.055949,-0.140822,0.348612,-0.337697,-0.188489,0.217101,-0.044978,0.128681,-0.134557,0.220788,0.189534,0.035543,0.092327,0.103450,-0.039339,0.109800,-0.105768,-0.301858,-0.140899,-0.111981,-0.092790,-0.222727,-0.788176,-0.061388,0.173717,0.054435,0.232435,-0.099136,-0.196643,-0.022822,0.045703,-0.097532,-0.163754,0.013433,0.151421,0.096796,0.084564,0.268799,-0.079622,0.095692,0.037527,-0.076271,0.207344,-0.061282,0.009289,-0.139102,-0.042800,-0.082049,-0.039653,-0.039189,0.245921,-0.116737,-0.096223,0.146519,-0.095708,0.046020,0.122884,0.320883,-0.026375,0.253719,0.372106,-0.143858,-0.174744,0.235941,-0.158769,0.135604,-0.115563,0.149684,0.151860,0.391807,0.012714,0.010869,0.021637,-0.052683,0.132457,0.038232,-0.106376,-0.044016,-0.193952,0.118050,-0.102290,-0.104163,0.025158,0.653875,0.126214,0.228015,0.194044,0.160488,-0.510567,-0.135033,0.092459,-0.390317,-0.255932
-0.209627,-0.108548,-0.285685,0.052826,0.006557,-0.300612,-0.178688,0.259427,-0.054836,0.173219,0.391333,0.059247,0.117995,0.087775,0.051905,0.421820,0.107037,-0.059981,-0.028326,-0.177419,0.237340,-0.014604,-0.014050,0.119106,-0.029669,-0.191327,-0.134880,-0.340633,-0.098010,0.064970,-0.341238,0.201583,0.069098,0.179379,0.327491,0.025270,0.173394,-0.087725,-0.153063,-0.248202,0.264697,0.285174,0.378981,0.069110,0.098995,-0.074066,-0.006980,0.146680,0.141120,-0.241198,-0.130756,0.241200,-0.018082,-0.038469,-0.081325,-0.096221,0.154614,0.018753,-0.060242,0.226288,0.231604,-0.016517,0.018643,-0.039150,-0.302224,-0.221745,0.129955,-0.517762,0.125817,0.157476,0.067375,0.019173,-0.166082,0.061799,0.057293,-0.090878,0.054981,-0.131703,-0.123511,-0.071089,-0.038589,0.083767,-0.117924,0.052310,-0.226066,-0.178492,-0.074386,0.033837,0.043132,0.189688,0.006686,-0.423277,0.072977,-0.172533,0.166482,0.110042,0.059100,0.007737,0.295752,-0.102331,0.162064,-0.064283,-0.305053,0.364797,-0.080677,0.023896,0.105656,0.211079,0.206138,-0.157079,-0.139084,0.109943,0.139139,-0.158987,0.130213,0.096758,-0.180027,-0.123014,0.401130,0.004772,0.518065,0.123908,-0.140070,-0.757186,0.141394,-0.207461,-0.295705,-0.366673
0.021503,-0.045794,-0.189934,0.249938,0.188982,-0.127094,0.090777,0.366757,-0.019311,0.126707,-0.024135,-0.163541,0.024527,-0.112297,0.140151,0.016608,0.101919,-0.128574,0.198022,-0.093190,-0.006056,0.141676,0.160072,0.502470,0.075886,-0.125650,-0.278789,-0.464565,0.053426,0.272646,0.119156,0.135529,-0.382859,0.254823,-0.086356,0.025650,0.296435,0.193165,0.063226,-0.270946,0.157428,0.499933,-0.294684,0.240762,0.016516,0.149985,-0.109656,0.160637,0.081994,-0.090672,-0.176355,0.076910,-0.502198,0.027825,0.223740,0.005091,0.182718,0.187213,-0.081969,0.283688,0.111338,-0.069436,-0.001254,0.087062,-0.013734,0.120816,-0.279247,-0.352430,0.208052,0.020046,0.136408,-0.106307,-0.430851,0.147614,-0.235071,-0.003524,-0.204953,-0.063799,-0.176129,0.018240,-0.104484,0.038595,-0.038297,0.010270,0.197134,0.051948,-0.002866,-0.122349,-0.141802,0.162050,-0.216388,-0.232666,0.087775,-0.134158,-0.056634,-0.084970,0.009899,-0.040620,0.262351,-0.020722,0.338940,0.056760,-0.205577,0.211806,0.045744,0.145295,0.141253,0.131057,-0.004086,-0.261887,-0.132374,0.145173,0.022408,-0.008806,0.098022,-0.174268,-0.404488,-0.061619,0.392051,0.433512,-0.016180,-0.102625,-0.256600,0.029068,0.212461,-0.425014,-0.382735,0.016620
0.244499,-0.026950,0.145088,0.099513,0.091223,-0.066361,0.033519,0.039750,0.264278,0.066530,-0.052537,-0.031075,-0.113930,-0.051871,0.003184,0.177328,0.187454,0.056758,0.246237,0.043823,-0.138340,0.017097,0.034640,0.204118,-0.221819,-0.093888,-0.095471,-0.539715,0.001260,-0.152111,-0.058882,-0.112647,-0.076951,0.116089,-0.326828,0.054463,0.203752,0.039406,-0.032974,-0.063021,0.228377,0.378166,-0.265947,0.035084,-0.014635,0.370352,0.113173,0.086754,-0.159784,0.105785,-0.275068,-0.089048,-0.254647,0.112309,0.271833,-0.434956,-0.228620,-0.033137,0.190298,0.099517,0.177577,-0.176434,-0.173609,0.102689,-0.140530,0.089201,-0.490071,0.054851,0.226342,-0.240134,0.223035,-0.175302,-0.090586,-0.135139,-0.110100,-0.319675,0.156464,-0.048583,-0.056267,0.069103,0.047146,-0.005830,0.048426,-0.136706,-0.024583,0.130079,0.401339,-0.143284,-0.151855,-0.214259,-0.186905,0.042318,0.407786,-0.089941,-0.071992,0.008064,-0.021524,-0.090423,-0.056404,-0.241681,0.107581,-0.051337,-0.276753,0.079032,0.401013,-0.304112,0.254246,-0.130097,0.047609,-0.028866,-0.097229,-0.164216,-0.093692,-0.072002,-0.046578,0.058469,-0.070781,0.018769,0.360584,0.233155,-0.507346,0.147120,-0.075756,-0.113375,-0.068975,-0.074609,0.014275,-0.067068
-0.053037,0.260264,-0.158666,-0.136466,0.232030,-0.121303,0.021634,-0.130759,-0.220071,-0.056515,0.246934,0.220215,0.320218,-0.169640,-0.476966,0.008322,0.149860,0.000758,0.096828,0.130326,-0.259058,-0.022013,-0.021828,0.249035,0.116269,-0.041185,0.123350,-0.096908,0.039628,-0.162119,-0.188499,-0.126932,-0.151228,0.339048,-0.019782,0.124915,-0.035154,0.096234,0.037916,-0.036232,0.214402,-0.195771,0.204954,0.005272,0.169341,0.292861,0.156716,0.133276,0.124473,-0.002733,0.054153,-0.128998,-0.053255,0.224028,0.179280,-0.093727,-0.035251,0.113408,-0.001639,-0.090945,-0.064841,0.003755,0.021380,-0.250193,-0.249696,0.219878,-0.209620,0.029345,-0.026621,-0.000260,0.056302,-0.092221,0.113022,-0.120251,0.075707,-0.240695,0.243330,-0.288235,-0.109299,0.090378,-0.025461,-0.126590,0.135934,-0.206766,-0.077463,-0.114533,-0.196265,0.036913,0.102797,-0.278803,0.014198,-0.107838,0.044156,0.317765,0.168976,0.078630,-0.260120,0.277737,-0.430394,-0.034530,0.196129,0.029397,-0.072613,-0.145540,0.314428,-0.347664,-0.036208,0.281321,-0.072388,0.162015,-0.155773,-0.072825,0.058047,-0.065176,-0.000469,-0.085994,0.083025,0.101280,0.269478,0.092163,-0.276548,-0.004889,0.030774,-0.056311,-0.149674,0.307227,-0.145911,0.003670
-0.189173,0.169656,-0.173298,0.191563,0.271198,0.105844,-0.000476,-0.014735,0.034863,0.242006,0.117575,0.030290,0.125976,-0.028142,-0.379131,0.061401,0.039134,-0.147176,0.027850,0.095224,-0.039081,0.137937,-0.312826,0.085037,0.148281,0.029215,-0.079032,0.218933,-0.078903,0.236675,0.029539,0.003386,-0.064919,0.063573,0.122742,-0.050788,0.004965,0.174148,-0.033282,-0.337679,0.165797,-0.179890,0.108942,-0.049710,0.085148,0.188777,0.018657,0.139932,0.049997,0.141100,0.054454,0.195301,0.108733,0.195616,0.168141,0.100482,0.070741,0.211720,-0.307118,-0.057886,-0.127962,0.118722,0.202566,-0.095049,-0.090542,0.000154,0.325279,0.099183,-0.085067,0.126692,0.000620,0.153980,0.097823,-0.020328,0.162030,0.305337,0.098797,-0.397551,-0.069638,0.005563,-0.243103,0.043083,-0.045223,-0.114209,0.197415,-0.140699,-0.675929,0.005570,-0.021353,-0.383108,0.004026,-0.225801,-0.201358,0.230532,0.048746,0.163946,-0.008261,0.454986,-0.584204,-0.045328,0.079354,0.130690,-0.053218,-0.188048,0.099537,-0.172736,0.036523,0.466893,-0.450584,0.208004,-0.138464,0.411402,-0.011354,-0.046123,-0.204032,-0.014143,0.205805,-0.104401,0.148466,-0.085569,0.087634,0.134614,-0.046671,-0.039892,-0.117534,0.062190,-0.193972,0.236681
-0.031967,0.152151,-0.080281,0.128728,0.187180,0.106304,-0.013833,-0.069806,0.178728,-0.004047,0.027229,-0.044928,-0.285149,0.002015,-0.120656,0.129471,-0.092604,-0.083871,-0.031805,-0.034797,0.039543,0.094587,-0.034050,-0.273199,-0.029625,-0.009960,0.072398,0.170148,-0.073698,0.199570,0.170439,0.047597,-0.035393,0.030413,-0.063876,0.063238,-0.048887,0.075288,-0.005814,-0.117321,0.182533,0.027711,0.015632,-0.095865,-0.003689,0.151590,0.038579,-0.021627,-0.044209,0.076518,-0.148971,0.109341,0.014394,0.023084,0.093628,0.114804,0.080177,0.025411,0.055531,-0.019667,0.054048,0.050112,-0.164217,0.238424,-0.027987,-0.007563,-0.187989,0.006396,0.026258,-0.039186,0.129493,-0.067283,0.044455,0.084549,0.031361,0.183557,0.230727,-0.149018,0.027519,0.013517,-0.194947,0.101313,0.026929,-0.003023,0.043560,-0.140766,-0.187485,-0.109866,0.017233,-0.075787,0.044934,-0.100314,-0.149805,0.016679,0.031476,-0.000812,-0.088395,-0.076979,-0.160167,-0.102493,0.028081,0.046146,0.068623,0.247197,0.039237,0.036508,0.142094,0.164490,0.051854,0.244719,0.036884,0.006924,0.072014,0.046032,-0.062438,-0.145850,0.191131,-0.357916,-0.148443,0.031587,-0.005289,-0.179273,0.083590,-0.034311,0.019958,0.039822,-0.389508,0.115885
-0.014943,0.027182,-0.053136,0.016065,0.093224,0.031614,0.026447,-0.038361,0.004557,-0.015465,0.027409,0.022260,-0.101428,-0.005555,-0.025504,-0.018785,-0.046153,-0.010431,0.005690,-0.026519,0.148923,-0.025283,-0.014188,-0.084726,-0.015851,-0.049966,-0.018897,0.022855,-0.049638,0.040609,0.003847,0.014950,0.027237,0.020944,-0.043155,-0.022297,-0.019856,0.001619,-0.014810,-0.154099,0.101018,-0.026975,0.016278,-0.040257,-0.047446,-0.010252,0.044924,-0.045057,0.004473,-0.020524,-0.004401,0.039282,0.030711,-0.019427,0.091076,0.017866,0.035062,0.011483,0.032376,0.028432,-0.009812,-0.023886,-0.001441,0.023373,-0.010132,0.033827,0.007607,-0.014722,-0.001672,-0.023688,0.056174,0.023386,0.017758,-0.045841,0.008191,0.006745,0.011889,-0.005017,-0.035196,-0.001030,-0.014275,0.027084,-0.015231,0.007718,0.047892,-0.036180,0.022014,-0.021626,0.040625,0.011426,-0.026781,0.016271,-0.049154,0.059064,-0.033370,-0.013999,-0.041257,0.008341,0.029665,-0.041668,-0.035162,-0.013514,-0.006426,0.145571,0.029119,0.025948,-0.015364,-0.044779,0.060698,0.021169,-0.003022,-0.035571,0.054653,-0.017532,-0.047378,0.009934,0.017758,-0.211983,-0.065243,-0.000619,-0.035368,-0.035110,-0.022361,0.032111,0.013858,0.053544,-0.109012,-0.007418
-0.000086,-0.001155,-0.001515,-0.000018,0.003622,-0.001791,-0.000936,-0.000098,-0.003140,0.001286,0.001344,0.001019,-0.001001,0.000441,-0.000555,-0.001544,-0.000809,0.001724,0.000340,0.001183,-0.000398,-0.001992,0.000481,0.000321,-0.000500,-0.001538,-0.000134,-0.002165,-0.002068,-0.001612,-0.000464,0.001604,0.000986,0.002687,-0.000008,-0.001978,0.002209,-0.000092,-0.001030,-0.002344,0.001848,-0.002820,0.001086,0.000968,-0.000625,0.001470,0.001012,0.000124,-0.000291,-0.002924,0.000529,-0.002834,-0.000088,0.000477,0.001198,0.000278,0.002529,0.000488,0.001100,-0.000214,0.001183,0.001307,-0.000295,0.001091,0.000178,-0.000472,0.002154,-0.001032,-0.000426,-0.002408,-0.000363,0.002484,0.001636,-0.000909,-0.001102,-0.000131,0.001069,0.001339,0.000044,-0.001166,0.004238,0.000284,-0.000976,-0.002305,0.003295,-0.000259,0.003431,-0.000166,0.000355,0.000398,0.000247,0.000887,0.002121,0.004938,-0.002212,0.000219,-0.000234,0.000851,0.000917,-0.000212,-0.002168,0.000256,-0.001471,-0.002407,-0.000357,0.001088,-0.000701,-0.002442,0.000344,0.001740,0.001401,-0.000653,-0.000390,-0.000743,-0.001430,-0.001628,0.000572,-0.001728,0.002722,0.001458,-0.002549,0.001524,-0.000705,-0.000677,-0.001038,-0.000233,0.000716,0.001346
0.000138,0.002681,0.000619,-0.002535,0.000996,0.001614,0.001179,-0.000013,-0.002671,-0.000552,0.001987,0.000434,-0.002652,0.000386,0.001443,0.000724,-0.000583,-0.000127,0.001888,-0.002051,0.001535,-0.000724,-0.001317,-0.000287,0.002195,0.000176,-0.000687,0.001943,-0.002234,-0.001213,-0.000269,0.000541,-0.000837,0.002291,-0.001930,0.002118,0.000320,0.000303,0.000199,-0.004733,-0.001986,0.000548,0.001084,-0.002527,-0.000162,-0.000817,0.000830,0.001096,0.000817,-0.001278,0.001828,-0.001417,-0.000843,0.001360,0.001682,-0.000155,0.001117,0.000345,-0.000579,-0.002272,-0.003070,0.000421,-0.000412,0.000495,-0.000663,0.001996,-0.002636,-0.000082,-0.000906,0.000274,0.000916,0.000504,-0.001543,0.002291,-0.003284,-0.004150,-0.001951,-0.000008,-0.001476,0.000638,-0.000864,-0.000935,-0.001471,0.000176,-0.000965,-0.000170,0.001657,0.003232,-0.001324,0.002080,0.000652,-0.000518,0.003142,0.004717,-0.001169,-0.000180,-0.003303,-0.000249,-0.001047,0.000775,0.000873,0.000370,-0.000813,0.003093,0.002373,-0.001656,-0.002564,0.002498,0.002802,0.001723,-0.000452,-0.001438,-0.000807,0.001107,0.001369,0.002108,-0.001712,0.000116,0.002285,0.001525,0.000677,-0.002085,-0.000332,-0.000478,0.000172,0.000518,-0.001613,-0.001994
-0.001796,-0.000854,0.000337,-0.000007,-0.002989,0.000653,-0.000079,-0.000521,-0.002157,-0.000728,0.000005,-0.000995,0.000663,0.001270,-0.001083,-0.000303,0.000598,-0.001930,-0.000535,-0.003347,0.002340,-0.001049,0.000475,-0.004142,0.001144,0.000706,-0.000074,0.002682,0.001635,0.001238,-0.001798,-0.000675,0.002672,0.001639,-0.001064,0.000079,0.001698,0.000825,0.000218,-0.002034,0.003741,-0.004409,-0.001583,-0.003396,-0.000313,-0.000257,0.000022,0.000023,0.001783,0.001090,-0.001651,-0.000209,-0.001221,0.001530,-0.001088,-0.001303,0.001719,-0.001785,-0.001136,0.000540,0.001553,-0.000662,-0.001583,0.000975,-0.000335,-0.000919,-0.002909,0.003201,-0.000975,0.000675,0.001025,-0.000647,-0.001218,0.003254,0.000028,-0.002560,-0.002394,0.000159,-0.000380,0.000013,-0.000247,0.000218,0.002669,0.002261,-0.000179,0.000986,0.002643,-0.000602,-0.000370,-0.001759,-0.000312,0.000130,0.000428,0.002139,-0.002163,-0.000072,-0.001295,0.000493,-0.001439,0.000302,-0.001519,0.001333,-0.001357,0.006941,0.003024,-0.000367,-0.000612,0.000707,-0.000408,-0.000233,0.000437,-0.000476,-0.001115,0.000319,-0.000469,-0.000319,-0.001207,-0.000753,-0.001300,-0.000216,-0.000197,0.000562,-0.002049,-0.000898,-0.000204,0.002245,-0.000522,-0.004278
-0.008447,0.008340,-0.059513,-0.007188,-0.031766,0.011671,0.046724,-0.057417,-0.035292,-0.005360,0.079137,-0.005534,-0.043634,0.013961,-0.043897,-0.030387,-0.034771,-0.012269,-0.004440,-0.033375,0.054386,0.003994,0.034034,-0.060279,-0.005063,-0.034952,0.030608,0.007876,0.000249,0.075599,-0.005795,-0.021180,0.006498,0.013379,-0.049062,0.001922,-0.049121,-0.001873,-0.014268,0.013334,0.037221,-0.094734,0.063623,-0.027812,0.017182,0.041105,-0.008392,-0.006460,0.018527,-0.056346,-0.033585,0.010283,0.019430,-0.019187,-0.040414,-0.003680,-0.033793,0.063748,0.023178,-0.043476,-0.032467,0.017070,-0.020253,0.018790,-0.028025,0.017131,-0.019988,0.029642,-0.013500,-0.027538,0.030897,0.014355,-0.012819,0.017190,-0.042634,-0.083964,-0.037640,-0.019960,-0.004533,0.010387,0.007278,0.004243,0.006395,-0.010322,-0.012735,0.007848,0.054370,-0.047558,0.003979,-0.015507,0.019736,0.003549,0.051981,0.061305,0.029453,-0.052176,-0.048301,0.005166,-0.008287,-0.001867,0.034154,-0.006936,0.019930,0.079912,0.035095,-0.002905,-0.049516,-0.032859,0.040288,0.001888,-0.036651,-0.014983,0.008769,0.022536,-0.019484,0.055897,-0.028152,-0.056821,-0.044014,0.023680,0.067801,-0.053690,0.018621,-0.005383,-0.000908,0.011399,0.027702,-0.021453
0.143068,-0.051378,-0.030620,0.072882,0.120891,0.116030,0.045880,-0.104156,0.227128,-0.138035,0.220769,0.110806,-0.137895,0.023824,-0.041362,-0.005572,0.007599,-0.079763,0.010942,-0.114130,0.138744,0.180444,-0.076460,0.113255,-0.095302,0.139587,0.103805,-0.060041,0.024986,0.084057,0.112929,-0.033221,-0.117412,-0.152389,-0.128783,0.117491,-0.002318,-0.041998,-0.064848,0.101227,-0.414829,-0.088938,-0.064426,0.015633,0.101363,0.035635,0.100374,0.002786,0.083428,-0.190714,-0.021717,0.064305,0.049530,-0.078383,0.030483,-0.137030,-0.170324,0.178783,-0.064699,-0.240281,0.066599,-0.011782,-0.096027,-0.055306,-0.236277,0.043302,0.151474,-0.040324,0.049622,-0.091848,0.047979,0.075580,0.122821,0.070101,-0.386679,-0.044496,0.124139,-0.084850,0.055343,0.044647,-0.117292,0.134538,-0.056080,-0.175913,-0.127496,0.005113,-0.004352,-0.079934,-0.120782,0.025138,0.167580,-0.072785,0.029695,-0.060094,-0.027089,-0.028009,-0.234214,0.008507,-0.061820,-0.124640,0.007969,0.057023,0.059401,-0.026103,0.080803,-0.142627,-0.150195,0.120356,0.244126,0.121744,-0.038192,-0.026694,-0.056107,0.108092,0.072898,0.405271,0.054089,-0.009614,0.006188,0.349414,0.091362,-0.024790,0.100574,-0.111074,0.004388,-0.088824,-0.107768,0.219785
0.144476,0.075923,0.059122,0.072580,0.171397,0.210880,-0.098803,-0.101205,0.046604,-0.189441,0.271352,0.192146,-0.263461,-0.168956,0.370190,-0.120125,0.124362,-0.070364,0.079133,-0.183260,-0.001754,0.095445,-0.055096,0.054190,0.109800,0.001854,-0.264795,0.074758,-0.074781,-0.151563,-0.085176,-0.000291,-0.381966,-0.125729,0.232914,0.332980,-0.064138,-0.002703,-0.231155,-0.101646,-0.168320,0.369314,0.174574,-0.084947,-0.028228,-0.271547,0.207123,0.007121,0.049702,-0.217819,0.267087,0.219493,0.054343,0.049451,-0.086787,-0.150394,0.056883,0.059530,-0.129647,-0.152747,0.162078,-0.020684,0.016201,-0.021757,-0.059738,0.265053,0.279353,0.061968,0.133742,-0.057577,0.074895,0.091427,0.045225,-0.056312,-0.387465,0.176610,0.037631,-0.067381,-0.200987,0.122855,-0.057452,0.041353,0.011931,-0.045212,-0.153370,0.035168,0.137291,0.436141,0.064228,0.203520,0.097388,0.026062,0.085255,-0.009730,-0.033730,0.191398,-0.233609,-0.067558,-0.211340,-0.127441,-0.093235,0.016584,-0.001463,-0.116591,-0.076540,-0.130163,-0.028839,-0.027500,0.568511,0.177121,-0.043534,-0.012947,-0.132148,-0.063516,0.247311,0.456640,-0.006632,0.149985,0.106045,0.330954,0.293998,-0.096096,-0.100654,-0.221115,-0.023321,0.018869,-0.235475,0.129942
0.374349,0.118505,0.284103,0.332308,-0.416502,-0.084831,0.018888,0.113389,-0.106552,0.030195,0.369590,0.047169,0.101088,0.043040,0.099314,-0.217671,0.134220,-0.091339,0.107686,0.053722,-0.339470,-0.071040,-0.302804,-0.216343,-0.189278,-0.018489,-0.058776,0.226314,0.314348,-0.052398,-0.309297,0.046433,0.075432,0.300861,0.434638,0.068357,-0.341189,0.022960,-0.252008,0.033234,0.197960,0.176200,0.264917,-0.092285,0.133748,-0.075031,-0.107626,-0.106849,0.006909,0.017280,0.114147,0.038610,-0.151184,0.052776,0.043337,0.258841,-0.192959,-0.013085,0.449322,-0.369778,0.568415,-0.065573,0.063013,0.389414,0.301158,0.046020,-0.337194,0.091858,0.088329,0.185950,0.133055,0.267954,-0.054071,0.122076,0.190993,0.200784,0.389682,-0.128765,-0.183832,-0.039677,0.102814,-0.050880,0.082187,0.149616,0.142950,-0.363516,0.428368,0.102021,0.266451,0.099097,-0.009405,0.106259,-0.212140,-0.005894,0.076721,0.017229,-0.080269,-0.059102,-0.042408,0.147660,-0.047583,0.082269,0.173614,0.195847,-0.110224,-0.001167,0.087427,-0.203439,-0.009926,0.151366,0.192023,-0.227283,0.155327,-0.152058,-0.193597,-0.335032,-0.061387,0.095513,0.055129,-0.091832,0.300086,-0.147817,0.145314,-0.154952,-0.186993,-0.063328,-0.011191,0.266157
0.064768,-0.067724,0.544766,0.348090,-0.178807,0.058521,-0.232484,0.011074,-0.041717,0.311138,0.293576,0.072561,-0.114350,0.034809,-0.103187,-0.017954,0.041840,-0.091380,-0.104094,0.024822,-0.194986,0.048748,-0.369960,-0.200420,0.013637,0.140606,-0.021440,0.016000,0.133890,0.018728,0.130286,0.109808,0.274362,0.126992,0.181239,-0.080334,0.078785,-0.050944,-0.596238,0.162791,0.301281,0.166323,0.005885,-0.262744,-0.002511,-0.110883,-0.110114,-0.172148,0.006696,0.082496,0.030360,-0.119479,-0.283813,0.275991,-0.095907,0.036470,-0.206655,-0.007536,-0.029021,-0.106649,0.439577,0.097798,0.025371,0.292946,0.475392,-0.119476,0.096141,-0.162186,0.067051,-0.021756,0.144876,0.564221,-0.130416,-0.061207,0.192378,0.047910,0.187212,0.030857,0.003833,0.096564,0.087193,0.049725,0.132092,0.021966,0.231371,-0.240325,0.636997,0.330884,0.033110,0.014642,-0.111677,0.013415,-0.023492,-0.180547,-0.065724,0.030274,-0.073365,-0.000923,-0.367483,-0.030341,-0.141730,0.204472,0.129322,0.152875,-0.010798,-0.038004,0.018858,-0.119902,-0.028298,0.283892,0.313181,0.023478,-0.013705,0.045646,-0.012170,-0.190218,-0.040382,0.009288,-0.031281,-0.167023,0.216290,-0.183839,0.070239,0.018372,-0.000250,-0.265369,-0.315148,0.168469
0.001752,0.033693,-0.064364,0.033394,0.052261,-0.077535,0.034620,0.077441,-0.299430,-0.150398,0.499718,-0.183764,-0.089713,-0.223524,-0.179355,0.004855,0.028283,-0.078207,0.121048,-0.047404,-0.042095,0.395457,-0.185769,-0.095941,0.059942,0.311811,-0.063681,0.033806,-0.080580,-0.127476,0.020515,0.015548,0.023102,0.135200,-0.140056,-0.205846,0.212989,-0.003405,-0.722987,0.284143,-0.201782,0.215791,-0.111825,-0.552364,-0.021688,-0.022253,-0.279789,0.052039,0.211654,0.434878,-0.280933,0.346230,-0.234927,0.511838,0.055089,-0.139261,-0.211241,-0.042842,-0.133324,0.014915,0.306151,0.164065,-0.047966,-0.030094,0.295964,0.004725,0.116148,-0.335450,0.160615,-0.091243,0.048962,0.636405,0.000985,-0.124495,0.084552,0.032097,0.353447,0.252688,-0.064236,0.091727,0.057791,-0.044710,0.122318,0.080984,0.290817,0.033533,0.598053,0.087235,0.092720,-0.001487,-0.197182,-0.050088,0.064677,0.144425,0.116260,0.319055,-0.031793,0.256493,-0.258330,0.022747,-0.020121,-0.266023,0.238326,0.093588,-0.030017,0.073262,-0.102007,0.208329,-0.009140,0.202713,0.297934,0.136958,0.159428,-0.039918,0.063729,-0.091723,0.195877,0.084793,-0.193443,0.060921,0.222227,-0.236531,0.062423,-0.067154,-0.042229,-0.014292,-0.377144,0.168363
0.050570,-0.059063,-0.581179,-0.281300,-0.316826,-0.106965,0.038441,-0.135143,0.149871,-0.127478,-0.044241,0.245520,-0.052663,-0.396982,-0.336099,0.286507,-0.214252,0.054316,0.056432,-0.040817,0.198366,0.131187,0.139800,-0.113712,0.092389,0.172623,0.081126,0.059381,0.113254,-0.406721,0.029035,0.035869,0.094604,0.179430,-0.518635,0.157720,0.163262,0.100691,-0.476094,0.190238,-0.310163,0.013048,0.370568,-0.343314,-0.181374,-0.054264,-0.268289,0.093547,-0.002231,0.306786,-0.309497,-0.000128,0.150277,0.372017,0.088298,-0.134603,0.164680,0.315393,-0.008433,-0.126836,0.199851,0.093762,-0.082591,0.091099,0.183465,-0.077884,-0.076182,-0.107796,-0.084007,0.259918,0.005933,0.340987,-0.050891,0.008036,0.046689,-0.170323,0.269687,-0.012254,-0.183588,0.027397,0.056047,-0.135269,-0.547186,0.127929,0.010738,-0.175254,0.368803,0.196450,-0.468385,0.032979,-0.091420,-0.240749,-0.210528,-0.266916,0.192445,0.186125,0.103657,0.199844,-0.402796,-0.094813,-0.431700,-0.124094,0.312212,-0.051236,-0.147231,-0.079803,0.054820,-0.172856,-0.103875,0.099106,-0.125807,0.247591,0.262925,0.047130,0.130548,0.340594,-0.098475,0.126639,0.102778,-0.032696,-0.007820,-0.140182,0.017148,0.104067,0.071756,0.247445,-0.525301,-0.008249
-0.022233,0.076623,-0.806604,-0.478289,-0.309565,0.029227,-0.093637,-0.198110,0.089654,-0.009624,0.089602,0.124185,0.230521,-0.061277,-0.238489,0.194274,-0.284785,-0.166363,0.063239,0.072991,0.010704,0.182055,0.153356,-0.005161,0.323987,0.081136,0.183193,0.424582,0.183306,-0.067515,-0.006992,-0.045382,0.002328,0.370874,-0.097267,0.009393,0.108845,0.068432,0.134517,-0.072614,-0.078541,0.069377,0.207729,-0.064049,-0.209701,-0.103771,-0.343674,-0.016893,0.124557,0.303940,-0.014370,-0.150819,0.525276,0.143363,0.128327,-0.137491,0.069932,0.109018,-0.101780,-0.321883,0.054834,0.146708,0.057465,0.179515,-0.244352,-0.039438,0.105717,-0.380248,0.069771,0.182301,-0.176340,0.481240,-0.339585,-0.101067,-0.395855,0.141865,0.015879,0.265983,-0.183793,-0.090430,-0.217435,0.117843,-0.526586,0.468391,0.071111,0.125907,0.244256,0.165129,-0.540860,0.031620,0.112476,-0.059761,0.065187,-0.193834,0.191401,0.200229,0.087290,0.089538,-0.120569,-0.006926,0.001476,0.150566,0.130546,0.068903,-0.017735,-0.028305,0.107689,-0.137277,-0.086386,-0.008775,0.264466,0.201258,-0.081408,0.033876,0.222708,-0.064727,0.014581,0.212739,0.023738,-0.101834,-0.000418,-0.015428,0.060890,0.090795,0.259537,-0.036413,-0.375513,-0.236512
-0.105508,0.061504,-0.329696,-0.436733,-0.028348,-0.053646,-0.237182,-0.065823,-0.021626,-0.075544,0.105327,-0.215573,0.353704,-0.222878,-0.025876,-0.090817,-0.030754,-0.202868,-0.075869,0.277909,-0.060925,0.058535,0.264356,0.164226,0.045502,-0.098302,0.006126,0.203457,-0.015002,-0.004394,0.252083,0.076043,0.234395,0.493731,0.140857,0.057562,0.287961,-0.032901,0.604950,-0.227030,0.191839,0.080343,-0.235827,0.402033,-0.208135,0.038871,-0.033036,-0.149323,0.087836,0.246839,0.046208,-0.168606,0.420021,-0.291346,-0.018652,-0.211990,-0.029767,-0.140825,-0.189497,-0.501184,0.097403,-0.055141,-0.004959,-0.051751,-0.238815,-0.175590,0.104554,-0.015087,-0.118680,-0.058816,-0.099234,0.439646,-0.197908,-0.126024,-0.121033,0.244769,0.103683,0.844917,-0.116978,-0.076705,-0.233743,-0.025922,0.126094,0.183439,0.136670,0.363397,0.137429,0.333518,-0.345440,0.016604,0.047659,0.160059,0.390874,-0.021540,0.313247,0.067108,-0.410443,0.050493,0.306519,-0.000964,-0.062083,0.183915,0.074272,0.279651,-0.204525,-0.064446,0.038081,-0.338828,-0.305915,-0.055853,0.459453,0.263754,-0.180223,-0.171780,0.229717,-0.092812,0.111586,0.128267,-0.068792,-0.012878,0.388514,0.061927,-0.074782,-0.019156,-0.109936,-0.084183,-0.548407,-0.124605
-0.069402,0.064404,0.109995,-0.359076,0.017533,0.043426,-0.010703,0.072040,0.008050,0.003654,0.005030,-0.230138,0.093126,0.201795,-0.006960,0.181623,0.101244,-0.121853,-0.032254,0.021608,0.020823,-0.020667,0.105916,0.132628,0.057201,-0.046394,0.232478,0.018390,-0.081777,0.094918,-0.130397,-0.153037,0.433708,0.123190,-0.098434,0.038772,0.065233,-0.173036,0.720447,-0.196399,0.264962,0.055390,-0.253261,0.482606,-0.144901,0.076815,0.097604,0.041020,0.050077,0.239487,-0.096241,-0.004199,0.395268,-0.573114,-0.066886,-0.020667,-0.324960,-0.025830,0.019297,-0.625955,-0.041643,-0.262313,-0.125560,-0.035627,-0.003437,0.049293,0.172057,0.358603,-0.128361,-0.011501,0.085003,0.494446,0.116056,-0.096347,-0.385896,-0.082064,0.538785,0.326991,-0.067582,0.077526,-0.024161,-0.046495,0.333226,0.110419,0.239299,0.256876,0.510704,0.093690,-0.113047,-0.056940,0.032405,0.129539,0.424523,0.093129,0.276216,0.138040,-0.302407,0.171122,-0.057651,-0.042859,-0.281355,0.058163,-0.217914,0.221444,-0.153703,0.100677,-0.109940,-0.230066,0.039295,-0.324573,0.097455,0.142807,-0.200093,-0.089435,0.194558,-0.078164,0.224829,0.174265,-0.011993,0.057048,0.016118,-0.114234,0.020828,0.105516,-0.231161,0.150980,-0.237267,0.010168
0.003797,-0.065843,0.558710,-0.075088,-0.025739,0.132918,-0.018697,0.311191,0.060941,0.128028,-0.033699,-0.138060,0.085039,-0.294762,0.007617,0.121849,0.445649,-0.046215,0.121456,0.161221,0.129791,0.113239,-0.075153,0.101532,0.366355,0.055055,0.047210,0.033378,-0.193012,0.060994,-0.059780,-0.009153,0.365100,-0.017613,-0.198733,0.119703,-0.001079,-0.114523,0.063361,0.278404,0.364554,0.092637,-0.036885,0.285765,-0.000460,0.132854,0.092112,0.046328,0.046033,-0.008910,-0.199340,-0.117392,0.239917,-0.783579,0.106478,0.069574,-0.043115,0.316878,-0.071806,-0.129891,-0.215495,-0.273251,0.064663,0.159985,-0.000483,0.013487,0.199041,0.500998,-0.004497,-0.143543,0.077890,0.277159,0.377886,-0.013589,-0.363330,-0.116566,0.161489,-0.421423,0.153512,0.063616,0.066795,0.287149,0.459978,0.254681,0.005106,0.051791,0.333553,0.039845,0.239128,0.081266,0.028902,-0.282623,0.246027,0.045660,0.245252,0.209242,0.059892,0.112955,0.031180,-0.106206,-0.263360,0.054190,-0.342285,-0.035770,-0.560552,0.200173,-0.189675,0.061250,0.156791,-0.111882,-0.060247,-0.039981,-0.171714,0.126994,0.128386,-0.157881,0.270169,-0.086845,0.020584,0.033598,0.094486,0.010056,-0.153456,0.209333,-0.246510,0.134208,-0.423100,0.232274
0.087108,0.027278,0.242484,-0.292502,0.047191,-0.041653,0.204893,0.618778,-0.069432,0.262628,-0.253582,-0.032214,0.209788,-0.243341,0.142097,0.110617,0.377899,-0.142761,0.005481,0.232914,-0.009695,0.038430,-0.184117,-0.138716,0.213945,-0.039711,-0.061412,0.298828,0.026551,-0.038369,-0.011923,-0.011873,-0.181659,-0.037472,-0.134876,0.148464,-0.236643,0.146005,-0.113484,0.334873,0.198065,0.022746,0.311747,-0.163365,0.207180,-0.169451,0.070307,-0.227982,0.034515,-0.030670,-0.116761,-0.121076,0.447446,-0.348702,0.020823,0.238889,0.151408,0.209522,-0.000515,0.186079,-0.247321,-0.105134,0.142485,0.150559,0.192965,-0.044661,0.142706,0.500834,0.112650,0.127539,-0.073842,0.057353,0.165673,-0.050399,-0.329497,-0.231219,0.341839,-1.059537,0.009690,-0.171617,0.052699,0.055181,0.329058,0.258197,-0.003112,-0.112187,0.226461,0.041506,0.180891,0.173646,-0.030677,-0.601594,0.343465,0.069729,-0.064345,-0.018241,-0.215211,0.030133,0.248212,0.056667,-0.319649,-0.066827,-0.014773,-0.103998,-0.040633,0.309412,0.107730,0.166503,0.068651,-0.338263,-0.119085,-0.165654,-0.106784,0.084922,0.182038,-0.272914,-0.005409,-0.098581,-0.133092,-0.176219,0.079831,0.008167,0.123606,0.163454,-0.102664,-0.164197,-0.489204,0.018640
-0.100533,0.097670,-0.092583,-0.026312,-0.055259,-0.025628,-0.003977,0.585776,-0.202658,0.293608,-0.312529,0.174561,0.325925,-0.249928,-0.145435,0.036630,-0.012541,-0.175393,0.003396,0.190514,-0.049329,-0.271662,-0.275130,0.029401,-0.008144,-0.178447,-0.257945,0.128937,0.299112,-0.147058,0.116353,-0.007815,-0.081132,-0.108770,-0.213084,0.040140,-0.243410,0.169112,0.092274,0.386301,0.140247,-0.000996,0.190676,-0.039831,0.021930,-0.113724,0.251060,-0.051182,-0.087755,0.062818,-0.190934,-0.350852,0.335489,0.541589,0.230368,-0.046239,0.035701,0.306313,-0.166846,0.774030,-0.247671,-0.065823,0.198214,-0.133940,0.174820,0.146598,0.012966,0.660550,-0.013349,0.192136,-0.001601,0.145345,0.017518,-0.161290,-0.243684,0.169169,-0.052483,-0.720558,-0.211833,-0.134269,-0.181014,-0.072749,0.226595,-0.070320,0.133625,0.018356,0.026389,0.106377,-0.153200,0.066358,-0.127344,-0.121164,0.439581,-0.037349,-0.440065,-0.345145,-0.573417,0.061543,0.676658,-0.076411,-0.266683,-0.149973,-0.142355,-0.023579,-0.207477,0.080150,-0.073735,0.042760,-0.174880,-0.283828,-0.043256,-0.085979,0.077806,-0.174496,-0.032454,0.052916,-0.102895,-0.073047,-0.038662,-0.006618,0.171729,-0.026941,-0.149063,-0.278124,0.114383,0.013545,-0.364756,0.126745
-0.202152,-0.216967,-0.108403,0.200203,0.128370,-0.382074,-0.108708,-0.802684,0.023436,0.169539,0.068192,0.231550,0.453246,-0.143628,-0.009441,0.110381,0.110489,0.053152,0.103077,0.010086,-0.123651,-0.034642,-0.155012,-0.034002,0.251058,0.074399,-0.098869,-0.078369,0.211019,-0.168164,-0.029027,-0.160900,-0.260723,-0.146196,-0.144226,-0.128359,-0.220610,0.165986,0.378213,0.341103,0.049483,0.050098,0.474902,-0.088245,0.145412,0.144369,-0.032654,-0.026250,-0.007641,-0.147506,0.068364,-0.189686,0.219515,0.894377,0.153009,0.032778,-0.214280,0.078671,-0.113099,0.808833,-0.010471,0.067220,-0.096466,-0.114058,-0.157230,-0.075981,0.039458,0.174042,-0.117302,0.040863,-0.000672,0.136062,0.215440,-0.010865,-0.442484,0.120002,-0.179694,-0.225800,0.011867,0.035692,-0.035280,0.035326,-0.224310,0.042641,0.101550,0.281193,0.121945,-0.108062,0.014503,-0.044629,0.105430,0.432814,0.287881,-0.144243,-0.112852,-0.674711,-0.237672,-0.310634,0.133219,-0.140131,-0.094191,-0.113642,-0.184154,0.072142,-0.190347,0.067315,-0.042010,0.120033,0.118573,0.080452,0.048551,-0.115881,-0.070751,-0.115483,0.168338,0.038211,-0.015595,0.075594,-0.038772,-0.091340,0.074716,0.153594,-0.082195,0.003610,0.087525,0.271840,-0.241287,0.172932
0.054722,-0.046782,0.369343,0.131879,-0.200709,-0.336284,0.138206,-0.878668,0.155119,-0.050837,-0.572986,-0.032168,0.448561,-0.089282,0.095082,0.314029,-0.143893,-0.117601,0.180670,0.108889,0.127838,0.022712,0.051811,0.048730,0.152994,0.149103,-0.222821,0.305951,0.318156,0.009705,-0.006499,-0.001481,-0.193422,-0.077242,0.033809,-0.023882,0.056914,0.126109,0.287788,0.145281,0.011765,0.084478,0.053939,-0.233622,-0.011622,0.060929,-0.120195,0.169132,0.147531,-0.228713,-0.145303,-0.089194,0.532677,0.302191,0.177359,-0.062545,0.179587,0.564349,0.132438,0.596997,-0.090998,-0.022331,-0.068699,-0.241247,0.477859,0.090610,-0.204118,-0.031228,0.041714,-0.079914,0.017656,-0.203320,-0.075952,0.255861,-0.352904,0.020040,-0.179978,0.365473,0.234764,0.172429,0.055228,-0.158667,-0.198096,0.081390,0.119410,-0.471385,0.171943,-0.031464,0.084518,-0.129136,-0.009333,0.446316,0.126625,-0.140753,-0.181802,-0.808410,0.223084,-0.139423,0.110190,0.110595,0.154430,-0.266763,-0.148751,0.017100,-0.371592,-0.119389,-0.144252,-0.053110,-0.184457,-0.115895,0.009734,0.077994,-0.070173,0.012556,0.005155,0.196007,0.032341,0.104755,0.098183,-0.133969,0.062501,0.187016,-0.098928,-0.408879,0.215312,0.062802,-0.163321,0.124764
-0.057015,-0.003219,0.385997,0.569571,-0.129822,-0.291584,0.151151,-0.441703,-0.219782,0.171231,-0.403793,-0.079931,0.521237,0.416101,0.216994,0.321283,-0.162155,0.073934,-0.052578,0.375411,0.026038,0.008773,0.162360,-0.123346,-0.042411,0.009152,0.171047,0.214978,-0.065837,-0.011438,0.004522,-0.002199,0.002437,-0.149147,-0.030025,-0.093495,0.063530,-0.017258,-0.418183,0.073168,-0.155278,0.128843,-0.007561,-0.161288,-0.017842,-0.085261,-0.034246,0.063139,0.047716,-0.321835,-0.181884,-0.021780,0.237319,-0.536819,0.186492,-0.034935,-0.206227,-0.259554,-0.153877,0.291898,0.097944,-0.079691,-0.179229,-0.051534,0.362302,0.080888,-0.053345,-0.327011,0.048187,-0.294044,-0.349060,0.085274,0.121402,-0.081791,-0.198585,0.149871,0.042088,0.404995,-0.065910,0.002962,-0.030967,0.165788,0.134412,-0.121186,0.077624,-0.170382,0.016045,-0.170714,0.095729,-0.139004,-0.164986,0.036069,0.355677,0.021773,0.066746,-0.579287,-0.215565,0.018236,0.334792,-0.097099,0.123895,-0.098169,-0.099749,0.006832,-0.306457,0.038026,-0.045338,0.108835,-0.041303,0.018263,0.058608,-0.197798,0.093190,-0.103400,-0.008865,0.170277,0.010686,0.078218,0.305143,-0.250120,0.109894,0.106896,-0.002971,-0.354881,0.177971,0.057307,-0.358592,0.074432
0.304102,-0.141471,-0.528268,0.243296,-0.267334,-0.450761,0.096954,-0.385488,0.062205,0.305361,-0.363933,0.192782,0.303538,0.104515,0.194319,0.285428,-0.020798,-0.111184,-0.034684,0.015645,0.183171,0.252359,-0.286819,-0.404836,0.100386,-0.056002,0.136665,-0.100530,-0.039925,-0.033832,0.005207,0.047037,-0.126038,-0.269624,0.183911,-0.110803,0.160196,0.078084,-0.476843,-0.071768,0.089859,0.090484,-0.193722,-0.385588,0.196071,0.088310,-0.050052,0.047797,0.049009,0.250749,-0.186441,-0.112820,-0.264307,-0.881809,0.171585,0.209511,-0.131151,-0.542907,-0.044637,-0.167240,-0.313192,0.000882,-0.213372,0.072118,0.272024,-0.014192,0.017939,-0.158194,-0.130586,0.002267,-0.117816,-0.083777,-0.022060,0.036900,-0.142672,0.091623,-0.074281,-0.048164,-0.106589,0.097770,0.084076,0.214435,-0.097585,-0.063774,0.303065,-0.061220,-0.068652,-0.062141,0.036528,0.001832,-0.153563,0.183607,0.086144,0.213803,0.343848,-0.099411,-0.043651,0.156457,-0.027185,-0.220912,0.081432,0.025192,-0.082629,0.061496,0.443571,-0.157471,-0.089654,-0.009337,-0.059658,-0.338601,-0.181777,-0.031007,-0.153695,-0.134699,-0.125337,0.337256,-0.000995,0.388090,0.444027,-0.535726,0.140216,-0.207778,0.088431,-0.749336,0.031413,0.192270,-0.193860,-0.167547
0.147203,-0.118383,-0.589034,0.301410,-0.219880,-0.452114,0.123449,-0.011302,0.178522,0.356728,0.038148,0.166873,0.358886,0.162972,0.052862,0.089760,0.111118,0.013435,0.112971,0.148507,0.159698,0.013420,-0.043933,-0.292602,-0.013662,-0.179750,0.222278,-0.029736,0.038167,-0.133254,-0.153361,0.257664,-0.082412,0.072235,0.002382,0.019351,-0.164570,-0.013185,-0.228390,0.191210,0.190930,0.016031,-0.111365,-0.152059,0.301836,0.138798,0.016415,0.019460,0.175836,0.182306,-0.077852,-0.187380,-0.335528,-0.404838,0.155119,0.033342,0.031182,-0.440978,0.363037,-0.117244,-0.137745,0.000462,-0.158175,0.155495,-0.020182,-0.130698,-0.172008,-0.647932,0.030871,0.089455,0.144368,-0.224946,-0.030277,-0.059891,-0.278671,0.111283,0.199236,-0.082109,0.028241,-0.028017,-0.180192,-0.023308,-0.049147,0.218807,-0.063689,-0.192682,-0.045744,-0.227611,0.110425,0.246087,-0.180380,-0.177286,0.047124,-0.162032,0.085091,0.173189,0.005994,-0.181620,0.080934,0.028598,0.123267,-0.100495,-0.002663,-0.090899,0.413758,0.042185,0.048092,0.228410,-0.177699,-0.146055,-0.327515,-0.074992,0.134150,-0.092231,-0.148927,0.304665,-0.098458,-0.078950,0.547012,-0.506250,0.181436,-0.156136,0.110304,-0.493681,-0.051900,0.023918,0.134848,-0.101844
0.092372,-0.246012,-0.156489,0.207654,0.078410,-0.275873,-0.031146,0.125417,0.127434,0.216423,0.261260,0.183712,0.022289,0.147041,0.326578,-0.064178,0.098937,0.061421,-0.037011,-0.076310,-0.148634,0.128749,0.223228,-0.213677,-0.057238,0.022791,-0.038906,-0.211721,0.107609,-0.001070,-0.295774,-0.024227,-0.230036,0.221748,0.243233,0.283166,0.092349,-0.058621,-0.083293,0.026112,0.051695,-0.105908,-0.008429,0.202401,0.141266,0.060013,-0.203494,0.188397,0.130122,-0.220170,-0.127438,-0.003590,-0.001652,-0.098118,-0.012126,-0.222700,-0.063006,0.090411,0.105328,0.085568,0.402942,-0.173979,-0.138956,0.485940,-0.185133,-0.101322,0.011734,-0.351778,0.214333,0.319338,0.423714,-0.213857,-0.187831,0.266800,-0.395937,-0.007261,0.473963,-0.155641,0.012181,0.212312,0.086677,0.382746,-0.037808,0.130966,-0.116981,-0.238603,0.068961,-0.137937,-0.032107,-0.121069,0.010642,-0.362149,0.014539,-0.124429,0.263763,0.248344,0.073137,-0.060452,0.165976,-0.125451,0.250697,0.059635,0.193027,0.123109,0.176679,-0.292462,0.154976,0.256587,-0.227318,-0.139149,-0.113487,0.028894,0.493801,0.100632,0.055576,0.627541,-0.107506,-0.336560,0.537992,-0.314987,0.349768,-0.075419,-0.135578,0.003788,-0.050305,-0.054748,-0.076640,0.109398
0.098524,-0.088996,-0.221497,-0.076558,-0.071076,-0.068547,0.000161,0.397083,0.017305,0.164211,0.092351,0.089593,0.319668,-0.329509,0.100669,0.308693,0.004274,-0.006489,0.158735,-0.269737,-0.037183,0.065204,0.197605,0.113362,-0.264171,-0.091255,0.039513,-0.327283,0.079710,0.433443,0.021512,-0.032592,-0.227311,-0.013908,0.094002,-0.009582,0.162654,0.033491,-0.049746,-0.126391,0.097730,-0.161138,0.102561,0.164457,0.011440,-0.050382,0.073857,-0.011183,-0.070955,-0.110509,-0.080493,0.000596,-0.098522,-0.016993,-0.055955,0.010930,-0.055062,0.081770,0.007271,0.242519,0.012844,-0.065221,-0.216437,0.367297,-0.009353,0.103574,0.004992,0.010682,0.116096,0.197472,0.193163,-0.267339,-0.346630,-0.070609,-0.278749,0.099798,0.359489,-0.010887,-0.154751,0.095393,-0.144421,0.049115,-0.180975,-0.268695,-0.039730,-0.083576,0.096100,-0.129881,-0.166020,-0.366457,-0.055203,-0.160341,-0.232319,-0.143734,0.000074,-0.022465,-0.053469,-0.041507,0.215145,0.015261,0.241758,0.050587,-0.067205,0.101323,0.503597,-0.267839,0.158165,0.078617,-0.092309,-0.065677,0.004338,0.318570,-0.023645,-0.165375,0.011901,0.013125,0.106252,-0.020890,0.502690,-0.178654,-0.421188,-0.228775,0.017586,0.264877,0.097125,-0.164981,-0.104073,0.218908
0.212315,-0.027234,-0.049765,-0.161006,0.241992,0.217715,0.021045,-0.125256,0.061554,0.117622,0.184402,0.298443,0.234479,-0.252242,-0.123861,0.096941,-0.082370,-0.127291,0.082221,-0.041573,0.012998,-0.219725,0.058560,0.017971,-0.375624,-0.172455,0.177100,-0.202873,-0.136596,-0.161008,-0.130742,-0.140171,-0.147625,0.014566,-0.006397,-0.025749,0.071197,-0.101841,0.126746,0.054181,0.256250,0.477842,-0.058850,0.106358,-0.074754,-0.123777,0.190775,0.043423,0.066208,-0.215906,-0.220553,-0.103472,0.122283,-0.083774,0.194772,-0.155949,-0.301931,0.130120,0.024352,0.049758,-0.028112,-0.173278,0.129346,0.201417,-0.141204,0.099756,0.104150,-0.067965,-0.001902,0.026974,-0.019673,-0.020517,-0.001573,-0.473616,0.012260,0.013242,0.223247,-0.058800,-0.110241,0.020900,-0.094264,0.172799,-0.010043,-0.216395,-0.247699,-0.169674,0.174074,-0.045351,-0.157488,-0.107941,0.024590,-0.028918,-0.148243,-0.237258,0.076186,0.036698,-0.076453,0.100695,0.090971,-0.149011,0.166050,-0.215841,-0.167237,-0.258013,0.317717,-0.334935,0.113556,-0.252481,-0.079636,-0.242686,-0.053874,-0.172026,0.097777,-0.061034,-0.103611,0.087769,0.122578,0.153435,0.240683,-0.028159,-0.648808,-0.181765,-0.013012,0.131322,-0.013533,0.095616,-0.093492,-0.183729
0.183919,0.234675,-0.044889,-0.128866,0.176410,0.247840,-0.327496,-0.072217,-0.078157,-0.098951,-0.136144,0.202931,0.060666,-0.129862,-0.406603,0.256686,0.114699,-0.113844,0.130181,-0.046398,-0.150386,-0.038145,-0.107077,0.105144,-0.077047,-0.153273,-0.083467,-0.077967,0.211743,-0.303365,-0.125156,-0.057133,-0.126155,0.162666,-0.020648,0.214365,0.058869,0.237823,0.119243,0.043044,0.048555,-0.072463,0.131769,0.125687,-0.096222,-0.081318,0.127623,0.094603,0.206194,-0.046884,-0.002510,-0.012373,0.020262,0.167266,0.146445,-0.090916,-0.093357,0.207463,-0.051722,-0.152852,-0.098742,-0.099846,0.056733,-0.134591,0.008839,0.236070,-0.270335,0.126192,0.067208,0.166489,-0.279855,0.064263,0.087286,-0.144534,0.128985,-0.050561,0.248738,-0.258448,-0.102141,0.024424,-0.198984,0.102750,0.079795,-0.259414,-0.252114,-0.224093,-0.381817,0.296818,-0.035299,-0.101492,0.096915,-0.014414,-0.086867,0.158294,0.210918,0.063151,0.016008,0.196670,-0.342791,-0.091647,0.219268,-0.186265,-0.117520,-0.191700,0.197696,-0.219286,0.078812,0.061556,-0.158682,-0.001037,-0.147596,0.038474,0.221380,-0.068904,-0.067970,-0.187273,0.026676,0.028171,0.270468,-0.185824,-0.308779,0.016492,-0.032024,-0.055180,-0.017002,0.199166,-0.350674,-0.163925
-0.090098,0.068542,-0.259673,0.064650,0.170797,0.061323,-0.046622,-0.000914,-0.131399,0.061827,-0.068884,-0.122988,-0.012751,0.174836,-0.306882,0.057893,0.061242,0.033803,0.096354,-0.010413,0.038673,-0.098518,-0.283061,0.081102,-0.043221,-0.140952,-0.080879,0.058859,0.069039,0.212753,0.070503,0.098949,-0.148920,0.210404,-0.050484,-0.043912,0.110504,0.245057,0.099093,-0.091665,0.146712,-0.104835,0.061357,-0.008191,-0.109878,-0.038955,0.037475,0.030778,0.081117,0.129576,0.018133,0.128354,0.196451,0.040424,-0.177309,0.064778,0.143112,0.086823,0.039021,-0.063955,0.098664,-0.043544,0.181641,-0.048330,0.056766,0.067422,-0.049646,-0.012295,-0.035060,0.236130,-0.159470,0.184565,-0.013779,0.102832,0.153079,0.307190,0.138989,-0.369270,-0.065748,0.038592,-0.307358,0.057193,-0.156263,-0.099274,0.155106,-0.174307,-0.437153,-0.132042,-0.060998,-0.044207,0.045322,-0.247166,-0.075477,0.023669,-0.134909,-0.053216,-0.175325,0.316014,-0.398445,0.011058,0.164403,0.101989,0.024528,-0.020463,-0.047446,0.108383,0.021447,0.236268,-0.318346,-0.120929,-0.089492,0.276760,0.256636,-0.078607,-0.215702,-0.061162,0.006438,-0.040340,0.013551,0.031533,-0.008556,-0.028007,0.071643,0.051153,-0.055618,-0.086056,-0.408944,0.042104
-0.034905,0.125279,-0.075678,0.036705,0.250362,0.076947,-0.087849,-0.090864,0.248553,-0.076987,0.042941,-0.070976,-0.137150,-0.066378,-0.077335,0.105211,-0.087072,0.051724,-0.001714,-0.070753,0.126803,-0.035860,-0.099372,-0.242341,-0.100599,-0.114000,0.033056,0.006383,-0.010611,0.119315,-0.007658,0.096171,0.030734,0.061025,-0.057793,-0.037433,-0.106173,0.015763,0.014109,-0.126087,0.190734,0.073578,-0.077942,-0.110989,-0.110211,-0.049544,0.074534,-0.071609,-0.156418,0.035690,-0.060440,0.100737,0.021376,-0.043150,-0.036329,-0.006329,0.162325,-0.024562,0.188980,0.043121,0.008670,-0.023660,0.015431,0.159272,-0.082543,-0.033498,-0.206869,-0.002317,0.025394,0.000812,0.128820,-0.033154,0.016589,-0.153004,0.024360,0.087176,0.179454,-0.072464,-0.108928,0.061061,-0.029756,0.077976,-0.006862,0.069862,0.069128,-0.099028,0.115583,-0.165823,0.102847,-0.003839,-0.010879,-0.052226,-0.015909,-0.033378,-0.149970,-0.031415,-0.107610,-0.021654,-0.072462,-0.066798,-0.065685,-0.052491,-0.051071,0.171581,0.011572,0.100354,0.071488,0.026530,0.150200,0.093852,0.101867,-0.096577,0.100141,-0.058249,-0.143280,-0.165212,0.152212,-0.122088,-0.173980,-0.031590,-0.125161,-0.166033,0.069840,-0.006266,-0.018392,0.115375,-0.216542,0.051420
0.022226,0.009660,0.018180,0.005557,0.063063,0.119417,0.023083,0.013915,0.023326,-0.012062,0.006479,-0.008931,-0.087279,-0.019159,0.037087,0.025493,-0.058692,-0.073283,0.005356,-0.099721,0.162199,0.034814,-0.049761,0.060212,-0.030958,-0.006995,-0.044121,-0.018496,-0.099326,-0.023196,0.036620,-0.007534,-0.015653,-0.086711,-0.094541,0.023818,-0.022772,-0.030724,0.002573,-0.038413,-0.027119,0.055646,0.004827,-0.033239,0.004736,0.020986,0.064733,-0.064690,0.000901,-0.017306,0.002310,-0.029383,-0.018397,0.017928,0.039245,0.007747,-0.036588,0.008827,0.020150,0.000290,0.056260,-0.014220,0.004917,0.026889,-0.003496,0.090625,0.002753,-0.052510,0.013135,-0.062163,0.087055,0.041158,0.048933,-0.067241,-0.023207,0.044551,-0.025322,0.057435,-0.002548,-0.016970,-0.036075,0.051345,-0.027847,-0.018848,-0.034965,-0.055701,-0.048158,-0.058873,-0.018231,0.035862,0.006370,0.021246,0.016868,-0.162461,-0.029377,-0.001601,-0.062222,0.008547,0.060849,-0.091780,-0.073601,0.030406,0.020210,0.124761,-0.002948,-0.009779,0.001580,-0.040436,0.126696,0.030237,-0.022371,0.027930,0.046656,0.007654,-0.018297,0.066005,-0.032468,-0.201590,0.002802,0.001233,0.015241,0.004352,-0.074027,0.048915,-0.004924,0.005897,-0.251091,0.011830
0.000257,-0.001150,-0.000309,-0.001807,0.005336,0.001522,-0.003904,-0.000531,-0.004247,-0.005904,-0.000853,-0.000268,0.002952,-0.001419,0.000640,-0.002675,0.001012,-0.002105,-0.001386,0.001485,0.000884,0.002172,0.000499,0.004503,-0.003707,0.000867,0.001175,-0.003873,0.001326,-0.002997,0.002364,-0.001186,0.002065,-0.004079,0.001297,-0.002327,0.002044,-0.001129,-0.001700,0.007983,-0.001605,-0.000722,-0.001473,0.000473,0.002195,-0.000984,-0.001127,-0.000500,-0.000864,-0.000301,-0.001622,0.001544,0.001671,0.000679,-0.001962,-0.000977,0.000971,-0.001446,-0.003286,0.004756,0.000886,0.000689,-0.001231,-0.000173,-0.001995,-0.001993,0.002217,-0.001879,0.001699,0.000914,0.000915,-0.000616,0.002658,-0.000884,0.000538,-0.001958,0.000342,0.001070,0.001253,-0.001769,0.001026,-0.002001,0.001374,-0.001215,-0.001593,0.000915,0.001100,0.001754,-0.001362,-0.000788,0.000799,0.000608,0.000366,-0.002342,-0.002190,0.002012,-0.001757,-0.001306,0.001644,-0.000319,-0.001080,0.000281,-0.000341,-0.007805,-0.002427,0.000429,-0.001794,0.002100,-0.001185,-0.001998,-0.001461,-0.002958,0.000284,0.000051,-0.000494,-0.000233,0.000050,0.000176,0.001187,0.000232,-0.000740,-0.001014,0.001253,-0.000871,0.001294,0.001266,-0.001194,0.000109
-0.000429,-0.000507,0.000282,-0.000842,-0.002935,-0.000210,-0.001047,0.001600,0.000856,0.000865,0.001229,0.000581,0.001471,0.003312,-0.000591,-0.000270,0.002563,0.001612,0.002640,0.000278,0.000762,-0.000982,-0.000965,-0.001928,0.002277,-0.001566,-0.001065,0.001525,0.000297,-0.001812,-0.001430,0.002166,-0.000934,0.001318,-0.002213,-0.000323,-0.000350,-0.002231,0.001768,-0.006869,0.000490,-0.003501,0.000499,-0.002065,-0.002345,0.002940,0.001551,-0.000408,0.001673,0.001372,-0.001136,-0.001621,-0.002309,0.003157,0.008528,0.000825,0.002235,-0.001833,-0.000333,0.000279,0.000754,0.000545,0.000542,-0.000466,-0.001079,0.000316,-0.003116,0.000118,0.000651,-0.003367,-0.000817,0.001950,-0.000655,0.000270,-0.001260,0.000139,0.001103,0.000586,-0.000195,-0.000048,0.000565,0.001506,0.000221,-0.000379,0.001498,-0.000403,-0.002101,-0.000420,0.000456,-0.000900,0.001266,0.001542,-0.003450,0.001926,0.000634,-0.001230,-0.003087,0.004012,0.000000,-0.001018,-0.000364,-0.000173,0.000684,0.004533,0.004074,0.001632,0.000401,-0.001459,0.001967,0.000116,-0.001812,0.001674,-0.000043,0.000645,-0.000419,-0.000410,-0.001400,-0.008842,-0.000171,-0.000214,0.000422,0.002963,-0.000908,0.003157,-0.002704,-0.001501,0.000316,0.001657
0.001356,0.000735,-0.003785,-0.001974,-0.002796,0.000639,0.001006,0.000776,-0.002083,-0.000679,0.002222,-0.001643,0.001731,-0.000648,-0.001091,-0.001038,-0.002821,-0.000813,0.001125,0.000681,0.000407,0.000741,-0.000546,-0.001930,0.000102,0.000346,0.002461,0.000999,0.001866,0.004071,-0.000691,0.000668,-0.000313,-0.000221,0.002065,0.000359,0.003234,0.000066,0.000903,0.002994,-0.001212,0.003462,-0.001089,-0.001214,0.001439,-0.000823,-0.001155,0.000007,0.000691,0.001380,-0.002594,0.002620,-0.000852,-0.000425,-0.001787,-0.000619,-0.000074,0.000050,0.003170,0.000928,-0.001241,0.000111,-0.000826,-0.000275,0.000236,-0.002114,-0.003045,-0.001014,0.000186,-0.002013,-0.001874,-0.001633,0.000027,0.001939,-0.005734,0.000964,-0.000019,-0.000703,-0.002267,-0.000559,-0.002342,0.000822,-0.001922,0.000154,-0.000015,-0.000211,0.001585,0.002212,0.000543,-0.000032,0.001218,-0.001650,0.000704,-0.001565,-0.000258,-0.002412,0.001733,-0.000398,0.001556,0.002432,-0.001914,-0.002039,-0.001160,-0.003549,0.001514,-0.000268,-0.002721,-0.001198,-0.001078,-0.000210,0.000563,-0.000725,-0.002132,-0.000023,0.001410,-0.001036,0.000227,0.001731,-0.001358,0.001236,-0.003874,-0.000736,0.003125,-0.000304,0.000134,-0.000798,0.008237,0.001491
0.068829,0.058291,-0.030331,0.012787,0.050871,0.114416,0.121863,0.003790,-0.042205,-0.037616,0.028364,-0.055534,-0.082315,-0.024935,-0.059913,-0.053641,-0.005938,0.006233,-0.004846,0.001373,-0.153264,0.021557,0.007338,0.013285,-0.021056,-0.041300,0.015681,-0.036112,-0.053152,0.081194,0.113596,-0.018243,-0.032250,-0.093528,-0.021279,0.082294,-0.004162,0.050385,-0.054424,0.198112,-0.060935,-0.033883,0.003829,0.050565,0.018606,0.077006,-0.042129,0.012850,-0.008945,0.025777,-0.042365,0.112574,-0.029552,-0.057221,-0.092581,0.064986,-0.114671,0.092351,-0.013041,0.018536,0.001865,0.026005,-0.067450,0.031387,-0.068957,0.039941,-0.164804,0.059828,0.018453,-0.082757,-0.034290,-0.002862,0.038368,0.044316,-0.003280,0.050130,-0.009792,-0.006694,-0.014338,-0.032069,-0.089635,0.085683,-0.023654,-0.018613,0.047711,-0.062732,-0.013848,-0.109440,0.008543,-0.010122,-0.022917,-0.064920,0.020238,0.102208,0.088341,-0.077888,0.021433,-0.084933,0.037533,-0.000810,-0.001108,0.004137,0.108331,-0.031995,0.006692,0.055289,-0.028816,0.033454,-0.081130,0.017505,0.034728,-0.036334,0.009112,0.046055,-0.013618,-0.020390,0.027294,0.159050,-0.009294,0.115321,0.028429,-0.066402,0.024120,0.036183,0.017318,-0.031212,-0.165543,0.070323
0.243289,0.094466,-0.053960,-0.058958,0.301633,0.055443,0.019069,-0.124294,-0.120360,-0.256320,0.079712,-0.046861,-0.271586,-0.155860,-0.104260,-0.099502,0.055490,0.037653,0.067421,0.092583,0.112768,-0.008591,0.002553,-0.146103,-0.203687,-0.016969,0.084592,-0.039682,-0.098356,0.098914,0.078590,-0.015097,0.152776,0.041534,0.057873,0.145808,0.053801,0.131919,-0.166380,0.066607,-0.139545,-0.020283,-0.074135,0.145501,0.113251,-0.046046,-0.024207,0.008428,0.099543,-0.143428,-0.106934,0.302865,-0.004319,-0.086525,0.057176,-0.002482,-0.139707,0.138024,-0.131265,0.134179,-0.084127,0.069601,-0.138635,0.002796,-0.103504,-0.007555,-0.107796,0.242995,-0.087995,-0.025587,-0.150759,-0.037629,0.014084,0.074067,-0.071598,-0.166121,0.020915,-0.139137,-0.072460,-0.028691,-0.095753,0.114543,-0.053640,-0.181064,0.136516,-0.045722,0.090645,0.198479,0.065885,0.042744,-0.041162,-0.116988,-0.082165,0.525366,0.079221,-0.044518,0.016487,-0.125647,-0.073769,0.026294,0.048336,-0.056573,-0.017768,-0.187952,0.123016,0.022468,-0.256624,0.038583,-0.151818,0.071126,0.013110,-0.172318,0.030840,0.073209,0.036896,0.061152,0.044304,0.086339,-0.065769,0.216419,0.017648,-0.134924,0.131662,-0.035873,0.065172,0.013090,-0.091076,0.078938
0.258795,0.215852,0.181199,-0.053043,0.239601,-0.087554,0.365032,0.053563,-0.032337,-0.140722,0.163024,0.190363,-0.239589,-0.074859,0.271523,0.067898,0.209782,0.060875,0.101124,0.219077,-0.180899,-0.003079,0.095943,0.080464,-0.101202,-0.013291,-0.028863,-0.067662,0.092881,0.034432,0.060591,-0.067073,-0.206896,0.185545,0.400126,0.410765,0.011719,0.121358,-0.260306,-0.125509,-0.082623,0.213239,0.077826,0.151388,0.151957,-0.110646,0.021528,0.064201,0.029717,-0.060049,0.169771,0.190647,0.011043,0.148021,-0.303838,0.065512,0.076337,-0.115489,-0.082628,-0.155204,0.128942,0.103940,0.189685,-0.141085,0.023985,0.277613,-0.251532,0.192017,0.022566,0.095783,0.219872,0.099843,0.003484,0.101234,-0.207526,0.047173,-0.148978,0.083870,-0.367911,0.136929,0.181743,0.029652,0.009764,-0.108283,0.206280,0.051430,0.138869,0.317281,0.249530,0.261450,0.065480,-0.000849,0.158476,0.404719,-0.024523,-0.120527,0.081177,-0.138328,-0.244014,-0.001120,-0.023098,0.058652,0.117755,-0.156996,-0.135271,-0.048500,-0.073830,-0.030007,0.185116,-0.003764,0.036407,-0.173820,-0.115651,-0.046933,0.077380,0.151209,0.050037,0.318396,0.034990,0.085203,0.110426,-0.351633,0.074060,-0.073711,-0.043556,-0.001210,-0.039289,0.111297
-0.044855,0.128380,0.417806,-0.041634,-0.003741,-0.196142,0.514696,0.157995,-0.412736,0.158622,0.218144,-0.032173,-0.097225,-0.136354,0.214783,-0.231613,0.299988,-0.031678,0.046834,0.234257,0.064935,-0.172460,0.016888,0.162858,-0.270548,0.014014,-0.159584,-0.116438,-0.128300,-0.092037,-0.148372,-0.047442,-0.279897,0.620643,0.337531,0.046216,-0.071540,-0.232807,-0.482611,-0.166081,0.333765,0.130532,-0.088654,-0.222214,-0.059050,-0.237629,-0.123625,-0.051061,0.008177,-0.284462,0.035373,0.305572,0.118212,0.410037,-0.184538,0.125818,0.048534,-0.042719,0.066860,0.146206,0.432775,0.173713,0.048948,-0.072438,0.360736,0.149689,-0.014519,0.215659,-0.055230,0.088871,-0.361499,0.181509,-0.148341,0.064937,-0.030892,0.301999,0.052586,0.280556,-0.413280,0.071314,0.406159,-0.081174,-0.004488,0.013944,0.314757,0.056634,0.094561,0.162607,0.259607,0.062655,0.155746,0.126196,0.123680,0.191096,0.272179,0.008623,0.016475,-0.195762,-0.160159,0.127655,0.192727,0.098422,0.197613,-0.180450,-0.192817,0.049156,-0.068194,-0.170023,-0.220724,-0.255992,0.080555,-0.269345,0.209350,-0.076385,0.024509,0.099848,0.213917,0.162809,0.078353,0.102799,0.123569,-0.421613,0.031279,0.119786,-0.051489,-0.273683,0.147865,-0.059074
0.017561,-0.018259,0.446322,-0.117419,0.233840,0.099743,0.307566,0.207057,-0.110551,0.147984,0.030123,-0.236952,-0.106098,-0.129979,-0.117156,0.013741,0.166407,-0.149940,-0.158896,0.095674,0.204750,0.162380,0.119559,-0.295753,-0.043034,0.121429,-0.210180,-0.081915,-0.303422,-0.052630,0.201245,-0.111826,-0.212090,0.412443,0.328247,0.071231,0.204828,-0.045253,-0.949420,0.108762,0.259964,0.043457,-0.032966,-0.280744,-0.127616,-0.060962,-0.193352,0.073915,-0.056792,0.197614,-0.071225,0.002724,-0.101033,0.554563,-0.459153,-0.241434,-0.357494,-0.125177,-0.324875,0.071511,0.386916,0.017517,-0.120894,-0.032212,0.215849,-0.145400,0.272105,-0.091200,0.019448,-0.500198,-0.136670,0.432855,0.145400,0.081489,-0.267483,-0.085340,-0.009815,0.445406,0.019658,0.141740,-0.032296,0.085469,0.140848,-0.087394,0.173791,-0.002761,0.151265,0.212377,0.093609,-0.182329,0.177855,-0.026713,0.014796,0.142143,0.025655,-0.037023,0.111354,-0.092930,-0.390518,-0.040976,0.128752,0.163327,-0.261638,-0.252304,-0.064380,0.001175,-0.053238,-0.034463,0.168484,0.053505,-0.013542,-0.030390,0.016725,-0.011147,-0.095170,0.336166,0.153201,-0.241330,-0.000768,-0.032035,0.041203,0.022292,0.148363,0.144837,-0.045051,-0.258846,0.315302,0.044277
0.014803,-0.171742,-0.145503,0.086578,0.014296,-0.018241,-0.020847,0.384426,-0.134803,-0.109690,-0.248352,-0.046463,0.026506,-0.390267,-0.065474,-0.068089,0.024449,-0.086016,-0.282155,-0.120832,0.178777,0.362875,-0.032228,-0.425006,0.014805,0.136492,0.222807,0.165485,-0.230536,-0.231430,0.132522,-0.026262,-0.106899,0.177922,-0.066619,0.035967,0.003705,0.123549,-0.880515,0.125288,0.104545,0.302524,0.098862,-0.404597,0.078577,-0.170103,0.054117,0.090472,-0.030401,-0.013225,-0.024242,-0.158391,-0.508118,0.542752,-0.092178,0.087140,-0.175075,-0.143320,0.147183,0.077044,0.198636,0.030090,-0.031689,-0.103153,0.143806,-0.002510,0.129419,-0.134146,-0.095997,-0.448404,0.101357,0.756186,0.113584,-0.010134,-0.022585,-0.043796,0.072640,0.511461,-0.134280,0.328326,-0.177372,-0.008159,-0.052944,-0.073900,0.068298,-0.141209,0.237113,0.029313,0.088886,-0.225185,-0.132502,-0.293092,0.060453,0.015704,-0.121048,0.084621,-0.294006,0.249905,-0.211712,-0.143982,-0.258779,0.122124,-0.143143,-0.080011,-0.096222,-0.113858,-0.047008,-0.132209,0.410728,0.067827,0.102734,0.082537,0.154872,0.010697,0.127038,0.381552,-0.038442,-0.104343,-0.116639,0.043749,-0.140722,-0.045095,0.253492,0.541419,-0.149034,-0.087449,0.218110,0.104796
0.174280,-0.274009,-0.800781,0.038029,-0.162198,-0.100696,0.104088,0.243660,-0.125679,-0.140561,-0.222835,0.202916,-0.109685,-0.320662,-0.270019,0.063235,-0.065639,-0.008711,0.018104,0.031136,0.183121,0.172880,-0.004005,0.091184,0.126952,0.051994,0.039694,0.077812,0.126703,-0.350605,-0.116396,-0.132507,-0.167713,0.249596,-0.137773,0.033743,0.002631,-0.018911,0.137698,-0.155112,-0.013946,0.072641,0.188440,-0.307218,-0.049871,-0.118706,0.006679,-0.196358,-0.031484,0.027486,0.259164,-0.123834,-0.248985,0.480465,0.457026,0.009455,-0.007119,-0.269257,0.138321,0.248860,-0.127384,0.119761,-0.048548,-0.097436,0.189875,0.049327,-0.222553,-0.072579,-0.152848,-0.118888,-0.143272,0.790291,-0.076481,0.263566,0.276701,-0.155300,0.285117,0.385435,-0.099611,0.363358,0.158540,0.030409,-0.393151,0.192662,0.016079,0.019649,0.183803,0.078714,-0.029960,-0.058809,-0.199856,-0.405216,0.091750,-0.029316,-0.053884,-0.079880,-0.150684,0.136870,-0.285913,-0.181100,-0.099500,0.077711,0.084804,-0.260532,-0.127127,-0.005045,-0.126340,-0.052945,-0.115480,-0.126710,-0.154571,0.054605,0.092588,0.156291,0.158898,0.253931,0.031930,0.251162,0.024662,-0.144821,-0.087475,0.035092,0.132619,0.298431,0.073127,0.095367,0.031988,-0.195135
0.175642,-0.200929,-1.007198,-0.100652,0.004455,-0.188814,-0.134431,-0.002890,-0.197194,-0.012984,-0.042330,-0.070662,-0.032165,-0.222108,-0.286593,-0.115936,-0.333320,0.191683,-0.167488,0.242061,-0.033519,0.292625,0.025797,-0.266444,0.239004,-0.040817,-0.156988,-0.018360,0.100932,-0.328530,-0.010869,0.018032,0.137872,0.159303,-0.074418,0.017051,-0.102446,0.182284,0.805300,-0.042751,0.039896,0.259710,0.102645,0.182099,-0.337285,-0.016075,-0.205182,-0.151831,-0.274134,-0.100793,0.209109,-0.115584,-0.193637,0.025512,0.420919,-0.088636,0.306102,-0.208063,0.053095,0.039142,-0.339081,0.208569,0.064008,0.105347,-0.028256,0.130576,-0.203618,-0.079134,0.152835,-0.222552,-0.193199,0.818766,-0.234430,0.244207,-0.147283,-0.212434,0.122719,0.485997,-0.076174,0.231592,0.015726,0.196250,-0.377762,0.310374,0.318005,0.254030,0.341980,0.209224,-0.097214,-0.015681,0.320417,-0.350047,0.006678,-0.070730,-0.175676,-0.035888,-0.037621,-0.219444,0.008726,0.089449,0.419126,-0.002052,0.089747,-0.202444,-0.113537,0.235742,-0.059551,-0.039296,-0.019816,0.009124,0.189715,-0.083183,-0.125283,0.225820,0.155448,-0.129962,-0.087231,0.289515,-0.047969,0.083149,-0.178329,0.228311,0.097294,0.085840,0.291842,-0.160016,0.250763,-0.131727
0.182958,-0.022721,-0.043363,-0.033127,-0.054616,-0.448317,-0.101735,0.144300,-0.147805,0.259046,-0.003693,0.005215,0.068325,-0.292509,-0.420512,0.169010,-0.416885,0.070940,-0.044043,0.348640,0.048176,0.122555,0.053605,-0.006291,-0.103677,0.014785,-0.047332,0.060819,-0.128949,-0.145192,0.196525,0.160548,0.065593,0.082592,-0.171209,0.027493,-0.138500,-0.140465,0.870301,-0.089257,-0.290281,0.177093,0.149905,0.184093,-0.003609,0.354613,-0.097846,-0.203150,-0.317590,-0.164223,-0.067059,0.076905,-0.043386,-0.392572,0.314088,0.044770,-0.073619,-0.105860,0.093597,0.077801,-0.137315,0.328666,-0.135770,-0.077889,-0.322266,0.105220,-0.217571,0.128923,-0.052512,-0.063295,0.041781,0.855150,-0.166126,-0.075145,0.205908,-0.013649,0.044708,0.659619,-0.148836,-0.067748,0.003418,0.234042,-0.013477,0.100693,-0.105819,0.267300,0.240947,-0.031576,-0.319800,0.028679,0.327893,-0.372895,0.108334,0.001918,0.127003,-0.029160,-0.065721,-0.184410,-0.057752,0.132256,0.087663,-0.021507,0.116941,0.102092,0.139451,-0.158181,-0.005326,0.143531,-0.133532,0.227658,0.131136,-0.159892,-0.107936,0.058338,0.167951,-0.036913,-0.007458,0.141775,0.065581,-0.087496,-0.001707,0.248457,0.012675,0.114779,-0.090005,0.017715,-0.124206,0.069350
-0.145825,-0.020260,0.735285,-0.283501,-0.145558,-0.646603,0.278834,0.538424,-0.218108,0.167970,0.132180,-0.047500,-0.025077,-0.173953,-0.167707,0.124663,-0.193144,0.085540,-0.035014,0.035899,0.028575,0.019156,0.075624,-0.016262,-0.015628,0.059025,0.006362,-0.037168,-0.315527,0.156863,0.001332,0.204590,-0.010687,0.090713,-0.043617,0.083432,0.007531,-0.084395,0.387372,-0.137701,-0.289564,-0.205296,0.073688,0.375252,-0.024852,0.505322,-0.258501,-0.063993,-0.036180,0.301010,0.162629,0.205196,0.041451,-0.669098,-0.133810,0.131716,-0.153473,0.171699,0.139182,0.142354,-0.343541,0.141309,-0.147201,-0.078484,-0.184639,0.201473,0.203859,0.113233,0.001879,-0.004933,0.194248,0.770550,0.002268,-0.032396,0.102562,-0.095391,-0.171463,0.226123,0.008670,-0.055146,-0.125033,0.109979,0.380153,0.101462,0.151045,-0.200060,0.155972,0.150967,-0.040244,0.043699,0.310801,-0.431963,0.260012,0.108154,0.212904,-0.072448,0.095016,-0.318762,-0.176486,0.130602,0.086288,0.093737,-0.013637,0.010554,0.651927,0.013529,0.125732,0.293611,0.143784,0.106982,-0.055546,0.279787,-0.140897,0.066600,-0.161177,0.275823,-0.011682,0.046836,0.099504,-0.016759,-0.084186,0.160992,-0.075508,0.188598,-0.034415,0.056451,-0.006550,-0.056741
-0.074399,-0.274813,0.663209,-0.564476,0.044927,-0.566782,0.158956,0.476397,-0.175513,0.076201,-0.045773,0.024776,0.135210,-0.109015,0.208065,0.160256,-0.136033,0.229004,0.113700,0.031991,-0.100767,-0.076828,-0.070058,-0.131284,0.139503,0.004057,-0.201586,-0.284371,-0.220236,-0.211501,-0.061147,0.075577,0.079286,0.055709,-0.199643,0.048689,-0.040635,0.113992,-0.090445,-0.023574,-0.081547,0.148387,0.331907,0.155395,-0.187757,0.229798,0.070204,-0.135315,-0.189023,0.175225,0.094915,0.022801,-0.047549,-0.923411,-0.080320,-0.100957,-0.008081,0.406586,0.048221,0.722805,0.206171,-0.160976,0.104049,0.292581,-0.328728,-0.059807,0.068486,0.394040,-0.048883,0.174236,0.025695,0.702219,0.113209,0.024236,0.034725,-0.004486,-0.208837,-0.395471,-0.048546,0.090421,0.047358,-0.025520,0.225887,-0.018489,0.181507,0.344743,0.121736,0.276558,-0.183826,0.182489,0.081721,-0.431522,0.282990,-0.055878,0.174534,-0.206195,-0.078408,0.015727,-0.052859,-0.275694,-0.057982,0.136144,0.116119,-0.191044,0.438661,-0.020489,0.218315,0.041101,-0.098468,-0.003125,-0.039311,0.067888,0.198354,0.053038,0.138713,0.350992,0.016388,-0.023724,-0.011833,-0.436387,0.208242,-0.112484,-0.052190,0.343246,-0.115131,0.106058,0.092869,0.123202
-0.102144,-0.005112,0.075475,-0.364812,-0.070031,-0.610229,0.025293,0.480237,0.118955,0.094843,-0.236354,0.030783,0.211234,0.226010,0.149390,0.061214,-0.032750,0.078096,0.072768,0.178562,-0.095910,0.175121,-0.167249,-0.227601,0.453912,0.141312,0.110371,0.077121,0.017317,0.020152,-0.016346,-0.105856,0.153718,-0.077790,-0.106308,-0.036126,-0.350447,0.052626,-0.148135,0.075967,-0.195066,0.186174,0.291446,0.179932,-0.042250,0.082184,0.008058,-0.157072,-0.109089,0.159169,0.197030,0.067606,0.053274,-0.226947,-0.094138,0.341985,-0.144878,0.538329,0.116314,0.697218,0.021963,0.153837,-0.130995,0.102302,-0.203554,-0.049041,-0.205942,0.004627,0.076342,0.198964,-0.091184,0.509499,0.104375,-0.001443,0.050033,0.254941,-0.243940,-1.059875,0.143656,-0.008536,0.249072,-0.119052,0.255514,0.044942,0.076010,0.204125,0.210622,0.358736,-0.340241,0.064377,-0.144791,0.117530,-0.015542,0.185020,0.086270,0.029489,0.105067,-0.017105,0.241203,-0.183257,-0.152159,0.099269,-0.017718,-0.113887,0.278973,0.149586,0.085261,0.171011,0.020232,-0.122547,0.078137,-0.245576,0.094186,0.022107,0.000467,0.099517,0.183548,-0.020747,0.027607,-0.053928,-0.063624,-0.028898,-0.049698,0.318109,0.044871,-0.313452,-0.133130,-0.121332
0.048012,0.364929,-0.422481,-0.004995,0.070852,-0.377557,0.103745,0.079627,0.060167,-0.088838,-0.122350,0.082727,0.129066,0.286163,0.019297,0.069786,-0.037939,-0.069523,0.134550,0.051358,-0.209188,0.122634,-0.230026,-0.269931,0.334214,0.005096,-0.228520,-0.078065,0.259322,-0.037271,0.200312,-0.174502,-0.033156,-0.123644,-0.100175,-0.190825,0.082518,0.035874,0.037845,0.154925,-0.146783,0.121797,-0.108275,-0.234665,0.323812,0.003334,0.028408,0.057190,-0.035385,0.404282,0.085649,0.082535,-0.257803,0.398828,-0.000347,-0.002197,-0.002387,0.404509,0.067346,0.808364,0.177158,-0.017824,-0.323743,-0.021991,-0.420058,0.001330,-0.267831,0.324827,0.098429,0.398269,0.025371,0.615626,0.089484,-0.285970,0.165661,0.242258,0.039859,-0.729283,0.085891,0.051457,0.304151,-0.217109,0.101537,0.033150,0.185449,0.166491,-0.142479,0.274358,-0.110409,0.037584,-0.200193,0.834962,-0.041524,0.154504,-0.265277,0.059614,-0.023839,-0.237796,0.460923,-0.212801,-0.420747,0.043888,-0.300432,-0.018803,-0.332909,-0.075983,-0.163121,-0.095362,0.021940,-0.293506,0.187201,-0.061743,-0.048991,-0.157125,-0.014597,0.351145,0.006374,0.154107,-0.084955,-0.078913,-0.179537,-0.041576,-0.309155,0.106295,0.092565,-0.185344,-0.258844,-0.037688
-0.056394,0.011820,-0.165563,0.002917,0.161955,-0.533425,0.053636,-0.546348,-0.249443,0.093365,-0.054130,0.299291,0.222034,0.032840,-0.085174,0.185947,0.357947,-0.079526,0.065255,0.066352,-0.081616,-0.182282,-0.106325,-0.028873,0.031962,0.110595,-0.139740,0.023013,0.067449,-0.231341,-0.067523,-0.299198,-0.124548,-0.003056,-0.022398,-0.085718,0.024776,-0.148399,0.255159,0.381275,-0.326236,-0.284670,-0.230875,-0.015037,0.279561,-0.060545,-0.143069,0.145881,0.188336,0.332291,-0.108317,0.272808,-0.344623,0.935582,0.226375,0.084981,0.012821,0.414445,-0.090305,0.187006,0.262474,-0.033542,-0.291762,0.094948,-0.388407,0.046746,-0.118450,0.087628,-0.056516,0.301415,-0.010331,0.114929,0.176298,-0.153756,-0.262519,-0.020669,0.206739,-0.409045,0.203497,-0.129243,0.082047,0.007745,0.052108,-0.006500,0.096717,-0.546063,0.186813,0.056615,-0.038693,0.270085,0.221524,0.776005,0.101849,0.013648,-0.176429,-0.329259,0.158788,-0.186774,0.156020,-0.019391,-0.270483,0.292195,-0.288528,-0.144437,-0.350607,-0.301251,-0.236946,0.343335,-0.014696,-0.013410,0.177045,-0.120652,-0.008729,0.249049,0.059789,-0.126004,-0.063216,0.033575,-0.116319,-0.183201,-0.351275,0.138200,-0.183400,-0.105746,0.203061,-0.074860,-0.016681,-0.163792
0.010175,0.154408,0.328954,-0.109745,0.259134,-0.195571,0.210382,-0.810083,0.102281,0.158711,-0.185133,0.039842,0.096435,0.074352,0.262382,0.164047,0.078387,-0.219816,-0.036602,0.092241,-0.042536,-0.045870,0.231666,0.004000,0.248545,-0.148724,-0.225614,0.160252,-0.040433,0.055431,0.051903,0.014965,0.157016,-0.194017,0.156808,-0.246402,-0.005447,-0.005932,-0.218465,0.029211,0.040584,-0.274944,-0.288752,-0.076731,-0.145628,0.180515,0.111517,0.200380,0.222265,0.108284,0.118537,0.310958,0.024922,0.339675,0.550367,0.366747,0.289605,0.237175,0.136721,-0.000267,-0.663548,0.115483,0.068236,-0.095759,-0.166766,-0.002022,-0.168134,-0.232407,0.192530,-0.047886,-0.153200,0.236719,-0.003119,0.121690,-0.111609,-0.109676,-0.004173,0.137758,0.353956,0.050271,-0.213481,0.030283,0.058149,-0.091646,-0.107285,-0.279826,-0.022701,-0.166580,-0.219639,0.233904,0.014427,0.471515,0.219266,0.207609,0.021744,-0.841897,0.227858,0.225496,0.045101,0.012232,-0.000452,-0.033687,-0.349799,-0.343236,-0.251704,0.196313,-0.045478,0.256450,-0.054670,-0.202672,-0.230185,0.464587,-0.078524,0.253014,0.108241,0.071285,-0.252970,-0.093589,-0.201236,-0.189510,0.107899,0.100978,-0.126778,-0.261071,0.119602,0.025895,0.096671,-0.045838
-0.293925,0.230446,0.344010,0.050427,0.279637,-0.291163,-0.172099,-0.496361,-0.268900,0.014950,0.029301,-0.104548,0.260618,0.100354,-0.146536,0.333030,0.176608,0.082884,-0.011609,-0.148443,0.021165,-0.113557,0.180766,-0.236734,0.088205,0.038845,0.089447,0.202849,-0.269027,-0.240515,-0.107612,0.017733,0.184613,0.130807,0.362015,-0.089443,0.071986,-0.038786,-0.366681,-0.136666,0.000103,-0.000770,-0.208860,-0.025280,-0.224777,0.048446,0.036748,0.458646,-0.156549,-0.103557,0.165977,0.071993,0.139094,-0.456128,0.336530,0.473143,0.137404,-0.462256,0.085258,-0.176443,0.100720,0.122469,-0.404583,-0.204388,-0.016856,0.288133,0.036799,-0.275825,0.094509,-0.249844,0.061859,0.186381,0.105732,-0.368766,-0.247047,0.165568,-0.052544,0.322129,-0.015107,0.121485,-0.070292,0.213424,0.281958,-0.137424,-0.119327,-0.283134,-0.081382,0.034071,0.105220,0.232350,-0.029894,-0.037550,0.089029,0.416672,-0.017064,-0.724414,-0.051527,0.199018,0.489464,0.041937,-0.249843,0.222428,-0.369762,-0.076462,-0.251515,0.335595,-0.028426,-0.010579,0.229741,0.018978,-0.068120,0.157056,0.146667,-0.105974,0.174716,-0.027853,-0.047914,-0.083571,-0.172904,-0.297884,0.118263,0.033667,-0.232044,-0.494149,0.005139,-0.063633,0.111686,-0.257483
-0.078342,0.019785,-0.498644,0.082032,0.182167,-0.404460,-0.186733,-0.214276,-0.095813,0.029777,-0.047844,0.112165,0.196034,-0.097397,0.181776,0.078287,0.160061,0.218884,-0.078217,-0.321985,-0.047425,0.045565,-0.062403,-0.203856,0.193763,0.064813,-0.003573,0.062517,-0.047125,-0.118679,-0.101712,0.239446,-0.102054,0.174758,0.216754,0.010584,0.082701,0.080644,-0.453446,0.054246,0.025769,0.133293,-0.199967,0.080949,-0.154914,0.051227,0.016834,0.193646,-0.278169,0.127199,-0.144752,0.087426,-0.141766,-0.639971,0.034789,0.523745,0.544459,-0.340960,0.278993,-0.048058,0.024356,0.029433,-0.379174,0.124679,0.338265,0.063095,-0.336769,0.068267,-0.206317,-0.096777,0.274235,-0.153194,-0.269339,0.099705,-0.176112,0.112019,0.332919,0.065425,0.243028,0.103794,0.024190,-0.128250,-0.122849,-0.137662,0.102271,-0.186553,-0.066623,0.012908,-0.106330,0.099160,0.177900,-0.046034,0.017478,0.026440,-0.056351,-0.367375,-0.071573,0.526248,0.047574,0.105605,-0.331101,0.008538,-0.033567,-0.135567,-0.012096,-0.150642,-0.169526,0.054817,-0.092759,-0.068702,0.122630,0.314837,0.218457,0.056687,0.214571,0.130819,-0.062139,0.001710,-0.125379,-0.226445,0.497356,0.028206,-0.089340,-0.471306,0.104335,0.011795,-0.138293,0.100668
0.415610,0.017461,-0.376372,0.008443,0.477394,-0.154709,0.006161,0.079323,-0.064959,0.173594,-0.207007,-0.012032,0.291264,-0.054382,-0.100086,-0.052247,0.085999,-0.036900,0.017870,-0.234245,0.235467,0.078143,0.191389,-0.238279,-0.189115,-0.100603,0.181246,0.121335,0.269454,-0.294524,-0.130516,0.040031,0.252751,0.201452,0.069503,0.231362,0.129941,0.084012,-0.488236,0.358203,-0.233416,-0.023983,-0.092300,0.465874,0.104047,-0.320845,0.017762,0.115907,0.013476,0.058699,-0.067340,-0.181803,-0.306861,-0.387972,0.048991,0.092537,-0.171615,0.032096,-0.093702,0.248684,-0.246505,-0.036159,0.066476,0.287165,0.509896,0.138880,-0.363092,-0.199049,-0.241231,0.081669,0.177204,-0.151576,-0.024069,0.030372,-0.262138,0.067111,0.047765,0.080488,0.287058,-0.166399,-0.094564,0.052564,0.247179,-0.059248,0.179375,0.227899,-0.110130,-0.015305,-0.150011,0.090919,0.180080,-0.068171,-0.258965,-0.057796,0.184423,-0.143042,0.195249,0.484532,0.132135,0.252444,-0.339127,-0.091888,0.058843,-0.515575,0.143562,-0.081423,-0.394827,-0.050547,-0.140196,-0.506433,-0.070413,0.115238,-0.131174,0.037681,-0.105966,0.095620,-0.196399,-0.099886,0.242910,-0.257689,0.155406,-0.041118,0.044646,-0.122864,0.019749,-0.039509,0.046727,0.138968
0.049907,-0.021372,0.013814,-0.140542,0.256942,0.102793,-0.117115,0.286113,0.171433,0.049649,-0.010419,-0.038210,0.130593,-0.212944,-0.319234,0.081347,0.059531,-0.033832,-0.063586,-0.329908,0.217486,-0.069601,-0.135422,-0.301627,-0.104644,-0.112058,-0.270223,-0.036999,0.095094,0.084324,-0.211694,0.116993,-0.114784,0.175108,0.023831,0.282593,-0.033016,-0.137917,-0.500946,0.248673,0.004470,-0.176114,-0.044253,0.295055,-0.312657,-0.528005,0.137035,0.188718,0.205425,-0.471809,-0.058226,-0.309059,-0.116630,-0.080418,-0.038680,0.053894,0.221654,0.373920,0.003115,0.138244,-0.213392,-0.038716,-0.076864,0.156816,0.023956,-0.039747,-0.099561,0.073908,0.052438,0.195025,0.044658,-0.126690,-0.129382,-0.262747,-0.137974,0.124038,0.327705,0.258816,0.368380,0.082190,-0.012008,0.227176,0.039420,-0.164041,-0.405046,-0.121708,0.218446,-0.435873,-0.081579,0.133923,0.143659,-0.169229,-0.101672,-0.147359,0.391811,0.014972,-0.116264,0.131888,0.160781,-0.006658,0.046538,-0.004795,0.034901,-0.234073,0.134335,-0.205657,-0.144478,0.082042,-0.153303,-0.131586,0.087121,0.177002,0.122767,0.126157,-0.233649,0.103428,0.084697,-0.112047,0.378552,-0.277347,-0.074631,0.017333,-0.070353,0.096356,-0.016313,-0.028982,0.188137,0.195491
0.090561,0.006046,-0.145844,-0.099114,0.162308,-0.128894,-0.430541,0.353897,0.238951,0.108399,-0.005784,0.094476,0.159274,0.023135,0.030470,0.336051,-0.067324,0.061026,-0.125568,-0.239531,0.097749,0.004779,0.043572,0.079617,-0.027075,0.060381,0.390833,-0.170277,0.176250,0.458345,0.004264,0.145857,0.046446,-0.120127,0.142776,0.254958,0.051013,0.171876,-0.176609,0.011623,0.182076,-0.110791,-0.095064,-0.109113,-0.149627,-0.636955,0.218417,0.122228,-0.263422,-0.297446,-0.136063,-0.201413,-0.036511,0.043320,-0.069695,-0.041280,0.248735,-0.071735,0.015386,-0.091900,-0.261162,0.025912,0.086124,0.169608,-0.042371,0.153302,-0.043375,-0.144649,-0.015546,0.464291,0.021477,0.086641,0.042776,-0.165833,-0.150215,-0.015284,0.288900,-0.065120,0.041007,0.064832,0.127243,0.082583,-0.026740,0.060884,-0.260230,0.433655,0.220900,-0.196984,0.050658,0.052131,-0.114301,0.061213,-0.102151,-0.062583,-0.338523,0.070059,0.146469,0.019181,0.201691,0.006814,-0.083565,0.101766,0.026694,-0.171337,-0.069385,-0.020846,0.099513,0.243238,0.241733,-0.077886,0.228462,0.140972,-0.159985,0.048261,0.070564,0.069251,0.413759,0.267791,0.341375,-0.006231,-0.412030,-0.567123,0.160107,-0.136000,-0.049534,0.008058,-0.095575,0.031956
0.182058,-0.062618,-0.078191,0.080673,0.284773,0.107619,0.028763,-0.046665,0.171135,0.295385,-0.213485,0.401859,-0.046734,-0.048017,0.068352,0.091712,-0.226899,-0.023651,-0.240475,-0.079964,0.083582,-0.158571,0.010424,-0.349157,-0.027191,0.025280,0.002338,-0.049080,-0.108038,0.044025,-0.220702,-0.169358,0.002195,-0.036511,0.234140,0.042003,0.109306,0.173586,0.331932,-0.323447,0.417445,0.183486,-0.130316,-0.144430,0.063407,-0.353108,0.177859,0.247122,0.038227,-0.179575,-0.269575,-0.013909,0.159538,0.134921,0.100943,-0.097949,-0.053348,0.059583,-0.037184,-0.186315,-0.231741,-0.208187,0.542984,0.159390,-0.030974,0.153614,0.312389,-0.167173,-0.047801,0.561301,0.316683,0.249795,0.157123,-0.170969,0.134702,-0.030234,0.168473,-0.082288,-0.050120,0.051978,-0.007614,0.357434,-0.040553,0.218733,-0.141658,0.074865,0.181452,-0.085993,0.062067,0.078222,-0.015039,0.028951,-0.279883,0.150129,-0.136053,0.208738,0.100782,0.414593,-0.074251,-0.308330,0.020936,-0.072321,0.056366,-0.058513,-0.254297,-0.205464,0.038327,0.167305,-0.153426,-0.262154,0.035357,-0.310999,0.040507,0.215927,0.000516,0.323548,0.008225,-0.156901,0.071016,-0.233792,-0.362709,-0.201370,-0.009118,0.121440,0.124546,0.276244,0.045584,-0.081465
0.216743,0.036963,0.053300,-0.049238,0.186138,0.240183,-0.336587,0.093249,-0.040201,0.130159,-0.347773,-0.116633,0.096230,0.092077,-0.295863,0.103682,0.146872,0.007367,-0.082815,0.095255,-0.197772,0.041428,-0.122395,-0.104370,0.027300,-0.073064,-0.125722,-0.312163,0.150731,-0.016344,-0.110699,-0.115070,-0.130233,-0.038731,0.069711,0.271879,0.106363,0.224781,0.193265,-0.042996,0.016913,-0.497815,-0.101649,-0.297719,-0.121612,-0.030490,0.024926,0.163405,-0.040122,0.194300,-0.147439,-0.029884,-0.088966,0.099332,0.139352,-0.392886,-0.201274,0.170441,0.022473,-0.293980,0.136308,-0.301341,0.142163,-0.107877,-0.003696,0.184897,-0.344437,0.075879,0.165712,0.300303,-0.381001,0.010235,0.347337,0.189674,-0.090208,-0.075079,0.128891,-0.003087,-0.081473,-0.061411,-0.091911,0.153709,-0.042961,0.122447,0.011991,0.117561,-0.063679,0.055765,0.090123,-0.194210,0.202558,-0.025173,0.080189,-0.123258,0.089219,-0.155482,0.162048,0.021593,0.041830,-0.174474,0.116461,-0.007408,0.148446,-0.256293,0.095727,0.069995,0.049983,0.032517,-0.116076,0.010681,-0.193340,-0.124285,0.127449,0.106488,-0.189784,0.166761,-0.082604,-0.013779,0.137295,-0.302501,-0.226869,0.057452,0.061061,-0.024723,-0.081415,0.180267,0.213999,0.007952
-0.182467,0.078607,-0.004879,0.043379,0.381614,-0.054807,-0.188090,0.025073,0.206976,0.187281,0.010315,-0.064101,0.317230,-0.013968,0.097300,-0.019962,0.141712,0.065807,0.060261,0.044101,-0.470636,-0.072127,-0.059174,0.239774,0.087386,0.011829,0.084958,-0.155737,0.037730,-0.103524,-0.163283,-0.065239,-0.297447,-0.054523,0.233356,-0.097623,-0.015657,-0.078621,0.172354,-0.082716,-0.148035,-0.349604,-0.064712,-0.093589,-0.294675,-0.201340,0.001298,0.064500,-0.273826,0.057107,-0.029483,-0.095894,0.042950,-0.017257,0.038882,-0.034351,0.119799,-0.087470,-0.109525,0.013816,0.256202,-0.075315,0.083288,0.067785,-0.033803,0.090596,0.055674,-0.033901,0.113553,0.059238,-0.505997,0.099495,0.172863,0.048310,-0.044382,-0.088549,0.296370,0.011961,0.034622,0.069766,0.274037,0.012778,-0.117704,0.125934,0.055456,-0.027422,-0.032973,-0.052062,0.027446,-0.103657,0.082004,-0.008014,0.128408,0.026609,-0.020787,0.104697,-0.045188,0.006020,0.095896,-0.113363,0.026437,0.137585,0.037718,-0.334566,-0.169550,0.184306,0.180704,-0.072491,0.057846,-0.093987,0.042775,0.197320,0.154778,-0.044670,-0.148525,0.113718,0.089334,0.441979,0.174328,0.011629,-0.085989,-0.128009,-0.045767,-0.066779,-0.139801,0.016367,-0.090685,-0.089543
-0.037902,0.041673,0.004104,-0.011517,0.201765,-0.083900,-0.076829,-0.065074,0.192803,0.018317,0.101519,0.002573,0.130648,-0.074805,0.130260,-0.033497,-0.067242,0.003688,-0.050500,-0.048109,-0.000830,0.085883,0.011383,0.100991,-0.019887,0.034427,0.080130,-0.096835,0.049072,-0.091167,-0.124339,0.021863,-0.052326,-0.069389,0.069358,-0.099963,-0.125586,-0.103183,0.091652,-0.078670,-0.025117,0.101249,-0.076266,-0.077796,-0.010331,-0.033932,0.033946,-0.023325,-0.138731,-0.057005,-0.006130,-0.069737,-0.011468,0.030759,0.079556,-0.004956,0.103121,-0.015563,0.070234,-0.042923,0.045075,0.019408,0.090805,0.055499,-0.017353,-0.014435,0.046248,-0.064072,0.031439,0.040813,0.013600,0.004817,0.009335,-0.123756,-0.066178,-0.081155,0.094691,0.010101,0.012373,0.034274,0.197442,-0.033107,0.014417,0.086769,0.002272,0.021790,0.143429,-0.002074,0.029523,0.009261,0.023338,0.076653,0.129324,-0.162577,-0.049851,0.098234,0.004314,0.033124,-0.008701,-0.023669,-0.051850,-0.004673,-0.029561,-0.133325,-0.085779,0.010965,0.051746,-0.053673,0.194902,-0.071042,0.090370,0.051136,0.028753,-0.014785,-0.031051,-0.006307,-0.004789,0.036431,0.029746,-0.024486,0.022049,-0.088179,-0.028332,-0.034686,-0.035868,-0.002878,0.034838,-0.041202
-0.019453,0.014816,0.001612,0.015175,-0.032110,-0.018645,0.020435,-0.000113,0.026387,0.016279,0.008934,-0.010378,-0.010057,0.017851,0.017729,0.001803,-0.014698,-0.003960,-0.014279,-0.012765,-0.022640,-0.003602,0.012174,0.005741,0.023002,-0.001954,-0.011022,0.021650,-0.003905,0.003776,-0.009855,-0.003619,-0.026314,0.015271,-0.018523,-0.004120,-0.024078,0.002857,0.002889,-0.004630,-0.001157,-0.011512,0.004045,-0.007543,0.006850,0.002158,0.017227,-0.006296,0.004858,-0.016045,0.018586,-0.025868,-0.002410,0.010755,-0.016606,0.024626,0.010404,0.015270,0.029853,-0.020979,0.003244,0.018732,0.023199,0.023129,0.000385,0.017468,-0.015680,-0.018448,0.001895,-0.019221,0.021528,0.024694,-0.010515,0.000924,0.012866,0.008100,-0.012831,0.012054,0.002521,0.007293,-0.005965,0.005881,0.010764,0.024857,0.003105,0.009600,-0.010865,-0.046778,0.009867,0.026520,-0.002293,0.009467,0.011318,-0.005777,0.021910,0.010078,0.000478,0.021419,0.007228,0.001469,-0.000228,0.027296,-0.000495,0.063279,-0.034685,0.004994,0.011005,-0.001881,0.017133,-0.008839,0.002107,0.012290,0.021899,0.007964,0.005248,-0.011577,-0.017199,-0.013723,-0.000596,0.007232,0.026019,0.004862,-0.013160,0.006986,-0.012165,-0.008617,-0.031990,-0.020816
0.000630,-0.000589,0.000378,-0.002371,0.005685,0.006111,0.001611,0.002314,0.002183,-0.002152,0.002696,0.000144,-0.000893,-0.002151,0.000489,-0.001227,-0.001253,-0.006081,0.004366,0.000255,0.005180,0.000477,0.002886,0.004977,-0.001851,0.000959,0.002812,-0.000447,-0.001548,-0.001277,0.000804,-0.000755,-0.001155,-0.005839,-0.000618,-0.001612,0.000176,-0.004598,0.000134,-0.006898,-0.004786,0.001702,-0.001267,0.001502,-0.001650,-0.000400,-0.000582,-0.003026,0.001359,0.002289,-0.001810,-0.001104,0.000024,0.002460,0.010358,0.001636,-0.001495,-0.001734,-0.004808,0.004484,-0.000457,0.000106,-0.001264,0.000823,0.002165,0.000982,-0.000220,-0.003566,-0.000948,-0.000926,-0.001670,0.000054,0.000876,0.000147,-0.001260,-0.002541,0.000025,0.001163,0.002617,-0.000945,0.001304,0.001330,0.001369,-0.001807,-0.001436,0.001395,0.000119,0.000637,-0.003028,-0.000220,-0.000512,0.002516,-0.000803,-0.003622,0.002809,-0.000798,-0.003302,0.000490,0.002296,-0.002320,-0.000450,0.003043,0.003037,-0.001403,0.001455,0.000937,-0.000851,0.000613,0.002161,-0.001631,-0.002102,0.003996,0.000143,0.000498,0.001386,0.003065,-0.000912,-0.006976,0.000386,-0.000089,0.000040,0.000209,-0.000660,0.003014,-0.002137,-0.000025,-0.004528,-0.000965
-0.002789,-0.003229,0.000475,-0.002647,-0.009690,0.002838,0.000909,0.000606,-0.001446,0.004453,0.003422,-0.000016,-0.001652,0.003918,-0.001644,0.000823,0.002652,0.000494,0.004433,-0.002285,0.004195,-0.000422,-0.003069,-0.005356,0.007340,-0.001040,-0.003587,0.003426,0.002329,0.006853,-0.001975,0.001847,0.001941,-0.001383,-0.003730,0.005988,0.001265,0.005318,-0.001193,-0.013294,0.004446,-0.010251,0.003725,-0.004567,-0.001369,0.000994,-0.000458,0.003675,0.000873,0.005331,-0.001715,0.001599,0.003875,0.000006,0.000158,-0.000916,0.000859,-0.004532,-0.002450,-0.004007,0.004377,-0.001062,0.001814,-0.001435,-0.004406,0.001352,-0.006269,0.004382,-0.002113,0.002202,-0.001759,0.004617,-0.002569,0.002101,-0.000426,-0.003941,-0.003489,0.001860,-0.004771,0.001313,-0.000676,0.001976,-0.001179,0.002625,0.003928,0.002182,-0.005044,-0.000249,0.000957,-0.007022,0.001009,0.000343,-0.002912,0.001795,-0.000913,-0.006187,-0.001697,0.005894,0.000981,-0.002525,-0.002452,0.001345,-0.003078,0.017394,0.005708,-0.002738,-0.003728,-0.001418,-0.000789,-0.001481,-0.002182,0.000612,0.000980,-0.003218,-0.002702,-0.002474,-0.002837,-0.002402,-0.004102,-0.000442,0.003597,0.002064,-0.003040,0.000689,-0.001101,0.003306,0.000550,-0.003058
0.000109,0.001164,-0.000801,0.000167,0.007925,0.002051,0.002562,-0.003082,-0.002039,-0.002388,0.003071,0.001313,-0.001478,-0.001254,0.000980,-0.002747,-0.001608,-0.001648,0.000806,-0.000222,0.009888,-0.000201,0.004025,0.000009,-0.001092,-0.001653,0.000902,0.001026,-0.002568,0.000629,-0.001176,-0.000286,0.003497,-0.000604,-0.001158,-0.001162,-0.002323,-0.002761,0.000161,-0.010552,0.001850,-0.002249,-0.000199,-0.000891,-0.003671,-0.000519,0.004866,-0.002634,0.002525,-0.003591,0.001398,0.001265,0.001062,0.000600,0.009496,-0.000224,-0.001141,0.001022,0.000103,0.001103,0.000706,-0.001466,0.000473,-0.000840,-0.000484,0.001801,0.002112,-0.000561,-0.001435,-0.002747,0.000711,0.001151,0.003539,-0.002552,-0.002570,0.001599,0.001203,-0.000499,-0.002163,-0.001935,-0.000726,0.000577,-0.000322,0.000078,0.000183,-0.000466,0.002689,0.001893,-0.000388,-0.000400,-0.001767,0.001563,-0.003616,0.005933,0.000984,-0.000191,-0.001308,0.000508,0.001598,0.000014,0.000223,-0.000631,0.000108,0.000666,0.003921,0.001207,-0.002833,-0.001349,-0.001568,0.000320,0.000718,0.000997,0.003090,-0.001105,-0.000279,0.002422,0.001790,-0.012005,-0.001794,0.000772,-0.000039,0.002026,-0.001850,0.000921,0.000046,0.001874,-0.002701,-0.002284
0.000012,-0.004467,-0.011685,-0.005496,-0.024689,0.006822,0.006685,-0.006152,-0.011287,0.001069,0.008234,-0.015081,-0.006189,0.005094,-0.015749,-0.000505,0.004860,-0.000578,0.006724,0.000416,0.009672,-0.005353,0.000476,-0.019594,0.001143,-0.012222,0.004505,0.000278,0.000027,0.019477,-0.001078,-0.002970,0.008920,0.008504,-0.004224,0.003550,0.003899,0.001883,-0.003568,0.010621,0.010700,-0.019565,0.005410,-0.001916,-0.000805,0.006399,-0.008845,0.002563,0.004825,0.000075,-0.012328,0.010494,0.003177,-0.004562,-0.015648,-0.005052,-0.007922,0.006864,0.007986,0.000797,-0.004510,0.000283,0.001099,0.001088,-0.005286,-0.002762,-0.012101,0.016380,-0.005578,-0.006483,-0.000814,0.000465,-0.008157,0.003603,-0.006689,-0.008504,-0.017606,-0.006360,-0.003893,0.000806,-0.008155,0.007336,0.000809,0.001128,0.006401,-0.002112,0.005547,-0.004737,-0.000846,-0.008380,0.002457,-0.002556,0.004219,0.005385,0.005759,-0.017947,-0.003799,0.012622,-0.002199,0.000167,0.007572,-0.002545,0.003266,0.015104,0.012007,0.005056,-0.014275,-0.002987,-0.005936,-0.003887,-0.011018,-0.004342,-0.001209,0.000549,-0.006778,0.007153,-0.009230,-0.002941,-0.011464,0.000117,0.014474,-0.009754,0.007346,0.005588,-0.003202,-0.002589,0.023234,-0.000754
-0.063765,-0.056473,0.137331,-0.003839,-0.273198,-0.040482,-0.135990,0.042922,0.062737,-0.001897,-0.025078,-0.076114,0.187037,0.035852,0.010651,0.034291,0.088099,0.022772,-0.010778,0.081076,-0.229184,-0.020190,0.026354,-0.007528,0.137642,0.061765,0.011460,0.030813,0.067002,-0.031972,-0.001274,0.027749,0.029658,-0.019620,0.114789,0.090724,0.032449,-0.017966,0.019473,0.082148,0.028452,0.042874,-0.104048,0.054315,0.005095,-0.056362,-0.066562,0.087386,-0.013781,0.079501,-0.033798,-0.035052,-0.076078,0.062382,-0.048088,-0.053386,0.004771,-0.066806,-0.040292,0.050177,0.047875,0.014090,-0.000125,-0.023430,0.007410,-0.114635,-0.052698,0.010414,-0.012117,0.048831,-0.129071,-0.033251,-0.028293,-0.003675,0.021745,0.070894,-0.015390,-0.004016,-0.021508,0.017412,0.040417,0.024091,0.065786,0.042275,-0.046192,0.044743,-0.065283,0.142081,0.019508,-0.009233,0.002323,-0.050525,-0.117061,-0.113963,0.031443,0.022086,0.098867,0.083287,-0.058972,0.044038,-0.007597,0.011828,-0.072016,-0.049111,0.016919,0.028159,0.048384,0.089632,-0.062925,-0.008117,0.030102,0.078640,-0.020777,0.023607,0.084383,-0.106295,-0.007804,0.180628,0.033473,-0.043415,-0.000024,-0.026095,-0.019839,0.023205,-0.038360,-0.018001,0.215296,0.001892
0.038323,-0.002664,0.290447,0.109268,-0.392892,-0.166156,0.168688,0.173648,0.210922,0.185016,-0.104772,-0.071240,-0.012351,0.122559,0.120288,0.091610,0.058589,0.002313,-0.122967,0.030332,-0.178465,0.117521,0.063085,-0.026815,-0.005872,-0.007780,0.000845,-0.153292,0.183989,0.154676,0.123171,0.039720,0.037342,0.058251,0.072611,0.407979,-0.033410,0.061107,-0.067859,0.093972,-0.015128,0.049796,-0.074538,-0.000881,0.001402,0.011467,-0.014590,0.088461,-0.154831,0.005723,0.215021,-0.164787,0.005311,0.112420,-0.271465,-0.146978,-0.093628,0.168634,-0.024214,-0.184363,0.244579,-0.097909,0.040938,-0.181350,0.198150,0.056286,-0.337195,0.023299,0.068784,-0.042955,0.122162,-0.058090,0.045262,-0.053055,-0.098561,0.178054,-0.083109,0.175817,-0.297444,0.112049,0.357353,-0.001059,0.041014,-0.014768,0.324234,0.057803,-0.104904,0.153592,0.092799,-0.132137,0.179362,-0.079758,0.077286,-0.332904,-0.188286,-0.164619,0.164257,-0.264490,0.010030,0.081699,-0.016555,0.194073,-0.029375,-0.012594,0.030261,-0.043600,0.171010,-0.165289,0.030939,0.059432,0.034213,0.008781,-0.243599,-0.036104,0.103563,-0.017365,0.156995,0.447704,0.069404,-0.028361,0.110193,-0.113164,-0.080562,-0.181987,-0.025439,-0.103112,0.364266,0.229053
0.119086,-0.031131,0.237400,0.067475,-0.011908,-0.101060,0.426741,0.126046,0.063289,0.112792,-0.015975,0.020240,-0.040183,-0.075005,0.096591,0.061096,-0.005756,-0.207923,-0.109935,-0.127809,0.296797,0.090195,-0.219624,0.200874,-0.352767,-0.179087,0.018183,-0.253751,0.064234,0.046375,0.041652,-0.076580,-0.112480,0.088009,0.064613,0.385605,-0.144077,-0.204708,-0.191118,-0.081225,0.001446,-0.071325,-0.020579,-0.070886,-0.022768,-0.061925,0.078881,-0.182395,-0.064864,-0.204511,0.223715,0.001440,0.109569,0.190037,-0.196929,0.047160,-0.038317,0.148125,-0.283224,-0.133942,0.293007,-0.115352,0.104824,-0.113219,0.223083,0.224495,-0.050351,-0.105381,-0.034391,-0.183706,0.173064,0.232021,0.060666,-0.135988,-0.184441,0.125876,0.167534,0.132177,-0.551939,0.160276,0.454402,-0.006251,-0.113753,-0.215403,0.467805,-0.098721,-0.115715,0.093114,0.009342,-0.175917,0.144415,0.003307,0.056226,-0.243529,-0.272059,-0.225170,-0.285288,-0.193637,-0.134827,-0.095869,0.018822,0.161087,0.002664,0.016952,-0.016685,-0.136741,0.068737,-0.217735,0.127884,-0.102348,-0.044203,-0.037750,-0.039997,-0.054437,0.054554,0.105313,0.152145,0.241787,0.137542,0.069365,0.106648,-0.239295,-0.098262,-0.160747,-0.042097,-0.065830,0.032396,0.183769
0.004799,0.129045,-0.070038,-0.286043,0.283166,-0.069613,0.698086,0.035299,-0.019132,-0.075523,0.093124,-0.091669,-0.082141,0.184987,-0.143421,0.161314,0.062442,0.108141,0.055973,0.046167,0.100295,-0.021720,-0.015965,0.037889,-0.024751,-0.253806,-0.092023,-0.181687,-0.118538,-0.121734,0.131662,-0.071108,-0.198825,0.069709,-0.078394,0.163545,-0.014868,-0.109981,-0.472636,0.171447,0.109291,-0.058755,-0.145368,-0.271025,-0.211556,0.126630,-0.020604,-0.004683,0.007061,-0.191078,0.012122,0.058045,-0.005210,0.323360,-0.128306,-0.070516,0.038742,0.090095,-0.090263,-0.330773,-0.027037,0.050022,-0.006954,0.088856,-0.160128,0.107268,-0.273748,-0.045405,0.136734,-0.733510,0.004512,0.257671,0.046989,0.256585,-0.198131,0.126884,0.096570,0.004462,-0.110838,0.102710,0.103558,0.105520,-0.102696,0.016071,0.090530,0.125988,-0.022305,-0.381733,0.031313,0.002395,-0.082498,-0.102466,0.223530,0.016237,-0.124521,0.095472,-0.068405,0.042218,-0.440053,-0.067248,0.247791,0.093157,-0.095309,-0.063721,-0.124328,0.011182,0.070100,0.245814,0.297731,-0.014331,-0.092405,-0.133994,-0.041169,-0.031293,0.046068,-0.006353,0.368708,0.076820,0.115460,-0.014933,0.084216,-0.010926,-0.042079,-0.019681,-0.029225,-0.114107,0.021622,-0.032632
0.276525,0.028081,-0.410059,0.187204,0.069819,-0.064285,0.452114,0.249010,-0.170262,-0.236838,-0.170628,-0.120397,-0.176289,0.035974,0.132227,-0.012996,0.101500,0.044717,0.015918,0.145257,-0.019087,0.052699,0.172865,-0.133451,0.112244,-0.003792,0.002723,0.141534,-0.160656,-0.191168,0.179835,-0.151499,0.053757,0.054820,0.080942,0.060207,-0.034064,0.408544,-0.426741,0.142256,0.009022,-0.168531,-0.235385,-0.061307,0.127295,0.153022,-0.170098,0.189065,0.169480,-0.071855,-0.106417,0.012114,-0.407041,0.540661,0.028726,-0.147176,-0.123595,0.060748,0.038179,-0.183206,0.111843,-0.112639,0.002549,-0.198557,0.003964,0.095853,-0.146445,0.349343,-0.090541,-0.378690,-0.114256,0.292862,0.091565,0.371421,0.080441,-0.083991,-0.264917,0.209217,0.037041,0.120701,0.087751,0.125333,-0.017683,-0.045527,-0.131078,0.353594,-0.147516,-0.164900,-0.097384,-0.074380,-0.188580,-0.049116,0.272441,0.337261,-0.149507,0.147361,0.276034,0.301214,-0.336700,-0.076561,0.031222,0.177878,-0.008340,-0.016206,0.005661,-0.173150,0.100703,0.284869,0.094161,-0.059775,-0.348541,0.151754,0.189053,0.149218,0.468988,0.112650,0.120600,-0.079815,0.205045,-0.054842,0.516722,0.119667,0.029441,0.205394,-0.153202,0.174971,0.226971,-0.031006
0.363297,0.004620,-0.992331,0.250443,0.189159,-0.065758,0.272399,0.284535,-0.175899,-0.222041,0.152138,-0.107766,-0.145532,-0.071436,-0.141698,0.106681,-0.109136,0.042359,-0.042314,0.172094,-0.133457,-0.016356,0.037820,-0.275585,-0.105180,-0.041514,0.159520,0.164024,-0.034720,-0.128010,0.016907,-0.224448,-0.400061,0.057025,0.170224,-0.277839,-0.036471,0.229719,0.552163,-0.013265,-0.183677,-0.031737,-0.033460,-0.051139,0.115921,-0.069653,0.011003,0.003336,-0.016876,-0.062555,-0.008382,-0.037588,-0.368837,0.100861,-0.063571,0.206791,-0.191397,0.246313,0.053038,0.308615,0.480706,-0.160259,0.014407,-0.514820,0.207229,0.104826,0.327005,0.202548,-0.131925,-0.167439,0.128036,0.334607,0.090281,0.037248,0.074036,0.348526,0.146874,0.430904,-0.344714,0.191817,0.227007,-0.071459,-0.353562,-0.130093,-0.054590,0.251728,-0.276699,-0.542945,0.109801,0.233523,-0.122965,-0.159634,0.044548,0.094677,-0.029733,0.116051,0.169849,0.309801,0.135006,0.006168,-0.077998,0.115026,-0.215260,0.081461,-0.163476,0.134788,-0.114119,0.071904,0.122345,-0.005607,-0.155343,0.124523,0.136516,-0.210621,0.390022,0.044368,0.149903,-0.056331,-0.027605,-0.262994,0.398092,-0.016257,0.057554,0.001103,-0.130111,0.197862,0.136863,0.101857
0.057157,-0.056867,-0.586008,0.255494,0.305614,0.212376,-0.140604,0.201647,-0.099441,0.365709,0.336847,-0.004496,0.105108,-0.013193,-0.355820,-0.209641,-0.016977,0.112214,-0.025467,0.275557,-0.281262,0.056457,-0.057984,-0.309596,0.107411,-0.161534,0.060236,0.131094,0.071639,-0.235111,0.053007,0.057555,-0.168626,0.010029,0.248036,-0.138555,0.170649,0.249500,0.957613,-0.036190,0.238177,-0.231379,0.187489,-0.068597,-0.035823,0.008168,-0.046633,0.133843,-0.010339,-0.210560,0.023933,-0.055407,-0.331063,-0.075692,-0.055737,0.235537,-0.207666,0.175866,-0.097903,0.409309,0.254639,-0.117864,-0.061395,-0.046420,0.080817,-0.130349,0.027119,0.205476,-0.169712,-0.194936,0.036594,0.352079,-0.001178,0.128247,-0.007806,0.145034,0.267100,0.680512,-0.026742,0.312646,0.261166,0.120193,-0.173148,0.282776,-0.017058,0.325970,-0.392303,-0.429988,0.014493,0.285205,0.080783,-0.200464,-0.103478,0.058178,-0.055048,-0.046954,0.276668,0.077861,0.076466,0.063012,-0.060406,0.218226,-0.244207,0.004212,-0.176520,0.389593,-0.202278,-0.024704,0.492759,0.015610,-0.092149,-0.188732,-0.283261,-0.222327,0.043070,-0.333333,0.042799,-0.176705,0.035453,-0.206451,0.330645,-0.186639,0.049843,-0.094439,0.027085,-0.154629,0.168273,0.097030
0.100928,-0.138905,0.463759,-0.099051,0.163209,-0.067316,-0.486231,0.266929,0.266938,-0.049499,0.005231,0.095547,-0.219115,-0.162321,-0.075371,-0.076388,-0.053776,0.074297,0.206206,0.100739,0.060109,0.014946,-0.055957,-0.219013,0.044324,0.065063,0.128060,-0.121893,-0.198354,-0.319751,-0.163021,0.045998,-0.178370,0.122216,0.199744,0.087862,-0.235539,0.004861,0.651646,-0.066182,0.061638,-0.346827,0.303863,-0.139128,-0.105549,0.151429,0.052574,0.044551,-0.306681,0.140286,-0.250916,0.045532,-0.024582,-0.218373,-0.031895,-0.058777,-0.288909,-0.061436,-0.016661,0.728932,-0.102985,-0.086941,0.030454,0.090697,-0.034624,-0.052589,-0.220485,0.234977,-0.156416,0.081562,0.000128,0.286930,-0.115588,0.176037,-0.052167,-0.098720,0.013272,0.486364,0.227365,0.249991,-0.129283,0.031382,-0.087944,0.470884,-0.175252,-0.108633,0.183788,-0.439929,-0.233619,0.015647,0.177974,-0.116045,-0.022055,0.466896,0.023412,0.018573,0.277286,-0.139127,-0.390725,-0.098453,0.237680,0.097772,-0.318476,0.349697,0.380705,-0.042327,-0.094845,-0.017219,0.317487,-0.020022,-0.091453,-0.234381,-0.113556,-0.048879,-0.173811,0.081330,0.187516,-0.108680,0.069910,-0.136448,0.281528,-0.007599,0.130533,-0.103169,0.054228,-0.060910,-0.111851,-0.144100
-0.268945,0.122841,0.579806,-0.147063,0.006994,-0.164607,-0.000426,0.399710,0.164714,-0.159572,0.203265,0.012899,0.047697,0.449442,-0.166696,-0.088208,-0.529447,-0.231609,0.100999,-0.122882,0.036960,-0.039547,0.011658,-0.290114,0.163399,0.075894,0.194953,-0.038950,-0.106071,0.115122,0.112341,-0.016582,0.058569,0.163154,-0.009392,-0.072849,-0.068082,0.117737,0.221930,-0.090153,0.152977,0.174485,-0.027054,0.096765,-0.280830,0.322073,-0.105798,0.072111,-0.187229,0.028751,-0.033989,0.178149,0.226649,-0.383027,0.247706,0.004097,-0.166651,0.014930,-0.105219,0.878518,-0.059952,0.105501,-0.463946,-0.015712,0.259522,0.102704,-0.266292,-0.065742,-0.148480,-0.475188,0.115688,0.187939,-0.059041,0.055280,-0.086586,-0.090292,0.165379,0.023872,0.227492,0.135514,-0.296822,-0.037772,0.119359,0.282239,-0.240283,-0.041660,0.180208,-0.156462,-0.286508,-0.376259,0.009569,-0.157027,-0.194069,0.430084,-0.142793,-0.121840,-0.134559,-0.337298,-0.438214,-0.180187,0.301840,-0.042649,-0.063076,0.061285,0.234332,-0.229181,0.426618,0.148749,0.124866,-0.000144,0.135160,0.138982,-0.092173,0.271371,0.015667,0.156563,0.494480,0.110639,0.021028,-0.182999,0.156109,0.189030,0.213728,0.170737,-0.053288,0.041286,0.422645,-0.226947
0.142996,0.019227,0.377582,-0.637840,0.032175,-0.333952,0.282229,0.618130,-0.007613,-0.197490,0.241520,0.219804,0.078599,0.372625,-0.152288,-0.153245,-0.443903,-0.187346,0.057818,-0.334304,0.130814,0.031516,0.006098,0.122600,0.115668,0.097350,-0.155778,-0.271857,-0.048610,-0.276009,-0.052282,-0.055682,0.108311,0.265497,0.223289,-0.228045,0.158185,0.464579,0.037613,-0.036470,0.024614,0.009534,-0.271280,0.029458,-0.060434,0.144132,0.193365,0.071785,-0.008440,0.146371,0.421739,0.100341,0.453024,-0.541220,0.344737,-0.116467,-0.106776,0.055808,0.041935,0.399728,0.303389,0.006061,-0.142412,-0.164521,0.268529,-0.055491,0.115590,-0.152180,0.061258,-0.376827,-0.076377,0.197268,-0.086503,-0.014544,0.037139,0.063615,0.001613,-0.555901,0.160711,0.173041,-0.269764,-0.088289,0.179988,0.195216,-0.163367,-0.236103,-0.202809,-0.250578,-0.121495,0.132668,0.019455,0.344033,-0.415738,0.239110,-0.415527,0.012059,0.437709,-0.012258,0.090220,0.194822,0.067658,0.299296,-0.057912,-0.301624,-0.043264,-0.285008,0.124583,0.022558,0.405243,0.094093,0.191138,0.251751,0.292150,0.142664,0.339010,0.064691,0.405193,0.065802,0.154441,-0.101976,0.302590,0.221989,0.209373,0.053736,0.024525,0.042139,0.101581,-0.020821
0.358398,-0.035385,0.057890,-0.580277,-0.042281,-0.274927,0.157595,0.610377,-0.145252,-0.141977,0.221983,0.021211,0.139645,0.564463,-0.243797,0.064676,-0.265720,-0.182119,-0.131475,0.074080,-0.028509,0.036093,-0.068542,-0.154317,0.075178,0.090269,0.390636,-0.335879,0.051508,0.033731,0.011085,-0.073774,0.152362,-0.013514,0.241734,0.025825,0.392645,0.329800,0.265405,0.177243,0.006553,0.093388,-0.259441,0.173853,0.134913,0.134640,0.225356,0.104285,0.057130,0.197373,0.009351,-0.193069,0.063101,-0.087445,0.191661,0.125257,-0.183761,-0.124357,0.035588,-0.102504,0.274379,-0.133911,0.071971,-0.246456,0.474791,0.221025,-0.217903,-0.288164,-0.097134,-0.280510,0.178043,0.202269,0.042594,0.006022,0.183784,-0.157464,-0.298632,-0.841866,0.094569,-0.057894,-0.263846,0.160921,0.321307,-0.206841,-0.475498,-0.230735,0.294710,-0.172157,-0.210004,-0.199403,-0.086614,0.518151,-0.112944,0.048664,-0.182098,-0.135503,-0.165189,0.315859,0.255511,-0.245827,-0.155663,0.085514,0.118903,-0.176281,-0.336668,-0.306748,-0.142553,-0.004825,0.304001,0.074071,0.036519,-0.204817,0.012701,-0.127487,0.229738,-0.029560,0.115844,-0.023239,-0.017286,-0.005028,0.218616,0.088241,0.311976,0.197230,-0.237095,-0.100698,0.078687,0.078232
-0.010943,-0.067230,-0.217062,-0.470011,-0.178696,-0.134545,0.102667,0.118960,-0.066450,-0.151934,0.223299,-0.234661,0.074735,0.340088,-0.175472,0.171703,-0.058808,-0.211221,0.213003,-0.008612,0.061179,-0.149383,-0.283330,-0.146175,0.342488,0.066706,-0.057245,-0.319742,-0.159257,0.039510,-0.103199,0.045163,0.061955,-0.001342,0.296986,0.056339,0.307370,0.158543,0.430049,0.258303,0.123279,-0.059011,-0.230883,0.010699,-0.017340,-0.139394,0.043561,0.131649,0.140287,0.263653,-0.004449,-0.041564,-0.123335,0.694444,-0.001735,-0.173556,-0.130836,0.096898,0.141076,0.024111,0.229419,-0.037181,-0.036154,-0.012094,-0.271522,0.023428,-0.019700,-0.003330,0.054553,-0.320200,0.056522,-0.160264,0.041317,-0.243650,-0.183653,0.024244,0.104955,-0.488534,-0.033742,0.089086,-0.075472,0.175214,0.187686,0.176943,-0.432490,-0.579136,0.193525,-0.372237,-0.012315,-0.086310,0.009066,0.586203,-0.047521,0.016173,0.028962,0.252658,0.236650,-0.049181,0.376241,0.006257,-0.156552,0.237489,0.127497,-0.111027,-0.264044,-0.027709,-0.068485,0.055619,0.649344,0.002381,-0.204105,-0.077477,0.112076,-0.091006,-0.095360,-0.045070,0.289418,-0.091319,-0.042236,-0.087331,0.003652,-0.027767,0.058262,0.095530,-0.243028,0.199373,0.275872,-0.087749
-0.208983,-0.143449,0.020381,-0.300576,-0.068210,-0.186704,-0.043289,-0.591449,-0.002089,0.305765,-0.024245,-0.092602,0.155574,0.083165,0.168137,0.250165,-0.042315,-0.349589,-0.073922,-0.203031,0.322650,-0.150317,-0.182765,0.050349,0.263405,0.089231,0.060334,-0.144734,-0.313544,0.153420,0.086351,0.054029,0.451375,0.072667,0.176292,0.198671,0.297379,0.262381,0.426664,0.191671,-0.074330,0.323197,-0.013730,-0.064330,0.087380,-0.132519,-0.158453,0.198166,-0.006308,0.171001,0.063159,0.204456,-0.131288,0.785246,-0.375145,0.042835,-0.214072,-0.062564,0.208318,0.038106,0.223918,0.105393,-0.124756,0.192406,-0.415195,-0.073186,-0.068014,-0.207572,0.044156,0.130836,0.484138,-0.132038,0.089103,-0.365713,-0.106077,-0.010079,-0.027264,-0.090690,0.168140,0.051250,-0.084799,0.227778,0.065893,0.000553,-0.378423,-0.408024,-0.116461,-0.218685,-0.252015,-0.306535,0.477616,-0.086458,0.264469,0.072574,0.181262,-0.046350,0.115613,-0.441014,0.236348,0.203111,0.168513,0.260123,-0.029013,-0.043929,-0.122077,-0.312821,0.155994,-0.110466,0.266998,-0.286190,-0.114844,-0.165687,-0.015299,0.073844,-0.162613,-0.061645,0.272105,0.158597,-0.252686,-0.004159,0.105080,-0.053882,0.287841,0.111083,-0.131768,-0.143504,0.120230,-0.170803
0.097592,0.237561,0.425700,-0.494527,0.101807,0.151637,0.094375,-0.926173,0.030606,0.316739,0.018780,0.042773,0.007683,0.002502,0.000064,0.049822,0.162446,-0.238904,0.124555,-0.134612,0.152988,-0.249887,-0.211285,-0.166758,0.136093,0.054552,-0.001859,-0.026953,0.249814,0.130559,-0.070582,-0.017143,0.735664,0.228288,0.171702,-0.039949,0.045155,0.278352,-0.142189,-0.170156,0.097217,0.214296,-0.244016,-0.043267,0.181860,0.177295,0.198314,0.045927,0.017863,0.404182,0.424828,0.088985,-0.330977,0.132432,-0.113614,0.164319,0.264411,-0.205488,0.052356,0.289515,-0.100700,0.118851,0.091092,-0.062943,-0.531629,-0.101660,-0.172212,-0.433944,0.016489,0.096074,0.453881,-0.059916,-0.207353,-0.217916,0.184381,0.100879,-0.159728,0.272816,-0.146623,0.084975,-0.264938,-0.119362,-0.330659,-0.244339,-0.480546,0.217057,-0.243352,-0.147354,-0.410520,-0.125842,0.325850,0.033824,0.002013,0.264296,0.402420,-0.210242,-0.236549,-0.185455,0.132512,0.003237,0.036772,0.343546,0.121748,-0.019328,0.235444,-0.017805,0.159883,-0.429752,0.307409,-0.259214,-0.398983,-0.114959,-0.033983,0.065855,-0.006149,0.245877,0.191425,-0.026184,-0.406012,-0.294107,0.388272,0.042300,0.426387,0.260829,-0.168604,-0.135948,0.150189,-0.017049
-0.076924,-0.038389,0.292599,-0.054128,-0.085727,0.090877,-0.543285,-0.709667,-0.138130,0.046493,-0.055386,-0.076094,0.046308,-0.293125,-0.297305,-0.198250,0.334170,-0.050640,0.107887,-0.215593,0.164739,-0.060225,-0.205221,0.052317,0.349739,0.420301,-0.261259,0.066675,0.132056,-0.524583,-0.183435,0.003505,0.113998,0.266033,-0.068116,0.082045,-0.115707,0.460892,-0.249418,0.176077,0.160342,0.084654,-0.328368,-0.085034,-0.187069,0.091036,0.148271,0.358660,-0.264418,0.421929,0.074273,-0.095040,-0.291215,-0.465363,-0.064023,0.078404,0.468174,-0.061363,0.117241,0.094598,0.232180,0.053057,-0.185262,-0.100764,-0.018130,-0.047513,0.022274,-0.084134,0.069471,0.243084,0.329624,-0.228470,-0.052579,0.032199,0.186855,0.296347,0.132168,0.096220,-0.185675,0.342647,-0.040600,-0.229331,-0.028911,0.001395,-0.272485,-0.112496,-0.197845,-0.213063,-0.032746,-0.247899,0.206130,-0.000978,-0.247204,-0.052287,0.217440,-0.276529,0.141329,-0.135713,-0.194386,0.119034,-0.057739,0.355076,0.243696,-0.167354,-0.078631,-0.025974,0.077674,-0.158009,0.159190,-0.063227,-0.469788,-0.150896,0.350372,-0.045462,-0.223260,0.201999,0.384748,0.135043,-0.308484,0.051454,-0.003641,0.066998,0.059234,0.052062,-0.146699,0.064120,-0.199713,-0.032224
-0.206055,-0.182805,-0.084165,-0.091498,0.056723,0.266496,-0.110983,-0.252410,-0.494921,-0.579997,0.178033,-0.023058,0.050966,-0.263941,-0.300888,-0.346392,0.097595,-0.073611,-0.131063,0.134244,0.246861,-0.063596,-0.267868,0.080478,0.403574,0.223358,0.104872,-0.014520,-0.053376,-0.162924,0.127953,0.024155,0.155694,0.178375,-0.054766,-0.004407,-0.117823,-0.084615,-0.439954,0.130144,-0.054205,0.110629,-0.088262,-0.034921,-0.229841,0.043033,0.041481,0.205264,-0.273299,-0.028419,-0.211146,0.092642,0.056978,-0.414499,-0.032523,0.199754,0.203673,0.362205,0.101894,0.116294,0.142546,0.053453,-0.162868,-0.138932,-0.071698,-0.231289,0.023964,0.027100,-0.026882,0.082647,0.242538,-0.044017,-0.051699,0.244841,0.016171,0.296948,0.230563,0.113400,-0.252210,0.267516,0.223364,0.125080,-0.126334,-0.104531,0.070810,-0.058204,-0.133671,-0.276345,-0.192622,0.037919,0.127290,-0.068086,-0.113834,-0.061938,0.301115,-0.694302,0.042480,0.159500,0.116638,0.292981,-0.127142,0.227257,0.279504,-0.071383,0.118492,0.075394,-0.224434,0.294207,0.155249,-0.207781,-0.175027,-0.289436,0.321530,-0.050870,-0.033249,-0.150937,0.175574,-0.062155,-0.396322,0.168454,0.170174,-0.245417,0.120958,-0.136937,0.069868,-0.045949,-0.153638,0.026367
0.045625,0.187137,0.000061,-0.234579,0.481559,0.613792,0.088753,0.196322,-0.417188,-0.447403,-0.063414,0.176361,0.151160,-0.126101,-0.142723,0.113310,-0.140702,-0.109467,-0.202454,0.117638,0.039345,-0.111252,-0.315543,-0.079995,-0.045182,0.259337,-0.190558,-0.236486,-0.072488,0.122433,0.521751,-0.110548,0.033700,-0.397482,0.084173,0.209549,-0.041050,0.229673,-0.491656,-0.174102,0.155247,-0.193699,0.172835,-0.229572,-0.290726,-0.009599,-0.254033,0.503983,-0.330869,0.049501,-0.175647,0.104652,0.197250,-0.097069,-0.200988,0.063524,0.066524,0.489989,-0.185272,-0.103959,-0.045509,-0.005706,0.022853,0.022894,-0.257360,-0.043562,-0.320721,-0.062405,-0.125138,0.306678,0.213652,0.052089,0.247060,0.309244,0.109779,-0.018689,0.025226,0.231275,-0.247377,-0.108077,0.341524,0.217584,-0.215786,-0.163985,-0.358715,0.331212,-0.202166,-0.338855,-0.292358,0.036353,0.154831,-0.182660,0.122750,0.263886,-0.023671,-0.766223,-0.072064,0.032350,-0.011211,0.086375,-0.176788,0.092290,-0.055769,-0.014492,0.227200,-0.032286,-0.094221,0.487011,0.183126,-0.116120,-0.056523,-0.301805,0.018318,-0.113922,-0.015425,-0.190204,0.268381,0.089208,-0.212386,-0.171665,0.231022,0.161294,0.014501,-0.109266,0.210831,0.096157,-0.067600,0.055816
-0.018331,0.145504,0.109472,-0.367079,0.077358,0.269082,0.214207,0.319368,-0.295607,-0.001561,0.199826,0.046182,0.274251,-0.158450,-0.145479,0.040643,-0.323072,-0.152073,-0.033023,-0.138168,0.179552,-0.205289,-0.280664,-0.071652,-0.053522,-0.004396,-0.296628,0.077523,-0.191267,0.200664,0.081567,-0.028547,-0.276538,-0.546002,0.041617,0.263529,-0.301163,0.147882,-0.289612,-0.110492,-0.060232,0.134685,0.286526,-0.293187,-0.390675,-0.375384,-0.009692,0.412906,0.026238,-0.313268,-0.244467,-0.307054,0.104311,0.064188,0.042882,0.090092,0.031814,0.419747,0.156127,-0.280582,-0.005291,-0.043950,0.098109,0.158344,-0.169880,0.006220,-0.346717,0.131329,-0.101273,0.144367,0.103353,0.136354,0.018687,0.026415,0.168025,-0.024247,0.031356,0.360367,0.149970,-0.161854,0.257976,-0.026088,-0.057994,-0.040120,-0.298435,0.230018,0.119248,-0.339460,-0.160876,0.106591,0.113783,0.043599,-0.170865,-0.077476,0.252597,-0.213465,-0.013456,0.149824,0.089159,0.197206,0.065399,-0.057833,-0.088571,0.106656,0.152077,-0.330593,-0.195987,0.280323,-0.235506,-0.493608,0.105990,0.026873,0.067744,-0.032088,-0.073901,-0.269939,0.138338,0.119741,-0.034441,0.044194,-0.111116,0.285447,-0.326736,-0.245918,0.208305,0.066446,0.044660,-0.254286
0.082563,0.063746,0.032256,-0.133758,-0.124602,0.170014,-0.014032,0.377744,-0.240502,-0.016294,-0.031467,0.220227,-0.161424,0.180190,0.023938,0.227559,-0.007712,-0.146986,0.090189,0.097787,0.271297,-0.141139,0.093143,0.147024,0.203129,0.088080,0.104111,0.164779,0.038071,0.375525,0.120854,-0.029001,-0.064717,-0.243437,-0.000603,0.528302,-0.106286,0.229367,-0.202917,-0.171869,-0.019764,0.222943,0.249872,-0.071343,0.073519,-0.218593,0.254771,0.281034,0.159788,-0.384104,-0.008544,-0.533865,-0.004715,0.245494,0.182938,-0.178201,0.031927,0.094571,0.017057,-0.246136,-0.117616,0.045153,-0.027218,-0.044422,0.043659,0.155055,-0.423251,-0.295697,-0.152275,0.137089,0.232944,0.160845,0.078878,0.294699,0.259891,0.033046,0.117183,0.154082,0.188824,0.076494,0.314306,-0.014312,0.051374,-0.101756,-0.402952,0.484243,-0.022119,0.180865,-0.050227,0.269121,0.090757,0.180829,-0.074620,-0.226457,-0.068136,-0.081356,0.053932,-0.070666,0.164984,0.121502,-0.040217,0.037009,-0.032521,0.075435,0.048789,-0.323244,0.000577,0.349586,-0.063037,0.080836,-0.192976,-0.054740,-0.065311,0.066013,0.154795,0.056886,0.173530,-0.219208,0.101236,-0.100839,-0.066959,0.046139,-0.329306,-0.348302,0.063033,0.180093,-0.200977,-0.143850
0.075384,-0.047312,-0.090790,-0.021602,0.114519,0.266397,0.062879,-0.029548,0.063309,0.286267,0.047733,0.116064,-0.475466,0.342420,0.026049,0.116837,-0.089867,-0.076939,-0.019852,-0.004089,0.323787,-0.184054,-0.101569,-0.124150,0.085586,0.080935,-0.007420,0.069881,-0.086837,0.203763,-0.135555,-0.045807,-0.031720,0.056385,-0.146112,0.274439,0.084432,0.087436,0.117704,-0.310787,0.094862,0.395227,0.034892,-0.066589,0.091524,-0.205253,0.089920,0.089147,0.137133,-0.149481,-0.102006,-0.170915,0.099030,0.088345,-0.026667,-0.021943,0.032035,0.014807,-0.085669,-0.103528,-0.006935,0.021204,0.148998,0.024400,0.193639,0.158576,-0.062849,-0.147008,-0.217565,0.039926,0.303411,0.217944,-0.040616,0.066309,0.187208,-0.055715,-0.111584,-0.060987,0.132196,0.036030,0.157364,0.127904,-0.063860,-0.013172,-0.059301,0.314685,-0.023661,0.023594,-0.001314,0.160114,0.125726,0.108330,-0.177726,-0.054513,-0.046863,-0.076599,0.003227,0.165629,0.010886,-0.068894,-0.037004,0.047881,-0.122674,0.307542,-0.166168,-0.238675,-0.122688,0.067683,-0.065667,-0.043460,-0.069514,-0.311396,-0.015629,0.191503,0.032653,0.189060,0.052038,-0.253387,-0.019730,0.032027,-0.193648,-0.015235,-0.148290,-0.106938,-0.019091,0.053282,-0.377061,-0.149039
0.053453,-0.000653,0.031356,-0.155670,-0.052439,0.029123,0.032990,0.073149,0.009476,0.352190,-0.101520,-0.033665,-0.031462,0.187976,-0.047893,0.056539,0.157883,0.021705,0.002805,0.103029,-0.193631,-0.148024,-0.031043,-0.086336,0.069563,-0.005598,-0.104949,-0.012599,-0.086621,-0.018312,0.025070,-0.011850,-0.103318,0.241920,0.001319,0.207298,0.245405,0.135562,0.094889,-0.471807,0.073690,-0.236971,-0.017410,0.027657,-0.145012,-0.198588,0.042386,0.137444,0.117608,0.225706,0.187820,-0.134025,0.070184,0.013944,0.248676,-0.019727,0.017201,-0.018755,-0.184352,0.029088,0.079427,-0.107225,0.067574,-0.162847,0.252893,0.195596,-0.143236,-0.014926,-0.120385,-0.019000,-0.458088,-0.051421,0.065749,0.068277,0.056912,-0.055392,-0.159322,-0.036110,0.006856,-0.071552,0.027444,0.018049,-0.062593,-0.026599,0.223417,0.082728,-0.239126,0.094178,0.103665,-0.070790,0.143933,-0.000701,-0.227379,-0.032417,0.098815,-0.231418,-0.003438,0.117993,0.073637,-0.019635,0.040216,0.176326,-0.063543,0.127759,0.052551,0.076007,-0.063959,-0.093887,-0.077700,-0.263508,0.009905,-0.005316,0.002821,0.046459,0.099395,0.031170,-0.092103,0.171484,0.100202,0.014983,-0.211080,0.097396,-0.080989,0.201457,-0.072155,-0.040524,0.085377,-0.139791
-0.156771,0.009543,0.082748,0.051638,0.013842,-0.075406,0.045742,0.079377,0.084449,0.159365,-0.055788,0.097341,0.039957,0.118657,0.025518,0.014295,0.168208,0.020629,0.128986,0.201300,-0.385769,-0.153599,0.016829,0.023528,0.205429,0.020097,-0.019300,0.157206,0.006344,-0.103727,0.024652,-0.045115,-0.157736,0.183012,0.146336,0.129456,0.120252,0.007022,0.027928,-0.389680,-0.022479,-0.368491,0.070425,0.135158,-0.120562,-0.090029,0.001028,0.101724,0.081812,0.095701,0.135266,-0.141476,0.072057,0.042362,0.205483,0.150187,0.082664,-0.098274,-0.304155,0.044645,0.143101,-0.012720,-0.029957,-0.027818,0.079362,0.062424,-0.014551,-0.045680,-0.040654,0.018129,-0.392038,0.077098,0.012819,0.116441,0.117179,0.056654,0.035467,0.000149,0.097325,0.044674,0.037294,0.091435,-0.003194,-0.012248,0.030488,-0.043048,-0.192984,0.062614,0.069001,0.045992,0.061772,-0.060775,-0.220467,0.308592,0.188364,-0.045807,-0.064737,0.097358,0.037123,-0.030511,0.056599,0.229430,0.043740,0.204203,-0.012921,0.070048,0.063322,0.013305,-0.094282,-0.076807,0.001146,0.027789,0.120892,0.013390,0.043350,-0.135657,-0.029716,0.072296,0.099530,0.035483,-0.094179,0.063256,-0.078124,0.117644,-0.041678,-0.029097,-0.157402,-0.097274
-0.021240,0.003556,-0.002130,-0.000071,-0.024314,-0.017801,0.001109,-0.005662,0.005387,0.006979,0.012810,-0.018904,0.019007,0.007926,0.009303,-0.008005,-0.007044,-0.004133,-0.011129,0.003801,-0.016588,-0.006807,0.020886,0.021752,0.017899,0.003557,0.003419,0.009096,0.001518,-0.007966,-0.011424,-0.003668,-0.012782,0.013959,-0.005234,-0.020010,-0.012761,-0.021772,0.012141,0.019457,0.002492,0.004165,-0.009318,-0.007486,0.007007,-0.006303,0.010941,-0.012694,-0.008273,-0.010179,0.007242,-0.025988,-0.004566,0.012778,-0.017541,0.008209,0.010841,0.011391,0.021018,-0.001311,0.006809,0.018430,0.016617,0.011374,0.010219,0.001283,0.018233,-0.022150,0.000297,-0.021839,0.002717,0.010528,-0.006698,-0.004064,0.000809,0.006091,-0.002654,0.007482,0.008646,0.002571,0.003655,-0.007081,0.015205,0.022660,-0.006201,0.005623,0.006575,-0.010866,0.007389,0.026698,-0.006582,0.009144,0.023747,-0.037070,0.021864,0.022667,0.008732,0.027364,0.003927,0.009499,0.002347,0.017575,0.001026,-0.005564,-0.034212,0.018511,0.000476,0.005588,0.019339,-0.019107,-0.003081,0.018767,0.015768,0.009896,0.000704,0.001081,-0.012735,-0.011535,0.006264,0.001446,0.019570,-0.007452,-0.004619,0.001894,-0.012582,-0.011539,0.013224,-0.025979
-0.019783,0.014484,-0.000220,0.015742,-0.036464,-0.023612,0.019295,-0.001925,0.025636,0.015471,0.007989,-0.010156,-0.006841,0.018529,0.016917,0.001164,-0.014669,-0.001273,-0.017612,-0.010139,-0.034274,-0.004709,0.015307,0.005497,0.022269,-0.001020,-0.007977,0.021619,-0.000016,0.002526,-0.008447,-0.004153,-0.027136,0.018682,-0.016502,-0.005543,-0.023220,0.002703,0.002965,0.008391,0.002226,-0.007340,0.003399,-0.002763,0.009540,0.002451,0.015793,-0.004838,0.002244,-0.016465,0.020477,-0.028513,-0.003154,0.008135,-0.026631,0.026284,0.011525,0.018527,0.030160,-0.020221,0.000329,0.020441,0.022524,0.022871,0.001607,0.014432,-0.012008,-0.019805,0.001822,-0.019097,0.021219,0.021599,-0.011025,0.001562,0.015875,0.009379,-0.010013,0.010745,0.004761,0.008698,-0.004378,0.002120,0.011479,0.024708,0.000942,0.009692,-0.008355,-0.045910,0.011182,0.030627,-0.002639,0.007876,0.013568,-0.006279,0.024409,0.012180,0.002876,0.018957,0.005481,0.004729,0.001762,0.027033,-0.001260,0.053359,-0.039589,0.007913,0.013763,-0.000784,0.015866,-0.011281,0.004058,0.012525,0.019851,0.010396,0.006868,-0.012599,-0.015600,-0.002336,0.000503,0.008212,0.024000,0.002481,-0.010809,0.004538,-0.012138,-0.009738,-0.024431,-0.021959
0.000066,0.000754,0.004519,0.000727,-0.002093,0.000223,-0.000511,-0.001772,0.004462,0.001771,0.000650,-0.000946,-0.000305,0.000354,0.001464,0.002338,-0.000795,0.001608,-0.000998,0.000201,-0.007673,0.000511,-0.000992,-0.002185,0.002230,0.000497,-0.001301,0.000405,0.000197,-0.000465,-0.000684,-0.001133,-0.003304,-0.004054,0.003018,0.001827,-0.002960,0.002220,-0.000599,0.001624,-0.001994,0.001601,0.000747,0.000912,0.000577,0.000648,-0.003406,0.003648,-0.003659,0.002404,0.000931,0.001208,0.001114,0.000587,-0.003754,-0.000377,-0.002362,0.001723,0.001328,-0.004579,0.001494,-0.001523,-0.000211,0.000456,-0.005282,0.000277,-0.002934,0.000459,0.002633,0.000349,0.002719,0.000362,-0.000035,-0.000679,-0.000155,0.003976,-0.000072,-0.000412,0.000314,0.000143,-0.001448,0.002304,-0.002383,0.001925,-0.002771,0.001154,0.000157,-0.002323,0.002180,0.000179,0.000737,-0.003112,0.002374,-0.000348,0.001412,0.002100,0.003614,-0.000659,0.000345,-0.000416,-0.000299,-0.001037,-0.001130,0.002042,-0.002599,-0.002969,0.002339,0.001222,-0.001048,0.004211,0.002686,-0.000770,0.000842,-0.002025,0.003223,-0.005882,0.001844,0.007085,-0.001392,-0.000758,0.000979,0.000830,-0.000187,-0.004158,-0.002592,0.000629,-0.000912,-0.000215
-0.003206,0.000508,0.000958,-0.005297,0.002033,0.000369,-0.000623,0.000318,0.003631,-0.001838,0.001418,0.000675,0.000557,0.001001,0.002493,0.000902,0.002432,-0.000521,0.000615,-0.000994,0.007652,0.000241,-0.000719,0.001425,0.002677,0.000369,0.000072,0.000940,-0.000431,-0.002266,-0.003140,0.001768,-0.002497,0.000744,-0.000942,-0.000443,-0.001188,-0.004409,0.000964,-0.008247,-0.003383,-0.000615,-0.001806,-0.004395,-0.002975,-0.001026,0.000959,-0.002620,-0.000236,0.001077,-0.000526,-0.001812,-0.000736,0.005603,0.007382,-0.001978,-0.000544,0.000013,0.000453,-0.002284,-0.001322,0.001558,0.000201,-0.000452,0.001288,-0.001468,-0.004201,-0.001471,-0.000045,-0.000989,-0.000246,0.000912,-0.002473,-0.000239,-0.002363,-0.001669,-0.002524,-0.000497,0.000210,-0.002321,-0.001261,0.000264,0.002108,-0.000578,-0.001333,-0.001606,-0.001343,0.000626,-0.000591,-0.000104,0.002105,0.000726,0.000534,-0.003303,-0.000891,-0.000186,-0.001505,0.003623,-0.002183,-0.000269,0.000033,0.000291,0.000338,0.004179,0.002923,-0.002235,-0.000869,-0.000712,0.003984,0.002574,-0.001795,-0.002208,0.000127,-0.000901,0.000758,0.001084,-0.001858,-0.009935,0.000408,-0.003405,0.001797,-0.001062,0.001276,0.003282,-0.002268,-0.001809,-0.001709,0.000939
0.000818,-0.001848,0.000578,-0.001196,0.006891,-0.000560,-0.003357,-0.001249,-0.004748,-0.002263,-0.002529,-0.002030,-0.000833,-0.000997,-0.000151,-0.002415,0.003156,0.000194,0.000709,-0.000613,0.006096,-0.001807,0.000583,0.000167,-0.005050,0.000199,0.001064,-0.002896,-0.000721,-0.000317,-0.005263,-0.000960,0.000437,-0.000630,0.000983,-0.001118,0.000030,-0.000385,0.002704,0.001286,-0.000397,-0.004771,-0.000658,0.000834,-0.001922,-0.003004,-0.002439,-0.001700,0.000439,-0.001720,-0.000364,0.001629,0.001974,-0.000659,-0.003006,-0.000512,-0.000055,-0.002620,-0.000425,0.000659,0.000216,-0.003223,0.001231,-0.002393,-0.001014,-0.000675,0.004736,0.002564,-0.000282,0.002916,-0.000271,-0.001072,0.000925,-0.001757,-0.002490,-0.003390,-0.000395,0.000280,0.000647,-0.002720,0.000687,0.000707,-0.001956,0.000838,0.000407,-0.002499,0.005983,0.000929,0.001016,-0.001959,0.000140,-0.001694,0.003796,0.006852,0.000476,0.000176,-0.000314,-0.001716,-0.000247,0.000412,0.003210,-0.000715,-0.002386,-0.002920,0.000015,0.001997,-0.001108,-0.001241,-0.000845,0.001789,-0.000612,-0.000346,0.000369,-0.001276,-0.002429,0.003421,-0.000073,-0.000430,-0.000510,0.000459,0.000702,-0.000320,0.002113,-0.003288,-0.000943,0.001690,0.000396,-0.000766
0.002245,-0.000072,-0.000183,-0.002458,0.012148,0.001919,-0.000971,0.000191,-0.004927,0.000234,-0.002261,0.000653,0.004265,-0.003271,0.000485,-0.001796,-0.000162,-0.001762,0.000508,0.000969,0.005144,0.000733,0.004119,0.006812,-0.004790,0.002565,0.003186,-0.000673,-0.000522,-0.004119,0.000215,-0.002156,0.003751,-0.001642,0.002809,-0.003724,0.003298,-0.004614,0.001536,0.000612,-0.002074,0.005959,-0.002027,-0.000800,0.000385,-0.002090,0.000693,-0.003319,-0.001898,-0.000560,0.001427,-0.000428,0.000395,0.000413,0.006180,-0.002007,-0.002002,-0.001666,-0.005609,0.000974,-0.002335,-0.001245,-0.002379,-0.000190,0.005675,0.001299,0.008812,-0.003673,-0.000447,-0.000130,-0.005012,-0.004259,0.002312,-0.000314,-0.002861,-0.002699,0.003123,-0.000563,0.003557,-0.001590,0.001218,-0.000600,0.001723,-0.000534,-0.002597,-0.002276,0.002803,0.008128,0.000225,0.000902,0.000534,0.000536,0.002138,-0.002621,0.001587,0.003044,0.001191,-0.001615,-0.002568,0.001277,-0.000116,-0.001157,0.003299,-0.016914,0.001939,0.002915,-0.001265,-0.001456,0.001652,-0.005393,-0.001505,0.001480,-0.002085,-0.000864,-0.000590,0.003288,0.000104,-0.002447,0.003044,0.000579,-0.003140,-0.000299,0.001844,0.001084,0.002878,-0.000017,0.001849,-0.000160
0.003030,-0.002256,0.007743,0.004034,-0.000095,0.003942,0.000769,0.004436,0.002119,-0.000830,-0.003186,0.011647,0.008105,-0.002919,0.005348,-0.003638,-0.000643,-0.008615,0.007111,0.008116,0.014762,0.005015,0.003281,0.010382,0.001846,0.007202,0.006578,0.009411,0.005129,-0.004640,0.006268,-0.003934,0.006109,-0.003046,0.000096,-0.004772,-0.006774,0.000089,-0.004548,-0.025952,-0.008623,-0.002942,0.006450,0.002749,0.008155,0.002097,0.006774,-0.001412,0.011971,-0.007626,0.000273,-0.007091,0.001007,0.008587,0.029345,-0.001148,-0.002929,-0.005901,-0.002706,-0.000380,0.000787,0.001494,0.000225,-0.004527,0.001883,0.004239,0.009027,-0.004460,-0.004817,0.001141,-0.007727,0.004764,-0.000021,0.004980,0.000378,-0.013582,-0.002822,0.006386,0.003757,0.000102,-0.006286,-0.000160,0.005295,-0.007907,-0.011697,0.003418,-0.004944,0.011952,-0.010969,-0.002686,0.007495,0.001981,0.002690,-0.004242,0.006455,-0.002466,-0.009642,0.008199,0.002985,-0.007197,0.000129,0.000310,0.010430,0.001831,0.008506,-0.007837,-0.001228,-0.003733,0.009418,-0.004365,-0.015723,0.007969,0.007082,-0.000384,0.001506,0.009436,-0.014064,-0.028968,0.003369,-0.002785,0.008953,0.006606,0.006170,0.011077,0.006038,-0.001658,0.003675,-0.001744
0.002281,-0.030821,0.124434,-0.026446,-0.442363,-0.135909,-0.166398,0.116553,0.072806,-0.170957,-0.262793,0.099362,0.193417,-0.044674,-0.000319,0.060473,0.133970,-0.036890,-0.088111,-0.055704,0.064714,0.050503,-0.012953,-0.040469,0.104213,0.135714,-0.037319,0.155471,0.102086,-0.108304,-0.023980,0.014084,0.005808,0.162328,-0.062524,0.043909,-0.025767,0.056416,0.023526,-0.006532,-0.019360,0.046640,-0.132641,0.085138,0.052219,-0.066566,0.111570,0.084835,0.152969,0.013179,0.077878,-0.140836,-0.113862,0.080913,0.084267,-0.135568,0.092572,-0.170826,0.156282,-0.035264,-0.087256,0.004970,0.047242,-0.167829,0.019451,-0.056570,-0.084282,-0.081442,-0.033193,0.158507,0.077620,-0.076282,-0.051210,0.047785,0.032613,-0.069152,0.017396,-0.003522,-0.030537,0.105791,-0.123124,-0.144924,0.075232,-0.085767,-0.144070,0.092551,-0.189654,0.099186,-0.105017,-0.032526,0.077382,-0.000976,-0.103934,-0.247147,-0.184540,-0.017547,-0.236051,0.085475,-0.135056,0.005969,0.048353,-0.058308,-0.032401,0.046631,0.125094,-0.180863,-0.013113,0.170863,0.042891,0.085937,-0.093412,-0.098377,-0.030716,0.019449,0.231058,0.071332,-0.158625,0.027451,0.071399,-0.048309,0.108490,0.102546,0.106318,0.056544,-0.019486,0.061895,0.383904,0.096765
-0.022282,-0.050957,0.173541,-0.061521,-0.774771,-0.005322,-0.208147,0.008066,-0.009926,-0.085239,-0.011894,-0.173212,0.070189,-0.218864,-0.019093,-0.007688,0.061984,-0.036142,-0.114388,-0.314664,0.033646,-0.079213,0.022375,-0.221538,0.148822,-0.027019,-0.058840,0.228159,-0.110637,0.091181,-0.204724,-0.069405,0.022921,0.100004,-0.208384,0.290828,-0.054208,-0.040436,0.105907,0.200429,0.161942,-0.172640,-0.192655,0.038876,0.015243,-0.084040,0.143731,0.040477,0.051125,-0.019265,-0.208655,0.020999,-0.122141,0.072728,-0.214531,-0.126808,0.098393,-0.045381,-0.113598,0.215162,0.078458,0.012502,-0.096681,-0.037458,-0.058689,0.017514,-0.177808,0.074702,-0.016468,0.009889,0.212967,0.052666,-0.113863,0.057400,0.099408,-0.195064,0.343373,0.040384,-0.196599,0.133567,0.032075,-0.006198,0.055624,-0.019213,-0.045956,-0.108804,-0.300364,-0.000958,0.120117,-0.111443,-0.163541,0.074258,-0.214850,-0.303147,-0.025443,-0.001842,-0.225152,0.170841,-0.019375,-0.081182,0.101603,-0.045224,-0.120529,0.397456,0.103954,-0.100485,-0.042316,0.250096,-0.029175,0.073319,-0.004909,0.005274,0.088357,0.195345,0.197756,0.170185,-0.097381,0.059689,-0.081793,0.002747,0.180432,-0.113358,-0.126050,-0.167324,-0.028189,0.221445,0.221205,-0.045207
-0.077629,0.068029,-0.003143,-0.173409,-0.401717,0.022544,0.156260,-0.018177,0.133220,0.021869,0.208793,-0.086995,0.217062,-0.391498,-0.048523,-0.097564,0.046831,0.027904,-0.121928,-0.059835,-0.124612,-0.218151,0.106396,-0.177405,0.101947,-0.182474,-0.050348,0.092497,-0.199221,0.132727,-0.129090,-0.062902,-0.070184,-0.003608,-0.029807,0.122457,-0.132902,-0.003888,-0.035484,0.102126,0.270328,0.054396,-0.066950,0.213005,-0.061650,-0.035951,0.208033,0.125481,0.034580,-0.231779,-0.085446,-0.020958,-0.087230,-0.041650,-0.216704,0.022339,0.205619,0.180303,-0.123595,0.219404,0.050624,0.114572,-0.020551,-0.031601,-0.028123,0.078581,0.069396,0.021022,-0.030058,-0.411444,0.100724,0.089420,-0.104243,-0.079210,0.204027,-0.165288,0.348780,0.094588,-0.119185,0.118085,0.052858,-0.037852,0.078349,-0.062245,0.070371,-0.173371,-0.165220,0.070270,0.180990,0.108986,-0.181547,0.149766,-0.321733,-0.367316,0.123016,0.032507,-0.069203,0.049307,0.203042,-0.000539,0.096340,-0.082600,-0.127179,0.016507,-0.164790,-0.022081,0.077399,0.013002,0.293824,-0.034213,0.083530,0.130601,0.066813,0.120228,0.014723,0.221361,-0.106628,0.137848,0.017287,-0.054203,-0.022762,-0.111675,-0.199270,-0.031067,0.050727,0.063908,0.302428,-0.123210
0.063454,0.149913,-0.177393,-0.077780,0.022786,-0.076582,0.044137,0.089484,-0.026039,-0.190165,-0.046665,-0.065416,0.183177,-0.331506,0.076337,-0.048278,0.072636,-0.030546,0.051961,0.325937,0.174921,-0.228466,0.080269,-0.141112,0.028348,-0.131130,-0.016672,0.235196,-0.176815,0.092962,-0.031772,-0.048934,0.065396,0.025839,0.029408,0.118235,-0.223202,0.113788,0.009492,-0.146815,0.154297,0.008497,0.198291,0.044845,0.035690,-0.004466,0.124932,0.103600,0.124442,-0.159661,-0.022260,-0.119383,-0.065645,0.127666,0.005170,0.058646,0.118717,0.162705,0.094075,0.093104,0.073599,0.174262,0.007491,0.032810,0.131429,0.175629,-0.170506,0.030673,-0.170097,-0.230224,0.087665,-0.113453,-0.009347,0.147472,0.154460,0.043257,0.063957,0.107907,-0.009846,0.051533,-0.108134,-0.177367,0.047038,-0.021409,-0.083382,-0.047878,0.074259,0.171503,0.061954,0.197476,0.008070,0.005154,-0.034325,-0.139385,0.091997,-0.026184,0.044554,-0.053626,0.122839,0.167364,0.041084,-0.045580,-0.048133,-0.122507,-0.056814,-0.100580,-0.014464,-0.026835,0.336923,0.122713,-0.223131,0.014081,0.052053,-0.025017,-0.100490,0.076852,-0.080791,-0.257066,0.051861,-0.044782,0.056798,0.068708,-0.001932,0.038851,-0.052649,0.072284,0.305409,-0.120908
0.155543,0.009689,-0.020543,0.132681,0.243541,-0.070576,0.070072,0.217870,0.086169,0.185512,-0.046516,-0.111559,0.053897,-0.020098,-0.047752,0.042274,0.129481,0.041286,0.123591,0.325636,0.135726,-0.342977,-0.041195,0.046564,-0.077759,-0.040738,-0.026953,0.007316,-0.148319,0.089970,0.139202,-0.074583,0.064205,0.022631,0.050894,0.075094,0.037781,0.169580,0.103986,0.090713,-0.056468,-0.157514,0.036531,-0.019585,-0.113068,-0.074951,-0.103180,-0.013661,0.079069,0.005309,-0.149837,-0.302615,-0.054382,0.024547,-0.030030,0.071208,-0.206460,0.103773,0.105625,-0.000469,0.163645,0.010213,0.117915,-0.033644,0.105851,0.056902,-0.196785,0.171335,-0.137328,-0.166986,0.114781,-0.053384,0.089256,0.110903,0.118439,0.084629,-0.175579,0.301139,0.187123,0.040676,-0.064924,-0.051566,-0.027694,0.046960,0.014528,0.025821,-0.015115,-0.127772,-0.051992,0.086763,-0.002400,0.038695,-0.158390,0.042948,-0.025888,-0.090464,0.463089,-0.075354,0.292981,0.179952,0.001106,0.058432,0.067926,-0.075628,0.048623,-0.094664,0.013363,-0.178049,-0.197161,0.080928,-0.321374,0.147755,-0.016528,-0.088361,-0.233129,0.011472,0.173615,-0.260840,0.051477,-0.050273,-0.200953,0.170447,-0.039381,0.006457,-0.112529,0.077100,-0.162502,0.008196
0.017566,0.083753,0.100786,0.196994,0.138385,-0.198354,-0.140335,0.216330,-0.061731,0.251136,-0.131385,-0.135265,0.005560,-0.174160,0.106924,0.072537,-0.016443,-0.058438,-0.094762,0.011575,0.059223,-0.179850,0.051366,0.097928,0.125316,-0.047639,0.012057,0.004661,-0.266145,-0.116362,-0.083441,-0.158533,-0.053778,0.092671,0.111605,0.003665,-0.005516,0.128029,0.287087,0.141921,0.067653,-0.295606,-0.093671,-0.105966,0.057778,-0.202750,-0.129244,0.066210,-0.051367,0.062686,-0.295212,-0.146197,-0.261528,0.112726,0.066532,0.135087,-0.144868,0.034071,0.205239,0.010697,0.303793,0.082323,0.230376,0.132208,0.100129,0.133237,-0.055208,0.277913,-0.254271,0.087355,0.197943,-0.035770,0.006253,0.129746,0.031198,0.001314,-0.377788,0.256003,0.098768,0.156383,0.040579,-0.143236,0.013688,0.188547,0.119333,0.102239,-0.069268,-0.074682,-0.049592,0.153575,-0.158358,0.182716,-0.050513,0.036202,-0.118619,0.043155,0.510064,0.173041,0.193470,0.120308,-0.152269,0.194550,0.107948,0.112505,-0.065743,-0.112753,-0.133672,0.067584,-0.072017,0.253110,-0.343431,0.130148,0.087125,0.109459,0.196807,-0.171879,-0.043781,-0.336273,0.200767,-0.100126,-0.006360,-0.196820,-0.143824,-0.093719,-0.183408,0.218072,-0.106712,0.000591
0.164304,0.219490,0.003627,-0.080905,0.075881,-0.075650,-0.286737,0.085900,0.094276,0.105046,-0.032375,-0.215835,-0.044540,0.088840,0.111939,0.194415,-0.038987,-0.007696,-0.132024,-0.070361,0.025074,-0.205234,0.179928,-0.121364,-0.069264,-0.263216,0.241817,0.042874,-0.054778,0.036090,-0.043321,-0.002813,-0.038511,0.064583,0.088550,0.157731,-0.029614,0.030641,0.396616,-0.002252,0.093192,0.008690,-0.131790,-0.132233,0.068398,-0.273404,0.052052,0.039305,-0.287713,0.025540,-0.388629,0.299183,-0.023588,0.002235,-0.083898,0.003793,0.077907,0.026127,0.208731,0.070182,0.186247,0.169110,0.241035,0.041881,-0.035105,0.277314,0.028527,-0.133605,-0.048337,-0.102404,0.222669,0.221880,-0.172485,-0.003810,-0.065493,0.344733,-0.158299,0.015187,-0.088299,0.053127,-0.221647,-0.118054,-0.163287,0.077166,-0.065692,-0.201970,-0.179017,0.142410,0.093980,0.212657,-0.238615,-0.015989,-0.038714,0.047675,-0.446623,0.018619,0.217203,0.320467,0.200225,0.114467,-0.145477,-0.070173,-0.123615,0.261623,0.123314,0.360076,-0.077107,-0.000794,0.246573,-0.065867,-0.229677,0.205139,0.109538,0.174171,-0.023104,0.309887,0.005983,-0.508798,-0.061635,-0.014151,-0.001297,-0.304600,-0.204777,0.022308,-0.045479,-0.057093,0.002283,-0.190651
-0.084650,0.243099,-0.046669,-0.259505,0.062732,0.035521,0.013594,0.133601,-0.327293,0.083494,0.022911,-0.104149,0.229002,0.259837,-0.109765,-0.040120,-0.052573,-0.146950,-0.067942,0.049929,-0.020914,-0.150056,0.136992,-0.071998,-0.125590,-0.439053,0.094523,-0.080372,0.041510,-0.176767,0.059815,0.024565,-0.141490,-0.099220,-0.167853,0.225371,0.007865,0.159249,0.176756,-0.019901,0.007691,0.090219,0.100114,0.065676,0.004035,0.024564,-0.017942,0.097683,-0.025271,-0.057911,-0.170792,0.283760,0.050986,0.016749,-0.001912,0.157707,-0.037432,-0.042466,-0.070624,0.060383,0.260027,0.258739,-0.236051,0.025424,0.272747,0.188484,-0.325129,-0.092000,-0.202601,-0.399097,0.052119,0.070358,-0.312592,-0.011460,0.179105,0.408291,-0.189364,-0.155250,-0.051283,-0.069378,-0.329980,-0.212477,0.127947,-0.293298,-0.085451,0.016583,-0.167430,0.387740,-0.158999,-0.127429,-0.106457,-0.079665,-0.083689,0.130915,-0.193112,-0.154340,-0.253786,-0.009335,0.009901,0.278237,0.099560,-0.170948,0.065998,0.093845,0.223434,0.001959,-0.097808,-0.137899,0.022789,-0.161302,-0.291935,-0.131107,0.002670,0.120715,-0.045645,-0.011890,-0.051929,-0.156993,0.135736,0.020697,-0.089348,0.012005,-0.123514,0.150500,0.004287,-0.197020,0.135700,-0.351809
0.066265,-0.012498,0.129413,-0.009030,0.070361,-0.013997,-0.113066,-0.015787,-0.076238,0.156735,0.122503,-0.343154,0.092001,0.202906,-0.016210,-0.209257,-0.248342,-0.171635,0.061562,0.312834,0.137554,-0.248974,0.082904,-0.127987,-0.012649,-0.094155,-0.191134,-0.129180,-0.214409,0.205835,0.065960,-0.017108,0.149625,-0.380565,0.002499,0.059226,-0.078406,0.251727,0.305732,-0.102168,-0.111110,0.262216,0.179202,-0.169477,-0.225871,-0.183223,0.037029,0.182834,-0.089050,-0.112529,-0.344716,0.040379,-0.042514,0.064573,-0.067784,0.004978,-0.147657,-0.052805,0.128546,0.041193,0.340908,0.269180,-0.032259,0.091765,0.147048,-0.101816,0.072427,0.246019,-0.062510,-0.244894,0.019620,0.062709,-0.076859,0.305933,0.139645,0.058238,-0.179415,-0.309084,0.079301,-0.012919,-0.094565,-0.238450,0.079903,-0.112151,0.090513,0.169757,-0.059554,-0.014744,-0.359264,-0.109563,0.004445,0.027551,-0.056070,0.033749,0.050805,0.147794,0.122623,0.109983,-0.218303,0.274358,0.074682,0.044270,-0.144649,-0.080630,0.138140,-0.121807,-0.061967,-0.063963,-0.010763,-0.092092,-0.366224,0.328286,0.044647,0.099431,-0.330950,0.677045,0.055249,-0.036007,0.060699,0.232821,0.141961,0.082281,-0.160881,-0.270620,-0.075543,-0.146738,0.201575,-0.172872
0.142260,-0.049415,-0.014648,0.257451,-0.126804,0.242824,-0.326009,0.056732,-0.009840,0.093386,0.423815,-0.164236,0.244572,-0.106208,0.249444,0.019694,-0.138267,-0.355375,0.162839,0.340927,-0.103419,-0.030326,-0.250245,-0.057332,-0.012456,-0.092603,0.004549,0.008261,-0.218412,-0.018600,-0.203619,0.023569,0.027676,-0.575466,0.092790,0.179344,-0.033106,0.377971,0.462672,-0.005473,-0.080575,0.369432,0.010662,-0.102473,-0.040200,-0.009288,0.069971,0.328306,-0.119991,-0.085550,-0.527609,0.331122,-0.116055,0.099160,0.010263,0.159574,0.014465,-0.020846,0.207504,-0.203951,0.380784,0.246570,0.210243,0.150080,0.160595,0.117931,-0.028208,0.329569,-0.042043,-0.245542,-0.087911,0.075741,-0.236657,0.077826,0.323667,0.152820,-0.254364,-0.189822,-0.008099,0.045680,-0.110233,0.054040,0.094820,-0.094612,-0.465683,0.015062,0.245944,0.099174,-0.278385,-0.294411,-0.020680,-0.005812,-0.023810,0.013935,0.100442,0.027521,0.147245,0.247804,0.136568,0.118492,-0.077000,-0.312540,-0.233365,0.019019,-0.083820,-0.147333,-0.080723,0.013597,0.107643,-0.112960,-0.336820,-0.207496,0.225768,-0.098485,-0.249036,0.107803,0.182844,0.212193,0.045946,0.178328,-0.087222,0.088838,-0.150609,-0.231493,-0.039466,-0.210011,0.252654,-0.226447
-0.024378,0.177091,0.038482,-0.155293,0.009692,0.109560,-0.002139,-0.000149,0.099326,0.346066,0.056446,0.093224,-0.138224,-0.278658,0.089687,-0.125234,-0.101297,-0.302490,-0.318981,0.239947,-0.133225,0.000989,-0.012718,0.137414,0.336244,-0.171176,0.390642,0.086931,-0.021698,-0.027913,0.020301,0.239927,-0.188012,-0.164256,0.161522,0.223640,-0.186595,0.410413,0.544175,0.288187,0.055086,0.101371,0.040076,-0.170216,-0.227369,0.026413,0.603123,-0.029906,-0.116280,-0.271551,-0.154843,-0.446650,0.115514,0.246044,0.380671,0.020182,0.348074,-0.236816,0.204479,-0.193510,0.309667,0.015928,0.132827,-0.035915,0.279048,-0.081667,0.060507,-0.094650,0.206200,-0.542759,0.064891,-0.052351,-0.231186,0.005248,0.172261,-0.117874,0.644349,-0.037451,0.182220,0.255402,0.120370,-0.243972,0.033671,-0.009752,-0.276152,-0.090983,-0.097399,-0.154473,-0.197059,-0.384760,-0.014774,0.249206,-0.125343,0.097732,-0.123215,0.102245,0.360699,-0.421491,0.250571,0.421505,0.016715,0.110273,0.237066,-0.178399,-0.054493,-0.266613,0.286560,-0.095198,0.092910,-0.056195,-0.222876,-0.044193,0.065359,-0.224253,0.283541,0.145726,0.440988,0.047935,0.180349,0.370942,0.050162,-0.243496,0.044075,-0.701024,-0.148726,-0.169605,-0.173805,-0.186079
0.117511,-0.081743,0.323995,0.031704,-0.033935,-0.009075,-0.220246,0.285169,-0.054607,0.095910,-0.095424,0.255338,0.052350,-0.134585,0.206726,0.135295,-0.147896,-0.265528,-0.210722,-0.010343,0.145620,0.022225,-0.135475,0.540639,0.213684,0.059555,0.079884,0.077397,0.029776,0.036029,-0.077727,-0.104816,0.379928,0.121485,0.163361,0.092822,-0.006960,0.201646,0.195373,-0.073563,-0.524508,0.006002,0.314600,0.139838,-0.228296,-0.213161,0.384874,-0.410417,-0.030186,-0.042397,0.490738,-0.217831,-0.158734,0.408606,0.315137,0.114953,-0.467026,-0.212806,-0.123795,0.134349,0.029873,0.014732,0.007548,-0.138339,0.114640,0.028091,0.178692,0.144011,0.091427,-0.273005,0.239985,-0.218645,-0.097914,0.009177,0.039105,-0.041484,0.226941,0.291913,0.121042,0.173641,-0.167255,-0.217121,0.008205,-0.126788,-0.093074,0.097809,-0.111481,0.131110,-0.233555,-0.315348,-0.141370,0.044257,-0.021273,0.260632,0.166601,-0.072810,0.332762,0.004764,0.319546,0.161845,0.034185,0.097012,0.330481,-0.135367,0.280626,-0.121587,-0.059925,0.057988,0.200698,-0.241637,-0.198416,0.025203,-0.149153,-0.106088,0.231443,0.012599,0.413720,0.054526,0.197219,0.208850,0.128129,-0.057402,0.381038,-0.445508,0.006361,-0.069027,-0.229755,0.012366
0.236422,-0.170676,0.301167,-0.236492,-0.169546,-0.083646,0.004798,0.044885,0.081534,0.017730,0.321358,0.017091,0.144682,0.160784,0.082743,0.018759,-0.198814,-0.010468,-0.018404,-0.057411,-0.067897,-0.077098,-0.043661,0.233407,0.197730,-0.159717,-0.421214,-0.300771,0.199335,0.014067,-0.285530,-0.150950,0.185816,0.153963,0.088846,-0.025271,0.147090,0.398785,-0.058105,-0.278616,-0.295080,0.281847,0.134227,0.065317,-0.127523,-0.255597,0.357592,-0.331050,-0.225533,0.273482,0.674885,0.097499,0.021267,0.106127,-0.081473,0.164038,-0.317299,0.000255,-0.016810,0.041272,-0.084400,0.098229,0.263471,-0.096591,-0.276400,-0.059317,0.081568,0.045713,-0.014065,-0.067522,0.459328,-0.081664,-0.051539,0.281968,-0.042412,-0.159250,-0.085039,0.198386,-0.250662,0.036533,-0.303276,-0.065523,-0.128056,0.018536,0.274243,0.166120,0.010174,-0.168288,0.051238,0.245592,-0.263771,0.117303,-0.102617,0.063823,0.308661,-0.132075,0.213351,0.125472,0.086736,0.002436,-0.068265,0.177136,-0.020179,-0.017855,-0.038420,0.168690,-0.287092,0.098210,0.269945,-0.374498,0.099637,-0.117064,-0.121766,-0.025858,-0.115178,-0.030096,-0.088732,0.339635,0.057542,-0.091878,-0.059229,0.232661,0.344222,-0.083018,0.005889,-0.151962,0.331686,0.067067
0.331235,-0.269919,0.210828,0.050117,-0.015389,0.073990,-0.277747,-0.046039,-0.391296,0.013195,0.260786,-0.141609,-0.168173,-0.201207,0.122328,-0.236748,0.075272,-0.021282,0.140564,0.114883,0.191880,-0.104682,-0.059828,0.126405,-0.198937,0.087267,-0.119652,-0.129503,-0.165639,0.023295,-0.082792,0.188816,0.232169,-0.025647,-0.050043,0.161967,0.100277,0.642755,-0.024118,-0.065968,-0.019042,-0.107210,-0.111691,-0.059054,-0.164409,-0.144381,0.125322,0.290860,-0.084695,0.142521,-0.073632,0.242939,0.326808,-0.133797,0.080564,-0.000627,0.426382,-0.091625,0.018731,-0.029891,0.412669,0.041619,0.101420,-0.001792,-0.426785,-0.008248,0.152591,0.131669,0.023290,0.436965,-0.019460,0.011222,0.095502,0.418908,-0.030738,-0.255269,0.425789,-0.130274,-0.295115,0.023549,0.142552,0.133280,-0.272571,-0.016818,0.117056,-0.140209,0.168452,-0.249288,-0.092945,-0.077189,-0.165212,0.035112,0.140735,0.124796,-0.292835,-0.184580,0.045730,-0.269507,-0.020531,0.107319,-0.041878,0.354127,0.230761,-0.202913,-0.113934,0.118424,-0.004517,0.476570,-0.093920,-0.232748,0.011664,-0.287290,0.252713,-0.062782,-0.151638,0.250232,0.204486,0.400724,-0.022965,0.396245,-0.125488,0.148733,0.057885,-0.286499,-0.009025,-0.111681,0.267066,-0.020462
0.038330,-0.124007,0.104828,-0.271034,0.013113,-0.100004,-0.127224,0.044459,-0.159839,0.242096,0.094552,0.055214,0.074251,-0.027132,-0.106652,-0.236623,-0.059231,-0.185869,-0.069756,0.281785,0.301155,-0.168958,0.051463,0.105829,-0.113267,0.167241,0.142837,0.101111,0.054058,-0.058789,0.090927,0.123626,0.057956,0.079567,-0.212280,-0.045291,-0.148137,0.363793,-0.190840,0.082934,-0.119056,-0.130418,0.225568,-0.092209,-0.010498,-0.097668,0.054427,0.098571,0.091855,-0.059973,-0.166414,-0.358678,0.220024,-0.055756,-0.093272,0.208196,0.351175,-0.150242,-0.016502,0.052289,0.191692,0.300810,-0.036762,0.027961,-0.156407,-0.178210,0.165092,-0.067583,-0.089472,0.028817,0.139035,0.040222,0.056464,0.145634,-0.048642,-0.255479,0.282356,0.078763,0.011442,-0.048826,0.194419,-0.304311,-0.140417,-0.071831,0.134155,0.047998,-0.019129,-0.098596,-0.104162,-0.024065,-0.016853,0.160035,0.017938,-0.005520,-0.176361,-0.032764,0.084393,-0.296688,0.051097,0.233213,-0.044145,0.163752,0.022745,-0.207516,-0.004116,-0.123857,-0.049152,0.068512,-0.059068,-0.085218,-0.070384,-0.150149,0.087804,-0.086513,-0.302125,0.101621,0.141859,-0.087280,-0.057665,0.338325,-0.247160,0.060554,0.117670,-0.237025,-0.113393,0.067320,0.128655,-0.264036
-0.076296,-0.003357,0.124281,-0.227564,-0.067950,-0.051818,0.235825,0.177381,0.104340,0.237231,-0.096586,0.141420,-0.077406,0.071425,-0.062814,0.050278,-0.103952,-0.176509,-0.127323,0.032035,-0.044016,-0.065129,-0.084357,0.058261,0.273786,0.286397,-0.202664,0.119638,0.236172,0.081251,0.113829,-0.077132,-0.224573,-0.026389,-0.297035,-0.196784,-0.201927,0.293132,-0.259092,0.027394,-0.378373,-0.032618,-0.070657,-0.159262,0.139947,-0.033953,-0.179122,0.158444,0.000986,0.094238,-0.108726,-0.417144,-0.022285,-0.056468,-0.097664,0.158408,0.261985,-0.209115,-0.014640,0.041274,0.330120,0.146872,-0.155398,0.056002,-0.114003,-0.110232,0.157396,0.173960,0.065622,-0.167463,0.018593,0.037042,-0.179305,0.018643,0.016075,0.080115,-0.101916,0.247333,0.311811,-0.022852,0.046103,-0.360455,-0.076424,0.103163,0.143016,0.313179,0.084579,0.069069,-0.111396,0.174725,-0.112990,0.049941,0.037202,-0.309801,0.064692,0.228608,0.368906,0.179042,0.180673,0.213274,-0.159783,0.221095,0.012137,-0.211165,-0.085388,-0.039336,-0.335256,0.162723,-0.088152,-0.065521,-0.138679,0.024033,-0.050017,0.086839,0.054680,-0.054101,0.128525,-0.025253,-0.048367,0.139119,-0.241079,0.115078,-0.061266,-0.163510,0.000105,-0.033244,0.250262,-0.164432
0.089576,0.013691,-0.147923,-0.010049,-0.098589,0.088478,0.140206,-0.095990,-0.144277,0.010368,0.139343,-0.022971,-0.349024,-0.043875,-0.274055,0.049966,-0.153322,-0.111750,0.092999,0.126859,0.054233,0.000403,-0.028107,-0.256828,0.061688,-0.063980,-0.102959,0.014682,0.032750,0.355370,0.077546,-0.062390,-0.069309,-0.058612,-0.168077,-0.005597,-0.121501,0.346941,-0.121502,-0.007909,-0.001453,0.223026,-0.140099,-0.077424,0.204210,0.150544,-0.054925,0.156211,-0.063506,-0.117094,-0.133772,-0.009182,0.042749,-0.174905,-0.067433,-0.060443,0.057958,0.204334,0.088877,-0.014521,0.113832,0.044320,-0.152353,-0.068734,-0.029840,0.060370,0.030560,0.393377,-0.030159,0.087744,0.127800,0.023872,-0.088454,-0.092245,0.171062,0.013709,-0.069015,0.001479,-0.052621,0.091866,0.063519,-0.033953,0.022008,-0.026191,0.199386,0.202015,0.377415,0.088037,0.097623,0.123370,-0.093360,0.094806,0.062728,-0.119774,0.312857,-0.045269,0.335152,-0.022406,0.129074,0.123270,0.086249,-0.025432,0.149279,-0.151954,0.071792,-0.041353,-0.230679,0.142115,-0.240255,-0.111809,-0.101168,-0.044905,0.088525,0.117692,-0.083281,0.066732,0.012713,0.062356,-0.205866,-0.072155,-0.286599,-0.076486,-0.085863,-0.118214,0.002135,0.086078,0.308606,-0.116205
-0.076404,-0.070792,-0.048415,0.075335,-0.284638,0.189374,-0.228922,0.072923,-0.344262,-0.101441,0.012916,0.035801,-0.285052,-0.033245,-0.008152,0.222177,-0.118046,-0.213674,0.012075,0.008736,-0.021543,0.069836,0.171505,-0.035151,0.160384,0.050074,0.173281,0.022156,-0.025352,0.239713,0.181625,0.044402,-0.060285,-0.191434,0.027575,0.053100,0.012897,0.130492,0.014396,-0.017747,0.299507,0.170575,0.028499,0.000539,0.081128,-0.002240,0.011578,0.163798,-0.075331,-0.120847,-0.193713,-0.114621,0.042034,0.087221,0.060699,-0.108018,0.261831,-0.034611,-0.051883,0.041325,0.013756,0.028726,-0.167265,-0.115154,0.044557,0.068243,0.189259,0.023908,-0.018299,0.262118,-0.014109,-0.003680,-0.037167,-0.063067,0.038463,-0.161406,0.076700,-0.061683,-0.074321,0.109524,0.185730,0.046213,0.108090,-0.097225,-0.301681,0.048484,0.240416,0.269547,-0.061529,0.169794,-0.045203,0.119751,0.256126,-0.230118,0.011691,-0.017130,0.039752,-0.031329,-0.010780,-0.041941,0.036325,0.015797,0.155666,-0.021435,0.038834,0.031048,0.131738,0.323612,0.242996,0.020846,-0.105442,0.251900,0.110110,0.026207,0.213654,0.104560,-0.026769,-0.148290,-0.078931,-0.178768,0.044685,-0.464440,-0.079842,-0.133828,0.059638,0.098237,0.094549,-0.201171
0.036521,-0.065086,-0.031182,0.107381,0.068680,0.150426,-0.094811,-0.100487,-0.102086,0.015932,0.028538,0.058468,-0.316663,-0.016043,-0.009278,-0.053619,-0.136996,-0.085069,-0.157337,-0.040787,-0.142958,0.104204,0.098565,-0.095781,-0.011007,0.115416,0.227835,-0.051776,0.027884,0.063865,0.137346,0.039689,0.078584,-0.121936,-0.040220,-0.044883,-0.065588,-0.016434,0.068329,0.129409,0.268800,0.151136,-0.148432,-0.002145,0.108795,0.038136,-0.097578,0.071822,-0.188005,-0.056237,-0.145110,-0.006200,0.044201,-0.063802,0.147963,-0.065228,0.131125,0.075721,-0.198715,0.115059,-0.035689,-0.059836,-0.128258,-0.033633,0.023083,-0.074470,0.244447,-0.021593,0.013351,0.129594,-0.027350,-0.043681,0.002571,-0.141498,0.073143,-0.142823,0.142924,-0.118029,0.026888,0.042056,0.297932,0.040429,0.003471,0.011281,-0.059699,0.009498,0.231888,0.009116,0.010112,0.043097,-0.057299,0.038777,0.242363,-0.110199,-0.080218,0.033950,0.051717,-0.072620,-0.008888,-0.046563,-0.080239,0.004809,0.129668,-0.184665,0.030482,0.134311,0.076953,0.130600,0.159745,-0.059613,0.019062,0.032638,-0.022677,0.099858,0.199639,0.064239,0.150665,0.106995,-0.068804,0.025762,0.034660,-0.420404,-0.030226,-0.192589,0.082278,0.021788,0.027152,-0.043576
0.002470,-0.004940,-0.032301,0.000122,-0.073383,0.026570,0.008307,-0.019073,-0.058648,-0.054303,0.069619,-0.035475,0.047906,-0.016919,0.005940,-0.005038,-0.036113,-0.027116,-0.071457,-0.054590,-0.019965,0.044407,-0.006502,0.020077,-0.000862,0.023032,-0.009485,-0.048152,-0.040769,0.010565,0.043374,-0.001883,-0.029790,-0.077721,-0.055405,-0.013547,-0.055970,-0.010557,0.009858,0.059418,0.028638,0.051878,0.024182,-0.010265,-0.001142,0.030648,-0.009588,0.011266,-0.013964,0.009301,0.025898,-0.003387,-0.045621,-0.026246,-0.012734,-0.015464,-0.008165,0.058899,0.075620,-0.042215,0.026723,0.009252,-0.045395,0.002605,-0.008374,0.037558,0.034302,-0.015752,0.015880,-0.062630,-0.042510,-0.042368,0.029881,0.020443,-0.027426,0.018661,-0.003978,-0.026085,-0.021053,-0.012431,0.025010,-0.059577,0.008479,-0.023935,-0.042862,0.008095,0.002838,-0.017182,-0.027265,0.005720,0.023208,0.011794,0.051459,-0.220465,0.019906,-0.026556,-0.044005,-0.028696,0.011198,0.001539,-0.007588,-0.012123,0.001718,-0.021688,0.000955,0.047688,0.025425,0.022990,0.166706,-0.026117,-0.023021,0.072842,0.006256,0.003406,0.029381,0.078779,0.006760,0.036415,0.021605,0.004538,0.004566,-0.024233,-0.036050,0.009321,0.010955,-0.050860,0.054508,-0.015266
-0.006808,-0.002081,-0.005137,0.004350,-0.012679,-0.011002,-0.003549,-0.003436,-0.009386,-0.006963,0.003478,-0.000290,0.003593,0.004389,-0.005891,-0.003523,-0.001634,0.002615,-0.008507,0.000541,-0.003990,-0.002274,0.004711,-0.006110,0.006205,-0.001632,0.002522,0.006379,0.006039,0.003939,-0.001258,-0.000203,-0.001111,0.012289,-0.000578,-0.001268,-0.001651,0.001684,0.002180,0.006757,0.010014,-0.005225,0.007077,0.003496,0.001796,0.002891,-0.000090,0.001498,0.005471,-0.005842,0.001494,-0.004998,-0.001067,-0.002073,-0.014790,0.003983,0.004253,0.005669,0.004656,-0.008227,-0.002373,0.003164,-0.001787,-0.002042,-0.000051,-0.001944,0.004648,-0.001965,-0.000894,-0.000850,-0.001572,-0.001727,-0.001978,0.004501,0.003893,-0.001026,-0.000325,-0.004319,-0.001219,0.003466,0.002297,-0.004712,0.002770,-0.001782,-0.001096,-0.001759,0.005341,0.003159,0.003040,0.003859,0.001792,-0.001309,0.003066,0.000122,0.004714,-0.003885,-0.003393,0.002327,-0.003419,0.004611,0.006190,-0.001891,-0.005024,0.004918,-0.002796,0.002157,0.001251,-0.000985,0.007328,0.001639,-0.001737,0.001184,0.002177,0.000252,-0.001979,-0.000488,0.000653,-0.001288,-0.000912,-0.002088,0.001131,-0.004413,0.001266,-0.001666,-0.002430,-0.001014,0.012704,-0.004134
-0.005009,-0.001907,0.001695,-0.000685,-0.009336,0.000849,-0.002258,0.002957,0.004951,0.005300,-0.000001,-0.000819,-0.000295,0.001324,0.000228,0.005329,0.001092,-0.000732,0.001535,0.001784,-0.003653,-0.001098,-0.002440,-0.002209,0.004533,0.001325,-0.000485,0.002215,0.001707,0.002218,-0.003281,0.003111,-0.002830,0.002017,-0.003578,0.004176,0.000164,0.000698,0.001712,-0.005915,0.002760,-0.003392,-0.000618,-0.000886,-0.001061,0.003495,-0.001855,0.000865,-0.001712,-0.000002,-0.001875,0.000441,-0.003739,0.001288,-0.004233,-0.000410,0.004573,-0.000530,0.003241,-0.002022,0.000933,0.001086,0.001555,0.001094,0.000181,0.000308,-0.007411,0.003053,-0.000395,0.001242,0.001149,0.004499,-0.006270,-0.002035,0.001208,0.001155,-0.001138,0.000647,-0.003598,0.001899,0.001141,0.004735,0.001490,0.003788,0.000311,0.001280,-0.001308,-0.003967,0.001129,-0.001877,-0.000877,0.000525,0.000004,-0.000913,-0.000770,-0.002819,0.002225,0.005129,-0.001667,0.002239,-0.000283,-0.000151,-0.001920,0.012103,0.001270,-0.000636,0.001178,0.001211,0.000432,0.001006,-0.000642,0.001241,0.002012,-0.003655,0.002114,-0.007019,-0.001712,0.002955,-0.000295,-0.003696,0.000454,0.000681,-0.001862,0.001790,-0.002594,0.001535,-0.000322,-0.002915
0.000954,-0.000303,-0.001221,0.003097,0.002701,-0.003694,-0.001747,0.000298,-0.000462,-0.005196,-0.001356,-0.001212,0.000994,0.002249,0.002886,-0.003514,-0.000944,-0.000393,-0.000325,0.000186,-0.001968,-0.000895,0.002194,-0.001791,-0.002501,0.001525,0.001623,-0.000223,-0.000031,-0.001967,0.002626,0.000489,0.001925,0.001754,0.003465,-0.002012,0.000068,0.001688,0.000570,0.002966,0.000773,-0.000516,-0.003280,0.004532,0.000855,-0.000310,0.000749,0.000720,0.000625,0.001546,-0.000616,-0.000149,-0.000460,-0.000645,0.001905,-0.000698,-0.001807,0.001698,0.000781,0.004068,0.000257,0.000033,-0.002268,0.001267,0.002425,0.000157,-0.000351,0.000851,-0.001816,0.000888,-0.001465,-0.003167,0.001606,0.002556,0.004007,-0.001683,0.000155,-0.002110,0.004415,0.001739,0.000554,-0.000069,0.000356,-0.001072,0.001132,0.000188,0.003767,0.002371,-0.000511,0.002488,-0.000556,-0.004472,0.000506,0.001037,-0.002961,0.002491,0.001082,-0.001337,-0.000014,-0.000629,0.001442,0.001499,-0.000919,-0.004249,-0.000426,0.000144,0.002265,0.001806,-0.000454,-0.001083,-0.001081,-0.001348,-0.000483,0.002210,0.003173,0.000652,0.001309,0.000473,0.000561,-0.000197,0.000548,-0.000048,0.000101,-0.002226,0.001878,-0.000572,0.000299,0.001289
0.001269,-0.000654,0.002349,-0.002851,0.002032,0.001895,-0.002815,-0.000520,-0.000249,-0.000437,0.000644,-0.002384,-0.000665,-0.001055,0.002068,-0.000023,-0.000137,0.000864,-0.001265,-0.000688,0.000899,-0.000150,0.000943,-0.000670,-0.000194,0.001452,0.002614,-0.001326,-0.000095,-0.001330,-0.001803,-0.000794,0.002502,-0.002458,0.000864,-0.000114,-0.000795,-0.000320,0.000063,-0.000911,0.000875,0.001951,-0.001349,0.002061,-0.001514,-0.001807,0.000541,0.001737,-0.002762,0.002636,-0.001934,-0.000811,0.002233,0.000128,0.002957,-0.000309,-0.001664,-0.002387,0.000712,0.000703,-0.000776,-0.001873,-0.000944,-0.002230,0.000619,0.000055,-0.000383,0.000335,-0.000265,-0.000265,-0.000468,-0.000301,0.003143,0.000620,0.001715,-0.003014,0.000643,0.000391,0.000092,-0.001375,0.002076,-0.000327,-0.001367,-0.000772,-0.000463,-0.000758,0.000323,-0.000324,0.000100,-0.001679,-0.001738,0.000286,0.000185,-0.003464,-0.000856,-0.001915,0.000423,0.001004,-0.001092,-0.001206,-0.001524,-0.000432,-0.001668,-0.001510,0.002978,-0.000198,0.000344,0.001139,-0.000818,0.000860,0.000560,-0.000134,-0.000494,0.000455,0.000839,0.000322,0.001599,0.001986,-0.001809,-0.000815,-0.002702,-0.002632,-0.000905,-0.000351,-0.002024,0.002710,0.000724,-0.000970
0.001185,0.001130,0.000902,-0.001397,0.010789,0.002574,0.002004,0.001055,-0.000414,0.000764,0.001307,0.004176,0.001162,-0.003055,0.000727,-0.002152,-0.001878,-0.000949,0.003918,0.002938,0.005677,0.000067,0.004199,0.003965,-0.000696,-0.002579,-0.001417,-0.001573,0.000159,-0.001488,-0.000476,0.000650,0.000752,-0.003904,0.001280,-0.002156,-0.001556,-0.002151,0.000895,-0.009427,-0.000616,0.001741,0.001009,-0.000677,-0.003789,0.001177,0.002141,-0.002485,-0.001776,-0.001126,0.001763,-0.000631,0.001343,-0.002415,0.007547,0.001654,0.000650,-0.001562,0.001031,-0.001052,0.002369,-0.003292,0.000895,-0.000576,0.001377,0.002931,0.006260,-0.002974,0.000655,-0.002257,0.000199,-0.000958,0.000738,-0.002411,-0.004144,0.000393,0.003955,0.000870,0.002574,-0.000620,-0.000582,0.000201,-0.001973,0.000889,0.001140,-0.001798,0.002913,0.007970,0.000657,-0.000044,0.000513,0.002836,0.000721,-0.001225,0.000960,0.001107,0.000637,-0.002439,0.002402,-0.001201,0.001134,-0.000781,-0.000554,-0.006636,0.002753,-0.000055,0.000433,-0.002019,0.005434,0.000474,0.000163,0.001013,0.001194,-0.002720,-0.002316,0.000030,-0.000295,-0.008957,0.001115,-0.001162,-0.000278,0.003098,0.001421,-0.000862,0.000651,0.000193,0.000761,0.000427
-0.001458,0.001978,0.000125,-0.000318,-0.003349,0.002194,0.002221,-0.001147,-0.001981,-0.002413,0.001923,-0.000247,-0.001564,0.000442,-0.000138,-0.000502,0.000949,0.000353,0.002856,-0.001596,0.005086,0.000641,-0.000717,-0.001726,0.003623,-0.001526,-0.001894,0.002562,-0.001055,0.003064,-0.001591,-0.000441,0.001743,0.001542,-0.001387,0.002253,0.000202,0.000226,0.000108,-0.010314,-0.000403,0.001785,0.002306,-0.001556,-0.001163,-0.001024,0.002285,-0.001056,0.000201,0.001643,0.001003,0.000002,-0.000184,0.001502,0.008005,0.000158,-0.000358,0.000998,0.001272,0.000031,0.001252,-0.002486,0.000161,-0.001328,-0.002652,0.001954,-0.002240,0.000990,-0.002117,-0.000702,-0.000644,0.000320,-0.001899,0.001076,-0.001297,0.000585,-0.002031,0.000052,-0.003543,0.000745,-0.003265,-0.000899,-0.001743,0.000459,0.000525,-0.001906,-0.003127,0.004067,-0.000062,-0.001475,0.000752,-0.001759,-0.002269,0.002082,0.002309,-0.002452,-0.001976,0.003921,0.000912,-0.001475,-0.001392,-0.000013,-0.002752,0.005981,0.002327,-0.002048,-0.002317,0.000165,-0.000653,0.001681,-0.000386,0.001159,0.000722,-0.002635,0.001649,-0.000519,-0.002154,-0.005213,-0.000791,-0.001137,0.003364,0.000425,-0.000277,0.001730,-0.000816,0.000220,0.001259,0.001132
-0.002022,-0.000741,0.002278,0.001870,-0.011406,-0.002441,0.001225,-0.000390,0.002226,0.001012,-0.002172,0.000065,-0.000592,0.002380,0.000323,0.003572,0.001188,0.001468,-0.001740,-0.002659,-0.005795,0.000435,-0.000160,-0.005698,0.004274,-0.002613,-0.001886,0.002459,0.003136,0.002563,-0.001888,-0.001319,-0.002689,0.001277,-0.000849,0.004274,-0.001347,0.003392,-0.001996,-0.001999,0.004522,-0.002918,0.002928,-0.000808,0.000514,0.002006,-0.001934,0.002294,0.001159,0.002351,0.001434,-0.001004,-0.000985,-0.001364,-0.003946,0.002236,0.001670,-0.000818,0.000274,-0.006128,-0.000143,-0.002016,0.003402,0.000492,-0.002930,0.001750,-0.002204,0.001879,0.001008,-0.001178,0.003530,0.001966,-0.001825,0.000406,0.001538,0.000832,-0.002903,-0.000235,-0.001400,0.001216,-0.001226,0.001694,0.000186,0.002508,-0.001876,-0.000154,-0.004116,-0.002185,0.003868,-0.000602,0.000485,-0.003043,-0.000795,0.003079,0.002817,-0.002833,-0.000534,0.003372,0.000187,-0.001980,0.002765,0.003010,-0.004386,0.011356,-0.001374,-0.002171,0.003543,-0.001635,-0.000689,0.001839,0.000147,0.000334,0.001809,-0.001354,0.002053,-0.004284,-0.001562,0.002608,-0.002114,-0.003103,0.003859,0.003035,0.000568,0.000827,-0.001176,0.000203,0.003323,0.001302
-0.000081,-0.000507,-0.000655,0.000646,0.002418,-0.000401,0.000430,0.000368,-0.002262,0.001179,-0.001975,0.002439,-0.002674,0.000964,0.001443,0.000267,0.000308,-0.000939,0.000714,0.001167,-0.002002,0.000463,0.001662,0.000340,-0.001501,0.000574,0.001428,0.001030,-0.001026,0.001566,0.000723,0.001147,0.001530,0.000042,-0.001759,0.001029,0.001629,0.003068,0.000203,0.001173,0.000020,0.001758,0.001987,-0.001588,0.001070,0.001507,-0.001605,0.001128,-0.000227,-0.001121,0.000647,-0.001377,0.001983,-0.001543,0.001338,0.002540,0.000607,-0.002207,-0.003582,0.001377,0.000792,0.000799,0.000144,0.001187,0.000093,0.001798,0.003548,0.001688,-0.000428,0.001598,-0.000122,-0.000767,-0.000529,0.001071,0.001335,-0.000834,0.001646,0.000915,0.002447,-0.000607,-0.001720,-0.001014,-0.001030,0.000598,-0.000447,-0.000640,-0.000402,0.002520,-0.001363,-0.000599,0.000495,-0.000347,0.000966,0.004739,0.000501,0.001864,-0.000264,-0.003641,-0.000070,0.001103,0.002850,0.003890,0.000022,-0.002362,-0.001512,0.000660,0.002624,0.000053,-0.001315,-0.000773,0.000256,0.001336,0.001126,0.000347,0.000243,0.003221,0.000922,0.000917,0.000116,0.002765,0.001186,0.000558,0.000585,0.000711,0.000663,-0.000625,-0.001438,-0.001541
0.002179,0.000646,0.001077,0.001902,0.007731,-0.000859,-0.001237,0.001808,0.004661,-0.000656,-0.003217,0.000081,0.001211,0.002566,0.006272,0.002219,-0.000777,0.000996,0.000330,0.001196,-0.000289,-0.000125,-0.003850,0.002182,-0.001482,0.002476,-0.002913,-0.001637,-0.000263,-0.002932,0.001055,0.002108,-0.001666,-0.001381,0.004905,0.006610,0.001657,0.005259,0.002835,0.001230,-0.000950,0.004659,0.000237,0.002356,0.001230,-0.001490,0.000847,0.002311,-0.002106,-0.001807,0.006014,-0.002626,-0.000810,0.000379,-0.004047,0.001591,0.000720,-0.000732,0.001070,-0.000897,0.000035,0.000158,0.001672,0.002929,0.003830,-0.000172,-0.002327,0.000478,-0.001698,0.003339,0.002686,0.000676,0.000943,-0.001818,-0.001188,0.005505,-0.001081,0.000228,0.001508,0.001052,-0.001827,0.000400,-0.001723,0.001055,0.000528,0.001148,-0.001406,0.003392,0.002394,0.001944,-0.001188,-0.005456,-0.002052,0.005751,-0.003517,0.000101,0.007686,-0.001600,-0.001210,0.001504,-0.002839,-0.001258,-0.002737,-0.002805,-0.006482,-0.000902,0.002103,-0.002118,-0.002475,-0.000542,0.003438,0.001026,-0.001783,-0.001430,0.001733,-0.007436,-0.000330,0.001915,0.000813,0.001981,-0.000405,0.002549,-0.002004,-0.002660,0.001554,0.001785,-0.008942,0.000963
0.017545,0.005076,0.002656,-0.008733,0.143080,0.003475,-0.018903,0.008481,0.003150,-0.031322,0.004528,0.010324,0.028952,-0.035692,0.024600,-0.018453,-0.007046,-0.012663,0.023174,0.017293,0.077204,0.015189,-0.000315,0.073695,-0.032169,0.018064,0.001031,-0.033071,-0.018019,-0.046997,0.002425,0.002439,0.018885,-0.029443,0.035820,-0.017313,0.010070,-0.030074,0.014290,-0.047399,-0.058006,0.043199,-0.012083,0.003936,-0.014154,-0.027892,0.015325,-0.030141,-0.003522,-0.004766,0.015061,0.000940,-0.004537,0.020318,0.079564,-0.009507,-0.007775,-0.015994,-0.027591,0.030535,0.013546,0.002914,0.000241,-0.008608,0.026549,0.003577,0.049193,-0.020455,-0.007097,0.014276,-0.018994,-0.016422,0.027921,-0.015458,-0.037406,0.002173,0.009556,0.005198,0.023542,-0.014835,0.009574,-0.006419,-0.005469,-0.012651,0.000285,-0.004844,0.017732,0.062645,-0.018167,0.009518,0.002280,0.000727,-0.002584,0.000111,-0.023000,0.021130,0.009571,-0.015865,-0.007093,-0.005050,-0.022891,-0.001952,0.009722,-0.099282,0.005320,0.003972,-0.009754,-0.002810,0.014073,-0.005557,0.000806,0.015287,-0.007620,-0.012304,-0.017802,0.012476,0.006331,-0.052108,0.023732,0.006734,-0.018135,0.010699,-0.002745,-0.001531,0.018086,-0.004085,-0.044196,0.013306
0.029236,0.007029,0.019703,-0.001658,0.115468,0.011228,-0.029697,0.007985,-0.001401,-0.017119,-0.027053,0.007883,0.032757,-0.017014,0.029244,0.002752,-0.017773,-0.002056,-0.018306,0.026546,-0.043519,0.004114,0.014544,0.093460,-0.041190,0.037835,0.024537,-0.044171,-0.013225,-0.065965,0.038577,-0.016013,-0.023156,-0.052228,0.032360,-0.005929,0.014354,-0.044433,0.016582,0.096069,-0.043047,0.077677,-0.012509,0.012857,0.004844,-0.005244,-0.021331,-0.014942,-0.045725,0.003678,0.006798,-0.031159,0.001331,0.003335,-0.027233,0.007663,-0.020583,-0.009841,-0.044747,0.012949,0.013050,0.008041,-0.016173,-0.000144,0.012035,0.005000,0.059027,-0.033703,0.016460,0.007281,0.003004,-0.036491,0.053982,-0.015892,-0.002425,0.011023,0.035245,0.019118,0.046026,-0.024654,0.032277,-0.006448,-0.008543,-0.002797,-0.066460,-0.020066,0.028113,0.019122,-0.006175,0.034105,-0.004844,-0.011889,0.046706,-0.020449,-0.006395,0.042783,0.036232,-0.064049,0.000279,-0.006186,-0.018611,0.004347,0.014493,-0.155613,-0.054776,0.011298,0.045055,0.010543,0.012265,-0.008086,0.013352,0.014266,-0.015244,0.011211,-0.020948,0.022882,0.040416,0.050413,0.038192,0.014518,-0.045725,0.003185,0.002165,-0.016249,-0.006828,0.003279,-0.064458,-0.010325
0.068059,0.052893,0.059094,0.068503,0.117685,0.077757,0.003576,-0.005175,0.085098,0.041612,-0.147023,0.008332,-0.101770,0.068079,0.039305,0.046921,-0.036102,0.039539,-0.040794,0.107332,-0.274765,-0.099973,0.013848,0.043042,-0.013867,0.005781,0.033757,0.029201,-0.056175,-0.052786,0.098927,-0.062495,-0.113897,-0.078149,-0.013808,0.051355,0.004720,-0.100054,-0.004814,0.275364,0.018565,0.089925,-0.012431,-0.033731,-0.008084,0.049873,-0.047016,-0.030149,-0.161050,0.046087,-0.025357,-0.064309,0.047845,-0.021328,-0.167965,0.109387,-0.081847,-0.005053,-0.044769,-0.019983,0.019496,0.013627,-0.023249,0.076000,-0.069060,0.028750,-0.047056,-0.082269,0.092075,-0.034766,0.106923,0.010985,0.139648,-0.002863,0.157124,0.174596,0.136004,0.059098,0.082355,-0.048284,-0.005445,0.102064,-0.047281,0.087593,-0.184513,-0.099073,0.079509,-0.241000,0.092311,0.090974,-0.093009,-0.054741,0.111770,0.085259,0.085348,0.105613,0.143226,-0.134970,0.042535,-0.049111,-0.051938,0.043322,0.050833,-0.107949,-0.160830,0.044191,0.171627,0.040785,-0.129038,0.019024,0.025305,-0.102926,0.022551,0.064426,-0.117120,-0.010054,0.186540,0.164309,0.014014,0.032125,-0.136093,0.072785,0.009122,-0.009917,-0.105534,0.102658,-0.275093,-0.052416
0.075789,0.049682,0.057015,0.068519,0.108336,0.078941,0.010282,0.002668,0.055510,0.018228,-0.117630,-0.013967,-0.076684,0.057291,0.049112,0.051501,-0.038386,0.018211,-0.006942,0.102780,-0.210504,-0.085695,0.008631,0.069771,-0.032631,0.005707,0.016438,0.018271,-0.068390,-0.044143,0.094978,-0.065664,-0.082862,-0.093868,-0.017865,0.052474,0.004786,-0.092068,-0.001554,0.232005,-0.026240,0.082171,-0.000869,-0.038977,0.006507,0.049334,-0.040815,-0.037328,-0.139535,0.044005,-0.010336,-0.039371,0.043124,-0.008830,-0.141923,0.085479,-0.109935,0.008345,-0.040037,-0.013649,0.053085,0.025776,-0.028293,0.084680,-0.053663,0.040943,-0.058222,-0.063090,0.066617,-0.028328,0.081028,0.008611,0.137517,0.012189,0.129801,0.177654,0.110840,0.047576,0.047960,-0.056682,-0.007443,0.092892,-0.041340,0.075596,-0.162770,-0.073025,0.068835,-0.216036,0.063620,0.077605,-0.083534,-0.054849,0.104075,0.048554,0.085924,0.089343,0.142408,-0.123569,0.033877,-0.036845,-0.058947,0.053109,0.056677,-0.106137,-0.140532,0.039979,0.138806,0.048272,-0.122481,0.019039,0.002798,-0.075320,0.029313,0.047345,-0.109660,-0.003952,0.160508,0.144859,0.023867,0.026687,-0.112107,0.097764,-0.001597,-0.003823,-0.097777,0.085994,-0.260806,-0.044943
0.013698,0.004161,0.005645,0.011104,0.056484,0.004843,0.036727,-0.018969,0.028632,-0.008031,0.030626,0.025659,0.012579,0.018801,-0.025234,-0.027714,-0.021584,0.012787,0.035496,0.074641,-0.030119,-0.037007,-0.003509,-0.046977,-0.008824,-0.007275,-0.016628,-0.037372,0.006022,0.010463,0.022105,-0.013350,0.009971,-0.046389,0.016545,-0.025775,-0.005300,-0.010196,-0.030474,-0.068486,0.019696,0.026151,-0.016699,-0.037819,-0.024398,0.024080,-0.049405,0.039327,-0.056289,0.020422,-0.014549,0.034949,0.055467,-0.036944,0.080004,-0.021625,-0.036945,0.024224,-0.004343,0.000731,0.028758,-0.020401,-0.007669,-0.011200,-0.043832,-0.036447,0.022808,0.017690,0.004662,0.025721,-0.007362,0.004805,0.041423,-0.012713,0.036677,0.018998,0.002511,-0.013586,-0.019848,-0.023915,0.020395,0.010914,-0.015070,0.015479,0.020161,0.018092,0.072009,-0.043205,0.010948,-0.013456,-0.037706,-0.012733,-0.036507,0.055714,0.006751,0.024306,0.068540,-0.028866,0.019873,0.007840,-0.025777,-0.016011,-0.014353,-0.041816,0.026374,-0.001236,0.014369,-0.011378,-0.053480,-0.016432,-0.018739,-0.034125,-0.002728,-0.013633,-0.065802,0.022594,0.047917,0.036749,-0.004102,-0.030760,-0.078978,0.067486,-0.003538,0.013573,-0.017932,0.045551,0.095045,0.016334
-0.108344,0.003421,0.080573,-0.054924,0.139565,0.122343,0.272671,-0.012796,0.244291,0.073000,0.251109,0.020194,0.104756,0.111275,-0.134838,-0.135212,-0.128177,0.127172,0.070517,0.101215,-0.242690,-0.219415,-0.163532,-0.122046,0.102478,0.002275,-0.104391,-0.060228,0.046529,0.025305,-0.086280,-0.022624,-0.113331,-0.037209,0.109420,-0.109534,-0.075657,-0.279638,-0.074976,-0.057263,0.032129,0.098880,-0.197928,-0.125855,-0.044036,0.028528,-0.233202,0.049680,-0.152408,0.025878,-0.143099,0.132573,0.066996,-0.107176,0.119908,0.053113,-0.060918,0.121609,-0.041733,0.032462,0.057824,-0.058700,0.081268,0.092992,-0.204480,-0.162590,0.128263,0.055840,0.010235,-0.073828,-0.018443,0.134345,-0.099635,-0.251709,0.071838,0.252222,-0.130092,0.101992,0.090193,-0.067151,-0.056622,0.166864,-0.105881,0.156378,-0.058532,-0.075288,0.241099,-0.356772,0.152556,0.094854,-0.121789,-0.086190,-0.233310,0.287632,0.159383,0.096852,0.172262,0.207161,0.170536,-0.010857,-0.073773,-0.003635,0.014484,0.084539,-0.014163,0.110989,-0.099178,-0.071832,-0.225391,-0.139513,0.071269,-0.137834,0.095280,0.097030,-0.202284,-0.129336,0.145390,0.062506,-0.086096,-0.013686,-0.224158,0.141934,-0.034374,0.159057,-0.032983,0.010900,0.109909,0.102569
-0.037092,0.041626,0.050665,-0.043074,0.049401,-0.027100,0.041838,0.007119,0.094595,0.059823,0.004896,-0.002670,-0.006609,0.083247,0.006155,-0.053686,0.023923,0.056035,-0.031504,0.063174,-0.111194,-0.140047,-0.036106,-0.200456,0.100881,-0.002850,0.041374,0.092801,0.002102,0.040862,-0.037916,-0.029655,0.012398,0.081967,-0.036113,0.004150,-0.030628,-0.025745,-0.030472,-0.151560,0.117575,-0.060961,-0.073230,-0.090881,0.008053,-0.046959,-0.103478,0.053338,-0.029497,0.067225,-0.096142,0.041601,0.002465,0.006723,0.103787,0.090691,0.040865,-0.093119,0.038468,0.031325,-0.004832,0.065251,0.043300,0.133994,-0.057961,-0.052466,-0.155694,0.007578,-0.041752,-0.017554,-0.013700,0.023164,-0.060915,0.124500,0.143896,0.051972,-0.100076,-0.013348,0.082354,-0.028759,-0.047638,0.003281,-0.052337,0.108831,-0.002747,0.030566,0.080394,-0.156387,0.089841,0.042267,-0.064122,-0.046000,-0.056310,0.125427,0.004149,0.028005,-0.020882,0.152321,0.020980,-0.009956,-0.027069,-0.019815,-0.038484,0.165070,0.039937,0.112074,-0.102571,0.047260,0.014618,-0.032972,-0.057167,-0.179352,0.055491,0.084762,-0.057299,-0.076793,0.048033,-0.035953,-0.056028,0.052873,-0.072329,-0.031580,0.051327,0.128577,-0.039697,0.017170,0.065770,-0.016580
-0.024519,-0.025969,0.014176,0.066180,0.160725,-0.197830,-0.030517,-0.004948,0.172425,0.006262,0.049649,0.152012,0.052556,0.044303,-0.006277,-0.181293,0.035636,0.060871,0.025622,0.243355,-0.138970,0.003844,0.004045,-0.198728,0.101418,0.064311,0.160671,0.030553,0.235831,0.095621,-0.011728,0.038984,0.091491,0.074921,0.044331,-0.035096,0.007810,0.104717,-0.029770,-0.342977,0.024735,0.013441,-0.083212,-0.016534,0.068336,0.041723,0.034961,0.127211,-0.008462,0.038794,-0.021767,-0.016081,0.099623,-0.055579,0.199872,-0.010949,0.212852,-0.055139,0.020809,-0.019544,0.135219,0.039099,-0.007424,-0.089965,-0.041821,-0.165075,-0.042965,-0.071135,0.001092,0.127181,0.053217,0.003465,-0.019848,0.275709,0.141942,-0.104620,0.219444,-0.108426,0.055005,0.099036,0.069149,-0.095470,-0.038473,-0.004346,0.164172,0.081298,0.133737,-0.007431,0.038931,0.008437,0.008664,-0.019586,-0.051997,0.038378,-0.140965,0.027851,-0.050962,-0.026931,-0.026790,0.033826,-0.019013,-0.028905,-0.120534,-0.051782,0.064930,-0.059627,0.015874,0.088091,0.117728,0.046474,0.041849,-0.158021,0.051796,0.014561,-0.084064,0.048308,-0.007119,0.033524,-0.017541,0.047544,-0.131499,0.035579,0.135735,-0.057500,0.044249,0.004186,0.337685,0.106509
-0.010853,-0.002548,-0.047773,-0.025561,0.290535,0.058540,0.242530,-0.058814,0.163683,0.009625,0.506297,-0.045497,0.009440,0.142898,-0.026981,-0.147463,-0.155915,0.058827,0.197791,0.070895,0.039503,0.039791,-0.006168,0.133308,0.037019,0.066745,-0.004891,-0.194364,0.152708,0.127375,-0.006364,0.006147,0.024466,-0.159967,-0.022761,0.079124,-0.014208,-0.067516,-0.010927,-0.073553,-0.378561,-0.031229,-0.067981,-0.097078,0.066249,0.117676,-0.077421,-0.008662,-0.102451,-0.064011,-0.085402,0.052075,0.106994,-0.038028,-0.036808,-0.165213,-0.049632,0.268852,-0.234760,-0.089926,0.278206,-0.044953,-0.023890,-0.045196,-0.113881,-0.044018,-0.006875,0.022087,0.051102,-0.114720,0.134707,0.175703,-0.009518,0.025774,-0.176246,-0.001667,0.033191,0.027366,0.007586,-0.000046,0.177600,0.107507,-0.056347,0.034831,0.135579,0.111518,0.071263,-0.212755,0.056239,-0.017153,-0.046582,-0.020416,-0.000724,-0.035424,0.015948,0.029139,0.205124,0.031721,0.136979,0.055039,-0.088358,0.075522,-0.060157,0.069540,-0.035682,-0.051239,-0.085096,-0.032827,-0.016416,-0.045440,0.068580,0.128996,-0.019789,-0.020318,-0.166884,0.127233,0.106773,0.032721,-0.059965,0.055269,-0.000956,0.153392,-0.143610,-0.205607,0.023555,-0.119558,-0.165628,0.112205
-0.046059,-0.002913,0.028339,0.135499,-0.038620,-0.010180,0.243886,0.052513,0.313592,0.079607,-0.080399,-0.094562,-0.305495,0.204601,-0.056884,0.063350,-0.063566,-0.048572,0.082184,0.256151,-0.034008,-0.050093,0.041847,-0.108843,0.216665,0.045942,-0.075804,0.116298,0.079122,0.218095,0.113346,-0.005604,-0.103479,0.088999,-0.111478,0.007202,0.022529,0.104260,-0.066992,-0.057707,-0.211100,0.068682,-0.111913,-0.058750,0.035643,0.118755,0.127324,0.005391,0.038031,-0.063500,0.057237,-0.297712,0.040095,0.007700,0.111238,-0.099327,0.055440,0.078543,0.074689,-0.054046,0.188632,0.018698,0.041855,0.016241,0.033945,-0.020676,0.031948,-0.098535,0.098797,-0.266152,0.086519,0.095908,-0.066525,0.111264,-0.003908,0.172357,-0.050239,0.034381,0.199472,0.100282,-0.209091,0.059154,0.006004,0.071880,0.095066,0.126123,0.025484,-0.245321,-0.086642,0.144462,0.057656,-0.005816,-0.029020,-0.068834,0.059618,0.086805,0.174174,-0.049069,0.086926,0.058528,0.065773,0.270535,0.047160,0.116564,-0.123519,-0.062774,0.056630,0.042456,-0.058599,0.140246,-0.155440,0.081364,0.066127,0.053058,0.012070,0.100655,0.003980,-0.227430,-0.008940,0.026466,0.020771,0.191418,0.054954,-0.040272,-0.086884,-0.146119,0.019450,0.105193
-0.025957,-0.030744,0.040357,0.051463,0.130742,0.099907,0.121993,0.020755,0.214360,0.130084,-0.115939,0.120585,-0.203787,0.061268,-0.099775,-0.087420,0.088216,-0.003475,0.001415,0.242818,-0.070707,0.005178,0.069437,0.023763,0.176736,0.088403,0.129667,0.109787,0.127748,0.090058,0.096881,-0.034098,-0.033116,-0.022055,0.015402,-0.043869,0.029472,-0.065283,-0.066782,-0.040930,0.049032,0.068771,-0.067583,0.029355,0.025908,0.229003,0.079414,-0.080432,-0.039947,0.058168,-0.062395,-0.204975,0.013010,0.019836,0.255533,0.043740,-0.035187,-0.077175,-0.011902,0.043715,-0.011833,0.026135,-0.087513,-0.061551,0.008883,-0.139493,0.021954,-0.171626,0.095056,-0.145688,0.054588,0.006564,0.029401,0.133823,0.171245,0.141141,0.199135,0.091019,0.320146,0.061357,-0.131529,0.074075,0.013466,0.016771,-0.084890,-0.076135,0.032074,-0.023092,0.044673,0.039483,0.045245,0.017032,-0.001956,-0.067625,0.104889,0.076260,0.075518,-0.048232,0.112643,-0.090356,0.005387,0.035675,0.202171,-0.162244,-0.004310,0.009831,0.045279,-0.003281,-0.039567,0.143000,-0.066172,-0.136540,0.024452,0.085875,-0.163958,0.067379,0.135017,-0.340888,-0.030701,0.045637,-0.026502,-0.049073,0.153985,0.015272,-0.013665,0.006995,-0.154299,0.125956
-0.071389,-0.002445,0.065024,0.068624,-0.053990,0.031684,0.022437,-0.002528,0.110957,0.108177,0.100192,0.174723,-0.028031,-0.065693,0.024280,-0.019552,-0.023978,-0.094125,-0.065811,-0.012741,-0.209175,0.086776,0.075529,0.101877,0.130014,0.089204,0.060282,0.007429,0.019899,-0.126679,0.108345,-0.067218,-0.174771,-0.050867,0.017975,0.004113,-0.052638,-0.015264,-0.011439,0.156346,0.064233,0.112534,0.116004,0.131300,0.075097,0.159553,0.037537,0.002286,-0.013923,-0.048831,0.007039,-0.251577,0.007047,0.018502,-0.026877,0.153728,0.005391,-0.020418,-0.047609,-0.056284,-0.113272,0.072281,0.003135,-0.077432,-0.048734,-0.033846,0.129468,-0.113832,0.039215,-0.016748,0.180165,0.012827,0.032002,0.034293,0.106442,-0.137795,0.027985,0.158158,0.216054,0.091118,0.059477,-0.009709,0.044356,-0.065413,-0.259187,-0.107097,-0.087568,-0.005983,-0.016084,0.097733,0.069058,0.070081,0.032620,-0.035288,0.099053,0.058467,-0.080639,-0.012942,0.039058,-0.099518,0.029091,-0.031924,0.080616,0.011041,-0.098183,-0.054906,0.096371,-0.023832,0.114076,0.047859,-0.041848,0.043882,-0.001001,0.072563,-0.023458,0.096312,-0.045794,-0.115566,0.069392,-0.032484,0.057179,-0.078914,-0.028554,-0.031574,0.014434,0.029745,-0.175809,0.020105
-0.151035,-0.078295,0.032083,0.009664,-0.012287,-0.004835,0.015840,0.040509,0.151878,0.012291,0.108431,0.183265,0.022907,0.023080,-0.032195,-0.032272,-0.035052,0.002663,0.009879,0.012187,-0.095224,-0.058187,0.029538,0.052359,0.153729,0.096373,0.028293,-0.010297,0.082915,-0.075020,0.007642,0.011608,-0.132302,0.035815,-0.013978,-0.062965,-0.014864,-0.062179,-0.104542,0.053068,0.013676,0.115206,-0.029583,0.071927,-0.044689,-0.022732,0.026048,0.032711,-0.001700,-0.079325,-0.018311,-0.258771,0.019736,-0.039969,-0.047022,0.025197,0.176343,-0.069548,-0.105842,-0.027281,-0.058356,-0.017746,0.056614,-0.164244,-0.124495,-0.057363,0.262733,-0.089177,0.071316,-0.049182,0.144853,0.054413,-0.015682,-0.140466,0.004952,-0.068719,-0.045395,0.184802,0.161537,0.079050,0.019815,0.010865,0.012499,-0.036142,-0.187363,-0.059497,0.062779,-0.067799,0.024043,0.187007,0.038151,0.052596,0.004486,0.001771,-0.037287,0.105674,-0.100236,0.053790,0.143020,-0.083290,-0.000729,0.043709,-0.103174,0.063102,-0.080444,-0.075039,0.084030,-0.057114,0.199352,0.043477,0.031411,0.012967,-0.041847,0.026178,-0.072627,0.071177,0.033241,-0.039161,0.021774,-0.009479,-0.094134,-0.043984,-0.001786,-0.040007,0.007943,0.036476,-0.017545,0.011767
0.130296,0.063477,-0.185082,0.044499,0.268589,-0.190538,0.188731,-0.003125,0.116464,-0.254267,-0.016882,0.131551,0.010453,-0.038986,-0.108990,-0.220156,-0.165431,0.062918,0.011982,0.142255,0.231665,-0.037422,-0.078371,-0.068343,-0.235933,-0.044327,0.003596,-0.005772,-0.014982,-0.028282,0.050957,0.031386,-0.003262,0.087077,-0.117724,-0.155498,-0.119563,-0.039140,-0.149663,0.165808,-0.077913,0.444149,-0.109144,0.061254,0.038683,0.066934,0.202560,-0.077081,-0.005158,-0.171689,0.149438,-0.139024,0.095203,-0.194606,0.093475,0.048357,-0.009589,0.235235,0.218122,-0.067543,-0.139595,0.001155,0.021543,-0.066778,0.007681,-0.068299,0.057912,-0.112472,-0.039033,-0.112441,0.358729,-0.060953,0.089989,-0.159010,0.161697,0.165125,0.154267,0.058617,0.058549,0.019556,-0.019922,-0.159471,-0.080764,-0.122123,0.107697,-0.095253,0.239140,-0.252657,0.031604,0.180429,0.019993,0.001914,-0.068277,0.041754,-0.162500,0.088417,-0.047269,-0.307301,0.139433,0.098083,-0.071733,-0.006134,-0.188341,-0.248384,-0.058528,-0.214066,0.023961,-0.155538,-0.092986,0.099039,0.132674,-0.262100,-0.059574,-0.012286,-0.227393,0.024505,0.152667,0.113430,0.036534,0.127105,-0.266892,0.253022,0.054954,-0.129277,0.007436,0.072876,0.051551,0.197729
0.052885,0.208755,-0.103924,0.052030,0.196542,0.032481,0.267969,-0.017061,0.098409,-0.065954,-0.111815,0.072451,-0.179549,-0.097028,0.118107,-0.091471,-0.145400,-0.034712,-0.187086,-0.119301,-0.027179,0.093783,-0.074775,-0.080537,0.003500,-0.064592,-0.136585,0.098263,-0.215946,0.000796,0.057038,-0.046994,-0.128977,0.004940,-0.133450,0.008279,-0.163653,0.141598,-0.076871,0.108313,-0.028808,0.171754,-0.016318,-0.014387,0.066322,0.092359,0.112341,0.025376,-0.022503,-0.004986,0.173427,0.048142,-0.007322,-0.089914,-0.109583,0.174964,-0.047001,0.166691,0.201652,-0.039544,-0.008431,0.060979,-0.007085,0.154200,-0.034216,0.113183,-0.128865,-0.067881,0.047354,-0.175719,0.194055,-0.016515,0.067497,-0.064268,0.145826,0.318668,0.062833,-0.003335,-0.010554,0.033066,-0.127913,-0.051467,-0.046708,0.053097,0.103199,-0.040880,-0.066922,-0.243359,0.027718,0.031672,-0.059027,-0.031712,0.063331,-0.065156,0.028982,0.102944,0.003341,-0.183364,0.073727,0.021073,-0.120892,0.033275,0.059969,-0.028204,-0.155823,-0.060893,-0.002522,0.025318,-0.017245,0.089295,0.088504,-0.209085,0.018189,0.035959,0.052404,-0.006857,0.091670,0.144711,0.037592,0.146187,-0.014178,0.150450,-0.091852,0.029632,0.011204,0.020433,-0.296640,0.070070
0.086145,0.110571,-0.018444,-0.079971,0.065706,0.117013,0.084184,0.014884,0.036573,0.030037,-0.132911,-0.082755,-0.077254,-0.028394,0.000881,-0.046202,-0.034924,0.010742,-0.107793,-0.215527,0.031090,0.027116,-0.085429,-0.076807,-0.043687,-0.131505,-0.055632,0.060888,-0.122725,0.017485,-0.029238,-0.006143,-0.047881,0.029646,-0.087081,0.036679,-0.030982,0.062066,-0.005208,0.262930,-0.083246,-0.103150,-0.144168,-0.029275,0.015049,-0.069603,0.060484,-0.103841,-0.018540,0.082911,0.001242,0.080377,-0.054419,-0.043314,-0.218037,0.012878,-0.101311,0.032780,0.148107,0.027899,0.021943,-0.042615,0.087368,0.127936,-0.053059,0.038198,-0.270653,0.043629,-0.000663,-0.079846,0.055954,-0.017089,0.015434,-0.111287,-0.013853,0.151640,-0.035909,0.049646,-0.049628,-0.008381,-0.176373,0.072664,-0.053369,0.039791,0.081126,-0.026174,-0.056355,-0.207086,0.019581,-0.069978,-0.011381,-0.009641,0.040416,-0.064424,-0.040494,-0.020692,-0.056781,0.001168,0.051073,-0.025027,-0.050790,0.003950,0.102671,0.035574,0.033929,-0.025600,-0.127916,0.012770,-0.148442,0.023157,0.081803,-0.184634,0.041788,0.047127,0.076120,-0.100770,-0.007297,0.129619,-0.045075,0.128355,0.078204,0.017139,0.039017,0.044589,-0.050993,0.065049,-0.268193,0.098085
0.025159,-0.001865,0.009334,0.004731,-0.107180,0.052848,-0.121053,0.057982,-0.100712,-0.012128,-0.050374,-0.020494,-0.021053,0.010436,0.086934,0.053212,-0.010738,-0.066641,0.027894,-0.005674,0.019838,0.034793,0.057235,0.055348,-0.014492,-0.021268,0.147255,0.089867,-0.037536,0.054826,0.039879,0.046347,0.028723,-0.063477,0.032229,0.044873,0.025521,-0.057375,0.055065,-0.031693,0.035442,-0.098520,-0.058733,-0.038543,-0.019481,-0.096104,0.077509,-0.090036,-0.036263,0.038255,-0.052425,0.021294,-0.006214,0.072801,0.129768,-0.018810,0.038240,-0.041875,-0.055488,0.043561,-0.045038,-0.017162,0.012965,0.085205,0.013608,0.006317,-0.111535,-0.046916,-0.027142,0.051627,-0.113665,-0.050974,0.004738,-0.020303,-0.066897,-0.005578,0.088594,-0.003329,-0.121738,-0.008854,0.017353,0.080957,0.020780,0.006083,-0.066149,-0.033457,-0.021271,0.053294,-0.011581,-0.030171,-0.002855,0.017674,0.085709,-0.044175,-0.029754,-0.036331,-0.062493,0.048707,0.000469,-0.054164,-0.007253,0.040066,0.065282,0.048391,0.097895,0.027430,0.004096,0.120469,0.070951,0.002268,0.016314,0.038113,0.057824,-0.017364,0.089389,-0.117623,0.045700,-0.045321,-0.047039,0.037386,0.142551,-0.202893,0.059066,-0.037018,-0.023211,0.063838,-0.123323,-0.032245
0.108947,0.037301,-0.038831,0.046213,0.093185,0.114195,0.005537,0.061017,-0.119550,-0.023926,-0.064003,-0.012144,-0.172140,-0.031809,0.053655,-0.058688,-0.052221,-0.034789,0.015502,0.004866,0.066671,0.052697,0.041203,0.028460,-0.068007,-0.032027,0.148790,0.075879,-0.035363,0.135823,0.085179,0.095100,0.141200,-0.065590,0.014089,0.036230,-0.024213,0.027501,0.055767,-0.115186,0.104721,-0.004401,-0.118565,-0.023547,0.019364,-0.036537,0.081761,-0.067128,-0.063886,0.078710,-0.049048,0.152184,0.009332,0.008487,0.279784,0.002784,0.041047,-0.004602,-0.005262,0.171636,0.029850,-0.052617,-0.038964,0.067925,0.056613,0.024232,-0.220799,-0.045462,-0.024878,0.093484,-0.123921,-0.070824,-0.002623,-0.027149,0.020937,0.068126,0.196434,-0.096498,-0.137266,-0.021198,0.010404,0.090461,-0.012133,0.045388,0.141174,-0.040746,0.052131,-0.014037,0.024464,-0.042645,-0.080664,-0.038057,0.085636,-0.056317,-0.102629,-0.081431,0.005055,-0.034195,0.039344,-0.014592,-0.085362,0.022002,0.209213,-0.034122,0.089906,0.111122,-0.028655,0.131186,-0.003246,-0.044534,0.085086,-0.049417,0.073492,-0.026181,0.120104,-0.175232,0.080280,-0.008516,-0.081469,0.093433,0.116501,-0.259814,0.065094,-0.034280,0.073521,0.020669,-0.205263,0.037404
0.016370,0.017592,-0.008407,0.017218,0.029178,0.009488,-0.000972,0.000771,-0.000324,-0.046005,-0.004292,-0.003607,0.005373,-0.021027,0.024474,-0.003709,-0.013259,-0.004355,-0.010180,0.003357,0.010054,0.007127,-0.000965,0.039110,-0.016880,0.017949,0.009405,0.006415,-0.021288,-0.003527,0.014761,0.003077,0.009466,-0.012474,0.002569,-0.002115,-0.016125,-0.019161,0.010565,0.033443,-0.015204,0.044225,-0.009815,0.006955,0.006609,-0.007107,0.016795,-0.025848,-0.007551,-0.000793,0.013480,0.016792,-0.010649,0.000554,0.006863,0.002998,-0.009639,0.005612,0.028970,0.021862,0.006894,0.010235,-0.013297,0.020620,0.008930,0.010645,0.002336,-0.023360,-0.001043,-0.006280,-0.003098,-0.020593,0.016898,-0.006041,-0.005277,0.043374,0.037930,-0.006246,-0.001234,-0.002876,-0.014926,-0.004797,0.000413,0.001340,-0.029205,-0.007817,-0.002645,-0.003293,-0.005583,0.015732,-0.001514,-0.007576,0.011591,-0.023539,-0.002217,0.014489,0.002785,-0.028030,0.001184,0.006614,-0.012037,0.001724,0.026315,-0.051633,-0.018014,0.015182,0.009515,0.025110,0.008179,0.009339,0.012636,0.001887,0.013284,0.003210,0.015033,-0.004011,0.027232,0.000121,0.008695,0.022933,0.000115,-0.002968,0.010577,0.004433,0.004638,-0.005172,-0.044581,0.013051
0.000988,-0.000301,0.000987,-0.000931,-0.004287,-0.002337,-0.000615,-0.000788,-0.000789,-0.002736,0.000660,0.000689,0.001207,0.001787,-0.003535,0.003868,-0.001730,0.000359,-0.003616,-0.002582,-0.009611,-0.000016,0.002645,-0.002536,-0.000038,-0.001592,0.001065,-0.001823,0.002492,-0.001207,0.001771,-0.001933,-0.001296,0.002463,0.001098,0.000816,0.000176,-0.000644,-0.001609,0.010574,0.002272,0.006759,0.001274,0.004684,0.002038,0.001525,-0.002159,0.001793,0.000607,-0.000720,0.001941,-0.002023,-0.002197,-0.002409,-0.007910,0.003006,-0.001451,0.000496,0.000652,-0.002693,-0.005435,-0.000320,-0.000047,0.000741,-0.001329,-0.000308,0.000386,0.000260,-0.000366,0.000162,0.001777,-0.001518,-0.000887,0.001614,0.002287,0.003497,-0.001408,-0.003191,0.003513,-0.001305,-0.001491,-0.003364,-0.000321,-0.000801,-0.003735,-0.002460,-0.001612,-0.000611,0.001346,0.001933,-0.000190,-0.002974,-0.000729,0.000945,0.003130,0.001523,0.000811,-0.001226,-0.002395,0.001115,0.000915,-0.001820,-0.001980,-0.005252,-0.005051,-0.000914,0.004657,0.000530,-0.000718,0.000589,0.002930,0.000135,-0.002691,-0.000274,0.003692,-0.000312,0.002664,0.009342,0.000295,-0.002169,-0.002448,-0.000221,0.002333,0.000612,-0.000225,-0.002484,0.004339,0.000281
0.002996,0.000984,-0.000392,0.000746,0.008609,0.001742,0.000522,0.000789,-0.001257,-0.002027,0.003320,-0.000361,0.002343,-0.002299,0.000419,-0.002315,-0.003698,-0.003072,0.002954,0.000043,0.002057,-0.001957,0.002776,0.003479,-0.004127,0.000631,0.001047,-0.002925,-0.000410,-0.004406,0.002701,-0.000971,-0.000412,-0.001236,0.001514,-0.004285,0.000934,-0.003883,0.000418,0.000966,-0.002388,0.009292,-0.002846,0.000874,-0.001980,-0.000132,0.000307,-0.004402,-0.001581,0.000326,0.000768,-0.002157,0.001115,-0.000874,0.007586,-0.000353,-0.001859,0.003766,-0.000873,0.004804,0.001130,-0.001080,-0.002248,-0.000349,0.003698,0.000440,0.004037,-0.002609,-0.000132,-0.002096,0.000029,-0.002875,0.001964,0.001082,-0.001989,-0.001316,0.004247,-0.001069,0.002308,-0.001329,0.000655,-0.000951,-0.000889,-0.002049,-0.002457,-0.002792,0.002298,0.002891,-0.004155,0.004795,0.000296,-0.000147,0.001254,-0.001856,0.000116,0.002752,0.000819,-0.003690,-0.000549,0.001771,-0.000878,0.000946,0.002497,-0.012250,0.000658,0.002092,0.003247,-0.000460,0.001058,-0.001033,0.000569,0.004520,-0.002745,-0.000756,0.002983,0.003876,0.002026,-0.001639,0.001559,-0.000422,-0.001876,0.000362,0.000659,-0.001839,0.001796,-0.003103,-0.001388,0.000870
-0.000412,0.001663,0.000630,-0.000839,-0.007470,0.000134,0.001360,-0.001719,-0.001792,0.000553,0.000396,-0.001364,-0.000692,0.000743,-0.003730,0.003711,-0.000590,0.000700,-0.001506,-0.000419,-0.005385,0.000420,0.002670,-0.002206,0.002361,-0.001344,-0.001729,0.000951,-0.000852,0.003718,0.000634,0.000528,0.000696,0.001562,-0.002206,0.001444,-0.000656,0.001651,-0.001152,0.004579,0.001395,0.001852,0.001051,-0.000773,0.002887,0.000444,-0.002883,0.000568,-0.002086,-0.000215,0.000280,0.000137,-0.000447,-0.000990,-0.009501,0.002097,-0.001537,0.001812,0.002273,-0.004917,-0.001460,0.000670,0.001398,0.001442,0.000146,-0.000010,-0.004082,-0.001376,-0.002899,0.001968,0.005564,0.002457,-0.001098,0.001490,0.001768,0.003604,-0.003617,-0.001854,-0.001858,0.000453,-0.000561,-0.000204,-0.000930,-0.000417,-0.002275,0.001692,-0.000647,-0.006856,0.000381,0.000937,-0.000114,-0.000738,0.000113,-0.000820,0.000301,-0.002715,0.001764,0.000809,-0.002204,0.002344,0.000308,0.001752,-0.001569,0.004461,-0.001386,0.000482,-0.000316,0.003980,-0.002904,0.001377,0.001553,-0.000796,-0.000956,-0.001408,0.001413,-0.003757,0.001441,0.006477,-0.000785,-0.000720,0.001010,0.000492,0.001030,0.001159,-0.000508,-0.003040,0.002543,0.000771
-0.000259,0.001619,-0.001497,0.000493,0.002834,0.003299,0.003853,-0.000132,-0.001984,0.000266,0.002646,0.000810,-0.004493,-0.001788,-0.001728,-0.000872,-0.003141,-0.001872,0.003332,-0.001721,0.011306,-0.001211,0.001327,-0.000086,0.001154,-0.002162,-0.002181,0.003996,-0.002571,0.003603,-0.003133,-0.001188,0.000899,0.001752,-0.001294,0.000494,0.001462,-0.002156,-0.001503,-0.011772,0.001792,-0.000517,0.001364,-0.002316,-0.001962,-0.001060,0.001432,-0.003311,0.002560,-0.001662,-0.000332,-0.001296,-0.001428,0.001316,0.007519,0.000133,-0.000015,0.001237,0.001655,0.000915,-0.000030,-0.001600,0.002115,0.001514,0.001958,0.002463,-0.001295,-0.000254,-0.001027,0.000899,0.001779,0.002295,-0.001940,0.001217,-0.001606,-0.001944,-0.002232,0.000455,-0.001288,-0.000015,-0.001931,-0.000236,0.001054,0.001361,-0.000417,-0.002355,0.001143,0.000588,-0.002090,0.000616,-0.000023,0.000973,-0.000180,0.002329,0.000420,-0.002314,-0.002213,0.004016,0.000319,-0.001257,-0.000393,0.002567,0.002382,0.004916,0.001097,0.000346,-0.004335,-0.001431,-0.000081,0.000563,-0.001780,0.001880,0.002522,-0.001543,-0.001111,0.004422,-0.001458,-0.011514,-0.001175,-0.002202,0.002483,0.001162,0.000509,0.004648,0.001309,0.000338,-0.003551,0.001499
