0.015699,0.062645,0.088673,0.069035,-0.054108,0.007894,0.008603,-0.023256,-0.054499,0.029955,0.034522,0.009185,0.087158,-0.005952,0.013161,-0.102047,-0.013488,-0.065813,0.023165,0.001212,0.153283,0.037367,0.008058,-0.013166,-0.043211,0.001406,0.015056,-0.007012,-0.101408,-0.005516,0.029170,-0.000890,-0.169972,-0.057259,0.000706,-0.007424,-0.017079,0.084475,0.022953,0.016356,0.075394,0.065623,0.062280,-0.003654,-0.009923,-0.018601,-0.041371,-0.025103,0.074645,0.035995,-0.016886,0.064748,0.043015,-0.007246,0.045617,0.058399,-0.029410,0.023996,-0.149364,0.059170,0.007403,0.018409,-0.097940,0.032470,0.076001,-0.079240,0.018684,-0.056632,-0.023686,-0.010322,-0.091891,0.003015,-0.014178,0.004896,-0.064747,0.017418,0.051449,-0.002110,0.003144,0.004133,-0.049461,-0.014283,0.021737,-0.019477,0.000227,-0.019100,0.009044,0.022051,-0.025487,0.028427,0.013826,0.116471,-0.063274,-0.011261,0.107586,-0.027286,-0.056515,-0.020958,0.040388,-0.036234,-0.031303,0.028997,-0.056405,-0.006067,-0.039444,-0.122399,0.000047,0.052060,0.079643,0.050859,-0.114676,-0.005038,0.016329,0.038176,0.007040,0.000785,-0.010253,0.004142,0.012723,0.162245,0.010307,-0.016870,0.027496,-0.011307,0.034228,-0.007084,0.000851,0.017031
0.037879,0.067012,-0.043364,0.049368,0.021392,0.083845,0.007836,-0.005606,0.023123,-0.047112,0.044729,-0.021707,0.031126,-0.008141,0.009377,-0.135551,-0.004922,-0.010379,0.020778,-0.016157,-0.006094,0.007512,-0.003590,0.010219,-0.027491,0.141118,0.001199,-0.031473,0.011753,0.021089,0.074298,-0.020079,-0.002466,-0.038829,-0.005820,0.033352,-0.011817,0.015137,0.041596,0.021848,-0.049695,-0.057415,-0.040324,-0.045197,-0.019802,0.018512,-0.001242,-0.047209,-0.023989,-0.036726,-0.016452,-0.027101,0.029231,0.010306,-0.032988,-0.006456,-0.012388,-0.005993,0.136210,0.028787,-0.010851,-0.049915,0.047108,0.014644,0.050337,0.044863,-0.019224,0.025515,-0.057739,0.015739,0.006817,-0.011809,-0.027161,0.002449,0.004113,-0.025826,-0.007980,-0.018326,-0.028810,0.067628,-0.054725,0.016805,-0.004785,-0.037474,0.009142,-0.009693,0.041076,-0.014245,0.006736,-0.051882,-0.000253,0.013895,0.008211,0.012209,-0.013523,0.029840,0.045648,0.021222,0.052268,-0.030241,-0.166117,0.016647,-0.000829,0.107250,-0.068894,0.142134,-0.033460,0.049247,0.012320,-0.075727,0.011742,0.005724,0.021815,-0.010416,0.071496,0.002422,0.053749,0.040042,0.015216,0.003821,-0.081492,-0.011907,0.029478,0.007167,-0.048590,-0.014165,-0.070058,0.028308
-0.009259,-0.010810,-0.041096,0.032981,-0.002091,-0.075907,0.022615,0.038626,-0.013535,0.001664,0.096806,-0.061292,-0.054690,-0.009298,0.022405,0.044794,-0.004138,-0.002610,0.098266,-0.090571,-0.026442,-0.035505,0.290488,0.036170,0.025063,-0.046104,-0.025849,0.003722,-0.027923,-0.010239,0.127879,0.041943,-0.050418,-0.002148,-0.013770,0.054670,-0.092356,0.034855,0.006443,0.166719,-0.028413,-0.017484,0.034649,0.007524,-0.021100,0.012670,0.084094,0.003339,-0.028271,0.023573,0.061363,0.054902,0.047178,-0.030709,-0.009140,0.057635,0.003721,-0.014326,0.028014,-0.016868,0.021694,0.021600,-0.019003,-0.002226,0.027961,-0.063999,0.027726,0.024425,0.256445,-0.027921,-0.020968,-0.028386,0.004756,-0.012566,0.036781,0.018020,0.010984,0.008068,-0.007210,-0.038068,0.077013,0.012748,-0.011174,0.028078,0.064513,0.046378,-0.014116,0.011433,-0.033397,-0.011062,0.025032,-0.081270,-0.021506,-0.076670,-0.013173,0.001115,0.049957,0.021277,-0.000808,-0.010161,0.049471,-0.005158,0.013205,-0.158687,0.016577,-0.013584,0.007666,0.013603,-0.125475,-0.015472,0.013167,0.003382,-0.026859,-0.036748,-0.025425,-0.023023,0.018565,-0.015926,0.013859,-0.025397,-0.040448,0.021482,0.019559,-0.007245,0.115439,0.114446,-0.022513,-0.025341
-0.053601,-0.063610,-0.039681,0.003281,0.005236,0.013258,-0.023125,-0.031768,-0.004722,0.005741,0.037107,0.007028,-0.075326,0.031700,-0.041836,-0.019163,0.007841,0.074807,0.006980,-0.012383,-0.010071,0.022497,0.015729,0.004319,0.154486,-0.079374,-0.066699,0.023421,0.106252,-0.022113,0.057419,-0.015016,0.113766,0.010174,0.036036,0.021737,0.046925,0.017974,0.006474,-0.089068,-0.042162,0.029047,-0.084981,-0.016219,-0.002244,0.021111,0.058351,-0.028495,0.021032,-0.010018,-0.012352,0.003021,-0.020764,-0.002377,0.026588,-0.013423,-0.018311,-0.011993,-0.021216,0.014511,0.012696,-0.088079,-0.023090,0.007804,0.041618,-0.057141,0.000087,-0.049631,-0.050110,0.003772,-0.070665,-0.038916,0.041801,-0.018274,-0.014036,0.025853,-0.088768,-0.081772,-0.018347,0.013028,-0.020401,-0.022103,0.040083,-0.012683,0.052618,0.025905,0.069749,0.017399,0.053701,-0.013231,0.009333,-0.011102,-0.049387,-0.041843,0.059320,-0.008149,-0.069177,0.004655,0.041436,-0.033631,0.018645,0.000058,-0.048510,-0.000719,-0.008663,-0.063552,-0.131782,-0.045849,-0.017639,-0.031936,-0.031880,0.027305,-0.042465,-0.021052,0.043803,0.004380,-0.067552,-0.029359,-0.038048,-0.023133,-0.113205,-0.025009,0.127611,0.024711,0.005843,-0.064474,-0.046330,0.036221
0.035722,0.091793,-0.056635,-0.053285,-0.073319,0.030306,-0.002392,-0.015046,0.046793,0.043613,0.005601,0.089431,0.005733,0.024957,0.000664,-0.062403,-0.012997,0.045383,0.023774,-0.047290,0.007621,-0.026789,-0.004135,-0.022775,0.113029,0.080940,0.014033,0.010608,0.052362,0.017233,-0.001085,0.015209,0.072419,0.049791,-0.011572,0.031642,0.050062,0.022136,-0.015463,0.021361,-0.033315,0.013243,-0.029445,-0.037796,-0.005350,-0.013358,0.039959,0.054362,-0.038915,-0.046363,0.006362,-0.010416,0.076217,-0.045325,-0.056086,0.010770,-0.035494,-0.068909,0.192589,-0.010633,0.004053,0.001979,0.091020,0.013881,-0.022365,0.068081,0.037146,0.040177,0.002393,-0.043781,0.045521,-0.034346,0.008248,0.011388,-0.024294,0.061377,0.012878,-0.022960,-0.016738,-0.033747,-0.019771,0.029562,0.058535,-0.031696,0.058334,-0.027010,0.009370,0.036201,-0.038279,-0.019046,0.008113,0.042853,-0.011038,-0.001609,-0.069272,0.019553,-0.026421,-0.022419,0.033450,-0.017686,-0.003042,-0.007005,-0.047337,-0.064604,0.047849,0.097840,-0.018254,0.005535,0.028575,0.111274,0.019495,-0.005318,0.070480,0.080476,0.022520,0.026302,0.046346,0.014482,-0.005433,0.065856,0.134865,-0.019275,0.047765,0.017263,0.003319,0.062608,0.044215,0.029117
-0.021599,-0.026017,-0.041442,0.046287,-0.022653,-0.035720,0.015547,0.021588,-0.000010,-0.066230,-0.045362,0.017447,-0.048298,0.023050,0.002264,-0.020868,0.002851,0.011576,0.000512,-0.012650,0.038292,0.026001,-0.041972,-0.034769,0.046108,0.111056,-0.012356,0.007418,-0.004589,-0.450122,-0.005205,0.012417,0.038448,-0.007813,0.059085,0.010007,-0.036875,-0.009737,-0.023790,0.024465,0.003025,0.004369,-0.010359,-0.008971,-0.026345,0.012399,-0.010988,0.001135,0.044239,-0.015332,-0.001409,0.012562,0.005103,-0.026876,-0.011981,-0.003815,0.015785,-0.027511,0.049135,-0.012238,0.096117,-0.026407,0.014379,-0.021542,-0.016532,-0.010700,0.022122,0.040250,-0.002128,0.009448,0.015457,-0.018735,-0.003187,0.008107,-0.024215,-0.012665,0.006775,0.003364,-0.026347,0.086154,0.001886,-0.014921,-0.004800,0.040449,-0.040043,-0.013677,-0.020889,-0.025091,-0.025682,-0.010174,0.001254,-0.052079,0.004168,0.063076,0.025811,0.065652,-0.020356,0.055231,0.006281,0.042408,0.023401,0.048050,-0.016313,0.074366,0.032620,0.007452,-0.059164,0.011883,0.064616,0.034275,0.015206,0.012234,-0.026951,0.034063,0.033093,-0.017278,0.013943,0.049432,0.007555,0.030177,-0.063182,0.022153,-0.027675,-0.053834,0.015554,0.023327,-0.026244,-0.014833
0.003174,0.003651,-0.033533,0.015734,0.053743,0.069922,-0.032644,0.055869,0.010585,0.004234,-0.044770,-0.011725,0.012102,0.001490,0.217604,0.025172,-0.019461,0.001825,0.050309,-0.015113,0.000519,0.034953,-0.010654,0.003788,-0.005785,-0.016636,-0.014818,-0.034347,-0.011288,-0.040558,0.011959,-0.004352,-0.030154,-0.000370,0.022375,0.182475,-0.002990,0.008156,0.094950,-0.014390,0.009516,0.006719,-0.011714,0.000105,-0.037015,0.020751,-0.010394,0.005541,-0.025159,0.007287,0.047194,-0.015862,-0.019775,0.431682,0.022637,-0.011088,-0.008740,0.014750,-0.029801,-0.000235,0.431606,-0.020864,-0.016033,0.023830,-0.014609,0.000940,0.034921,-0.034292,-0.033650,-0.011284,-0.023971,-0.001944,-0.035630,0.241998,0.002768,-0.014676,-0.014150,0.197724,-0.008442,-0.022461,0.017049,-0.022088,-0.030378,-0.012888,-0.144544,-0.017153,-0.033785,0.021361,0.010722,0.000547,-0.059840,0.000422,-0.016167,-0.002578,0.011954,-0.070481,0.003699,0.033071,-0.009016,-0.009051,0.014364,-0.082024,0.028462,-0.026421,0.007790,-0.007007,0.003798,-0.016874,0.010214,0.024644,0.002380,-0.026272,-0.009043,0.017841,-0.000389,0.082216,-0.013431,-0.096452,-0.012769,0.015775,0.031174,-0.422813,-0.009222,0.301118,-0.013012,-0.008121,-0.063108,-0.071336
-0.039667,-0.114205,0.048485,0.037367,-0.013240,0.004904,-0.081081,0.012444,-0.081030,-0.035904,0.039727,0.034605,0.070209,0.033181,-0.015854,0.070703,0.018541,0.015481,0.024102,-0.030272,-0.046361,0.035475,-0.024681,0.008623,-0.052841,0.016299,0.026142,-0.028827,-0.062061,0.039603,-0.098351,0.010093,-0.002954,-0.042364,0.130057,0.015953,0.036364,0.018579,0.002102,-0.089229,-0.040443,-0.048198,0.050795,0.030930,-0.016807,-0.021864,0.045504,-0.051496,0.011893,0.004160,0.029721,-0.043173,-0.072147,-0.004709,0.003988,-0.006537,0.023636,-0.031022,0.033422,-0.085374,0.003552,-0.044263,0.044612,-0.025304,0.162818,0.022406,-0.029195,-0.045747,-0.042633,-0.013591,-0.031866,0.032835,-0.031246,-0.002417,0.036352,0.002078,-0.004187,-0.011809,-0.002627,0.081995,-0.004088,0.017254,-0.012962,-0.021021,0.025941,0.003478,0.016090,-0.059944,-0.038870,-0.065663,0.019676,-0.021241,0.016274,-0.024608,-0.083057,0.030279,0.157735,0.003911,0.054682,-0.086624,-0.012615,0.008416,0.074143,0.129363,0.041956,0.049102,-0.011618,-0.020858,0.024996,0.047595,-0.022965,0.005677,-0.089372,-0.032092,0.133496,0.002920,0.067712,0.009060,-0.054242,0.020996,-0.083857,-0.003298,-0.078207,0.002787,0.026971,0.018357,0.004744,0.001534
0.059392,0.025611,-0.086404,0.047234,-0.041663,0.018094,0.045010,0.002811,-0.006174,-0.022903,-0.051289,0.086641,0.019070,-0.028895,-0.026763,0.003350,-0.001319,-0.047200,0.003347,0.070161,0.042128,-0.030076,-0.003342,-0.025249,-0.120761,0.045926,0.005704,0.007582,-0.076122,0.000750,0.061619,-0.018454,-0.320045,0.018053,0.072128,0.023004,0.062938,-0.013897,-0.002526,-0.039768,0.071030,0.002830,-0.019988,-0.053743,0.028463,-0.007968,0.011160,0.006369,0.006905,0.006093,-0.014724,0.002231,0.016412,-0.038568,0.013284,0.007615,-0.016458,-0.006473,0.020689,0.038806,0.010142,0.004989,0.101106,-0.016294,0.004866,-0.032786,0.025906,0.112818,-0.020287,-0.008881,0.058386,-0.037496,0.019019,0.022213,-0.059965,-0.004173,-0.028874,-0.054214,0.024519,-0.068486,0.019676,-0.046229,0.034447,-0.002876,-0.039335,0.007492,-0.006787,-0.004128,-0.108266,0.002047,0.018331,0.011914,-0.057802,0.043403,-0.021385,0.018878,-0.039130,0.042973,-0.084171,0.013694,0.010798,0.008937,0.042188,-0.009837,-0.035960,-0.019578,0.026195,-0.014777,-0.163783,0.067951,0.026920,0.003821,0.081823,0.061321,-0.001485,0.004912,-0.039527,-0.013882,-0.009519,0.066421,-0.182244,0.010992,-0.051872,0.003154,0.037779,-0.003286,-0.022685,0.016731
0.085798,-0.024216,-0.003933,0.009140,0.042742,-0.001648,0.000453,0.015645,0.017504,-0.016661,0.090196,0.011716,0.052739,-0.039129,0.051621,0.137842,0.007477,-0.018054,-0.848242,-0.016475,0.047603,-0.016194,0.015808,-0.034747,0.020241,-0.035519,0.065814,0.001635,-0.019674,-0.050750,-0.010039,-0.088323,-0.002318,0.023527,-0.073787,-0.047056,-0.012386,0.033141,0.023316,0.011778,0.012148,-0.027244,-0.030101,0.015137,-0.159921,-0.033367,-0.012640,0.000506,0.010258,-0.004417,0.011156,0.058665,0.011618,-0.018705,0.017144,0.005158,0.018835,0.021176,0.037568,-0.017760,0.019033,0.011126,-0.014020,0.011735,0.000170,0.006675,-0.129939,-0.007909,0.028460,-0.112546,0.013701,-0.011948,0.015065,0.048328,-0.008789,0.164600,0.013235,0.013898,-0.049090,-0.017201,-0.040415,0.043042,0.118985,0.018616,0.032200,-0.105191,0.105685,0.015798,0.019044,-0.019834,0.003306,0.017027,0.027849,-0.014509,-0.008244,-0.003660,0.049741,-0.019930,0.069907,0.014282,0.070173,0.003844,0.078788,-0.017366,0.038254,-0.000996,-0.023366,0.036748,0.025874,-0.101888,0.025864,0.069360,0.002606,-0.033072,-0.039545,-0.005171,-0.017424,0.031131,0.013646,-0.004782,0.026652,0.038055,-0.019765,0.064643,0.088285,-0.025851,-0.017476,0.150668
0.029857,0.038116,-0.010235,0.156002,-0.008984,-0.027927,0.022489,0.002604,0.055405,-0.062899,0.023357,0.032812,-0.009673,-0.034934,0.048699,-0.018757,0.028003,-0.002066,0.006813,-0.036054,0.114226,-0.007049,-0.079346,0.049635,-0.011767,0.004102,0.050108,-0.002139,0.014532,-0.013086,-0.001243,0.025705,-0.006360,0.038241,0.049996,-0.032984,-0.085794,0.065721,0.035897,0.034118,-0.025956,0.035124,-0.027392,-0.018455,-0.030896,0.006263,-0.065816,-0.023437,0.018772,0.068690,-0.009886,0.004878,0.018371,0.051662,0.063820,-0.051344,0.013495,-0.031533,-0.027678,-0.010121,0.010446,-0.024005,0.014749,0.068147,0.113391,-0.011946,-0.022897,0.065736,-0.054834,-0.025523,-0.010124,-0.049983,-0.018737,0.007973,-0.067380,-0.006622,-0.037670,-0.003809,0.013846,0.122064,0.048755,0.010522,-0.021143,-0.050460,0.031759,0.038167,0.010870,0.036705,0.035843,-0.052936,-0.006354,0.068034,0.016687,0.000070,0.018066,-0.013969,0.086354,0.204575,-0.049777,0.050920,-0.069240,0.033344,-0.031055,0.069687,0.018869,-0.037992,-0.047551,0.098900,0.062582,-0.050809,-0.014795,0.001169,0.103105,0.016930,0.028854,0.008318,0.019713,-0.003743,-0.046776,0.101890,0.011421,0.018564,0.014449,0.012199,0.047423,0.005555,0.038673,-0.027575
-0.048320,-0.055508,0.049606,-0.027553,0.012744,-0.035159,-0.008717,0.052533,0.008461,-0.013345,0.097827,-0.002517,-0.095464,0.003372,0.032550,-0.023141,-0.014791,-0.017981,0.042296,0.071969,-0.037798,-0.049639,0.116125,0.003149,-0.026915,0.018406,0.060138,-0.037192,0.042085,-0.022793,0.007935,-0.031693,-0.040485,-0.028614,0.001132,0.032929,-0.057463,-0.057637,-0.013379,0.065665,-0.048304,-0.070842,0.058134,0.001584,-0.020784,0.009361,0.044460,-0.025725,0.010361,-0.166327,0.013762,0.004926,0.001040,-0.009059,-0.023846,0.001649,0.010910,-0.100214,0.080663,0.036592,0.006063,-0.021642,0.016361,-0.084510,-0.028911,-0.023414,-0.003015,-0.013261,0.132176,-0.035115,-0.074676,0.024022,0.001968,0.021869,0.069297,0.043804,-0.028749,-0.012537,0.004134,-0.080610,-0.016944,0.034574,-0.004963,0.045056,0.047460,0.035104,-0.004756,-0.112808,0.016328,-0.001358,-0.024210,-0.030069,-0.022844,-0.008052,0.017127,0.038052,-0.003279,0.036519,0.038608,-0.049068,0.006044,-0.018084,-0.074339,-0.146436,0.063487,0.091703,0.011187,-0.045945,0.074367,-0.036724,-0.078950,0.003675,-0.019857,-0.018217,-0.019488,-0.009798,0.070582,0.005149,0.074057,-0.049564,0.097202,-0.008299,0.031925,-0.011872,-0.057859,0.072101,-0.010213,0.006211
-0.012228,-0.092956,-0.068982,-0.100586,0.058050,-0.012170,-0.012604,0.027470,-0.022261,-0.015710,0.397469,-0.008453,-0.091068,0.059631,0.009891,0.005538,-0.008716,0.035467,0.078575,-0.015802,0.006763,0.025139,0.129245,-0.047533,0.052538,0.022424,-0.027287,-0.004905,0.000384,-0.025486,0.060886,0.125966,0.037151,-0.044526,0.013974,-0.059803,0.049068,-0.008306,-0.054951,0.021186,0.014751,0.063133,0.022335,-0.068406,0.051874,-0.010865,0.053638,0.055135,0.050149,0.033668,0.018909,-0.025702,-0.022525,-0.087782,0.031548,-0.035872,-0.002108,0.111856,-0.030448,-0.006511,-0.038554,-0.018466,0.028954,0.013459,-0.033745,0.055474,0.014774,0.024417,0.205738,0.043775,-0.033567,-0.002537,-0.015079,-0.049771,0.043028,0.026810,0.033068,-0.008830,-0.064875,-0.001727,-0.036633,0.019528,0.010920,-0.095924,-0.047283,0.017742,0.191023,0.012393,0.047147,0.008808,-0.061033,0.031783,-0.006291,-0.043563,0.008354,-0.229493,-0.013884,0.037038,-0.014301,0.005132,-0.039412,0.044389,0.166318,0.102527,0.005572,-0.009106,0.048212,0.048946,0.066246,-0.065195,-0.017738,-0.033191,-0.055184,0.052996,0.013428,-0.019635,-0.004049,-0.454002,-0.022936,-0.016506,-0.060427,0.035504,0.020827,-0.071948,-0.012627,-0.013144,-0.111002,0.010945
0.207906,0.017963,0.020561,-0.067402,-0.045554,-0.056781,-0.035552,0.030048,0.018052,-0.040018,-0.081290,-0.069891,-0.075403,-0.017592,0.035607,0.092692,0.033489,0.033404,0.104943,-0.038422,0.040697,0.001505,-0.011156,0.039204,0.004564,0.002686,0.030476,0.021985,0.048259,0.065827,-0.018121,0.011784,0.027242,0.043850,-0.429009,0.022742,0.008326,-0.029622,0.003726,0.000458,-0.074524,-0.046503,-0.123922,-0.010020,-0.130892,-0.046323,0.050093,0.005989,-0.087142,0.011777,0.023598,-0.011747,-0.048228,-0.016446,-0.015579,0.001953,0.009494,0.034053,0.071930,0.040606,-0.017621,-0.038855,-0.054120,0.033778,0.000063,0.050886,-0.081128,0.019379,-0.010248,-0.091230,0.043025,-0.028361,0.016306,0.077471,-0.051130,0.033544,-0.038504,-0.017146,-0.029000,0.076941,-0.003575,0.012028,0.014189,-0.006660,0.022249,0.002909,0.114098,0.047555,0.063433,-0.017230,0.000463,-0.060200,-0.012577,0.007161,-0.045613,-0.010779,0.104218,0.018812,0.075033,-0.049641,0.030256,0.022761,-0.005809,0.044769,-0.027732,-0.025213,0.042596,0.002964,0.072842,-0.336089,0.011717,-0.000386,0.035560,0.005624,-0.131025,0.035225,-0.057453,0.023797,-0.052099,-0.007242,-0.042990,0.019152,0.022689,0.107848,-0.012634,0.003911,-0.006625,-0.023519
-0.057335,-0.039612,-0.009079,0.022624,-0.036437,-0.032222,-0.014432,-0.034086,-0.038589,-0.012437,0.015336,-0.018351,-0.015831,0.013023,-0.014888,-0.079854,0.016551,0.029040,-0.041230,-0.124768,-0.028947,0.075179,-0.025609,-0.060785,0.005899,-0.054799,0.013542,-0.020598,0.018748,-0.024008,0.047787,0.031756,0.072590,-0.015020,0.057667,-0.000019,0.014867,0.073987,0.016309,-0.010144,0.057245,-0.029570,0.069529,-0.089895,-0.021062,0.017496,-0.021903,0.008633,0.046857,0.018786,-0.027557,-0.005176,-0.007378,0.041883,0.045386,0.005563,-0.009039,0.021838,0.017106,-0.010036,-0.018775,0.031229,0.006658,-0.073546,0.020712,-0.033315,-0.035152,0.034472,0.034745,0.057997,-0.015092,0.023367,-0.027537,0.032114,0.097107,-0.014512,0.036155,-0.023099,0.023274,0.128587,-0.016915,-0.007528,0.004754,-0.008014,-0.035410,0.015415,0.037728,-0.051935,-0.010806,-0.035055,-0.016761,-0.053776,0.001369,0.000120,0.015211,0.059607,0.054402,-0.044119,0.098499,0.071770,0.092849,0.010975,0.005286,0.048357,0.051660,-0.008539,0.045647,0.077150,0.018521,-0.114454,-0.014552,-0.012457,-0.023376,-0.146414,-0.029395,-0.029641,0.068547,0.042371,-0.041693,0.025175,-0.007107,0.001194,0.052014,0.029228,-0.042653,-0.024666,-0.084142,0.010615
-0.012268,-0.002995,0.153252,0.102995,-0.043719,0.013565,0.005820,-0.000890,0.009626,0.060104,-0.017316,0.016294,0.070405,-0.015407,0.023867,-0.117185,0.012223,-0.010125,0.052194,0.101561,0.018665,0.000613,0.024686,-0.008905,0.024918,0.143821,0.015550,0.020370,-0.019477,0.050767,-0.005382,0.000022,0.039546,-0.009897,-0.062860,0.027684,0.071750,-0.206942,0.015913,0.028295,0.071385,-0.010110,0.020528,0.121144,-0.042588,0.058937,0.035395,-0.025532,0.049443,-0.096430,0.009541,-0.029225,-0.022542,0.041033,0.054173,-0.009397,0.012035,-0.115404,0.067320,-0.079956,-0.016063,-0.014016,-0.033278,0.001373,0.088802,0.011777,-0.040318,-0.077924,0.014904,-0.017127,0.002889,-0.016628,-0.010005,0.041942,0.053781,0.010232,0.041550,0.001521,0.009087,0.042534,-0.064417,0.056880,-0.004832,0.032459,0.088308,-0.008969,0.042927,-0.022643,-0.022831,0.010905,0.012669,0.063782,0.043248,-0.015639,0.007070,0.003031,0.049839,-0.103927,0.077251,-0.028115,-0.055242,-0.037545,0.013600,-0.130061,0.040389,0.133760,0.035892,0.052585,0.040564,0.021665,-0.004300,0.036660,-0.059144,-0.055379,0.088167,-0.005615,0.066492,0.028521,0.002381,-0.022762,0.029792,-0.018174,0.060873,0.025641,0.034426,0.000347,0.117620,0.007786
-0.017441,-0.002447,-0.014637,0.001997,0.041572,-0.004389,0.036039,-0.060296,-0.003089,0.047904,-0.059845,0.018513,0.054416,-0.014110,0.168864,-0.150768,0.081130,0.011709,0.047420,0.032956,-0.031569,0.006851,-0.011137,-0.004675,-0.012153,0.028683,-0.299598,-0.015842,0.026820,0.004224,-0.044859,-0.017682,0.061827,0.001802,-0.001969,-0.136651,0.004565,-0.034096,0.029315,-0.022471,-0.001639,-0.008358,0.012045,0.004181,-0.006288,-0.062538,0.000720,0.007878,0.083089,0.008422,-0.026057,0.001676,-0.010447,-0.037275,-0.014085,-0.040464,0.015232,0.013103,-0.004724,-0.000076,0.152998,-0.011200,0.025533,-0.004635,0.000765,-0.007685,-0.040158,-0.008473,0.012572,-0.071344,0.039099,0.010048,-0.003999,-0.070549,0.033798,-0.092155,-0.006617,-0.052021,-0.024854,0.049409,0.006503,-0.081686,0.727844,-0.003597,0.032828,0.105857,-0.008635,-0.012408,0.040094,-0.002843,0.026668,0.047192,0.001162,0.013603,-0.031458,0.013560,0.038337,0.021805,-0.070232,0.021017,0.031745,-0.018457,0.003457,-0.020876,0.037642,0.016545,-0.016714,0.096368,-0.130249,-0.008126,0.023361,-0.084917,0.007008,0.013097,0.031210,0.066913,0.022197,0.030585,0.009475,-0.037570,-0.076271,0.157707,-0.015031,0.071652,0.016874,0.009362,0.133926,-0.216646
0.039009,-0.055958,-0.021920,-0.074781,0.064386,0.025325,-0.018103,-0.008842,0.004524,0.014203,0.098835,0.033417,0.025562,-0.010336,-0.015601,-0.004051,0.004767,0.041445,0.015070,0.033328,0.037997,0.060174,-0.024587,0.018485,0.031338,0.041022,0.007648,0.012692,0.013042,0.004380,-0.064319,0.016019,0.173879,-0.046718,-0.049571,-0.028176,0.058620,0.016751,0.000138,0.031228,-0.024147,0.045123,0.085012,-0.041965,0.005665,-0.014576,0.013183,-0.009768,0.028901,0.044396,-0.021861,-0.086710,-0.058670,0.002612,0.008411,-0.017952,0.064871,-0.013969,-0.086485,0.003458,-0.013104,0.020030,-0.087959,-0.000995,0.011968,-0.051517,-0.006624,-0.115736,-0.063972,-0.028183,-0.003303,0.129053,0.001125,0.021123,0.038425,0.050027,-0.016225,0.020356,0.004505,-0.051866,-0.014519,-0.008707,-0.019426,-0.052047,0.009463,-0.023275,-0.013130,0.005415,0.061050,0.031741,0.004319,0.080768,0.034002,-0.020442,-0.031179,0.093907,0.000955,0.000966,0.078389,0.029528,-0.083594,-0.019626,0.016521,-0.014470,-0.036334,-0.080485,0.002527,0.001968,0.053124,-0.032913,0.009225,0.014052,-0.056927,0.007890,-0.002910,0.006016,-0.039153,0.052870,0.025114,0.009176,0.009300,-0.016986,0.033925,0.010870,-0.031228,0.007541,0.018485,-0.011141
-0.054420,0.018515,0.063705,-0.008451,0.071383,0.065703,-0.054388,0.016966,-0.010820,0.060293,0.053696,0.064873,-0.003189,-0.032757,-0.050365,0.015256,0.002262,-0.070244,0.040860,-0.019515,-0.031738,0.004930,0.029818,0.092662,-0.017263,0.060375,-0.150995,0.037302,0.047408,-0.002876,0.060976,-0.014780,-0.058802,-0.015594,-0.001804,0.090688,0.004885,0.046972,0.002001,0.083787,-0.110057,-0.128410,0.049824,0.045156,-0.036758,0.043877,-0.041324,-0.043006,0.000135,0.004061,0.007449,0.037196,0.067030,-0.005417,0.035793,0.012707,0.036788,0.050223,-0.042812,-0.028707,0.007203,0.046540,-0.068179,-0.109417,0.061078,-0.025036,-0.033311,0.005932,-0.041909,-0.021712,-0.068468,0.025139,0.011588,-0.048598,-0.087516,0.013901,0.028702,-0.037558,0.010395,0.026035,-0.011964,0.033249,0.115986,-0.035346,0.064442,0.024660,-0.015592,0.021651,-0.073707,0.031230,-0.000515,-0.059286,0.004191,0.003276,-0.007188,0.095445,-0.126373,-0.020588,0.202083,0.002484,-0.203079,0.036725,-0.042356,0.004471,-0.180318,-0.139277,-0.006030,0.008563,0.019916,-0.045171,0.051930,0.037390,-0.040734,-0.094789,-0.022724,-0.006301,-0.052499,0.084219,0.042460,-0.000312,-0.026775,-0.017677,0.001649,0.012175,-0.007831,0.058729,-0.029216,0.105251
-0.033230,-0.082224,-0.007253,0.073150,0.025631,0.026536,-0.080828,0.018187,0.051193,0.034644,0.023818,0.017672,-0.032414,-0.027125,0.020882,0.037893,0.017477,0.011973,0.036765,-0.028161,-0.046706,-0.084574,0.049998,0.093097,0.060273,0.021397,-0.021637,0.012409,-0.004327,-0.032479,0.216648,0.063617,0.047724,0.062705,-0.032343,0.021345,0.069729,0.062567,0.020266,-0.043955,-0.078627,0.063104,-0.042126,0.011254,-0.022819,0.024599,0.051479,-0.068559,-0.103236,0.062777,0.021035,-0.015447,0.017537,0.033305,0.067579,-0.070516,-0.019609,-0.056261,-0.073876,0.087297,0.007956,0.064668,-0.017224,-0.007912,-0.017099,-0.057568,0.010076,0.018891,0.043286,-0.021684,0.063476,-0.187610,0.026895,-0.002494,-0.019104,0.002900,0.013923,-0.018168,0.006272,0.072877,0.054661,-0.006896,-0.022450,-0.057542,0.068284,0.023396,0.047370,-0.025949,-0.060574,-0.084367,0.030231,-0.196701,0.023925,-0.023340,0.020158,-0.013392,-0.058723,-0.090561,0.018287,0.017763,0.077669,0.012717,0.015774,-0.056430,-0.045454,-0.081483,0.000664,0.018898,0.059196,0.020066,-0.005160,0.002340,-0.046466,-0.096436,-0.019907,-0.028810,-0.073629,-0.020328,-0.055147,0.088249,-0.039691,0.013683,0.064965,-0.002850,-0.038410,-0.065127,0.031964,-0.022024
0.043515,0.046608,0.054111,-0.009749,0.032671,-0.007348,-0.030250,0.014512,-0.049030,-0.018552,0.070974,0.004261,-0.035326,0.043235,0.013640,0.073757,-0.000731,0.049908,0.025229,0.015952,0.034363,-0.020802,0.082624,-0.047121,-0.034916,-0.001370,0.041428,-0.030712,-0.056903,-0.039048,-0.030706,-0.044160,-0.055107,0.044322,0.048686,0.016940,-0.100484,-0.007248,-0.009741,0.035230,0.045591,-0.112733,0.032688,0.088946,-0.023838,-0.029306,0.033702,-0.089354,-0.026043,0.061175,0.001859,0.053103,0.059450,-0.006375,-0.043792,-0.043338,0.036133,0.024771,0.004884,0.004812,0.028818,-0.095819,-0.020587,-0.061334,0.135215,0.050604,-0.020073,-0.031152,-0.026457,-0.000713,-0.053682,0.041934,0.009238,0.007809,0.067041,-0.004776,-0.058754,-0.008105,0.001781,0.090304,0.032643,0.020695,-0.041045,0.041870,0.021453,0.040061,0.028394,-0.117245,0.081304,-0.006242,-0.012418,-0.075249,0.102227,-0.001206,0.031295,0.045586,-0.047678,-0.036642,-0.006799,0.010105,-0.021269,0.029893,-0.032500,0.050251,-0.011086,0.004070,-0.039285,-0.065713,0.055180,-0.027796,0.045987,-0.016038,-0.020135,-0.106940,0.066520,-0.017114,0.002190,0.022850,-0.035717,-0.056181,-0.046617,0.028450,0.048348,0.023410,0.000772,0.021812,-0.044652,-0.022321
0.002336,-0.006531,0.012567,0.017367,-0.009636,-0.064478,-0.009330,0.029920,-0.038876,0.016500,0.022343,-0.031084,-0.006283,-0.042697,-0.062891,-0.025713,-0.005702,0.013259,-0.008019,-0.008487,0.013555,0.051713,-0.015073,0.069311,-0.038217,0.160231,-0.040723,-0.007444,-0.011693,-0.813424,-0.025890,0.031011,0.032723,-0.001330,-0.052148,0.009824,0.010735,-0.000574,-0.040018,-0.010692,0.007523,-0.039954,0.004100,0.031541,-0.033478,0.010175,0.029568,0.041135,-0.037913,-0.013926,0.030102,-0.017547,-0.004799,-0.026716,0.015576,0.021408,0.037041,0.001451,0.019710,-0.015191,0.105983,-0.001157,-0.009767,-0.016273,0.012978,0.071552,0.008022,-0.014437,-0.025109,0.035096,0.007759,0.029513,0.015887,0.005090,0.051249,-0.031228,-0.007051,-0.026552,0.013325,-0.030253,0.007127,0.002633,0.045721,0.001291,-0.004234,0.008526,-0.007369,-0.001192,0.018350,0.062040,0.001991,0.008823,0.002806,0.012459,0.003959,-0.029903,0.035315,0.040721,-0.014712,-0.004258,0.013145,0.058410,-0.014288,0.025543,0.000201,0.039335,0.039423,-0.007339,0.045295,0.016347,0.030168,0.102606,0.002189,-0.000520,0.037687,-0.046368,0.007107,0.017906,0.044113,0.013397,0.033124,-0.044565,-0.033305,-0.122456,0.001938,0.044743,-0.026515,0.052352
0.033813,0.059150,0.018831,-0.042163,0.149473,0.094370,0.066078,0.000910,0.035164,-0.034134,0.066808,-0.019870,-0.044023,0.037249,-0.039394,0.183827,-0.004134,-0.016979,0.167276,0.046176,0.079400,0.012173,-0.047849,0.034653,-0.000556,-0.055936,0.077727,0.143729,0.011760,0.039869,0.042541,0.101821,0.024674,0.021764,0.079296,0.093220,-0.040470,-0.035041,-0.008031,-0.025176,0.029755,-0.059765,-0.019161,0.059002,0.039314,0.061778,-0.026904,-0.013031,-0.064595,-0.138029,0.001488,0.042555,-0.013400,0.003038,-0.016941,0.002585,-0.016996,-0.037374,0.035392,-0.008310,0.007051,0.014806,-0.012692,0.052037,-0.014797,-0.019522,0.016430,0.004676,-0.040723,0.012673,-0.012773,0.015903,0.161278,-0.063599,-0.013266,-0.094850,0.025502,-0.004742,-0.046502,-0.039063,0.060693,-0.058783,0.186794,0.008048,-0.082603,0.002964,0.100520,0.045299,-0.307746,0.030864,0.072875,0.022546,0.009031,0.029619,-0.028798,-0.046570,0.024762,0.018089,0.558976,0.032390,0.016986,0.079422,0.006064,0.028241,0.041553,0.081158,-0.000467,-0.120745,0.102101,0.062965,-0.042970,-0.040561,0.072703,0.135799,0.071944,-0.018211,0.026589,-0.046404,-0.076890,-0.044727,0.019480,0.004117,0.059014,-0.056827,0.103700,-0.034544,-0.081801,0.147945
0.012310,0.026955,-0.033302,0.045855,0.028414,0.062164,-0.004143,-0.034945,0.031536,0.001173,-0.013972,-0.001386,0.071329,0.091832,0.215897,-0.017026,-0.172844,0.029162,0.166960,-0.046477,0.034289,-0.002894,-0.009225,-0.007295,0.006844,-0.017969,0.099125,-0.101532,-0.037187,-0.182820,-0.003839,-0.038214,-0.006306,-0.025758,-0.016454,-0.096220,-0.040051,-0.005763,0.048127,0.003634,0.004829,0.073245,-0.019973,-0.013069,-0.048937,-0.056505,-0.044039,0.027586,-0.041303,0.029894,-0.026582,0.000519,-0.040085,-0.007419,0.002461,0.030422,-0.014596,-0.045992,-0.006796,0.027714,0.060754,-0.030119,-0.011736,-0.000857,0.020042,-0.023906,-0.079099,-0.050108,0.002460,-0.033282,-0.017436,-0.015636,-0.101137,0.073089,-0.012536,-0.178427,-0.022705,-0.018111,0.019257,-0.049945,0.000297,0.127958,0.101186,-0.020580,0.030990,-0.122897,-0.028839,-0.004020,0.034794,-0.033240,-0.080548,0.002902,0.008592,0.029020,0.043166,-0.071775,0.005072,-0.034091,-0.067646,-0.014619,0.038552,0.155928,0.045163,-0.026907,0.009654,-0.007052,0.000609,-0.017624,0.002582,-0.030567,-0.019421,0.094901,-0.003639,-0.010949,0.002527,-0.052561,-0.009992,-0.061629,-0.025026,0.032748,0.050600,0.120415,0.000621,-0.010425,0.008817,0.019272,0.050550,0.066900
-0.038557,-0.032898,-0.009170,-0.008559,0.069883,0.021077,-0.044744,0.004665,-0.010305,-0.042901,0.028806,0.056051,0.031801,-0.014582,-0.015420,0.050700,0.011146,-0.036198,0.037018,0.026079,-0.068515,0.037790,-0.023887,0.024005,-0.057535,0.022617,0.032654,-0.010993,-0.012221,0.017568,-0.028250,-0.000045,0.038182,-0.000817,-0.051676,0.009245,-0.124331,0.034558,-0.000879,-0.019436,-0.047184,0.017348,0.087766,-0.065273,-0.013093,-0.001126,0.033221,0.053990,0.003264,-0.030395,0.009980,-0.039792,-0.027380,-0.012200,-0.004299,0.038431,0.066686,-0.004674,0.000830,0.122615,-0.024398,-0.009144,0.004288,-0.099220,-0.083623,-0.042487,-0.022428,0.037370,-0.013289,-0.028559,-0.017740,-0.011672,0.002781,-0.001321,0.050141,0.002534,-0.061039,0.014935,-0.041129,0.008427,-0.007765,0.007002,0.013725,0.039405,0.004057,0.002271,-0.032989,-0.107858,-0.005559,-0.011976,-0.008050,-0.018036,-0.004909,0.016127,-0.008790,0.003465,0.010930,0.032620,0.060302,0.032128,-0.027411,0.013257,0.106320,-0.033309,0.027692,-0.056451,-0.055736,0.016033,0.029536,0.057594,-0.006684,-0.006989,0.004080,-0.034467,-0.029695,-0.013603,0.031435,0.032007,0.070542,-0.015258,0.001793,-0.010247,-0.059303,-0.005466,-0.039597,-0.005999,-0.017816,0.018721
-0.008688,-0.084908,-0.023701,-0.020462,0.007367,-0.028117,0.036093,-0.056958,0.149457,0.022154,0.287773,-0.073894,0.050330,-0.020200,0.014939,-0.017471,0.015287,0.012904,0.049920,0.060050,0.035314,-0.008413,-0.016479,-0.007146,-0.001005,0.065550,0.007122,0.001594,-0.024244,-0.015044,-0.009902,-0.054997,0.027309,0.008801,-0.011263,-0.006174,0.054520,-0.021820,0.010734,-0.024976,-0.009206,0.008302,-0.030891,-0.110304,0.030487,-0.039409,-0.048464,0.010564,0.046878,-0.056250,-0.031036,-0.012903,-0.021106,-0.035802,-0.016853,0.005790,-0.043858,0.001714,0.065350,0.074717,0.011489,-0.023936,-0.033026,-0.063377,0.031000,-0.024960,-0.004035,-0.055047,-0.041021,-0.019041,-0.011585,0.000598,-0.029883,0.022918,-0.016776,0.037686,-0.005359,-0.013244,0.035961,-0.003086,0.007204,-0.014611,-0.052757,0.033978,-0.041667,-0.023645,-0.035019,-0.037124,0.030324,-0.044658,0.045590,0.073209,-0.015724,0.066928,-0.040324,0.092058,-0.017252,0.067737,-0.103601,-0.010211,-0.037241,0.029711,-0.041428,-0.031047,-0.014144,-0.057557,-0.047764,0.050424,-0.027771,-0.001104,-0.004464,-0.045490,-0.000592,0.069495,0.027094,-0.001134,-0.002751,0.057207,-0.011032,-0.018381,-0.066132,0.024513,0.006784,-0.008162,0.045321,0.039740,-0.075208,-0.043059
-0.022544,-0.006991,-0.014711,-0.006960,-0.021382,0.047322,-0.004994,-0.078824,0.028851,-0.009298,-0.002003,-0.004232,-0.027108,0.018333,-0.064944,0.021900,0.049084,0.023634,0.001907,-0.043673,0.014600,-0.805790,-0.018804,0.012801,0.045886,-0.067451,-0.058150,-0.012571,0.031998,0.020271,-0.363622,-0.003612,0.007790,-0.004573,0.001860,0.004037,-0.009254,0.020106,0.018822,0.026756,-0.021256,0.038156,0.008153,-0.049727,0.056118,-0.069616,0.137330,0.021389,0.052404,0.004925,-0.054874,-0.015531,-0.000462,0.019205,0.009135,0.009255,0.023720,0.103158,0.046699,0.049160,0.031060,0.013191,-0.026193,-0.004389,0.018135,0.075594,0.098203,0.018433,0.039271,0.002170,0.030197,0.033558,-0.018210,0.098489,0.043709,-0.038325,0.012416,0.050155,0.003039,0.024157,-0.012532,-0.027311,0.074598,-0.037590,0.113347,0.046026,0.006545,-0.011046,0.025157,0.036531,0.023208,-0.003773,0.001858,-0.006079,0.042964,0.064946,-0.007951,-0.011521,0.002034,0.021633,0.009224,0.070010,-0.057646,0.030242,0.007467,0.034063,-0.010157,0.056664,-0.011164,-0.029100,-0.026704,-0.014491,-0.004694,-0.038713,0.025040,0.011448,0.012850,0.070769,-0.027552,0.022296,0.019760,-0.070644,0.196666,-0.116971,0.005693,0.004321,-0.122258,0.036129
-0.006652,-0.047844,-0.017398,-0.065180,-0.011206,0.047669,-0.000012,0.010918,0.013924,0.005499,0.102034,-0.031589,0.016614,-0.064545,0.054425,0.060723,0.003619,-0.087146,0.230020,0.097860,0.143046,-0.064052,0.010423,-0.008865,-0.004989,0.042943,0.058561,0.017593,-0.015333,-0.010691,-0.031088,0.019963,-0.252197,0.010811,-0.055208,-0.017366,-0.002733,0.049533,0.014609,-0.021477,0.182412,0.002489,0.009465,0.037949,-0.060032,-0.067589,-0.007475,0.093235,0.038206,-0.022857,0.012140,-0.092004,-0.017757,0.075800,-0.027508,-0.019771,0.042379,-0.039523,-0.008711,-0.153499,0.048947,-0.026596,0.026827,-0.011919,-0.283988,-0.008858,-0.047139,-0.014574,0.004623,-0.095180,-0.019095,-0.019322,0.025894,-0.022592,0.036246,-0.000773,0.051945,0.067538,-0.004767,0.004899,-0.012149,0.015342,0.016890,-0.014665,0.035931,-0.039731,0.037790,0.003227,-0.047874,0.021739,0.029805,0.042370,0.067948,0.004576,-0.046197,0.053254,-0.025213,-0.018571,-0.040052,0.042348,0.027915,0.092254,0.033813,0.019958,0.081881,-0.024726,-0.030194,0.036763,-0.082324,-0.086546,-0.017002,0.106439,0.000459,-0.109903,-0.534280,-0.008282,0.032409,0.014034,0.142594,0.023253,-0.084035,0.037608,-0.008385,0.082562,-0.190338,-0.004759,-0.021464,0.050709
-0.019377,-0.065144,0.061614,0.068981,-0.016016,-0.014825,-0.022545,0.026409,-0.111267,0.092187,0.023669,0.077415,0.052326,0.010566,-0.015902,0.031250,0.010964,-0.047291,-0.008475,0.069691,-0.092554,-0.008187,-0.079039,0.005878,-0.069631,0.006247,-0.004276,0.016867,-0.013709,-0.005309,-0.027471,0.036701,0.001052,-0.043132,0.015474,0.010285,-0.015250,0.009848,0.002898,-0.053327,-0.061909,0.011526,-0.006635,-0.024054,-0.004669,0.016060,0.116931,-0.041827,0.041863,-0.024828,0.012152,-0.012213,0.003861,0.000900,0.013021,0.080095,-0.027931,-0.034005,-0.013998,0.050934,-0.000029,-0.036328,0.034078,-0.011339,0.051265,0.056889,0.000276,-0.016292,-0.053997,-0.003235,-0.078036,-0.011341,0.038781,-0.007696,0.046788,-0.010602,-0.021817,-0.011500,0.018379,0.006362,0.017741,0.006552,0.019030,-0.013198,0.016081,0.002413,-0.043217,-0.002783,0.022372,-0.011278,0.016231,-0.115291,-0.120700,-0.018421,-0.007923,-0.010603,0.095326,0.024003,0.012865,-0.020405,-0.015035,-0.005704,0.023144,-0.007878,0.018877,0.038798,0.014954,-0.004782,-0.018929,0.012503,-0.077420,0.010220,-0.010501,-0.000560,0.074176,-0.025114,0.052558,-0.024618,0.006275,-0.015142,0.013882,-0.006460,-0.061841,-0.010243,-0.039354,0.035286,0.032178,0.028361
-0.001542,0.027012,-0.052151,0.063120,-0.017229,0.030966,-0.015833,0.073865,0.002646,0.106614,-0.013959,0.037521,0.555257,-0.005842,-0.010596,-0.029450,-0.008646,-0.012429,0.048000,-0.041622,0.001558,-0.040665,0.100994,0.013260,-0.004576,0.009385,0.044874,0.044282,-0.031328,0.023492,-0.072051,-0.387194,-0.014267,0.016129,-0.068514,-0.002370,0.143810,-0.024313,0.018206,0.069838,0.005704,-0.027661,0.020781,0.037896,0.014675,0.050061,0.080892,-0.001602,-0.045669,0.047918,0.037775,-0.010285,-0.027110,-0.043942,0.066893,0.020282,0.010727,-0.020606,-0.006375,0.045020,0.021179,-0.006758,0.016941,-0.017342,-0.005488,0.035665,0.003259,0.027085,0.044264,0.006312,0.017652,0.027444,0.066211,-0.045769,0.027199,0.038836,0.026325,0.002714,-0.029294,-0.013058,0.080188,0.045620,0.007818,-0.003823,0.044257,0.105502,-0.039371,-0.009968,-0.086710,-0.099711,0.016876,0.020942,0.008356,0.018638,-0.008804,-0.070253,0.025806,0.144687,0.028242,-0.007281,0.202293,-0.006878,0.093699,-0.057775,-0.013154,-0.011445,0.004591,-0.091656,0.083028,0.069020,-0.005237,-0.027981,0.034755,0.050875,0.011589,0.019939,-0.010039,-0.048660,0.004510,0.036025,-0.027381,0.005775,0.034778,0.000991,0.000355,0.151854,-0.131361,-0.018422
-0.003545,-0.005895,-0.006017,0.041913,-0.032026,0.057831,-0.004826,-0.011182,-0.122370,-0.028773,-0.050116,0.001779,-0.027115,0.001782,-0.006517,-0.043545,-0.000819,0.000355,-0.026910,0.000566,0.006942,-0.054826,0.085079,0.046650,0.034121,0.047354,-0.005518,-0.026615,-0.043522,-0.003796,-0.010604,0.042045,0.115235,0.087390,-0.033251,0.020257,0.076527,-0.036029,-0.008980,-0.013371,-0.005219,0.037704,-0.044759,0.021373,0.007285,-0.005623,-0.053335,0.112476,-0.079619,0.084092,-0.000232,-0.011516,0.011225,-0.020640,-0.009333,-0.034973,0.034859,-0.093718,0.009800,0.019790,0.002461,-0.096396,0.044038,0.021581,-0.137278,-0.096788,0.008277,0.051541,0.031780,-0.039718,0.117658,0.042881,-0.034850,0.020121,-0.000149,-0.006348,-0.034210,0.032993,0.007998,-0.030555,-0.025825,0.029128,0.009589,-0.041892,-0.018784,0.015286,0.017407,0.027124,-0.072494,0.006096,0.003241,-0.040916,0.006066,-0.047577,-0.021920,0.021363,0.006366,0.137278,-0.013745,-0.059205,-0.076775,0.026586,-0.067877,-0.007282,0.019068,0.036284,0.022967,-0.056212,-0.013490,0.059149,0.040864,-0.009689,-0.014589,0.089230,-0.091099,0.001724,0.013923,0.011666,0.098620,-0.053977,0.037839,-0.009092,-0.133544,-0.009404,0.007222,0.004380,0.042365,0.037394
-0.055050,-0.015188,-0.017081,0.050809,-0.086398,0.049007,0.013735,0.014598,0.048157,-0.057967,-0.122607,0.087133,-0.029461,-0.026477,0.007894,-0.141430,0.017521,0.034414,-0.089491,0.038008,0.103199,-0.027147,0.016204,0.002854,0.019935,0.039870,0.033624,0.046400,-0.071529,0.062831,0.093121,0.060156,-0.129156,0.061321,0.013884,-0.006079,-0.037315,-0.014784,-0.001678,-0.000280,-0.002312,0.013798,0.053658,0.033722,-0.038559,0.017483,-0.005039,-0.008466,-0.042488,0.033596,0.030354,0.026706,0.050710,-0.034584,-0.017942,-0.006984,0.073597,-0.033961,0.031372,0.002853,0.004270,-0.045427,-0.008829,0.007453,0.033400,0.009733,0.010468,-0.003840,0.001787,-0.005925,0.042818,0.046313,0.040088,-0.022519,0.010072,-0.059804,-0.035231,0.019568,0.054700,-0.075951,0.069903,-0.047152,-0.010713,0.014940,-0.010349,0.033333,0.022339,0.001878,-0.047808,-0.028038,0.039165,-0.007837,0.114125,0.070715,-0.058666,-0.073439,-0.010713,0.090124,-0.016786,0.002761,-0.021027,0.041313,-0.019914,0.002367,0.031555,-0.009346,-0.081231,-0.048738,0.051024,-0.055992,0.053271,-0.033782,0.006066,0.020081,0.052277,-0.011079,0.028278,-0.089990,0.008188,0.081587,-0.005349,0.017610,-0.045256,-0.014151,0.047008,0.028937,-0.061937,-0.034511
0.057746,0.038154,0.054734,-0.035963,0.096490,0.011603,-0.053912,0.034737,0.008400,0.023332,0.028008,-0.006727,0.053394,0.026535,0.002942,0.004849,-0.008716,-0.098191,0.046071,0.020469,0.009108,-0.007339,0.015549,0.049508,-0.005910,0.054551,0.018405,0.014453,0.079058,-0.031150,-0.008144,-0.001396,0.056507,0.040690,0.011112,0.018797,0.089399,0.070179,0.019442,-0.071667,-0.056617,0.025995,0.057835,-0.017086,-0.024787,-0.023381,0.103613,0.018676,-0.012912,0.075159,0.040812,0.039642,0.042838,-0.032111,0.075146,0.108336,0.016058,0.008673,-0.083090,0.011886,-0.003549,0.028418,-0.045472,-0.057073,0.057296,0.043805,0.016234,0.014287,-0.024525,-0.033348,0.053906,-0.049881,0.014111,-0.018107,0.017867,0.075430,0.085159,-0.009837,0.044573,-0.025503,0.018503,0.012475,0.017527,0.059328,0.047470,0.004544,-0.091165,0.018455,0.037039,0.004952,-0.007400,-0.036247,-0.002476,-0.021073,0.046502,-0.052015,-0.048006,-0.031893,-0.063821,0.006282,-0.172286,-0.039506,-0.054912,0.008645,-0.137957,-0.098385,-0.021288,-0.023397,0.081175,0.066731,0.017961,-0.000042,-0.001115,-0.041887,-0.015653,-0.010054,-0.052409,-0.006036,0.109460,0.112858,0.062879,-0.021106,-0.011327,-0.029311,0.009456,-0.047007,0.045866,0.000953
0.043497,-0.003511,0.001914,-0.075427,-0.018082,-0.061648,-0.004776,-0.740342,0.013708,0.004369,0.003961,-0.007759,0.013243,-0.004016,-0.003747,0.027859,0.036952,-0.007826,-0.010882,-0.009193,0.042674,0.090688,0.070694,0.012022,-0.025539,0.019793,-0.091276,0.001681,-0.020658,-0.010791,0.073263,0.002251,-0.039689,0.016260,-0.002766,-0.016232,0.011447,-0.003207,0.019622,0.022486,0.010110,-0.041968,0.014789,0.013955,-0.169326,0.084610,0.116327,0.010042,-0.020466,-0.017091,-0.473398,-0.014196,-0.033256,0.006225,0.003138,0.033429,0.047978,0.011514,0.045550,-0.011243,0.091531,0.037593,-0.029441,0.007206,0.006662,0.045174,0.222963,0.010224,0.072380,-0.063115,0.042989,0.048866,0.018636,-0.071779,-0.017664,0.116506,0.031172,0.129830,0.025514,0.012736,-0.002921,0.128415,-0.106392,0.017253,0.001754,0.044303,-0.016881,-0.004301,-0.007173,0.005735,0.025362,-0.005267,0.047253,0.037999,-0.000958,-0.001902,0.006537,-0.036405,0.005508,0.017096,-0.019527,-0.056247,0.024984,0.080027,0.004632,0.047142,0.030260,-0.059681,0.015899,0.040330,0.010749,-0.017663,0.014033,0.017541,0.012691,-0.033442,0.011859,0.002156,0.035478,-0.005212,0.005337,0.057306,-0.023023,-0.005808,-0.019027,-0.002803,0.010539,-0.097390
0.004367,-0.016120,0.003868,0.063738,0.051779,-0.003649,-0.050326,0.020620,-0.050643,0.004302,0.036351,0.007105,-0.031020,-0.088394,-0.047130,0.037343,-0.028879,0.021088,0.043580,-0.022245,-0.001666,0.157045,-0.124973,0.000733,0.030897,0.004682,-0.035218,-0.027145,0.059723,0.041152,0.170261,0.023706,-0.138229,-0.008667,0.006175,-0.035667,-0.038760,-0.018530,0.004426,0.002138,-0.035493,-0.004849,-0.000221,-0.007749,0.026339,-0.010652,0.561099,-0.014471,0.002336,0.013909,0.022443,-0.017406,-0.026160,0.026634,0.046228,0.019635,-0.043655,-0.074687,0.027922,-0.000307,0.005492,-0.033215,0.032156,0.027971,0.005410,0.419144,0.060047,-0.006304,-0.048762,-0.005817,-0.052986,-0.101086,-0.032073,0.008745,0.028078,-0.014955,-0.091957,-0.062844,-0.059878,-0.048311,0.017912,0.015947,0.016853,-0.050222,-0.006494,-0.026676,0.003958,-0.011612,0.023392,0.003188,0.034730,0.045802,-0.073930,-0.126266,0.051627,0.258808,0.002108,0.066989,-0.047249,-0.020611,-0.042694,0.010703,0.018404,0.058115,0.004492,-0.027560,-0.005922,0.017484,-0.028450,-0.021895,0.008173,0.004911,-0.042961,0.002961,-0.000608,0.030630,-0.006020,0.168147,-0.035664,0.023394,0.028791,-0.036932,0.096683,-0.009888,-0.036205,0.044129,0.023358,0.020883
0.021402,0.057116,-0.047110,-0.025423,0.153128,0.032742,0.004766,0.054655,-0.003010,0.010767,0.098752,-0.021615,0.055170,-0.014199,0.126003,0.022163,-0.008020,0.015792,0.041346,-0.026488,-0.003433,0.049510,-0.017780,0.041930,0.046942,-0.048444,0.027785,-0.017929,0.024130,-0.016353,0.023004,-0.020567,0.006740,0.064174,-0.004958,-0.124174,-0.003593,0.030928,0.020971,0.115403,-0.016803,-0.031790,0.008003,0.014578,0.045474,0.038057,-0.008965,0.008653,-0.023470,0.034307,0.051836,0.038841,0.098972,0.044036,-0.019523,0.026985,0.014104,0.074111,0.084009,0.003492,-0.111109,0.008396,-0.048526,-0.009086,-0.025795,0.032137,-0.047175,-0.046703,0.005893,0.002264,0.010493,0.060062,-0.019738,0.017336,0.044036,0.067855,0.039826,-0.070000,-0.034671,-0.046334,0.049220,0.067439,-0.012479,0.040048,-0.116629,-0.017733,0.033340,0.024784,0.011594,0.018498,-0.023670,0.024734,0.034759,0.008370,-0.043107,0.084317,-0.040938,0.072905,-0.029094,0.021495,0.118975,-0.014323,-0.623245,0.001667,0.004525,0.151921,-0.028483,0.012222,-0.001500,0.018773,0.042274,-0.023773,0.004509,-0.028032,0.004214,0.010022,0.071900,0.082364,0.015546,0.006415,-0.005266,0.025334,-0.052329,0.004670,0.006352,0.016009,0.014694,-0.111818
0.002645,-0.015578,0.038099,-0.083943,-0.063947,-0.017812,0.024642,0.063224,-0.031147,0.012450,-0.015816,0.021218,0.018991,0.014099,-0.012199,-0.017570,-0.021766,-0.015002,-0.064127,0.033834,0.003307,0.078664,0.092982,-0.029676,-0.018940,-0.012700,-0.113951,0.039801,0.020718,0.162897,0.305057,0.015099,0.047049,-0.002366,-0.003585,0.048742,0.044596,0.023167,0.071827,0.076945,0.039000,0.015030,0.033113,0.047661,-0.008923,0.008947,0.035766,-0.042646,0.032998,0.013949,0.007685,0.009362,0.003547,0.029177,0.002735,0.004199,0.028756,0.126537,0.019224,-0.031170,0.001910,-0.015256,0.026115,-0.003637,0.015018,0.026598,-0.020298,0.029998,0.079590,0.033837,0.002082,-0.011062,0.046486,-0.040203,-0.016146,-0.116761,0.003662,-0.027360,0.060284,0.064955,-0.021082,-0.001988,0.036403,0.011985,0.036108,-0.018579,0.045951,-0.006490,0.003639,0.052979,-0.022495,-0.018552,0.048826,-0.060009,0.034158,0.137835,-0.006182,0.279912,-0.056858,0.011116,0.068430,0.059942,-0.001914,0.037720,0.004823,-0.008707,-0.021100,0.037633,-0.010447,0.039463,-0.004649,0.029561,-0.043042,-0.006812,0.005853,-0.011480,-0.003627,0.104022,0.006447,0.002569,-0.016617,0.017398,-0.028302,-0.020535,0.006698,-0.054797,0.015826,-0.028487
0.025514,0.004119,0.085361,0.081516,0.082188,-0.078583,-0.023315,0.011960,0.004675,0.022163,0.071444,-0.013050,0.067402,0.030926,0.015941,0.008380,-0.014353,0.134637,0.081951,-0.021728,0.020866,-0.014640,0.018671,0.020815,0.061867,-0.020355,-0.012958,0.014892,-0.063925,0.004229,-0.038710,-0.070888,-0.037280,0.034418,0.065185,0.003436,0.060169,0.059620,0.033995,-0.032830,-0.074277,0.109548,0.010365,0.032479,-0.035314,0.001335,0.043297,0.031161,-0.051388,0.050859,0.029758,0.003855,0.029505,0.002816,0.000323,-0.012698,0.069340,-0.015374,-0.062170,0.051869,0.001710,0.082849,0.000245,0.071166,0.095153,0.038099,-0.006172,-0.014698,0.007144,-0.013954,0.033866,-0.030560,0.030648,0.016693,0.008620,0.069903,0.045955,0.046079,0.021569,0.011848,-0.000964,0.006531,0.007148,0.060404,0.055594,-0.008203,-0.026527,0.060166,0.034112,0.065123,0.010517,-0.024481,0.087048,-0.001874,0.027196,0.003253,-0.069910,0.002961,0.026823,0.015449,-0.156966,-0.033922,-0.036080,-0.106961,-0.105577,-0.012344,0.058227,0.012298,0.023958,-0.111676,0.011409,-0.017139,-0.030895,-0.067801,0.041198,-0.000794,-0.034582,-0.011382,0.100622,0.065441,0.004308,-0.016819,0.001214,0.007817,0.032095,-0.053160,0.064432,-0.004243
0.082513,0.020672,-0.018033,0.118897,-0.051039,-0.006135,-0.009628,-0.019815,0.011047,0.026215,-0.011789,0.035746,0.024675,0.022229,0.013608,-0.049303,0.027753,-0.046728,-0.019601,0.035330,0.095034,0.028950,0.069921,-0.009708,-0.005769,-0.036477,0.057847,0.002974,0.061279,0.050052,-0.065225,0.083973,-0.025572,-0.071069,0.060354,-0.015754,-0.002151,0.151600,0.025293,0.057326,0.018670,0.090040,0.060263,-0.069628,-0.036425,-0.019020,0.019654,0.017127,0.087190,0.043820,0.006209,0.079901,0.070485,0.048713,0.005502,0.089155,0.017851,0.012130,-0.011021,0.021791,-0.012811,0.077190,-0.000057,-0.009657,-0.005159,0.017175,-0.034896,-0.026036,0.079493,0.031032,-0.093993,-0.010631,-0.005018,-0.000163,0.022854,0.011575,0.052527,0.026330,0.042785,0.054688,-0.014279,0.024474,-0.007597,-0.001696,0.029236,0.001143,-0.052981,0.073273,0.078212,-0.005187,0.020596,0.054438,-0.024426,-0.018512,0.014425,-0.009653,-0.012669,0.035783,0.048860,0.044048,-0.074694,0.030243,-0.178933,0.091957,-0.012114,-0.012764,0.049946,0.076455,0.092193,-0.005667,-0.034577,0.027414,0.051899,0.077481,-0.029702,-0.019680,0.040356,0.016939,0.091793,0.125780,0.026648,-0.000878,-0.001214,0.034588,0.105063,0.038835,-0.027808,0.026197
-0.005920,-0.006367,-0.006872,-0.004625,0.000220,-0.002066,0.010922,-0.001658,0.009747,0.011294,-0.005759,-0.002587,-0.007603,-0.002590,-0.005291,-0.002854,-0.001718,0.001134,-0.001656,-0.000556,0.000358,0.008337,0.004353,-0.014919,0.018666,-0.000168,-0.001988,-0.002349,-0.001938,0.003104,-0.008051,0.004248,-0.009579,-0.007343,-0.011510,0.003444,0.002749,-0.007981,0.000790,0.009578,-0.000011,-0.001153,-0.005560,-0.011403,0.003626,0.003314,-0.007746,0.006443,-0.000080,0.002662,-0.001128,-0.000850,-0.011795,0.000704,-0.006966,0.000794,-0.003517,-0.003323,-0.000844,0.000291,-0.005604,0.011069,0.001690,0.002503,0.004723,0.005943,-0.004786,-0.001738,0.006719,-0.008306,0.004745,0.007416,0.002919,-0.003928,0.009140,-0.000503,0.004960,-0.000132,-0.001208,0.000450,-0.009017,0.001376,0.005212,0.001898,-0.000771,-0.000031,0.007884,0.005971,-0.000108,0.007878,0.000378,-0.002322,0.007217,-0.006376,0.002726,0.000604,-0.005040,0.010411,-0.004737,0.007201,-0.000869,0.006158,-0.000754,0.005699,0.001948,0.000226,0.007335,0.003997,0.003328,0.015404,-0.012954,0.003999,-0.001489,0.006691,0.002403,-0.002619,-0.001329,-0.005238,-0.006621,0.010656,0.002536,-0.005425,0.000309,-0.000263,0.005696,-0.001647,-0.006580,0.008674
-0.043357,0.021840,0.006607,0.048925,0.019986,-0.204793,0.002385,0.120492,-0.013807,-0.015872,-0.035961,0.004800,-0.006296,0.044051,0.093107,-0.016421,0.030275,-0.023516,0.071274,-0.021231,-0.000236,-0.057811,-0.028270,0.008675,-0.030030,0.117197,-0.137791,-0.006160,0.005071,0.027148,-0.062116,0.013883,-0.043368,-0.024032,0.023910,0.131681,-0.018321,-0.068375,0.043404,-0.000166,0.005889,-0.008613,-0.003835,-0.000471,-0.187710,0.092371,-0.030808,-0.033664,0.040153,-0.004699,0.070544,-0.007255,-0.006681,0.260841,0.008566,-0.019818,-0.018917,0.009026,0.020473,-0.002897,0.029018,-0.031560,-0.006603,0.007032,-0.026173,-0.012616,0.063674,-0.005366,-0.006209,0.153162,-0.010279,-0.036298,-0.018881,-0.290207,0.060292,0.720535,-0.054394,0.021440,0.030197,-0.023740,0.008419,-0.181795,-0.043842,-0.048285,-0.118987,-0.005943,0.021670,-0.005817,0.005425,-0.003089,0.009797,0.034059,-0.007218,0.003891,-0.004989,-0.028607,0.073064,-0.033924,-0.030862,0.007535,0.003032,0.160591,-0.039140,0.020595,0.044249,0.057008,-0.010144,0.049154,-0.010448,0.077139,-0.023853,-0.054515,-0.001833,0.012130,-0.006734,-0.019753,0.057088,-0.001363,-0.066879,-0.022850,0.032806,0.154540,-0.001735,-0.088550,-0.030014,0.003640,-0.008640,-0.005804
-0.013609,-0.013292,0.014685,0.013562,-0.035812,-0.024672,-0.000213,-0.040695,-0.015635,0.002363,-0.028619,0.008132,-0.050236,0.015602,0.025459,0.029040,-0.004402,-0.008911,-0.007261,-0.019431,0.002817,0.053975,0.024282,0.010732,-0.005075,0.005025,0.049614,-0.012347,-0.045599,-0.028195,0.003146,0.022872,-0.028808,-0.000415,-0.010776,0.058767,0.016743,0.002183,-0.017727,0.009811,0.005088,0.006889,0.013297,-0.029295,0.057576,-0.022377,-0.002630,0.001253,-0.012477,0.009771,-0.033685,-0.002460,0.014617,-0.014736,0.004346,0.011211,0.013174,-0.037265,-0.035292,0.000069,-0.011414,0.017273,-0.002686,-0.005776,0.009807,0.002199,0.052851,0.036272,0.024308,0.015241,-0.011301,0.021543,-0.014697,-0.000074,0.019997,0.034263,0.028699,-0.041399,0.019554,0.003810,0.003682,-0.003385,0.047985,-0.009311,0.033440,-0.073691,0.002000,-0.011333,-0.016464,0.002371,0.036394,-0.012485,0.014115,0.003179,-0.013812,-0.010760,-0.018947,-0.016791,0.009001,0.006536,-0.011293,0.019132,-0.007292,-0.014340,-0.012246,-0.004841,0.009890,-0.006736,0.011202,0.014467,-0.002579,0.010415,-0.004102,-0.018568,0.010592,1.032545,-0.007882,-0.031438,0.012852,0.016013,0.000129,0.000895,-0.010561,-0.087180,-0.006947,0.004168,0.003257,0.080560
0.010807,0.056800,-0.042362,0.117872,0.085832,-0.011579,0.025571,-0.029181,0.023210,0.049043,-0.004762,0.021070,-0.004881,0.033844,-0.007204,0.120516,-0.009069,0.005891,0.053505,-0.097999,0.015582,0.009539,0.061747,0.069878,0.010208,0.024550,0.094290,0.002616,0.202619,0.035734,-0.055321,0.013731,0.106466,0.073700,0.053363,0.004535,-0.027376,0.020258,0.024620,-0.044427,0.005109,0.080634,0.058360,-0.041920,0.012504,-0.010325,0.011879,0.053358,0.039477,0.064505,-0.010075,0.050941,0.098281,-0.005176,-0.040215,0.053608,0.032911,-0.064933,0.039703,-0.013245,0.014551,0.095990,0.013020,0.025643,-0.004319,0.084347,-0.003218,-0.072789,-0.030961,-0.030819,0.065157,0.031876,-0.023644,0.036131,-0.037496,0.105596,0.028356,0.024625,-0.015957,0.018006,0.015673,0.048777,0.012478,0.038116,0.060856,-0.025351,0.069579,0.066378,0.056177,-0.024505,-0.015763,0.109146,0.035551,-0.014064,-0.047242,-0.054128,0.114288,-0.011814,-0.004091,-0.017882,0.016774,-0.002090,0.116524,0.012846,0.015430,-0.032784,0.038220,0.059496,0.025164,0.057515,0.019462,0.001586,0.145020,0.112648,-0.040993,0.003068,-0.013997,-0.048467,0.065552,0.023103,0.091284,0.012601,0.017587,0.024011,0.029004,-0.030690,0.098153,-0.005344
-0.005428,0.009638,0.014392,0.135817,0.076063,-0.002183,0.025291,-0.030121,0.088108,-0.012208,-0.056718,0.132632,-0.044781,0.000693,0.011299,0.089961,0.001045,0.050825,0.038303,0.030460,0.011135,-0.029669,-0.030243,-0.044146,0.110836,-0.003381,-0.059583,-0.010435,0.086436,-0.022040,0.081657,0.011213,0.121630,-0.042039,0.091664,0.007255,-0.008360,-0.014889,0.027640,-0.011327,0.046492,0.094989,-0.012475,-0.063646,-0.016767,-0.023025,0.023093,0.038859,-0.070338,-0.030161,-0.012309,-0.011080,-0.054243,0.023167,0.004114,-0.025181,-0.020182,0.001481,0.080764,-0.028946,0.026773,0.009849,0.090153,-0.031564,0.096128,0.016815,-0.003742,-0.002642,-0.015511,0.008859,-0.014395,-0.322623,0.009038,0.013416,0.049294,-0.020476,-0.024389,0.000975,-0.008855,-0.043116,-0.046916,0.013084,0.004844,-0.013588,0.022845,-0.029193,0.012914,-0.035325,-0.052483,-0.061068,-0.023881,0.026913,0.048423,0.047336,0.104020,0.010230,-0.003026,-0.022185,-0.048282,-0.026797,-0.006715,0.019388,0.024306,0.025056,0.010738,-0.017286,0.035738,-0.014839,0.006886,-0.097799,-0.018128,-0.005719,0.065681,-0.042340,0.082829,-0.004107,0.049481,-0.016287,0.004012,0.000197,-0.097234,0.024268,0.134858,0.017630,0.035367,-0.022935,-0.025212,-0.018139
-0.030886,-0.159645,0.020592,0.051599,-0.051341,0.032148,0.034044,-0.008070,0.014475,0.027776,0.020548,-0.041469,0.009533,-0.003291,-0.007872,-0.048891,0.009875,-0.010041,-0.011802,0.043840,-0.056813,-0.006530,-0.072309,0.005648,0.028663,0.013900,-0.016908,0.010045,-0.089474,0.002516,0.009712,-0.005183,0.052702,0.021194,0.032142,0.006985,-0.001447,-0.002818,0.004804,-0.032732,-0.027410,-0.085560,-0.024573,0.035162,-0.002782,0.016170,-0.006286,-0.025816,0.059467,-0.088653,-0.010521,-0.036269,-0.031863,0.007609,0.078534,0.031106,-0.016499,-0.023671,0.042634,0.038020,-0.008632,-0.028105,-0.053099,0.020415,-0.043997,-0.021771,-0.016672,-0.039261,-0.095086,0.009064,-0.040054,0.028566,0.004393,-0.000349,-0.039424,-0.006767,-0.012253,0.008097,0.012212,-0.022294,-0.041180,-0.011430,0.004262,0.012604,0.032253,-0.018843,0.007242,0.022207,-0.011550,-0.035680,0.001091,-0.170661,-0.027865,-0.004401,-0.069885,0.037868,0.014903,0.012204,0.042490,0.020984,0.070870,0.013683,0.078046,-0.086496,0.033281,0.074965,-0.018187,-0.033921,-0.049158,0.010164,-0.032166,-0.004789,-0.013548,0.019165,0.026872,-0.035502,0.003113,0.014972,0.017382,0.090872,0.018559,0.005387,-0.088638,-0.011165,-0.022108,0.101308,0.015634,0.014827
0.162649,-0.084223,0.003626,-0.143093,-0.176081,0.009752,0.020733,0.041702,-0.021712,-0.003035,-0.178282,-0.000997,0.049610,0.011357,0.054830,-0.001554,-0.004530,0.042477,0.199000,-0.031049,0.116476,-0.009816,0.031691,-0.031076,0.073995,0.000034,0.002361,0.029759,0.078422,-0.002729,0.032385,-0.025397,0.085124,-0.062399,-0.116105,-0.004839,-0.047152,-0.003800,0.013536,0.019818,-0.113292,0.014027,-0.023673,0.027193,-0.151869,-0.002769,-0.033070,-0.000209,0.071440,0.000330,-0.010617,-0.018187,-0.010915,-0.002031,0.047849,0.017628,-0.052227,-0.017492,-0.010323,0.097784,0.039693,-0.037218,-0.006819,0.059673,0.039241,-0.076317,0.015683,-0.044157,0.028095,-0.001910,-0.037503,0.018401,0.020512,0.015290,-0.031303,-0.022737,0.005398,-0.023734,0.023311,0.063406,0.007966,-0.011219,-0.010885,-0.011179,0.036664,-0.076499,0.070192,0.055980,0.053780,0.037135,0.002401,-0.020706,-0.049028,0.014699,0.066693,0.063463,0.043174,-0.039878,-0.003266,-0.035645,0.146391,-0.038588,0.054043,0.107412,-0.002743,-0.049221,-0.042977,0.040528,0.030410,-0.115445,-0.025656,-0.036989,-0.025519,0.061693,0.105290,0.011838,-0.014478,0.057334,-0.084493,0.055391,-0.043226,0.021655,-0.051087,-0.018884,0.019577,-0.016428,-0.003664,-0.047355
-0.046823,-0.079420,-0.013194,-0.084297,0.043053,-0.026410,-0.011781,0.075736,0.005974,0.001781,0.109530,0.004860,-0.017466,0.027111,0.021377,0.026708,-0.026640,0.020979,-0.003482,0.026759,0.036893,-0.025404,0.039418,0.014581,0.014213,-0.000098,-0.018292,0.000684,-0.069821,-0.001889,-0.009312,0.041134,-0.015647,-0.061717,0.039923,-0.083869,0.000357,0.010023,0.000910,-0.105322,0.014633,0.020450,0.029596,0.012891,0.015619,0.005474,0.021989,0.001403,-0.020277,-0.032478,0.044230,-0.035422,-0.050571,0.034727,-0.048018,-0.023517,0.022603,0.026028,-0.032422,0.022922,-0.033309,-0.015428,-0.015033,-0.085436,-0.038776,-0.048354,-0.001583,-0.008723,0.072101,-0.010457,0.003446,0.092307,-0.012817,-0.008766,-0.039240,0.041380,0.050431,0.014701,-0.003837,0.010691,-0.054433,0.011876,-0.029791,0.068945,-0.025602,0.003591,-0.034991,-0.036652,-0.026924,0.043792,-0.033048,-0.061526,0.054694,0.007355,-0.039714,0.330448,-0.008426,-0.014380,0.029615,-0.025173,-0.031787,-0.011955,0.035471,0.081460,0.019938,0.055216,0.029082,-0.022546,-0.034674,0.063043,-0.035611,0.019929,-0.027342,0.103087,0.005310,0.046425,0.028741,0.347234,0.022224,-0.025764,-0.035266,0.004933,-0.066794,0.000082,0.012240,-0.144318,-0.016113,-0.055843
-0.071784,0.272454,0.033927,0.017589,-0.038607,-0.027279,0.008093,-0.037267,-0.141544,0.012837,-0.112208,0.012511,0.074863,0.002646,0.004371,0.079417,-0.014706,0.002822,0.024670,-0.001578,-0.057050,0.096901,0.021361,0.012535,0.011412,-0.058139,-0.086165,0.003659,-0.034276,-0.012761,-0.071174,-0.026104,0.033617,0.028377,0.021275,0.058683,0.059187,-0.013142,-0.024599,-0.058399,0.013240,0.046862,-0.033555,0.077222,0.031876,0.028830,0.024916,-0.001010,-0.095867,0.039738,-0.041778,0.014241,0.046530,0.035567,-0.025381,-0.013928,0.022724,0.075962,-0.127261,-0.010948,-0.033846,-0.031096,0.061365,0.018437,-0.000475,0.068169,-0.008191,0.088501,0.037632,-0.002555,0.009995,0.036341,-0.004021,-0.032658,0.035757,-0.030765,-0.007132,0.016280,-0.039146,0.149602,0.004373,-0.035245,0.009633,-0.055419,-0.007141,-0.013568,-0.050930,-0.025721,-0.124229,0.011922,-0.004376,0.205944,0.013603,-0.027637,-0.037921,-0.019674,-0.049790,-0.096082,0.031351,0.000537,0.113201,0.039546,-0.048674,0.046094,-0.005107,-0.032092,0.031966,0.035338,0.019138,0.024539,0.053799,0.018566,-0.044703,0.081546,-0.012561,-0.123069,-0.002846,0.021794,0.000002,-0.022860,-0.018618,0.022301,0.000417,-0.024262,0.003859,-0.055317,0.026161,0.020753
-0.070353,0.031836,0.039744,-0.016336,-0.013758,0.067332,-0.013215,-0.001229,-0.222500,0.064618,-0.000709,-0.015683,-0.063476,-0.036084,-0.041997,0.077349,0.072349,-0.015406,0.018665,0.080565,0.084662,-0.015745,0.008036,0.050861,0.023552,0.022125,-0.100454,-0.008810,0.071617,-0.060188,0.030389,0.031800,-0.093273,-0.028310,-0.019126,0.030557,0.004367,-0.020703,0.006128,-0.021694,-0.029227,-0.028800,0.019308,0.096042,-0.028331,0.032791,-0.007669,-0.069770,0.029794,-0.020668,0.014089,-0.026027,0.024633,0.064042,0.003623,-0.076543,-0.017805,0.158362,0.051920,-0.092306,-0.006098,-0.012270,0.015405,0.012885,0.016371,0.015232,-0.061034,-0.003057,-0.054143,0.023499,0.009759,0.007666,0.002095,-0.016537,0.062228,-0.043115,-0.004067,-0.041609,0.058781,-0.010295,-0.117447,0.042581,-0.010344,-0.082110,0.098373,0.069327,0.049134,0.055779,0.016056,0.176326,0.019082,0.028095,-0.009643,-0.133370,0.014771,-0.041877,0.008634,-0.006366,-0.008306,0.030075,0.136327,-0.011029,0.067874,-0.024713,0.055309,0.054428,0.011197,0.041012,0.033324,-0.030426,-0.029723,0.034396,-0.050820,0.000500,0.013551,0.001628,0.036651,0.001968,0.010931,0.010335,0.040810,-0.022677,-0.133408,0.028979,-0.021813,-0.082460,0.049264,0.014039
0.033843,-0.026432,-0.061785,0.049158,-0.022111,0.039233,-0.028413,0.030250,0.017873,0.017583,-0.033693,0.113409,0.006628,0.035215,-0.003023,0.014156,-0.004896,0.008747,-0.019743,0.000765,-0.081587,0.010405,0.020668,0.012969,0.000863,0.017956,-0.009909,0.036547,0.014177,0.019965,0.070571,-0.074004,0.173603,0.019900,0.004628,0.022150,0.112280,0.034593,-0.006752,-0.140440,0.005418,0.047941,0.047550,0.005543,-0.013678,0.015732,0.172048,0.065659,-0.020132,0.006001,0.055586,-0.049183,-0.043703,-0.005655,-0.040749,-0.022429,0.085185,0.008119,0.007244,-0.003670,-0.005682,0.031463,0.032245,0.018728,-0.026838,0.118431,-0.003636,0.070021,0.046290,0.020320,-0.004027,0.049293,0.004842,-0.004825,0.012854,-0.022865,0.022966,0.003298,0.060150,0.003285,-0.002905,0.005903,0.021236,0.006048,0.001821,-0.016034,0.008933,0.035512,-0.061027,-0.055907,-0.013628,-0.037290,0.057232,0.048491,-0.058694,-0.070756,-0.012664,-0.128217,-0.093091,-0.049867,0.000164,-0.016855,-0.071217,-0.037030,0.018471,-0.019845,-0.004145,0.038975,0.098185,0.053187,-0.046232,-0.001950,-0.019198,-0.088918,-0.003607,-0.012693,-0.029794,-0.118000,0.037320,0.028274,-0.011504,0.009116,0.018902,-0.025792,-0.052765,-0.057560,0.014374,0.004974
0.050738,-0.011796,-0.056275,-0.004907,0.029237,0.046818,0.008616,-0.029736,0.014976,0.049173,0.129504,-0.056059,0.016622,-0.023408,-0.018338,0.114996,0.027191,0.003830,-0.075435,-0.037630,0.060190,-0.044573,0.042459,0.022859,-0.007991,-0.034767,-0.119951,-0.013177,-0.057081,0.009788,-0.014164,-0.022483,-0.048720,-0.012623,-0.015951,0.196484,-0.003792,0.019477,-0.035167,0.000799,0.029729,0.008852,0.012792,-0.057508,0.090998,-0.032594,-0.010711,-0.006658,0.017475,0.006766,-0.019473,0.005901,0.029934,0.027891,0.006333,-0.012891,0.003385,-0.786999,-0.022291,0.004980,-0.017668,0.018799,-0.052493,-0.004470,-0.016788,-0.003331,-0.105363,0.001700,0.014104,0.172877,-0.060762,-0.009891,-0.009342,0.030918,-0.038130,-0.105156,0.007532,-0.098618,0.040891,0.066433,0.010017,-0.055935,-0.020125,-0.013860,-0.229894,0.136933,0.009953,-0.004406,0.120618,-0.003035,0.026985,0.031411,0.008529,-0.009961,0.022742,0.014316,0.006754,-0.048716,-0.022737,0.024710,0.063692,0.126334,-0.005864,0.031246,-0.024252,-0.036811,0.042000,0.072659,0.096025,-0.055704,0.018659,-0.129373,0.030128,-0.013497,-0.034664,-0.029495,-0.023188,0.028632,-0.012004,0.036043,0.056075,0.139530,-0.001387,0.041730,0.019002,-0.043655,0.154878,-0.090351
-0.001891,-0.028131,0.020818,0.015707,-0.041361,-0.011313,-0.004184,-0.023264,0.008903,-0.000531,-0.012393,0.010258,-0.030896,-0.034611,-0.108222,-0.023450,-0.950423,-0.000412,-0.026607,0.008819,-0.008740,-0.067588,-0.013613,0.004846,0.001847,-0.009320,0.000404,0.024961,0.012486,0.001255,-0.027783,0.039740,0.020342,-0.009853,-0.002551,0.021780,0.002163,-0.003033,-0.070809,-0.025235,0.000364,0.006476,0.009467,0.009899,0.080159,-0.017288,-0.018811,0.001687,0.018760,0.000651,-0.011036,0.006031,-0.010924,0.119505,0.000672,0.009901,0.007776,0.031592,-0.004002,-0.012690,0.078536,-0.006890,0.019868,-0.014241,0.003187,-0.024479,-0.040175,0.026024,0.003781,0.005694,0.013942,-0.025831,0.039935,-0.109761,0.020622,0.059559,-0.005464,-0.035573,0.038506,0.039216,0.010576,0.119119,0.011355,0.007862,0.044557,0.103706,0.012919,-0.009163,0.010944,0.015828,0.077226,-0.032820,-0.014023,0.005815,0.012172,0.004041,0.016537,0.055402,0.011469,-0.000501,-0.024099,-0.148299,0.014604,0.001488,0.030973,-0.016153,0.002413,0.030077,0.011393,-0.007398,0.012927,-0.045824,-0.002280,-0.022068,0.000311,0.016786,0.011159,0.006576,-0.000062,-0.005389,-0.019045,0.245342,-0.022009,0.160596,0.005092,-0.027131,-0.015139,-0.009475
0.006837,0.004051,0.004407,0.007796,-0.000929,0.044430,-0.001944,0.113222,-0.016302,0.017049,0.041398,-0.020028,-0.008291,0.102686,0.283507,0.042347,0.004726,0.030981,0.044660,-0.003570,-0.005163,-0.048711,-0.006190,0.016804,0.002422,-0.043300,-0.001642,-0.016964,0.007446,0.040056,-0.040989,0.018686,-0.013180,0.015671,0.004709,-0.201942,0.000442,0.023015,-0.012360,0.003430,-0.002498,0.003161,-0.017533,0.008105,-0.055698,0.258729,0.001541,0.006675,0.006850,-0.007325,0.081343,0.008160,-0.006812,-0.150802,0.019445,-0.014382,-0.005407,-0.054822,-0.006557,-0.009554,-0.048551,0.004607,-0.025010,0.028033,0.018061,-0.000675,0.119536,-0.023507,-0.011197,0.096905,-0.016777,-0.044344,-0.007494,-0.136300,-0.006554,-0.031670,0.004242,0.038469,0.029487,0.029586,-0.006555,0.410450,0.044562,-0.001357,-0.083312,0.003204,-0.028803,0.012043,0.024048,-0.001563,0.000960,0.020710,-0.000223,-0.001835,0.020396,-0.004093,0.008481,-0.032686,0.025248,0.012466,-0.003960,0.052603,0.068429,-0.028957,0.018799,-0.020909,0.000621,0.015392,0.021201,0.001449,0.001778,0.261427,0.015881,-0.006732,0.009158,0.026812,-0.014327,0.000675,-0.008712,0.016286,0.046810,0.062019,-0.003882,-0.024862,0.000728,0.018770,0.007942,0.060971
-0.029198,-0.006542,0.011964,0.025843,0.003210,0.010911,-0.004248,-0.045027,-0.031007,0.130424,0.059503,-0.017444,-0.025957,-0.027574,-0.072982,0.020662,-0.009355,0.008487,0.001633,-0.020745,-0.028801,-0.099940,0.043964,0.049831,-0.027748,-0.028237,0.072622,0.015020,-0.012366,0.038874,-0.042166,0.010729,-0.006937,-0.007533,-0.001870,0.078127,0.022005,-0.039362,0.018419,0.001461,-0.012910,-0.059216,0.018384,0.047208,0.045674,0.085426,0.021213,-0.045070,0.030369,-0.007329,-0.036392,0.018486,0.007492,0.001684,0.023852,0.014092,0.035599,-0.048664,-0.024321,0.003131,0.174188,0.032008,-0.005799,0.018539,0.004026,-0.005046,-0.056002,0.036374,0.039579,0.071908,-0.008447,-0.003716,0.029831,-0.167293,0.037918,-0.091157,0.007352,0.072611,-0.034839,0.013914,0.047113,0.023532,-0.011818,-0.001929,0.037049,-0.908944,-0.009795,-0.012703,-0.019424,0.006678,-0.002963,-0.022932,-0.007379,0.008315,-0.011569,-0.001918,0.033565,0.053134,0.005750,-0.019830,-0.005369,0.014901,-0.027422,0.000496,0.011368,-0.009429,0.019876,0.043683,-0.089323,-0.015687,0.054484,-0.000816,-0.008891,-0.029650,0.022678,-0.063706,0.006150,-0.014890,-0.029528,-0.030283,-0.025580,0.046962,-0.002827,0.013271,0.026771,-0.006955,0.142862,-0.038349
-0.033227,0.014620,-0.018123,0.051059,-0.687146,0.129667,0.008304,-0.004703,-0.004230,0.008455,0.088809,0.010684,-0.022086,0.004445,0.096069,0.301413,-0.009540,0.021089,0.090421,-0.006372,-0.027444,0.014649,-0.028806,0.030217,0.014992,-0.209132,0.015798,0.009918,0.010697,-0.023606,0.022134,-0.021014,0.004159,0.022130,-0.029153,-0.071859,0.017366,-0.060065,0.017978,0.007567,-0.011356,0.025186,0.047336,0.019345,0.113628,-0.004149,-0.040184,0.001708,0.011938,0.023676,-0.001010,-0.009138,-0.018798,-0.072910,0.046697,0.004983,0.043288,0.022150,0.116882,0.006569,-0.003523,0.007586,-0.003157,-0.069037,0.033531,0.019368,-0.024911,0.009514,-0.031991,-0.049297,0.075832,0.017217,0.019445,0.058397,0.024585,0.149044,0.007200,-0.097395,0.013321,0.016828,-0.010481,-0.005465,0.028241,0.004608,-0.154663,0.005126,-0.080975,-0.076308,0.027904,-0.003487,-0.009412,0.027394,0.033794,-0.003153,0.007287,-0.075645,0.073093,0.019934,0.001161,0.021732,-0.344700,0.055953,-0.013536,-0.009593,0.057069,0.075008,-0.035312,-0.002153,-0.030345,0.054736,0.039167,-0.001439,-0.009547,-0.005211,0.051098,-0.034592,0.048599,-0.031463,0.002291,0.025888,0.050054,-0.108764,-0.006420,0.121327,-0.003616,-0.015107,0.039484,0.036361
0.095101,0.008777,-0.044045,0.004665,-0.016130,0.065834,0.026101,-0.010021,-0.032842,-0.051384,0.000854,-0.000713,-0.007419,0.005388,0.007580,-0.006146,-0.019264,-0.148025,0.022292,-0.037635,-0.054470,-0.006357,0.007312,-0.043665,-0.081764,0.049299,0.004854,-0.009437,-0.010407,0.007817,0.045773,-0.060290,0.043956,0.054898,-0.055961,0.005131,-0.021769,0.036026,-0.018115,0.004078,0.019010,0.015501,0.014451,0.045667,-0.002828,-0.011847,0.037651,0.058300,-0.002594,0.051879,0.014131,0.046399,0.058360,0.001636,-0.009451,0.029061,-0.012387,0.017650,-0.017106,0.017872,0.007635,-0.029470,-0.035871,0.046604,-0.072069,-0.016278,-0.002147,0.060947,-0.028860,-0.021726,0.018865,0.022853,-0.024976,-0.006580,-0.096271,-0.035286,-0.040886,-0.004493,-0.032167,-0.028633,-0.059258,0.022408,0.002135,-0.085358,-0.012848,0.008548,0.090599,0.073271,0.008188,0.023566,-0.010483,-0.050538,0.035137,-0.022147,-0.057771,0.022948,0.004310,-0.035603,-0.025891,0.014947,-0.060322,0.030847,-0.069499,0.071138,-0.028912,-0.035907,-0.039715,0.016994,0.131493,0.077223,0.059147,-0.025660,0.035530,-0.005678,-0.030824,-0.004300,-0.017125,0.004499,-0.009312,0.009242,-0.022513,0.005087,0.027588,0.010181,0.037281,-0.059029,-0.025638,0.009069
0.014325,-0.103902,0.046656,-0.112753,0.060535,0.003366,0.041213,0.025806,0.037091,0.018949,-0.097040,-0.058781,-0.060368,-0.029584,0.027688,0.138330,0.046238,0.000315,0.039380,-0.013393,-0.103412,0.019473,0.055867,0.004526,0.002809,-0.049410,-0.032716,0.003792,-0.098285,-0.074268,-0.010952,0.023597,0.043477,0.031645,0.093974,0.067282,0.002850,0.007276,0.020622,0.018427,-0.016369,-0.072581,-0.011785,-0.098106,-0.029289,0.051531,0.006057,0.034969,0.057496,-0.016440,0.017732,0.034741,0.003836,0.001289,-0.044092,-0.015560,-0.039095,0.013743,-0.019298,-0.042912,0.004348,-0.011105,0.040772,0.029368,-0.004216,0.050871,0.020885,-0.019533,0.063577,-0.017201,0.035053,-0.012867,0.012744,-0.002255,-0.035691,0.009362,-0.016288,-0.007817,-0.010816,0.033099,-0.001595,-0.005534,-0.000316,0.009812,0.020890,0.045244,0.035569,-0.007421,0.035767,0.019644,0.075523,-0.064987,-0.038654,0.016278,-0.056337,-0.000303,-0.031979,0.109560,-0.051299,-0.022348,-0.033053,0.010546,0.079858,-0.192783,-0.016658,-0.045523,-0.075589,0.075426,-0.079107,0.037663,0.038581,0.008516,0.014959,-0.018969,-0.018281,-0.026802,-0.077422,-0.067145,-0.023706,-0.071390,0.002253,0.040120,-0.019698,-0.013521,0.014793,0.104765,-0.016897,-0.040889
0.002818,-0.150371,-0.005174,-0.015445,0.054271,0.050632,-0.007268,0.042512,0.023714,0.044822,0.051400,0.026587,0.002264,-0.019438,0.007896,-0.024660,-0.006898,0.028456,-0.027606,0.045957,0.025130,0.047620,-0.024350,-0.023125,0.030765,0.035571,0.007368,-0.006353,0.029429,-0.002954,0.030732,0.066958,0.057459,0.020634,-0.036897,0.022546,0.093469,-0.026775,0.000050,-0.104756,-0.018136,0.063387,0.038648,-0.095255,-0.033841,-0.015297,0.032299,0.124926,0.017883,0.008469,0.038799,0.019309,-0.046317,-0.052198,0.057597,0.095553,0.043348,-0.006202,0.035052,0.090375,0.012551,0.058669,0.084790,-0.181314,-0.041033,0.005733,0.021617,0.029924,-0.064895,-0.004165,0.104705,0.017184,0.009359,-0.002447,-0.004999,-0.001760,0.010160,-0.016249,0.053628,-0.029993,-0.034871,0.022447,-0.001606,0.096794,0.007244,-0.030509,-0.040875,-0.073547,0.072332,0.017032,-0.017867,0.072844,0.000638,-0.044122,-0.023093,-0.020433,-0.000336,0.015692,0.021634,-0.007804,-0.144028,-0.037183,-0.026642,0.059527,-0.021883,0.037894,-0.011966,-0.020723,0.090554,0.014602,0.052591,-0.013467,0.014135,-0.015113,-0.141419,-0.029631,0.001085,0.030180,0.138084,0.037667,0.041016,-0.002481,0.052794,-0.058896,-0.010877,0.037092,-0.072665,0.001583
-0.014497,-0.013567,0.017317,-0.068221,-0.022874,0.053918,0.002504,0.071152,0.040565,0.025940,-0.070811,-0.043498,-0.066927,0.010213,-0.019362,-0.069531,-0.048996,0.002996,-0.070588,0.000762,-0.011999,0.065162,0.044136,0.049170,0.001373,0.024483,0.032182,0.041417,0.001579,-0.017884,-0.198598,0.060889,0.003690,-0.013450,-0.028671,0.065920,0.023028,0.005767,0.027825,0.036839,0.009129,-0.021926,0.008504,-0.004113,0.055035,0.019937,-0.009592,0.001122,-0.066340,0.041434,0.014717,0.020450,0.004959,-0.005167,0.006824,0.033987,-0.001472,0.041451,0.007861,0.028254,0.037184,0.029668,-0.001777,-0.003389,0.004122,0.031705,-0.017847,0.060626,0.076191,0.038025,-0.007938,0.067886,0.025696,0.024431,0.020657,-0.067872,0.028553,0.009726,-0.012732,-0.054807,0.045514,-0.011818,0.004398,0.008954,-0.017740,0.048401,0.007529,0.016899,-0.023275,0.028264,-0.016649,0.047202,0.009645,0.031008,-0.019659,0.048867,-0.015674,-0.648507,-0.030624,-0.005530,-0.002021,-0.035436,0.005141,0.064034,0.003259,-0.026022,0.001603,-0.010606,-0.014832,0.010246,0.002130,0.010631,0.012804,0.002425,-0.008183,0.008146,0.037667,0.038290,0.019769,-0.038300,0.024690,0.002947,0.043172,-0.025340,0.039026,0.041377,-0.087391,-0.121841
-0.009322,-0.007375,0.015865,-0.006625,0.113055,0.011590,-0.001553,0.019851,0.007923,0.010580,-0.026191,-0.021403,0.017775,0.017777,-0.134194,-0.013032,0.049470,0.008077,0.004154,-0.025163,0.001403,-0.052126,0.022632,-0.010566,-0.000193,0.007811,-0.075504,0.026768,-0.041032,0.062732,-0.039603,0.005688,0.019178,-0.009702,0.018739,-0.090212,0.016391,-0.001893,0.103867,0.002489,0.023469,0.007737,0.018648,-0.016487,-0.172797,-0.013210,-0.084805,0.024469,-0.019384,-0.020043,0.020444,-0.008748,-0.016462,0.070178,-0.017642,0.009741,0.023956,0.023519,-0.008688,0.012951,0.204045,0.013507,-0.002331,-0.009928,-0.002873,-0.037950,0.295884,0.042091,0.021562,-0.086269,0.007743,0.027599,0.029255,0.042758,0.009561,0.007054,0.030149,-0.873125,0.031392,0.003176,0.001611,0.132615,-0.073284,0.020209,-0.146524,-0.076935,0.007240,-0.004044,-0.011433,0.015997,0.023549,-0.012983,0.019351,0.017568,0.008469,-0.034853,-0.002071,-0.030875,-0.016362,-0.002426,0.031923,0.021863,0.013147,0.010864,-0.011266,0.002604,0.022240,-0.016207,-0.001662,0.001729,-0.001313,0.042284,0.005274,-0.004854,0.007554,-0.024794,0.001578,-0.023311,0.041561,-0.013673,0.016010,-0.053684,0.007482,0.163797,-0.017391,-0.002617,-0.013598,0.095858
0.041559,-0.038129,0.019503,0.076097,-0.087668,0.009196,0.000398,-0.050498,-0.044618,-0.046822,0.017271,0.000957,0.049724,-0.016065,-0.025083,-0.070639,0.021456,0.000254,-0.051179,0.022309,-0.058757,-0.032315,0.041330,0.056707,0.031052,0.017521,0.062893,-0.012449,0.050214,0.007925,-0.011466,0.004140,0.094180,-0.020520,-0.011262,0.036290,-0.096841,0.036606,0.008072,-0.004465,0.012711,0.016103,-0.035481,0.059841,-0.051267,0.014219,0.006894,0.035367,0.031125,0.020249,-0.026279,0.028868,0.085225,-0.013880,-0.008895,0.017843,-0.037748,0.016586,-0.050161,-0.037966,0.031839,-0.088906,-0.025648,0.060843,-0.031673,-0.051467,0.017113,-0.297436,0.012544,0.009560,0.008188,-0.002029,0.008814,-0.058375,0.135620,-0.010874,-0.100354,-0.041679,0.042643,-0.052288,0.156334,-0.043129,-0.027339,0.003429,0.003585,0.090858,-0.046500,0.020555,-0.058538,-0.036647,0.044595,-0.004050,-0.055031,0.002119,-0.049648,0.019532,-0.067497,0.140910,0.071276,-0.023159,-0.044392,0.020863,-0.001832,-0.083821,0.045419,-0.042070,-0.165736,0.003461,0.064395,-0.044141,0.075037,-0.024289,-0.080436,-0.037022,-0.083597,0.022500,0.018972,-0.014952,0.000228,0.020157,0.056001,-0.001185,-0.036390,0.009143,0.055971,0.026973,-0.084106,0.006337
-0.067377,-0.029742,-0.021939,0.090612,0.043619,0.062983,0.007520,-0.073303,-0.046002,0.073268,0.050728,-0.092908,-0.033848,-0.043005,-0.042328,0.052281,0.042862,-0.000768,-0.010865,-0.094683,-0.008592,0.021306,-0.051917,-0.007052,-0.008644,-0.079696,0.065041,-0.046066,0.068808,0.027991,-0.020994,-0.060060,-0.068765,-0.039733,-0.047615,0.028721,0.046049,0.057907,-0.011188,-0.209302,0.069995,0.085027,0.054349,-0.040093,-0.016922,0.026250,-0.028788,-0.017858,0.003342,0.008933,-0.060589,0.015470,0.011859,0.014834,-0.002239,0.061540,0.028437,0.089779,-0.032151,0.012351,-0.003133,0.056128,-0.008357,-0.019916,-0.076665,-0.039385,0.032524,0.035584,-0.025721,0.065939,-0.071325,-0.069241,-0.026808,-0.010261,0.103763,-0.031708,0.013836,-0.026329,-0.053049,-0.064864,0.019844,0.030284,0.070898,0.091479,-0.110208,0.047239,0.077515,-0.057907,0.034611,-0.040200,-0.008638,-0.026993,-0.040324,-0.005536,0.033397,0.095537,0.005425,0.050087,0.040742,-0.032514,-0.014760,0.044568,0.049161,-0.005988,0.020886,-0.008231,0.043517,-0.032913,0.016263,0.026330,-0.045668,-0.012679,0.003469,0.013118,-0.112286,-0.005493,0.029313,0.144339,0.105206,0.023713,-0.046473,-0.002299,-0.102236,-0.039685,0.020463,-0.028972,-0.070726,0.063237
0.046704,-0.021218,0.034322,0.022265,-0.099591,0.039479,-0.001178,-0.000312,0.003020,-0.023873,0.035361,0.160474,-0.066721,-0.025321,0.019716,-0.054464,0.008904,-0.003471,0.010790,0.077296,0.124882,-0.001120,0.026016,0.063663,0.105347,0.018376,-0.004146,0.007626,-0.122016,0.015370,-0.023444,0.023412,-0.053118,0.007146,0.042026,0.011931,-0.057284,0.004298,0.024757,-0.030351,-0.018984,0.074186,-0.080940,0.051798,-0.039147,0.007059,0.021431,0.007160,0.046024,-0.020836,-0.063748,0.019979,0.104021,-0.020300,-0.058975,0.088545,0.010154,0.027903,0.068156,0.048530,0.023490,-0.037884,-0.041832,-0.036117,-0.001194,-0.032559,0.031626,-0.107349,-0.007142,-0.030502,0.045284,0.023942,-0.023667,-0.041140,-0.097688,0.003239,0.017596,0.010618,-0.021896,-0.067949,-0.011118,-0.025381,-0.004011,0.053759,0.009006,-0.040311,0.073966,0.019162,0.010751,0.044808,0.022220,-0.099633,0.025911,0.062880,-0.013565,0.014829,0.013231,-0.018068,0.022336,-0.013905,0.078890,0.056385,0.088106,-0.306772,-0.068440,0.027378,-0.092733,0.062054,0.071952,-0.024916,0.045489,-0.015048,0.011000,0.098632,0.009960,-0.003700,-0.001658,0.017670,-0.022308,0.078112,-0.035613,0.011727,-0.100751,0.011991,0.030425,0.096818,0.052020,-0.049427
-0.000972,0.023849,0.004184,-0.028797,-0.003488,0.004362,0.006060,0.066247,-0.014852,-0.025651,0.036766,0.007264,0.010722,0.053101,-0.124400,0.008271,-0.078788,-0.011658,0.012527,0.023501,-0.011459,0.038484,-0.033127,-0.000147,-0.007607,-0.018920,0.029457,-0.021120,0.003782,0.099149,0.011251,-0.019335,0.007967,0.005922,-0.000450,-0.094863,0.011478,-0.016346,0.345746,0.021109,-0.005698,-0.029851,-0.021036,0.014725,-0.148485,0.132929,0.009498,-0.025921,0.001476,-0.015121,0.038290,-0.005792,0.018829,-0.118624,-0.006687,-0.027496,-0.016773,-0.036435,0.000376,-0.000436,0.220907,-0.006058,0.021738,-0.005064,0.000208,0.025458,-0.003207,0.035284,-0.009361,-0.088187,0.019322,0.020951,-0.040795,0.293445,-0.007956,0.030101,-0.001459,0.135749,0.008037,0.005860,0.004494,-0.018618,-0.064283,-0.011941,-0.061176,0.089098,0.000542,-0.011665,-0.036698,0.002473,0.002863,0.003359,-0.009011,-0.001414,-0.029614,-0.025106,-0.006168,0.014027,0.010942,0.016788,0.030073,0.176232,-0.059999,-0.008327,-0.007086,0.010876,-0.033615,0.003751,-0.025920,-0.025153,0.014123,0.470468,-0.003476,0.003913,0.011876,0.036539,0.012272,-0.010624,-0.017719,-0.002426,-0.004884,0.257360,0.012554,-0.198378,0.002719,-0.022889,0.018012,-0.008603
-0.008603,0.001222,-0.024149,-0.040490,0.054230,-0.036557,0.012457,-0.004545,-0.010784,-0.006569,-0.128875,-0.083120,-0.018190,0.009200,-0.001135,-0.017409,0.039912,0.019779,-0.016762,-0.016912,0.056825,0.061610,-0.028645,0.000878,0.040245,-0.018975,0.031471,0.046161,0.084901,-0.036698,0.015572,-0.068740,-0.070002,-0.007379,0.006249,-0.029687,-0.028799,-0.004919,-0.001919,0.000094,0.050358,0.047279,-0.044136,0.049363,0.011243,-0.008017,0.067806,-0.029183,0.084638,0.021540,-0.041355,0.062514,-0.061345,0.010543,0.042975,-0.004411,-0.025723,-0.020977,0.004715,-0.057491,-0.018734,-0.074958,-0.004648,-0.061850,-0.056905,-0.011913,0.013654,-0.023695,-0.010249,0.021356,-0.005344,0.017460,0.064943,0.003795,-0.027763,-0.003657,0.026756,-0.006033,0.026371,0.124376,0.043120,-0.030922,0.011773,0.104270,-0.017746,-0.018488,0.067488,-0.085752,0.094049,0.048589,0.045269,-0.075719,-0.005680,0.031231,0.121673,-0.113365,0.017370,-0.060263,-0.037530,0.078558,0.049728,0.007850,0.078895,0.086269,0.072838,0.052460,-0.154953,-0.017236,-0.001860,0.078625,0.011290,0.010691,-0.075284,-0.121058,-0.071946,0.012310,0.055457,-0.080733,-0.053114,0.035127,-0.047358,-0.010076,-0.009551,-0.005131,0.029446,-0.039021,0.059379,0.009705
0.024605,-0.018600,0.068585,0.156024,0.096859,0.052468,0.031824,-0.007468,0.037616,-0.023998,-0.014631,0.029359,0.084045,-0.052958,-0.016923,0.109301,0.001841,0.010315,0.023522,-0.036274,0.043185,0.047652,0.022392,-0.030039,-0.030727,0.105825,-0.006492,0.010662,0.023664,0.030115,-0.034532,0.001111,0.069477,-0.004787,-0.014689,0.011802,-0.090540,-0.059476,0.000095,-0.092250,0.096972,0.081980,0.039051,0.035803,0.036968,0.007721,-0.023536,-0.019894,0.003780,0.022148,-0.017745,-0.000082,0.024212,0.016070,-0.020294,0.034939,-0.021047,0.094491,0.028491,0.024850,-0.013559,0.018931,-0.009381,-0.024354,0.023016,-0.038023,-0.005604,-0.036120,0.052202,-0.011245,0.012011,-0.089232,0.049338,0.020450,-0.020922,-0.021696,-0.045492,0.012895,-0.030297,-0.042709,-0.056826,0.011974,0.004843,0.052414,-0.040233,-0.015548,0.019783,-0.065071,0.036642,0.014628,0.007474,-0.007685,0.013374,0.038162,0.105114,0.049934,0.093151,-0.104571,-0.047352,0.002180,-0.035940,0.025062,-0.003604,-0.022436,0.020594,0.045222,-0.020663,-0.050466,-0.048650,-0.000306,-0.028588,-0.004330,0.033604,-0.045279,0.056299,0.019749,0.027906,0.060860,0.056015,0.005923,-0.024299,-0.000815,0.029824,0.007295,0.034544,-0.039184,0.002262,0.013251
-0.001812,0.003568,-0.042080,-0.070794,0.007105,-0.010446,0.007421,-0.012758,0.068266,-0.002875,-0.039548,0.016643,-0.080909,-0.033904,-0.128937,0.017956,-0.018800,-0.015147,-0.011967,-0.018448,0.021096,-0.012199,0.034415,-0.016644,-0.005504,0.024290,0.085904,0.025254,-0.025952,-0.051289,0.010996,0.033687,0.010761,-0.030287,-0.026348,0.067817,0.023495,0.042937,0.038615,0.037562,0.034015,-0.025713,0.016642,-0.081495,0.009748,-0.064894,0.004237,-0.007065,-0.033115,-0.028046,-0.009940,-0.013070,-0.017347,-0.026709,0.014012,0.022044,-0.004908,0.317075,-0.006423,0.052454,-0.007651,0.020934,-0.013015,-0.012312,-0.031922,-0.016196,-0.044160,-0.006710,0.026534,0.175692,-0.078024,0.070060,0.019401,0.132388,-0.005665,0.052278,0.042995,0.000238,-0.026202,-0.049852,-0.002093,0.066134,0.051066,0.001260,-0.183096,0.100868,0.042424,-0.019696,0.013683,-0.181264,0.046002,0.035115,0.017280,0.087056,-0.027174,-0.017352,-0.039909,0.123190,0.069272,-0.014084,0.041253,0.082510,-0.002151,-0.002285,-0.000900,0.022906,0.021137,-0.064825,-0.005506,-0.028902,-0.089531,-0.109896,0.047808,-0.009052,-0.051617,-0.010698,0.011467,0.007175,0.005089,0.034657,0.002509,-0.020433,0.229848,-0.055554,-0.016065,0.064923,0.765079,0.047885
0.039072,-0.075565,0.044539,-0.042050,-0.013993,0.008548,-0.018444,0.005744,0.021525,0.012299,-0.021578,-0.020586,0.043970,0.065733,-0.013055,-0.056164,-0.016934,0.011830,0.035989,0.071187,-0.014563,0.020376,0.036144,-0.064459,0.078054,0.000754,0.001860,-0.000232,-0.008778,-0.017018,0.017477,-0.004448,-0.066629,0.032562,0.013188,0.032836,0.043777,-0.022522,-0.009529,0.020474,-0.062332,0.010449,-0.041531,-0.005282,0.005662,0.037907,-0.039251,-0.013417,-0.036825,-0.017026,0.000523,0.036656,0.028256,0.027992,0.016351,0.017320,-0.024981,-0.154126,0.049951,0.057579,0.010129,0.028839,0.032267,0.003872,0.022538,0.051374,0.003584,0.076309,0.023639,-0.031262,-0.010886,0.008730,0.048253,0.011337,-0.038324,0.065164,0.039901,-0.018525,-0.007373,-0.009022,-0.002454,0.015429,0.046513,0.020267,0.051063,0.019931,0.023539,-0.001692,-0.041528,-0.035915,0.073251,-0.026132,0.036173,-0.008893,0.012022,-0.012255,0.052464,-0.185141,0.066791,-0.004976,-0.010712,-0.087943,0.018580,-0.002560,0.029827,0.039316,-0.049193,-0.012879,0.026438,0.015891,-0.000536,0.015051,-0.022576,0.008244,0.004847,-0.010135,-0.025756,-0.001518,-0.011492,-0.039546,0.046382,-0.038252,0.066839,-0.003810,0.028007,-0.010451,0.133987,-0.022548
0.052500,0.020556,0.047269,0.069242,0.048409,-0.016114,-0.000267,0.039155,0.009403,0.009338,0.013156,0.055529,-0.010456,-0.020177,0.009888,0.032518,0.015999,-0.011232,0.049386,0.041246,-0.033420,0.022842,-0.017118,0.003117,-0.020417,0.062881,0.016494,0.018915,0.003702,0.030076,0.062065,-0.018237,0.020395,0.032567,-0.546288,0.053129,0.037367,-0.133497,-0.012864,0.030480,-0.021800,0.038546,0.068458,-0.035394,-0.008531,0.008156,0.033112,-0.016741,0.024170,0.047686,0.022760,0.004564,0.012693,-0.002775,-0.035150,0.021341,0.015284,0.066541,0.001206,0.026982,-0.023304,-0.002941,0.018827,0.009451,0.050114,0.027753,-0.015157,0.037326,-0.019197,-0.001688,-0.027605,0.052609,0.039131,0.042711,0.039366,0.070022,0.024632,0.025773,-0.039214,0.004770,0.054527,-0.025317,-0.013523,-0.010975,-0.047991,0.027086,0.016633,0.022379,0.003885,0.021098,0.003048,-0.020300,-0.006209,0.030738,0.000432,-0.004738,0.099362,-0.063130,0.034871,-0.022221,0.025298,-0.015663,0.069769,0.094314,0.013343,-0.011457,-0.025506,0.033883,-0.056014,-0.019392,0.027858,0.017550,0.029057,0.003766,0.055511,-0.024564,0.011597,-0.037714,0.014215,-0.016183,-0.209579,0.033678,-0.016119,0.037154,-0.008611,-0.000761,-0.034023,-0.007716
-0.083982,0.025993,0.036174,-0.033370,0.036211,0.003374,0.001349,-0.041651,0.069060,0.029676,0.004838,-0.035883,0.052986,-0.011959,0.006224,-0.018486,0.023523,-0.005775,-0.033339,0.007768,-0.016793,0.003458,-0.089850,0.032512,0.051705,0.065249,0.014286,0.001895,0.010255,-0.000924,0.048414,-0.033818,0.024789,0.053718,-0.023683,-0.013809,0.029448,-0.001543,0.004237,-0.036490,-0.005440,0.027804,-0.039293,0.003331,0.028100,-0.026997,-0.007579,0.016949,0.046418,-0.010056,0.010594,0.011071,-0.054789,-0.007889,-0.031447,-0.019605,-0.038917,-0.019161,-0.007659,-0.013362,-0.012459,0.018563,-0.051883,-0.064200,0.029000,-0.045069,0.010502,-0.009892,-0.000375,-0.041180,-0.008747,-0.019385,-0.042322,-0.007825,0.003763,0.004609,0.015282,0.013594,-0.002754,-0.018036,-0.028819,-0.032745,-0.033881,0.033827,-0.047816,-0.003420,-0.059963,-0.055663,-0.019593,0.014558,-0.001020,-0.014817,0.004751,0.014652,0.039151,-0.011206,0.044935,0.037146,0.012056,0.087900,-0.003598,0.017406,0.054040,0.026809,0.032433,-0.013705,-0.165837,0.025941,-0.073456,0.060205,0.029450,-0.027261,0.041385,-0.022437,0.027639,0.002306,0.045144,-0.014257,-0.066907,0.008057,-0.023293,0.000828,0.065410,0.007459,-0.004552,0.025032,0.023149,-0.014838
-0.001355,0.017800,-0.003554,-0.033705,-0.041651,-0.042979,-0.013938,0.025951,0.016082,-0.023452,0.012124,0.039674,0.018791,-0.965850,0.130296,0.001341,-0.049343,0.020879,0.030858,0.030964,-0.029704,-0.032267,0.027984,0.018247,0.033055,-0.033528,0.025474,-0.007588,0.030321,-0.015394,-0.022768,-0.000486,0.082247,0.011090,0.070577,0.007934,0.019020,0.009183,-0.023744,0.001744,-0.019488,0.000813,-0.002704,-0.004949,-0.102650,0.083374,-0.003563,0.003605,-0.006467,0.001721,0.012615,-0.004185,0.012574,-0.083057,-0.010360,-0.026530,0.008685,-0.019549,0.010729,0.004866,-0.094657,0.008305,0.028273,-0.007890,0.007627,-0.035327,0.165645,0.005055,0.015506,0.041257,-0.001007,0.030876,-0.011920,0.027374,0.006912,-0.019921,0.004428,-0.001828,-0.036883,0.013322,0.016476,-0.051558,-0.032011,0.006734,-0.009577,-0.026334,-0.008008,0.011288,-0.014793,-0.035851,-0.064104,-0.000887,0.021854,0.001334,-0.001687,-0.025119,-0.037317,-0.056812,0.002460,0.009044,0.044396,0.101801,-0.010171,0.063297,-0.043054,0.026562,0.002025,-0.019815,-0.006590,0.040626,-0.010337,0.071745,-0.008411,0.020334,0.051256,0.030907,-0.009519,-0.033839,-0.016324,-0.000157,-0.002349,0.039500,0.041904,0.105916,-0.010927,-0.027086,-0.006263,-0.006866
0.020379,0.000403,-0.011958,0.001327,-0.064297,-0.105368,-0.002707,-0.018107,0.021936,-0.033888,-0.106739,-0.037738,0.062512,0.070305,-0.005491,-0.027632,-0.090182,-0.013940,0.032932,-0.033087,0.000760,0.081355,-0.055107,-0.009146,-0.012521,0.098136,-0.029560,-0.029804,0.054987,0.014530,0.048059,-0.057427,-0.017803,-0.001461,-0.075828,-0.048008,-0.035821,-0.055198,0.009071,0.007416,-0.001395,-0.033452,-0.010880,0.014638,0.209022,-0.016932,-0.002962,-0.015583,0.014885,-0.019392,-0.034453,-0.016251,0.003035,0.005755,0.017313,-0.016795,-0.005037,0.001090,0.041495,-0.006220,-0.152034,-0.025348,-0.038561,-0.031916,-0.025085,0.002165,0.106895,-0.090717,-0.036404,0.102973,0.013738,-0.001164,-0.022851,0.153924,0.055296,-0.069580,0.003324,-0.108229,0.059082,-0.085501,0.034084,0.050114,-0.081565,0.012355,0.167036,-0.068059,-0.045739,0.004107,-0.022692,-0.010090,-0.016071,0.008794,-0.026145,0.039370,-0.009379,-0.011517,0.059515,-0.015064,0.002133,0.010291,0.004642,0.274254,-0.041256,-0.024918,0.017827,0.022317,-0.037919,-0.003266,-0.008499,-0.022560,0.006424,-0.073436,-0.013038,0.000118,-0.026191,-0.023964,0.035637,0.017857,-0.032274,-0.040439,0.025242,0.012594,-0.029931,-0.020355,0.000671,0.016255,0.048841,0.065813
-0.002440,0.022912,0.018104,-0.019768,0.004331,0.060319,-0.003295,-0.144745,0.017360,-0.009821,0.013449,0.016127,0.023992,0.048645,0.378198,0.012020,-0.021470,-0.004970,0.044493,0.016887,-0.025970,-0.073412,-0.015305,-0.011407,0.007509,-0.047770,0.116357,0.027929,0.037474,-0.017346,-0.012635,0.027169,0.000702,-0.011059,0.061514,0.275388,-0.014120,0.036784,-0.008043,0.009146,-0.002463,0.011715,0.003793,0.021790,-0.017906,0.059607,0.063429,-0.003217,-0.006412,0.015697,-0.117564,-0.004097,-0.003874,0.108959,-0.001504,0.019942,-0.015294,0.081247,-0.005937,-0.000422,-0.115154,0.011623,0.024274,0.000457,0.000836,0.037308,-0.172305,0.001950,-0.017380,0.065707,0.029183,0.013602,0.031174,0.059259,-0.025757,-0.008763,0.007692,-0.125589,-0.022401,-0.041954,0.025000,0.062929,0.056438,-0.000412,-0.302981,0.031714,-0.048724,0.004608,-0.018198,0.008793,-0.022056,-0.014123,-0.032744,-0.012077,0.012943,0.032448,-0.035403,0.031629,0.001136,-0.003231,0.017328,-0.171459,0.080710,-0.015538,-0.018948,-0.021282,0.006764,-0.016550,-0.023636,0.009054,0.014127,0.289091,-0.004543,-0.000171,0.043902,-0.020919,-0.019512,0.028292,0.007498,-0.014976,0.002696,0.176996,0.048426,-0.161370,0.010990,0.026800,-0.043564,0.104968
-0.001097,-0.000567,0.003314,-0.033354,0.021638,0.003378,-0.015989,-0.010622,-0.005537,-0.000809,-0.011397,-0.025756,-0.014935,0.074181,0.352702,0.013006,0.010368,0.008786,0.050036,0.005170,0.002795,0.039858,-0.018635,0.001599,-0.011286,0.022453,-0.076306,0.067093,-0.025706,-0.020500,0.017435,0.020950,-0.024978,-0.005036,0.042573,-0.253979,0.016998,0.018407,-0.081154,0.009678,0.021331,-0.008799,0.010988,0.014565,-0.080217,-0.163267,0.014420,-0.018347,-0.038172,0.002412,-0.000234,-0.017914,-0.014141,-0.093939,0.011587,-0.014802,0.005519,-0.042081,-0.009217,-0.022274,-0.016818,0.006236,0.008697,0.005904,0.016963,0.039663,0.080635,0.032277,-0.016516,0.031052,-0.011608,-0.001170,0.071356,0.132040,-0.022709,0.124801,-0.016840,0.028267,-0.069225,-0.025824,0.004644,-0.177009,0.046637,0.006264,0.109173,-0.112290,-0.020889,-0.003898,-0.001989,0.005393,-0.031275,-0.024975,-0.005696,-0.008273,0.015403,0.011171,-0.040896,-0.045568,0.009221,-0.006951,0.048859,-0.003579,-0.036540,0.013630,-0.021677,-0.009707,0.020441,-0.027389,0.011718,0.017073,0.016281,-0.290352,-0.012978,-0.012501,0.017260,-0.025335,-0.019729,0.008492,0.022075,0.002356,0.011204,0.258245,0.012867,0.140961,-0.002423,-0.003556,-0.031586,0.579764
-0.126098,0.071192,-0.011091,0.026158,-0.020005,0.003355,-0.075762,-0.006179,-0.018455,0.074824,-0.046263,-0.041230,-0.047142,-0.001797,0.010552,-0.007380,-0.016024,-0.012911,-0.014395,-0.129304,-0.100265,0.069512,0.035444,0.003351,-0.031276,-0.041842,0.014281,-0.005444,-0.163316,0.006642,-0.010071,0.051563,-0.035865,0.018392,-0.036419,0.036694,-0.003556,0.025062,0.003744,0.045035,-0.040349,-0.071176,0.003518,-0.022221,-0.033444,0.006740,0.048343,0.046655,0.031102,-0.018933,-0.016228,-0.018511,0.051260,0.027186,-0.020633,-0.060590,-0.027190,0.019432,0.030921,0.023648,0.008536,0.014698,-0.094660,0.042295,-0.007995,-0.005906,-0.004460,0.048388,0.008757,0.003177,-0.121913,0.087787,-0.048362,-0.012009,0.033716,-0.044084,0.070019,0.007887,-0.008030,0.079262,0.056752,0.023406,0.012579,-0.086706,0.010667,0.019139,0.008259,0.035542,-0.056640,0.025988,0.013675,0.026580,0.003427,0.071917,-0.062205,-0.002559,0.091000,0.012402,0.043612,0.037860,-0.011063,0.035478,-0.087951,-0.032571,0.029702,0.058336,-0.048282,0.043856,0.064585,-0.055611,0.038305,-0.024397,-0.012528,-0.054871,-0.002382,-0.024770,0.008536,0.012849,-0.013297,-0.006447,0.000053,0.004344,0.017757,0.003176,-0.072214,0.065447,-0.055851,0.022493
0.002833,0.050372,0.081443,0.029427,-0.076657,0.007293,-0.036902,0.001834,0.008829,-0.026937,0.017118,-0.036409,-0.022213,0.036839,-0.001809,0.002491,0.010036,0.052736,-0.059257,-0.015251,-0.044985,0.037802,0.095626,-0.013306,0.011593,-0.010517,0.000322,-0.008240,-0.133719,-0.005632,-0.148775,0.083269,-0.090102,0.034450,-0.042636,0.019484,0.093701,-0.004834,-0.014187,-0.076919,0.005904,-0.021289,0.002964,-0.033622,-0.011317,0.021256,0.017485,-0.001036,0.023702,-0.038012,0.001437,-0.005661,-0.012456,0.014348,-0.051067,0.008093,-0.009165,-0.024817,-0.002242,-0.025278,-0.003776,-0.130532,0.011894,0.052862,0.073094,0.033597,0.008144,0.016002,0.084843,0.017813,0.016011,0.019559,0.011851,-0.015274,-0.046091,-0.044133,0.002935,-0.007580,0.027262,0.153475,0.029726,-0.009050,0.015405,-0.038703,0.031673,0.021729,-0.044270,0.015585,0.036914,0.016312,-0.001067,0.075284,-0.014939,-0.028805,-0.082204,0.012519,0.006091,0.116552,-0.003083,-0.080768,-0.012994,0.001220,-0.185436,0.080989,-0.021241,0.007676,-0.112981,0.019790,0.000551,-0.049896,0.086494,0.007933,-0.003646,0.024995,0.113034,-0.019197,-0.049837,-0.019486,0.067753,0.010360,0.035087,-0.014332,0.055912,0.001944,-0.102709,-0.102132,-0.033900,0.031938
0.043128,-0.013508,0.003706,-0.019520,-0.036582,0.033110,0.040925,0.037582,0.061295,-0.000560,-0.073037,0.017172,-0.003981,-0.033205,-0.077850,0.019725,0.032569,-0.003944,0.010965,0.047203,0.049089,0.014755,0.011612,0.004095,-0.005306,-0.040948,-0.107826,-0.545095,0.010488,0.006654,0.029752,0.046621,0.003518,0.028083,-0.004052,-0.014576,0.003501,-0.004594,-0.035088,0.016899,0.056153,-0.016270,-0.000183,0.072174,0.066267,-0.043183,0.032050,0.021337,-0.058337,0.003865,0.013377,0.031384,-0.014154,0.101275,0.008511,0.000771,-0.005908,-0.043420,0.000055,-0.007335,-0.044605,0.011363,0.006136,-0.021069,-0.011561,-0.000852,-0.004976,0.012443,0.029473,-0.043938,0.016857,-0.002840,-0.753756,-0.041692,-0.035543,0.080919,0.004669,-0.005280,-0.055936,0.006793,0.076775,0.126271,0.051440,0.065284,0.059132,-0.005374,0.060491,-0.014456,-0.129365,0.008927,0.065649,-0.011204,-0.006175,0.047553,0.008209,-0.004293,-0.020936,-0.011012,0.123007,0.006685,0.033592,-0.092967,0.026735,-0.008830,0.005354,-0.000364,-0.036646,-0.071143,0.010096,0.014370,0.052878,-0.006353,0.022753,0.017767,0.000111,-0.041722,0.004305,-0.037286,0.004985,-0.030792,-0.054852,-0.009323,0.080079,-0.008108,0.056904,-0.026413,0.003474,0.148482
-0.042820,0.005252,-0.027017,0.040740,-0.005656,0.012804,-0.006554,-0.009088,-0.008150,0.019218,-0.002339,-0.018996,0.011785,-0.010392,-0.000249,0.003398,-0.002436,-0.022524,0.003037,-0.025778,-0.072022,-0.004208,-0.013565,-0.003754,-0.067600,-0.013445,-0.000279,-0.001184,-0.016683,0.006983,-0.016608,-0.012809,0.026364,-0.004845,-0.009045,0.016687,-0.032942,-0.005201,0.000724,-0.008010,0.045005,0.009914,0.033982,-0.024191,-0.008774,-0.000805,0.003859,0.015790,0.000087,0.031781,-0.016407,-0.014516,0.015259,0.008531,-0.015046,0.019215,-0.035895,-0.002612,-0.052926,0.048537,0.006547,0.003940,-0.034202,0.001685,-0.044251,-0.004732,0.000986,-0.015698,0.003081,0.000490,-0.046404,0.027403,-0.010641,0.000068,0.034170,0.010958,0.025378,0.000831,-0.011621,-0.002551,0.015741,0.004010,0.014520,-0.020367,-0.002897,-0.005135,0.002958,0.042730,-0.017318,-0.022305,0.003544,0.017666,-0.046220,-0.001564,-0.056408,0.039983,0.039337,0.011475,0.006070,-0.002634,-0.001481,0.017062,0.001553,-0.036663,0.013885,-0.032885,0.013550,0.022525,-0.012537,0.002150,-0.042247,-0.002766,-0.023330,0.000133,-0.003178,-0.006203,-0.003379,-0.003514,0.056632,0.004502,-0.003569,-0.001553,-0.016475,0.001454,0.012821,-0.000549,-0.007594,0.008706
-0.006969,0.002925,0.006330,0.013318,-0.005299,0.018195,0.015504,-0.021662,-0.003076,0.012797,-0.006099,0.001086,0.000824,0.022312,-0.015581,-0.028620,0.035368,0.011730,-0.002690,0.009582,0.009233,0.024486,-0.017583,-0.007692,-0.004366,0.020730,0.019337,-0.009925,-0.003118,0.148147,0.011408,0.002780,0.028627,-0.014564,0.012665,-0.055197,-0.001475,0.002029,-0.939747,0.025179,0.003775,0.014570,0.004998,0.006065,-0.115608,0.002323,0.014706,0.002303,-0.013629,-0.003550,-0.009657,0.007747,-0.006765,-0.010464,0.010681,0.004286,0.003077,0.008883,-0.012761,-0.017321,0.266488,0.018254,0.003651,0.001139,0.020866,0.012351,-0.074554,0.015155,-0.007759,0.013001,0.001831,-0.010002,-0.011285,0.159335,0.007344,0.060609,0.015623,-0.054240,-0.031965,-0.013638,0.004706,-0.018958,-0.030057,-0.009291,0.013756,0.024832,-0.026788,-0.010186,-0.008745,0.011782,0.017007,-0.000728,0.015517,0.024566,0.012243,0.010826,0.005114,0.008403,0.002003,0.008936,0.005141,0.175184,-0.046587,-0.037260,-0.005015,-0.004666,0.016970,-0.000569,-0.025041,0.015855,-0.004707,0.238561,0.001064,-0.011181,0.031846,-0.007572,0.003639,0.000148,-0.004811,0.017573,-0.002074,0.004621,0.005324,-0.070500,0.016652,0.009814,0.031843,-0.092055
-0.025098,0.106228,0.032501,0.057501,0.061629,-0.061067,-0.026688,0.013924,0.044796,-0.032355,0.005215,0.126323,0.001628,-0.014710,-0.015663,0.012718,0.007104,-0.050089,-0.050314,0.002051,0.004121,-0.072106,0.032323,-0.011670,0.119365,-0.002972,-0.040602,0.007324,-0.060862,-0.009080,0.097905,-0.017905,0.050327,-0.027156,-0.090128,0.013646,-0.032788,-0.079005,-0.019896,-0.054046,-0.042889,0.112519,0.096099,-0.005531,0.035489,-0.014983,0.026313,0.025186,0.004035,-0.017756,0.002639,-0.029219,0.035917,-0.036889,0.039432,-0.016101,0.052189,-0.036886,-0.050427,0.142181,-0.011095,-0.076415,0.057285,-0.055473,-0.034044,-0.021349,0.030273,-0.006226,0.028399,-0.036797,0.005967,-0.025946,0.013122,0.011049,0.099977,-0.005672,0.078383,0.044842,-0.013898,-0.006080,0.068763,-0.029617,0.008744,0.013516,-0.083657,-0.015403,-0.017243,-0.012050,0.010464,0.029504,-0.011001,0.092640,0.087894,-0.087934,0.050917,0.000136,0.032316,0.101169,-0.009089,0.035081,0.047229,0.004605,0.057096,0.001010,0.040718,-0.044876,-0.038847,-0.025382,-0.058929,0.072505,-0.021482,-0.035994,-0.045011,0.034588,-0.008962,-0.012897,0.001814,-0.052114,0.007396,-0.010599,-0.049385,-0.013083,0.116099,-0.027595,-0.042814,-0.054526,-0.009530,0.022178
-0.006258,-0.037880,-0.002678,-0.086586,-0.115236,-0.498749,-0.011351,-0.008016,0.032252,-0.061492,0.010609,0.026496,-0.018670,0.007475,0.049013,0.178624,-0.015870,-0.003883,-0.027904,0.001981,-0.015548,-0.056620,-0.047237,0.006308,0.042479,0.460717,0.024141,-0.017487,0.031414,0.106044,-0.015577,0.018225,0.031006,0.028060,0.028642,0.066338,-0.000045,0.066500,0.020263,0.023830,-0.022224,-0.000956,0.021209,-0.020866,-0.017994,0.070355,-0.043074,-0.028606,0.001131,0.011491,-0.014238,-0.015967,0.003067,0.032734,-0.032176,-0.024641,0.002251,-0.052171,0.004577,0.014316,0.041928,0.031814,-0.004652,0.001382,-0.008897,-0.015678,-0.104311,0.003896,-0.068887,0.029626,0.035535,0.037154,-0.031073,0.032707,-0.038630,-0.163740,0.021693,-0.036276,0.012714,0.026112,0.012320,0.056064,0.038359,0.021824,0.041047,0.008804,-0.041559,0.008555,-0.003506,-0.009941,-0.049151,0.016657,0.027740,-0.017529,-0.033566,0.003102,-0.051694,0.050232,0.003387,-0.029304,0.055592,-0.009850,-0.042324,0.020167,-0.021474,-0.027532,0.002410,-0.019850,0.026065,0.019758,0.002678,0.033068,0.018311,0.029112,-0.008999,-0.010890,-0.028880,-0.001340,0.027017,-0.027876,0.020087,-0.080560,0.019672,-0.000521,-0.032925,-0.050650,-0.009252,0.087811
-0.007829,0.008571,0.006284,-0.007465,0.004237,0.018336,0.002549,-0.030470,0.024047,0.005358,0.008359,0.001670,0.006028,-0.006449,-0.199682,0.011785,-0.011936,-0.002087,-0.010301,0.006496,-0.000059,0.080842,0.018321,0.006348,0.005805,-0.047081,0.040367,-0.007338,-0.017773,0.078335,0.019980,0.013759,-0.003330,0.006610,-0.002936,-0.130684,0.000932,-0.000609,0.151640,-0.031933,0.003136,0.004072,0.005794,0.016489,0.185902,-0.026852,-0.016247,0.015406,0.002676,-0.000221,-0.008974,0.023626,-0.004651,0.110950,-0.002816,0.007753,0.008972,-0.053324,-0.009614,-0.009932,0.314435,0.010318,0.012325,0.001113,-0.007334,0.010684,0.231061,0.010543,0.017292,0.179480,0.019249,0.023480,-0.003523,0.171745,-0.018374,-0.000492,0.011014,0.064499,0.021063,0.002742,-0.020619,-0.291097,-0.015739,0.017301,0.264211,0.065371,-0.000120,0.005921,0.017472,0.002191,0.018489,0.018223,0.011334,-0.000450,0.011282,-0.004000,-0.025536,-0.002930,0.019126,-0.013742,-0.037480,0.252828,0.012496,-0.003882,-0.002662,0.002590,0.020403,0.001260,0.032707,0.021628,0.014312,0.145435,0.013846,0.014668,0.010890,-0.040237,-0.026396,-0.001441,-0.000787,-0.014577,0.021455,0.173713,-0.003574,-0.088425,0.008712,0.007373,-0.012538,0.106297
0.043420,-0.020035,-0.025432,0.064422,0.090736,-0.026619,0.071489,0.039209,0.016713,0.012298,0.036501,-0.048905,0.002748,0.030823,0.007449,0.079382,-0.025278,-0.051547,0.018430,0.032857,0.048382,-0.043545,0.044440,-0.008181,-0.029636,0.012308,-0.021616,0.018474,0.129084,-0.005567,0.015280,-0.051792,0.041699,0.031450,-0.041871,0.004129,-0.018573,0.062141,-0.011780,0.021722,0.013574,-0.012387,-0.076540,0.027116,0.012726,-0.016721,0.045844,-0.004173,0.064894,0.007362,0.024678,0.099520,0.002881,-0.017592,-0.029772,0.031463,-0.141573,0.027369,-0.052649,0.003243,0.002199,0.017158,-0.122461,-0.093236,0.000453,0.029107,0.004891,-0.106968,0.017063,-0.002672,0.041384,-0.064541,0.018522,0.004410,-0.112596,0.038384,-0.036258,0.009911,-0.013317,-0.076097,-0.011058,-0.013687,-0.018837,0.090987,0.002425,0.001232,-0.094608,-0.059642,0.042815,0.036220,0.011357,0.000147,-0.139797,-0.017091,0.023845,-0.058129,0.049678,-0.051324,-0.022774,-0.011526,0.020082,-0.011296,0.040747,-0.086243,-0.050636,-0.077228,-0.041121,0.020652,-0.073582,0.011039,0.049417,0.028957,0.018192,0.062864,0.038054,0.014015,0.002374,-0.011060,0.048312,-0.035836,0.020855,0.008953,-0.010162,0.007834,0.111016,0.037274,0.038586,-0.024421
0.020427,-0.032585,-0.024616,0.229603,0.056232,0.078515,0.079698,-0.001613,-0.018419,-0.050274,-0.052823,-0.006067,-0.056275,-0.063896,-0.014440,0.026023,-0.009776,-0.020249,-0.023080,-0.013585,0.057955,0.005298,0.023528,0.108288,-0.071339,0.113884,0.079697,0.013288,-0.027997,0.049510,-0.001586,0.036229,-0.099324,-0.012014,-0.108179,0.075113,-0.049178,-0.124765,-0.004070,0.000856,0.056843,0.054809,-0.005517,-0.040858,0.035849,0.024614,-0.039568,-0.008895,0.080600,-0.000717,0.022137,0.014859,-0.000357,-0.009032,0.006472,-0.022522,0.009077,0.041280,0.050752,-0.041431,-0.001402,-0.050281,-0.032101,0.025213,0.008785,-0.036147,0.018908,0.008190,0.049535,0.020779,0.046194,-0.061624,0.006415,0.032488,0.065020,-0.072800,-0.185724,-0.001046,-0.050280,-0.057088,-0.023294,0.014376,0.036800,-0.031286,-0.072118,0.019986,0.087064,-0.001936,-0.058362,0.006246,-0.032311,0.031335,-0.070921,-0.002488,0.018335,0.071315,0.135603,-0.053918,-0.017253,0.003828,-0.030377,0.031264,-0.019831,0.047624,0.019442,0.134925,-0.047638,0.022439,0.080059,-0.008798,0.024432,0.026490,-0.005951,-0.027936,0.001101,0.007770,0.068769,0.084213,-0.020417,-0.010338,0.052551,-0.009475,-0.106956,-0.025442,0.040738,0.020556,-0.010225,0.058389
0.027714,-0.017139,-0.000631,-0.076956,-0.009839,-0.091746,0.023552,0.008029,0.008149,-0.072688,-0.048837,-0.068179,0.054871,0.017390,-0.013971,-0.056804,-0.006963,0.051382,-0.063703,0.014103,-0.020952,-0.001621,0.046153,-0.040435,-0.029186,0.036908,-0.020180,0.080900,-0.036709,0.021966,-0.022172,0.019413,-0.028261,0.010681,-0.008420,0.052490,0.013289,-0.002668,-0.031696,-0.049745,0.049386,0.048804,-0.073323,0.079681,0.032720,0.051952,-0.019805,0.014526,-0.050668,0.040900,0.013940,0.035487,0.053967,-0.006825,-0.019419,-0.043655,-0.059126,-0.060573,0.010881,0.018023,0.018858,-0.092941,0.039752,0.044876,-0.061583,0.009461,-0.007051,-0.062572,0.020444,-0.004878,0.015541,-0.040430,0.096167,-0.016639,0.053993,-0.039703,-0.032823,-0.021806,-0.013182,0.006137,0.068662,-0.005066,0.043877,0.031910,0.007272,0.010804,0.018954,-0.046619,-0.036203,-0.058161,0.046603,-0.010993,-0.022372,0.006236,-0.011548,0.042319,-0.035828,-0.039047,0.063352,-0.037305,-0.222649,-0.043654,-0.085744,-0.012995,0.026039,0.083971,-0.129095,-0.097493,-0.030120,-0.033938,0.002958,0.018328,-0.045472,-0.011719,-0.023657,-0.033380,0.002765,0.035110,-0.004801,-0.015321,-0.042607,-0.037244,0.072563,-0.014367,0.020974,-0.010053,0.015958,0.065269
0.064075,0.072812,-0.029307,-0.020721,0.007926,-0.020752,0.029118,0.034230,0.063988,0.132218,0.064483,0.031648,-0.059704,-0.018212,-0.067592,0.116133,0.008216,-0.020576,0.007689,0.010873,0.077516,0.063148,0.086811,0.109881,-0.031911,0.015439,-0.327462,0.006255,0.031156,0.013487,-0.011414,-0.033202,-0.003181,0.096341,-0.057889,0.117103,-0.024844,-0.018181,-0.036410,-0.019616,-0.004982,-0.046543,0.032324,0.038727,-0.008130,0.060835,-0.080011,-0.023806,0.094901,-0.008649,0.014406,0.052425,0.077615,-0.056086,0.051873,-0.012181,0.066619,0.064426,0.067448,0.026267,0.035212,-0.023755,-0.037082,0.020856,-0.049633,0.001329,-0.013469,-0.050359,0.055910,0.054947,0.011517,0.017372,-0.019385,-0.105942,0.050056,-0.102660,-0.012120,-0.043541,0.018969,0.084412,0.061209,0.004004,0.051910,-0.016591,0.129093,0.035436,-0.107475,0.039905,0.027058,-0.003210,-0.054606,0.047777,0.074431,0.001050,-0.003391,-0.048282,-0.008010,-0.085665,0.050562,0.051684,-0.213376,-0.041570,0.028131,0.045613,-0.026026,0.082247,0.032213,0.114948,-0.139278,0.011409,0.022951,0.081390,0.050896,0.014300,-0.059387,-0.003431,0.039928,-0.045617,0.000990,0.077311,-0.069843,0.000291,-0.074148,0.002744,0.078376,0.097261,0.031908,0.053417
0.077120,-0.066328,0.054937,0.144870,0.074215,-0.039431,0.113231,0.010866,0.037866,0.063343,0.057652,0.046325,-0.009530,-0.017236,0.019600,0.074783,0.008393,0.018321,0.029917,-0.017122,0.050404,-0.090035,0.099807,0.011020,0.038347,-0.021636,-0.005020,-0.039741,-0.052967,-0.021403,0.086447,-0.044192,-0.052182,0.039401,0.059953,-0.019618,0.026765,-0.010356,0.013783,0.061094,0.009609,0.057566,0.059292,0.023027,-0.033370,-0.012653,-0.038592,0.000488,-0.026334,-0.060270,-0.002717,0.062732,0.057443,0.047176,-0.016221,0.002601,0.005006,0.063405,0.052053,0.021546,0.021111,0.099572,0.023677,0.010464,0.048972,-0.058249,-0.018213,0.051587,0.060051,0.009169,0.005522,-0.094638,-0.023884,0.015339,0.122097,-0.013616,0.025587,0.018845,0.003994,0.016665,-0.048178,-0.000969,-0.049460,0.067461,0.013378,0.035649,0.036609,0.010439,0.011483,0.055744,-0.002944,-0.082034,-0.009176,0.019274,0.058137,0.050609,-0.010300,-0.020935,0.005625,0.053794,-0.024442,0.029427,0.018949,0.085410,0.001178,-0.006773,0.060132,-0.029515,0.076912,-0.008909,0.020880,-0.014147,0.012274,0.027882,0.055235,-0.000305,0.043959,0.042497,0.013407,0.002806,-0.003690,0.023599,-0.067948,0.030456,0.174376,0.045434,0.038134,-0.035311
0.018718,-0.003820,-0.000729,0.009992,0.004744,0.004240,-0.008379,0.024165,0.023917,-0.032387,-0.028025,-0.010652,-0.016697,0.060714,0.154522,0.030622,0.048092,-0.021615,-0.134819,-0.000573,0.008687,0.003657,-0.038266,-0.001250,-0.020055,0.000497,-0.074648,0.036165,-0.005179,-0.031299,-0.023824,0.035795,-0.014309,-0.012554,-0.046870,-0.047523,-0.030136,0.004670,-0.046472,-0.015505,-0.008862,0.016060,-0.021924,0.002747,0.212874,0.219410,-0.038294,0.009172,-0.016020,0.006840,0.019191,-0.016597,-0.019482,0.101756,0.000038,0.000143,-0.016563,0.044285,-0.034250,-0.010356,-0.152245,-0.021636,0.011671,0.019399,-0.016526,-0.016408,0.245553,0.007296,-0.041120,0.199140,0.018807,-0.011170,0.032114,-0.076644,-0.026817,-0.016435,-0.034075,-0.009218,-0.084996,-0.023871,-0.002732,0.403674,-0.114687,-0.012129,0.207664,0.038976,0.014865,0.003674,-0.013654,0.005811,-0.034518,-0.019359,-0.025731,0.007139,0.005933,-0.031822,-0.011948,0.022382,-0.001891,-0.018845,0.021140,0.302225,0.024693,-0.019769,-0.000512,-0.016393,-0.015197,-0.010408,-0.005379,-0.048315,0.004526,-0.155357,0.005646,-0.024066,-0.039732,0.032668,-0.022817,-0.021579,-0.001147,0.009189,-0.010855,0.018311,0.005784,-0.018983,-0.014202,-0.009313,-0.015587,-0.236618
0.028666,-0.021548,0.043180,-0.014826,0.034677,0.025739,-0.022830,-0.095583,-0.025502,-0.023728,0.019411,-0.017296,-0.023172,-0.145998,0.212509,-0.025087,0.115132,-0.016331,-0.030291,-0.023093,0.000585,-0.006876,-0.006803,-0.023456,-0.013231,0.048282,0.269610,-0.020675,-0.010449,0.053586,0.038181,0.040476,-0.028670,-0.022799,-0.037034,-0.091663,-0.017032,-0.020372,0.082832,0.018696,0.000232,0.005592,-0.010787,-0.000669,0.468131,0.169853,0.000091,0.001684,-0.052028,-0.006290,-0.067865,-0.002627,-0.007435,-0.175602,-0.001004,0.027074,-0.017823,0.060328,0.009766,0.005542,0.418420,0.013796,-0.009721,-0.020826,-0.006393,-0.014192,-0.297874,0.027286,-0.003236,0.265881,-0.013496,-0.024341,-0.033767,-0.162873,-0.014937,0.166732,0.002750,-0.175676,0.019473,-0.017584,-0.012339,-0.040332,0.111567,0.018146,0.171322,0.118883,-0.010872,-0.016078,0.020179,0.016354,0.001806,-0.057229,-0.019273,-0.011754,0.020060,-0.007778,-0.009923,0.006248,0.019602,-0.013305,0.025569,-0.095340,-0.014476,0.055852,-0.025171,-0.002947,0.025001,-0.033208,0.062854,-0.011104,-0.021933,-0.015839,-0.012178,-0.034792,-0.036267,-0.062027,0.005628,0.008763,0.000153,0.004568,0.030156,-0.036882,-0.019215,0.052066,-0.010708,-0.018583,-0.046361,-0.035881
0.011327,0.011288,-0.131736,0.154822,0.079439,0.018828,0.038156,-0.018662,0.020204,0.000313,0.037767,-0.008332,0.020754,-0.026422,0.007289,0.047092,-0.022652,0.007571,-0.021421,-0.089846,0.105011,-0.014431,0.041522,-0.002832,0.009903,0.042595,-0.040064,0.016299,-0.019993,-0.011144,0.066446,-0.034094,-0.171597,-0.001113,-0.131200,-0.007581,0.004526,0.003909,-0.009948,0.010909,-0.028709,0.090436,-0.048189,-0.053453,-0.010367,-0.016555,-0.042070,-0.013436,-0.024413,0.036858,-0.010361,0.002493,-0.001102,0.003836,-0.008170,-0.050531,-0.070028,0.088689,-0.010323,-0.030718,0.025544,0.007204,-0.038466,-0.001393,0.046276,-0.103146,-0.016057,0.018068,-0.023019,-0.016936,-0.003353,-0.133022,-0.040185,0.033836,-0.020000,-0.013714,-0.056315,0.028200,0.004989,-0.011612,0.059630,-0.015996,-0.029485,-0.009958,-0.017056,-0.025292,-0.077589,0.003167,-0.089595,-0.009855,-0.010199,0.017668,-0.043892,-0.005634,0.030969,0.031833,0.062161,0.014679,0.011015,0.039176,-0.076189,0.014942,-0.021554,-0.047179,-0.015227,-0.014354,-0.000020,0.016809,0.030679,0.018697,-0.000780,-0.003185,-0.016376,0.010319,0.101940,0.001969,-0.039205,-0.019054,-0.043322,0.031591,0.027191,0.023322,0.046820,0.007511,0.103910,-0.069174,-0.010689,-0.040013
-0.049154,-0.017102,0.016045,0.162386,0.019193,-0.005044,0.014964,-0.012442,-0.102182,0.061818,-0.109434,-0.004608,-0.127553,0.004755,-0.059033,0.073441,0.023463,-0.080606,-0.004592,0.000975,-0.113782,-0.045228,0.032074,0.040088,-0.064259,-0.040809,-0.065626,0.021542,0.178937,0.009954,0.039282,0.010240,0.136887,0.030631,0.004369,0.003389,-0.033218,-0.013617,0.014616,0.054224,0.035444,0.037354,-0.031780,0.007133,0.009870,-0.009273,0.049940,0.048615,0.087411,0.008462,-0.025027,-0.030115,0.049849,0.032844,0.042871,-0.053125,-0.050870,-0.000338,0.015140,0.010575,-0.016416,0.001628,0.017316,-0.008497,-0.036093,-0.007663,-0.032038,0.070618,0.045657,0.036255,0.061361,-0.135334,0.064848,0.003393,0.085017,-0.036256,-0.032231,-0.008980,0.006022,0.064697,-0.007441,0.018430,0.063981,-0.008521,0.015535,0.026871,0.046927,-0.020092,0.103744,0.002446,0.034785,-0.035337,-0.066450,-0.014612,0.072092,-0.010557,0.070130,-0.010368,-0.044868,0.021793,0.034094,0.042804,-0.072486,-0.092198,0.061681,0.039541,0.073802,0.067968,-0.011812,0.037742,-0.009922,0.062614,0.046487,0.023737,-0.045041,0.005642,0.076572,-0.026737,0.018911,0.047654,-0.008047,-0.024654,-0.119609,0.012341,-0.058597,0.003772,-0.022251,0.064072
0.120889,-0.067112,0.021780,-0.181297,-0.032135,0.049029,0.083566,0.025646,-0.032155,0.026137,-0.077584,0.026427,-0.064920,-0.043667,0.015410,0.075227,0.014012,0.006836,-0.012610,0.042163,0.029480,-0.025648,-0.068072,0.010900,-0.028216,0.030835,-0.019055,0.036568,0.026137,0.027831,-0.042759,-0.051355,0.022174,0.026620,0.186678,0.056672,0.004373,0.169957,-0.000240,0.053016,0.060331,-0.026657,-0.021141,0.039171,-0.008690,0.020184,-0.011361,-0.019782,0.107798,0.032953,0.022385,0.053566,0.040596,0.038305,-0.053001,0.011437,-0.027637,-0.026534,0.002812,-0.105480,-0.013148,0.026945,0.038682,0.120693,0.000610,0.039477,-0.008613,-0.015106,-0.070304,-0.041344,0.018220,-0.041819,0.023439,-0.006923,-0.022217,-0.005804,0.001169,-0.005050,-0.041911,0.078337,0.063139,-0.009180,0.001672,-0.062344,0.015137,0.006478,0.113024,0.048411,0.038016,-0.036285,0.047662,-0.063973,-0.035361,0.030645,-0.027914,0.008023,-0.156686,0.109888,-0.027226,0.082675,-0.013529,0.006980,0.025518,0.091581,0.033039,-0.064396,-0.050999,0.102717,0.111333,0.035242,0.000156,0.034113,-0.024715,-0.002723,0.027118,-0.011511,-0.031230,-0.005780,-0.008856,-0.004474,-0.009654,-0.008649,-0.093240,-0.014086,0.078700,0.010250,0.020490,0.009465
-0.051530,-0.017190,-0.042633,0.006010,-0.205464,0.008298,0.039656,0.012517,0.077185,0.010043,0.137185,0.096397,0.082798,0.143171,0.015546,-0.080516,0.041259,-0.010244,0.003466,-0.010012,-0.039256,-0.106451,0.133814,-0.052423,0.029789,0.005260,0.008675,0.012155,0.110871,-0.100291,0.257190,-0.052710,0.082111,0.021870,-0.005355,-0.036814,0.023207,-0.030899,-0.007603,0.047701,0.049995,0.056992,-0.041719,-0.038028,-0.002824,0.047475,-0.080238,0.016851,-0.010887,0.033160,-0.017640,-0.008833,0.003692,0.058536,-0.095463,0.014757,-0.027259,-0.016746,0.060524,-0.015475,0.005731,0.022374,0.029617,-0.011139,-0.040329,-0.195938,0.034548,0.036958,0.160485,0.083049,0.058589,-0.035110,0.010080,-0.002434,-0.059887,-0.047276,0.084432,0.045197,-0.072902,0.161997,0.103335,-0.046958,-0.001297,0.015971,-0.064857,-0.041508,0.078067,0.038074,-0.058663,-0.032433,-0.007790,-0.040888,0.016159,0.074456,-0.007702,0.165286,-0.021937,-0.043796,-0.026544,0.017845,-0.020586,0.052790,0.020488,0.185629,0.002677,0.016895,0.012330,-0.021464,-0.008817,0.026379,-0.016096,0.011057,0.040232,-0.058933,0.023801,0.037305,0.054223,0.191257,-0.022986,-0.013961,-0.008521,0.014533,0.045918,0.005894,-0.016498,-0.149313,-0.061762,-0.000962
0.030948,0.040099,0.025561,-0.002916,-0.040853,0.021553,-0.026148,-0.057625,-0.077375,-0.079712,0.001804,-0.019851,0.027776,0.008941,-0.045566,-0.003405,0.028320,0.028373,-0.003219,-0.001579,0.011435,-0.026579,0.023850,0.038461,0.028740,-0.053700,0.018225,-0.010992,0.070361,0.019120,0.025404,0.017951,0.151579,-0.034832,0.021687,0.072368,-0.066438,-0.002542,0.009947,-0.003448,-0.006371,0.007475,-0.000156,0.014152,-0.035250,-0.015406,-0.011724,0.059269,-0.007332,0.035975,-0.073979,0.006543,0.033713,-0.006670,-0.010669,0.030159,-0.032496,0.010529,-0.052154,-0.010175,0.035154,-0.054795,0.028559,0.015328,-0.003795,-0.010324,-0.005556,-0.284834,0.010899,0.008055,-0.026218,-0.026092,-0.019601,-0.044290,0.036458,0.011664,-0.041673,-0.017719,-0.003791,-0.052319,0.017550,0.003075,0.053634,-0.027705,-0.011634,0.051507,0.014722,0.020924,-0.018172,-0.004949,0.006085,0.003662,0.014058,-0.085824,-0.031080,0.012540,0.060371,0.090871,0.054724,-0.000166,0.028370,0.058679,-0.018191,0.017819,0.012191,-0.045764,-0.032741,0.003218,0.033288,-0.066524,0.031741,-0.003567,-0.029222,-0.016892,-0.022921,0.042149,0.024995,0.036102,-0.048479,-0.020713,-0.008430,-0.011206,0.015618,0.028738,0.005817,0.034357,-0.097712,0.049436
0.023985,0.023307,-0.026279,0.014069,-0.113946,-0.091739,-0.023872,0.045090,0.015377,-0.035447,-0.016126,0.015168,0.021058,-0.099325,-0.323963,-0.043750,0.355256,0.003094,0.076941,-0.008381,0.002245,-0.021150,-0.008566,-0.009407,0.014607,0.029094,0.177035,0.052112,0.021173,-0.094969,-0.000784,-0.013248,-0.012247,-0.001043,-0.010642,0.038271,-0.007293,-0.012894,-0.079058,0.001687,-0.018644,0.018903,-0.016377,0.001329,0.159538,-0.104174,-0.008167,-0.001385,-0.010817,-0.006077,0.032342,-0.013566,-0.008311,0.255526,0.009207,-0.002701,-0.008888,0.050750,-0.001199,0.007973,0.009779,-0.016136,0.002826,-0.003454,-0.001941,0.015282,-0.047202,-0.009897,-0.023284,-0.075537,-0.005747,-0.021635,0.071098,-0.041551,-0.013120,-0.035639,-0.006278,0.022171,-0.031099,-0.037859,-0.008904,0.247569,-0.006891,-0.000373,-0.039170,-0.013052,-0.046851,0.007060,0.006026,0.005801,0.291630,0.021122,-0.007666,-0.000657,0.018067,-0.061585,0.001976,0.008459,-0.004411,-0.000300,-0.040223,-0.259270,-0.046401,-0.006196,-0.015930,0.001481,0.002421,-0.004194,0.036639,-0.006689,0.002968,0.003588,0.002624,-0.000168,-0.001973,0.032901,-0.008560,-0.035975,-0.013193,0.023430,0.045911,0.557204,-0.007636,0.156372,-0.007071,-0.006920,-0.091704,0.015408
0.014831,-0.033782,-0.001597,0.006021,0.056353,-0.063305,0.020042,-0.028059,-0.032614,0.008989,-0.044643,-0.005780,0.019910,0.145157,-0.022535,-0.043389,0.013176,-0.032720,0.002331,0.006068,0.006773,-0.029551,-0.000206,-0.019037,-0.038735,0.036789,0.106920,0.001318,-0.000949,-0.051392,-0.023072,0.002140,-0.022121,-0.024658,0.018130,0.174134,-0.025805,0.003419,-0.086656,0.031936,0.010112,-0.007643,0.013825,-0.026949,0.065189,0.110674,0.024268,-0.035627,0.023001,-0.007619,-0.036538,0.005442,0.010080,-0.243039,0.007305,0.024646,-0.023080,-0.018608,-0.005204,-0.001772,-0.129664,0.026935,-0.001468,-0.031201,-0.008261,0.000207,0.384147,0.005520,0.007549,0.022413,-0.018238,-0.025746,-0.005955,0.092529,0.007460,-0.002056,0.021509,0.188537,-0.064453,-0.029146,-0.002354,-0.026355,0.101698,-0.007906,-0.008473,0.065626,0.007148,-0.021112,0.008796,-0.017251,-0.006516,-0.013299,-0.017458,-0.010405,0.000994,0.013949,-0.007892,0.009459,-0.004956,0.017985,0.047298,-0.019958,-0.075214,0.002324,0.000761,-0.003068,0.022450,0.016345,0.007230,-0.004804,-0.017153,0.138711,0.008419,-0.020009,-0.006130,-0.054853,0.026027,0.021351,-0.004997,-0.001469,-0.003726,-0.029920,-0.016140,0.616900,0.008559,0.014487,0.021010,0.114430
-0.040232,0.073261,0.051357,-0.070080,-0.045808,0.058701,-0.072950,0.025289,-0.033652,0.004917,0.138362,0.073912,-0.051984,-0.010442,0.005451,-0.075190,0.014271,0.030839,0.043083,-0.007917,0.124137,0.046829,-0.005448,-0.048941,0.088458,0.065688,-0.007038,0.021103,-0.130006,-0.003206,-0.020607,-0.045256,-0.033162,-0.010010,-0.026374,0.050829,0.055846,-0.082153,0.015714,-0.133873,-0.044369,0.091854,-0.065060,0.002751,-0.061332,-0.020890,-0.032220,-0.004088,-0.107756,0.018763,0.018125,0.048911,0.007954,-0.034624,0.048843,0.053670,-0.020638,0.058886,-0.055139,-0.042782,0.007288,0.056257,0.025442,0.001590,0.045312,-0.100397,0.028100,-0.041387,-0.021927,-0.041247,-0.054899,-0.037839,-0.005710,-0.013663,-0.036680,0.038621,0.083847,0.029915,0.027783,0.022422,-0.003498,0.008843,0.005254,0.092390,0.053404,0.008594,-0.007553,0.053566,-0.051191,0.039843,0.003392,0.078992,0.027074,-0.074812,0.075467,0.009112,-0.032224,0.005115,-0.021012,-0.015130,-0.009934,-0.001977,-0.078704,-0.096711,-0.055282,-0.064372,-0.010963,-0.031066,0.012938,-0.085124,-0.016773,-0.021386,-0.006230,-0.051289,0.051514,-0.018031,-0.091376,0.066674,0.038712,0.057388,0.038219,-0.004356,0.018114,-0.022971,0.048017,-0.018211,0.019518,-0.028927
0.050572,-0.106783,0.057758,-0.054724,0.056685,-0.027883,-0.020353,0.007713,0.010084,0.003745,0.016070,0.095118,-0.018939,0.007349,0.006616,0.013107,-0.006412,-0.082089,0.046272,0.126234,-0.047728,-0.007331,-0.003488,-0.047941,-0.003373,-0.009718,-0.003313,-0.012374,0.014129,0.049516,0.029633,-0.038014,0.057868,0.025222,0.035536,0.005567,0.008423,-0.085406,-0.025809,-0.056094,-0.041511,-0.051784,0.019114,0.020693,0.004656,0.011571,-0.015673,-0.021938,0.052867,-0.179030,-0.004366,-0.002595,-0.058998,0.027617,0.003204,0.015397,0.043168,-0.046697,0.074796,0.051438,-0.020124,-0.002313,0.006789,-0.065972,-0.062855,-0.014532,-0.027114,-0.061950,-0.048687,-0.009783,0.003462,0.007449,-0.000199,0.014655,0.039198,-0.008031,0.064798,0.041552,-0.027210,-0.081193,-0.108286,-0.003024,-0.006776,0.135496,-0.014331,-0.007967,-0.027903,-0.039254,0.053530,-0.020787,-0.038532,-0.116010,0.060790,-0.015392,0.031098,-0.022444,0.055028,-0.004639,0.016673,0.025780,-0.001366,-0.008991,0.034077,0.067620,0.014457,0.065256,-0.054419,0.010978,0.092324,-0.000062,0.030163,-0.011774,0.014679,0.023518,-0.005454,0.006143,0.075746,0.015057,0.021260,-0.013915,0.008871,-0.011316,0.042441,-0.014950,-0.100064,-0.002841,-0.014622,-0.004666
0.023365,0.017164,-0.011583,0.048070,-0.004147,-0.042525,0.058295,0.004677,0.036411,0.023345,-0.022806,-0.014927,-0.075439,0.010245,-0.010537,-0.104818,0.031258,0.087229,-0.033310,0.018287,-0.053552,0.141167,0.085068,0.000463,0.026047,-0.016994,0.069151,0.005262,0.197863,-0.003098,0.106023,0.031472,0.164762,-0.010862,0.007975,0.010233,-0.017513,0.000739,0.067218,0.044642,-0.009143,0.022412,0.075241,0.016407,-0.012766,0.036217,0.009961,0.008554,-0.036679,0.037157,0.011277,0.017846,0.044252,0.032123,-0.040495,0.000514,0.040505,-0.023622,0.015877,-0.049198,0.030663,0.082275,-0.013321,0.016190,0.043734,0.045542,-0.004796,-0.025573,0.085566,0.018523,-0.021325,0.036611,-0.012253,0.050827,0.071022,-0.014689,0.038010,0.021601,0.057880,-0.104381,0.025075,-0.018720,-0.010996,-0.017137,-0.002726,-0.009479,-0.072949,-0.018199,-0.003180,-0.000223,0.001275,0.008385,0.073048,-0.023148,-0.083140,-0.012233,-0.015355,-0.067249,0.038041,0.055260,-0.020245,0.030018,-0.026746,-0.059267,-0.034608,0.021575,0.212023,-0.045311,0.043759,0.014171,0.017711,-0.066890,0.046746,-0.023299,0.025604,0.005613,0.029946,0.020091,0.052153,-0.008450,0.078059,0.020794,-0.042132,0.056871,0.037932,0.081590,-0.078402,-0.011808
-0.019545,-0.005593,0.043078,0.013034,0.054422,0.010588,0.019026,0.123559,0.009457,-0.007810,0.035248,0.003951,-0.029122,-0.042444,0.045335,-0.042268,0.053624,0.005412,-0.062078,0.015880,-0.010220,0.004307,-0.005852,-0.001426,0.019420,0.019833,-0.164107,0.055303,-0.023974,0.096347,0.009863,0.035256,-0.006875,0.005983,0.041888,0.012216,0.015336,-0.006119,0.045951,0.012085,0.015694,-0.004011,0.005836,0.007209,0.040036,-0.014866,0.025769,0.000868,0.004720,-0.000662,0.099609,0.006241,0.001141,0.078838,-0.006571,-0.019383,0.019859,-0.048298,0.008958,-0.019060,0.171197,0.006928,0.019987,0.000738,0.051663,0.004916,0.183836,0.016073,0.010701,0.060329,0.034962,0.018633,0.069729,-0.081260,0.012687,-0.018616,-0.012456,0.251832,0.032753,0.018850,-0.001127,0.341398,0.093299,-0.001040,-0.203004,0.032965,0.002868,-0.014367,-0.032492,0.012174,0.079544,-0.007313,0.017770,0.006813,0.004153,0.030771,-0.039053,-0.018039,0.038088,-0.008387,0.003359,0.000870,0.015630,0.007106,-0.041437,0.011577,-0.002013,-0.018566,-0.016114,0.009839,0.013383,0.075695,-0.032944,0.006627,0.049131,-0.017376,-0.019212,-0.006717,-0.011481,-0.020464,-0.010329,0.006576,0.023947,0.023972,0.009763,0.005287,0.039828,0.108718
0.027737,0.130128,0.009193,-0.013076,-0.012050,0.037934,-0.006353,0.044763,0.031607,-0.074571,-0.129412,0.028400,-0.383857,0.030425,0.037486,0.002696,-0.039464,-0.040842,0.041920,0.012893,0.000734,0.019589,0.013268,-0.028842,-0.002440,0.041931,0.060613,0.008713,-0.046917,-0.002324,0.008793,0.070322,0.041680,0.038996,0.030118,-0.043942,0.013721,0.018585,-0.016305,0.066329,-0.004232,0.052191,-0.038028,0.034954,0.052148,-0.008273,0.058046,0.038939,-0.006279,0.061074,-0.002797,0.007051,0.046829,-0.046718,-0.011940,0.025017,-0.010766,-0.018248,-0.091592,0.021650,0.013258,-0.020324,0.030611,0.099748,0.011151,0.037091,0.017027,0.002444,-0.036832,-0.014479,-0.022947,0.070401,0.019986,-0.026162,-0.082564,0.067951,0.031908,-0.011348,-0.045044,-0.096405,0.036106,-0.014779,0.006515,-0.072278,-0.030337,-0.064943,0.125860,0.073638,0.044351,-0.054452,-0.006048,-0.002173,-0.036357,0.004772,-0.051189,0.110090,-0.056468,-0.046722,-0.048079,-0.006920,-0.003126,-0.015946,0.016992,-0.054444,-0.043247,-0.094220,-0.051315,-0.008284,0.056297,0.055740,-0.002874,0.003732,0.018525,0.096012,-0.019682,-0.069231,-0.089766,0.095079,-0.045543,0.068916,-0.058302,0.002022,0.033466,-0.013842,-0.021933,0.051197,-0.119663,-0.064533
0.037277,0.042966,0.049557,0.061864,-0.056054,0.026440,-0.007133,0.012419,0.012699,-0.042963,0.017708,0.156311,0.092904,-0.004578,-0.018005,-0.048031,0.004653,-0.025736,-0.035279,0.131547,0.068598,0.010405,-0.007496,-0.022527,-0.010741,0.040716,-0.029839,0.010513,0.022426,-0.019379,0.044730,-0.016796,-0.018400,-0.079853,0.039125,0.038476,0.117993,-0.047449,-0.010421,-0.002051,-0.026972,-0.051574,0.014056,-0.031092,0.033188,0.032366,0.018237,0.042939,0.051670,0.023465,-0.001782,0.024347,0.029819,-0.016128,-0.016302,0.046537,-0.011540,0.006369,-0.014431,-0.018982,-0.011154,0.006743,0.122420,0.027177,0.016960,-0.054427,0.006876,0.054920,0.060300,-0.008067,0.012731,0.009571,0.007270,0.008139,-0.055006,-0.032734,-0.004899,-0.013040,0.042079,-0.094532,-0.043550,-0.021755,0.016614,-0.026609,-0.039562,-0.012867,-0.019981,0.046312,-0.050267,-0.003908,0.002495,-0.026351,0.025446,-0.035444,-0.009219,0.022716,0.021965,-0.016018,-0.044715,-0.047523,-0.021084,-0.023549,-0.068182,0.001516,-0.087157,-0.023903,-0.080752,0.041369,-0.211691,0.057813,0.003748,0.009181,0.009900,0.087047,-0.110292,-0.016971,-0.059537,-0.029169,0.013982,-0.017100,-0.062918,0.001544,-0.009577,-0.008953,0.010045,-0.025962,-0.023404,0.019642
0.000903,-0.009411,0.001961,0.004823,0.052779,0.055325,0.010652,-0.067415,-0.013121,0.037870,0.034617,0.017790,0.024180,-0.007079,0.233923,-0.014843,0.007078,0.007963,-0.015259,0.035927,0.004296,0.022886,0.029263,0.007714,-0.012155,-0.053768,-0.054049,-0.017084,-0.019368,-0.021444,-0.006708,-0.040515,0.011457,0.004346,0.013824,0.404689,0.020823,-0.000798,-0.008942,-0.001308,0.010127,-0.008981,0.009750,0.029275,0.151971,0.137330,-0.007247,0.007294,0.015411,0.004104,-0.015529,0.007150,0.001475,0.188659,0.008683,-0.010277,0.020340,0.051633,-0.001998,-0.001330,-0.297616,0.013086,0.016529,0.004166,-0.008066,-0.002878,-0.023760,0.015515,0.010220,-0.043222,0.003829,0.002983,-0.004190,0.321808,0.027812,0.004014,0.005294,-0.172999,0.029805,0.027987,-0.004914,-0.154653,-0.026933,0.011125,0.290895,-0.063034,-0.002987,-0.005696,0.005397,0.001231,0.009271,0.022729,0.024839,0.012687,0.005975,-0.028626,0.011072,0.031907,-0.000120,0.003311,-0.004856,-0.027558,0.023786,-0.015936,0.008038,0.015956,0.018559,-0.002281,-0.040535,-0.000794,0.002345,0.091679,-0.004989,0.004361,-0.020439,-0.044675,0.014817,-0.026697,0.021499,-0.008144,-0.019456,0.132064,-0.014371,-0.126036,-0.004283,0.009182,0.014281,0.013781
0.022992,0.141257,0.017997,0.016702,-0.045133,-0.038494,-0.016796,0.050868,-0.011172,0.008532,-0.158506,-0.029330,0.019135,0.000862,0.081492,-0.022131,0.040640,-0.028247,-0.031723,0.025059,0.004199,-0.036415,0.107238,-0.033037,-0.007437,0.013124,0.093825,-0.010494,-0.001047,-0.038487,-0.008437,0.071671,-0.027785,0.040983,-0.032251,-0.024362,0.037234,-0.008395,0.017136,-0.079990,0.016152,-0.024784,-0.015946,0.035966,-0.050250,0.029290,0.074786,0.024270,-0.050551,-0.047947,0.060242,0.028299,0.016404,-0.001401,-0.030169,0.000575,-0.008045,0.003431,-0.033586,-0.037561,-0.012154,0.037691,-0.043710,0.093601,-0.005198,0.066048,0.005554,-0.038851,0.202352,0.036268,-0.037269,0.020226,0.005282,-0.028393,-0.027520,0.010248,0.033046,-0.090865,0.123419,0.054673,-0.062549,0.012788,-0.013157,-0.020264,0.022777,0.011993,-0.189446,0.035496,-0.005729,-0.017059,-0.009460,0.117291,0.036934,-0.000627,-0.041341,0.112658,0.019243,0.056137,0.023180,0.047524,-0.128473,0.030441,0.487244,0.030317,0.008044,-0.093735,-0.004103,-0.065570,0.103098,0.004673,-0.006970,-0.029900,0.047208,0.121600,-0.032788,-0.017232,-0.019352,0.215372,0.001999,-0.024057,0.054692,0.036923,0.062176,0.017533,-0.008446,0.012037,0.013093,-0.045403
-0.007132,-0.002969,0.009587,-0.002738,-0.032158,-0.011125,0.013249,0.022478,-0.027803,-0.000029,0.031846,-0.023041,-0.025445,-0.114341,0.183332,0.025614,0.007799,-0.002725,-0.047955,-0.022244,-0.015512,0.081181,0.017889,0.002900,-0.031497,-0.004343,-0.022723,0.085333,-0.015662,0.057404,0.044889,-0.017951,0.023775,0.007619,0.019924,-0.010705,-0.017768,0.011665,-0.036301,0.026328,-0.001414,-0.010130,0.013629,-0.013250,0.136347,-0.308416,-0.045278,-0.021418,0.018410,0.005471,-0.013110,0.000691,0.014472,0.316135,-0.020695,0.019991,0.001681,0.003983,0.009933,0.020450,0.133075,0.019535,-0.030245,-0.001482,0.002820,-0.055920,0.109895,-0.011302,0.011804,-0.202434,0.014284,0.028897,0.114418,0.214977,-0.001598,-0.014191,0.003923,0.075255,0.007324,0.018263,0.007700,0.297374,0.042839,-0.000156,0.076163,0.033715,-0.007822,0.004334,0.026892,0.019391,0.117021,-0.021908,0.006769,0.003349,-0.007997,0.026515,0.004595,-0.016829,-0.019818,-0.000699,-0.036186,0.036824,0.035783,0.020435,-0.002828,0.007965,0.012086,0.001466,-0.015117,0.024802,-0.003371,-0.208688,0.012836,0.005221,0.019589,-0.100371,0.016410,0.017081,0.011791,-0.000852,-0.008837,-0.024317,-0.015983,-0.267792,-0.019604,-0.003044,-0.032953,0.100041
-0.000608,0.012845,0.022425,-0.109032,0.004848,0.008030,0.020787,0.182859,-0.012023,0.036284,0.021751,0.018687,0.000001,0.017950,-0.026856,0.090195,0.030239,0.040514,0.012586,0.000494,0.005196,-0.015185,0.058873,0.016667,0.068404,-0.049790,0.142422,-0.007691,0.017725,-0.074230,-0.019226,-0.035864,0.037766,0.020847,0.060246,0.062079,0.037317,0.038956,-0.137981,-0.056526,-0.019503,-0.008231,-0.002945,-0.005110,0.074870,0.126738,-0.026230,0.031395,0.057273,0.010401,0.131830,0.021010,0.030676,0.067461,-0.001201,-0.012879,0.037293,0.099605,0.019874,0.030799,0.035759,0.039877,-0.006213,0.013254,0.003821,-0.006665,0.118660,-0.010147,0.052646,0.023182,0.040583,0.023101,-0.007866,-0.026751,-0.009571,-0.000678,0.015302,0.076390,-0.022271,0.072647,-0.043533,-0.113634,-0.023949,0.006311,0.040146,0.048615,-0.018938,0.024139,0.052228,0.040618,0.005056,0.053137,0.049664,-0.006506,0.024279,0.062676,0.010680,0.054523,-0.024354,0.003812,-0.021360,0.064259,0.120363,0.028979,-0.002979,0.013309,0.025655,0.060898,-0.042965,-0.006055,0.017430,-0.077506,0.012552,0.029386,0.000716,0.031363,-0.000058,0.107895,0.019310,-0.007542,0.006075,0.092003,0.015463,0.126124,0.023768,0.007363,0.079306,0.030400
0.086089,0.026867,-0.001358,0.047898,0.156978,0.082718,-0.028049,0.012316,-0.003692,-0.010788,0.071885,-0.028627,-0.078152,-0.021194,0.039439,-0.590034,-0.045995,-0.021727,0.029077,-0.006347,-0.011424,-0.026665,0.073211,0.032277,0.023704,0.122952,0.067997,-0.014804,0.050191,0.068412,-0.026796,-0.039503,0.039022,0.017864,0.010362,0.086490,-0.001923,0.012196,-0.036381,-0.000788,0.001255,-0.058721,-0.028214,0.007489,0.020688,0.023031,-0.020426,0.007940,-0.031958,0.011986,-0.002964,0.001993,0.018953,-0.015639,0.003363,0.001286,0.015248,0.003540,0.128213,0.018979,-0.025403,-0.046903,-0.022051,0.066247,-0.009369,-0.025127,0.044673,-0.028008,0.040027,-0.021990,-0.012359,0.041530,-0.023554,0.031161,-0.034290,0.035316,-0.070052,-0.015181,-0.023329,0.216766,-0.019351,0.024494,0.014002,0.008331,-0.051631,-0.052128,-0.079173,0.057748,0.011590,-0.028043,0.029708,-0.027674,-0.002283,-0.022064,-0.012832,-0.056385,0.079306,0.069804,-0.007431,-0.049258,-0.103757,0.046310,0.085676,0.154254,0.012531,0.065964,-0.024600,-0.023993,0.021110,0.009908,0.002127,-0.011835,0.061290,-0.014375,-0.083539,0.003763,0.020438,-0.043287,0.021382,0.034111,0.014240,-0.073734,-0.040140,-0.052900,-0.010205,-0.054619,0.030188,0.093380
-0.041620,0.044483,0.004479,-0.008318,0.040289,0.084419,0.056389,-0.009155,0.055899,0.093481,-0.033374,0.010227,-0.036991,-0.004868,0.012418,0.059231,0.014339,-0.004325,-0.027722,0.012517,-0.025693,0.062756,0.048645,-0.007610,0.071972,0.019837,-0.058403,0.004847,0.022097,0.021974,0.008795,0.043042,0.021329,0.018842,-0.002288,0.040062,0.042779,-0.018984,0.008285,-0.166599,0.006966,0.040058,-0.064315,-0.078198,-0.042817,-0.000709,-0.003197,0.104019,0.003110,-0.008787,0.005376,0.079976,0.019973,0.015067,-0.024809,0.058949,0.043592,0.067436,0.013765,0.022935,0.008336,0.059131,0.029703,-0.107596,-0.051596,0.021376,-0.001011,-0.031712,0.015459,0.028753,0.052866,0.036821,0.033767,-0.042381,-0.040212,-0.020785,0.010889,-0.001209,0.025000,-0.080080,0.088002,0.012332,-0.003812,0.168461,-0.010628,0.023768,0.080311,-0.058598,0.036807,-0.083367,0.012616,0.019319,-0.000538,0.044024,-0.038449,-0.038838,0.003219,-0.039054,-0.045868,-0.007097,-0.015737,0.044796,-0.060686,-0.082511,-0.019982,-0.024213,-0.023144,0.042953,-0.051403,-0.038415,0.135219,-0.023247,-0.006747,0.061265,-0.122693,-0.007696,0.027252,0.050577,0.037491,-0.008274,0.001572,0.013459,-0.055256,-0.025362,0.053866,0.071978,-0.075181,0.003667
-0.026560,-0.000218,-0.000463,0.019947,0.059857,0.071136,0.019158,-0.017099,0.004341,0.029869,0.005680,0.005430,-0.033611,-0.002086,0.101589,-0.078890,0.081504,0.012025,0.019760,0.006287,-0.027484,-0.056556,-0.008158,0.009065,-0.018213,-0.018210,-0.174909,-0.032683,0.021428,0.033157,-0.048577,-0.038299,0.039463,0.012041,-0.014053,-0.026565,-0.000134,-0.037245,0.001126,-0.013289,-0.029626,-0.015690,-0.004711,0.000545,-0.043206,0.125238,0.003445,-0.001563,0.051815,0.020047,-0.016842,0.024464,0.033135,-0.036298,-0.023181,0.005457,0.006964,0.078931,-0.010925,0.011697,0.193372,0.008364,-0.003267,0.027246,0.007379,-0.021373,-0.201429,-0.002554,0.002354,0.034321,0.032432,0.017486,-0.016094,-0.193784,0.027997,-0.282491,-0.010621,0.040755,-0.030004,0.036197,0.013684,-0.037465,-0.499604,-0.023841,-0.011556,0.195865,-0.031432,0.003349,0.074048,-0.019247,0.006035,0.034762,0.009934,0.013636,-0.041221,0.016465,0.053397,-0.027455,-0.103191,-0.002795,-0.003293,-0.100511,0.008781,-0.071438,0.038001,0.007457,-0.024385,0.069177,-0.058880,0.042650,-0.001140,-0.079243,0.003478,0.012124,0.035015,0.074575,0.014275,0.038589,-0.015568,-0.019048,-0.013102,0.099561,-0.007091,0.069032,0.012202,-0.019649,0.153003,0.393300
0.008446,-0.066207,-0.050880,0.053400,-0.002053,0.027645,-0.038044,-0.040407,-0.064757,0.060949,0.118323,-0.006850,0.072208,-0.006745,-0.004524,0.078679,0.007506,-0.022315,0.078813,-0.011348,-0.005727,0.012796,0.042646,-0.021458,-0.017658,-0.013455,-0.000230,-0.000003,-0.057964,-0.015766,0.035160,-0.033664,0.053854,0.011449,-0.045502,0.014265,0.101779,-0.021309,0.004135,-0.017885,-0.070108,-0.018749,-0.048397,0.040286,-0.041370,0.008508,-0.079169,-0.011030,-0.019061,-0.019594,-0.034989,0.003287,0.003760,0.034640,0.044969,0.005611,-0.040771,0.042807,-0.070858,-0.002552,0.005886,0.046370,0.008308,0.049978,-0.029510,-0.050053,-0.021425,0.033229,0.031285,0.003960,-0.019557,-0.009464,-0.034142,-0.005129,-0.031069,0.045794,0.066171,-0.005251,-0.069072,0.098879,-0.033299,0.013521,0.008690,-0.068328,0.093705,0.043023,0.073670,0.044421,-0.032493,-0.003809,0.016997,-0.180056,-0.023025,-0.002470,-0.029183,0.060354,-0.037293,-0.109739,-0.012816,0.034369,0.090401,0.022959,-0.048099,0.004367,0.021474,-0.050350,0.069709,-0.014415,0.088182,-0.016129,0.029912,-0.001216,0.014419,-0.004012,-0.017471,0.009258,-0.050497,0.115000,-0.082445,0.014181,0.059902,0.006200,-0.078958,0.053160,-0.034518,0.034112,0.069900,-0.007647
0.036113,-0.065254,-0.043042,-0.013867,0.024059,0.053184,0.012035,0.013032,0.050544,0.050600,-0.516166,-0.040406,0.026542,0.005111,0.032865,0.054961,-0.003466,0.000751,0.135733,-0.041563,-0.055917,-0.021776,0.073972,-0.015833,-0.007017,0.000147,0.060011,0.006824,-0.013194,0.026944,0.040267,0.022033,0.002246,-0.009093,0.004205,-0.026920,0.026908,0.078954,-0.011044,-0.063606,0.031642,0.019333,0.032652,-0.088878,-0.122347,0.072351,-0.097860,0.040069,0.014492,0.006194,0.038285,0.015625,0.011519,-0.044543,0.046877,0.044356,0.047232,-0.083951,-0.010085,0.007895,0.000627,0.030512,-0.004897,-0.069972,0.046255,-0.087551,-0.007669,-0.022496,0.066612,0.086683,-0.018274,-0.037167,-0.017882,0.000718,0.061509,0.015353,0.051867,0.037647,0.001138,-0.128672,-0.046254,0.018556,-0.002198,0.100774,0.015505,-0.061178,0.070067,-0.024864,0.082785,-0.007353,0.000216,0.003178,0.026372,-0.040958,0.065725,-0.015915,-0.053002,0.112955,0.023011,0.001798,0.037029,-0.098359,-0.075159,0.134293,-0.000907,0.033254,0.031872,-0.032981,-0.030756,-0.042047,0.002582,-0.019705,0.015918,-0.061660,0.038281,-0.033166,0.002732,0.058905,0.075366,0.034407,0.065330,0.041249,-0.018302,-0.147241,0.056980,0.013564,-0.062367,0.015015
-0.005986,-0.034019,0.002023,-0.029461,-0.050662,-0.061446,-0.025216,0.034883,-0.064566,0.019254,-0.019112,0.079451,-0.084403,0.005369,0.023696,-0.068426,0.099470,-0.002207,0.002492,0.036528,-0.083451,-0.004660,0.011987,0.007038,-0.043015,0.033863,0.125994,-0.056369,-0.039168,0.116532,0.018445,-0.012690,0.082805,-0.016378,0.036070,0.063148,-0.017970,0.034426,0.100427,0.016436,-0.045994,-0.005466,0.042039,-0.002954,-0.039641,-0.094795,-0.074563,-0.001083,0.008510,0.019444,0.012996,-0.045709,-0.007789,-0.163145,-0.001748,-0.013969,0.019892,-0.068957,-0.010818,0.026650,0.022563,-0.032423,0.039089,-0.015425,0.030644,-0.092406,0.016569,0.031937,0.019247,0.038301,0.003928,0.050726,-0.038620,0.196068,0.042279,0.146297,-0.031003,0.046123,0.042731,-0.004473,-0.005353,0.158433,0.031983,-0.037366,0.006738,0.018015,0.001372,-0.012916,0.008572,0.017420,0.028387,-0.084848,0.008651,0.002142,-0.019266,0.025843,-0.016499,-0.044022,-0.118414,-0.045940,-0.049226,-0.033477,0.022795,0.015184,0.002191,-0.005598,0.048332,0.023216,-0.120394,0.052300,0.005113,0.036600,-0.002832,-0.036675,0.067896,-0.043944,-0.006224,-0.029191,0.001945,-0.047285,-0.095345,0.089509,-0.087265,0.013416,-0.063177,0.019196,0.051007,-0.004346
-0.071942,0.055417,0.004970,-0.012202,0.140976,-0.035052,0.094772,-0.029762,0.040453,-0.075342,0.200499,0.123377,0.018588,-0.011434,0.061069,0.082293,-0.019251,0.001922,0.106226,-0.018493,-0.013672,0.078080,-0.011874,-0.028755,0.056702,0.051716,0.133282,-0.008565,0.027907,0.040507,-0.099414,0.003767,0.051287,0.008686,0.000742,-0.090465,-0.020898,-0.079447,0.027726,0.030159,0.015464,-0.014285,-0.019808,-0.012229,0.049214,-0.105082,0.015024,0.019626,0.130149,0.068271,-0.014547,0.063561,0.045443,-0.020116,-0.003015,-0.061764,0.005050,0.058430,0.006312,0.021086,-0.013074,-0.066050,-0.013917,0.065469,0.018646,0.028547,0.012237,-0.003559,-0.049700,-0.066624,0.024462,0.062779,-0.074504,0.023219,0.030342,-0.081592,-0.028982,-0.025845,-0.009322,-0.001735,0.007657,-0.009603,-0.052792,0.005182,-0.089412,-0.033519,0.037821,0.075401,0.075420,0.007227,-0.004240,0.156299,0.025602,0.025569,-0.057364,0.083554,0.079661,-0.067920,-0.060544,0.046875,0.154749,0.028427,0.050499,-0.043885,0.076946,0.051755,-0.020036,0.063611,0.026138,0.119949,0.006085,-0.038899,0.030065,0.158473,0.061948,0.012841,0.052435,0.080176,-0.100357,0.000105,-0.001828,0.040330,0.018848,0.024435,0.083463,0.001262,-0.052557,-0.064753
0.021474,-0.017415,0.011226,-0.002595,-0.034475,0.003063,0.005721,-0.003889,0.007513,0.018490,-0.037967,-0.021555,0.006940,-0.014718,-0.145444,-0.050297,0.083627,-0.003888,0.018833,0.008451,0.009008,-0.009712,-0.015370,-0.002278,-0.002357,-0.020240,0.020183,0.033141,-0.018727,0.003989,-0.003818,0.014313,-0.013409,0.000756,0.022165,0.051098,0.008692,0.010577,-0.028714,0.011218,0.024545,-0.010158,-0.020111,0.027053,0.102981,-0.116928,0.021460,0.009198,-0.008502,-0.015349,0.001054,0.023028,0.010767,0.115781,0.004467,0.017857,-0.016072,-0.018159,0.002408,-0.012607,0.043651,0.011644,-0.005392,0.008483,0.002727,-0.008490,0.024163,-0.001312,-0.007538,-0.106220,-0.016558,-0.006769,0.039378,-0.054374,-0.024462,0.048402,-0.005085,-0.001244,-0.009755,0.009074,0.047980,0.115073,0.028028,0.005500,0.006723,0.052351,0.012789,-0.000907,-0.004450,-0.008347,-0.987385,-0.031301,-0.016483,0.015860,-0.003480,0.006075,0.007421,0.028738,0.055991,-0.004618,0.001653,-0.071598,0.001813,-0.023801,0.022747,-0.014718,-0.026820,0.026684,0.018357,0.014354,0.017431,0.024569,-0.008177,-0.009776,0.008343,0.026182,0.000983,0.005750,-0.009978,-0.011649,0.002854,0.183888,0.006358,0.008891,0.030673,-0.002651,0.041039,0.026850
-0.072097,0.086192,0.008962,-0.053194,0.108080,0.077194,0.011169,-0.081008,0.083341,-0.013519,-0.075004,-0.057719,-0.095979,-0.029132,-0.029612,0.094664,0.009398,0.025753,0.006595,0.006706,-0.057701,-0.041393,0.022135,0.089081,0.027499,0.086737,0.062518,0.009485,0.039332,0.002291,0.037363,0.014195,0.054456,0.097244,-0.061373,0.023674,-0.031914,-0.054907,0.018123,-0.016628,-0.021827,-0.026712,-0.025212,-0.002462,0.013582,0.005476,-0.007595,-0.011712,0.045620,0.008130,-0.067971,0.026471,0.027782,-0.011813,0.008926,0.083783,0.054330,-0.079674,0.013144,0.020694,0.000856,-0.006319,-0.101799,-0.009588,-0.062453,-0.029932,0.012498,-0.020820,-0.017194,0.000339,0.000360,-0.021830,-0.017934,-0.031519,-0.049395,0.020795,-0.009376,0.023885,-0.028163,0.100698,0.018119,0.012046,0.023037,0.038593,0.003375,0.034146,-0.035754,0.025826,0.050127,0.048376,-0.020361,0.085035,0.010307,0.053632,0.024107,-0.061539,0.044919,0.169812,-0.052718,-0.092765,-0.089689,0.043130,-0.045681,0.055861,-0.012227,-0.000529,-0.099502,0.009703,0.052385,0.044536,0.038150,0.024417,-0.032449,-0.029620,-0.053403,0.002597,-0.009456,-0.020098,0.060234,-0.093748,0.047643,-0.006740,0.050095,0.006128,0.044521,0.000345,-0.076312,0.055852
0.035188,0.061255,-0.002989,-0.222987,0.062846,0.031376,-0.019050,0.053389,0.031027,0.004718,0.002047,-0.072296,0.169193,0.060962,-0.009466,0.064865,-0.049595,0.033089,0.005767,0.055180,0.001455,0.045148,0.036395,0.000579,-0.054131,-0.056558,-0.009232,-0.028199,0.111859,0.016002,0.011884,-0.108950,0.099595,0.019972,-0.027938,-0.057439,0.017617,0.019927,-0.038476,-0.043073,-0.024467,-0.079221,0.015232,0.010196,0.037994,0.031568,0.012202,-0.066972,-0.018335,-0.004159,0.007725,-0.006314,0.029984,0.101013,0.016586,0.031324,0.047759,0.024635,0.066932,-0.001323,0.051011,0.027993,-0.067320,-0.039054,-0.023869,0.083508,-0.002111,0.012451,0.027636,0.030386,-0.034644,0.112751,-0.039729,-0.021976,-0.023440,-0.040562,0.031291,0.024982,-0.016186,-0.020723,-0.050993,-0.028657,0.010224,-0.030276,-0.066978,-0.086712,-0.021787,0.000255,0.051149,0.025977,0.004849,0.072401,0.096063,0.023544,-0.040247,-0.047183,-0.035365,0.170984,-0.032841,-0.012521,0.061281,0.023251,0.038762,-0.041251,0.018489,0.056471,0.052832,0.012635,0.075563,0.073032,0.000958,0.003229,0.005597,-0.070249,-0.001534,0.049640,0.016892,0.013913,0.072701,-0.039390,-0.011035,0.018748,0.035745,0.060520,-0.012265,-0.046656,-0.080078,-0.066450
-0.020523,0.040206,-0.041323,0.026944,-0.110241,-0.396213,-0.017593,-0.030575,-0.011673,0.005081,0.025968,0.024578,0.026790,0.039497,0.023140,0.121393,-0.033235,0.010443,0.007055,-0.010794,0.018827,-0.018848,0.009337,-0.013316,0.023043,0.375100,0.000703,-0.010189,-0.014856,0.106823,-0.018027,-0.027948,-0.002068,-0.011439,0.033435,0.073774,0.038052,0.030790,-0.002299,-0.046277,0.002085,0.035521,0.018660,-0.022747,0.020953,0.064861,-0.011791,0.019775,-0.003949,0.028464,-0.000043,-0.021511,-0.011548,0.021913,0.011217,0.003843,0.022551,0.023955,-0.056278,0.007037,0.036991,0.021279,0.048599,0.017188,-0.001590,-0.001415,-0.038286,0.034271,0.008016,0.042025,-0.019808,0.012675,-0.018039,-0.007319,0.013208,-0.127394,0.021437,-0.038493,-0.044160,-0.082327,0.003294,0.025625,0.060106,0.019476,0.001088,0.007757,0.046212,0.003885,-0.023937,0.002223,-0.032535,0.003059,0.010783,-0.006760,0.014851,-0.018400,-0.004279,-0.016490,0.000364,0.059688,0.002772,0.004122,-0.045918,-0.074394,-0.003224,-0.001614,0.026519,-0.020650,-0.026757,-0.024119,-0.000772,0.030039,-0.011603,-0.007063,-0.011757,-0.014050,-0.013234,0.005019,-0.015722,0.030960,-0.021617,-0.069766,0.044350,-0.013337,-0.023405,0.010219,-0.066611,0.100984
-0.029256,0.015902,-0.016224,0.007755,0.087035,-0.014628,-0.002155,-0.001217,0.015384,-0.026939,0.046983,0.013002,0.007330,-0.023195,0.013236,0.058154,0.037081,-0.027270,0.022040,-0.020512,-0.026107,0.003573,-0.024239,0.023592,-0.020135,-0.017406,0.042059,-0.027665,-0.014540,-0.014697,-0.003406,-0.010221,0.009982,0.003262,-0.025569,-0.025156,-0.009117,-0.000903,-0.096170,0.027203,-0.002913,-0.000632,-0.031953,-0.003838,0.020266,0.017366,-0.025202,0.006262,-0.011970,0.004823,-0.010893,0.000547,0.008089,0.006679,-0.010247,0.014073,-0.018544,0.025976,0.018305,0.032526,-0.032417,-0.019514,0.022836,-0.006390,-0.003993,0.000114,0.030468,0.035471,-0.006071,0.007115,0.014167,0.024706,-0.022039,-0.004656,-0.007356,-0.019911,-0.017435,0.062118,0.989151,0.028558,0.012980,-0.004876,0.042274,-0.004937,-0.014055,-0.030543,0.247484,-0.015664,-0.041262,-0.021967,-0.018886,-0.000028,-0.027623,0.006945,-0.010475,0.005313,0.000952,0.000633,-0.011925,-0.016495,0.010067,-0.030144,0.008867,0.000770,0.008211,0.027454,-0.034471,-0.006971,-0.013298,-0.020622,-0.004006,-0.012450,-0.001655,-0.002138,0.030824,-0.005557,0.013188,0.028870,-0.001948,-0.005344,-0.004868,-0.000531,0.041739,0.054491,0.006157,0.011913,-0.008268,0.057098
-0.094842,0.059142,-0.060985,0.031073,-0.034133,-0.013737,0.019670,-0.009517,0.051475,0.055081,-0.040349,-0.054240,0.008304,-0.004576,-0.005140,-0.016954,0.011555,0.053215,0.012424,-0.114508,-0.041243,0.083933,0.065687,0.013938,-0.040924,-0.029726,0.013378,0.001311,-0.155133,-0.006652,-0.050632,-0.010463,0.009974,0.005098,0.025878,0.001237,0.047034,0.046401,0.008108,-0.016534,0.021498,-0.021143,-0.027221,0.032846,-0.026627,0.035565,0.020769,0.051620,0.049495,-0.011187,-0.014147,0.027724,0.064574,0.031330,0.006102,-0.000282,-0.004479,0.029318,-0.010355,0.044940,-0.001369,0.044426,0.012310,0.068342,-0.036253,0.049932,-0.035369,0.000872,0.041886,0.012816,-0.065766,0.079906,0.004247,0.013708,0.043764,-0.001820,0.032560,0.013874,-0.002967,0.165490,0.029504,0.026286,0.025513,0.003088,0.028862,0.027692,0.060240,-0.004243,0.048903,-0.025534,0.009724,0.063343,0.020047,0.021076,-0.043337,-0.020190,0.115217,-0.039662,-0.001684,0.033737,-0.010410,0.031995,-0.082576,-0.075547,0.084928,-0.007774,0.037884,0.004627,-0.031207,-0.088570,0.025332,0.013726,0.032292,0.038247,-0.023411,-0.005886,0.037642,0.043813,-0.059721,-0.065031,-0.004401,-0.003490,-0.028234,0.024571,0.038324,-0.099012,-0.004682,0.024500
-0.016382,-0.020369,0.013277,-0.019224,0.053364,0.049918,0.009709,-0.020518,0.023716,0.007816,0.019203,0.068092,-0.079593,0.152572,0.102035,-0.019905,0.048624,0.032229,-0.091548,0.054860,0.007071,0.003021,-0.016777,-0.002755,0.035724,0.026123,0.057284,-0.026275,-0.023402,-0.030117,0.019134,0.052888,0.022897,0.023481,0.068429,0.103843,0.005426,0.021880,0.027958,-0.006985,-0.003598,0.033797,0.000730,0.008010,0.123308,-0.008290,0.009661,0.016801,0.016880,0.003558,-0.007928,-0.005040,-0.016632,0.082405,-0.011220,-0.021798,0.012624,0.087545,-0.010564,0.004784,-0.029244,-0.008421,0.078351,0.001475,0.027922,0.010254,0.066313,0.063442,-0.005133,0.050030,0.069959,0.018207,-0.049303,0.091103,-0.007762,0.020349,0.001912,-0.123320,-0.024156,0.025443,0.014833,-0.118214,-0.051404,0.013326,0.006645,-0.011200,0.039178,0.007638,-0.022341,0.011402,0.022849,-0.000069,-0.001452,0.004147,0.013182,0.014584,-0.007903,0.071636,-0.003708,0.003676,-0.001461,-0.047639,0.004315,0.037953,-0.006125,-0.012846,-0.011587,0.029995,-0.070886,0.011198,0.041397,0.138739,-0.021757,0.019883,0.029261,0.013346,-0.018463,0.002134,-0.005160,-0.001974,-0.061173,0.131970,0.026677,0.253695,0.008721,0.011341,0.011093,-0.150398
-0.055924,-0.001360,0.007587,0.063450,-0.020540,-0.034832,-0.041890,0.049984,0.027083,-0.033049,-0.035644,-0.139888,-0.002074,-0.028918,0.038614,-0.004053,0.017382,0.005513,-0.003258,-0.143182,0.030853,-0.008723,-0.045516,0.010340,-0.013246,0.100125,-0.507183,-0.026789,-0.043861,0.078525,0.021696,0.007658,-0.070795,-0.005800,0.046399,0.060852,-0.031069,0.015638,0.001405,-0.036501,0.012938,0.009743,-0.004526,-0.014309,0.156795,-0.079995,-0.029439,0.025540,-0.063258,-0.003117,0.030409,-0.029623,-0.059787,-0.239062,-0.001687,0.014337,0.009997,0.204210,-0.002017,-0.003869,0.011480,-0.022783,-0.098536,0.009033,-0.032630,-0.067787,-0.042743,-0.082947,-0.013387,0.009262,-0.031542,-0.013406,-0.029850,0.210974,-0.000850,-0.001475,-0.025424,0.054256,0.025618,0.003457,-0.006851,-0.069103,-0.053187,-0.001303,-0.159018,-0.167157,0.015324,-0.005491,0.066734,-0.008177,0.020751,-0.028451,0.019832,0.000432,0.006948,0.022877,0.039015,0.014492,0.030508,-0.047464,-0.017546,-0.063845,0.075836,-0.002099,0.025552,0.013532,-0.009498,-0.118636,0.337801,0.076063,-0.059610,0.067832,0.003137,-0.000818,-0.063194,0.017511,-0.001241,-0.013490,0.009232,0.010751,0.332134,0.211871,0.006854,0.095546,-0.073887,-0.012722,-0.091922,-0.181372
-0.007015,0.013078,0.060679,0.005977,0.112088,-0.015522,-0.008199,-0.033984,-0.034025,0.060665,0.028587,0.041904,-0.003229,0.010076,-0.029966,0.046114,0.026905,-0.018064,0.007983,0.031984,-0.019894,-0.019716,-0.239751,-0.030916,-0.029925,-0.071190,0.030313,-0.029167,0.079723,-0.001186,0.025970,0.033173,0.014185,-0.022942,-0.030802,-0.030967,0.089610,-0.065262,0.014305,-0.013748,0.004030,0.024384,0.059539,0.083715,-0.032976,0.037779,-0.201047,-0.005681,0.006885,0.005640,-0.005177,0.019535,-0.017680,-0.005204,0.049295,0.028477,0.031822,-0.014942,-0.031225,-0.011774,-0.058074,0.080286,0.031950,0.059374,0.000235,-0.079219,0.036748,0.001444,-0.407160,0.031316,-0.041447,-0.020457,-0.024895,-0.036290,0.007879,0.012571,-0.016363,0.034751,0.010269,0.144977,0.054265,0.028228,0.023204,0.013371,0.040070,0.030898,-0.077669,0.004432,0.021525,0.029674,0.031317,0.015160,0.019101,0.011445,0.056961,-0.101231,0.058756,-0.002220,-0.011385,-0.016161,-0.078253,0.026061,0.009668,0.108313,0.021606,-0.070041,0.111751,0.001537,-0.015690,0.011581,-0.061121,0.042608,-0.014046,0.047559,-0.060285,0.018861,-0.019223,0.047880,0.037068,-0.001771,-0.098535,0.013676,0.027648,-0.014033,0.026991,-0.106945,0.001316,-0.030851
-0.036727,0.119075,-0.030484,0.025216,0.050551,0.035583,0.018293,0.001810,-0.005265,0.022720,-0.093397,0.025473,-0.001341,0.010218,-0.007123,0.083967,-0.003675,0.040171,-0.030549,-0.071069,-0.095886,0.011192,-0.005832,-0.054370,0.087703,0.010999,-0.037509,0.014884,-0.003087,0.005134,-0.006749,-0.034517,0.042777,0.063628,-0.069278,0.013906,0.015872,0.023704,-0.013408,0.050589,-0.004178,-0.003829,-0.024377,0.037538,0.001145,0.009875,0.023592,0.013424,0.001195,-0.022180,0.012241,-0.001981,0.060126,-0.005376,-0.071889,-0.008573,-0.105332,-0.019659,0.112387,-0.050172,0.004876,-0.002440,0.009106,-0.062206,-0.023554,0.020702,0.015867,0.016520,-0.070488,-0.004320,-0.022703,0.013359,0.021011,-0.011030,0.009744,0.013862,-0.006220,-0.005254,0.005013,0.008413,-0.027285,-0.008942,0.033436,0.036077,0.008757,-0.033216,-0.090690,-0.036634,-0.014117,-0.053448,0.001918,0.031358,-0.038708,0.047463,-0.089145,-0.022471,-0.053380,-0.006897,-0.047417,-0.000438,-0.065958,0.002001,0.023030,-0.058918,0.020003,0.013198,-0.050325,-0.015394,0.030337,0.167479,-0.004471,0.013487,0.030604,0.107573,-0.035075,-0.002581,0.047532,-0.007064,-0.021129,0.074483,-0.085930,0.018290,-0.037838,0.001981,-0.029750,-0.057155,0.002057,0.018493
-0.039294,-0.047932,0.035527,0.004472,0.034082,0.034969,0.005638,-0.034074,-0.007453,0.047068,0.017826,-0.014109,0.105328,-0.034616,-0.013328,0.084415,0.007542,-0.033438,0.045410,0.031293,-0.069036,0.010457,-0.009413,-0.032509,-0.006542,0.023997,0.008941,0.000752,-0.034818,0.013866,0.008589,0.004499,-0.037397,0.028083,0.045343,-0.012702,0.049953,0.019201,-0.008939,-0.016088,-0.046000,0.002279,-0.029355,0.001361,-0.064636,0.014960,-0.000956,0.012476,-0.014145,-0.033579,-0.016684,0.033180,-0.006871,0.050314,0.003896,0.019195,0.022665,0.129773,0.073601,-0.019155,-0.011204,0.053885,-0.003043,-0.053304,0.043551,-0.005239,-0.060732,0.037375,0.040507,0.015862,0.018753,-0.031855,-0.017456,-0.008131,-0.032706,-0.050704,0.060926,0.000393,-0.003427,0.000547,-0.127996,-0.014401,-0.008746,-0.029200,0.003632,0.076335,0.067077,-0.026134,-0.000719,0.068266,0.017034,-0.108418,-0.033652,0.023533,-0.007852,-0.056929,-0.069025,-0.004487,-0.005028,0.025896,0.116667,0.056977,-0.012976,0.082052,0.002408,0.005927,-0.025615,-0.024153,0.080371,-0.068885,0.016657,-0.053274,0.012507,0.005221,0.000983,0.014711,0.039254,0.042182,-0.010874,0.020345,0.113790,0.005070,-0.029577,0.032125,0.039524,-0.032178,-0.011581,-0.028135
-0.049962,-0.001349,0.008736,0.020139,0.072614,-0.039885,-0.013860,0.034938,0.044557,-0.059235,-0.121675,0.113785,-0.021120,-0.000045,-0.014111,0.046592,-0.003269,0.100135,-0.068841,0.030693,0.035297,0.021332,-0.042953,0.063819,0.068870,-0.109418,0.000825,0.004657,-0.104805,0.037903,0.065164,0.070317,0.014775,0.019279,0.035712,0.043863,0.007561,-0.079061,-0.036131,-0.013964,-0.060230,-0.016733,0.071559,-0.010075,-0.048175,0.016454,-0.051801,0.059655,-0.050074,-0.033441,0.051323,-0.052847,-0.077083,-0.026435,-0.034643,-0.021253,0.149891,0.023040,-0.027123,0.057037,0.007901,-0.049476,0.016944,-0.020752,-0.000894,-0.033274,-0.030427,0.083937,0.014898,0.029416,0.011863,-0.005142,0.009866,-0.010993,0.101017,-0.076121,-0.036119,0.067040,-0.072070,0.019014,-0.015671,-0.020127,0.013997,0.071629,-0.037397,0.062834,-0.056062,-0.007118,-0.002253,0.016955,-0.029542,-0.027356,0.131000,0.039062,-0.038366,-0.045446,0.000764,0.056328,-0.006623,-0.005756,-0.026426,0.027555,0.016802,0.154664,-0.019378,-0.020803,0.016474,-0.027378,-0.079891,-0.047232,0.024199,-0.045887,-0.017854,0.030104,0.028620,0.009307,0.044630,-0.022641,-0.005840,-0.021357,0.084477,0.023145,0.035220,-0.000191,-0.056637,0.060885,-0.091378,-0.006813
0.059512,0.016382,0.019290,-0.089818,-0.165436,-0.106066,0.083316,0.076422,0.009849,0.053222,0.083581,-0.243374,0.055031,-0.072029,-0.041085,-0.135346,0.009711,-0.026752,0.007571,-0.084444,-0.013467,0.042629,0.014659,-0.116771,-0.056868,0.045512,-0.067537,0.028391,0.164658,0.064440,-0.074569,0.010086,0.083199,-0.033232,0.061300,-0.025687,-0.027994,0.125411,0.011580,-0.063434,0.071471,0.005598,-0.058131,0.021414,0.033765,0.059878,0.093957,0.047680,0.028175,-0.042008,0.046591,0.060055,-0.028351,0.030604,0.031896,0.103939,-0.096799,0.055394,0.017407,0.031609,-0.046016,0.109053,-0.052807,-0.044774,-0.013788,0.135217,-0.031471,0.036842,0.009193,-0.015715,0.040039,-0.023771,0.019907,0.053541,-0.136900,0.020555,0.039404,0.045961,0.031981,0.089573,0.050826,-0.018981,-0.000117,0.088649,-0.056849,-0.000123,0.015812,-0.029079,-0.038946,0.054616,0.018333,-0.026295,-0.194063,0.059936,0.098733,-0.029179,0.033100,-0.006322,0.036753,0.055254,-0.021188,0.011953,-0.013033,0.166783,0.031857,-0.018367,0.038268,-0.013410,-0.044476,-0.039036,0.006361,0.043989,0.036214,-0.029645,0.058263,0.010876,-0.020429,-0.026890,0.051808,-0.111888,-0.120252,-0.061854,-0.109681,-0.006826,0.129460,0.052902,0.001076,0.064477
-0.002769,0.099489,0.055746,0.022540,-0.003651,-0.009199,-0.051235,-0.061691,-0.078544,-0.008526,0.081730,0.012476,0.004253,-0.006871,-0.022964,0.031951,-0.007255,-0.009942,0.028708,0.005187,-0.132382,-0.004350,-0.016666,0.011814,0.005427,-0.017917,-0.054785,-0.000128,0.179055,-0.030340,-0.032430,0.085513,0.239749,-0.007492,-0.030738,0.018011,-0.019907,0.017475,-0.021543,-0.009407,-0.026117,-0.014786,0.003256,0.009707,-0.008367,-0.036672,-0.142548,-0.015708,-0.018106,-0.014336,-0.042982,-0.012298,0.022066,-0.002274,-0.018169,0.029150,-0.097205,-0.047909,-0.060820,0.110130,0.020377,-0.053202,-0.017193,-0.016146,0.061162,-0.264371,0.005446,-0.025287,-0.005478,-0.029589,-0.016546,0.105909,-0.029535,0.025283,-0.068551,0.020714,-0.066424,0.018401,-0.038994,-0.080715,-0.000466,-0.001259,0.002509,-0.061223,0.009973,-0.022708,0.034835,0.001470,-0.008645,-0.007193,0.019314,0.070552,-0.049809,-0.026629,-0.003356,0.119345,0.017589,0.032252,0.056409,-0.002679,0.057824,0.048812,0.051203,-0.082134,-0.047824,-0.110456,-0.035766,0.028867,-0.008832,0.072721,-0.015987,0.010946,-0.009979,-0.010104,-0.000921,0.013119,-0.047172,0.074133,0.047889,-0.037632,-0.050399,-0.004215,-0.099746,0.020785,-0.065485,0.046346,0.021215,0.007820
-0.019507,0.017928,-0.021953,-0.049612,0.020122,0.123395,0.048819,-0.029401,0.060842,-0.031564,-0.098229,0.081756,0.122026,-0.031774,-0.116732,-0.043916,0.001974,0.011518,0.063856,0.044882,0.041995,0.029633,-0.026245,-0.009117,0.058346,-0.032717,-0.275820,0.126329,0.014478,-0.096647,-0.023585,0.029633,0.050333,0.010877,0.003140,0.145938,-0.008552,0.016938,0.001370,-0.012457,0.000362,0.058523,0.002863,-0.022562,0.271871,0.026345,0.006632,0.022830,0.067724,-0.015544,-0.010111,-0.022795,-0.006797,-0.250047,-0.051672,-0.072977,-0.001410,-0.075735,-0.022168,-0.009354,0.109817,-0.030113,0.058114,-0.020131,-0.005168,0.019980,-0.196241,0.016719,-0.003142,-0.022402,0.072411,-0.016142,0.092543,0.171504,-0.012951,0.342465,-0.002683,0.004238,0.022435,0.053395,-0.013305,0.278651,-0.157135,0.043462,0.041199,-0.063962,0.101514,0.031709,-0.078712,0.009800,0.010191,0.062848,0.024090,0.010878,-0.013750,0.085809,-0.013968,0.048040,0.021007,0.089047,0.176343,-0.025148,-0.018223,0.029239,-0.021831,-0.049684,0.017322,0.057248,-0.047093,-0.072818,0.030322,0.019789,0.029427,0.068059,-0.012078,0.029877,-0.011796,0.059961,-0.013216,-0.025335,-0.113612,-0.153269,0.041835,0.028067,-0.009707,0.015603,-0.051410,0.156643
